video_id,video_url,video_title,video_duration_s,source,window_index,start_s,end_s,duration_s,window_url,action_label,phase,is_step,confidence,description,ocr_text,has_caption,face_score,text_score,motion,brightness,colorfulness,dominant_colors,keep,filter_reason,validation_flags
-dVj7BYicmQ,https://www.youtube.com/watch?v=-dVj7BYicmQ,Create your own custom-scented candle at The Candle Pour | Taste and See Tampa Bay,99.0,storyboard,9,74.25,82.5,8.25,https://youtu.be/-dVj7BYicmQ?t=74s,cure_cool,assemble,1,0.4,Caption 'Name your candle and wait up to 2 hours for it to set'.,28de CANDUPSVOILLAST EOS,1,0.0,0.202,0.273,0.34,0.173,"#140c08,#563e32,#c5be96",1,,
0gk3NsmJa7k,https://www.youtube.com/watch?v=0gk3NsmJa7k,Make Candles with me | ❄️Winter Wonderland Edition ❄️,794.0,storyboard,1,8.02,16.04,8.02,https://youtu.be/0gk3NsmJa7k?t=8s,cure_cool,assemble,1,0.45,Rows of winter candles setting.,,0,0.0,0.02,0.162,0.465,0.118,"#7d6c57,#b6a57a,#534432",1,,
0gk3NsmJa7k,https://www.youtube.com/watch?v=0gk3NsmJa7k,Make Candles with me | ❄️Winter Wonderland Edition ❄️,794.0,storyboard,9,72.18,80.2,8.02,https://youtu.be/0gk3NsmJa7k?t=72s,cure_cool,assemble,1,0.45,Rows of winter candles setting.,eaet we aa 4,1,0.0,0.183,0.032,0.408,0.123,"#6d5f4e,#a59685,#312722",1,,
0gk3NsmJa7k,https://www.youtube.com/watch?v=0gk3NsmJa7k,Make Candles with me | ❄️Winter Wonderland Edition ❄️,794.0,storyboard,13,104.26,112.28,8.02,https://youtu.be/0gk3NsmJa7k?t=104s,cure_cool,assemble,1,0.45,Rows of winter candles setting.,Fe,0,0.0,0.243,0.124,0.416,0.092,"#473d2e,#7b6e5e,#b7aa9f",1,,
0gk3NsmJa7k,https://www.youtube.com/watch?v=0gk3NsmJa7k,Make Candles with me | ❄️Winter Wonderland Edition ❄️,794.0,storyboard,17,136.34,144.36,8.02,https://youtu.be/0gk3NsmJa7k?t=136s,cure_cool,assemble,1,0.45,Rows of winter candles setting.,an ee Ae ae eS AS2S 2 Sa,1,0.0,0.309,0.118,0.426,0.116,"#7f7154,#4d4128,#bbaa9a",1,,
0gk3NsmJa7k,https://www.youtube.com/watch?v=0gk3NsmJa7k,Make Candles with me | ❄️Winter Wonderland Edition ❄️,794.0,storyboard,21,168.42,176.44,8.02,https://youtu.be/0gk3NsmJa7k?t=168s,cure_cool,assemble,1,0.45,Rows of winter candles setting.,mas 6 6 Ct ee 2 7 Yd he,1,0.0,0.227,0.166,0.451,0.172,"#504d41,#b5a69a,#4d84b1",1,,
0gk3NsmJa7k,https://www.youtube.com/watch?v=0gk3NsmJa7k,Make Candles with me | ❄️Winter Wonderland Edition ❄️,794.0,storyboard,42,336.85,344.87,8.02,https://youtu.be/0gk3NsmJa7k?t=337s,cure_cool,assemble,1,0.5,Rows of winter candles setting.,7 dl,0,0.0,0.137,0.056,0.514,0.058,"#c7b8a9,#544c3e,#877b6d",1,,
0gk3NsmJa7k,https://www.youtube.com/watch?v=0gk3NsmJa7k,Make Candles with me | ❄️Winter Wonderland Edition ❄️,794.0,storyboard,43,344.87,352.89,8.02,https://youtu.be/0gk3NsmJa7k?t=345s,cure_cool,assemble,1,0.5,Rows of winter candles setting.,7 .2,0,0.0,0.096,0.049,0.51,0.059,"#c6b7a8,#524a3a,#877b6e",1,,
0gk3NsmJa7k,https://www.youtube.com/watch?v=0gk3NsmJa7k,Make Candles with me | ❄️Winter Wonderland Edition ❄️,794.0,storyboard,44,352.89,360.91,8.02,https://youtu.be/0gk3NsmJa7k?t=353s,cure_cool,assemble,1,0.5,Rows of winter candles setting.,7 ne YI Se Ae,1,0.0,0.061,0.032,0.53,0.052,"#c9baac,#82766a,#4f4739",1,,
0gk3NsmJa7k,https://www.youtube.com/watch?v=0gk3NsmJa7k,Make Candles with me | ❄️Winter Wonderland Edition ❄️,794.0,storyboard,45,360.91,368.93,8.02,https://youtu.be/0gk3NsmJa7k?t=361s,cure_cool,assemble,1,0.5,Rows of winter candles setting.,et ae re,1,0.0,0.106,0.0,0.527,0.055,"#cabaad,#50473a,#877a6d",1,,
0gk3NsmJa7k,https://www.youtube.com/watch?v=0gk3NsmJa7k,Make Candles with me | ❄️Winter Wonderland Edition ❄️,794.0,storyboard,46,368.93,376.95,8.02,https://youtu.be/0gk3NsmJa7k?t=369s,cure_cool,assemble,1,0.5,Decorating the candle tops with pine sprigs / botanicals.,,0,0.0,0.069,0.015,0.524,0.055,"#564c3f,#ccbdaf,#948578",1,,
0gk3NsmJa7k,https://www.youtube.com/watch?v=0gk3NsmJa7k,Make Candles with me | ❄️Winter Wonderland Edition ❄️,794.0,storyboard,47,376.95,384.97,8.02,https://youtu.be/0gk3NsmJa7k?t=377s,cure_cool,assemble,1,0.5,Rows of winter candles setting.,Mere Pee,1,0.0,0.111,0.194,0.48,0.059,"#827265,#53493e,#bbab9e",1,,
0gk3NsmJa7k,https://www.youtube.com/watch?v=0gk3NsmJa7k,Make Candles with me | ❄️Winter Wonderland Edition ❄️,794.0,storyboard,48,384.97,392.99,8.02,https://youtu.be/0gk3NsmJa7k?t=385s,cure_cool,assemble,1,0.5,Rows of winter candles setting.,2 Sale eS ii ae fe,1,0.0,0.201,0.072,0.446,0.069,"#564a3b,#8a7c6e,#c3b3a4",1,,
0gk3NsmJa7k,https://www.youtube.com/watch?v=0gk3NsmJa7k,Make Candles with me | ❄️Winter Wonderland Edition ❄️,794.0,storyboard,49,392.99,401.01,8.02,https://youtu.be/0gk3NsmJa7k?t=393s,cure_cool,assemble,1,0.5,Rows of winter candles setting.,eit,0,0.0,0.103,0.0,0.438,0.096,"#5d4f41,#8d7869,#bbaca1",1,,
0gk3NsmJa7k,https://www.youtube.com/watch?v=0gk3NsmJa7k,Make Candles with me | ❄️Winter Wonderland Edition ❄️,794.0,storyboard,52,417.05,425.07,8.02,https://youtu.be/0gk3NsmJa7k?t=417s,cure_cool,assemble,1,0.5,Rows of winter candles setting.,Por eT,0,0.0,0.161,0.046,0.422,0.076,"#524736,#857868,#c6b6a8",1,,
0gk3NsmJa7k,https://www.youtube.com/watch?v=0gk3NsmJa7k,Make Candles with me | ❄️Winter Wonderland Edition ❄️,794.0,storyboard,53,425.07,433.09,8.02,https://youtu.be/0gk3NsmJa7k?t=425s,cure_cool,assemble,1,0.5,Rows of winter candles setting.,ENS Spat Seas,1,0.0,0.151,0.0,0.435,0.073,"#524839,#837568,#c4b6a9",1,,
0gk3NsmJa7k,https://www.youtube.com/watch?v=0gk3NsmJa7k,Make Candles with me | ❄️Winter Wonderland Edition ❄️,794.0,storyboard,54,433.09,441.11,8.02,https://youtu.be/0gk3NsmJa7k?t=433s,cure_cool,assemble,1,0.5,Decorating the candle tops with pine sprigs / botanicals.,ga Le sf are ie ia,1,0.0,0.322,0.06,0.418,0.149,"#746542,#4c4021,#b3a28b",1,,
0gk3NsmJa7k,https://www.youtube.com/watch?v=0gk3NsmJa7k,Make Candles with me | ❄️Winter Wonderland Edition ❄️,794.0,storyboard,55,441.11,449.13,8.02,https://youtu.be/0gk3NsmJa7k?t=441s,cure_cool,assemble,1,0.5,Rows of winter candles setting.,ee ee sS Sl tr. ae at he mae wg,1,0.0,0.232,0.034,0.424,0.15,"#7d6d49,#54482a,#b6a68e",1,,
0gk3NsmJa7k,https://www.youtube.com/watch?v=0gk3NsmJa7k,Make Candles with me | ❄️Winter Wonderland Edition ❄️,794.0,storyboard,56,449.13,457.15,8.02,https://youtu.be/0gk3NsmJa7k?t=449s,cure_cool,assemble,1,0.5,Rows of winter candles setting.,Ne 4 SAT Ta. ae wy aa ae 3 7,1,0.0,0.267,0.043,0.422,0.151,"#7e6f4c,#53482b,#b7a78d",1,,
0gk3NsmJa7k,https://www.youtube.com/watch?v=0gk3NsmJa7k,Make Candles with me | ❄️Winter Wonderland Edition ❄️,794.0,storyboard,57,457.15,465.17,8.02,https://youtu.be/0gk3NsmJa7k?t=457s,cure_cool,assemble,1,0.5,Rows of winter candles setting.,7 Se SLL sf 7 ae ls at 7 jae ee cone ee,1,0.0,0.185,0.051,0.417,0.147,"#7b6d48,#4e4428,#ac9e80",1,,
0gk3NsmJa7k,https://www.youtube.com/watch?v=0gk3NsmJa7k,Make Candles with me | ❄️Winter Wonderland Edition ❄️,794.0,storyboard,59,473.19,481.21,8.02,https://youtu.be/0gk3NsmJa7k?t=473s,cure_cool,assemble,1,0.5,Rows of winter candles setting.,aa hig oe ne or pe fi 7 all 7 on 1 Po Pe APS 7 Vebios yo 7 7,1,0.0,0.232,0.062,0.415,0.148,"#7f7049,#51452a,#b7a78d",1,,
0gk3NsmJa7k,https://www.youtube.com/watch?v=0gk3NsmJa7k,Make Candles with me | ❄️Winter Wonderland Edition ❄️,794.0,storyboard,60,481.21,489.23,8.02,https://youtu.be/0gk3NsmJa7k?t=481s,cure_cool,assemble,1,0.5,Rows of winter candles setting.,ar pt Tin,1,0.0,0.132,0.035,0.488,0.08,"#beaca2,#7b6c5d,#42352a",1,,
0gk3NsmJa7k,https://www.youtube.com/watch?v=0gk3NsmJa7k,Make Candles with me | ❄️Winter Wonderland Edition ❄️,794.0,storyboard,61,489.23,497.25,8.02,https://youtu.be/0gk3NsmJa7k?t=489s,cure_cool,assemble,1,0.5,Rows of winter candles setting.,Fa Pt Ie ee ae ae fae on en,1,0.0,0.138,0.044,0.485,0.081,"#beada3,#7c6e5f,#41342a",1,,
0gk3NsmJa7k,https://www.youtube.com/watch?v=0gk3NsmJa7k,Make Candles with me | ❄️Winter Wonderland Edition ❄️,794.0,storyboard,63,505.27,513.29,8.02,https://youtu.be/0gk3NsmJa7k?t=505s,cure_cool,assemble,1,0.5,Rows of winter candles setting.,4 se as 23 at 4,1,0.0,0.141,0.053,0.495,0.079,"#c4b3aa,#44372d,#887869",1,,
0gk3NsmJa7k,https://www.youtube.com/watch?v=0gk3NsmJa7k,Make Candles with me | ❄️Winter Wonderland Edition ❄️,794.0,storyboard,64,513.29,521.31,8.02,https://youtu.be/0gk3NsmJa7k?t=513s,cure_cool,assemble,1,0.5,Rows of winter candles setting.,"ast eas, +See wih Pf ae. alge ft ve 3 te",1,0.0,0.155,0.048,0.496,0.078,"#c4b4ab,#88786a,#44382e",1,,
0gk3NsmJa7k,https://www.youtube.com/watch?v=0gk3NsmJa7k,Make Candles with me | ❄️Winter Wonderland Edition ❄️,794.0,storyboard,65,521.31,529.33,8.02,https://youtu.be/0gk3NsmJa7k?t=521s,cure_cool,assemble,1,0.5,Decorating the candle tops with pine sprigs / botanicals.,"rs yt oe FS 7 eR%, ot aie SAM vs Sane ee 4 Ss Sud ous Jet. 4",1,0.0,0.154,0.027,0.51,0.074,"#c6b6ad,#877769,#463a2f",1,,
0gk3NsmJa7k,https://www.youtube.com/watch?v=0gk3NsmJa7k,Make Candles with me | ❄️Winter Wonderland Edition ❄️,794.0,storyboard,67,537.35,545.37,8.02,https://youtu.be/0gk3NsmJa7k?t=537s,cure_cool,assemble,1,0.5,Rows of winter candles setting.,FE re soe OS at ae aa ae,1,0.0,0.125,0.024,0.508,0.075,"#c5b5ab,#847466,#42372c",1,,
0gk3NsmJa7k,https://www.youtube.com/watch?v=0gk3NsmJa7k,Make Candles with me | ❄️Winter Wonderland Edition ❄️,794.0,storyboard,68,545.37,553.39,8.02,https://youtu.be/0gk3NsmJa7k?t=545s,cure_cool,assemble,1,0.5,Decorating the candle tops with pine sprigs / botanicals.,Se ES oft rs avin Band AS in 9,1,0.0,0.163,0.062,0.493,0.075,"#c7b7ae,#88786a,#45392d",1,,
0gk3NsmJa7k,https://www.youtube.com/watch?v=0gk3NsmJa7k,Make Candles with me | ❄️Winter Wonderland Edition ❄️,794.0,storyboard,69,553.39,561.41,8.02,https://youtu.be/0gk3NsmJa7k?t=553s,cure_cool,assemble,1,0.5,Rows of winter candles setting.,ee Br oft oa Ad ee ee se 2 4 oo me ae,1,0.0,0.11,0.034,0.507,0.075,"#c5b4ab,#827365,#43372d",1,,
0tS8V3Gj9C0,https://www.youtube.com/watch?v=0tS8V3Gj9C0,"make 1000 candles with me | balancing work & life, browsing markets, small business vlog",845.0,storyboard,35,279.01,286.98,7.97,https://youtu.be/0tS8V3Gj9C0?t=279s,cure_cool,assemble,1,0.5,Overhead rows of candle jars setting on the shelves.,Sa re dee ee wie aS SoS SE SSS 4 Few 4 Ca OCS Cw Cc,1,0.0,0.192,0.245,0.523,0.052,"#7e7c78,#363532,#d2d5d3",1,,
0tS8V3Gj9C0,https://www.youtube.com/watch?v=0tS8V3Gj9C0,"make 1000 candles with me | balancing work & life, browsing markets, small business vlog",845.0,storyboard,36,286.98,294.95,7.97,https://youtu.be/0tS8V3Gj9C0?t=287s,cure_cool,assemble,1,0.5,Overhead rows of candle jars setting on the shelves.,vy aE gee Pa Css Soi ry Ya CY OooaR,1,0.0,0.209,0.214,0.491,0.06,"#50443f,#928c88,#e0e3e1",1,,
0tS8V3Gj9C0,https://www.youtube.com/watch?v=0tS8V3Gj9C0,"make 1000 candles with me | balancing work & life, browsing markets, small business vlog",845.0,storyboard,41,326.84,334.81,7.97,https://youtu.be/0tS8V3Gj9C0?t=327s,cure_cool,assemble,1,0.5,Overhead rows of candle jars setting on the shelves.,ie he PRE Fe ee pal ae 2 ne as Ber. Sima,1,0.0,0.052,0.052,0.594,0.061,"#89847c,#d3d6d2,#423a36",1,,
0tS8V3Gj9C0,https://www.youtube.com/watch?v=0tS8V3Gj9C0,"make 1000 candles with me | balancing work & life, browsing markets, small business vlog",845.0,storyboard,74,589.91,597.88,7.97,https://youtu.be/0tS8V3Gj9C0?t=590s,cure_cool,assemble,1,0.5,Overhead rows of candle jars setting on the shelves.,5 AM 23 he GE Sg md of Wwer sSie-2 abil ahi Cm TF Ae Ke satire Vt Bs ce Des Rie,1,0.0,0.223,0.091,0.473,0.053,"#797a76,#b5baba,#30312e",1,,
0tS8V3Gj9C0,https://www.youtube.com/watch?v=0tS8V3Gj9C0,"make 1000 candles with me | balancing work & life, browsing markets, small business vlog",845.0,storyboard,75,597.88,605.85,7.97,https://youtu.be/0tS8V3Gj9C0?t=598s,cure_cool,assemble,1,0.5,Overhead rows of candle jars setting on the shelves.,fs 7 yar She ood. ay ee rut. 3,1,0.0,0.153,0.132,0.403,0.054,"#686460,#ada7a6,#1f2224",1,,
0tS8V3Gj9C0,https://www.youtube.com/watch?v=0tS8V3Gj9C0,"make 1000 candles with me | balancing work & life, browsing markets, small business vlog",845.0,storyboard,87,693.54,701.51,7.97,https://youtu.be/0tS8V3Gj9C0?t=694s,cure_cool,assemble,1,0.5,Overhead rows of candle jars setting on the shelves.,Ss ar. yey se ae ad 4 if,1,0.0,0.205,0.202,0.472,0.063,"#787a77,#444641,#a8aeb4",1,,
0tS8V3Gj9C0,https://www.youtube.com/watch?v=0tS8V3Gj9C0,"make 1000 candles with me | balancing work & life, browsing markets, small business vlog",845.0,storyboard,90,717.45,725.42,7.97,https://youtu.be/0tS8V3Gj9C0?t=717s,cure_cool,assemble,1,0.5,Overhead rows of candle jars setting on the shelves.,Fan aaa eo ere oe eee Cc ss ydens,1,0.0,0.089,0.059,0.483,0.079,"#82776e,#a9a9a8,#312d2d",1,,
1NluHw-tnt0,https://www.youtube.com/watch?v=1NluHw-tnt0,Making Witchy Wax Candles - A satisfying & mystical Process of Sculpting with Wax - PATH LAB,538.0,storyboard,6,48.18,56.21,8.03,https://youtu.be/1NluHw-tnt0?t=48s,cure_cool,assemble,1,0.4,Dipped tapers hung to cool between coats.,0 oF 4 ae,1,0.0,0.047,0.454,0.597,0.092,"#dcddd9,#bfbd9a,#58563d",1,,
1NluHw-tnt0,https://www.youtube.com/watch?v=1NluHw-tnt0,Making Witchy Wax Candles - A satisfying & mystical Process of Sculpting with Wax - PATH LAB,538.0,storyboard,9,72.27,80.3,8.03,https://youtu.be/1NluHw-tnt0?t=72s,cure_cool,assemble,1,0.4,Dipped tapers hung to cool between coats.,me if om,1,0.0,0.037,0.0,0.547,0.081,"#cfd2c4,#8a8773,#323229",1,,
1NluHw-tnt0,https://www.youtube.com/watch?v=1NluHw-tnt0,Making Witchy Wax Candles - A satisfying & mystical Process of Sculpting with Wax - PATH LAB,538.0,storyboard,12,96.36,104.39,8.03,https://youtu.be/1NluHw-tnt0?t=96s,cure_cool,assemble,1,0.4,Dipped tapers hung to cool between coats.,Ss one ss VL Oe on RY 4 og,1,0.0,0.081,0.148,0.392,0.075,"#6d6b5b,#2d2e25,#a2a091",1,,
1V3hfxo7OtE,https://www.youtube.com/watch?v=1V3hfxo7OtE,Candle Making | How to Make Scented Candles,508.0,storyboard,48,381.0,388.94,7.94,https://youtu.be/1V3hfxo7OtE?t=381s,cure_cool,assemble,1,0.5,overhead jars on cooling rack,eroe tres Te PE HH ea es oe ee Seas? 3 SSaitt fa 1 maas? fae Se FP Les Sn ki meses. toe crete. rhe pater TEs bectas ESL He Se pee! THEY Bhat: degafit Hae Laie meaet 6 Ys ofthat ie ii jae OL ele,1,0.0,0.035,0.025,0.554,0.044,"#7e786d,#958e82,#b4a999",1,,
1V3hfxo7OtE,https://www.youtube.com/watch?v=1V3hfxo7OtE,Candle Making | How to Make Scented Candles,508.0,storyboard,50,396.88,404.81,7.93,https://youtu.be/1V3hfxo7OtE?t=397s,cure_cool,assemble,1,0.45,"overhead jars cooling, hands",ClSEL SADOSRESRERRERUNEESRORGEND ON wa an te 0 Seed oD tbh: 3 carces ie ff That hi 1 me eit Bi rieeeel te. Fe iy suf thie dase 18 ye 44 open. Be eesti tee ruarrisch 15 Wants ifs se Seger aime ate Bits,1,0.0,0.029,0.063,0.558,0.047,"#868480,#a6a39e,#524e45",1,,
2nxGLwe1Znk,https://www.youtube.com/watch?v=2nxGLwe1Znk,DIY Mason Jar Candles | How to Make Mason Jar Candles,147.0,storyboard,10,81.67,89.83,8.16,https://youtu.be/2nxGLwe1Znk?t=82s,cure_cool,assemble,1,0.4,Caption 'Cool wax fully'; pitcher of wax.,,0,0.0,0.022,0.109,0.825,0.101,"#eeefe8,#2d280d,#bebaad",1,,description references on-screen text but OCR found none
40mkiCY8uMM,https://www.youtube.com/watch?v=40mkiCY8uMM,How To Make Mini 1 Oz. Soy Candles | Fall Scented Sample Candles,583.0,storyboard,46,367.37,375.36,7.99,https://youtu.be/40mkiCY8uMM?t=367s,cure_cool,assemble,1,0.5,Rows of mini candles setting.,ma: os,0,0.0,0.183,0.0,0.442,0.055,"#8a8987,#696056,#202121",1,,
40mkiCY8uMM,https://www.youtube.com/watch?v=40mkiCY8uMM,How To Make Mini 1 Oz. Soy Candles | Fall Scented Sample Candles,583.0,storyboard,47,375.36,383.34,7.98,https://youtu.be/40mkiCY8uMM?t=375s,cure_cool,assemble,1,0.5,Rows of mini candles setting.,eae es Soo,1,0.0,0.171,0.059,0.443,0.065,"#8a8783,#6b5f56,#1f1f1e",1,,
40mkiCY8uMM,https://www.youtube.com/watch?v=40mkiCY8uMM,How To Make Mini 1 Oz. Soy Candles | Fall Scented Sample Candles,583.0,storyboard,48,383.34,391.33,7.99,https://youtu.be/40mkiCY8uMM?t=383s,cure_cool,assemble,1,0.5,Rows of mini candles setting.,aie ER Bre,1,0.0,0.187,0.194,0.468,0.11,"#ada6a5,#887371,#4a3a34",1,,
40mkiCY8uMM,https://www.youtube.com/watch?v=40mkiCY8uMM,How To Make Mini 1 Oz. Soy Candles | Fall Scented Sample Candles,583.0,storyboard,53,423.27,431.26,7.99,https://youtu.be/40mkiCY8uMM?t=423s,cure_cool,assemble,1,0.5,Rows of mini candles setting.,SS oo,0,0.0,0.178,0.0,0.428,0.055,"#878782,#675f54,#1f201d",1,,
40mkiCY8uMM,https://www.youtube.com/watch?v=40mkiCY8uMM,How To Make Mini 1 Oz. Soy Candles | Fall Scented Sample Candles,583.0,storyboard,54,431.26,439.25,7.99,https://youtu.be/40mkiCY8uMM?t=431s,cure_cool,assemble,1,0.5,Rows of mini candles setting.,ene,0,0.0,0.185,0.016,0.429,0.049,"#868681,#645c52,#1e1e1b",1,,
40mkiCY8uMM,https://www.youtube.com/watch?v=40mkiCY8uMM,How To Make Mini 1 Oz. Soy Candles | Fall Scented Sample Candles,583.0,storyboard,60,479.18,487.16,7.98,https://youtu.be/40mkiCY8uMM?t=479s,cure_cool,assemble,1,0.5,Rows of mini candles setting.,,0,0.0,0.219,0.0,0.437,0.065,"#898982,#6c6458,#20201c",1,,
40mkiCY8uMM,https://www.youtube.com/watch?v=40mkiCY8uMM,How To Make Mini 1 Oz. Soy Candles | Fall Scented Sample Candles,583.0,storyboard,61,487.16,495.15,7.99,https://youtu.be/40mkiCY8uMM?t=487s,cure_cool,assemble,1,0.5,Rows of mini candles setting.,Tr eS,0,0.0,0.204,0.034,0.436,0.061,"#878886,#655c52,#1c1b19",1,,
40mkiCY8uMM,https://www.youtube.com/watch?v=40mkiCY8uMM,How To Make Mini 1 Oz. Soy Candles | Fall Scented Sample Candles,583.0,storyboard,62,495.15,503.14,7.99,https://youtu.be/40mkiCY8uMM?t=495s,cure_cool,assemble,1,0.5,Rows of mini candles setting.,ae:,0,0.0,0.187,0.007,0.443,0.057,"#878886,#645b51,#1c1b19",1,,
40mkiCY8uMM,https://www.youtube.com/watch?v=40mkiCY8uMM,How To Make Mini 1 Oz. Soy Candles | Fall Scented Sample Candles,583.0,storyboard,63,503.14,511.12,7.98,https://youtu.be/40mkiCY8uMM?t=503s,cure_cool,assemble,1,0.5,Rows of mini candles setting.,,0,0.0,0.202,0.009,0.442,0.057,"#878885,#635a50,#1a1a18",1,,
40mkiCY8uMM,https://www.youtube.com/watch?v=40mkiCY8uMM,How To Make Mini 1 Oz. Soy Candles | Fall Scented Sample Candles,583.0,storyboard,64,511.12,519.11,7.99,https://youtu.be/40mkiCY8uMM?t=511s,cure_cool,assemble,1,0.5,Rows of mini candles setting.,ees,0,0.0,0.178,0.0,0.443,0.057,"#888988,#696156,#20201e",1,,
647HetRAhR0,https://www.youtube.com/watch?v=647HetRAhR0,Make Candle Tins with Me! | Small Business Vlog,172.0,storyboard,12,93.82,101.64,7.82,https://youtu.be/647HetRAhR0?t=94s,cure_cool,assemble,1,0.45,Rows of tins cooling.,Py So 5 Psyc ww,1,0.0,0.154,0.013,0.436,0.071,"#9c9895,#24231e,#676055",1,,
647HetRAhR0,https://www.youtube.com/watch?v=647HetRAhR0,Make Candle Tins with Me! | Small Business Vlog,172.0,storyboard,13,101.64,109.45,7.81,https://youtu.be/647HetRAhR0?t=102s,cure_cool,assemble,1,0.45,Rows of black tins setting.,st PEP ese FF 3,1,0.0,0.16,0.026,0.439,0.07,"#9b9895,#201f1a,#5f584d",1,,
647HetRAhR0,https://www.youtube.com/watch?v=647HetRAhR0,Make Candle Tins with Me! | Small Business Vlog,172.0,storyboard,14,109.45,117.27,7.82,https://youtu.be/647HetRAhR0?t=109s,cure_cool,assemble,1,0.45,Adjusting wicks on the tins.,,0,0.0,0.111,0.175,0.437,0.072,"#7e635f,#948e8b,#302b26",1,,
647HetRAhR0,https://www.youtube.com/watch?v=647HetRAhR0,Make Candle Tins with Me! | Small Business Vlog,172.0,storyboard,15,117.27,125.09,7.82,https://youtu.be/647HetRAhR0?t=117s,cure_cool,assemble,1,0.45,Rows of tins cooling.,Se Ye SS ww SS ekb,1,0.0,0.134,0.064,0.447,0.063,"#9e9a97,#2b2824,#7c736c",1,,
647HetRAhR0,https://www.youtube.com/watch?v=647HetRAhR0,Make Candle Tins with Me! | Small Business Vlog,172.0,storyboard,16,125.09,132.91,7.82,https://youtu.be/647HetRAhR0?t=125s,cure_cool,assemble,1,0.45,Rows of tins.,ce al eer,1,0.0,0.131,0.132,0.419,0.057,"#9a9694,#282621,#766f68",1,,
647HetRAhR0,https://www.youtube.com/watch?v=647HetRAhR0,Make Candle Tins with Me! | Small Business Vlog,172.0,storyboard,17,132.91,140.73,7.82,https://youtu.be/647HetRAhR0?t=133s,cure_cool,assemble,1,0.5,Trimming wicks on the set tins.,ap Coe ME 45 eS es,1,0.0,0.118,0.067,0.405,0.066,"#95918c,#161612,#61594f",1,,
647HetRAhR0,https://www.youtube.com/watch?v=647HetRAhR0,Make Candle Tins with Me! | Small Business Vlog,172.0,storyboard,18,140.73,148.55,7.82,https://youtu.be/647HetRAhR0?t=141s,cure_cool,assemble,1,0.45,Rows of tins.,oo oe an Ce,1,0.0,0.096,0.083,0.388,0.052,"#938f8b,#141513,#605c51",1,,
647HetRAhR0,https://www.youtube.com/watch?v=647HetRAhR0,Make Candle Tins with Me! | Small Business Vlog,172.0,storyboard,19,148.55,156.36,7.81,https://youtu.be/647HetRAhR0?t=149s,cure_cool,assemble,1,0.45,Rows of tins.,PIES,0,0.333,0.043,0.218,0.438,0.054,"#908d88,#716860,#1a1b18",1,,
7fFf-gtesH4,https://www.youtube.com/watch?v=7fFf-gtesH4,5 Homemade Candles For Emergencies,879.0,storyboard,28,223.75,231.74,7.99,https://youtu.be/7fFf-gtesH4?t=224s,cure_cool,assemble,1,0.5,Improvised candle set on the plate.,7 sic,0,0.0,0.093,0.269,0.266,0.115,"#6e5843,#2e2117,#9e928e",1,,
7fFf-gtesH4,https://www.youtube.com/watch?v=7fFf-gtesH4,5 Homemade Candles For Emergencies,879.0,storyboard,58,463.47,471.46,7.99,https://youtu.be/7fFf-gtesH4?t=463s,cure_cool,assemble,1,0.5,Improvised candle set on the plate.,BS se ws Pa ie,1,0.0,0.147,0.236,0.241,0.112,"#110d0f,#3b383b,#a29b92",1,,
8V_WyGLS5Zo,https://www.youtube.com/watch?v=8V_WyGLS5Zo,Candle Making Tutorial for Beginners | DIY Candle Tutorial,375.0,storyboard,20,159.57,167.55,7.98,https://youtu.be/8V_WyGLS5Zo?t=160s,cure_cool,assemble,1,0.45,Row of amber jars cooling.,Shed ae ha Wha rah An,1,0.0,0.162,0.054,0.223,0.191,"#151612,#7a6325,#a7a69b",1,,
8V_WyGLS5Zo,https://www.youtube.com/watch?v=8V_WyGLS5Zo,Candle Making Tutorial for Beginners | DIY Candle Tutorial,375.0,storyboard,25,199.47,207.45,7.98,https://youtu.be/8V_WyGLS5Zo?t=199s,cure_cool,assemble,1,0.45,White candle on a rotating stand setting.,7 is Aj ee an 4 os yp im oS pie ww We 4 st es ih Spi Ye 2 Oy Se se.,1,0.0,0.066,0.302,0.35,0.13,"#281b14,#7a5a40,#b59a7e",1,,
8V_WyGLS5Zo,https://www.youtube.com/watch?v=8V_WyGLS5Zo,Candle Making Tutorial for Beginners | DIY Candle Tutorial,375.0,storyboard,26,207.45,215.43,7.98,https://youtu.be/8V_WyGLS5Zo?t=207s,cure_cool,assemble,1,0.4,Mould tray of shapes; white candle on a plate.,4,0,0.0,0.023,0.376,0.368,0.132,"#170e0a,#b7bebc,#8b8171",1,,
8V_WyGLS5Zo,https://www.youtube.com/watch?v=8V_WyGLS5Zo,Candle Making Tutorial for Beginners | DIY Candle Tutorial,375.0,storyboard,27,215.43,223.4,7.97,https://youtu.be/8V_WyGLS5Zo?t=215s,cure_cool,assemble,1,0.45,White candle on the turntable cooling.,,0,0.0,0.006,0.0,0.345,0.139,"#9fa09e,#0c0707,#725330",1,,
8_vXTepQRI8,https://www.youtube.com/watch?v=8_vXTepQRI8,DIY Homemade Tea Tin Candle - A Great Gift Idea!,424.0,storyboard,31,248.0,256.0,8.0,https://youtu.be/8_vXTepQRI8?t=248s,cure_cool,assemble,1,0.5,Tin candle setting.,,0,0.0,0.097,0.049,0.67,0.111,"#dddfd7,#aa8c74,#262218",1,,
BbGnbTIz7_s,https://www.youtube.com/watch?v=BbGnbTIz7_s,Ombre 5 layers gradient candle tutorial | Step by step | Advanced candle making | POV (no talking),505.0,storyboard,21,168.33,176.35,8.02,https://youtu.be/BbGnbTIz7_s?t=168s,cure_cool,assemble,1,0.45,Mould with the first layer; 'not ready yet'.,,0,0.0,0.01,0.059,0.655,0.189,"#c9c2b4,#ab9486,#aa6f46",1,,description references on-screen text but OCR found none
BbGnbTIz7_s,https://www.youtube.com/watch?v=BbGnbTIz7_s,Ombre 5 layers gradient candle tutorial | Step by step | Advanced candle making | POV (no talking),505.0,storyboard,22,176.35,184.37,8.02,https://youtu.be/BbGnbTIz7_s?t=176s,cure_cool,assemble,1,0.45,Cube mould with a layer; 'not ready yet'.,4 NOt feadly vet,1,0.0,0.024,0.0,0.671,0.176,"#c4beb3,#b48b57,#865d57",1,,
BbGnbTIz7_s,https://www.youtube.com/watch?v=BbGnbTIz7_s,Ombre 5 layers gradient candle tutorial | Step by step | Advanced candle making | POV (no talking),505.0,storyboard,23,184.37,192.38,8.01,https://youtu.be/BbGnbTIz7_s?t=184s,cure_cool,assemble,1,0.45,Checking/pouring the layer.,,0,0.0,0.005,0.039,0.657,0.146,"#b1a498,#cac7bb,#9f7c5c",1,,
BbGnbTIz7_s,https://www.youtube.com/watch?v=BbGnbTIz7_s,Ombre 5 layers gradient candle tutorial | Step by step | Advanced candle making | POV (no talking),505.0,storyboard,24,192.38,200.4,8.02,https://youtu.be/BbGnbTIz7_s?t=192s,cure_cool,assemble,1,0.45,Mould layer; 'almost'.,,0,0.0,0.014,0.2,0.645,0.136,"#c4c3ba,#9d8c7f,#443431",1,,description references on-screen text but OCR found none
BbGnbTIz7_s,https://www.youtube.com/watch?v=BbGnbTIz7_s,Ombre 5 layers gradient candle tutorial | Step by step | Advanced candle making | POV (no talking),505.0,storyboard,38,304.6,312.62,8.02,https://youtu.be/BbGnbTIz7_s?t=305s,cure_cool,assemble,1,0.45,Mould with three layers.,,0,0.0,0.004,0.084,0.665,0.082,"#c4c4bd,#928881,#582528",1,,
BbGnbTIz7_s,https://www.youtube.com/watch?v=BbGnbTIz7_s,Ombre 5 layers gradient candle tutorial | Step by step | Advanced candle making | POV (no talking),505.0,storyboard,39,312.62,320.63,8.01,https://youtu.be/BbGnbTIz7_s?t=313s,cure_cool,assemble,1,0.45,Mould; caption about texture.,Yow ywant faded effect but make sure Bacon layeris darker than the previous one,1,0.0,0.064,0.114,0.698,0.076,"#cfccc5,#9f9089,#4d292c",1,,
BbGnbTIz7_s,https://www.youtube.com/watch?v=BbGnbTIz7_s,Ombre 5 layers gradient candle tutorial | Step by step | Advanced candle making | POV (no talking),505.0,storyboard,41,328.65,336.67,8.02,https://youtu.be/BbGnbTIz7_s?t=329s,cure_cool,assemble,1,0.45,Mould; 'repetitive process'.,gy oe meal ntience yi,1,0.0,0.051,0.172,0.668,0.08,"#cecbc4,#9a8781,#362c2b",1,,
BbGnbTIz7_s,https://www.youtube.com/watch?v=BbGnbTIz7_s,Ombre 5 layers gradient candle tutorial | Step by step | Advanced candle making | POV (no talking),505.0,storyboard,42,336.67,344.68,8.01,https://youtu.be/BbGnbTIz7_s?t=337s,cure_cool,assemble,1,0.5,Thermometer in the wax; mould.,Because oF ine quantity of wax manipulaticr You nave more nsk of air bubsles SE ae.,1,0.0,0.044,0.082,0.703,0.064,"#d3d2cb,#a29894,#62403d",1,,
BbGnbTIz7_s,https://www.youtube.com/watch?v=BbGnbTIz7_s,Ombre 5 layers gradient candle tutorial | Step by step | Advanced candle making | POV (no talking),505.0,storyboard,48,384.76,392.78,8.02,https://youtu.be/BbGnbTIz7_s?t=385s,cure_cool,assemble,1,0.45,Dark layer in the mould.,al OE lis Moragvance Soy ner Nave argon nowladoe of your was,1,0.0,0.022,0.059,0.684,0.051,"#c9c7c1,#8b7972,#32161a",1,,
BskHsZWNhRw,https://www.youtube.com/watch?v=BskHsZWNhRw,DIY WATER CANDLES // Easy DIY CANDLES AT HOME,300.0,storyboard,32,252.63,260.53,7.9,https://youtu.be/BskHsZWNhRw?t=253s,cure_cool,assemble,1,0.4,Purple candle left to set.,was Je,0,0.0,0.042,0.1,0.499,0.107,"#a3a19c,#6b5b67,#301a2f",1,,
CrJ9UE6Nihw,https://www.youtube.com/watch?v=CrJ9UE6Nihw,FULL & easy beginners guide to Candle Making,601.0,storyboard,58,464.77,472.79,8.02,https://youtu.be/CrJ9UE6Nihw?t=465s,cure_cool,assemble,1,0.4,Green-wax bowl setting.,eos au,0,0.0,0.031,0.034,0.487,0.082,"#7b7878,#514739,#b0afb3",1,,
DSj_ZcxHB2w,https://www.youtube.com/watch?v=DSj_ZcxHB2w,Candle Making Kit - How-to - Crafts&Co,92.0,storyboard,6,46.0,53.67,7.67,https://youtu.be/DSj_ZcxHB2w?t=46s,cure_cool,assemble,1,0.5,Filled white silicone mould (shaped cavities) sits on the board to set; a hand presses it.,"ee 5 7 ca aa os ae iy. io ss ee of Ak 4 see la ne wen. 2 As ek Ch 5 ee wi ert es: 4 hk, we oe Xs ae 4 vs at 7 2 Pubes aS 2 Oty 5 er 7 ae oe ge. ay. ey ys 5 7 5 ie Ae 7 et CABS ee ki Ly: Pp hes re TON ",1,0.0,0.03,0.103,0.656,0.2,"#be9e7e,#d2c9bd,#a17c44",1,,
DSj_ZcxHB2w,https://www.youtube.com/watch?v=DSj_ZcxHB2w,Candle Making Kit - How-to - Crafts&Co,92.0,storyboard,7,53.67,61.33,7.66,https://youtu.be/DSj_ZcxHB2w?t=54s,cure_cool,assemble,1,0.5,The filled mould is held/inspected as the wax cools.,Te SRI IS me ae nes oe er carey rec seme be re ES Te ae ee SeEate poor. Se ie lr SRE Ser 9 Le se At IF Ya 7 Ss oe eee MAX: OE MEN'S es ct it Fi 23 aes! on ee RS 6 ee eG ein,1,0.0,0.028,0.066,0.662,0.2,"#bfaf7c,#a58a4d,#ced0c3",1,,
DSj_ZcxHB2w,https://www.youtube.com/watch?v=DSj_ZcxHB2w,Candle Making Kit - How-to - Crafts&Co,92.0,storyboard,8,61.33,69.0,7.67,https://youtu.be/DSj_ZcxHB2w?t=61s,cure_cool,assemble,1,0.5,Wait captions ('23H'); the mould is placed in a bowl of water to speed cooling.,"7 eZ oe Ne tad 2 PP uff OO Fy 4 Pt Od, Ost LJ aie 7 or 4 sf at HO sp ga tgp row 2 ra ad",1,0.0,0.028,0.097,0.693,0.155,"#baa97f,#cacecb,#a08b59",1,,
DpgV20P8bVc,https://www.youtube.com/watch?v=DpgV20P8bVc,Small candle business from home | holiday launch studio vlog New paint can candles | Amazon handmade,820.0,storyboard,0,0.0,8.04,8.04,https://youtu.be/DpgV20P8bVc?t=0s,cure_cool,assemble,1,0.4,Rows of white candle jars setting.,in xs Tors is Le ined at us eo 7 oe dp! Pas wy fz 4 7,1,0.0,0.038,0.184,0.713,0.061,"#dfdad0,#9f918a,#2d3234",1,,
DpgV20P8bVc,https://www.youtube.com/watch?v=DpgV20P8bVc,Small candle business from home | holiday launch studio vlog New paint can candles | Amazon handmade,820.0,storyboard,9,72.35,80.39,8.04,https://youtu.be/DpgV20P8bVc?t=72s,cure_cool,assemble,1,0.4,Rows of white candle jars setting.,ae,0,0.0,0.037,0.599,0.299,0.097,"#000000,#000003,#000101",1,,
DpgV20P8bVc,https://www.youtube.com/watch?v=DpgV20P8bVc,Small candle business from home | holiday launch studio vlog New paint can candles | Amazon handmade,820.0,storyboard,12,96.47,104.51,8.04,https://youtu.be/DpgV20P8bVc?t=96s,cure_cool,assemble,1,0.4,Rows of white candle jars setting.,Ss,0,0.0,0.048,0.201,0.619,0.107,"#c1bcb2,#9a8a82,#252322",1,,
DpgV20P8bVc,https://www.youtube.com/watch?v=DpgV20P8bVc,Small candle business from home | holiday launch studio vlog New paint can candles | Amazon handmade,820.0,storyboard,15,120.59,128.63,8.04,https://youtu.be/DpgV20P8bVc?t=121s,cure_cool,assemble,1,0.4,Rows of white candle jars setting.,od,0,0.0,0.019,0.127,0.639,0.067,"#c7bfb3,#977f77,#2c2b2a",1,,
DpgV20P8bVc,https://www.youtube.com/watch?v=DpgV20P8bVc,Small candle business from home | holiday launch studio vlog New paint can candles | Amazon handmade,820.0,storyboard,18,144.71,152.75,8.04,https://youtu.be/DpgV20P8bVc?t=145s,cure_cool,assemble,1,0.4,Rows of white candle jars setting.,,0,0.0,0.014,0.045,0.669,0.091,"#b6ab9a,#cdc4b5,#946f53",1,,
DpgV20P8bVc,https://www.youtube.com/watch?v=DpgV20P8bVc,Small candle business from home | holiday launch studio vlog New paint can candles | Amazon handmade,820.0,storyboard,21,168.82,176.86,8.04,https://youtu.be/DpgV20P8bVc?t=169s,cure_cool,assemble,1,0.4,Rows of white candle jars setting.,,0,0.0,0.013,0.064,0.675,0.088,"#c8bcaa,#a58a75,#332a24",1,,
DpgV20P8bVc,https://www.youtube.com/watch?v=DpgV20P8bVc,Small candle business from home | holiday launch studio vlog New paint can candles | Amazon handmade,820.0,storyboard,24,192.94,200.98,8.04,https://youtu.be/DpgV20P8bVc?t=193s,cure_cool,assemble,1,0.5,Overhead rows of candle tins setting (large batch).,er aa iP ee os 7 ae kt 2 SZ cg! Pe ve et nae ep 4 7 Ne 7 ars 4 vi IE ra We FM Ppt hes os ie ies,1,0.0,0.038,0.122,0.657,0.079,"#c0b2a2,#99806e,#5c3a22",1,,
DpgV20P8bVc,https://www.youtube.com/watch?v=DpgV20P8bVc,Small candle business from home | holiday launch studio vlog New paint can candles | Amazon handmade,820.0,storyboard,27,217.06,225.1,8.04,https://youtu.be/DpgV20P8bVc?t=217s,cure_cool,assemble,1,0.5,Overhead rows of candle tins setting (large batch).,7 wy we rat ies aXe! 9 hy iF eel FAS Sy ne 7 Pte ys aun 7 eee rd gi ye Se eae can Ss ee,1,0.0,0.36,0.247,0.384,0.056,"#343834,#6e746e,#bcc3be",1,,
DpgV20P8bVc,https://www.youtube.com/watch?v=DpgV20P8bVc,Small candle business from home | holiday launch studio vlog New paint can candles | Amazon handmade,820.0,storyboard,28,225.1,233.14,8.04,https://youtu.be/DpgV20P8bVc?t=225s,cure_cool,assemble,1,0.5,Overhead rows of candle tins setting (large batch).,rae ret AS ts ij aye SY 4 2 Win wk: ok 2 eT 4 Mita: Ss he USS fe iin 1 mm Life,1,0.0,0.292,0.109,0.397,0.066,"#383c36,#787d72,#c1c8bd",1,,
DpgV20P8bVc,https://www.youtube.com/watch?v=DpgV20P8bVc,Small candle business from home | holiday launch studio vlog New paint can candles | Amazon handmade,820.0,storyboard,31,249.22,257.25,8.03,https://youtu.be/DpgV20P8bVc?t=249s,cure_cool,assemble,1,0.5,Overhead rows of candle tins setting (large batch).,et ek to ea ats pt ic: fee ti DE Or AE 87 Jah: eS VE Es ED sees NS sch eee oS ine,1,0.0,0.379,0.259,0.437,0.134,"#898163,#c8baa6,#4b3f27",1,,
DpgV20P8bVc,https://www.youtube.com/watch?v=DpgV20P8bVc,Small candle business from home | holiday launch studio vlog New paint can candles | Amazon handmade,820.0,storyboard,33,265.29,273.33,8.04,https://youtu.be/DpgV20P8bVc?t=265s,cure_cool,assemble,1,0.5,Overhead rows of candle tins setting (large batch).,dd Sy aM Da om here Py eh Be SG oz ma pre ES LS Ss,1,0.0,0.436,0.124,0.512,0.109,"#d0b8a7,#827465,#4a3f36",1,,
DpgV20P8bVc,https://www.youtube.com/watch?v=DpgV20P8bVc,Small candle business from home | holiday launch studio vlog New paint can candles | Amazon handmade,820.0,storyboard,34,273.33,281.37,8.04,https://youtu.be/DpgV20P8bVc?t=273s,cure_cool,assemble,1,0.5,Overhead rows of candle tins setting (large batch).,"im ae ee EF SS ESS ran ar, oY, 7",1,0.0,0.369,0.198,0.534,0.111,"#a18e7c,#d8bda9,#52493f",1,,
DpgV20P8bVc,https://www.youtube.com/watch?v=DpgV20P8bVc,Small candle business from home | holiday launch studio vlog New paint can candles | Amazon handmade,820.0,storyboard,37,297.45,305.49,8.04,https://youtu.be/DpgV20P8bVc?t=297s,cure_cool,assemble,1,0.5,Overhead rows of candle tins setting (large batch).,we em Gay as Ps SS ry AS,1,0.0,0.297,0.251,0.514,0.103,"#a28c7a,#53483d,#dcd0bc",1,,
DpgV20P8bVc,https://www.youtube.com/watch?v=DpgV20P8bVc,Small candle business from home | holiday launch studio vlog New paint can candles | Amazon handmade,820.0,storyboard,41,329.61,337.65,8.04,https://youtu.be/DpgV20P8bVc?t=330s,cure_cool,assemble,1,0.5,Overhead rows of candle tins setting (large batch).,"wee WT Te Ry, Try oN Jhi",1,0.0,0.089,0.0,0.51,0.108,"#8e705f,#c9b6a2,#4e3f35",1,,
DpgV20P8bVc,https://www.youtube.com/watch?v=DpgV20P8bVc,Small candle business from home | holiday launch studio vlog New paint can candles | Amazon handmade,820.0,storyboard,42,337.65,345.69,8.04,https://youtu.be/DpgV20P8bVc?t=338s,cure_cool,assemble,1,0.5,Overhead rows of candle tins setting (large batch).,Sr mg,0,0.0,0.117,0.227,0.581,0.088,"#d0c4af,#4b4339,#968a79",1,,
DpgV20P8bVc,https://www.youtube.com/watch?v=DpgV20P8bVc,Small candle business from home | holiday launch studio vlog New paint can candles | Amazon handmade,820.0,storyboard,43,345.69,353.73,8.04,https://youtu.be/DpgV20P8bVc?t=346s,cure_cool,assemble,1,0.5,Pouring wax into the rows of tins.,"aa,",0,0.0,0.175,0.262,0.503,0.058,"#cac1b1,#51493f,#91887b",1,,
DpgV20P8bVc,https://www.youtube.com/watch?v=DpgV20P8bVc,Small candle business from home | holiday launch studio vlog New paint can candles | Amazon handmade,820.0,storyboard,44,353.73,361.76,8.03,https://youtu.be/DpgV20P8bVc?t=354s,cure_cool,assemble,1,0.5,Overhead rows of candle tins setting (large batch).,4 RQ DES Gy,1,0.0,0.238,0.0,0.347,0.07,"#312d28,#837668,#c5b5a4",1,,
DpgV20P8bVc,https://www.youtube.com/watch?v=DpgV20P8bVc,Small candle business from home | holiday launch studio vlog New paint can candles | Amazon handmade,820.0,storyboard,45,361.76,369.8,8.04,https://youtu.be/DpgV20P8bVc?t=362s,cure_cool,assemble,1,0.5,Setting/centring wicks across the tins.,San:,0,0.0,0.221,0.194,0.59,0.074,"#adbfd1,#879196,#4e4e4c",1,,
DpgV20P8bVc,https://www.youtube.com/watch?v=DpgV20P8bVc,Small candle business from home | holiday launch studio vlog New paint can candles | Amazon handmade,820.0,storyboard,46,369.8,377.84,8.04,https://youtu.be/DpgV20P8bVc?t=370s,cure_cool,assemble,1,0.5,Overhead rows of candle tins setting (large batch).,ae an,0,0.0,0.138,0.079,0.584,0.081,"#908f90,#bbc5cc,#534f4c",1,,
DpgV20P8bVc,https://www.youtube.com/watch?v=DpgV20P8bVc,Small candle business from home | holiday launch studio vlog New paint can candles | Amazon handmade,820.0,storyboard,47,377.84,385.88,8.04,https://youtu.be/DpgV20P8bVc?t=378s,cure_cool,assemble,1,0.5,Overhead rows of candle tins setting (large batch).,wey pat ae JE,1,0.0,0.104,0.0,0.595,0.067,"#c3ced4,#959696,#565150",1,,
DpgV20P8bVc,https://www.youtube.com/watch?v=DpgV20P8bVc,Small candle business from home | holiday launch studio vlog New paint can candles | Amazon handmade,820.0,storyboard,58,466.27,474.31,8.04,https://youtu.be/DpgV20P8bVc?t=466s,cure_cool,assemble,1,0.5,Overhead rows of candle tins setting (large batch).,SS,0,0.0,0.093,0.035,0.537,0.098,"#b9bdc1,#7b7672,#48362f",1,,
DpgV20P8bVc,https://www.youtube.com/watch?v=DpgV20P8bVc,Small candle business from home | holiday launch studio vlog New paint can candles | Amazon handmade,820.0,storyboard,59,474.31,482.35,8.04,https://youtu.be/DpgV20P8bVc?t=474s,cure_cool,assemble,1,0.5,Overhead rows of candle tins setting (large batch).,eo Dap. ti Hi iv 7 al,1,0.0,0.094,0.04,0.534,0.096,"#b8bec4,#493831,#7d7872",1,,
DpgV20P8bVc,https://www.youtube.com/watch?v=DpgV20P8bVc,Small candle business from home | holiday launch studio vlog New paint can candles | Amazon handmade,820.0,storyboard,61,490.39,498.43,8.04,https://youtu.be/DpgV20P8bVc?t=490s,cure_cool,assemble,1,0.5,Overhead rows of candle tins setting (large batch).,aaa eg ae om ey hi ic Figen 5,1,0.0,0.188,0.048,0.536,0.081,"#5a4942,#8f8c8e,#cbced8",1,,
DpgV20P8bVc,https://www.youtube.com/watch?v=DpgV20P8bVc,Small candle business from home | holiday launch studio vlog New paint can candles | Amazon handmade,820.0,storyboard,62,498.43,506.47,8.04,https://youtu.be/DpgV20P8bVc?t=498s,cure_cool,assemble,1,0.5,Overhead rows of candle tins setting (large batch).,"ma iy pe if 7 7 gt Pecarreanetion of tart, Vibraseitaebotries and Rape Pramoagne Berlect or aiiaemees 5",1,0.0,0.153,0.217,0.568,0.093,"#d7c4be,#574740,#98908b",1,,
DpgV20P8bVc,https://www.youtube.com/watch?v=DpgV20P8bVc,Small candle business from home | holiday launch studio vlog New paint can candles | Amazon handmade,820.0,storyboard,70,562.75,570.78,8.03,https://youtu.be/DpgV20P8bVc?t=563s,cure_cool,assemble,1,0.5,Overhead rows of candle tins setting (large batch).,if. ae,0,0.0,0.105,0.1,0.53,0.098,"#b1b3b1,#7a6f68,#46322b",1,,
EBZGgxpf3Ho,https://www.youtube.com/watch?v=EBZGgxpf3Ho,How to make perfect scented soy wax tin candles every time. DIY tutorial 7oz coco soy wax candles,667.0,storyboard,57,458.06,466.1,8.04,https://youtu.be/EBZGgxpf3Ho?t=458s,cure_cool,assemble,1,0.5,Rows of candles setting.,,0,0.0,0.018,0.0,0.434,0.055,"#302723,#898780,#dfddd0",1,,
EBZGgxpf3Ho,https://www.youtube.com/watch?v=EBZGgxpf3Ho,How to make perfect scented soy wax tin candles every time. DIY tutorial 7oz coco soy wax candles,667.0,storyboard,62,498.24,506.28,8.04,https://youtu.be/EBZGgxpf3Ho?t=498s,cure_cool,assemble,1,0.5,Rows of candles setting.,ih 4 ay 4 ae 2,1,0.0,0.034,0.0,0.509,0.054,"#8f959e,#2c282c,#e2edef",1,,
EBZGgxpf3Ho,https://www.youtube.com/watch?v=EBZGgxpf3Ho,How to make perfect scented soy wax tin candles every time. DIY tutorial 7oz coco soy wax candles,667.0,storyboard,63,506.28,514.31,8.03,https://youtu.be/EBZGgxpf3Ho?t=506s,cure_cool,assemble,1,0.5,Rows of candles setting.,"ae Zz 7 wy 1 4 iO ee, sd, aa",1,0.0,0.048,0.028,0.509,0.065,"#8f96a0,#2d292e,#deeaed",1,,
EBZGgxpf3Ho,https://www.youtube.com/watch?v=EBZGgxpf3Ho,How to make perfect scented soy wax tin candles every time. DIY tutorial 7oz coco soy wax candles,667.0,storyboard,64,514.31,522.35,8.04,https://youtu.be/EBZGgxpf3Ho?t=514s,cure_cool,assemble,1,0.5,Rows of candles setting.,ae 2 4 cae fa wt ee,1,0.0,0.046,0.355,0.502,0.082,"#211f21,#dae8ea,#8e8b88",1,,
HPD1k0lhDCU,https://www.youtube.com/watch?v=HPD1k0lhDCU,How to Make Luxury Coconut Apricot Wax Candles | Step-by-Step Tutorial,687.0,storyboard,81,647.06,655.05,7.99,https://youtu.be/HPD1k0lhDCU?t=647s,cure_cool,assemble,1,0.4,Rows of filled amber jars setting.,ora oe 2 oa oe xs,1,0.0,0.052,0.0,0.482,0.11,"#44362a,#d5cdc3,#9b8476",1,,
JiisPUkcnSs,https://www.youtube.com/watch?v=JiisPUkcnSs,Satisfying Process of Mass Producing Candles. Korean Candle Factory,796.0,storyboard,6,47.76,55.72,7.96,https://youtu.be/JiisPUkcnSs?t=48s,cure_cool,assemble,1,0.4,Rows of white candles cooling in the moulds on the line.,Ke ie My Re ee aby 7 yy,1,0.0,0.045,0.0,0.281,0.051,"#1e1f19,#504d41,#a29f96",1,,
JiisPUkcnSs,https://www.youtube.com/watch?v=JiisPUkcnSs,Satisfying Process of Mass Producing Candles. Korean Candle Factory,796.0,storyboard,10,79.6,87.56,7.96,https://youtu.be/JiisPUkcnSs?t=80s,cure_cool,assemble,1,0.4,Rows of white candles cooling in the moulds on the line.,ae ihe el bel ie 4 4. 4 St 34 oe! Wo! ce 2 ose! sa Fe Vi ss rey 8 sa,1,0.0,0.117,0.225,0.408,0.05,"#716d62,#39352d,#aaa59b",1,,
JiisPUkcnSs,https://www.youtube.com/watch?v=JiisPUkcnSs,Satisfying Process of Mass Producing Candles. Korean Candle Factory,796.0,storyboard,18,143.28,151.24,7.96,https://youtu.be/JiisPUkcnSs?t=143s,cure_cool,assemble,1,0.4,Rows of white candles cooling in the moulds on the line.,ait oF,0,0.0,0.018,0.252,0.452,0.043,"#69655b,#b9b7b0,#292924",1,,
JiisPUkcnSs,https://www.youtube.com/watch?v=JiisPUkcnSs,Satisfying Process of Mass Producing Candles. Korean Candle Factory,796.0,storyboard,24,191.04,199.0,7.96,https://youtu.be/JiisPUkcnSs?t=191s,cure_cool,assemble,1,0.45,Rows of candles cooling in the moulds on the conveyor.,ae al BE SS ee yy Ue,1,0.0,0.024,0.0,0.405,0.048,"#766f61,#30291e,#beb8ad",1,,
JiisPUkcnSs,https://www.youtube.com/watch?v=JiisPUkcnSs,Satisfying Process of Mass Producing Candles. Korean Candle Factory,796.0,storyboard,25,199.0,206.96,7.96,https://youtu.be/JiisPUkcnSs?t=199s,cure_cool,assemble,1,0.45,Rows of candles cooling in the moulds on the conveyor.,rs,0,0.0,0.134,0.222,0.622,0.153,"#c3bc42,#6e662e,#b9b487",1,,
JiisPUkcnSs,https://www.youtube.com/watch?v=JiisPUkcnSs,Satisfying Process of Mass Producing Candles. Korean Candle Factory,796.0,storyboard,28,222.88,230.84,7.96,https://youtu.be/JiisPUkcnSs?t=223s,cure_cool,assemble,1,0.45,Rows of candles cooling in the moulds on the conveyor.,nl ee Wx hie ta ae. mT is 2 nt laa al Bae Ny 2 wan at Lf Monster,1,0.0,0.108,0.298,0.515,0.253,"#221d12,#bdb988,#6b634b",1,,
JiisPUkcnSs,https://www.youtube.com/watch?v=JiisPUkcnSs,Satisfying Process of Mass Producing Candles. Korean Candle Factory,796.0,storyboard,31,246.76,254.72,7.96,https://youtu.be/JiisPUkcnSs?t=247s,cure_cool,assemble,1,0.45,Rows of candles cooling in the moulds on the conveyor.,SS eel aaa ae nee Po 4,1,0.0,0.068,0.228,0.517,0.228,"#878144,#ccc875,#4e4717",1,,
JiisPUkcnSs,https://www.youtube.com/watch?v=JiisPUkcnSs,Satisfying Process of Mass Producing Candles. Korean Candle Factory,796.0,storyboard,36,286.56,294.52,7.96,https://youtu.be/JiisPUkcnSs?t=287s,cure_cool,assemble,1,0.45,Rows of candles cooling in the moulds on the conveyor.,oe ra Sei HESS.,1,0.0,0.063,0.293,0.506,0.192,"#aaa867,#877e36,#b4b6ab",1,,
JiisPUkcnSs,https://www.youtube.com/watch?v=JiisPUkcnSs,Satisfying Process of Mass Producing Candles. Korean Candle Factory,796.0,storyboard,39,310.44,318.4,7.96,https://youtu.be/JiisPUkcnSs?t=310s,cure_cool,assemble,1,0.45,Rows of candles cooling in the moulds on the conveyor.,er 4 5. me Ade ee Ss wt ey ff,1,0.0,0.105,0.193,0.601,0.196,"#9f9133,#c2be60,#756629",1,,
JiisPUkcnSs,https://www.youtube.com/watch?v=JiisPUkcnSs,Satisfying Process of Mass Producing Candles. Korean Candle Factory,796.0,storyboard,40,318.4,326.36,7.96,https://youtu.be/JiisPUkcnSs?t=318s,cure_cool,assemble,1,0.45,Rows of candles cooling in the moulds on the conveyor.,ma fy re 7,1,0.0,0.073,0.0,0.384,0.101,"#1c1e1f,#b6b7a0,#6c6b5d",1,,
JiisPUkcnSs,https://www.youtube.com/watch?v=JiisPUkcnSs,Satisfying Process of Mass Producing Candles. Korean Candle Factory,796.0,storyboard,41,326.36,334.32,7.96,https://youtu.be/JiisPUkcnSs?t=326s,cure_cool,assemble,1,0.45,Factory: wax fed into the moulding line.,oa rie AEE vy bea id Se irrege na Ra an rss,1,0.0,0.063,0.195,0.406,0.187,"#1a1b19,#b8b995,#6f6f5c",1,,
JiisPUkcnSs,https://www.youtube.com/watch?v=JiisPUkcnSs,Satisfying Process of Mass Producing Candles. Korean Candle Factory,796.0,storyboard,42,334.32,342.28,7.96,https://youtu.be/JiisPUkcnSs?t=334s,cure_cool,assemble,1,0.45,Rows of candles cooling in the moulds on the conveyor.,wos 7 Ae sm oa Mt,1,0.0,0.044,0.209,0.485,0.228,"#bcba71,#26261a,#706f46",1,,
JiisPUkcnSs,https://www.youtube.com/watch?v=JiisPUkcnSs,Satisfying Process of Mass Producing Candles. Korean Candle Factory,796.0,storyboard,45,358.2,366.16,7.96,https://youtu.be/JiisPUkcnSs?t=358s,cure_cool,assemble,1,0.45,Rows of candles cooling in the moulds on the conveyor.,aS we,0,0.0,0.113,0.239,0.396,0.164,"#6d653d,#b7b6a0,#2f2916",1,,
JiisPUkcnSs,https://www.youtube.com/watch?v=JiisPUkcnSs,Satisfying Process of Mass Producing Candles. Korean Candle Factory,796.0,storyboard,46,366.16,374.12,7.96,https://youtu.be/JiisPUkcnSs?t=366s,cure_cool,assemble,1,0.45,Rows of candles cooling in the moulds on the conveyor.,,0,0.0,0.004,0.0,0.177,0.095,"#080806,#3e371f,#817f6a",1,,
JiisPUkcnSs,https://www.youtube.com/watch?v=JiisPUkcnSs,Satisfying Process of Mass Producing Candles. Korean Candle Factory,796.0,storyboard,49,390.04,398.0,7.96,https://youtu.be/JiisPUkcnSs?t=390s,cure_cool,assemble,1,0.45,Rows of candles cooling in the moulds on the conveyor.,at aes Tee aa Ww 1 ree eee ne ys Moesrer,1,0.0,0.162,0.194,0.395,0.136,"#22221e,#6b6655,#c7c6ac",1,,
JiisPUkcnSs,https://www.youtube.com/watch?v=JiisPUkcnSs,Satisfying Process of Mass Producing Candles. Korean Candle Factory,796.0,storyboard,50,398.0,405.96,7.96,https://youtu.be/JiisPUkcnSs?t=398s,cure_cool,assemble,1,0.45,Factory: molten wax vat/channel.,Reve boy fit ee eee My Jit af ne Ue Mr ged hw Se ya es pee vs,1,0.0,0.104,0.291,0.506,0.277,"#8b8050,#312d25,#d2cea6",1,,
JiisPUkcnSs,https://www.youtube.com/watch?v=JiisPUkcnSs,Satisfying Process of Mass Producing Candles. Korean Candle Factory,796.0,storyboard,52,413.92,421.88,7.96,https://youtu.be/JiisPUkcnSs?t=414s,cure_cool,assemble,1,0.45,Rows of candles cooling in the moulds on the conveyor.,ee ee ee cutee ei Stone my ary we es os ek,1,0.0,0.065,0.254,0.311,0.141,"#24262a,#dbd47b,#82784b",1,,
JiisPUkcnSs,https://www.youtube.com/watch?v=JiisPUkcnSs,Satisfying Process of Mass Producing Candles. Korean Candle Factory,796.0,storyboard,53,421.88,429.84,7.96,https://youtu.be/JiisPUkcnSs?t=422s,cure_cool,assemble,1,0.45,Demoulded finished candles on the line / in bins.,,0,0.0,0.014,0.0,0.569,0.248,"#afa238,#524b2c,#c5bc71",1,,
JiisPUkcnSs,https://www.youtube.com/watch?v=JiisPUkcnSs,Satisfying Process of Mass Producing Candles. Korean Candle Factory,796.0,storyboard,54,429.84,437.8,7.96,https://youtu.be/JiisPUkcnSs?t=430s,cure_cool,assemble,1,0.45,Rows of candles cooling in the moulds on the conveyor.,ll we Vv aa ead 4 SF of th am,1,0.0,0.101,0.336,0.547,0.039,"#d1cec7,#25271d,#7e7b73",1,,
JiisPUkcnSs,https://www.youtube.com/watch?v=JiisPUkcnSs,Satisfying Process of Mass Producing Candles. Korean Candle Factory,796.0,storyboard,55,437.8,445.76,7.96,https://youtu.be/JiisPUkcnSs?t=438s,cure_cool,assemble,1,0.45,Rows of candles cooling in the moulds on the conveyor.,"ae Viva Satya 1 fil lj LY ATT, Pe if ee RS ic. Ls aN ry odes: Peal ye bole sa 6 ses ad",1,0.0,0.126,0.229,0.472,0.169,"#ad9e87,#766956,#2d2d24",1,,
JiisPUkcnSs,https://www.youtube.com/watch?v=JiisPUkcnSs,Satisfying Process of Mass Producing Candles. Korean Candle Factory,796.0,storyboard,57,453.72,461.68,7.96,https://youtu.be/JiisPUkcnSs?t=454s,cure_cool,assemble,1,0.45,Rows of candles cooling in the moulds on the conveyor.,SS,0,0.0,0.058,0.304,0.512,0.059,"#c1beb6,#89857a,#35342a",1,,
JiisPUkcnSs,https://www.youtube.com/watch?v=JiisPUkcnSs,Satisfying Process of Mass Producing Candles. Korean Candle Factory,796.0,storyboard,58,461.68,469.64,7.96,https://youtu.be/JiisPUkcnSs?t=462s,cure_cool,assemble,1,0.45,Rows of candles cooling in the moulds on the conveyor.,"att iy SST ae Ww 4 ws 4 7 Gen em, 4",1,0.0,0.086,0.268,0.481,0.109,"#967d5c,#2c2921,#d0ccc2",1,,
JiisPUkcnSs,https://www.youtube.com/watch?v=JiisPUkcnSs,Satisfying Process of Mass Producing Candles. Korean Candle Factory,796.0,storyboard,60,477.6,485.56,7.96,https://youtu.be/JiisPUkcnSs?t=478s,cure_cool,assemble,1,0.45,Rows of candles cooling in the moulds on the conveyor.,ae nef Se,1,0.0,0.106,0.361,0.461,0.055,"#272725,#7c7566,#d2d1c9",1,,
JiisPUkcnSs,https://www.youtube.com/watch?v=JiisPUkcnSs,Satisfying Process of Mass Producing Candles. Korean Candle Factory,796.0,storyboard,61,485.56,493.52,7.96,https://youtu.be/JiisPUkcnSs?t=486s,cure_cool,assemble,1,0.45,Rows of candles cooling in the moulds on the conveyor.,nel 7 Vi. rs 4,1,0.0,0.074,0.0,0.286,0.065,"#24231e,#716a5b,#d9d6cd",1,,
JiisPUkcnSs,https://www.youtube.com/watch?v=JiisPUkcnSs,Satisfying Process of Mass Producing Candles. Korean Candle Factory,796.0,storyboard,62,493.52,501.48,7.96,https://youtu.be/JiisPUkcnSs?t=494s,cure_cool,assemble,1,0.45,Demoulded finished candles on the line / in bins.,ey Si ZF hi Sf.,1,0.0,0.202,0.296,0.384,0.048,"#2c2925,#c0bdb5,#807d75",1,,
JiisPUkcnSs,https://www.youtube.com/watch?v=JiisPUkcnSs,Satisfying Process of Mass Producing Candles. Korean Candle Factory,796.0,storyboard,63,501.48,509.44,7.96,https://youtu.be/JiisPUkcnSs?t=501s,cure_cool,assemble,1,0.45,Rows of candles cooling in the moulds on the conveyor.,oe Ta 4 id is oa ee aie 2 of,1,0.0,0.085,0.301,0.443,0.042,"#cbc9c1,#69655d,#23211c",1,,
JiisPUkcnSs,https://www.youtube.com/watch?v=JiisPUkcnSs,Satisfying Process of Mass Producing Candles. Korean Candle Factory,796.0,storyboard,64,509.44,517.4,7.96,https://youtu.be/JiisPUkcnSs?t=509s,cure_cool,assemble,1,0.45,Rows of candles cooling in the moulds on the conveyor.,,0,0.0,0.005,0.0,0.307,0.047,"#0b0a0a,#6d695c,#a2a093",1,,
JiisPUkcnSs,https://www.youtube.com/watch?v=JiisPUkcnSs,Satisfying Process of Mass Producing Candles. Korean Candle Factory,796.0,storyboard,65,517.4,525.36,7.96,https://youtu.be/JiisPUkcnSs?t=517s,cure_cool,assemble,1,0.45,Demoulded finished candles on the line / in bins.,ma wv 6 Ze af ad hi ale PF if oe 254 Val an of il it Md 4 4 ip 4 ri oa st.,1,0.0,0.109,0.349,0.488,0.061,"#7f807a,#c9cbc6,#2e2a24",1,,
JiisPUkcnSs,https://www.youtube.com/watch?v=JiisPUkcnSs,Satisfying Process of Mass Producing Candles. Korean Candle Factory,796.0,storyboard,66,525.36,533.32,7.96,https://youtu.be/JiisPUkcnSs?t=525s,cure_cool,assemble,1,0.45,Rows of candles cooling in the moulds on the conveyor.,se 7 mm 4 Sime WZ Ce: ye Use,1,0.0,0.111,0.241,0.422,0.163,"#292b20,#826e47,#b0a696",1,,
JiisPUkcnSs,https://www.youtube.com/watch?v=JiisPUkcnSs,Satisfying Process of Mass Producing Candles. Korean Candle Factory,796.0,storyboard,68,541.28,549.24,7.96,https://youtu.be/JiisPUkcnSs?t=541s,cure_cool,assemble,1,0.45,Demoulded finished candles on the line / in bins.,iets et ae eee ee AK XE ie 7 2 7 al Monster,1,0.0,0.051,0.301,0.575,0.206,"#ddd9ce,#af9756,#7b5e23",1,,
JiisPUkcnSs,https://www.youtube.com/watch?v=JiisPUkcnSs,Satisfying Process of Mass Producing Candles. Korean Candle Factory,796.0,storyboard,69,549.24,557.2,7.96,https://youtu.be/JiisPUkcnSs?t=549s,cure_cool,assemble,1,0.45,Rows of candles cooling in the moulds on the conveyor.,Le oe es tes,1,0.0,0.092,0.0,0.316,0.102,"#28251d,#665e4e,#b9b39e",1,,
JiisPUkcnSs,https://www.youtube.com/watch?v=JiisPUkcnSs,Satisfying Process of Mass Producing Candles. Korean Candle Factory,796.0,storyboard,70,557.2,565.16,7.96,https://youtu.be/JiisPUkcnSs?t=557s,cure_cool,assemble,1,0.45,Rows of candles cooling in the moulds on the conveyor.,aS ch SS ANS SS ri Sg hee 3 3 Mocster,1,0.0,0.035,0.18,0.646,0.24,"#dfd6c9,#a67429,#bda068",1,,
JiisPUkcnSs,https://www.youtube.com/watch?v=JiisPUkcnSs,Satisfying Process of Mass Producing Candles. Korean Candle Factory,796.0,storyboard,73,581.08,589.04,7.96,https://youtu.be/JiisPUkcnSs?t=581s,cure_cool,assemble,1,0.45,Rows of candles cooling in the moulds on the conveyor.,he,0,0.0,0.024,0.199,0.666,0.209,"#e1ded6,#81642c,#a69b86",1,,
Kgf2Nhmi_IU,https://www.youtube.com/watch?v=Kgf2Nhmi_IU,How to use TOAUTO 1.5L Handheld Wax Melting Kit to Make Christmas Candles? Beginners Candle Making,85.0,storyboard,9,69.55,77.27,7.72,https://youtu.be/Kgf2Nhmi_IU?t=70s,cure_cool,assemble,1,0.45,A white candle on a scale; tree- and shell-shaped silicone moulds.,By 4 as ex io xxi ites to ee een,1,0.0,0.061,0.201,0.653,0.153,"#d7c8b7,#ad927b,#483f3a",1,,
LiLrIjz_2ac,https://www.youtube.com/watch?v=LiLrIjz_2ac,Beginners Guide - How to Make a Scented Candle at Home,211.0,storyboard,19,154.19,162.31,8.12,https://youtu.be/LiLrIjz_2ac?t=154s,cure_cool,assemble,1,0.5,The poured jar is left to set.,5 al 5 2 fm ee ie ew rd ben 3 ras oe net bn sl yw,1,0.0,0.2,0.214,0.457,0.064,"#6e6865,#262a20,#c3c0c0",1,,
N1izApjGj2c,https://www.youtube.com/watch?v=N1izApjGj2c,How to Make a Candle | DIY Candle Making,285.0,storyboard,31,245.42,253.33,7.91,https://youtu.be/N1izApjGj2c?t=245s,cure_cool,assemble,1,0.5,The two white candles cool and turn opaque.,,0,0.333,0.001,0.034,0.714,0.035,"#c3bec0,#b0a9aa,#997d76",1,,
OvIwqhcWF6o,https://www.youtube.com/watch?v=OvIwqhcWF6o,How to remove soy wax pillar candle from plastic mould? | The easiest method | DIY,70.0,storyboard,3,23.33,31.11,7.78,https://youtu.be/OvIwqhcWF6o?t=23s,cure_cool,assemble,1,0.55,A hand holds the mould cap; caption: put the mould with candle in the freezer for 5-10 minutes.,,0,0.0,0.097,0.136,0.785,0.051,"#e9eaed,#b6b8ba,#4b4141",1,,description references on-screen text but OCR found none
OvIwqhcWF6o,https://www.youtube.com/watch?v=OvIwqhcWF6o,How to remove soy wax pillar candle from plastic mould? | The easiest method | DIY,70.0,storyboard,4,31.11,38.89,7.78,https://youtu.be/OvIwqhcWF6o?t=31s,cure_cool,assemble,1,0.55,The mould is placed in a freezer; caption about chilling to release the candle.,he. Yo,0,0.333,0.076,0.276,0.704,0.047,"#948c8a,#706564,#d8d3cf",1,,description references on-screen text but OCR found none
OvIwqhcWF6o,https://www.youtube.com/watch?v=OvIwqhcWF6o,How to remove soy wax pillar candle from plastic mould? | The easiest method | DIY,70.0,storyboard,5,38.89,46.67,7.78,https://youtu.be/OvIwqhcWF6o?t=39s,cure_cool,assemble,1,0.5,"Freezer interior; caption: take it out, let it reach room temperature, then unmould.",Tite beewre owt &erw yous Lee,1,0.0,0.089,0.259,0.672,0.067,"#908281,#675956,#f4f0e8",1,,
Rl8O7K9RvMA,https://www.youtube.com/watch?v=Rl8O7K9RvMA,How To Make A Layered Candle 🕯️| Supplies For Candles,114.0,storyboard,12,97.71,105.86,8.15,https://youtu.be/Rl8O7K9RvMA?t=98s,cure_cool,assemble,1,0.55,Finished blue ombre layered candle with white flowers; caption 'Leave your candle to set overnight before lighting'.,BA ea THann you FOR WATCHING! 0o2o0C0co0,1,0.0,0.04,0.151,0.891,0.031,"#fdfdfc,#b4aeac,#636461",1,,
Rpu5mH5me1Y,https://www.youtube.com/watch?v=Rpu5mH5me1Y,"How It's Made, Candles.",269.0,storyboard,17,134.5,142.41,7.91,https://youtu.be/Rpu5mH5me1Y?t=134s,cure_cool,assemble,1,0.4,Candles cooling on the racks.,Lm ee ae. NaN: Pianta er li: NN Ss nog Ys 7 tS,1,0.0,0.17,0.179,0.41,0.234,"#4c301d,#9b5f35,#e1a672",1,,
Rpu5mH5me1Y,https://www.youtube.com/watch?v=Rpu5mH5me1Y,"How It's Made, Candles.",269.0,storyboard,18,142.41,150.32,7.91,https://youtu.be/Rpu5mH5me1Y?t=142s,cure_cool,assemble,1,0.4,Tapers cooling on the conveyor.,,0,0.0,0.159,0.207,0.49,0.141,"#9c795d,#694f3b,#d7aa81",1,,
Rpu5mH5me1Y,https://www.youtube.com/watch?v=Rpu5mH5me1Y,"How It's Made, Candles.",269.0,storyboard,29,229.44,237.35,7.91,https://youtu.be/Rpu5mH5me1Y?t=229s,cure_cool,assemble,1,0.4,Rows of cream tapers hang to cool.,wi ii mi 7,1,0.0,0.097,0.301,0.468,0.154,"#a17f5b,#eed8a3,#412e1d",1,,
RwLOuuMSrWE,https://www.youtube.com/watch?v=RwLOuuMSrWE,CANDLE MAKING FOR BEGINNERS | How To Make Woodwick Candles,423.0,storyboard,37,295.3,303.28,7.98,https://youtu.be/RwLOuuMSrWE?t=295s,cure_cool,assemble,1,0.5,The candle sets and turns opaque white.,AWE ee ink eS,1,0.0,0.082,0.089,0.6,0.072,"#95918c,#c7cbc6,#645345",1,,
RwLOuuMSrWE,https://www.youtube.com/watch?v=RwLOuuMSrWE,CANDLE MAKING FOR BEGINNERS | How To Make Woodwick Candles,423.0,storyboard,38,303.28,311.26,7.98,https://youtu.be/RwLOuuMSrWE?t=303s,cure_cool,assemble,1,0.5,Set white candle with the wooden wick.,,0,0.0,0.075,0.198,0.634,0.057,"#bfc0bd,#8b8780,#493d33",1,,
RwLOuuMSrWE,https://www.youtube.com/watch?v=RwLOuuMSrWE,CANDLE MAKING FOR BEGINNERS | How To Make Woodwick Candles,423.0,storyboard,39,311.26,319.25,7.99,https://youtu.be/RwLOuuMSrWE?t=311s,cure_cool,assemble,1,0.45,A heat gun smooths the candle top.,,0,0.0,0.088,0.0,0.619,0.049,"#bec0bc,#8c8982,#443d32",1,,
RwLOuuMSrWE,https://www.youtube.com/watch?v=RwLOuuMSrWE,CANDLE MAKING FOR BEGINNERS | How To Make Woodwick Candles,423.0,storyboard,40,319.25,327.23,7.98,https://youtu.be/RwLOuuMSrWE?t=319s,cure_cool,assemble,1,0.45,Finished white candle with wooden wick.,,0,0.0,0.064,0.16,0.634,0.053,"#c7cdc8,#afa79c,#756f67",1,,
Sxy3vnXEe6I,https://www.youtube.com/watch?v=Sxy3vnXEe6I,Studio Vlog | Bulk Order Iced Coffee Candle | Make Candles with Me,533.0,storyboard,25,198.88,206.84,7.96,https://youtu.be/Sxy3vnXEe6I?t=199s,cure_cool,assemble,1,0.5,Rows of iced-coffee candles set.,2 re os Pe 4 ee fii ibe seed wi ee cx ie hy Lamia eS 9 oe pi ye 2 ae See. 2 alts ef,1,0.0,0.085,0.068,0.617,0.128,"#a29ead,#716156,#ced5ec",1,,
Sxy3vnXEe6I,https://www.youtube.com/watch?v=Sxy3vnXEe6I,Studio Vlog | Bulk Order Iced Coffee Candle | Make Candles with Me,533.0,storyboard,28,222.75,230.7,7.95,https://youtu.be/Sxy3vnXEe6I?t=223s,cure_cool,assemble,1,0.5,Rows of iced-coffee candles set.,ence bs pe no 28 Cae so nS iris ay View vi ee ONS ge tts SF Vy all ek ae YY alt Ane ak eo pz SF GS ngs,1,0.0,0.063,0.03,0.684,0.125,"#c3a79a,#d0c6d2,#9a8579",1,,
SzziH-bHCb0,https://www.youtube.com/watch?v=SzziH-bHCb0,Making Soy Wax Candles with Crackling Wooden Wicks,857.0,storyboard,50,400.47,408.48,8.01,https://youtu.be/SzziH-bHCb0?t=400s,cure_cool,assemble,1,0.4,Rows of poured jars setting.,Sor,0,0.0,0.173,0.0,0.517,0.103,"#908178,#5d4a43,#bdb3a8",1,,
SzziH-bHCb0,https://www.youtube.com/watch?v=SzziH-bHCb0,Making Soy Wax Candles with Crackling Wooden Wicks,857.0,storyboard,53,424.5,432.5,8.0,https://youtu.be/SzziH-bHCb0?t=424s,cure_cool,assemble,1,0.4,Rows of poured jars setting.,ae 42,0,0.0,0.174,0.0,0.504,0.15,"#9c8c80,#5d3935,#cec4bb",1,,
SzziH-bHCb0,https://www.youtube.com/watch?v=SzziH-bHCb0,Making Soy Wax Candles with Crackling Wooden Wicks,857.0,storyboard,59,472.55,480.56,8.01,https://youtu.be/SzziH-bHCb0?t=473s,cure_cool,assemble,1,0.4,Rows of poured jars setting.,Ah oe Yi!,1,0.0,0.13,0.031,0.489,0.155,"#928371,#62462e,#c6bbae",1,,
SzziH-bHCb0,https://www.youtube.com/watch?v=SzziH-bHCb0,Making Soy Wax Candles with Crackling Wooden Wicks,857.0,storyboard,62,496.58,504.59,8.01,https://youtu.be/SzziH-bHCb0?t=497s,cure_cool,assemble,1,0.4,Rows of poured jars setting.,Bite pie. fay Be ee,1,0.0,0.213,0.037,0.508,0.106,"#c4baae,#887b6e,#3a2a32",1,,
TNCR4em34hI,https://www.youtube.com/watch?v=TNCR4em34hI,DIY MINI ALTOIDS CANDLE [Prepping 365: #20],254.0,storyboard,16,127.0,134.94,7.94,https://youtu.be/TNCR4em34hI?t=127s,cure_cool,assemble,1,0.4,The tin candle setting.,Bon!,0,0.0,0.016,0.135,0.616,0.12,"#b0a390,#dccfc4,#4c3c27",1,,
ToGNCotyDeE,https://www.youtube.com/watch?v=ToGNCotyDeE,How to Make Candles With ToAuto New 15L Wax Melting Furnace - Start Your Candle Business Easily,246.0,storyboard,3,23.81,31.74,7.93,https://youtu.be/ToGNCotyDeE?t=24s,cure_cool,assemble,1,0.45,Rows of poured candles setting on the racks.,Be omg ty BS,1,0.0,0.06,0.19,0.599,0.092,"#e0dfdc,#3c3e3c,#a09178",1,,
ToGNCotyDeE,https://www.youtube.com/watch?v=ToGNCotyDeE,How to Make Candles With ToAuto New 15L Wax Melting Furnace - Start Your Candle Business Easily,246.0,storyboard,8,63.48,71.42,7.94,https://youtu.be/ToGNCotyDeE?t=63s,cure_cool,assemble,1,0.45,Rows of poured candles setting on the racks.,Veta ify,1,0.0,0.014,0.262,0.674,0.084,"#dde1e1,#c9c9c7,#be9878",1,,
ToGNCotyDeE,https://www.youtube.com/watch?v=ToGNCotyDeE,How to Make Candles With ToAuto New 15L Wax Melting Furnace - Start Your Candle Business Easily,246.0,storyboard,13,103.16,111.1,7.94,https://youtu.be/ToGNCotyDeE?t=103s,cure_cool,assemble,1,0.45,Rows of poured candles setting on the racks.,NL PA 2 LIS OE st 4 aT 7 any Ke. tld,1,0.0,0.206,0.16,0.426,0.133,"#3e2c21,#f4ebe5,#7e706a",1,,
ToGNCotyDeE,https://www.youtube.com/watch?v=ToGNCotyDeE,How to Make Candles With ToAuto New 15L Wax Melting Furnace - Start Your Candle Business Easily,246.0,storyboard,18,142.84,150.77,7.93,https://youtu.be/ToGNCotyDeE?t=143s,cure_cool,assemble,1,0.45,Rows of poured candles setting on the racks.,mo. nds 2 4 bi Al,1,0.0,0.019,0.076,0.833,0.079,"#e8e8e4,#c7bdaf,#3c3335",1,,
ToGNCotyDeE,https://www.youtube.com/watch?v=ToGNCotyDeE,How to Make Candles With ToAuto New 15L Wax Melting Furnace - Start Your Candle Business Easily,246.0,storyboard,23,182.52,190.45,7.93,https://youtu.be/ToGNCotyDeE?t=183s,cure_cool,assemble,1,0.45,Rows of poured candles setting on the racks.,ey il ah ant,1,0.0,0.054,0.193,0.568,0.088,"#cfd2d1,#9d9483,#343534",1,,
ToGNCotyDeE,https://www.youtube.com/watch?v=ToGNCotyDeE,How to Make Candles With ToAuto New 15L Wax Melting Furnace - Start Your Candle Business Easily,246.0,storyboard,28,222.19,230.13,7.94,https://youtu.be/ToGNCotyDeE?t=222s,cure_cool,assemble,1,0.45,Rows of poured candles setting on the racks.,me Ve Ps te 4 3,1,0.0,0.04,0.092,0.767,0.133,"#e4e9ee,#a8a3a5,#493a31",1,,
UH-OmRowiak,https://www.youtube.com/watch?v=UH-OmRowiak,Candle Making Process In Factory || How Candle Is Made,363.0,storyboard,1,8.07,16.13,8.06,https://youtu.be/UH-OmRowiak?t=8s,cure_cool,assemble,1,0.4,Candles cooling in the moulds on the line.,4 1 We 7 bad ny th tai ees poe,1,0.0,0.026,0.219,0.425,0.133,"#cd9d82,#1e252a,#6a696a",1,,
UH-OmRowiak,https://www.youtube.com/watch?v=UH-OmRowiak,Candle Making Process In Factory || How Candle Is Made,363.0,storyboard,5,40.33,48.4,8.07,https://youtu.be/UH-OmRowiak?t=40s,cure_cool,assemble,1,0.4,Candles cooling in the moulds on the line.,"os, eae sat hig ty zh aa er Luge. sie oe 8 VE eee OT Se ee Roe ee ae iv Fs ye Es rs Sad.",1,0.0,0.115,0.201,0.428,0.044,"#484547,#777476,#b4b2b5",1,,
UH-OmRowiak,https://www.youtube.com/watch?v=UH-OmRowiak,Candle Making Process In Factory || How Candle Is Made,363.0,storyboard,9,72.6,80.67,8.07,https://youtu.be/UH-OmRowiak?t=73s,cure_cool,assemble,1,0.4,Candles cooling in the moulds on the line.,Wasete Prademes if Mhding SS 7 wis boy SW it 7 es,1,0.0,0.168,0.251,0.465,0.054,"#a4a9af,#29211a,#6c6c6d",1,,
UH-OmRowiak,https://www.youtube.com/watch?v=UH-OmRowiak,Candle Making Process In Factory || How Candle Is Made,363.0,storyboard,13,104.87,112.93,8.06,https://youtu.be/UH-OmRowiak?t=105s,cure_cool,assemble,1,0.4,Candles cooling in the moulds on the line.,7 4 se er! rs Prone ot Ming ais 4 er Pry 4 7 ys 7 ay ee,1,0.0,0.196,0.237,0.412,0.085,"#343539,#716e60,#aab2b4",1,,
UH-OmRowiak,https://www.youtube.com/watch?v=UH-OmRowiak,Candle Making Process In Factory || How Candle Is Made,363.0,storyboard,21,169.4,177.47,8.07,https://youtu.be/UH-OmRowiak?t=169s,cure_cool,assemble,1,0.4,Candles cooling in the moulds on the line.,Yao Fi eee ae Perse 4 Se ey cnet eeeT ine ee Ge esdey ers we oe areas. rye sw ee ee GREW LN Set FH ERE SBS ras ee ae eee oe fl ao eh iy de ROE Se Sire ee? SS: OOS ie iy ae act ea 4 ae pe mS og ae ee S,1,0.0,0.183,0.214,0.431,0.105,"#56483d,#8a7b6d,#b9bebc",1,,
UH-OmRowiak,https://www.youtube.com/watch?v=UH-OmRowiak,Candle Making Process In Factory || How Candle Is Made,363.0,storyboard,25,201.67,209.73,8.06,https://youtu.be/UH-OmRowiak?t=202s,cure_cool,assemble,1,0.4,Candles cooling in the moulds on the line.,"eS coed ois Ph, oe GS. wee eRe Saas 3 as Ny ihe oan en. 1 js ia Ths os aN mM FT zy rf RiP Pewee na gf! ag Sr ye wr Sa fe SE",1,0.0,0.226,0.214,0.406,0.055,"#6f6b69,#2f3031,#adafae",1,,
UH-OmRowiak,https://www.youtube.com/watch?v=UH-OmRowiak,Candle Making Process In Factory || How Candle Is Made,363.0,storyboard,29,233.93,242.0,8.07,https://youtu.be/UH-OmRowiak?t=234s,cure_cool,assemble,1,0.4,Candles cooling in the moulds on the line.,oe gis tee 4 eB dS ane Me,1,0.0,0.089,0.259,0.401,0.083,"#3a312d,#6f6766,#b6b5b3",1,,
UH-OmRowiak,https://www.youtube.com/watch?v=UH-OmRowiak,Candle Making Process In Factory || How Candle Is Made,363.0,storyboard,33,266.2,274.27,8.07,https://youtu.be/UH-OmRowiak?t=266s,cure_cool,assemble,1,0.4,Candles cooling in the moulds on the line.,"ge ae oe Pere, oe as es Saene erlubs ator Nee ry Ft gh on TS 7 eo 7 4 aoe olf je Fea iD dey at wo",1,0.0,0.092,0.22,0.474,0.13,"#af9f8e,#836d5d,#382a22",1,,
Ucr1PgqwuCU,https://www.youtube.com/watch?v=Ucr1PgqwuCU,How to Make Coconut Oil Scented Candles | Thrive Market,230.0,storyboard,24,190.34,198.28,7.94,https://youtu.be/Ucr1PgqwuCU?t=190s,cure_cool,assemble,1,0.55,Caption 'LET DRY FOR 2 DAYS'; jars set on the stove.,TT is ibe 1 ASP AWiGST Cm fi ums Te ba Pa RE nal wa ae,1,0.333,0.095,0.129,0.429,0.129,"#44303e,#7e7679,#adaeb3",1,,
V50SgBW1bRM,https://www.youtube.com/watch?v=V50SgBW1bRM,🔥 Watch Me Make Luxury Pillar Candles! | Get My Exact Recipe in the Ultimate Candle-Making eBook! 🔥,546.0,storyboard,0,0.0,8.03,8.03,https://youtu.be/V50SgBW1bRM?t=0s,cure_cool,assemble,1,0.4,Yellow pillar candles setting in the moulds.,cl al ily 4 2 oe es ere ss os Se ee ae ean an tm ey oo ne peg ee ee has eii- AG Se. ee eet Os ee 0 tare Ff oe ge ag lie en Me op aes oe,1,0.0,0.212,0.174,0.59,0.082,"#d1d1c3,#918f86,#574c40",1,,
V50SgBW1bRM,https://www.youtube.com/watch?v=V50SgBW1bRM,🔥 Watch Me Make Luxury Pillar Candles! | Get My Exact Recipe in the Ultimate Candle-Making eBook! 🔥,546.0,storyboard,4,32.12,40.15,8.03,https://youtu.be/V50SgBW1bRM?t=32s,cure_cool,assemble,1,0.4,Yellow pillar candles setting in the moulds.,2 ew fa ide tf Gi ae SS pt So Fie,1,0.0,0.082,0.183,0.524,0.129,"#7b725d,#c3baa5,#302a25",1,,
V50SgBW1bRM,https://www.youtube.com/watch?v=V50SgBW1bRM,🔥 Watch Me Make Luxury Pillar Candles! | Get My Exact Recipe in the Ultimate Candle-Making eBook! 🔥,546.0,storyboard,6,48.18,56.21,8.03,https://youtu.be/V50SgBW1bRM?t=48s,cure_cool,assemble,1,0.4,Yellow pillar candles setting in the moulds.,es 3 FE ike Prk ron LSA QQ os er.,1,0.0,0.047,0.126,0.518,0.165,"#c8b7a0,#8f785c,#2c2b28",1,,
V50SgBW1bRM,https://www.youtube.com/watch?v=V50SgBW1bRM,🔥 Watch Me Make Luxury Pillar Candles! | Get My Exact Recipe in the Ultimate Candle-Making eBook! 🔥,546.0,storyboard,32,256.94,264.97,8.03,https://youtu.be/V50SgBW1bRM?t=257s,cure_cool,assemble,1,0.5,Rows of pillar candles setting.,bas nae pee ety og Oe ee ee hy es 2 gree Ss rie Le re oo Le we fegri ny Tie 4 ats ne vi mm Se Pas fi re 7 Ys Seed,1,0.0,0.152,0.039,0.514,0.095,"#c7c2b6,#817a6e,#3c382c",1,,
V50SgBW1bRM,https://www.youtube.com/watch?v=V50SgBW1bRM,🔥 Watch Me Make Luxury Pillar Candles! | Get My Exact Recipe in the Ultimate Candle-Making eBook! 🔥,546.0,storyboard,36,289.06,297.09,8.03,https://youtu.be/V50SgBW1bRM?t=289s,cure_cool,assemble,1,0.5,Demoulding/trimming the ribbed & bubble pillar candles.,Pe oI Cz 2 eo: 7 At,1,0.0,0.077,0.104,0.573,0.145,"#c8c2b7,#937b6c,#42372e",1,,
V50SgBW1bRM,https://www.youtube.com/watch?v=V50SgBW1bRM,🔥 Watch Me Make Luxury Pillar Candles! | Get My Exact Recipe in the Ultimate Candle-Making eBook! 🔥,546.0,storyboard,38,305.12,313.15,8.03,https://youtu.be/V50SgBW1bRM?t=305s,cure_cool,assemble,1,0.5,Rows of pillar candles setting.,iis ee is an HA te sf hh oo fa. 3 eee et Pid tikes ee et,1,0.0,0.068,0.021,0.556,0.149,"#c8c2b5,#947d6f,#443a30",1,,
V50SgBW1bRM,https://www.youtube.com/watch?v=V50SgBW1bRM,🔥 Watch Me Make Luxury Pillar Candles! | Get My Exact Recipe in the Ultimate Candle-Making eBook! 🔥,546.0,storyboard,39,313.15,321.18,8.03,https://youtu.be/V50SgBW1bRM?t=313s,cure_cool,assemble,1,0.5,Demoulding/trimming the ribbed & bubble pillar candles.,iT Bf Ge Wi,1,0.0,0.026,0.013,0.656,0.079,"#cbccc7,#989180,#574c3a",1,,
V50SgBW1bRM,https://www.youtube.com/watch?v=V50SgBW1bRM,🔥 Watch Me Make Luxury Pillar Candles! | Get My Exact Recipe in the Ultimate Candle-Making eBook! 🔥,546.0,storyboard,40,321.18,329.21,8.03,https://youtu.be/V50SgBW1bRM?t=321s,cure_cool,assemble,1,0.5,Rows of pillar candles setting.,ES Wt if,1,0.0,0.035,0.219,0.605,0.09,"#c8c7bd,#948f7e,#575344",1,,
V50SgBW1bRM,https://www.youtube.com/watch?v=V50SgBW1bRM,🔥 Watch Me Make Luxury Pillar Candles! | Get My Exact Recipe in the Ultimate Candle-Making eBook! 🔥,546.0,storyboard,41,329.21,337.24,8.03,https://youtu.be/V50SgBW1bRM?t=329s,cure_cool,assemble,1,0.5,Demoulding/trimming the ribbed & bubble pillar candles.,,0,0.0,0.018,0.0,0.636,0.073,"#c7c7c0,#989381,#5c574a",1,,
V50SgBW1bRM,https://www.youtube.com/watch?v=V50SgBW1bRM,🔥 Watch Me Make Luxury Pillar Candles! | Get My Exact Recipe in the Ultimate Candle-Making eBook! 🔥,546.0,storyboard,42,337.24,345.26,8.02,https://youtu.be/V50SgBW1bRM?t=337s,cure_cool,assemble,1,0.5,Rows of pillar candles setting.,,0,0.0,0.016,0.069,0.631,0.085,"#c7c7bf,#9c9683,#5c5342",1,,
Vsd8r7uSDII,https://www.youtube.com/watch?v=Vsd8r7uSDII,How To Make A Wooden Wick Candle | Luxury Candle Making,288.0,storyboard,30,240.0,248.0,8.0,https://youtu.be/Vsd8r7uSDII?t=240s,cure_cool,assemble,1,0.55,Caption '24HRS LEFT / STEP 8'; candles setting.,Auinc ss oe,1,0.0,0.05,0.234,0.525,0.153,"#aa8e71,#5a4739,#e4c7a4",1,,
WfkIQ899U7M,https://www.youtube.com/watch?v=WfkIQ899U7M,Making a Batch of Candles and Packing an Order | Silent Studio Vlog,240.0,storyboard,13,104.0,112.0,8.0,https://youtu.be/WfkIQ899U7M?t=104s,cure_cool,assemble,1,0.45,Rows of jars setting.,ae.,0,0.0,0.035,0.045,0.435,0.083,"#7c6652,#a5988b,#3a2b20",1,,
WfkIQ899U7M,https://www.youtube.com/watch?v=WfkIQ899U7M,Making a Batch of Candles and Packing an Order | Silent Studio Vlog,240.0,storyboard,14,112.0,120.0,8.0,https://youtu.be/WfkIQ899U7M?t=112s,cure_cool,assemble,1,0.4,Adjusting wicks in the jars.,Se 7 cP,0,0.0,0.035,0.052,0.431,0.08,"#a4978a,#75604f,#35251b",1,,
WfkIQ899U7M,https://www.youtube.com/watch?v=WfkIQ899U7M,Making a Batch of Candles and Packing an Order | Silent Studio Vlog,240.0,storyboard,15,120.0,128.0,8.0,https://youtu.be/WfkIQ899U7M?t=120s,cure_cool,assemble,1,0.45,Rows of jars cooling.,ie. aS ay,1,0.0,0.042,0.061,0.423,0.078,"#9c8f82,#705b4b,#2e2219",1,,
ZQk9l2ttcIA,https://www.youtube.com/watch?v=ZQk9l2ttcIA,A Beginners Guide To Making A Candle,256.0,storyboard,21,168.0,176.0,8.0,https://youtu.be/ZQk9l2ttcIA?t=168s,cure_cool,assemble,1,0.6,row of filled glasses setting,ED 4,0,0.0,0.144,0.102,0.458,0.122,"#b8b1a8,#7b594f,#241d15",1,,
ZQk9l2ttcIA,https://www.youtube.com/watch?v=ZQk9l2ttcIA,A Beginners Guide To Making A Candle,256.0,storyboard,22,176.0,184.0,8.0,https://youtu.be/ZQk9l2ttcIA?t=176s,cure_cool,assemble,1,0.6,pink candles cooling,ea Sa Re fe ee ee,1,0.0,0.15,0.216,0.475,0.114,"#bbb2a8,#7d6154,#2a1e17",1,,
_eyf0tCZzBY,https://www.youtube.com/watch?v=_eyf0tCZzBY,Non-toxic DIY Candles with Beeswax & Coconut Oil | Great for Meditation and Manifesting Practices,150.0,storyboard,13,102.63,110.53,7.9,https://youtu.be/_eyf0tCZzBY?t=103s,cure_cool,assemble,1,0.5,Filled tins left to set amid the floral decor.,"O2e Ps 2 wv, ij Irs.",1,0.0,0.185,0.291,0.556,0.14,"#d2cbc5,#9f917e,#603c38",1,,
a9IOU3fbWx0,https://www.youtube.com/watch?v=a9IOU3fbWx0,How to Make Simple Paraffin Candles | Candle Making Guides | CandleScience,221.0,storyboard,20,157.86,165.75,7.89,https://youtu.be/a9IOU3fbWx0?t=158s,cure_cool,assemble,1,0.5,Green candle in the jar left to set.,,0,0.0,0.049,0.185,0.528,0.076,"#3e403b,#b2b2b2,#838a74",1,,
b1S_cWpGUbM,https://www.youtube.com/watch?v=b1S_cWpGUbM,DIY ALL NATURAL & NON TOXIC CANDLES,563.0,storyboard,49,394.1,402.14,8.04,https://youtu.be/b1S_cWpGUbM?t=394s,cure_cool,assemble,1,0.5,Rows of natural candles setting.,ag,0,0.0,0.015,0.176,0.38,0.087,"#423730,#776c65,#aba9a4",1,,
b1S_cWpGUbM,https://www.youtube.com/watch?v=b1S_cWpGUbM,DIY ALL NATURAL & NON TOXIC CANDLES,563.0,storyboard,50,402.14,410.19,8.05,https://youtu.be/b1S_cWpGUbM?t=402s,cure_cool,assemble,1,0.5,Rows of natural candles setting.,ley. 4 fe 7,1,0.0,0.034,0.193,0.33,0.097,"#291f1e,#6b5349,#bfbcbb",1,,
bE3cn6R9khs,https://www.youtube.com/watch?v=bE3cn6R9khs,HOW TO MAKE CANDLES THAT ACTUALLY SMELL GOOD,263.0,storyboard,14,111.58,119.55,7.97,https://youtu.be/bE3cn6R9khs?t=112s,cure_cool,assemble,1,0.4,Filled glass in the black pan setting.,yY WV 1,0,0.0,0.211,0.036,0.205,0.114,"#634d36,#101114,#9b9b9d",1,,
bE3cn6R9khs,https://www.youtube.com/watch?v=bE3cn6R9khs,HOW TO MAKE CANDLES THAT ACTUALLY SMELL GOOD,263.0,storyboard,26,207.21,215.18,7.97,https://youtu.be/bE3cn6R9khs?t=207s,cure_cool,assemble,1,0.5,Yellow candle in the glass left to set.,ee,0,0.0,0.017,0.161,0.609,0.113,"#bcbcc7,#989184,#7c6b2b",1,,
brxojqIpgH0,https://www.youtube.com/watch?v=brxojqIpgH0,How to Make Soy Tealight Candles | DIY Candle Making,171.0,storyboard,15,122.14,130.29,8.15,https://youtu.be/brxojqIpgH0?t=122s,cure_cool,assemble,1,0.5,Filled red tealights begin to set; a dye drop shown.,2,0,0.333,0.036,0.195,0.593,0.144,"#d3d2d2,#6a1b25,#a9969a",1,,
brxojqIpgH0,https://www.youtube.com/watch?v=brxojqIpgH0,How to Make Soy Tealight Candles | DIY Candle Making,171.0,storyboard,16,130.29,138.43,8.14,https://youtu.be/brxojqIpgH0?t=130s,cure_cool,assemble,1,0.5,Tray of red tealights cooling.,7 ia.,0,0.0,0.031,0.174,0.563,0.156,"#d3d1d2,#6a1925,#a79190",1,,
e4kzTAoOkm8,https://www.youtube.com/watch?v=e4kzTAoOkm8,How to Make a Soy Wax Pillar Candle | Village Craft & Candle,275.0,storyboard,23,186.03,194.12,8.09,https://youtu.be/e4kzTAoOkm8?t=186s,cure_cool,assemble,1,0.45,The poured pillar candle setting in the mould.,"Wy Sy ae th Bi ig Nueacatl oe ang ATRAY, JEQURSTRE ie Dy. PE REO WN mm. sTDEMEKITO Oe PRIME IT aA TS PP ee Ms SN",1,0.0,0.109,0.037,0.563,0.157,"#ac9274,#816450,#c0b2d0",1,,
e4kzTAoOkm8,https://www.youtube.com/watch?v=e4kzTAoOkm8,How to Make a Soy Wax Pillar Candle | Village Craft & Candle,275.0,storyboard,24,194.12,202.21,8.09,https://youtu.be/e4kzTAoOkm8?t=194s,cure_cool,assemble,1,0.45,The poured pillar candle setting in the mould.,STEP 7 ALLOW YOUR CANDLE TO HARDEN COMPLE,1,0.0,0.057,0.046,0.643,0.09,"#82ada3,#f0f5f6,#b9c7c7",1,,
e4kzTAoOkm8,https://www.youtube.com/watch?v=e4kzTAoOkm8,How to Make a Soy Wax Pillar Candle | Village Craft & Candle,275.0,storyboard,27,218.38,226.47,8.09,https://youtu.be/e4kzTAoOkm8?t=218s,cure_cool,assemble,1,0.45,The poured pillar candle setting in the mould.,2,0,0.0,0.021,0.15,0.547,0.193,"#ad776a,#deb7d2,#824f3f",1,,
e4kzTAoOkm8,https://www.youtube.com/watch?v=e4kzTAoOkm8,How to Make a Soy Wax Pillar Candle | Village Craft & Candle,275.0,storyboard,28,226.47,234.56,8.09,https://youtu.be/e4kzTAoOkm8?t=226s,cure_cool,assemble,1,0.45,The poured pillar candle setting in the mould.,eee Se Ta BOTTOM AND LONG/ON THE TOP Le,1,0.333,0.092,0.074,0.587,0.19,"#bb816a,#d6c7d4,#845042",1,,
e4kzTAoOkm8,https://www.youtube.com/watch?v=e4kzTAoOkm8,How to Make a Soy Wax Pillar Candle | Village Craft & Candle,275.0,storyboard,29,234.56,242.65,8.09,https://youtu.be/e4kzTAoOkm8?t=235s,cure_cool,assemble,1,0.45,The poured pillar candle setting in the mould.,BOTTOM AND LONG ON THE TOP yr,1,0.0,0.096,0.107,0.58,0.198,"#b47c68,#d8c0d4,#7b4e44",1,,
e4kzTAoOkm8,https://www.youtube.com/watch?v=e4kzTAoOkm8,How to Make a Soy Wax Pillar Candle | Village Craft & Candle,275.0,storyboard,30,242.65,250.74,8.09,https://youtu.be/e4kzTAoOkm8?t=243s,cure_cool,assemble,1,0.45,The poured pillar candle setting in the mould.,STEP 8 ALLOW YOUR CANDLE TO CURE FOR 2 WEEKS. THEN LIGHT ENJOY!,1,0.0,0.075,0.164,0.628,0.152,"#83ada3,#e6f4f4,#b9c9c8",1,,
e4kzTAoOkm8,https://www.youtube.com/watch?v=e4kzTAoOkm8,How to Make a Soy Wax Pillar Candle | Village Craft & Candle,275.0,storyboard,31,250.74,258.82,8.08,https://youtu.be/e4kzTAoOkm8?t=251s,cure_cool,assemble,1,0.45,The poured pillar candle setting in the mould.,ONHEAT SAFE qe PLATE. NEVERWEAVENT,1,0.0,0.055,0.072,0.618,0.169,"#96754d,#c7bcaa,#41301e",1,,
ejlyZKwVMU8,https://www.youtube.com/watch?v=ejlyZKwVMU8,HOW TO MAKE WOODEN WICK SCENTED CANDLE | SOY WAX VANILLA SANDAL CANDLE DIY,117.0,storyboard,11,85.8,93.6,7.8,https://youtu.be/ejlyZKwVMU8?t=86s,cure_cool,assemble,1,0.55,Caption 'leave for 1 hour'; the filled cup rests to set.,owe,0,0.0,0.062,0.113,0.573,0.063,"#bab9b6,#8c817b,#584a43",1,,description references on-screen text but OCR found none
eyHB2gfWo_I,https://www.youtube.com/watch?v=eyHB2gfWo_I,How to make Coconut Wax Candles at home,324.0,storyboard,17,137.7,145.8,8.1,https://youtu.be/eyHB2gfWo_I?t=138s,cure_cool,assemble,1,0.45,Filled jars left to set.,,0,0.0,0.067,0.23,0.425,0.198,"#a6977c,#312110,#725936",1,,
eyHB2gfWo_I,https://www.youtube.com/watch?v=eyHB2gfWo_I,How to make Coconut Wax Candles at home,324.0,storyboard,23,186.3,194.4,8.1,https://youtu.be/eyHB2gfWo_I?t=186s,cure_cool,assemble,1,0.45,Jars filled with cream wax setting.,,0,0.0,0.063,0.034,0.363,0.173,"#7b6239,#4d2911,#bda891",1,,
gUmo_4_EhuI,https://www.youtube.com/watch?v=gUmo_4_EhuI,Make DIY Aesthetic Candles with Me | DIY cute candles handmade candle gift ideas | Temu molds review,529.0,storyboard,61,488.92,496.94,8.02,https://youtu.be/gUmo_4_EhuI?t=489s,cure_cool,assemble,1,0.5,Candle setting.,7 7 7 7 wa 2,1,0.0,0.074,0.0,0.585,0.111,"#a2998d,#cbcaca,#615548",1,,
hHOzUDG8Upg,https://www.youtube.com/watch?v=hHOzUDG8Upg,Mass Production Process of Candle. A day in a Candle Factory.,796.0,storyboard,6,47.76,55.72,7.96,https://youtu.be/hHOzUDG8Upg?t=48s,cure_cool,assemble,1,0.4,Rows of white candles cooling in the moulds on the line.,Mt 4 NY mie ee 4 on,1,0.0,0.039,0.0,0.28,0.051,"#1f1f1a,#524f44,#a4a198",1,,
hHOzUDG8Upg,https://www.youtube.com/watch?v=hHOzUDG8Upg,Mass Production Process of Candle. A day in a Candle Factory.,796.0,storyboard,10,79.6,87.56,7.96,https://youtu.be/hHOzUDG8Upg?t=80s,cure_cool,assemble,1,0.4,Rows of white candles cooling in the moulds on the line.,oe Bs Ni 3. mae ek. al oe! 3 3 tf 4 at ul sa Vi tine ae shy,1,0.0,0.125,0.222,0.407,0.05,"#706d61,#37342c,#a8a49a",1,,
hHOzUDG8Upg,https://www.youtube.com/watch?v=hHOzUDG8Upg,Mass Production Process of Candle. A day in a Candle Factory.,796.0,storyboard,18,143.28,151.24,7.96,https://youtu.be/hHOzUDG8Upg?t=143s,cure_cool,assemble,1,0.4,Rows of white candles cooling in the moulds on the line.,4 ttle 3 as 4,1,0.0,0.017,0.249,0.45,0.043,"#68655a,#b9b8b1,#262520",1,,
hHOzUDG8Upg,https://www.youtube.com/watch?v=hHOzUDG8Upg,Mass Production Process of Candle. A day in a Candle Factory.,796.0,storyboard,24,191.04,199.0,7.96,https://youtu.be/hHOzUDG8Upg?t=191s,cure_cool,assemble,1,0.45,Rows of candles cooling in the moulds on the conveyor.,es ai tis Site dt,1,0.0,0.028,0.0,0.405,0.047,"#777062,#332c21,#beb8ac",1,,
hHOzUDG8Upg,https://www.youtube.com/watch?v=hHOzUDG8Upg,Mass Production Process of Candle. A day in a Candle Factory.,796.0,storyboard,25,199.0,206.96,7.96,https://youtu.be/hHOzUDG8Upg?t=199s,cure_cool,assemble,1,0.45,Rows of candles cooling in the moulds on the conveyor.,we,0,0.0,0.125,0.222,0.622,0.153,"#c0b93f,#6b632d,#bcb684",1,,
hHOzUDG8Upg,https://www.youtube.com/watch?v=hHOzUDG8Upg,Mass Production Process of Candle. A day in a Candle Factory.,796.0,storyboard,28,222.88,230.84,7.96,https://youtu.be/hHOzUDG8Upg?t=223s,cure_cool,assemble,1,0.45,Rows of candles cooling in the moulds on the conveyor.,2 po gs NS nee Views ee ee ww wy ez ay ny tan oo Ay ig oa by el,1,0.0,0.104,0.299,0.515,0.254,"#252015,#bfbb8a,#726a51",1,,
hHOzUDG8Upg,https://www.youtube.com/watch?v=hHOzUDG8Upg,Mass Production Process of Candle. A day in a Candle Factory.,796.0,storyboard,31,246.76,254.72,7.96,https://youtu.be/hHOzUDG8Upg?t=247s,cure_cool,assemble,1,0.45,Rows of candles cooling in the moulds on the conveyor.,9 4 Eo ae 4 4 of,1,0.0,0.072,0.225,0.522,0.229,"#807a40,#c8c470,#494215",1,,
hHOzUDG8Upg,https://www.youtube.com/watch?v=hHOzUDG8Upg,Mass Production Process of Candle. A day in a Candle Factory.,796.0,storyboard,36,286.56,294.52,7.96,https://youtu.be/hHOzUDG8Upg?t=287s,cure_cool,assemble,1,0.45,Rows of candles cooling in the moulds on the conveyor.,we rw Bi pr Oouy 7 ee he By AN eed,1,0.0,0.069,0.29,0.508,0.192,"#b5b79b,#9f9748,#686442",1,,
hHOzUDG8Upg,https://www.youtube.com/watch?v=hHOzUDG8Upg,Mass Production Process of Candle. A day in a Candle Factory.,796.0,storyboard,39,310.44,318.4,7.96,https://youtu.be/hHOzUDG8Upg?t=310s,cure_cool,assemble,1,0.45,Rows of candles cooling in the moulds on the conveyor.,po we ra es,1,0.0,0.106,0.193,0.601,0.196,"#9f9132,#c1bd5e,#736428",1,,
hHOzUDG8Upg,https://www.youtube.com/watch?v=hHOzUDG8Upg,Mass Production Process of Candle. A day in a Candle Factory.,796.0,storyboard,40,318.4,326.36,7.96,https://youtu.be/hHOzUDG8Upg?t=318s,cure_cool,assemble,1,0.45,Rows of candles cooling in the moulds on the conveyor.,al ae,0,0.0,0.071,0.0,0.388,0.102,"#1e1f20,#b7b8a1,#6f6f5f",1,,
hHOzUDG8Upg,https://www.youtube.com/watch?v=hHOzUDG8Upg,Mass Production Process of Candle. A day in a Candle Factory.,796.0,storyboard,41,326.36,334.32,7.96,https://youtu.be/hHOzUDG8Upg?t=326s,cure_cool,assemble,1,0.45,Factory: wax fed into the moulding line.,es ee aie nt aan ote be bat ay at SS in ve,1,0.0,0.08,0.185,0.396,0.181,"#1b1c1a,#babb96,#757661",1,,
hHOzUDG8Upg,https://www.youtube.com/watch?v=hHOzUDG8Upg,Mass Production Process of Candle. A day in a Candle Factory.,796.0,storyboard,42,334.32,342.28,7.96,https://youtu.be/hHOzUDG8Upg?t=334s,cure_cool,assemble,1,0.45,Rows of candles cooling in the moulds on the conveyor.,"ey oe UT 7 ey 4 ae, 1",1,0.0,0.039,0.209,0.482,0.228,"#bdbb72,#27271a,#767447",1,,
hHOzUDG8Upg,https://www.youtube.com/watch?v=hHOzUDG8Upg,Mass Production Process of Candle. A day in a Candle Factory.,796.0,storyboard,45,358.2,366.16,7.96,https://youtu.be/hHOzUDG8Upg?t=358s,cure_cool,assemble,1,0.45,Rows of candles cooling in the moulds on the conveyor.,2 cine UT ae we rs al,1,0.0,0.119,0.239,0.388,0.16,"#342d18,#6e6744,#b9b9a4",1,,
hHOzUDG8Upg,https://www.youtube.com/watch?v=hHOzUDG8Upg,Mass Production Process of Candle. A day in a Candle Factory.,796.0,storyboard,46,366.16,374.12,7.96,https://youtu.be/hHOzUDG8Upg?t=366s,cure_cool,assemble,1,0.45,Rows of candles cooling in the moulds on the conveyor.,,0,0.0,0.012,0.0,0.204,0.122,"#070706,#423b23,#8c8868",1,,
hHOzUDG8Upg,https://www.youtube.com/watch?v=hHOzUDG8Upg,Mass Production Process of Candle. A day in a Candle Factory.,796.0,storyboard,49,390.04,398.0,7.96,https://youtu.be/hHOzUDG8Upg?t=390s,cure_cool,assemble,1,0.45,Rows of candles cooling in the moulds on the conveyor.,Bip Pome rae ee 4 ea ie me ae Monster,1,0.0,0.164,0.195,0.395,0.136,"#23231f,#6c6856,#c6c5ab",1,,
hHOzUDG8Upg,https://www.youtube.com/watch?v=hHOzUDG8Upg,Mass Production Process of Candle. A day in a Candle Factory.,796.0,storyboard,50,398.0,405.96,7.96,https://youtu.be/hHOzUDG8Upg?t=398s,cure_cool,assemble,1,0.45,Factory: molten wax vat/channel.,ae Fr cert boll it tee ioee rang? iit aba he hie bie hh ee ity lp? ee ed mk ee sae eS,1,0.0,0.099,0.289,0.506,0.279,"#8f844f,#333026,#d1cea6",1,,
hHOzUDG8Upg,https://www.youtube.com/watch?v=hHOzUDG8Upg,Mass Production Process of Candle. A day in a Candle Factory.,796.0,storyboard,52,413.92,421.88,7.96,https://youtu.be/hHOzUDG8Upg?t=414s,cure_cool,assemble,1,0.45,Rows of candles cooling in the moulds on the conveyor.,ae nt Tay 3,1,0.0,0.072,0.258,0.311,0.139,"#24272b,#d9d27e,#887d4d",1,,
hHOzUDG8Upg,https://www.youtube.com/watch?v=hHOzUDG8Upg,Mass Production Process of Candle. A day in a Candle Factory.,796.0,storyboard,53,421.88,429.84,7.96,https://youtu.be/hHOzUDG8Upg?t=422s,cure_cool,assemble,1,0.45,Demoulded finished candles on the line / in bins.,,0,0.0,0.017,0.0,0.569,0.248,"#afa237,#524b2c,#c5bc70",1,,
hHOzUDG8Upg,https://www.youtube.com/watch?v=hHOzUDG8Upg,Mass Production Process of Candle. A day in a Candle Factory.,796.0,storyboard,54,429.84,437.8,7.96,https://youtu.be/hHOzUDG8Upg?t=430s,cure_cool,assemble,1,0.45,Rows of candles cooling in the moulds on the conveyor.,ee we yee ae fs sg rie raghey,1,0.0,0.099,0.336,0.548,0.039,"#d1cfc7,#25271d,#848178",1,,
hHOzUDG8Upg,https://www.youtube.com/watch?v=hHOzUDG8Upg,Mass Production Process of Candle. A day in a Candle Factory.,796.0,storyboard,55,437.8,445.76,7.96,https://youtu.be/hHOzUDG8Upg?t=438s,cure_cool,assemble,1,0.45,Rows of candles cooling in the moulds on the conveyor.,"Py ub iis 7 77 em ie oa, as Lie fs Ih an Fa, ig wy Ae, ie SR bonater cig Af ats",1,0.0,0.114,0.229,0.471,0.17,"#ad9e87,#756856,#2b2b22",1,,
hHOzUDG8Upg,https://www.youtube.com/watch?v=hHOzUDG8Upg,Mass Production Process of Candle. A day in a Candle Factory.,796.0,storyboard,57,453.72,461.68,7.96,https://youtu.be/hHOzUDG8Upg?t=454s,cure_cool,assemble,1,0.45,Rows of candles cooling in the moulds on the conveyor.,,0,0.0,0.057,0.306,0.511,0.058,"#c1bfb7,#88847a,#333229",1,,
hHOzUDG8Upg,https://www.youtube.com/watch?v=hHOzUDG8Upg,Mass Production Process of Candle. A day in a Candle Factory.,796.0,storyboard,58,461.68,469.64,7.96,https://youtu.be/hHOzUDG8Upg?t=462s,cure_cool,assemble,1,0.45,Rows of candles cooling in the moulds on the conveyor.,"ft ag ty ce WY TT, ey, aA. Aiba VY VP io ri Se 14 oP, 4",1,0.0,0.085,0.267,0.481,0.109,"#967d5b,#2c2921,#cecac0",1,,
hHOzUDG8Upg,https://www.youtube.com/watch?v=hHOzUDG8Upg,Mass Production Process of Candle. A day in a Candle Factory.,796.0,storyboard,59,469.64,477.6,7.96,https://youtu.be/hHOzUDG8Upg?t=470s,cure_cool,assemble,1,0.45,Demoulded finished candles on the line / in bins.,ee Pe Ps Moe er,1,0.0,0.125,0.0,0.428,0.077,"#c8c4bb,#191815,#6d614e",1,,
hHOzUDG8Upg,https://www.youtube.com/watch?v=hHOzUDG8Upg,Mass Production Process of Candle. A day in a Candle Factory.,796.0,storyboard,60,477.6,485.56,7.96,https://youtu.be/hHOzUDG8Upg?t=478s,cure_cool,assemble,1,0.45,Rows of candles cooling in the moulds on the conveyor.,ae,0,0.0,0.103,0.359,0.461,0.054,"#252623,#736c5e,#cdccc3",1,,
hHOzUDG8Upg,https://www.youtube.com/watch?v=hHOzUDG8Upg,Mass Production Process of Candle. A day in a Candle Factory.,796.0,storyboard,61,485.56,493.52,7.96,https://youtu.be/hHOzUDG8Upg?t=486s,cure_cool,assemble,1,0.45,Rows of candles cooling in the moulds on the conveyor.,ao os rn ae,1,0.0,0.074,0.0,0.285,0.065,"#25241e,#716a5c,#d9d6cd",1,,
hHOzUDG8Upg,https://www.youtube.com/watch?v=hHOzUDG8Upg,Mass Production Process of Candle. A day in a Candle Factory.,796.0,storyboard,62,493.52,501.48,7.96,https://youtu.be/hHOzUDG8Upg?t=494s,cure_cool,assemble,1,0.45,Demoulded finished candles on the line / in bins.,"ie el ff, ea",1,0.0,0.176,0.297,0.385,0.048,"#bab7b0,#25241f,#6e6a63",1,,
hHOzUDG8Upg,https://www.youtube.com/watch?v=hHOzUDG8Upg,Mass Production Process of Candle. A day in a Candle Factory.,796.0,storyboard,63,501.48,509.44,7.96,https://youtu.be/hHOzUDG8Upg?t=501s,cure_cool,assemble,1,0.45,Rows of candles cooling in the moulds on the conveyor.,2 ny ea 7 eo SF Th ae ow NX bicmaber ae OD,1,0.0,0.084,0.301,0.443,0.041,"#cccac2,#6b6860,#24221d",1,,
hHOzUDG8Upg,https://www.youtube.com/watch?v=hHOzUDG8Upg,Mass Production Process of Candle. A day in a Candle Factory.,796.0,storyboard,64,509.44,517.4,7.96,https://youtu.be/hHOzUDG8Upg?t=509s,cure_cool,assemble,1,0.45,Rows of candles cooling in the moulds on the conveyor.,,0,0.0,0.004,0.0,0.305,0.047,"#0b0b0a,#6f6a5d,#a2a093",1,,
hHOzUDG8Upg,https://www.youtube.com/watch?v=hHOzUDG8Upg,Mass Production Process of Candle. A day in a Candle Factory.,796.0,storyboard,65,517.4,525.36,7.96,https://youtu.be/hHOzUDG8Upg?t=517s,cure_cool,assemble,1,0.45,Demoulded finished candles on the line / in bins.,re ae ie we Ve of mee 4fve so oe eee ie oe Mj ae 3 WA ae FJ ny ee nn ffs ip 7 VA we,1,0.0,0.099,0.348,0.488,0.06,"#80817b,#c9ccc7,#2f2c25",1,,
hHOzUDG8Upg,https://www.youtube.com/watch?v=hHOzUDG8Upg,Mass Production Process of Candle. A day in a Candle Factory.,796.0,storyboard,66,525.36,533.32,7.96,https://youtu.be/hHOzUDG8Upg?t=525s,cure_cool,assemble,1,0.45,Rows of candles cooling in the moulds on the conveyor.,si on 3 vf SY Ded: ke,1,0.0,0.115,0.242,0.423,0.162,"#292b20,#836e48,#afa596",1,,
hHOzUDG8Upg,https://www.youtube.com/watch?v=hHOzUDG8Upg,Mass Production Process of Candle. A day in a Candle Factory.,796.0,storyboard,68,541.28,549.24,7.96,https://youtu.be/hHOzUDG8Upg?t=541s,cure_cool,assemble,1,0.45,Demoulded finished candles on the line / in bins.,"eS ae an lc ir pa, 8. on ao aheatta 7 42 2 9 2 SS ee ten rt Wor td",1,0.0,0.052,0.3,0.575,0.207,"#ddd8ce,#af9756,#7a5e23",1,,
hHOzUDG8Upg,https://www.youtube.com/watch?v=hHOzUDG8Upg,Mass Production Process of Candle. A day in a Candle Factory.,796.0,storyboard,69,549.24,557.2,7.96,https://youtu.be/hHOzUDG8Upg?t=549s,cure_cool,assemble,1,0.45,Rows of candles cooling in the moulds on the conveyor.,INNS Pre,1,0.0,0.085,0.0,0.317,0.101,"#27241c,#605a4c,#b7b09a",1,,
hHOzUDG8Upg,https://www.youtube.com/watch?v=hHOzUDG8Upg,Mass Production Process of Candle. A day in a Candle Factory.,796.0,storyboard,73,581.08,589.04,7.96,https://youtu.be/hHOzUDG8Upg?t=581s,cure_cool,assemble,1,0.45,Rows of candles cooling in the moulds on the conveyor.,,0,0.0,0.027,0.201,0.667,0.209,"#e1ded7,#80642d,#aa9e87",1,,
imxg0XoPkmg,https://www.youtube.com/watch?v=imxg0XoPkmg,DIY Coconut and Beezwax Candle,74.0,storyboard,6,49.33,57.56,8.23,https://youtu.be/imxg0XoPkmg?t=49s,cure_cool,assemble,1,0.6,Filled jar with the wick chopstick laid across the rim; caption 'let it cool' as the wax begins turning opaque.,,0,0.0,0.1,0.077,0.715,0.123,"#e1ded8,#b3a38c,#7f6b41",1,,description references on-screen text but OCR found none
imxg0XoPkmg,https://www.youtube.com/watch?v=imxg0XoPkmg,DIY Coconut and Beezwax Candle,74.0,storyboard,7,57.56,65.78,8.22,https://youtu.be/imxg0XoPkmg?t=58s,cure_cool,assemble,1,0.55,The wax solidifies to an opaque pale-green; caption transitions toward 'Light your candle'.,,0,0.0,0.059,0.044,0.747,0.132,"#e0dbdd,#beab95,#9b8845",1,,description references on-screen text but OCR found none
jbIMRuMBGFA,https://www.youtube.com/watch?v=jbIMRuMBGFA,Tips to prevent frosting and sinkholes in candles | soy wax frosting | sinkholes in candles,269.0,storyboard,20,158.24,166.15,7.91,https://youtu.be/jbIMRuMBGFA?t=158s,cure_cool,assemble,1,0.45,The poured candle setting (watching for frosting/sinkholes).,"hs was Ly, 4 ss Re. 2",1,0.0,0.083,0.047,0.277,0.147,"#624b33,#140c07,#c3b282",1,,
jbIMRuMBGFA,https://www.youtube.com/watch?v=jbIMRuMBGFA,Tips to prevent frosting and sinkholes in candles | soy wax frosting | sinkholes in candles,269.0,storyboard,21,166.15,174.06,7.91,https://youtu.be/jbIMRuMBGFA?t=166s,cure_cool,assemble,1,0.45,The poured candle setting (watching for frosting/sinkholes).,eh ery hes,1,0.0,0.082,0.02,0.298,0.176,"#715438,#170e08,#d1bd7b",1,,
jbIMRuMBGFA,https://www.youtube.com/watch?v=jbIMRuMBGFA,Tips to prevent frosting and sinkholes in candles | soy wax frosting | sinkholes in candles,269.0,storyboard,22,174.06,181.97,7.91,https://youtu.be/jbIMRuMBGFA?t=174s,cure_cool,assemble,1,0.45,The poured candle setting (watching for frosting/sinkholes).,vw ae. heen ie as 3,1,0.0,0.083,0.02,0.321,0.197,"#6e4f33,#140c06,#cdb673",1,,
jbIMRuMBGFA,https://www.youtube.com/watch?v=jbIMRuMBGFA,Tips to prevent frosting and sinkholes in candles | soy wax frosting | sinkholes in candles,269.0,storyboard,23,181.97,189.88,7.91,https://youtu.be/jbIMRuMBGFA?t=182s,cure_cool,assemble,1,0.45,The poured candle setting (watching for frosting/sinkholes).,7,0,0.333,0.029,0.138,0.273,0.166,"#080502,#634c37,#bbb583",1,,
jbIMRuMBGFA,https://www.youtube.com/watch?v=jbIMRuMBGFA,Tips to prevent frosting and sinkholes in candles | soy wax frosting | sinkholes in candles,269.0,storyboard,25,197.79,205.71,7.92,https://youtu.be/jbIMRuMBGFA?t=198s,cure_cool,assemble,1,0.45,The poured candle setting (watching for frosting/sinkholes).,4 4 id Kise 4 6 SECUNDPOLF Me FM...,1,0.0,0.05,0.116,0.244,0.144,"#0d0906,#e0d9c2,#735b3e",1,,
jbIMRuMBGFA,https://www.youtube.com/watch?v=jbIMRuMBGFA,Tips to prevent frosting and sinkholes in candles | soy wax frosting | sinkholes in candles,269.0,storyboard,26,205.71,213.62,7.91,https://youtu.be/jbIMRuMBGFA?t=206s,cure_cool,assemble,1,0.45,The poured candle setting (watching for frosting/sinkholes).,7 be Rory 9,1,0.0,0.035,0.023,0.225,0.145,"#0a0503,#6d4b32,#c8b686",1,,
jbIMRuMBGFA,https://www.youtube.com/watch?v=jbIMRuMBGFA,Tips to prevent frosting and sinkholes in candles | soy wax frosting | sinkholes in candles,269.0,storyboard,27,213.62,221.53,7.91,https://youtu.be/jbIMRuMBGFA?t=214s,cure_cool,assemble,1,0.45,The poured candle setting (watching for frosting/sinkholes).,4,0,0.0,0.048,0.113,0.271,0.147,"#0b0603,#724f34,#cab784",1,,
jbIMRuMBGFA,https://www.youtube.com/watch?v=jbIMRuMBGFA,Tips to prevent frosting and sinkholes in candles | soy wax frosting | sinkholes in candles,269.0,storyboard,28,221.53,229.44,7.91,https://youtu.be/jbIMRuMBGFA?t=222s,cure_cool,assemble,1,0.45,The poured candle setting (watching for frosting/sinkholes).,,0,0.0,0.028,0.18,0.4,0.164,"#150c09,#d0be9c,#77624f",1,,
jbIMRuMBGFA,https://www.youtube.com/watch?v=jbIMRuMBGFA,Tips to prevent frosting and sinkholes in candles | soy wax frosting | sinkholes in candles,269.0,storyboard,29,229.44,237.35,7.91,https://youtu.be/jbIMRuMBGFA?t=229s,cure_cool,assemble,1,0.45,The poured candle setting (watching for frosting/sinkholes).,,0,0.0,0.032,0.197,0.474,0.123,"#d7c7a7,#170e0a,#6e634c",1,,
lTMszYRbm84,https://www.youtube.com/watch?v=lTMszYRbm84,Candle Making Tutorial | DIY Candle Pouring for Beginners,174.0,storyboard,19,150.27,158.18,7.91,https://youtu.be/lTMszYRbm84?t=150s,cure_cool,assemble,1,0.45,Candle left to set; host intercut.,CHICK OUT hiv ap SUBSCRIBE FOLLOW US ees cones 9 seraeatise Laetw nd cron amend ale,1,0.0,0.056,0.038,0.933,0.071,"#fafcfb,#dfedea,#b3b1a1",1,,
m2fZmJ8RmZM,https://www.youtube.com/watch?v=m2fZmJ8RmZM,Candle Making at Home for Beginners | Candle Business,304.0,storyboard,36,288.0,296.0,8.0,https://youtu.be/m2fZmJ8RmZM?t=288s,cure_cool,assemble,1,0.45,Tray of white candles with wooden wicks setting.,Beucs Saggy,1,0.0,0.068,0.0,0.592,0.097,"#8a7e73,#c7c5bc,#312c26",1,,
m6PpWgz7YGM,https://www.youtube.com/watch?v=m6PpWgz7YGM,The Satisfying Process of Candle Making | Inside a Modern Candle Factory,665.0,storyboard,28,224.34,232.35,8.01,https://youtu.be/m6PpWgz7YGM?t=224s,cure_cool,assemble,1,0.45,Rows of candles in the warehouse/cooling.,Jt THE,0,0.0,0.048,0.0,0.37,0.255,"#ab682f,#4c2b18,#ecb97c",1,,
m6PpWgz7YGM,https://www.youtube.com/watch?v=m6PpWgz7YGM,The Satisfying Process of Candle Making | Inside a Modern Candle Factory,665.0,storyboard,57,456.69,464.7,8.01,https://youtu.be/m6PpWgz7YGM?t=457s,cure_cool,assemble,1,0.45,Rows of candles in the warehouse/cooling.,,0,0.0,0.008,0.0,0.266,0.134,"#382215,#805f47,#eedac4",1,,
m8gO36sLIfo,https://www.youtube.com/watch?v=m8gO36sLIfo,Easy Candle Making for Kids | Fun DIY Candle Tutorial at Home,214.0,storyboard,19,150.59,158.52,7.93,https://youtu.be/m8gO36sLIfo?t=151s,cure_cool,assemble,1,0.4,Filled moulds setting.,Yi,0,0.333,0.01,0.238,0.496,0.138,"#4a5049,#a89a95,#d4cdcb",1,,
mHXvtRqE-u0,https://www.youtube.com/watch?v=mHXvtRqE-u0,Palm Wax Candle Experiment | Part One,570.0,storyboard,60,481.69,489.72,8.03,https://youtu.be/mHXvtRqE-u0?t=482s,cure_cool,assemble,1,0.5,Rows of palm-wax candles setting.,Ly aoe oe,1,0.0,0.109,0.0,0.481,0.141,"#ad9fa0,#705c65,#362d38",1,,
mLCG_JXJPvg,https://www.youtube.com/watch?v=mLCG_JXJPvg,How To Make Candles Using A Double Boiler | BEGINNERS WELCOME,314.0,storyboard,24,193.23,201.28,8.05,https://youtu.be/mLCG_JXJPvg?t=193s,cure_cool,assemble,1,0.45,The poured candle setting.,iN ae,0,0.0,0.118,0.203,0.783,0.049,"#f7f6f7,#d0c7c6,#594a58",1,,
mLCG_JXJPvg,https://www.youtube.com/watch?v=mLCG_JXJPvg,How To Make Candles Using A Double Boiler | BEGINNERS WELCOME,314.0,storyboard,25,201.28,209.33,8.05,https://youtu.be/mLCG_JXJPvg?t=201s,cure_cool,assemble,1,0.45,The poured candle setting.,,0,0.0,0.106,0.196,0.729,0.115,"#f8f7f8,#c4aeab,#544253",1,,
mLCG_JXJPvg,https://www.youtube.com/watch?v=mLCG_JXJPvg,How To Make Candles Using A Double Boiler | BEGINNERS WELCOME,314.0,storyboard,26,209.33,217.38,8.05,https://youtu.be/mLCG_JXJPvg?t=209s,cure_cool,assemble,1,0.45,The poured candle setting.,ry ee The TOP ITS Peet COE TO PCR COR PeE Her errerress,1,0.0,0.075,0.215,0.756,0.188,"#eae9eb,#dbaf68,#604a4e",1,,
mLCG_JXJPvg,https://www.youtube.com/watch?v=mLCG_JXJPvg,How To Make Candles Using A Double Boiler | BEGINNERS WELCOME,314.0,storyboard,27,217.38,225.44,8.06,https://youtu.be/mLCG_JXJPvg?t=217s,cure_cool,assemble,1,0.45,The poured candle setting.,Dae,0,0.0,0.057,0.119,0.797,0.22,"#e6e6ea,#c19c5d,#2c1e32",1,,
mLCG_JXJPvg,https://www.youtube.com/watch?v=mLCG_JXJPvg,How To Make Candles Using A Double Boiler | BEGINNERS WELCOME,314.0,storyboard,30,241.54,249.59,8.05,https://youtu.be/mLCG_JXJPvg?t=242s,cure_cool,assemble,1,0.45,The poured candle setting.,,0,0.0,0.198,0.051,0.401,0.112,"#b4aa9b,#665e58,#161411",1,,
mLCG_JXJPvg,https://www.youtube.com/watch?v=mLCG_JXJPvg,How To Make Candles Using A Double Boiler | BEGINNERS WELCOME,314.0,storyboard,31,249.59,257.64,8.05,https://youtu.be/mLCG_JXJPvg?t=250s,cure_cool,assemble,1,0.45,The poured candle setting.,aie,0,0.0,0.165,0.057,0.419,0.156,"#c0ad98,#665c54,#110f0d",1,,
mLCG_JXJPvg,https://www.youtube.com/watch?v=mLCG_JXJPvg,How To Make Candles Using A Double Boiler | BEGINNERS WELCOME,314.0,storyboard,32,257.64,265.69,8.05,https://youtu.be/mLCG_JXJPvg?t=258s,cure_cool,assemble,1,0.45,The poured candle setting.,ea,0,0.0,0.184,0.0,0.41,0.151,"#72675e,#c2ad96,#1b1714",1,,
o3oqto7AHIs,https://www.youtube.com/watch?v=o3oqto7AHIs,Why This Luxury Candle Costs $660 | So Expensive | Business Insider,621.0,storyboard,25,199.04,207.0,7.96,https://youtu.be/o3oqto7AHIs?t=199s,cure_cool,assemble,1,0.45,Rows of candles in trays.,ae,0,0.0,0.051,0.378,0.378,0.098,"#a99b7e,#c4c3bc,#443d2d",1,,
o3oqto7AHIs,https://www.youtube.com/watch?v=o3oqto7AHIs,Why This Luxury Candle Costs $660 | So Expensive | Business Insider,621.0,storyboard,31,246.81,254.77,7.96,https://youtu.be/o3oqto7AHIs?t=247s,cure_cool,assemble,1,0.45,Rows of candles in trays.,7 ahi Ging we fede at ak tae go ie om hi al eh se Oe ee oe Oe 4 4 ee sr at,1,0.0,0.162,0.234,0.371,0.093,"#656551,#2a2b1e,#aca796",1,,
o3oqto7AHIs,https://www.youtube.com/watch?v=o3oqto7AHIs,Why This Luxury Candle Costs $660 | So Expensive | Business Insider,621.0,storyboard,33,262.73,270.69,7.96,https://youtu.be/o3oqto7AHIs?t=263s,cure_cool,assemble,1,0.45,Rows of candles in trays.,pr balck ack not to shrink,1,0.0,0.076,0.354,0.397,0.106,"#17180c,#b4a997,#605e38",1,,
o3oqto7AHIs,https://www.youtube.com/watch?v=o3oqto7AHIs,Why This Luxury Candle Costs $660 | So Expensive | Business Insider,621.0,storyboard,34,270.69,278.65,7.96,https://youtu.be/o3oqto7AHIs?t=271s,cure_cool,assemble,1,0.45,Workshop: sculpting/finishing the wax candles & busts.,ee ee ae ae Se wes,1,0.0,0.082,0.284,0.321,0.113,"#17190a,#5a5e23,#c5cdb9",1,,
o3oqto7AHIs,https://www.youtube.com/watch?v=o3oqto7AHIs,Why This Luxury Candle Costs $660 | So Expensive | Business Insider,621.0,storyboard,36,286.62,294.58,7.96,https://youtu.be/o3oqto7AHIs?t=287s,cure_cool,assemble,1,0.45,Rows of candles in trays.,eee ee Ly 3 ee age are Mee! SS eS: ay Ea...,1,0.0,0.094,0.328,0.363,0.145,"#20240d,#6c7223,#d0d6bc",1,,
o4YzLSxaahk,https://www.youtube.com/watch?v=o4YzLSxaahk,🥥 How to Make Coconut Apricot Wax Candles | *my process* summer edition :) 🏝️,455.0,storyboard,6,47.89,55.88,7.99,https://youtu.be/o4YzLSxaahk?t=48s,cure_cool,assemble,1,0.4,Rows of poured cups on the table cooling.,,0,0.0,0.038,0.369,0.482,0.174,"#8d9888,#444e3c,#c1e0e3",1,,
o4YzLSxaahk,https://www.youtube.com/watch?v=o4YzLSxaahk,🥥 How to Make Coconut Apricot Wax Candles | *my process* summer edition :) 🏝️,455.0,storyboard,30,239.47,247.46,7.99,https://youtu.be/o4YzLSxaahk?t=239s,cure_cool,assemble,1,0.45,Rows of cups setting.,SE IG ee,1,0.0,0.22,0.027,0.504,0.226,"#ae7c5d,#3d2b30,#ded9cc",1,,
o4YzLSxaahk,https://www.youtube.com/watch?v=o4YzLSxaahk,🥥 How to Make Coconut Apricot Wax Candles | *my process* summer edition :) 🏝️,455.0,storyboard,33,263.42,271.4,7.98,https://youtu.be/o4YzLSxaahk?t=263s,cure_cool,assemble,1,0.45,Rows of cups cooling.,4 fd 7 Ga ot ete AA 7 ay me re ee SR ee wy ara Ne hia wl og oe 59 Ww ff,1,0.0,0.128,0.138,0.393,0.213,"#3d333e,#a96e51,#c3b49b",1,,
o4YzLSxaahk,https://www.youtube.com/watch?v=o4YzLSxaahk,🥥 How to Make Coconut Apricot Wax Candles | *my process* summer edition :) 🏝️,455.0,storyboard,34,271.4,279.39,7.99,https://youtu.be/o4YzLSxaahk?t=271s,cure_cool,assemble,1,0.5,Hand adjusts wicks in the cups.,"vo Za LP LY PN ve Oe ww, WL Se sf",1,0.0,0.145,0.132,0.424,0.197,"#987253,#31303d,#d0b393",1,,
o4YzLSxaahk,https://www.youtube.com/watch?v=o4YzLSxaahk,🥥 How to Make Coconut Apricot Wax Candles | *my process* summer edition :) 🏝️,455.0,storyboard,35,279.39,287.37,7.98,https://youtu.be/o4YzLSxaahk?t=279s,cure_cool,assemble,1,0.45,Rows of cups setting.,"Tem aSS at ro,",1,0.0,0.138,0.265,0.359,0.162,"#322f40,#ccbca4,#8d7256",1,,
o4YzLSxaahk,https://www.youtube.com/watch?v=o4YzLSxaahk,🥥 How to Make Coconut Apricot Wax Candles | *my process* summer edition :) 🏝️,455.0,storyboard,37,295.35,303.33,7.98,https://youtu.be/o4YzLSxaahk?t=295s,cure_cool,assemble,1,0.45,Rows of dark candles setting.,See! ae,0,0.0,0.196,0.208,0.506,0.106,"#c7c0b1,#888780,#31272c",1,,
o4YzLSxaahk,https://www.youtube.com/watch?v=o4YzLSxaahk,🥥 How to Make Coconut Apricot Wax Candles | *my process* summer edition :) 🏝️,455.0,storyboard,38,303.33,311.32,7.99,https://youtu.be/o4YzLSxaahk?t=303s,cure_cool,assemble,1,0.45,Rows of finished candles.,7 as 72 on we ss beg eo Sei ES on Sa S/e OB,1,0.0,0.197,0.135,0.495,0.128,"#ccc2b1,#312b33,#8b857b",1,,
otT0f6GWasc,https://www.youtube.com/watch?v=otT0f6GWasc,DIY Luxury Iridescent Soy Candles at Home!,789.0,storyboard,53,422.39,430.36,7.97,https://youtu.be/otT0f6GWasc?t=422s,cure_cool,assemble,1,0.5,Rows of poured pastel candles setting.,,0,0.0,0.002,0.0,0.444,0.038,"#a2a3a0,#656c69,#2a2d2e",1,,
p3X85tRiKRc,https://www.youtube.com/watch?v=p3X85tRiKRc,How To Make Soy Candles | Beginners Candle Making Tutorial,532.0,storyboard,20,161.21,169.27,8.06,https://youtu.be/p3X85tRiKRc?t=161s,cure_cool,assemble,1,0.45,Grey cups with white wax.,,0,0.0,0.102,0.12,0.517,0.103,"#c4c0b8,#887c6f,#30271e",1,,
p3X85tRiKRc,https://www.youtube.com/watch?v=p3X85tRiKRc,How To Make Soy Candles | Beginners Candle Making Tutorial,532.0,storyboard,21,169.27,177.33,8.06,https://youtu.be/p3X85tRiKRc?t=169s,cure_cool,assemble,1,0.45,Adjusting wicks in the cups.,eter 4,0,0.0,0.063,0.139,0.502,0.09,"#877a6e,#c2beb8,#30271e",1,,
p3X85tRiKRc,https://www.youtube.com/watch?v=p3X85tRiKRc,How To Make Soy Candles | Beginners Candle Making Tutorial,532.0,storyboard,22,177.33,185.39,8.06,https://youtu.be/p3X85tRiKRc?t=177s,cure_cool,assemble,1,0.45,Grey cups setting.,foo:,0,0.0,0.098,0.144,0.494,0.101,"#897668,#c3bfb5,#221e1a",1,,
p3X85tRiKRc,https://www.youtube.com/watch?v=p3X85tRiKRc,How To Make Soy Candles | Beginners Candle Making Tutorial,532.0,storyboard,23,185.39,193.45,8.06,https://youtu.be/p3X85tRiKRc?t=185s,cure_cool,assemble,1,0.45,Grey cups of white wax setting.,lk 1 Na 1,1,0.0,0.088,0.0,0.51,0.095,"#c4bdb3,#8a7b6c,#362c23",1,,
qFox4kyUIJA,https://www.youtube.com/watch?v=qFox4kyUIJA,Let's make Wax Melts! | Launching a new product | Small business diaries | Golden brand 494 wax,481.0,storyboard,30,240.5,248.52,8.02,https://youtu.be/qFox4kyUIJA?t=240s,cure_cool,assemble,1,0.5,Rows of wax melts setting.,la ae de,1,0.0,0.039,0.136,0.494,0.117,"#806c63,#bcb0a5,#463a36",1,,
qFox4kyUIJA,https://www.youtube.com/watch?v=qFox4kyUIJA,Let's make Wax Melts! | Launching a new product | Small business diaries | Golden brand 494 wax,481.0,storyboard,34,272.57,280.58,8.01,https://youtu.be/qFox4kyUIJA?t=273s,cure_cool,assemble,1,0.5,Rows of wax melts setting.,"Swany LA 7 7 sa se ps atl S&S ant My wine Noo yet ogthe yellowing. ee, sure if customers Sjust someting on my mind, 4 1 nig itor",1,0.0,0.101,0.249,0.511,0.133,"#a78971,#3f382b,#d3cec3",1,,
qFox4kyUIJA,https://www.youtube.com/watch?v=qFox4kyUIJA,Let's make Wax Melts! | Launching a new product | Small business diaries | Golden brand 494 wax,481.0,storyboard,45,360.75,368.77,8.02,https://youtu.be/qFox4kyUIJA?t=361s,cure_cool,assemble,1,0.5,Rows of wax melts setting.,Zl il JZ,1,0.0,0.099,0.118,0.52,0.086,"#4d443c,#918276,#c9c3b9",1,,
qFox4kyUIJA,https://www.youtube.com/watch?v=qFox4kyUIJA,Let's make Wax Melts! | Launching a new product | Small business diaries | Golden brand 494 wax,481.0,storyboard,46,368.77,376.78,8.01,https://youtu.be/qFox4kyUIJA?t=369s,cure_cool,assemble,1,0.5,Demoulding the wax melts.,"oo IY ek Set fy BN Le! Ds 7 il rs er Posse 25 Re, Ss.",1,0.0,0.108,0.229,0.528,0.085,"#545045,#cdc7ba,#8f8878",1,,
qFox4kyUIJA,https://www.youtube.com/watch?v=qFox4kyUIJA,Let's make Wax Melts! | Launching a new product | Small business diaries | Golden brand 494 wax,481.0,storyboard,47,376.78,384.8,8.02,https://youtu.be/qFox4kyUIJA?t=377s,cure_cool,assemble,1,0.5,Rows of wax melts setting.,es. See cs,1,0.0,0.12,0.0,0.546,0.08,"#ccc8c0,#877f73,#534c42",1,,
qgfZSWuivvw,https://www.youtube.com/watch?v=qgfZSWuivvw,"Small Candle Business Diaries: Holiday Candle making, Preparing for my first Christmas Market",382.0,storyboard,8,63.67,71.62,7.95,https://youtu.be/qgfZSWuivvw?t=64s,cure_cool,assemble,1,0.45,Rows of candle tins/jars setting.,"mt 5 ars Pee UA aE ers pc taille ya ee eG abe aia yci SK ie bghags hE Feet ae oe AE PL we ue Pi aie 7 Zs ag WS ae Bp NGG eet So we Ti Je es 2 BD,",1,0.0,0.113,0.159,0.619,0.131,"#9a978c,#d1bdae,#815e49",1,,
qgfZSWuivvw,https://www.youtube.com/watch?v=qgfZSWuivvw,"Small Candle Business Diaries: Holiday Candle making, Preparing for my first Christmas Market",382.0,storyboard,12,95.5,103.46,7.96,https://youtu.be/qgfZSWuivvw?t=96s,cure_cool,assemble,1,0.45,Rows of candle tins/jars setting.,7 as PB 2 4 sk wm er,1,0.0,0.063,0.104,0.644,0.067,"#9b9794,#d1d8d7,#59504b",1,,
qgfZSWuivvw,https://www.youtube.com/watch?v=qgfZSWuivvw,"Small Candle Business Diaries: Holiday Candle making, Preparing for my first Christmas Market",382.0,storyboard,16,127.33,135.29,7.96,https://youtu.be/qgfZSWuivvw?t=127s,cure_cool,assemble,1,0.45,Rows of candle tins/jars setting.,ge 7 is pA Se ae ae were,1,0.0,0.029,0.064,0.621,0.067,"#b1bdc6,#8d9295,#564a49",1,,
qgfZSWuivvw,https://www.youtube.com/watch?v=qgfZSWuivvw,"Small Candle Business Diaries: Holiday Candle making, Preparing for my first Christmas Market",382.0,storyboard,20,159.17,167.12,7.95,https://youtu.be/qgfZSWuivvw?t=159s,cure_cool,assemble,1,0.45,Rows of candle tins/jars setting.,TT Jf,0,0.0,0.037,0.0,0.64,0.089,"#93969c,#c8d7e9,#605853",1,,
qgfZSWuivvw,https://www.youtube.com/watch?v=qgfZSWuivvw,"Small Candle Business Diaries: Holiday Candle making, Preparing for my first Christmas Market",382.0,storyboard,24,191.0,198.96,7.96,https://youtu.be/qgfZSWuivvw?t=191s,cure_cool,assemble,1,0.45,Rows of candle tins/jars setting.,2 Ye 3,0,0.0,0.044,0.116,0.639,0.071,"#cecfcc,#a19b97,#5a4e49",1,,
qgfZSWuivvw,https://www.youtube.com/watch?v=qgfZSWuivvw,"Small Candle Business Diaries: Holiday Candle making, Preparing for my first Christmas Market",382.0,storyboard,28,222.83,230.79,7.96,https://youtu.be/qgfZSWuivvw?t=223s,cure_cool,assemble,1,0.45,Rows of candle tins/jars setting.,me Dm Vit 4 41 Vv Mi,1,0.0,0.065,0.233,0.551,0.076,"#b4b3ad,#776a5f,#241e1c",1,,
qgfZSWuivvw,https://www.youtube.com/watch?v=qgfZSWuivvw,"Small Candle Business Diaries: Holiday Candle making, Preparing for my first Christmas Market",382.0,storyboard,36,286.5,294.46,7.96,https://youtu.be/qgfZSWuivvw?t=286s,cure_cool,assemble,1,0.45,Rows of candle tins/jars setting.,ea PeN AX,1,0.0,0.15,0.0,0.582,0.062,"#c3d0c8,#473f37,#97a493",1,,
rltpKr2t-Bw,https://www.youtube.com/watch?v=rltpKr2t-Bw,How to Make Pillar Candles // CandleScience Tutorials,130.0,storyboard,11,89.38,97.5,8.12,https://youtu.be/rltpKr2t-Bw?t=89s,cure_cool,assemble,1,0.5,Filled mould left to set; host intercut.,ef pp Xl! ike oo,1,0.0,0.13,0.156,0.563,0.088,"#c6bfb8,#666465,#201c1b",1,,
tUXkZFNUQXI,https://www.youtube.com/watch?v=tUXkZFNUQXI,How I Make Our #1 Bestselling Market Tins | Full Recipe Included,364.0,storyboard,0,0.0,7.91,7.91,https://youtu.be/tUXkZFNUQXI?t=0s,cure_cool,assemble,1,0.45,Rows of amber candle tins setting.,"aan 7 Me, ey",1,0.0,0.042,0.268,0.441,0.155,"#453a16,#7d6e3e,#c5b5a2",1,,
tUXkZFNUQXI,https://www.youtube.com/watch?v=tUXkZFNUQXI,How I Make Our #1 Bestselling Market Tins | Full Recipe Included,364.0,storyboard,4,31.65,39.57,7.92,https://youtu.be/tUXkZFNUQXI?t=32s,cure_cool,assemble,1,0.45,Rows of amber candle tins setting.,se SN ee ao.,1,0.0,0.035,0.192,0.472,0.148,"#b7a99e,#4f3f17,#837343",1,,
tUXkZFNUQXI,https://www.youtube.com/watch?v=tUXkZFNUQXI,How I Make Our #1 Bestselling Market Tins | Full Recipe Included,364.0,storyboard,8,63.3,71.22,7.92,https://youtu.be/tUXkZFNUQXI?t=63s,cure_cool,assemble,1,0.45,Rows of amber candle tins setting.,,0,0.0,0.005,0.2,0.464,0.172,"#5b4b21,#bdb5af,#988653",1,,
tUXkZFNUQXI,https://www.youtube.com/watch?v=tUXkZFNUQXI,How I Make Our #1 Bestselling Market Tins | Full Recipe Included,364.0,storyboard,12,94.96,102.87,7.91,https://youtu.be/tUXkZFNUQXI?t=95s,cure_cool,assemble,1,0.45,Rows of amber candle tins setting.,,0,0.0,0.004,0.187,0.537,0.162,"#cbbaa7,#806c4a,#533d0c",1,,
tUXkZFNUQXI,https://www.youtube.com/watch?v=tUXkZFNUQXI,How I Make Our #1 Bestselling Market Tins | Full Recipe Included,364.0,storyboard,16,126.61,134.52,7.91,https://youtu.be/tUXkZFNUQXI?t=127s,cure_cool,assemble,1,0.45,Rows of amber candle tins setting.,3 ooc,0,0.0,0.024,0.229,0.501,0.134,"#b9a284,#736146,#282a2a",1,,
tUXkZFNUQXI,https://www.youtube.com/watch?v=tUXkZFNUQXI,How I Make Our #1 Bestselling Market Tins | Full Recipe Included,364.0,storyboard,20,158.26,166.17,7.91,https://youtu.be/tUXkZFNUQXI?t=158s,cure_cool,assemble,1,0.45,Rows of amber candle tins setting.,,0,0.0,0.013,0.161,0.499,0.147,"#c0ac91,#786644,#302e20",1,,
tUXkZFNUQXI,https://www.youtube.com/watch?v=tUXkZFNUQXI,How I Make Our #1 Bestselling Market Tins | Full Recipe Included,364.0,storyboard,24,189.91,197.83,7.92,https://youtu.be/tUXkZFNUQXI?t=190s,cure_cool,assemble,1,0.45,Rows of amber candle tins setting.,,0,0.0,0.015,0.135,0.514,0.16,"#c4ac90,#826849,#342d1c",1,,
tUXkZFNUQXI,https://www.youtube.com/watch?v=tUXkZFNUQXI,How I Make Our #1 Bestselling Market Tins | Full Recipe Included,364.0,storyboard,32,253.22,261.13,7.91,https://youtu.be/tUXkZFNUQXI?t=253s,cure_cool,assemble,1,0.45,Rows of amber candle tins setting.,,0,0.0,0.017,0.082,0.515,0.111,"#c5af95,#84745d,#473b21",1,,
tUXkZFNUQXI,https://www.youtube.com/watch?v=tUXkZFNUQXI,How I Make Our #1 Bestselling Market Tins | Full Recipe Included,364.0,storyboard,36,284.87,292.78,7.91,https://youtu.be/tUXkZFNUQXI?t=285s,cure_cool,assemble,1,0.45,Rows of amber candle tins setting.,th -eeee EA Sy,1,0.0,0.02,0.068,0.5,0.133,"#c7b5a2,#31302c,#8f765a",1,,
upLGuIZtRdg,https://www.youtube.com/watch?v=upLGuIZtRdg,Create Candles Like a Pro: 3 Mistakes to Avoid,439.0,storyboard,41,327.25,335.24,7.99,https://youtu.be/upLGuIZtRdg?t=327s,cure_cool,assemble,1,0.5,Rows of candles set.,,0,0.0,0.103,0.0,0.636,0.07,"#a6a09a,#cbcbcb,#5f554c",1,,
utr9EuGsSJs,https://www.youtube.com/watch?v=utr9EuGsSJs,DIY Scented Freedom Soy Wax Candles at home |  Candle making kit review | Microwave your wax!,509.0,storyboard,46,365.84,373.8,7.96,https://youtu.be/utr9EuGsSJs?t=366s,cure_cool,assemble,1,0.5,Rows of candles setting.,,0,0.0,0.008,0.0,0.56,0.078,"#8d8373,#c4c0b5,#443529",1,,
v9z-JiqGX1U,https://www.youtube.com/watch?v=v9z-JiqGX1U,Candle Making Instructions - Candle Craft Club DIY Candle Making Kit - How to make Soy Wax candles,184.0,storyboard,18,144.0,152.0,8.0,https://youtu.be/v9z-JiqGX1U?t=144s,cure_cool,assemble,1,0.5,colored cups setting,,0,0.0,0.024,0.175,0.847,0.171,"#f7fafc,#c292e2,#d7e97a",1,,
vm9aSzlLWnw,https://www.youtube.com/watch?v=vm9aSzlLWnw,How I Pour My Candles In Bulk For My Business (quick & efficient batch making),755.0,storyboard,1,8.03,16.06,8.03,https://youtu.be/vm9aSzlLWnw?t=8s,cure_cool,assemble,1,0.45,Rows of poured candles setting.,oo Se 5 ae,1,0.0,0.357,0.193,0.472,0.073,"#a7a49e,#6e6e6c,#27292a",1,,
vm9aSzlLWnw,https://www.youtube.com/watch?v=vm9aSzlLWnw,How I Pour My Candles In Bulk For My Business (quick & efficient batch making),755.0,storyboard,5,40.16,48.19,8.03,https://youtu.be/vm9aSzlLWnw?t=40s,cure_cool,assemble,1,0.45,Rows of poured candles setting.,,0,0.0,0.012,0.054,0.58,0.093,"#b0aa9e,#767874,#1a1d21",1,,
vm9aSzlLWnw,https://www.youtube.com/watch?v=vm9aSzlLWnw,How I Pour My Candles In Bulk For My Business (quick & efficient batch making),755.0,storyboard,9,72.29,80.32,8.03,https://youtu.be/vm9aSzlLWnw?t=72s,cure_cool,assemble,1,0.45,Rows of poured candles setting.,ett: ontntt ky Soe Orsi ae wl Pa ae,1,0.0,0.445,0.27,0.383,0.03,"#a8a6a3,#696866,#2b2b29",1,,
vm9aSzlLWnw,https://www.youtube.com/watch?v=vm9aSzlLWnw,How I Pour My Candles In Bulk For My Business (quick & efficient batch making),755.0,storyboard,13,104.41,112.45,8.04,https://youtu.be/vm9aSzlLWnw?t=104s,cure_cool,assemble,1,0.45,Rows of poured candles setting.,"igen Se re. ae er de Ue, SS 3 Be its id rr Aa 0 etd on LZ natin 6",1,0.0,0.589,0.246,0.373,0.027,"#232320,#72716c,#b1aea8",1,,
vm9aSzlLWnw,https://www.youtube.com/watch?v=vm9aSzlLWnw,How I Pour My Candles In Bulk For My Business (quick & efficient batch making),755.0,storyboard,17,136.54,144.57,8.03,https://youtu.be/vm9aSzlLWnw?t=137s,cure_cool,assemble,1,0.45,Rows of poured candles setting.,ee oP Leh ve,1,0.0,0.231,0.203,0.448,0.086,"#666868,#a59d92,#1d2023",1,,
vm9aSzlLWnw,https://www.youtube.com/watch?v=vm9aSzlLWnw,How I Pour My Candles In Bulk For My Business (quick & efficient batch making),755.0,storyboard,21,168.67,176.7,8.03,https://youtu.be/vm9aSzlLWnw?t=169s,cure_cool,assemble,1,0.45,Rows of poured candles setting.,Pa 7 Fy ats aT. eS tae eo 6 ewe oe,1,0.0,0.334,0.232,0.452,0.038,"#a2a0a0,#636160,#222221",1,,
vm9aSzlLWnw,https://www.youtube.com/watch?v=vm9aSzlLWnw,How I Pour My Candles In Bulk For My Business (quick & efficient batch making),755.0,storyboard,60,481.91,489.95,8.04,https://youtu.be/vm9aSzlLWnw?t=482s,cure_cool,assemble,1,0.5,Rows of poured candles setting.,"Zao Th sy aX,",1,0.0,0.391,0.14,0.481,0.061,"#3f3930,#877b70,#c8c4be",1,,
vm9aSzlLWnw,https://www.youtube.com/watch?v=vm9aSzlLWnw,How I Pour My Candles In Bulk For My Business (quick & efficient batch making),755.0,storyboard,61,489.95,497.98,8.03,https://youtu.be/vm9aSzlLWnw?t=490s,cure_cool,assemble,1,0.5,Rows of poured candles setting.,wi,0,0.0,0.392,0.0,0.47,0.086,"#3d382f,#847b6e,#cbc7c1",1,,
vm9aSzlLWnw,https://www.youtube.com/watch?v=vm9aSzlLWnw,How I Pour My Candles In Bulk For My Business (quick & efficient batch making),755.0,storyboard,62,497.98,506.01,8.03,https://youtu.be/vm9aSzlLWnw?t=498s,cure_cool,assemble,1,0.5,Rows of poured candles setting.,aay LER,0,0.0,0.364,0.096,0.576,0.078,"#d3d2cd,#979782,#40413b",1,,
vm9aSzlLWnw,https://www.youtube.com/watch?v=vm9aSzlLWnw,How I Pour My Candles In Bulk For My Business (quick & efficient batch making),755.0,storyboard,63,506.01,514.04,8.03,https://youtu.be/vm9aSzlLWnw?t=506s,cure_cool,assemble,1,0.5,Rows of poured candles setting.,Be Lobe,0,0.0,0.363,0.149,0.504,0.089,"#d0cec8,#444339,#989783",1,,
vm9aSzlLWnw,https://www.youtube.com/watch?v=vm9aSzlLWnw,How I Pour My Candles In Bulk For My Business (quick & efficient batch making),755.0,storyboard,64,514.04,522.07,8.03,https://youtu.be/vm9aSzlLWnw?t=514s,cure_cool,assemble,1,0.5,Rows of poured candles setting.,OO re Pees mm os re,1,0.0,0.369,0.138,0.523,0.089,"#7d7c66,#35332b,#cccabf",1,,
vm9aSzlLWnw,https://www.youtube.com/watch?v=vm9aSzlLWnw,How I Pour My Candles In Bulk For My Business (quick & efficient batch making),755.0,storyboard,66,530.11,538.14,8.03,https://youtu.be/vm9aSzlLWnw?t=530s,cure_cool,assemble,1,0.5,Rows of poured candles setting.,cau,0,0.0,0.385,0.32,0.464,0.088,"#676357,#26251e,#b0aea3",1,,
vm9aSzlLWnw,https://www.youtube.com/watch?v=vm9aSzlLWnw,How I Pour My Candles In Bulk For My Business (quick & efficient batch making),755.0,storyboard,67,538.14,546.17,8.03,https://youtu.be/vm9aSzlLWnw?t=538s,cure_cool,assemble,1,0.5,Rows of poured candles setting.,Geo SO ao ee AQ ee,1,0.0,0.477,0.266,0.424,0.045,"#82817d,#323130,#cbc7bd",1,,
vm9aSzlLWnw,https://www.youtube.com/watch?v=vm9aSzlLWnw,How I Pour My Candles In Bulk For My Business (quick & efficient batch making),755.0,storyboard,68,546.17,554.2,8.03,https://youtu.be/vm9aSzlLWnw?t=546s,cure_cool,assemble,1,0.5,Rows of poured candles setting.,ss eo or is re,1,0.0,0.62,0.0,0.414,0.034,"#6a6865,#2b2b27,#b6b7b7",1,,
vm9aSzlLWnw,https://www.youtube.com/watch?v=vm9aSzlLWnw,How I Pour My Candles In Bulk For My Business (quick & efficient batch making),755.0,storyboard,69,554.2,562.23,8.03,https://youtu.be/vm9aSzlLWnw?t=554s,cure_cool,assemble,1,0.5,Rows of poured candles setting.,ae,0,0.0,0.377,0.292,0.442,0.044,"#312d2c,#cfc9c3,#7e7973",1,,
vm9aSzlLWnw,https://www.youtube.com/watch?v=vm9aSzlLWnw,How I Pour My Candles In Bulk For My Business (quick & efficient batch making),755.0,storyboard,70,562.23,570.27,8.04,https://youtu.be/vm9aSzlLWnw?t=562s,cure_cool,assemble,1,0.5,Rows of poured candles setting.,1 ae ye OT,1,0.0,0.294,0.115,0.45,0.036,"#323130,#757471,#c4c3c2",1,,
vm9aSzlLWnw,https://www.youtube.com/watch?v=vm9aSzlLWnw,How I Pour My Candles In Bulk For My Business (quick & efficient batch making),755.0,storyboard,71,570.27,578.3,8.03,https://youtu.be/vm9aSzlLWnw?t=570s,cure_cool,assemble,1,0.5,Rows of poured candles setting.,oe,0,0.0,0.249,0.283,0.479,0.038,"#c2c2c1,#2a282a,#77736e",1,,
vm9aSzlLWnw,https://www.youtube.com/watch?v=vm9aSzlLWnw,How I Pour My Candles In Bulk For My Business (quick & efficient batch making),755.0,storyboard,72,578.3,586.33,8.03,https://youtu.be/vm9aSzlLWnw?t=578s,cure_cool,assemble,1,0.5,Wax in the silver melter/urn.,ak Rea eee,1,0.0,0.303,0.269,0.482,0.038,"#b7b7b7,#74736f,#2b2b2c",1,,
vm9aSzlLWnw,https://www.youtube.com/watch?v=vm9aSzlLWnw,How I Pour My Candles In Bulk For My Business (quick & efficient batch making),755.0,storyboard,73,586.33,594.36,8.03,https://youtu.be/vm9aSzlLWnw?t=586s,cure_cool,assemble,1,0.5,Rows of poured candles setting.,wid Be es on Sk Rd,1,0.0,0.312,0.251,0.481,0.039,"#b4b5b5,#706e6a,#2c2c2c",1,,
vm9aSzlLWnw,https://www.youtube.com/watch?v=vm9aSzlLWnw,How I Pour My Candles In Bulk For My Business (quick & efficient batch making),755.0,storyboard,74,594.36,602.39,8.03,https://youtu.be/vm9aSzlLWnw?t=594s,cure_cool,assemble,1,0.5,Wax in the silver melter/urn.,Ba pe,0,0.0,0.293,0.254,0.464,0.037,"#c5c5c2,#302e2f,#7e7b78",1,,
vm9aSzlLWnw,https://www.youtube.com/watch?v=vm9aSzlLWnw,How I Pour My Candles In Bulk For My Business (quick & efficient batch making),755.0,storyboard,75,602.39,610.43,8.04,https://youtu.be/vm9aSzlLWnw?t=602s,cure_cool,assemble,1,0.5,Rows of poured candles setting.,en ge eTd,1,0.0,0.262,0.0,0.502,0.039,"#c0bfbe,#2e2d2d,#797674",1,,
vm9aSzlLWnw,https://www.youtube.com/watch?v=vm9aSzlLWnw,How I Pour My Candles In Bulk For My Business (quick & efficient batch making),755.0,storyboard,76,610.43,618.46,8.03,https://youtu.be/vm9aSzlLWnw?t=610s,cure_cool,assemble,1,0.5,Wax in the silver melter/urn.,co ia ae,1,0.0,0.278,0.146,0.495,0.037,"#c7c6c4,#302e2f,#7d7a77",1,,
vm9aSzlLWnw,https://www.youtube.com/watch?v=vm9aSzlLWnw,How I Pour My Candles In Bulk For My Business (quick & efficient batch making),755.0,storyboard,77,618.46,626.49,8.03,https://youtu.be/vm9aSzlLWnw?t=618s,cure_cool,assemble,1,0.5,Rows of poured candles setting.,Bes ati ie,1,0.0,0.269,0.242,0.498,0.037,"#ceccc9,#302f30,#7d7a75",1,,
zrSVQ5CXUk8,https://www.youtube.com/watch?v=zrSVQ5CXUk8,Starting a candle business from home in 2023 starting a small business | make candles with me! 캔들사업,220.0,storyboard,14,110.0,117.86,7.86,https://youtu.be/zrSVQ5CXUk8?t=110s,cure_cool,assemble,1,0.45,Rows of jars setting in boxes.,ZA 7 GA ies ares ys Vy 4,1,0.0,0.132,0.098,0.405,0.08,"#403426,#766856,#c2bfb7",1,,
zrSVQ5CXUk8,https://www.youtube.com/watch?v=zrSVQ5CXUk8,Starting a candle business from home in 2023 starting a small business | make candles with me! 캔들사업,220.0,storyboard,15,117.86,125.71,7.85,https://youtu.be/zrSVQ5CXUk8?t=118s,cure_cool,assemble,1,0.45,Rows of jars cooling.,4 fant run TF Wy Peppa precise. Making tea light samples for every oer,1,0.0,0.057,0.256,0.44,0.084,"#72614e,#1d1b16,#c5c1b6",1,,
zrSVQ5CXUk8,https://www.youtube.com/watch?v=zrSVQ5CXUk8,Starting a candle business from home in 2023 starting a small business | make candles with me! 캔들사업,220.0,storyboard,16,125.71,133.57,7.86,https://youtu.be/zrSVQ5CXUk8?t=126s,cure_cool,assemble,1,0.45,Pouring more jars; black pot.,Cy sa Lim IW pli 8,1,0.0,0.12,0.204,0.467,0.117,"#484439,#9e8e7d,#bcbdbc",1,,
zrSVQ5CXUk8,https://www.youtube.com/watch?v=zrSVQ5CXUk8,Starting a candle business from home in 2023 starting a small business | make candles with me! 캔들사업,220.0,storyboard,17,133.57,141.43,7.86,https://youtu.be/zrSVQ5CXUk8?t=134s,cure_cool,assemble,1,0.45,Rows of white candles setting.,AC,0,0.0,0.089,0.202,0.473,0.116,"#91886c,#3e3622,#c1c8c2",1,,
zrSVQ5CXUk8,https://www.youtube.com/watch?v=zrSVQ5CXUk8,Starting a candle business from home in 2023 starting a small business | make candles with me! 캔들사업,220.0,storyboard,18,141.43,149.29,7.86,https://youtu.be/zrSVQ5CXUk8?t=141s,cure_cool,assemble,1,0.45,Rows of white jar candles.,2 he. 4,0,0.333,0.106,0.135,0.423,0.113,"#b1ac9b,#1e1810,#6d5f4a",1,,
