video_id,video_url,video_title,video_duration_s,source,window_index,start_s,end_s,duration_s,window_url,action_label,phase,is_step,confidence,description,ocr_text,has_caption,face_score,text_score,motion,brightness,colorfulness,dominant_colors,keep,filter_reason,validation_flags
-pjWKo7zgrs,https://www.youtube.com/watch?v=-pjWKo7zgrs,DIY Candle Jars with Jesmonite and Boowannite | Nicole Molds jar mold diy handmade gift ideas,481.0,storyboard,53,424.88,432.9,8.02,https://youtu.be/-pjWKo7zgrs?t=425s,decorate_finish,finish,1,0.5,Demoulding the rose / lidding the jar.,,0,0.0,0.013,0.171,0.589,0.137,"#694f40,#d4d0c9,#af8979",1,,
-pjWKo7zgrs,https://www.youtube.com/watch?v=-pjWKo7zgrs,DIY Candle Jars with Jesmonite and Boowannite | Nicole Molds jar mold diy handmade gift ideas,481.0,storyboard,54,432.9,440.92,8.02,https://youtu.be/-pjWKo7zgrs?t=433s,decorate_finish,finish,1,0.5,Demoulding the rose / lidding the jar.,"tees, rn ee Nie tid, but thought it was Cule. me placing hem hey stay if place.",1,0.0,0.023,0.253,0.557,0.108,"#c5c1b9,#4b2c24,#907d75",1,,
-pjWKo7zgrs,https://www.youtube.com/watch?v=-pjWKo7zgrs,DIY Candle Jars with Jesmonite and Boowannite | Nicole Molds jar mold diy handmade gift ideas,481.0,storyboard,55,440.92,448.93,8.01,https://youtu.be/-pjWKo7zgrs?t=441s,decorate_finish,finish,1,0.5,Demoulding the rose / lidding the jar.,,0,0.0,0.025,0.0,0.558,0.111,"#c7c2bb,#9f8578,#583e38",1,,
-pjWKo7zgrs,https://www.youtube.com/watch?v=-pjWKo7zgrs,DIY Candle Jars with Jesmonite and Boowannite | Nicole Molds jar mold diy handmade gift ideas,481.0,storyboard,56,448.93,456.95,8.02,https://youtu.be/-pjWKo7zgrs?t=449s,decorate_finish,finish,1,0.5,Demoulding the rose / lidding the jar.,,0,0.0,0.016,0.297,0.511,0.082,"#91877b,#514136,#cac4ba",1,,
0HfXl244xc4,https://www.youtube.com/watch?v=0HfXl244xc4,Sinkholes in Candles? Here’s How to Fix Them FAST!,750.0,storyboard,41,327.13,335.11,7.98,https://youtu.be/0HfXl244xc4?t=327s,decorate_finish,finish,1,0.5,"Overhead: fixing candle sinkholes (poking holes, heat-gun on the top).",,0,0.0,0.003,0.0,0.486,0.206,"#7b684b,#a9ab95,#f2c941",1,,
0HfXl244xc4,https://www.youtube.com/watch?v=0HfXl244xc4,Sinkholes in Candles? Here’s How to Fix Them FAST!,750.0,storyboard,42,335.11,343.09,7.98,https://youtu.be/0HfXl244xc4?t=335s,decorate_finish,finish,1,0.5,"Overhead: fixing candle sinkholes (poking holes, heat-gun on the top).",,0,0.0,0.004,0.011,0.472,0.207,"#776548,#a7aa93,#f2c942",1,,
0HfXl244xc4,https://www.youtube.com/watch?v=0HfXl244xc4,Sinkholes in Candles? Here’s How to Fix Them FAST!,750.0,storyboard,43,343.09,351.06,7.97,https://youtu.be/0HfXl244xc4?t=343s,decorate_finish,finish,1,0.5,"Overhead: fixing candle sinkholes (poking holes, heat-gun on the top).",,0,0.0,0.004,0.01,0.473,0.207,"#766447,#a6a791,#f2c941",1,,
0HfXl244xc4,https://www.youtube.com/watch?v=0HfXl244xc4,Sinkholes in Candles? Here’s How to Fix Them FAST!,750.0,storyboard,44,351.06,359.04,7.98,https://youtu.be/0HfXl244xc4?t=351s,decorate_finish,finish,1,0.5,"Overhead: fixing candle sinkholes (poking holes, heat-gun on the top).",,0,0.0,0.01,0.0,0.48,0.209,"#826e4e,#c1b376,#322715",1,,
0HfXl244xc4,https://www.youtube.com/watch?v=0HfXl244xc4,Sinkholes in Candles? Here’s How to Fix Them FAST!,750.0,storyboard,45,359.04,367.02,7.98,https://youtu.be/0HfXl244xc4?t=359s,decorate_finish,finish,1,0.5,"Overhead: fixing candle sinkholes (poking holes, heat-gun on the top).",,0,0.0,0.006,0.111,0.507,0.234,"#8a6d3e,#baa772,#120f0c",1,,
0HfXl244xc4,https://www.youtube.com/watch?v=0HfXl244xc4,Sinkholes in Candles? Here’s How to Fix Them FAST!,750.0,storyboard,46,367.02,375.0,7.98,https://youtu.be/0HfXl244xc4?t=367s,decorate_finish,finish,1,0.5,"Overhead: fixing candle sinkholes (poking holes, heat-gun on the top).",,0,0.0,0.004,0.0,0.499,0.224,"#9e9171,#765e37,#f3c940",1,,
0HfXl244xc4,https://www.youtube.com/watch?v=0HfXl244xc4,Sinkholes in Candles? Here’s How to Fix Them FAST!,750.0,storyboard,47,375.0,382.98,7.98,https://youtu.be/0HfXl244xc4?t=375s,decorate_finish,finish,1,0.5,"Overhead: fixing candle sinkholes (poking holes, heat-gun on the top).",,0,0.0,0.009,0.11,0.469,0.24,"#998868,#6d5222,#f2c941",1,,
0HfXl244xc4,https://www.youtube.com/watch?v=0HfXl244xc4,Sinkholes in Candles? Here’s How to Fix Them FAST!,750.0,storyboard,48,382.98,390.96,7.98,https://youtu.be/0HfXl244xc4?t=383s,decorate_finish,finish,1,0.5,"Overhead: fixing candle sinkholes (poking holes, heat-gun on the top).",,0,0.0,0.004,0.004,0.504,0.208,"#806d50,#acad90,#f3ca41",1,,
0HfXl244xc4,https://www.youtube.com/watch?v=0HfXl244xc4,Sinkholes in Candles? Here’s How to Fix Them FAST!,750.0,storyboard,49,390.96,398.94,7.98,https://youtu.be/0HfXl244xc4?t=391s,decorate_finish,finish,1,0.5,"Overhead: fixing candle sinkholes (poking holes, heat-gun on the top).",,0,0.0,0.006,0.0,0.502,0.208,"#7e6c4f,#abac8f,#f3ca41",1,,
0HfXl244xc4,https://www.youtube.com/watch?v=0HfXl244xc4,Sinkholes in Candles? Here’s How to Fix Them FAST!,750.0,storyboard,50,398.94,406.91,7.97,https://youtu.be/0HfXl244xc4?t=399s,decorate_finish,finish,1,0.5,"Overhead: fixing candle sinkholes (poking holes, heat-gun on the top).",,0,0.0,0.003,0.099,0.502,0.218,"#b4a36f,#7e6837,#1f1c18",1,,
0HfXl244xc4,https://www.youtube.com/watch?v=0HfXl244xc4,Sinkholes in Candles? Here’s How to Fix Them FAST!,750.0,storyboard,51,406.91,414.89,7.98,https://youtu.be/0HfXl244xc4?t=407s,decorate_finish,finish,1,0.5,"Overhead: fixing candle sinkholes (poking holes, heat-gun on the top).",,0,0.0,0.003,0.07,0.49,0.208,"#a0906f,#674f34,#f3c841",1,,
0HfXl244xc4,https://www.youtube.com/watch?v=0HfXl244xc4,Sinkholes in Candles? Here’s How to Fix Them FAST!,750.0,storyboard,52,414.89,422.87,7.98,https://youtu.be/0HfXl244xc4?t=415s,decorate_finish,finish,1,0.5,"Overhead: fixing candle sinkholes (poking holes, heat-gun on the top).",,0,0.0,0.017,0.0,0.47,0.212,"#9a8867,#5e422d,#f4c741",1,,
0HfXl244xc4,https://www.youtube.com/watch?v=0HfXl244xc4,Sinkholes in Candles? Here’s How to Fix Them FAST!,750.0,storyboard,53,422.87,430.85,7.98,https://youtu.be/0HfXl244xc4?t=423s,decorate_finish,finish,1,0.5,"Overhead: fixing candle sinkholes (poking holes, heat-gun on the top).",,0,0.0,0.004,0.091,0.518,0.21,"#aca07d,#7b6748,#f3cb41",1,,
0HfXl244xc4,https://www.youtube.com/watch?v=0HfXl244xc4,Sinkholes in Candles? Here’s How to Fix Them FAST!,750.0,storyboard,54,430.85,438.83,7.98,https://youtu.be/0HfXl244xc4?t=431s,decorate_finish,finish,1,0.5,"Overhead: fixing candle sinkholes (poking holes, heat-gun on the top).",,0,0.0,0.014,0.061,0.511,0.232,"#9b8c69,#67532c,#dfb82e",1,,
0HfXl244xc4,https://www.youtube.com/watch?v=0HfXl244xc4,Sinkholes in Candles? Here’s How to Fix Them FAST!,750.0,storyboard,55,438.83,446.81,7.98,https://youtu.be/0HfXl244xc4?t=439s,decorate_finish,finish,1,0.5,"Overhead: fixing candle sinkholes (poking holes, heat-gun on the top).",,0,0.0,0.007,0.0,0.557,0.235,"#a89c7a,#7e6a3e,#f3c93e",1,,
0HfXl244xc4,https://www.youtube.com/watch?v=0HfXl244xc4,Sinkholes in Candles? Here’s How to Fix Them FAST!,750.0,storyboard,56,446.81,454.79,7.98,https://youtu.be/0HfXl244xc4?t=447s,decorate_finish,finish,1,0.5,"Overhead: fixing candle sinkholes (poking holes, heat-gun on the top).",,0,0.0,0.0,0.059,0.455,0.095,"#7b6a4c,#9f9673,#4f3a24",1,,
0HfXl244xc4,https://www.youtube.com/watch?v=0HfXl244xc4,Sinkholes in Candles? Here’s How to Fix Them FAST!,750.0,storyboard,57,454.79,462.77,7.98,https://youtu.be/0HfXl244xc4?t=455s,decorate_finish,finish,1,0.5,"Overhead: fixing candle sinkholes (poking holes, heat-gun on the top).",,0,0.0,0.005,0.0,0.439,0.109,"#826e51,#584028,#a59a7a",1,,
0HfXl244xc4,https://www.youtube.com/watch?v=0HfXl244xc4,Sinkholes in Candles? Here’s How to Fix Them FAST!,750.0,storyboard,58,462.77,470.74,7.97,https://youtu.be/0HfXl244xc4?t=463s,decorate_finish,finish,1,0.5,Waiting/curing (on-screen timer).,ay if ai 7 ely 2 ay ie EG Vi al,1,0.0,0.023,0.032,0.514,0.119,"#978668,#736244,#a5baa4",1,,
0HfXl244xc4,https://www.youtube.com/watch?v=0HfXl244xc4,Sinkholes in Candles? Here’s How to Fix Them FAST!,750.0,storyboard,59,470.74,478.72,7.98,https://youtu.be/0HfXl244xc4?t=471s,decorate_finish,finish,1,0.5,"Overhead: fixing candle sinkholes (poking holes, heat-gun on the top).",,0,0.0,0.004,0.08,0.443,0.095,"#817053,#a2967a,#5c482d",1,,
0HfXl244xc4,https://www.youtube.com/watch?v=0HfXl244xc4,Sinkholes in Candles? Here’s How to Fix Them FAST!,750.0,storyboard,60,478.72,486.7,7.98,https://youtu.be/0HfXl244xc4?t=479s,decorate_finish,finish,1,0.5,"Overhead: fixing candle sinkholes (poking holes, heat-gun on the top).",,0,0.0,0.003,0.0,0.482,0.093,"#715f43,#938263,#b3b99f",1,,
0HfXl244xc4,https://www.youtube.com/watch?v=0HfXl244xc4,Sinkholes in Candles? Here’s How to Fix Them FAST!,750.0,storyboard,61,486.7,494.68,7.98,https://youtu.be/0HfXl244xc4?t=487s,decorate_finish,finish,1,0.5,"Overhead: fixing candle sinkholes (poking holes, heat-gun on the top).",,0,0.0,0.003,0.031,0.468,0.091,"#887759,#655439,#a8ab86",1,,
0HfXl244xc4,https://www.youtube.com/watch?v=0HfXl244xc4,Sinkholes in Candles? Here’s How to Fix Them FAST!,750.0,storyboard,62,494.68,502.66,7.98,https://youtu.be/0HfXl244xc4?t=495s,decorate_finish,finish,1,0.5,"Overhead: fixing candle sinkholes (poking holes, heat-gun on the top).",,0,0.0,0.003,0.014,0.479,0.089,"#8e7d5f,#66563b,#b2b590",1,,
0HfXl244xc4,https://www.youtube.com/watch?v=0HfXl244xc4,Sinkholes in Candles? Here’s How to Fix Them FAST!,750.0,storyboard,63,502.66,510.64,7.98,https://youtu.be/0HfXl244xc4?t=503s,decorate_finish,finish,1,0.5,"Overhead: fixing candle sinkholes (poking holes, heat-gun on the top).",,0,0.0,0.003,0.0,0.485,0.089,"#8c7b5d,#635338,#b1b590",1,,
0HfXl244xc4,https://www.youtube.com/watch?v=0HfXl244xc4,Sinkholes in Candles? Here’s How to Fix Them FAST!,750.0,storyboard,64,510.64,518.62,7.98,https://youtu.be/0HfXl244xc4?t=511s,decorate_finish,finish,1,0.5,"Overhead: fixing candle sinkholes (poking holes, heat-gun on the top).",ws vat ful bh ij Hy she Te,1,0.0,0.022,0.047,0.459,0.09,"#837254,#a49e7c,#56442c",1,,
0HfXl244xc4,https://www.youtube.com/watch?v=0HfXl244xc4,Sinkholes in Candles? Here’s How to Fix Them FAST!,750.0,storyboard,65,518.62,526.6,7.98,https://youtu.be/0HfXl244xc4?t=519s,decorate_finish,finish,1,0.5,"Overhead: fixing candle sinkholes (poking holes, heat-gun on the top).",,0,0.0,0.003,0.0,0.489,0.091,"#907f61,#665539,#adb08d",1,,
0HfXl244xc4,https://www.youtube.com/watch?v=0HfXl244xc4,Sinkholes in Candles? Here’s How to Fix Them FAST!,750.0,storyboard,66,526.6,534.57,7.97,https://youtu.be/0HfXl244xc4?t=527s,decorate_finish,finish,1,0.5,Waiting/curing (on-screen timer).,oe wer,0,0.0,0.013,0.072,0.461,0.095,"#635139,#867559,#a3a78d",1,,
0HfXl244xc4,https://www.youtube.com/watch?v=0HfXl244xc4,Sinkholes in Candles? Here’s How to Fix Them FAST!,750.0,storyboard,67,534.57,542.55,7.98,https://youtu.be/0HfXl244xc4?t=535s,decorate_finish,finish,1,0.5,"Overhead: fixing candle sinkholes (poking holes, heat-gun on the top).",,0,0.0,0.001,0.113,0.449,0.095,"#907f60,#66553a,#b8bca1",1,,
0HfXl244xc4,https://www.youtube.com/watch?v=0HfXl244xc4,Sinkholes in Candles? Here’s How to Fix Them FAST!,750.0,storyboard,68,542.55,550.53,7.98,https://youtu.be/0HfXl244xc4?t=543s,decorate_finish,finish,1,0.5,"Overhead: fixing candle sinkholes (poking holes, heat-gun on the top).",,0,0.0,0.019,0.0,0.469,0.111,"#7d6949,#a19778,#140f09",1,,
0HfXl244xc4,https://www.youtube.com/watch?v=0HfXl244xc4,Sinkholes in Candles? Here’s How to Fix Them FAST!,750.0,storyboard,69,550.53,558.51,7.98,https://youtu.be/0HfXl244xc4?t=551s,decorate_finish,finish,1,0.5,"Overhead: fixing candle sinkholes (poking holes, heat-gun on the top).",,0,0.0,0.005,0.064,0.479,0.094,"#897556,#a39875,#674f35",1,,
0HfXl244xc4,https://www.youtube.com/watch?v=0HfXl244xc4,Sinkholes in Candles? Here’s How to Fix Them FAST!,750.0,storyboard,70,558.51,566.49,7.98,https://youtu.be/0HfXl244xc4?t=559s,decorate_finish,finish,1,0.5,"Overhead: fixing candle sinkholes (poking holes, heat-gun on the top).",hah ult ae,1,0.0,0.031,0.098,0.475,0.157,"#896f35,#a79877,#312312",1,,
0HfXl244xc4,https://www.youtube.com/watch?v=0HfXl244xc4,Sinkholes in Candles? Here’s How to Fix Them FAST!,750.0,storyboard,71,566.49,574.47,7.98,https://youtu.be/0HfXl244xc4?t=566s,decorate_finish,finish,1,0.5,"Overhead: fixing candle sinkholes (poking holes, heat-gun on the top).",,0,0.0,0.003,0.0,0.449,0.09,"#a39b79,#5b482e,#807052",1,,
0HfXl244xc4,https://www.youtube.com/watch?v=0HfXl244xc4,Sinkholes in Candles? Here’s How to Fix Them FAST!,750.0,storyboard,72,574.47,582.45,7.98,https://youtu.be/0HfXl244xc4?t=574s,decorate_finish,finish,1,0.5,"Overhead: fixing candle sinkholes (poking holes, heat-gun on the top).",WN ie Oa:,1,0.0,0.013,0.117,0.45,0.144,"#856c38,#a89b78,#130f0d",1,,
0HfXl244xc4,https://www.youtube.com/watch?v=0HfXl244xc4,Sinkholes in Candles? Here’s How to Fix Them FAST!,750.0,storyboard,73,582.45,590.43,7.98,https://youtu.be/0HfXl244xc4?t=582s,decorate_finish,finish,1,0.5,"Overhead: fixing candle sinkholes (poking holes, heat-gun on the top).",,0,0.0,0.001,0.0,0.515,0.09,"#948365,#6c5c40,#b3b693",1,,
0HfXl244xc4,https://www.youtube.com/watch?v=0HfXl244xc4,Sinkholes in Candles? Here’s How to Fix Them FAST!,750.0,storyboard,74,590.43,598.4,7.97,https://youtu.be/0HfXl244xc4?t=590s,decorate_finish,finish,1,0.5,Waiting/curing (on-screen timer).,,0,0.0,0.009,0.08,0.477,0.112,"#89775a,#4f3d28,#a9ae92",1,,
0HfXl244xc4,https://www.youtube.com/watch?v=0HfXl244xc4,Sinkholes in Candles? Here’s How to Fix Them FAST!,750.0,storyboard,75,598.4,606.38,7.98,https://youtu.be/0HfXl244xc4?t=598s,decorate_finish,finish,1,0.5,"Overhead: fixing candle sinkholes (poking holes, heat-gun on the top).",,0,0.0,0.009,0.083,0.465,0.088,"#7e6c4f,#9d9273,#5a452b",1,,
0HfXl244xc4,https://www.youtube.com/watch?v=0HfXl244xc4,Sinkholes in Candles? Here’s How to Fix Them FAST!,750.0,storyboard,76,606.38,614.36,7.98,https://youtu.be/0HfXl244xc4?t=606s,decorate_finish,finish,1,0.5,"Overhead: fixing candle sinkholes (poking holes, heat-gun on the top).",,0,0.0,0.014,0.0,0.502,0.092,"#9a8969,#786549,#b3b496",1,,
0HfXl244xc4,https://www.youtube.com/watch?v=0HfXl244xc4,Sinkholes in Candles? Here’s How to Fix Them FAST!,750.0,storyboard,77,614.36,622.34,7.98,https://youtu.be/0HfXl244xc4?t=614s,decorate_finish,finish,1,0.5,"Overhead: fixing candle sinkholes (poking holes, heat-gun on the top).",,0,0.0,0.016,0.014,0.474,0.089,"#837254,#9f9473,#614e35",1,,
0HfXl244xc4,https://www.youtube.com/watch?v=0HfXl244xc4,Sinkholes in Candles? Here’s How to Fix Them FAST!,750.0,storyboard,78,622.34,630.32,7.98,https://youtu.be/0HfXl244xc4?t=622s,decorate_finish,finish,1,0.5,Waiting/curing (on-screen timer).,ee ee ME es al at dl if,1,0.0,0.032,0.04,0.52,0.095,"#968362,#afa885,#635743",1,,
0HfXl244xc4,https://www.youtube.com/watch?v=0HfXl244xc4,Sinkholes in Candles? Here’s How to Fix Them FAST!,750.0,storyboard,79,630.32,638.3,7.98,https://youtu.be/0HfXl244xc4?t=630s,decorate_finish,finish,1,0.5,"Overhead: fixing candle sinkholes (poking holes, heat-gun on the top).",,0,0.0,0.014,0.0,0.43,0.088,"#7b694c,#9b8f71,#45311c",1,,
0gk3NsmJa7k,https://www.youtube.com/watch?v=0gk3NsmJa7k,Make Candles with me | ❄️Winter Wonderland Edition ❄️,794.0,storyboard,2,16.04,24.06,8.02,https://youtu.be/0gk3NsmJa7k?t=16s,decorate_finish,finish,1,0.5,Decorating the candles with pine sprigs/berries.,"Pe ee pe SEGRE, teet",1,0.0,0.214,0.0,0.451,0.049,"#51483d,#7e7366,#c3b4a6",1,,
0gk3NsmJa7k,https://www.youtube.com/watch?v=0gk3NsmJa7k,Make Candles with me | ❄️Winter Wonderland Edition ❄️,794.0,storyboard,10,80.2,88.22,8.02,https://youtu.be/0gk3NsmJa7k?t=80s,decorate_finish,finish,1,0.5,Decorating the candles with pine sprigs/berries.,LoS Soe,0,0.0,0.031,0.0,0.448,0.139,"#665334,#a99680,#8a7552",1,,
0gk3NsmJa7k,https://www.youtube.com/watch?v=0gk3NsmJa7k,Make Candles with me | ❄️Winter Wonderland Edition ❄️,794.0,storyboard,14,112.28,120.3,8.02,https://youtu.be/0gk3NsmJa7k?t=112s,decorate_finish,finish,1,0.5,Decorating the candles with pine sprigs/berries.,ae Vig 4 3,1,0.0,0.206,0.114,0.426,0.098,"#81725a,#4b3f2a,#bcac9e",1,,
0gk3NsmJa7k,https://www.youtube.com/watch?v=0gk3NsmJa7k,Make Candles with me | ❄️Winter Wonderland Edition ❄️,794.0,storyboard,18,144.36,152.38,8.02,https://youtu.be/0gk3NsmJa7k?t=144s,decorate_finish,finish,1,0.5,Decorating the candles with pine sprigs/berries.,Se ts OD saves yA ai oe,1,0.0,0.26,0.238,0.474,0.127,"#cebb9c,#554625,#887752",1,,
0gk3NsmJa7k,https://www.youtube.com/watch?v=0gk3NsmJa7k,Make Candles with me | ❄️Winter Wonderland Edition ❄️,794.0,storyboard,22,176.44,184.46,8.02,https://youtu.be/0gk3NsmJa7k?t=176s,decorate_finish,finish,1,0.5,Decorating the candles with pine sprigs/berries.,fe,0,0.0,0.128,0.192,0.389,0.105,"#6f614f,#403424,#999590",1,,
0gk3NsmJa7k,https://www.youtube.com/watch?v=0gk3NsmJa7k,Make Candles with me | ❄️Winter Wonderland Edition ❄️,794.0,storyboard,37,296.75,304.77,8.02,https://youtu.be/0gk3NsmJa7k?t=297s,decorate_finish,finish,1,0.5,Decorating the candle tops with pine sprigs / botanicals.,Sh ati 5 4 Me,1,0.0,0.178,0.117,0.403,0.068,"#ae9e93,#6f6056,#3f3229",1,,
0gk3NsmJa7k,https://www.youtube.com/watch?v=0gk3NsmJa7k,Make Candles with me | ❄️Winter Wonderland Edition ❄️,794.0,storyboard,38,304.77,312.79,8.02,https://youtu.be/0gk3NsmJa7k?t=305s,decorate_finish,finish,1,0.5,Decorating the candle tops with pine sprigs / botanicals.,OP,0,0.0,0.135,0.229,0.455,0.102,"#c8b9aa,#4f473a,#84786b",1,,
0gk3NsmJa7k,https://www.youtube.com/watch?v=0gk3NsmJa7k,Make Candles with me | ❄️Winter Wonderland Edition ❄️,794.0,storyboard,39,312.79,320.81,8.02,https://youtu.be/0gk3NsmJa7k?t=313s,decorate_finish,finish,1,0.5,Rows of winter candles setting.,mS,0,0.0,0.126,0.029,0.518,0.053,"#cbbcae,#51493c,#86796e",1,,
0gk3NsmJa7k,https://www.youtube.com/watch?v=0gk3NsmJa7k,Make Candles with me | ❄️Winter Wonderland Edition ❄️,794.0,storyboard,40,320.81,328.83,8.02,https://youtu.be/0gk3NsmJa7k?t=321s,decorate_finish,finish,1,0.5,Decorating the candle tops with pine sprigs / botanicals.,PX ES 4,0,0.0,0.077,0.0,0.513,0.056,"#c4b3a6,#50483b,#86786c",1,,
0gk3NsmJa7k,https://www.youtube.com/watch?v=0gk3NsmJa7k,Make Candles with me | ❄️Winter Wonderland Edition ❄️,794.0,storyboard,41,328.83,336.85,8.02,https://youtu.be/0gk3NsmJa7k?t=329s,decorate_finish,finish,1,0.5,Decorating the candle tops with pine sprigs / botanicals.,,0,0.0,0.156,0.031,0.51,0.058,"#534a3b,#cabaac,#897c6f",1,,
0gk3NsmJa7k,https://www.youtube.com/watch?v=0gk3NsmJa7k,Make Candles with me | ❄️Winter Wonderland Edition ❄️,794.0,storyboard,50,401.01,409.03,8.02,https://youtu.be/0gk3NsmJa7k?t=401s,decorate_finish,finish,1,0.5,Decorating the candle tops with pine sprigs / botanicals.,,0,0.0,0.174,0.062,0.431,0.07,"#4e4436,#7f7267,#c1b3a6",1,,
0gk3NsmJa7k,https://www.youtube.com/watch?v=0gk3NsmJa7k,Make Candles with me | ❄️Winter Wonderland Edition ❄️,794.0,storyboard,51,409.03,417.05,8.02,https://youtu.be/0gk3NsmJa7k?t=409s,decorate_finish,finish,1,0.5,Decorating the candle tops with pine sprigs / botanicals.,SRS,0,0.0,0.165,0.036,0.429,0.073,"#524837,#857769,#c7b8a9",1,,
0tS8V3Gj9C0,https://www.youtube.com/watch?v=0tS8V3Gj9C0,"make 1000 candles with me | balancing work & life, browsing markets, small business vlog",845.0,storyboard,33,263.07,271.04,7.97,https://youtu.be/0tS8V3Gj9C0?t=263s,decorate_finish,finish,1,0.5,Working the rows of candles (filling/labelling).,"7 7 7 Lt ih yr st ny Sy Ae it fi Wt ey At ad 5 ae ae ho spe yma 5 ele ee Thy LE 0 tO AAO PT ew fut Ve ee oO wu Lately IV al8o been trying to We bigger or all aK,",1,0.0,0.324,0.245,0.495,0.07,"#86847f,#d3d9d5,#3f3c36",1,,
0vn32fue7lg,https://www.youtube.com/watch?v=0vn32fue7lg,Make candles in any vessel | Easy candle math,330.0,storyboard,6,48.29,56.34,8.05,https://youtu.be/0vn32fue7lg?t=48s,decorate_finish,finish,1,0.4,Mixing in colourful sprinkles; scale.,Fao,0,0.0,0.07,0.221,0.533,0.146,"#93785e,#c5b8b2,#624126",1,,
0vn32fue7lg,https://www.youtube.com/watch?v=0vn32fue7lg,Make candles in any vessel | Easy candle math,330.0,storyboard,7,56.34,64.39,8.05,https://youtu.be/0vn32fue7lg?t=56s,decorate_finish,finish,1,0.4,White mixture in a bowl.,fe,0,0.0,0.026,0.109,0.581,0.111,"#b8b2b4,#513f2b,#837667",1,,
0vn32fue7lg,https://www.youtube.com/watch?v=0vn32fue7lg,Make candles in any vessel | Easy candle math,330.0,storyboard,8,64.39,72.44,8.05,https://youtu.be/0vn32fue7lg?t=64s,decorate_finish,finish,1,0.45,A white candle with colourful sprinkles (overhead).,,0,0.0,0.032,0.0,0.548,0.104,"#c4bdbd,#504543,#93847a",1,,
0vn32fue7lg,https://www.youtube.com/watch?v=0vn32fue7lg,Make candles in any vessel | Easy candle math,330.0,storyboard,23,185.12,193.17,8.05,https://youtu.be/0vn32fue7lg?t=185s,decorate_finish,finish,1,0.4,Hands with the finished vessel.,Oo,0,0.0,0.023,0.072,0.582,0.092,"#beb8bb,#91878f,#563e26",1,,
1-44rrfu7kc,https://www.youtube.com/watch?v=1-44rrfu7kc,Satisfying Candle Making Process |DIY Christmas Candle 🎄| Learn Candle Making at Home,162.0,storyboard,2,16.2,24.3,8.1,https://youtu.be/1-44rrfu7kc?t=16s,decorate_finish,finish,1,0.5,Painting a Christmas design (a house) onto the white wax surface.,"od sccm Pe 7 iv, uy ag ee. Poy re me oe ry",1,0.0,0.031,0.092,0.539,0.161,"#6c5337,#d8b9ad,#9a7951",1,,
1-44rrfu7kc,https://www.youtube.com/watch?v=1-44rrfu7kc,Satisfying Candle Making Process |DIY Christmas Candle 🎄| Learn Candle Making at Home,162.0,storyboard,3,24.3,32.4,8.1,https://youtu.be/1-44rrfu7kc?t=24s,decorate_finish,finish,1,0.5,Decorating/painting the white candle surface.,,0,0.0,0.013,0.112,0.53,0.157,"#9c7c5a,#6b523c,#dcb6ae",1,,
1-44rrfu7kc,https://www.youtube.com/watch?v=1-44rrfu7kc,Satisfying Candle Making Process |DIY Christmas Candle 🎄| Learn Candle Making at Home,162.0,storyboard,4,32.4,40.5,8.1,https://youtu.be/1-44rrfu7kc?t=32s,decorate_finish,finish,1,0.5,A painted design on the candle.,ne wy Va is Aas 4 8 7 Tt 2 Ces 4 om! is ss 4 eo 4 ta mp Oy 4 SN. 5 tw lia,1,0.0,0.015,0.129,0.53,0.165,"#72563e,#9b7c57,#dbb7ac",1,,
1-44rrfu7kc,https://www.youtube.com/watch?v=1-44rrfu7kc,Satisfying Candle Making Process |DIY Christmas Candle 🎄| Learn Candle Making at Home,162.0,storyboard,5,40.5,48.6,8.1,https://youtu.be/1-44rrfu7kc?t=40s,decorate_finish,finish,1,0.45,Gold bowl and a metal bowl of melted wax.,"ee ak ta Sy St ibe THN of 4 oe uo, ye ES",1,0.0,0.022,0.132,0.516,0.174,"#967351,#dbbab1,#593f2c",1,,
1-44rrfu7kc,https://www.youtube.com/watch?v=1-44rrfu7kc,Satisfying Candle Making Process |DIY Christmas Candle 🎄| Learn Candle Making at Home,162.0,storyboard,6,48.6,56.7,8.1,https://youtu.be/1-44rrfu7kc?t=49s,decorate_finish,finish,1,0.5,"Adding coloured-wax designs (house, tree).","iy BE 9 wy? he, 4 4 ay te 5 7 7 7 ss",1,0.0,0.031,0.162,0.516,0.186,"#926f4c,#d9b59e,#5b3f26",1,,
1-44rrfu7kc,https://www.youtube.com/watch?v=1-44rrfu7kc,Satisfying Candle Making Process |DIY Christmas Candle 🎄| Learn Candle Making at Home,162.0,storyboard,7,56.7,64.8,8.1,https://youtu.be/1-44rrfu7kc?t=57s,decorate_finish,finish,1,0.5,Painting designs onto the candle.,"7 oe rh ayy Fe 2 ri ns Pr el, 3 Sak Sv wu ay bee oe 7 eee Jie, Ont ee ALS Avi",1,0.333,0.052,0.164,0.548,0.172,"#7a5640,#dfa0c0,#c58792",1,,
1-44rrfu7kc,https://www.youtube.com/watch?v=1-44rrfu7kc,Satisfying Candle Making Process |DIY Christmas Candle 🎄| Learn Candle Making at Home,162.0,storyboard,8,64.8,72.9,8.1,https://youtu.be/1-44rrfu7kc?t=65s,decorate_finish,finish,1,0.4,Gold bowl; metal bowl of wax.,"ye Oe Sete 2 Ps. oe be Sele ha 2 ae What eee ne 2 ae 5 if 4 RG ia oF AM an, Om sh aes nie fs xe? 2 ion ie Pg me 7 Vin st 4 ae Ae ail See",1,0.0,0.047,0.14,0.49,0.164,"#937c5a,#d8a99c,#48412e",1,,
1-44rrfu7kc,https://www.youtube.com/watch?v=1-44rrfu7kc,Satisfying Candle Making Process |DIY Christmas Candle 🎄| Learn Candle Making at Home,162.0,storyboard,9,72.9,81.0,8.1,https://youtu.be/1-44rrfu7kc?t=73s,decorate_finish,finish,1,0.5,Decorating the white wax surface with a tool.,"7 es we eh vs Ss ae en. HE ce dM, pear ae all 5 See 3 le. Sethe Ee aes",1,0.0,0.023,0.146,0.516,0.161,"#957854,#dab197,#6d573e",1,,
1-44rrfu7kc,https://www.youtube.com/watch?v=1-44rrfu7kc,Satisfying Candle Making Process |DIY Christmas Candle 🎄| Learn Candle Making at Home,162.0,storyboard,10,81.0,89.1,8.1,https://youtu.be/1-44rrfu7kc?t=81s,decorate_finish,finish,1,0.5,Continuing the decoration.,"ae, Pe SR RS ok ae Ge Bint 2 as of an ae ra ss cca aot ee 7 es ry se bP es dL Xe",1,0.0,0.03,0.093,0.538,0.16,"#967859,#d7b1a9,#5b4631",1,,
1-44rrfu7kc,https://www.youtube.com/watch?v=1-44rrfu7kc,Satisfying Candle Making Process |DIY Christmas Candle 🎄| Learn Candle Making at Home,162.0,storyboard,11,89.1,97.2,8.1,https://youtu.be/1-44rrfu7kc?t=89s,decorate_finish,finish,1,0.5,Decorating the candle.,SE StS aa uJ 4. ree Ci 2 Pass aa 7 os ey Se,1,0.0,0.027,0.084,0.529,0.167,"#a07857,#d7a79c,#674831",1,,
1-44rrfu7kc,https://www.youtube.com/watch?v=1-44rrfu7kc,Satisfying Candle Making Process |DIY Christmas Candle 🎄| Learn Candle Making at Home,162.0,storyboard,12,97.2,105.3,8.1,https://youtu.be/1-44rrfu7kc?t=97s,decorate_finish,finish,1,0.5,Gold-bowl candle with the painted design.,She ae ete hs Seas 0 if 7 Ame 4 oF ff Mag Fea fr fl ae ra ies,1,0.0,0.035,0.176,0.541,0.161,"#d8b7ae,#9f795e,#624937",1,,
1-44rrfu7kc,https://www.youtube.com/watch?v=1-44rrfu7kc,Satisfying Candle Making Process |DIY Christmas Candle 🎄| Learn Candle Making at Home,162.0,storyboard,13,105.3,113.4,8.1,https://youtu.be/1-44rrfu7kc?t=105s,decorate_finish,finish,1,0.5,Adding red rose decorations.,ee al tIKa 4 ty Al. bam 5 ee 7 Za om ay,1,0.0,0.05,0.167,0.566,0.15,"#d5b6a9,#a77f66,#654b38",1,,
3RNr0rflCUU,https://www.youtube.com/watch?v=3RNr0rflCUU,"BUSINESS VLOG 🧸 preparing for shop launch, making 400 candles & my studio tour",834.0,storyboard,24,192.46,200.48,8.02,https://youtu.be/3RNr0rflCUU?t=192s,decorate_finish,finish,1,0.5,Packing/wrapping & stamping candles.,PN os Po Ss Ss 3 ts ae,1,0.0,0.031,0.212,0.522,0.061,"#b0aca1,#7e7b71,#282a2b",1,,
3RNr0rflCUU,https://www.youtube.com/watch?v=3RNr0rflCUU,"BUSINESS VLOG 🧸 preparing for shop launch, making 400 candles & my studio tour",834.0,storyboard,50,400.96,408.98,8.02,https://youtu.be/3RNr0rflCUU?t=401s,decorate_finish,finish,1,0.5,Packing/wrapping & stamping candles.,jah 3 5 MAD. sth RB wer Ti alk,1,0.0,0.083,0.138,0.551,0.075,"#84817b,#b2b0ac,#4e493e",1,,
3RNr0rflCUU,https://www.youtube.com/watch?v=3RNr0rflCUU,"BUSINESS VLOG 🧸 preparing for shop launch, making 400 candles & my studio tour",834.0,storyboard,53,425.02,433.04,8.02,https://youtu.be/3RNr0rflCUU?t=425s,decorate_finish,finish,1,0.5,Packing/wrapping & stamping candles.,,0,0.0,0.043,0.099,0.481,0.09,"#7f786f,#c1bdb1,#2c231f",1,,
3RNr0rflCUU,https://www.youtube.com/watch?v=3RNr0rflCUU,"BUSINESS VLOG 🧸 preparing for shop launch, making 400 candles & my studio tour",834.0,storyboard,54,433.04,441.06,8.02,https://youtu.be/3RNr0rflCUU?t=433s,decorate_finish,finish,1,0.5,Packing/wrapping & stamping candles.,AN om CHF,1,0.0,0.074,0.0,0.541,0.082,"#b3afa9,#847b71,#483c35",1,,
3RNr0rflCUU,https://www.youtube.com/watch?v=3RNr0rflCUU,"BUSINESS VLOG 🧸 preparing for shop launch, making 400 candles & my studio tour",834.0,storyboard,67,537.29,545.31,8.02,https://youtu.be/3RNr0rflCUU?t=537s,decorate_finish,finish,1,0.5,Packing/wrapping & stamping candles.,4 oe Ne ae ea iy,1,0.0,0.114,0.19,0.437,0.064,"#463a33,#847c73,#cad0cb",1,,
3RNr0rflCUU,https://www.youtube.com/watch?v=3RNr0rflCUU,"BUSINESS VLOG 🧸 preparing for shop launch, making 400 candles & my studio tour",834.0,storyboard,69,553.33,561.35,8.02,https://youtu.be/3RNr0rflCUU?t=553s,decorate_finish,finish,1,0.5,Packing/wrapping & stamping candles.,"APY aa we aa Pi Ms hay 7 2 ys yar oN ge is 7. 7 te oe Pho ESCA Soe ore Au. Aan Sig ds, SEO",1,0.0,0.052,0.219,0.481,0.049,"#817b77,#bab6b1,#2d2d2c",1,,
3RNr0rflCUU,https://www.youtube.com/watch?v=3RNr0rflCUU,"BUSINESS VLOG 🧸 preparing for shop launch, making 400 candles & my studio tour",834.0,storyboard,70,561.35,569.37,8.02,https://youtu.be/3RNr0rflCUU?t=561s,decorate_finish,finish,1,0.5,Packing/wrapping & stamping candles.,AS ia 4 7 4 4 ne wi hy GNF or. vA 4 4 Yo! My 3 2 DS wa 4 at ad Waa,1,0.0,0.039,0.203,0.527,0.052,"#b4b0a8,#756f6c,#31302e",1,,
3RNr0rflCUU,https://www.youtube.com/watch?v=3RNr0rflCUU,"BUSINESS VLOG 🧸 preparing for shop launch, making 400 candles & my studio tour",834.0,storyboard,71,569.37,577.38,8.01,https://youtu.be/3RNr0rflCUU?t=569s,decorate_finish,finish,1,0.5,Packing/wrapping & stamping candles.,,0,0.0,0.018,0.0,0.425,0.041,"#97958c,#64625a,#232629",1,,
3RNr0rflCUU,https://www.youtube.com/watch?v=3RNr0rflCUU,"BUSINESS VLOG 🧸 preparing for shop launch, making 400 candles & my studio tour",834.0,storyboard,97,777.87,785.88,8.01,https://youtu.be/3RNr0rflCUU?t=778s,decorate_finish,finish,1,0.5,Packing/wrapping & stamping candles.,Nuit yi es al 4,1,0.0,0.193,0.234,0.453,0.091,"#746f68,#b0a69b,#212529",1,,
6HKMsobiG74,https://www.youtube.com/watch?v=6HKMsobiG74,Most Satisfying Ocean Jelly Candle | Water Candle DIY ASMR,158.0,storyboard,2,15.8,23.7,7.9,https://youtu.be/6HKMsobiG74?t=16s,decorate_finish,finish,1,0.4,Decorations are placed into the bottom of the glass.,2. ee ma wens gy eet oh ae bt odie,1,0.0,0.043,0.101,0.584,0.097,"#818f8e,#a4b0b1,#767168",1,,
6Y1FERoGUSo,https://www.youtube.com/watch?v=6Y1FERoGUSo,Aesthetic Flower Candle - 4 K Free Video Process Tutorial - Celebrating Spring,776.0,storyboard,6,48.0,56.0,8.0,https://youtu.be/6Y1FERoGUSo?t=48s,decorate_finish,finish,1,0.5,Shaping the pink wax sheet/blob.,,0,0.0,0.0,0.02,0.496,0.046,"#8e8684,#837773,#635d58",1,,
6Y1FERoGUSo,https://www.youtube.com/watch?v=6Y1FERoGUSo,Aesthetic Flower Candle - 4 K Free Video Process Tutorial - Celebrating Spring,776.0,storyboard,7,56.0,64.0,8.0,https://youtu.be/6Y1FERoGUSo?t=56s,decorate_finish,finish,1,0.5,Forming the pink wax sheet.,,0,0.0,0.0,0.0,0.505,0.037,"#8e8584,#817772,#625c57",1,,
6Y1FERoGUSo,https://www.youtube.com/watch?v=6Y1FERoGUSo,Aesthetic Flower Candle - 4 K Free Video Process Tutorial - Celebrating Spring,776.0,storyboard,8,64.0,72.0,8.0,https://youtu.be/6Y1FERoGUSo?t=64s,decorate_finish,finish,1,0.4,Hand-cream bottle / prep.,,0,0.0,0.001,0.065,0.536,0.048,"#8c827e,#a19495,#615750",1,,
6Y1FERoGUSo,https://www.youtube.com/watch?v=6Y1FERoGUSo,Aesthetic Flower Candle - 4 K Free Video Process Tutorial - Celebrating Spring,776.0,storyboard,9,72.0,80.0,8.0,https://youtu.be/6Y1FERoGUSo?t=72s,decorate_finish,finish,1,0.55,Hand-sculpting pink wax into rose petals and assembling the flower candle.,,0,0.0,0.0,0.062,0.519,0.039,"#887d7a,#a09395,#665b56",1,,
6Y1FERoGUSo,https://www.youtube.com/watch?v=6Y1FERoGUSo,Aesthetic Flower Candle - 4 K Free Video Process Tutorial - Celebrating Spring,776.0,storyboard,10,80.0,88.0,8.0,https://youtu.be/6Y1FERoGUSo?t=80s,decorate_finish,finish,1,0.55,Hand-sculpting pink wax into rose petals and assembling the flower candle.,,0,0.0,0.003,0.0,0.512,0.04,"#887e7a,#9b9193,#6b615d",1,,
6Y1FERoGUSo,https://www.youtube.com/watch?v=6Y1FERoGUSo,Aesthetic Flower Candle - 4 K Free Video Process Tutorial - Celebrating Spring,776.0,storyboard,11,88.0,96.0,8.0,https://youtu.be/6Y1FERoGUSo?t=88s,decorate_finish,finish,1,0.55,Hand-sculpting pink wax into rose petals and assembling the flower candle.,,0,0.0,0.003,0.04,0.498,0.039,"#877e7a,#9c9193,#615753",1,,
6Y1FERoGUSo,https://www.youtube.com/watch?v=6Y1FERoGUSo,Aesthetic Flower Candle - 4 K Free Video Process Tutorial - Celebrating Spring,776.0,storyboard,12,96.0,104.0,8.0,https://youtu.be/6Y1FERoGUSo?t=96s,decorate_finish,finish,1,0.55,Hand-sculpting pink wax into rose petals and assembling the flower candle.,,0,0.0,0.004,0.069,0.486,0.04,"#88807d,#9c9396,#665b57",1,,
6Y1FERoGUSo,https://www.youtube.com/watch?v=6Y1FERoGUSo,Aesthetic Flower Candle - 4 K Free Video Process Tutorial - Celebrating Spring,776.0,storyboard,13,104.0,112.0,8.0,https://youtu.be/6Y1FERoGUSo?t=104s,decorate_finish,finish,1,0.55,Hand-sculpting pink wax into rose petals and assembling the flower candle.,,0,0.0,0.0,0.0,0.502,0.036,"#867d79,#9b9094,#635c58",1,,
6Y1FERoGUSo,https://www.youtube.com/watch?v=6Y1FERoGUSo,Aesthetic Flower Candle - 4 K Free Video Process Tutorial - Celebrating Spring,776.0,storyboard,14,112.0,120.0,8.0,https://youtu.be/6Y1FERoGUSo?t=112s,decorate_finish,finish,1,0.55,Hand-sculpting pink wax into rose petals and assembling the flower candle.,,0,0.0,0.0,0.026,0.517,0.036,"#847b76,#968d8d,#685b57",1,,
6Y1FERoGUSo,https://www.youtube.com/watch?v=6Y1FERoGUSo,Aesthetic Flower Candle - 4 K Free Video Process Tutorial - Celebrating Spring,776.0,storyboard,15,120.0,128.0,8.0,https://youtu.be/6Y1FERoGUSo?t=120s,decorate_finish,finish,1,0.55,Hand-sculpting pink wax into rose petals and assembling the flower candle.,,0,0.0,0.0,0.027,0.496,0.04,"#847b77,#988f92,#665956",1,,
6Y1FERoGUSo,https://www.youtube.com/watch?v=6Y1FERoGUSo,Aesthetic Flower Candle - 4 K Free Video Process Tutorial - Celebrating Spring,776.0,storyboard,16,128.0,136.0,8.0,https://youtu.be/6Y1FERoGUSo?t=128s,decorate_finish,finish,1,0.55,Hand-sculpting pink wax into rose petals and assembling the flower candle.,,0,0.0,0.0,0.0,0.491,0.039,"#847b77,#998f93,#665e5a",1,,
6Y1FERoGUSo,https://www.youtube.com/watch?v=6Y1FERoGUSo,Aesthetic Flower Candle - 4 K Free Video Process Tutorial - Celebrating Spring,776.0,storyboard,17,136.0,144.0,8.0,https://youtu.be/6Y1FERoGUSo?t=136s,decorate_finish,finish,1,0.55,Hand-sculpting pink wax into rose petals and assembling the flower candle.,,0,0.0,0.001,0.041,0.505,0.034,"#89817d,#999197,#6f6663",1,,
6Y1FERoGUSo,https://www.youtube.com/watch?v=6Y1FERoGUSo,Aesthetic Flower Candle - 4 K Free Video Process Tutorial - Celebrating Spring,776.0,storyboard,18,144.0,152.0,8.0,https://youtu.be/6Y1FERoGUSo?t=144s,decorate_finish,finish,1,0.5,Forming the rose centre on a stick.,,0,0.0,0.0,0.064,0.529,0.033,"#9a8e90,#908481,#5e554f",1,,
6Y1FERoGUSo,https://www.youtube.com/watch?v=6Y1FERoGUSo,Aesthetic Flower Candle - 4 K Free Video Process Tutorial - Celebrating Spring,776.0,storyboard,19,152.0,160.0,8.0,https://youtu.be/6Y1FERoGUSo?t=152s,decorate_finish,finish,1,0.5,Pink wax sheet with cut petal shapes.,,0,0.0,0.0,0.0,0.554,0.035,"#9a8f90,#918582,#665a55",1,,
6Y1FERoGUSo,https://www.youtube.com/watch?v=6Y1FERoGUSo,Aesthetic Flower Candle - 4 K Free Video Process Tutorial - Celebrating Spring,776.0,storyboard,20,160.0,168.0,8.0,https://youtu.be/6Y1FERoGUSo?t=160s,decorate_finish,finish,1,0.5,Cutting petal shapes from the wax sheet.,,0,0.0,0.0,0.035,0.484,0.037,"#958b8d,#7d726f,#5d534d",1,,
6Y1FERoGUSo,https://www.youtube.com/watch?v=6Y1FERoGUSo,Aesthetic Flower Candle - 4 K Free Video Process Tutorial - Celebrating Spring,776.0,storyboard,21,168.0,176.0,8.0,https://youtu.be/6Y1FERoGUSo?t=168s,decorate_finish,finish,1,0.55,Hand-sculpting pink wax into rose petals and assembling the flower candle.,,0,0.0,0.0,0.075,0.515,0.034,"#9a8f91,#928582,#645953",1,,
6Y1FERoGUSo,https://www.youtube.com/watch?v=6Y1FERoGUSo,Aesthetic Flower Candle - 4 K Free Video Process Tutorial - Celebrating Spring,776.0,storyboard,22,176.0,184.0,8.0,https://youtu.be/6Y1FERoGUSo?t=176s,decorate_finish,finish,1,0.55,Hand-sculpting pink wax into rose petals and assembling the flower candle.,,0,0.0,0.003,0.0,0.482,0.036,"#958b8e,#7f7571,#635b53",1,,
6Y1FERoGUSo,https://www.youtube.com/watch?v=6Y1FERoGUSo,Aesthetic Flower Candle - 4 K Free Video Process Tutorial - Celebrating Spring,776.0,storyboard,23,184.0,192.0,8.0,https://youtu.be/6Y1FERoGUSo?t=184s,decorate_finish,finish,1,0.55,Hand-sculpting pink wax into rose petals and assembling the flower candle.,,0,0.0,0.0,0.07,0.457,0.043,"#5c5049,#958b8c,#7c7370",1,,
6Y1FERoGUSo,https://www.youtube.com/watch?v=6Y1FERoGUSo,Aesthetic Flower Candle - 4 K Free Video Process Tutorial - Celebrating Spring,776.0,storyboard,24,192.0,200.0,8.0,https://youtu.be/6Y1FERoGUSo?t=192s,decorate_finish,finish,1,0.55,Hand-sculpting pink wax into rose petals and assembling the flower candle.,,0,0.0,0.001,0.011,0.539,0.035,"#8b8381,#988c8e,#68605c",1,,
6Y1FERoGUSo,https://www.youtube.com/watch?v=6Y1FERoGUSo,Aesthetic Flower Candle - 4 K Free Video Process Tutorial - Celebrating Spring,776.0,storyboard,25,200.0,208.0,8.0,https://youtu.be/6Y1FERoGUSo?t=200s,decorate_finish,finish,1,0.55,Hand-sculpting pink wax into rose petals and assembling the flower candle.,,0,0.0,0.001,0.0,0.543,0.035,"#8f8684,#9b8e91,#777372",1,,
6Y1FERoGUSo,https://www.youtube.com/watch?v=6Y1FERoGUSo,Aesthetic Flower Candle - 4 K Free Video Process Tutorial - Celebrating Spring,776.0,storyboard,26,208.0,216.0,8.0,https://youtu.be/6Y1FERoGUSo?t=208s,decorate_finish,finish,1,0.55,Hand-sculpting pink wax into rose petals and assembling the flower candle.,,0,0.0,0.0,0.037,0.552,0.035,"#95898a,#8e8280,#71655f",1,,
6Y1FERoGUSo,https://www.youtube.com/watch?v=6Y1FERoGUSo,Aesthetic Flower Candle - 4 K Free Video Process Tutorial - Celebrating Spring,776.0,storyboard,27,216.0,224.0,8.0,https://youtu.be/6Y1FERoGUSo?t=216s,decorate_finish,finish,1,0.55,Hand-sculpting pink wax into rose petals and assembling the flower candle.,,0,0.0,0.001,0.054,0.517,0.038,"#928787,#7e7570,#5a544f",1,,
6Y1FERoGUSo,https://www.youtube.com/watch?v=6Y1FERoGUSo,Aesthetic Flower Candle - 4 K Free Video Process Tutorial - Celebrating Spring,776.0,storyboard,28,224.0,232.0,8.0,https://youtu.be/6Y1FERoGUSo?t=224s,decorate_finish,finish,1,0.55,Hand-sculpting pink wax into rose petals and assembling the flower candle.,,0,0.0,0.0,0.0,0.537,0.045,"#968a8b,#867977,#63504c",1,,
6Y1FERoGUSo,https://www.youtube.com/watch?v=6Y1FERoGUSo,Aesthetic Flower Candle - 4 K Free Video Process Tutorial - Celebrating Spring,776.0,storyboard,29,232.0,240.0,8.0,https://youtu.be/6Y1FERoGUSo?t=232s,decorate_finish,finish,1,0.55,Hand-sculpting pink wax into rose petals and assembling the flower candle.,,0,0.0,0.0,0.045,0.529,0.046,"#988b8c,#857875,#6c5855",1,,
6Y1FERoGUSo,https://www.youtube.com/watch?v=6Y1FERoGUSo,Aesthetic Flower Candle - 4 K Free Video Process Tutorial - Celebrating Spring,776.0,storyboard,31,248.0,256.0,8.0,https://youtu.be/6Y1FERoGUSo?t=248s,decorate_finish,finish,1,0.55,Hand-sculpting pink wax into rose petals and assembling the flower candle.,,0,0.0,0.0,0.0,0.532,0.046,"#9b8b8b,#827875,#675954",1,,
6Y1FERoGUSo,https://www.youtube.com/watch?v=6Y1FERoGUSo,Aesthetic Flower Candle - 4 K Free Video Process Tutorial - Celebrating Spring,776.0,storyboard,32,256.0,264.0,8.0,https://youtu.be/6Y1FERoGUSo?t=256s,decorate_finish,finish,1,0.55,Hand-sculpting pink wax into rose petals and assembling the flower candle.,,0,0.0,0.0,0.051,0.52,0.052,"#877c79,#a19394,#64544f",1,,
6Y1FERoGUSo,https://www.youtube.com/watch?v=6Y1FERoGUSo,Aesthetic Flower Candle - 4 K Free Video Process Tutorial - Celebrating Spring,776.0,storyboard,33,264.0,272.0,8.0,https://youtu.be/6Y1FERoGUSo?t=264s,decorate_finish,finish,1,0.55,Hand-sculpting pink wax into rose petals and assembling the flower candle.,,0,0.0,0.001,0.046,0.528,0.051,"#8d817e,#a39598,#72635f",1,,
6Y1FERoGUSo,https://www.youtube.com/watch?v=6Y1FERoGUSo,Aesthetic Flower Candle - 4 K Free Video Process Tutorial - Celebrating Spring,776.0,storyboard,34,272.0,280.0,8.0,https://youtu.be/6Y1FERoGUSo?t=272s,decorate_finish,finish,1,0.55,Hand-sculpting pink wax into rose petals and assembling the flower candle.,,0,0.0,0.0,0.0,0.533,0.054,"#8e8180,#a69799,#706460",1,,
6Y1FERoGUSo,https://www.youtube.com/watch?v=6Y1FERoGUSo,Aesthetic Flower Candle - 4 K Free Video Process Tutorial - Celebrating Spring,776.0,storyboard,35,280.0,288.0,8.0,https://youtu.be/6Y1FERoGUSo?t=280s,decorate_finish,finish,1,0.55,Hand-sculpting pink wax into rose petals and assembling the flower candle.,,0,0.0,0.0,0.045,0.55,0.05,"#a49698,#908584,#7a6e6c",1,,
6Y1FERoGUSo,https://www.youtube.com/watch?v=6Y1FERoGUSo,Aesthetic Flower Candle - 4 K Free Video Process Tutorial - Celebrating Spring,776.0,storyboard,36,288.0,296.0,8.0,https://youtu.be/6Y1FERoGUSo?t=288s,decorate_finish,finish,1,0.55,Hand-sculpting pink wax into rose petals and assembling the flower candle.,,0,0.0,0.001,0.068,0.541,0.041,"#a4979b,#928687,#6d625f",1,,
6Y1FERoGUSo,https://www.youtube.com/watch?v=6Y1FERoGUSo,Aesthetic Flower Candle - 4 K Free Video Process Tutorial - Celebrating Spring,776.0,storyboard,37,296.0,304.0,8.0,https://youtu.be/6Y1FERoGUSo?t=296s,decorate_finish,finish,1,0.55,Hand-sculpting pink wax into rose petals and assembling the flower candle.,,0,0.0,0.0,0.0,0.558,0.043,"#a2979b,#928686,#786e6c",1,,
6Y1FERoGUSo,https://www.youtube.com/watch?v=6Y1FERoGUSo,Aesthetic Flower Candle - 4 K Free Video Process Tutorial - Celebrating Spring,776.0,storyboard,38,304.0,312.0,8.0,https://youtu.be/6Y1FERoGUSo?t=304s,decorate_finish,finish,1,0.55,Hand-sculpting pink wax into rose petals and assembling the flower candle.,,0,0.0,0.002,0.032,0.556,0.045,"#a2969a,#908483,#796f6c",1,,
6Y1FERoGUSo,https://www.youtube.com/watch?v=6Y1FERoGUSo,Aesthetic Flower Candle - 4 K Free Video Process Tutorial - Celebrating Spring,776.0,storyboard,39,312.0,320.0,8.0,https://youtu.be/6Y1FERoGUSo?t=312s,decorate_finish,finish,1,0.55,Hand-sculpting pink wax into rose petals and assembling the flower candle.,,0,0.0,0.001,0.041,0.547,0.043,"#a39596,#8c8180,#716563",1,,
6Y1FERoGUSo,https://www.youtube.com/watch?v=6Y1FERoGUSo,Aesthetic Flower Candle - 4 K Free Video Process Tutorial - Celebrating Spring,776.0,storyboard,40,320.0,328.0,8.0,https://youtu.be/6Y1FERoGUSo?t=320s,decorate_finish,finish,1,0.55,Hand-sculpting pink wax into rose petals and assembling the flower candle.,,0,0.0,0.001,0.0,0.513,0.048,"#8c807d,#9e8f90,#70645f",1,,
6Y1FERoGUSo,https://www.youtube.com/watch?v=6Y1FERoGUSo,Aesthetic Flower Candle - 4 K Free Video Process Tutorial - Celebrating Spring,776.0,storyboard,42,336.0,344.0,8.0,https://youtu.be/6Y1FERoGUSo?t=336s,decorate_finish,finish,1,0.55,Hand-sculpting pink wax into rose petals and assembling the flower candle.,,0,0.0,0.001,0.027,0.53,0.052,"#8c7f7b,#a19193,#736561",1,,
6Y1FERoGUSo,https://www.youtube.com/watch?v=6Y1FERoGUSo,Aesthetic Flower Candle - 4 K Free Video Process Tutorial - Celebrating Spring,776.0,storyboard,43,344.0,352.0,8.0,https://youtu.be/6Y1FERoGUSo?t=344s,decorate_finish,finish,1,0.55,Hand-sculpting pink wax into rose petals and assembling the flower candle.,,0,0.0,0.001,0.0,0.535,0.054,"#908281,#a19396,#796e6c",1,,
6Y1FERoGUSo,https://www.youtube.com/watch?v=6Y1FERoGUSo,Aesthetic Flower Candle - 4 K Free Video Process Tutorial - Celebrating Spring,776.0,storyboard,44,352.0,360.0,8.0,https://youtu.be/6Y1FERoGUSo?t=352s,decorate_finish,finish,1,0.55,Hand-sculpting pink wax into rose petals and assembling the flower candle.,,0,0.0,0.0,0.081,0.511,0.05,"#938887,#7e726f,#64544f",1,,
6Y1FERoGUSo,https://www.youtube.com/watch?v=6Y1FERoGUSo,Aesthetic Flower Candle - 4 K Free Video Process Tutorial - Celebrating Spring,776.0,storyboard,45,360.0,368.0,8.0,https://youtu.be/6Y1FERoGUSo?t=360s,decorate_finish,finish,1,0.55,Hand-sculpting pink wax into rose petals and assembling the flower candle.,,0,0.0,0.001,0.041,0.494,0.043,"#918685,#7c716d,#61534d",1,,
6Y1FERoGUSo,https://www.youtube.com/watch?v=6Y1FERoGUSo,Aesthetic Flower Candle - 4 K Free Video Process Tutorial - Celebrating Spring,776.0,storyboard,46,368.0,376.0,8.0,https://youtu.be/6Y1FERoGUSo?t=368s,decorate_finish,finish,1,0.55,Hand-sculpting pink wax into rose petals and assembling the flower candle.,,0,0.0,0.004,0.0,0.504,0.042,"#948988,#807673,#665752",1,,
6Y1FERoGUSo,https://www.youtube.com/watch?v=6Y1FERoGUSo,Aesthetic Flower Candle - 4 K Free Video Process Tutorial - Celebrating Spring,776.0,storyboard,47,376.0,384.0,8.0,https://youtu.be/6Y1FERoGUSo?t=376s,decorate_finish,finish,1,0.55,Hand-sculpting pink wax into rose petals and assembling the flower candle.,,0,0.0,0.0,0.032,0.513,0.044,"#887d7a,#998d8d,#6d605b",1,,
6Y1FERoGUSo,https://www.youtube.com/watch?v=6Y1FERoGUSo,Aesthetic Flower Candle - 4 K Free Video Process Tutorial - Celebrating Spring,776.0,storyboard,48,384.0,392.0,8.0,https://youtu.be/6Y1FERoGUSo?t=384s,decorate_finish,finish,1,0.55,Hand-sculpting pink wax into rose petals and assembling the flower candle.,,0,0.0,0.0,0.027,0.501,0.044,"#948988,#807572,#61534e",1,,
6Y1FERoGUSo,https://www.youtube.com/watch?v=6Y1FERoGUSo,Aesthetic Flower Candle - 4 K Free Video Process Tutorial - Celebrating Spring,776.0,storyboard,49,392.0,400.0,8.0,https://youtu.be/6Y1FERoGUSo?t=392s,decorate_finish,finish,1,0.55,Hand-sculpting pink wax into rose petals and assembling the flower candle.,,0,0.0,0.001,0.027,0.506,0.044,"#948786,#827572,#675953",1,,
6Y1FERoGUSo,https://www.youtube.com/watch?v=6Y1FERoGUSo,Aesthetic Flower Candle - 4 K Free Video Process Tutorial - Celebrating Spring,776.0,storyboard,50,400.0,408.0,8.0,https://youtu.be/6Y1FERoGUSo?t=400s,decorate_finish,finish,1,0.55,Hand-sculpting pink wax into rose petals and assembling the flower candle.,,0,0.0,0.0,0.0,0.524,0.043,"#8f8380,#9c9091,#746a66",1,,
6Y1FERoGUSo,https://www.youtube.com/watch?v=6Y1FERoGUSo,Aesthetic Flower Candle - 4 K Free Video Process Tutorial - Celebrating Spring,776.0,storyboard,51,408.0,416.0,8.0,https://youtu.be/6Y1FERoGUSo?t=408s,decorate_finish,finish,1,0.55,Hand-sculpting pink wax into rose petals and assembling the flower candle.,,0,0.0,0.0,0.041,0.487,0.041,"#817876,#958a89,#695b56",1,,
6Y1FERoGUSo,https://www.youtube.com/watch?v=6Y1FERoGUSo,Aesthetic Flower Candle - 4 K Free Video Process Tutorial - Celebrating Spring,776.0,storyboard,52,416.0,424.0,8.0,https://youtu.be/6Y1FERoGUSo?t=416s,decorate_finish,finish,1,0.55,Hand-sculpting pink wax into rose petals and assembling the flower candle.,,0,0.0,0.0,0.034,0.487,0.042,"#958a89,#807573,#665953",1,,
6Y1FERoGUSo,https://www.youtube.com/watch?v=6Y1FERoGUSo,Aesthetic Flower Candle - 4 K Free Video Process Tutorial - Celebrating Spring,776.0,storyboard,53,424.0,432.0,8.0,https://youtu.be/6Y1FERoGUSo?t=424s,decorate_finish,finish,1,0.55,Hand-sculpting pink wax into rose petals and assembling the flower candle.,,0,0.0,0.003,0.0,0.497,0.045,"#968a89,#7f7571,#655651",1,,
6Y1FERoGUSo,https://www.youtube.com/watch?v=6Y1FERoGUSo,Aesthetic Flower Candle - 4 K Free Video Process Tutorial - Celebrating Spring,776.0,storyboard,54,432.0,440.0,8.0,https://youtu.be/6Y1FERoGUSo?t=432s,decorate_finish,finish,1,0.55,Hand-sculpting pink wax into rose petals and assembling the flower candle.,,0,0.0,0.001,0.029,0.5,0.037,"#978d8d,#817774,#5c544f",1,,
6Y1FERoGUSo,https://www.youtube.com/watch?v=6Y1FERoGUSo,Aesthetic Flower Candle - 4 K Free Video Process Tutorial - Celebrating Spring,776.0,storyboard,55,440.0,448.0,8.0,https://youtu.be/6Y1FERoGUSo?t=440s,decorate_finish,finish,1,0.55,Hand-sculpting pink wax into rose petals and assembling the flower candle.,,0,0.0,0.002,0.056,0.515,0.039,"#948a89,#7e7673,#5e534e",1,,
6Y1FERoGUSo,https://www.youtube.com/watch?v=6Y1FERoGUSo,Aesthetic Flower Candle - 4 K Free Video Process Tutorial - Celebrating Spring,776.0,storyboard,56,448.0,456.0,8.0,https://youtu.be/6Y1FERoGUSo?t=448s,decorate_finish,finish,1,0.55,Hand-sculpting pink wax into rose petals and assembling the flower candle.,,0,0.0,0.0,0.0,0.502,0.037,"#928786,#7f7571,#625953",1,,
6Y1FERoGUSo,https://www.youtube.com/watch?v=6Y1FERoGUSo,Aesthetic Flower Candle - 4 K Free Video Process Tutorial - Celebrating Spring,776.0,storyboard,57,456.0,464.0,8.0,https://youtu.be/6Y1FERoGUSo?t=456s,decorate_finish,finish,1,0.55,Hand-sculpting pink wax into rose petals and assembling the flower candle.,,0,0.0,0.002,0.039,0.514,0.039,"#8b807d,#9a8e8f,#6f655f",1,,
6Y1FERoGUSo,https://www.youtube.com/watch?v=6Y1FERoGUSo,Aesthetic Flower Candle - 4 K Free Video Process Tutorial - Celebrating Spring,776.0,storyboard,58,464.0,472.0,8.0,https://youtu.be/6Y1FERoGUSo?t=464s,decorate_finish,finish,1,0.55,Hand-sculpting pink wax into rose petals and assembling the flower candle.,,0,0.0,0.001,0.059,0.499,0.04,"#807572,#928988,#645952",1,,
6Y1FERoGUSo,https://www.youtube.com/watch?v=6Y1FERoGUSo,Aesthetic Flower Candle - 4 K Free Video Process Tutorial - Celebrating Spring,776.0,storyboard,59,472.0,480.0,8.0,https://youtu.be/6Y1FERoGUSo?t=472s,decorate_finish,finish,1,0.55,Hand-sculpting pink wax into rose petals and assembling the flower candle.,,0,0.0,0.0,0.0,0.492,0.04,"#958a89,#7d716d,#59504a",1,,
6Y1FERoGUSo,https://www.youtube.com/watch?v=6Y1FERoGUSo,Aesthetic Flower Candle - 4 K Free Video Process Tutorial - Celebrating Spring,776.0,storyboard,60,480.0,488.0,8.0,https://youtu.be/6Y1FERoGUSo?t=480s,decorate_finish,finish,1,0.55,Hand-sculpting pink wax into rose petals and assembling the flower candle.,,0,0.0,0.0,0.032,0.498,0.039,"#817774,#958988,#645853",1,,
6Y1FERoGUSo,https://www.youtube.com/watch?v=6Y1FERoGUSo,Aesthetic Flower Candle - 4 K Free Video Process Tutorial - Celebrating Spring,776.0,storyboard,61,488.0,496.0,8.0,https://youtu.be/6Y1FERoGUSo?t=488s,decorate_finish,finish,1,0.55,Hand-sculpting pink wax into rose petals and assembling the flower candle.,,0,0.0,0.0,0.005,0.526,0.039,"#908481,#9f9496,#736965",1,,
6Y1FERoGUSo,https://www.youtube.com/watch?v=6Y1FERoGUSo,Aesthetic Flower Candle - 4 K Free Video Process Tutorial - Celebrating Spring,776.0,storyboard,62,496.0,504.0,8.0,https://youtu.be/6Y1FERoGUSo?t=496s,decorate_finish,finish,1,0.55,Hand-sculpting pink wax into rose petals and assembling the flower candle.,,0,0.0,0.0,0.0,0.527,0.039,"#908481,#9f9496,#736965",1,,
6Y1FERoGUSo,https://www.youtube.com/watch?v=6Y1FERoGUSo,Aesthetic Flower Candle - 4 K Free Video Process Tutorial - Celebrating Spring,776.0,storyboard,63,504.0,512.0,8.0,https://youtu.be/6Y1FERoGUSo?t=504s,decorate_finish,finish,1,0.55,Hand-sculpting pink wax into rose petals and assembling the flower candle.,,0,0.0,0.0,0.083,0.487,0.04,"#7d736f,#948988,#5a4f49",1,,
6Y1FERoGUSo,https://www.youtube.com/watch?v=6Y1FERoGUSo,Aesthetic Flower Candle - 4 K Free Video Process Tutorial - Celebrating Spring,776.0,storyboard,64,512.0,520.0,8.0,https://youtu.be/6Y1FERoGUSo?t=512s,decorate_finish,finish,1,0.55,Hand-sculpting pink wax into rose petals and assembling the flower candle.,,0,0.0,0.0,0.059,0.493,0.038,"#7e7471,#938a89,#5e534d",1,,
6Y1FERoGUSo,https://www.youtube.com/watch?v=6Y1FERoGUSo,Aesthetic Flower Candle - 4 K Free Video Process Tutorial - Celebrating Spring,776.0,storyboard,65,520.0,528.0,8.0,https://youtu.be/6Y1FERoGUSo?t=520s,decorate_finish,finish,1,0.55,Hand-sculpting pink wax into rose petals and assembling the flower candle.,,0,0.0,0.0,0.0,0.52,0.04,"#988d8c,#867b77,#625a56",1,,
6Y1FERoGUSo,https://www.youtube.com/watch?v=6Y1FERoGUSo,Aesthetic Flower Candle - 4 K Free Video Process Tutorial - Celebrating Spring,776.0,storyboard,66,528.0,536.0,8.0,https://youtu.be/6Y1FERoGUSo?t=528s,decorate_finish,finish,1,0.55,Hand-sculpting pink wax into rose petals and assembling the flower candle.,,0,0.0,0.0,0.042,0.482,0.036,"#7e7470,#928887,#645a55",1,,
6Y1FERoGUSo,https://www.youtube.com/watch?v=6Y1FERoGUSo,Aesthetic Flower Candle - 4 K Free Video Process Tutorial - Celebrating Spring,776.0,storyboard,67,536.0,544.0,8.0,https://youtu.be/6Y1FERoGUSo?t=536s,decorate_finish,finish,1,0.55,Hand-sculpting pink wax into rose petals and assembling the flower candle.,,0,0.0,0.0,0.044,0.489,0.039,"#958b8a,#827873,#5e544e",1,,
6Y1FERoGUSo,https://www.youtube.com/watch?v=6Y1FERoGUSo,Aesthetic Flower Candle - 4 K Free Video Process Tutorial - Celebrating Spring,776.0,storyboard,68,544.0,552.0,8.0,https://youtu.be/6Y1FERoGUSo?t=544s,decorate_finish,finish,1,0.55,Hand-sculpting pink wax into rose petals and assembling the flower candle.,,0,0.0,0.0,0.0,0.517,0.04,"#8a7e7c,#988a8a,#736966",1,,
6Y1FERoGUSo,https://www.youtube.com/watch?v=6Y1FERoGUSo,Aesthetic Flower Candle - 4 K Free Video Process Tutorial - Celebrating Spring,776.0,storyboard,69,552.0,560.0,8.0,https://youtu.be/6Y1FERoGUSo?t=552s,decorate_finish,finish,1,0.55,Hand-sculpting pink wax into rose petals and assembling the flower candle.,,0,0.0,0.0,0.006,0.517,0.04,"#8a7e7c,#988b8a,#726866",1,,
6Y1FERoGUSo,https://www.youtube.com/watch?v=6Y1FERoGUSo,Aesthetic Flower Candle - 4 K Free Video Process Tutorial - Celebrating Spring,776.0,storyboard,70,560.0,568.0,8.0,https://youtu.be/6Y1FERoGUSo?t=560s,decorate_finish,finish,1,0.55,Hand-sculpting pink wax into rose petals and assembling the flower candle.,,0,0.0,0.0,0.048,0.479,0.042,"#918585,#7b706d,#665551",1,,
6Y1FERoGUSo,https://www.youtube.com/watch?v=6Y1FERoGUSo,Aesthetic Flower Candle - 4 K Free Video Process Tutorial - Celebrating Spring,776.0,storyboard,71,568.0,576.0,8.0,https://youtu.be/6Y1FERoGUSo?t=568s,decorate_finish,finish,1,0.55,Hand-sculpting pink wax into rose petals and assembling the flower candle.,,0,0.0,0.0,0.0,0.475,0.036,"#918785,#7e7471,#5a504a",1,,
6Y1FERoGUSo,https://www.youtube.com/watch?v=6Y1FERoGUSo,Aesthetic Flower Candle - 4 K Free Video Process Tutorial - Celebrating Spring,776.0,storyboard,72,576.0,584.0,8.0,https://youtu.be/6Y1FERoGUSo?t=576s,decorate_finish,finish,1,0.55,Hand-sculpting pink wax into rose petals and assembling the flower candle.,,0,0.0,0.001,0.072,0.477,0.036,"#908787,#7b726e,#5e534e",1,,
6Y1FERoGUSo,https://www.youtube.com/watch?v=6Y1FERoGUSo,Aesthetic Flower Candle - 4 K Free Video Process Tutorial - Celebrating Spring,776.0,storyboard,73,584.0,592.0,8.0,https://youtu.be/6Y1FERoGUSo?t=584s,decorate_finish,finish,1,0.55,Hand-sculpting pink wax into rose petals and assembling the flower candle.,,0,0.0,0.001,0.026,0.491,0.036,"#908788,#7c736f,#5f534e",1,,
6Y1FERoGUSo,https://www.youtube.com/watch?v=6Y1FERoGUSo,Aesthetic Flower Candle - 4 K Free Video Process Tutorial - Celebrating Spring,776.0,storyboard,74,592.0,600.0,8.0,https://youtu.be/6Y1FERoGUSo?t=592s,decorate_finish,finish,1,0.55,Hand-sculpting pink wax into rose petals and assembling the flower candle.,,0,0.0,0.0,0.0,0.49,0.036,"#918888,#7e7572,#685e57",1,,
6Y1FERoGUSo,https://www.youtube.com/watch?v=6Y1FERoGUSo,Aesthetic Flower Candle - 4 K Free Video Process Tutorial - Celebrating Spring,776.0,storyboard,75,600.0,608.0,8.0,https://youtu.be/6Y1FERoGUSo?t=600s,decorate_finish,finish,1,0.55,Hand-sculpting pink wax into rose petals and assembling the flower candle.,,0,0.0,0.0,0.056,0.461,0.045,"#918585,#594e47,#7b716d",1,,
6Y1FERoGUSo,https://www.youtube.com/watch?v=6Y1FERoGUSo,Aesthetic Flower Candle - 4 K Free Video Process Tutorial - Celebrating Spring,776.0,storyboard,76,608.0,616.0,8.0,https://youtu.be/6Y1FERoGUSo?t=608s,decorate_finish,finish,1,0.55,Hand-sculpting pink wax into rose petals and assembling the flower candle.,,0,0.0,0.001,0.043,0.5,0.038,"#938887,#7e7573,#645850",1,,
6Y1FERoGUSo,https://www.youtube.com/watch?v=6Y1FERoGUSo,Aesthetic Flower Candle - 4 K Free Video Process Tutorial - Celebrating Spring,776.0,storyboard,77,616.0,624.0,8.0,https://youtu.be/6Y1FERoGUSo?t=616s,decorate_finish,finish,1,0.55,Hand-sculpting pink wax into rose petals and assembling the flower candle.,,0,0.0,0.0,0.0,0.492,0.037,"#928786,#7c7370,#564c47",1,,
6Y1FERoGUSo,https://www.youtube.com/watch?v=6Y1FERoGUSo,Aesthetic Flower Candle - 4 K Free Video Process Tutorial - Celebrating Spring,776.0,storyboard,78,624.0,632.0,8.0,https://youtu.be/6Y1FERoGUSo?t=624s,decorate_finish,finish,1,0.55,Hand-sculpting pink wax into rose petals and assembling the flower candle.,,0,0.0,0.0,0.046,0.464,0.04,"#8d8586,#7d7471,#5c524d",1,,
6Y1FERoGUSo,https://www.youtube.com/watch?v=6Y1FERoGUSo,Aesthetic Flower Candle - 4 K Free Video Process Tutorial - Celebrating Spring,776.0,storyboard,79,632.0,640.0,8.0,https://youtu.be/6Y1FERoGUSo?t=632s,decorate_finish,finish,1,0.55,Hand-sculpting pink wax into rose petals and assembling the flower candle.,,0,0.0,0.0,0.047,0.462,0.037,"#8f8784,#766e6b,#5b514b",1,,
6Y1FERoGUSo,https://www.youtube.com/watch?v=6Y1FERoGUSo,Aesthetic Flower Candle - 4 K Free Video Process Tutorial - Celebrating Spring,776.0,storyboard,80,640.0,648.0,8.0,https://youtu.be/6Y1FERoGUSo?t=640s,decorate_finish,finish,1,0.55,Hand-sculpting pink wax into rose petals and assembling the flower candle.,,0,0.0,0.003,0.0,0.479,0.035,"#908785,#786f6d,#5b524d",1,,
6Y1FERoGUSo,https://www.youtube.com/watch?v=6Y1FERoGUSo,Aesthetic Flower Candle - 4 K Free Video Process Tutorial - Celebrating Spring,776.0,storyboard,81,648.0,656.0,8.0,https://youtu.be/6Y1FERoGUSo?t=648s,decorate_finish,finish,1,0.55,Hand-sculpting pink wax into rose petals and assembling the flower candle.,,0,0.0,0.005,0.066,0.456,0.038,"#8f8784,#786f6c,#584d48",1,,
6Y1FERoGUSo,https://www.youtube.com/watch?v=6Y1FERoGUSo,Aesthetic Flower Candle - 4 K Free Video Process Tutorial - Celebrating Spring,776.0,storyboard,82,656.0,664.0,8.0,https://youtu.be/6Y1FERoGUSo?t=656s,decorate_finish,finish,1,0.55,Hand-sculpting pink wax into rose petals and assembling the flower candle.,,0,0.0,0.0,0.032,0.469,0.034,"#8e8784,#776e6b,#564d48",1,,
6Y1FERoGUSo,https://www.youtube.com/watch?v=6Y1FERoGUSo,Aesthetic Flower Candle - 4 K Free Video Process Tutorial - Celebrating Spring,776.0,storyboard,83,664.0,672.0,8.0,https://youtu.be/6Y1FERoGUSo?t=664s,decorate_finish,finish,1,0.55,Hand-sculpting pink wax into rose petals and assembling the flower candle.,,0,0.0,0.0,0.0,0.461,0.035,"#8f8784,#776e6b,#574d48",1,,
6Y1FERoGUSo,https://www.youtube.com/watch?v=6Y1FERoGUSo,Aesthetic Flower Candle - 4 K Free Video Process Tutorial - Celebrating Spring,776.0,storyboard,88,704.0,712.0,8.0,https://youtu.be/6Y1FERoGUSo?t=704s,decorate_finish,finish,1,0.5,Finishing the rose candle.,,0,0.0,0.001,0.109,0.502,0.056,"#907976,#725753,#a89ea2",1,,
7Nf-01syKuo,https://www.youtube.com/watch?v=7Nf-01syKuo,How to make Pillar Floral CANDLES 2 different ways #flowercandles,768.0,storyboard,46,368.0,376.0,8.0,https://youtu.be/7Nf-01syKuo?t=368s,decorate_finish,finish,1,0.5,Applying pressed flowers to the pillar candle.,fF 7 3,0,0.0,0.051,0.066,0.5,0.079,"#9c9fa1,#80766f,#484240",1,,
7Nf-01syKuo,https://www.youtube.com/watch?v=7Nf-01syKuo,How to make Pillar Floral CANDLES 2 different ways #flowercandles,768.0,storyboard,47,376.0,384.0,8.0,https://youtu.be/7Nf-01syKuo?t=376s,decorate_finish,finish,1,0.5,Applying pressed flowers to the pillar candle.,im is so,1,0.0,0.082,0.0,0.509,0.075,"#9c9fa0,#817570,#4e4642",1,,
7Nf-01syKuo,https://www.youtube.com/watch?v=7Nf-01syKuo,How to make Pillar Floral CANDLES 2 different ways #flowercandles,768.0,storyboard,53,424.0,432.0,8.0,https://youtu.be/7Nf-01syKuo?t=424s,decorate_finish,finish,1,0.5,Applying pressed flowers to the pillar candle.,,0,0.0,0.136,0.0,0.51,0.062,"#b6bbba,#73767c,#44393a",1,,
7Nf-01syKuo,https://www.youtube.com/watch?v=7Nf-01syKuo,How to make Pillar Floral CANDLES 2 different ways #flowercandles,768.0,storyboard,54,432.0,440.0,8.0,https://youtu.be/7Nf-01syKuo?t=432s,decorate_finish,finish,1,0.5,Applying pressed flowers to the pillar candle.,we,0,0.0,0.114,0.172,0.553,0.093,"#b2aca9,#8f7b79,#55504f",1,,
7Nf-01syKuo,https://www.youtube.com/watch?v=7Nf-01syKuo,How to make Pillar Floral CANDLES 2 different ways #flowercandles,768.0,storyboard,55,440.0,448.0,8.0,https://youtu.be/7Nf-01syKuo?t=440s,decorate_finish,finish,1,0.5,Applying pressed flowers to the pillar candle.,et,0,0.0,0.066,0.14,0.535,0.06,"#959798,#7d7f7d,#5b5553",1,,
7Nf-01syKuo,https://www.youtube.com/watch?v=7Nf-01syKuo,How to make Pillar Floral CANDLES 2 different ways #flowercandles,768.0,storyboard,56,448.0,456.0,8.0,https://youtu.be/7Nf-01syKuo?t=448s,decorate_finish,finish,1,0.5,Applying pressed flowers to the pillar candle.,7,0,0.0,0.022,0.09,0.472,0.038,"#97989c,#706f6a,#543b38",1,,
7Nf-01syKuo,https://www.youtube.com/watch?v=7Nf-01syKuo,How to make Pillar Floral CANDLES 2 different ways #flowercandles,768.0,storyboard,57,456.0,464.0,8.0,https://youtu.be/7Nf-01syKuo?t=456s,decorate_finish,finish,1,0.5,Applying pressed flowers to the pillar candle.,eo ee an 7AaN,1,0.0,0.028,0.071,0.484,0.054,"#929397,#6e6b66,#403939",1,,
7Nf-01syKuo,https://www.youtube.com/watch?v=7Nf-01syKuo,How to make Pillar Floral CANDLES 2 different ways #flowercandles,768.0,storyboard,58,464.0,472.0,8.0,https://youtu.be/7Nf-01syKuo?t=464s,decorate_finish,finish,1,0.5,Pouring wax into the cylinder pillar mould.,wel 4,0,0.0,0.023,0.08,0.464,0.069,"#746f68,#959598,#4c3732",1,,
7Nf-01syKuo,https://www.youtube.com/watch?v=7Nf-01syKuo,How to make Pillar Floral CANDLES 2 different ways #flowercandles,768.0,storyboard,59,472.0,480.0,8.0,https://youtu.be/7Nf-01syKuo?t=472s,decorate_finish,finish,1,0.5,Applying pressed flowers to the pillar candle.,an All ft 4,1,0.0,0.027,0.0,0.463,0.047,"#96979a,#6e6d6f,#3a353b",1,,
7Nf-01syKuo,https://www.youtube.com/watch?v=7Nf-01syKuo,How to make Pillar Floral CANDLES 2 different ways #flowercandles,768.0,storyboard,60,480.0,488.0,8.0,https://youtu.be/7Nf-01syKuo?t=480s,decorate_finish,finish,1,0.5,Finished pressed-floral pillar candle shown.,,0,0.0,0.02,0.128,0.46,0.063,"#717175,#4f413c,#adafb1",1,,
7Nf-01syKuo,https://www.youtube.com/watch?v=7Nf-01syKuo,How to make Pillar Floral CANDLES 2 different ways #flowercandles,768.0,storyboard,61,488.0,496.0,8.0,https://youtu.be/7Nf-01syKuo?t=488s,decorate_finish,finish,1,0.5,Applying pressed flowers to the pillar candle.,Tr,0,0.0,0.026,0.101,0.449,0.061,"#7a797c,#594944,#b3b4b5",1,,
7Nf-01syKuo,https://www.youtube.com/watch?v=7Nf-01syKuo,How to make Pillar Floral CANDLES 2 different ways #flowercandles,768.0,storyboard,62,496.0,504.0,8.0,https://youtu.be/7Nf-01syKuo?t=496s,decorate_finish,finish,1,0.5,Pouring wax into the cylinder pillar mould.,,0,0.0,0.027,0.157,0.423,0.053,"#68696e,#484945,#adb2b8",1,,
7Nf-01syKuo,https://www.youtube.com/watch?v=7Nf-01syKuo,How to make Pillar Floral CANDLES 2 different ways #flowercandles,768.0,storyboard,63,504.0,512.0,8.0,https://youtu.be/7Nf-01syKuo?t=504s,decorate_finish,finish,1,0.5,Applying pressed flowers to the pillar candle.,7 we SV. tdi AC nA:,1,0.0,0.048,0.2,0.451,0.051,"#9a999b,#7f7977,#58524d",1,,
7Nf-01syKuo,https://www.youtube.com/watch?v=7Nf-01syKuo,How to make Pillar Floral CANDLES 2 different ways #flowercandles,768.0,storyboard,64,512.0,520.0,8.0,https://youtu.be/7Nf-01syKuo?t=512s,decorate_finish,finish,1,0.5,Applying pressed flowers to the pillar candle.,4 Oe ae aa Gi,1,0.0,0.069,0.0,0.49,0.058,"#999897,#79736f,#544846",1,,
7Nf-01syKuo,https://www.youtube.com/watch?v=7Nf-01syKuo,How to make Pillar Floral CANDLES 2 different ways #flowercandles,768.0,storyboard,65,520.0,528.0,8.0,https://youtu.be/7Nf-01syKuo?t=520s,decorate_finish,finish,1,0.5,Applying pressed flowers to the pillar candle.,"4 oh, bs cat",1,0.0,0.058,0.038,0.489,0.053,"#9b9b9d,#787370,#574b47",1,,
7Nf-01syKuo,https://www.youtube.com/watch?v=7Nf-01syKuo,How to make Pillar Floral CANDLES 2 different ways #flowercandles,768.0,storyboard,66,528.0,536.0,8.0,https://youtu.be/7Nf-01syKuo?t=528s,decorate_finish,finish,1,0.5,Applying pressed flowers to the pillar candle.,an eB an,1,0.0,0.063,0.073,0.497,0.052,"#9c9b9d,#817e7d,#534946",1,,
7Nf-01syKuo,https://www.youtube.com/watch?v=7Nf-01syKuo,How to make Pillar Floral CANDLES 2 different ways #flowercandles,768.0,storyboard,72,576.0,584.0,8.0,https://youtu.be/7Nf-01syKuo?t=576s,decorate_finish,finish,1,0.5,Applying pressed flowers to the pillar candle.,,0,0.0,0.007,0.07,0.515,0.105,"#8b7871,#9c9da0,#625754",1,,
7Nf-01syKuo,https://www.youtube.com/watch?v=7Nf-01syKuo,How to make Pillar Floral CANDLES 2 different ways #flowercandles,768.0,storyboard,73,584.0,592.0,8.0,https://youtu.be/7Nf-01syKuo?t=584s,decorate_finish,finish,1,0.5,Applying pressed flowers to the pillar candle.,,0,0.0,0.045,0.155,0.491,0.081,"#97928f,#746c63,#2f261f",1,,
7Nf-01syKuo,https://www.youtube.com/watch?v=7Nf-01syKuo,How to make Pillar Floral CANDLES 2 different ways #flowercandles,768.0,storyboard,76,608.0,616.0,8.0,https://youtu.be/7Nf-01syKuo?t=608s,decorate_finish,finish,1,0.5,Applying pressed flowers to the pillar candle.,,0,0.0,0.046,0.0,0.482,0.083,"#858282,#615652,#b4b3b0",1,,
7Nf-01syKuo,https://www.youtube.com/watch?v=7Nf-01syKuo,How to make Pillar Floral CANDLES 2 different ways #flowercandles,768.0,storyboard,77,616.0,624.0,8.0,https://youtu.be/7Nf-01syKuo?t=616s,decorate_finish,finish,1,0.5,Applying pressed flowers to the pillar candle.,as,0,0.0,0.02,0.069,0.468,0.088,"#817e7e,#605653,#aaaaaa",1,,
7Nf-01syKuo,https://www.youtube.com/watch?v=7Nf-01syKuo,How to make Pillar Floral CANDLES 2 different ways #flowercandles,768.0,storyboard,78,624.0,632.0,8.0,https://youtu.be/7Nf-01syKuo?t=624s,decorate_finish,finish,1,0.5,Applying pressed flowers to the pillar candle.,,0,0.0,0.011,0.05,0.461,0.085,"#7c7675,#5a4f4a,#a3a3a3",1,,
7fFf-gtesH4,https://www.youtube.com/watch?v=7fFf-gtesH4,5 Homemade Candles For Emergencies,879.0,storyboard,13,103.88,111.87,7.99,https://youtu.be/7fFf-gtesH4?t=104s,decorate_finish,finish,1,0.45,Inserting a wick into a butter/cheese block candle.,,0,0.0,0.074,0.0,0.275,0.164,"#47453d,#1c1011,#94957d",1,,
7fFf-gtesH4,https://www.youtube.com/watch?v=7fFf-gtesH4,5 Homemade Candles For Emergencies,879.0,storyboard,16,127.85,135.85,8.0,https://youtu.be/7fFf-gtesH4?t=128s,decorate_finish,finish,1,0.45,Inserting a wick into a butter/cheese block candle.,"ee hey ES, ns See",1,0.0,0.17,0.189,0.31,0.152,"#5b503f,#1e1e1e,#a29f98",1,,
7fFf-gtesH4,https://www.youtube.com/watch?v=7fFf-gtesH4,5 Homemade Candles For Emergencies,879.0,storyboard,19,151.83,159.82,7.99,https://youtu.be/7fFf-gtesH4?t=152s,decorate_finish,finish,1,0.45,Inserting a wick into a butter/cheese block candle.,,0,0.0,0.008,0.0,0.402,0.101,"#32200f,#d2d6ad,#65593e",1,,
7fFf-gtesH4,https://www.youtube.com/watch?v=7fFf-gtesH4,5 Homemade Candles For Emergencies,879.0,storyboard,22,175.8,183.79,7.99,https://youtu.be/7fFf-gtesH4?t=176s,decorate_finish,finish,1,0.45,Inserting a wick into a butter/cheese block candle.,at iy,0,0.0,0.089,0.069,0.256,0.17,"#44534b,#22100c,#a47a59",1,,
7fFf-gtesH4,https://www.youtube.com/watch?v=7fFf-gtesH4,5 Homemade Candles For Emergencies,879.0,storyboard,33,263.7,271.69,7.99,https://youtu.be/7fFf-gtesH4?t=264s,decorate_finish,finish,1,0.5,Working the candle by hand (rolling a wax sheet / shaping).,DS,0,0.0,0.058,0.21,0.255,0.13,"#131115,#594a4c,#a79da5",1,,
7fFf-gtesH4,https://www.youtube.com/watch?v=7fFf-gtesH4,5 Homemade Candles For Emergencies,879.0,storyboard,70,559.36,567.35,7.99,https://youtu.be/7fFf-gtesH4?t=559s,decorate_finish,finish,1,0.5,Working the candle by hand (rolling a wax sheet / shaping).,,0,0.0,0.13,0.243,0.301,0.134,"#453e38,#141113,#ba9e82",1,,
7fFf-gtesH4,https://www.youtube.com/watch?v=7fFf-gtesH4,5 Homemade Candles For Emergencies,879.0,storyboard,71,567.35,575.35,8.0,https://youtu.be/7fFf-gtesH4?t=567s,decorate_finish,finish,1,0.5,Working the candle by hand (rolling a wax sheet / shaping).,ae 2 cs ae KR cE,1,0.0,0.152,0.248,0.295,0.142,"#6d5b49,#2f231a,#ada9a6",1,,
7j6uypARXW4,https://www.youtube.com/watch?v=7j6uypARXW4,DIY Water candles | Making candles with WATER!?,414.0,storyboard,20,159.23,167.19,7.96,https://youtu.be/7j6uypARXW4?t=159s,decorate_finish,finish,1,0.4,Red beads placed at the bottom of the cup.,,0,0.0,0.008,0.0,0.492,0.165,"#5a544b,#94897b,#eaeae3",1,,
7j6uypARXW4,https://www.youtube.com/watch?v=7j6uypARXW4,DIY Water candles | Making candles with WATER!?,414.0,storyboard,26,207.0,214.96,7.96,https://youtu.be/7j6uypARXW4?t=207s,decorate_finish,finish,1,0.4,Silver glitter/beads placed in the globe.,,0,0.0,0.014,0.182,0.288,0.077,"#322e29,#716d64,#b1a294",1,,
7j6uypARXW4,https://www.youtube.com/watch?v=7j6uypARXW4,DIY Water candles | Making candles with WATER!?,414.0,storyboard,27,214.96,222.92,7.96,https://youtu.be/7j6uypARXW4?t=215s,decorate_finish,finish,1,0.4,Globe filled with glitter.,,0,0.0,0.006,0.0,0.236,0.059,"#181918,#505250,#83847e",1,,
7j6uypARXW4,https://www.youtube.com/watch?v=7j6uypARXW4,DIY Water candles | Making candles with WATER!?,414.0,storyboard,38,302.54,310.5,7.96,https://youtu.be/7j6uypARXW4?t=303s,decorate_finish,finish,1,0.4,Beads placed at the bottom of a clear glass.,,0,0.0,0.0,0.0,0.352,0.053,"#514f4e,#272b29,#a6a7a9",1,,
7j6uypARXW4,https://www.youtube.com/watch?v=7j6uypARXW4,DIY Water candles | Making candles with WATER!?,414.0,storyboard,39,310.5,318.46,7.96,https://youtu.be/7j6uypARXW4?t=310s,decorate_finish,finish,1,0.4,Arranging beads in the glass.,,0,0.0,0.0,0.133,0.397,0.065,"#616061,#363a3a,#bcc0c3",1,,
7j6uypARXW4,https://www.youtube.com/watch?v=7j6uypARXW4,DIY Water candles | Making candles with WATER!?,414.0,storyboard,40,318.46,326.42,7.96,https://youtu.be/7j6uypARXW4?t=318s,decorate_finish,finish,1,0.45,Yellow water with a pink flower in the glass.,,0,0.0,0.005,0.073,0.518,0.172,"#595854,#928675,#ddd8cf",1,,
7j6uypARXW4,https://www.youtube.com/watch?v=7j6uypARXW4,DIY Water candles | Making candles with WATER!?,414.0,storyboard,41,326.42,334.38,7.96,https://youtu.be/7j6uypARXW4?t=326s,decorate_finish,finish,1,0.4,Pink flower water candle finished.,,0,0.0,0.01,0.145,0.497,0.232,"#b5a192,#423731,#be6242",1,,
8V_WyGLS5Zo,https://www.youtube.com/watch?v=8V_WyGLS5Zo,Candle Making Tutorial for Beginners | DIY Candle Tutorial,375.0,storyboard,29,231.38,239.36,7.98,https://youtu.be/8V_WyGLS5Zo?t=231s,decorate_finish,finish,1,0.5,A red swirl is added to the white candle surface.,9.06.,0,0.0,0.067,0.287,0.272,0.1,"#0f0d0c,#b3b3a9,#776a57",1,,
8V_WyGLS5Zo,https://www.youtube.com/watch?v=8V_WyGLS5Zo,Candle Making Tutorial for Beginners | DIY Candle Tutorial,375.0,storyboard,30,239.36,247.34,7.98,https://youtu.be/8V_WyGLS5Zo?t=239s,decorate_finish,finish,1,0.5,Swirling red dye into the candle top to marble it.,ay,0,0.0,0.043,0.0,0.362,0.129,"#9c988a,#110a0a,#635142",1,,
8V_WyGLS5Zo,https://www.youtube.com/watch?v=8V_WyGLS5Zo,Candle Making Tutorial for Beginners | DIY Candle Tutorial,375.0,storyboard,31,247.34,255.32,7.98,https://youtu.be/8V_WyGLS5Zo?t=247s,decorate_finish,finish,1,0.5,Red marble pattern formed on the candle.,7 Ne Fx,0,0.0,0.031,0.074,0.354,0.144,"#a09c91,#0c0605,#795844",1,,
8V_WyGLS5Zo,https://www.youtube.com/watch?v=8V_WyGLS5Zo,Candle Making Tutorial for Beginners | DIY Candle Tutorial,375.0,storyboard,32,255.32,263.3,7.98,https://youtu.be/8V_WyGLS5Zo?t=255s,decorate_finish,finish,1,0.5,Caption 'wipe off excess dye'; finishing the red swirl.,ym,0,0.0,0.072,0.199,0.326,0.163,"#140e0c,#a1a092,#72644e",1,,description references on-screen text but OCR found none
8_vXTepQRI8,https://www.youtube.com/watch?v=8_vXTepQRI8,DIY Homemade Tea Tin Candle - A Great Gift Idea!,424.0,storyboard,40,320.0,328.0,8.0,https://youtu.be/8_vXTepQRI8?t=320s,decorate_finish,finish,1,0.5,Finishing the tin candle.,De,0,0.0,0.061,0.066,0.741,0.169,"#af8961,#eceee8,#d3cec0",1,,
8_vXTepQRI8,https://www.youtube.com/watch?v=8_vXTepQRI8,DIY Homemade Tea Tin Candle - A Great Gift Idea!,424.0,storyboard,43,344.0,352.0,8.0,https://youtu.be/8_vXTepQRI8?t=344s,decorate_finish,finish,1,0.5,Finishing the tin candle.,,0,0.0,0.043,0.069,0.729,0.132,"#dcded8,#a98d70,#67371b",1,,
999EQfNvuds,https://www.youtube.com/watch?v=999EQfNvuds,DIY Matcha Candle | Viral Iced Drinks Candle | Realistic Candle | Candle Making Tutorial,649.0,storyboard,8,64.1,72.11,8.01,https://youtu.be/999EQfNvuds?t=64s,decorate_finish,finish,1,0.45,Whipping white wax into a creamy 'milk foam' texture.,vr es tt,1,0.0,0.037,0.116,0.668,0.081,"#e8e4db,#a09788,#635d57",1,,
999EQfNvuds,https://www.youtube.com/watch?v=999EQfNvuds,DIY Matcha Candle | Viral Iced Drinks Candle | Realistic Candle | Candle Making Tutorial,649.0,storyboard,9,72.11,80.12,8.01,https://youtu.be/999EQfNvuds?t=72s,decorate_finish,finish,1,0.4,Glasses and the pot of whipped white wax.,ote,0,0.0,0.046,0.11,0.666,0.066,"#e7e4db,#989185,#534e4f",1,,
999EQfNvuds,https://www.youtube.com/watch?v=999EQfNvuds,DIY Matcha Candle | Viral Iced Drinks Candle | Realistic Candle | Candle Making Tutorial,649.0,storyboard,10,80.12,88.14,8.02,https://youtu.be/999EQfNvuds?t=80s,decorate_finish,finish,1,0.45,Pot of whipped white wax (foam).,,0,0.0,0.035,0.0,0.648,0.081,"#e5dfd7,#a3968a,#6a635c",1,,
999EQfNvuds,https://www.youtube.com/watch?v=999EQfNvuds,DIY Matcha Candle | Viral Iced Drinks Candle | Realistic Candle | Candle Making Tutorial,649.0,storyboard,11,88.14,96.15,8.01,https://youtu.be/999EQfNvuds?t=88s,decorate_finish,finish,1,0.45,Bowl of whipped white wax.,nf,0,0.0,0.03,0.112,0.641,0.078,"#928474,#e4ddd0,#322c29",1,,
999EQfNvuds,https://www.youtube.com/watch?v=999EQfNvuds,DIY Matcha Candle | Viral Iced Drinks Candle | Realistic Candle | Candle Making Tutorial,649.0,storyboard,12,96.15,104.16,8.01,https://youtu.be/999EQfNvuds?t=96s,decorate_finish,finish,1,0.45,Holding the pot of whipped wax.,eh,0,0.0,0.019,0.14,0.624,0.084,"#e5e0d5,#938b7d,#4e4847",1,,
999EQfNvuds,https://www.youtube.com/watch?v=999EQfNvuds,DIY Matcha Candle | Viral Iced Drinks Candle | Realistic Candle | Candle Making Tutorial,649.0,storyboard,48,384.59,392.6,8.01,https://youtu.be/999EQfNvuds?t=385s,decorate_finish,finish,1,0.45,Heat gun/torch blends the matcha-green wax layer.,,0,0.0,0.015,0.05,0.809,0.041,"#f1f1ed,#c9c5bd,#807f7e",1,,
999EQfNvuds,https://www.youtube.com/watch?v=999EQfNvuds,DIY Matcha Candle | Viral Iced Drinks Candle | Realistic Candle | Candle Making Tutorial,649.0,storyboard,51,408.63,416.64,8.01,https://youtu.be/999EQfNvuds?t=409s,decorate_finish,finish,1,0.45,Heat gun/torch blends the matcha-green wax layer.,wt ye,0,0.0,0.018,0.061,0.805,0.054,"#f4f1ea,#cfc9b9,#87847b",1,,
999EQfNvuds,https://www.youtube.com/watch?v=999EQfNvuds,DIY Matcha Candle | Viral Iced Drinks Candle | Realistic Candle | Candle Making Tutorial,649.0,storyboard,54,432.67,440.68,8.01,https://youtu.be/999EQfNvuds?t=433s,decorate_finish,finish,1,0.45,Heat gun/torch blends the matcha-green wax layer.,,0,0.0,0.005,0.046,0.811,0.067,"#f2f0e8,#c8c1b2,#797874",1,,
999EQfNvuds,https://www.youtube.com/watch?v=999EQfNvuds,DIY Matcha Candle | Viral Iced Drinks Candle | Realistic Candle | Candle Making Tutorial,649.0,storyboard,57,456.7,464.72,8.02,https://youtu.be/999EQfNvuds?t=457s,decorate_finish,finish,1,0.45,Heat gun/torch blends the matcha-green wax layer.,,0,0.0,0.017,0.037,0.782,0.161,"#eee9dd,#b5a88f,#635045",1,,
999EQfNvuds,https://www.youtube.com/watch?v=999EQfNvuds,DIY Matcha Candle | Viral Iced Drinks Candle | Realistic Candle | Candle Making Tutorial,649.0,storyboard,60,480.74,488.75,8.01,https://youtu.be/999EQfNvuds?t=481s,decorate_finish,finish,1,0.45,Heat gun/torch blends the matcha-green wax layer.,,0,0.0,0.001,0.025,0.807,0.098,"#f2f1ea,#cac5b8,#858682",1,,
999EQfNvuds,https://www.youtube.com/watch?v=999EQfNvuds,DIY Matcha Candle | Viral Iced Drinks Candle | Realistic Candle | Candle Making Tutorial,649.0,storyboard,63,504.78,512.79,8.01,https://youtu.be/999EQfNvuds?t=505s,decorate_finish,finish,1,0.45,Heat gun/torch blends the matcha-green wax layer.,,0,0.0,0.018,0.119,0.817,0.049,"#f2f2ed,#c8c5bd,#838687",1,,
999EQfNvuds,https://www.youtube.com/watch?v=999EQfNvuds,DIY Matcha Candle | Viral Iced Drinks Candle | Realistic Candle | Candle Making Tutorial,649.0,storyboard,66,528.81,536.83,8.02,https://youtu.be/999EQfNvuds?t=529s,decorate_finish,finish,1,0.45,Heat gun/torch blends the matcha-green wax layer.,"te jai, ail ili Ge",1,0.0,0.024,0.033,0.808,0.071,"#f2f2ec,#c6c5b8,#81817f",1,,
999EQfNvuds,https://www.youtube.com/watch?v=999EQfNvuds,DIY Matcha Candle | Viral Iced Drinks Candle | Realistic Candle | Candle Making Tutorial,649.0,storyboard,69,552.85,560.86,8.01,https://youtu.be/999EQfNvuds?t=553s,decorate_finish,finish,1,0.45,Heat gun/torch blends the matcha-green wax layer.,Sy OF ae 8 5,1,0.0,0.025,0.025,0.816,0.071,"#f2f1e9,#c5c2b2,#83847d",1,,
999EQfNvuds,https://www.youtube.com/watch?v=999EQfNvuds,DIY Matcha Candle | Viral Iced Drinks Candle | Realistic Candle | Candle Making Tutorial,649.0,storyboard,72,576.89,584.9,8.01,https://youtu.be/999EQfNvuds?t=577s,decorate_finish,finish,1,0.5,Adding clear wax 'ice cubes' to the iced-matcha candle.,ae,0,0.0,0.039,0.066,0.811,0.078,"#f2f1ea,#c4bfae,#827f75",1,,description references on-screen text but OCR found none
999EQfNvuds,https://www.youtube.com/watch?v=999EQfNvuds,DIY Matcha Candle | Viral Iced Drinks Candle | Realistic Candle | Candle Making Tutorial,649.0,storyboard,73,584.9,592.91,8.01,https://youtu.be/999EQfNvuds?t=585s,decorate_finish,finish,1,0.5,Finishing the matcha-latte look in the glass.,,0,0.0,0.016,0.0,0.816,0.073,"#f2f1e9,#c0beae,#7e807a",1,,
AoypdYVB82A,https://www.youtube.com/watch?v=AoypdYVB82A,How to Make Pillar Candles at Home =),568.0,storyboard,5,40.0,48.0,8.0,https://youtu.be/AoypdYVB82A?t=40s,decorate_finish,finish,1,0.5,Demoulding and hand-carving the pillar candle.,Fe fi 2,0,0.0,0.03,0.037,0.11,0.078,"#130f0e,#503524,#d8b891",1,,
AoypdYVB82A,https://www.youtube.com/watch?v=AoypdYVB82A,How to Make Pillar Candles at Home =),568.0,storyboard,8,64.0,72.0,8.0,https://youtu.be/AoypdYVB82A?t=64s,decorate_finish,finish,1,0.5,Demoulding and hand-carving the pillar candle.,,0,0.0,0.203,0.159,0.324,0.171,"#3e261c,#785946,#8f8590",1,,
AoypdYVB82A,https://www.youtube.com/watch?v=AoypdYVB82A,How to Make Pillar Candles at Home =),568.0,storyboard,11,88.0,96.0,8.0,https://youtu.be/AoypdYVB82A?t=88s,decorate_finish,finish,1,0.5,Demoulding and hand-carving the pillar candle.,ye od 2 ea my yY ny 4 nel,1,0.0,0.177,0.104,0.419,0.192,"#86684c,#2a281d,#cab3a1",1,,
AoypdYVB82A,https://www.youtube.com/watch?v=AoypdYVB82A,How to Make Pillar Candles at Home =),568.0,storyboard,14,112.0,120.0,8.0,https://youtu.be/AoypdYVB82A?t=112s,decorate_finish,finish,1,0.5,Demoulding and hand-carving the pillar candle.,,0,0.0,0.014,0.0,0.356,0.135,"#684b33,#9d8e83,#442913",1,,
AoypdYVB82A,https://www.youtube.com/watch?v=AoypdYVB82A,How to Make Pillar Candles at Home =),568.0,storyboard,17,136.0,144.0,8.0,https://youtu.be/AoypdYVB82A?t=136s,decorate_finish,finish,1,0.5,Demoulding and hand-carving the pillar candle.,,0,0.0,0.005,0.064,0.422,0.159,"#8d6b35,#5c3d1e,#cbb78a",1,,
AoypdYVB82A,https://www.youtube.com/watch?v=AoypdYVB82A,How to Make Pillar Candles at Home =),568.0,storyboard,20,160.0,168.0,8.0,https://youtu.be/AoypdYVB82A?t=160s,decorate_finish,finish,1,0.5,Demoulding and hand-carving the pillar candle.,Bp,0,0.0,0.057,0.183,0.392,0.046,"#27201d,#6d6768,#a59e9c",1,,
AoypdYVB82A,https://www.youtube.com/watch?v=AoypdYVB82A,How to Make Pillar Candles at Home =),568.0,storyboard,23,184.0,192.0,8.0,https://youtu.be/AoypdYVB82A?t=184s,decorate_finish,finish,1,0.5,Demoulding and hand-carving the pillar candle.,ts es nN Ki of ae,1,0.0,0.153,0.086,0.414,0.192,"#896c53,#332b1d,#caaf99",1,,
AoypdYVB82A,https://www.youtube.com/watch?v=AoypdYVB82A,How to Make Pillar Candles at Home =),568.0,storyboard,32,256.0,264.0,8.0,https://youtu.be/AoypdYVB82A?t=256s,decorate_finish,finish,1,0.5,Demoulding/carving & rolling the candles.,ah Sy,0,0.0,0.105,0.139,0.459,0.141,"#856859,#c29b86,#4f3427",1,,
AoypdYVB82A,https://www.youtube.com/watch?v=AoypdYVB82A,How to Make Pillar Candles at Home =),568.0,storyboard,33,264.0,272.0,8.0,https://youtu.be/AoypdYVB82A?t=264s,decorate_finish,finish,1,0.5,Demoulding/carving & rolling the candles.,8,0,0.0,0.045,0.145,0.401,0.136,"#654f3d,#a89082,#291c14",1,,
AoypdYVB82A,https://www.youtube.com/watch?v=AoypdYVB82A,How to Make Pillar Candles at Home =),568.0,storyboard,34,272.0,280.0,8.0,https://youtu.be/AoypdYVB82A?t=272s,decorate_finish,finish,1,0.5,Prepping paper/carton moulds.,,0,0.0,0.048,0.13,0.433,0.129,"#715949,#b89f94,#2a2016",1,,
AoypdYVB82A,https://www.youtube.com/watch?v=AoypdYVB82A,How to Make Pillar Candles at Home =),568.0,storyboard,35,280.0,288.0,8.0,https://youtu.be/AoypdYVB82A?t=280s,decorate_finish,finish,1,0.5,Demoulding/carving & rolling the candles.,,0,0.0,0.06,0.0,0.411,0.155,"#805748,#bea39b,#37271a",1,,
AoypdYVB82A,https://www.youtube.com/watch?v=AoypdYVB82A,How to Make Pillar Candles at Home =),568.0,storyboard,36,288.0,296.0,8.0,https://youtu.be/AoypdYVB82A?t=288s,decorate_finish,finish,1,0.5,Demoulding/carving & rolling the candles.,Sk We cs te NE ae Sy 4,1,0.0,0.144,0.179,0.326,0.175,"#312220,#7c5644,#9e8e9c",1,,
AoypdYVB82A,https://www.youtube.com/watch?v=AoypdYVB82A,How to Make Pillar Candles at Home =),568.0,storyboard,38,304.0,312.0,8.0,https://youtu.be/AoypdYVB82A?t=304s,decorate_finish,finish,1,0.5,Demoulding/carving & rolling the candles.,,0,0.0,0.027,0.207,0.338,0.114,"#382819,#855b50,#cbc7bf",1,,
AoypdYVB82A,https://www.youtube.com/watch?v=AoypdYVB82A,How to Make Pillar Candles at Home =),568.0,storyboard,39,312.0,320.0,8.0,https://youtu.be/AoypdYVB82A?t=312s,decorate_finish,finish,1,0.5,Prepping paper/carton moulds.,oe we,0,0.0,0.035,0.0,0.296,0.123,"#372719,#7a574a,#beb8ab",1,,
AoypdYVB82A,https://www.youtube.com/watch?v=AoypdYVB82A,How to Make Pillar Candles at Home =),568.0,storyboard,40,320.0,328.0,8.0,https://youtu.be/AoypdYVB82A?t=320s,decorate_finish,finish,1,0.5,Demoulding/carving & rolling the candles.,Va 4 4 oe,1,0.0,0.064,0.135,0.394,0.136,"#604d38,#a2806c,#1f1714",1,,
AoypdYVB82A,https://www.youtube.com/watch?v=AoypdYVB82A,How to Make Pillar Candles at Home =),568.0,storyboard,42,336.0,344.0,8.0,https://youtu.be/AoypdYVB82A?t=336s,decorate_finish,finish,1,0.5,Demoulding/carving & rolling the candles.,As,0,0.0,0.048,0.132,0.414,0.124,"#8d685e,#5e4c3a,#c19f9c",1,,
AoypdYVB82A,https://www.youtube.com/watch?v=AoypdYVB82A,How to Make Pillar Candles at Home =),568.0,storyboard,43,344.0,352.0,8.0,https://youtu.be/AoypdYVB82A?t=344s,decorate_finish,finish,1,0.5,Setting wicks.,,0,0.0,0.049,0.0,0.436,0.132,"#8b6959,#5a4333,#ceb4ae",1,,
AoypdYVB82A,https://www.youtube.com/watch?v=AoypdYVB82A,How to Make Pillar Candles at Home =),568.0,storyboard,44,352.0,360.0,8.0,https://youtu.be/AoypdYVB82A?t=352s,decorate_finish,finish,1,0.5,Demoulding/carving & rolling the candles.,js,0,0.0,0.1,0.179,0.348,0.15,"#664b42,#351d18,#98847e",1,,
AoypdYVB82A,https://www.youtube.com/watch?v=AoypdYVB82A,How to Make Pillar Candles at Home =),568.0,storyboard,51,408.0,416.0,8.0,https://youtu.be/AoypdYVB82A?t=408s,decorate_finish,finish,1,0.5,Demoulding/carving & rolling the candles.,,0,0.0,0.123,0.16,0.458,0.141,"#6d463e,#9d837d,#d6c9be",1,,
AoypdYVB82A,https://www.youtube.com/watch?v=AoypdYVB82A,How to Make Pillar Candles at Home =),568.0,storyboard,52,416.0,424.0,8.0,https://youtu.be/AoypdYVB82A?t=416s,decorate_finish,finish,1,0.5,Demoulding/carving & rolling the candles.,say?,0,0.0,0.066,0.0,0.396,0.142,"#5d3329,#957164,#c9b6b2",1,,
AoypdYVB82A,https://www.youtube.com/watch?v=AoypdYVB82A,How to Make Pillar Candles at Home =),568.0,storyboard,54,432.0,440.0,8.0,https://youtu.be/AoypdYVB82A?t=432s,decorate_finish,finish,1,0.5,Demoulding/carving & rolling the candles.,7 7,0,0.0,0.102,0.207,0.452,0.131,"#8d717d,#644241,#bba39b",1,,
AoypdYVB82A,https://www.youtube.com/watch?v=AoypdYVB82A,How to Make Pillar Candles at Home =),568.0,storyboard,55,440.0,448.0,8.0,https://youtu.be/AoypdYVB82A?t=440s,decorate_finish,finish,1,0.5,Demoulding/carving & rolling the candles.,at,0,0.0,0.072,0.116,0.454,0.17,"#9b6f6d,#724138,#c4a094",1,,
AoypdYVB82A,https://www.youtube.com/watch?v=AoypdYVB82A,How to Make Pillar Candles at Home =),568.0,storyboard,56,448.0,456.0,8.0,https://youtu.be/AoypdYVB82A?t=448s,decorate_finish,finish,1,0.5,Demoulding/carving & rolling the candles.,4 Se an,0,0.0,0.045,0.0,0.502,0.152,"#a27c70,#774746,#c2aba6",1,,
AoypdYVB82A,https://www.youtube.com/watch?v=AoypdYVB82A,How to Make Pillar Candles at Home =),568.0,storyboard,57,456.0,464.0,8.0,https://youtu.be/AoypdYVB82A?t=456s,decorate_finish,finish,1,0.5,Demoulding/carving & rolling the candles.,it,0,0.0,0.026,0.224,0.516,0.199,"#aa9e96,#a16c29,#e2bf77",1,,
AoypdYVB82A,https://www.youtube.com/watch?v=AoypdYVB82A,How to Make Pillar Candles at Home =),568.0,storyboard,58,464.0,472.0,8.0,https://youtu.be/AoypdYVB82A?t=464s,decorate_finish,finish,1,0.5,Finished/lit candles shown.,,0,0.0,0.007,0.168,0.4,0.141,"#79423a,#b88b85,#ddc7c3",1,,
AoypdYVB82A,https://www.youtube.com/watch?v=AoypdYVB82A,How to Make Pillar Candles at Home =),568.0,storyboard,59,472.0,480.0,8.0,https://youtu.be/AoypdYVB82A?t=472s,decorate_finish,finish,1,0.5,Demoulding/carving & rolling the candles.,SRR Ri ae,1,0.0,0.058,0.16,0.399,0.152,"#563428,#8a6345,#cba774",1,,
B1E0xc9O7ZM,https://www.youtube.com/watch?v=B1E0xc9O7ZM,How to Roll Beeswax Candles with Kids {VIDEO},333.0,storyboard,1,7.93,15.86,7.93,https://youtu.be/B1E0xc9O7ZM?t=8s,decorate_finish,finish,1,0.5,Rolling a yellow honeycomb beeswax sheet around a wick to form a candle.,ll,0,0.0,0.191,0.032,0.392,0.059,"#1c1110,#c4cad3,#574d4d",1,,
B1E0xc9O7ZM,https://www.youtube.com/watch?v=B1E0xc9O7ZM,How to Roll Beeswax Candles with Kids {VIDEO},333.0,storyboard,2,15.86,23.79,7.93,https://youtu.be/B1E0xc9O7ZM?t=16s,decorate_finish,finish,1,0.45,Laying a wick along the edge of a fresh beeswax sheet.,,0,0.0,0.012,0.0,0.404,0.063,"#3b2a22,#b5b7bd,#695d59",1,,
B1E0xc9O7ZM,https://www.youtube.com/watch?v=B1E0xc9O7ZM,How to Roll Beeswax Candles with Kids {VIDEO},333.0,storyboard,3,23.79,31.71,7.92,https://youtu.be/B1E0xc9O7ZM?t=24s,decorate_finish,finish,1,0.5,Rolling a yellow honeycomb beeswax sheet around a wick to form a candle.,,0,0.0,0.03,0.138,0.443,0.221,"#b28941,#956d31,#4a2111",1,,
B1E0xc9O7ZM,https://www.youtube.com/watch?v=B1E0xc9O7ZM,How to Roll Beeswax Candles with Kids {VIDEO},333.0,storyboard,4,31.71,39.64,7.93,https://youtu.be/B1E0xc9O7ZM?t=32s,decorate_finish,finish,1,0.5,Rolling a yellow honeycomb beeswax sheet around a wick to form a candle.,,0,0.0,0.052,0.157,0.359,0.142,"#2f140f,#79614d,#c4b1a3",1,,
B1E0xc9O7ZM,https://www.youtube.com/watch?v=B1E0xc9O7ZM,How to Roll Beeswax Candles with Kids {VIDEO},333.0,storyboard,5,39.64,47.57,7.93,https://youtu.be/B1E0xc9O7ZM?t=40s,decorate_finish,finish,1,0.5,Rolling a yellow honeycomb beeswax sheet around a wick to form a candle.,,0,0.0,0.071,0.182,0.357,0.18,"#7d5426,#36160e,#8e715f",1,,
B1E0xc9O7ZM,https://www.youtube.com/watch?v=B1E0xc9O7ZM,How to Roll Beeswax Candles with Kids {VIDEO},333.0,storyboard,6,47.57,55.5,7.93,https://youtu.be/B1E0xc9O7ZM?t=48s,decorate_finish,finish,1,0.5,Rolling a yellow honeycomb beeswax sheet around a wick to form a candle.,,0,0.0,0.011,0.0,0.426,0.197,"#976f34,#af9683,#401f12",1,,
B1E0xc9O7ZM,https://www.youtube.com/watch?v=B1E0xc9O7ZM,How to Roll Beeswax Candles with Kids {VIDEO},333.0,storyboard,7,55.5,63.43,7.93,https://youtu.be/B1E0xc9O7ZM?t=56s,decorate_finish,finish,1,0.5,Rolling a yellow honeycomb beeswax sheet around a wick to form a candle.,,0,0.0,0.017,0.123,0.443,0.236,"#b88d45,#996a34,#4c2315",1,,
B1E0xc9O7ZM,https://www.youtube.com/watch?v=B1E0xc9O7ZM,How to Roll Beeswax Candles with Kids {VIDEO},333.0,storyboard,10,79.29,87.21,7.92,https://youtu.be/B1E0xc9O7ZM?t=79s,decorate_finish,finish,1,0.5,Rolling a yellow honeycomb beeswax sheet around a wick to form a candle.,ehes,0,0.0,0.019,0.174,0.427,0.235,"#c1924c,#7f442f,#4f2015",1,,
B1E0xc9O7ZM,https://www.youtube.com/watch?v=B1E0xc9O7ZM,How to Roll Beeswax Candles with Kids {VIDEO},333.0,storyboard,11,87.21,95.14,7.93,https://youtu.be/B1E0xc9O7ZM?t=87s,decorate_finish,finish,1,0.5,Rolling a yellow honeycomb beeswax sheet around a wick to form a candle.,Ad,0,0.0,0.06,0.0,0.367,0.194,"#6e3728,#ba8447,#ce9d8b",1,,
B1E0xc9O7ZM,https://www.youtube.com/watch?v=B1E0xc9O7ZM,How to Roll Beeswax Candles with Kids {VIDEO},333.0,storyboard,13,103.07,111.0,7.93,https://youtu.be/B1E0xc9O7ZM?t=103s,decorate_finish,finish,1,0.5,Rolling a yellow honeycomb beeswax sheet around a wick to form a candle.,ee,0,0.0,0.017,0.219,0.398,0.192,"#773f2e,#d5bda1,#b9864b",1,,
B1E0xc9O7ZM,https://www.youtube.com/watch?v=B1E0xc9O7ZM,How to Roll Beeswax Candles with Kids {VIDEO},333.0,storyboard,14,111.0,118.93,7.93,https://youtu.be/B1E0xc9O7ZM?t=111s,decorate_finish,finish,1,0.45,Laying a wick along the edge of a fresh beeswax sheet.,,0,0.0,0.035,0.171,0.413,0.19,"#d0a485,#884d38,#602719",1,,
B1E0xc9O7ZM,https://www.youtube.com/watch?v=B1E0xc9O7ZM,How to Roll Beeswax Candles with Kids {VIDEO},333.0,storyboard,15,118.93,126.86,7.93,https://youtu.be/B1E0xc9O7ZM?t=119s,decorate_finish,finish,1,0.5,Rolling a yellow honeycomb beeswax sheet around a wick to form a candle.,ia,0,0.0,0.078,0.155,0.406,0.168,"#c19574,#834b36,#502316",1,,
B1E0xc9O7ZM,https://www.youtube.com/watch?v=B1E0xc9O7ZM,How to Roll Beeswax Candles with Kids {VIDEO},333.0,storyboard,16,126.86,134.79,7.93,https://youtu.be/B1E0xc9O7ZM?t=127s,decorate_finish,finish,1,0.5,Rolling a yellow honeycomb beeswax sheet around a wick to form a candle.,2,0,0.0,0.024,0.0,0.382,0.186,"#83513c,#4d2418,#bf9169",1,,
B1E0xc9O7ZM,https://www.youtube.com/watch?v=B1E0xc9O7ZM,How to Roll Beeswax Candles with Kids {VIDEO},333.0,storyboard,17,134.79,142.71,7.92,https://youtu.be/B1E0xc9O7ZM?t=135s,decorate_finish,finish,1,0.5,Rolling a yellow honeycomb beeswax sheet around a wick to form a candle.,,0,0.0,0.03,0.117,0.404,0.177,"#c49a7b,#8b5945,#4a2318",1,,
B1E0xc9O7ZM,https://www.youtube.com/watch?v=B1E0xc9O7ZM,How to Roll Beeswax Candles with Kids {VIDEO},333.0,storyboard,19,150.64,158.57,7.93,https://youtu.be/B1E0xc9O7ZM?t=151s,decorate_finish,finish,1,0.5,Rolling a yellow honeycomb beeswax sheet around a wick to form a candle.,,0,0.0,0.047,0.207,0.418,0.16,"#5e291d,#975c45,#d2a58d",1,,
B1E0xc9O7ZM,https://www.youtube.com/watch?v=B1E0xc9O7ZM,How to Roll Beeswax Candles with Kids {VIDEO},333.0,storyboard,20,158.57,166.5,7.93,https://youtu.be/B1E0xc9O7ZM?t=159s,decorate_finish,finish,1,0.45,Laying a wick along the edge of a fresh beeswax sheet.,axs,0,0.0,0.096,0.0,0.404,0.153,"#805243,#361d1a,#c9ac94",1,,
B1E0xc9O7ZM,https://www.youtube.com/watch?v=B1E0xc9O7ZM,How to Roll Beeswax Candles with Kids {VIDEO},333.0,storyboard,21,166.5,174.43,7.93,https://youtu.be/B1E0xc9O7ZM?t=166s,decorate_finish,finish,1,0.5,Rolling a yellow honeycomb beeswax sheet around a wick to form a candle.,7 mane we,1,0.0,0.087,0.253,0.403,0.176,"#8c7062,#462226,#cdb2a7",1,,
B1E0xc9O7ZM,https://www.youtube.com/watch?v=B1E0xc9O7ZM,How to Roll Beeswax Candles with Kids {VIDEO},333.0,storyboard,22,174.43,182.36,7.93,https://youtu.be/B1E0xc9O7ZM?t=174s,decorate_finish,finish,1,0.5,Rolling a yellow honeycomb beeswax sheet around a wick to form a candle.,2,0,0.0,0.11,0.286,0.35,0.205,"#874427,#2f0e09,#c88241",1,,
B1E0xc9O7ZM,https://www.youtube.com/watch?v=B1E0xc9O7ZM,How to Roll Beeswax Candles with Kids {VIDEO},333.0,storyboard,23,182.36,190.29,7.93,https://youtu.be/B1E0xc9O7ZM?t=182s,decorate_finish,finish,1,0.5,Rolling a yellow honeycomb beeswax sheet around a wick to form a candle.,,0,0.0,0.125,0.261,0.368,0.192,"#391c16,#8f6748,#d4af8f",1,,
B1E0xc9O7ZM,https://www.youtube.com/watch?v=B1E0xc9O7ZM,How to Roll Beeswax Candles with Kids {VIDEO},333.0,storyboard,24,190.29,198.21,7.92,https://youtu.be/B1E0xc9O7ZM?t=190s,decorate_finish,finish,1,0.5,Rolling a yellow honeycomb beeswax sheet around a wick to form a candle.,hn,0,0.0,0.187,0.119,0.342,0.177,"#3c1b15,#876144,#caa98a",1,,
B1E0xc9O7ZM,https://www.youtube.com/watch?v=B1E0xc9O7ZM,How to Roll Beeswax Candles with Kids {VIDEO},333.0,storyboard,25,198.21,206.14,7.93,https://youtu.be/B1E0xc9O7ZM?t=198s,decorate_finish,finish,1,0.5,Rolling a yellow honeycomb beeswax sheet around a wick to form a candle.,Sige,0,0.0,0.202,0.0,0.353,0.169,"#391915,#865f44,#cfad8e",1,,
B1E0xc9O7ZM,https://www.youtube.com/watch?v=B1E0xc9O7ZM,How to Roll Beeswax Candles with Kids {VIDEO},333.0,storyboard,26,206.14,214.07,7.93,https://youtu.be/B1E0xc9O7ZM?t=206s,decorate_finish,finish,1,0.45,Laying a wick along the edge of a fresh beeswax sheet.,oe SANG,0,0.0,0.218,0.121,0.335,0.166,"#361713,#825b3e,#caaa8f",1,,
B1E0xc9O7ZM,https://www.youtube.com/watch?v=B1E0xc9O7ZM,How to Roll Beeswax Candles with Kids {VIDEO},333.0,storyboard,27,214.07,222.0,7.93,https://youtu.be/B1E0xc9O7ZM?t=214s,decorate_finish,finish,1,0.5,Rolling a yellow honeycomb beeswax sheet around a wick to form a candle.,Pe Oe,0,0.0,0.211,0.123,0.357,0.178,"#311612,#825a3d,#c5a282",1,,
B1E0xc9O7ZM,https://www.youtube.com/watch?v=B1E0xc9O7ZM,How to Roll Beeswax Candles with Kids {VIDEO},333.0,storyboard,28,222.0,229.93,7.93,https://youtu.be/B1E0xc9O7ZM?t=222s,decorate_finish,finish,1,0.5,Rolling a yellow honeycomb beeswax sheet around a wick to form a candle.,,0,0.0,0.174,0.178,0.363,0.177,"#331613,#82593e,#c9a585",1,,
B1E0xc9O7ZM,https://www.youtube.com/watch?v=B1E0xc9O7ZM,How to Roll Beeswax Candles with Kids {VIDEO},333.0,storyboard,29,229.93,237.86,7.93,https://youtu.be/B1E0xc9O7ZM?t=230s,decorate_finish,finish,1,0.5,Rolling a yellow honeycomb beeswax sheet around a wick to form a candle.,,0,0.0,0.149,0.108,0.334,0.172,"#361613,#845c43,#cfac8d",1,,
B1E0xc9O7ZM,https://www.youtube.com/watch?v=B1E0xc9O7ZM,How to Roll Beeswax Candles with Kids {VIDEO},333.0,storyboard,30,237.86,245.79,7.93,https://youtu.be/B1E0xc9O7ZM?t=238s,decorate_finish,finish,1,0.5,Rolling a yellow honeycomb beeswax sheet around a wick to form a candle.,bi Pe,0,0.0,0.19,0.0,0.357,0.182,"#421b19,#966b4a,#cfaf92",1,,
B1E0xc9O7ZM,https://www.youtube.com/watch?v=B1E0xc9O7ZM,How to Roll Beeswax Candles with Kids {VIDEO},333.0,storyboard,33,261.64,269.57,7.93,https://youtu.be/B1E0xc9O7ZM?t=262s,decorate_finish,finish,1,0.5,Rolling a yellow honeycomb beeswax sheet around a wick to form a candle.,1 ae Om,0,0.0,0.141,0.127,0.346,0.177,"#331512,#c3a88e,#936a4b",1,,
B1E0xc9O7ZM,https://www.youtube.com/watch?v=B1E0xc9O7ZM,How to Roll Beeswax Candles with Kids {VIDEO},333.0,storyboard,34,269.57,277.5,7.93,https://youtu.be/B1E0xc9O7ZM?t=270s,decorate_finish,finish,1,0.5,Rolling a yellow honeycomb beeswax sheet around a wick to form a candle.,,0,0.0,0.151,0.0,0.303,0.168,"#361512,#c09f83,#855b44",1,,
B1E0xc9O7ZM,https://www.youtube.com/watch?v=B1E0xc9O7ZM,How to Roll Beeswax Candles with Kids {VIDEO},333.0,storyboard,35,277.5,285.43,7.93,https://youtu.be/B1E0xc9O7ZM?t=278s,decorate_finish,finish,1,0.5,Rolling a yellow honeycomb beeswax sheet around a wick to form a candle.,,0,0.0,0.159,0.155,0.338,0.186,"#3a1611,#c49e7f,#8c5f42",1,,
B1E0xc9O7ZM,https://www.youtube.com/watch?v=B1E0xc9O7ZM,How to Roll Beeswax Candles with Kids {VIDEO},333.0,storyboard,36,285.43,293.36,7.93,https://youtu.be/B1E0xc9O7ZM?t=285s,decorate_finish,finish,1,0.5,Rolling a yellow honeycomb beeswax sheet around a wick to form a candle.,,0,0.0,0.182,0.018,0.369,0.056,"#1c1111,#c2c8d1,#564c4c",1,,
B1E0xc9O7ZM,https://www.youtube.com/watch?v=B1E0xc9O7ZM,How to Roll Beeswax Candles with Kids {VIDEO},333.0,storyboard,37,293.36,301.29,7.93,https://youtu.be/B1E0xc9O7ZM?t=293s,decorate_finish,finish,1,0.5,Rolling a yellow honeycomb beeswax sheet around a wick to form a candle.,,0,0.0,0.095,0.368,0.186,0.031,"#000000,#030000,#030304",1,,
B2AFuHYg_Io,https://www.youtube.com/watch?v=B2AFuHYg_Io,Coconut Soy wax candle making for beginners,507.0,storyboard,28,225.33,233.38,8.05,https://youtu.be/B2AFuHYg_Io?t=225s,decorate_finish,finish,1,0.4,Shipping/square label prepared.,es,0,0.0,0.034,0.158,0.4,0.07,"#898687,#211c1e,#57514f",1,,
B2AFuHYg_Io,https://www.youtube.com/watch?v=B2AFuHYg_Io,Coconut Soy wax candle making for beginners,507.0,storyboard,51,410.43,418.48,8.05,https://youtu.be/B2AFuHYg_Io?t=410s,decorate_finish,finish,1,0.45,Printer with the 'Mahogany Vanilla' labels.,"Se oi vi Ant. OV began ff iY, ey lb 1 wy",1,0.0,0.054,0.251,0.449,0.067,"#bcbfc3,#625a59,#1a191a",1,,
B2AFuHYg_Io,https://www.youtube.com/watch?v=B2AFuHYg_Io,Coconut Soy wax candle making for beginners,507.0,storyboard,53,426.52,434.57,8.05,https://youtu.be/B2AFuHYg_Io?t=427s,decorate_finish,finish,1,0.5,Labelled black jar; hands.,,0,0.0,0.016,0.174,0.468,0.075,"#76645a,#a1a9a9,#463029",1,,
BbGnbTIz7_s,https://www.youtube.com/watch?v=BbGnbTIz7_s,Ombre 5 layers gradient candle tutorial | Step by step | Advanced candle making | POV (no talking),505.0,storyboard,54,432.86,440.87,8.01,https://youtu.be/BbGnbTIz7_s?t=433s,decorate_finish,finish,1,0.5,Demoulding the cube candle from the silicone.,,0,0.0,0.017,0.0,0.666,0.14,"#d2d2cb,#bd9d8c,#8c5a51",1,,
BbGnbTIz7_s,https://www.youtube.com/watch?v=BbGnbTIz7_s,Ombre 5 layers gradient candle tutorial | Step by step | Advanced candle making | POV (no talking),505.0,storyboard,55,440.87,448.89,8.02,https://youtu.be/BbGnbTIz7_s?t=441s,decorate_finish,finish,1,0.5,Peeling the silicone mould off the cube.,,0,0.0,0.014,0.197,0.664,0.146,"#d1cac4,#bd9b88,#985e4c",1,,
BbGnbTIz7_s,https://www.youtube.com/watch?v=BbGnbTIz7_s,Ombre 5 layers gradient candle tutorial | Step by step | Advanced candle making | POV (no talking),505.0,storyboard,56,448.89,456.9,8.01,https://youtu.be/BbGnbTIz7_s?t=449s,decorate_finish,finish,1,0.5,Releasing the ombre cube candle.,"Uy Uy VA Al, AF 7. MS",1,0.0,0.021,0.13,0.67,0.137,"#bf9f8f,#d7d4cd,#8b5a4f",1,,
BskHsZWNhRw,https://www.youtube.com/watch?v=BskHsZWNhRw,DIY WATER CANDLES // Easy DIY CANDLES AT HOME,300.0,storyboard,2,15.79,23.68,7.89,https://youtu.be/BskHsZWNhRw?t=16s,decorate_finish,finish,1,0.4,Flowers/decor placed into the round glass.,,0,0.0,0.012,0.039,0.678,0.097,"#d9ced9,#9e907d,#6f5e48",1,,
BskHsZWNhRw,https://www.youtube.com/watch?v=BskHsZWNhRw,DIY WATER CANDLES // Easy DIY CANDLES AT HOME,300.0,storyboard,3,23.68,31.58,7.9,https://youtu.be/BskHsZWNhRw?t=24s,decorate_finish,finish,1,0.4,Pink wax/gel added into the glass.,St Pal 2,1,0.0,0.012,0.038,0.671,0.094,"#d9ced9,#958a79,#6a5744",1,,
BskHsZWNhRw,https://www.youtube.com/watch?v=BskHsZWNhRw,DIY WATER CANDLES // Easy DIY CANDLES AT HOME,300.0,storyboard,4,31.58,39.47,7.89,https://youtu.be/BskHsZWNhRw?t=32s,decorate_finish,finish,1,0.4,Arranging flowers and glitter in the glass.,so bss Pare pe ne POPS RN,1,0.0,0.026,0.061,0.656,0.107,"#dacdd8,#a08775,#715742",1,,
BskHsZWNhRw,https://www.youtube.com/watch?v=BskHsZWNhRw,DIY WATER CANDLES // Easy DIY CANDLES AT HOME,300.0,storyboard,17,134.21,142.11,7.9,https://youtu.be/BskHsZWNhRw?t=134s,decorate_finish,finish,1,0.4,Final decor placed in the pink candle.,be,0,0.0,0.023,0.046,0.643,0.098,"#d5cbd4,#846b68,#301c1a",1,,
CQ3SYeqOP8Y,https://www.youtube.com/watch?v=CQ3SYeqOP8Y,How to Make Rolled beeswax Candles,483.0,storyboard,12,96.6,104.65,8.05,https://youtu.be/CQ3SYeqOP8Y?t=97s,decorate_finish,finish,1,0.5,Rolling/shaping a beeswax sheet to build the candle.,,0,0.0,0.005,0.05,0.594,0.231,"#b1afaf,#644b3b,#a29a24",1,,
CQ3SYeqOP8Y,https://www.youtube.com/watch?v=CQ3SYeqOP8Y,How to Make Rolled beeswax Candles,483.0,storyboard,13,104.65,112.7,8.05,https://youtu.be/CQ3SYeqOP8Y?t=105s,decorate_finish,finish,1,0.5,Rolling/shaping a beeswax sheet to build the candle.,,0,0.0,0.0,0.0,0.565,0.207,"#b2b0b0,#6f5747,#a19926",1,,
CQ3SYeqOP8Y,https://www.youtube.com/watch?v=CQ3SYeqOP8Y,How to Make Rolled beeswax Candles,483.0,storyboard,14,112.7,120.75,8.05,https://youtu.be/CQ3SYeqOP8Y?t=113s,decorate_finish,finish,1,0.5,Rolling/shaping a beeswax sheet to build the candle.,,0,0.0,0.001,0.116,0.572,0.196,"#b0aeae,#9d9626,#553b2c",1,,
CQ3SYeqOP8Y,https://www.youtube.com/watch?v=CQ3SYeqOP8Y,How to Make Rolled beeswax Candles,483.0,storyboard,15,120.75,128.8,8.05,https://youtu.be/CQ3SYeqOP8Y?t=121s,decorate_finish,finish,1,0.5,Rolling/shaping a beeswax sheet to build the candle.,,0,0.0,0.0,0.042,0.502,0.276,"#644835,#adaca6,#a69c21",1,,
CQ3SYeqOP8Y,https://www.youtube.com/watch?v=CQ3SYeqOP8Y,How to Make Rolled beeswax Candles,483.0,storyboard,16,128.8,136.85,8.05,https://youtu.be/CQ3SYeqOP8Y?t=129s,decorate_finish,finish,1,0.5,Rolling/shaping a beeswax sheet to build the candle.,yan,0,0.0,0.023,0.0,0.516,0.284,"#6f5647,#b2a927,#bebcb4",1,,
CQ3SYeqOP8Y,https://www.youtube.com/watch?v=CQ3SYeqOP8Y,How to Make Rolled beeswax Candles,483.0,storyboard,17,136.85,144.9,8.05,https://youtu.be/CQ3SYeqOP8Y?t=137s,decorate_finish,finish,1,0.5,Rolling/shaping a beeswax sheet to build the candle.,,0,0.0,0.021,0.133,0.557,0.296,"#644b3a,#a29e29,#a9acac",1,,
CQ3SYeqOP8Y,https://www.youtube.com/watch?v=CQ3SYeqOP8Y,How to Make Rolled beeswax Candles,483.0,storyboard,18,144.9,152.95,8.05,https://youtu.be/CQ3SYeqOP8Y?t=145s,decorate_finish,finish,1,0.5,Rolling/shaping a beeswax sheet to build the candle.,,0,0.0,0.003,0.164,0.516,0.256,"#999627,#a2a3a0,#59442c",1,,
CQ3SYeqOP8Y,https://www.youtube.com/watch?v=CQ3SYeqOP8Y,How to Make Rolled beeswax Candles,483.0,storyboard,19,152.95,161.0,8.05,https://youtu.be/CQ3SYeqOP8Y?t=153s,decorate_finish,finish,1,0.5,Rolling/shaping a beeswax sheet to build the candle.,,0,0.0,0.008,0.0,0.443,0.198,"#5e4a33,#938c50,#aeaead",1,,
CQ3SYeqOP8Y,https://www.youtube.com/watch?v=CQ3SYeqOP8Y,How to Make Rolled beeswax Candles,483.0,storyboard,20,161.0,169.05,8.05,https://youtu.be/CQ3SYeqOP8Y?t=161s,decorate_finish,finish,1,0.5,Rolling/shaping a beeswax sheet to build the candle.,,0,0.0,0.008,0.071,0.551,0.205,"#abacad,#6a4d3c,#948b24",1,,
CQ3SYeqOP8Y,https://www.youtube.com/watch?v=CQ3SYeqOP8Y,How to Make Rolled beeswax Candles,483.0,storyboard,21,169.05,177.1,8.05,https://youtu.be/CQ3SYeqOP8Y?t=169s,decorate_finish,finish,1,0.5,Rolling/shaping a beeswax sheet to build the candle.,,0,0.0,0.006,0.096,0.535,0.156,"#a6a9aa,#857b42,#422717",1,,
CQ3SYeqOP8Y,https://www.youtube.com/watch?v=CQ3SYeqOP8Y,How to Make Rolled beeswax Candles,483.0,storyboard,22,177.1,185.15,8.05,https://youtu.be/CQ3SYeqOP8Y?t=177s,decorate_finish,finish,1,0.5,Rolling/shaping a beeswax sheet to build the candle.,,0,0.0,0.0,0.0,0.529,0.164,"#a8aaac,#8b8349,#675232",1,,
CQ3SYeqOP8Y,https://www.youtube.com/watch?v=CQ3SYeqOP8Y,How to Make Rolled beeswax Candles,483.0,storyboard,23,185.15,193.2,8.05,https://youtu.be/CQ3SYeqOP8Y?t=185s,decorate_finish,finish,1,0.5,Rolling/shaping a beeswax sheet to build the candle.,,0,0.0,0.0,0.132,0.586,0.183,"#babdbe,#a29c4b,#4c4130",1,,
CQ3SYeqOP8Y,https://www.youtube.com/watch?v=CQ3SYeqOP8Y,How to Make Rolled beeswax Candles,483.0,storyboard,24,193.2,201.25,8.05,https://youtu.be/CQ3SYeqOP8Y?t=193s,decorate_finish,finish,1,0.5,Rolling/shaping a beeswax sheet to build the candle.,,0,0.0,0.024,0.104,0.513,0.121,"#a6a8aa,#5f4431,#817757",1,,
CQ3SYeqOP8Y,https://www.youtube.com/watch?v=CQ3SYeqOP8Y,How to Make Rolled beeswax Candles,483.0,storyboard,25,201.25,209.3,8.05,https://youtu.be/CQ3SYeqOP8Y?t=201s,decorate_finish,finish,1,0.5,Rolling/shaping a beeswax sheet to build the candle.,,0,0.0,0.0,0.0,0.569,0.147,"#adafb2,#918a55,#674d35",1,,
CQ3SYeqOP8Y,https://www.youtube.com/watch?v=CQ3SYeqOP8Y,How to Make Rolled beeswax Candles,483.0,storyboard,26,209.3,217.35,8.05,https://youtu.be/CQ3SYeqOP8Y?t=209s,decorate_finish,finish,1,0.5,Rolling/shaping a beeswax sheet to build the candle.,Py,0,0.0,0.055,0.122,0.573,0.132,"#8c7e70,#cbc6c5,#413c27",1,,
CQ3SYeqOP8Y,https://www.youtube.com/watch?v=CQ3SYeqOP8Y,How to Make Rolled beeswax Candles,483.0,storyboard,27,217.35,225.4,8.05,https://youtu.be/CQ3SYeqOP8Y?t=217s,decorate_finish,finish,1,0.5,Rolling/shaping a beeswax sheet to build the candle.,4,0,0.0,0.022,0.054,0.58,0.082,"#8e7f75,#c2c4c9,#3f3529",1,,
CQ3SYeqOP8Y,https://www.youtube.com/watch?v=CQ3SYeqOP8Y,How to Make Rolled beeswax Candles,483.0,storyboard,28,225.4,233.45,8.05,https://youtu.be/CQ3SYeqOP8Y?t=225s,decorate_finish,finish,1,0.5,Rolling/shaping a beeswax sheet to build the candle.,,0,0.0,0.016,0.0,0.56,0.078,"#86796e,#c5c7cb,#3e372a",1,,
CQ3SYeqOP8Y,https://www.youtube.com/watch?v=CQ3SYeqOP8Y,How to Make Rolled beeswax Candles,483.0,storyboard,29,233.45,241.5,8.05,https://youtu.be/CQ3SYeqOP8Y?t=233s,decorate_finish,finish,1,0.5,Rolling/shaping a beeswax sheet to build the candle.,,0,0.0,0.015,0.095,0.574,0.099,"#c6c9cc,#404422,#a19480",1,,
CQ3SYeqOP8Y,https://www.youtube.com/watch?v=CQ3SYeqOP8Y,How to Make Rolled beeswax Candles,483.0,storyboard,30,241.5,249.55,8.05,https://youtu.be/CQ3SYeqOP8Y?t=242s,decorate_finish,finish,1,0.5,Rolling/shaping a beeswax sheet to build the candle.,ea,0,0.0,0.026,0.122,0.566,0.103,"#c0bebe,#303217,#92765d",1,,
CQ3SYeqOP8Y,https://www.youtube.com/watch?v=CQ3SYeqOP8Y,How to Make Rolled beeswax Candles,483.0,storyboard,31,249.55,257.6,8.05,https://youtu.be/CQ3SYeqOP8Y?t=250s,decorate_finish,finish,1,0.5,Rolling/shaping a beeswax sheet to build the candle.,,0,0.0,0.023,0.0,0.607,0.107,"#cccbca,#3c451e,#a5916f",1,,
CQ3SYeqOP8Y,https://www.youtube.com/watch?v=CQ3SYeqOP8Y,How to Make Rolled beeswax Candles,483.0,storyboard,32,257.6,265.65,8.05,https://youtu.be/CQ3SYeqOP8Y?t=258s,decorate_finish,finish,1,0.5,Rolling/shaping a beeswax sheet to build the candle.,,0,0.0,0.007,0.102,0.57,0.126,"#cac5c3,#9d7e68,#3d381b",1,,
CQ3SYeqOP8Y,https://www.youtube.com/watch?v=CQ3SYeqOP8Y,How to Make Rolled beeswax Candles,483.0,storyboard,33,265.65,273.7,8.05,https://youtu.be/CQ3SYeqOP8Y?t=266s,decorate_finish,finish,1,0.5,Rolling/shaping a beeswax sheet to build the candle.,,0,0.0,0.03,0.116,0.587,0.133,"#cac8c7,#9e8066,#353617",1,,
CQ3SYeqOP8Y,https://www.youtube.com/watch?v=CQ3SYeqOP8Y,How to Make Rolled beeswax Candles,483.0,storyboard,34,273.7,281.75,8.05,https://youtu.be/CQ3SYeqOP8Y?t=274s,decorate_finish,finish,1,0.5,Rolling/shaping a beeswax sheet to build the candle.,,0,0.0,0.016,0.0,0.55,0.143,"#b1aead,#846b49,#322414",1,,
CQ3SYeqOP8Y,https://www.youtube.com/watch?v=CQ3SYeqOP8Y,How to Make Rolled beeswax Candles,483.0,storyboard,35,281.75,289.8,8.05,https://youtu.be/CQ3SYeqOP8Y?t=282s,decorate_finish,finish,1,0.5,Rolling/shaping a beeswax sheet to build the candle.,,0,0.0,0.009,0.128,0.561,0.135,"#b3afad,#877b48,#493c24",1,,
CQ3SYeqOP8Y,https://www.youtube.com/watch?v=CQ3SYeqOP8Y,How to Make Rolled beeswax Candles,483.0,storyboard,36,289.8,297.85,8.05,https://youtu.be/CQ3SYeqOP8Y?t=290s,decorate_finish,finish,1,0.5,Green rolled candle; heat gun and pink wax decor.,,0,0.0,0.0,0.201,0.517,0.187,"#bfb7b7,#aa6b65,#2b2520",1,,
CQ3SYeqOP8Y,https://www.youtube.com/watch?v=CQ3SYeqOP8Y,How to Make Rolled beeswax Candles,483.0,storyboard,37,297.85,305.9,8.05,https://youtu.be/CQ3SYeqOP8Y?t=298s,decorate_finish,finish,1,0.4,Pink/green beeswax sheets.,,0,0.0,0.0,0.0,0.633,0.249,"#c07992,#ccc6c9,#82682d",1,,
CQ3SYeqOP8Y,https://www.youtube.com/watch?v=CQ3SYeqOP8Y,How to Make Rolled beeswax Candles,483.0,storyboard,38,305.9,313.95,8.05,https://youtu.be/CQ3SYeqOP8Y?t=306s,decorate_finish,finish,1,0.5,Rolling/shaping a beeswax sheet to build the candle.,,0,0.0,0.009,0.082,0.507,0.191,"#9f756a,#c2babb,#5d372b",1,,
CQ3SYeqOP8Y,https://www.youtube.com/watch?v=CQ3SYeqOP8Y,How to Make Rolled beeswax Candles,483.0,storyboard,39,313.95,322.0,8.05,https://youtu.be/CQ3SYeqOP8Y?t=314s,decorate_finish,finish,1,0.5,Forming a beeswax flower decoration.,,0,0.0,0.02,0.042,0.477,0.172,"#885d5e,#a9aaac,#4d2d1d",1,,
CQ3SYeqOP8Y,https://www.youtube.com/watch?v=CQ3SYeqOP8Y,How to Make Rolled beeswax Candles,483.0,storyboard,40,322.0,330.05,8.05,https://youtu.be/CQ3SYeqOP8Y?t=322s,decorate_finish,finish,1,0.5,Attaching the flower to the rolled candle.,,0,0.0,0.066,0.0,0.567,0.199,"#a37673,#c3bfc0,#6b4230",1,,
CQ3SYeqOP8Y,https://www.youtube.com/watch?v=CQ3SYeqOP8Y,How to Make Rolled beeswax Candles,483.0,storyboard,41,330.05,338.1,8.05,https://youtu.be/CQ3SYeqOP8Y?t=330s,decorate_finish,finish,1,0.5,Pink flower and green leaves added to the candle.,cat,0,0.0,0.026,0.107,0.52,0.227,"#b8b5b1,#7a351b,#907250",1,,
CQ3SYeqOP8Y,https://www.youtube.com/watch?v=CQ3SYeqOP8Y,How to Make Rolled beeswax Candles,483.0,storyboard,42,338.1,346.15,8.05,https://youtu.be/CQ3SYeqOP8Y?t=338s,decorate_finish,finish,1,0.5,Making a green beeswax leaf.,,0,0.0,0.015,0.143,0.513,0.175,"#afadb0,#735d4a,#3a2c1c",1,,
CQ3SYeqOP8Y,https://www.youtube.com/watch?v=CQ3SYeqOP8Y,How to Make Rolled beeswax Candles,483.0,storyboard,45,362.25,370.3,8.05,https://youtu.be/CQ3SYeqOP8Y?t=362s,decorate_finish,finish,1,0.5,Decorating the candle with flowers.,,0,0.0,0.0,0.113,0.535,0.177,"#adaeb0,#957f40,#363117",1,,
CQ3SYeqOP8Y,https://www.youtube.com/watch?v=CQ3SYeqOP8Y,How to Make Rolled beeswax Candles,483.0,storyboard,46,370.3,378.35,8.05,https://youtu.be/CQ3SYeqOP8Y?t=370s,decorate_finish,finish,1,0.5,Yellow/green flower candle finished.,Ss,0,0.0,0.028,0.0,0.486,0.153,"#b3b5b5,#7f684e,#3d2a1b",1,,
CQ3SYeqOP8Y,https://www.youtube.com/watch?v=CQ3SYeqOP8Y,How to Make Rolled beeswax Candles,483.0,storyboard,47,378.35,386.4,8.05,https://youtu.be/CQ3SYeqOP8Y?t=378s,decorate_finish,finish,1,0.5,Adding a green leaf to the candle.,,0,0.0,0.015,0.137,0.49,0.159,"#9f9f9d,#7f653d,#2f2916",1,,
CkI6M8naWvY,https://www.youtube.com/watch?v=CkI6M8naWvY,How to Make Water Candles at Home | Beginner Candle Making Tutorial,264.0,storyboard,0,0.0,8.0,8.0,https://youtu.be/CkI6M8naWvY?t=0s,decorate_finish,finish,1,0.45,Overhead: dried flowers arranged in a glass of water for a floating water candle.,fc 3 cS oo 8 oy tea eek 29 45,1,0.0,0.069,0.132,0.783,0.187,"#e6e0e1,#ab977b,#664e35",1,,
CkI6M8naWvY,https://www.youtube.com/watch?v=CkI6M8naWvY,How to Make Water Candles at Home | Beginner Candle Making Tutorial,264.0,storyboard,3,24.0,32.0,8.0,https://youtu.be/CkI6M8naWvY?t=24s,decorate_finish,finish,1,0.45,Arranging dried flowers in a glass of water (water candle).,te,0,0.0,0.07,0.181,0.72,0.127,"#edebef,#c6b8aa,#58433b",1,,
CkI6M8naWvY,https://www.youtube.com/watch?v=CkI6M8naWvY,How to Make Water Candles at Home | Beginner Candle Making Tutorial,264.0,storyboard,6,48.0,56.0,8.0,https://youtu.be/CkI6M8naWvY?t=48s,decorate_finish,finish,1,0.45,Arranging dried flowers in a glass of water (water candle).,7 et 37 7,1,0.0,0.062,0.095,0.787,0.116,"#e7e5ec,#c7b69f,#725947",1,,
CkI6M8naWvY,https://www.youtube.com/watch?v=CkI6M8naWvY,How to Make Water Candles at Home | Beginner Candle Making Tutorial,264.0,storyboard,9,72.0,80.0,8.0,https://youtu.be/CkI6M8naWvY?t=72s,decorate_finish,finish,1,0.45,Arranging dried flowers in a glass of water (water candle).,lO TE Ee ty kj ig ry. Aine 4 ME GE Vie mo oS os Sa WV ae,1,0.0,0.094,0.023,0.764,0.118,"#e4dfe0,#b09e81,#665237",1,,
CkI6M8naWvY,https://www.youtube.com/watch?v=CkI6M8naWvY,How to Make Water Candles at Home | Beginner Candle Making Tutorial,264.0,storyboard,12,96.0,104.0,8.0,https://youtu.be/CkI6M8naWvY?t=96s,decorate_finish,finish,1,0.45,Arranging dried flowers in a glass of water (water candle).,Eddi ties rs ar Re. 7 ae es 2 54 eas act he. nt,1,0.0,0.076,0.055,0.712,0.138,"#e5e0df,#a8916f,#4f3e2d",1,,
CrJ9UE6Nihw,https://www.youtube.com/watch?v=CrJ9UE6Nihw,FULL & easy beginners guide to Candle Making,601.0,storyboard,49,392.65,400.67,8.02,https://youtu.be/CrJ9UE6Nihw?t=393s,decorate_finish,finish,1,0.4,Bowl rim; decorative dots.,,0,0.0,0.0,0.054,0.472,0.047,"#766a64,#93847f,#5f4d41",1,,
CrJ9UE6Nihw,https://www.youtube.com/watch?v=CrJ9UE6Nihw,FULL & easy beginners guide to Candle Making,601.0,storyboard,66,528.88,536.89,8.01,https://youtu.be/CrJ9UE6Nihw?t=529s,decorate_finish,finish,1,0.4,Marbled/blue top finished on the bowl candle.,,0,0.0,0.018,0.109,0.542,0.063,"#857668,#ac9f95,#47403a",1,,
DIdrbQREtns,https://www.youtube.com/watch?v=DIdrbQREtns,Beginners Guide to Make Soy Wax Pillar Candles  Tips and Tricks,694.0,storyboard,45,358.97,366.94,7.97,https://youtu.be/DIdrbQREtns?t=359s,decorate_finish,finish,1,0.5,Demoulding / heat-gun finishing the textured pillar candle.,,0,0.0,0.0,0.0,0.529,0.083,"#99989a,#7a716e,#603c33",1,,
DIdrbQREtns,https://www.youtube.com/watch?v=DIdrbQREtns,Beginners Guide to Make Soy Wax Pillar Candles  Tips and Tricks,694.0,storyboard,46,366.94,374.92,7.98,https://youtu.be/DIdrbQREtns?t=367s,decorate_finish,finish,1,0.5,Demoulding / heat-gun finishing the textured pillar candle.,vy ih,0,0.0,0.019,0.092,0.526,0.071,"#9b9799,#76665f,#593b31",1,,
DIdrbQREtns,https://www.youtube.com/watch?v=DIdrbQREtns,Beginners Guide to Make Soy Wax Pillar Candles  Tips and Tricks,694.0,storyboard,47,374.92,382.9,7.98,https://youtu.be/DIdrbQREtns?t=375s,decorate_finish,finish,1,0.5,Finished burgundy knit-pillar candles shown.,Ww ya,0,0.0,0.028,0.065,0.552,0.082,"#a5a7a9,#82746a,#5a4138",1,,
DIdrbQREtns,https://www.youtube.com/watch?v=DIdrbQREtns,Beginners Guide to Make Soy Wax Pillar Candles  Tips and Tricks,694.0,storyboard,48,382.9,390.87,7.97,https://youtu.be/DIdrbQREtns?t=383s,decorate_finish,finish,1,0.5,Demoulding / heat-gun finishing the textured pillar candle.,,0,0.0,0.001,0.0,0.506,0.047,"#95989c,#75736d,#57473f",1,,
DIdrbQREtns,https://www.youtube.com/watch?v=DIdrbQREtns,Beginners Guide to Make Soy Wax Pillar Candles  Tips and Tricks,694.0,storyboard,51,406.83,414.8,7.97,https://youtu.be/DIdrbQREtns?t=407s,decorate_finish,finish,1,0.5,Demoulding / heat-gun finishing the textured pillar candle.,,0,0.0,0.001,0.202,0.527,0.086,"#b4b4b7,#70523f,#8f806e",1,,
DIdrbQREtns,https://www.youtube.com/watch?v=DIdrbQREtns,Beginners Guide to Make Soy Wax Pillar Candles  Tips and Tricks,694.0,storyboard,52,414.8,422.78,7.98,https://youtu.be/DIdrbQREtns?t=415s,decorate_finish,finish,1,0.5,Demoulding / heat-gun finishing the textured pillar candle.,,0,0.0,0.002,0.0,0.486,0.113,"#785e4a,#b0b0b2,#482e20",1,,
DIdrbQREtns,https://www.youtube.com/watch?v=DIdrbQREtns,Beginners Guide to Make Soy Wax Pillar Candles  Tips and Tricks,694.0,storyboard,75,598.28,606.25,7.97,https://youtu.be/DIdrbQREtns?t=598s,decorate_finish,finish,1,0.5,Demoulding / heat-gun finishing the textured pillar candle.,Pr,0,0.0,0.026,0.112,0.546,0.112,"#aeb0b3,#886a59,#4a322d",1,,
DIdrbQREtns,https://www.youtube.com/watch?v=DIdrbQREtns,Beginners Guide to Make Soy Wax Pillar Candles  Tips and Tricks,694.0,storyboard,76,606.25,614.23,7.98,https://youtu.be/DIdrbQREtns?t=606s,decorate_finish,finish,1,0.5,Demoulding / heat-gun finishing the textured pillar candle.,,0,0.0,0.03,0.152,0.505,0.099,"#b3b6b8,#837162,#2c1b17",1,,
DSj_ZcxHB2w,https://www.youtube.com/watch?v=DSj_ZcxHB2w,Candle Making Kit - How-to - Crafts&Co,92.0,storyboard,9,69.0,76.67,7.67,https://youtu.be/DSj_ZcxHB2w?t=69s,decorate_finish,finish,1,0.55,Caption 'TIP'; the set candle is flexed out of the silicone mould ('2.5H').,,0,0.0,0.014,0.06,0.71,0.137,"#cad3ca,#b29b71,#afb5b1",1,,description references on-screen text but OCR found none
DSj_ZcxHB2w,https://www.youtube.com/watch?v=DSj_ZcxHB2w,Candle Making Kit - How-to - Crafts&Co,92.0,storyboard,10,76.67,84.33,7.66,https://youtu.be/DSj_ZcxHB2w?t=77s,decorate_finish,finish,1,0.55,The white moulded candle is peeled fully from the silicone mould.,4 pas At ez aot to: ie sau he gen ae wt ii Ny ae ae ch bo as ye te Pt is Foe: BES seins ee Ire net chess eee Lao eio nae? 82 Ba te cm SB 7 ie sf TN ie an ls. Teen The SeNE oe rn Se ee. ed,1,0.0,0.065,0.17,0.616,0.222,"#bb9e79,#cdcdc2,#9c7642",1,,
DkMEPKu4fLw,https://www.youtube.com/watch?v=DkMEPKu4fLw,How to Pipe Candle Wax (Whipped Soy Wax - Candle Frosting),545.0,storyboard,1,8.01,16.03,8.02,https://youtu.be/DkMEPKu4fLw?t=8s,decorate_finish,finish,1,0.5,Whipping wax and piping it like frosting onto the candle.,,0,0.0,0.013,0.0,0.551,0.105,"#9c918e,#795a55,#cac6c2",1,,
DkMEPKu4fLw,https://www.youtube.com/watch?v=DkMEPKu4fLw,How to Pipe Candle Wax (Whipped Soy Wax - Candle Frosting),545.0,storyboard,4,32.06,40.07,8.01,https://youtu.be/DkMEPKu4fLw?t=32s,decorate_finish,finish,1,0.5,Whipping wax and piping it like frosting onto the candle.,,0,0.0,0.012,0.055,0.61,0.136,"#d1cdc3,#9e8e82,#3f3324",1,,
DkMEPKu4fLw,https://www.youtube.com/watch?v=DkMEPKu4fLw,How to Pipe Candle Wax (Whipped Soy Wax - Candle Frosting),545.0,storyboard,7,56.1,64.12,8.02,https://youtu.be/DkMEPKu4fLw?t=56s,decorate_finish,finish,1,0.5,Whipping wax and piping it like frosting onto the candle.,ee: een aed eS yy ee,1,0.0,0.021,0.063,0.439,0.076,"#939393,#6b6463,#44211f",1,,
DkMEPKu4fLw,https://www.youtube.com/watch?v=DkMEPKu4fLw,How to Pipe Candle Wax (Whipped Soy Wax - Candle Frosting),545.0,storyboard,10,80.15,88.16,8.01,https://youtu.be/DkMEPKu4fLw?t=80s,decorate_finish,finish,1,0.5,Whipping wax and piping it like frosting onto the candle.,,0,0.0,0.007,0.069,0.381,0.198,"#6d565a,#99858b,#331a18",1,,
DkMEPKu4fLw,https://www.youtube.com/watch?v=DkMEPKu4fLw,How to Pipe Candle Wax (Whipped Soy Wax - Candle Frosting),545.0,storyboard,22,176.32,184.34,8.02,https://youtu.be/DkMEPKu4fLw?t=176s,decorate_finish,finish,1,0.5,Whipping wax and piping it like frosting onto the candle.,,0,0.0,0.008,0.048,0.557,0.107,"#908d88,#babab9,#6b534a",1,,
DkMEPKu4fLw,https://www.youtube.com/watch?v=DkMEPKu4fLw,How to Pipe Candle Wax (Whipped Soy Wax - Candle Frosting),545.0,storyboard,23,184.34,192.35,8.01,https://youtu.be/DkMEPKu4fLw?t=184s,decorate_finish,finish,1,0.45,Pouring the base wax into the glass.,,0,0.0,0.007,0.0,0.538,0.122,"#948f88,#674c42,#bdbab7",1,,
DkMEPKu4fLw,https://www.youtube.com/watch?v=DkMEPKu4fLw,How to Pipe Candle Wax (Whipped Soy Wax - Candle Frosting),545.0,storyboard,26,208.38,216.4,8.02,https://youtu.be/DkMEPKu4fLw?t=208s,decorate_finish,finish,1,0.5,Piping whipped wax & adding strawberry decor to the candle.,,0,0.0,0.007,0.0,0.546,0.091,"#8a8682,#b4b4b2,#6a524b",1,,
DkMEPKu4fLw,https://www.youtube.com/watch?v=DkMEPKu4fLw,How to Pipe Candle Wax (Whipped Soy Wax - Candle Frosting),545.0,storyboard,29,232.43,240.44,8.01,https://youtu.be/DkMEPKu4fLw?t=232s,decorate_finish,finish,1,0.5,Piping whipped wax & adding strawberry decor to the candle.,,0,0.0,0.004,0.228,0.689,0.061,"#b4b5b7,#e5e9eb,#898788",1,,
DkMEPKu4fLw,https://www.youtube.com/watch?v=DkMEPKu4fLw,How to Pipe Candle Wax (Whipped Soy Wax - Candle Frosting),545.0,storyboard,30,240.44,248.46,8.02,https://youtu.be/DkMEPKu4fLw?t=240s,decorate_finish,finish,1,0.5,Piping whipped wax & adding strawberry decor to the candle.,,0,0.0,0.015,0.0,0.724,0.078,"#b6afaf,#e4e5e6,#8b8484",1,,
DkMEPKu4fLw,https://www.youtube.com/watch?v=DkMEPKu4fLw,How to Pipe Candle Wax (Whipped Soy Wax - Candle Frosting),545.0,storyboard,35,280.51,288.53,8.02,https://youtu.be/DkMEPKu4fLw?t=281s,decorate_finish,finish,1,0.5,Piping whipped wax & adding strawberry decor to the candle.,,0,0.0,0.008,0.079,0.679,0.103,"#d5d7d5,#a7a8a6,#7a7977",1,,
DkMEPKu4fLw,https://www.youtube.com/watch?v=DkMEPKu4fLw,How to Pipe Candle Wax (Whipped Soy Wax - Candle Frosting),545.0,storyboard,36,288.53,296.54,8.01,https://youtu.be/DkMEPKu4fLw?t=289s,decorate_finish,finish,1,0.5,Piping whipped wax & adding strawberry decor to the candle.,mn,0,0.0,0.03,0.109,0.589,0.242,"#a49594,#cbc8ca,#7c1c26",1,,
DkMEPKu4fLw,https://www.youtube.com/watch?v=DkMEPKu4fLw,How to Pipe Candle Wax (Whipped Soy Wax - Candle Frosting),545.0,storyboard,37,296.54,304.56,8.02,https://youtu.be/DkMEPKu4fLw?t=297s,decorate_finish,finish,1,0.5,Piping whipped wax & adding strawberry decor to the candle.,,0,0.0,0.014,0.0,0.61,0.198,"#c6c8c8,#9c9494,#73151f",1,,
DkMEPKu4fLw,https://www.youtube.com/watch?v=DkMEPKu4fLw,How to Pipe Candle Wax (Whipped Soy Wax - Candle Frosting),545.0,storyboard,38,304.56,312.57,8.01,https://youtu.be/DkMEPKu4fLw?t=305s,decorate_finish,finish,1,0.5,Piping whipped wax & adding strawberry decor to the candle.,,0,0.0,0.004,0.086,0.597,0.097,"#979897,#bdbebe,#756662",1,,
DkMEPKu4fLw,https://www.youtube.com/watch?v=DkMEPKu4fLw,How to Pipe Candle Wax (Whipped Soy Wax - Candle Frosting),545.0,storyboard,39,312.57,320.59,8.02,https://youtu.be/DkMEPKu4fLw?t=313s,decorate_finish,finish,1,0.5,Piping whipped wax & adding strawberry decor to the candle.,,0,0.0,0.014,0.059,0.434,0.163,"#77706f,#4d181a,#abb0b2",1,,
DkMEPKu4fLw,https://www.youtube.com/watch?v=DkMEPKu4fLw,How to Pipe Candle Wax (Whipped Soy Wax - Candle Frosting),545.0,storyboard,42,336.62,344.63,8.01,https://youtu.be/DkMEPKu4fLw?t=337s,decorate_finish,finish,1,0.5,Piping whipped wax & adding strawberry decor to the candle.,Se Basal ae So ae Se ee aa pete 5 ee Ane oe Ee eos athe. ae ery id al as et 3 ey nw ies Vo 5 CK aa Va ag Ia gon oe,1,0.0,0.012,0.13,0.645,0.058,"#d1d2c9,#a09f96,#736b63",1,,
DkMEPKu4fLw,https://www.youtube.com/watch?v=DkMEPKu4fLw,How to Pipe Candle Wax (Whipped Soy Wax - Candle Frosting),545.0,storyboard,45,360.66,368.68,8.02,https://youtu.be/DkMEPKu4fLw?t=361s,decorate_finish,finish,1,0.5,Piping whipped wax & adding strawberry decor to the candle.,,0,0.0,0.012,0.2,0.639,0.058,"#9a978e,#d6d4ca,#635851",1,,
DkMEPKu4fLw,https://www.youtube.com/watch?v=DkMEPKu4fLw,How to Pipe Candle Wax (Whipped Soy Wax - Candle Frosting),545.0,storyboard,46,368.68,376.69,8.01,https://youtu.be/DkMEPKu4fLw?t=369s,decorate_finish,finish,1,0.5,Piping whipped wax & adding strawberry decor to the candle.,,0,0.0,0.0,0.098,0.655,0.055,"#aba89e,#dadacf,#7d7d75",1,,
DkMEPKu4fLw,https://www.youtube.com/watch?v=DkMEPKu4fLw,How to Pipe Candle Wax (Whipped Soy Wax - Candle Frosting),545.0,storyboard,47,376.69,384.71,8.02,https://youtu.be/DkMEPKu4fLw?t=377s,decorate_finish,finish,1,0.5,Piping whipped wax & adding strawberry decor to the candle.,,0,0.0,0.012,0.086,0.673,0.065,"#d9dacf,#a4a398,#706e65",1,,
DkMEPKu4fLw,https://www.youtube.com/watch?v=DkMEPKu4fLw,How to Pipe Candle Wax (Whipped Soy Wax - Candle Frosting),545.0,storyboard,51,408.75,416.76,8.01,https://youtu.be/DkMEPKu4fLw?t=409s,decorate_finish,finish,1,0.5,Piping whipped wax & adding strawberry decor to the candle.,,0,0.0,0.005,0.0,0.666,0.104,"#b0a7a6,#dddcdb,#816b68",1,,
DkMEPKu4fLw,https://www.youtube.com/watch?v=DkMEPKu4fLw,How to Pipe Candle Wax (Whipped Soy Wax - Candle Frosting),545.0,storyboard,53,424.78,432.79,8.01,https://youtu.be/DkMEPKu4fLw?t=425s,decorate_finish,finish,1,0.5,Piping whipped wax & adding strawberry decor to the candle.,es wn ad aa ae kes pm et ae 7 ae,1,0.0,0.025,0.152,0.593,0.118,"#b49895,#d0c9c6,#987672",1,,
DkMEPKu4fLw,https://www.youtube.com/watch?v=DkMEPKu4fLw,How to Pipe Candle Wax (Whipped Soy Wax - Candle Frosting),545.0,storyboard,54,432.79,440.81,8.02,https://youtu.be/DkMEPKu4fLw?t=433s,decorate_finish,finish,1,0.5,Piping whipped wax & adding strawberry decor to the candle.,,0,0.0,0.01,0.139,0.604,0.103,"#a59b9a,#d3d1cf,#846e6a",1,,
DkMEPKu4fLw,https://www.youtube.com/watch?v=DkMEPKu4fLw,How to Pipe Candle Wax (Whipped Soy Wax - Candle Frosting),545.0,storyboard,55,440.81,448.82,8.01,https://youtu.be/DkMEPKu4fLw?t=441s,decorate_finish,finish,1,0.5,Piping whipped wax & adding strawberry decor to the candle.,,0,0.0,0.011,0.0,0.619,0.1,"#9e9290,#cac7c5,#6b4c48",1,,
DkMEPKu4fLw,https://www.youtube.com/watch?v=DkMEPKu4fLw,How to Pipe Candle Wax (Whipped Soy Wax - Candle Frosting),545.0,storyboard,56,448.82,456.84,8.02,https://youtu.be/DkMEPKu4fLw?t=449s,decorate_finish,finish,1,0.5,Piping whipped wax & adding strawberry decor to the candle.,,0,0.0,0.017,0.073,0.624,0.099,"#a39593,#d4d3d0,#75564f",1,,
DkMEPKu4fLw,https://www.youtube.com/watch?v=DkMEPKu4fLw,How to Pipe Candle Wax (Whipped Soy Wax - Candle Frosting),545.0,storyboard,57,456.84,464.85,8.01,https://youtu.be/DkMEPKu4fLw?t=457s,decorate_finish,finish,1,0.5,Piping whipped wax & adding strawberry decor to the candle.,,0,0.0,0.013,0.071,0.647,0.094,"#a3a0a0,#cac8c6,#8f7f7c",1,,
DkMEPKu4fLw,https://www.youtube.com/watch?v=DkMEPKu4fLw,How to Pipe Candle Wax (Whipped Soy Wax - Candle Frosting),545.0,storyboard,58,464.85,472.87,8.02,https://youtu.be/DkMEPKu4fLw?t=465s,decorate_finish,finish,1,0.5,Piping whipped wax & adding strawberry decor to the candle.,ee aa ae Ss 9 pA ng 5 ae ts 7 ij fs ey,1,0.0,0.017,0.11,0.539,0.148,"#9b8381,#684e4a,#bbbbb9",1,,
DpgV20P8bVc,https://www.youtube.com/watch?v=DpgV20P8bVc,Small candle business from home | holiday launch studio vlog New paint can candles | Amazon handmade,820.0,storyboard,13,104.51,112.55,8.04,https://youtu.be/DpgV20P8bVc?t=105s,decorate_finish,finish,1,0.4,Labelling/packing the candles.,,0,0.0,0.014,0.0,0.671,0.059,"#c2bbb2,#8c8179,#242423",1,,
DpgV20P8bVc,https://www.youtube.com/watch?v=DpgV20P8bVc,Small candle business from home | holiday launch studio vlog New paint can candles | Amazon handmade,820.0,storyboard,19,152.75,160.78,8.03,https://youtu.be/DpgV20P8bVc?t=153s,decorate_finish,finish,1,0.4,Labelling/packing the candles.,"ee hues ces, Aa ti 2 1 LF bee be Is 7 fi 7 io Ny 4 if ye: Pa 7 At br 7 3 oa ee ay ye 7 Af 7 2 6 ae yy 4 4 wf afl od ae ii Jt Mo 4 44 4 be Lb",1,0.0,0.021,0.041,0.696,0.068,"#b5a997,#cbc3b5,#866f60",1,,
DpgV20P8bVc,https://www.youtube.com/watch?v=DpgV20P8bVc,Small candle business from home | holiday launch studio vlog New paint can candles | Amazon handmade,820.0,storyboard,22,176.86,184.9,8.04,https://youtu.be/DpgV20P8bVc?t=177s,decorate_finish,finish,1,0.4,Labelling/packing the candles.,ave rij aes he ge Eien,1,0.0,0.027,0.141,0.66,0.082,"#c7bcab,#9c8370,#372f28",1,,
DpgV20P8bVc,https://www.youtube.com/watch?v=DpgV20P8bVc,Small candle business from home | holiday launch studio vlog New paint can candles | Amazon handmade,820.0,storyboard,48,385.88,393.92,8.04,https://youtu.be/DpgV20P8bVc?t=386s,decorate_finish,finish,1,0.5,Torch/heat-gun smoothing the tin tops; labelling.,ind Dx te,1,0.0,0.086,0.179,0.59,0.076,"#b6c2cd,#888989,#504c49",1,,
DpgV20P8bVc,https://www.youtube.com/watch?v=DpgV20P8bVc,Small candle business from home | holiday launch studio vlog New paint can candles | Amazon handmade,820.0,storyboard,50,401.96,410.0,8.04,https://youtu.be/DpgV20P8bVc?t=402s,decorate_finish,finish,1,0.5,Torch/heat-gun smoothing the tin tops; labelling.,4 El Tee rh,1,0.0,0.167,0.0,0.555,0.071,"#bac0c7,#827e7c,#524c47",1,,
DpgV20P8bVc,https://www.youtube.com/watch?v=DpgV20P8bVc,Small candle business from home | holiday launch studio vlog New paint can candles | Amazon handmade,820.0,storyboard,54,434.12,442.16,8.04,https://youtu.be/DpgV20P8bVc?t=434s,decorate_finish,finish,1,0.5,Overhead rows of candle tins setting (large batch).,"siaa,",0,0.0,0.069,0.0,0.546,0.085,"#9ea1a4,#503e36,#cfd1ce",1,,
DpgV20P8bVc,https://www.youtube.com/watch?v=DpgV20P8bVc,Small candle business from home | holiday launch studio vlog New paint can candles | Amazon handmade,820.0,storyboard,55,442.16,450.2,8.04,https://youtu.be/DpgV20P8bVc?t=442s,decorate_finish,finish,1,0.5,Torch/heat-gun smoothing the tin tops; labelling.,deg,0,0.0,0.069,0.097,0.522,0.087,"#acb3b7,#45352e,#767778",1,,
DpgV20P8bVc,https://www.youtube.com/watch?v=DpgV20P8bVc,Small candle business from home | holiday launch studio vlog New paint can candles | Amazon handmade,820.0,storyboard,56,450.2,458.24,8.04,https://youtu.be/DpgV20P8bVc?t=450s,decorate_finish,finish,1,0.5,Overhead rows of candle tins setting (large batch).,Hit,0,0.0,0.092,0.125,0.546,0.093,"#b9c1c8,#4b3b33,#807e7c",1,,
DpgV20P8bVc,https://www.youtube.com/watch?v=DpgV20P8bVc,Small candle business from home | holiday launch studio vlog New paint can candles | Amazon handmade,820.0,storyboard,57,458.24,466.27,8.03,https://youtu.be/DpgV20P8bVc?t=458s,decorate_finish,finish,1,0.5,Torch/heat-gun smoothing the tin tops; labelling.,343 WAG it iH ee Mall,1,0.0,0.106,0.0,0.538,0.102,"#babfc6,#4f3d36,#89817d",1,,
DpgV20P8bVc,https://www.youtube.com/watch?v=DpgV20P8bVc,Small candle business from home | holiday launch studio vlog New paint can candles | Amazon handmade,820.0,storyboard,63,506.47,514.51,8.04,https://youtu.be/DpgV20P8bVc?t=506s,decorate_finish,finish,1,0.5,Torch/heat-gun smoothing the tin tops; labelling.,"4 wae, wy ey 4 ar aN 7",1,0.0,0.183,0.0,0.538,0.092,"#5b4a42,#c7cbcf,#8d8a88",1,,
DpgV20P8bVc,https://www.youtube.com/watch?v=DpgV20P8bVc,Small candle business from home | holiday launch studio vlog New paint can candles | Amazon handmade,820.0,storyboard,64,514.51,522.55,8.04,https://youtu.be/DpgV20P8bVc?t=515s,decorate_finish,finish,1,0.5,Torch/heat-gun smoothing the tin tops; labelling.,7 74 Mectealllt ST AX 1 7,1,0.0,0.149,0.08,0.535,0.089,"#8e8887,#574943,#c5c9d1",1,,
DpgV20P8bVc,https://www.youtube.com/watch?v=DpgV20P8bVc,Small candle business from home | holiday launch studio vlog New paint can candles | Amazon handmade,820.0,storyboard,65,522.55,530.59,8.04,https://youtu.be/DpgV20P8bVc?t=523s,decorate_finish,finish,1,0.5,Torch/heat-gun smoothing the tin tops; labelling.,3 fi by 3 LS OT ta fs,1,0.0,0.158,0.087,0.535,0.083,"#929192,#574941,#ccd1db",1,,
DpgV20P8bVc,https://www.youtube.com/watch?v=DpgV20P8bVc,Small candle business from home | holiday launch studio vlog New paint can candles | Amazon handmade,820.0,storyboard,71,570.78,578.82,8.04,https://youtu.be/DpgV20P8bVc?t=571s,decorate_finish,finish,1,0.5,Torch/heat-gun smoothing the tin tops; labelling.,ee yi,0,0.0,0.159,0.075,0.537,0.101,"#bec2c5,#8a7b75,#4e382f",1,,
DpgV20P8bVc,https://www.youtube.com/watch?v=DpgV20P8bVc,Small candle business from home | holiday launch studio vlog New paint can candles | Amazon handmade,820.0,storyboard,72,578.82,586.86,8.04,https://youtu.be/DpgV20P8bVc?t=579s,decorate_finish,finish,1,0.5,Rows of finished labelled candles on the shelves.,WALE sett le,1,0.0,0.113,0.0,0.539,0.096,"#bcbdbe,#867972,#4d3931",1,,
DpgV20P8bVc,https://www.youtube.com/watch?v=DpgV20P8bVc,Small candle business from home | holiday launch studio vlog New paint can candles | Amazon handmade,820.0,storyboard,73,586.86,594.9,8.04,https://youtu.be/DpgV20P8bVc?t=587s,decorate_finish,finish,1,0.5,Torch/heat-gun smoothing the tin tops; labelling.,iia iat. 1 Lt Ye 3,1,0.0,0.11,0.083,0.543,0.106,"#bcbfc1,#8a7d76,#4e382e",1,,
E27yUdPTNEU,https://www.youtube.com/watch?v=E27yUdPTNEU,How To Make Perfect Dipped Beeswax Taper Candles (In An Old Tin Can),245.0,storyboard,22,173.87,181.77,7.9,https://youtu.be/E27yUdPTNEU?t=174s,decorate_finish,finish,1,0.4,Tapers smoothed; final shaping.,ly,0,0.0,0.032,0.206,0.465,0.098,"#a6a7b6,#777276,#3e2f2d",1,,
E27yUdPTNEU,https://www.youtube.com/watch?v=E27yUdPTNEU,How To Make Perfect Dipped Beeswax Taper Candles (In An Old Tin Can),245.0,storyboard,23,181.77,189.68,7.91,https://youtu.be/E27yUdPTNEU?t=182s,decorate_finish,finish,1,0.4,Rolling/straightening the warm tapers.,wa rua niphrocs hes.,1,0.0,0.139,0.083,0.514,0.075,"#a3a7b2,#837e80,#3e292b",1,,
E27yUdPTNEU,https://www.youtube.com/watch?v=E27yUdPTNEU,How To Make Perfect Dipped Beeswax Taper Candles (In An Old Tin Can),245.0,storyboard,24,189.68,197.58,7.9,https://youtu.be/E27yUdPTNEU?t=190s,decorate_finish,finish,1,0.45,A taper rolled flat/straight on a board to finish it.,se ai ta,1,0.0,0.097,0.088,0.505,0.075,"#888183,#a1a7b1,#4b3433",1,,
EBZGgxpf3Ho,https://www.youtube.com/watch?v=EBZGgxpf3Ho,How to make perfect scented soy wax tin candles every time. DIY tutorial 7oz coco soy wax candles,667.0,storyboard,60,482.17,490.2,8.03,https://youtu.be/EBZGgxpf3Ho?t=482s,decorate_finish,finish,1,0.5,Heat-gun smoothing tops / applying labels.,al,0,0.0,0.039,0.0,0.628,0.155,"#98a9b8,#3e3c46,#dadbe8",1,,
EBZGgxpf3Ho,https://www.youtube.com/watch?v=EBZGgxpf3Ho,How to make perfect scented soy wax tin candles every time. DIY tutorial 7oz coco soy wax candles,667.0,storyboard,61,490.2,498.24,8.04,https://youtu.be/EBZGgxpf3Ho?t=490s,decorate_finish,finish,1,0.5,Heat-gun smoothing tops / applying labels.,,0,0.0,0.042,0.207,0.576,0.181,"#9699a1,#d1d7e5,#2a272c",1,,
EBZGgxpf3Ho,https://www.youtube.com/watch?v=EBZGgxpf3Ho,How to make perfect scented soy wax tin candles every time. DIY tutorial 7oz coco soy wax candles,667.0,storyboard,72,578.6,586.64,8.04,https://youtu.be/EBZGgxpf3Ho?t=579s,decorate_finish,finish,1,0.5,Heat-gun smoothing tops / applying labels.,ty Wa Ds ow Ale wa,1,0.0,0.04,0.111,0.614,0.056,"#bdc6d4,#888492,#585661",1,,
EBZGgxpf3Ho,https://www.youtube.com/watch?v=EBZGgxpf3Ho,How to make perfect scented soy wax tin candles every time. DIY tutorial 7oz coco soy wax candles,667.0,storyboard,73,586.64,594.67,8.03,https://youtu.be/EBZGgxpf3Ho?t=587s,decorate_finish,finish,1,0.5,Heat-gun smoothing tops / applying labels.,waa ON,0,0.0,0.074,0.0,0.664,0.064,"#c8cbd9,#8c8b99,#5d5a64",1,,
EBZGgxpf3Ho,https://www.youtube.com/watch?v=EBZGgxpf3Ho,How to make perfect scented soy wax tin candles every time. DIY tutorial 7oz coco soy wax candles,667.0,storyboard,74,594.67,602.71,8.04,https://youtu.be/EBZGgxpf3Ho?t=595s,decorate_finish,finish,1,0.5,Heat-gun smoothing tops / applying labels.,yO rs,0,0.0,0.025,0.194,0.584,0.067,"#92919c,#d9d0e1,#5e5461",1,,
EBZGgxpf3Ho,https://www.youtube.com/watch?v=EBZGgxpf3Ho,How to make perfect scented soy wax tin candles every time. DIY tutorial 7oz coco soy wax candles,667.0,storyboard,75,602.71,610.75,8.04,https://youtu.be/EBZGgxpf3Ho?t=603s,decorate_finish,finish,1,0.5,Heat-gun smoothing tops / applying labels.,ngndg MM wa ee ae aN hee got rs sae,1,0.0,0.018,0.169,0.646,0.103,"#7fa0c1,#c0e6f7,#485f75",1,,
FhVukBUHls0,https://www.youtube.com/watch?v=FhVukBUHls0,"Candle Making Kit with Electronic Hot Plate for Beginners, Adults, and Kids",110.0,storyboard,11,86.43,94.29,7.86,https://youtu.be/FhVukBUHls0?t=86s,decorate_finish,finish,1,0.45,Hands smooth/finish the candle top on a tray.,575.3,0,0.0,0.063,0.209,0.663,0.179,"#a18a81,#d7c5c1,#453736",1,,
HPD1k0lhDCU,https://www.youtube.com/watch?v=HPD1k0lhDCU,How to Make Luxury Coconut Apricot Wax Candles | Step-by-Step Tutorial,687.0,storyboard,82,655.05,663.03,7.98,https://youtu.be/HPD1k0lhDCU?t=655s,decorate_finish,finish,1,0.45,Holding a labelled 'Willow's Pip Palo Santo + Moss' jar.,,0,0.0,0.06,0.495,0.248,0.056,"#000000,#000002,#595959",1,,description references on-screen text but OCR found none
HXX8_QF8jcE,https://www.youtube.com/watch?v=HXX8_QF8jcE,Gradient candle making full tutorial ( soy wax & beeswax ) DIY at home | handmade | craft | layer,160.0,storyboard,11,88.0,96.0,8.0,https://youtu.be/HXX8_QF8jcE?t=88s,decorate_finish,finish,1,0.4,Tan wax tablets/melts shaped by hand.,4 SA,0,0.0,0.057,0.114,0.595,0.145,"#cbbec0,#a77f70,#6a4637",1,,
HXX8_QF8jcE,https://www.youtube.com/watch?v=HXX8_QF8jcE,Gradient candle making full tutorial ( soy wax & beeswax ) DIY at home | handmade | craft | layer,160.0,storyboard,12,96.0,104.0,8.0,https://youtu.be/HXX8_QF8jcE?t=96s,decorate_finish,finish,1,0.4,Metal pot; tan wax pieces.,,0,0.0,0.034,0.172,0.615,0.117,"#cec4cb,#a89391,#5a3e36",1,,
HXX8_QF8jcE,https://www.youtube.com/watch?v=HXX8_QF8jcE,Gradient candle making full tutorial ( soy wax & beeswax ) DIY at home | handmade | craft | layer,160.0,storyboard,13,104.0,112.0,8.0,https://youtu.be/HXX8_QF8jcE?t=104s,decorate_finish,finish,1,0.4,Tan wax tablets on a plate.,,0,0.0,0.025,0.091,0.639,0.088,"#9c9298,#c8bfc9,#2e2725",1,,
J3yQxymkFak,https://www.youtube.com/watch?v=J3yQxymkFak,Simple dessert candle tutorial to make at home,386.0,storyboard,18,144.75,152.79,8.04,https://youtu.be/J3yQxymkFak?t=145s,decorate_finish,finish,1,0.5,"Decorating the dessert candles (colour, piped whipped wax).","rey ee en ay hei, Cn. ee 7 oa oa AS Hi ao TT ne cee neuen",1,0.0,0.045,0.04,0.509,0.148,"#927e6b,#bbb6aa,#584534",1,,
J3yQxymkFak,https://www.youtube.com/watch?v=J3yQxymkFak,Simple dessert candle tutorial to make at home,386.0,storyboard,19,152.79,160.83,8.04,https://youtu.be/J3yQxymkFak?t=153s,decorate_finish,finish,1,0.5,"Decorating the dessert candles (colour, piped whipped wax).",ee ett at ba oe ie iS 4 Jie 4 4 xz tt 1,1,0.0,0.042,0.059,0.542,0.146,"#84705d,#b3aba1,#372a21",1,,
J3yQxymkFak,https://www.youtube.com/watch?v=J3yQxymkFak,Simple dessert candle tutorial to make at home,386.0,storyboard,21,168.87,176.92,8.05,https://youtu.be/J3yQxymkFak?t=169s,decorate_finish,finish,1,0.5,"Decorating the dessert candles (colour, piped whipped wax).",Seer OOP Wee Mi aH ft aru Oe ys iy bd SS,1,0.0,0.045,0.059,0.508,0.142,"#8d7c6d,#b6b0a3,#504137",1,,
J3yQxymkFak,https://www.youtube.com/watch?v=J3yQxymkFak,Simple dessert candle tutorial to make at home,386.0,storyboard,22,176.92,184.96,8.04,https://youtu.be/J3yQxymkFak?t=177s,decorate_finish,finish,1,0.5,"Decorating the dessert candles (colour, piped whipped wax).","et, ee Enea 1 OP AxS BAEK vans ee oe eee aot ES Tas 2 se At re 9 Ve tf Fy 4 gg, 4 how ey Fe 2 tal one biscuit iL elie",1,0.0,0.052,0.083,0.51,0.149,"#998375,#694a39,#beb7ac",1,,
J3yQxymkFak,https://www.youtube.com/watch?v=J3yQxymkFak,Simple dessert candle tutorial to make at home,386.0,storyboard,24,193.0,201.04,8.04,https://youtu.be/J3yQxymkFak?t=193s,decorate_finish,finish,1,0.5,"Decorating the dessert candles (colour, piped whipped wax).",4 he ae SS Fateh tk io wes Ah go iy ow ay si ge nd one cone/ tart/ basket or whateve,1,0.0,0.048,0.125,0.51,0.149,"#9a8575,#bfb8ad,#624738",1,,
J3yQxymkFak,https://www.youtube.com/watch?v=J3yQxymkFak,Simple dessert candle tutorial to make at home,386.0,storyboard,25,201.04,209.08,8.04,https://youtu.be/J3yQxymkFak?t=201s,decorate_finish,finish,1,0.5,"Decorating the dessert candles (colour, piped whipped wax).",ei See ST oat mat wai Qe Ty if 4 4 Lif 7,1,0.0,0.047,0.095,0.524,0.161,"#907b69,#b1a897,#5d4134",1,,
J3yQxymkFak,https://www.youtube.com/watch?v=J3yQxymkFak,Simple dessert candle tutorial to make at home,386.0,storyboard,26,209.08,217.12,8.04,https://youtu.be/J3yQxymkFak?t=209s,decorate_finish,finish,1,0.5,"Decorating the dessert candles (colour, piped whipped wax).",Tie yt. fat va ven th hars 2 ay? in 7 ad ge ry oe 7 Le 3 He Pisin.,1,0.0,0.035,0.059,0.491,0.147,"#8d7d6a,#5e4334,#b3aca0",1,,
J3yQxymkFak,https://www.youtube.com/watch?v=J3yQxymkFak,Simple dessert candle tutorial to make at home,386.0,storyboard,28,225.17,233.21,8.04,https://youtu.be/J3yQxymkFak?t=225s,decorate_finish,finish,1,0.5,"Decorating the dessert candles (colour, piped whipped wax).",OE Ee ait ae PaER et Patek Yes HN Pi? 4 ie Re ry ir Sy ane 4 ig Bf ee Hg Pai,1,0.0,0.035,0.114,0.514,0.151,"#867360,#aca08f,#523928",1,,
J3yQxymkFak,https://www.youtube.com/watch?v=J3yQxymkFak,Simple dessert candle tutorial to make at home,386.0,storyboard,29,233.21,241.25,8.04,https://youtu.be/J3yQxymkFak?t=233s,decorate_finish,finish,1,0.5,"Decorating the dessert candles (colour, piped whipped wax).",Ww ar rave Wee dedguetetoe! ay ee Fite 5 SOOT meer cap ja alle ee fa Cat am Seg Ne TT hia hi NZ os,1,0.0,0.063,0.05,0.498,0.125,"#8c7c66,#b3aea8,#4b3728",1,,
J3yQxymkFak,https://www.youtube.com/watch?v=J3yQxymkFak,Simple dessert candle tutorial to make at home,386.0,storyboard,31,249.29,257.33,8.04,https://youtu.be/J3yQxymkFak?t=249s,decorate_finish,finish,1,0.5,"Decorating the dessert candles (colour, piped whipped wax).",oe ay 7 Se ol ll Fae 3 ye S&S 5,1,0.0,0.038,0.114,0.484,0.136,"#806f5b,#aca392,#423225",1,,
J3yQxymkFak,https://www.youtube.com/watch?v=J3yQxymkFak,Simple dessert candle tutorial to make at home,386.0,storyboard,32,257.33,265.37,8.04,https://youtu.be/J3yQxymkFak?t=257s,decorate_finish,finish,1,0.5,"Decorating the dessert candles (colour, piped whipped wax).","5 7 ees SE CADE EEE Pate ki ay Toe vy os yr wow oo aly, wid he Be, fits rz eee ut 0 af LS if Some",1,0.0,0.113,0.098,0.504,0.11,"#84796e,#b3b0a2,#46372b",1,,
Jap03OmOhXU,https://www.youtube.com/watch?v=Jap03OmOhXU,15 BRILLIANT Dollar Tree Candle HACKS 🕯️ (gift ideas galore!),388.0,storyboard,8,64.67,72.75,8.08,https://youtu.be/Jap03OmOhXU?t=65s,decorate_finish,finish,1,0.4,A Dollar Tree candle hack: decorating/gluing on a candle.,Ns 58,0,0.0,0.204,0.236,0.408,0.09,"#6c6057,#241f1c,#bbb0af",1,,
Jap03OmOhXU,https://www.youtube.com/watch?v=Jap03OmOhXU,15 BRILLIANT Dollar Tree Candle HACKS 🕯️ (gift ideas galore!),388.0,storyboard,12,97.0,105.08,8.08,https://youtu.be/Jap03OmOhXU?t=97s,decorate_finish,finish,1,0.4,A Dollar Tree candle hack: decorating/gluing on a candle.,,0,0.0,0.026,0.102,0.348,0.083,"#6f5e51,#413428,#bacdcf",1,,
Jap03OmOhXU,https://www.youtube.com/watch?v=Jap03OmOhXU,15 BRILLIANT Dollar Tree Candle HACKS 🕯️ (gift ideas galore!),388.0,storyboard,16,129.33,137.42,8.09,https://youtu.be/Jap03OmOhXU?t=129s,decorate_finish,finish,1,0.4,A Dollar Tree candle hack: decorating/gluing on a candle.,oF Se ee,1,0.0,0.054,0.219,0.38,0.111,"#6d6a6d,#8f8a8b,#493e3e",1,,
Jap03OmOhXU,https://www.youtube.com/watch?v=Jap03OmOhXU,15 BRILLIANT Dollar Tree Candle HACKS 🕯️ (gift ideas galore!),388.0,storyboard,20,161.67,169.75,8.08,https://youtu.be/Jap03OmOhXU?t=162s,decorate_finish,finish,1,0.4,A Dollar Tree candle hack: decorating/gluing on a candle.,Ry Xs od,1,0.0,0.045,0.154,0.387,0.08,"#69625f,#968881,#191415",1,,
Jap03OmOhXU,https://www.youtube.com/watch?v=Jap03OmOhXU,15 BRILLIANT Dollar Tree Candle HACKS 🕯️ (gift ideas galore!),388.0,storyboard,28,226.33,234.42,8.09,https://youtu.be/Jap03OmOhXU?t=226s,decorate_finish,finish,1,0.4,A Dollar Tree candle hack: decorating/gluing on a candle.,NT ihe,0,0.0,0.065,0.136,0.477,0.099,"#aca5a4,#42271f,#786057",1,,
Jap03OmOhXU,https://www.youtube.com/watch?v=Jap03OmOhXU,15 BRILLIANT Dollar Tree Candle HACKS 🕯️ (gift ideas galore!),388.0,storyboard,32,258.67,266.75,8.08,https://youtu.be/Jap03OmOhXU?t=259s,decorate_finish,finish,1,0.4,A Dollar Tree candle hack: decorating/gluing on a candle.,ee. 7 apne Dye Oty,1,0.0,0.096,0.235,0.445,0.14,"#5c1016,#735853,#b6a39c",1,,
Jg1nhsDBtsQ,https://www.youtube.com/watch?v=Jg1nhsDBtsQ,Dollar Tree Candle Hacks That Will SHOCK You (2024) Krafts by Katelyn,665.0,storyboard,1,8.01,16.02,8.01,https://youtu.be/Jg1nhsDBtsQ?t=8s,decorate_finish,finish,1,0.5,Decorating LED pillar candles with printed napkins (heat-sealed).,oo,0,0.0,0.022,0.0,0.608,0.118,"#c3c9cb,#876b5b,#2d2817",1,,
Jg1nhsDBtsQ,https://www.youtube.com/watch?v=Jg1nhsDBtsQ,Dollar Tree Candle Hacks That Will SHOCK You (2024) Krafts by Katelyn,665.0,storyboard,3,24.04,32.05,8.01,https://youtu.be/Jg1nhsDBtsQ?t=24s,decorate_finish,finish,1,0.5,Decorating LED pillar candles with printed napkins (heat-sealed).,,0,0.0,0.034,0.111,0.527,0.109,"#b0adaf,#2f281e,#7e6557",1,,
Jg1nhsDBtsQ,https://www.youtube.com/watch?v=Jg1nhsDBtsQ,Dollar Tree Candle Hacks That Will SHOCK You (2024) Krafts by Katelyn,665.0,storyboard,4,32.05,40.06,8.01,https://youtu.be/Jg1nhsDBtsQ?t=32s,decorate_finish,finish,1,0.5,Decorating LED pillar candles with printed napkins (heat-sealed).,,0,0.0,0.02,0.0,0.565,0.104,"#b6b3b3,#7a5c4d,#282519",1,,
Jg1nhsDBtsQ,https://www.youtube.com/watch?v=Jg1nhsDBtsQ,Dollar Tree Candle Hacks That Will SHOCK You (2024) Krafts by Katelyn,665.0,storyboard,5,40.06,48.07,8.01,https://youtu.be/Jg1nhsDBtsQ?t=40s,decorate_finish,finish,1,0.5,Decorating LED pillar candles with printed napkins (heat-sealed).,ates,0,0.0,0.041,0.138,0.579,0.111,"#c4c6c6,#a79485,#3b362c",1,,
Jg1nhsDBtsQ,https://www.youtube.com/watch?v=Jg1nhsDBtsQ,Dollar Tree Candle Hacks That Will SHOCK You (2024) Krafts by Katelyn,665.0,storyboard,7,56.08,64.1,8.02,https://youtu.be/Jg1nhsDBtsQ?t=56s,decorate_finish,finish,1,0.5,Decorating LED pillar candles with printed napkins (heat-sealed).,da,0,0.0,0.036,0.219,0.607,0.111,"#b6bbbf,#847268,#2e281d",1,,
Jg1nhsDBtsQ,https://www.youtube.com/watch?v=Jg1nhsDBtsQ,Dollar Tree Candle Hacks That Will SHOCK You (2024) Krafts by Katelyn,665.0,storyboard,8,64.1,72.11,8.01,https://youtu.be/Jg1nhsDBtsQ?t=64s,decorate_finish,finish,1,0.5,Decorating LED pillar candles with printed napkins (heat-sealed).,RY ean hn ms oy dy 2 7 eS as PS,1,0.0,0.043,0.089,0.558,0.091,"#b2b8bc,#2b2721,#817871",1,,
Jg1nhsDBtsQ,https://www.youtube.com/watch?v=Jg1nhsDBtsQ,Dollar Tree Candle Hacks That Will SHOCK You (2024) Krafts by Katelyn,665.0,storyboard,9,72.11,80.12,8.01,https://youtu.be/Jg1nhsDBtsQ?t=72s,decorate_finish,finish,1,0.5,Decorating LED pillar candles with printed napkins (heat-sealed).,ae Se 4 4,1,0.0,0.026,0.0,0.542,0.097,"#b1b5b7,#856f60,#302c1f",1,,
Jg1nhsDBtsQ,https://www.youtube.com/watch?v=Jg1nhsDBtsQ,Dollar Tree Candle Hacks That Will SHOCK You (2024) Krafts by Katelyn,665.0,storyboard,10,80.12,88.13,8.01,https://youtu.be/Jg1nhsDBtsQ?t=80s,decorate_finish,finish,1,0.5,Decorating LED pillar candles with printed napkins (heat-sealed).,otal Soa ee,1,0.0,0.015,0.064,0.574,0.076,"#aeb3b6,#2b2919,#807366",1,,
Jg1nhsDBtsQ,https://www.youtube.com/watch?v=Jg1nhsDBtsQ,Dollar Tree Candle Hacks That Will SHOCK You (2024) Krafts by Katelyn,665.0,storyboard,11,88.13,96.14,8.01,https://youtu.be/Jg1nhsDBtsQ?t=88s,decorate_finish,finish,1,0.5,Decorating LED pillar candles with printed napkins (heat-sealed).,aN,0,0.0,0.031,0.09,0.551,0.098,"#b4b9bd,#87766d,#38271c",1,,
Jg1nhsDBtsQ,https://www.youtube.com/watch?v=Jg1nhsDBtsQ,Dollar Tree Candle Hacks That Will SHOCK You (2024) Krafts by Katelyn,665.0,storyboard,12,96.14,104.16,8.02,https://youtu.be/Jg1nhsDBtsQ?t=96s,decorate_finish,finish,1,0.5,Decorating LED pillar candles with printed napkins (heat-sealed).,pr AN Be,1,0.0,0.033,0.0,0.552,0.099,"#b6bbbe,#89796e,#36291d",1,,
Jg1nhsDBtsQ,https://www.youtube.com/watch?v=Jg1nhsDBtsQ,Dollar Tree Candle Hacks That Will SHOCK You (2024) Krafts by Katelyn,665.0,storyboard,13,104.16,112.17,8.01,https://youtu.be/Jg1nhsDBtsQ?t=104s,decorate_finish,finish,1,0.5,Decorating LED pillar candles with printed napkins (heat-sealed).,Ass Ve,0,0.0,0.031,0.098,0.545,0.115,"#b6bbbe,#887165,#38261b",1,,
Jg1nhsDBtsQ,https://www.youtube.com/watch?v=Jg1nhsDBtsQ,Dollar Tree Candle Hacks That Will SHOCK You (2024) Krafts by Katelyn,665.0,storyboard,14,112.17,120.18,8.01,https://youtu.be/Jg1nhsDBtsQ?t=112s,decorate_finish,finish,1,0.5,Decorating LED pillar candles with printed napkins (heat-sealed).,2 eee,0,0.0,0.026,0.0,0.518,0.112,"#adafb0,#8e6f5f,#382e21",1,,
Jg1nhsDBtsQ,https://www.youtube.com/watch?v=Jg1nhsDBtsQ,Dollar Tree Candle Hacks That Will SHOCK You (2024) Krafts by Katelyn,665.0,storyboard,15,120.18,128.19,8.01,https://youtu.be/Jg1nhsDBtsQ?t=120s,decorate_finish,finish,1,0.5,Decorating LED pillar candles with printed napkins (heat-sealed).,ee fe Ve ry,1,0.0,0.029,0.151,0.559,0.109,"#c5cacd,#9c8375,#473322",1,,
Jg1nhsDBtsQ,https://www.youtube.com/watch?v=Jg1nhsDBtsQ,Dollar Tree Candle Hacks That Will SHOCK You (2024) Krafts by Katelyn,665.0,storyboard,16,128.19,136.2,8.01,https://youtu.be/Jg1nhsDBtsQ?t=128s,decorate_finish,finish,1,0.5,Decorating LED pillar candles with printed napkins (heat-sealed).,Se as,0,0.0,0.043,0.187,0.559,0.111,"#b8bdc1,#3c271f,#837067",1,,
Jg1nhsDBtsQ,https://www.youtube.com/watch?v=Jg1nhsDBtsQ,Dollar Tree Candle Hacks That Will SHOCK You (2024) Krafts by Katelyn,665.0,storyboard,17,136.2,144.22,8.02,https://youtu.be/Jg1nhsDBtsQ?t=136s,decorate_finish,finish,1,0.5,Decorating LED pillar candles with printed napkins (heat-sealed).,Sa aX JZ 3 bs oe ae,1,0.0,0.042,0.0,0.512,0.131,"#b0b4b5,#85604e,#312518",1,,
Jg1nhsDBtsQ,https://www.youtube.com/watch?v=Jg1nhsDBtsQ,Dollar Tree Candle Hacks That Will SHOCK You (2024) Krafts by Katelyn,665.0,storyboard,18,144.22,152.23,8.01,https://youtu.be/Jg1nhsDBtsQ?t=144s,decorate_finish,finish,1,0.5,Decorating LED pillar candles with printed napkins (heat-sealed).,,0,0.0,0.025,0.157,0.559,0.099,"#b8bec0,#867c73,#2e2a1a",1,,
Jg1nhsDBtsQ,https://www.youtube.com/watch?v=Jg1nhsDBtsQ,Dollar Tree Candle Hacks That Will SHOCK You (2024) Krafts by Katelyn,665.0,storyboard,19,152.23,160.24,8.01,https://youtu.be/Jg1nhsDBtsQ?t=152s,decorate_finish,finish,1,0.5,Decorating LED pillar candles with printed napkins (heat-sealed).,ih titi 4 tt aS,1,0.0,0.05,0.177,0.65,0.104,"#c2c9ca,#9b8775,#694a36",1,,
Jg1nhsDBtsQ,https://www.youtube.com/watch?v=Jg1nhsDBtsQ,Dollar Tree Candle Hacks That Will SHOCK You (2024) Krafts by Katelyn,665.0,storyboard,21,168.25,176.27,8.02,https://youtu.be/Jg1nhsDBtsQ?t=168s,decorate_finish,finish,1,0.5,Decorating LED pillar candles with printed napkins (heat-sealed).,"sy eS bev, Cal he 3 ut 4 Ve ee 3 eo 7 Ae Sh Aj fos en Fo ue Wwe 7 Ug en al",1,0.0,0.038,0.187,0.624,0.113,"#ced0d1,#a2998f,#715343",1,,
Jg1nhsDBtsQ,https://www.youtube.com/watch?v=Jg1nhsDBtsQ,Dollar Tree Candle Hacks That Will SHOCK You (2024) Krafts by Katelyn,665.0,storyboard,22,176.27,184.28,8.01,https://youtu.be/Jg1nhsDBtsQ?t=176s,decorate_finish,finish,1,0.5,Decorating LED pillar candles with printed napkins (heat-sealed).,NY AS ee be hg?,1,0.0,0.065,0.0,0.581,0.164,"#cdcac8,#9e7f5d,#503e24",1,,
Jg1nhsDBtsQ,https://www.youtube.com/watch?v=Jg1nhsDBtsQ,Dollar Tree Candle Hacks That Will SHOCK You (2024) Krafts by Katelyn,665.0,storyboard,23,184.28,192.29,8.01,https://youtu.be/Jg1nhsDBtsQ?t=184s,decorate_finish,finish,1,0.5,Decorating LED pillar candles with printed napkins (heat-sealed).,Ss,0,0.0,0.026,0.187,0.608,0.106,"#c5c6ca,#a9a8a6,#67513c",1,,
Jg1nhsDBtsQ,https://www.youtube.com/watch?v=Jg1nhsDBtsQ,Dollar Tree Candle Hacks That Will SHOCK You (2024) Krafts by Katelyn,665.0,storyboard,25,200.3,208.31,8.01,https://youtu.be/Jg1nhsDBtsQ?t=200s,decorate_finish,finish,1,0.5,"Decorating/assembling the fall candle (glue, shaping, arranging).",,0,0.0,0.043,0.0,0.579,0.138,"#cfcbcc,#8d6f59,#372a18",1,,
Jg1nhsDBtsQ,https://www.youtube.com/watch?v=Jg1nhsDBtsQ,Dollar Tree Candle Hacks That Will SHOCK You (2024) Krafts by Katelyn,665.0,storyboard,26,208.31,216.33,8.02,https://youtu.be/Jg1nhsDBtsQ?t=208s,decorate_finish,finish,1,0.5,Finished/lit decorated candle shown.,Ss 7 SK aaa iF ee en el Ly st. by 9,1,0.0,0.053,0.181,0.578,0.093,"#b9b9b8,#574a32,#958a7d",1,,
Jg1nhsDBtsQ,https://www.youtube.com/watch?v=Jg1nhsDBtsQ,Dollar Tree Candle Hacks That Will SHOCK You (2024) Krafts by Katelyn,665.0,storyboard,27,216.33,224.34,8.01,https://youtu.be/Jg1nhsDBtsQ?t=216s,decorate_finish,finish,1,0.5,"Decorating/assembling the fall candle (glue, shaping, arranging).",Res Cee GF si 4 AG Is 4 ha Cre,1,0.0,0.065,0.261,0.524,0.148,"#8f725f,#473126,#b7b2af",1,,
Jg1nhsDBtsQ,https://www.youtube.com/watch?v=Jg1nhsDBtsQ,Dollar Tree Candle Hacks That Will SHOCK You (2024) Krafts by Katelyn,665.0,storyboard,34,272.41,280.42,8.01,https://youtu.be/Jg1nhsDBtsQ?t=272s,decorate_finish,finish,1,0.5,"Decorating/assembling the fall candle (glue, shaping, arranging).","BAX, 4 ae 4 ay Fy. pl. he an",1,0.0,0.057,0.099,0.55,0.178,"#c0c4c7,#967e6e,#54271c",1,,
Jg1nhsDBtsQ,https://www.youtube.com/watch?v=Jg1nhsDBtsQ,Dollar Tree Candle Hacks That Will SHOCK You (2024) Krafts by Katelyn,665.0,storyboard,35,280.42,288.43,8.01,https://youtu.be/Jg1nhsDBtsQ?t=280s,decorate_finish,finish,1,0.5,"Decorating/assembling the fall candle (glue, shaping, arranging).",SU Ry eu? wy Fel See,1,0.0,0.041,0.222,0.577,0.203,"#c9cccf,#9f7f78,#83251e",1,,
Jg1nhsDBtsQ,https://www.youtube.com/watch?v=Jg1nhsDBtsQ,Dollar Tree Candle Hacks That Will SHOCK You (2024) Krafts by Katelyn,665.0,storyboard,36,288.43,296.45,8.02,https://youtu.be/Jg1nhsDBtsQ?t=288s,decorate_finish,finish,1,0.5,"Decorating/assembling the fall candle (glue, shaping, arranging).",eo 4,0,0.0,0.026,0.0,0.586,0.186,"#c5c7ca,#8b7062,#592219",1,,
Jg1nhsDBtsQ,https://www.youtube.com/watch?v=Jg1nhsDBtsQ,Dollar Tree Candle Hacks That Will SHOCK You (2024) Krafts by Katelyn,665.0,storyboard,47,376.57,384.58,8.01,https://youtu.be/Jg1nhsDBtsQ?t=377s,decorate_finish,finish,1,0.5,"Decorating/assembling the fall candle (glue, shaping, arranging).",,0,0.0,0.088,0.211,0.698,0.177,"#d7dfdf,#bc9d88,#614238",1,,
Jg1nhsDBtsQ,https://www.youtube.com/watch?v=Jg1nhsDBtsQ,Dollar Tree Candle Hacks That Will SHOCK You (2024) Krafts by Katelyn,665.0,storyboard,51,408.61,416.63,8.02,https://youtu.be/Jg1nhsDBtsQ?t=409s,decorate_finish,finish,1,0.5,"Decorating/assembling the fall candle (glue, shaping, arranging).",yl foe,0,0.0,0.049,0.191,0.561,0.303,"#b1b1b0,#d1360c,#694a3c",1,,
Jg1nhsDBtsQ,https://www.youtube.com/watch?v=Jg1nhsDBtsQ,Dollar Tree Candle Hacks That Will SHOCK You (2024) Krafts by Katelyn,665.0,storyboard,52,416.63,424.64,8.01,https://youtu.be/Jg1nhsDBtsQ?t=417s,decorate_finish,finish,1,0.5,"Decorating/assembling the fall candle (glue, shaping, arranging).",go 1 Ws oD oe Wo? YS No,1,0.0,0.074,0.0,0.539,0.166,"#9d7f6d,#c2bebd,#302928",1,,
Jg1nhsDBtsQ,https://www.youtube.com/watch?v=Jg1nhsDBtsQ,Dollar Tree Candle Hacks That Will SHOCK You (2024) Krafts by Katelyn,665.0,storyboard,55,440.66,448.67,8.01,https://youtu.be/Jg1nhsDBtsQ?t=441s,decorate_finish,finish,1,0.5,"Decorating/assembling the fall candle (glue, shaping, arranging).",,0,0.0,0.015,0.168,0.662,0.326,"#b09488,#bc4d19,#eceaec",1,,
Jg1nhsDBtsQ,https://www.youtube.com/watch?v=Jg1nhsDBtsQ,Dollar Tree Candle Hacks That Will SHOCK You (2024) Krafts by Katelyn,665.0,storyboard,56,448.67,456.69,8.02,https://youtu.be/Jg1nhsDBtsQ?t=449s,decorate_finish,finish,1,0.5,"Decorating/assembling the fall candle (glue, shaping, arranging).",ad,0,0.0,0.017,0.18,0.69,0.3,"#adb0af,#e5e6e7,#b05226",1,,
Jg1nhsDBtsQ,https://www.youtube.com/watch?v=Jg1nhsDBtsQ,Dollar Tree Candle Hacks That Will SHOCK You (2024) Krafts by Katelyn,665.0,storyboard,57,456.69,464.7,8.01,https://youtu.be/Jg1nhsDBtsQ?t=457s,decorate_finish,finish,1,0.5,Pouring wax into the vessel.,si eeeay,1,0.0,0.03,0.0,0.633,0.262,"#bbbbbb,#ba572a,#271a19",1,,
Jg1nhsDBtsQ,https://www.youtube.com/watch?v=Jg1nhsDBtsQ,Dollar Tree Candle Hacks That Will SHOCK You (2024) Krafts by Katelyn,665.0,storyboard,59,472.71,480.72,8.01,https://youtu.be/Jg1nhsDBtsQ?t=473s,decorate_finish,finish,1,0.5,"Decorating/assembling the fall candle (glue, shaping, arranging).",Oo. 7 Pp pa FF,1,0.0,0.125,0.179,0.665,0.184,"#dcdbd8,#ba9785,#7f372f",1,,
Jg1nhsDBtsQ,https://www.youtube.com/watch?v=Jg1nhsDBtsQ,Dollar Tree Candle Hacks That Will SHOCK You (2024) Krafts by Katelyn,665.0,storyboard,60,480.72,488.73,8.01,https://youtu.be/Jg1nhsDBtsQ?t=481s,decorate_finish,finish,1,0.5,"Decorating/assembling the fall candle (glue, shaping, arranging).",ra Wes,0,0.0,0.151,0.0,0.753,0.173,"#e0ddda,#b6917c,#7f3327",1,,
Jg1nhsDBtsQ,https://www.youtube.com/watch?v=Jg1nhsDBtsQ,Dollar Tree Candle Hacks That Will SHOCK You (2024) Krafts by Katelyn,665.0,storyboard,61,488.73,496.75,8.02,https://youtu.be/Jg1nhsDBtsQ?t=489s,decorate_finish,finish,1,0.5,"Decorating/assembling the fall candle (glue, shaping, arranging).",ee Yi o's SD 4,1,0.0,0.136,0.116,0.721,0.175,"#d8dad9,#b79181,#7c3e31",1,,
Jg1nhsDBtsQ,https://www.youtube.com/watch?v=Jg1nhsDBtsQ,Dollar Tree Candle Hacks That Will SHOCK You (2024) Krafts by Katelyn,665.0,storyboard,62,496.75,504.76,8.01,https://youtu.be/Jg1nhsDBtsQ?t=497s,decorate_finish,finish,1,0.5,"Decorating/assembling the fall candle (glue, shaping, arranging).","Fs aA,",0,0.0,0.122,0.0,0.724,0.208,"#dddad8,#ad9b8f,#842d1a",1,,
Jg1nhsDBtsQ,https://www.youtube.com/watch?v=Jg1nhsDBtsQ,Dollar Tree Candle Hacks That Will SHOCK You (2024) Krafts by Katelyn,665.0,storyboard,63,504.76,512.77,8.01,https://youtu.be/Jg1nhsDBtsQ?t=505s,decorate_finish,finish,1,0.5,"Decorating/assembling the fall candle (glue, shaping, arranging).",eatieeat aaa,1,0.0,0.082,0.311,0.645,0.184,"#cccbc9,#5b3323,#987f74",1,,
Jg1nhsDBtsQ,https://www.youtube.com/watch?v=Jg1nhsDBtsQ,Dollar Tree Candle Hacks That Will SHOCK You (2024) Krafts by Katelyn,665.0,storyboard,64,512.77,520.78,8.01,https://youtu.be/Jg1nhsDBtsQ?t=513s,decorate_finish,finish,1,0.5,"Decorating/assembling the fall candle (glue, shaping, arranging).",,0,0.0,0.018,0.133,0.517,0.12,"#bcb9ba,#4d3229,#787370",1,,
Jg1nhsDBtsQ,https://www.youtube.com/watch?v=Jg1nhsDBtsQ,Dollar Tree Candle Hacks That Will SHOCK You (2024) Krafts by Katelyn,665.0,storyboard,65,520.78,528.8,8.02,https://youtu.be/Jg1nhsDBtsQ?t=521s,decorate_finish,finish,1,0.5,"Decorating/assembling the fall candle (glue, shaping, arranging).",iy,0,0.0,0.048,0.0,0.612,0.149,"#cecaca,#947c71,#522f1d",1,,
Jg1nhsDBtsQ,https://www.youtube.com/watch?v=Jg1nhsDBtsQ,Dollar Tree Candle Hacks That Will SHOCK You (2024) Krafts by Katelyn,665.0,storyboard,66,528.8,536.81,8.01,https://youtu.be/Jg1nhsDBtsQ?t=529s,decorate_finish,finish,1,0.5,"Decorating/assembling the fall candle (glue, shaping, arranging).",PL,0,0.0,0.045,0.163,0.599,0.086,"#bfc0c2,#928a8c,#42372c",1,,
Jg1nhsDBtsQ,https://www.youtube.com/watch?v=Jg1nhsDBtsQ,Dollar Tree Candle Hacks That Will SHOCK You (2024) Krafts by Katelyn,665.0,storyboard,67,536.81,544.82,8.01,https://youtu.be/Jg1nhsDBtsQ?t=537s,decorate_finish,finish,1,0.5,"Decorating/assembling the fall candle (glue, shaping, arranging).",LTA,0,0.0,0.079,0.062,0.622,0.108,"#c1c1c3,#492b19,#9b9998",1,,
Jg1nhsDBtsQ,https://www.youtube.com/watch?v=Jg1nhsDBtsQ,Dollar Tree Candle Hacks That Will SHOCK You (2024) Krafts by Katelyn,665.0,storyboard,68,544.82,552.83,8.01,https://youtu.be/Jg1nhsDBtsQ?t=545s,decorate_finish,finish,1,0.5,"Decorating/assembling the fall candle (glue, shaping, arranging).",4 3,0,0.0,0.029,0.0,0.623,0.144,"#c0bcbe,#6f3f33,#9d8b88",1,,
Jg1nhsDBtsQ,https://www.youtube.com/watch?v=Jg1nhsDBtsQ,Dollar Tree Candle Hacks That Will SHOCK You (2024) Krafts by Katelyn,665.0,storyboard,69,552.83,560.84,8.01,https://youtu.be/Jg1nhsDBtsQ?t=553s,decorate_finish,finish,1,0.5,"Decorating/assembling the fall candle (glue, shaping, arranging).","as, ss yy:",1,0.0,0.061,0.052,0.598,0.167,"#c6c5c5,#5c311c,#957465",1,,
Jg1nhsDBtsQ,https://www.youtube.com/watch?v=Jg1nhsDBtsQ,Dollar Tree Candle Hacks That Will SHOCK You (2024) Krafts by Katelyn,665.0,storyboard,70,560.84,568.86,8.02,https://youtu.be/Jg1nhsDBtsQ?t=561s,decorate_finish,finish,1,0.5,"Decorating/assembling the fall candle (glue, shaping, arranging).",ow Ue 2 as,1,0.0,0.053,0.0,0.591,0.187,"#c7c4c3,#97705e,#582e18",1,,
Jg1nhsDBtsQ,https://www.youtube.com/watch?v=Jg1nhsDBtsQ,Dollar Tree Candle Hacks That Will SHOCK You (2024) Krafts by Katelyn,665.0,storyboard,71,568.86,576.87,8.01,https://youtu.be/Jg1nhsDBtsQ?t=569s,decorate_finish,finish,1,0.5,"Decorating/assembling the fall candle (glue, shaping, arranging).",ee oe Lae ss,1,0.0,0.026,0.125,0.674,0.18,"#cdcecd,#7d3d1c,#ad958a",1,,
Jg1nhsDBtsQ,https://www.youtube.com/watch?v=Jg1nhsDBtsQ,Dollar Tree Candle Hacks That Will SHOCK You (2024) Krafts by Katelyn,665.0,storyboard,72,576.87,584.88,8.01,https://youtu.be/Jg1nhsDBtsQ?t=577s,decorate_finish,finish,1,0.5,"Decorating/assembling the fall candle (glue, shaping, arranging).",aad LS,0,0.0,0.042,0.062,0.635,0.186,"#c6c6c6,#976550,#492815",1,,
Jg1nhsDBtsQ,https://www.youtube.com/watch?v=Jg1nhsDBtsQ,Dollar Tree Candle Hacks That Will SHOCK You (2024) Krafts by Katelyn,665.0,storyboard,73,584.88,592.89,8.01,https://youtu.be/Jg1nhsDBtsQ?t=585s,decorate_finish,finish,1,0.5,"Decorating/assembling the fall candle (glue, shaping, arranging).",Le if BY Fo Agee,1,0.0,0.073,0.0,0.667,0.21,"#d1cfcf,#8c4b32,#af9b94",1,,
Jg1nhsDBtsQ,https://www.youtube.com/watch?v=Jg1nhsDBtsQ,Dollar Tree Candle Hacks That Will SHOCK You (2024) Krafts by Katelyn,665.0,storyboard,74,592.89,600.9,8.01,https://youtu.be/Jg1nhsDBtsQ?t=593s,decorate_finish,finish,1,0.5,Finished/lit decorated candle shown.,"can im aa 7 Sy ke Oe eS, es",1,0.0,0.056,0.142,0.573,0.201,"#bfc3c5,#947d6f,#54311e",1,,
Jg1nhsDBtsQ,https://www.youtube.com/watch?v=Jg1nhsDBtsQ,Dollar Tree Candle Hacks That Will SHOCK You (2024) Krafts by Katelyn,665.0,storyboard,75,600.9,608.92,8.02,https://youtu.be/Jg1nhsDBtsQ?t=601s,decorate_finish,finish,1,0.5,"Decorating/assembling the fall candle (glue, shaping, arranging).",Pre os: 4 3 rt: es ar,1,0.0,0.051,0.156,0.58,0.165,"#cdc7c7,#9e674e,#48392a",1,,
JiisPUkcnSs,https://www.youtube.com/watch?v=JiisPUkcnSs,Satisfying Process of Mass Producing Candles. Korean Candle Factory,796.0,storyboard,75,597.0,604.96,7.96,https://youtu.be/JiisPUkcnSs?t=597s,decorate_finish,finish,1,0.45,"Machine finishing the candles (stamping Korean text, cutting, rolling).",2 wi 4 5 Ws AF ae iH Se os Ko ja OR ae Ye 4 fms aa es ss nol ey ye ae 4 4 rr. Tate -ee ee,1,0.0,0.048,0.297,0.468,0.079,"#7d7564,#3a3124,#afaca5",1,,
JiisPUkcnSs,https://www.youtube.com/watch?v=JiisPUkcnSs,Satisfying Process of Mass Producing Candles. Korean Candle Factory,796.0,storyboard,76,604.96,612.92,7.96,https://youtu.be/JiisPUkcnSs?t=605s,decorate_finish,finish,1,0.45,"Machine finishing the candles (stamping Korean text, cutting, rolling).",4 ss wAG ee IN 7 ee,1,0.0,0.069,0.281,0.444,0.06,"#726c63,#2f271d,#c6c9cb",1,,
JiisPUkcnSs,https://www.youtube.com/watch?v=JiisPUkcnSs,Satisfying Process of Mass Producing Candles. Korean Candle Factory,796.0,storyboard,77,612.92,620.88,7.96,https://youtu.be/JiisPUkcnSs?t=613s,decorate_finish,finish,1,0.45,"Machine finishing the candles (stamping Korean text, cutting, rolling).",5 So re pie,1,0.0,0.022,0.0,0.437,0.049,"#7d766c,#41382e,#d1cec3",1,,
JiisPUkcnSs,https://www.youtube.com/watch?v=JiisPUkcnSs,Satisfying Process of Mass Producing Candles. Korean Candle Factory,796.0,storyboard,81,644.76,652.72,7.96,https://youtu.be/JiisPUkcnSs?t=645s,decorate_finish,finish,1,0.45,"Machine finishing the candles (stamping Korean text, cutting, rolling).",Af eT Se Fo Ful ag Pes,1,0.0,0.086,0.302,0.553,0.087,"#877c6c,#dcd9d2,#31291f",1,,
JiisPUkcnSs,https://www.youtube.com/watch?v=JiisPUkcnSs,Satisfying Process of Mass Producing Candles. Korean Candle Factory,796.0,storyboard,83,660.68,668.64,7.96,https://youtu.be/JiisPUkcnSs?t=661s,decorate_finish,finish,1,0.45,Demoulded finished candles on the line / in bins.,"Ko LP pte aoe ee Sy Os oe ean ea eines itaie ge Se en abe We Na, 4 9 or, Ce ye 3 Cr Ae ial Se tae oe ay Ts 4 4 WA, Kee BS ft eit 4 Oe Mew Le ot gee eee od adee ed 7 eps ee ee 0 deg lin SS le ake Rep e",1,0.0,0.106,0.243,0.485,0.043,"#766f67,#474037,#c8c3bd",1,,
JiisPUkcnSs,https://www.youtube.com/watch?v=JiisPUkcnSs,Satisfying Process of Mass Producing Candles. Korean Candle Factory,796.0,storyboard,84,668.64,676.6,7.96,https://youtu.be/JiisPUkcnSs?t=669s,decorate_finish,finish,1,0.45,"Machine finishing the candles (stamping Korean text, cutting, rolling).",pes Ig,0,0.0,0.039,0.293,0.422,0.04,"#1f1b16,#605950,#bbb7b2",1,,
JiisPUkcnSs,https://www.youtube.com/watch?v=JiisPUkcnSs,Satisfying Process of Mass Producing Candles. Korean Candle Factory,796.0,storyboard,89,708.44,716.4,7.96,https://youtu.be/JiisPUkcnSs?t=708s,decorate_finish,finish,1,0.45,"Machine finishing the candles (stamping Korean text, cutting, rolling).",2,0,0.0,0.032,0.232,0.412,0.039,"#201d1c,#c7c0b7,#8a827f",1,,
JiisPUkcnSs,https://www.youtube.com/watch?v=JiisPUkcnSs,Satisfying Process of Mass Producing Candles. Korean Candle Factory,796.0,storyboard,90,716.4,724.36,7.96,https://youtu.be/JiisPUkcnSs?t=716s,decorate_finish,finish,1,0.45,"Machine finishing the candles (stamping Korean text, cutting, rolling).",wi,0,0.0,0.06,0.0,0.446,0.075,"#7d776a,#24211e,#ccc5be",1,,
JrRekRMu7bQ,https://www.youtube.com/watch?v=JrRekRMu7bQ,How To Make Concrete Candle Jars : Step-by-step Tutorial,368.0,storyboard,33,264.0,272.0,8.0,https://youtu.be/JrRekRMu7bQ?t=264s,decorate_finish,finish,1,0.45,"Caption 'Apply 1 Coat, Wait 30-60 Mins'; sealing the jar on a rack.","Apply 1 Coat, Wait Mins, ee Apply Second Con 5 om Aiea ry el fee SIL ze ae Hifiee SSN reees Ssase- 3 ice po 55 5 Sane teh erg sebensasaae, PANY ps om or ry bmeatetoces- 9 AA HH Part et eee PE BBS 2 Be",1,0.0,0.163,0.099,0.436,0.142,"#34393a,#72646b,#beb5a5",1,,
JrRekRMu7bQ,https://www.youtube.com/watch?v=JrRekRMu7bQ,How To Make Concrete Candle Jars : Step-by-step Tutorial,368.0,storyboard,34,272.0,280.0,8.0,https://youtu.be/JrRekRMu7bQ?t=272s,decorate_finish,finish,1,0.45,Applying a sealer coat to the concrete jar.,"Am Using EarthSafes Matte Quick Dip To Seal The JP fe ti fii id iiitis Ssr? SSs7 wide fii5z52525 Lia, SSS SSeS IS Fa Soss Fires SS LIS IE IPI Pap poled tapi LILLIE PIPE III pee tt 4 IFPI tee HAE SSS e",1,0.0,0.198,0.142,0.439,0.151,"#383b41,#c1b5a2,#87735f",1,,
JrRekRMu7bQ,https://www.youtube.com/watch?v=JrRekRMu7bQ,How To Make Concrete Candle Jars : Step-by-step Tutorial,368.0,storyboard,36,288.0,296.0,8.0,https://youtu.be/JrRekRMu7bQ?t=288s,decorate_finish,finish,1,0.45,"Caption about sealing the outside, not inside; coating the jar.","tn The Not ride oll for 1 Minute, 50 Mins Roll Agaif HH am auaaasbee japeeeee",1,0.0,0.239,0.157,0.391,0.131,"#2a2b27,#8a7756,#babdaa",1,,
JrRekRMu7bQ,https://www.youtube.com/watch?v=JrRekRMu7bQ,How To Make Concrete Candle Jars : Step-by-step Tutorial,368.0,storyboard,37,296.0,304.0,8.0,https://youtu.be/JrRekRMu7bQ?t=296s,decorate_finish,finish,1,0.45,Applying another coat to the jar.,Ep yo 4 tf are se,1,0.0,0.243,0.119,0.391,0.107,"#2a2b29,#bbbeae,#726c60",1,,
JxJVzdPJexE,https://www.youtube.com/watch?v=JxJVzdPJexE,Amazing Process of Making Hand Carved Candles,721.0,storyboard,32,256.36,264.37,8.01,https://youtu.be/JxJVzdPJexE?t=256s,decorate_finish,finish,1,0.5,Hand-carving the warm multi-colour candle into ornate petal patterns.,,0,0.0,0.016,0.177,0.439,0.114,"#4e3f33,#8d7c77,#c5b2ae",1,,
JxJVzdPJexE,https://www.youtube.com/watch?v=JxJVzdPJexE,Amazing Process of Making Hand Carved Candles,721.0,storyboard,33,264.37,272.38,8.01,https://youtu.be/JxJVzdPJexE?t=264s,decorate_finish,finish,1,0.5,Hand-carving the warm multi-colour candle into ornate petal patterns.,if eS if an,1,0.0,0.036,0.241,0.425,0.103,"#7d6254,#2b1d17,#b5a190",1,,
JxJVzdPJexE,https://www.youtube.com/watch?v=JxJVzdPJexE,Amazing Process of Making Hand Carved Candles,721.0,storyboard,34,272.38,280.39,8.01,https://youtu.be/JxJVzdPJexE?t=272s,decorate_finish,finish,1,0.5,Hand-carving the warm multi-colour candle into ornate petal patterns.,,0,0.0,0.016,0.0,0.474,0.133,"#896d67,#b7a29f,#3e2720",1,,
JxJVzdPJexE,https://www.youtube.com/watch?v=JxJVzdPJexE,Amazing Process of Making Hand Carved Candles,721.0,storyboard,35,280.39,288.4,8.01,https://youtu.be/JxJVzdPJexE?t=280s,decorate_finish,finish,1,0.5,Hand-carving the warm multi-colour candle into ornate petal patterns.,AN BE Mi cw wm. sa oh nenalll Ts,1,0.0,0.096,0.315,0.476,0.112,"#d6c5b5,#8e7564,#402d24",1,,
JxJVzdPJexE,https://www.youtube.com/watch?v=JxJVzdPJexE,Amazing Process of Making Hand Carved Candles,721.0,storyboard,36,288.4,296.41,8.01,https://youtu.be/JxJVzdPJexE?t=288s,decorate_finish,finish,1,0.5,Hand-carving the warm multi-colour candle into ornate petal patterns.,fT ais LL ioe ae Re. ke if fae es 5 am,1,0.0,0.098,0.057,0.557,0.134,"#d9c8b8,#49332a,#9a7f6b",1,,
JxJVzdPJexE,https://www.youtube.com/watch?v=JxJVzdPJexE,Amazing Process of Making Hand Carved Candles,721.0,storyboard,37,296.41,304.42,8.01,https://youtu.be/JxJVzdPJexE?t=296s,decorate_finish,finish,1,0.5,Hand-carving the warm multi-colour candle into ornate petal patterns.,es tho ny tT MJ he VAS 4 2 3 ee hw Fi ia es,1,0.0,0.103,0.047,0.541,0.107,"#cfbfb0,#413229,#907968",1,,
JxJVzdPJexE,https://www.youtube.com/watch?v=JxJVzdPJexE,Amazing Process of Making Hand Carved Candles,721.0,storyboard,39,312.43,320.44,8.01,https://youtu.be/JxJVzdPJexE?t=312s,decorate_finish,finish,1,0.5,Hand-carving the warm multi-colour candle into ornate petal patterns.,"4 7 aa. me, 1 SS Sees 44 3 ne. ee tt in",1,0.0,0.042,0.226,0.285,0.209,"#515531,#221410,#a69685",1,,
JxJVzdPJexE,https://www.youtube.com/watch?v=JxJVzdPJexE,Amazing Process of Making Hand Carved Candles,721.0,storyboard,40,320.44,328.46,8.02,https://youtu.be/JxJVzdPJexE?t=320s,decorate_finish,finish,1,0.5,Hand-carving the warm multi-colour candle into ornate petal patterns.,TehniQ he. ea,1,0.0,0.086,0.348,0.466,0.217,"#4e3422,#b3a14b,#093d73",1,,
JxJVzdPJexE,https://www.youtube.com/watch?v=JxJVzdPJexE,Amazing Process of Making Hand Carved Candles,721.0,storyboard,42,336.47,344.48,8.01,https://youtu.be/JxJVzdPJexE?t=336s,decorate_finish,finish,1,0.5,Hand-carving the warm multi-colour candle into ornate petal patterns.,aw Wa 4 SS Bie ul Az acy,1,0.0,0.161,0.251,0.461,0.109,"#c6b6a9,#836b5b,#2a1e1a",1,,
JxJVzdPJexE,https://www.youtube.com/watch?v=JxJVzdPJexE,Amazing Process of Making Hand Carved Candles,721.0,storyboard,43,344.48,352.49,8.01,https://youtu.be/JxJVzdPJexE?t=344s,decorate_finish,finish,1,0.5,Hand-carving the warm multi-colour candle into ornate petal patterns.,on ahi.,0,0.0,0.077,0.114,0.386,0.162,"#422a20,#78615b,#c0b09c",1,,
JxJVzdPJexE,https://www.youtube.com/watch?v=JxJVzdPJexE,Amazing Process of Making Hand Carved Candles,721.0,storyboard,45,360.5,368.51,8.01,https://youtu.be/JxJVzdPJexE?t=360s,decorate_finish,finish,1,0.5,Hand-carving the warm multi-colour candle into ornate petal patterns.,ed Act ar vy ro me as,1,0.0,0.093,0.173,0.38,0.135,"#3d261a,#6f5c54,#bbb1a1",1,,
JxJVzdPJexE,https://www.youtube.com/watch?v=JxJVzdPJexE,Amazing Process of Making Hand Carved Candles,721.0,storyboard,46,368.51,376.52,8.01,https://youtu.be/JxJVzdPJexE?t=369s,decorate_finish,finish,1,0.5,Hand-carving the warm multi-colour candle into ornate petal patterns.,re Gs ma Bee hy ah. her el oe et OE al AR 7 hU ne oS at Vy,1,0.0,0.138,0.229,0.358,0.149,"#7a5f4f,#301d15,#b7a697",1,,
JxJVzdPJexE,https://www.youtube.com/watch?v=JxJVzdPJexE,Amazing Process of Making Hand Carved Candles,721.0,storyboard,47,376.52,384.53,8.01,https://youtu.be/JxJVzdPJexE?t=377s,decorate_finish,finish,1,0.5,Hand-carving the warm multi-colour candle into ornate petal patterns.,"EST 4 Ne, ORS ae,",1,0.0,0.144,0.237,0.382,0.144,"#422a1f,#7b716b,#bfc0b5",1,,
JxJVzdPJexE,https://www.youtube.com/watch?v=JxJVzdPJexE,Amazing Process of Making Hand Carved Candles,721.0,storyboard,49,392.54,400.56,8.02,https://youtu.be/JxJVzdPJexE?t=393s,decorate_finish,finish,1,0.5,Hand-carving the warm multi-colour candle into ornate petal patterns.,Biers Wr is am wa 7 bs? is Ww nv ait 3 yee Vy ade 9 4 Soe Loi AAR Ti? 4 ee,1,0.0,0.168,0.024,0.394,0.132,"#816554,#332017,#b9ab9d",1,,
JxJVzdPJexE,https://www.youtube.com/watch?v=JxJVzdPJexE,Amazing Process of Making Hand Carved Candles,721.0,storyboard,50,400.56,408.57,8.01,https://youtu.be/JxJVzdPJexE?t=401s,decorate_finish,finish,1,0.5,Hand-carving the warm multi-colour candle into ornate petal patterns.,if Pa ae we QR an bi,1,0.0,0.117,0.081,0.387,0.161,"#452d22,#907e70,#cfc8be",1,,
JxJVzdPJexE,https://www.youtube.com/watch?v=JxJVzdPJexE,Amazing Process of Making Hand Carved Candles,721.0,storyboard,51,408.57,416.58,8.01,https://youtu.be/JxJVzdPJexE?t=409s,decorate_finish,finish,1,0.5,Hand-carving the warm multi-colour candle into ornate petal patterns.,1 ae ew les Pe.,1,0.0,0.123,0.0,0.384,0.168,"#412619,#79665a,#bcb3a7",1,,
JxJVzdPJexE,https://www.youtube.com/watch?v=JxJVzdPJexE,Amazing Process of Making Hand Carved Candles,721.0,storyboard,52,416.58,424.59,8.01,https://youtu.be/JxJVzdPJexE?t=417s,decorate_finish,finish,1,0.5,Hand-carving the warm multi-colour candle into ornate petal patterns.,SY 2 hee ya Aq AWE,1,0.0,0.151,0.269,0.444,0.152,"#402e22,#7d7161,#b5b0a3",1,,
JxJVzdPJexE,https://www.youtube.com/watch?v=JxJVzdPJexE,Amazing Process of Making Hand Carved Candles,721.0,storyboard,54,432.6,440.61,8.01,https://youtu.be/JxJVzdPJexE?t=433s,decorate_finish,finish,1,0.5,Hand-carving the warm multi-colour candle into ornate petal patterns.,CN ae oy iy 3 aU ay,1,0.0,0.159,0.0,0.38,0.138,"#3f2d22,#767569,#c5bfb3",1,,
JxJVzdPJexE,https://www.youtube.com/watch?v=JxJVzdPJexE,Amazing Process of Making Hand Carved Candles,721.0,storyboard,55,440.61,448.62,8.01,https://youtu.be/JxJVzdPJexE?t=441s,decorate_finish,finish,1,0.5,Hand-carving the warm multi-colour candle into ornate petal patterns.,is ee Mian ies,1,0.0,0.174,0.203,0.406,0.145,"#7a6d5f,#39241b,#bbb7aa",1,,
JxJVzdPJexE,https://www.youtube.com/watch?v=JxJVzdPJexE,Amazing Process of Making Hand Carved Candles,721.0,storyboard,56,448.62,456.63,8.01,https://youtu.be/JxJVzdPJexE?t=449s,decorate_finish,finish,1,0.5,Hand-carving the warm multi-colour candle into ornate petal patterns.,all 7 cr if Mei ie Sive oo aor 4 re 4 oh DN,1,0.0,0.159,0.102,0.426,0.105,"#bfb0a4,#221c1a,#7f6c5e",1,,
JxJVzdPJexE,https://www.youtube.com/watch?v=JxJVzdPJexE,Amazing Process of Making Hand Carved Candles,721.0,storyboard,57,456.63,464.64,8.01,https://youtu.be/JxJVzdPJexE?t=457s,decorate_finish,finish,1,0.5,Hand-carving the warm multi-colour candle into ornate petal patterns.,LWA,0,0.0,0.141,0.291,0.426,0.159,"#ac937a,#602b20,#185654",1,,
JxJVzdPJexE,https://www.youtube.com/watch?v=JxJVzdPJexE,Amazing Process of Making Hand Carved Candles,721.0,storyboard,58,464.64,472.66,8.02,https://youtu.be/JxJVzdPJexE?t=465s,decorate_finish,finish,1,0.5,Hand-carving the warm multi-colour candle into ornate petal patterns.,ay ZF SaaS Ww uJ,1,0.0,0.153,0.0,0.429,0.213,"#b5937a,#5b281e,#317e80",1,,
JxJVzdPJexE,https://www.youtube.com/watch?v=JxJVzdPJexE,Amazing Process of Making Hand Carved Candles,721.0,storyboard,59,472.66,480.67,8.01,https://youtu.be/JxJVzdPJexE?t=473s,decorate_finish,finish,1,0.5,Hand-carving the warm multi-colour candle into ornate petal patterns.,ree sing,1,0.0,0.108,0.173,0.429,0.215,"#ac9474,#582a1d,#2d6e72",1,,
JxJVzdPJexE,https://www.youtube.com/watch?v=JxJVzdPJexE,Amazing Process of Making Hand Carved Candles,721.0,storyboard,60,480.67,488.68,8.01,https://youtu.be/JxJVzdPJexE?t=481s,decorate_finish,finish,1,0.5,Hand-carving the warm multi-colour candle into ornate petal patterns.,te res re nn aioe ai 7 to Uy SRE ee se 8 eae 7 1 AYR. 3 Pog 7 ey 13 wv TS FF ts Pi md pa ym ota,1,0.0,0.147,0.269,0.438,0.157,"#c1b4aa,#78655b,#2f211b",1,,
JxJVzdPJexE,https://www.youtube.com/watch?v=JxJVzdPJexE,Amazing Process of Making Hand Carved Candles,721.0,storyboard,62,496.69,504.7,8.01,https://youtu.be/JxJVzdPJexE?t=497s,decorate_finish,finish,1,0.5,Hand-carving the warm multi-colour candle into ornate petal patterns.,he Se ey oe re ie AMG Te eS ey Ot pees eu 9 eas. 4 ae vw aN sli JZ 55 4,1,0.0,0.201,0.037,0.43,0.11,"#2e211a,#c3b6ad,#806e64",1,,
JxJVzdPJexE,https://www.youtube.com/watch?v=JxJVzdPJexE,Amazing Process of Making Hand Carved Candles,721.0,storyboard,63,504.7,512.71,8.01,https://youtu.be/JxJVzdPJexE?t=505s,decorate_finish,finish,1,0.5,Hand-carving the warm multi-colour candle into ornate petal patterns.,"oe 4 ar Sa 4 ga om od Zh 1 ee, aig 3 ian ee eee Ven, ma",1,0.0,0.206,0.063,0.436,0.11,"#c3b5ac,#33261e,#807064",1,,
JxJVzdPJexE,https://www.youtube.com/watch?v=JxJVzdPJexE,Amazing Process of Making Hand Carved Candles,721.0,storyboard,64,512.71,520.72,8.01,https://youtu.be/JxJVzdPJexE?t=513s,decorate_finish,finish,1,0.5,Hand-carving the warm multi-colour candle into ornate petal patterns.,Se 7 ae,0,0.0,0.031,0.0,0.385,0.104,"#6d5d5a,#9b9189,#282828",1,,
JxJVzdPJexE,https://www.youtube.com/watch?v=JxJVzdPJexE,Amazing Process of Making Hand Carved Candles,721.0,storyboard,65,520.72,528.73,8.01,https://youtu.be/JxJVzdPJexE?t=521s,decorate_finish,finish,1,0.5,Hand-carving the warm multi-colour candle into ornate petal patterns.,rm,0,0.0,0.067,0.236,0.379,0.123,"#31261d,#796a55,#b8bab5",1,,
JxJVzdPJexE,https://www.youtube.com/watch?v=JxJVzdPJexE,Amazing Process of Making Hand Carved Candles,721.0,storyboard,67,536.74,544.76,8.02,https://youtu.be/JxJVzdPJexE?t=537s,decorate_finish,finish,1,0.5,Hand-carving the warm multi-colour candle into ornate petal patterns.,ole ute yw heey 4 hs oS NEE ss WOU Oe ys Vote Pye ai,1,0.0,0.203,0.287,0.431,0.145,"#cfc3b7,#8a7365,#3a2720",1,,
JxJVzdPJexE,https://www.youtube.com/watch?v=JxJVzdPJexE,Amazing Process of Making Hand Carved Candles,721.0,storyboard,69,552.77,560.78,8.01,https://youtu.be/JxJVzdPJexE?t=553s,decorate_finish,finish,1,0.5,Hand-carving the warm multi-colour candle into ornate petal patterns.,"Fe ay tt-o Ps, 4 va ve",1,0.0,0.048,0.244,0.491,0.134,"#4e3527,#cbbcb4,#978077",1,,
JxJVzdPJexE,https://www.youtube.com/watch?v=JxJVzdPJexE,Amazing Process of Making Hand Carved Candles,721.0,storyboard,70,560.78,568.79,8.01,https://youtu.be/JxJVzdPJexE?t=561s,decorate_finish,finish,1,0.5,Hand-carving the warm multi-colour candle into ornate petal patterns.,ad oid wh yay!,1,0.0,0.06,0.177,0.407,0.155,"#92725d,#2f2f31,#c0b6af",1,,
JxJVzdPJexE,https://www.youtube.com/watch?v=JxJVzdPJexE,Amazing Process of Making Hand Carved Candles,721.0,storyboard,71,568.79,576.8,8.01,https://youtu.be/JxJVzdPJexE?t=569s,decorate_finish,finish,1,0.5,Hand-carving the warm multi-colour candle into ornate petal patterns.,em 9 pehaig 7,1,0.0,0.053,0.0,0.445,0.109,"#866756,#c5bbb1,#35261f",1,,
LN1wnj9UClo,https://www.youtube.com/watch?v=LN1wnj9UClo,Satisfying process of candle making ✨🕯#candlebusiness #scentedcandles #soywaxcandle,221.0,storyboard,0,0.0,7.89,7.89,https://youtu.be/LN1wnj9UClo?t=0s,decorate_finish,finish,1,0.45,Overhead: a small white candle with a green leaf is decorated by hand.,PE,0,0.0,0.027,0.106,0.589,0.069,"#b9c0b4,#959784,#3b3426",1,,
LN1wnj9UClo,https://www.youtube.com/watch?v=LN1wnj9UClo,Satisfying process of candle making ✨🕯#candlebusiness #scentedcandles #soywaxcandle,221.0,storyboard,1,7.89,15.79,7.9,https://youtu.be/LN1wnj9UClo?t=8s,decorate_finish,finish,1,0.5,Embedding dried flowers / green leaves into the small candle surface.,,0,0.0,0.027,0.101,0.594,0.069,"#b7bcb4,#8f8c78,#48412f",1,,
LN1wnj9UClo,https://www.youtube.com/watch?v=LN1wnj9UClo,Satisfying process of candle making ✨🕯#candlebusiness #scentedcandles #soywaxcandle,221.0,storyboard,2,15.79,23.68,7.89,https://youtu.be/LN1wnj9UClo?t=16s,decorate_finish,finish,1,0.45,Decorating the small candle by hand.,oe,0,0.0,0.021,0.121,0.573,0.079,"#b8c0b5,#443929,#959886",1,,
LN1wnj9UClo,https://www.youtube.com/watch?v=LN1wnj9UClo,Satisfying process of candle making ✨🕯#candlebusiness #scentedcandles #soywaxcandle,221.0,storyboard,5,39.46,47.36,7.9,https://youtu.be/LN1wnj9UClo?t=39s,decorate_finish,finish,1,0.5,Embedding dried flowers / green leaves into the small candle surface.,eX,0,0.0,0.037,0.185,0.545,0.084,"#5a4834,#9ea493,#c1ccc9",1,,
LN1wnj9UClo,https://www.youtube.com/watch?v=LN1wnj9UClo,Satisfying process of candle making ✨🕯#candlebusiness #scentedcandles #soywaxcandle,221.0,storyboard,6,47.36,55.25,7.89,https://youtu.be/LN1wnj9UClo?t=47s,decorate_finish,finish,1,0.45,Decorating the small candle by hand.,yar af it Nap 41,1,0.0,0.031,0.102,0.583,0.074,"#9a9b86,#c0c5ba,#463927",1,,
LN1wnj9UClo,https://www.youtube.com/watch?v=LN1wnj9UClo,Satisfying process of candle making ✨🕯#candlebusiness #scentedcandles #soywaxcandle,221.0,storyboard,9,71.04,78.93,7.89,https://youtu.be/LN1wnj9UClo?t=71s,decorate_finish,finish,1,0.5,Embedding dried flowers / green leaves into the small candle surface.,OA. ee,0,0.0,0.031,0.109,0.57,0.087,"#93937d,#b9bfb6,#4f402a",1,,
LN1wnj9UClo,https://www.youtube.com/watch?v=LN1wnj9UClo,Satisfying process of candle making ✨🕯#candlebusiness #scentedcandles #soywaxcandle,221.0,storyboard,10,78.93,86.82,7.89,https://youtu.be/LN1wnj9UClo?t=79s,decorate_finish,finish,1,0.45,Decorating the small candle by hand.,,0,0.0,0.019,0.164,0.62,0.089,"#c1cbbe,#989380,#3b442f",1,,
LN1wnj9UClo,https://www.youtube.com/watch?v=LN1wnj9UClo,Satisfying process of candle making ✨🕯#candlebusiness #scentedcandles #soywaxcandle,221.0,storyboard,13,102.61,110.5,7.89,https://youtu.be/LN1wnj9UClo?t=103s,decorate_finish,finish,1,0.5,Embedding dried flowers / green leaves into the small candle surface.,,0,0.0,0.008,0.081,0.651,0.069,"#c6cfc1,#999683,#55422f",1,,
LN1wnj9UClo,https://www.youtube.com/watch?v=LN1wnj9UClo,Satisfying process of candle making ✨🕯#candlebusiness #scentedcandles #soywaxcandle,221.0,storyboard,14,110.5,118.39,7.89,https://youtu.be/LN1wnj9UClo?t=110s,decorate_finish,finish,1,0.45,Decorating the small candle by hand.,,0,0.0,0.011,0.07,0.636,0.087,"#c7d1c3,#614a36,#9c9d89",1,,
LN1wnj9UClo,https://www.youtube.com/watch?v=LN1wnj9UClo,Satisfying process of candle making ✨🕯#candlebusiness #scentedcandles #soywaxcandle,221.0,storyboard,17,134.18,142.07,7.89,https://youtu.be/LN1wnj9UClo?t=134s,decorate_finish,finish,1,0.5,Embedding dried flowers / green leaves into the small candle surface.,te Me Se ay lg,1,0.0,0.02,0.088,0.59,0.085,"#b3bdb1,#827762,#503926",1,,
LN1wnj9UClo,https://www.youtube.com/watch?v=LN1wnj9UClo,Satisfying process of candle making ✨🕯#candlebusiness #scentedcandles #soywaxcandle,221.0,storyboard,18,142.07,149.96,7.89,https://youtu.be/LN1wnj9UClo?t=142s,decorate_finish,finish,1,0.45,Decorating the small candle by hand.,,0,0.0,0.016,0.089,0.592,0.082,"#b6bfb4,#817661,#483524",1,,
LN1wnj9UClo,https://www.youtube.com/watch?v=LN1wnj9UClo,Satisfying process of candle making ✨🕯#candlebusiness #scentedcandles #soywaxcandle,221.0,storyboard,21,165.75,173.64,7.89,https://youtu.be/LN1wnj9UClo?t=166s,decorate_finish,finish,1,0.5,Embedding dried flowers / green leaves into the small candle surface.,,0,0.0,0.032,0.058,0.604,0.085,"#a4ab9a,#58492e,#cfd9d9",1,,
LN1wnj9UClo,https://www.youtube.com/watch?v=LN1wnj9UClo,Satisfying process of candle making ✨🕯#candlebusiness #scentedcandles #soywaxcandle,221.0,storyboard,22,173.64,181.54,7.9,https://youtu.be/LN1wnj9UClo?t=174s,decorate_finish,finish,1,0.45,Decorating the small candle by hand.,eT ms ae Piss Ts ee ant in wis,1,0.0,0.023,0.067,0.583,0.081,"#989f8c,#c0ccc5,#56402b",1,,
LN1wnj9UClo,https://www.youtube.com/watch?v=LN1wnj9UClo,Satisfying process of candle making ✨🕯#candlebusiness #scentedcandles #soywaxcandle,221.0,storyboard,25,197.32,205.21,7.89,https://youtu.be/LN1wnj9UClo?t=197s,decorate_finish,finish,1,0.5,Embedding dried flowers / green leaves into the small candle surface.,as on oe bys 1 ii,1,0.0,0.033,0.158,0.568,0.095,"#b4c1ba,#857560,#4d3927",1,,
LN1wnj9UClo,https://www.youtube.com/watch?v=LN1wnj9UClo,Satisfying process of candle making ✨🕯#candlebusiness #scentedcandles #soywaxcandle,221.0,storyboard,26,205.21,213.11,7.9,https://youtu.be/LN1wnj9UClo?t=205s,decorate_finish,finish,1,0.45,Decorating the small candle by hand.,4 VY. At 4 7 ee mm PA anks TC ing. HE 1 LK 4 uy Th subse ave OFS this vedios 1 yi BES tL,1,0.0,0.045,0.321,0.399,0.067,"#8d8e79,#b6beb3,#614a33",1,,
Lg_fGA7jd4A,https://www.youtube.com/watch?v=Lg_fGA7jd4A,How to Make Whipped Wax?✨｜Candle Tutorial♥ Candle Making with English Subtitles,199.0,storyboard,8,63.68,71.64,7.96,https://youtu.be/Lg_fGA7jd4A?t=64s,decorate_finish,finish,1,0.45,Stand mixer whips the cooling wax into a fluffy texture.,Ny,0,0.0,0.067,0.141,0.528,0.131,"#bfb9b1,#484119,#948475",1,,
Lg_fGA7jd4A,https://www.youtube.com/watch?v=Lg_fGA7jd4A,How to Make Whipped Wax?✨｜Candle Tutorial♥ Candle Making with English Subtitles,199.0,storyboard,13,103.48,111.44,7.96,https://youtu.be/Lg_fGA7jd4A?t=103s,decorate_finish,finish,1,0.45,The mixer whips the wax to a whipped-cream consistency.,Zs wwe etart 10 wee the was chacoe,1,0.0,0.056,0.212,0.522,0.122,"#c8c2ba,#967f6f,#514226",1,,
Lg_fGA7jd4A,https://www.youtube.com/watch?v=Lg_fGA7jd4A,How to Make Whipped Wax?✨｜Candle Tutorial♥ Candle Making with English Subtitles,199.0,storyboard,14,111.44,119.4,7.96,https://youtu.be/Lg_fGA7jd4A?t=111s,decorate_finish,finish,1,0.45,Whipped white wax in the bowl.,46 fo been esgdeg Bm Fiat peed woe it's Creety,1,0.0,0.074,0.154,0.558,0.111,"#99958d,#d0ccc2,#534831",1,,
Lg_fGA7jd4A,https://www.youtube.com/watch?v=Lg_fGA7jd4A,How to Make Whipped Wax?✨｜Candle Tutorial♥ Candle Making with English Subtitles,199.0,storyboard,15,119.4,127.36,7.96,https://youtu.be/Lg_fGA7jd4A?t=119s,decorate_finish,finish,1,0.45,The whipped wax texture is checked.,,0,0.0,0.03,0.148,0.591,0.126,"#bfbbad,#958774,#54513e",1,,
Lg_fGA7jd4A,https://www.youtube.com/watch?v=Lg_fGA7jd4A,How to Make Whipped Wax?✨｜Candle Tutorial♥ Candle Making with English Subtitles,199.0,storyboard,16,127.36,135.32,7.96,https://youtu.be/Lg_fGA7jd4A?t=127s,decorate_finish,finish,1,0.45,Continued whipping of the wax.,4 inv OS 9 Aw Ve Got tar atgmpedt was BP ready tc 20,1,0.0,0.051,0.191,0.539,0.107,"#625954,#b9b3ad,#4a9edb",1,,
Lg_fGA7jd4A,https://www.youtube.com/watch?v=Lg_fGA7jd4A,How to Make Whipped Wax?✨｜Candle Tutorial♥ Candle Making with English Subtitles,199.0,storyboard,17,135.32,143.28,7.96,https://youtu.be/Lg_fGA7jd4A?t=135s,decorate_finish,finish,1,0.55,Whipped wax is piped like frosting onto a candle.,,0,0.0,0.018,0.092,0.638,0.074,"#a4a198,#c1beaf,#716c60",1,,
Lg_fGA7jd4A,https://www.youtube.com/watch?v=Lg_fGA7jd4A,How to Make Whipped Wax?✨｜Candle Tutorial♥ Candle Making with English Subtitles,199.0,storyboard,18,143.28,151.24,7.96,https://youtu.be/Lg_fGA7jd4A?t=143s,decorate_finish,finish,1,0.55,Piping the whipped wax topping.,al of Getel ta tecoenrt Cancie,1,0.0,0.026,0.089,0.636,0.078,"#a9a69f,#d4d3bb,#726a5e",1,,
LiLrIjz_2ac,https://www.youtube.com/watch?v=LiLrIjz_2ac,Beginners Guide - How to Make a Scented Candle at Home,211.0,storyboard,21,170.42,178.54,8.12,https://youtu.be/LiLrIjz_2ac?t=170s,decorate_finish,finish,1,0.4,A dropper finishes the candle.,,0,0.333,0.055,0.011,0.674,0.24,"#e29a91,#61589a,#faf9fa",1,,
NKgSlA79S78,https://www.youtube.com/watch?v=NKgSlA79S78,HOW TO MAKE ROLLED BEESWAX CANDLES | Easy Tutorial,430.0,storyboard,3,23.89,31.85,7.96,https://youtu.be/NKgSlA79S78?t=24s,decorate_finish,finish,1,0.5,Rolling the warm beeswax sheet around the wick to form the candle.,4. 4 ay 2 aaa...,1,0.0,0.084,0.0,0.5,0.117,"#c2c2ac,#3c3f35,#7b7c6f",1,,
NKgSlA79S78,https://www.youtube.com/watch?v=NKgSlA79S78,HOW TO MAKE ROLLED BEESWAX CANDLES | Easy Tutorial,430.0,storyboard,4,31.85,39.81,7.96,https://youtu.be/NKgSlA79S78?t=32s,decorate_finish,finish,1,0.5,Rolling the warm beeswax sheet around the wick to form the candle.,ij SS SF,1,0.0,0.081,0.198,0.53,0.089,"#887869,#bdbbb5,#322d25",1,,
NKgSlA79S78,https://www.youtube.com/watch?v=NKgSlA79S78,HOW TO MAKE ROLLED BEESWAX CANDLES | Easy Tutorial,430.0,storyboard,5,39.81,47.78,7.97,https://youtu.be/NKgSlA79S78?t=40s,decorate_finish,finish,1,0.5,Rolling the warm beeswax sheet around the wick to form the candle.,,0,0.0,0.071,0.073,0.496,0.092,"#897968,#babab1,#312c26",1,,
NKgSlA79S78,https://www.youtube.com/watch?v=NKgSlA79S78,HOW TO MAKE ROLLED BEESWAX CANDLES | Easy Tutorial,430.0,storyboard,6,47.78,55.74,7.96,https://youtu.be/NKgSlA79S78?t=48s,decorate_finish,finish,1,0.5,Rolling the warm beeswax sheet around the wick to form the candle.,af Sa,0,0.0,0.053,0.134,0.527,0.108,"#8d7c66,#c8c3ba,#3b3127",1,,
NKgSlA79S78,https://www.youtube.com/watch?v=NKgSlA79S78,HOW TO MAKE ROLLED BEESWAX CANDLES | Easy Tutorial,430.0,storyboard,7,55.74,63.7,7.96,https://youtu.be/NKgSlA79S78?t=56s,decorate_finish,finish,1,0.5,Rolling the warm beeswax sheet around the wick to form the candle.,wh,0,0.0,0.072,0.141,0.535,0.093,"#999487,#cbcac4,#39332a",1,,
NKgSlA79S78,https://www.youtube.com/watch?v=NKgSlA79S78,HOW TO MAKE ROLLED BEESWAX CANDLES | Easy Tutorial,430.0,storyboard,9,71.67,79.63,7.96,https://youtu.be/NKgSlA79S78?t=72s,decorate_finish,finish,1,0.5,Rolling the warm beeswax sheet around the wick to form the candle.,ad ae iy,1,0.0,0.177,0.066,0.51,0.072,"#858274,#cfcac3,#383529",1,,
NKgSlA79S78,https://www.youtube.com/watch?v=NKgSlA79S78,HOW TO MAKE ROLLED BEESWAX CANDLES | Easy Tutorial,430.0,storyboard,10,79.63,87.59,7.96,https://youtu.be/NKgSlA79S78?t=80s,decorate_finish,finish,1,0.5,Rolling the warm beeswax sheet around the wick to form the candle.,NY 0 ny fy,1,0.0,0.153,0.0,0.515,0.071,"#807f72,#cec7c1,#38352a",1,,
NKgSlA79S78,https://www.youtube.com/watch?v=NKgSlA79S78,HOW TO MAKE ROLLED BEESWAX CANDLES | Easy Tutorial,430.0,storyboard,11,87.59,95.56,7.97,https://youtu.be/NKgSlA79S78?t=88s,decorate_finish,finish,1,0.5,Rolling the warm beeswax sheet around the wick to form the candle.,7 Pi yN,0,0.0,0.156,0.074,0.509,0.071,"#807f72,#cbc5bf,#3a362b",1,,
NKgSlA79S78,https://www.youtube.com/watch?v=NKgSlA79S78,HOW TO MAKE ROLLED BEESWAX CANDLES | Easy Tutorial,430.0,storyboard,14,111.48,119.44,7.96,https://youtu.be/NKgSlA79S78?t=111s,decorate_finish,finish,1,0.5,Rolling the warm beeswax sheet around the wick to form the candle.,bi el Bh Nis,1,0.0,0.181,0.081,0.507,0.067,"#7e786b,#c3c0b8,#353529",1,,
NKgSlA79S78,https://www.youtube.com/watch?v=NKgSlA79S78,HOW TO MAKE ROLLED BEESWAX CANDLES | Easy Tutorial,430.0,storyboard,15,119.44,127.41,7.97,https://youtu.be/NKgSlA79S78?t=119s,decorate_finish,finish,1,0.5,Rolling the warm beeswax sheet around the wick to form the candle.,,0,0.0,0.05,0.082,0.521,0.135,"#917b5d,#c9c1a9,#312a1b",1,,
NKgSlA79S78,https://www.youtube.com/watch?v=NKgSlA79S78,HOW TO MAKE ROLLED BEESWAX CANDLES | Easy Tutorial,430.0,storyboard,16,127.41,135.37,7.96,https://youtu.be/NKgSlA79S78?t=127s,decorate_finish,finish,1,0.5,Rolling the warm beeswax sheet around the wick to form the candle.,,0,0.0,0.074,0.0,0.508,0.132,"#8d775a,#c6bfa7,#2f271b",1,,
NKgSlA79S78,https://www.youtube.com/watch?v=NKgSlA79S78,HOW TO MAKE ROLLED BEESWAX CANDLES | Easy Tutorial,430.0,storyboard,17,135.37,143.33,7.96,https://youtu.be/NKgSlA79S78?t=135s,decorate_finish,finish,1,0.5,Rolling the warm beeswax sheet around the wick to form the candle.,js eS py ge,1,0.0,0.056,0.111,0.531,0.128,"#ccc4ab,#8d785f,#30281b",1,,
NKgSlA79S78,https://www.youtube.com/watch?v=NKgSlA79S78,HOW TO MAKE ROLLED BEESWAX CANDLES | Easy Tutorial,430.0,storyboard,18,143.33,151.3,7.97,https://youtu.be/NKgSlA79S78?t=143s,decorate_finish,finish,1,0.5,Rolling the warm beeswax sheet around the wick to form the candle.,1 7 sy,0,0.0,0.051,0.074,0.553,0.116,"#a48f74,#cecbc7,#3f3427",1,,
NKgSlA79S78,https://www.youtube.com/watch?v=NKgSlA79S78,HOW TO MAKE ROLLED BEESWAX CANDLES | Easy Tutorial,430.0,storyboard,19,151.3,159.26,7.96,https://youtu.be/NKgSlA79S78?t=151s,decorate_finish,finish,1,0.5,Rolling the warm beeswax sheet around the wick to form the candle.,ae,0,0.0,0.056,0.162,0.545,0.103,"#8b7969,#c0bcaf,#3d352d",1,,
NKgSlA79S78,https://www.youtube.com/watch?v=NKgSlA79S78,HOW TO MAKE ROLLED BEESWAX CANDLES | Easy Tutorial,430.0,storyboard,24,191.11,199.07,7.96,https://youtu.be/NKgSlA79S78?t=191s,decorate_finish,finish,1,0.5,Rolling a beeswax sheet into a candle.,liege?,0,0.0,0.086,0.07,0.533,0.12,"#8b765e,#c7c0ac,#3f3627",1,,
NKgSlA79S78,https://www.youtube.com/watch?v=NKgSlA79S78,HOW TO MAKE ROLLED BEESWAX CANDLES | Easy Tutorial,430.0,storyboard,25,199.07,207.04,7.97,https://youtu.be/NKgSlA79S78?t=199s,decorate_finish,finish,1,0.5,Rolling a beeswax sheet into a candle.,aoe Se 4,1,0.0,0.094,0.056,0.546,0.124,"#8c765c,#ccc5b0,#483d2c",1,,
NKgSlA79S78,https://www.youtube.com/watch?v=NKgSlA79S78,HOW TO MAKE ROLLED BEESWAX CANDLES | Easy Tutorial,430.0,storyboard,26,207.04,215.0,7.96,https://youtu.be/NKgSlA79S78?t=207s,decorate_finish,finish,1,0.5,Rolling a beeswax sheet into a candle.,Sa,0,0.0,0.108,0.04,0.543,0.126,"#897459,#cbc6af,#3c3322",1,,
NKgSlA79S78,https://www.youtube.com/watch?v=NKgSlA79S78,HOW TO MAKE ROLLED BEESWAX CANDLES | Easy Tutorial,430.0,storyboard,27,215.0,222.96,7.96,https://youtu.be/NKgSlA79S78?t=215s,decorate_finish,finish,1,0.5,Rolling a beeswax sheet into a candle.,cn Pon ge,1,0.0,0.045,0.046,0.535,0.128,"#8c7558,#ccc6af,#403624",1,,
NKgSlA79S78,https://www.youtube.com/watch?v=NKgSlA79S78,HOW TO MAKE ROLLED BEESWAX CANDLES | Easy Tutorial,430.0,storyboard,28,222.96,230.93,7.97,https://youtu.be/NKgSlA79S78?t=223s,decorate_finish,finish,1,0.5,Rolling a beeswax sheet into a candle.,,0,0.0,0.063,0.097,0.536,0.127,"#8d775a,#cbc6b4,#3e3524",1,,
NKgSlA79S78,https://www.youtube.com/watch?v=NKgSlA79S78,HOW TO MAKE ROLLED BEESWAX CANDLES | Easy Tutorial,430.0,storyboard,29,230.93,238.89,7.96,https://youtu.be/NKgSlA79S78?t=231s,decorate_finish,finish,1,0.5,Rolling a beeswax sheet into a candle.,,0,0.0,0.086,0.091,0.536,0.124,"#877359,#c6c0ad,#483b29",1,,
NKgSlA79S78,https://www.youtube.com/watch?v=NKgSlA79S78,HOW TO MAKE ROLLED BEESWAX CANDLES | Easy Tutorial,430.0,storyboard,30,238.89,246.85,7.96,https://youtu.be/NKgSlA79S78?t=239s,decorate_finish,finish,1,0.5,Rolling a beeswax sheet into a candle.,Fg,0,0.0,0.084,0.0,0.542,0.124,"#877257,#c9c4b0,#3c3223",1,,
NKgSlA79S78,https://www.youtube.com/watch?v=NKgSlA79S78,HOW TO MAKE ROLLED BEESWAX CANDLES | Easy Tutorial,430.0,storyboard,31,246.85,254.81,7.96,https://youtu.be/NKgSlA79S78?t=247s,decorate_finish,finish,1,0.5,Rolling a beeswax sheet into a candle.,rhe bd 5 6 ia,1,0.0,0.064,0.106,0.535,0.096,"#c4bfb6,#7f6c60,#3b3028",1,,
NKgSlA79S78,https://www.youtube.com/watch?v=NKgSlA79S78,HOW TO MAKE ROLLED BEESWAX CANDLES | Easy Tutorial,430.0,storyboard,32,254.81,262.78,7.97,https://youtu.be/NKgSlA79S78?t=255s,decorate_finish,finish,1,0.5,Rolling a beeswax sheet into a candle.,fee 4 KX,1,0.0,0.049,0.077,0.529,0.127,"#8c7659,#c9c2ad,#383121",1,,
NKgSlA79S78,https://www.youtube.com/watch?v=NKgSlA79S78,HOW TO MAKE ROLLED BEESWAX CANDLES | Easy Tutorial,430.0,storyboard,33,262.78,270.74,7.96,https://youtu.be/NKgSlA79S78?t=263s,decorate_finish,finish,1,0.5,Rolling a beeswax sheet into a candle.,Lor,0,0.0,0.056,0.141,0.526,0.118,"#c7c1b3,#806d53,#3b3221",1,,
NKgSlA79S78,https://www.youtube.com/watch?v=NKgSlA79S78,HOW TO MAKE ROLLED BEESWAX CANDLES | Easy Tutorial,430.0,storyboard,34,270.74,278.7,7.96,https://youtu.be/NKgSlA79S78?t=271s,decorate_finish,finish,1,0.5,Rolling a beeswax sheet into a candle.,gr 6 on,0,0.0,0.062,0.111,0.526,0.112,"#8e785d,#c7c5ba,#403626",1,,
NKgSlA79S78,https://www.youtube.com/watch?v=NKgSlA79S78,HOW TO MAKE ROLLED BEESWAX CANDLES | Easy Tutorial,430.0,storyboard,35,278.7,286.67,7.97,https://youtu.be/NKgSlA79S78?t=279s,decorate_finish,finish,1,0.5,Rolling a beeswax sheet into a candle.,be,0,0.0,0.07,0.068,0.534,0.109,"#8c775d,#c6c3b9,#493b29",1,,
NKgSlA79S78,https://www.youtube.com/watch?v=NKgSlA79S78,HOW TO MAKE ROLLED BEESWAX CANDLES | Easy Tutorial,430.0,storyboard,36,286.67,294.63,7.96,https://youtu.be/NKgSlA79S78?t=287s,decorate_finish,finish,1,0.5,Rolling a beeswax sheet into a candle.,an ie,0,0.0,0.123,0.059,0.537,0.109,"#8b775e,#c6c3ba,#473a29",1,,
NKgSlA79S78,https://www.youtube.com/watch?v=NKgSlA79S78,HOW TO MAKE ROLLED BEESWAX CANDLES | Easy Tutorial,430.0,storyboard,37,294.63,302.59,7.96,https://youtu.be/NKgSlA79S78?t=295s,decorate_finish,finish,1,0.5,Rolling a beeswax sheet into a candle.,,0,0.0,0.077,0.0,0.545,0.11,"#8c765d,#c9c6be,#463a28",1,,
NKgSlA79S78,https://www.youtube.com/watch?v=NKgSlA79S78,HOW TO MAKE ROLLED BEESWAX CANDLES | Easy Tutorial,430.0,storyboard,38,302.59,310.56,7.97,https://youtu.be/NKgSlA79S78?t=303s,decorate_finish,finish,1,0.5,Rolling a beeswax sheet into a candle.,oS,0,0.0,0.095,0.04,0.546,0.108,"#877259,#c7c3bb,#3f3524",1,,
NKgSlA79S78,https://www.youtube.com/watch?v=NKgSlA79S78,HOW TO MAKE ROLLED BEESWAX CANDLES | Easy Tutorial,430.0,storyboard,39,310.56,318.52,7.96,https://youtu.be/NKgSlA79S78?t=311s,decorate_finish,finish,1,0.5,Rolling a beeswax sheet into a candle.,oY 4,0,0.0,0.078,0.083,0.513,0.113,"#84705a,#c4c1bb,#392e22",1,,
NKgSlA79S78,https://www.youtube.com/watch?v=NKgSlA79S78,HOW TO MAKE ROLLED BEESWAX CANDLES | Easy Tutorial,430.0,storyboard,40,318.52,326.48,7.96,https://youtu.be/NKgSlA79S78?t=319s,decorate_finish,finish,1,0.5,Rolling a beeswax sheet into a candle.,on oa me ss,1,0.0,0.075,0.089,0.511,0.111,"#846f56,#c6bfb1,#382f22",1,,
NKgSlA79S78,https://www.youtube.com/watch?v=NKgSlA79S78,HOW TO MAKE ROLLED BEESWAX CANDLES | Easy Tutorial,430.0,storyboard,41,326.48,334.44,7.96,https://youtu.be/NKgSlA79S78?t=326s,decorate_finish,finish,1,0.5,Rolling a beeswax sheet into a candle.,4 me 4,0,0.0,0.097,0.053,0.517,0.117,"#836f56,#c5bcac,#342d21",1,,
NKgSlA79S78,https://www.youtube.com/watch?v=NKgSlA79S78,HOW TO MAKE ROLLED BEESWAX CANDLES | Easy Tutorial,430.0,storyboard,42,334.44,342.41,7.97,https://youtu.be/NKgSlA79S78?t=334s,decorate_finish,finish,1,0.5,Rolling a beeswax sheet into a candle.,aad LY 4 mw ee,1,0.0,0.05,0.063,0.527,0.11,"#836d52,#c5c3b8,#28251a",1,,
OvIwqhcWF6o,https://www.youtube.com/watch?v=OvIwqhcWF6o,How to remove soy wax pillar candle from plastic mould? | The easiest method | DIY,70.0,storyboard,0,0.0,7.78,7.78,https://youtu.be/OvIwqhcWF6o?t=0s,decorate_finish,finish,1,0.5,White surface: a white ribbed pillar candle beside a cork mould base.,,0,0.0,0.089,0.102,0.772,0.081,"#f1eced,#c4bbb8,#887064",1,,
OvIwqhcWF6o,https://www.youtube.com/watch?v=OvIwqhcWF6o,How to remove soy wax pillar candle from plastic mould? | The easiest method | DIY,70.0,storyboard,1,7.78,15.56,7.78,https://youtu.be/OvIwqhcWF6o?t=8s,decorate_finish,finish,1,0.5,Hands hold the fluted pillar candle; on-screen text about the wick.,fe eo,0,0.333,0.157,0.09,0.788,0.096,"#f2ebe9,#bba8a6,#875c52",1,,
OvIwqhcWF6o,https://www.youtube.com/watch?v=OvIwqhcWF6o,How to remove soy wax pillar candle from plastic mould? | The easiest method | DIY,70.0,storyboard,6,46.67,54.44,7.77,https://youtu.be/OvIwqhcWF6o?t=47s,decorate_finish,finish,1,0.55,Hands unmould the white fluted pillar candle from the polycarbonate mould.,NS ps fg Fe,1,0.0,0.114,0.189,0.736,0.096,"#eee8eb,#beb2b4,#8d7371",1,,
OvIwqhcWF6o,https://www.youtube.com/watch?v=OvIwqhcWF6o,How to remove soy wax pillar candle from plastic mould? | The easiest method | DIY,70.0,storyboard,7,54.44,62.22,7.78,https://youtu.be/OvIwqhcWF6o?t=54s,decorate_finish,finish,1,0.55,The ribbed pillar candle is pulled free of the mould.,ys SS oe,1,0.0,0.129,0.162,0.772,0.119,"#f6f2f3,#c9bdbe,#a17c7b",1,,
Q9hV47GYsYI,https://www.youtube.com/watch?v=Q9hV47GYsYI,How to Make Perfect Candles  | SOY Candle Making | Scented Candle Making,650.0,storyboard,3,24.07,32.1,8.03,https://youtu.be/Q9hV47GYsYI?t=24s,decorate_finish,finish,1,0.5,Demoulding white candles from the silicone bubble moulds.,wo 3 ear,1,0.0,0.049,0.316,0.475,0.167,"#492a1c,#e8c0ab,#9f734e",1,,
Q9hV47GYsYI,https://www.youtube.com/watch?v=Q9hV47GYsYI,How to Make Perfect Candles  | SOY Candle Making | Scented Candle Making,650.0,storyboard,6,48.15,56.17,8.02,https://youtu.be/Q9hV47GYsYI?t=48s,decorate_finish,finish,1,0.5,Demoulding white candles from the silicone bubble moulds.,7 4 4,0,0.0,0.035,0.174,0.553,0.195,"#e1c5b8,#b07a5b,#482e22",1,,
Q9hV47GYsYI,https://www.youtube.com/watch?v=Q9hV47GYsYI,How to Make Perfect Candles  | SOY Candle Making | Scented Candle Making,650.0,storyboard,9,72.22,80.25,8.03,https://youtu.be/Q9hV47GYsYI?t=72s,decorate_finish,finish,1,0.5,Demoulding white candles from the silicone bubble moulds.,ce 4 Saw gp. Se DH oo nabs: SS Se,1,0.0,0.037,0.059,0.394,0.206,"#4f2e16,#9e6d3b,#c6cdc0",1,,
Q9hV47GYsYI,https://www.youtube.com/watch?v=Q9hV47GYsYI,How to Make Perfect Candles  | SOY Candle Making | Scented Candle Making,650.0,storyboard,12,96.3,104.32,8.02,https://youtu.be/Q9hV47GYsYI?t=96s,decorate_finish,finish,1,0.5,Demoulding white candles from the silicone bubble moulds.,,0,0.0,0.018,0.072,0.419,0.189,"#4f311c,#99785c,#c3c3d0",1,,
Q9hV47GYsYI,https://www.youtube.com/watch?v=Q9hV47GYsYI,How to Make Perfect Candles  | SOY Candle Making | Scented Candle Making,650.0,storyboard,15,120.37,128.4,8.03,https://youtu.be/Q9hV47GYsYI?t=120s,decorate_finish,finish,1,0.5,Demoulding white candles from the silicone bubble moulds.,,0,0.0,0.014,0.018,0.455,0.179,"#4b301a,#ccc5d2,#927856",1,,
Q9hV47GYsYI,https://www.youtube.com/watch?v=Q9hV47GYsYI,How to Make Perfect Candles  | SOY Candle Making | Scented Candle Making,650.0,storyboard,18,144.44,152.47,8.03,https://youtu.be/Q9hV47GYsYI?t=144s,decorate_finish,finish,1,0.5,Demoulding white candles from the silicone bubble moulds.,"MoO Se viata,",1,0.0,0.058,0.097,0.41,0.212,"#522d1b,#97694e,#ddc7bc",1,,
Q9hV47GYsYI,https://www.youtube.com/watch?v=Q9hV47GYsYI,How to Make Perfect Candles  | SOY Candle Making | Scented Candle Making,650.0,storyboard,21,168.52,176.54,8.02,https://youtu.be/Q9hV47GYsYI?t=169s,decorate_finish,finish,1,0.5,Demoulding white candles from the silicone bubble moulds.,Od 4 oy te Jom,1,0.0,0.057,0.095,0.426,0.197,"#492815,#ead3c6,#976b4e",1,,
Q9hV47GYsYI,https://www.youtube.com/watch?v=Q9hV47GYsYI,How to Make Perfect Candles  | SOY Candle Making | Scented Candle Making,650.0,storyboard,48,385.19,393.21,8.02,https://youtu.be/Q9hV47GYsYI?t=385s,decorate_finish,finish,1,0.5,Demoulding the bubble/rose/cylinder candles.,,0,0.0,0.023,0.108,0.502,0.212,"#9a694b,#5f3315,#dfb7a9",1,,
Q9hV47GYsYI,https://www.youtube.com/watch?v=Q9hV47GYsYI,How to Make Perfect Candles  | SOY Candle Making | Scented Candle Making,650.0,storyboard,52,417.28,425.31,8.03,https://youtu.be/Q9hV47GYsYI?t=417s,decorate_finish,finish,1,0.5,Tinting the wax (pink/purple/red).,,0,0.0,0.005,0.0,0.497,0.228,"#673f22,#706c79,#e0bfb2",1,,
Q9hV47GYsYI,https://www.youtube.com/watch?v=Q9hV47GYsYI,How to Make Perfect Candles  | SOY Candle Making | Scented Candle Making,650.0,storyboard,54,433.33,441.36,8.03,https://youtu.be/Q9hV47GYsYI?t=433s,decorate_finish,finish,1,0.5,Pouring wax into the silicone moulds.,"2 rd aD ia 3 fet,",1,0.0,0.073,0.173,0.451,0.211,"#613618,#9f7352,#e5c0af",1,,
Q9hV47GYsYI,https://www.youtube.com/watch?v=Q9hV47GYsYI,How to Make Perfect Candles  | SOY Candle Making | Scented Candle Making,650.0,storyboard,55,441.36,449.38,8.02,https://youtu.be/Q9hV47GYsYI?t=441s,decorate_finish,finish,1,0.5,Demoulding the bubble/rose/cylinder candles.,Ww JZ Sad ae aN ay al ss,1,0.0,0.059,0.0,0.472,0.224,"#5b351a,#e6bea4,#a67b53",1,,
Q9hV47GYsYI,https://www.youtube.com/watch?v=Q9hV47GYsYI,How to Make Perfect Candles  | SOY Candle Making | Scented Candle Making,650.0,storyboard,56,449.38,457.41,8.03,https://youtu.be/Q9hV47GYsYI?t=449s,decorate_finish,finish,1,0.5,Tinting the wax (pink/purple/red).,Ss ad,0,0.0,0.071,0.13,0.453,0.216,"#5c331e,#a06b47,#e9bbae",1,,
Q9hV47GYsYI,https://www.youtube.com/watch?v=Q9hV47GYsYI,How to Make Perfect Candles  | SOY Candle Making | Scented Candle Making,650.0,storyboard,57,457.41,465.43,8.02,https://youtu.be/Q9hV47GYsYI?t=457s,decorate_finish,finish,1,0.5,Demoulding the bubble/rose/cylinder candles.,by ow,0,0.0,0.07,0.105,0.449,0.212,"#5c3118,#9f694f,#deb7aa",1,,
Q9hV47GYsYI,https://www.youtube.com/watch?v=Q9hV47GYsYI,How to Make Perfect Candles  | SOY Candle Making | Scented Candle Making,650.0,storyboard,59,473.46,481.48,8.02,https://youtu.be/Q9hV47GYsYI?t=473s,decorate_finish,finish,1,0.5,Tinting the wax (pink/purple/red).,7 se Ou,0,0.0,0.084,0.171,0.45,0.271,"#753421,#ab775d,#d7cfc6",1,,
Q9hV47GYsYI,https://www.youtube.com/watch?v=Q9hV47GYsYI,How to Make Perfect Candles  | SOY Candle Making | Scented Candle Making,650.0,storyboard,60,481.48,489.51,8.03,https://youtu.be/Q9hV47GYsYI?t=481s,decorate_finish,finish,1,0.5,Demoulding the bubble/rose/cylinder candles.,1 Se oo,0,0.0,0.064,0.079,0.443,0.238,"#643a25,#a86656,#dfb0a7",1,,
Q9hV47GYsYI,https://www.youtube.com/watch?v=Q9hV47GYsYI,How to Make Perfect Candles  | SOY Candle Making | Scented Candle Making,650.0,storyboard,63,505.56,513.58,8.02,https://youtu.be/Q9hV47GYsYI?t=506s,decorate_finish,finish,1,0.5,Demoulding the bubble/rose/cylinder candles.,,0,0.0,0.006,0.234,0.548,0.15,"#e6c5d0,#493028,#a37f85",1,,
Q9hV47GYsYI,https://www.youtube.com/watch?v=Q9hV47GYsYI,How to Make Perfect Candles  | SOY Candle Making | Scented Candle Making,650.0,storyboard,67,537.65,545.68,8.03,https://youtu.be/Q9hV47GYsYI?t=538s,decorate_finish,finish,1,0.5,Demoulding the bubble/rose/cylinder candles.,,0,0.0,0.013,0.0,0.478,0.153,"#512d20,#e3d0d1,#956b5a",1,,
Q9hV47GYsYI,https://www.youtube.com/watch?v=Q9hV47GYsYI,How to Make Perfect Candles  | SOY Candle Making | Scented Candle Making,650.0,storyboard,68,545.68,553.7,8.02,https://youtu.be/Q9hV47GYsYI?t=546s,decorate_finish,finish,1,0.5,Demoulding the bubble/rose/cylinder candles.,4 ew,0,0.0,0.038,0.097,0.429,0.159,"#522f22,#dcc5ca,#977062",1,,
Q9hV47GYsYI,https://www.youtube.com/watch?v=Q9hV47GYsYI,How to Make Perfect Candles  | SOY Candle Making | Scented Candle Making,650.0,storyboard,69,553.7,561.73,8.03,https://youtu.be/Q9hV47GYsYI?t=554s,decorate_finish,finish,1,0.5,Demoulding the bubble/rose/cylinder candles.,ZE,0,0.0,0.041,0.166,0.45,0.162,"#4d2e21,#e5c7b9,#9f776b",1,,
Q9hV47GYsYI,https://www.youtube.com/watch?v=Q9hV47GYsYI,How to Make Perfect Candles  | SOY Candle Making | Scented Candle Making,650.0,storyboard,70,561.73,569.75,8.02,https://youtu.be/Q9hV47GYsYI?t=562s,decorate_finish,finish,1,0.5,Demoulding the bubble/rose/cylinder candles.,AA,0,0.0,0.056,0.0,0.498,0.122,"#533227,#e7dad1,#9c8389",1,,
Q9hV47GYsYI,https://www.youtube.com/watch?v=Q9hV47GYsYI,How to Make Perfect Candles  | SOY Candle Making | Scented Candle Making,650.0,storyboard,71,569.75,577.78,8.03,https://youtu.be/Q9hV47GYsYI?t=570s,decorate_finish,finish,1,0.5,Demoulding the bubble/rose/cylinder candles.,ve,0,0.0,0.034,0.297,0.518,0.154,"#eebcb9,#42231e,#a3746a",1,,
Q9hV47GYsYI,https://www.youtube.com/watch?v=Q9hV47GYsYI,How to Make Perfect Candles  | SOY Candle Making | Scented Candle Making,650.0,storyboard,72,577.78,585.8,8.02,https://youtu.be/Q9hV47GYsYI?t=578s,decorate_finish,finish,1,0.5,Demoulding the bubble/rose/cylinder candles.,,0,0.0,0.012,0.121,0.478,0.171,"#522a1d,#ebbab6,#a5766b",1,,
Q9hV47GYsYI,https://www.youtube.com/watch?v=Q9hV47GYsYI,How to Make Perfect Candles  | SOY Candle Making | Scented Candle Making,650.0,storyboard,73,585.8,593.83,8.03,https://youtu.be/Q9hV47GYsYI?t=586s,decorate_finish,finish,1,0.5,Holding up the finished moulded candle.,,0,0.0,0.01,0.0,0.501,0.172,"#edb6aa,#462419,#ab7568",1,,
Q9hV47GYsYI,https://www.youtube.com/watch?v=Q9hV47GYsYI,How to Make Perfect Candles  | SOY Candle Making | Scented Candle Making,650.0,storyboard,75,601.85,609.88,8.03,https://youtu.be/Q9hV47GYsYI?t=602s,decorate_finish,finish,1,0.5,Demoulding the bubble/rose/cylinder candles.,LA 2 aad,1,0.0,0.023,0.343,0.476,0.199,"#94636c,#2b2830,#d7c6bc",1,,
R2huvJ4Cy2c,https://www.youtube.com/watch?v=R2huvJ4Cy2c,CARVED CANDLES | How It's Made,302.0,storyboard,13,103.32,111.26,7.94,https://youtu.be/R2huvJ4Cy2c?t=103s,decorate_finish,finish,1,0.5,Hand-carving the warm multi-colour candle into ornate patterns.,Bs le ee ek Le tf,1,0.0,0.162,0.192,0.535,0.139,"#d1b294,#977d6d,#4f4646",1,,
R2huvJ4Cy2c,https://www.youtube.com/watch?v=R2huvJ4Cy2c,CARVED CANDLES | How It's Made,302.0,storyboard,14,111.26,119.21,7.95,https://youtu.be/R2huvJ4Cy2c?t=111s,decorate_finish,finish,1,0.5,Hand-carving the warm multi-colour candle into ornate patterns.,,0,0.0,0.107,0.333,0.511,0.14,"#433e37,#dcc698,#7c7369",1,,
R2huvJ4Cy2c,https://www.youtube.com/watch?v=R2huvJ4Cy2c,CARVED CANDLES | How It's Made,302.0,storyboard,15,119.21,127.16,7.95,https://youtu.be/R2huvJ4Cy2c?t=119s,decorate_finish,finish,1,0.5,Hand-carving the warm multi-colour candle into ornate patterns.,,0,0.0,0.103,0.233,0.445,0.159,"#493734,#c2926e,#8a624f",1,,
R2huvJ4Cy2c,https://www.youtube.com/watch?v=R2huvJ4Cy2c,CARVED CANDLES | How It's Made,302.0,storyboard,16,127.16,135.11,7.95,https://youtu.be/R2huvJ4Cy2c?t=127s,decorate_finish,finish,1,0.5,Hand-carving the warm multi-colour candle into ornate patterns.,OU EB non,1,0.0,0.145,0.31,0.511,0.14,"#dbc5a2,#838191,#43415a",1,,
R2huvJ4Cy2c,https://www.youtube.com/watch?v=R2huvJ4Cy2c,CARVED CANDLES | How It's Made,302.0,storyboard,17,135.11,143.05,7.94,https://youtu.be/R2huvJ4Cy2c?t=135s,decorate_finish,finish,1,0.5,Hand-carving the warm multi-colour candle into ornate patterns.,,0,0.0,0.176,0.254,0.415,0.102,"#bbab8e,#776d71,#38323e",1,,
R2huvJ4Cy2c,https://www.youtube.com/watch?v=R2huvJ4Cy2c,CARVED CANDLES | How It's Made,302.0,storyboard,18,143.05,151.0,7.95,https://youtu.be/R2huvJ4Cy2c?t=143s,decorate_finish,finish,1,0.5,Hand-carving the warm multi-colour candle into ornate patterns.,ie Mp Ef,1,0.0,0.103,0.0,0.31,0.082,"#221e28,#55524e,#a09e92",1,,
R2huvJ4Cy2c,https://www.youtube.com/watch?v=R2huvJ4Cy2c,CARVED CANDLES | How It's Made,302.0,storyboard,19,151.0,158.95,7.95,https://youtu.be/R2huvJ4Cy2c?t=151s,decorate_finish,finish,1,0.5,Hand-carving the warm multi-colour candle into ornate patterns.,iis,0,0.0,0.139,0.217,0.393,0.119,"#372017,#af8d6f,#6a5140",1,,
R2huvJ4Cy2c,https://www.youtube.com/watch?v=R2huvJ4Cy2c,CARVED CANDLES | How It's Made,302.0,storyboard,20,158.95,166.89,7.94,https://youtu.be/R2huvJ4Cy2c?t=159s,decorate_finish,finish,1,0.5,Hand-carving the warm multi-colour candle into ornate patterns.,iy Fi AND SHAF ae UT An WINUAIL URS IG ee,1,0.0,0.146,0.206,0.538,0.149,"#a08570,#4b4242,#d1c9cb",1,,
R2huvJ4Cy2c,https://www.youtube.com/watch?v=R2huvJ4Cy2c,CARVED CANDLES | How It's Made,302.0,storyboard,21,166.89,174.84,7.95,https://youtu.be/R2huvJ4Cy2c?t=167s,decorate_finish,finish,1,0.5,Hand-carving the warm multi-colour candle into ornate patterns.,74. 7,0,0.0,0.135,0.225,0.487,0.163,"#7c7171,#c7b19b,#3f3732",1,,
R2huvJ4Cy2c,https://www.youtube.com/watch?v=R2huvJ4Cy2c,CARVED CANDLES | How It's Made,302.0,storyboard,22,174.84,182.79,7.95,https://youtu.be/R2huvJ4Cy2c?t=175s,decorate_finish,finish,1,0.5,Hand-carving the warm multi-colour candle into ornate patterns.,ES,0,0.0,0.286,0.274,0.479,0.162,"#c0a78a,#6d6769,#312c37",1,,
R2huvJ4Cy2c,https://www.youtube.com/watch?v=R2huvJ4Cy2c,CARVED CANDLES | How It's Made,302.0,storyboard,24,190.74,198.68,7.94,https://youtu.be/R2huvJ4Cy2c?t=191s,decorate_finish,finish,1,0.5,Hand-carving the warm multi-colour candle into ornate patterns.,ha Ne kt vy 4 aa,1,0.0,0.139,0.137,0.553,0.128,"#b3a083,#504f54,#d6cdc4",1,,
R2huvJ4Cy2c,https://www.youtube.com/watch?v=R2huvJ4Cy2c,CARVED CANDLES | How It's Made,302.0,storyboard,25,198.68,206.63,7.95,https://youtu.be/R2huvJ4Cy2c?t=199s,decorate_finish,finish,1,0.5,Hand-carving the warm multi-colour candle into ornate patterns.,Mie,0,0.0,0.202,0.174,0.545,0.119,"#c5b195,#787570,#38383c",1,,
R2huvJ4Cy2c,https://www.youtube.com/watch?v=R2huvJ4Cy2c,CARVED CANDLES | How It's Made,302.0,storyboard,26,206.63,214.58,7.95,https://youtu.be/R2huvJ4Cy2c?t=207s,decorate_finish,finish,1,0.5,Hand-carving the warm multi-colour candle into ornate patterns.,eS,0,0.0,0.097,0.263,0.415,0.128,"#4d4031,#cbb695,#8a725d",1,,
R2huvJ4Cy2c,https://www.youtube.com/watch?v=R2huvJ4Cy2c,CARVED CANDLES | How It's Made,302.0,storyboard,27,214.58,222.53,7.95,https://youtu.be/R2huvJ4Cy2c?t=215s,decorate_finish,finish,1,0.5,Hand-carving the warm multi-colour candle into ornate patterns.,7 hs ft L's 4,1,0.0,0.103,0.271,0.455,0.111,"#aa8e6c,#281f11,#605146",1,,
R2huvJ4Cy2c,https://www.youtube.com/watch?v=R2huvJ4Cy2c,CARVED CANDLES | How It's Made,302.0,storyboard,28,222.53,230.47,7.94,https://youtu.be/R2huvJ4Cy2c?t=223s,decorate_finish,finish,1,0.5,Hand-carving the warm multi-colour candle into ornate patterns.,ve 4 Pi he we iy 4,1,0.0,0.124,0.19,0.383,0.101,"#352f24,#736a6c,#b3adb4",1,,
R2huvJ4Cy2c,https://www.youtube.com/watch?v=R2huvJ4Cy2c,CARVED CANDLES | How It's Made,302.0,storyboard,29,230.47,238.42,7.95,https://youtu.be/R2huvJ4Cy2c?t=230s,decorate_finish,finish,1,0.5,Hand-carving the warm multi-colour candle into ornate patterns.,,0,0.0,0.118,0.346,0.374,0.176,"#202128,#4b488b,#7d72e5",1,,
Sxy3vnXEe6I,https://www.youtube.com/watch?v=Sxy3vnXEe6I,Studio Vlog | Bulk Order Iced Coffee Candle | Make Candles with Me,533.0,storyboard,26,206.84,214.79,7.95,https://youtu.be/Sxy3vnXEe6I?t=207s,decorate_finish,finish,1,0.5,Finishing/sorting the iced-coffee candles.,"S/o 3 4 Se SS fan bY, Seteth Nv Pay fp Ss ADT fea 7 Ve 0 2 er",1,0.0,0.086,0.096,0.625,0.109,"#9f9ba8,#cdd0e8,#6d5a4d",1,,
Sxy3vnXEe6I,https://www.youtube.com/watch?v=Sxy3vnXEe6I,Studio Vlog | Bulk Order Iced Coffee Candle | Make Candles with Me,533.0,storyboard,27,214.79,222.75,7.96,https://youtu.be/Sxy3vnXEe6I?t=215s,decorate_finish,finish,1,0.5,Finishing/sorting the iced-coffee candles.,oh ie eS. 2 eA Aa 5 Ee,1,0.0,0.08,0.0,0.616,0.114,"#9f969d,#c4cae1,#726153",1,,
T5dzL3dyfeU,https://www.youtube.com/watch?v=T5dzL3dyfeU,"candle studio vlog | organizing inventory, packing orders, new candle molds, candle-making",643.0,storyboard,5,40.19,48.23,8.04,https://youtu.be/T5dzL3dyfeU?t=40s,decorate_finish,finish,1,0.45,Adding cream foam / ice to the iced-coffee candle.,,0,0.0,0.107,0.233,0.55,0.058,"#c7c7c5,#3d3a39,#8c8583",1,,
T5dzL3dyfeU,https://www.youtube.com/watch?v=T5dzL3dyfeU,"candle studio vlog | organizing inventory, packing orders, new candle molds, candle-making",643.0,storyboard,8,64.3,72.34,8.04,https://youtu.be/T5dzL3dyfeU?t=64s,decorate_finish,finish,1,0.45,Adding cream foam / ice to the iced-coffee candle.,is le,0,0.0,0.073,0.121,0.493,0.141,"#3e362f,#d0ccc3,#9e8684",1,,
T5dzL3dyfeU,https://www.youtube.com/watch?v=T5dzL3dyfeU,"candle studio vlog | organizing inventory, packing orders, new candle molds, candle-making",643.0,storyboard,11,88.41,96.45,8.04,https://youtu.be/T5dzL3dyfeU?t=88s,decorate_finish,finish,1,0.45,Adding cream foam / ice to the iced-coffee candle.,,0,0.0,0.068,0.0,0.491,0.06,"#c2c2bf,#3a3d3f,#606362",1,,
T5dzL3dyfeU,https://www.youtube.com/watch?v=T5dzL3dyfeU,"candle studio vlog | organizing inventory, packing orders, new candle molds, candle-making",643.0,storyboard,14,112.52,120.56,8.04,https://youtu.be/T5dzL3dyfeU?t=113s,decorate_finish,finish,1,0.45,Adding cream foam / ice to the iced-coffee candle.,,0,0.0,0.084,0.115,0.558,0.103,"#515150,#d7d5cf,#988774",1,,
TU_QJim1WkU,https://www.youtube.com/watch?v=TU_QJim1WkU,How to make artisan candle | Full tutorial | geometry | feather palm wax | DIY Craft | handmade,97.0,storyboard,4,32.33,40.42,8.09,https://youtu.be/TU_QJim1WkU?t=32s,decorate_finish,finish,1,0.5,Layering coloured sand into the diamond mould with chopsticks.,mm,0,0.0,0.21,0.137,0.581,0.098,"#b7b3be,#83706d,#50362f",1,,
TU_QJim1WkU,https://www.youtube.com/watch?v=TU_QJim1WkU,How to make artisan candle | Full tutorial | geometry | feather palm wax | DIY Craft | handmade,97.0,storyboard,5,40.42,48.5,8.08,https://youtu.be/TU_QJim1WkU?t=40s,decorate_finish,finish,1,0.5,Adding more coloured sand layers into the mould.,zu,0,0.0,0.175,0.106,0.573,0.099,"#9a8681,#c6bdc4,#584a42",1,,
TU_QJim1WkU,https://www.youtube.com/watch?v=TU_QJim1WkU,How to make artisan candle | Full tutorial | geometry | feather palm wax | DIY Craft | handmade,97.0,storyboard,6,48.5,56.58,8.08,https://youtu.be/TU_QJim1WkU?t=48s,decorate_finish,finish,1,0.55,Clear gel wax poured into the faceted mould.,,0,0.0,0.073,0.164,0.578,0.103,"#b8b4c0,#817d84,#2f2e30",1,,
TU_QJim1WkU,https://www.youtube.com/watch?v=TU_QJim1WkU,How to make artisan candle | Full tutorial | geometry | feather palm wax | DIY Craft | handmade,97.0,storyboard,7,56.58,64.67,8.09,https://youtu.be/TU_QJim1WkU?t=57s,decorate_finish,finish,1,0.5,Demoulding: peeling the clear mould off the candle; a ladle nearby.,ws,0,0.0,0.104,0.16,0.616,0.099,"#c1b2b7,#877876,#4d3f3a",1,,
TU_QJim1WkU,https://www.youtube.com/watch?v=TU_QJim1WkU,How to make artisan candle | Full tutorial | geometry | feather palm wax | DIY Craft | handmade,97.0,storyboard,8,64.67,72.75,8.08,https://youtu.be/TU_QJim1WkU?t=65s,decorate_finish,finish,1,0.5,Handling the clear faceted pyramid candle.,Ny,0,0.0,0.044,0.091,0.646,0.067,"#cdc6d0,#95929b,#424143",1,,
TYdTLOd4q4Y,https://www.youtube.com/watch?v=TYdTLOd4q4Y,Start Your Own Profitable Candle Making Business! How to make Candles at home #businessideas #candle,553.0,storyboard,1,8.01,16.03,8.02,https://youtu.be/TYdTLOd4q4Y?t=8s,decorate_finish,finish,1,0.4,Bubble candle b-roll.,,0,0.0,0.038,0.0,0.691,0.165,"#f7bbd1,#aa8d72,#6a4837",1,,
TYdTLOd4q4Y,https://www.youtube.com/watch?v=TYdTLOd4q4Y,Start Your Own Profitable Candle Making Business! How to make Candles at home #businessideas #candle,553.0,storyboard,5,40.07,48.09,8.02,https://youtu.be/TYdTLOd4q4Y?t=40s,decorate_finish,finish,1,0.4,Hand applying a wick sticker / hot glue.,ay,0,0.0,0.028,0.081,0.666,0.164,"#f5bcd0,#41332b,#a88e7c",1,,
TYdTLOd4q4Y,https://www.youtube.com/watch?v=TYdTLOd4q4Y,Start Your Own Profitable Candle Making Business! How to make Candles at home #businessideas #candle,553.0,storyboard,8,64.12,72.13,8.01,https://youtu.be/TYdTLOd4q4Y?t=64s,decorate_finish,finish,1,0.4,Embedding berries/flowers in a candle top.,,0,0.0,0.015,0.0,0.707,0.183,"#f7bbd0,#ae9181,#65403c",1,,
TYdTLOd4q4Y,https://www.youtube.com/watch?v=TYdTLOd4q4Y,Start Your Own Profitable Candle Making Business! How to make Candles at home #businessideas #candle,553.0,storyboard,9,72.13,80.14,8.01,https://youtu.be/TYdTLOd4q4Y?t=72s,decorate_finish,finish,1,0.4,Flower candle being shaped.,,0,0.0,0.015,0.088,0.717,0.163,"#f7bcd2,#b2a99a,#644340",1,,
TYdTLOd4q4Y,https://www.youtube.com/watch?v=TYdTLOd4q4Y,Start Your Own Profitable Candle Making Business! How to make Candles at home #businessideas #candle,553.0,storyboard,12,96.17,104.19,8.02,https://youtu.be/TYdTLOd4q4Y?t=96s,decorate_finish,finish,1,0.4,Colourful pastel candles montage.,5 Qe Gee Gee Ft: eE,1,0.0,0.042,0.119,0.708,0.17,"#f5bbd0,#543623,#938074",1,,
TYdTLOd4q4Y,https://www.youtube.com/watch?v=TYdTLOd4q4Y,Start Your Own Profitable Candle Making Business! How to make Candles at home #businessideas #candle,553.0,storyboard,13,104.19,112.2,8.01,https://youtu.be/TYdTLOd4q4Y?t=104s,decorate_finish,finish,1,0.4,Melting wax in a pan (b-roll).,wa ae li Pp wy ee 4,1,0.0,0.016,0.081,0.701,0.167,"#f5bdd1,#ae9073,#70522e",1,,
TYdTLOd4q4Y,https://www.youtube.com/watch?v=TYdTLOd4q4Y,Start Your Own Profitable Candle Making Business! How to make Candles at home #businessideas #candle,553.0,storyboard,14,112.2,120.22,8.02,https://youtu.be/TYdTLOd4q4Y?t=112s,decorate_finish,finish,1,0.4,Flower-shaped candle close-up.,,0,0.0,0.006,0.0,0.746,0.177,"#f2bdd2,#b3a99e,#79653a",1,,
TYdTLOd4q4Y,https://www.youtube.com/watch?v=TYdTLOd4q4Y,Start Your Own Profitable Candle Making Business! How to make Candles at home #businessideas #candle,553.0,storyboard,15,120.22,128.23,8.01,https://youtu.be/TYdTLOd4q4Y?t=120s,decorate_finish,finish,1,0.4,Green oil added to melted wax.,ee os ot pf ef Cf,1,0.0,0.026,0.103,0.699,0.163,"#f6bdd2,#5e4e43,#9a938f",1,,
TYdTLOd4q4Y,https://www.youtube.com/watch?v=TYdTLOd4q4Y,Start Your Own Profitable Candle Making Business! How to make Candles at home #businessideas #candle,553.0,storyboard,16,128.23,136.25,8.02,https://youtu.be/TYdTLOd4q4Y?t=128s,decorate_finish,finish,1,0.4,Bubble-cube candles b-roll.,,0,0.0,0.013,0.061,0.731,0.173,"#f2c1d0,#bb9380,#755345",1,,
TYdTLOd4q4Y,https://www.youtube.com/watch?v=TYdTLOd4q4Y,Start Your Own Profitable Candle Making Business! How to make Candles at home #businessideas #candle,553.0,storyboard,17,136.25,144.26,8.01,https://youtu.be/TYdTLOd4q4Y?t=136s,decorate_finish,finish,1,0.4,Demoulding a moulded candle.,7 SA lit ras tes oa 2,1,0.0,0.038,0.06,0.727,0.156,"#f6bdd3,#a69f98,#6e5e5e",1,,
TYdTLOd4q4Y,https://www.youtube.com/watch?v=TYdTLOd4q4Y,Start Your Own Profitable Candle Making Business! How to make Candles at home #businessideas #candle,553.0,storyboard,18,144.26,152.28,8.02,https://youtu.be/TYdTLOd4q4Y?t=144s,decorate_finish,finish,1,0.4,Twisted taper candle b-roll.,as le,0,0.0,0.022,0.0,0.667,0.214,"#f6bdd1,#3f3124,#9c845b",1,,
TYdTLOd4q4Y,https://www.youtube.com/watch?v=TYdTLOd4q4Y,Start Your Own Profitable Candle Making Business! How to make Candles at home #businessideas #candle,553.0,storyboard,22,176.32,184.33,8.01,https://youtu.be/TYdTLOd4q4Y?t=176s,decorate_finish,finish,1,0.4,Pressed-flower candle b-roll.,,0,0.0,0.012,0.094,0.707,0.186,"#f4bdd0,#948572,#553e2d",1,,
TYdTLOd4q4Y,https://www.youtube.com/watch?v=TYdTLOd4q4Y,Start Your Own Profitable Candle Making Business! How to make Candles at home #businessideas #candle,553.0,storyboard,23,184.33,192.35,8.02,https://youtu.be/TYdTLOd4q4Y?t=184s,decorate_finish,finish,1,0.4,Finished decorated candles.,"nt wild, Se so BAA are",1,0.0,0.038,0.134,0.729,0.173,"#f4c4d4,#b7a594,#8b5f3b",1,,
TYdTLOd4q4Y,https://www.youtube.com/watch?v=TYdTLOd4q4Y,Start Your Own Profitable Candle Making Business! How to make Candles at home #businessideas #candle,553.0,storyboard,24,192.35,200.36,8.01,https://youtu.be/TYdTLOd4q4Y?t=192s,decorate_finish,finish,1,0.4,Photo frame / flower candle b-roll.,,0,0.0,0.012,0.0,0.747,0.163,"#f7bcd1,#c9ad9d,#926854",1,,
TYdTLOd4q4Y,https://www.youtube.com/watch?v=TYdTLOd4q4Y,Start Your Own Profitable Candle Making Business! How to make Candles at home #businessideas #candle,553.0,storyboard,25,200.36,208.38,8.02,https://youtu.be/TYdTLOd4q4Y?t=200s,decorate_finish,finish,1,0.4,Twisted taper candles on a table.,iv ie,0,0.0,0.017,0.027,0.745,0.16,"#f6bcd1,#c4af9a,#8d6e5f",1,,
TYdTLOd4q4Y,https://www.youtube.com/watch?v=TYdTLOd4q4Y,Start Your Own Profitable Candle Making Business! How to make Candles at home #businessideas #candle,553.0,storyboard,26,208.38,216.39,8.01,https://youtu.be/TYdTLOd4q4Y?t=208s,decorate_finish,finish,1,0.4,Twisted candles b-roll.,,0,0.0,0.027,0.086,0.74,0.162,"#f6bdd1,#bab3aa,#5e5343",1,,
TYdTLOd4q4Y,https://www.youtube.com/watch?v=TYdTLOd4q4Y,Start Your Own Profitable Candle Making Business! How to make Candles at home #businessideas #candle,553.0,storyboard,31,248.45,256.46,8.01,https://youtu.be/TYdTLOd4q4Y?t=248s,decorate_finish,finish,1,0.4,Pink flower candles b-roll.,,0,0.0,0.006,0.0,0.728,0.197,"#f3bdcf,#b09a8f,#7f403e",1,,
TYdTLOd4q4Y,https://www.youtube.com/watch?v=TYdTLOd4q4Y,Start Your Own Profitable Candle Making Business! How to make Candles at home #businessideas #candle,553.0,storyboard,32,256.46,264.48,8.02,https://youtu.be/TYdTLOd4q4Y?t=256s,decorate_finish,finish,1,0.4,Twisted pink tapers being shaped.,,0,0.0,0.006,0.054,0.733,0.162,"#f8bbd2,#8f6f5d,#a0a9b8",1,,
TYdTLOd4q4Y,https://www.youtube.com/watch?v=TYdTLOd4q4Y,Start Your Own Profitable Candle Making Business! How to make Candles at home #businessideas #candle,553.0,storyboard,33,264.48,272.49,8.01,https://youtu.be/TYdTLOd4q4Y?t=264s,decorate_finish,finish,1,0.4,Rolling/shaping candles on a board.,,0,0.0,0.019,0.038,0.715,0.165,"#f8bbd2,#886654,#aeadb5",1,,
TYdTLOd4q4Y,https://www.youtube.com/watch?v=TYdTLOd4q4Y,Start Your Own Profitable Candle Making Business! How to make Candles at home #businessideas #candle,553.0,storyboard,34,272.49,280.51,8.02,https://youtu.be/TYdTLOd4q4Y?t=272s,decorate_finish,finish,1,0.4,Twisted taper candles.,,0,0.0,0.007,0.0,0.73,0.159,"#eebdcf,#a48884,#592f24",1,,
TYdTLOd4q4Y,https://www.youtube.com/watch?v=TYdTLOd4q4Y,Start Your Own Profitable Candle Making Business! How to make Candles at home #businessideas #candle,553.0,storyboard,35,280.51,288.52,8.01,https://youtu.be/TYdTLOd4q4Y?t=281s,decorate_finish,finish,1,0.4,Colourful twisted candles b-roll.,,0,0.0,0.023,0.082,0.697,0.191,"#f6bbd0,#8b5f42,#5386ab",1,,
TYdTLOd4q4Y,https://www.youtube.com/watch?v=TYdTLOd4q4Y,Start Your Own Profitable Candle Making Business! How to make Candles at home #businessideas #candle,553.0,storyboard,36,288.52,296.54,8.02,https://youtu.be/TYdTLOd4q4Y?t=289s,decorate_finish,finish,1,0.4,Bubble cube candle with red dots.,ee oo,0,0.0,0.025,0.126,0.733,0.162,"#f5c3d3,#948384,#30242d",1,,
TYdTLOd4q4Y,https://www.youtube.com/watch?v=TYdTLOd4q4Y,Start Your Own Profitable Candle Making Business! How to make Candles at home #businessideas #candle,553.0,storyboard,37,296.54,304.55,8.01,https://youtu.be/TYdTLOd4q4Y?t=297s,decorate_finish,finish,1,0.4,Pink bubble candles display.,,0,0.0,0.009,0.0,0.732,0.146,"#f1bed1,#71585d,#b99c9f",1,,
TYdTLOd4q4Y,https://www.youtube.com/watch?v=TYdTLOd4q4Y,Start Your Own Profitable Candle Making Business! How to make Candles at home #businessideas #candle,553.0,storyboard,38,304.55,312.57,8.02,https://youtu.be/TYdTLOd4q4Y?t=305s,decorate_finish,finish,1,0.4,Flower/heart candle b-roll.,,0,0.0,0.007,0.05,0.762,0.155,"#f3c0d3,#c8aab1,#8d7779",1,,
TYdTLOd4q4Y,https://www.youtube.com/watch?v=TYdTLOd4q4Y,Start Your Own Profitable Candle Making Business! How to make Candles at home #businessideas #candle,553.0,storyboard,39,312.57,320.58,8.01,https://youtu.be/TYdTLOd4q4Y?t=313s,decorate_finish,finish,1,0.4,Bubble candle close-up.,,0,0.0,0.04,0.088,0.71,0.16,"#f7bcd2,#aeaaa6,#6e5c52",1,,
TYdTLOd4q4Y,https://www.youtube.com/watch?v=TYdTLOd4q4Y,Start Your Own Profitable Candle Making Business! How to make Candles at home #businessideas #candle,553.0,storyboard,40,320.58,328.59,8.01,https://youtu.be/TYdTLOd4q4Y?t=321s,decorate_finish,finish,1,0.4,Cutting/working a candle.,,0,0.0,0.086,0.078,0.691,0.159,"#f6bcd2,#584036,#978c86",1,,
TYdTLOd4q4Y,https://www.youtube.com/watch?v=TYdTLOd4q4Y,Start Your Own Profitable Candle Making Business! How to make Candles at home #businessideas #candle,553.0,storyboard,41,328.59,336.61,8.02,https://youtu.be/TYdTLOd4q4Y?t=329s,decorate_finish,finish,1,0.4,Text caption over pink background.,,0,0.0,0.016,0.0,0.74,0.166,"#f7bfd2,#bea990,#8c8165",1,,description references on-screen text but OCR found none
TYdTLOd4q4Y,https://www.youtube.com/watch?v=TYdTLOd4q4Y,Start Your Own Profitable Candle Making Business! How to make Candles at home #businessideas #candle,553.0,storyboard,42,336.61,344.62,8.01,https://youtu.be/TYdTLOd4q4Y?t=337s,decorate_finish,finish,1,0.4,Piping whipped wax (the hot tip).,sg,0,0.0,0.019,0.095,0.71,0.174,"#f4bfd0,#b39d9a,#6d4b50",1,,
TYdTLOd4q4Y,https://www.youtube.com/watch?v=TYdTLOd4q4Y,Start Your Own Profitable Candle Making Business! How to make Candles at home #businessideas #candle,553.0,storyboard,43,344.62,352.64,8.02,https://youtu.be/TYdTLOd4q4Y?t=345s,decorate_finish,finish,1,0.4,Finishing a candle.,inane,0,0.0,0.019,0.039,0.7,0.176,"#f5bdd1,#ba9785,#69564f",1,,
TYdTLOd4q4Y,https://www.youtube.com/watch?v=TYdTLOd4q4Y,Start Your Own Profitable Candle Making Business! How to make Candles at home #businessideas #candle,553.0,storyboard,44,352.64,360.65,8.01,https://youtu.be/TYdTLOd4q4Y?t=353s,decorate_finish,finish,1,0.4,Gloved hands finishing a candle.,2,0,0.0,0.024,0.0,0.696,0.171,"#f4bdd0,#9f847a,#574546",1,,
TYdTLOd4q4Y,https://www.youtube.com/watch?v=TYdTLOd4q4Y,Start Your Own Profitable Candle Making Business! How to make Candles at home #businessideas #candle,553.0,storyboard,51,408.74,416.75,8.01,https://youtu.be/TYdTLOd4q4Y?t=409s,decorate_finish,finish,1,0.4,Labelled candle b-roll.,,0,0.0,0.007,0.029,0.682,0.163,"#f7bbd0,#987d6b,#593f32",1,,
TYdTLOd4q4Y,https://www.youtube.com/watch?v=TYdTLOd4q4Y,Start Your Own Profitable Candle Making Business! How to make Candles at home #businessideas #candle,553.0,storyboard,58,464.84,472.86,8.02,https://youtu.be/TYdTLOd4q4Y?t=465s,decorate_finish,finish,1,0.4,Finishing a concrete/grey candle.,,0,0.0,0.021,0.087,0.665,0.173,"#f2bbd0,#423d3f,#917168",1,,
TYdTLOd4q4Y,https://www.youtube.com/watch?v=TYdTLOd4q4Y,Start Your Own Profitable Candle Making Business! How to make Candles at home #businessideas #candle,553.0,storyboard,59,472.86,480.87,8.01,https://youtu.be/TYdTLOd4q4Y?t=473s,decorate_finish,finish,1,0.4,Labelling/finishing a candle.,Vey,0,0.0,0.015,0.049,0.703,0.172,"#f0bbcf,#b5746a,#483a39",1,,
TYdTLOd4q4Y,https://www.youtube.com/watch?v=TYdTLOd4q4Y,Start Your Own Profitable Candle Making Business! How to make Candles at home #businessideas #candle,553.0,storyboard,60,480.87,488.88,8.01,https://youtu.be/TYdTLOd4q4Y?t=481s,decorate_finish,finish,1,0.4,Pouring wax into a vessel.,ute,0,0.0,0.021,0.0,0.651,0.169,"#f5bcd1,#3d3433,#a07a76",1,,
TYdTLOd4q4Y,https://www.youtube.com/watch?v=TYdTLOd4q4Y,Start Your Own Profitable Candle Making Business! How to make Candles at home #businessideas #candle,553.0,storyboard,61,488.88,496.9,8.02,https://youtu.be/TYdTLOd4q4Y?t=489s,decorate_finish,finish,1,0.4,Final touches on a candle.,,0,0.0,0.008,0.059,0.678,0.178,"#f4bcd1,#93746b,#453a37",1,,
Tr8qDI6L2aA,https://www.youtube.com/watch?v=Tr8qDI6L2aA,How to Make Palm Wax Candles,679.0,storyboard,26,207.69,215.68,7.99,https://youtu.be/Tr8qDI6L2aA?t=208s,decorate_finish,finish,1,0.5,Blue-gloved hands demould/handle the pink palm-wax pillars.,ae es ae,1,0.0,0.162,0.205,0.586,0.106,"#c6b8b7,#9a8e93,#403a39",1,,
Tr8qDI6L2aA,https://www.youtube.com/watch?v=Tr8qDI6L2aA,How to Make Palm Wax Candles,679.0,storyboard,27,215.68,223.67,7.99,https://youtu.be/Tr8qDI6L2aA?t=216s,decorate_finish,finish,1,0.5,Blue-gloved hands demould/handle the pink palm-wax pillars.,"wv, ey oe pure.",1,0.0,0.082,0.0,0.597,0.136,"#c3b6b6,#867d97,#352f39",1,,
Tr8qDI6L2aA,https://www.youtube.com/watch?v=Tr8qDI6L2aA,How to Make Palm Wax Candles,679.0,storyboard,28,223.67,231.66,7.99,https://youtu.be/Tr8qDI6L2aA?t=224s,decorate_finish,finish,1,0.6,AFI host (green apron) talks to camera.,go. 4 ee 4 ir,1,0.0,0.111,0.09,0.609,0.143,"#c1b6b6,#838492,#30302e",1,,
Tr8qDI6L2aA,https://www.youtube.com/watch?v=Tr8qDI6L2aA,How to Make Palm Wax Candles,679.0,storyboard,29,231.66,239.65,7.99,https://youtu.be/Tr8qDI6L2aA?t=232s,decorate_finish,finish,1,0.5,Blue-gloved hands demould/handle the pink palm-wax pillars.,Wy alley is oy Se ng OF,1,0.0,0.116,0.11,0.584,0.153,"#beb4b6,#7c7c90,#3b2d2c",1,,
Tr8qDI6L2aA,https://www.youtube.com/watch?v=Tr8qDI6L2aA,How to Make Palm Wax Candles,679.0,storyboard,30,239.65,247.64,7.99,https://youtu.be/Tr8qDI6L2aA?t=240s,decorate_finish,finish,1,0.5,Pouring palm wax into the vessels.,Ry ays,0,0.0,0.159,0.19,0.615,0.132,"#999eab,#cad1dd,#4e5461",1,,
Tr8qDI6L2aA,https://www.youtube.com/watch?v=Tr8qDI6L2aA,How to Make Palm Wax Candles,679.0,storyboard,31,247.64,255.62,7.98,https://youtu.be/Tr8qDI6L2aA?t=248s,decorate_finish,finish,1,0.5,Blue-gloved hands demould/handle the pink palm-wax pillars.,EN,0,0.0,0.066,0.0,0.679,0.21,"#c8c0c1,#6997d2,#292d2d",1,,
Tr8qDI6L2aA,https://www.youtube.com/watch?v=Tr8qDI6L2aA,How to Make Palm Wax Candles,679.0,storyboard,32,255.62,263.61,7.99,https://youtu.be/Tr8qDI6L2aA?t=256s,decorate_finish,finish,1,0.6,AFI host (green apron) talks to camera.,2 LONG,0,0.0,0.114,0.308,0.529,0.155,"#999daa,#cad2de,#484a59",1,,
Tr8qDI6L2aA,https://www.youtube.com/watch?v=Tr8qDI6L2aA,How to Make Palm Wax Candles,679.0,storyboard,33,263.61,271.6,7.99,https://youtu.be/Tr8qDI6L2aA?t=264s,decorate_finish,finish,1,0.5,Blue-gloved hands demould/handle the pink palm-wax pillars.,an EP,0,0.0,0.109,0.286,0.544,0.094,"#9a9eac,#cbd3df,#4a4c5b",1,,
Tr8qDI6L2aA,https://www.youtube.com/watch?v=Tr8qDI6L2aA,How to Make Palm Wax Candles,679.0,storyboard,37,295.56,303.55,7.99,https://youtu.be/Tr8qDI6L2aA?t=296s,decorate_finish,finish,1,0.5,Blue-gloved hands demould/handle the pink palm-wax pillars.,Na,0,0.0,0.144,0.265,0.547,0.145,"#9b9fab,#ccd4e0,#525261",1,,
Tr8qDI6L2aA,https://www.youtube.com/watch?v=Tr8qDI6L2aA,How to Make Palm Wax Candles,679.0,storyboard,38,303.55,311.54,7.99,https://youtu.be/Tr8qDI6L2aA?t=304s,decorate_finish,finish,1,0.5,Blue-gloved hands demould/handle the pink palm-wax pillars.,7,0,0.0,0.072,0.039,0.671,0.19,"#c9c0c1,#6f95c9,#29312f",1,,
Tr8qDI6L2aA,https://www.youtube.com/watch?v=Tr8qDI6L2aA,How to Make Palm Wax Candles,679.0,storyboard,39,311.54,319.53,7.99,https://youtu.be/Tr8qDI6L2aA?t=312s,decorate_finish,finish,1,0.5,Blue-gloved hands demould/handle the pink palm-wax pillars.,yy oes,0,0.0,0.159,0.05,0.644,0.129,"#9ba0ac,#ccd4e0,#565463",1,,
Tr8qDI6L2aA,https://www.youtube.com/watch?v=Tr8qDI6L2aA,How to Make Palm Wax Candles,679.0,storyboard,40,319.53,327.52,7.99,https://youtu.be/Tr8qDI6L2aA?t=320s,decorate_finish,finish,1,0.6,AFI host (green apron) talks to camera.,5 PAY NT,1,0.0,0.185,0.0,0.645,0.135,"#9b9eab,#cad2de,#545469",1,,
Tr8qDI6L2aA,https://www.youtube.com/watch?v=Tr8qDI6L2aA,How to Make Palm Wax Candles,679.0,storyboard,43,343.49,351.48,7.99,https://youtu.be/Tr8qDI6L2aA?t=343s,decorate_finish,finish,1,0.5,Blue-gloved hands demould/handle the pink palm-wax pillars.,7 aw POW,1,0.0,0.107,0.245,0.57,0.191,"#9b9fac,#ccd2df,#555367",1,,
Tr8qDI6L2aA,https://www.youtube.com/watch?v=Tr8qDI6L2aA,How to Make Palm Wax Candles,679.0,storyboard,55,439.35,447.34,7.99,https://youtu.be/Tr8qDI6L2aA?t=439s,decorate_finish,finish,1,0.5,Blue-gloved hands demould/handle the pink palm-wax pillars.,Di iS 19 Ne,1,0.0,0.184,0.04,0.638,0.137,"#999eab,#cbcfdb,#4f5264",1,,
Tr8qDI6L2aA,https://www.youtube.com/watch?v=Tr8qDI6L2aA,How to Make Palm Wax Candles,679.0,storyboard,69,551.19,559.18,7.99,https://youtu.be/Tr8qDI6L2aA?t=551s,decorate_finish,finish,1,0.5,Blue-gloved hands demould/handle the pink palm-wax pillars.,le. 7 ot,1,0.0,0.101,0.382,0.516,0.14,"#595169,#131415,#b4a2ae",1,,
Tr8qDI6L2aA,https://www.youtube.com/watch?v=Tr8qDI6L2aA,How to Make Palm Wax Candles,679.0,storyboard,70,559.18,567.16,7.98,https://youtu.be/Tr8qDI6L2aA?t=559s,decorate_finish,finish,1,0.5,Blue-gloved hands demould/handle the pink palm-wax pillars.,7 %Yy,0,0.0,0.062,0.0,0.371,0.17,"#5f5169,#2d1b1e,#baa6b3",1,,
UH-OmRowiak,https://www.youtube.com/watch?v=UH-OmRowiak,Candle Making Process In Factory || How Candle Is Made,363.0,storyboard,6,48.4,56.47,8.07,https://youtu.be/UH-OmRowiak?t=48s,decorate_finish,finish,1,0.4,Workers demoulding/finishing the candles.,aba mar hn TSS ae,1,0.0,0.058,0.234,0.406,0.041,"#5c6160,#a2aaad,#191e21",1,,
UH-OmRowiak,https://www.youtube.com/watch?v=UH-OmRowiak,Candle Making Process In Factory || How Candle Is Made,363.0,storyboard,10,80.67,88.73,8.06,https://youtu.be/UH-OmRowiak?t=81s,decorate_finish,finish,1,0.4,Workers demoulding/finishing the candles.,"Fd Ser eee ee be. ts, ol dl if La ae ay Pas ZB",1,0.0,0.033,0.216,0.496,0.068,"#453832,#8b827e,#bbbcc1",1,,
UH-OmRowiak,https://www.youtube.com/watch?v=UH-OmRowiak,Candle Making Process In Factory || How Candle Is Made,363.0,storyboard,14,112.93,121.0,8.07,https://youtu.be/UH-OmRowiak?t=113s,decorate_finish,finish,1,0.4,Workers demoulding/finishing the candles.,eT oe MO ape ate 4 pg LED 3,1,0.0,0.238,0.238,0.449,0.098,"#7f7b75,#3e3c3b,#afb3b5",1,,
UH-OmRowiak,https://www.youtube.com/watch?v=UH-OmRowiak,Candle Making Process In Factory || How Candle Is Made,363.0,storyboard,26,209.73,217.8,8.07,https://youtu.be/UH-OmRowiak?t=210s,decorate_finish,finish,1,0.4,Workers demoulding/finishing the candles.,ge ae ae ZS ASD 7,1,0.0,0.162,0.229,0.389,0.075,"#7b645b,#3a3231,#bbbcbe",1,,
UH-OmRowiak,https://www.youtube.com/watch?v=UH-OmRowiak,Candle Making Process In Factory || How Candle Is Made,363.0,storyboard,30,242.0,250.07,8.07,https://youtu.be/UH-OmRowiak?t=242s,decorate_finish,finish,1,0.4,Workers demoulding/finishing the candles.,te nein YY es MAN ly ple We ie Wl ff,1,0.0,0.226,0.216,0.393,0.097,"#32312d,#6c6862,#a6a5a2",1,,
UH-OmRowiak,https://www.youtube.com/watch?v=UH-OmRowiak,Candle Making Process In Factory || How Candle Is Made,363.0,storyboard,34,274.27,282.33,8.06,https://youtu.be/UH-OmRowiak?t=274s,decorate_finish,finish,1,0.4,Workers demoulding/finishing the candles.,"VT De Wanna 5 Stes: we Wats ies. ane fe rP- ec ey, Lp yy iv vy me ai 2 ast iS 4 yi",1,0.0,0.073,0.202,0.458,0.125,"#7a7060,#433c34,#b1b3b0",1,,
UrFrR3p0B3A,https://www.youtube.com/watch?v=UrFrR3p0B3A,"DIY Candle Jars with Jesmonite | aesthetic candle vessels, Boowan Nicole molds | handmade gift ideas",399.0,storyboard,33,263.34,271.32,7.98,https://youtu.be/UrFrR3p0B3A?t=263s,decorate_finish,finish,1,0.5,A pink wax rose placed on the candle top as decoration.,is 2 se were Made in previous Vv Gimen jar ECO 14 but it Pink jar 4,1,0.0,0.019,0.281,0.553,0.087,"#827a6f,#d0d2c6,#413b2c",1,,
UrFrR3p0B3A,https://www.youtube.com/watch?v=UrFrR3p0B3A,"DIY Candle Jars with Jesmonite | aesthetic candle vessels, Boowan Nicole molds | handmade gift ideas",399.0,storyboard,34,271.32,279.3,7.98,https://youtu.be/UrFrR3p0B3A?t=271s,decorate_finish,finish,1,0.5,Candle decorated with the pink wax rose.,Fs sts 1,1,0.0,0.052,0.153,0.494,0.115,"#49423b,#928280,#c8c6c5",1,,
UrFrR3p0B3A,https://www.youtube.com/watch?v=UrFrR3p0B3A,"DIY Candle Jars with Jesmonite | aesthetic candle vessels, Boowan Nicole molds | handmade gift ideas",399.0,storyboard,36,287.28,295.26,7.98,https://youtu.be/UrFrR3p0B3A?t=287s,decorate_finish,finish,1,0.45,Melting wax / heat gun for the decorative topping.,9 bd hi in 4 gp eS 4,1,0.0,0.052,0.185,0.483,0.119,"#766962,#c2b1ad,#292925",1,,
UrFrR3p0B3A,https://www.youtube.com/watch?v=UrFrR3p0B3A,"DIY Candle Jars with Jesmonite | aesthetic candle vessels, Boowan Nicole molds | handmade gift ideas",399.0,storyboard,37,295.26,303.24,7.98,https://youtu.be/UrFrR3p0B3A?t=295s,decorate_finish,finish,1,0.5,Heat gun smooths around the rose on the candle top.,"SS ee oe ye Lh ead oe 5 in, SOV TIA: ae 7 Sa.",1,0.0,0.022,0.247,0.531,0.12,"#b5bbc5,#9f8b83,#5c4d4b",1,,
UrFrR3p0B3A,https://www.youtube.com/watch?v=UrFrR3p0B3A,"DIY Candle Jars with Jesmonite | aesthetic candle vessels, Boowan Nicole molds | handmade gift ideas",399.0,storyboard,41,327.18,335.16,7.98,https://youtu.be/UrFrR3p0B3A?t=327s,decorate_finish,finish,1,0.5,Pink rose placed on the candle.,1 er,0,0.0,0.019,0.141,0.471,0.121,"#7b6e6c,#3a2d29,#d6c7bd",1,,
V50SgBW1bRM,https://www.youtube.com/watch?v=V50SgBW1bRM,🔥 Watch Me Make Luxury Pillar Candles! | Get My Exact Recipe in the Ultimate Candle-Making eBook! 🔥,546.0,storyboard,8,64.24,72.26,8.02,https://youtu.be/V50SgBW1bRM?t=64s,decorate_finish,finish,1,0.5,Decorating the yellow pillars with pink wax flowers.,eg Sey see ee,1,0.0,0.021,0.0,0.496,0.121,"#3b3d3c,#9a8474,#cbc8be",1,,
V50SgBW1bRM,https://www.youtube.com/watch?v=V50SgBW1bRM,🔥 Watch Me Make Luxury Pillar Candles! | Get My Exact Recipe in the Ultimate Candle-Making eBook! 🔥,546.0,storyboard,10,80.29,88.32,8.03,https://youtu.be/V50SgBW1bRM?t=80s,decorate_finish,finish,1,0.5,Decorating the yellow pillars with pink wax flowers.,We Ss,0,0.0,0.071,0.078,0.546,0.168,"#cec3ac,#9c8668,#393229",1,,
V50SgBW1bRM,https://www.youtube.com/watch?v=V50SgBW1bRM,🔥 Watch Me Make Luxury Pillar Candles! | Get My Exact Recipe in the Ultimate Candle-Making eBook! 🔥,546.0,storyboard,11,88.32,96.35,8.03,https://youtu.be/V50SgBW1bRM?t=88s,decorate_finish,finish,1,0.5,Decorating the yellow pillars with pink wax flowers.,at ee ee oe lia,1,0.0,0.105,0.172,0.514,0.168,"#d5c6a4,#323434,#968063",1,,
V50SgBW1bRM,https://www.youtube.com/watch?v=V50SgBW1bRM,🔥 Watch Me Make Luxury Pillar Candles! | Get My Exact Recipe in the Ultimate Candle-Making eBook! 🔥,546.0,storyboard,17,136.5,144.53,8.03,https://youtu.be/V50SgBW1bRM?t=136s,decorate_finish,finish,1,0.5,Decorating the yellow pillars with pink wax flowers.,ar ate Qs 5 SS oe 7 7 tal ie 6 4 st. pile,1,0.0,0.075,0.133,0.525,0.165,"#c6b29b,#806d58,#2c2925",1,,
V50SgBW1bRM,https://www.youtube.com/watch?v=V50SgBW1bRM,🔥 Watch Me Make Luxury Pillar Candles! | Get My Exact Recipe in the Ultimate Candle-Making eBook! 🔥,546.0,storyboard,20,160.59,168.62,8.03,https://youtu.be/V50SgBW1bRM?t=161s,decorate_finish,finish,1,0.5,Decorating the yellow pillars with pink wax flowers.,4 se ot re 4 tea Be 2 hy ve Zo 7 4 ad Few 8 ee Woo Be Bee ee ee nl,1,0.0,0.077,0.09,0.505,0.18,"#c7b6a7,#937664,#37312d",1,,
V50SgBW1bRM,https://www.youtube.com/watch?v=V50SgBW1bRM,🔥 Watch Me Make Luxury Pillar Candles! | Get My Exact Recipe in the Ultimate Candle-Making eBook! 🔥,546.0,storyboard,21,168.62,176.65,8.03,https://youtu.be/V50SgBW1bRM?t=169s,decorate_finish,finish,1,0.4,Trimming the wicks on the pillars.,Vv 4 foe bel ay 5 ad Aig ry Se sl ae sa ey pre ig te SF ee Be ees 4,1,0.0,0.075,0.062,0.509,0.18,"#c7b6a7,#917562,#37302c",1,,
V50SgBW1bRM,https://www.youtube.com/watch?v=V50SgBW1bRM,🔥 Watch Me Make Luxury Pillar Candles! | Get My Exact Recipe in the Ultimate Candle-Making eBook! 🔥,546.0,storyboard,22,176.65,184.68,8.03,https://youtu.be/V50SgBW1bRM?t=177s,decorate_finish,finish,1,0.5,Decorating the yellow pillars with pink wax flowers.,"Sa ss or og an mo, oe, as ftag?sy ol pee oe pepipee. Ae as oe, Roy La 5 oa cy Bien Pa ee",1,0.0,0.101,0.037,0.504,0.151,"#493c31,#ccc0ac,#948170",1,,
V50SgBW1bRM,https://www.youtube.com/watch?v=V50SgBW1bRM,🔥 Watch Me Make Luxury Pillar Candles! | Get My Exact Recipe in the Ultimate Candle-Making eBook! 🔥,546.0,storyboard,53,425.56,433.59,8.03,https://youtu.be/V50SgBW1bRM?t=426s,decorate_finish,finish,1,0.5,Demoulding/trimming the ribbed & bubble pillar candles.,ae 10 7 yn Oe 3 7 as SS ca eases Ves eS ae eS en SS eS Pa DP eee 2 4 eh 7 7 er Pa ya mt as Oe: ers Ne tate gee ee Fe Oe Sa Bee nae ee ce ee ioe Cs mS SS Fee Sa ae. weal 2 nob se st. ex 2 ste aul at RS,1,0.0,0.28,0.106,0.58,0.078,"#ceccbe,#898a82,#574b40",1,,
V50SgBW1bRM,https://www.youtube.com/watch?v=V50SgBW1bRM,🔥 Watch Me Make Luxury Pillar Candles! | Get My Exact Recipe in the Ultimate Candle-Making eBook! 🔥,546.0,storyboard,54,433.59,441.62,8.03,https://youtu.be/V50SgBW1bRM?t=434s,decorate_finish,finish,1,0.5,Demoulding/trimming the ribbed & bubble pillar candles.,"4 ne Maing 5 on Re Xo ee 2 eae Pe es Ss os Piete, De oN Awe fs. ee Se Scag eet ees Sn. ee ee, te Ss ES ES SS bis sao Sa ee eee",1,0.0,0.252,0.075,0.597,0.075,"#cccbbd,#89867e,#54493f",1,,
V50SgBW1bRM,https://www.youtube.com/watch?v=V50SgBW1bRM,🔥 Watch Me Make Luxury Pillar Candles! | Get My Exact Recipe in the Ultimate Candle-Making eBook! 🔥,546.0,storyboard,57,457.68,465.71,8.03,https://youtu.be/V50SgBW1bRM?t=458s,decorate_finish,finish,1,0.5,Demoulding/trimming the ribbed & bubble pillar candles.,"Pad it Ty 4 ee Se Snane Es pe ge Se Sas boa ee ee Lt Pe aR ee ee Stee ae, BS? Se os ee",1,0.0,0.086,0.063,0.614,0.086,"#cbcdc4,#8c8a80,#57473a",1,,
V50SgBW1bRM,https://www.youtube.com/watch?v=V50SgBW1bRM,🔥 Watch Me Make Luxury Pillar Candles! | Get My Exact Recipe in the Ultimate Candle-Making eBook! 🔥,546.0,storyboard,58,465.71,473.74,8.03,https://youtu.be/V50SgBW1bRM?t=466s,decorate_finish,finish,1,0.5,Demoulding/trimming the ribbed & bubble pillar candles.,"4 ie 5 haere ast SS pias ot ae os 7 Ee bo Se re oa Se Sa Bee ee ee ge ak, sl",1,0.0,0.107,0.148,0.606,0.088,"#cbcbbe,#554337,#8d8c7f",1,,
V50SgBW1bRM,https://www.youtube.com/watch?v=V50SgBW1bRM,🔥 Watch Me Make Luxury Pillar Candles! | Get My Exact Recipe in the Ultimate Candle-Making eBook! 🔥,546.0,storyboard,60,481.76,489.79,8.03,https://youtu.be/V50SgBW1bRM?t=482s,decorate_finish,finish,1,0.5,Demoulding/trimming the ribbed & bubble pillar candles.,es oie et Me Se,1,0.0,0.04,0.123,0.614,0.069,"#cccec6,#4d473f,#9b9a8b",1,,
Vp4eR_y0Zsc,https://www.youtube.com/watch?v=Vp4eR_y0Zsc,Candle Making DIY bubble Candle | Make aesthetic candles with me! |큐브캔들 만들기,509.0,storyboard,1,7.95,15.91,7.96,https://youtu.be/Vp4eR_y0Zsc?t=8s,decorate_finish,finish,1,0.5,Demoulding the bubble candles from the silicone moulds.,9,0,0.0,0.071,0.144,0.659,0.097,"#a28f6f,#cdcdca,#bcb19e",1,,
Vp4eR_y0Zsc,https://www.youtube.com/watch?v=Vp4eR_y0Zsc,Candle Making DIY bubble Candle | Make aesthetic candles with me! |큐브캔들 만들기,509.0,storyboard,7,55.67,63.62,7.95,https://youtu.be/Vp4eR_y0Zsc?t=56s,decorate_finish,finish,1,0.5,Demoulding the bubble candles from the silicone moulds.,se,0,0.0,0.074,0.124,0.605,0.097,"#a18d81,#ccc2b4,#694f44",1,,
Vp4eR_y0Zsc,https://www.youtube.com/watch?v=Vp4eR_y0Zsc,Candle Making DIY bubble Candle | Make aesthetic candles with me! |큐브캔들 만들기,509.0,storyboard,10,79.53,87.48,7.95,https://youtu.be/Vp4eR_y0Zsc?t=80s,decorate_finish,finish,1,0.5,Demoulding the bubble candles from the silicone moulds.,SAN,0,0.0,0.151,0.0,0.586,0.112,"#a1877d,#cec2b6,#59423c",1,,
Vp4eR_y0Zsc,https://www.youtube.com/watch?v=Vp4eR_y0Zsc,Candle Making DIY bubble Candle | Make aesthetic candles with me! |큐브캔들 만들기,509.0,storyboard,13,103.39,111.34,7.95,https://youtu.be/Vp4eR_y0Zsc?t=103s,decorate_finish,finish,1,0.5,Demoulding the bubble candles from the silicone moulds.,,0,0.0,0.003,0.133,0.587,0.093,"#a18a75,#bfb09e,#695746",1,,
Vp4eR_y0Zsc,https://www.youtube.com/watch?v=Vp4eR_y0Zsc,Candle Making DIY bubble Candle | Make aesthetic candles with me! |큐브캔들 만들기,509.0,storyboard,16,127.25,135.2,7.95,https://youtu.be/Vp4eR_y0Zsc?t=127s,decorate_finish,finish,1,0.5,Demoulding the bubble candles from the silicone moulds.,4 4,0,0.0,0.115,0.06,0.485,0.1,"#907d66,#413930,#ccc1b2",1,,
Vp4eR_y0Zsc,https://www.youtube.com/watch?v=Vp4eR_y0Zsc,Candle Making DIY bubble Candle | Make aesthetic candles with me! |큐브캔들 만들기,509.0,storyboard,19,151.11,159.06,7.95,https://youtu.be/Vp4eR_y0Zsc?t=151s,decorate_finish,finish,1,0.5,Demoulding the bubble candles from the silicone moulds.,,0,0.0,0.041,0.05,0.602,0.073,"#a7997e,#c7beae,#6a6150",1,,
Vp4eR_y0Zsc,https://www.youtube.com/watch?v=Vp4eR_y0Zsc,Candle Making DIY bubble Candle | Make aesthetic candles with me! |큐브캔들 만들기,509.0,storyboard,22,174.97,182.92,7.95,https://youtu.be/Vp4eR_y0Zsc?t=175s,decorate_finish,finish,1,0.5,Demoulding the bubble candles from the silicone moulds.,ae MM,0,0.0,0.091,0.244,0.52,0.124,"#886b60,#403831,#baa890",1,,
Vp4eR_y0Zsc,https://www.youtube.com/watch?v=Vp4eR_y0Zsc,Candle Making DIY bubble Candle | Make aesthetic candles with me! |큐브캔들 만들기,509.0,storyboard,23,182.92,190.88,7.96,https://youtu.be/Vp4eR_y0Zsc?t=183s,decorate_finish,finish,1,0.4,Tinting the wax for the bubble candles.,ya mi,0,0.0,0.103,0.176,0.621,0.109,"#cfc1b3,#ab8c77,#8a5f51",1,,
Vp4eR_y0Zsc,https://www.youtube.com/watch?v=Vp4eR_y0Zsc,Candle Making DIY bubble Candle | Make aesthetic candles with me! |큐브캔들 만들기,509.0,storyboard,24,190.88,198.83,7.95,https://youtu.be/Vp4eR_y0Zsc?t=191s,decorate_finish,finish,1,0.5,Demoulding the white bubble-cube candles from the silicone moulds.,ad,0,0.0,0.089,0.111,0.587,0.106,"#a1877f,#cac1b5,#725851",1,,
Vp4eR_y0Zsc,https://www.youtube.com/watch?v=Vp4eR_y0Zsc,Candle Making DIY bubble Candle | Make aesthetic candles with me! |큐브캔들 만들기,509.0,storyboard,25,198.83,206.78,7.95,https://youtu.be/Vp4eR_y0Zsc?t=199s,decorate_finish,finish,1,0.5,Demoulding the white bubble-cube candles from the silicone moulds.,,0,0.0,0.069,0.11,0.591,0.093,"#9e8679,#c6bbaa,#664c44",1,,
Vp4eR_y0Zsc,https://www.youtube.com/watch?v=Vp4eR_y0Zsc,Candle Making DIY bubble Candle | Make aesthetic candles with me! |큐브캔들 만들기,509.0,storyboard,26,206.78,214.73,7.95,https://youtu.be/Vp4eR_y0Zsc?t=207s,decorate_finish,finish,1,0.5,Demoulding the white bubble-cube candles from the silicone moulds.,AS,0,0.0,0.069,0.215,0.569,0.107,"#c7bcad,#9e8979,#6c4f43",1,,
Vp4eR_y0Zsc,https://www.youtube.com/watch?v=Vp4eR_y0Zsc,Candle Making DIY bubble Candle | Make aesthetic candles with me! |큐브캔들 만들기,509.0,storyboard,27,214.73,222.69,7.96,https://youtu.be/Vp4eR_y0Zsc?t=215s,decorate_finish,finish,1,0.5,Demoulding the white bubble-cube candles from the silicone moulds.,ela te,0,0.0,0.057,0.183,0.597,0.103,"#cbbfae,#997968,#6b4639",1,,
Vp4eR_y0Zsc,https://www.youtube.com/watch?v=Vp4eR_y0Zsc,Candle Making DIY bubble Candle | Make aesthetic candles with me! |큐브캔들 만들기,509.0,storyboard,28,222.69,230.64,7.95,https://youtu.be/Vp4eR_y0Zsc?t=223s,decorate_finish,finish,1,0.5,Demoulding the white bubble-cube candles from the silicone moulds.,,0,0.0,0.054,0.17,0.569,0.112,"#785744,#cbbfaf,#a07f70",1,,
Vp4eR_y0Zsc,https://www.youtube.com/watch?v=Vp4eR_y0Zsc,Candle Making DIY bubble Candle | Make aesthetic candles with me! |큐브캔들 만들기,509.0,storyboard,29,230.64,238.59,7.95,https://youtu.be/Vp4eR_y0Zsc?t=231s,decorate_finish,finish,1,0.5,Demoulding the white bubble-cube candles from the silicone moulds.,WN eed,0,0.0,0.052,0.162,0.538,0.098,"#a18877,#cac0af,#6e5543",1,,
Vp4eR_y0Zsc,https://www.youtube.com/watch?v=Vp4eR_y0Zsc,Candle Making DIY bubble Candle | Make aesthetic candles with me! |큐브캔들 만들기,509.0,storyboard,31,246.55,254.5,7.95,https://youtu.be/Vp4eR_y0Zsc?t=247s,decorate_finish,finish,1,0.5,Demoulding the white bubble-cube candles from the silicone moulds.,,0,0.0,0.089,0.0,0.603,0.093,"#c7c0b3,#9a7f71,#634d3f",1,,
Vp4eR_y0Zsc,https://www.youtube.com/watch?v=Vp4eR_y0Zsc,Candle Making DIY bubble Candle | Make aesthetic candles with me! |큐브캔들 만들기,509.0,storyboard,32,254.5,262.45,7.95,https://youtu.be/Vp4eR_y0Zsc?t=254s,decorate_finish,finish,1,0.5,Demoulding the white bubble-cube candles from the silicone moulds.,"ws aon OOF,",1,0.0,0.097,0.099,0.619,0.085,"#c9c2b8,#968275,#654d42",1,,
Vp4eR_y0Zsc,https://www.youtube.com/watch?v=Vp4eR_y0Zsc,Candle Making DIY bubble Candle | Make aesthetic candles with me! |큐브캔들 만들기,509.0,storyboard,33,262.45,270.41,7.96,https://youtu.be/Vp4eR_y0Zsc?t=262s,decorate_finish,finish,1,0.5,Demoulding the white bubble-cube candles from the silicone moulds.,Xs,0,0.0,0.073,0.181,0.588,0.099,"#cac1b1,#9e8574,#6c4f40",1,,
Vp4eR_y0Zsc,https://www.youtube.com/watch?v=Vp4eR_y0Zsc,Candle Making DIY bubble Candle | Make aesthetic candles with me! |큐브캔들 만들기,509.0,storyboard,34,270.41,278.36,7.95,https://youtu.be/Vp4eR_y0Zsc?t=270s,decorate_finish,finish,1,0.5,Demoulding the white bubble-cube candles from the silicone moulds.,ew,0,0.0,0.096,0.178,0.575,0.107,"#a48174,#ccc0b1,#6c443c",1,,
Vp4eR_y0Zsc,https://www.youtube.com/watch?v=Vp4eR_y0Zsc,Candle Making DIY bubble Candle | Make aesthetic candles with me! |큐브캔들 만들기,509.0,storyboard,35,278.36,286.31,7.95,https://youtu.be/Vp4eR_y0Zsc?t=278s,decorate_finish,finish,1,0.5,Rows of bubble candles on the trays.,4 as ys oo em,1,0.0,0.073,0.11,0.618,0.097,"#cbbfb1,#725649,#a7877e",1,,
Vp4eR_y0Zsc,https://www.youtube.com/watch?v=Vp4eR_y0Zsc,Candle Making DIY bubble Candle | Make aesthetic candles with me! |큐브캔들 만들기,509.0,storyboard,36,286.31,294.27,7.96,https://youtu.be/Vp4eR_y0Zsc?t=286s,decorate_finish,finish,1,0.5,Demoulding the white bubble-cube candles from the silicone moulds.,ad,0,0.0,0.052,0.102,0.613,0.095,"#cdc2b2,#a29483,#65493f",1,,
Vp4eR_y0Zsc,https://www.youtube.com/watch?v=Vp4eR_y0Zsc,Candle Making DIY bubble Candle | Make aesthetic candles with me! |큐브캔들 만들기,509.0,storyboard,37,294.27,302.22,7.95,https://youtu.be/Vp4eR_y0Zsc?t=294s,decorate_finish,finish,1,0.5,Demoulding the white bubble-cube candles from the silicone moulds.,as,0,0.0,0.037,0.195,0.609,0.121,"#cac0af,#a08273,#6c433b",1,,
Vp4eR_y0Zsc,https://www.youtube.com/watch?v=Vp4eR_y0Zsc,Candle Making DIY bubble Candle | Make aesthetic candles with me! |큐브캔들 만들기,509.0,storyboard,38,302.22,310.17,7.95,https://youtu.be/Vp4eR_y0Zsc?t=302s,decorate_finish,finish,1,0.5,Rows of bubble candles on the trays.,,0,0.0,0.049,0.215,0.575,0.082,"#c2bbaf,#8b7f6c,#524b42",1,,
Vp4eR_y0Zsc,https://www.youtube.com/watch?v=Vp4eR_y0Zsc,Candle Making DIY bubble Candle | Make aesthetic candles with me! |큐브캔들 만들기,509.0,storyboard,39,310.17,318.12,7.95,https://youtu.be/Vp4eR_y0Zsc?t=310s,decorate_finish,finish,1,0.5,Demoulding the white bubble-cube candles from the silicone moulds.,Ns,0,0.0,0.039,0.084,0.587,0.064,"#c4bfb4,#605b51,#968e7f",1,,
Vp4eR_y0Zsc,https://www.youtube.com/watch?v=Vp4eR_y0Zsc,Candle Making DIY bubble Candle | Make aesthetic candles with me! |큐브캔들 만들기,509.0,storyboard,40,318.12,326.08,7.96,https://youtu.be/Vp4eR_y0Zsc?t=318s,decorate_finish,finish,1,0.5,Rows of bubble candles on the trays.,Zz me,0,0.0,0.046,0.155,0.611,0.089,"#968d80,#c0b8aa,#6e6458",1,,
Vp4eR_y0Zsc,https://www.youtube.com/watch?v=Vp4eR_y0Zsc,Candle Making DIY bubble Candle | Make aesthetic candles with me! |큐브캔들 만들기,509.0,storyboard,41,326.08,334.03,7.95,https://youtu.be/Vp4eR_y0Zsc?t=326s,decorate_finish,finish,1,0.5,Demoulding the white bubble-cube candles from the silicone moulds.,SS fo 4 xb ze,1,0.0,0.217,0.097,0.608,0.067,"#cdc3b3,#a69485,#715c52",1,,
Vp4eR_y0Zsc,https://www.youtube.com/watch?v=Vp4eR_y0Zsc,Candle Making DIY bubble Candle | Make aesthetic candles with me! |큐브캔들 만들기,509.0,storyboard,43,341.98,349.94,7.96,https://youtu.be/Vp4eR_y0Zsc?t=342s,decorate_finish,finish,1,0.5,Rows of bubble candles on the trays.,eh ag,0,0.0,0.089,0.191,0.644,0.088,"#cdc2ae,#a99986,#715f50",1,,
Vp4eR_y0Zsc,https://www.youtube.com/watch?v=Vp4eR_y0Zsc,Candle Making DIY bubble Candle | Make aesthetic candles with me! |큐브캔들 만들기,509.0,storyboard,44,349.94,357.89,7.95,https://youtu.be/Vp4eR_y0Zsc?t=350s,decorate_finish,finish,1,0.5,Demoulding the white bubble-cube candles from the silicone moulds.,Ne Pr 22 me eae zs,1,0.0,0.178,0.236,0.572,0.097,"#796555,#b49c89,#251e16",1,,
Vp4eR_y0Zsc,https://www.youtube.com/watch?v=Vp4eR_y0Zsc,Candle Making DIY bubble Candle | Make aesthetic candles with me! |큐브캔들 만들기,509.0,storyboard,45,357.89,365.84,7.95,https://youtu.be/Vp4eR_y0Zsc?t=358s,decorate_finish,finish,1,0.5,Rows of bubble candles on the trays.,aS,0,0.0,0.129,0.204,0.483,0.096,"#b8a693,#7f6558,#221d17",1,,
Vp4eR_y0Zsc,https://www.youtube.com/watch?v=Vp4eR_y0Zsc,Candle Making DIY bubble Candle | Make aesthetic candles with me! |큐브캔들 만들기,509.0,storyboard,46,365.84,373.8,7.96,https://youtu.be/Vp4eR_y0Zsc?t=366s,decorate_finish,finish,1,0.5,Demoulding the white bubble-cube candles from the silicone moulds.,,0,0.0,0.146,0.167,0.494,0.083,"#837969,#b5aa9a,#24211c",1,,
Vp4eR_y0Zsc,https://www.youtube.com/watch?v=Vp4eR_y0Zsc,Candle Making DIY bubble Candle | Make aesthetic candles with me! |큐브캔들 만들기,509.0,storyboard,48,381.75,389.7,7.95,https://youtu.be/Vp4eR_y0Zsc?t=382s,decorate_finish,finish,1,0.5,Demoulding the white bubble-cube candles from the silicone moulds.,,0,0.0,0.028,0.097,0.625,0.118,"#c8c0b0,#a69480,#745341",1,,
Vp4eR_y0Zsc,https://www.youtube.com/watch?v=Vp4eR_y0Zsc,Candle Making DIY bubble Candle | Make aesthetic candles with me! |큐브캔들 만들기,509.0,storyboard,49,389.7,397.66,7.96,https://youtu.be/Vp4eR_y0Zsc?t=390s,decorate_finish,finish,1,0.5,Tying wicks/ribbons on the bubble candles.,ay,0,0.0,0.025,0.064,0.625,0.074,"#b5b3b0,#92867c,#5e403f",1,,
Vp4eR_y0Zsc,https://www.youtube.com/watch?v=Vp4eR_y0Zsc,Candle Making DIY bubble Candle | Make aesthetic candles with me! |큐브캔들 만들기,509.0,storyboard,50,397.66,405.61,7.95,https://youtu.be/Vp4eR_y0Zsc?t=398s,decorate_finish,finish,1,0.5,Demoulding the white bubble-cube candles from the silicone moulds.,"yrs eS le, or ae",1,0.0,0.056,0.133,0.628,0.078,"#9e9784,#bbbab5,#7b7155",1,,
WfkIQ899U7M,https://www.youtube.com/watch?v=WfkIQ899U7M,Making a Batch of Candles and Packing an Order | Silent Studio Vlog,240.0,storyboard,16,128.0,136.0,8.0,https://youtu.be/WfkIQ899U7M?t=128s,decorate_finish,finish,1,0.45,Wrapping/finishing the candles.,FS,0,0.0,0.036,0.052,0.409,0.077,"#a19486,#725f4f,#302219",1,,
WfkIQ899U7M,https://www.youtube.com/watch?v=WfkIQ899U7M,Making a Batch of Candles and Packing an Order | Silent Studio Vlog,240.0,storyboard,17,136.0,144.0,8.0,https://youtu.be/WfkIQ899U7M?t=136s,decorate_finish,finish,1,0.4,Packing a candle into a box.,ay,0,0.0,0.015,0.056,0.404,0.083,"#9d9184,#77624f,#30231a",1,,
WfkIQ899U7M,https://www.youtube.com/watch?v=WfkIQ899U7M,Making a Batch of Candles and Packing an Order | Silent Studio Vlog,240.0,storyboard,18,144.0,152.0,8.0,https://youtu.be/WfkIQ899U7M?t=144s,decorate_finish,finish,1,0.4,Wrapping a candle.,ae,0,0.0,0.019,0.055,0.395,0.078,"#786859,#31231a,#aa9e92",1,,
XQFs4G5sIlU,https://www.youtube.com/watch?v=XQFs4G5sIlU,Strawberry Matcha Candle 🍓🕯️ Easy beginner tutorial | Aesthetic & Trendy,407.0,storyboard,8,63.84,71.82,7.98,https://youtu.be/XQFs4G5sIlU?t=64s,decorate_finish,finish,1,0.5,"Shaping/layering the dessert drink candle (whipped wax, decorations).",,0,0.0,0.053,0.17,0.579,0.115,"#a79a78,#bbb292,#323d3b",1,,
XQFs4G5sIlU,https://www.youtube.com/watch?v=XQFs4G5sIlU,Strawberry Matcha Candle 🍓🕯️ Easy beginner tutorial | Aesthetic & Trendy,407.0,storyboard,9,71.82,79.8,7.98,https://youtu.be/XQFs4G5sIlU?t=72s,decorate_finish,finish,1,0.5,"Shaping/layering the dessert drink candle (whipped wax, decorations).",,0,0.0,0.012,0.185,0.55,0.093,"#b0ab8d,#2b3737,#84846e",1,,
XQFs4G5sIlU,https://www.youtube.com/watch?v=XQFs4G5sIlU,Strawberry Matcha Candle 🍓🕯️ Easy beginner tutorial | Aesthetic & Trendy,407.0,storyboard,10,79.8,87.78,7.98,https://youtu.be/XQFs4G5sIlU?t=80s,decorate_finish,finish,1,0.5,"Shaping/layering the dessert drink candle (whipped wax, decorations).",,0,0.0,0.003,0.0,0.612,0.077,"#968c6a,#a8a283,#bcc3a9",1,,
XQFs4G5sIlU,https://www.youtube.com/watch?v=XQFs4G5sIlU,Strawberry Matcha Candle 🍓🕯️ Easy beginner tutorial | Aesthetic & Trendy,407.0,storyboard,11,87.78,95.76,7.98,https://youtu.be/XQFs4G5sIlU?t=88s,decorate_finish,finish,1,0.5,"Shaping/layering the dessert drink candle (whipped wax, decorations).",ag Tes SY ff,1,0.0,0.045,0.092,0.563,0.081,"#97937e,#766c57,#bac3ba",1,,
XQFs4G5sIlU,https://www.youtube.com/watch?v=XQFs4G5sIlU,Strawberry Matcha Candle 🍓🕯️ Easy beginner tutorial | Aesthetic & Trendy,407.0,storyboard,12,95.76,103.75,7.99,https://youtu.be/XQFs4G5sIlU?t=96s,decorate_finish,finish,1,0.5,"Shaping/layering the dessert drink candle (whipped wax, decorations).",ity,0,0.0,0.026,0.234,0.557,0.073,"#bcc6c1,#a79c8b,#2d393e",1,,
XQFs4G5sIlU,https://www.youtube.com/watch?v=XQFs4G5sIlU,Strawberry Matcha Candle 🍓🕯️ Easy beginner tutorial | Aesthetic & Trendy,407.0,storyboard,13,103.75,111.73,7.98,https://youtu.be/XQFs4G5sIlU?t=104s,decorate_finish,finish,1,0.5,"Shaping/layering the dessert drink candle (whipped wax, decorations).",4,0,0.0,0.051,0.198,0.524,0.128,"#a0936b,#b3c8b9,#212a26",1,,
XQFs4G5sIlU,https://www.youtube.com/watch?v=XQFs4G5sIlU,Strawberry Matcha Candle 🍓🕯️ Easy beginner tutorial | Aesthetic & Trendy,407.0,storyboard,15,119.71,127.69,7.98,https://youtu.be/XQFs4G5sIlU?t=120s,decorate_finish,finish,1,0.5,"Shaping/layering the dessert drink candle (whipped wax, decorations).",yz 7 7.4 if Ta Pe. hj le Ee bag RNG Me Sees fh Vi ie Tie! oy Reeser 5 iI eS 4,1,0.0,0.05,0.178,0.582,0.126,"#a69b72,#b4c2a6,#887c53",1,,
XQFs4G5sIlU,https://www.youtube.com/watch?v=XQFs4G5sIlU,Strawberry Matcha Candle 🍓🕯️ Easy beginner tutorial | Aesthetic & Trendy,407.0,storyboard,16,127.69,135.67,7.98,https://youtu.be/XQFs4G5sIlU?t=128s,decorate_finish,finish,1,0.5,"Shaping/layering the dessert drink candle (whipped wax, decorations).",,0,0.0,0.046,0.085,0.588,0.139,"#b5a074,#bdc4a6,#353f3a",1,,
XQFs4G5sIlU,https://www.youtube.com/watch?v=XQFs4G5sIlU,Strawberry Matcha Candle 🍓🕯️ Easy beginner tutorial | Aesthetic & Trendy,407.0,storyboard,17,135.67,143.65,7.98,https://youtu.be/XQFs4G5sIlU?t=136s,decorate_finish,finish,1,0.5,"Shaping/layering the dessert drink candle (whipped wax, decorations).",oo mZze. or,1,0.0,0.021,0.099,0.592,0.114,"#bba78f,#a08d76,#4f5050",1,,
XQFs4G5sIlU,https://www.youtube.com/watch?v=XQFs4G5sIlU,Strawberry Matcha Candle 🍓🕯️ Easy beginner tutorial | Aesthetic & Trendy,407.0,storyboard,18,143.65,151.63,7.98,https://youtu.be/XQFs4G5sIlU?t=144s,decorate_finish,finish,1,0.5,"Shaping/layering the dessert drink candle (whipped wax, decorations).","7 qq Meitiit over low 1. tirring constantly ced,",1,0.0,0.027,0.174,0.557,0.088,"#868476,#57574e,#b1b0a1",1,,
XQFs4G5sIlU,https://www.youtube.com/watch?v=XQFs4G5sIlU,Strawberry Matcha Candle 🍓🕯️ Easy beginner tutorial | Aesthetic & Trendy,407.0,storyboard,19,151.63,159.61,7.98,https://youtu.be/XQFs4G5sIlU?t=152s,decorate_finish,finish,1,0.5,"Shaping/layering the dessert drink candle (whipped wax, decorations).",,0,0.0,0.008,0.0,0.561,0.132,"#a2986f,#b4b393,#324247",1,,
XQFs4G5sIlU,https://www.youtube.com/watch?v=XQFs4G5sIlU,Strawberry Matcha Candle 🍓🕯️ Easy beginner tutorial | Aesthetic & Trendy,407.0,storyboard,20,159.61,167.59,7.98,https://youtu.be/XQFs4G5sIlU?t=160s,decorate_finish,finish,1,0.5,"Shaping/layering the dessert drink candle (whipped wax, decorations).",,0,0.0,0.013,0.089,0.564,0.129,"#978d67,#a8ad93,#151c48",1,,
XQFs4G5sIlU,https://www.youtube.com/watch?v=XQFs4G5sIlU,Strawberry Matcha Candle 🍓🕯️ Easy beginner tutorial | Aesthetic & Trendy,407.0,storyboard,21,167.59,175.57,7.98,https://youtu.be/XQFs4G5sIlU?t=168s,decorate_finish,finish,1,0.5,"Shaping/layering the dessert drink candle (whipped wax, decorations).","wyay With the't Wis 1 the tig Stic kK, take'sc dye toldilute tye toldilute",1,0.0,0.038,0.16,0.56,0.089,"#978a7a,#a8a79f,#2b2b2b",1,,
XQFs4G5sIlU,https://www.youtube.com/watch?v=XQFs4G5sIlU,Strawberry Matcha Candle 🍓🕯️ Easy beginner tutorial | Aesthetic & Trendy,407.0,storyboard,22,175.57,183.55,7.98,https://youtu.be/XQFs4G5sIlU?t=176s,decorate_finish,finish,1,0.5,"Shaping/layering the dessert drink candle (whipped wax, decorations).",fe ae es,1,0.0,0.041,0.113,0.543,0.11,"#b2a79b,#333f48,#906067",1,,
XQFs4G5sIlU,https://www.youtube.com/watch?v=XQFs4G5sIlU,Strawberry Matcha Candle 🍓🕯️ Easy beginner tutorial | Aesthetic & Trendy,407.0,storyboard,26,207.49,215.47,7.98,https://youtu.be/XQFs4G5sIlU?t=207s,decorate_finish,finish,1,0.5,"Assembling/layering the drink candle (embeds, whipped cream top).",63,0,0.0,0.025,0.04,0.553,0.145,"#9f9d7d,#8f845f,#2b453e",1,,
XQFs4G5sIlU,https://www.youtube.com/watch?v=XQFs4G5sIlU,Strawberry Matcha Candle 🍓🕯️ Easy beginner tutorial | Aesthetic & Trendy,407.0,storyboard,27,215.47,223.45,7.98,https://youtu.be/XQFs4G5sIlU?t=215s,decorate_finish,finish,1,0.5,Adding red strawberry-coloured wax.,,0,0.0,0.019,0.0,0.537,0.153,"#ada985,#26372f,#5a6b77",1,,
XQFs4G5sIlU,https://www.youtube.com/watch?v=XQFs4G5sIlU,Strawberry Matcha Candle 🍓🕯️ Easy beginner tutorial | Aesthetic & Trendy,407.0,storyboard,28,223.45,231.43,7.98,https://youtu.be/XQFs4G5sIlU?t=223s,decorate_finish,finish,1,0.5,"Assembling/layering the drink candle (embeds, whipped cream top).",,0,0.0,0.012,0.13,0.532,0.179,"#9f9878,#6d4636,#2f34e0",1,,
XQFs4G5sIlU,https://www.youtube.com/watch?v=XQFs4G5sIlU,Strawberry Matcha Candle 🍓🕯️ Easy beginner tutorial | Aesthetic & Trendy,407.0,storyboard,29,231.43,239.41,7.98,https://youtu.be/XQFs4G5sIlU?t=231s,decorate_finish,finish,1,0.5,"Assembling/layering the drink candle (embeds, whipped cream top).",,0,0.0,0.015,0.221,0.532,0.171,"#b1a490,#424f51,#a92134",1,,
XQFs4G5sIlU,https://www.youtube.com/watch?v=XQFs4G5sIlU,Strawberry Matcha Candle 🍓🕯️ Easy beginner tutorial | Aesthetic & Trendy,407.0,storyboard,30,239.41,247.39,7.98,https://youtu.be/XQFs4G5sIlU?t=239s,decorate_finish,finish,1,0.5,Adding red strawberry-coloured wax.,PS 29 4 9 1 ry ef 4 Ly 7. DuRBthe waxoncelitrreaches 5OsG,1,0.0,0.077,0.189,0.561,0.158,"#bab097,#222e29,#735d51",1,,
XQFs4G5sIlU,https://www.youtube.com/watch?v=XQFs4G5sIlU,Strawberry Matcha Candle 🍓🕯️ Easy beginner tutorial | Aesthetic & Trendy,407.0,storyboard,31,247.39,255.37,7.98,https://youtu.be/XQFs4G5sIlU?t=247s,decorate_finish,finish,1,0.5,"Assembling/layering the drink candle (embeds, whipped cream top).",,0,0.0,0.046,0.0,0.51,0.099,"#beb3a8,#2b383c,#5f7877",1,,
XQFs4G5sIlU,https://www.youtube.com/watch?v=XQFs4G5sIlU,Strawberry Matcha Candle 🍓🕯️ Easy beginner tutorial | Aesthetic & Trendy,407.0,storyboard,32,255.37,263.35,7.98,https://youtu.be/XQFs4G5sIlU?t=255s,decorate_finish,finish,1,0.5,"Assembling/layering the drink candle (embeds, whipped cream top).",at 4 fi Once the first layer turns foggy OS,1,0.0,0.05,0.163,0.557,0.178,"#9c9276,#b0b499,#683629",1,,
XQFs4G5sIlU,https://www.youtube.com/watch?v=XQFs4G5sIlU,Strawberry Matcha Candle 🍓🕯️ Easy beginner tutorial | Aesthetic & Trendy,407.0,storyboard,33,263.35,271.33,7.98,https://youtu.be/XQFs4G5sIlU?t=263s,decorate_finish,finish,1,0.5,"Assembling/layering the drink candle (embeds, whipped cream top).",,0,0.0,0.033,0.023,0.602,0.175,"#b7b496,#96624d,#3f3e25",1,,
XQFs4G5sIlU,https://www.youtube.com/watch?v=XQFs4G5sIlU,Strawberry Matcha Candle 🍓🕯️ Easy beginner tutorial | Aesthetic & Trendy,407.0,storyboard,34,271.33,279.31,7.98,https://youtu.be/XQFs4G5sIlU?t=271s,decorate_finish,finish,1,0.5,"Assembling/layering the drink candle (embeds, whipped cream top).","Ris, Uetitcool 9",1,0.0,0.058,0.137,0.59,0.118,"#adac8a,#907e62,#54412f",1,,
XQFs4G5sIlU,https://www.youtube.com/watch?v=XQFs4G5sIlU,Strawberry Matcha Candle 🍓🕯️ Easy beginner tutorial | Aesthetic & Trendy,407.0,storyboard,35,279.31,287.29,7.98,https://youtu.be/XQFs4G5sIlU?t=279s,decorate_finish,finish,1,0.5,Pouring the green matcha wax layer into the glass.,aaaeall Se ea am bod Trim the wick Lg,1,0.0,0.032,0.047,0.645,0.135,"#b3b58f,#928267,#262d27",1,,
XQFs4G5sIlU,https://www.youtube.com/watch?v=XQFs4G5sIlU,Strawberry Matcha Candle 🍓🕯️ Easy beginner tutorial | Aesthetic & Trendy,407.0,storyboard,37,295.27,303.25,7.98,https://youtu.be/XQFs4G5sIlU?t=295s,decorate_finish,finish,1,0.5,"Assembling/layering the drink candle (embeds, whipped cream top).",To know. how:to: ager ape fess of,1,0.0,0.036,0.151,0.589,0.093,"#a69a80,#94866b,#b4c0b8",1,,
XQFs4G5sIlU,https://www.youtube.com/watch?v=XQFs4G5sIlU,Strawberry Matcha Candle 🍓🕯️ Easy beginner tutorial | Aesthetic & Trendy,407.0,storyboard,38,303.25,311.24,7.99,https://youtu.be/XQFs4G5sIlU?t=303s,decorate_finish,finish,1,0.5,"Assembling/layering the drink candle (embeds, whipped cream top).","ae oe 2 and 4 ie,",1,0.0,0.053,0.169,0.588,0.135,"#b8b0a3,#373c3f,#7e6e76",1,,
XQFs4G5sIlU,https://www.youtube.com/watch?v=XQFs4G5sIlU,Strawberry Matcha Candle 🍓🕯️ Easy beginner tutorial | Aesthetic & Trendy,407.0,storyboard,39,311.24,319.22,7.98,https://youtu.be/XQFs4G5sIlU?t=311s,decorate_finish,finish,1,0.5,"Assembling/layering the drink candle (embeds, whipped cream top).",,0,0.0,0.006,0.168,0.576,0.095,"#c5bdb4,#666d75,#3a4246",1,,
XQFs4G5sIlU,https://www.youtube.com/watch?v=XQFs4G5sIlU,Strawberry Matcha Candle 🍓🕯️ Easy beginner tutorial | Aesthetic & Trendy,407.0,storyboard,40,319.22,327.2,7.98,https://youtu.be/XQFs4G5sIlU?t=319s,decorate_finish,finish,1,0.5,"Assembling/layering the drink candle (embeds, whipped cream top).",,0,0.0,0.002,0.0,0.61,0.069,"#bfb9a4,#29383f,#536671",1,,
XQFs4G5sIlU,https://www.youtube.com/watch?v=XQFs4G5sIlU,Strawberry Matcha Candle 🍓🕯️ Easy beginner tutorial | Aesthetic & Trendy,407.0,storyboard,41,327.2,335.18,7.98,https://youtu.be/XQFs4G5sIlU?t=327s,decorate_finish,finish,1,0.5,"Assembling/layering the drink candle (embeds, whipped cream top).",,0,0.0,0.024,0.186,0.571,0.118,"#a09785,#293233,#b1c6ca",1,,
XQFs4G5sIlU,https://www.youtube.com/watch?v=XQFs4G5sIlU,Strawberry Matcha Candle 🍓🕯️ Easy beginner tutorial | Aesthetic & Trendy,407.0,storyboard,42,335.18,343.16,7.98,https://youtu.be/XQFs4G5sIlU?t=335s,decorate_finish,finish,1,0.5,"Assembling/layering the drink candle (embeds, whipped cream top).","ee 38 AWBER Ey,",1,0.0,0.07,0.231,0.51,0.106,"#bdc0a6,#2f3d3d,#7e8773",1,,
XQFs4G5sIlU,https://www.youtube.com/watch?v=XQFs4G5sIlU,Strawberry Matcha Candle 🍓🕯️ Easy beginner tutorial | Aesthetic & Trendy,407.0,storyboard,43,343.16,351.14,7.98,https://youtu.be/XQFs4G5sIlU?t=343s,decorate_finish,finish,1,0.5,"Assembling/layering the drink candle (embeds, whipped cream top).",2 si 4 2 SN YZ 4,1,0.0,0.123,0.281,0.527,0.111,"#c7c2af,#817160,#25201b",1,,
XQFs4G5sIlU,https://www.youtube.com/watch?v=XQFs4G5sIlU,Strawberry Matcha Candle 🍓🕯️ Easy beginner tutorial | Aesthetic & Trendy,407.0,storyboard,45,359.12,367.1,7.98,https://youtu.be/XQFs4G5sIlU?t=359s,decorate_finish,finish,1,0.5,"Assembling/layering the drink candle (embeds, whipped cream top).","ee FSS wT Sa Lege gai Oe 1 fits 4 WA TI Pic Ht PHI,",1,0.0,0.317,0.142,0.548,0.159,"#95857d,#b5aba9,#765352",1,,
XQFs4G5sIlU,https://www.youtube.com/watch?v=XQFs4G5sIlU,Strawberry Matcha Candle 🍓🕯️ Easy beginner tutorial | Aesthetic & Trendy,407.0,storyboard,46,367.1,375.08,7.98,https://youtu.be/XQFs4G5sIlU?t=367s,decorate_finish,finish,1,0.5,"Assembling/layering the drink candle (embeds, whipped cream top).",re eal are 2 7 7,1,0.0,0.112,0.571,0.324,0.083,"#0d0b09,#090a07,#060602",1,,
XZlZJW9EBbI,https://www.youtube.com/watch?v=XZlZJW9EBbI,DIY Water Candle / NO WAX Candles / PAANI se banaye candle / Diwali Special / Homemade Candles / How,121.0,storyboard,2,16.13,24.2,8.07,https://youtu.be/XZlZJW9EBbI?t=16s,decorate_finish,finish,1,0.45,Decorations placed into the blue water bowl.,ye,0,0.0,0.034,0.037,0.724,0.367,"#dbd235,#85aa88,#5b4735",1,,
XZlZJW9EBbI,https://www.youtube.com/watch?v=XZlZJW9EBbI,DIY Water Candle / NO WAX Candles / PAANI se banaye candle / Diwali Special / Homemade Candles / How,121.0,storyboard,3,24.2,32.27,8.07,https://youtu.be/XZlZJW9EBbI?t=24s,decorate_finish,finish,1,0.45,Arranging floating decor in the blue water.,9,0,0.0,0.036,0.032,0.693,0.357,"#dccb33,#8fa077,#5a4b3d",1,,
YspjuWix8TM,https://www.youtube.com/watch?v=YspjuWix8TM,DIY LUXURY CANDLES | STEP BY STEP CANDLE MAKING,483.0,storyboard,27,217.35,225.4,8.05,https://youtu.be/YspjuWix8TM?t=217s,decorate_finish,finish,1,0.5,Torch-finishing & labelling the candle.,,0,0.0,0.0,0.0,0.499,0.115,"#6f6c69,#8e9194,#997f57",1,,
YspjuWix8TM,https://www.youtube.com/watch?v=YspjuWix8TM,DIY LUXURY CANDLES | STEP BY STEP CANDLE MAKING,483.0,storyboard,28,225.4,233.45,8.05,https://youtu.be/YspjuWix8TM?t=225s,decorate_finish,finish,1,0.5,Torch-finishing & labelling the candle.,,0,0.0,0.0,0.105,0.486,0.081,"#787e87,#5f656c,#a0a1a2",1,,
YspjuWix8TM,https://www.youtube.com/watch?v=YspjuWix8TM,DIY LUXURY CANDLES | STEP BY STEP CANDLE MAKING,483.0,storyboard,44,354.2,362.25,8.05,https://youtu.be/YspjuWix8TM?t=354s,decorate_finish,finish,1,0.5,Torch-finishing & labelling the candle.,,0,0.0,0.013,0.0,0.417,0.072,"#473029,#786f6a,#9d999a",1,,
YspjuWix8TM,https://www.youtube.com/watch?v=YspjuWix8TM,DIY LUXURY CANDLES | STEP BY STEP CANDLE MAKING,483.0,storyboard,45,362.25,370.3,8.05,https://youtu.be/YspjuWix8TM?t=362s,decorate_finish,finish,1,0.5,Torch-finishing & labelling the candle.,,0,0.0,0.0,0.264,0.442,0.073,"#9b9fa6,#5a5150,#30201b",1,,
YspjuWix8TM,https://www.youtube.com/watch?v=YspjuWix8TM,DIY LUXURY CANDLES | STEP BY STEP CANDLE MAKING,483.0,storyboard,46,370.3,378.35,8.05,https://youtu.be/YspjuWix8TM?t=370s,decorate_finish,finish,1,0.5,Torch-finishing & labelling the candle.,,0,0.0,0.002,0.296,0.499,0.066,"#9fa4aa,#3e2d26,#797a7a",1,,
YspjuWix8TM,https://www.youtube.com/watch?v=YspjuWix8TM,DIY LUXURY CANDLES | STEP BY STEP CANDLE MAKING,483.0,storyboard,47,378.35,386.4,8.05,https://youtu.be/YspjuWix8TM?t=378s,decorate_finish,finish,1,0.5,Torch-finishing & labelling the candle.,,0,0.0,0.002,0.0,0.538,0.039,"#a3aab0,#797c7d,#4f433a",1,,
YspjuWix8TM,https://www.youtube.com/watch?v=YspjuWix8TM,DIY LUXURY CANDLES | STEP BY STEP CANDLE MAKING,483.0,storyboard,48,386.4,394.45,8.05,https://youtu.be/YspjuWix8TM?t=386s,decorate_finish,finish,1,0.5,Torch-finishing & labelling the candle.,real fl wh,1,0.0,0.028,0.215,0.462,0.142,"#79766e,#bdbbb4,#681b2e",1,,
ZQk9l2ttcIA,https://www.youtube.com/watch?v=ZQk9l2ttcIA,A Beginners Guide To Making A Candle,256.0,storyboard,24,192.0,200.0,8.0,https://youtu.be/ZQk9l2ttcIA?t=192s,decorate_finish,finish,1,0.5,sprinkling petals on top,See La te 7 if ia 4.,1,0.0,0.173,0.163,0.495,0.102,"#90766e,#c4bcaf,#362921",1,,
ZQk9l2ttcIA,https://www.youtube.com/watch?v=ZQk9l2ttcIA,A Beginners Guide To Making A Candle,256.0,storyboard,25,200.0,208.0,8.0,https://youtu.be/ZQk9l2ttcIA?t=200s,decorate_finish,finish,1,0.6,decorating candle tops with petals,be er,0,0.0,0.141,0.218,0.523,0.084,"#836e67,#c3bab0,#15150f",1,,
_80ogF_zHkE,https://www.youtube.com/watch?v=_80ogF_zHkE,oddly satisfying candle making!,302.0,storyboard,12,95.37,103.32,7.95,https://youtu.be/_80ogF_zHkE?t=95s,decorate_finish,finish,1,0.5,Shaping a tall green crystalline candle by hand.,"Ab he: ee Poy te Ser lla Wh, sii be 1",1,0.0,0.108,0.198,0.571,0.113,"#cccbc3,#8d8379,#544d45",1,,
_80ogF_zHkE,https://www.youtube.com/watch?v=_80ogF_zHkE,oddly satisfying candle making!,302.0,storyboard,13,103.32,111.26,7.94,https://youtu.be/_80ogF_zHkE?t=103s,decorate_finish,finish,1,0.5,Shaping a tall green crystalline candle by hand.,,0,0.0,0.078,0.0,0.48,0.114,"#847a81,#3a3234,#cfccd1",1,,
_80ogF_zHkE,https://www.youtube.com/watch?v=_80ogF_zHkE,oddly satisfying candle making!,302.0,storyboard,14,111.26,119.21,7.95,https://youtu.be/_80ogF_zHkE?t=111s,decorate_finish,finish,1,0.5,Shaping a tall green crystalline candle by hand.,NS Zs RB,1,0.0,0.111,0.06,0.484,0.123,"#827a7d,#353134,#cac7ce",1,,
_80ogF_zHkE,https://www.youtube.com/watch?v=_80ogF_zHkE,oddly satisfying candle making!,302.0,storyboard,15,119.21,127.16,7.95,https://youtu.be/_80ogF_zHkE?t=119s,decorate_finish,finish,1,0.5,Shaping a tall green crystalline candle by hand.,4,0,0.0,0.171,0.088,0.484,0.121,"#7a6f72,#c4c1ca,#312e32",1,,
_80ogF_zHkE,https://www.youtube.com/watch?v=_80ogF_zHkE,oddly satisfying candle making!,302.0,storyboard,16,127.16,135.11,7.95,https://youtu.be/_80ogF_zHkE?t=127s,decorate_finish,finish,1,0.5,Shaping a tall green crystalline candle by hand.,mm 4 Ny pit,1,0.0,0.16,0.0,0.49,0.118,"#7f7374,#c8c6cc,#343133",1,,
_80ogF_zHkE,https://www.youtube.com/watch?v=_80ogF_zHkE,oddly satisfying candle making!,302.0,storyboard,17,135.11,143.05,7.94,https://youtu.be/_80ogF_zHkE?t=135s,decorate_finish,finish,1,0.5,Shaping a tall green crystalline candle by hand.,me 4 tah ane ay 4 Be,1,0.0,0.199,0.064,0.484,0.122,"#7e7479,#c7c5cd,#363034",1,,
_80ogF_zHkE,https://www.youtube.com/watch?v=_80ogF_zHkE,oddly satisfying candle making!,302.0,storyboard,18,143.05,151.0,7.95,https://youtu.be/_80ogF_zHkE?t=143s,decorate_finish,finish,1,0.5,Shaping a tall green crystalline candle by hand.,ae im cl AIS me JA,1,0.0,0.248,0.0,0.481,0.134,"#837273,#393638,#c9c4ca",1,,
_80ogF_zHkE,https://www.youtube.com/watch?v=_80ogF_zHkE,oddly satisfying candle making!,302.0,storyboard,19,151.0,158.95,7.95,https://youtu.be/_80ogF_zHkE?t=151s,decorate_finish,finish,1,0.5,Shaping a tall green crystalline candle by hand.,ay lt:,0,0.0,0.191,0.222,0.468,0.143,"#796c6d,#302f31,#bcb8bf",1,,
_80ogF_zHkE,https://www.youtube.com/watch?v=_80ogF_zHkE,oddly satisfying candle making!,302.0,storyboard,20,158.95,166.89,7.94,https://youtu.be/_80ogF_zHkE?t=159s,decorate_finish,finish,1,0.5,Shaping a tall green crystalline candle by hand.,1 am SG 2,1,0.0,0.232,0.146,0.446,0.134,"#7d7676,#363434,#c0bfc7",1,,
_80ogF_zHkE,https://www.youtube.com/watch?v=_80ogF_zHkE,oddly satisfying candle making!,302.0,storyboard,21,166.89,174.84,7.95,https://youtu.be/_80ogF_zHkE?t=167s,decorate_finish,finish,1,0.5,Shaping a tall green crystalline candle by hand.,ef pon,0,0.0,0.229,0.0,0.44,0.129,"#7a7475,#3f3635,#bac0ca",1,,
_80ogF_zHkE,https://www.youtube.com/watch?v=_80ogF_zHkE,oddly satisfying candle making!,302.0,storyboard,22,174.84,182.79,7.95,https://youtu.be/_80ogF_zHkE?t=175s,decorate_finish,finish,1,0.5,Shaping a tall green crystalline candle by hand.,Ps Hi AN gy ea ih,1,0.0,0.201,0.143,0.439,0.134,"#736562,#b5b3b8,#333434",1,,
_80ogF_zHkE,https://www.youtube.com/watch?v=_80ogF_zHkE,oddly satisfying candle making!,302.0,storyboard,23,182.79,190.74,7.95,https://youtu.be/_80ogF_zHkE?t=183s,decorate_finish,finish,1,0.5,Shaping a tall green crystalline candle by hand.,ee,0,0.0,0.188,0.33,0.53,0.158,"#dfdcdb,#9d8988,#49282d",1,,
_80ogF_zHkE,https://www.youtube.com/watch?v=_80ogF_zHkE,oddly satisfying candle making!,302.0,storyboard,24,190.74,198.68,7.94,https://youtu.be/_80ogF_zHkE?t=191s,decorate_finish,finish,1,0.5,Shaping a tall green crystalline candle by hand.,as,0,0.0,0.1,0.0,0.631,0.091,"#e8e4e4,#4d4648,#9a9fa6",1,,
_80ogF_zHkE,https://www.youtube.com/watch?v=_80ogF_zHkE,oddly satisfying candle making!,302.0,storyboard,25,198.68,206.63,7.95,https://youtu.be/_80ogF_zHkE?t=199s,decorate_finish,finish,1,0.5,Shaping a tall green crystalline candle by hand.,,0,0.0,0.172,0.288,0.614,0.162,"#e5d7d8,#634934,#aa8e85",1,,
_80ogF_zHkE,https://www.youtube.com/watch?v=_80ogF_zHkE,oddly satisfying candle making!,302.0,storyboard,26,206.63,214.58,7.95,https://youtu.be/_80ogF_zHkE?t=207s,decorate_finish,finish,1,0.5,Shaping a tall green crystalline candle by hand.,rs SES sk Se,1,0.0,0.283,0.152,0.606,0.181,"#e7cec3,#ae8879,#62472a",1,,
_80ogF_zHkE,https://www.youtube.com/watch?v=_80ogF_zHkE,oddly satisfying candle making!,302.0,storyboard,27,214.58,222.53,7.95,https://youtu.be/_80ogF_zHkE?t=215s,decorate_finish,finish,1,0.5,Shaping a tall green crystalline candle by hand.,4 ME ih 7 3 if aS,1,0.0,0.279,0.0,0.6,0.186,"#e1d4cf,#564330,#988371",1,,
_80ogF_zHkE,https://www.youtube.com/watch?v=_80ogF_zHkE,oddly satisfying candle making!,302.0,storyboard,28,222.53,230.47,7.94,https://youtu.be/_80ogF_zHkE?t=223s,decorate_finish,finish,1,0.5,Shaping a tall green crystalline candle by hand.,mn,0,0.0,0.344,0.194,0.536,0.196,"#e4cabd,#99846c,#4c4032",1,,
_80ogF_zHkE,https://www.youtube.com/watch?v=_80ogF_zHkE,oddly satisfying candle making!,302.0,storyboard,29,230.47,238.42,7.95,https://youtu.be/_80ogF_zHkE?t=230s,decorate_finish,finish,1,0.5,Shaping a tall green crystalline candle by hand.,ed TD Nine ry zs,1,0.0,0.264,0.125,0.566,0.192,"#e3c9bc,#9c806b,#5a4734",1,,
_au1ji8rMkM,https://www.youtube.com/watch?v=_au1ji8rMkM,DIY Ice Candle // Candle Making at Home for Beginners // DIY Candle Making,102.0,storyboard,7,54.92,62.77,7.85,https://youtu.be/_au1ji8rMkM?t=55s,decorate_finish,finish,1,0.45,Trimming/finishing the ice candle on a green plate.,,0,0.333,0.006,0.181,0.395,0.162,"#495010,#765f5f,#c8b6ac",1,,
_au1ji8rMkM,https://www.youtube.com/watch?v=_au1ji8rMkM,DIY Ice Candle // Candle Making at Home for Beginners // DIY Candle Making,102.0,storyboard,8,62.77,70.62,7.85,https://youtu.be/_au1ji8rMkM?t=63s,decorate_finish,finish,1,0.45,Demoulding/breaking out the holey candle by hand.,oe Sg,0,0.0,0.014,0.131,0.476,0.198,"#60666b,#b06158,#d5ac9f",1,,
_au1ji8rMkM,https://www.youtube.com/watch?v=_au1ji8rMkM,DIY Ice Candle // Candle Making at Home for Beginners // DIY Candle Making,102.0,storyboard,9,70.62,78.46,7.84,https://youtu.be/_au1ji8rMkM?t=71s,decorate_finish,finish,1,0.45,Holey candle disc finished with a tool.,,0,0.0,0.008,0.119,0.457,0.147,"#728a94,#6b685d,#a49187",1,,
_jGWnnoQu_U,https://www.youtube.com/watch?v=_jGWnnoQu_U,How To Make Gel Candles - DIY Gel Candle Making For Beginners,737.0,storyboard,70,560.76,568.77,8.01,https://youtu.be/_jGWnnoQu_U?t=561s,decorate_finish,finish,1,0.5,Adding embeds/decor to the gel candle.,7 Sao eof fs 2 ot 7,1,0.0,0.207,0.057,0.205,0.049,"#161617,#56514e,#a49a92",1,,
aKCPK0mXICI,https://www.youtube.com/watch?v=aKCPK0mXICI,🌹DIY Valentine’s Day Designer Candle | Step-by-Step Candle Making Tutorial,531.0,storyboard,1,8.05,16.09,8.04,https://youtu.be/aKCPK0mXICI?t=8s,decorate_finish,finish,1,0.5,Placing moulded white wax shapes into the clear glass.,,0,0.0,0.008,0.0,0.536,0.084,"#bbaea4,#887369,#61453b",1,,
aKCPK0mXICI,https://www.youtube.com/watch?v=aKCPK0mXICI,🌹DIY Valentine’s Day Designer Candle | Step-by-Step Candle Making Tutorial,531.0,storyboard,4,32.18,40.23,8.05,https://youtu.be/aKCPK0mXICI?t=32s,decorate_finish,finish,1,0.5,Placing moulded white wax shapes into the clear glass.,,0,0.0,0.013,0.0,0.484,0.071,"#bdb0a6,#3f312c,#836f67",1,,
aKCPK0mXICI,https://www.youtube.com/watch?v=aKCPK0mXICI,🌹DIY Valentine’s Day Designer Candle | Step-by-Step Candle Making Tutorial,531.0,storyboard,7,56.32,64.36,8.04,https://youtu.be/aKCPK0mXICI?t=56s,decorate_finish,finish,1,0.5,Placing moulded white wax shapes into the clear glass.,ggg? ir,0,0.0,0.039,0.227,0.507,0.075,"#b9aca1,#8a7469,#593f37",1,,
aKCPK0mXICI,https://www.youtube.com/watch?v=aKCPK0mXICI,🌹DIY Valentine’s Day Designer Candle | Step-by-Step Candle Making Tutorial,531.0,storyboard,10,80.45,88.5,8.05,https://youtu.be/aKCPK0mXICI?t=80s,decorate_finish,finish,1,0.5,Placing moulded white wax shapes into the clear glass.,,0,0.0,0.015,0.099,0.557,0.084,"#b8aba1,#8a7368,#56352f",1,,
aKCPK0mXICI,https://www.youtube.com/watch?v=aKCPK0mXICI,🌹DIY Valentine’s Day Designer Candle | Step-by-Step Candle Making Tutorial,531.0,storyboard,13,104.59,112.64,8.05,https://youtu.be/aKCPK0mXICI?t=105s,decorate_finish,finish,1,0.5,Placing moulded white wax shapes into the clear glass.,,0,0.0,0.011,0.114,0.55,0.077,"#b0a197,#877369,#603d38",1,,
aKCPK0mXICI,https://www.youtube.com/watch?v=aKCPK0mXICI,🌹DIY Valentine’s Day Designer Candle | Step-by-Step Candle Making Tutorial,531.0,storyboard,16,128.73,136.77,8.04,https://youtu.be/aKCPK0mXICI?t=129s,decorate_finish,finish,1,0.5,Placing moulded white wax shapes into the clear glass.,,0,0.0,0.006,0.072,0.565,0.073,"#b2a499,#8c786e,#6b4a43",1,,
aKCPK0mXICI,https://www.youtube.com/watch?v=aKCPK0mXICI,🌹DIY Valentine’s Day Designer Candle | Step-by-Step Candle Making Tutorial,531.0,storyboard,19,152.86,160.91,8.05,https://youtu.be/aKCPK0mXICI?t=153s,decorate_finish,finish,1,0.5,Placing moulded white wax shapes into the clear glass.,ae aa ait 2 7 33 4,1,0.0,0.051,0.086,0.543,0.14,"#baaba1,#8e7169,#622e31",1,,
aKCPK0mXICI,https://www.youtube.com/watch?v=aKCPK0mXICI,🌹DIY Valentine’s Day Designer Candle | Step-by-Step Candle Making Tutorial,531.0,storyboard,22,177.0,185.05,8.05,https://youtu.be/aKCPK0mXICI?t=177s,decorate_finish,finish,1,0.5,Placing moulded white wax shapes into the clear glass.,7 7 SS,0,0.0,0.046,0.094,0.549,0.116,"#b9aba0,#8e746a,#5f3634",1,,
aKCPK0mXICI,https://www.youtube.com/watch?v=aKCPK0mXICI,🌹DIY Valentine’s Day Designer Candle | Step-by-Step Candle Making Tutorial,531.0,storyboard,30,241.36,249.41,8.05,https://youtu.be/aKCPK0mXICI?t=241s,decorate_finish,finish,1,0.5,"Decorating the Valentine candle (hearts, white shapes, red decor).",si eS SS ES St Ve sa,1,0.0,0.045,0.108,0.525,0.136,"#9a7e73,#b9aba1,#764a42",1,,
aKCPK0mXICI,https://www.youtube.com/watch?v=aKCPK0mXICI,🌹DIY Valentine’s Day Designer Candle | Step-by-Step Candle Making Tutorial,531.0,storyboard,31,249.41,257.45,8.04,https://youtu.be/aKCPK0mXICI?t=249s,decorate_finish,finish,1,0.5,Prepping the glass / arranging shapes.,4 Bio oS ae yt,1,0.0,0.045,0.0,0.533,0.113,"#b9aaa0,#91776d,#69423d",1,,
aKCPK0mXICI,https://www.youtube.com/watch?v=aKCPK0mXICI,🌹DIY Valentine’s Day Designer Candle | Step-by-Step Candle Making Tutorial,531.0,storyboard,32,257.45,265.5,8.05,https://youtu.be/aKCPK0mXICI?t=257s,decorate_finish,finish,1,0.5,"Decorating the Valentine candle (hearts, white shapes, red decor).",Se re eS Emm,1,0.0,0.085,0.109,0.535,0.108,"#b6a79d,#8e746a,#4d3832",1,,
aKCPK0mXICI,https://www.youtube.com/watch?v=aKCPK0mXICI,🌹DIY Valentine’s Day Designer Candle | Step-by-Step Candle Making Tutorial,531.0,storyboard,33,265.5,273.55,8.05,https://youtu.be/aKCPK0mXICI?t=266s,decorate_finish,finish,1,0.5,"Decorating the Valentine candle (hearts, white shapes, red decor).","eaten ee Bnet SS,",1,0.0,0.047,0.018,0.544,0.102,"#b8a89e,#907168,#372521",1,,
aKCPK0mXICI,https://www.youtube.com/watch?v=aKCPK0mXICI,🌹DIY Valentine’s Day Designer Candle | Step-by-Step Candle Making Tutorial,531.0,storyboard,34,273.55,281.59,8.04,https://youtu.be/aKCPK0mXICI?t=274s,decorate_finish,finish,1,0.5,"Decorating the Valentine candle (hearts, white shapes, red decor).",,0,0.0,0.084,0.0,0.551,0.105,"#b7a89d,#92776e,#533632",1,,
aKCPK0mXICI,https://www.youtube.com/watch?v=aKCPK0mXICI,🌹DIY Valentine’s Day Designer Candle | Step-by-Step Candle Making Tutorial,531.0,storyboard,35,281.59,289.64,8.05,https://youtu.be/aKCPK0mXICI?t=282s,decorate_finish,finish,1,0.5,Prepping the glass / arranging shapes.,5. en ese 5 eo,1,0.0,0.039,0.087,0.549,0.108,"#b5aa9e,#967d73,#775049",1,,
aKCPK0mXICI,https://www.youtube.com/watch?v=aKCPK0mXICI,🌹DIY Valentine’s Day Designer Candle | Step-by-Step Candle Making Tutorial,531.0,storyboard,36,289.64,297.68,8.04,https://youtu.be/aKCPK0mXICI?t=290s,decorate_finish,finish,1,0.5,"Decorating the Valentine candle (hearts, white shapes, red decor).",4 2 4 Sid ms oo,1,0.0,0.023,0.119,0.52,0.118,"#967c71,#c1b5a9,#603d39",1,,
aKCPK0mXICI,https://www.youtube.com/watch?v=aKCPK0mXICI,🌹DIY Valentine’s Day Designer Candle | Step-by-Step Candle Making Tutorial,531.0,storyboard,37,297.68,305.73,8.05,https://youtu.be/aKCPK0mXICI?t=298s,decorate_finish,finish,1,0.5,"Decorating the Valentine candle (hearts, white shapes, red decor).",te Eau ey wow,1,0.0,0.03,0.0,0.536,0.119,"#beb2a7,#927c71,#623937",1,,
aKCPK0mXICI,https://www.youtube.com/watch?v=aKCPK0mXICI,🌹DIY Valentine’s Day Designer Candle | Step-by-Step Candle Making Tutorial,531.0,storyboard,38,305.73,313.77,8.04,https://youtu.be/aKCPK0mXICI?t=306s,decorate_finish,finish,1,0.5,"Decorating the Valentine candle (hearts, white shapes, red decor).","te, OSey",1,0.0,0.029,0.152,0.545,0.126,"#bbaea3,#95776e,#683534",1,,
aKCPK0mXICI,https://www.youtube.com/watch?v=aKCPK0mXICI,🌹DIY Valentine’s Day Designer Candle | Step-by-Step Candle Making Tutorial,531.0,storyboard,39,313.77,321.82,8.05,https://youtu.be/aKCPK0mXICI?t=314s,decorate_finish,finish,1,0.5,"Decorating the Valentine candle (hearts, white shapes, red decor).",,0,0.0,0.019,0.0,0.546,0.127,"#b8aaa0,#92786d,#76403f",1,,
aKCPK0mXICI,https://www.youtube.com/watch?v=aKCPK0mXICI,🌹DIY Valentine’s Day Designer Candle | Step-by-Step Candle Making Tutorial,531.0,storyboard,40,321.82,329.86,8.04,https://youtu.be/aKCPK0mXICI?t=322s,decorate_finish,finish,1,0.5,"Decorating the Valentine candle (hearts, white shapes, red decor).","to. Ned,",1,0.0,0.02,0.024,0.558,0.124,"#b9aca1,#93756c,#6a3434",1,,
aKCPK0mXICI,https://www.youtube.com/watch?v=aKCPK0mXICI,🌹DIY Valentine’s Day Designer Candle | Step-by-Step Candle Making Tutorial,531.0,storyboard,41,329.86,337.91,8.05,https://youtu.be/aKCPK0mXICI?t=330s,decorate_finish,finish,1,0.5,"Decorating the Valentine candle (hearts, white shapes, red decor).",ar ey ail,1,0.0,0.013,0.043,0.55,0.122,"#baada2,#91766d,#6a3938",1,,
aKCPK0mXICI,https://www.youtube.com/watch?v=aKCPK0mXICI,🌹DIY Valentine’s Day Designer Candle | Step-by-Step Candle Making Tutorial,531.0,storyboard,42,337.91,345.95,8.04,https://youtu.be/aKCPK0mXICI?t=338s,decorate_finish,finish,1,0.5,"Decorating the Valentine candle (hearts, white shapes, red decor).",,0,0.0,0.012,0.0,0.558,0.14,"#b9aba1,#967a70,#793f3f",1,,
aKCPK0mXICI,https://www.youtube.com/watch?v=aKCPK0mXICI,🌹DIY Valentine’s Day Designer Candle | Step-by-Step Candle Making Tutorial,531.0,storyboard,43,345.95,354.0,8.05,https://youtu.be/aKCPK0mXICI?t=346s,decorate_finish,finish,1,0.5,"Decorating the Valentine candle (hearts, white shapes, red decor).",,0,0.0,0.015,0.04,0.55,0.138,"#b9aba0,#94766e,#723639",1,,
aKCPK0mXICI,https://www.youtube.com/watch?v=aKCPK0mXICI,🌹DIY Valentine’s Day Designer Candle | Step-by-Step Candle Making Tutorial,531.0,storyboard,44,354.0,362.05,8.05,https://youtu.be/aKCPK0mXICI?t=354s,decorate_finish,finish,1,0.5,"Decorating the Valentine candle (hearts, white shapes, red decor).",,0,0.0,0.006,0.091,0.557,0.097,"#baaca2,#8e796d,#6b3d3b",1,,
aKCPK0mXICI,https://www.youtube.com/watch?v=aKCPK0mXICI,🌹DIY Valentine’s Day Designer Candle | Step-by-Step Candle Making Tutorial,531.0,storyboard,50,402.27,410.32,8.05,https://youtu.be/aKCPK0mXICI?t=402s,decorate_finish,finish,1,0.5,"Decorating the Valentine candle (hearts, white shapes, red decor).",,0,0.0,0.014,0.0,0.529,0.13,"#bcaea3,#8f796e,#713738",1,,
aKCPK0mXICI,https://www.youtube.com/watch?v=aKCPK0mXICI,🌹DIY Valentine’s Day Designer Candle | Step-by-Step Candle Making Tutorial,531.0,storyboard,51,410.32,418.36,8.04,https://youtu.be/aKCPK0mXICI?t=410s,decorate_finish,finish,1,0.5,"Decorating the Valentine candle (hearts, white shapes, red decor).",,0,0.0,0.001,0.126,0.55,0.113,"#bcb0a5,#8d786d,#6b3636",1,,
aKCPK0mXICI,https://www.youtube.com/watch?v=aKCPK0mXICI,🌹DIY Valentine’s Day Designer Candle | Step-by-Step Candle Making Tutorial,531.0,storyboard,52,418.36,426.41,8.05,https://youtu.be/aKCPK0mXICI?t=418s,decorate_finish,finish,1,0.5,"Decorating the Valentine candle (hearts, white shapes, red decor).",,0,0.0,0.006,0.071,0.538,0.12,"#baada2,#8c756a,#6a3333",1,,
aKCPK0mXICI,https://www.youtube.com/watch?v=aKCPK0mXICI,🌹DIY Valentine’s Day Designer Candle | Step-by-Step Candle Making Tutorial,531.0,storyboard,53,426.41,434.45,8.04,https://youtu.be/aKCPK0mXICI?t=426s,decorate_finish,finish,1,0.5,"Decorating the Valentine candle (hearts, white shapes, red decor).",,0,0.0,0.005,0.0,0.534,0.118,"#baada2,#8d756b,#673333",1,,
aKCPK0mXICI,https://www.youtube.com/watch?v=aKCPK0mXICI,🌹DIY Valentine’s Day Designer Candle | Step-by-Step Candle Making Tutorial,531.0,storyboard,54,434.45,442.5,8.05,https://youtu.be/aKCPK0mXICI?t=434s,decorate_finish,finish,1,0.5,"Decorating the Valentine candle (hearts, white shapes, red decor).",,0,0.0,0.007,0.06,0.532,0.116,"#baada2,#8d766c,#693635",1,,
aKCPK0mXICI,https://www.youtube.com/watch?v=aKCPK0mXICI,🌹DIY Valentine’s Day Designer Candle | Step-by-Step Candle Making Tutorial,531.0,storyboard,55,442.5,450.55,8.05,https://youtu.be/aKCPK0mXICI?t=442s,decorate_finish,finish,1,0.5,"Decorating the Valentine candle (hearts, white shapes, red decor).",os al gg ae 5,1,0.0,0.024,0.065,0.538,0.114,"#b9aca1,#8c7368,#6b3634",1,,
aKCPK0mXICI,https://www.youtube.com/watch?v=aKCPK0mXICI,🌹DIY Valentine’s Day Designer Candle | Step-by-Step Candle Making Tutorial,531.0,storyboard,56,450.55,458.59,8.04,https://youtu.be/aKCPK0mXICI?t=451s,decorate_finish,finish,1,0.5,"Decorating the Valentine candle (hearts, white shapes, red decor).",,0,0.0,0.018,0.0,0.526,0.1,"#baada2,#8d756a,#5d3330",1,,
aKCPK0mXICI,https://www.youtube.com/watch?v=aKCPK0mXICI,🌹DIY Valentine’s Day Designer Candle | Step-by-Step Candle Making Tutorial,531.0,storyboard,57,458.59,466.64,8.05,https://youtu.be/aKCPK0mXICI?t=459s,decorate_finish,finish,1,0.5,"Decorating the Valentine candle (hearts, white shapes, red decor).",,0,0.0,0.015,0.092,0.529,0.103,"#baaca1,#8f7a6e,#653735",1,,
aKCPK0mXICI,https://www.youtube.com/watch?v=aKCPK0mXICI,🌹DIY Valentine’s Day Designer Candle | Step-by-Step Candle Making Tutorial,531.0,storyboard,58,466.64,474.68,8.04,https://youtu.be/aKCPK0mXICI?t=467s,decorate_finish,finish,1,0.5,"Decorating the Valentine candle (hearts, white shapes, red decor).",,0,0.0,0.015,0.049,0.532,0.101,"#b9aba0,#8e786d,#683b37",1,,
aKCPK0mXICI,https://www.youtube.com/watch?v=aKCPK0mXICI,🌹DIY Valentine’s Day Designer Candle | Step-by-Step Candle Making Tutorial,531.0,storyboard,59,474.68,482.73,8.05,https://youtu.be/aKCPK0mXICI?t=475s,decorate_finish,finish,1,0.5,"Decorating the Valentine candle (hearts, white shapes, red decor).",,0,0.0,0.018,0.0,0.537,0.106,"#b9aba0,#8c7469,#6a3837",1,,
aKCPK0mXICI,https://www.youtube.com/watch?v=aKCPK0mXICI,🌹DIY Valentine’s Day Designer Candle | Step-by-Step Candle Making Tutorial,531.0,storyboard,60,482.73,490.77,8.04,https://youtu.be/aKCPK0mXICI?t=483s,decorate_finish,finish,1,0.5,"Decorating the Valentine candle (hearts, white shapes, red decor).",1 Lo rae at 4,1,0.0,0.017,0.095,0.541,0.101,"#bfb3a7,#907a6e,#684139",1,,
aKCPK0mXICI,https://www.youtube.com/watch?v=aKCPK0mXICI,🌹DIY Valentine’s Day Designer Candle | Step-by-Step Candle Making Tutorial,531.0,storyboard,61,490.77,498.82,8.05,https://youtu.be/aKCPK0mXICI?t=491s,decorate_finish,finish,1,0.5,"Decorating the Valentine candle (hearts, white shapes, red decor).",,0,0.0,0.012,0.0,0.532,0.101,"#bcb0a4,#8d776c,#6a3f39",1,,
aKCPK0mXICI,https://www.youtube.com/watch?v=aKCPK0mXICI,🌹DIY Valentine’s Day Designer Candle | Step-by-Step Candle Making Tutorial,531.0,storyboard,62,498.82,506.86,8.04,https://youtu.be/aKCPK0mXICI?t=499s,decorate_finish,finish,1,0.5,"Decorating the Valentine candle (hearts, white shapes, red decor).",,0,0.0,0.01,0.087,0.548,0.103,"#b7a89e,#887267,#653232",1,,
aKCPK0mXICI,https://www.youtube.com/watch?v=aKCPK0mXICI,🌹DIY Valentine’s Day Designer Candle | Step-by-Step Candle Making Tutorial,531.0,storyboard,63,506.86,514.91,8.05,https://youtu.be/aKCPK0mXICI?t=507s,decorate_finish,finish,1,0.5,"Decorating the Valentine candle (hearts, white shapes, red decor).",2 op,0,0.0,0.013,0.103,0.522,0.117,"#bcb0a5,#897267,#5d2528",1,,
b1S_cWpGUbM,https://www.youtube.com/watch?v=b1S_cWpGUbM,DIY ALL NATURAL & NON TOXIC CANDLES,563.0,storyboard,52,418.23,426.27,8.04,https://youtu.be/b1S_cWpGUbM?t=418s,decorate_finish,finish,1,0.5,Lidding/labelling & cleaning the jars.,7 AN,0,0.0,0.03,0.208,0.367,0.103,"#846246,#281912,#cac5c9",1,,
b1S_cWpGUbM,https://www.youtube.com/watch?v=b1S_cWpGUbM,DIY ALL NATURAL & NON TOXIC CANDLES,563.0,storyboard,53,426.27,434.31,8.04,https://youtu.be/b1S_cWpGUbM?t=426s,decorate_finish,finish,1,0.5,Lidding/labelling & cleaning the jars.,,0,0.0,0.024,0.0,0.465,0.165,"#9c7c57,#c1a8a9,#150c0e",1,,
b1S_cWpGUbM,https://www.youtube.com/watch?v=b1S_cWpGUbM,DIY ALL NATURAL & NON TOXIC CANDLES,563.0,storyboard,54,434.31,442.36,8.05,https://youtu.be/b1S_cWpGUbM?t=434s,decorate_finish,finish,1,0.5,Lidding/labelling & cleaning the jars.,,0,0.0,0.036,0.141,0.424,0.134,"#836752,#3a2b1d,#beb7ba",1,,
b1S_cWpGUbM,https://www.youtube.com/watch?v=b1S_cWpGUbM,DIY ALL NATURAL & NON TOXIC CANDLES,563.0,storyboard,55,442.36,450.4,8.04,https://youtu.be/b1S_cWpGUbM?t=442s,decorate_finish,finish,1,0.5,Lidding/labelling & cleaning the jars.,5 Re,0,0.0,0.069,0.525,0.511,0.122,"#d1c8c1,#b7a798,#f8e1b9",1,,
b1S_cWpGUbM,https://www.youtube.com/watch?v=b1S_cWpGUbM,DIY ALL NATURAL & NON TOXIC CANDLES,563.0,storyboard,56,450.4,458.44,8.04,https://youtu.be/b1S_cWpGUbM?t=450s,decorate_finish,finish,1,0.5,Lidding/labelling & cleaning the jars.,ee me pe om,1,0.0,0.021,0.175,0.443,0.112,"#886858,#583b2d,#ae9292",1,,
b1S_cWpGUbM,https://www.youtube.com/watch?v=b1S_cWpGUbM,DIY ALL NATURAL & NON TOXIC CANDLES,563.0,storyboard,57,458.44,466.49,8.05,https://youtu.be/b1S_cWpGUbM?t=458s,decorate_finish,finish,1,0.5,Prepping the jars.,,0,0.0,0.005,0.07,0.429,0.109,"#8b6e55,#7b5c44,#9f8e7e",1,,
b1S_cWpGUbM,https://www.youtube.com/watch?v=b1S_cWpGUbM,DIY ALL NATURAL & NON TOXIC CANDLES,563.0,storyboard,58,466.49,474.53,8.04,https://youtu.be/b1S_cWpGUbM?t=466s,decorate_finish,finish,1,0.5,Lidding/labelling & cleaning the jars.,,0,0.0,0.018,0.0,0.449,0.108,"#91725c,#7b5c48,#bfa09f",1,,
bOutp9y0oxE,https://www.youtube.com/watch?v=bOutp9y0oxE,Tealight Candle Making At Home 😱/ Tea Light Candles Holder / diwali decoration Idea 2025/DIY Candle🥰,83.0,storyboard,6,49.8,58.1,8.3,https://youtu.be/bOutp9y0oxE?t=50s,decorate_finish,finish,1,0.5,Hands hold the set candle and begin peeling the paper cup away from the moulded pink wax.,Anishatraftstocas SUBSCRIBE ath 7,1,0.0,0.036,0.103,0.712,0.228,"#f1e9f2,#c98182,#853c37",1,,
bOutp9y0oxE,https://www.youtube.com/watch?v=bOutp9y0oxE,Tealight Candle Making At Home 😱/ Tea Light Candles Holder / diwali decoration Idea 2025/DIY Candle🥰,83.0,storyboard,7,58.1,66.4,8.3,https://youtu.be/bOutp9y0oxE?t=58s,decorate_finish,finish,1,0.55,"The paper cup is peeled off and trimmed with scissors, unmoulding the pink candle.",FAnishariraftslocast bX suascriBe,1,0.0,0.034,0.217,0.728,0.207,"#e7e5ec,#904b48,#ce91a3",1,,
brD2ddLQmmY,https://www.youtube.com/watch?v=brD2ddLQmmY,satisfying candle making full process,303.0,storyboard,12,95.68,103.66,7.98,https://youtu.be/brD2ddLQmmY?t=96s,decorate_finish,finish,1,0.5,Shaping/dipping a tall purple draped candle by hand.,wy wh pail sf Pa phy,1,0.0,0.185,0.061,0.468,0.163,"#887374,#39323f,#cac1bb",1,,
brD2ddLQmmY,https://www.youtube.com/watch?v=brD2ddLQmmY,satisfying candle making full process,303.0,storyboard,14,111.63,119.61,7.98,https://youtu.be/brD2ddLQmmY?t=112s,decorate_finish,finish,1,0.5,Shaping/dipping a tall purple draped candle by hand.,vee As Me,1,0.0,0.152,0.05,0.472,0.167,"#8b7475,#3c333d,#ccc0b9",1,,
brD2ddLQmmY,https://www.youtube.com/watch?v=brD2ddLQmmY,satisfying candle making full process,303.0,storyboard,15,119.61,127.58,7.97,https://youtu.be/brD2ddLQmmY?t=120s,decorate_finish,finish,1,0.5,Shaping/dipping a tall purple draped candle by hand.,4,0,0.0,0.172,0.049,0.472,0.162,"#8a7576,#39323c,#cbc2bb",1,,
brD2ddLQmmY,https://www.youtube.com/watch?v=brD2ddLQmmY,satisfying candle making full process,303.0,storyboard,16,127.58,135.55,7.97,https://youtu.be/brD2ddLQmmY?t=128s,decorate_finish,finish,1,0.5,Shaping/dipping a tall purple draped candle by hand.,aly,0,0.0,0.167,0.0,0.474,0.163,"#887173,#cdbdb4,#372f3c",1,,
brD2ddLQmmY,https://www.youtube.com/watch?v=brD2ddLQmmY,satisfying candle making full process,303.0,storyboard,17,135.55,143.53,7.98,https://youtu.be/brD2ddLQmmY?t=136s,decorate_finish,finish,1,0.5,Shaping/dipping a tall purple draped candle by hand.,Wen 3 Rae BT,1,0.0,0.156,0.043,0.472,0.165,"#8a7476,#39313f,#cac3be",1,,
brD2ddLQmmY,https://www.youtube.com/watch?v=brD2ddLQmmY,satisfying candle making full process,303.0,storyboard,18,143.53,151.5,7.97,https://youtu.be/brD2ddLQmmY?t=144s,decorate_finish,finish,1,0.5,Shaping/dipping a tall purple draped candle by hand.,4 ie iw.,1,0.0,0.17,0.0,0.464,0.166,"#8d787a,#38303c,#cfc3ba",1,,
brD2ddLQmmY,https://www.youtube.com/watch?v=brD2ddLQmmY,satisfying candle making full process,303.0,storyboard,19,151.5,159.47,7.97,https://youtu.be/brD2ddLQmmY?t=152s,decorate_finish,finish,1,0.5,Shaping/dipping a tall purple draped candle by hand.,me GsJ td Fae. BY as ia,1,0.0,0.127,0.053,0.471,0.164,"#8c7778,#37313d,#c8c3bf",1,,
brD2ddLQmmY,https://www.youtube.com/watch?v=brD2ddLQmmY,satisfying candle making full process,303.0,storyboard,20,159.47,167.45,7.98,https://youtu.be/brD2ddLQmmY?t=159s,decorate_finish,finish,1,0.5,Shaping/dipping a tall purple draped candle by hand.,,0,0.0,0.164,0.041,0.473,0.165,"#8f7778,#3c3441,#cdc6c2",1,,
brD2ddLQmmY,https://www.youtube.com/watch?v=brD2ddLQmmY,satisfying candle making full process,303.0,storyboard,21,167.45,175.42,7.97,https://youtu.be/brD2ddLQmmY?t=167s,decorate_finish,finish,1,0.5,Shaping/dipping a tall purple draped candle by hand.,4,0,0.0,0.14,0.0,0.467,0.166,"#8a7475,#3c333e,#cbc0bb",1,,
brD2ddLQmmY,https://www.youtube.com/watch?v=brD2ddLQmmY,satisfying candle making full process,303.0,storyboard,22,175.42,183.39,7.97,https://youtu.be/brD2ddLQmmY?t=175s,decorate_finish,finish,1,0.5,Shaping/dipping a tall purple draped candle by hand.,,0,0.0,0.146,0.063,0.464,0.161,"#8a777b,#36303d,#c6c4c2",1,,
brD2ddLQmmY,https://www.youtube.com/watch?v=brD2ddLQmmY,satisfying candle making full process,303.0,storyboard,23,183.39,191.37,7.98,https://youtu.be/brD2ddLQmmY?t=183s,decorate_finish,finish,1,0.5,Shaping/dipping a tall purple draped candle by hand.,wy ia 4 ey,1,0.0,0.175,0.066,0.47,0.166,"#8d797d,#383240,#c8c4c2",1,,
brD2ddLQmmY,https://www.youtube.com/watch?v=brD2ddLQmmY,satisfying candle making full process,303.0,storyboard,24,191.37,199.34,7.97,https://youtu.be/brD2ddLQmmY?t=191s,decorate_finish,finish,1,0.5,Shaping/dipping a tall purple draped candle by hand.,ia 4 4 iF gi if we rh qx,1,0.0,0.193,0.0,0.465,0.158,"#90797b,#3c3542,#ccc4c0",1,,
brD2ddLQmmY,https://www.youtube.com/watch?v=brD2ddLQmmY,satisfying candle making full process,303.0,storyboard,25,199.34,207.32,7.98,https://youtu.be/brD2ddLQmmY?t=199s,decorate_finish,finish,1,0.5,Shaping/dipping a tall purple draped candle by hand.,ce,0,0.0,0.181,0.06,0.471,0.164,"#937d7f,#3e3644,#d1c3bd",1,,
brD2ddLQmmY,https://www.youtube.com/watch?v=brD2ddLQmmY,satisfying candle making full process,303.0,storyboard,26,207.32,215.29,7.97,https://youtu.be/brD2ddLQmmY?t=207s,decorate_finish,finish,1,0.5,Shaping/dipping a tall purple draped candle by hand.,Ma Vy ah: Ly,1,0.0,0.15,0.049,0.469,0.155,"#8a7675,#3a3440,#cac0bb",1,,
brD2ddLQmmY,https://www.youtube.com/watch?v=brD2ddLQmmY,satisfying candle making full process,303.0,storyboard,27,215.29,223.26,7.97,https://youtu.be/brD2ddLQmmY?t=215s,decorate_finish,finish,1,0.5,Shaping/dipping a tall purple draped candle by hand.,cA. Agi DM wi aS ar 44,1,0.0,0.146,0.0,0.466,0.158,"#897578,#39333e,#cec4be",1,,
brD2ddLQmmY,https://www.youtube.com/watch?v=brD2ddLQmmY,satisfying candle making full process,303.0,storyboard,28,223.26,231.24,7.98,https://youtu.be/brD2ddLQmmY?t=223s,decorate_finish,finish,1,0.5,Shaping/dipping a tall purple draped candle by hand.,iat wo,0,0.0,0.15,0.05,0.467,0.17,"#927773,#39323e,#c6bfbb",1,,
brD2ddLQmmY,https://www.youtube.com/watch?v=brD2ddLQmmY,satisfying candle making full process,303.0,storyboard,29,231.24,239.21,7.97,https://youtu.be/brD2ddLQmmY?t=231s,decorate_finish,finish,1,0.5,Shaping/dipping a tall purple draped candle by hand.,us 7 ee bol,1,0.0,0.168,0.289,0.545,0.162,"#978490,#e3d9d6,#42394c",1,,
c2l0eQnhwiE,https://www.youtube.com/watch?v=c2l0eQnhwiE,Candle making ASMR | small business TikTok compilation,603.0,storyboard,6,48.24,56.28,8.04,https://youtu.be/c2l0eQnhwiE?t=48s,decorate_finish,finish,1,0.4,Whipping/piping or embedding decor on a candle (ASMR clip).,4,0,0.0,0.021,0.105,0.433,0.275,"#8b242e,#986c68,#baa8a0",1,,
c2l0eQnhwiE,https://www.youtube.com/watch?v=c2l0eQnhwiE,Candle making ASMR | small business TikTok compilation,603.0,storyboard,12,96.48,104.52,8.04,https://youtu.be/c2l0eQnhwiE?t=96s,decorate_finish,finish,1,0.4,Whipping/piping or embedding decor on a candle (ASMR clip).,be Twa. ey,1,0.0,0.072,0.217,0.418,0.087,"#817d7b,#59565e,#9ea4a5",1,,
c2l0eQnhwiE,https://www.youtube.com/watch?v=c2l0eQnhwiE,Candle making ASMR | small business TikTok compilation,603.0,storyboard,18,144.72,152.76,8.04,https://youtu.be/c2l0eQnhwiE?t=145s,decorate_finish,finish,1,0.4,Whipping/piping or embedding decor on a candle (ASMR clip).,foe,0,0.0,0.018,0.215,0.48,0.117,"#857154,#512f17,#c6b9ae",1,,
c2l0eQnhwiE,https://www.youtube.com/watch?v=c2l0eQnhwiE,Candle making ASMR | small business TikTok compilation,603.0,storyboard,24,192.96,201.0,8.04,https://youtu.be/c2l0eQnhwiE?t=193s,decorate_finish,finish,1,0.4,Whipping/piping or embedding decor on a candle (ASMR clip).,ote,0,0.0,0.018,0.16,0.616,0.061,"#d3c7ce,#917a78,#b5a5aa",1,,
c2l0eQnhwiE,https://www.youtube.com/watch?v=c2l0eQnhwiE,Candle making ASMR | small business TikTok compilation,603.0,storyboard,30,241.2,249.24,8.04,https://youtu.be/c2l0eQnhwiE?t=241s,decorate_finish,finish,1,0.4,Whipping/piping or embedding decor on a candle (ASMR clip).,aad 4,0,0.0,0.074,0.235,0.526,0.102,"#a18b77,#3c3633,#d9cbb8",1,,
c2l0eQnhwiE,https://www.youtube.com/watch?v=c2l0eQnhwiE,Candle making ASMR | small business TikTok compilation,603.0,storyboard,36,289.44,297.48,8.04,https://youtu.be/c2l0eQnhwiE?t=289s,decorate_finish,finish,1,0.4,Whipping/piping or embedding decor on a candle (ASMR clip).,"rr,",0,0.0,0.056,0.184,0.555,0.08,"#c5c2bf,#797d80,#354051",1,,
c2l0eQnhwiE,https://www.youtube.com/watch?v=c2l0eQnhwiE,Candle making ASMR | small business TikTok compilation,603.0,storyboard,42,337.68,345.72,8.04,https://youtu.be/c2l0eQnhwiE?t=338s,decorate_finish,finish,1,0.4,Whipping/piping or embedding decor on a candle (ASMR clip).,,0,0.0,0.052,0.265,0.66,0.035,"#c3c1c5,#303945,#838087",1,,
c2l0eQnhwiE,https://www.youtube.com/watch?v=c2l0eQnhwiE,Candle making ASMR | small business TikTok compilation,603.0,storyboard,48,385.92,393.96,8.04,https://youtu.be/c2l0eQnhwiE?t=386s,decorate_finish,finish,1,0.4,Whipping/piping or embedding decor on a candle (ASMR clip).,be,0,0.0,0.053,0.341,0.485,0.16,"#3c322d,#6a5c52,#a89789",1,,
c2l0eQnhwiE,https://www.youtube.com/watch?v=c2l0eQnhwiE,Candle making ASMR | small business TikTok compilation,603.0,storyboard,54,434.16,442.2,8.04,https://youtu.be/c2l0eQnhwiE?t=434s,decorate_finish,finish,1,0.4,Whipping/piping or embedding decor on a candle (ASMR clip).,ic,0,0.0,0.049,0.155,0.547,0.2,"#8a5957,#c97f94,#dbbdc8",1,,
c2l0eQnhwiE,https://www.youtube.com/watch?v=c2l0eQnhwiE,Candle making ASMR | small business TikTok compilation,603.0,storyboard,60,482.4,490.44,8.04,https://youtu.be/c2l0eQnhwiE?t=482s,decorate_finish,finish,1,0.4,Whipping/piping or embedding decor on a candle (ASMR clip).,,0,0.0,0.036,0.18,0.671,0.136,"#e5d4de,#be949c,#a05060",1,,
c2l0eQnhwiE,https://www.youtube.com/watch?v=c2l0eQnhwiE,Candle making ASMR | small business TikTok compilation,603.0,storyboard,66,530.64,538.68,8.04,https://youtu.be/c2l0eQnhwiE?t=531s,decorate_finish,finish,1,0.4,Whipping/piping or embedding decor on a candle (ASMR clip).,ae,0,0.0,0.052,0.229,0.397,0.164,"#a3585d,#af9597,#753238",1,,
cVJ98lkY3D4,https://www.youtube.com/watch?v=cVJ98lkY3D4,How To Make A Beeswax Candle | Beeswax Candle Making Tutorial,391.0,storyboard,14,111.71,119.69,7.98,https://youtu.be/cVJ98lkY3D4?t=112s,decorate_finish,finish,1,0.45,Shaping/rolling beeswax on the white surface.,kar,0,0.0,0.07,0.168,0.533,0.112,"#c9c8bf,#453525,#978173",1,,
cVJ98lkY3D4,https://www.youtube.com/watch?v=cVJ98lkY3D4,How To Make A Beeswax Candle | Beeswax Candle Making Tutorial,391.0,storyboard,15,119.69,127.67,7.98,https://youtu.be/cVJ98lkY3D4?t=120s,decorate_finish,finish,1,0.45,Shaping/rolling beeswax on the white surface.,3 ae,0,0.0,0.073,0.113,0.508,0.123,"#c2c1ba,#403223,#957e6f",1,,
cVJ98lkY3D4,https://www.youtube.com/watch?v=cVJ98lkY3D4,How To Make A Beeswax Candle | Beeswax Candle Making Tutorial,391.0,storyboard,16,127.67,135.65,7.98,https://youtu.be/cVJ98lkY3D4?t=128s,decorate_finish,finish,1,0.45,Shaping/rolling beeswax on the white surface.,Ur ar pm,1,0.0,0.121,0.14,0.501,0.135,"#c4bfb0,#3b3021,#89786b",1,,
cVJ98lkY3D4,https://www.youtube.com/watch?v=cVJ98lkY3D4,How To Make A Beeswax Candle | Beeswax Candle Making Tutorial,391.0,storyboard,17,135.65,143.63,7.98,https://youtu.be/cVJ98lkY3D4?t=136s,decorate_finish,finish,1,0.45,Shaping/rolling beeswax on the white surface.,,0,0.0,0.097,0.136,0.508,0.113,"#b9c3be,#363a30,#858073",1,,
cVJ98lkY3D4,https://www.youtube.com/watch?v=cVJ98lkY3D4,How To Make A Beeswax Candle | Beeswax Candle Making Tutorial,391.0,storyboard,18,143.63,151.61,7.98,https://youtu.be/cVJ98lkY3D4?t=144s,decorate_finish,finish,1,0.45,Shaping/rolling beeswax on the white surface.,,0,0.0,0.076,0.156,0.529,0.112,"#cacbc1,#46382a,#9c8e7f",1,,
cVJ98lkY3D4,https://www.youtube.com/watch?v=cVJ98lkY3D4,How To Make A Beeswax Candle | Beeswax Candle Making Tutorial,391.0,storyboard,19,151.61,159.59,7.98,https://youtu.be/cVJ98lkY3D4?t=152s,decorate_finish,finish,1,0.45,Shaping/rolling beeswax on the white surface.,te aid,0,0.0,0.105,0.093,0.518,0.123,"#c3c3bd,#3f3020,#968474",1,,
cVJ98lkY3D4,https://www.youtube.com/watch?v=cVJ98lkY3D4,How To Make A Beeswax Candle | Beeswax Candle Making Tutorial,391.0,storyboard,20,159.59,167.57,7.98,https://youtu.be/cVJ98lkY3D4?t=160s,decorate_finish,finish,1,0.45,Shaping/rolling beeswax on the white surface.,43,0,0.0,0.13,0.119,0.517,0.125,"#c3c2bc,#433525,#8d7e6f",1,,
cVJ98lkY3D4,https://www.youtube.com/watch?v=cVJ98lkY3D4,How To Make A Beeswax Candle | Beeswax Candle Making Tutorial,391.0,storyboard,21,167.57,175.55,7.98,https://youtu.be/cVJ98lkY3D4?t=168s,decorate_finish,finish,1,0.45,Shaping/rolling beeswax on the white surface.,re ag 4 st acs,1,0.0,0.074,0.074,0.499,0.111,"#bdc1b8,#363529,#817a6d",1,,
cVJ98lkY3D4,https://www.youtube.com/watch?v=cVJ98lkY3D4,How To Make A Beeswax Candle | Beeswax Candle Making Tutorial,391.0,storyboard,22,175.55,183.53,7.98,https://youtu.be/cVJ98lkY3D4?t=176s,decorate_finish,finish,1,0.45,Shaping/rolling beeswax on the white surface.,Py,0,0.0,0.113,0.145,0.507,0.117,"#c5c4be,#413222,#928272",1,,
cVJ98lkY3D4,https://www.youtube.com/watch?v=cVJ98lkY3D4,How To Make A Beeswax Candle | Beeswax Candle Making Tutorial,391.0,storyboard,23,183.53,191.51,7.98,https://youtu.be/cVJ98lkY3D4?t=184s,decorate_finish,finish,1,0.45,Shaping/rolling beeswax on the white surface.,3 er 3,0,0.0,0.113,0.302,0.491,0.113,"#b8b5ac,#353024,#817658",1,,
cYCW1wpPtr4,https://www.youtube.com/watch?v=cYCW1wpPtr4,"Big Candle Making | Full Process, Wax Pour & ASMR 🕯✨ | Handmade Scented Candle",62.0,storyboard,0,0.0,7.75,7.75,https://youtu.be/cYCW1wpPtr4?t=0s,decorate_finish,finish,1,0.55,"Mauve background; hands lift a white moulded rose/peony candle out of its silicone mould (phone-edited, 'InShot').",4 2 Ree InShOt,1,0.0,0.028,0.113,0.518,0.102,"#9e8b78,#765c4a,#bab0a8",1,,
cYCW1wpPtr4,https://www.youtube.com/watch?v=cYCW1wpPtr4,"Big Candle Making | Full Process, Wax Pour & ASMR 🕯✨ | Handmade Scented Candle",62.0,storyboard,3,23.25,31.0,7.75,https://youtu.be/cYCW1wpPtr4?t=23s,decorate_finish,finish,1,0.55,Peeling a white silicone mould off a textured honeycomb candle; rose candles around.,"in on oe, wa 4 Lege nae ee Fri se Lp eG InShOt Sa",1,0.333,0.02,0.141,0.469,0.106,"#946f60,#6f412a,#b2a094",1,,
cYCW1wpPtr4,https://www.youtube.com/watch?v=cYCW1wpPtr4,"Big Candle Making | Full Process, Wax Pour & ASMR 🕯✨ | Handmade Scented Candle",62.0,storyboard,4,31.0,38.75,7.75,https://youtu.be/cYCW1wpPtr4?t=31s,decorate_finish,finish,1,0.55,A demoulded bubble candle and a pink rose candle; the wick is handled.,AX ys pd Ye 7,1,0.0,0.019,0.139,0.471,0.104,"#8f636a,#603b38,#bbadaf",1,,
cYCW1wpPtr4,https://www.youtube.com/watch?v=cYCW1wpPtr4,"Big Candle Making | Full Process, Wax Pour & ASMR 🕯✨ | Handmade Scented Candle",62.0,storyboard,5,38.75,46.5,7.75,https://youtu.be/cYCW1wpPtr4?t=39s,decorate_finish,finish,1,0.6,"Finished pink rose, white peony and bubble candles displayed.",InShOt,0,0.0,0.025,0.097,0.463,0.099,"#947867,#745b50,#c0bab4",1,,
cYCW1wpPtr4,https://www.youtube.com/watch?v=cYCW1wpPtr4,"Big Candle Making | Full Process, Wax Pour & ASMR 🕯✨ | Handmade Scented Candle",62.0,storyboard,6,46.5,54.25,7.75,https://youtu.be/cYCW1wpPtr4?t=46s,decorate_finish,finish,1,0.55,A teal rose candle is demoulded from a white silicone mould on a plate.,,0,0.0,0.011,0.11,0.564,0.091,"#aba5a0,#8b7d77,#5e443f",1,,
f1l30y3gm84,https://www.youtube.com/watch?v=f1l30y3gm84,"all things wax! | asmr, cleaning, candle making…",525.0,storyboard,29,230.68,238.64,7.96,https://youtu.be/f1l30y3gm84?t=231s,decorate_finish,finish,1,0.5,Shaping/whipping the coloured wax candle.,,0,0.0,0.069,0.285,0.679,0.111,"#e6d4d5,#ac8887,#654c4d",1,,
f1l30y3gm84,https://www.youtube.com/watch?v=f1l30y3gm84,"all things wax! | asmr, cleaning, candle making…",525.0,storyboard,30,238.64,246.59,7.95,https://youtu.be/f1l30y3gm84?t=239s,decorate_finish,finish,1,0.5,Shaping/whipping the coloured wax candle.,mf tty,0,0.0,0.111,0.277,0.658,0.123,"#eadedd,#b2a19a,#5b5046",1,,
f1l30y3gm84,https://www.youtube.com/watch?v=f1l30y3gm84,"all things wax! | asmr, cleaning, candle making…",525.0,storyboard,34,270.45,278.41,7.96,https://youtu.be/f1l30y3gm84?t=270s,decorate_finish,finish,1,0.5,Shaping/whipping the coloured wax candle.,SB 5 ia,0,0.0,0.21,0.0,0.623,0.189,"#ebd9d7,#564539,#b28674",1,,
f1l30y3gm84,https://www.youtube.com/watch?v=f1l30y3gm84,"all things wax! | asmr, cleaning, candle making…",525.0,storyboard,35,278.41,286.36,7.95,https://youtu.be/f1l30y3gm84?t=278s,decorate_finish,finish,1,0.5,Vivid coloured wax added.,RL Lm Se. ee MA 9 1 4,1,0.0,0.184,0.14,0.624,0.187,"#e7dbdc,#4e423f,#a67f76",1,,
f1l30y3gm84,https://www.youtube.com/watch?v=f1l30y3gm84,"all things wax! | asmr, cleaning, candle making…",525.0,storyboard,36,286.36,294.32,7.96,https://youtu.be/f1l30y3gm84?t=286s,decorate_finish,finish,1,0.5,Shaping/whipping the coloured wax candle.,Lm ff nei vs ae,1,0.0,0.22,0.097,0.62,0.197,"#ebdcde,#604a47,#c58c7a",1,,
f1l30y3gm84,https://www.youtube.com/watch?v=f1l30y3gm84,"all things wax! | asmr, cleaning, candle making…",525.0,storyboard,37,294.32,302.27,7.95,https://youtu.be/f1l30y3gm84?t=294s,decorate_finish,finish,1,0.5,Shaping/whipping the coloured wax candle.,2 Ea ai ra Ve ec: de se,1,0.0,0.276,0.0,0.587,0.203,"#eadada,#564541,#b68277",1,,
f1l30y3gm84,https://www.youtube.com/watch?v=f1l30y3gm84,"all things wax! | asmr, cleaning, candle making…",525.0,storyboard,41,326.14,334.09,7.95,https://youtu.be/f1l30y3gm84?t=326s,decorate_finish,finish,1,0.5,Shaping/whipping the coloured wax candle.,am. ae eae 3 wt ave 7 Neth oe As wee aR os ss,1,0.0,0.196,0.143,0.592,0.229,"#ebe0df,#5f403f,#bb7f6f",1,,
f1l30y3gm84,https://www.youtube.com/watch?v=f1l30y3gm84,"all things wax! | asmr, cleaning, candle making…",525.0,storyboard,45,357.95,365.91,7.96,https://youtu.be/f1l30y3gm84?t=358s,decorate_finish,finish,1,0.5,Shaping/whipping the coloured wax candle.,,0,0.0,0.082,0.0,0.633,0.157,"#deced0,#a5927b,#504836",1,,
f1l30y3gm84,https://www.youtube.com/watch?v=f1l30y3gm84,"all things wax! | asmr, cleaning, candle making…",525.0,storyboard,57,453.41,461.36,7.95,https://youtu.be/f1l30y3gm84?t=453s,decorate_finish,finish,1,0.5,Shaping/whipping the coloured wax candle.,Se ee dy 5,1,0.0,0.128,0.151,0.593,0.135,"#d2cbc7,#8f8f87,#4b3f40",1,,
f1l30y3gm84,https://www.youtube.com/watch?v=f1l30y3gm84,"all things wax! | asmr, cleaning, candle making…",525.0,storyboard,58,461.36,469.32,7.96,https://youtu.be/f1l30y3gm84?t=461s,decorate_finish,finish,1,0.5,Shaping/whipping the coloured wax candle.,Sams oS 2. cae,1,0.0,0.161,0.203,0.58,0.131,"#c1d3cf,#7b8482,#413039",1,,
f1l30y3gm84,https://www.youtube.com/watch?v=f1l30y3gm84,"all things wax! | asmr, cleaning, candle making…",525.0,storyboard,60,477.27,485.23,7.96,https://youtu.be/f1l30y3gm84?t=477s,decorate_finish,finish,1,0.5,Shaping/whipping the coloured wax candle.,aw ae Se 1 Le St SS ss Te. me aN ube,1,0.0,0.204,0.134,0.581,0.136,"#c6d7ce,#8e8e8b,#49373a",1,,
f1l30y3gm84,https://www.youtube.com/watch?v=f1l30y3gm84,"all things wax! | asmr, cleaning, candle making…",525.0,storyboard,61,485.23,493.18,7.95,https://youtu.be/f1l30y3gm84?t=485s,decorate_finish,finish,1,0.5,Shaping/whipping the coloured wax candle.,fia id ne 4,1,0.0,0.199,0.0,0.548,0.144,"#c8cfcd,#957680,#4c3033",1,,
f1l30y3gm84,https://www.youtube.com/watch?v=f1l30y3gm84,"all things wax! | asmr, cleaning, candle making…",525.0,storyboard,62,493.18,501.14,7.96,https://youtu.be/f1l30y3gm84?t=493s,decorate_finish,finish,1,0.5,Shaping/whipping the coloured wax candle.,7,0,0.0,0.18,0.288,0.572,0.138,"#d9c0b5,#947b78,#492626",1,,
fS_Y1fC39kM,https://www.youtube.com/watch?v=fS_Y1fC39kM,How to Make Candles with Essential Oils - Homemade Summer DIY♡ NaturallyThriftyMom,261.0,storyboard,21,166.09,174.0,7.91,https://youtu.be/fS_Y1fC39kM?t=166s,decorate_finish,finish,1,0.5,Orange zest topping added to the candle surface.,Ae ek Ay Pe dd,1,0.0,0.089,0.194,0.528,0.107,"#6c5443,#969187,#c2c6d8",1,,
fS_Y1fC39kM,https://www.youtube.com/watch?v=fS_Y1fC39kM,How to Make Candles with Essential Oils - Homemade Summer DIY♡ NaturallyThriftyMom,261.0,storyboard,22,174.0,181.91,7.91,https://youtu.be/fS_Y1fC39kM?t=174s,decorate_finish,finish,1,0.5,Dried citrus/cranberry arranged on the candles.,cig,0,0.0,0.092,0.172,0.562,0.083,"#c1c0c1,#857167,#3b2422",1,,
fS_Y1fC39kM,https://www.youtube.com/watch?v=fS_Y1fC39kM,How to Make Candles with Essential Oils - Homemade Summer DIY♡ NaturallyThriftyMom,261.0,storyboard,23,181.91,189.82,7.91,https://youtu.be/fS_Y1fC39kM?t=182s,decorate_finish,finish,1,0.5,Glasses with embedded citrus garnish.,,0,0.0,0.065,0.22,0.549,0.089,"#c3c1c8,#795f53,#361b15",1,,
fS_Y1fC39kM,https://www.youtube.com/watch?v=fS_Y1fC39kM,How to Make Candles with Essential Oils - Homemade Summer DIY♡ NaturallyThriftyMom,261.0,storyboard,24,189.82,197.73,7.91,https://youtu.be/fS_Y1fC39kM?t=190s,decorate_finish,finish,1,0.45,"Candle topped with orange zest, shown overhead.",,0,0.0,0.053,0.17,0.55,0.085,"#b2b0b8,#544c41,#8c847a",1,,
gUmo_4_EhuI,https://www.youtube.com/watch?v=gUmo_4_EhuI,Make DIY Aesthetic Candles with Me | DIY cute candles handmade candle gift ideas | Temu molds review,529.0,storyboard,5,40.08,48.09,8.01,https://youtu.be/gUmo_4_EhuI?t=40s,decorate_finish,finish,1,0.5,Demoulding the aesthetic moulded candles.,"Terw it having thelr 7 year anniversary sale coming up, fealunng items: msi New tone ap sara can find these Geals in oxclusive unm below",1,0.0,0.059,0.212,0.543,0.183,"#9e8a88,#c2bdba,#6a4a43",1,,
gUmo_4_EhuI,https://www.youtube.com/watch?v=gUmo_4_EhuI,Make DIY Aesthetic Candles with Me | DIY cute candles handmade candle gift ideas | Temu molds review,529.0,storyboard,8,64.12,72.14,8.02,https://youtu.be/gUmo_4_EhuI?t=64s,decorate_finish,finish,1,0.5,Demoulding the aesthetic moulded candles.,4,0,0.0,0.019,0.151,0.588,0.145,"#968a7e,#bab5b0,#683542",1,,
gUmo_4_EhuI,https://www.youtube.com/watch?v=gUmo_4_EhuI,Make DIY Aesthetic Candles with Me | DIY cute candles handmade candle gift ideas | Temu molds review,529.0,storyboard,11,88.17,96.18,8.01,https://youtu.be/gUmo_4_EhuI?t=88s,decorate_finish,finish,1,0.5,Demoulding the aesthetic moulded candles.,acer,0,0.0,0.018,0.18,0.55,0.205,"#beb5b4,#a57078,#652b2d",1,,
gUmo_4_EhuI,https://www.youtube.com/watch?v=gUmo_4_EhuI,Make DIY Aesthetic Candles with Me | DIY cute candles handmade candle gift ideas | Temu molds review,529.0,storyboard,14,112.21,120.23,8.02,https://youtu.be/gUmo_4_EhuI?t=112s,decorate_finish,finish,1,0.5,Demoulding the aesthetic moulded candles.,"Ft, oS",0,0.0,0.025,0.223,0.568,0.178,"#bcc1c7,#8d817c,#532c2a",1,,
gUmo_4_EhuI,https://www.youtube.com/watch?v=gUmo_4_EhuI,Make DIY Aesthetic Candles with Me | DIY cute candles handmade candle gift ideas | Temu molds review,529.0,storyboard,17,136.26,144.27,8.01,https://youtu.be/gUmo_4_EhuI?t=136s,decorate_finish,finish,1,0.5,Demoulding the aesthetic moulded candles.,os ee 4 4 4 ay,1,0.0,0.026,0.0,0.565,0.143,"#a18b79,#cfc8bc,#685141",1,,
gUmo_4_EhuI,https://www.youtube.com/watch?v=gUmo_4_EhuI,Make DIY Aesthetic Candles with Me | DIY cute candles handmade candle gift ideas | Temu molds review,529.0,storyboard,20,160.3,168.32,8.02,https://youtu.be/gUmo_4_EhuI?t=160s,decorate_finish,finish,1,0.5,Demoulding the aesthetic moulded candles.,,0,0.0,0.007,0.0,0.54,0.178,"#c0b7b0,#897162,#733026",1,,
gUmo_4_EhuI,https://www.youtube.com/watch?v=gUmo_4_EhuI,Make DIY Aesthetic Candles with Me | DIY cute candles handmade candle gift ideas | Temu molds review,529.0,storyboard,23,184.35,192.36,8.01,https://youtu.be/gUmo_4_EhuI?t=184s,decorate_finish,finish,1,0.5,Demoulding the aesthetic moulded candles.,,0,0.0,0.006,0.0,0.619,0.075,"#aaafb3,#958788,#674b46",1,,
gUmo_4_EhuI,https://www.youtube.com/watch?v=gUmo_4_EhuI,Make DIY Aesthetic Candles with Me | DIY cute candles handmade candle gift ideas | Temu molds review,529.0,storyboard,27,216.41,224.42,8.01,https://youtu.be/gUmo_4_EhuI?t=216s,decorate_finish,finish,1,0.5,Demoulding & decorating the aesthetic flower/ball candles.,ae ah ye bi white tra,1,0.0,0.033,0.176,0.573,0.15,"#ad9087,#6d5842,#dbd4d2",1,,
gUmo_4_EhuI,https://www.youtube.com/watch?v=gUmo_4_EhuI,Make DIY Aesthetic Candles with Me | DIY cute candles handmade candle gift ideas | Temu molds review,529.0,storyboard,28,224.42,232.44,8.02,https://youtu.be/gUmo_4_EhuI?t=224s,decorate_finish,finish,1,0.5,Demoulding & decorating the aesthetic flower/ball candles.,ow,0,0.0,0.097,0.0,0.544,0.146,"#9b7e74,#cecac5,#4b3323",1,,
gUmo_4_EhuI,https://www.youtube.com/watch?v=gUmo_4_EhuI,Make DIY Aesthetic Candles with Me | DIY cute candles handmade candle gift ideas | Temu molds review,529.0,storyboard,29,232.44,240.45,8.01,https://youtu.be/gUmo_4_EhuI?t=232s,decorate_finish,finish,1,0.6,Checkered-tray b-roll.,"ee at ar Ay Sry, at 1 Tf",1,0.0,0.035,0.204,0.555,0.163,"#765647,#a0826f,#cec6c1",1,,
gUmo_4_EhuI,https://www.youtube.com/watch?v=gUmo_4_EhuI,Make DIY Aesthetic Candles with Me | DIY cute candles handmade candle gift ideas | Temu molds review,529.0,storyboard,30,240.45,248.47,8.02,https://youtu.be/gUmo_4_EhuI?t=240s,decorate_finish,finish,1,0.5,Demoulding & decorating the aesthetic flower/ball candles.,er SX AN iy xg vr,1,0.0,0.042,0.165,0.547,0.207,"#967068,#c1bcba,#6c3635",1,,
gUmo_4_EhuI,https://www.youtube.com/watch?v=gUmo_4_EhuI,Make DIY Aesthetic Candles with Me | DIY cute candles handmade candle gift ideas | Temu molds review,529.0,storyboard,31,248.47,256.48,8.01,https://youtu.be/gUmo_4_EhuI?t=248s,decorate_finish,finish,1,0.5,Tinting the wax.,"Yj bf VW lie yp yy,",1,0.0,0.06,0.0,0.596,0.141,"#c7beba,#98836f,#645644",1,,
gUmo_4_EhuI,https://www.youtube.com/watch?v=gUmo_4_EhuI,Make DIY Aesthetic Candles with Me | DIY cute candles handmade candle gift ideas | Temu molds review,529.0,storyboard,32,256.48,264.5,8.02,https://youtu.be/gUmo_4_EhuI?t=256s,decorate_finish,finish,1,0.5,Demoulding & decorating the aesthetic flower/ball candles.,Cit 0 Bf yy 4 Sg,1,0.0,0.06,0.098,0.566,0.153,"#c8bfbb,#9b7c6c,#694f40",1,,
gUmo_4_EhuI,https://www.youtube.com/watch?v=gUmo_4_EhuI,Make DIY Aesthetic Candles with Me | DIY cute candles handmade candle gift ideas | Temu molds review,529.0,storyboard,33,264.5,272.52,8.02,https://youtu.be/gUmo_4_EhuI?t=264s,decorate_finish,finish,1,0.5,Demoulding & decorating the aesthetic flower/ball candles.,as,0,0.0,0.064,0.106,0.544,0.159,"#967f6a,#c8c6c6,#624c3d",1,,
gUmo_4_EhuI,https://www.youtube.com/watch?v=gUmo_4_EhuI,Make DIY Aesthetic Candles with Me | DIY cute candles handmade candle gift ideas | Temu molds review,529.0,storyboard,35,280.53,288.55,8.02,https://youtu.be/gUmo_4_EhuI?t=281s,decorate_finish,finish,1,0.5,Demoulding & decorating the aesthetic flower/ball candles.,Qo Fil ae ye OY la 5 Ff 2,1,0.0,0.047,0.108,0.533,0.169,"#997a6a,#c9bbba,#694a3c",1,,
gUmo_4_EhuI,https://www.youtube.com/watch?v=gUmo_4_EhuI,Make DIY Aesthetic Candles with Me | DIY cute candles handmade candle gift ideas | Temu molds review,529.0,storyboard,36,288.55,296.56,8.01,https://youtu.be/gUmo_4_EhuI?t=289s,decorate_finish,finish,1,0.5,Demoulding & decorating the aesthetic flower/ball candles.,As We 4 BS,1,0.0,0.047,0.197,0.581,0.147,"#c7bdc3,#9b8c7b,#6f5548",1,,
gUmo_4_EhuI,https://www.youtube.com/watch?v=gUmo_4_EhuI,Make DIY Aesthetic Candles with Me | DIY cute candles handmade candle gift ideas | Temu molds review,529.0,storyboard,38,304.58,312.59,8.01,https://youtu.be/gUmo_4_EhuI?t=305s,decorate_finish,finish,1,0.5,Demoulding & decorating the aesthetic flower/ball candles.,we eS yan oe fi nae,1,0.0,0.027,0.27,0.493,0.218,"#d2c9c4,#602a2a,#937071",1,,
gUmo_4_EhuI,https://www.youtube.com/watch?v=gUmo_4_EhuI,Make DIY Aesthetic Candles with Me | DIY cute candles handmade candle gift ideas | Temu molds review,529.0,storyboard,39,312.59,320.61,8.02,https://youtu.be/gUmo_4_EhuI?t=313s,decorate_finish,finish,1,0.5,Tinting the wax.,Ati 2 Sst tow re rf pis,1,0.0,0.059,0.0,0.528,0.153,"#8f7a69,#bdbdbb,#5a4534",1,,
gUmo_4_EhuI,https://www.youtube.com/watch?v=gUmo_4_EhuI,Make DIY Aesthetic Candles with Me | DIY cute candles handmade candle gift ideas | Temu molds review,529.0,storyboard,40,320.61,328.62,8.01,https://youtu.be/gUmo_4_EhuI?t=321s,decorate_finish,finish,1,0.5,Demoulding & decorating the aesthetic flower/ball candles.,oF,0,0.0,0.021,0.14,0.566,0.173,"#c5c5c2,#958174,#512a27",1,,
gUmo_4_EhuI,https://www.youtube.com/watch?v=gUmo_4_EhuI,Make DIY Aesthetic Candles with Me | DIY cute candles handmade candle gift ideas | Temu molds review,529.0,storyboard,41,328.62,336.64,8.02,https://youtu.be/gUmo_4_EhuI?t=329s,decorate_finish,finish,1,0.5,Demoulding & decorating the aesthetic flower/ball candles.,"oF uy Fae ee 9 Se used 4 Agar Hox, asue paper and Oden for this!",1,0.0,0.042,0.217,0.568,0.144,"#b8b9b7,#8d8277,#66503d",1,,
gUmo_4_EhuI,https://www.youtube.com/watch?v=gUmo_4_EhuI,Make DIY Aesthetic Candles with Me | DIY cute candles handmade candle gift ideas | Temu molds review,529.0,storyboard,43,344.65,352.67,8.02,https://youtu.be/gUmo_4_EhuI?t=345s,decorate_finish,finish,1,0.5,Demoulding & decorating the aesthetic flower/ball candles.,es,0,0.0,0.032,0.195,0.578,0.131,"#cacecd,#a38b85,#65493f",1,,
gUmo_4_EhuI,https://www.youtube.com/watch?v=gUmo_4_EhuI,Make DIY Aesthetic Candles with Me | DIY cute candles handmade candle gift ideas | Temu molds review,529.0,storyboard,44,352.67,360.68,8.01,https://youtu.be/gUmo_4_EhuI?t=353s,decorate_finish,finish,1,0.5,Demoulding & decorating the aesthetic flower/ball candles.,ra al wh gif Wend 2 ES. ARS 3 jr This ribbon is 180 cule! Neoo ihia for packaging gifts 3,1,0.0,0.048,0.16,0.552,0.115,"#998b7c,#c9c5bf,#69594d",1,,
gUmo_4_EhuI,https://www.youtube.com/watch?v=gUmo_4_EhuI,Make DIY Aesthetic Candles with Me | DIY cute candles handmade candle gift ideas | Temu molds review,529.0,storyboard,46,368.7,376.71,8.01,https://youtu.be/gUmo_4_EhuI?t=369s,decorate_finish,finish,1,0.5,Demoulding & decorating the aesthetic flower/ball candles.,ty ir,0,0.0,0.029,0.101,0.569,0.15,"#c8c1bd,#9b7d68,#5f4139",1,,
gUmo_4_EhuI,https://www.youtube.com/watch?v=gUmo_4_EhuI,Make DIY Aesthetic Candles with Me | DIY cute candles handmade candle gift ideas | Temu molds review,529.0,storyboard,47,376.71,384.73,8.02,https://youtu.be/gUmo_4_EhuI?t=377s,decorate_finish,finish,1,0.5,Demoulding & decorating the aesthetic flower/ball candles.,ae aa 2 tog be,1,0.0,0.038,0.163,0.547,0.147,"#c5bdb6,#947f6b,#5e4539",1,,
gUmo_4_EhuI,https://www.youtube.com/watch?v=gUmo_4_EhuI,Make DIY Aesthetic Candles with Me | DIY cute candles handmade candle gift ideas | Temu molds review,529.0,storyboard,48,384.73,392.74,8.01,https://youtu.be/gUmo_4_EhuI?t=385s,decorate_finish,finish,1,0.5,Demoulding & decorating the aesthetic flower/ball candles.,SE ASS Sy,1,0.0,0.034,0.0,0.568,0.13,"#8f8370,#c8c2bc,#604e41",1,,
gUmo_4_EhuI,https://www.youtube.com/watch?v=gUmo_4_EhuI,Make DIY Aesthetic Candles with Me | DIY cute candles handmade candle gift ideas | Temu molds review,529.0,storyboard,49,392.74,400.76,8.02,https://youtu.be/gUmo_4_EhuI?t=393s,decorate_finish,finish,1,0.5,Demoulding & decorating the aesthetic flower/ball candles.,or ef vi yrnom om AR 4 ee ae,1,0.0,0.044,0.2,0.554,0.132,"#c8cacc,#625042,#9d8a80",1,,
gUmo_4_EhuI,https://www.youtube.com/watch?v=gUmo_4_EhuI,Make DIY Aesthetic Candles with Me | DIY cute candles handmade candle gift ideas | Temu molds review,529.0,storyboard,51,408.77,416.79,8.02,https://youtu.be/gUmo_4_EhuI?t=409s,decorate_finish,finish,1,0.5,Demoulding & decorating the aesthetic flower/ball candles.,,0,0.0,0.011,0.123,0.601,0.106,"#cccac4,#9e867f,#604a40",1,,
gUmo_4_EhuI,https://www.youtube.com/watch?v=gUmo_4_EhuI,Make DIY Aesthetic Candles with Me | DIY cute candles handmade candle gift ideas | Temu molds review,529.0,storyboard,52,416.79,424.8,8.01,https://youtu.be/gUmo_4_EhuI?t=417s,decorate_finish,finish,1,0.5,Demoulding & decorating the aesthetic flower/ball candles.,,0,0.0,0.013,0.164,0.595,0.097,"#c1bcb6,#9b8982,#6d594f",1,,
gUmo_4_EhuI,https://www.youtube.com/watch?v=gUmo_4_EhuI,Make DIY Aesthetic Candles with Me | DIY cute candles handmade candle gift ideas | Temu molds review,529.0,storyboard,53,424.8,432.82,8.02,https://youtu.be/gUmo_4_EhuI?t=425s,decorate_finish,finish,1,0.5,Finished aesthetic candles shown.,ig,0,0.0,0.026,0.0,0.538,0.164,"#c7b0b2,#a47878,#5a4540",1,,
gUmo_4_EhuI,https://www.youtube.com/watch?v=gUmo_4_EhuI,Make DIY Aesthetic Candles with Me | DIY cute candles handmade candle gift ideas | Temu molds review,529.0,storyboard,54,432.82,440.83,8.01,https://youtu.be/gUmo_4_EhuI?t=433s,decorate_finish,finish,1,0.5,Demoulding & decorating the aesthetic flower/ball candles.,,0,0.0,0.034,0.209,0.561,0.128,"#5d483c,#ccc7c2,#a4857e",1,,
hHOzUDG8Upg,https://www.youtube.com/watch?v=hHOzUDG8Upg,Mass Production Process of Candle. A day in a Candle Factory.,796.0,storyboard,75,597.0,604.96,7.96,https://youtu.be/hHOzUDG8Upg?t=597s,decorate_finish,finish,1,0.45,"Machine finishing the candles (stamping Korean text, cutting, rolling).",ae 4 fi 4 4 Lt mi? ta 4 zg 4 Ag 3 2 2 be en 4 4 ent,1,0.0,0.044,0.297,0.468,0.079,"#7e7766,#3a3124,#b2b0a9",1,,
hHOzUDG8Upg,https://www.youtube.com/watch?v=hHOzUDG8Upg,Mass Production Process of Candle. A day in a Candle Factory.,796.0,storyboard,76,604.96,612.92,7.96,https://youtu.be/hHOzUDG8Upg?t=605s,decorate_finish,finish,1,0.45,"Machine finishing the candles (stamping Korean text, cutting, rolling).",Sot ea BLN,1,0.0,0.082,0.282,0.444,0.06,"#716c62,#2f281d,#c5c9cb",1,,
hHOzUDG8Upg,https://www.youtube.com/watch?v=hHOzUDG8Upg,Mass Production Process of Candle. A day in a Candle Factory.,796.0,storyboard,77,612.92,620.88,7.96,https://youtu.be/hHOzUDG8Upg?t=613s,decorate_finish,finish,1,0.45,"Machine finishing the candles (stamping Korean text, cutting, rolling).",tat J-S we Monster,1,0.0,0.026,0.0,0.436,0.05,"#7d776d,#41382f,#d2cfc4",1,,
hHOzUDG8Upg,https://www.youtube.com/watch?v=hHOzUDG8Upg,Mass Production Process of Candle. A day in a Candle Factory.,796.0,storyboard,81,644.76,652.72,7.96,https://youtu.be/hHOzUDG8Upg?t=645s,decorate_finish,finish,1,0.45,"Machine finishing the candles (stamping Korean text, cutting, rolling).","Bs. wie bus wl pO ier ee ANA we Ring, rx as it ie",1,0.0,0.074,0.301,0.553,0.086,"#8b8172,#322b1f,#dfdcd6",1,,
hHOzUDG8Upg,https://www.youtube.com/watch?v=hHOzUDG8Upg,Mass Production Process of Candle. A day in a Candle Factory.,796.0,storyboard,83,660.68,668.64,7.96,https://youtu.be/hHOzUDG8Upg?t=661s,decorate_finish,finish,1,0.45,Demoulded finished candles on the line / in bins.,4. st ot Tae ee 6 3 Va bab Wet. oy alte? Prk te thoi: en OR eS PE aS 5 eae 2 8 ow Maer ae 4 ne 2 2 th 1 ioe oe ube 4 es CN an fe By Le Re 4 MS eagt ek oe eee see ee eee,1,0.0,0.11,0.244,0.484,0.046,"#79726b,#484138,#cdc7c2",1,,
hHOzUDG8Upg,https://www.youtube.com/watch?v=hHOzUDG8Upg,Mass Production Process of Candle. A day in a Candle Factory.,796.0,storyboard,84,668.64,676.6,7.96,https://youtu.be/hHOzUDG8Upg?t=669s,decorate_finish,finish,1,0.45,"Machine finishing the candles (stamping Korean text, cutting, rolling).",4 ae sia es,1,0.0,0.049,0.291,0.419,0.04,"#1e1a15,#60584f,#bbb8b2",1,,
hHOzUDG8Upg,https://www.youtube.com/watch?v=hHOzUDG8Upg,Mass Production Process of Candle. A day in a Candle Factory.,796.0,storyboard,85,676.6,684.56,7.96,https://youtu.be/hHOzUDG8Upg?t=677s,decorate_finish,finish,1,0.45,"Machine finishing the candles (stamping Korean text, cutting, rolling).",See eg wa Sf. 7,1,0.0,0.049,0.0,0.397,0.063,"#383229,#7c7369,#c6c1ba",1,,
hHOzUDG8Upg,https://www.youtube.com/watch?v=hHOzUDG8Upg,Mass Production Process of Candle. A day in a Candle Factory.,796.0,storyboard,89,708.44,716.4,7.96,https://youtu.be/hHOzUDG8Upg?t=708s,decorate_finish,finish,1,0.45,"Machine finishing the candles (stamping Korean text, cutting, rolling).",,0,0.0,0.031,0.233,0.409,0.038,"#211d1c,#c7c0b7,#87807d",1,,
hHOzUDG8Upg,https://www.youtube.com/watch?v=hHOzUDG8Upg,Mass Production Process of Candle. A day in a Candle Factory.,796.0,storyboard,90,716.4,724.36,7.96,https://youtu.be/hHOzUDG8Upg?t=716s,decorate_finish,finish,1,0.45,"Machine finishing the candles (stamping Korean text, cutting, rolling).",Ya alll,0,0.0,0.048,0.0,0.447,0.075,"#7d786a,#252220,#ccc6be",1,,
hHRi4I1mWuU,https://www.youtube.com/watch?v=hHRi4I1mWuU,Everyone’s freaking out over these Candle HACKS using Dollar Tree Candles,883.0,storyboard,6,48.16,56.19,8.03,https://youtu.be/hHRi4I1mWuU?t=48s,decorate_finish,finish,1,0.5,Adding whipped-cream foam and coffee-bean decor.,Ca 3 ee IN Taal,1,0.0,0.289,0.279,0.397,0.181,"#5f3525,#846a62,#c2c4d1",1,,
hHRi4I1mWuU,https://www.youtube.com/watch?v=hHRi4I1mWuU,Everyone’s freaking out over these Candle HACKS using Dollar Tree Candles,883.0,storyboard,10,80.27,88.3,8.03,https://youtu.be/hHRi4I1mWuU?t=80s,decorate_finish,finish,1,0.5,Adding whipped-cream foam and coffee-bean decor.,,0,0.0,0.142,0.061,0.705,0.225,"#cea28e,#e3e5ec,#85523d",1,,
hHRi4I1mWuU,https://www.youtube.com/watch?v=hHRi4I1mWuU,Everyone’s freaking out over these Candle HACKS using Dollar Tree Candles,883.0,storyboard,14,112.38,120.41,8.03,https://youtu.be/hHRi4I1mWuU?t=112s,decorate_finish,finish,1,0.5,Adding whipped-cream foam and coffee-bean decor.,oe LAR yt en io,1,0.0,0.198,0.378,0.489,0.199,"#432010,#7c5a42,#d9af94",1,,
hHRi4I1mWuU,https://www.youtube.com/watch?v=hHRi4I1mWuU,Everyone’s freaking out over these Candle HACKS using Dollar Tree Candles,883.0,storyboard,22,176.6,184.63,8.03,https://youtu.be/hHRi4I1mWuU?t=177s,decorate_finish,finish,1,0.5,Adding whipped-cream foam and coffee-bean decor.,,0,0.0,0.061,0.341,0.625,0.117,"#e9d7c6,#2a1d1a,#735f59",1,,
hHRi4I1mWuU,https://www.youtube.com/watch?v=hHRi4I1mWuU,Everyone’s freaking out over these Candle HACKS using Dollar Tree Candles,883.0,storyboard,26,208.71,216.74,8.03,https://youtu.be/hHRi4I1mWuU?t=209s,decorate_finish,finish,1,0.6,Whipping green wax with an immersion blender + whisk in the Pyrex.,MM Jy,0,0.0,0.08,0.184,0.763,0.132,"#d8dcdf,#c7b987,#a47763",1,,
hHRi4I1mWuU,https://www.youtube.com/watch?v=hHRi4I1mWuU,Everyone’s freaking out over these Candle HACKS using Dollar Tree Candles,883.0,storyboard,27,216.74,224.76,8.02,https://youtu.be/hHRi4I1mWuU?t=217s,decorate_finish,finish,1,0.6,Whipping green wax with the immersion blender.,,0,0.0,0.006,0.052,0.761,0.187,"#dadfe0,#c7a277,#6f4737",1,,
hHRi4I1mWuU,https://www.youtube.com/watch?v=hHRi4I1mWuU,Everyone’s freaking out over these Candle HACKS using Dollar Tree Candles,883.0,storyboard,28,224.76,232.79,8.03,https://youtu.be/hHRi4I1mWuU?t=225s,decorate_finish,finish,1,0.6,Whipping green wax with the immersion blender.,,0,0.0,0.008,0.052,0.762,0.183,"#dbdfe0,#c7a077,#724d3c",1,,
hHRi4I1mWuU,https://www.youtube.com/watch?v=hHRi4I1mWuU,Everyone’s freaking out over these Candle HACKS using Dollar Tree Candles,883.0,storyboard,30,240.82,248.85,8.03,https://youtu.be/hHRi4I1mWuU?t=241s,decorate_finish,finish,1,0.6,Whipping green wax with the immersion blender.,,0,0.0,0.052,0.0,0.768,0.099,"#dddcdd,#bcba9f,#31302e",1,,
hHRi4I1mWuU,https://www.youtube.com/watch?v=hHRi4I1mWuU,Everyone’s freaking out over these Candle HACKS using Dollar Tree Candles,883.0,storyboard,31,248.85,256.87,8.02,https://youtu.be/hHRi4I1mWuU?t=249s,decorate_finish,finish,1,0.6,Whipping green wax to a creamy consistency.,,0,0.0,0.006,0.079,0.761,0.186,"#dfe4e5,#ca9f82,#885544",1,,
hHRi4I1mWuU,https://www.youtube.com/watch?v=hHRi4I1mWuU,Everyone’s freaking out over these Candle HACKS using Dollar Tree Candles,883.0,storyboard,32,256.87,264.9,8.03,https://youtu.be/hHRi4I1mWuU?t=257s,decorate_finish,finish,1,0.6,Whipped green wax in the Pyrex.,,0,0.0,0.001,0.09,0.716,0.121,"#d7dada,#b5af9c,#66473d",1,,
hHRi4I1mWuU,https://www.youtube.com/watch?v=hHRi4I1mWuU,Everyone’s freaking out over these Candle HACKS using Dollar Tree Candles,883.0,storyboard,33,264.9,272.93,8.03,https://youtu.be/hHRi4I1mWuU?t=265s,decorate_finish,finish,1,0.6,Whipped cream-coloured wax; spooning into a cup.,,0,0.0,0.003,0.123,0.718,0.12,"#d4d4d0,#99908b,#9b5a45",1,,
hHRi4I1mWuU,https://www.youtube.com/watch?v=hHRi4I1mWuU,Everyone’s freaking out over these Candle HACKS using Dollar Tree Candles,883.0,storyboard,34,272.93,280.95,8.02,https://youtu.be/hHRi4I1mWuU?t=273s,decorate_finish,finish,1,0.55,Whipped white wax in the cup.,7,0,0.0,0.012,0.139,0.693,0.174,"#c4c0c2,#c2825a,#843c1d",1,,
hHRi4I1mWuU,https://www.youtube.com/watch?v=hHRi4I1mWuU,Everyone’s freaking out over these Candle HACKS using Dollar Tree Candles,883.0,storyboard,35,280.95,288.98,8.03,https://youtu.be/hHRi4I1mWuU?t=281s,decorate_finish,finish,1,0.5,Red colourant in a small dish.,,0,0.0,0.014,0.0,0.726,0.166,"#cec9c7,#af7c63,#7b2b17",1,,
hHRi4I1mWuU,https://www.youtube.com/watch?v=hHRi4I1mWuU,Everyone’s freaking out over these Candle HACKS using Dollar Tree Candles,883.0,storyboard,36,288.98,297.01,8.03,https://youtu.be/hHRi4I1mWuU?t=289s,decorate_finish,finish,1,0.55,Whipped white wax.,,0,0.0,0.03,0.118,0.68,0.201,"#dcd7d3,#b4a9a7,#af6c4b",1,,
hHRi4I1mWuU,https://www.youtube.com/watch?v=hHRi4I1mWuU,Everyone’s freaking out over these Candle HACKS using Dollar Tree Candles,883.0,storyboard,37,297.01,305.04,8.03,https://youtu.be/hHRi4I1mWuU?t=297s,decorate_finish,finish,1,0.55,Piping/placing whipped white wax by hand.,3,0,0.0,0.047,0.098,0.665,0.191,"#aca4a4,#d5d1c9,#ab6e4f",1,,
hHRi4I1mWuU,https://www.youtube.com/watch?v=hHRi4I1mWuU,Everyone’s freaking out over these Candle HACKS using Dollar Tree Candles,883.0,storyboard,44,353.2,361.23,8.03,https://youtu.be/hHRi4I1mWuU?t=353s,decorate_finish,finish,1,0.55,Piping green wax rosettes onto the surface.,hy ine 7 Oo,1,0.0,0.12,0.128,0.798,0.215,"#ecf1f3,#ac654f,#dab79c",1,,
hHRi4I1mWuU,https://www.youtube.com/watch?v=hHRi4I1mWuU,Everyone’s freaking out over these Candle HACKS using Dollar Tree Candles,883.0,storyboard,45,361.23,369.25,8.02,https://youtu.be/hHRi4I1mWuU?t=361s,decorate_finish,finish,1,0.55,Piped green/red wax rosettes; ice-cube mould.,,0,0.0,0.031,0.207,0.757,0.289,"#e2d6c5,#cf7341,#6de4eb",1,,
hHRi4I1mWuU,https://www.youtube.com/watch?v=hHRi4I1mWuU,Everyone’s freaking out over these Candle HACKS using Dollar Tree Candles,883.0,storyboard,46,369.25,377.28,8.03,https://youtu.be/hHRi4I1mWuU?t=369s,decorate_finish,finish,1,0.55,Demoulding red/green wax trees from the silicone mould.,ores,0,0.0,0.153,0.0,0.736,0.334,"#e5d5c5,#2fc254,#bd624a",1,,
hHRi4I1mWuU,https://www.youtube.com/watch?v=hHRi4I1mWuU,Everyone’s freaking out over these Candle HACKS using Dollar Tree Candles,883.0,storyboard,60,481.64,489.66,8.02,https://youtu.be/hHRi4I1mWuU?t=482s,decorate_finish,finish,1,0.5,"Decorating a parfait/drink dessert candle (cream, red toppings).",Oe Zi Gh al,1,0.0,0.134,0.15,0.263,0.199,"#41170a,#905841,#d7c58b",1,,
hHRi4I1mWuU,https://www.youtube.com/watch?v=hHRi4I1mWuU,Everyone’s freaking out over these Candle HACKS using Dollar Tree Candles,883.0,storyboard,61,489.66,497.69,8.03,https://youtu.be/hHRi4I1mWuU?t=490s,decorate_finish,finish,1,0.5,"Decorating a parfait/drink dessert candle (cream, red toppings).",iy 4 is hit,1,0.0,0.181,0.247,0.555,0.251,"#8b726d,#c5b7a4,#742523",1,,
hHRi4I1mWuU,https://www.youtube.com/watch?v=hHRi4I1mWuU,Everyone’s freaking out over these Candle HACKS using Dollar Tree Candles,883.0,storyboard,71,569.94,577.96,8.02,https://youtu.be/hHRi4I1mWuU?t=570s,decorate_finish,finish,1,0.5,"Decorating a parfait/drink dessert candle (cream, red toppings).",,0,0.0,0.14,0.277,0.57,0.168,"#abaaaa,#856656,#5b301e",1,,
hHRi4I1mWuU,https://www.youtube.com/watch?v=hHRi4I1mWuU,Everyone’s freaking out over these Candle HACKS using Dollar Tree Candles,883.0,storyboard,72,577.96,585.99,8.03,https://youtu.be/hHRi4I1mWuU?t=578s,decorate_finish,finish,1,0.5,Decorating a pink drink candle.,7,0,0.0,0.019,0.122,0.516,0.153,"#b3b4b6,#663d29,#90654e",1,,
hHRi4I1mWuU,https://www.youtube.com/watch?v=hHRi4I1mWuU,Everyone’s freaking out over these Candle HACKS using Dollar Tree Candles,883.0,storyboard,73,585.99,594.02,8.03,https://youtu.be/hHRi4I1mWuU?t=586s,decorate_finish,finish,1,0.5,Decorating a candle by hand.,Pie ay eh,1,0.0,0.233,0.109,0.582,0.228,"#be8163,#d4c9cc,#6d3b28",1,,
hHRi4I1mWuU,https://www.youtube.com/watch?v=hHRi4I1mWuU,Everyone’s freaking out over these Candle HACKS using Dollar Tree Candles,883.0,storyboard,74,594.02,602.05,8.03,https://youtu.be/hHRi4I1mWuU?t=594s,decorate_finish,finish,1,0.5,Finished candle shown.,eS ei Ft,1,0.0,0.371,0.0,0.536,0.227,"#b3887a,#5a3931,#cfcbcb",1,,
hHRi4I1mWuU,https://www.youtube.com/watch?v=hHRi4I1mWuU,Everyone’s freaking out over these Candle HACKS using Dollar Tree Candles,883.0,storyboard,75,602.05,610.07,8.02,https://youtu.be/hHRi4I1mWuU?t=602s,decorate_finish,finish,1,0.5,Decorating a candle.,7 oe iy ia ch,1,0.0,0.317,0.114,0.582,0.212,"#b17f6a,#cdc7cc,#593126",1,,
hHRi4I1mWuU,https://www.youtube.com/watch?v=hHRi4I1mWuU,Everyone’s freaking out over these Candle HACKS using Dollar Tree Candles,883.0,storyboard,88,706.4,714.43,8.03,https://youtu.be/hHRi4I1mWuU?t=706s,decorate_finish,finish,1,0.5,Demoulding cookie candles.,aa Py,0,0.0,0.243,0.182,0.372,0.196,"#422618,#83604a,#d0ac89",1,,
hHRi4I1mWuU,https://www.youtube.com/watch?v=hHRi4I1mWuU,Everyone’s freaking out over these Candle HACKS using Dollar Tree Candles,883.0,storyboard,89,714.43,722.45,8.02,https://youtu.be/hHRi4I1mWuU?t=714s,decorate_finish,finish,1,0.5,Demoulding/assembling cookie candles.,eee py,0,0.0,0.219,0.133,0.504,0.209,"#492d22,#dec4b2,#a2775e",1,,
hHRi4I1mWuU,https://www.youtube.com/watch?v=hHRi4I1mWuU,Everyone’s freaking out over these Candle HACKS using Dollar Tree Candles,883.0,storyboard,92,738.51,746.54,8.03,https://youtu.be/hHRi4I1mWuU?t=739s,decorate_finish,finish,1,0.5,Piping whipped-cream wax onto cupcake candles.,"SS ais, aS",1,0.0,0.196,0.157,0.415,0.206,"#4c2715,#a2785e,#cdcac4",1,,
hHRi4I1mWuU,https://www.youtube.com/watch?v=hHRi4I1mWuU,Everyone’s freaking out over these Candle HACKS using Dollar Tree Candles,883.0,storyboard,93,746.54,754.56,8.02,https://youtu.be/hHRi4I1mWuU?t=747s,decorate_finish,finish,1,0.5,Decorating cupcake candles.,qeye,0,0.0,0.114,0.456,0.628,0.199,"#f5f4f6,#eed6bf,#c5815e",1,,
i64JEKLWiz0,https://www.youtube.com/watch?v=i64JEKLWiz0,How to Make Flexible Wax Sheets for Stunning Handmade Candles (Easy & Quick Tutorial),167.0,storyboard,2,15.9,23.86,7.96,https://youtu.be/i64JEKLWiz0?t=16s,decorate_finish,finish,1,0.45,Hands shape a pink wax rose petal.,fi,0,0.0,0.013,0.104,0.632,0.268,"#f1d4e1,#cf5e7c,#8e223b",1,,
i64JEKLWiz0,https://www.youtube.com/watch?v=i64JEKLWiz0,How to Make Flexible Wax Sheets for Stunning Handmade Candles (Easy & Quick Tutorial),167.0,storyboard,3,23.86,31.81,7.95,https://youtu.be/i64JEKLWiz0?t=24s,decorate_finish,finish,1,0.45,Rolling/forming pink wax petals.,PIN nN,0,0.0,0.022,0.361,0.421,0.2,"#de7f8f,#f1dae6,#99314a",1,,
i64JEKLWiz0,https://www.youtube.com/watch?v=i64JEKLWiz0,How to Make Flexible Wax Sheets for Stunning Handmade Candles (Easy & Quick Tutorial),167.0,storyboard,10,79.52,87.48,7.96,https://youtu.be/i64JEKLWiz0?t=80s,decorate_finish,finish,1,0.45,Hands handle a formed yellow wax sheet/disc.,4,0,0.333,0.076,0.162,0.559,0.225,"#eaa8ba,#463736,#867262",1,,
i64JEKLWiz0,https://www.youtube.com/watch?v=i64JEKLWiz0,How to Make Flexible Wax Sheets for Stunning Handmade Candles (Easy & Quick Tutorial),167.0,storyboard,11,87.48,95.43,7.95,https://youtu.be/i64JEKLWiz0?t=87s,decorate_finish,finish,1,0.5,Cutting the wax sheet into petal shapes.,oN Sfp SS,1,0.0,0.033,0.036,0.547,0.237,"#f1a6ce,#32272d,#a9726e",1,,
i64JEKLWiz0,https://www.youtube.com/watch?v=i64JEKLWiz0,How to Make Flexible Wax Sheets for Stunning Handmade Candles (Easy & Quick Tutorial),167.0,storyboard,12,95.43,103.38,7.95,https://youtu.be/i64JEKLWiz0?t=95s,decorate_finish,finish,1,0.5,Shaping the cut wax into petals.,oa,0,0.0,0.027,0.033,0.557,0.233,"#f2a7cd,#31262b,#9e6c70",1,,
i64JEKLWiz0,https://www.youtube.com/watch?v=i64JEKLWiz0,How to Make Flexible Wax Sheets for Stunning Handmade Candles (Easy & Quick Tutorial),167.0,storyboard,13,103.38,111.33,7.95,https://youtu.be/i64JEKLWiz0?t=103s,decorate_finish,finish,1,0.5,Forming petals into a flower.,Ay,0,0.0,0.029,0.048,0.546,0.243,"#f0a7c6,#36272b,#a86972",1,,
i64JEKLWiz0,https://www.youtube.com/watch?v=i64JEKLWiz0,How to Make Flexible Wax Sheets for Stunning Handmade Candles (Easy & Quick Tutorial),167.0,storyboard,14,111.33,119.29,7.96,https://youtu.be/i64JEKLWiz0?t=111s,decorate_finish,finish,1,0.5,Hands work pink wax petals.,wy Oe,0,0.0,0.042,0.056,0.594,0.228,"#f1b2cc,#2c1e20,#a0746b",1,,
i64JEKLWiz0,https://www.youtube.com/watch?v=i64JEKLWiz0,How to Make Flexible Wax Sheets for Stunning Handmade Candles (Easy & Quick Tutorial),167.0,storyboard,15,119.29,127.24,7.95,https://youtu.be/i64JEKLWiz0?t=119s,decorate_finish,finish,1,0.5,Shaping the pink wax flower.,ye Se nee ORE,1,0.0,0.042,0.079,0.578,0.227,"#f0b3ca,#a36665,#2f1e1f",1,,
i64JEKLWiz0,https://www.youtube.com/watch?v=i64JEKLWiz0,How to Make Flexible Wax Sheets for Stunning Handmade Candles (Easy & Quick Tutorial),167.0,storyboard,16,127.24,135.19,7.95,https://youtu.be/i64JEKLWiz0?t=127s,decorate_finish,finish,1,0.5,Assembling petals into the rose.,eo wa art,1,0.0,0.042,0.082,0.588,0.225,"#f1c1c3,#2c1f1e,#966a60",1,,
i64JEKLWiz0,https://www.youtube.com/watch?v=i64JEKLWiz0,How to Make Flexible Wax Sheets for Stunning Handmade Candles (Easy & Quick Tutorial),167.0,storyboard,17,135.19,143.14,7.95,https://youtu.be/i64JEKLWiz0?t=135s,decorate_finish,finish,1,0.45,Hands form white wax discs/petals.,4 iy BRAS Gy svescriseo Fu,1,0.0,0.043,0.16,0.631,0.227,"#f3c1cc,#2d2022,#a17b70",1,,
i64JEKLWiz0,https://www.youtube.com/watch?v=i64JEKLWiz0,How to Make Flexible Wax Sheets for Stunning Handmade Candles (Easy & Quick Tutorial),167.0,storyboard,18,143.14,151.1,7.96,https://youtu.be/i64JEKLWiz0?t=143s,decorate_finish,finish,1,0.5,Shaping the finished pink rose.,,0,0.0,0.019,0.15,0.593,0.27,"#892539,#f4dbe4,#d99e93",1,,
ixtOL_gQNEQ,https://www.youtube.com/watch?v=ixtOL_gQNEQ,What's the BEST Flower Candle WAX? 9 Wax casts tests with silicone mold,854.0,storyboard,3,23.94,31.93,7.99,https://youtu.be/ixtOL_gQNEQ?t=24s,decorate_finish,finish,1,0.5,Demoulding pink rose/flower pillar candles from the silicone moulds.,SS,0,0.0,0.039,0.283,0.593,0.16,"#dec5c0,#a69e96,#2e2219",1,,
ixtOL_gQNEQ,https://www.youtube.com/watch?v=ixtOL_gQNEQ,What's the BEST Flower Candle WAX? 9 Wax casts tests with silicone mold,854.0,storyboard,5,39.91,47.89,7.98,https://youtu.be/ixtOL_gQNEQ?t=40s,decorate_finish,finish,1,0.5,Demoulding pink rose/flower pillar candles from the silicone moulds.,aoe wa ae ogee Oo os om ga 7 2 frees 3 ot?? SES me ee Cti 4 SS fs ee ee 7 2 7. Beso Wao ae SS,1,0.0,0.054,0.089,0.641,0.162,"#dfc0bc,#a89790,#704940",1,,
ixtOL_gQNEQ,https://www.youtube.com/watch?v=ixtOL_gQNEQ,What's the BEST Flower Candle WAX? 9 Wax casts tests with silicone mold,854.0,storyboard,13,103.76,111.74,7.98,https://youtu.be/ixtOL_gQNEQ?t=104s,decorate_finish,finish,1,0.5,Demoulding pink rose/flower pillar candles from the silicone moulds.,35 am ee SS aw Poa lL ee en 2 7 all Sf ae 4 oA Lage at ie oe 7 aS,1,0.0,0.025,0.064,0.566,0.152,"#c0b0aa,#977e78,#6a382a",1,,
ixtOL_gQNEQ,https://www.youtube.com/watch?v=ixtOL_gQNEQ,What's the BEST Flower Candle WAX? 9 Wax casts tests with silicone mold,854.0,storyboard,23,183.57,191.55,7.98,https://youtu.be/ixtOL_gQNEQ?t=184s,decorate_finish,finish,1,0.5,Demoulding pink rose/flower pillar candles from the silicone moulds.,,0,0.0,0.008,0.0,0.669,0.221,"#caa09a,#e0d4cd,#a4584a",1,,
ixtOL_gQNEQ,https://www.youtube.com/watch?v=ixtOL_gQNEQ,What's the BEST Flower Candle WAX? 9 Wax casts tests with silicone mold,854.0,storyboard,24,191.55,199.53,7.98,https://youtu.be/ixtOL_gQNEQ?t=192s,decorate_finish,finish,1,0.5,Demoulding/flexing a pink silicone mould to release a wax disc/rose candle (wax test).,DS Se eS all 7 ee cere SS ee sf. Fe ae,1,0.0,0.02,0.102,0.606,0.183,"#bca6a4,#a0867f,#83493d",1,,
ixtOL_gQNEQ,https://www.youtube.com/watch?v=ixtOL_gQNEQ,What's the BEST Flower Candle WAX? 9 Wax casts tests with silicone mold,854.0,storyboard,25,199.53,207.51,7.98,https://youtu.be/ixtOL_gQNEQ?t=200s,decorate_finish,finish,1,0.5,Demoulding/flexing a pink silicone mould to release a wax disc/rose candle (wax test).,"sh DEY FATT ALS feces iat ae ee Sy, oie 4 fp skcosoya",1,0.0,0.014,0.127,0.569,0.148,"#9c8e8a,#796d67,#d2a3a7",1,,
ixtOL_gQNEQ,https://www.youtube.com/watch?v=ixtOL_gQNEQ,What's the BEST Flower Candle WAX? 9 Wax casts tests with silicone mold,854.0,storyboard,27,215.5,223.48,7.98,https://youtu.be/ixtOL_gQNEQ?t=216s,decorate_finish,finish,1,0.5,Demoulding/flexing a pink silicone mould to release a wax disc/rose candle (wax test).,Fe EN wy 2 ccoxmpaemallar,1,0.0,0.026,0.116,0.542,0.167,"#9a837f,#c5a19e,#834b43",1,,
ixtOL_gQNEQ,https://www.youtube.com/watch?v=ixtOL_gQNEQ,What's the BEST Flower Candle WAX? 9 Wax casts tests with silicone mold,854.0,storyboard,30,239.44,247.42,7.98,https://youtu.be/ixtOL_gQNEQ?t=239s,decorate_finish,finish,1,0.5,Demoulding/flexing a pink silicone mould to release a wax disc/rose candle (wax test).,PA 2 7 piltar se em ee,1,0.0,0.014,0.163,0.664,0.181,"#bf968f,#e0c7c0,#a76963",1,,
ixtOL_gQNEQ,https://www.youtube.com/watch?v=ixtOL_gQNEQ,What's the BEST Flower Candle WAX? 9 Wax casts tests with silicone mold,854.0,storyboard,31,247.42,255.4,7.98,https://youtu.be/ixtOL_gQNEQ?t=247s,decorate_finish,finish,1,0.5,Holding up the demoulded flower/disc candle to show the result.,,0,0.0,0.014,0.193,0.653,0.189,"#efcdca,#b6b1ab,#8d7c70",1,,
ixtOL_gQNEQ,https://www.youtube.com/watch?v=ixtOL_gQNEQ,What's the BEST Flower Candle WAX? 9 Wax casts tests with silicone mold,854.0,storyboard,32,255.4,263.38,7.98,https://youtu.be/ixtOL_gQNEQ?t=255s,decorate_finish,finish,1,0.5,Demoulding/flexing a pink silicone mould to release a wax disc/rose candle (wax test).,ve way fantasy SS ad at 9,1,0.0,0.038,0.212,0.66,0.14,"#dbc6c2,#aba099,#39281c",1,,
ixtOL_gQNEQ,https://www.youtube.com/watch?v=ixtOL_gQNEQ,What's the BEST Flower Candle WAX? 9 Wax casts tests with silicone mold,854.0,storyboard,35,279.35,287.33,7.98,https://youtu.be/ixtOL_gQNEQ?t=279s,decorate_finish,finish,1,0.5,Demoulding/flexing a pink silicone mould to release a wax disc/rose candle (wax test).,,0,0.0,0.013,0.077,0.689,0.184,"#decac3,#b79c92,#9c4f39",1,,
ixtOL_gQNEQ,https://www.youtube.com/watch?v=ixtOL_gQNEQ,What's the BEST Flower Candle WAX? 9 Wax casts tests with silicone mold,854.0,storyboard,36,287.33,295.31,7.98,https://youtu.be/ixtOL_gQNEQ?t=287s,decorate_finish,finish,1,0.5,Demoulding/flexing a pink silicone mould to release a wax disc/rose candle (wax test).,,0,0.0,0.001,0.0,0.683,0.202,"#e4cfc8,#bea299,#994e38",1,,
ixtOL_gQNEQ,https://www.youtube.com/watch?v=ixtOL_gQNEQ,What's the BEST Flower Candle WAX? 9 Wax casts tests with silicone mold,854.0,storyboard,37,295.31,303.29,7.98,https://youtu.be/ixtOL_gQNEQ?t=295s,decorate_finish,finish,1,0.5,Demoulding/flexing a pink silicone mould to release a wax disc/rose candle (wax test).,7 oN,0,0.0,0.025,0.099,0.541,0.168,"#c0ada7,#9d8278,#774432",1,,
ixtOL_gQNEQ,https://www.youtube.com/watch?v=ixtOL_gQNEQ,What's the BEST Flower Candle WAX? 9 Wax casts tests with silicone mold,854.0,storyboard,38,303.29,311.27,7.98,https://youtu.be/ixtOL_gQNEQ?t=303s,decorate_finish,finish,1,0.5,Holding up the demoulded flower/disc candle to show the result.,ca ie AL al ge er ee oe es ow SS 2 7 2,1,0.0,0.027,0.111,0.568,0.168,"#a18378,#c8b2aa,#7f4436",1,,
ixtOL_gQNEQ,https://www.youtube.com/watch?v=ixtOL_gQNEQ,What's the BEST Flower Candle WAX? 9 Wax casts tests with silicone mold,854.0,storyboard,40,319.25,327.23,7.98,https://youtu.be/ixtOL_gQNEQ?t=319s,decorate_finish,finish,1,0.5,Holding up the demoulded flower/disc candle to show the result.,"at AY 2 Da yy PF, es sie Pillar Ss ol",1,0.0,0.028,0.182,0.68,0.236,"#dfcbc2,#d0877c,#953c31",1,,
ixtOL_gQNEQ,https://www.youtube.com/watch?v=ixtOL_gQNEQ,What's the BEST Flower Candle WAX? 9 Wax casts tests with silicone mold,854.0,storyboard,43,343.2,351.18,7.98,https://youtu.be/ixtOL_gQNEQ?t=343s,decorate_finish,finish,1,0.5,Holding up the demoulded flower/disc candle to show the result.,,0,0.0,0.015,0.149,0.613,0.173,"#c7b2af,#a4908b,#965544",1,,
ixtOL_gQNEQ,https://www.youtube.com/watch?v=ixtOL_gQNEQ,What's the BEST Flower Candle WAX? 9 Wax casts tests with silicone mold,854.0,storyboard,44,351.18,359.16,7.98,https://youtu.be/ixtOL_gQNEQ?t=351s,decorate_finish,finish,1,0.5,Demoulding/flexing a pink silicone mould to release a wax disc/rose candle (wax test).,ae 4 Fw Ya 7 Soest ae ae oy SSS el pe ee os Ao ee es et 5 ee ee 7 ww 7 4 oo we oe,1,0.0,0.04,0.138,0.613,0.177,"#ceb7b4,#a7928d,#8b4f3d",1,,
ixtOL_gQNEQ,https://www.youtube.com/watch?v=ixtOL_gQNEQ,What's the BEST Flower Candle WAX? 9 Wax casts tests with silicone mold,854.0,storyboard,46,367.14,375.12,7.98,https://youtu.be/ixtOL_gQNEQ?t=367s,decorate_finish,finish,1,0.5,Demoulding/flexing a pink silicone mould to release a wax disc/rose candle (wax test).,Ss 7 ga Sg SS ei,1,0.0,0.026,0.113,0.498,0.159,"#a89690,#8d695e,#692b20",1,,
ixtOL_gQNEQ,https://www.youtube.com/watch?v=ixtOL_gQNEQ,What's the BEST Flower Candle WAX? 9 Wax casts tests with silicone mold,854.0,storyboard,49,391.08,399.07,7.99,https://youtu.be/ixtOL_gQNEQ?t=391s,decorate_finish,finish,1,0.5,Demoulding/flexing a pink silicone mould to release a wax disc/rose candle (wax test).,9 ee 4 SS Ad Ot Se ne ae VaxTest 4 oCgco ea Pillar FAILED Se 4 ees me,1,0.0,0.061,0.157,0.591,0.202,"#a4a198,#86766b,#e4bcb6",1,,
ixtOL_gQNEQ,https://www.youtube.com/watch?v=ixtOL_gQNEQ,What's the BEST Flower Candle WAX? 9 Wax casts tests with silicone mold,854.0,storyboard,50,399.07,407.05,7.98,https://youtu.be/ixtOL_gQNEQ?t=399s,decorate_finish,finish,1,0.5,Demoulding/flexing a pink silicone mould to release a wax disc/rose candle (wax test).,"FF the os AF, phar ewe reenter oe me aa er,- ax Pen ee",1,0.0,0.021,0.225,0.595,0.164,"#d0b1ac,#958a84,#34261e",1,,
ixtOL_gQNEQ,https://www.youtube.com/watch?v=ixtOL_gQNEQ,What's the BEST Flower Candle WAX? 9 Wax casts tests with silicone mold,854.0,storyboard,51,407.05,415.03,7.98,https://youtu.be/ixtOL_gQNEQ?t=407s,decorate_finish,finish,1,0.5,Holding up the demoulded flower/disc candle to show the result.,,0,0.0,0.02,0.0,0.615,0.175,"#aa9d95,#ebb5b6,#73524a",1,,
ixtOL_gQNEQ,https://www.youtube.com/watch?v=ixtOL_gQNEQ,What's the BEST Flower Candle WAX? 9 Wax casts tests with silicone mold,854.0,storyboard,52,415.03,423.01,7.98,https://youtu.be/ixtOL_gQNEQ?t=415s,decorate_finish,finish,1,0.5,Demoulding/flexing a pink silicone mould to release a wax disc/rose candle (wax test).,,0,0.0,0.016,0.127,0.711,0.187,"#e9ccc9,#b89a91,#924838",1,,
ixtOL_gQNEQ,https://www.youtube.com/watch?v=ixtOL_gQNEQ,What's the BEST Flower Candle WAX? 9 Wax casts tests with silicone mold,854.0,storyboard,53,423.01,430.99,7.98,https://youtu.be/ixtOL_gQNEQ?t=423s,decorate_finish,finish,1,0.5,Demoulding/flexing a pink silicone mould to release a wax disc/rose candle (wax test).,FA FOG NLL ee va aa ai ot At 3 TF Te SeeOetme Piller oe ee ae,1,0.0,0.032,0.196,0.598,0.184,"#987a72,#c29f9d,#7b4134",1,,
ixtOL_gQNEQ,https://www.youtube.com/watch?v=ixtOL_gQNEQ,What's the BEST Flower Candle WAX? 9 Wax casts tests with silicone mold,854.0,storyboard,54,430.99,438.97,7.98,https://youtu.be/ixtOL_gQNEQ?t=431s,decorate_finish,finish,1,0.5,Demoulding/flexing a pink silicone mould to release a wax disc/rose candle (wax test).,55 epee Ay Ea 7 4 4 os 3 De 3 4 LS 4 rey ie ae 7 ee Hy,1,0.0,0.029,0.101,0.536,0.172,"#a18782,#d6aeb0,#805149",1,,
ixtOL_gQNEQ,https://www.youtube.com/watch?v=ixtOL_gQNEQ,What's the BEST Flower Candle WAX? 9 Wax casts tests with silicone mold,854.0,storyboard,55,438.97,446.95,7.98,https://youtu.be/ixtOL_gQNEQ?t=439s,decorate_finish,finish,1,0.5,Holding up the demoulded flower/disc candle to show the result.,,0,0.0,0.012,0.0,0.684,0.191,"#b99f98,#eed1d0,#924f43",1,,
ixtOL_gQNEQ,https://www.youtube.com/watch?v=ixtOL_gQNEQ,What's the BEST Flower Candle WAX? 9 Wax casts tests with silicone mold,854.0,storyboard,56,446.95,454.93,7.98,https://youtu.be/ixtOL_gQNEQ?t=447s,decorate_finish,finish,1,0.5,Demoulding/flexing a pink silicone mould to release a wax disc/rose candle (wax test).,SSS SS,0,0.0,0.025,0.176,0.613,0.231,"#dcb2ae,#c28882,#95443c",1,,
ixtOL_gQNEQ,https://www.youtube.com/watch?v=ixtOL_gQNEQ,What's the BEST Flower Candle WAX? 9 Wax casts tests with silicone mold,854.0,storyboard,57,454.93,462.92,7.99,https://youtu.be/ixtOL_gQNEQ?t=455s,decorate_finish,finish,1,0.5,Holding up the demoulded flower/disc candle to show the result.,oO is ee DP 4 SS xy fours of wot RS 7 wy Be eee are 4 Sm: ere pi. Sc ea th pe beesy 5 en Preside id te ae ae anette. Ay 4 EE MS ae es ee,1,0.0,0.059,0.123,0.687,0.172,"#debfba,#a8a096,#7e6f68",1,,
ixtOL_gQNEQ,https://www.youtube.com/watch?v=ixtOL_gQNEQ,What's the BEST Flower Candle WAX? 9 Wax casts tests with silicone mold,854.0,storyboard,58,462.92,470.9,7.98,https://youtu.be/ixtOL_gQNEQ?t=463s,decorate_finish,finish,1,0.5,Demoulding/flexing a pink silicone mould to release a wax disc/rose candle (wax test).,Oe ee PTO oat,1,0.0,0.034,0.0,0.561,0.136,"#d0b7b4,#97918b,#33271d",1,,
ixtOL_gQNEQ,https://www.youtube.com/watch?v=ixtOL_gQNEQ,What's the BEST Flower Candle WAX? 9 Wax casts tests with silicone mold,854.0,storyboard,59,470.9,478.88,7.98,https://youtu.be/ixtOL_gQNEQ?t=471s,decorate_finish,finish,1,0.5,Holding up the demoulded flower/disc candle to show the result.,ed os 8 ee SSeS Jo eee 3 SSS ow pent lCrad ty oes en nt ee 4 ea al,1,0.0,0.021,0.171,0.666,0.169,"#e8d0cb,#bca69c,#9e5b49",1,,
ixtOL_gQNEQ,https://www.youtube.com/watch?v=ixtOL_gQNEQ,What's the BEST Flower Candle WAX? 9 Wax casts tests with silicone mold,854.0,storyboard,60,478.88,486.86,7.98,https://youtu.be/ixtOL_gQNEQ?t=479s,decorate_finish,finish,1,0.5,Demoulding/flexing a pink silicone mould to release a wax disc/rose candle (wax test).,ae troce al SE,1,0.0,0.014,0.087,0.687,0.203,"#e7bcb8,#b9a9a0,#a15b4a",1,,
ixtOL_gQNEQ,https://www.youtube.com/watch?v=ixtOL_gQNEQ,What's the BEST Flower Candle WAX? 9 Wax casts tests with silicone mold,854.0,storyboard,61,486.86,494.84,7.98,https://youtu.be/ixtOL_gQNEQ?t=487s,decorate_finish,finish,1,0.5,Holding up the demoulded flower/disc candle to show the result.,,0,0.0,0.019,0.0,0.626,0.205,"#d4b5af,#b6877b,#8c4939",1,,
ixtOL_gQNEQ,https://www.youtube.com/watch?v=ixtOL_gQNEQ,What's the BEST Flower Candle WAX? 9 Wax casts tests with silicone mold,854.0,storyboard,62,494.84,502.82,7.98,https://youtu.be/ixtOL_gQNEQ?t=495s,decorate_finish,finish,1,0.5,Demoulding/flexing a pink silicone mould to release a wax disc/rose candle (wax test).,,0,0.0,0.015,0.131,0.619,0.218,"#d9beb8,#be9087,#9d513f",1,,
ixtOL_gQNEQ,https://www.youtube.com/watch?v=ixtOL_gQNEQ,What's the BEST Flower Candle WAX? 9 Wax casts tests with silicone mold,854.0,storyboard,63,502.82,510.8,7.98,https://youtu.be/ixtOL_gQNEQ?t=503s,decorate_finish,finish,1,0.5,Holding up the demoulded flower/disc candle to show the result.,,0,0.0,0.014,0.126,0.677,0.232,"#e1ccc5,#c6a69a,#c16f59",1,,
ixtOL_gQNEQ,https://www.youtube.com/watch?v=ixtOL_gQNEQ,What's the BEST Flower Candle WAX? 9 Wax casts tests with silicone mold,854.0,storyboard,64,510.8,518.79,7.99,https://youtu.be/ixtOL_gQNEQ?t=511s,decorate_finish,finish,1,0.5,Demoulding/flexing a pink silicone mould to release a wax disc/rose candle (wax test).,,0,0.0,0.011,0.0,0.665,0.196,"#bd9c93,#e5c7c3,#904a39",1,,
ixtOL_gQNEQ,https://www.youtube.com/watch?v=ixtOL_gQNEQ,What's the BEST Flower Candle WAX? 9 Wax casts tests with silicone mold,854.0,storyboard,65,518.79,526.77,7.98,https://youtu.be/ixtOL_gQNEQ?t=519s,decorate_finish,finish,1,0.5,Demoulding/flexing a pink silicone mould to release a wax disc/rose candle (wax test).,,0,0.0,0.019,0.097,0.659,0.186,"#e9d3c6,#b2907b,#722a21",1,,
ixtOL_gQNEQ,https://www.youtube.com/watch?v=ixtOL_gQNEQ,What's the BEST Flower Candle WAX? 9 Wax casts tests with silicone mold,854.0,storyboard,68,542.73,550.71,7.98,https://youtu.be/ixtOL_gQNEQ?t=543s,decorate_finish,finish,1,0.5,Demoulding/flexing a pink silicone mould to release a wax disc/rose candle (wax test).,,0,0.0,0.01,0.107,0.645,0.204,"#e5d1c3,#b19683,#853e2c",1,,
ixtOL_gQNEQ,https://www.youtube.com/watch?v=ixtOL_gQNEQ,What's the BEST Flower Candle WAX? 9 Wax casts tests with silicone mold,854.0,storyboard,69,550.71,558.69,7.98,https://youtu.be/ixtOL_gQNEQ?t=551s,decorate_finish,finish,1,0.5,Demoulding/flexing a pink silicone mould to release a wax disc/rose candle (wax test).,re,0,0.0,0.012,0.102,0.644,0.194,"#c3beb9,#b6897a,#7b402e",1,,
ixtOL_gQNEQ,https://www.youtube.com/watch?v=ixtOL_gQNEQ,What's the BEST Flower Candle WAX? 9 Wax casts tests with silicone mold,854.0,storyboard,70,558.69,566.67,7.98,https://youtu.be/ixtOL_gQNEQ?t=559s,decorate_finish,finish,1,0.5,Demoulding/flexing a pink silicone mould to release a wax disc/rose candle (wax test).,,0,0.0,0.007,0.0,0.688,0.174,"#cdc6c1,#bb8776,#813f32",1,,
ixtOL_gQNEQ,https://www.youtube.com/watch?v=ixtOL_gQNEQ,What's the BEST Flower Candle WAX? 9 Wax casts tests with silicone mold,854.0,storyboard,71,566.67,574.65,7.98,https://youtu.be/ixtOL_gQNEQ?t=567s,decorate_finish,finish,1,0.5,Holding up the demoulded flower/disc candle to show the result.,"ee oe 7 ms tt Ma? Tand 4 See Sea De er oe bs fae whe am Se sin ne ae ieee ag Ngee ce 7 as se ey el he 2 es Ss ee es 7 pe 4 VE at ea SSS ne re, Pr 3 os ij Tin Pe io way Ae ae: et tarattin eS hes mS 5 L",1,0.0,0.021,0.223,0.621,0.153,"#a9a29a,#ebbaba,#806c64",1,,
ixtOL_gQNEQ,https://www.youtube.com/watch?v=ixtOL_gQNEQ,What's the BEST Flower Candle WAX? 9 Wax casts tests with silicone mold,854.0,storyboard,72,574.65,582.64,7.99,https://youtu.be/ixtOL_gQNEQ?t=575s,decorate_finish,finish,1,0.5,Demoulding/flexing a pink silicone mould to release a wax disc/rose candle (wax test).,5 ey oe ae on 7 Se Se Se ee oe ee SS so ae ae gr 7 es en re 4 Patatita tc ra ed OEE Sa Se,1,0.0,0.029,0.115,0.651,0.168,"#b1a19a,#e8bfbe,#7a514c",1,,
ixtOL_gQNEQ,https://www.youtube.com/watch?v=ixtOL_gQNEQ,What's the BEST Flower Candle WAX? 9 Wax casts tests with silicone mold,854.0,storyboard,74,590.62,598.6,7.98,https://youtu.be/ixtOL_gQNEQ?t=591s,decorate_finish,finish,1,0.5,Demoulding/flexing a pink silicone mould to release a wax disc/rose candle (wax test).,ey ee Se aes 4 oe,1,0.0,0.025,0.119,0.67,0.21,"#e1cec6,#be9990,#904231",1,,
ixtOL_gQNEQ,https://www.youtube.com/watch?v=ixtOL_gQNEQ,What's the BEST Flower Candle WAX? 9 Wax casts tests with silicone mold,854.0,storyboard,75,598.6,606.58,7.98,https://youtu.be/ixtOL_gQNEQ?t=599s,decorate_finish,finish,1,0.5,Demoulding/flexing a pink silicone mould to release a wax disc/rose candle (wax test).,UTS res om rid,1,0.0,0.026,0.093,0.542,0.19,"#c0aaa4,#a6817a,#7d3d30",1,,
ixtOL_gQNEQ,https://www.youtube.com/watch?v=ixtOL_gQNEQ,What's the BEST Flower Candle WAX? 9 Wax casts tests with silicone mold,854.0,storyboard,76,606.58,614.56,7.98,https://youtu.be/ixtOL_gQNEQ?t=607s,decorate_finish,finish,1,0.5,Demoulding/flexing a pink silicone mould to release a wax disc/rose candle (wax test).,ehghnn aide iat SS ee SSS SS eae aa att SSS aa aad te 4 aa,1,0.0,0.035,0.089,0.542,0.184,"#c3aaa5,#9f7f77,#783b2c",1,,
ixtOL_gQNEQ,https://www.youtube.com/watch?v=ixtOL_gQNEQ,What's the BEST Flower Candle WAX? 9 Wax casts tests with silicone mold,854.0,storyboard,78,622.54,630.52,7.98,https://youtu.be/ixtOL_gQNEQ?t=623s,decorate_finish,finish,1,0.5,Demoulding/flexing a pink silicone mould to release a wax disc/rose candle (wax test).,oe oe SSS nin Pe Rarartts es,1,0.0,0.019,0.162,0.623,0.215,"#dfc1bc,#b69790,#c65650",1,,
ixtOL_gQNEQ,https://www.youtube.com/watch?v=ixtOL_gQNEQ,What's the BEST Flower Candle WAX? 9 Wax casts tests with silicone mold,854.0,storyboard,81,646.49,654.47,7.98,https://youtu.be/ixtOL_gQNEQ?t=646s,decorate_finish,finish,1,0.5,Demoulding/flexing a pink silicone mould to release a wax disc/rose candle (wax test).,al ai 4 ine th 4 7 4 af 4 4 Tr. ee ms od ba 7 aad ate ge Se ee eel nn 5 sa os ae 7 ed potargill NetureWanx hie re,1,0.0,0.021,0.085,0.618,0.168,"#dbb2ad,#a1938a,#714d43",1,,
ixtOL_gQNEQ,https://www.youtube.com/watch?v=ixtOL_gQNEQ,What's the BEST Flower Candle WAX? 9 Wax casts tests with silicone mold,854.0,storyboard,82,654.47,662.45,7.98,https://youtu.be/ixtOL_gQNEQ?t=654s,decorate_finish,finish,1,0.5,Demoulding/flexing a pink silicone mould to release a wax disc/rose candle (wax test).,st Oe ee ee SSS 1 SS oe Se oe Ph. sS 4 Se al EE SS Sa ae Lm ee OW ae Pett acu 4 ral,1,0.0,0.034,0.097,0.636,0.186,"#aa968e,#d4bcb6,#9c5749",1,,
ixtOL_gQNEQ,https://www.youtube.com/watch?v=ixtOL_gQNEQ,What's the BEST Flower Candle WAX? 9 Wax casts tests with silicone mold,854.0,storyboard,84,670.43,678.41,7.98,https://youtu.be/ixtOL_gQNEQ?t=670s,decorate_finish,finish,1,0.5,Demoulding/flexing a pink silicone mould to release a wax disc/rose candle (wax test).,35 5 eed ee ll ee SS aa SSS se Se ee Se So. ae ee NatureWan Coz ao,1,0.0,0.04,0.118,0.515,0.149,"#ad938d,#85716a,#673b2e",1,,
ixtOL_gQNEQ,https://www.youtube.com/watch?v=ixtOL_gQNEQ,What's the BEST Flower Candle WAX? 9 Wax casts tests with silicone mold,854.0,storyboard,85,678.41,686.39,7.98,https://youtu.be/ixtOL_gQNEQ?t=678s,decorate_finish,finish,1,0.5,Demoulding/flexing a pink silicone mould to release a wax disc/rose candle (wax test).,ad 2 eae rs ee ne yy Ee ee tr Sele os fur. 7 em ae ee,1,0.0,0.039,0.064,0.499,0.154,"#8d7f77,#be9992,#6f4034",1,,
ixtOL_gQNEQ,https://www.youtube.com/watch?v=ixtOL_gQNEQ,What's the BEST Flower Candle WAX? 9 Wax casts tests with silicone mold,854.0,storyboard,87,694.37,702.36,7.99,https://youtu.be/ixtOL_gQNEQ?t=694s,decorate_finish,finish,1,0.5,Holding up the demoulded flower/disc candle to show the result.,ee 2 ae es 9 ss ow re ee ee Fae 7 Se ae 37 oe fae eS ture Cc eee ee se cae ae 7 as 2 4. tl,1,0.0,0.031,0.194,0.545,0.193,"#c6b6aa,#aa8175,#7d3424",1,,
ixtOL_gQNEQ,https://www.youtube.com/watch?v=ixtOL_gQNEQ,What's the BEST Flower Candle WAX? 9 Wax casts tests with silicone mold,854.0,storyboard,88,702.36,710.34,7.98,https://youtu.be/ixtOL_gQNEQ?t=702s,decorate_finish,finish,1,0.5,Demoulding/flexing a pink silicone mould to release a wax disc/rose candle (wax test).,7 Bee rs ae. 3 aoe 4 SEZ yw,1,0.0,0.039,0.157,0.587,0.228,"#cca8a1,#c17368,#803225",1,,
ixtOL_gQNEQ,https://www.youtube.com/watch?v=ixtOL_gQNEQ,What's the BEST Flower Candle WAX? 9 Wax casts tests with silicone mold,854.0,storyboard,93,742.26,750.24,7.98,https://youtu.be/ixtOL_gQNEQ?t=742s,decorate_finish,finish,1,0.5,Demoulding/flexing a pink silicone mould to release a wax disc/rose candle (wax test).,2 oe 3 7 has Ad 4 ee es 7 ate oe 7 SS ee ee gw Set ll on ae cm ee SS ae ef Ss ie zs 7 ay Fe veer Dy gt ge OO ee,1,0.0,0.041,0.056,0.507,0.149,"#a4928b,#836a61,#653729",1,,
ixtOL_gQNEQ,https://www.youtube.com/watch?v=ixtOL_gQNEQ,What's the BEST Flower Candle WAX? 9 Wax casts tests with silicone mold,854.0,storyboard,94,750.24,758.22,7.98,https://youtu.be/ixtOL_gQNEQ?t=750s,decorate_finish,finish,1,0.5,Demoulding/flexing a pink silicone mould to release a wax disc/rose candle (wax test).,ye xa en pan Mah tania eZ Saw ME 3 Sa Ls ae 7 ee Sm ws SS Se Se Apricotcram 2 nl wan se el,1,0.0,0.037,0.079,0.5,0.146,"#8f827a,#724a3c,#cca19c",1,,
ixtOL_gQNEQ,https://www.youtube.com/watch?v=ixtOL_gQNEQ,What's the BEST Flower Candle WAX? 9 Wax casts tests with silicone mold,854.0,storyboard,96,766.21,774.19,7.98,https://youtu.be/ixtOL_gQNEQ?t=766s,decorate_finish,finish,1,0.5,Demoulding/flexing a pink silicone mould to release a wax disc/rose candle (wax test).,agtt wis sy Cee ee heot,1,0.0,0.02,0.149,0.593,0.177,"#c7b9ad,#a08374,#6d2c1f",1,,
jVRtUAY0SpI,https://www.youtube.com/watch?v=jVRtUAY0SpI,The candle that made me go VIRAL ✨ Studio Vlog No. 1 ✨ The making of Cloud Nine,569.0,storyboard,51,408.72,416.73,8.01,https://youtu.be/jVRtUAY0SpI?t=409s,decorate_finish,finish,1,0.5,Making/placing white cloud embeds & labelling.,ad ie ABH ae im 3,1,0.0,0.019,0.221,0.469,0.106,"#78606c,#ad99a1,#1e1a1c",1,,
jVRtUAY0SpI,https://www.youtube.com/watch?v=jVRtUAY0SpI,The candle that made me go VIRAL ✨ Studio Vlog No. 1 ✨ The making of Cloud Nine,569.0,storyboard,52,416.73,424.75,8.02,https://youtu.be/jVRtUAY0SpI?t=417s,decorate_finish,finish,1,0.5,Making/placing white cloud embeds & labelling.,,0,0.0,0.014,0.0,0.417,0.125,"#795a54,#a19698,#272122",1,,
jVRtUAY0SpI,https://www.youtube.com/watch?v=jVRtUAY0SpI,The candle that made me go VIRAL ✨ Studio Vlog No. 1 ✨ The making of Cloud Nine,569.0,storyboard,53,424.75,432.76,8.01,https://youtu.be/jVRtUAY0SpI?t=425s,decorate_finish,finish,1,0.5,Making/placing white cloud embeds & labelling.,ripe eT,0,0.0,0.02,0.242,0.441,0.102,"#796964,#b4b3b1,#262420",1,,
jVRtUAY0SpI,https://www.youtube.com/watch?v=jVRtUAY0SpI,The candle that made me go VIRAL ✨ Studio Vlog No. 1 ✨ The making of Cloud Nine,569.0,storyboard,54,432.76,440.77,8.01,https://youtu.be/jVRtUAY0SpI?t=433s,decorate_finish,finish,1,0.5,Making/placing white cloud embeds & labelling.,oe Wid ee 4,1,0.0,0.039,0.192,0.401,0.099,"#685c57,#3b2d27,#ada9a7",1,,
jVRtUAY0SpI,https://www.youtube.com/watch?v=jVRtUAY0SpI,The candle that made me go VIRAL ✨ Studio Vlog No. 1 ✨ The making of Cloud Nine,569.0,storyboard,55,440.77,448.79,8.02,https://youtu.be/jVRtUAY0SpI?t=441s,decorate_finish,finish,1,0.5,Making/placing white cloud embeds & labelling.,2 wt.,0,0.0,0.029,0.0,0.379,0.124,"#47372e,#74655e,#a5aaa9",1,,
jVRtUAY0SpI,https://www.youtube.com/watch?v=jVRtUAY0SpI,The candle that made me go VIRAL ✨ Studio Vlog No. 1 ✨ The making of Cloud Nine,569.0,storyboard,56,448.79,456.8,8.01,https://youtu.be/jVRtUAY0SpI?t=449s,decorate_finish,finish,1,0.5,Making/placing white cloud embeds & labelling.,"eee eer tty, ae",1,0.0,0.044,0.284,0.411,0.105,"#7c776c,#4c2d23,#acb0ab",1,,
l4-8dPDeC80,https://www.youtube.com/watch?v=l4-8dPDeC80,Turn the Ocean into a Candle🌊😍 Easy DIY Gel Candle Tutorial🕯️,121.0,storyboard,4,32.27,40.33,8.06,https://youtu.be/l4-8dPDeC80?t=32s,decorate_finish,finish,1,0.5,Shaping white 'foam' wax for the wave crest.,"aU ee wee, so",1,0.0,0.065,0.125,0.552,0.092,"#c0b6ae,#474a53,#19171b",1,,
l4-8dPDeC80,https://www.youtube.com/watch?v=l4-8dPDeC80,Turn the Ocean into a Candle🌊😍 Easy DIY Gel Candle Tutorial🕯️,121.0,storyboard,5,40.33,48.4,8.07,https://youtu.be/l4-8dPDeC80?t=40s,decorate_finish,finish,1,0.5,Adding white foam wax on top of the blue gel.,ath ee,0,0.0,0.056,0.116,0.555,0.103,"#c0b6ad,#303c49,#9a7065",1,,
l4-8dPDeC80,https://www.youtube.com/watch?v=l4-8dPDeC80,Turn the Ocean into a Candle🌊😍 Easy DIY Gel Candle Tutorial🕯️,121.0,storyboard,6,48.4,56.47,8.07,https://youtu.be/l4-8dPDeC80?t=48s,decorate_finish,finish,1,0.45,Glass with blue gel and a white foam wave.,7 hee 4 1 Now it time to melt the gel wax OAT,1,0.0,0.056,0.121,0.496,0.099,"#bab2a9,#272c38,#967168",1,,
lwiqFbJa51w,https://www.youtube.com/watch?v=lwiqFbJa51w,Small Business Packaging Ideas | Packing candles tips and hacks on a budget | DIY cheap & cute ideas,444.0,storyboard,15,118.93,126.86,7.93,https://youtu.be/lwiqFbJa51w?t=119s,decorate_finish,finish,1,0.4,"Packaging candles (stamping the JOOLIE logo, wrapping in tissue, cork coasters).",po,0,0.0,0.107,0.218,0.471,0.113,"#837470,#bab7b3,#48281d",1,,
lwiqFbJa51w,https://www.youtube.com/watch?v=lwiqFbJa51w,Small Business Packaging Ideas | Packing candles tips and hacks on a budget | DIY cheap & cute ideas,444.0,storyboard,17,134.79,142.71,7.92,https://youtu.be/lwiqFbJa51w?t=135s,decorate_finish,finish,1,0.4,"Packaging candles (stamping the JOOLIE logo, wrapping in tissue, cork coasters).",Ses Ss om CS 2 rr SD mT on le res oF OF Ff hee,1,0.0,0.059,0.299,0.55,0.092,"#cb9da3,#5b3535,#a0787e",1,,
lwiqFbJa51w,https://www.youtube.com/watch?v=lwiqFbJa51w,Small Business Packaging Ideas | Packing candles tips and hacks on a budget | DIY cheap & cute ideas,444.0,storyboard,18,142.71,150.64,7.93,https://youtu.be/lwiqFbJa51w?t=143s,decorate_finish,finish,1,0.4,Packing the candles into boxes for shipping.,,0,0.0,0.018,0.332,0.493,0.246,"#9f4758,#d5cac3,#4e161d",1,,
lwiqFbJa51w,https://www.youtube.com/watch?v=lwiqFbJa51w,Small Business Packaging Ideas | Packing candles tips and hacks on a budget | DIY cheap & cute ideas,444.0,storyboard,19,150.64,158.57,7.93,https://youtu.be/lwiqFbJa51w?t=151s,decorate_finish,finish,1,0.4,"Packaging candles (stamping the JOOLIE logo, wrapping in tissue, cork coasters).",,0,0.0,0.007,0.0,0.377,0.206,"#5b1922,#985861,#cdb1b1",1,,
lwiqFbJa51w,https://www.youtube.com/watch?v=lwiqFbJa51w,Small Business Packaging Ideas | Packing candles tips and hacks on a budget | DIY cheap & cute ideas,444.0,storyboard,20,158.57,166.5,7.93,https://youtu.be/lwiqFbJa51w?t=159s,decorate_finish,finish,1,0.4,Packing the candles into boxes for shipping.,aes ae Sh,1,0.0,0.023,0.15,0.439,0.214,"#ab5d6f,#62322f,#d3cac5",1,,
lwiqFbJa51w,https://www.youtube.com/watch?v=lwiqFbJa51w,Small Business Packaging Ideas | Packing candles tips and hacks on a budget | DIY cheap & cute ideas,444.0,storyboard,21,166.5,174.43,7.93,https://youtu.be/lwiqFbJa51w?t=166s,decorate_finish,finish,1,0.4,"Packaging candles (stamping the JOOLIE logo, wrapping in tissue, cork coasters).",2 ON wf 4 NY Sg Sw,1,0.0,0.022,0.0,0.479,0.192,"#a1616e,#bbb0a9,#3e1e1e",1,,
lwiqFbJa51w,https://www.youtube.com/watch?v=lwiqFbJa51w,Small Business Packaging Ideas | Packing candles tips and hacks on a budget | DIY cheap & cute ideas,444.0,storyboard,22,174.43,182.36,7.93,https://youtu.be/lwiqFbJa51w?t=174s,decorate_finish,finish,1,0.4,Packing the candles into boxes for shipping.,wit er,0,0.0,0.031,0.213,0.505,0.154,"#6d615d,#968c8b,#cacac9",1,,
lwiqFbJa51w,https://www.youtube.com/watch?v=lwiqFbJa51w,Small Business Packaging Ideas | Packing candles tips and hacks on a budget | DIY cheap & cute ideas,444.0,storyboard,23,182.36,190.29,7.93,https://youtu.be/lwiqFbJa51w?t=182s,decorate_finish,finish,1,0.4,"Packaging candles (stamping the JOOLIE logo, wrapping in tissue, cork coasters).",ee 2 al ES: eta Fa Se hd TPT as SS LO Or. le Lh 7 Po 4 Lacie VC 4,1,0.0,0.061,0.181,0.604,0.064,"#bfbdb6,#a4a29a,#8a8884",1,,
m6PpWgz7YGM,https://www.youtube.com/watch?v=m6PpWgz7YGM,The Satisfying Process of Candle Making | Inside a Modern Candle Factory,665.0,storyboard,34,272.41,280.42,8.01,https://youtu.be/m6PpWgz7YGM?t=272s,decorate_finish,finish,1,0.45,Decorating/assembling/finishing a candle or box.,,0,0.0,0.014,0.458,0.321,0.121,"#081117,#44555e,#cfd2d6",1,,
m6PpWgz7YGM,https://www.youtube.com/watch?v=m6PpWgz7YGM,The Satisfying Process of Candle Making | Inside a Modern Candle Factory,665.0,storyboard,49,392.59,400.6,8.01,https://youtu.be/m6PpWgz7YGM?t=393s,decorate_finish,finish,1,0.45,Decorating/assembling/finishing a candle or box.,,0,0.0,0.007,0.0,0.242,0.046,"#2f261b,#524b41,#6d6861",1,,
m6PpWgz7YGM,https://www.youtube.com/watch?v=m6PpWgz7YGM,The Satisfying Process of Candle Making | Inside a Modern Candle Factory,665.0,storyboard,74,592.89,600.9,8.01,https://youtu.be/m6PpWgz7YGM?t=593s,decorate_finish,finish,1,0.45,Decorating/assembling/finishing a candle or box.,,0,0.0,0.021,0.222,0.399,0.176,"#453d32,#81745f,#c2bbb3",1,,
m6PpWgz7YGM,https://www.youtube.com/watch?v=m6PpWgz7YGM,The Satisfying Process of Candle Making | Inside a Modern Candle Factory,665.0,storyboard,78,624.94,632.95,8.01,https://youtu.be/m6PpWgz7YGM?t=625s,decorate_finish,finish,1,0.45,Decorating/assembling/finishing a candle or box.,,0,0.0,0.0,0.0,0.126,0.063,"#1b0a02,#392c1e,#55493a",1,,
m8gO36sLIfo,https://www.youtube.com/watch?v=m8gO36sLIfo,Easy Candle Making for Kids | Fun DIY Candle Tutorial at Home,214.0,storyboard,18,142.67,150.59,7.92,https://youtu.be/m8gO36sLIfo?t=143s,decorate_finish,finish,1,0.45,A blue star candle handled.,,0,0.0,0.001,0.16,0.471,0.162,"#9e7166,#58372e,#c2b7ac",1,,
mC1pCHJluzE,https://www.youtube.com/watch?v=mC1pCHJluzE,Testing new silicone moulds - Candle making tips for beginners,418.0,storyboard,4,32.15,40.19,8.04,https://youtu.be/mC1pCHJluzE?t=32s,decorate_finish,finish,1,0.5,Overhead: demoulding/handling pink rose candles from silicone moulds.,Ss mon oe ae XM,1,0.0,0.031,0.088,0.478,0.154,"#937663,#3f2f28,#d0b7ba",1,,
mC1pCHJluzE,https://www.youtube.com/watch?v=mC1pCHJluzE,Testing new silicone moulds - Candle making tips for beginners,418.0,storyboard,5,40.19,48.23,8.04,https://youtu.be/mC1pCHJluzE?t=40s,decorate_finish,finish,1,0.5,Overhead: demoulding/handling pink rose candles from silicone moulds.,ai Fe Sem 7 7 4 ww,1,0.0,0.038,0.0,0.45,0.175,"#957967,#41312a,#deabc3",1,,
mC1pCHJluzE,https://www.youtube.com/watch?v=mC1pCHJluzE,Testing new silicone moulds - Candle making tips for beginners,418.0,storyboard,6,48.23,56.27,8.04,https://youtu.be/mC1pCHJluzE?t=48s,decorate_finish,finish,1,0.5,Overhead: demoulding/handling pink rose candles from silicone moulds.,Fe Bi gy 7,1,0.0,0.02,0.08,0.445,0.161,"#907366,#412f2a,#e9c7da",1,,
mC1pCHJluzE,https://www.youtube.com/watch?v=mC1pCHJluzE,Testing new silicone moulds - Candle making tips for beginners,418.0,storyboard,7,56.27,64.31,8.04,https://youtu.be/mC1pCHJluzE?t=56s,decorate_finish,finish,1,0.5,Overhead: demoulding/handling pink rose candles from silicone moulds.,,0,0.0,0.015,0.086,0.428,0.193,"#926b5d,#3d2c27,#dda6bc",1,,
mC1pCHJluzE,https://www.youtube.com/watch?v=mC1pCHJluzE,Testing new silicone moulds - Candle making tips for beginners,418.0,storyboard,8,64.31,72.35,8.04,https://youtu.be/mC1pCHJluzE?t=64s,decorate_finish,finish,1,0.5,Overhead: demoulding/handling pink rose candles from silicone moulds.,ee Ce. Li ee,1,0.0,0.025,0.091,0.473,0.172,"#99786d,#45332d,#eac9d2",1,,
mC1pCHJluzE,https://www.youtube.com/watch?v=mC1pCHJluzE,Testing new silicone moulds - Candle making tips for beginners,418.0,storyboard,9,72.35,80.38,8.03,https://youtu.be/mC1pCHJluzE?t=72s,decorate_finish,finish,1,0.5,Overhead: demoulding/handling pink rose candles from silicone moulds.,mead 3 es vy de wee.,1,0.0,0.021,0.0,0.471,0.167,"#9d7f70,#493630,#e1b2c5",1,,
mC1pCHJluzE,https://www.youtube.com/watch?v=mC1pCHJluzE,Testing new silicone moulds - Candle making tips for beginners,418.0,storyboard,10,80.38,88.42,8.04,https://youtu.be/mC1pCHJluzE?t=80s,decorate_finish,finish,1,0.5,Overhead: demoulding/handling pink rose candles from silicone moulds.,ae my,0,0.0,0.025,0.121,0.458,0.167,"#997f6f,#402f2c,#eaaed0",1,,
mC1pCHJluzE,https://www.youtube.com/watch?v=mC1pCHJluzE,Testing new silicone moulds - Candle making tips for beginners,418.0,storyboard,11,88.42,96.46,8.04,https://youtu.be/mC1pCHJluzE?t=88s,decorate_finish,finish,1,0.5,Overhead: demoulding/handling pink rose candles from silicone moulds.,,0,0.0,0.045,0.19,0.478,0.181,"#6f7c3e,#c2b9c2,#332117",1,,
mC1pCHJluzE,https://www.youtube.com/watch?v=mC1pCHJluzE,Testing new silicone moulds - Candle making tips for beginners,418.0,storyboard,12,96.46,104.5,8.04,https://youtu.be/mC1pCHJluzE?t=96s,decorate_finish,finish,1,0.5,Overhead: demoulding/handling pink rose candles from silicone moulds.,,0,0.0,0.011,0.0,0.462,0.173,"#997268,#422f27,#dfbbc0",1,,
mC1pCHJluzE,https://www.youtube.com/watch?v=mC1pCHJluzE,Testing new silicone moulds - Candle making tips for beginners,418.0,storyboard,13,104.5,112.54,8.04,https://youtu.be/mC1pCHJluzE?t=104s,decorate_finish,finish,1,0.5,Overhead: demoulding/handling pink rose candles from silicone moulds.,,0,0.0,0.016,0.086,0.457,0.167,"#936f67,#413027,#deb6c0",1,,
mC1pCHJluzE,https://www.youtube.com/watch?v=mC1pCHJluzE,Testing new silicone moulds - Candle making tips for beginners,418.0,storyboard,14,112.54,120.58,8.04,https://youtu.be/mC1pCHJluzE?t=113s,decorate_finish,finish,1,0.5,Overhead: demoulding/handling pink rose candles from silicone moulds.,,0,0.0,0.012,0.087,0.455,0.153,"#906f68,#392d25,#d6b4b9",1,,
mC1pCHJluzE,https://www.youtube.com/watch?v=mC1pCHJluzE,Testing new silicone moulds - Candle making tips for beginners,418.0,storyboard,15,120.58,128.62,8.04,https://youtu.be/mC1pCHJluzE?t=121s,decorate_finish,finish,1,0.5,Overhead: demoulding/handling pink rose candles from silicone moulds.,ae 4,0,0.0,0.014,0.177,0.506,0.151,"#7f6857,#c8bebe,#413224",1,,
mC1pCHJluzE,https://www.youtube.com/watch?v=mC1pCHJluzE,Testing new silicone moulds - Candle making tips for beginners,418.0,storyboard,16,128.62,136.65,8.03,https://youtu.be/mC1pCHJluzE?t=129s,decorate_finish,finish,1,0.5,Overhead: demoulding/handling pink rose candles from silicone moulds.,,0,0.0,0.001,0.0,0.501,0.149,"#89705c,#cab2b6,#363327",1,,
mC1pCHJluzE,https://www.youtube.com/watch?v=mC1pCHJluzE,Testing new silicone moulds - Candle making tips for beginners,418.0,storyboard,17,136.65,144.69,8.04,https://youtu.be/mC1pCHJluzE?t=137s,decorate_finish,finish,1,0.5,Overhead: demoulding/handling pink rose candles from silicone moulds.,,0,0.0,0.01,0.086,0.499,0.148,"#8a7864,#ccc1c6,#4b362b",1,,
mC1pCHJluzE,https://www.youtube.com/watch?v=mC1pCHJluzE,Testing new silicone moulds - Candle making tips for beginners,418.0,storyboard,18,144.69,152.73,8.04,https://youtu.be/mC1pCHJluzE?t=145s,decorate_finish,finish,1,0.5,Overhead: demoulding/handling pink rose candles from silicone moulds.,,0,0.0,0.009,0.079,0.489,0.146,"#816954,#baacb1,#352621",1,,
mC1pCHJluzE,https://www.youtube.com/watch?v=mC1pCHJluzE,Testing new silicone moulds - Candle making tips for beginners,418.0,storyboard,19,152.73,160.77,8.04,https://youtu.be/mC1pCHJluzE?t=153s,decorate_finish,finish,1,0.5,Overhead: demoulding/handling pink rose candles from silicone moulds.,,0,0.0,0.012,0.11,0.522,0.139,"#8e7c69,#baa99f,#322d2b",1,,
mC1pCHJluzE,https://www.youtube.com/watch?v=mC1pCHJluzE,Testing new silicone moulds - Candle making tips for beginners,418.0,storyboard,20,160.77,168.81,8.04,https://youtu.be/mC1pCHJluzE?t=161s,decorate_finish,finish,1,0.5,Overhead: demoulding/handling pink rose candles from silicone moulds.,,0,0.0,0.009,0.0,0.491,0.167,"#866b56,#b59789,#2b2420",1,,
mC1pCHJluzE,https://www.youtube.com/watch?v=mC1pCHJluzE,Testing new silicone moulds - Candle making tips for beginners,418.0,storyboard,21,168.81,176.85,8.04,https://youtu.be/mC1pCHJluzE?t=169s,decorate_finish,finish,1,0.5,Overhead: demoulding/handling pink rose candles from silicone moulds.,,0,0.0,0.012,0.077,0.484,0.131,"#b3a59f,#856f59,#23242a",1,,
mC1pCHJluzE,https://www.youtube.com/watch?v=mC1pCHJluzE,Testing new silicone moulds - Candle making tips for beginners,418.0,storyboard,22,176.85,184.88,8.03,https://youtu.be/mC1pCHJluzE?t=177s,decorate_finish,finish,1,0.5,Overhead: demoulding/handling pink rose candles from silicone moulds.,,0,0.0,0.01,0.057,0.553,0.117,"#907863,#c3b6af,#302725",1,,
mC1pCHJluzE,https://www.youtube.com/watch?v=mC1pCHJluzE,Testing new silicone moulds - Candle making tips for beginners,418.0,storyboard,23,184.88,192.92,8.04,https://youtu.be/mC1pCHJluzE?t=185s,decorate_finish,finish,1,0.5,Overhead: demoulding/handling pink rose candles from silicone moulds.,oe ue,0,0.0,0.015,0.205,0.53,0.121,"#7f6a58,#9b8887,#e1d6e4",1,,
mC1pCHJluzE,https://www.youtube.com/watch?v=mC1pCHJluzE,Testing new silicone moulds - Candle making tips for beginners,418.0,storyboard,24,192.92,200.96,8.04,https://youtu.be/mC1pCHJluzE?t=193s,decorate_finish,finish,1,0.5,Demoulding purple/pink rose & peony candles from the silicone moulds.,,0,0.0,0.006,0.0,0.53,0.11,"#7a6654,#9d8f8b,#c9c2ce",1,,
mC1pCHJluzE,https://www.youtube.com/watch?v=mC1pCHJluzE,Testing new silicone moulds - Candle making tips for beginners,418.0,storyboard,25,200.96,209.0,8.04,https://youtu.be/mC1pCHJluzE?t=201s,decorate_finish,finish,1,0.5,Demoulding purple/pink rose & peony candles from the silicone moulds.,,0,0.0,0.002,0.111,0.498,0.118,"#887669,#674f40,#cec1cf",1,,
mC1pCHJluzE,https://www.youtube.com/watch?v=mC1pCHJluzE,Testing new silicone moulds - Candle making tips for beginners,418.0,storyboard,26,209.0,217.04,8.04,https://youtu.be/mC1pCHJluzE?t=209s,decorate_finish,finish,1,0.5,Demoulding purple/pink rose & peony candles from the silicone moulds.,,0,0.0,0.003,0.107,0.485,0.11,"#8e8178,#6d5746,#d4c7d7",1,,
mC1pCHJluzE,https://www.youtube.com/watch?v=mC1pCHJluzE,Testing new silicone moulds - Candle making tips for beginners,418.0,storyboard,27,217.04,225.08,8.04,https://youtu.be/mC1pCHJluzE?t=217s,decorate_finish,finish,1,0.5,Demoulding purple/pink rose & peony candles from the silicone moulds.,,0,0.0,0.0,0.0,0.485,0.114,"#8a766b,#6e5947,#d2bed2",1,,
mC1pCHJluzE,https://www.youtube.com/watch?v=mC1pCHJluzE,Testing new silicone moulds - Candle making tips for beginners,418.0,storyboard,29,233.12,241.15,8.03,https://youtu.be/mC1pCHJluzE?t=233s,decorate_finish,finish,1,0.5,Demoulding purple/pink rose & peony candles from the silicone moulds.,NS,0,0.0,0.022,0.111,0.51,0.116,"#87766f,#6a5445,#cfc1d0",1,,
mC1pCHJluzE,https://www.youtube.com/watch?v=mC1pCHJluzE,Testing new silicone moulds - Candle making tips for beginners,418.0,storyboard,30,241.15,249.19,8.04,https://youtu.be/mC1pCHJluzE?t=241s,decorate_finish,finish,1,0.5,Demoulding purple/pink rose & peony candles from the silicone moulds.,ro bes,0,0.0,0.034,0.116,0.473,0.142,"#8a7668,#684946,#bdb6cc",1,,
mC1pCHJluzE,https://www.youtube.com/watch?v=mC1pCHJluzE,Testing new silicone moulds - Candle making tips for beginners,418.0,storyboard,31,249.19,257.23,8.04,https://youtu.be/mC1pCHJluzE?t=249s,decorate_finish,finish,1,0.5,Demoulding purple/pink rose & peony candles from the silicone moulds.,,0,0.0,0.003,0.0,0.519,0.142,"#897872,#704d44,#c7bcc1",1,,
mC1pCHJluzE,https://www.youtube.com/watch?v=mC1pCHJluzE,Testing new silicone moulds - Candle making tips for beginners,418.0,storyboard,32,257.23,265.27,8.04,https://youtu.be/mC1pCHJluzE?t=257s,decorate_finish,finish,1,0.5,Demoulding purple/pink rose & peony candles from the silicone moulds.,,0,0.0,0.01,0.154,0.519,0.149,"#8a766f,#6d5242,#d1b6c3",1,,
mC1pCHJluzE,https://www.youtube.com/watch?v=mC1pCHJluzE,Testing new silicone moulds - Candle making tips for beginners,418.0,storyboard,33,265.27,273.31,8.04,https://youtu.be/mC1pCHJluzE?t=265s,decorate_finish,finish,1,0.5,Demoulding purple/pink rose & peony candles from the silicone moulds.,ey,0,0.0,0.039,0.113,0.488,0.156,"#917e79,#6b5b4a,#e3bdd6",1,,
mC1pCHJluzE,https://www.youtube.com/watch?v=mC1pCHJluzE,Testing new silicone moulds - Candle making tips for beginners,418.0,storyboard,34,273.31,281.35,8.04,https://youtu.be/mC1pCHJluzE?t=273s,decorate_finish,finish,1,0.5,Demoulding purple/pink rose & peony candles from the silicone moulds.,,0,0.0,0.005,0.17,0.472,0.168,"#8b7973,#6f5b4a,#e7b9dd",1,,
mC1pCHJluzE,https://www.youtube.com/watch?v=mC1pCHJluzE,Testing new silicone moulds - Candle making tips for beginners,418.0,storyboard,35,281.35,289.38,8.03,https://youtu.be/mC1pCHJluzE?t=281s,decorate_finish,finish,1,0.5,Demoulding purple/pink rose & peony candles from the silicone moulds.,,0,0.0,0.045,0.0,0.507,0.147,"#908378,#775e50,#e4add0",1,,
mC1pCHJluzE,https://www.youtube.com/watch?v=mC1pCHJluzE,Testing new silicone moulds - Candle making tips for beginners,418.0,storyboard,36,289.38,297.42,8.04,https://youtu.be/mC1pCHJluzE?t=289s,decorate_finish,finish,1,0.5,Demoulding purple/pink rose & peony candles from the silicone moulds.,NS UND sO,1,0.0,0.045,0.091,0.515,0.154,"#97877f,#796452,#ebc2e2",1,,
mC1pCHJluzE,https://www.youtube.com/watch?v=mC1pCHJluzE,Testing new silicone moulds - Candle making tips for beginners,418.0,storyboard,37,297.42,305.46,8.04,https://youtu.be/mC1pCHJluzE?t=297s,decorate_finish,finish,1,0.5,Demoulding purple/pink rose & peony candles from the silicone moulds.,wv,0,0.0,0.022,0.149,0.478,0.141,"#988671,#6e594c,#d3b8d3",1,,
mC1pCHJluzE,https://www.youtube.com/watch?v=mC1pCHJluzE,Testing new silicone moulds - Candle making tips for beginners,418.0,storyboard,38,305.46,313.5,8.04,https://youtu.be/mC1pCHJluzE?t=305s,decorate_finish,finish,1,0.5,Demoulding purple/pink rose & peony candles from the silicone moulds.,om,0,0.0,0.043,0.0,0.513,0.121,"#685442,#8d7970,#d6cacc",1,,
mJQTQYs_TwU,https://www.youtube.com/watch?v=mJQTQYs_TwU,🎄 🍊 Make Holiday Candles with me | Recipe Included ❄️,317.0,storyboard,3,23.77,31.7,7.93,https://youtu.be/mJQTQYs_TwU?t=24s,decorate_finish,finish,1,0.45,Decorating the candles with dried orange slices/herbs.,,0,0.0,0.015,0.103,0.411,0.173,"#5d5254,#a9967f,#20c6e8",1,,
mJQTQYs_TwU,https://www.youtube.com/watch?v=mJQTQYs_TwU,🎄 🍊 Make Holiday Candles with me | Recipe Included ❄️,317.0,storyboard,11,87.17,95.1,7.93,https://youtu.be/mJQTQYs_TwU?t=87s,decorate_finish,finish,1,0.45,Decorating the candles with dried orange slices/herbs.,ge ae,0,0.0,0.027,0.062,0.421,0.133,"#6d5b46,#b0a090,#2d2218",1,,
mJQTQYs_TwU,https://www.youtube.com/watch?v=mJQTQYs_TwU,🎄 🍊 Make Holiday Candles with me | Recipe Included ❄️,317.0,storyboard,15,118.87,126.8,7.93,https://youtu.be/mJQTQYs_TwU?t=119s,decorate_finish,finish,1,0.45,Decorating the candles with dried orange slices/herbs.,aN hea 2. het te et 4 ee ras Ts SA OS DD,1,0.0,0.126,0.194,0.407,0.134,"#646560,#3c3629,#b09077",1,,
mJQTQYs_TwU,https://www.youtube.com/watch?v=mJQTQYs_TwU,🎄 🍊 Make Holiday Candles with me | Recipe Included ❄️,317.0,storyboard,19,150.57,158.5,7.93,https://youtu.be/mJQTQYs_TwU?t=151s,decorate_finish,finish,1,0.45,Decorating the candles with dried orange slices/herbs.,Foi ee ar Ww Pia ie Pe AES 4. fF NIE ae eee pd 4 hy st sty cz,1,0.0,0.087,0.231,0.467,0.125,"#4d392e,#8a7769,#bfb2a1",1,,
mJQTQYs_TwU,https://www.youtube.com/watch?v=mJQTQYs_TwU,🎄 🍊 Make Holiday Candles with me | Recipe Included ❄️,317.0,storyboard,23,182.28,190.2,7.92,https://youtu.be/mJQTQYs_TwU?t=182s,decorate_finish,finish,1,0.45,Decorating the candles with dried orange slices/herbs.,"5 aia an Daw 4 ae Ss Ls 4 ee Seow, Vo. hae tt 7 Ee eee",1,0.0,0.082,0.242,0.497,0.104,"#c8b6a0,#877664,#4f4336",1,,
nVrWdGYHQkc,https://www.youtube.com/watch?v=nVrWdGYHQkc,Easy DIY Candle Making Tutorial for Beginners || Step-By-Step Guide || GIVEAWAY OVER,511.0,storyboard,57,455.11,463.09,7.98,https://youtu.be/nVrWdGYHQkc?t=455s,decorate_finish,finish,1,0.45,Placing a lid on the brown vessel candle.,,0,0.0,0.004,0.409,0.527,0.138,"#706659,#635446,#221d20",1,,
o3oqto7AHIs,https://www.youtube.com/watch?v=o3oqto7AHIs,Why This Luxury Candle Costs $660 | So Expensive | Business Insider,621.0,storyboard,37,294.58,302.54,7.96,https://youtu.be/o3oqto7AHIs?t=295s,decorate_finish,finish,1,0.45,Workshop: sculpting/finishing the wax candles & busts.,,0,0.0,0.0,0.0,0.576,0.123,"#bc926d,#8c6141,#dcbe9f",1,,
o3oqto7AHIs,https://www.youtube.com/watch?v=o3oqto7AHIs,Why This Luxury Candle Costs $660 | So Expensive | Business Insider,621.0,storyboard,44,350.31,358.27,7.96,https://youtu.be/o3oqto7AHIs?t=350s,decorate_finish,finish,1,0.45,Workshop: sculpting/finishing the wax candles & busts.,Al tee 3,1,0.0,0.031,0.211,0.417,0.165,"#746a54,#b6b199,#302c1d",1,,
o3oqto7AHIs,https://www.youtube.com/watch?v=o3oqto7AHIs,Why This Luxury Candle Costs $660 | So Expensive | Business Insider,621.0,storyboard,45,358.27,366.23,7.96,https://youtu.be/o3oqto7AHIs?t=358s,decorate_finish,finish,1,0.45,Workshop: sculpting/finishing the wax candles & busts.,,0,0.0,0.016,0.0,0.456,0.114,"#736951,#b1ab94,#322e1e",1,,
o3oqto7AHIs,https://www.youtube.com/watch?v=o3oqto7AHIs,Why This Luxury Candle Costs $660 | So Expensive | Business Insider,621.0,storyboard,46,366.23,374.19,7.96,https://youtu.be/o3oqto7AHIs?t=366s,decorate_finish,finish,1,0.45,Workshop: sculpting/finishing the wax candles & busts.,"me Fed 7 Ze ey yf ae 7 So, her Js the unmolding of fi on bust. Slt Va 6 come",1,0.0,0.058,0.144,0.417,0.136,"#816f4e,#a5a198,#3b2f1c",1,,
o3oqto7AHIs,https://www.youtube.com/watch?v=o3oqto7AHIs,Why This Luxury Candle Costs $660 | So Expensive | Business Insider,621.0,storyboard,47,374.19,382.15,7.96,https://youtu.be/o3oqto7AHIs?t=374s,decorate_finish,finish,1,0.45,Workshop: sculpting/finishing the wax candles & busts.,2 ad,0,0.0,0.034,0.203,0.422,0.122,"#a39a88,#695d47,#392b18",1,,
o3oqto7AHIs,https://www.youtube.com/watch?v=o3oqto7AHIs,Why This Luxury Candle Costs $660 | So Expensive | Business Insider,621.0,storyboard,49,390.12,398.08,7.96,https://youtu.be/o3oqto7AHIs?t=390s,decorate_finish,finish,1,0.45,Workshop: sculpting/finishing the wax candles & busts.,"eialaness ay 7 oo fact, Him tweaking ita little because ae mold,",1,0.0,0.05,0.188,0.372,0.118,"#73654a,#302715,#a09889",1,,
o3oqto7AHIs,https://www.youtube.com/watch?v=o3oqto7AHIs,Why This Luxury Candle Costs $660 | So Expensive | Business Insider,621.0,storyboard,51,406.04,414.0,7.96,https://youtu.be/o3oqto7AHIs?t=406s,decorate_finish,finish,1,0.45,Workshop: sculpting/finishing the wax candles & busts.,aol 6 BP SS 2 fea,1,0.0,0.032,0.16,0.412,0.114,"#a19887,#73654c,#2a2418",1,,
o3oqto7AHIs,https://www.youtube.com/watch?v=o3oqto7AHIs,Why This Luxury Candle Costs $660 | So Expensive | Business Insider,621.0,storyboard,52,414.0,421.96,7.96,https://youtu.be/o3oqto7AHIs?t=414s,decorate_finish,finish,1,0.45,Workshop: sculpting/finishing the wax candles & busts.,7 5 Sesion Fa 7 2 ws 7 4 Hoping itwoesn show too much. dha etek foal 9 mantle,1,0.0,0.013,0.085,0.39,0.091,"#453b29,#6d6450,#b8b297",1,,
o3oqto7AHIs,https://www.youtube.com/watch?v=o3oqto7AHIs,Why This Luxury Candle Costs $660 | So Expensive | Business Insider,621.0,storyboard,53,421.96,429.92,7.96,https://youtu.be/o3oqto7AHIs?t=422s,decorate_finish,finish,1,0.45,Workshop: sculpting/finishing the wax candles & busts.,,0,0.0,0.006,0.0,0.387,0.134,"#5a6658,#343322,#aba086",1,,
o3oqto7AHIs,https://www.youtube.com/watch?v=o3oqto7AHIs,Why This Luxury Candle Costs $660 | So Expensive | Business Insider,621.0,storyboard,54,429.92,437.88,7.96,https://youtu.be/o3oqto7AHIs?t=430s,decorate_finish,finish,1,0.45,Finished luxury candle / sculpted bust shown.,,0,0.0,0.018,0.221,0.376,0.085,"#72685a,#9f998e,#403628",1,,
o3oqto7AHIs,https://www.youtube.com/watch?v=o3oqto7AHIs,Why This Luxury Candle Costs $660 | So Expensive | Business Insider,621.0,storyboard,57,453.81,461.77,7.96,https://youtu.be/o3oqto7AHIs?t=454s,decorate_finish,finish,1,0.45,Workshop: sculpting/finishing the wax candles & busts.,ae 4 4 ye Julien: But above afl Te OODSCTS Were are made to be co cted BAG NOL Hurnes,1,0.0,0.039,0.267,0.452,0.161,"#937538,#dcbe76,#392d23",1,,
o3oqto7AHIs,https://www.youtube.com/watch?v=o3oqto7AHIs,Why This Luxury Candle Costs $660 | So Expensive | Business Insider,621.0,storyboard,72,573.23,581.19,7.96,https://youtu.be/o3oqto7AHIs?t=573s,decorate_finish,finish,1,0.45,Workshop: sculpting/finishing the wax candles & busts.,uf Ae oe SY at oe ao ot 6 74 We aha by 2 Ny ithe Se Th,1,0.0,0.038,0.268,0.334,0.113,"#262017,#574632,#8b8a86",1,,
o3oqto7AHIs,https://www.youtube.com/watch?v=o3oqto7AHIs,Why This Luxury Candle Costs $660 | So Expensive | Business Insider,621.0,storyboard,73,581.19,589.15,7.96,https://youtu.be/o3oqto7AHIs?t=581s,decorate_finish,finish,1,0.45,Worker/expert interview segment.,nd 5 Be Ades uN 3. ie eo eer wy ats,1,0.0,0.052,0.272,0.387,0.132,"#2a2a36,#bba587,#866e4c",1,,
o3oqto7AHIs,https://www.youtube.com/watch?v=o3oqto7AHIs,Why This Luxury Candle Costs $660 | So Expensive | Business Insider,621.0,storyboard,75,597.12,605.08,7.96,https://youtu.be/o3oqto7AHIs?t=597s,decorate_finish,finish,1,0.45,Workshop: sculpting/finishing the wax candles & busts.,BSP eee Wy tear on,1,0.0,0.071,0.201,0.333,0.1,"#322813,#604e2a,#b2a89a",1,,
o4YzLSxaahk,https://www.youtube.com/watch?v=o4YzLSxaahk,🥥 How to Make Coconut Apricot Wax Candles | *my process* summer edition :) 🏝️,455.0,storyboard,40,319.3,327.28,7.98,https://youtu.be/o4YzLSxaahk?t=319s,decorate_finish,finish,1,0.4,Pastel colour swatches/labels for the candles.,oats ry,0,0.0,0.106,0.311,0.663,0.237,"#e4e4e3,#67f16f,#6e97e7",1,,
o4YzLSxaahk,https://www.youtube.com/watch?v=o4YzLSxaahk,🥥 How to Make Coconut Apricot Wax Candles | *my process* summer edition :) 🏝️,455.0,storyboard,41,327.28,335.26,7.98,https://youtu.be/o4YzLSxaahk?t=327s,decorate_finish,finish,1,0.4,Labelling the candle (green-screen label).,dey ein,0,0.0,0.05,0.274,0.362,0.181,"#765a5d,#c5bdb3,#221f3a",1,,
otT0f6GWasc,https://www.youtube.com/watch?v=otT0f6GWasc,DIY Luxury Iridescent Soy Candles at Home!,789.0,storyboard,2,15.94,23.91,7.97,https://youtu.be/otT0f6GWasc?t=16s,decorate_finish,finish,1,0.5,Adding the iridescent/pearl finish and decorations.,,0,0.0,0.038,0.261,0.604,0.089,"#808684,#474b49,#c0bbb2",1,,
otT0f6GWasc,https://www.youtube.com/watch?v=otT0f6GWasc,DIY Luxury Iridescent Soy Candles at Home!,789.0,storyboard,6,47.82,55.79,7.97,https://youtu.be/otT0f6GWasc?t=48s,decorate_finish,finish,1,0.5,Adding the iridescent/pearl finish and decorations.,gl ph.,0,0.0,0.046,0.0,0.524,0.066,"#58514a,#8d8e8d,#bec2c5",1,,
otT0f6GWasc,https://www.youtube.com/watch?v=otT0f6GWasc,DIY Luxury Iridescent Soy Candles at Home!,789.0,storyboard,10,79.7,87.67,7.97,https://youtu.be/otT0f6GWasc?t=80s,decorate_finish,finish,1,0.5,Adding the iridescent/pearl finish and decorations.,Lau al Se,1,0.0,0.043,0.129,0.52,0.078,"#96928e,#5a4b3e,#ced2d1",1,,
otT0f6GWasc,https://www.youtube.com/watch?v=otT0f6GWasc,DIY Luxury Iridescent Soy Candles at Home!,789.0,storyboard,14,111.58,119.55,7.97,https://youtu.be/otT0f6GWasc?t=112s,decorate_finish,finish,1,0.5,Adding the iridescent/pearl finish and decorations.,iw SS,0,0.0,0.059,0.299,0.481,0.08,"#6e655a,#212323,#dfe3e3",1,,
otT0f6GWasc,https://www.youtube.com/watch?v=otT0f6GWasc,DIY Luxury Iridescent Soy Candles at Home!,789.0,storyboard,18,143.45,151.42,7.97,https://youtu.be/otT0f6GWasc?t=143s,decorate_finish,finish,1,0.5,Adding the iridescent/pearl finish and decorations.,"Pe na rer, om yi ae od 2 1 Sl",1,0.0,0.057,0.034,0.552,0.09,"#dad9d0,#7d7c74,#1a1917",1,,
otT0f6GWasc,https://www.youtube.com/watch?v=otT0f6GWasc,DIY Luxury Iridescent Soy Candles at Home!,789.0,storyboard,22,175.33,183.3,7.97,https://youtu.be/otT0f6GWasc?t=175s,decorate_finish,finish,1,0.5,Adding the iridescent/pearl finish and decorations.,,0,0.0,0.045,0.292,0.494,0.055,"#404644,#909797,#e9e8e1",1,,
otT0f6GWasc,https://www.youtube.com/watch?v=otT0f6GWasc,DIY Luxury Iridescent Soy Candles at Home!,789.0,storyboard,50,398.48,406.45,7.97,https://youtu.be/otT0f6GWasc?t=398s,decorate_finish,finish,1,0.5,Holding up / showing the finished iridescent candle.,,0,0.0,0.018,0.0,0.454,0.125,"#91756d,#383432,#d2cfca",1,,
otT0f6GWasc,https://www.youtube.com/watch?v=otT0f6GWasc,DIY Luxury Iridescent Soy Candles at Home!,789.0,storyboard,51,406.45,414.42,7.97,https://youtu.be/otT0f6GWasc?t=406s,decorate_finish,finish,1,0.5,Finishing the jars (wiping rims / scraper / lids).,ae EB ag yy 2 3 se,1,0.0,0.023,0.186,0.374,0.108,"#5b5656,#b7aea9,#110f0f",1,,
otT0f6GWasc,https://www.youtube.com/watch?v=otT0f6GWasc,DIY Luxury Iridescent Soy Candles at Home!,789.0,storyboard,52,414.42,422.39,7.97,https://youtu.be/otT0f6GWasc?t=414s,decorate_finish,finish,1,0.5,Finishing the jars (wiping rims / scraper / lids).,4 ay eq 2,1,0.0,0.023,0.056,0.39,0.13,"#5a5250,#baae9e,#111010",1,,
otT0f6GWasc,https://www.youtube.com/watch?v=otT0f6GWasc,DIY Luxury Iridescent Soy Candles at Home!,789.0,storyboard,55,438.33,446.3,7.97,https://youtu.be/otT0f6GWasc?t=438s,decorate_finish,finish,1,0.5,Finishing the jars (wiping rims / scraper / lids).,Res ae ap,1,0.0,0.021,0.112,0.388,0.147,"#6c5549,#aaa5a4,#1b1a19",1,,
otT0f6GWasc,https://www.youtube.com/watch?v=otT0f6GWasc,DIY Luxury Iridescent Soy Candles at Home!,789.0,storyboard,56,446.3,454.27,7.97,https://youtu.be/otT0f6GWasc?t=446s,decorate_finish,finish,1,0.5,Finishing the jars (wiping rims / scraper / lids).,bi sy Ss,1,0.0,0.039,0.0,0.443,0.168,"#816a59,#c0b1af,#1a1918",1,,
otT0f6GWasc,https://www.youtube.com/watch?v=otT0f6GWasc,DIY Luxury Iridescent Soy Candles at Home!,789.0,storyboard,57,454.27,462.24,7.97,https://youtu.be/otT0f6GWasc?t=454s,decorate_finish,finish,1,0.5,Finishing the jars (wiping rims / scraper / lids).,Sa 4 Gin,1,0.0,0.027,0.124,0.406,0.158,"#24211f,#8b7467,#cdc5c4",1,,
otT0f6GWasc,https://www.youtube.com/watch?v=otT0f6GWasc,DIY Luxury Iridescent Soy Candles at Home!,789.0,storyboard,58,462.24,470.21,7.97,https://youtu.be/otT0f6GWasc?t=462s,decorate_finish,finish,1,0.5,Holding up / showing the finished iridescent candle.,bat ge ae,1,0.0,0.031,0.09,0.395,0.128,"#75695d,#1a1818,#bdb8b7",1,,
otT0f6GWasc,https://www.youtube.com/watch?v=otT0f6GWasc,DIY Luxury Iridescent Soy Candles at Home!,789.0,storyboard,59,470.21,478.18,7.97,https://youtu.be/otT0f6GWasc?t=470s,decorate_finish,finish,1,0.5,Finishing the jars (wiping rims / scraper / lids).,WON rete,1,0.0,0.035,0.0,0.389,0.139,"#71655c,#1b1817,#beb7b1",1,,
p9iuqnq99o8,https://www.youtube.com/watch?v=p9iuqnq99o8,Simple Beeswax Candles Using Essential Oils,454.0,storyboard,49,390.28,398.25,7.97,https://youtu.be/p9iuqnq99o8?t=390s,decorate_finish,finish,1,0.5,Trimming the wooden wick and tying twine around the jar.,Ay,0,0.0,0.065,0.159,0.517,0.126,"#c4ada0,#633d30,#a08676",1,,
qFox4kyUIJA,https://www.youtube.com/watch?v=qFox4kyUIJA,Let's make Wax Melts! | Launching a new product | Small business diaries | Golden brand 494 wax,481.0,storyboard,22,176.37,184.38,8.01,https://youtu.be/qFox4kyUIJA?t=176s,decorate_finish,finish,1,0.45,Demoulding the finished wax melts.,,0,0.0,0.008,0.11,0.57,0.092,"#bbb5af,#9b9188,#6f6861",1,,
qFox4kyUIJA,https://www.youtube.com/watch?v=qFox4kyUIJA,Let's make Wax Melts! | Launching a new product | Small business diaries | Golden brand 494 wax,481.0,storyboard,23,184.38,192.4,8.02,https://youtu.be/qFox4kyUIJA?t=184s,decorate_finish,finish,1,0.45,Demoulding the finished wax melts.,,0,0.0,0.007,0.05,0.581,0.087,"#9e968c,#706a64,#cac1b9",1,,
qFox4kyUIJA,https://www.youtube.com/watch?v=qFox4kyUIJA,Let's make Wax Melts! | Launching a new product | Small business diaries | Golden brand 494 wax,481.0,storyboard,36,288.6,296.62,8.02,https://youtu.be/qFox4kyUIJA?t=289s,decorate_finish,finish,1,0.5,Demoulding the wax melts.,,0,0.0,0.021,0.22,0.555,0.091,"#97887f,#c7c5bf,#4f463c",1,,
qFox4kyUIJA,https://www.youtube.com/watch?v=qFox4kyUIJA,Let's make Wax Melts! | Launching a new product | Small business diaries | Golden brand 494 wax,481.0,storyboard,37,296.62,304.63,8.01,https://youtu.be/qFox4kyUIJA?t=297s,decorate_finish,finish,1,0.5,Tinting the wax.,"Sire yy Acer, 4 fas oe cae ON tas capraet eo Coffee Bre 2",1,0.0,0.076,0.276,0.538,0.106,"#857869,#c7c5ba,#513723",1,,
qFox4kyUIJA,https://www.youtube.com/watch?v=qFox4kyUIJA,Let's make Wax Melts! | Launching a new product | Small business diaries | Golden brand 494 wax,481.0,storyboard,39,312.65,320.67,8.02,https://youtu.be/qFox4kyUIJA?t=313s,decorate_finish,finish,1,0.5,Tinting the wax.,,0,0.0,0.017,0.246,0.588,0.14,"#d6c4a7,#b7a38b,#856c5f",1,,
qFox4kyUIJA,https://www.youtube.com/watch?v=qFox4kyUIJA,Let's make Wax Melts! | Launching a new product | Small business diaries | Golden brand 494 wax,481.0,storyboard,40,320.67,328.68,8.01,https://youtu.be/qFox4kyUIJA?t=321s,decorate_finish,finish,1,0.5,Demoulding the wax melts.,Sa 7 on r-G Ss oe te oS Sa Oe ae ORDO aa oo ae Ae Ge ee fos be NF RI OUD,1,0.0,0.062,0.196,0.644,0.053,"#cecbcd,#86897f,#414134",1,,
qFox4kyUIJA,https://www.youtube.com/watch?v=qFox4kyUIJA,Let's make Wax Melts! | Launching a new product | Small business diaries | Golden brand 494 wax,481.0,storyboard,43,344.72,352.73,8.01,https://youtu.be/qFox4kyUIJA?t=345s,decorate_finish,finish,1,0.5,Demoulding the wax melts.,Sa 4 La.,1,0.0,0.09,0.132,0.482,0.096,"#4d423c,#8b7e74,#cbc0b5",1,,
qavzkjldNdE,https://www.youtube.com/watch?v=qavzkjldNdE,DIY dessert candle | How to make candles at home | handmade freedom coconut soy wax wood wick gifts,760.0,storyboard,2,16.0,24.0,8.0,https://youtu.be/qavzkjldNdE?t=16s,decorate_finish,finish,1,0.45,A pink dessert/cone candle being made (teaser).,zm 7 TSF ee Lg es 1 ae,1,0.0,0.043,0.17,0.675,0.062,"#dbe0dc,#9b9c9a,#5a5448",1,,
qavzkjldNdE,https://www.youtube.com/watch?v=qavzkjldNdE,DIY dessert candle | How to make candles at home | handmade freedom coconut soy wax wood wick gifts,760.0,storyboard,27,216.0,224.0,8.0,https://youtu.be/qavzkjldNdE?t=216s,decorate_finish,finish,1,0.45,"Shaping dessert components (chocolate bars, toppings).",gt ee Ta Co Whe tag isp ai tio ory et oa iP athe Fe 4 ww?,1,0.0,0.085,0.077,0.578,0.11,"#969179,#c2beb3,#444342",1,,
qavzkjldNdE,https://www.youtube.com/watch?v=qavzkjldNdE,DIY dessert candle | How to make candles at home | handmade freedom coconut soy wax wood wick gifts,760.0,storyboard,31,248.0,256.0,8.0,https://youtu.be/qavzkjldNdE?t=248s,decorate_finish,finish,1,0.45,"Shaping dessert components (chocolate bars, toppings).",on te SS Sees,1,0.0,0.046,0.142,0.594,0.112,"#c8bdd4,#9e8994,#463f49",1,,
qavzkjldNdE,https://www.youtube.com/watch?v=qavzkjldNdE,DIY dessert candle | How to make candles at home | handmade freedom coconut soy wax wood wick gifts,760.0,storyboard,35,280.0,288.0,8.0,https://youtu.be/qavzkjldNdE?t=280s,decorate_finish,finish,1,0.45,"Shaping dessert components (chocolate bars, toppings).",We Sy OS 2 aos lim,1,0.0,0.013,0.168,0.657,0.076,"#c3c0d3,#a89ca9,#7d6d68",1,,
qavzkjldNdE,https://www.youtube.com/watch?v=qavzkjldNdE,DIY dessert candle | How to make candles at home | handmade freedom coconut soy wax wood wick gifts,760.0,storyboard,39,312.0,320.0,8.0,https://youtu.be/qavzkjldNdE?t=312s,decorate_finish,finish,1,0.45,"Shaping dessert components (chocolate bars, toppings).",ZA Lai,0,0.0,0.037,0.0,0.598,0.089,"#c2c3cf,#574342,#988e99",1,,
qavzkjldNdE,https://www.youtube.com/watch?v=qavzkjldNdE,DIY dessert candle | How to make candles at home | handmade freedom coconut soy wax wood wick gifts,760.0,storyboard,43,344.0,352.0,8.0,https://youtu.be/qavzkjldNdE?t=344s,decorate_finish,finish,1,0.45,"Shaping dessert components (chocolate bars, toppings).",2 and sz 4 2 Gy LE fs aS,1,0.0,0.094,0.228,0.629,0.122,"#d9d5eb,#ab96af,#644f52",1,,
qavzkjldNdE,https://www.youtube.com/watch?v=qavzkjldNdE,DIY dessert candle | How to make candles at home | handmade freedom coconut soy wax wood wick gifts,760.0,storyboard,48,384.0,392.0,8.0,https://youtu.be/qavzkjldNdE?t=384s,decorate_finish,finish,1,0.5,Piping whipped wax 'cream' and decorating the parfait candles with sprinkles.,Lewes ae 7 ya Oe ae ef New 7 be an 7,1,0.0,0.117,0.136,0.606,0.129,"#c8b8cd,#947f91,#534646",1,,
qavzkjldNdE,https://www.youtube.com/watch?v=qavzkjldNdE,DIY dessert candle | How to make candles at home | handmade freedom coconut soy wax wood wick gifts,760.0,storyboard,49,392.0,400.0,8.0,https://youtu.be/qavzkjldNdE?t=392s,decorate_finish,finish,1,0.5,Piping whipped wax 'cream' and decorating the parfait candles with sprinkles.,"ee ee, re Pull IN ava RS",1,0.0,0.08,0.263,0.536,0.092,"#c0a9b6,#987781,#4a3b3b",1,,
qavzkjldNdE,https://www.youtube.com/watch?v=qavzkjldNdE,DIY dessert candle | How to make candles at home | handmade freedom coconut soy wax wood wick gifts,760.0,storyboard,50,400.0,408.0,8.0,https://youtu.be/qavzkjldNdE?t=400s,decorate_finish,finish,1,0.5,Piping whipped wax 'cream' and decorating the parfait candles with sprinkles.,BS os hu eS rs or. Ms,1,0.0,0.042,0.0,0.577,0.115,"#c2a8b5,#926b7b,#443935",1,,
qavzkjldNdE,https://www.youtube.com/watch?v=qavzkjldNdE,DIY dessert candle | How to make candles at home | handmade freedom coconut soy wax wood wick gifts,760.0,storyboard,53,424.0,432.0,8.0,https://youtu.be/qavzkjldNdE?t=424s,decorate_finish,finish,1,0.5,Piping whipped wax 'cream' and decorating the parfait candles with sprinkles.,oe as eS Pa. OO at,1,0.0,0.025,0.084,0.603,0.091,"#bfb8c1,#a18591,#453638",1,,
qavzkjldNdE,https://www.youtube.com/watch?v=qavzkjldNdE,DIY dessert candle | How to make candles at home | handmade freedom coconut soy wax wood wick gifts,760.0,storyboard,54,432.0,440.0,8.0,https://youtu.be/qavzkjldNdE?t=432s,decorate_finish,finish,1,0.5,Piping whipped wax 'cream' and decorating the parfait candles with sprinkles.,basis he Ss 7 NO. ZS,1,0.0,0.054,0.14,0.562,0.084,"#c4bfc9,#55403f,#927a84",1,,
qavzkjldNdE,https://www.youtube.com/watch?v=qavzkjldNdE,DIY dessert candle | How to make candles at home | handmade freedom coconut soy wax wood wick gifts,760.0,storyboard,56,448.0,456.0,8.0,https://youtu.be/qavzkjldNdE?t=448s,decorate_finish,finish,1,0.5,Piping whipped wax 'cream' and decorating the parfait candles with sprinkles.,ce 3 SE Sesh so MS ao ey Jee ae aS,1,0.0,0.07,0.097,0.615,0.09,"#bfb8c0,#8e818f,#5b3844",1,,
qavzkjldNdE,https://www.youtube.com/watch?v=qavzkjldNdE,DIY dessert candle | How to make candles at home | handmade freedom coconut soy wax wood wick gifts,760.0,storyboard,57,456.0,464.0,8.0,https://youtu.be/qavzkjldNdE?t=456s,decorate_finish,finish,1,0.5,Piping whipped wax 'cream' and decorating the parfait candles with sprinkles.,,0,0.0,0.007,0.0,0.547,0.176,"#cab1b0,#9d6871,#5e3739",1,,description references on-screen text but OCR found none
qavzkjldNdE,https://www.youtube.com/watch?v=qavzkjldNdE,DIY dessert candle | How to make candles at home | handmade freedom coconut soy wax wood wick gifts,760.0,storyboard,58,464.0,472.0,8.0,https://youtu.be/qavzkjldNdE?t=464s,decorate_finish,finish,1,0.5,Piping whipped wax 'cream' and decorating the parfait candles with sprinkles.,aa,0,0.0,0.047,0.189,0.659,0.09,"#c5cdcd,#9d9b99,#5d4e50",1,,description references on-screen text but OCR found none
qavzkjldNdE,https://www.youtube.com/watch?v=qavzkjldNdE,DIY dessert candle | How to make candles at home | handmade freedom coconut soy wax wood wick gifts,760.0,storyboard,59,472.0,480.0,8.0,https://youtu.be/qavzkjldNdE?t=472s,decorate_finish,finish,1,0.5,Piping whipped wax 'cream' and decorating the parfait candles with sprinkles.,am ai at we,1,0.0,0.044,0.246,0.649,0.121,"#bebdbb,#828184,#394141",1,,
qavzkjldNdE,https://www.youtube.com/watch?v=qavzkjldNdE,DIY dessert candle | How to make candles at home | handmade freedom coconut soy wax wood wick gifts,760.0,storyboard,61,488.0,496.0,8.0,https://youtu.be/qavzkjldNdE?t=488s,decorate_finish,finish,1,0.5,Piping whipped wax 'cream' and decorating the parfait candles with sprinkles.,os,0,0.0,0.034,0.164,0.615,0.089,"#aba5a2,#cfd7d5,#5f5d4c",1,,description references on-screen text but OCR found none
qavzkjldNdE,https://www.youtube.com/watch?v=qavzkjldNdE,DIY dessert candle | How to make candles at home | handmade freedom coconut soy wax wood wick gifts,760.0,storyboard,62,496.0,504.0,8.0,https://youtu.be/qavzkjldNdE?t=496s,decorate_finish,finish,1,0.5,Piping whipped wax 'cream' and decorating the parfait candles with sprinkles.,"eo eal iat My 7 hat ia,",1,0.0,0.092,0.0,0.638,0.077,"#aba4a0,#cfd6d5,#625e4e",1,,
qavzkjldNdE,https://www.youtube.com/watch?v=qavzkjldNdE,DIY dessert candle | How to make candles at home | handmade freedom coconut soy wax wood wick gifts,760.0,storyboard,63,504.0,512.0,8.0,https://youtu.be/qavzkjldNdE?t=504s,decorate_finish,finish,1,0.5,Piping whipped wax 'cream' and decorating the parfait candles with sprinkles.,SI,0,0.0,0.032,0.099,0.637,0.069,"#cfdad7,#a8a8a5,#5a5544",1,,description references on-screen text but OCR found none
qavzkjldNdE,https://www.youtube.com/watch?v=qavzkjldNdE,DIY dessert candle | How to make candles at home | handmade freedom coconut soy wax wood wick gifts,760.0,storyboard,64,512.0,520.0,8.0,https://youtu.be/qavzkjldNdE?t=512s,decorate_finish,finish,1,0.5,Piping whipped wax 'cream' and decorating the parfait candles with sprinkles.,,0,0.0,0.019,0.141,0.671,0.066,"#cdd4d1,#a09592,#5f4745",1,,description references on-screen text but OCR found none
qavzkjldNdE,https://www.youtube.com/watch?v=qavzkjldNdE,DIY dessert candle | How to make candles at home | handmade freedom coconut soy wax wood wick gifts,760.0,storyboard,65,520.0,528.0,8.0,https://youtu.be/qavzkjldNdE?t=520s,decorate_finish,finish,1,0.5,Piping whipped wax 'cream' and decorating the parfait candles with sprinkles.,iek ie 3,1,0.0,0.048,0.0,0.656,0.072,"#cbd1cf,#9f9491,#604946",1,,
qavzkjldNdE,https://www.youtube.com/watch?v=qavzkjldNdE,DIY dessert candle | How to make candles at home | handmade freedom coconut soy wax wood wick gifts,760.0,storyboard,66,528.0,536.0,8.0,https://youtu.be/qavzkjldNdE?t=528s,decorate_finish,finish,1,0.5,Piping whipped wax 'cream' and decorating the parfait candles with sprinkles.,Ay Bats ee if 5 sO es,1,0.0,0.059,0.133,0.643,0.087,"#d3d8d7,#a59b99,#6d5350",1,,
qavzkjldNdE,https://www.youtube.com/watch?v=qavzkjldNdE,DIY dessert candle | How to make candles at home | handmade freedom coconut soy wax wood wick gifts,760.0,storyboard,67,536.0,544.0,8.0,https://youtu.be/qavzkjldNdE?t=536s,decorate_finish,finish,1,0.5,Piping whipped wax 'cream' and decorating the parfait candles with sprinkles.,ya 2 ey ee ed sa Sl,1,0.0,0.054,0.168,0.66,0.109,"#d0d5d5,#9d8585,#65443e",1,,
qavzkjldNdE,https://www.youtube.com/watch?v=qavzkjldNdE,DIY dessert candle | How to make candles at home | handmade freedom coconut soy wax wood wick gifts,760.0,storyboard,68,544.0,552.0,8.0,https://youtu.be/qavzkjldNdE?t=544s,decorate_finish,finish,1,0.5,Piping whipped wax 'cream' and decorating the parfait candles with sprinkles.,Oat ee avd ary,1,0.0,0.058,0.0,0.654,0.125,"#cfd4d4,#61443e,#a48a8b",1,,
qavzkjldNdE,https://www.youtube.com/watch?v=qavzkjldNdE,DIY dessert candle | How to make candles at home | handmade freedom coconut soy wax wood wick gifts,760.0,storyboard,69,552.0,560.0,8.0,https://youtu.be/qavzkjldNdE?t=552s,decorate_finish,finish,1,0.5,Piping whipped wax 'cream' and decorating the parfait candles with sprinkles.,iva of din 4,1,0.0,0.049,0.22,0.616,0.109,"#cec7ca,#a5898c,#6d4649",1,,
qavzkjldNdE,https://www.youtube.com/watch?v=qavzkjldNdE,DIY dessert candle | How to make candles at home | handmade freedom coconut soy wax wood wick gifts,760.0,storyboard,70,560.0,568.0,8.0,https://youtu.be/qavzkjldNdE?t=560s,decorate_finish,finish,1,0.5,Piping whipped wax 'cream' and decorating the parfait candles with sprinkles.,pe,0,0.0,0.038,0.0,0.658,0.12,"#d4d0d2,#ae8b8f,#74484d",1,,description references on-screen text but OCR found none
qavzkjldNdE,https://www.youtube.com/watch?v=qavzkjldNdE,DIY dessert candle | How to make candles at home | handmade freedom coconut soy wax wood wick gifts,760.0,storyboard,71,568.0,576.0,8.0,https://youtu.be/qavzkjldNdE?t=568s,decorate_finish,finish,1,0.5,Piping whipped wax 'cream' and decorating the parfait candles with sprinkles.,im Ss PS,1,0.0,0.038,0.22,0.563,0.204,"#c9cfcf,#575451,#969897",1,,
qavzkjldNdE,https://www.youtube.com/watch?v=qavzkjldNdE,DIY dessert candle | How to make candles at home | handmade freedom coconut soy wax wood wick gifts,760.0,storyboard,72,576.0,584.0,8.0,https://youtu.be/qavzkjldNdE?t=576s,decorate_finish,finish,1,0.5,"Assembling the dessert candles - cones, whipped topping, sprinkles, chocolate sticks.",,0,0.0,0.006,0.112,0.682,0.039,"#cfd6d7,#b0b3b1,#817d76",1,,
qavzkjldNdE,https://www.youtube.com/watch?v=qavzkjldNdE,DIY dessert candle | How to make candles at home | handmade freedom coconut soy wax wood wick gifts,760.0,storyboard,73,584.0,592.0,8.0,https://youtu.be/qavzkjldNdE?t=584s,decorate_finish,finish,1,0.5,"Assembling the dessert candles - cones, whipped topping, sprinkles, chocolate sticks.",,0,0.0,0.026,0.0,0.67,0.07,"#cad2d1,#ababa8,#776461",1,,
qavzkjldNdE,https://www.youtube.com/watch?v=qavzkjldNdE,DIY dessert candle | How to make candles at home | handmade freedom coconut soy wax wood wick gifts,760.0,storyboard,74,592.0,600.0,8.0,https://youtu.be/qavzkjldNdE?t=592s,decorate_finish,finish,1,0.5,"Assembling the dessert candles - cones, whipped topping, sprinkles, chocolate sticks.",,0,0.0,0.017,0.101,0.637,0.067,"#c4d0d1,#a6a7a6,#766865",1,,
qavzkjldNdE,https://www.youtube.com/watch?v=qavzkjldNdE,DIY dessert candle | How to make candles at home | handmade freedom coconut soy wax wood wick gifts,760.0,storyboard,75,600.0,608.0,8.0,https://youtu.be/qavzkjldNdE?t=600s,decorate_finish,finish,1,0.5,"Assembling the dessert candles - cones, whipped topping, sprinkles, chocolate sticks.",ae me 1 Gs UW 4,1,0.0,0.035,0.0,0.625,0.08,"#c3cbcc,#6f5b58,#a29694",1,,
qavzkjldNdE,https://www.youtube.com/watch?v=qavzkjldNdE,DIY dessert candle | How to make candles at home | handmade freedom coconut soy wax wood wick gifts,760.0,storyboard,76,608.0,616.0,8.0,https://youtu.be/qavzkjldNdE?t=608s,decorate_finish,finish,1,0.5,"Assembling the dessert candles - cones, whipped topping, sprinkles, chocolate sticks.",ae. opt dnyun 7,1,0.0,0.046,0.139,0.634,0.082,"#cad1d0,#aaa8a6,#79625f",1,,
qavzkjldNdE,https://www.youtube.com/watch?v=qavzkjldNdE,DIY dessert candle | How to make candles at home | handmade freedom coconut soy wax wood wick gifts,760.0,storyboard,78,624.0,632.0,8.0,https://youtu.be/qavzkjldNdE?t=624s,decorate_finish,finish,1,0.5,"Assembling the dessert candles - cones, whipped topping, sprinkles, chocolate sticks.",ss ae,0,0.0,0.033,0.0,0.67,0.068,"#d2dadc,#aaa4a2,#605a4c",1,,
qavzkjldNdE,https://www.youtube.com/watch?v=qavzkjldNdE,DIY dessert candle | How to make candles at home | handmade freedom coconut soy wax wood wick gifts,760.0,storyboard,79,632.0,640.0,8.0,https://youtu.be/qavzkjldNdE?t=632s,decorate_finish,finish,1,0.5,"Assembling the dessert candles - cones, whipped topping, sprinkles, chocolate sticks.",Ua,0,0.0,0.036,0.073,0.677,0.06,"#d0dad9,#a9a8a3,#575444",1,,
qavzkjldNdE,https://www.youtube.com/watch?v=qavzkjldNdE,DIY dessert candle | How to make candles at home | handmade freedom coconut soy wax wood wick gifts,760.0,storyboard,80,640.0,648.0,8.0,https://youtu.be/qavzkjldNdE?t=640s,decorate_finish,finish,1,0.5,"Assembling the dessert candles - cones, whipped topping, sprinkles, chocolate sticks.",,0,0.0,0.042,0.0,0.664,0.063,"#cdd9d8,#9a9890,#51503e",1,,
qavzkjldNdE,https://www.youtube.com/watch?v=qavzkjldNdE,DIY dessert candle | How to make candles at home | handmade freedom coconut soy wax wood wick gifts,760.0,storyboard,81,648.0,656.0,8.0,https://youtu.be/qavzkjldNdE?t=648s,decorate_finish,finish,1,0.5,"Assembling the dessert candles - cones, whipped topping, sprinkles, chocolate sticks.",oad,0,0.0,0.04,0.116,0.657,0.074,"#ccd8d8,#5d5346,#9d9895",1,,
qavzkjldNdE,https://www.youtube.com/watch?v=qavzkjldNdE,DIY dessert candle | How to make candles at home | handmade freedom coconut soy wax wood wick gifts,760.0,storyboard,82,656.0,664.0,8.0,https://youtu.be/qavzkjldNdE?t=656s,decorate_finish,finish,1,0.5,"Assembling the dessert candles - cones, whipped topping, sprinkles, chocolate sticks.",4 ve 1 ty eee nn ae Make Birindagieandie az,1,0.0,0.038,0.108,0.634,0.069,"#c8d7d7,#61564b,#98938f",1,,
qavzkjldNdE,https://www.youtube.com/watch?v=qavzkjldNdE,DIY dessert candle | How to make candles at home | handmade freedom coconut soy wax wood wick gifts,760.0,storyboard,83,664.0,672.0,8.0,https://youtu.be/qavzkjldNdE?t=664s,decorate_finish,finish,1,0.5,"Assembling the dessert candles - cones, whipped topping, sprinkles, chocolate sticks.",,0,0.0,0.054,0.0,0.626,0.074,"#c9d7d6,#5f584c,#9c938f",1,,
qavzkjldNdE,https://www.youtube.com/watch?v=qavzkjldNdE,DIY dessert candle | How to make candles at home | handmade freedom coconut soy wax wood wick gifts,760.0,storyboard,85,680.0,688.0,8.0,https://youtu.be/qavzkjldNdE?t=680s,decorate_finish,finish,1,0.5,"Assembling the dessert candles - cones, whipped topping, sprinkles, chocolate sticks.",gt ft Seentinie's Day of Nottie: mo STislin ea 1,1,0.0,0.03,0.171,0.625,0.074,"#c3cfce,#95928e,#59554a",1,,
qavzkjldNdE,https://www.youtube.com/watch?v=qavzkjldNdE,DIY dessert candle | How to make candles at home | handmade freedom coconut soy wax wood wick gifts,760.0,storyboard,86,688.0,696.0,8.0,https://youtu.be/qavzkjldNdE?t=688s,decorate_finish,finish,1,0.5,"Assembling the dessert candles - cones, whipped topping, sprinkles, chocolate sticks.",GE ss 4 7 dreven aS,1,0.0,0.039,0.0,0.629,0.082,"#c5d1d1,#978f8e,#5e4e4b",1,,
qavzkjldNdE,https://www.youtube.com/watch?v=qavzkjldNdE,DIY dessert candle | How to make candles at home | handmade freedom coconut soy wax wood wick gifts,760.0,storyboard,87,696.0,704.0,8.0,https://youtu.be/qavzkjldNdE?t=696s,decorate_finish,finish,1,0.5,"Assembling the dessert candles - cones, whipped topping, sprinkles, chocolate sticks.",,0,0.0,0.035,0.136,0.62,0.077,"#97908d,#c6cecf,#60574d",1,,
qavzkjldNdE,https://www.youtube.com/watch?v=qavzkjldNdE,DIY dessert candle | How to make candles at home | handmade freedom coconut soy wax wood wick gifts,760.0,storyboard,88,704.0,712.0,8.0,https://youtu.be/qavzkjldNdE?t=704s,decorate_finish,finish,1,0.5,"Assembling the dessert candles - cones, whipped topping, sprinkles, chocolate sticks.",,0,0.0,0.019,0.0,0.606,0.088,"#bfcbcd,#573f3c,#8b7877",1,,
qavzkjldNdE,https://www.youtube.com/watch?v=qavzkjldNdE,DIY dessert candle | How to make candles at home | handmade freedom coconut soy wax wood wick gifts,760.0,storyboard,89,712.0,720.0,8.0,https://youtu.be/qavzkjldNdE?t=712s,decorate_finish,finish,1,0.5,"Assembling the dessert candles - cones, whipped topping, sprinkles, chocolate sticks.",,0,0.0,0.005,0.615,0.307,0.047,"#000000,#000001,#000100",1,,
qavzkjldNdE,https://www.youtube.com/watch?v=qavzkjldNdE,DIY dessert candle | How to make candles at home | handmade freedom coconut soy wax wood wick gifts,760.0,storyboard,90,720.0,728.0,8.0,https://youtu.be/qavzkjldNdE?t=720s,decorate_finish,finish,1,0.5,"Assembling the dessert candles - cones, whipped topping, sprinkles, chocolate sticks.",rie oe ee ij 4,1,0.0,0.097,0.188,0.55,0.108,"#9c8c8c,#5b4d49,#c5c1c7",1,,
qavzkjldNdE,https://www.youtube.com/watch?v=qavzkjldNdE,DIY dessert candle | How to make candles at home | handmade freedom coconut soy wax wood wick gifts,760.0,storyboard,91,728.0,736.0,8.0,https://youtu.be/qavzkjldNdE?t=728s,decorate_finish,finish,1,0.5,"Assembling the dessert candles - cones, whipped topping, sprinkles, chocolate sticks.",int WP ae BpY te VW. tee,1,0.0,0.088,0.0,0.515,0.128,"#998082,#50423a,#ccbdb9",1,,
qgfZSWuivvw,https://www.youtube.com/watch?v=qgfZSWuivvw,"Small Candle Business Diaries: Holiday Candle making, Preparing for my first Christmas Market",382.0,storyboard,2,15.92,23.88,7.96,https://youtu.be/qgfZSWuivvw?t=16s,decorate_finish,finish,1,0.45,Labelling/lidding the finished candles.,oi 7 PEE Bei ices ec ifece fi eititie tg Sey 7 ear Ee ere Mages Rerke sizer,1,0.0,0.066,0.196,0.544,0.039,"#aaacad,#6a6664,#201b1d",1,,
qgfZSWuivvw,https://www.youtube.com/watch?v=qgfZSWuivvw,"Small Candle Business Diaries: Holiday Candle making, Preparing for my first Christmas Market",382.0,storyboard,6,47.75,55.71,7.96,https://youtu.be/qgfZSWuivvw?t=48s,decorate_finish,finish,1,0.45,Labelling/lidding the finished candles.,Sa Skee 4 7 ty tS 7 ai,1,0.0,0.081,0.094,0.601,0.119,"#cebeb2,#a28c78,#60594e",1,,
qgfZSWuivvw,https://www.youtube.com/watch?v=qgfZSWuivvw,"Small Candle Business Diaries: Holiday Candle making, Preparing for my first Christmas Market",382.0,storyboard,10,79.58,87.54,7.96,https://youtu.be/qgfZSWuivvw?t=80s,decorate_finish,finish,1,0.45,Labelling/lidding the finished candles.,"1 4 wei,",1,0.0,0.035,0.075,0.631,0.056,"#d1dbdc,#979793,#595955",1,,
qgfZSWuivvw,https://www.youtube.com/watch?v=qgfZSWuivvw,"Small Candle Business Diaries: Holiday Candle making, Preparing for my first Christmas Market",382.0,storyboard,18,143.25,151.21,7.96,https://youtu.be/qgfZSWuivvw?t=143s,decorate_finish,finish,1,0.45,Labelling/lidding the finished candles.,eon. Gas,1,0.0,0.031,0.073,0.653,0.061,"#c4cbca,#95918d,#5b4c45",1,,
qgfZSWuivvw,https://www.youtube.com/watch?v=qgfZSWuivvw,"Small Candle Business Diaries: Holiday Candle making, Preparing for my first Christmas Market",382.0,storyboard,22,175.08,183.04,7.96,https://youtu.be/qgfZSWuivvw?t=175s,decorate_finish,finish,1,0.45,Labelling/lidding the finished candles.,aX pS Si 7,1,0.0,0.024,0.169,0.578,0.06,"#726d6d,#aaa5a4,#dfdcdc",1,,
qgfZSWuivvw,https://www.youtube.com/watch?v=qgfZSWuivvw,"Small Candle Business Diaries: Holiday Candle making, Preparing for my first Christmas Market",382.0,storyboard,26,206.92,214.88,7.96,https://youtu.be/qgfZSWuivvw?t=207s,decorate_finish,finish,1,0.45,Labelling/lidding the finished candles.,"aie,",0,0.0,0.031,0.187,0.625,0.064,"#9d9795,#c9cccd,#655751",1,,
qgfZSWuivvw,https://www.youtube.com/watch?v=qgfZSWuivvw,"Small Candle Business Diaries: Holiday Candle making, Preparing for my first Christmas Market",382.0,storyboard,30,238.75,246.71,7.96,https://youtu.be/qgfZSWuivvw?t=239s,decorate_finish,finish,1,0.45,Labelling/lidding the finished candles.,,0,0.0,0.018,0.0,0.643,0.032,"#b6b9ba,#83817e,#534d4b",1,,
qgfZSWuivvw,https://www.youtube.com/watch?v=qgfZSWuivvw,"Small Candle Business Diaries: Holiday Candle making, Preparing for my first Christmas Market",382.0,storyboard,38,302.42,310.38,7.96,https://youtu.be/qgfZSWuivvw?t=302s,decorate_finish,finish,1,0.45,Labelling/lidding the finished candles.,af,0,0.0,0.062,0.135,0.57,0.086,"#b3b1ac,#8a8279,#4a4739",1,,
qz7Nr43IJ20,https://www.youtube.com/watch?v=qz7Nr43IJ20,ICED COFFEE CANDLE TUTORIAL | DIY gel wax ice cubes #icedcoffee #coffeecandle,112.0,storyboard,5,40.0,48.0,8.0,https://youtu.be/qz7Nr43IJ20?t=40s,decorate_finish,finish,1,0.5,Adding white 'cream/foam' wax on top of the coffee.,2 Sok 4 vs ae AE wie ge,1,0.0,0.075,0.097,0.706,0.101,"#d9d1d4,#a2928e,#4c302c",1,,
qz7Nr43IJ20,https://www.youtube.com/watch?v=qz7Nr43IJ20,ICED COFFEE CANDLE TUTORIAL | DIY gel wax ice cubes #icedcoffee #coffeecandle,112.0,storyboard,6,48.0,56.0,8.0,https://youtu.be/qz7Nr43IJ20?t=48s,decorate_finish,finish,1,0.45,Glasses with coffee gel and cream foam.,fh 22 4 re Nes Take coffee coloured wax and add fragrance,1,0.0,0.085,0.101,0.721,0.097,"#d4d2d7,#938d8d,#2a1b19",1,,
qz7Nr43IJ20,https://www.youtube.com/watch?v=qz7Nr43IJ20,ICED COFFEE CANDLE TUTORIAL | DIY gel wax ice cubes #icedcoffee #coffeecandle,112.0,storyboard,7,56.0,64.0,8.0,https://youtu.be/qz7Nr43IJ20?t=56s,decorate_finish,finish,1,0.5,Adding clear 'ice cube' wax pieces.,Med AF ine,1,0.0,0.065,0.13,0.714,0.096,"#d6d4d9,#9e9695,#573d3a",1,,
qz7Nr43IJ20,https://www.youtube.com/watch?v=qz7Nr43IJ20,ICED COFFEE CANDLE TUTORIAL | DIY gel wax ice cubes #icedcoffee #coffeecandle,112.0,storyboard,8,64.0,72.0,8.0,https://youtu.be/qz7Nr43IJ20?t=64s,decorate_finish,finish,1,0.45,More coffee gel poured.,Slowly pour the wax in the jar et ee,1,0.0,0.039,0.102,0.701,0.094,"#dbcfcb,#9c867c,#442b25",1,,
qz7Nr43IJ20,https://www.youtube.com/watch?v=qz7Nr43IJ20,ICED COFFEE CANDLE TUTORIAL | DIY gel wax ice cubes #icedcoffee #coffeecandle,112.0,storyboard,9,72.0,80.0,8.0,https://youtu.be/qz7Nr43IJ20?t=72s,decorate_finish,finish,1,0.45,Finishing the iced-coffee candles.,"Ke os, Add extra cubes to finish the look",1,0.0,0.06,0.147,0.721,0.074,"#e3d4ce,#b4a195,#553930",1,,
rZ8bNvoN7Vg,https://www.youtube.com/watch?v=rZ8bNvoN7Vg,DIY Tulip Candle Making | Stunning Tulip Candle Gift Idea,182.0,storyboard,1,7.91,15.83,7.92,https://youtu.be/rZ8bNvoN7Vg?t=8s,decorate_finish,finish,1,0.5,Hands shape a white tulip candle with red dip.,By 4,0,0.0,0.024,0.111,0.805,0.198,"#f1dfde,#dd9ab1,#944e2b",1,,
rZ8bNvoN7Vg,https://www.youtube.com/watch?v=rZ8bNvoN7Vg,DIY Tulip Candle Making | Stunning Tulip Candle Gift Idea,182.0,storyboard,9,71.22,79.13,7.91,https://youtu.be/rZ8bNvoN7Vg?t=71s,decorate_finish,finish,1,0.5,Shaping the red tulip petals.,et,0,0.0,0.013,0.108,0.814,0.151,"#efe3e1,#e4c0ac,#875540",1,,
rZ8bNvoN7Vg,https://www.youtube.com/watch?v=rZ8bNvoN7Vg,DIY Tulip Candle Making | Stunning Tulip Candle Gift Idea,182.0,storyboard,10,79.13,87.04,7.91,https://youtu.be/rZ8bNvoN7Vg?t=79s,decorate_finish,finish,1,0.5,Tulip candle shaped.,ut,0,0.333,0.017,0.13,0.79,0.155,"#e4d3de,#d1b19a,#905d4b",1,,
rZ8bNvoN7Vg,https://www.youtube.com/watch?v=rZ8bNvoN7Vg,DIY Tulip Candle Making | Stunning Tulip Candle Gift Idea,182.0,storyboard,11,87.04,94.96,7.92,https://youtu.be/rZ8bNvoN7Vg?t=87s,decorate_finish,finish,1,0.5,Red tulip candle.,ee wv,0,0.0,0.017,0.098,0.785,0.149,"#e7d0da,#cfb09a,#835340",1,,
rZ8bNvoN7Vg,https://www.youtube.com/watch?v=rZ8bNvoN7Vg,DIY Tulip Candle Making | Stunning Tulip Candle Gift Idea,182.0,storyboard,12,94.96,102.87,7.91,https://youtu.be/rZ8bNvoN7Vg?t=95s,decorate_finish,finish,1,0.45,Hands with a red dye bottle; white wax.,ae,0,0.0,0.027,0.154,0.757,0.179,"#ecd5d6,#cba08b,#832025",1,,
rZ8bNvoN7Vg,https://www.youtube.com/watch?v=rZ8bNvoN7Vg,DIY Tulip Candle Making | Stunning Tulip Candle Gift Idea,182.0,storyboard,13,102.87,110.78,7.91,https://youtu.be/rZ8bNvoN7Vg?t=103s,decorate_finish,finish,1,0.5,Shaping the tulip; red.,yy SUBSQGIRE,1,0.0,0.023,0.168,0.801,0.192,"#efe4e7,#c48d79,#781d19",1,,
rZ8bNvoN7Vg,https://www.youtube.com/watch?v=rZ8bNvoN7Vg,DIY Tulip Candle Making | Stunning Tulip Candle Gift Idea,182.0,storyboard,14,110.78,118.7,7.92,https://youtu.be/rZ8bNvoN7Vg?t=111s,decorate_finish,finish,1,0.5,Forming the tulip petals.,sy hl,0,0.333,0.022,0.102,0.808,0.176,"#eee0e0,#c7997a,#731b16",1,,
rZ8bNvoN7Vg,https://www.youtube.com/watch?v=rZ8bNvoN7Vg,DIY Tulip Candle Making | Stunning Tulip Candle Gift Idea,182.0,storyboard,15,118.7,126.61,7.91,https://youtu.be/rZ8bNvoN7Vg?t=119s,decorate_finish,finish,1,0.5,Red tulip candle.,ey,0,0.0,0.026,0.054,0.798,0.166,"#efdadd,#c99b89,#631c16",1,,
rZ8bNvoN7Vg,https://www.youtube.com/watch?v=rZ8bNvoN7Vg,DIY Tulip Candle Making | Stunning Tulip Candle Gift Idea,182.0,storyboard,16,126.61,134.52,7.91,https://youtu.be/rZ8bNvoN7Vg?t=127s,decorate_finish,finish,1,0.5,Shaping the red tulip petals.,ih,0,0.0,0.017,0.118,0.802,0.174,"#efdfe3,#deb8a4,#763b2d",1,,
rZ8bNvoN7Vg,https://www.youtube.com/watch?v=rZ8bNvoN7Vg,DIY Tulip Candle Making | Stunning Tulip Candle Gift Idea,182.0,storyboard,17,134.52,142.43,7.91,https://youtu.be/rZ8bNvoN7Vg?t=135s,decorate_finish,finish,1,0.5,Tulip candle shaped.,9,0,0.0,0.034,0.143,0.807,0.187,"#f6e3ea,#edc6aa,#9c5036",1,,
rZ8bNvoN7Vg,https://www.youtube.com/watch?v=rZ8bNvoN7Vg,DIY Tulip Candle Making | Stunning Tulip Candle Gift Idea,182.0,storyboard,18,142.43,150.35,7.92,https://youtu.be/rZ8bNvoN7Vg?t=142s,decorate_finish,finish,1,0.5,Hands with the red tulip.,Dif 5 ve BW,1,0.333,0.03,0.089,0.829,0.182,"#f7e3ee,#edc2a9,#ad654a",1,,
rZ8bNvoN7Vg,https://www.youtube.com/watch?v=rZ8bNvoN7Vg,DIY Tulip Candle Making | Stunning Tulip Candle Gift Idea,182.0,storyboard,19,150.35,158.26,7.91,https://youtu.be/rZ8bNvoN7Vg?t=150s,decorate_finish,finish,1,0.45,Shaping the tulip.,ee ae,0,0.0,0.033,0.125,0.823,0.166,"#f0d9d5,#ca947b,#812e21",1,,
rltpKr2t-Bw,https://www.youtube.com/watch?v=rltpKr2t-Bw,How to Make Pillar Candles // CandleScience Tutorials,130.0,storyboard,12,97.5,105.62,8.12,https://youtu.be/rltpKr2t-Bw?t=98s,decorate_finish,finish,1,0.45,"Host talks, then the pillar candle is released from the mould.",ae,0,0.0,0.07,0.205,0.625,0.101,"#c1a994,#997961,#f7f4ee",1,,
tUXkZFNUQXI,https://www.youtube.com/watch?v=tUXkZFNUQXI,How I Make Our #1 Bestselling Market Tins | Full Recipe Included,364.0,storyboard,3,23.74,31.65,7.91,https://youtu.be/tUXkZFNUQXI?t=24s,decorate_finish,finish,1,0.45,Lidding and labelling the finished tins.,Coxe.,0,0.0,0.04,0.117,0.486,0.142,"#baab9e,#4b3f17,#8e8164",1,,
tUXkZFNUQXI,https://www.youtube.com/watch?v=tUXkZFNUQXI,How I Make Our #1 Bestselling Market Tins | Full Recipe Included,364.0,storyboard,7,55.39,63.3,7.91,https://youtu.be/tUXkZFNUQXI?t=55s,decorate_finish,finish,1,0.45,Lidding and labelling the finished tins.,,0,0.0,0.006,0.168,0.445,0.204,"#816c39,#b3a69f,#513e0d",1,,
tUXkZFNUQXI,https://www.youtube.com/watch?v=tUXkZFNUQXI,How I Make Our #1 Bestselling Market Tins | Full Recipe Included,364.0,storyboard,11,87.04,94.96,7.92,https://youtu.be/tUXkZFNUQXI?t=87s,decorate_finish,finish,1,0.45,Lidding and labelling the finished tins.,es fy CD,1,0.0,0.015,0.135,0.517,0.177,"#c1b2a4,#5a4616,#918164",1,,
tUXkZFNUQXI,https://www.youtube.com/watch?v=tUXkZFNUQXI,How I Make Our #1 Bestselling Market Tins | Full Recipe Included,364.0,storyboard,15,118.7,126.61,7.91,https://youtu.be/tUXkZFNUQXI?t=119s,decorate_finish,finish,1,0.45,Lidding and labelling the finished tins.,TX Broa'S,1,0.0,0.029,0.226,0.489,0.174,"#bfa78d,#36332e,#87684e",1,,
tUXkZFNUQXI,https://www.youtube.com/watch?v=tUXkZFNUQXI,How I Make Our #1 Bestselling Market Tins | Full Recipe Included,364.0,storyboard,19,150.35,158.26,7.91,https://youtu.be/tUXkZFNUQXI?t=150s,decorate_finish,finish,1,0.45,Lidding and labelling the finished tins.,nen Zz Per ee of eS Bw Mis,1,0.0,0.019,0.15,0.494,0.166,"#bba48c,#8f5e47,#352821",1,,
tUXkZFNUQXI,https://www.youtube.com/watch?v=tUXkZFNUQXI,How I Make Our #1 Bestselling Market Tins | Full Recipe Included,364.0,storyboard,23,182.0,189.91,7.91,https://youtu.be/tUXkZFNUQXI?t=182s,decorate_finish,finish,1,0.45,Lidding and labelling the finished tins.,iJ she ae atin,1,0.0,0.015,0.166,0.513,0.146,"#bfa890,#91644a,#372724",1,,
tUXkZFNUQXI,https://www.youtube.com/watch?v=tUXkZFNUQXI,How I Make Our #1 Bestselling Market Tins | Full Recipe Included,364.0,storyboard,27,213.65,221.57,7.92,https://youtu.be/tUXkZFNUQXI?t=214s,decorate_finish,finish,1,0.45,Lidding and labelling the finished tins.,,0,0.0,0.023,0.0,0.485,0.176,"#c9b293,#473722,#a06f54",1,,
tUXkZFNUQXI,https://www.youtube.com/watch?v=tUXkZFNUQXI,How I Make Our #1 Bestselling Market Tins | Full Recipe Included,364.0,storyboard,31,245.3,253.22,7.92,https://youtu.be/tUXkZFNUQXI?t=245s,decorate_finish,finish,1,0.45,Lidding and labelling the finished tins.,,0,0.0,0.017,0.0,0.51,0.114,"#c9b297,#857561,#433927",1,,
tUXkZFNUQXI,https://www.youtube.com/watch?v=tUXkZFNUQXI,How I Make Our #1 Bestselling Market Tins | Full Recipe Included,364.0,storyboard,35,276.96,284.87,7.91,https://youtu.be/tUXkZFNUQXI?t=277s,decorate_finish,finish,1,0.45,Lidding and labelling the finished tins.,ee swe oe Ce.,1,0.0,0.03,0.0,0.484,0.185,"#c2afa3,#986951,#3d2c22",1,,
upLGuIZtRdg,https://www.youtube.com/watch?v=upLGuIZtRdg,Create Candles Like a Pro: 3 Mistakes to Avoid,439.0,storyboard,38,303.31,311.29,7.98,https://youtu.be/upLGuIZtRdg?t=303s,decorate_finish,finish,1,0.5,Decorating a candle with florals.,YA,0,0.0,0.097,0.269,0.702,0.081,"#d6d4cd,#9a8b7b,#423a33",1,,
upLGuIZtRdg,https://www.youtube.com/watch?v=upLGuIZtRdg,Create Candles Like a Pro: 3 Mistakes to Avoid,439.0,storyboard,46,367.16,375.15,7.99,https://youtu.be/upLGuIZtRdg?t=367s,decorate_finish,finish,1,0.5,Decorating a candle with florals.,,0,0.0,0.018,0.0,0.628,0.055,"#c3c6cc,#959596,#716560",1,,
upLGuIZtRdg,https://www.youtube.com/watch?v=upLGuIZtRdg,Create Candles Like a Pro: 3 Mistakes to Avoid,439.0,storyboard,47,375.15,383.13,7.98,https://youtu.be/upLGuIZtRdg?t=375s,decorate_finish,finish,1,0.5,Decorating a candle with florals.,,0,0.0,0.08,0.296,0.643,0.06,"#a8a39e,#e0e1e0,#372d2e",1,,
utr9EuGsSJs,https://www.youtube.com/watch?v=utr9EuGsSJs,DIY Scented Freedom Soy Wax Candles at home |  Candle making kit review | Microwave your wax!,509.0,storyboard,37,294.27,302.22,7.95,https://youtu.be/utr9EuGsSJs?t=294s,decorate_finish,finish,1,0.5,Demoulding embeds / labelling the candle.,Va wa WS CO nD oe we de om 4 AE 4 ee ee bad ee et OM 5 ee,1,0.0,0.067,0.183,0.469,0.217,"#a06866,#6f3535,#d5bab6",1,,
utr9EuGsSJs,https://www.youtube.com/watch?v=utr9EuGsSJs,DIY Scented Freedom Soy Wax Candles at home |  Candle making kit review | Microwave your wax!,509.0,storyboard,38,302.22,310.17,7.95,https://youtu.be/utr9EuGsSJs?t=302s,decorate_finish,finish,1,0.5,Demoulding embeds / labelling the candle.,,0,0.0,0.098,0.189,0.566,0.133,"#a58c7c,#d5cec3,#673f37",1,,
utr9EuGsSJs,https://www.youtube.com/watch?v=utr9EuGsSJs,DIY Scented Freedom Soy Wax Candles at home |  Candle making kit review | Microwave your wax!,509.0,storyboard,41,326.08,334.03,7.95,https://youtu.be/utr9EuGsSJs?t=326s,decorate_finish,finish,1,0.5,Demoulding embeds / labelling the candle.,,0,0.0,0.007,0.108,0.571,0.092,"#b4bdc6,#8e8680,#53413b",1,,
utr9EuGsSJs,https://www.youtube.com/watch?v=utr9EuGsSJs,DIY Scented Freedom Soy Wax Candles at home |  Candle making kit review | Microwave your wax!,509.0,storyboard,47,373.8,381.75,7.95,https://youtu.be/utr9EuGsSJs?t=374s,decorate_finish,finish,1,0.5,Demoulding embeds / labelling the candle.,,0,0.0,0.012,0.205,0.562,0.094,"#bdbab4,#917f78,#58443b",1,,
utr9EuGsSJs,https://www.youtube.com/watch?v=utr9EuGsSJs,DIY Scented Freedom Soy Wax Candles at home |  Candle making kit review | Microwave your wax!,509.0,storyboard,48,381.75,389.7,7.95,https://youtu.be/utr9EuGsSJs?t=382s,decorate_finish,finish,1,0.5,Demoulding embeds / labelling the candle.,as 7 ie Pa 4 ae,1,0.0,0.019,0.148,0.56,0.102,"#9b8c89,#c8c1be,#65493f",1,,
utr9EuGsSJs,https://www.youtube.com/watch?v=utr9EuGsSJs,DIY Scented Freedom Soy Wax Candles at home |  Candle making kit review | Microwave your wax!,509.0,storyboard,59,469.23,477.19,7.96,https://youtu.be/utr9EuGsSJs?t=469s,decorate_finish,finish,1,0.5,Demoulding embeds / labelling the candle.,,0,0.0,0.01,0.0,0.551,0.084,"#8e8376,#ccccca,#403125",1,,
wrGN0qeWyPk,https://www.youtube.com/watch?v=wrGN0qeWyPk,How to Make Your Candles Smell Stronger (Without Using More Fragrance Oil),421.0,storyboard,31,246.25,254.19,7.94,https://youtu.be/wrGN0qeWyPk?t=246s,decorate_finish,finish,1,0.4,Hands label/finish candles.,,0,0.0,0.003,0.0,0.738,0.112,"#cbbca0,#e2dac7,#897860",1,,
yOvQagDwnxo,https://www.youtube.com/watch?v=yOvQagDwnxo,''How Candles Are Made  Inside a Modern Candle Factory'',113.0,storyboard,8,64.57,72.64,8.07,https://youtu.be/yOvQagDwnxo?t=65s,decorate_finish,finish,1,0.4,Workers finishing/packing coloured candles.,74 SS ae ta me Sere,1,0.0,0.141,0.28,0.432,0.143,"#35231a,#9b7a56,#cbb28f",1,,
yOvQagDwnxo,https://www.youtube.com/watch?v=yOvQagDwnxo,''How Candles Are Made  Inside a Modern Candle Factory'',113.0,storyboard,9,72.64,80.71,8.07,https://youtu.be/yOvQagDwnxo?t=73s,decorate_finish,finish,1,0.4,Workers at a table with coloured candles.,"sz 4 NS ss Aj df sg on ra, ae oe yes",1,0.0,0.146,0.282,0.495,0.154,"#3f2020,#ccc2c1,#91696a",1,,
