video_id,video_url,video_title,video_duration_s,source,window_index,start_s,end_s,duration_s,window_url,action_label,phase,is_step,confidence,description,description_detailed,ocr_text,has_caption,face_score,text_score,motion,brightness,colorfulness,dominant_colors,keep,filter_reason,validation_flags
-dVj7BYicmQ,https://www.youtube.com/watch?v=-dVj7BYicmQ,Create your own custom-scented candle at The Candle Pour | Taste and See Tampa Bay,99.0,storyboard,7,57.75,66.0,8.25,https://youtu.be/-dVj7BYicmQ?t=58s,pour_wax,assemble,1,0.45,Caption 'Narrow it down to 2-4 scents and pour your soy candle'; pouring wax.,"Caption 'Narrow it down to 2-4 scents and pour your soy candle'; pouring wax. moderate on-screen movement, well-lit, muted beige/brown palette (#d6b9a2, #675d3b). assemble phase, ~58% in, 0:57–1:06.",,0,0.0,0.157,0.271,0.559,0.134,"#d6b9a2,#675d3b,#0e0905",1,,description references on-screen text but OCR found none
-dVj7BYicmQ,https://www.youtube.com/watch?v=-dVj7BYicmQ,Create your own custom-scented candle at The Candle Pour | Taste and See Tampa Bay,99.0,storyboard,8,66.0,74.25,8.25,https://youtu.be/-dVj7BYicmQ?t=66s,pour_wax,assemble,1,0.45,Pouring melted soy wax into the vessel.,"Pouring melted soy wax into the vessel. captioned, moderate on-screen movement, well-lit, muted beige/brown palette (#c5b19e, #75604b). assemble phase, ~67% in, 1:06–1:14.","at ate, wv tee AND POUR YOUR SOY CANDLE",1,0.0,0.225,0.239,0.435,0.146,"#c5b19e,#75604b,#361d17",1,,
-pjWKo7zgrs,https://www.youtube.com/watch?v=-pjWKo7zgrs,DIY Candle Jars with Jesmonite and Boowannite | Nicole Molds jar mold diy handmade gift ideas,481.0,storyboard,17,136.28,144.3,8.02,https://youtu.be/-pjWKo7zgrs?t=136s,pour_wax,assemble,1,0.45,Pouring green matcha-coloured wax into the jesmonite jars.,"Pouring green matcha-coloured wax into the jesmonite jars. moderate on-screen movement, well-lit, muted brown/grey palette (#4a4f3c, #7f7e6d). assemble phase, ~28% in, 2:16–2:24.",on,0,0.0,0.016,0.19,0.521,0.079,"#4a4f3c,#7f7e6d,#d2cec9",1,,
-pjWKo7zgrs,https://www.youtube.com/watch?v=-pjWKo7zgrs,DIY Candle Jars with Jesmonite and Boowannite | Nicole Molds jar mold diy handmade gift ideas,481.0,storyboard,19,152.32,160.33,8.01,https://youtu.be/-pjWKo7zgrs?t=152s,pour_wax,assemble,1,0.45,Pouring green matcha-coloured wax into the jesmonite jars.,"Pouring green matcha-coloured wax into the jesmonite jars. captioned, moderate on-screen movement, well-lit, muted beige/brown palette (#c2c0ba, #4f443a). assemble phase, ~32% in, 2:32–2:40.",icole mold's tutorial for Boowan dpe ss Oo emove air bubbles 4 Port,1,0.0,0.028,0.211,0.493,0.093,"#c2c0ba,#4f443a,#928c80",1,,
-pjWKo7zgrs,https://www.youtube.com/watch?v=-pjWKo7zgrs,DIY Candle Jars with Jesmonite and Boowannite | Nicole Molds jar mold diy handmade gift ideas,481.0,storyboard,20,160.33,168.35,8.02,https://youtu.be/-pjWKo7zgrs?t=160s,pour_wax,assemble,1,0.45,Pouring green matcha-coloured wax into the jesmonite jars.,"Pouring green matcha-coloured wax into the jesmonite jars. moderate on-screen movement, well-lit, muted beige/grey palette (#c6bfb2, #8b8071). assemble phase, ~33% in, 2:40–2:48.",ww ay,0,0.0,0.024,0.232,0.54,0.059,"#c6bfb2,#8b8071,#2b2722",1,,
-pjWKo7zgrs,https://www.youtube.com/watch?v=-pjWKo7zgrs,DIY Candle Jars with Jesmonite and Boowannite | Nicole Molds jar mold diy handmade gift ideas,481.0,storyboard,22,176.37,184.38,8.01,https://youtu.be/-pjWKo7zgrs?t=176s,pour_wax,assemble,1,0.45,Pouring green matcha-coloured wax into the jesmonite jars.,"Pouring green matcha-coloured wax into the jesmonite jars. moderate on-screen movement, well-lit, muted beige/grey palette (#b9ac9b, #93816f). assemble phase, ~37% in, 2:56–3:04.",,0,0.0,0.033,0.159,0.519,0.103,"#b9ac9b,#93816f,#5c4331",1,,
-pjWKo7zgrs,https://www.youtube.com/watch?v=-pjWKo7zgrs,DIY Candle Jars with Jesmonite and Boowannite | Nicole Molds jar mold diy handmade gift ideas,481.0,storyboard,23,184.38,192.4,8.02,https://youtu.be/-pjWKo7zgrs?t=184s,pour_wax,assemble,1,0.45,Pouring green matcha-coloured wax into the jesmonite jars.,"Pouring green matcha-coloured wax into the jesmonite jars. moderate on-screen movement, well-lit, muted beige/brown palette (#c1b4a3, #503023). assemble phase, ~38% in, 3:04–3:12.",Ze. DL,0,0.0,0.044,0.216,0.506,0.114,"#c1b4a3,#503023,#8f7564",1,,
-pjWKo7zgrs,https://www.youtube.com/watch?v=-pjWKo7zgrs,DIY Candle Jars with Jesmonite and Boowannite | Nicole Molds jar mold diy handmade gift ideas,481.0,storyboard,43,344.72,352.73,8.01,https://youtu.be/-pjWKo7zgrs?t=345s,pour_wax,assemble,1,0.5,Pouring wax into the jar/rose mould.,"Pouring wax into the jar/rose mould. captioned, moderate on-screen movement, well-lit, muted grey/beige palette (#8b7b4b, #c1bcae). assemble phase, ~72% in, 5:44–5:52.",Ny Ts 4. Fy oe 4 yy JN SF aanere ye nts ig,1,0.0,0.06,0.238,0.537,0.143,"#8b7b4b,#c1bcae,#2b2b1e",1,,
-pjWKo7zgrs,https://www.youtube.com/watch?v=-pjWKo7zgrs,DIY Candle Jars with Jesmonite and Boowannite | Nicole Molds jar mold diy handmade gift ideas,481.0,storyboard,46,368.77,376.78,8.01,https://youtu.be/-pjWKo7zgrs?t=369s,pour_wax,assemble,1,0.5,Pouring wax into the jar/rose mould.,"Pouring wax into the jar/rose mould. moderate on-screen movement, well-lit, muted grey/beige palette (#9a8a7d, #cbc0b3). assemble phase, ~77% in, 6:08–6:16.",GJ in,0,0.0,0.031,0.194,0.564,0.113,"#9a8a7d,#cbc0b3,#534b3e",1,,
-pjWKo7zgrs,https://www.youtube.com/watch?v=-pjWKo7zgrs,DIY Candle Jars with Jesmonite and Boowannite | Nicole Molds jar mold diy handmade gift ideas,481.0,storyboard,47,376.78,384.8,8.02,https://youtu.be/-pjWKo7zgrs?t=377s,pour_wax,assemble,1,0.5,Pouring wax into the jar/rose mould.,"Pouring wax into the jar/rose mould. static shot, well-lit, muted cream/brown palette (#d4d2cd, #4c4e3f). assemble phase, ~78% in, 6:16–6:24.",,0,0.0,0.008,0.0,0.623,0.049,"#d4d2cd,#4c4e3f,#8a8382",1,,
-pjWKo7zgrs,https://www.youtube.com/watch?v=-pjWKo7zgrs,DIY Candle Jars with Jesmonite and Boowannite | Nicole Molds jar mold diy handmade gift ideas,481.0,storyboard,48,384.8,392.82,8.02,https://youtu.be/-pjWKo7zgrs?t=385s,pour_wax,assemble,1,0.5,Pouring wax into the jar/rose mould.,"Pouring wax into the jar/rose mould. captioned, moderate on-screen movement, well-lit, muted beige/grey palette (#c9c7bf, #958d84). assemble phase, ~80% in, 6:24–6:32.",ae at Oe. ae YS ing the it,1,0.0,0.049,0.179,0.579,0.077,"#c9c7bf,#958d84,#545340",1,,
-pjWKo7zgrs,https://www.youtube.com/watch?v=-pjWKo7zgrs,DIY Candle Jars with Jesmonite and Boowannite | Nicole Molds jar mold diy handmade gift ideas,481.0,storyboard,49,392.82,400.83,8.01,https://youtu.be/-pjWKo7zgrs?t=393s,pour_wax,assemble,1,0.5,Pouring wax into the jar/rose mould.,"Pouring wax into the jar/rose mould. static shot, well-lit, muted grey/beige palette (#777861, #bac2a9). assemble phase, ~82% in, 6:32–6:40.",,0,0.0,0.002,0.0,0.491,0.09,"#777861,#bac2a9,#3f4029",1,,
-pjWKo7zgrs,https://www.youtube.com/watch?v=-pjWKo7zgrs,DIY Candle Jars with Jesmonite and Boowannite | Nicole Molds jar mold diy handmade gift ideas,481.0,storyboard,50,400.83,408.85,8.02,https://youtu.be/-pjWKo7zgrs?t=401s,pour_wax,assemble,1,0.5,Pouring wax into the jar/rose mould.,"Pouring wax into the jar/rose mould. moderate on-screen movement, well-lit, muted cream/grey palette (#cccbc5, #a88f85). assemble phase, ~83% in, 6:40–6:48.",,0,0.0,0.007,0.153,0.631,0.108,"#cccbc5,#a88f85,#6f5651",1,,
-pjWKo7zgrs,https://www.youtube.com/watch?v=-pjWKo7zgrs,DIY Candle Jars with Jesmonite and Boowannite | Nicole Molds jar mold diy handmade gift ideas,481.0,storyboard,51,408.85,416.87,8.02,https://youtu.be/-pjWKo7zgrs?t=409s,pour_wax,assemble,1,0.5,Tinting the wax (pink).,"Tinting the wax (pink). Pouring the melted wax from the pitcher into the prepared container. captioned, steady, low-motion shot, well-lit, muted beige/grey palette (#c7c6bf, #99857c). assemble phase, ~85% in, 6:48–6:56.","ae 7 eo as qi ee My, welt, aa 4 Li",1,0.0,0.022,0.139,0.627,0.116,"#c7c6bf,#99857c,#61423f",1,,
-pjWKo7zgrs,https://www.youtube.com/watch?v=-pjWKo7zgrs,DIY Candle Jars with Jesmonite and Boowannite | Nicole Molds jar mold diy handmade gift ideas,481.0,storyboard,52,416.87,424.88,8.01,https://youtu.be/-pjWKo7zgrs?t=417s,pour_wax,assemble,1,0.5,Pouring wax into the jar/rose mould.,"Pouring wax into the jar/rose mould. static shot, well-lit, muted beige/grey palette (#c8c5be, #a58d87). assemble phase, ~87% in, 6:56–7:04.",,0,0.0,0.002,0.0,0.646,0.124,"#c8c5be,#a58d87,#715450",1,,
0gk3NsmJa7k,https://www.youtube.com/watch?v=0gk3NsmJa7k,Make Candles with me | ❄️Winter Wonderland Edition ❄️,794.0,storyboard,4,32.08,40.1,8.02,https://youtu.be/0gk3NsmJa7k?t=32s,pour_wax,assemble,1,0.5,Pouring amber wax into rows of glasses.,"Pouring amber wax into rows of glasses. captioned, steady, low-motion shot, well-lit, grey/brown palette (#7b6e50, #484047). assemble phase, ~4% in, 0:32–0:40.","aa oP, eo-ce im ah",1,0.0,0.08,0.117,0.416,0.173,"#7b6e50,#484047,#a49477",1,,
0gk3NsmJa7k,https://www.youtube.com/watch?v=0gk3NsmJa7k,Make Candles with me | ❄️Winter Wonderland Edition ❄️,794.0,storyboard,8,64.16,72.18,8.02,https://youtu.be/0gk3NsmJa7k?t=64s,pour_wax,assemble,1,0.5,Pouring amber wax into rows of glasses.,"Pouring amber wax into rows of glasses. captioned, steady, low-motion shot, well-lit, muted brown/grey palette (#72634f, #a89986). assemble phase, ~8% in, 1:04–1:12.",7 125 aS ue 2 7 aha ry,1,0.0,0.144,0.093,0.426,0.12,"#72634f,#a89986,#382d29",1,,
0gk3NsmJa7k,https://www.youtube.com/watch?v=0gk3NsmJa7k,Make Candles with me | ❄️Winter Wonderland Edition ❄️,794.0,storyboard,12,96.24,104.26,8.02,https://youtu.be/0gk3NsmJa7k?t=96s,pour_wax,assemble,1,0.5,Pouring amber wax into rows of glasses.,"Pouring amber wax into rows of glasses. steady, low-motion shot, well-lit, muted brown/grey palette (#524941, #887a6d). assemble phase, ~12% in, 1:36–1:44.",iy Ap,0,0.0,0.194,0.118,0.453,0.074,"#524941,#887a6d,#bdafa1",1,,
0gk3NsmJa7k,https://www.youtube.com/watch?v=0gk3NsmJa7k,Make Candles with me | ❄️Winter Wonderland Edition ❄️,794.0,storyboard,16,128.32,136.34,8.02,https://youtu.be/0gk3NsmJa7k?t=128s,pour_wax,assemble,1,0.5,Pouring amber wax into rows of glasses.,"Pouring amber wax into rows of glasses. steady, low-motion shot, well-lit, muted brown/grey palette (#504429, #85765b). assemble phase, ~16% in, 2:08–2:16.",tt,0,0.0,0.331,0.059,0.436,0.121,"#504429,#85765b,#c1b1a1",1,,
0gk3NsmJa7k,https://www.youtube.com/watch?v=0gk3NsmJa7k,Make Candles with me | ❄️Winter Wonderland Edition ❄️,794.0,storyboard,20,160.4,168.42,8.02,https://youtu.be/0gk3NsmJa7k?t=160s,pour_wax,assemble,1,0.5,Pouring amber wax into rows of glasses.,"Pouring amber wax into rows of glasses. captioned, steady, low-motion shot, well-lit, grey/brown palette (#70766f, #494637). assemble phase, ~20% in, 2:40–2:48.","Sa ee, BY as",1,0.0,0.221,0.114,0.449,0.163,"#70766f,#494637,#b4b0a8",1,,
0gk3NsmJa7k,https://www.youtube.com/watch?v=0gk3NsmJa7k,Make Candles with me | ❄️Winter Wonderland Edition ❄️,794.0,storyboard,32,256.65,264.67,8.02,https://youtu.be/0gk3NsmJa7k?t=257s,pour_wax,assemble,1,0.5,Pouring amber wax into the jars.,"Pouring amber wax into the jars. captioned, static shot, dim, muted brown/black palette (#72604d, #372c22). assemble phase, ~32% in, 4:16–4:24.",ae se Wt SY,1,0.0,0.154,0.0,0.393,0.106,"#72604d,#372c22,#b7a592",1,,
0gk3NsmJa7k,https://www.youtube.com/watch?v=0gk3NsmJa7k,Make Candles with me | ❄️Winter Wonderland Edition ❄️,794.0,storyboard,33,264.67,272.69,8.02,https://youtu.be/0gk3NsmJa7k?t=265s,pour_wax,assemble,1,0.5,Pouring amber wax into the jars.,"Pouring amber wax into the jars. captioned, steady, low-motion shot, dim, muted grey/brown palette (#7d6d5b, #3f3627). assemble phase, ~33% in, 4:24–4:32.","mid ef 2 BY yy 7 Lg on,",1,0.0,0.119,0.096,0.395,0.09,"#7d6d5b,#3f3627,#bcaa99",1,,
0gk3NsmJa7k,https://www.youtube.com/watch?v=0gk3NsmJa7k,Make Candles with me | ❄️Winter Wonderland Edition ❄️,794.0,storyboard,34,272.69,280.71,8.02,https://youtu.be/0gk3NsmJa7k?t=273s,pour_wax,assemble,1,0.5,Melting amber wax in the metal melter/pitcher (winter batch).,"Melting amber wax in the metal melter/pitcher (winter batch). captioned, steady, low-motion shot, dim, muted grey/black palette (#7b6a57, #3c311e). assemble phase, ~34% in, 4:32–4:40.",peek Paes,1,0.0,0.095,0.05,0.367,0.078,"#7b6a57,#3c311e,#b4a495",1,,
0gk3NsmJa7k,https://www.youtube.com/watch?v=0gk3NsmJa7k,Make Candles with me | ❄️Winter Wonderland Edition ❄️,794.0,storyboard,35,280.71,288.73,8.02,https://youtu.be/0gk3NsmJa7k?t=281s,pour_wax,assemble,1,0.5,Pouring amber wax into the jars.,"Pouring amber wax into the jars. captioned, static shot, dim, muted grey/brown palette (#776555, #423528). assemble phase, ~35% in, 4:40–4:48.",aii oe oe 4 Ve,1,0.0,0.135,0.02,0.395,0.089,"#776555,#423528,#baa797",1,,
0gk3NsmJa7k,https://www.youtube.com/watch?v=0gk3NsmJa7k,Make Candles with me | ❄️Winter Wonderland Edition ❄️,794.0,storyboard,36,288.73,296.75,8.02,https://youtu.be/0gk3NsmJa7k?t=289s,pour_wax,assemble,1,0.5,Pouring amber wax into the jars.,"Pouring amber wax into the jars. static shot, well-lit, muted grey/brown palette (#826f61, #483728). assemble phase, ~36% in, 4:48–4:56.",ii ti,0,0.0,0.167,0.0,0.417,0.078,"#826f61,#483728,#bdab9d",1,,
0pqimQlf8tQ,https://www.youtube.com/watch?v=0pqimQlf8tQ,DIY Mason Jar Candles,303.0,storyboard,10,79.74,87.71,7.97,https://youtu.be/0pqimQlf8tQ?t=80s,pour_wax,assemble,1,0.5,Pouring yellow wax into the glasses.,"Pouring yellow wax into the glasses. steady, low-motion shot, well-lit, brown palette (#8a5c57, #683734). assemble phase, ~26% in, 1:19–1:27.",Lm,0,0.0,0.251,0.067,0.438,0.17,"#8a5c57,#683734,#c1bcae",1,,
0pqimQlf8tQ,https://www.youtube.com/watch?v=0pqimQlf8tQ,DIY Mason Jar Candles,303.0,storyboard,11,87.71,95.68,7.97,https://youtu.be/0pqimQlf8tQ?t=88s,pour_wax,assemble,1,0.5,Pouring yellow wax into the glasses.,"Pouring yellow wax into the glasses. captioned, steady, low-motion shot, well-lit, grey/brown palette (#956b68, #734647). assemble phase, ~29% in, 1:27–1:35.",ek Se nes oe wv,1,0.0,0.209,0.058,0.443,0.163,"#956b68,#734647,#c2bdb3",1,,
0pqimQlf8tQ,https://www.youtube.com/watch?v=0pqimQlf8tQ,DIY Mason Jar Candles,303.0,storyboard,12,95.68,103.66,7.98,https://youtu.be/0pqimQlf8tQ?t=96s,pour_wax,assemble,1,0.5,Pouring yellow wax into the glasses.,"Pouring yellow wax into the glasses. captioned, steady, low-motion shot, well-lit, grey/brown palette (#8b5c5c, #6c3a34). assemble phase, ~32% in, 1:35–1:43.",oa. Fe ae 7,1,0.0,0.194,0.094,0.437,0.17,"#8b5c5c,#6c3a34,#c8aa93",1,,
0pqimQlf8tQ,https://www.youtube.com/watch?v=0pqimQlf8tQ,DIY Mason Jar Candles,303.0,storyboard,13,103.66,111.63,7.97,https://youtu.be/0pqimQlf8tQ?t=104s,pour_wax,assemble,1,0.5,Pouring yellow wax into the glasses.,"Pouring yellow wax into the glasses. steady, low-motion shot, well-lit, brown/grey palette (#7b4c4c, #a48879). assemble phase, ~34% in, 1:43–1:51.",if,0,0.0,0.179,0.056,0.44,0.165,"#7b4c4c,#a48879,#c8ccc9",1,,
0pqimQlf8tQ,https://www.youtube.com/watch?v=0pqimQlf8tQ,DIY Mason Jar Candles,303.0,storyboard,14,111.63,119.61,7.98,https://youtu.be/0pqimQlf8tQ?t=112s,pour_wax,assemble,1,0.5,Pouring yellow wax into the glasses.,"Pouring yellow wax into the glasses. captioned, steady, low-motion shot, well-lit, grey/brown palette (#8e5e5e, #6c3c35). assemble phase, ~37% in, 1:51–1:59.",se 2 7. wn,1,0.0,0.144,0.054,0.45,0.165,"#8e5e5e,#6c3c35,#c3c4b9",1,,
0pqimQlf8tQ,https://www.youtube.com/watch?v=0pqimQlf8tQ,DIY Mason Jar Candles,303.0,storyboard,15,119.61,127.58,7.97,https://youtu.be/0pqimQlf8tQ?t=120s,pour_wax,assemble,1,0.5,Pouring yellow wax into the glasses.,"Pouring yellow wax into the glasses. static shot, well-lit, grey/brown palette (#916565, #744444). assemble phase, ~39% in, 1:59–2:07.",Sc,0,0.0,0.063,0.029,0.45,0.162,"#916565,#744444,#c2bbaf",1,,
0pqimQlf8tQ,https://www.youtube.com/watch?v=0pqimQlf8tQ,DIY Mason Jar Candles,303.0,storyboard,16,127.58,135.55,7.97,https://youtu.be/0pqimQlf8tQ?t=128s,pour_wax,assemble,1,0.5,Pouring yellow wax into the glasses.,"Pouring yellow wax into the glasses. steady, low-motion shot, well-lit, brown/grey palette (#7a4e4d, #aa8d74). assemble phase, ~42% in, 2:07–2:15.",BL,0,0.0,0.139,0.11,0.44,0.169,"#7a4e4d,#aa8d74,#c6bdaf",1,,
0pqimQlf8tQ,https://www.youtube.com/watch?v=0pqimQlf8tQ,DIY Mason Jar Candles,303.0,storyboard,18,143.53,151.5,7.97,https://youtu.be/0pqimQlf8tQ?t=144s,pour_wax,assemble,1,0.5,Pouring yellow wax into the glasses.,"Pouring yellow wax into the glasses. static shot, well-lit, brown palette (#835354, #5d3430). assemble phase, ~47% in, 2:23–2:31.",9 Eas,0,0.0,0.13,0.0,0.414,0.164,"#835354,#5d3430,#b9a48d",1,,
0pqimQlf8tQ,https://www.youtube.com/watch?v=0pqimQlf8tQ,DIY Mason Jar Candles,303.0,storyboard,19,151.5,159.47,7.97,https://youtu.be/0pqimQlf8tQ?t=152s,pour_wax,assemble,1,0.5,Pouring yellow wax into the glasses.,"Pouring yellow wax into the glasses. steady, low-motion shot, well-lit, brown palette (#875554, #633535). assemble phase, ~50% in, 2:31–2:39.",ty oo,0,0.0,0.186,0.095,0.414,0.16,"#875554,#633535,#bea899",1,,
1NluHw-tnt0,https://www.youtube.com/watch?v=1NluHw-tnt0,Making Witchy Wax Candles - A satisfying & mystical Process of Sculpting with Wax - PATH LAB,538.0,storyboard,1,8.03,16.06,8.03,https://youtu.be/1NluHw-tnt0?t=8s,pour_wax,assemble,1,0.45,Hand-dipping wicks into yellow wax to build taper candles.,"Hand-dipping wicks into yellow wax to build taper candles. static shot, well-lit, muted beige/grey palette (#bbb9ad, #777668). assemble phase, ~1% in, 0:08–0:16.",4 wt ys,0,0.0,0.061,0.0,0.488,0.075,"#bbb9ad,#777668,#323327",1,,
1NluHw-tnt0,https://www.youtube.com/watch?v=1NluHw-tnt0,Making Witchy Wax Candles - A satisfying & mystical Process of Sculpting with Wax - PATH LAB,538.0,storyboard,2,16.06,24.09,8.03,https://youtu.be/1NluHw-tnt0?t=16s,pour_wax,assemble,1,0.45,Hand-dipping wicks into yellow wax to build taper candles.,"Hand-dipping wicks into yellow wax to build taper candles. captioned, moderate on-screen movement, well-lit, muted grey/brown palette (#878070, #444131). assemble phase, ~3% in, 0:16–0:24.",Se WIcchu,1,0.0,0.046,0.267,0.449,0.064,"#878070,#444131,#bfc6b8",1,,
1NluHw-tnt0,https://www.youtube.com/watch?v=1NluHw-tnt0,Making Witchy Wax Candles - A satisfying & mystical Process of Sculpting with Wax - PATH LAB,538.0,storyboard,3,24.09,32.12,8.03,https://youtu.be/1NluHw-tnt0?t=24s,pour_wax,assemble,1,0.4,Dipped tapers hung to cool between coats.,"Dipped tapers hung to cool between coats. steady, low-motion shot, well-lit, muted cream/grey palette (#d5d5d0, #95938a). assemble phase, ~4% in, 0:24–0:32.",wlth,0,0.0,0.019,0.14,0.626,0.031,"#d5d5d0,#95938a,#454641",1,,
1NluHw-tnt0,https://www.youtube.com/watch?v=1NluHw-tnt0,Making Witchy Wax Candles - A satisfying & mystical Process of Sculpting with Wax - PATH LAB,538.0,storyboard,4,32.12,40.15,8.03,https://youtu.be/1NluHw-tnt0?t=32s,pour_wax,assemble,1,0.45,Hand-dipping wicks into yellow wax to build taper candles.,"Hand-dipping wicks into yellow wax to build taper candles. captioned, steady, low-motion shot, well-lit, beige/amber palette (#b8bcac, #a3a26c). assemble phase, ~6% in, 0:32–0:40.",eeu umbate eees 4 ih Kf laa WS iG,1,0.0,0.051,0.061,0.671,0.15,"#b8bcac,#a3a26c,#625b38",1,,
1NluHw-tnt0,https://www.youtube.com/watch?v=1NluHw-tnt0,Making Witchy Wax Candles - A satisfying & mystical Process of Sculpting with Wax - PATH LAB,538.0,storyboard,7,56.21,64.24,8.03,https://youtu.be/1NluHw-tnt0?t=56s,pour_wax,assemble,1,0.45,Hand-dipping wicks into yellow wax to build taper candles.,"Hand-dipping wicks into yellow wax to build taper candles. steady, low-motion shot, bright, muted cream/beige palette (#dadcd9, #c0c2b8). assemble phase, ~10% in, 0:56–1:04.",,0,0.0,0.018,0.093,0.754,0.068,"#dadcd9,#c0c2b8,#959483",1,,
1NluHw-tnt0,https://www.youtube.com/watch?v=1NluHw-tnt0,Making Witchy Wax Candles - A satisfying & mystical Process of Sculpting with Wax - PATH LAB,538.0,storyboard,8,64.24,72.27,8.03,https://youtu.be/1NluHw-tnt0?t=64s,pour_wax,assemble,1,0.45,Hand-dipping wicks into yellow wax to build taper candles.,"Hand-dipping wicks into yellow wax to build taper candles. moderate on-screen movement, well-lit, muted grey/beige palette (#807e6a, #aeb09f). assemble phase, ~12% in, 1:04–1:12.",4 7 aa,0,0.0,0.068,0.318,0.561,0.065,"#807e6a,#aeb09f,#434238",1,,
1NluHw-tnt0,https://www.youtube.com/watch?v=1NluHw-tnt0,Making Witchy Wax Candles - A satisfying & mystical Process of Sculpting with Wax - PATH LAB,538.0,storyboard,11,88.33,96.36,8.03,https://youtu.be/1NluHw-tnt0?t=88s,pour_wax,assemble,1,0.45,Hand-dipping wicks into yellow wax to build taper candles.,"Hand-dipping wicks into yellow wax to build taper candles. captioned, steady, low-motion shot, dim, muted brown/grey palette (#676553, #9f9f8f). assemble phase, ~16% in, 1:28–1:36.","aa er, SS wn ae",1,0.0,0.087,0.103,0.38,0.093,"#676553,#9f9f8f,#2e2f23",1,,
1NluHw-tnt0,https://www.youtube.com/watch?v=1NluHw-tnt0,Making Witchy Wax Candles - A satisfying & mystical Process of Sculpting with Wax - PATH LAB,538.0,storyboard,14,112.42,120.45,8.03,https://youtu.be/1NluHw-tnt0?t=112s,pour_wax,assemble,1,0.45,Hand-dipping wicks into yellow wax to build taper candles.,"Hand-dipping wicks into yellow wax to build taper candles. captioned, moderate on-screen movement, well-lit, muted grey palette (#8f9286, #6e6f61). assemble phase, ~21% in, 1:52–2:00.","NS Ze Bi Oe Ae mh hos Ni eS ey, Nes ee at Sas",1,0.0,0.089,0.219,0.406,0.059,"#8f9286,#6e6f61,#393c31",1,,
1NluHw-tnt0,https://www.youtube.com/watch?v=1NluHw-tnt0,Making Witchy Wax Candles - A satisfying & mystical Process of Sculpting with Wax - PATH LAB,538.0,storyboard,15,120.45,128.48,8.03,https://youtu.be/1NluHw-tnt0?t=120s,pour_wax,assemble,1,0.4,Dipped tapers hung to cool between coats.,"Dipped tapers hung to cool between coats. captioned, steady, low-motion shot, dim, muted brown/grey palette (#636352, #989887). assemble phase, ~22% in, 2:00–2:08.",AN aa re fo Se sh,1,0.0,0.082,0.111,0.397,0.065,"#636352,#989887,#282b21",1,,
1NluHw-tnt0,https://www.youtube.com/watch?v=1NluHw-tnt0,Making Witchy Wax Candles - A satisfying & mystical Process of Sculpting with Wax - PATH LAB,538.0,storyboard,16,128.48,136.51,8.03,https://youtu.be/1NluHw-tnt0?t=128s,pour_wax,assemble,1,0.45,Hand-dipping wicks into yellow wax to build taper candles.,"Hand-dipping wicks into yellow wax to build taper candles. static shot, well-lit, muted brown/grey palette (#636453, #989887). assemble phase, ~24% in, 2:08–2:16.",GALS sh,0,0.0,0.084,0.026,0.408,0.066,"#636453,#989887,#292d21",1,,
1NluHw-tnt0,https://www.youtube.com/watch?v=1NluHw-tnt0,Making Witchy Wax Candles - A satisfying & mystical Process of Sculpting with Wax - PATH LAB,538.0,storyboard,17,136.51,144.54,8.03,https://youtu.be/1NluHw-tnt0?t=137s,pour_wax,assemble,1,0.45,Hand-dipping wicks into yellow wax to build taper candles.,"Hand-dipping wicks into yellow wax to build taper candles. captioned, static shot, well-lit, muted brown/grey palette (#626252, #999887). assemble phase, ~25% in, 2:16–2:24.",7 Re Ss FS we: eS,1,0.0,0.09,0.0,0.409,0.067,"#626252,#999887,#282a21",1,,
1NluHw-tnt0,https://www.youtube.com/watch?v=1NluHw-tnt0,Making Witchy Wax Candles - A satisfying & mystical Process of Sculpting with Wax - PATH LAB,538.0,storyboard,18,144.54,152.57,8.03,https://youtu.be/1NluHw-tnt0?t=145s,pour_wax,assemble,1,0.4,Dipped tapers hung to cool between coats.,"Dipped tapers hung to cool between coats. captioned, static shot, well-lit, muted grey palette (#939281, #666657). assemble phase, ~27% in, 2:24–2:32.",See AN ea BASS fo es Se sia,1,0.0,0.09,0.03,0.406,0.068,"#939281,#666657,#2b2e23",1,,
1NluHw-tnt0,https://www.youtube.com/watch?v=1NluHw-tnt0,Making Witchy Wax Candles - A satisfying & mystical Process of Sculpting with Wax - PATH LAB,538.0,storyboard,19,152.57,160.6,8.03,https://youtu.be/1NluHw-tnt0?t=153s,pour_wax,assemble,1,0.45,Hand-dipping wicks into yellow wax to build taper candles.,"Hand-dipping wicks into yellow wax to build taper candles. captioned, moderate on-screen movement, well-lit, muted brown/grey palette (#646553, #938d7a). assemble phase, ~28% in, 2:32–2:40.",vs APY Ps ei aS Sa 4 weed iff 7,1,0.0,0.068,0.163,0.403,0.075,"#646553,#938d7a,#2b2e22",1,,
1NluHw-tnt0,https://www.youtube.com/watch?v=1NluHw-tnt0,Making Witchy Wax Candles - A satisfying & mystical Process of Sculpting with Wax - PATH LAB,538.0,storyboard,20,160.6,168.63,8.03,https://youtu.be/1NluHw-tnt0?t=161s,pour_wax,assemble,1,0.45,Hand-dipping wicks into yellow wax to build taper candles.,"Hand-dipping wicks into yellow wax to build taper candles. captioned, moderate on-screen movement, dim, muted grey/brown palette (#959080, #5e5e4f). assemble phase, ~30% in, 2:40–2:48.","AN 2 pi, Pp FT",1,0.0,0.077,0.167,0.398,0.08,"#959080,#5e5e4f,#24261d",1,,
1NluHw-tnt0,https://www.youtube.com/watch?v=1NluHw-tnt0,Making Witchy Wax Candles - A satisfying & mystical Process of Sculpting with Wax - PATH LAB,538.0,storyboard,21,168.63,176.66,8.03,https://youtu.be/1NluHw-tnt0?t=169s,pour_wax,assemble,1,0.4,Dipped tapers hung to cool between coats.,"Dipped tapers hung to cool between coats. static shot, dim, muted grey/brown palette (#86897b, #565a4c). assemble phase, ~31% in, 2:48–2:56.",Wi,0,0.0,0.059,0.0,0.383,0.058,"#86897b,#565a4c,#181d17",1,,
1NluHw-tnt0,https://www.youtube.com/watch?v=1NluHw-tnt0,Making Witchy Wax Candles - A satisfying & mystical Process of Sculpting with Wax - PATH LAB,538.0,storyboard,22,176.66,184.69,8.03,https://youtu.be/1NluHw-tnt0?t=177s,pour_wax,assemble,1,0.45,Hand-dipping wicks into yellow wax to build taper candles.,"Hand-dipping wicks into yellow wax to build taper candles. captioned, moderate on-screen movement, dim, muted grey/brown palette (#969482, #565647). assemble phase, ~33% in, 2:56–3:04.",if NS Ss 4 2 Ge 4 pe Nes wi 4 7,1,0.0,0.04,0.224,0.344,0.082,"#969482,#565647,#1e231b",1,,
1NluHw-tnt0,https://www.youtube.com/watch?v=1NluHw-tnt0,Making Witchy Wax Candles - A satisfying & mystical Process of Sculpting with Wax - PATH LAB,538.0,storyboard,23,184.69,192.72,8.03,https://youtu.be/1NluHw-tnt0?t=185s,pour_wax,assemble,1,0.45,Hand-dipping wicks into yellow wax to build taper candles.,"Hand-dipping wicks into yellow wax to build taper candles. captioned, static shot, dim, muted brown/grey palette (#565748, #8b8674). assemble phase, ~34% in, 3:04–3:12.","wae 2 5 ey Pog rx wa, oe oe 4 if oe Kix ae Af es AY NS SS LP ST 4 ti See ia we",1,0.0,0.087,0.046,0.354,0.075,"#565748,#8b8674,#24271c",1,,
1NluHw-tnt0,https://www.youtube.com/watch?v=1NluHw-tnt0,Making Witchy Wax Candles - A satisfying & mystical Process of Sculpting with Wax - PATH LAB,538.0,storyboard,24,192.72,200.75,8.03,https://youtu.be/1NluHw-tnt0?t=193s,pour_wax,assemble,1,0.5,Hand-dipping wicks into the molten-wax tank to build tapers.,"Hand-dipping wicks into the molten-wax tank to build tapers. captioned, steady, low-motion shot, dim, muted brown/grey palette (#5c5e4e, #8d8d7e). assemble phase, ~36% in, 3:12–3:20.",Bi EZ. gt Si Ww Ze. 5 Nes aX ie 7 wt,1,0.0,0.069,0.065,0.366,0.073,"#5c5e4e,#8d8d7e,#25291f",1,,
1NluHw-tnt0,https://www.youtube.com/watch?v=1NluHw-tnt0,Making Witchy Wax Candles - A satisfying & mystical Process of Sculpting with Wax - PATH LAB,538.0,storyboard,25,200.75,208.78,8.03,https://youtu.be/1NluHw-tnt0?t=201s,pour_wax,assemble,1,0.5,Hand-dipping wicks into the molten-wax tank to build tapers.,"Hand-dipping wicks into the molten-wax tank to build tapers. captioned, static shot, dim, muted brown/grey palette (#5e6050, #91917f). assemble phase, ~37% in, 3:20–3:28.",AX SS age 2 el 2 2 AC,1,0.0,0.078,0.0,0.391,0.078,"#5e6050,#91917f,#2a2e23",1,,
1NluHw-tnt0,https://www.youtube.com/watch?v=1NluHw-tnt0,Making Witchy Wax Candles - A satisfying & mystical Process of Sculpting with Wax - PATH LAB,538.0,storyboard,26,208.78,216.81,8.03,https://youtu.be/1NluHw-tnt0?t=209s,pour_wax,assemble,1,0.5,Dipped tapers cooling between coats.,"Dipped tapers cooling between coats. captioned, static shot, dim, muted brown/grey palette (#5d5f4e, #8a8c7c). assemble phase, ~39% in, 3:28–3:36.",NS eS Ben. ay An ae et ascea. VY 7 SZ tian ZA Ns 2 we we 4,1,0.0,0.092,0.032,0.388,0.077,"#5d5f4e,#8a8c7c,#282c21",1,,
1NluHw-tnt0,https://www.youtube.com/watch?v=1NluHw-tnt0,Making Witchy Wax Candles - A satisfying & mystical Process of Sculpting with Wax - PATH LAB,538.0,storyboard,27,216.81,224.84,8.03,https://youtu.be/1NluHw-tnt0?t=217s,pour_wax,assemble,1,0.5,Hand-dipping wicks into the molten-wax tank to build tapers.,"Hand-dipping wicks into the molten-wax tank to build tapers. captioned, steady, low-motion shot, dim, muted brown/black palette (#666553, #282c22). assemble phase, ~40% in, 3:36–3:44.",Tt yA nS 4 oe Ys Ne SS by Ge ie 7,1,0.0,0.067,0.106,0.375,0.091,"#666553,#282c22,#a89f85",1,,
1NluHw-tnt0,https://www.youtube.com/watch?v=1NluHw-tnt0,Making Witchy Wax Candles - A satisfying & mystical Process of Sculpting with Wax - PATH LAB,538.0,storyboard,28,224.84,232.87,8.03,https://youtu.be/1NluHw-tnt0?t=225s,pour_wax,assemble,1,0.5,Dipped tapers cooling between coats.,"Dipped tapers cooling between coats. captioned, moderate on-screen movement, dim, muted brown/black palette (#5b6253, #2d332a). assemble phase, ~42% in, 3:44–3:52.",be SA ZF Ns ah ge yg 3,1,0.0,0.078,0.158,0.367,0.068,"#5b6253,#2d332a,#818778",1,,
1NluHw-tnt0,https://www.youtube.com/watch?v=1NluHw-tnt0,Making Witchy Wax Candles - A satisfying & mystical Process of Sculpting with Wax - PATH LAB,538.0,storyboard,32,256.96,264.99,8.03,https://youtu.be/1NluHw-tnt0?t=257s,pour_wax,assemble,1,0.5,Hand-dipping wicks into the molten-wax tank to build tapers.,"Hand-dipping wicks into the molten-wax tank to build tapers. captioned, steady, low-motion shot, dim, muted brown/grey palette (#494e41, #777d6d). assemble phase, ~48% in, 4:16–4:24.",SY pis Fz SS SS EE Ss SS Ja aN af 4 el. SG ae Vi Fa Ves ol ees ft,1,0.0,0.071,0.082,0.341,0.067,"#494e41,#777d6d,#1f241c",1,,
1NluHw-tnt0,https://www.youtube.com/watch?v=1NluHw-tnt0,Making Witchy Wax Candles - A satisfying & mystical Process of Sculpting with Wax - PATH LAB,538.0,storyboard,34,273.01,281.04,8.03,https://youtu.be/1NluHw-tnt0?t=273s,pour_wax,assemble,1,0.5,Dipped tapers cooling between coats.,"Dipped tapers cooling between coats. captioned, moderate on-screen movement, dim, muted brown/black palette (#545749, #21261e). assemble phase, ~51% in, 4:33–4:41.",ie 2 Di 3,1,0.0,0.101,0.195,0.335,0.074,"#545749,#21261e,#a79a7a",1,,
1NluHw-tnt0,https://www.youtube.com/watch?v=1NluHw-tnt0,Making Witchy Wax Candles - A satisfying & mystical Process of Sculpting with Wax - PATH LAB,538.0,storyboard,35,281.04,289.07,8.03,https://youtu.be/1NluHw-tnt0?t=281s,pour_wax,assemble,1,0.5,Hand-dipping wicks into the molten-wax tank to build tapers.,"Hand-dipping wicks into the molten-wax tank to build tapers. captioned, steady, low-motion shot, dim, muted brown/black palette (#5a5d51, #22271f). assemble phase, ~52% in, 4:41–4:49.","wt Le REN, Pa at bo pee es ste! Soa 6",1,0.0,0.118,0.127,0.332,0.086,"#5a5d51,#22271f,#b0a690",1,,
1NluHw-tnt0,https://www.youtube.com/watch?v=1NluHw-tnt0,Making Witchy Wax Candles - A satisfying & mystical Process of Sculpting with Wax - PATH LAB,538.0,storyboard,36,289.07,297.1,8.03,https://youtu.be/1NluHw-tnt0?t=289s,pour_wax,assemble,1,0.5,Dipped tapers cooling between coats.,"Dipped tapers cooling between coats. captioned, moderate on-screen movement, dim, muted brown/black palette (#555a4c, #262b22). assemble phase, ~54% in, 4:49–4:57.",Ao She Zi FA,1,0.0,0.125,0.166,0.342,0.092,"#555a4c,#262b22,#aea084",1,,
1NluHw-tnt0,https://www.youtube.com/watch?v=1NluHw-tnt0,Making Witchy Wax Candles - A satisfying & mystical Process of Sculpting with Wax - PATH LAB,538.0,storyboard,37,297.1,305.13,8.03,https://youtu.be/1NluHw-tnt0?t=297s,pour_wax,assemble,1,0.5,Hand-dipping wicks into the molten-wax tank to build tapers.,"Hand-dipping wicks into the molten-wax tank to build tapers. captioned, static shot, dim, muted brown/black palette (#575b4c, #22261f). assemble phase, ~55% in, 4:57–5:05.",ee Ze ae Zr,1,0.0,0.125,0.0,0.31,0.075,"#575b4c,#22261f,#b1a489",1,,
1NluHw-tnt0,https://www.youtube.com/watch?v=1NluHw-tnt0,Making Witchy Wax Candles - A satisfying & mystical Process of Sculpting with Wax - PATH LAB,538.0,storyboard,38,305.13,313.16,8.03,https://youtu.be/1NluHw-tnt0?t=305s,pour_wax,assemble,1,0.5,Dipped tapers cooling between coats.,"Dipped tapers cooling between coats. captioned, steady, low-motion shot, dim, muted brown/black palette (#5a6052, #222720). assemble phase, ~57% in, 5:05–5:13.",LEE ae 2 7 Ff ere eros 1 veins ee ay Lied he oe NS 3 hie 5 7 Rt is,1,0.0,0.133,0.122,0.326,0.066,"#5a6052,#222720,#a0a097",1,,
1NluHw-tnt0,https://www.youtube.com/watch?v=1NluHw-tnt0,Making Witchy Wax Candles - A satisfying & mystical Process of Sculpting with Wax - PATH LAB,538.0,storyboard,40,321.19,329.22,8.03,https://youtu.be/1NluHw-tnt0?t=321s,pour_wax,assemble,1,0.5,Dipped tapers cooling between coats.,"Dipped tapers cooling between coats. steady, low-motion shot, dim, muted brown/black palette (#55594a, #21261d). assemble phase, ~60% in, 5:21–5:29.",1 oe if,0,0.0,0.116,0.113,0.37,0.098,"#55594a,#21261d,#beae8c",1,,
1NluHw-tnt0,https://www.youtube.com/watch?v=1NluHw-tnt0,Making Witchy Wax Candles - A satisfying & mystical Process of Sculpting with Wax - PATH LAB,538.0,storyboard,42,337.25,345.28,8.03,https://youtu.be/1NluHw-tnt0?t=337s,pour_wax,assemble,1,0.5,Hand-dipping wicks into the molten-wax tank to build tapers.,"Hand-dipping wicks into the molten-wax tank to build tapers. moderate on-screen movement, dim, muted brown/grey palette (#43483b, #676c5e). assemble phase, ~63% in, 5:37–5:45.",ae,0,0.0,0.147,0.181,0.327,0.075,"#43483b,#676c5e,#161b16",1,,
1NluHw-tnt0,https://www.youtube.com/watch?v=1NluHw-tnt0,Making Witchy Wax Candles - A satisfying & mystical Process of Sculpting with Wax - PATH LAB,538.0,storyboard,43,345.28,353.31,8.03,https://youtu.be/1NluHw-tnt0?t=345s,pour_wax,assemble,1,0.5,Dipped tapers cooling between coats.,"Dipped tapers cooling between coats. captioned, moderate on-screen movement, dim, muted black/brown palette (#181c16, #4d5146). assemble phase, ~64% in, 5:45–5:53.",mm ae Se 4 ay aa,1,0.0,0.094,0.193,0.299,0.069,"#181c16,#4d5146,#a9987c",1,,
1NluHw-tnt0,https://www.youtube.com/watch?v=1NluHw-tnt0,Making Witchy Wax Candles - A satisfying & mystical Process of Sculpting with Wax - PATH LAB,538.0,storyboard,44,353.31,361.34,8.03,https://youtu.be/1NluHw-tnt0?t=353s,pour_wax,assemble,1,0.5,Hand-dipping wicks into the molten-wax tank to build tapers.,"Hand-dipping wicks into the molten-wax tank to build tapers. captioned, steady, low-motion shot, dim, muted brown/black palette (#4f5449, #171b15). assemble phase, ~66% in, 5:53–6:01.",7 Zot wee Int ay,1,0.0,0.053,0.114,0.283,0.077,"#4f5449,#171b15,#a19679",1,,
1NluHw-tnt0,https://www.youtube.com/watch?v=1NluHw-tnt0,Making Witchy Wax Candles - A satisfying & mystical Process of Sculpting with Wax - PATH LAB,538.0,storyboard,45,361.34,369.37,8.03,https://youtu.be/1NluHw-tnt0?t=361s,pour_wax,assemble,1,0.5,Hand-dipping wicks into the molten-wax tank to build tapers.,"Hand-dipping wicks into the molten-wax tank to build tapers. captioned, static shot, dim, muted brown/black palette (#4b5044, #151a13). assemble phase, ~67% in, 6:01–6:09.","YY ae ae ua SR, 4",1,0.0,0.068,0.0,0.251,0.047,"#4b5044,#151a13,#7e7f6c",1,,
1NluHw-tnt0,https://www.youtube.com/watch?v=1NluHw-tnt0,Making Witchy Wax Candles - A satisfying & mystical Process of Sculpting with Wax - PATH LAB,538.0,storyboard,46,369.37,377.4,8.03,https://youtu.be/1NluHw-tnt0?t=369s,pour_wax,assemble,1,0.5,Dipped tapers cooling between coats.,"Dipped tapers cooling between coats. captioned, steady, low-motion shot, dim, muted brown/black palette (#51554a, #1b1f18). assemble phase, ~69% in, 6:09–6:17.","ay st se if, Vcote WN ae",1,0.0,0.054,0.116,0.284,0.079,"#51554a,#1b1f18,#b09d7f",1,,
1NluHw-tnt0,https://www.youtube.com/watch?v=1NluHw-tnt0,Making Witchy Wax Candles - A satisfying & mystical Process of Sculpting with Wax - PATH LAB,538.0,storyboard,47,377.4,385.43,8.03,https://youtu.be/1NluHw-tnt0?t=377s,pour_wax,assemble,1,0.5,Hand-dipping wicks into the molten-wax tank to build tapers.,"Hand-dipping wicks into the molten-wax tank to build tapers. steady, low-motion shot, dim, muted black/brown palette (#161a15, #51564a). assemble phase, ~70% in, 6:17–6:25.",Ry fe,0,0.0,0.037,0.065,0.293,0.08,"#161a15,#51564a,#c1b593",1,,
1NluHw-tnt0,https://www.youtube.com/watch?v=1NluHw-tnt0,Making Witchy Wax Candles - A satisfying & mystical Process of Sculpting with Wax - PATH LAB,538.0,storyboard,50,401.49,409.52,8.03,https://youtu.be/1NluHw-tnt0?t=401s,pour_wax,assemble,1,0.5,Hand-dipping wicks into the molten-wax tank to build tapers.,"Hand-dipping wicks into the molten-wax tank to build tapers. captioned, moderate on-screen movement, dim, muted black/brown palette (#1c221b, #585d4e). assemble phase, ~75% in, 6:41–6:49.",vp Lf as- out ag 7,1,0.0,0.056,0.208,0.338,0.06,"#1c221b,#585d4e,#98a292",1,,
1NluHw-tnt0,https://www.youtube.com/watch?v=1NluHw-tnt0,Making Witchy Wax Candles - A satisfying & mystical Process of Sculpting with Wax - PATH LAB,538.0,storyboard,51,409.52,417.55,8.03,https://youtu.be/1NluHw-tnt0?t=410s,pour_wax,assemble,1,0.5,Hand-dipping wicks into the molten-wax tank to build tapers.,"Hand-dipping wicks into the molten-wax tank to build tapers. captioned, moderate on-screen movement, dim, muted black/beige palette (#20261e, #a5ae9b). assemble phase, ~76% in, 6:49–6:57.",fe wi 7 ai WP ge 1,1,0.0,0.056,0.195,0.337,0.066,"#20261e,#a5ae9b,#6a6d59",1,,
1NluHw-tnt0,https://www.youtube.com/watch?v=1NluHw-tnt0,Making Witchy Wax Candles - A satisfying & mystical Process of Sculpting with Wax - PATH LAB,538.0,storyboard,52,417.55,425.58,8.03,https://youtu.be/1NluHw-tnt0?t=418s,pour_wax,assemble,1,0.5,Hand-dipping wicks into the molten-wax tank to build tapers.,"Hand-dipping wicks into the molten-wax tank to build tapers. captioned, moderate on-screen movement, dim, muted black/brown palette (#21261e, #4f5646). assemble phase, ~78% in, 6:57–7:05.",iat eee pI rf 3 SY SS Ey,1,0.0,0.071,0.202,0.341,0.066,"#21261e,#4f5646,#939984",1,,
1NluHw-tnt0,https://www.youtube.com/watch?v=1NluHw-tnt0,Making Witchy Wax Candles - A satisfying & mystical Process of Sculpting with Wax - PATH LAB,538.0,storyboard,54,433.61,441.64,8.03,https://youtu.be/1NluHw-tnt0?t=434s,pour_wax,assemble,1,0.5,Hand-dipping wicks into the molten-wax tank to build tapers.,"Hand-dipping wicks into the molten-wax tank to build tapers. captioned, static shot, dim, muted brown/black palette (#484f40, #1b2019). assemble phase, ~81% in, 7:13–7:21.",heen 4 ae yy 2 fn 1 1 ee 1,1,0.0,0.095,0.032,0.297,0.068,"#484f40,#1b2019,#838c78",1,,
1NluHw-tnt0,https://www.youtube.com/watch?v=1NluHw-tnt0,Making Witchy Wax Candles - A satisfying & mystical Process of Sculpting with Wax - PATH LAB,538.0,storyboard,55,441.64,449.67,8.03,https://youtu.be/1NluHw-tnt0?t=442s,pour_wax,assemble,1,0.5,Hand-dipping wicks into the molten-wax tank to build tapers.,"Hand-dipping wicks into the molten-wax tank to build tapers. captioned, moderate on-screen movement, dim, muted brown/black palette (#3d4437, #151a14). assemble phase, ~82% in, 7:21–7:29.",yee 1 Cae,1,0.0,0.075,0.163,0.269,0.061,"#3d4437,#151a14,#7f826e",1,,
1NluHw-tnt0,https://www.youtube.com/watch?v=1NluHw-tnt0,Making Witchy Wax Candles - A satisfying & mystical Process of Sculpting with Wax - PATH LAB,538.0,storyboard,56,449.67,457.7,8.03,https://youtu.be/1NluHw-tnt0?t=450s,pour_wax,assemble,1,0.5,Hand-dipping wicks into the molten-wax tank to build tapers.,"Hand-dipping wicks into the molten-wax tank to build tapers. captioned, steady, low-motion shot, dim, muted brown/black palette (#3b4134, #151b14). assemble phase, ~84% in, 7:29–7:37.",Ys ay ar pa ot fi Ee ms YN al 4 aN we Be,1,0.0,0.045,0.121,0.24,0.067,"#3b4134,#151b14,#787e6c",1,,
1NluHw-tnt0,https://www.youtube.com/watch?v=1NluHw-tnt0,Making Witchy Wax Candles - A satisfying & mystical Process of Sculpting with Wax - PATH LAB,538.0,storyboard,57,457.7,465.73,8.03,https://youtu.be/1NluHw-tnt0?t=458s,pour_wax,assemble,1,0.5,Hand-dipping wicks into the molten-wax tank to build tapers.,"Hand-dipping wicks into the molten-wax tank to build tapers. static shot, dim, muted black/brown palette (#171c15, #444a3c). assemble phase, ~85% in, 7:37–7:45.",oe,0,0.0,0.057,0.0,0.218,0.064,"#171c15,#444a3c,#979378",1,,
1V3hfxo7OtE,https://www.youtube.com/watch?v=1V3hfxo7OtE,Candle Making | How to Make Scented Candles,508.0,storyboard,45,357.19,365.12,7.93,https://youtu.be/1V3hfxo7OtE?t=357s,pour_wax,assemble,1,0.5,overhead pouring setup,"overhead pouring setup. Pouring the melted wax from the pitcher into the prepared container. static shot, well-lit, beige/brown palette (#c3bcaf, #843f2d). assemble phase, ~70% in, 5:57–6:05.",,0,0.0,0.006,0.045,0.628,0.226,"#c3bcaf,#843f2d,#b28a79",1,,
1V3hfxo7OtE,https://www.youtube.com/watch?v=1V3hfxo7OtE,Candle Making | How to Make Scented Candles,508.0,storyboard,46,365.12,373.06,7.94,https://youtu.be/1V3hfxo7OtE?t=365s,pour_wax,assemble,1,0.6,overhead red pot pouring wax,"overhead red pot pouring wax. static shot, well-lit, beige/grey palette (#cfbdac, #956b51). assemble phase, ~72% in, 6:05–6:13.",,0,0.0,0.016,0.0,0.603,0.242,"#cfbdac,#956b51,#891a1a",1,,
1V3hfxo7OtE,https://www.youtube.com/watch?v=1V3hfxo7OtE,Candle Making | How to Make Scented Candles,508.0,storyboard,47,373.06,381.0,7.94,https://youtu.be/1V3hfxo7OtE?t=373s,pour_wax,assemble,1,0.6,overhead pouring into containers,"overhead pouring into containers. lots of on-screen movement, well-lit, brown/black palette (#4f4840, #381d18). assemble phase, ~73% in, 6:13–6:21.",,0,0.0,0.016,0.36,0.439,0.161,"#4f4840,#381d18,#92877f",1,,
1V3hfxo7OtE,https://www.youtube.com/watch?v=1V3hfxo7OtE,Candle Making | How to Make Scented Candles,508.0,storyboard,51,404.81,412.75,7.94,https://youtu.be/1V3hfxo7OtE?t=405s,pour_wax,assemble,1,0.45,"overhead pouring, oven mitt","overhead pouring, oven mitt. captioned, steady, low-motion shot, well-lit, grey/beige palette (#8c8374, #aea59b). assemble phase, ~80% in, 6:44–6:52.",an oN +e--e Sinan ae ae Bee Senne reel 404 sfagih oe oe epajt hey! tia ey SS ateiei's 442 Cap eae thea eyes al nag 2 tahoe 1 25 rights 1 siBigh wer Fee. Se ae. 5 Al 7 es Brae ctsasags Are te rf thie S,1,0.0,0.026,0.14,0.528,0.193,"#8c8374,#aea59b,#754642",1,,
1tDWhMxtEqU,https://www.youtube.com/watch?v=1tDWhMxtEqU,Easiest Beeswax Candle Recipe | How to Make a Beeswax Candle,512.0,storyboard,39,312.0,320.0,8.0,https://youtu.be/1tDWhMxtEqU?t=312s,pour_wax,assemble,1,0.5,Pouring wax into the jars.,"Pouring wax into the jars. captioned, steady, low-motion shot, well-lit, muted grey/brown palette (#908277, #4c443a). assemble phase, ~61% in, 5:12–5:20.",4 do De ie ee iy,1,0.0,0.032,0.105,0.526,0.113,"#908277,#4c443a,#e8e8e4",1,,
1tDWhMxtEqU,https://www.youtube.com/watch?v=1tDWhMxtEqU,Easiest Beeswax Candle Recipe | How to Make a Beeswax Candle,512.0,storyboard,43,344.0,352.0,8.0,https://youtu.be/1tDWhMxtEqU?t=344s,pour_wax,assemble,1,0.5,Pouring wax into the jars.,"Pouring wax into the jars. captioned, moderate on-screen movement, well-lit, muted beige/brown palette (#bdb4b4, #695f48). assemble phase, ~67% in, 5:44–5:52.",hg? pS 4 iy 3 Logs ae si ee 2.,1,0.0,0.137,0.28,0.698,0.144,"#bdb4b4,#695f48,#b2a269",1,,
1tDWhMxtEqU,https://www.youtube.com/watch?v=1tDWhMxtEqU,Easiest Beeswax Candle Recipe | How to Make a Beeswax Candle,512.0,storyboard,44,352.0,360.0,8.0,https://youtu.be/1tDWhMxtEqU?t=352s,pour_wax,assemble,1,0.5,Pouring wax into the jars.,"Pouring wax into the jars. static shot, bright, muted white/beige palette (#f1f1f2, #cfbbad). assemble phase, ~69% in, 5:52–6:00.",,0,0.0,0.176,0.038,0.815,0.118,"#f1f1f2,#cfbbad,#85735d",1,,
1tDWhMxtEqU,https://www.youtube.com/watch?v=1tDWhMxtEqU,Easiest Beeswax Candle Recipe | How to Make a Beeswax Candle,512.0,storyboard,45,360.0,368.0,8.0,https://youtu.be/1tDWhMxtEqU?t=360s,pour_wax,assemble,1,0.5,Pouring wax into the jars.,"Pouring wax into the jars. moderate on-screen movement, bright, muted white/beige palette (#f9f7f6, #d6c7b8). assemble phase, ~70% in, 6:00–6:08.",Le,0,0.0,0.116,0.192,0.834,0.119,"#f9f7f6,#d6c7b8,#95776a",1,,
2KbmlOnPJnU,https://www.youtube.com/watch?v=2KbmlOnPJnU,How To Make an INFINITE CANDLE Wick – Burns Forever!,151.0,storyboard,11,87.42,95.37,7.95,https://youtu.be/2KbmlOnPJnU?t=87s,pour_wax,assemble,1,0.4,Oil is added to the metal cup to fuel the float wick.,"Oil is added to the metal cup to fuel the float wick. steady, low-motion shot, dim, muted brown/black palette (#57453a, #2b1f16). assemble phase, ~58% in, 1:27–1:35.",,0,0.0,0.009,0.091,0.321,0.106,"#57453a,#2b1f16,#817e6f",1,,
2ZagX6xiRog,https://www.youtube.com/watch?v=2ZagX6xiRog,How to Make Candles in Jars : Basic Candle Making,102.0,storyboard,10,78.46,86.31,7.85,https://youtu.be/2ZagX6xiRog?t=78s,pour_wax,assemble,1,0.5,Yellow wax filling the jar.,"Yellow wax filling the jar. moderate on-screen movement, dim, black/yellow palette (#15160d, #dbd851). assemble phase, ~77% in, 1:18–1:26.",,0,0.0,0.007,0.189,0.346,0.244,"#15160d,#dbd851,#8f8a45",1,,
2nxGLwe1Znk,https://www.youtube.com/watch?v=2nxGLwe1Znk,DIY Mason Jar Candles | How to Make Mason Jar Candles,147.0,storyboard,12,98.0,106.17,8.17,https://youtu.be/2nxGLwe1Znk?t=98s,pour_wax,assemble,1,0.55,Pouring wax into a mason jar.,"Pouring wax into a mason jar. steady, low-motion shot, bright, muted white/cream palette (#ecf3ef, #dbdad3). assemble phase, ~67% in, 1:38–1:46.",fk,0,0.0,0.024,0.052,0.875,0.086,"#ecf3ef,#dbdad3,#b69287",1,,
2nxGLwe1Znk,https://www.youtube.com/watch?v=2nxGLwe1Znk,DIY Mason Jar Candles | How to Make Mason Jar Candles,147.0,storyboard,13,106.17,114.33,8.16,https://youtu.be/2nxGLwe1Znk?t=106s,pour_wax,assemble,1,0.5,Mason jar with wax; wick bar.,"Mason jar with wax; wick bar. steady, low-motion shot, bright, muted white/beige palette (#ebede8, #d2afa3). assemble phase, ~72% in, 1:46–1:54.",,0,0.0,0.044,0.149,0.806,0.134,"#ebede8,#d2afa3,#986058",1,,
2nxGLwe1Znk,https://www.youtube.com/watch?v=2nxGLwe1Znk,DIY Mason Jar Candles | How to Make Mason Jar Candles,147.0,storyboard,14,114.33,122.5,8.17,https://youtu.be/2nxGLwe1Znk?t=114s,pour_wax,assemble,1,0.45,Mason jars filled; hands.,"Mason jars filled; hands. steady, low-motion shot, bright, muted white/beige palette (#e9ede4, #d4b8a5). assemble phase, ~78% in, 1:54–2:02.",,0,0.0,0.044,0.097,0.819,0.124,"#e9ede4,#d4b8a5,#98645a",1,,
2rhZ7lzaU4Y,https://www.youtube.com/watch?v=2rhZ7lzaU4Y,4 Easy Candle Making for Beginners | DIY Candles,187.0,storyboard,6,48.78,56.91,8.13,https://youtu.be/2rhZ7lzaU4Y?t=49s,pour_wax,assemble,1,0.55,Coloured wax poured into a glass jar around a wick.,"Coloured wax poured into a glass jar around a wick. moderate on-screen movement, well-lit, muted cream/beige palette (#e0dee2, #beb4ae). assemble phase, ~26% in, 0:48–0:56.",,0,0.0,0.02,0.293,0.61,0.071,"#e0dee2,#beb4ae,#754e4a",1,,
2rhZ7lzaU4Y,https://www.youtube.com/watch?v=2rhZ7lzaU4Y,4 Easy Candle Making for Beginners | DIY Candles,187.0,storyboard,7,56.91,65.04,8.13,https://youtu.be/2rhZ7lzaU4Y?t=57s,pour_wax,assemble,1,0.55,A coloured layer poured into the jar.,"A coloured layer poured into the jar. steady, low-motion shot, bright, muted cream/grey palette (#dedadf, #87958d). assemble phase, ~30% in, 0:56–1:05.",4,0,0.0,0.015,0.119,0.786,0.066,"#dedadf,#87958d,#b6bcc0",1,,
2rhZ7lzaU4Y,https://www.youtube.com/watch?v=2rhZ7lzaU4Y,4 Easy Candle Making for Beginners | DIY Candles,187.0,storyboard,8,65.04,73.17,8.13,https://youtu.be/2rhZ7lzaU4Y?t=65s,pour_wax,assemble,1,0.5,Blue layer in the jar; hand at work.,"Blue layer in the jar; hand at work. moderate on-screen movement, bright, muted cream/beige palette (#dedbde, #a2a8a2). assemble phase, ~35% in, 1:05–1:13.",,0,0.0,0.04,0.157,0.761,0.092,"#dedbde,#a2a8a2,#617c89",1,,
2rhZ7lzaU4Y,https://www.youtube.com/watch?v=2rhZ7lzaU4Y,4 Easy Candle Making for Beginners | DIY Candles,187.0,storyboard,9,73.17,81.3,8.13,https://youtu.be/2rhZ7lzaU4Y?t=73s,pour_wax,assemble,1,0.5,Layered colours building in the glass jar.,"Layered colours building in the glass jar. steady, low-motion shot, bright, muted cream/beige palette (#e6e1e5, #a6aea6). assemble phase, ~39% in, 1:13–1:21.",,0,0.0,0.013,0.138,0.75,0.074,"#e6e1e5,#a6aea6,#82918b",1,,
2rhZ7lzaU4Y,https://www.youtube.com/watch?v=2rhZ7lzaU4Y,4 Easy Candle Making for Beginners | DIY Candles,187.0,storyboard,10,81.3,89.43,8.13,https://youtu.be/2rhZ7lzaU4Y?t=81s,pour_wax,assemble,1,0.4,Hands with coloured wax spheres beside the jar.,"Hands with coloured wax spheres beside the jar. steady, low-motion shot, bright, muted cream/grey palette (#e0dbdf, #98a198). assemble phase, ~43% in, 1:21–1:29.",,0,0.0,0.01,0.074,0.722,0.087,"#e0dbdf,#98a198,#70807b",1,,
2rhZ7lzaU4Y,https://www.youtube.com/watch?v=2rhZ7lzaU4Y,4 Easy Candle Making for Beginners | DIY Candles,187.0,storyboard,11,89.43,97.57,8.14,https://youtu.be/2rhZ7lzaU4Y?t=89s,pour_wax,assemble,1,0.5,Multicolour layers in the jar.,"Multicolour layers in the jar. lots of on-screen movement, well-lit, muted black/grey palette (#252e26, #5f5f5e). assemble phase, ~48% in, 1:29–1:37.",,0,0.0,0.018,0.457,0.549,0.074,"#252e26,#5f5f5e,#4a4743",1,,
2rhZ7lzaU4Y,https://www.youtube.com/watch?v=2rhZ7lzaU4Y,4 Easy Candle Making for Beginners | DIY Candles,187.0,storyboard,12,97.57,105.7,8.13,https://youtu.be/2rhZ7lzaU4Y?t=98s,pour_wax,assemble,1,0.45,Hands set/centre the wick with a white disc; jar.,"Hands set/centre the wick with a white disc; jar. moderate on-screen movement, well-lit, muted brown/grey palette (#5b483c, #856d62). assemble phase, ~52% in, 1:37–1:45.",,0,0.0,0.045,0.255,0.485,0.085,"#5b483c,#856d62,#e7cdca",1,,
2rhZ7lzaU4Y,https://www.youtube.com/watch?v=2rhZ7lzaU4Y,4 Easy Candle Making for Beginners | DIY Candles,187.0,storyboard,13,105.7,113.83,8.13,https://youtu.be/2rhZ7lzaU4Y?t=106s,pour_wax,assemble,1,0.5,More coloured wax poured into the jar.,"More coloured wax poured into the jar. captioned, moderate on-screen movement, well-lit, muted brown palette (#483330, #6c5552). assemble phase, ~57% in, 1:45–1:53.",WALeCLAYIN,1,0.333,0.078,0.245,0.46,0.083,"#483330,#6c5552,#d7baba",1,,
2rhZ7lzaU4Y,https://www.youtube.com/watch?v=2rhZ7lzaU4Y,4 Easy Candle Making for Beginners | DIY Candles,187.0,storyboard,14,113.83,121.96,8.13,https://youtu.be/2rhZ7lzaU4Y?t=114s,pour_wax,assemble,1,0.45,Red wax added to the layered jar.,"Red wax added to the layered jar. moderate on-screen movement, well-lit, muted cream/beige palette (#cacac8, #a59e9d). assemble phase, ~61% in, 1:53–2:01.",id,0,0.0,0.05,0.22,0.56,0.1,"#cacac8,#a59e9d,#652b36",1,,
2rhZ7lzaU4Y,https://www.youtube.com/watch?v=2rhZ7lzaU4Y,4 Easy Candle Making for Beginners | DIY Candles,187.0,storyboard,15,121.96,130.09,8.13,https://youtu.be/2rhZ7lzaU4Y?t=122s,pour_wax,assemble,1,0.5,Rainbow-layered jar taking shape.,"Rainbow-layered jar taking shape. captioned, moderate on-screen movement, well-lit, muted beige/cream palette (#a8a4a4, #dae1e2). assemble phase, ~65% in, 2:01–2:10.",eT aa ry,1,0.0,0.056,0.212,0.602,0.129,"#a8a4a4,#dae1e2,#554b4e",1,,
2rhZ7lzaU4Y,https://www.youtube.com/watch?v=2rhZ7lzaU4Y,4 Easy Candle Making for Beginners | DIY Candles,187.0,storyboard,16,130.09,138.22,8.13,https://youtu.be/2rhZ7lzaU4Y?t=130s,pour_wax,assemble,1,0.5,Hands pour another colour into the rainbow jar.,"Hands pour another colour into the rainbow jar. steady, low-motion shot, well-lit, cream/grey palette (#c8c9c8, #9d938b). assemble phase, ~70% in, 2:10–2:18.",,0,0.0,0.026,0.147,0.642,0.173,"#c8c9c8,#9d938b,#3f3230",1,,
2rhZ7lzaU4Y,https://www.youtube.com/watch?v=2rhZ7lzaU4Y,4 Easy Candle Making for Beginners | DIY Candles,187.0,storyboard,17,138.22,146.35,8.13,https://youtu.be/2rhZ7lzaU4Y?t=138s,pour_wax,assemble,1,0.5,Yellow layer poured into the jar.,"Yellow layer poured into the jar. captioned, moderate on-screen movement, well-lit, muted grey/brown palette (#897b78, #564d43). assemble phase, ~74% in, 2:18–2:26.",ra 4 aR hd,1,0.0,0.121,0.165,0.531,0.13,"#897b78,#564d43,#cdb9b0",1,,
2rhZ7lzaU4Y,https://www.youtube.com/watch?v=2rhZ7lzaU4Y,4 Easy Candle Making for Beginners | DIY Candles,187.0,storyboard,18,146.35,154.48,8.13,https://youtu.be/2rhZ7lzaU4Y?t=146s,pour_wax,assemble,1,0.5,Red layer poured; rainbow candle nearly done.,"Red layer poured; rainbow candle nearly done. steady, low-motion shot, bright, muted cream/beige palette (#e4e1e2, #b5a29b). assemble phase, ~78% in, 2:26–2:34.",ole,0,0.0,0.029,0.127,0.803,0.119,"#e4e1e2,#b5a29b,#744b3f",1,,
3TuI66FMaRo,https://www.youtube.com/watch?v=3TuI66FMaRo,How to make a candle using our NEW ProSoy Container Wax,183.0,storyboard,11,87.52,95.48,7.96,https://youtu.be/3TuI66FMaRo?t=88s,pour_wax,assemble,1,0.5,Pouring melted wax.,"Pouring melted wax. Pouring the melted wax from the pitcher into the prepared container. captioned, moderate on-screen movement, well-lit, muted cream/grey palette (#d4d7d9, #898e8a). assemble phase, ~48% in, 1:27–1:35.",eee? eS xe ny ae NX eee ol ae iF 240 4 EN 1. be,1,0.0,0.475,0.169,0.605,0.072,"#d4d7d9,#898e8a,#494945",1,,
3TuI66FMaRo,https://www.youtube.com/watch?v=3TuI66FMaRo,How to make a candle using our NEW ProSoy Container Wax,183.0,storyboard,12,95.48,103.43,7.95,https://youtu.be/3TuI66FMaRo?t=95s,pour_wax,assemble,1,0.45,Pouring into the glass.,"Pouring into the glass. Pouring the melted wax from the pitcher into the prepared container. captioned, moderate on-screen movement, well-lit, muted cream/grey palette (#d5d1cb, #827b74). assemble phase, ~52% in, 1:35–1:43.",7 ai fa 7 FF es rn 4 Cot ewe eR Geta os PORE oe ee Bey oe fe torte ey Some we Mewes Per Soren he Cote,1,0.0,0.167,0.255,0.66,0.09,"#d5d1cb,#827b74,#282d29",1,,
3TuI66FMaRo,https://www.youtube.com/watch?v=3TuI66FMaRo,How to make a candle using our NEW ProSoy Container Wax,183.0,storyboard,15,119.35,127.3,7.95,https://youtu.be/3TuI66FMaRo?t=119s,pour_wax,assemble,1,0.5,Glass with white wax; pouring.,"Glass with white wax; pouring. lots of on-screen movement, well-lit, muted grey/white palette (#9b7e72, #f2f6f1). assemble phase, ~65% in, 1:59–2:07.",SN,0,0.0,0.172,0.416,0.585,0.093,"#9b7e72,#f2f6f1,#36342e",1,,
3TuI66FMaRo,https://www.youtube.com/watch?v=3TuI66FMaRo,How to make a candle using our NEW ProSoy Container Wax,183.0,storyboard,16,127.3,135.26,7.96,https://youtu.be/3TuI66FMaRo?t=127s,pour_wax,assemble,1,0.5,Pouring wax into the glass.,"Pouring wax into the glass. moderate on-screen movement, well-lit, muted white/brown palette (#ebf0ec, #404238). assemble phase, ~70% in, 2:07–2:15.",ee fas,0,0.0,0.175,0.165,0.682,0.087,"#ebf0ec,#404238,#b1bcae",1,,
3TuI66FMaRo,https://www.youtube.com/watch?v=3TuI66FMaRo,How to make a candle using our NEW ProSoy Container Wax,183.0,storyboard,17,135.26,143.22,7.96,https://youtu.be/3TuI66FMaRo?t=135s,pour_wax,assemble,1,0.4,Glass of wax; wick.,"Glass of wax; wick. Pouring the melted wax from the pitcher into the prepared container. steady, low-motion shot, well-lit, muted white/brown palette (#e7ece5, #474e3a). assemble phase, ~74% in, 2:15–2:23.",is it,0,0.0,0.144,0.072,0.646,0.125,"#e7ece5,#474e3a,#b1b890",1,,
3TuI66FMaRo,https://www.youtube.com/watch?v=3TuI66FMaRo,How to make a candle using our NEW ProSoy Container Wax,183.0,storyboard,18,143.22,151.17,7.95,https://youtu.be/3TuI66FMaRo?t=143s,pour_wax,assemble,1,0.45,Finishing the pour.,"Finishing the pour. Pouring the melted wax from the pitcher into the prepared container. moderate on-screen movement, well-lit, amber/cream palette (#c79d7a, #d0d5d7). assemble phase, ~78% in, 2:23–2:31.",,0,0.0,0.108,0.292,0.645,0.166,"#c79d7a,#d0d5d7,#5e3635",1,,
40mkiCY8uMM,https://www.youtube.com/watch?v=40mkiCY8uMM,How To Make Mini 1 Oz. Soy Candles | Fall Scented Sample Candles,583.0,storyboard,0,0.0,7.99,7.99,https://youtu.be/40mkiCY8uMM?t=0s,pour_wax,assemble,1,0.45,Pouring wax into the mini tins.,"Pouring wax into the mini tins. static shot, well-lit, muted grey/beige palette (#867d6f, #b5b6b5). assemble phase, ~0% in, 0:00–0:07.",,0,0.0,0.146,0.007,0.532,0.09,"#867d6f,#b5b6b5,#312f27",1,,
40mkiCY8uMM,https://www.youtube.com/watch?v=40mkiCY8uMM,How To Make Mini 1 Oz. Soy Candles | Fall Scented Sample Candles,583.0,storyboard,1,7.99,15.97,7.98,https://youtu.be/40mkiCY8uMM?t=8s,pour_wax,assemble,1,0.5,Weighing a mini 1oz tin on a scale.,"Weighing a mini 1oz tin on a scale. static shot, well-lit, muted grey/beige palette (#877d70, #b5b7b6). assemble phase, ~1% in, 0:07–0:15.",Se ae,0,0.0,0.145,0.0,0.533,0.091,"#877d70,#b5b7b6,#333028",1,,
40mkiCY8uMM,https://www.youtube.com/watch?v=40mkiCY8uMM,How To Make Mini 1 Oz. Soy Candles | Fall Scented Sample Candles,583.0,storyboard,2,15.97,23.96,7.99,https://youtu.be/40mkiCY8uMM?t=16s,pour_wax,assemble,1,0.45,Pouring wax into the mini tins.,"Pouring wax into the mini tins. steady, low-motion shot, well-lit, muted grey/beige palette (#948378, #bfbbbc). assemble phase, ~3% in, 0:15–0:23.",Ai ved!,0,0.0,0.08,0.067,0.554,0.124,"#948378,#bfbbbc,#6c5649",1,,
40mkiCY8uMM,https://www.youtube.com/watch?v=40mkiCY8uMM,How To Make Mini 1 Oz. Soy Candles | Fall Scented Sample Candles,583.0,storyboard,3,23.96,31.95,7.99,https://youtu.be/40mkiCY8uMM?t=24s,pour_wax,assemble,1,0.5,Weighing a mini 1oz tin on a scale.,"Weighing a mini 1oz tin on a scale. steady, low-motion shot, well-lit, muted grey/beige palette (#8d8174, #b6b1b0). assemble phase, ~4% in, 0:23–0:31.",ma,0,0.0,0.107,0.069,0.535,0.126,"#8d8174,#b6b1b0,#5f4f3e",1,,
40mkiCY8uMM,https://www.youtube.com/watch?v=40mkiCY8uMM,How To Make Mini 1 Oz. Soy Candles | Fall Scented Sample Candles,583.0,storyboard,4,31.95,39.93,7.98,https://youtu.be/40mkiCY8uMM?t=32s,pour_wax,assemble,1,0.45,Pouring wax into the mini tins.,"Pouring wax into the mini tins. captioned, static shot, well-lit, muted grey/beige palette (#8c8073, #bab7b8). assemble phase, ~5% in, 0:31–0:39.",EO err iS 7 ee,1,0.0,0.145,0.045,0.544,0.098,"#8c8073,#bab7b8,#4d4134",1,,
40mkiCY8uMM,https://www.youtube.com/watch?v=40mkiCY8uMM,How To Make Mini 1 Oz. Soy Candles | Fall Scented Sample Candles,583.0,storyboard,5,39.93,47.92,7.99,https://youtu.be/40mkiCY8uMM?t=40s,pour_wax,assemble,1,0.5,Weighing a mini 1oz tin on a scale.,"Weighing a mini 1oz tin on a scale. captioned, static shot, well-lit, muted grey/beige palette (#897f70, #b7b9b8). assemble phase, ~7% in, 0:39–0:47.",wen ied me,1,0.0,0.166,0.0,0.544,0.091,"#897f70,#b7b9b8,#38332a",1,,
40mkiCY8uMM,https://www.youtube.com/watch?v=40mkiCY8uMM,How To Make Mini 1 Oz. Soy Candles | Fall Scented Sample Candles,583.0,storyboard,6,47.92,55.9,7.98,https://youtu.be/40mkiCY8uMM?t=48s,pour_wax,assemble,1,0.45,Pouring wax into the mini tins.,"Pouring wax into the mini tins. moderate on-screen movement, well-lit, muted grey/black palette (#5e5d5c, #131217). assemble phase, ~8% in, 0:47–0:55.",oy 8,0,0.0,0.104,0.248,0.434,0.078,"#5e5d5c,#131217,#c997d7",1,,
40mkiCY8uMM,https://www.youtube.com/watch?v=40mkiCY8uMM,How To Make Mini 1 Oz. Soy Candles | Fall Scented Sample Candles,583.0,storyboard,7,55.9,63.89,7.99,https://youtu.be/40mkiCY8uMM?t=56s,pour_wax,assemble,1,0.5,Weighing a mini 1oz tin on a scale.,"Weighing a mini 1oz tin on a scale. steady, low-motion shot, dim, muted grey/black palette (#615c5e, #1d191e). assemble phase, ~10% in, 0:55–1:03.",,0,0.0,0.044,0.076,0.323,0.075,"#615c5e,#1d191e,#ad8aa4",1,,
40mkiCY8uMM,https://www.youtube.com/watch?v=40mkiCY8uMM,How To Make Mini 1 Oz. Soy Candles | Fall Scented Sample Candles,583.0,storyboard,8,63.89,71.88,7.99,https://youtu.be/40mkiCY8uMM?t=64s,pour_wax,assemble,1,0.45,Pouring wax into the mini tins.,"Pouring wax into the mini tins. static shot, dim, muted grey/black palette (#5d5c5d, #16161b). assemble phase, ~11% in, 1:03–1:11.",ww wT,0,0.0,0.063,0.0,0.32,0.064,"#5d5c5d,#16161b,#bc9ecb",1,,
40mkiCY8uMM,https://www.youtube.com/watch?v=40mkiCY8uMM,How To Make Mini 1 Oz. Soy Candles | Fall Scented Sample Candles,583.0,storyboard,9,71.88,79.86,7.98,https://youtu.be/40mkiCY8uMM?t=72s,pour_wax,assemble,1,0.5,Weighing a mini 1oz tin on a scale.,"Weighing a mini 1oz tin on a scale. static shot, dim, muted grey/black palette (#5e5d5d, #17171c). assemble phase, ~12% in, 1:11–1:19.",ww,0,0.0,0.066,0.008,0.321,0.064,"#5e5d5d,#17171c,#bf9dce",1,,
40mkiCY8uMM,https://www.youtube.com/watch?v=40mkiCY8uMM,How To Make Mini 1 Oz. Soy Candles | Fall Scented Sample Candles,583.0,storyboard,10,79.86,87.85,7.99,https://youtu.be/40mkiCY8uMM?t=80s,pour_wax,assemble,1,0.45,Pouring wax into the mini tins.,"Pouring wax into the mini tins. static shot, dim, muted grey/black palette (#5e5d5d, #18171c). assemble phase, ~14% in, 1:19–1:27.",,0,0.0,0.062,0.005,0.319,0.065,"#5e5d5d,#18171c,#be9dce",1,,
40mkiCY8uMM,https://www.youtube.com/watch?v=40mkiCY8uMM,How To Make Mini 1 Oz. Soy Candles | Fall Scented Sample Candles,583.0,storyboard,11,87.85,95.84,7.99,https://youtu.be/40mkiCY8uMM?t=88s,pour_wax,assemble,1,0.5,Weighing a mini 1oz tin on a scale.,"Weighing a mini 1oz tin on a scale. static shot, dim, muted grey/black palette (#5e5d5e, #1d1c20). assemble phase, ~15% in, 1:27–1:35.",,0,0.0,0.056,0.017,0.319,0.065,"#5e5d5e,#1d1c20,#c09fcf",1,,
40mkiCY8uMM,https://www.youtube.com/watch?v=40mkiCY8uMM,How To Make Mini 1 Oz. Soy Candles | Fall Scented Sample Candles,583.0,storyboard,12,95.84,103.82,7.98,https://youtu.be/40mkiCY8uMM?t=96s,pour_wax,assemble,1,0.45,Pouring wax into the mini tins.,"Pouring wax into the mini tins. static shot, dim, muted grey/black palette (#5c5c5d, #221e21). assemble phase, ~16% in, 1:35–1:43.",ow,0,0.0,0.033,0.0,0.304,0.066,"#5c5c5d,#221e21,#b89bc6",1,,
40mkiCY8uMM,https://www.youtube.com/watch?v=40mkiCY8uMM,How To Make Mini 1 Oz. Soy Candles | Fall Scented Sample Candles,583.0,storyboard,13,103.82,111.81,7.99,https://youtu.be/40mkiCY8uMM?t=104s,pour_wax,assemble,1,0.5,Weighing a mini 1oz tin on a scale.,"Weighing a mini 1oz tin on a scale. static shot, dim, muted grey/black palette (#5d5c5c, #19191e). assemble phase, ~18% in, 1:43–1:51.",ww mes,0,0.0,0.048,0.02,0.311,0.064,"#5d5c5c,#19191e,#b89ac7",1,,
40mkiCY8uMM,https://www.youtube.com/watch?v=40mkiCY8uMM,How To Make Mini 1 Oz. Soy Candles | Fall Scented Sample Candles,583.0,storyboard,14,111.81,119.79,7.98,https://youtu.be/40mkiCY8uMM?t=112s,pour_wax,assemble,1,0.45,Pouring wax into the mini tins.,"Pouring wax into the mini tins. steady, low-motion shot, dim, muted grey/black palette (#605f5d, #141318). assemble phase, ~19% in, 1:51–1:59.",aa,0,0.0,0.031,0.053,0.32,0.073,"#605f5d,#141318,#c38cd2",1,,
40mkiCY8uMM,https://www.youtube.com/watch?v=40mkiCY8uMM,How To Make Mini 1 Oz. Soy Candles | Fall Scented Sample Candles,583.0,storyboard,44,351.4,359.38,7.98,https://youtu.be/40mkiCY8uMM?t=351s,pour_wax,assemble,1,0.5,Pouring wax into the rows of mini tins.,"Pouring wax into the rows of mini tins. steady, low-motion shot, well-lit, muted grey/brown palette (#9d9d97, #5c5956). assemble phase, ~60% in, 5:51–5:59.",,0,0.0,0.235,0.083,0.402,0.057,"#9d9d97,#5c5956,#1e1e1d",1,,
40mkiCY8uMM,https://www.youtube.com/watch?v=40mkiCY8uMM,How To Make Mini 1 Oz. Soy Candles | Fall Scented Sample Candles,583.0,storyboard,45,359.38,367.37,7.99,https://youtu.be/40mkiCY8uMM?t=359s,pour_wax,assemble,1,0.5,Pouring wax into the rows of mini tins.,"Pouring wax into the rows of mini tins. steady, low-motion shot, dim, muted grey/black palette (#6d6964, #242321). assemble phase, ~62% in, 5:59–6:07.",,0,0.0,0.225,0.088,0.399,0.053,"#6d6964,#242321,#aea7a3",1,,
40mkiCY8uMM,https://www.youtube.com/watch?v=40mkiCY8uMM,How To Make Mini 1 Oz. Soy Candles | Fall Scented Sample Candles,583.0,storyboard,52,415.29,423.27,7.98,https://youtu.be/40mkiCY8uMM?t=415s,pour_wax,assemble,1,0.5,Pouring wax into the rows of mini tins.,"Pouring wax into the rows of mini tins. static shot, well-lit, muted grey palette (#898985, #696258). assemble phase, ~71% in, 6:55–7:03.",Vz ae:,0,0.0,0.171,0.041,0.428,0.056,"#898985,#696258,#20211e",1,,
40mkiCY8uMM,https://www.youtube.com/watch?v=40mkiCY8uMM,How To Make Mini 1 Oz. Soy Candles | Fall Scented Sample Candles,583.0,storyboard,55,439.25,447.23,7.98,https://youtu.be/40mkiCY8uMM?t=439s,pour_wax,assemble,1,0.5,Pouring wax into the rows of mini tins.,"Pouring wax into the rows of mini tins. static shot, well-lit, muted grey/brown palette (#85857f, #635f57). assemble phase, ~75% in, 7:19–7:27.",pee:,0,0.0,0.17,0.035,0.425,0.046,"#85857f,#635f57,#1f1f1b",1,,
40mkiCY8uMM,https://www.youtube.com/watch?v=40mkiCY8uMM,How To Make Mini 1 Oz. Soy Candles | Fall Scented Sample Candles,583.0,storyboard,56,447.23,455.22,7.99,https://youtu.be/40mkiCY8uMM?t=447s,pour_wax,assemble,1,0.5,Pouring wax into the rows of mini tins.,"Pouring wax into the rows of mini tins. static shot, well-lit, muted grey/brown palette (#85847d, #636157). assemble phase, ~77% in, 7:27–7:35.",Ae:,0,0.0,0.175,0.019,0.423,0.04,"#85847d,#636157,#20211d",1,,
4hYoRmRDBKs,https://www.youtube.com/watch?v=4hYoRmRDBKs,How To Make Candles at Home for Beginners | Step-by-Step Tutorial,420.0,storyboard,19,153.46,161.54,8.08,https://youtu.be/4hYoRmRDBKs?t=153s,pour_wax,assemble,1,0.45,Pouring melted wax.,"Pouring melted wax. Pouring the melted wax from the pitcher into the prepared container. static shot, dim, muted black/grey palette (#191916, #666761). assemble phase, ~37% in, 2:33–2:41.",At,0,0.0,0.089,0.021,0.288,0.087,"#191916,#666761,#d0cfc7",1,,
4hYoRmRDBKs,https://www.youtube.com/watch?v=4hYoRmRDBKs,How To Make Candles at Home for Beginners | Step-by-Step Tutorial,420.0,storyboard,22,177.69,185.77,8.08,https://youtu.be/4hYoRmRDBKs?t=178s,pour_wax,assemble,1,0.45,Pouring melted wax.,"Pouring melted wax. Pouring the melted wax from the pitcher into the prepared container. captioned, steady, low-motion shot, dim, muted black/brown palette (#191915, #635d50). assemble phase, ~42% in, 2:57–3:05.",5 ny 7 eam,1,0.0,0.132,0.071,0.31,0.088,"#191915,#635d50,#b4b5b2",1,,
5SulILZNPEI,https://www.youtube.com/watch?v=5SulILZNPEI,How To Make Soy Candles DIY Candle Making Tutorial,453.0,storyboard,32,254.32,262.26,7.94,https://youtu.be/5SulILZNPEI?t=254s,pour_wax,assemble,1,0.45,overhead hands at tins,"overhead hands at tins. Pouring the melted wax from the pitcher into the prepared container. static shot, dim, muted grey/black palette (#63605e, #322a3c). assemble phase, ~56% in, 4:14–4:22.",mR,0,0.0,0.043,0.0,0.38,0.131,"#63605e,#322a3c,#cab493",1,,
5SulILZNPEI,https://www.youtube.com/watch?v=5SulILZNPEI,How To Make Soy Candles DIY Candle Making Tutorial,453.0,storyboard,33,262.26,270.21,7.95,https://youtu.be/5SulILZNPEI?t=262s,pour_wax,assemble,1,0.45,overhead pouring into tins,"overhead pouring into tins. captioned, static shot, well-lit, muted grey/beige palette (#a38e72, #d1c1a8). assemble phase, ~58% in, 4:22–4:30.",Sy CS Rece Ce ra we Ere ae ae,1,0.0,0.086,0.041,0.579,0.115,"#a38e72,#d1c1a8,#454035",1,,
5SulILZNPEI,https://www.youtube.com/watch?v=5SulILZNPEI,How To Make Soy Candles DIY Candle Making Tutorial,453.0,storyboard,37,294.05,302.0,7.95,https://youtu.be/5SulILZNPEI?t=294s,pour_wax,assemble,1,0.45,overhead pouring,"overhead pouring. Pouring the melted wax from the pitcher into the prepared container. moderate on-screen movement, well-lit, muted grey/brown palette (#736f6e, #3e3449). assemble phase, ~65% in, 4:54–5:02.",Bg 4 PS,0,0.0,0.064,0.254,0.511,0.13,"#736f6e,#3e3449,#d8c29e",1,,
647HetRAhR0,https://www.youtube.com/watch?v=647HetRAhR0,Make Candle Tins with Me! | Small Business Vlog,172.0,storyboard,9,70.36,78.18,7.82,https://youtu.be/647HetRAhR0?t=70s,pour_wax,assemble,1,0.5,Rows of black tins poured with amber wax.,"Rows of black tins poured with amber wax. captioned, static shot, well-lit, muted beige/brown palette (#a7a19d, #645f43). assemble phase, ~41% in, 1:10–1:18.","Se Be ae, LO LAE",1,0.0,0.099,0.049,0.485,0.107,"#a7a19d,#645f43,#1e1f1a",1,,
647HetRAhR0,https://www.youtube.com/watch?v=647HetRAhR0,Make Candle Tins with Me! | Small Business Vlog,172.0,storyboard,10,78.18,86.0,7.82,https://youtu.be/647HetRAhR0?t=78s,pour_wax,assemble,1,0.45,Rows of poured tins setting.,"Rows of poured tins setting. captioned, steady, low-motion shot, well-lit, muted beige/black palette (#a5a19f, #272621). assemble phase, ~45% in, 1:18–1:26.",eS Sa 2 ipa 6 se LG hm es,1,0.0,0.105,0.077,0.479,0.096,"#a5a19f,#272621,#72674e",1,,
647HetRAhR0,https://www.youtube.com/watch?v=647HetRAhR0,Make Candle Tins with Me! | Small Business Vlog,172.0,storyboard,11,86.0,93.82,7.82,https://youtu.be/647HetRAhR0?t=86s,pour_wax,assemble,1,0.5,Amber wax filling the tins.,"Amber wax filling the tins. captioned, steady, low-motion shot, well-lit, muted grey/black palette (#9b9793, #22211d). assemble phase, ~50% in, 1:26–1:33.",ee Psp coae 2,1,0.0,0.134,0.055,0.461,0.072,"#9b9793,#22211d,#675f54",1,,
6HKMsobiG74,https://www.youtube.com/watch?v=6HKMsobiG74,Most Satisfying Ocean Jelly Candle | Water Candle DIY ASMR,158.0,storyboard,3,23.7,31.6,7.9,https://youtu.be/6HKMsobiG74?t=24s,pour_wax,assemble,1,0.4,Clear jelly wax poured into the decorated glass.,"Clear jelly wax poured into the decorated glass. captioned, steady, low-motion shot, well-lit, muted grey/beige palette (#9e8b73, #a7b2ab). assemble phase, ~15% in, 0:23–0:31.",oe Madiia st ete Sede 25 Lhe wight,1,0.0,0.073,0.118,0.574,0.11,"#9e8b73,#a7b2ab,#6b6857",1,,
6HKMsobiG74,https://www.youtube.com/watch?v=6HKMsobiG74,Most Satisfying Ocean Jelly Candle | Water Candle DIY ASMR,158.0,storyboard,4,31.6,39.5,7.9,https://youtu.be/6HKMsobiG74?t=32s,pour_wax,assemble,1,0.4,The glass fills with transparent jelly wax.,"The glass fills with transparent jelly wax. captioned, steady, low-motion shot, well-lit, muted beige/grey palette (#a3b1b3, #889394). assemble phase, ~20% in, 0:31–0:39.",DSR Se 7 MY Beatie Oo we,1,0.0,0.039,0.123,0.557,0.108,"#a3b1b3,#889394,#845a55",1,,
6HKMsobiG74,https://www.youtube.com/watch?v=6HKMsobiG74,Most Satisfying Ocean Jelly Candle | Water Candle DIY ASMR,158.0,storyboard,5,39.5,47.4,7.9,https://youtu.be/6HKMsobiG74?t=40s,pour_wax,assemble,1,0.4,More decorative elements added into the jelly.,"More decorative elements added into the jelly. captioned, steady, low-motion shot, well-lit, muted grey/beige palette (#877372, #acb2b0). assemble phase, ~25% in, 0:39–0:47.",Vadwa as MOTUEKA 2 ea ba,1,0.0,0.034,0.138,0.546,0.094,"#877372,#acb2b0,#44555d",1,,
6HKMsobiG74,https://www.youtube.com/watch?v=6HKMsobiG74,Most Satisfying Ocean Jelly Candle | Water Candle DIY ASMR,158.0,storyboard,6,47.4,55.3,7.9,https://youtu.be/6HKMsobiG74?t=47s,pour_wax,assemble,1,0.4,Additional clear jelly poured to build layers.,"Additional clear jelly poured to build layers. captioned, static shot, well-lit, muted grey/beige palette (#969f9b, #b9b8ae). assemble phase, ~30% in, 0:47–0:55.","CADIS hy nese Ce, we ras er oy: ke ASS",1,0.0,0.036,0.041,0.606,0.089,"#969f9b,#b9b8ae,#63746d",1,,
6HKMsobiG74,https://www.youtube.com/watch?v=6HKMsobiG74,Most Satisfying Ocean Jelly Candle | Water Candle DIY ASMR,158.0,storyboard,7,55.3,63.2,7.9,https://youtu.be/6HKMsobiG74?t=55s,pour_wax,assemble,1,0.4,Embedding shells/figures in the jelly layer.,"Embedding shells/figures in the jelly layer. captioned, steady, low-motion shot, well-lit, muted beige/black palette (#9eb0ac, #1b1c1d). assemble phase, ~35% in, 0:55–1:03.",AA Pad MI Del Osdtia,1,0.0,0.029,0.093,0.451,0.11,"#9eb0ac,#1b1c1d,#6c5e67",1,,
6HKMsobiG74,https://www.youtube.com/watch?v=6HKMsobiG74,Most Satisfying Ocean Jelly Candle | Water Candle DIY ASMR,158.0,storyboard,8,63.2,71.1,7.9,https://youtu.be/6HKMsobiG74?t=63s,pour_wax,assemble,1,0.4,Clear jelly poured over the embedded decor.,"Clear jelly poured over the embedded decor. captioned, steady, low-motion shot, well-lit, muted beige/black palette (#9bb5b0, #1d2124). assemble phase, ~40% in, 1:03–1:11.",xf aii vie Oadtio OX,1,0.0,0.031,0.061,0.425,0.105,"#9bb5b0,#1d2124,#5a6a6b",1,,
6HKMsobiG74,https://www.youtube.com/watch?v=6HKMsobiG74,Most Satisfying Ocean Jelly Candle | Water Candle DIY ASMR,158.0,storyboard,9,71.1,79.0,7.9,https://youtu.be/6HKMsobiG74?t=71s,pour_wax,assemble,1,0.4,Jelly fills the glass further.,"Jelly fills the glass further. steady, low-motion shot, well-lit, muted beige/black palette (#a3b1af, #27292a). assemble phase, ~45% in, 1:11–1:19.",,0,0.0,0.039,0.091,0.452,0.111,"#a3b1af,#27292a,#917368",1,,
6HKMsobiG74,https://www.youtube.com/watch?v=6HKMsobiG74,Most Satisfying Ocean Jelly Candle | Water Candle DIY ASMR,158.0,storyboard,10,79.0,86.9,7.9,https://youtu.be/6HKMsobiG74?t=79s,pour_wax,assemble,1,0.35,A blue tint is introduced for the ocean-water effect.,"A blue tint is introduced for the ocean-water effect. captioned, steady, low-motion shot, well-lit, muted grey palette (#889392, #566970). assemble phase, ~50% in, 1:19–1:26.",ae ee Nadia 0 SR ley Se as Kant ron oy Sem,1,0.0,0.032,0.137,0.504,0.089,"#889392,#566970,#acb4b1",1,,
6HKMsobiG74,https://www.youtube.com/watch?v=6HKMsobiG74,Most Satisfying Ocean Jelly Candle | Water Candle DIY ASMR,158.0,storyboard,11,86.9,94.8,7.9,https://youtu.be/6HKMsobiG74?t=87s,pour_wax,assemble,1,0.4,Blue-tinted jelly poured into the glass.,"Blue-tinted jelly poured into the glass. captioned, steady, low-motion shot, well-lit, muted teal/grey palette (#466e7c, #8b9f9e). assemble phase, ~55% in, 1:26–1:34.",Ne Wada Wi Ku Cute wach BA ee Ostia,1,0.0,0.039,0.123,0.501,0.118,"#466e7c,#8b9f9e,#986955",1,,
6HKMsobiG74,https://www.youtube.com/watch?v=6HKMsobiG74,Most Satisfying Ocean Jelly Candle | Water Candle DIY ASMR,158.0,storyboard,12,94.8,102.7,7.9,https://youtu.be/6HKMsobiG74?t=95s,pour_wax,assemble,1,0.4,Final decorations arranged in the blue jelly.,"Final decorations arranged in the blue jelly. captioned, steady, low-motion shot, well-lit, muted grey/beige palette (#869396, #abb3b7). assemble phase, ~60% in, 1:34–1:42.",9 tanya 7 1 avo,1,0.0,0.021,0.125,0.561,0.084,"#869396,#abb3b7,#24292f",1,,
6HKMsobiG74,https://www.youtube.com/watch?v=6HKMsobiG74,Most Satisfying Ocean Jelly Candle | Water Candle DIY ASMR,158.0,storyboard,13,102.7,110.6,7.9,https://youtu.be/6HKMsobiG74?t=103s,pour_wax,assemble,1,0.4,Top jelly layer poured.,"Top jelly layer poured. Pouring the melted wax from the pitcher into the prepared container. captioned, steady, low-motion shot, well-lit, muted grey/beige palette (#829090, #a6b3b6). assemble phase, ~65% in, 1:42–1:50.",Nacioo Mo ae! ad Sae 7 7 As iis ee on ee ee oh 5 ss,1,0.0,0.04,0.082,0.563,0.086,"#829090,#a6b3b6,#5d6850",1,,
6N1oH8pkD5Q,https://www.youtube.com/watch?v=6N1oH8pkD5Q,Make YOUR OWN Layered Gradient Soy Wax Candle!,243.0,storyboard,7,56.7,64.8,8.1,https://youtu.be/6N1oH8pkD5Q?t=57s,pour_wax,assemble,1,0.5,Pink/red wax in a clear glass on the hot plate; first layer.,"Pink/red wax in a clear glass on the hot plate; first layer. captioned, moderate on-screen movement, well-lit, black/grey palette (#312f34, #665b63). assemble phase, ~23% in, 0:56–1:04.",sania es RS yy se,1,0.333,0.061,0.293,0.412,0.152,"#312f34,#665b63,#b78487",1,,
6N1oH8pkD5Q,https://www.youtube.com/watch?v=6N1oH8pkD5Q,Make YOUR OWN Layered Gradient Soy Wax Candle!,243.0,storyboard,12,97.2,105.3,8.1,https://youtu.be/6N1oH8pkD5Q?t=97s,pour_wax,assemble,1,0.6,Pink wax poured into the glass; red drips.,"Pink wax poured into the glass; red drips. moderate on-screen movement, well-lit, black/grey palette (#24191a, #83585b). assemble phase, ~40% in, 1:37–1:45.",ds 4,0,0.333,0.049,0.32,0.41,0.162,"#24191a,#83585b,#eed6c8",1,,
6N1oH8pkD5Q,https://www.youtube.com/watch?v=6N1oH8pkD5Q,Make YOUR OWN Layered Gradient Soy Wax Candle!,243.0,storyboard,14,113.4,121.5,8.1,https://youtu.be/6N1oH8pkD5Q?t=113s,pour_wax,assemble,1,0.55,Pink wax layer in the glass; hand at work.,"Pink wax layer in the glass; hand at work. captioned, moderate on-screen movement, dim, black/beige palette (#1b1a1e, #d2bbac). assemble phase, ~47% in, 1:53–2:01.",CONTAINER WAX OW 44,1,0.0,0.046,0.217,0.345,0.187,"#1b1a1e,#d2bbac,#765355",1,,
6N1oH8pkD5Q,https://www.youtube.com/watch?v=6N1oH8pkD5Q,Make YOUR OWN Layered Gradient Soy Wax Candle!,243.0,storyboard,15,121.5,129.6,8.1,https://youtu.be/6N1oH8pkD5Q?t=122s,pour_wax,assemble,1,0.5,"White wax in the pot, readied for the next layer.","White wax in the pot, readied for the next layer. moderate on-screen movement, dim, muted black/grey palette (#25262f, #7b7f89). assemble phase, ~50% in, 2:01–2:09.",4,0,0.0,0.031,0.205,0.298,0.105,"#25262f,#7b7f89,#e2e5d5",1,,
6N1oH8pkD5Q,https://www.youtube.com/watch?v=6N1oH8pkD5Q,Make YOUR OWN Layered Gradient Soy Wax Candle!,243.0,storyboard,16,129.6,137.7,8.1,https://youtu.be/6N1oH8pkD5Q?t=130s,pour_wax,assemble,1,0.6,Cream/white wax poured over the pink layer to build the gradient.,"Cream/white wax poured over the pink layer to build the gradient. captioned, moderate on-screen movement, well-lit, muted black/grey palette (#363537, #7c7677). assemble phase, ~53% in, 2:09–2:17.",wn lt ff 4,1,0.0,0.059,0.256,0.435,0.124,"#363537,#7c7677,#d8c4bc",1,,
6N1oH8pkD5Q,https://www.youtube.com/watch?v=6N1oH8pkD5Q,Make YOUR OWN Layered Gradient Soy Wax Candle!,243.0,storyboard,17,137.7,145.8,8.1,https://youtu.be/6N1oH8pkD5Q?t=138s,pour_wax,assemble,1,0.55,Host talks to camera.,"Host talks to camera. Pouring the melted wax from the pitcher into the prepared container. captioned, moderate on-screen movement, well-lit, muted cream/grey palette (#deddd9, #7c6b61). assemble phase, ~57% in, 2:17–2:25.",7 Mord wy 1 pm Gi! AROMATIC INTER te 1 ales eegs hae ll 7 Sy Shes ESE,1,0.333,0.049,0.304,0.44,0.095,"#deddd9,#7c6b61,#1d1210",1,,
6N1oH8pkD5Q,https://www.youtube.com/watch?v=6N1oH8pkD5Q,Make YOUR OWN Layered Gradient Soy Wax Candle!,243.0,storyboard,18,145.8,153.9,8.1,https://youtu.be/6N1oH8pkD5Q?t=146s,pour_wax,assemble,1,0.55,Glass shows the pink-to-cream gradient; caption.,"Glass shows the pink-to-cream gradient; caption. moderate on-screen movement, dim, grey/black palette (#776e69, #2c2b2d). assemble phase, ~60% in, 2:25–2:33.",9 di,0,0.333,0.063,0.271,0.374,0.161,"#776e69,#2c2b2d,#dcc2ab",1,,description references on-screen text but OCR found none
6N1oH8pkD5Q,https://www.youtube.com/watch?v=6N1oH8pkD5Q,Make YOUR OWN Layered Gradient Soy Wax Candle!,243.0,storyboard,19,153.9,162.0,8.1,https://youtu.be/6N1oH8pkD5Q?t=154s,pour_wax,assemble,1,0.5,Hot plate with the wax pot.,"Hot plate with the wax pot. captioned, moderate on-screen movement, dim, black/grey palette (#342b2f, #6f6e6e). assemble phase, ~63% in, 2:33–2:42.",at Peet. Agee 2 2 wT? ton,1,0.0,0.065,0.183,0.368,0.153,"#342b2f,#6f6e6e,#cccdbd",1,,
6N1oH8pkD5Q,https://www.youtube.com/watch?v=6N1oH8pkD5Q,Make YOUR OWN Layered Gradient Soy Wax Candle!,243.0,storyboard,20,162.0,170.1,8.1,https://youtu.be/6N1oH8pkD5Q?t=162s,pour_wax,assemble,1,0.55,The layered pink/cream candle nearly complete.,"The layered pink/cream candle nearly complete. moderate on-screen movement, dim, muted grey/black palette (#a49f98, #1c1817). assemble phase, ~67% in, 2:42–2:50.",7 5,0,0.0,0.036,0.238,0.391,0.113,"#a49f98,#1c1817,#5d5e57",1,,
6Y1FERoGUSo,https://www.youtube.com/watch?v=6Y1FERoGUSo,Aesthetic Flower Candle - 4 K Free Video Process Tutorial - Celebrating Spring,776.0,storyboard,5,40.0,48.0,8.0,https://youtu.be/6Y1FERoGUSo?t=40s,pour_wax,assemble,1,0.5,Pouring pink wax onto the table to form a thin sheet.,"Pouring pink wax onto the table to form a thin sheet. steady, low-motion shot, well-lit, muted grey palette (#8a827f, #78635c). assemble phase, ~5% in, 0:40–0:48.",,0,0.0,0.004,0.05,0.48,0.051,"#8a827f,#78635c,#4d4641",1,,
6jN6A8RVyWw,https://www.youtube.com/watch?v=6jN6A8RVyWw,DIY - Candle making kit tutorial,117.0,storyboard,9,70.2,78.0,7.8,https://youtu.be/6jN6A8RVyWw?t=70s,pour_wax,assemble,1,0.5,Pink wax readied for pouring; hands at the pot.,"Pink wax readied for pouring; hands at the pot. captioned, steady, low-motion shot, well-lit, beige/brown palette (#a8acb8, #7c4d51). assemble phase, ~60% in, 1:10–1:18.","Ls Pi, ow Chee Lea",1,0.0,0.034,0.143,0.507,0.176,"#a8acb8,#7c4d51,#2b272a",1,,
6jN6A8RVyWw,https://www.youtube.com/watch?v=6jN6A8RVyWw,DIY - Candle making kit tutorial,117.0,storyboard,10,78.0,85.8,7.8,https://youtu.be/6jN6A8RVyWw?t=78s,pour_wax,assemble,1,0.6,Pink wax poured into the container; caption about adding salt for a textured effect.,"Pink wax poured into the container; caption about adding salt for a textured effect. captioned, steady, low-motion shot, well-lit, beige/brown palette (#97a7bd, #502d35). assemble phase, ~67% in, 1:18–1:25.",PEELED itty ODD ERED ESSE Sass Saad eben st Sia Pes ERE BR it Eoss Foes Ee db 25 EE HSS 8588 SSSs heii Gdat Eas tt ie PEEs Be 7 Base ster Tere erry eb 4 5233 Gres esee SU SES TERE SER SS SG SRS BSE PS,1,0.0,0.076,0.076,0.484,0.185,"#97a7bd,#502d35,#7f7178",1,,
7Nf-01syKuo,https://www.youtube.com/watch?v=7Nf-01syKuo,How to make Pillar Floral CANDLES 2 different ways #flowercandles,768.0,storyboard,52,416.0,424.0,8.0,https://youtu.be/7Nf-01syKuo?t=416s,pour_wax,assemble,1,0.5,Pouring wax into the cylinder pillar mould.,"Pouring wax into the cylinder pillar mould. captioned, moderate on-screen movement, well-lit, muted grey palette (#787469, #9e9da2). assemble phase, ~54% in, 6:56–7:04.",ir oT ag wh JL: 4,1,0.0,0.09,0.181,0.533,0.091,"#787469,#9e9da2,#512c28",1,,
7j6uypARXW4,https://www.youtube.com/watch?v=7j6uypARXW4,DIY Water candles | Making candles with WATER!?,414.0,storyboard,6,47.77,55.73,7.96,https://youtu.be/7j6uypARXW4?t=48s,pour_wax,assemble,1,0.45,Clear water/gel base in the cup.,"Clear water/gel base in the cup. steady, low-motion shot, dim, muted brown/beige palette (#444443, #a2a898). assemble phase, ~12% in, 0:47–0:55.",,0,0.0,0.024,0.061,0.345,0.109,"#444443,#a2a898,#b89c2a",1,,
7j6uypARXW4,https://www.youtube.com/watch?v=7j6uypARXW4,DIY Water candles | Making candles with WATER!?,414.0,storyboard,7,55.73,63.69,7.96,https://youtu.be/7j6uypARXW4?t=56s,pour_wax,assemble,1,0.45,Yellow oil poured on top of the water.,"Yellow oil poured on top of the water. steady, low-motion shot, dim, muted black/grey palette (#333537, #636764). assemble phase, ~13% in, 0:55–1:03.",,0,0.0,0.014,0.058,0.327,0.124,"#333537,#636764,#d3d8bd",1,,
7j6uypARXW4,https://www.youtube.com/watch?v=7j6uypARXW4,DIY Water candles | Making candles with WATER!?,414.0,storyboard,21,167.19,175.15,7.96,https://youtu.be/7j6uypARXW4?t=167s,pour_wax,assemble,1,0.4,Oil poured over the red beads.,"Oil poured over the red beads. static shot, well-lit, brown/grey palette (#5a5047, #95907c). assemble phase, ~40% in, 2:47–2:55.",,0,0.0,0.007,0.035,0.481,0.199,"#5a5047,#95907c,#eaebe8",1,,
7j6uypARXW4,https://www.youtube.com/watch?v=7j6uypARXW4,DIY Water candles | Making candles with WATER!?,414.0,storyboard,28,222.92,230.88,7.96,https://youtu.be/7j6uypARXW4?t=223s,pour_wax,assemble,1,0.45,Water poured into the glitter globe.,"Water poured into the glitter globe. static shot, dim, muted black/grey palette (#2b2e2c, #8e918d). assemble phase, ~54% in, 3:42–3:50.",,0,0.0,0.014,0.043,0.355,0.035,"#2b2e2c,#8e918d,#515555",1,,
7j6uypARXW4,https://www.youtube.com/watch?v=7j6uypARXW4,DIY Water candles | Making candles with WATER!?,414.0,storyboard,29,230.88,238.85,7.97,https://youtu.be/7j6uypARXW4?t=231s,pour_wax,assemble,1,0.45,Glitter globe with water.,"Glitter globe with water. steady, low-motion shot, dim, muted black/brown palette (#24201c, #56534f). assemble phase, ~56% in, 3:50–3:58.","te, ree",0,0.0,0.016,0.131,0.31,0.039,"#24201c,#56534f,#716f6e",1,,
8V_WyGLS5Zo,https://www.youtube.com/watch?v=8V_WyGLS5Zo,Candle Making Tutorial for Beginners | DIY Candle Tutorial,375.0,storyboard,10,79.79,87.77,7.98,https://youtu.be/8V_WyGLS5Zo?t=80s,pour_wax,assemble,1,0.55,Glass filled from a metal pitcher.,"Glass filled from a metal pitcher. captioned, steady, low-motion shot, dim, muted black/grey palette (#22201b, #686854). assemble phase, ~21% in, 1:19–1:27.","yy AE ae, oa bs 164 Et",1,0.0,0.071,0.11,0.285,0.129,"#22201b,#686854,#b1b19a",1,,
8V_WyGLS5Zo,https://www.youtube.com/watch?v=8V_WyGLS5Zo,Candle Making Tutorial for Beginners | DIY Candle Tutorial,375.0,storyboard,11,87.77,95.74,7.97,https://youtu.be/8V_WyGLS5Zo?t=88s,pour_wax,assemble,1,0.5,Pouring wax; a 60s timer shown.,"Pouring wax; a 60s timer shown. captioned, static shot, dim, muted black/brown palette (#211e19, #5e5b52). assemble phase, ~23% in, 1:27–1:35.",Oe Fa tA rf 5 one Ba? Pe EO iS 688,1,0.0,0.08,0.031,0.273,0.138,"#211e19,#5e5b52,#bba678",1,,
8V_WyGLS5Zo,https://www.youtube.com/watch?v=8V_WyGLS5Zo,Candle Making Tutorial for Beginners | DIY Candle Tutorial,375.0,storyboard,14,111.7,119.68,7.98,https://youtu.be/8V_WyGLS5Zo?t=112s,pour_wax,assemble,1,0.55,Red wax poured into glasses; pour-temp caption.,"Red wax poured into glasses; pour-temp caption. captioned, moderate on-screen movement, dim, muted black/grey palette (#222219, #6c6d67). assemble phase, ~30% in, 1:51–1:59.","WL PUNTO, vi. ea esa Se My fF II his Also Helps Pr mise entrada bs ae",1,0.0,0.164,0.249,0.332,0.146,"#222219,#6c6d67,#b8b4bf",1,,
8V_WyGLS5Zo,https://www.youtube.com/watch?v=8V_WyGLS5Zo,Candle Making Tutorial for Beginners | DIY Candle Tutorial,375.0,storyboard,15,119.68,127.66,7.98,https://youtu.be/8V_WyGLS5Zo?t=120s,pour_wax,assemble,1,0.5,Glasses with cream wax and wicks.,"Glasses with cream wax and wicks. captioned, moderate on-screen movement, dim, black/grey palette (#282322, #83736f). assemble phase, ~32% in, 1:59–2:07.",7. Je ss To Ih 2 bs,1,0.0,0.11,0.23,0.342,0.167,"#282322,#83736f,#c0b6c5",1,,
8V_WyGLS5Zo,https://www.youtube.com/watch?v=8V_WyGLS5Zo,Candle Making Tutorial for Beginners | DIY Candle Tutorial,375.0,storyboard,17,135.64,143.62,7.98,https://youtu.be/8V_WyGLS5Zo?t=136s,pour_wax,assemble,1,0.5,Row of amber jars with wicks.,"Row of amber jars with wicks. static shot, dim, black/brown palette (#363121, #716627). assemble phase, ~36% in, 2:15–2:23.",,0,0.0,0.129,0.042,0.291,0.185,"#363121,#716627,#bfb77f",1,,
8V_WyGLS5Zo,https://www.youtube.com/watch?v=8V_WyGLS5Zo,Candle Making Tutorial for Beginners | DIY Candle Tutorial,375.0,storyboard,18,143.62,151.6,7.98,https://youtu.be/8V_WyGLS5Zo?t=144s,pour_wax,assemble,1,0.45,Amber candle jars setting.,"Amber candle jars setting. captioned, moderate on-screen movement, dim, black/brown palette (#161514, #82621a). assemble phase, ~38% in, 2:23–2:31.",ff ees SEE ae LE ey per 4 othe,1,0.0,0.11,0.256,0.262,0.189,"#161514,#82621a,#bfa95a",1,,
8V_WyGLS5Zo,https://www.youtube.com/watch?v=8V_WyGLS5Zo,Candle Making Tutorial for Beginners | DIY Candle Tutorial,375.0,storyboard,19,151.6,159.57,7.97,https://youtu.be/8V_WyGLS5Zo?t=152s,pour_wax,assemble,1,0.5,Pouring wax into the jars.,"Pouring wax into the jars. static shot, dim, brown/grey palette (#805c2b, #ab9c8d). assemble phase, ~40% in, 2:31–2:39.",beat,0,0.0,0.024,0.0,0.388,0.216,"#805c2b,#ab9c8d,#25150d",1,,
8_vXTepQRI8,https://www.youtube.com/watch?v=8_vXTepQRI8,DIY Homemade Tea Tin Candle - A Great Gift Idea!,424.0,storyboard,30,240.0,248.0,8.0,https://youtu.be/8_vXTepQRI8?t=240s,pour_wax,assemble,1,0.5,Pouring amber wax into the tea tin.,"Pouring amber wax into the tea tin. static shot, well-lit, muted cream/grey palette (#d9dbd2, #a68b74). assemble phase, ~57% in, 4:00–4:08.",3,0,0.0,0.045,0.0,0.655,0.115,"#d9dbd2,#a68b74,#26231b",1,,
8_vXTepQRI8,https://www.youtube.com/watch?v=8_vXTepQRI8,DIY Homemade Tea Tin Candle - A Great Gift Idea!,424.0,storyboard,34,272.0,280.0,8.0,https://youtu.be/8_vXTepQRI8?t=272s,pour_wax,assemble,1,0.5,Pouring amber wax into the tea tin.,"Pouring amber wax into the tea tin. steady, low-motion shot, bright, muted cream/amber palette (#e3e3da, #b09076). assemble phase, ~64% in, 4:32–4:40.",,0,0.0,0.079,0.073,0.725,0.134,"#e3e3da,#b09076,#4e362b",1,,
8_vXTepQRI8,https://www.youtube.com/watch?v=8_vXTepQRI8,DIY Homemade Tea Tin Candle - A Great Gift Idea!,424.0,storyboard,35,280.0,288.0,8.0,https://youtu.be/8_vXTepQRI8?t=280s,pour_wax,assemble,1,0.5,Pouring amber wax into the tea tin.,"Pouring amber wax into the tea tin. static shot, bright, muted cream/amber palette (#e1e2d9, #b0927c). assemble phase, ~66% in, 4:40–4:48.",SS ey,0,0.0,0.077,0.035,0.73,0.129,"#e1e2d9,#b0927c,#6f4a3d",1,,
8_vXTepQRI8,https://www.youtube.com/watch?v=8_vXTepQRI8,DIY Homemade Tea Tin Candle - A Great Gift Idea!,424.0,storyboard,41,328.0,336.0,8.0,https://youtu.be/8_vXTepQRI8?t=328s,pour_wax,assemble,1,0.5,Pouring amber wax into the tea tin.,"Pouring amber wax into the tea tin. static shot, bright, amber/beige palette (#a58260, #cec9bd). assemble phase, ~77% in, 5:28–5:36.",Pa,0,0.0,0.044,0.029,0.74,0.166,"#a58260,#cec9bd,#eaede8",1,,
8oA1uybG_TE,https://www.youtube.com/watch?v=8oA1uybG_TE,"Hehinton Double Boiler Wax Melter Pot, Outstanding Quality! Complete Candle Making Tool Kit!",308.0,storyboard,20,162.11,170.21,8.1,https://youtu.be/8oA1uybG_TE?t=162s,pour_wax,assemble,1,0.45,Pouring melted wax into the flower silicone moulds.,"Pouring melted wax into the flower silicone moulds. captioned, moderate on-screen movement, well-lit, muted grey/cream palette (#8c979a, #e3e2dd). assemble phase, ~53% in, 2:42–2:50.",vk he ya 2 AS wl an fi jap Al aes 7 8 iy ee Pi 4 4 oe,1,0.0,0.133,0.178,0.629,0.135,"#8c979a,#e3e2dd,#464546",1,,
8oA1uybG_TE,https://www.youtube.com/watch?v=8oA1uybG_TE,"Hehinton Double Boiler Wax Melter Pot, Outstanding Quality! Complete Candle Making Tool Kit!",308.0,storyboard,22,178.32,186.42,8.1,https://youtu.be/8oA1uybG_TE?t=178s,pour_wax,assemble,1,0.45,Pouring melted wax into the flower silicone moulds.,"Pouring melted wax into the flower silicone moulds. captioned, steady, low-motion shot, well-lit, muted white/grey palette (#e9e9e5, #909da2). assemble phase, ~58% in, 2:58–3:06.",4 Le 2 vd Fa Zz ee SS Tex,1,0.0,0.158,0.092,0.628,0.118,"#e9e9e5,#909da2,#363739",1,,
8oA1uybG_TE,https://www.youtube.com/watch?v=8oA1uybG_TE,"Hehinton Double Boiler Wax Melter Pot, Outstanding Quality! Complete Candle Making Tool Kit!",308.0,storyboard,23,186.42,194.53,8.11,https://youtu.be/8oA1uybG_TE?t=186s,pour_wax,assemble,1,0.45,Pouring melted wax into the flower silicone moulds.,"Pouring melted wax into the flower silicone moulds. captioned, static shot, well-lit, muted cream/grey palette (#dddcd7, #8c9393). assemble phase, ~61% in, 3:06–3:14.",fs Sa ke 5 Fe 4 yo DX 7 iy nz SS ee re Ls,1,0.0,0.164,0.045,0.591,0.108,"#dddcd7,#8c9393,#343232",1,,
8oA1uybG_TE,https://www.youtube.com/watch?v=8oA1uybG_TE,"Hehinton Double Boiler Wax Melter Pot, Outstanding Quality! Complete Candle Making Tool Kit!",308.0,storyboard,25,202.63,210.74,8.11,https://youtu.be/8oA1uybG_TE?t=203s,pour_wax,assemble,1,0.45,Pouring melted wax into the flower silicone moulds.,"Pouring melted wax into the flower silicone moulds. captioned, static shot, well-lit, muted cream/grey palette (#dcdedb, #859498). assemble phase, ~66% in, 3:22–3:30.",wit ds. nw SA 4,1,0.0,0.168,0.046,0.609,0.115,"#dcdedb,#859498,#303031",1,,
8oA1uybG_TE,https://www.youtube.com/watch?v=8oA1uybG_TE,"Hehinton Double Boiler Wax Melter Pot, Outstanding Quality! Complete Candle Making Tool Kit!",308.0,storyboard,26,210.74,218.84,8.1,https://youtu.be/8oA1uybG_TE?t=211s,pour_wax,assemble,1,0.45,Pouring melted wax into the flower silicone moulds.,"Pouring melted wax into the flower silicone moulds. captioned, static shot, well-lit, muted cream/grey palette (#d8d8d3, #8a8e8e). assemble phase, ~68% in, 3:30–3:38.","he PE FF 3 5 iW el Mo iw Ne wey or 7 3 eS mn be ae 3 SS ps gt, SS me",1,0.0,0.191,0.048,0.596,0.1,"#d8d8d3,#8a8e8e,#2f2e2f",1,,
8oA1uybG_TE,https://www.youtube.com/watch?v=8oA1uybG_TE,"Hehinton Double Boiler Wax Melter Pot, Outstanding Quality! Complete Candle Making Tool Kit!",308.0,storyboard,27,218.84,226.95,8.11,https://youtu.be/8oA1uybG_TE?t=219s,pour_wax,assemble,1,0.45,Pouring melted wax into the flower silicone moulds.,"Pouring melted wax into the flower silicone moulds. captioned, static shot, well-lit, muted cream/grey palette (#dad9d3, #879194). assemble phase, ~71% in, 3:38–3:46.",hy me oa wl QO,1,0.0,0.167,0.0,0.605,0.098,"#dad9d3,#879194,#302f30",1,,
8oA1uybG_TE,https://www.youtube.com/watch?v=8oA1uybG_TE,"Hehinton Double Boiler Wax Melter Pot, Outstanding Quality! Complete Candle Making Tool Kit!",308.0,storyboard,28,226.95,235.05,8.1,https://youtu.be/8oA1uybG_TE?t=227s,pour_wax,assemble,1,0.45,Pouring melted wax into the flower silicone moulds.,"Pouring melted wax into the flower silicone moulds. captioned, static shot, well-lit, muted cream/grey palette (#dddbd4, #949694). assemble phase, ~74% in, 3:46–3:55.",if ibis! fa be if eh NZ iM 4,1,0.0,0.166,0.036,0.59,0.104,"#dddbd4,#949694,#343435",1,,
8oA1uybG_TE,https://www.youtube.com/watch?v=8oA1uybG_TE,"Hehinton Double Boiler Wax Melter Pot, Outstanding Quality! Complete Candle Making Tool Kit!",308.0,storyboard,29,235.05,243.16,8.11,https://youtu.be/8oA1uybG_TE?t=235s,pour_wax,assemble,1,0.45,Pouring melted wax into the flower silicone moulds.,"Pouring melted wax into the flower silicone moulds. captioned, moderate on-screen movement, well-lit, muted grey/cream palette (#a79c93, #e5e6de). assemble phase, ~76% in, 3:55–4:03.",wa 7 ve PF Wai ee oy Fak ib fF ie as ANG as rs xa TE pes,1,0.0,0.137,0.158,0.64,0.119,"#a79c93,#e5e6de,#575857",1,,
999EQfNvuds,https://www.youtube.com/watch?v=999EQfNvuds,DIY Matcha Candle | Viral Iced Drinks Candle | Realistic Candle | Candle Making Tutorial,649.0,storyboard,14,112.17,120.19,8.02,https://youtu.be/999EQfNvuds?t=112s,pour_wax,assemble,1,0.5,Pouring yellow wax into the glass as the 'milk' base.,"Pouring yellow wax into the glass as the 'milk' base. steady, low-motion shot, bright, muted white/beige palette (#f3f3ef, #cac6bc). assemble phase, ~17% in, 1:52–2:00.",,0,0.0,0.012,0.062,0.799,0.05,"#f3f3ef,#cac6bc,#837f7b",1,,description references on-screen text but OCR found none
999EQfNvuds,https://www.youtube.com/watch?v=999EQfNvuds,DIY Matcha Candle | Viral Iced Drinks Candle | Realistic Candle | Candle Making Tutorial,649.0,storyboard,15,120.19,128.2,8.01,https://youtu.be/999EQfNvuds?t=120s,pour_wax,assemble,1,0.45,Glass with yellow milk-wax; pink cloth.,"Glass with yellow milk-wax; pink cloth. steady, low-motion shot, bright, muted white/beige palette (#f3f0eb, #cfbeb7). assemble phase, ~19% in, 2:00–2:08.",Ve wy,0,0.0,0.026,0.069,0.781,0.146,"#f3f0eb,#cfbeb7,#a07270",1,,
999EQfNvuds,https://www.youtube.com/watch?v=999EQfNvuds,DIY Matcha Candle | Viral Iced Drinks Candle | Realistic Candle | Candle Making Tutorial,649.0,storyboard,16,128.2,136.21,8.01,https://youtu.be/999EQfNvuds?t=128s,pour_wax,assemble,1,0.4,Glass with the milk-wax base.,"Glass with the milk-wax base. static shot, bright, muted white/beige palette (#f4eee9, #d1c0b8). assemble phase, ~20% in, 2:08–2:16.",,0,0.0,0.019,0.0,0.793,0.114,"#f4eee9,#d1c0b8,#918582",1,,
999EQfNvuds,https://www.youtube.com/watch?v=999EQfNvuds,DIY Matcha Candle | Viral Iced Drinks Candle | Realistic Candle | Candle Making Tutorial,649.0,storyboard,17,136.21,144.22,8.01,https://youtu.be/999EQfNvuds?t=136s,pour_wax,assemble,1,0.45,Hands building up the milk layer.,"Hands building up the milk layer. steady, low-motion shot, bright, muted white/cream palette (#f4f3ee, #d1ccc1). assemble phase, ~21% in, 2:16–2:24.",at,0,0.0,0.022,0.059,0.802,0.063,"#f4f3ee,#d1ccc1,#8d8986",1,,
999EQfNvuds,https://www.youtube.com/watch?v=999EQfNvuds,DIY Matcha Candle | Viral Iced Drinks Candle | Realistic Candle | Candle Making Tutorial,649.0,storyboard,18,144.22,152.23,8.01,https://youtu.be/999EQfNvuds?t=144s,pour_wax,assemble,1,0.4,Adjusting the wick in the milk-wax glass.,"Adjusting the wick in the milk-wax glass. steady, low-motion shot, bright, muted white/beige palette (#edeae3, #bab4ae). assemble phase, ~22% in, 2:24–2:32.",,0,0.0,0.02,0.094,0.776,0.054,"#edeae3,#bab4ae,#6a6262",1,,
999EQfNvuds,https://www.youtube.com/watch?v=999EQfNvuds,DIY Matcha Candle | Viral Iced Drinks Candle | Realistic Candle | Candle Making Tutorial,649.0,storyboard,19,152.23,160.25,8.02,https://youtu.be/999EQfNvuds?t=152s,pour_wax,assemble,1,0.45,Building/pouring the milk-wax base in the glass.,"Building/pouring the milk-wax base in the glass. static shot, bright, muted white/beige palette (#efece6, #bab3aa). assemble phase, ~23% in, 2:32–2:40.",MM ys 8,0,0.0,0.023,0.0,0.783,0.062,"#efece6,#bab3aa,#645f61",1,,
999EQfNvuds,https://www.youtube.com/watch?v=999EQfNvuds,DIY Matcha Candle | Viral Iced Drinks Candle | Realistic Candle | Candle Making Tutorial,649.0,storyboard,20,160.25,168.26,8.01,https://youtu.be/999EQfNvuds?t=160s,pour_wax,assemble,1,0.45,Building/pouring the milk-wax base in the glass.,"Building/pouring the milk-wax base in the glass. steady, low-motion shot, bright, muted white/beige palette (#eeebe6, #bbb4af). assemble phase, ~25% in, 2:40–2:48.",7 oy,0,0.0,0.029,0.1,0.791,0.052,"#eeebe6,#bbb4af,#625e60",1,,
999EQfNvuds,https://www.youtube.com/watch?v=999EQfNvuds,DIY Matcha Candle | Viral Iced Drinks Candle | Realistic Candle | Candle Making Tutorial,649.0,storyboard,21,168.26,176.27,8.01,https://youtu.be/999EQfNvuds?t=168s,pour_wax,assemble,1,0.45,Building/pouring the milk-wax base in the glass.,"Building/pouring the milk-wax base in the glass. static shot, bright, muted white/beige palette (#f4f2ed, #c6c0b7). assemble phase, ~26% in, 2:48–2:56.",bas ey,0,0.0,0.027,0.045,0.794,0.057,"#f4f2ed,#c6c0b7,#665e5e",1,,
999EQfNvuds,https://www.youtube.com/watch?v=999EQfNvuds,DIY Matcha Candle | Viral Iced Drinks Candle | Realistic Candle | Candle Making Tutorial,649.0,storyboard,22,176.27,184.28,8.01,https://youtu.be/999EQfNvuds?t=176s,pour_wax,assemble,1,0.45,Building/pouring the milk-wax base in the glass.,"Building/pouring the milk-wax base in the glass. static shot, bright, muted white/beige palette (#f3f1ec, #c7c1b9). assemble phase, ~27% in, 2:56–3:04.",,0,0.0,0.016,0.0,0.789,0.052,"#f3f1ec,#c7c1b9,#656162",1,,
999EQfNvuds,https://www.youtube.com/watch?v=999EQfNvuds,DIY Matcha Candle | Viral Iced Drinks Candle | Realistic Candle | Candle Making Tutorial,649.0,storyboard,23,184.28,192.3,8.02,https://youtu.be/999EQfNvuds?t=184s,pour_wax,assemble,1,0.45,Building/pouring the milk-wax base in the glass.,"Building/pouring the milk-wax base in the glass. steady, low-motion shot, bright, muted white/beige palette (#ede9e3, #afa9a3). assemble phase, ~28% in, 3:04–3:12.",,0,0.0,0.019,0.054,0.787,0.057,"#ede9e3,#afa9a3,#4b4849",1,,
999EQfNvuds,https://www.youtube.com/watch?v=999EQfNvuds,DIY Matcha Candle | Viral Iced Drinks Candle | Realistic Candle | Candle Making Tutorial,649.0,storyboard,24,192.3,200.31,8.01,https://youtu.be/999EQfNvuds?t=192s,pour_wax,assemble,1,0.45,Pouring yellow milk-wax and foam into the iced-latte glass.,"Pouring yellow milk-wax and foam into the iced-latte glass. steady, low-motion shot, bright, muted white/beige palette (#efeeea, #b9b4ae). assemble phase, ~30% in, 3:12–3:20.",,0,0.0,0.019,0.08,0.781,0.054,"#efeeea,#b9b4ae,#646062",1,,
999EQfNvuds,https://www.youtube.com/watch?v=999EQfNvuds,DIY Matcha Candle | Viral Iced Drinks Candle | Realistic Candle | Candle Making Tutorial,649.0,storyboard,25,200.31,208.32,8.01,https://youtu.be/999EQfNvuds?t=200s,pour_wax,assemble,1,0.45,Pouring yellow milk-wax and foam into the iced-latte glass.,"Pouring yellow milk-wax and foam into the iced-latte glass. captioned, static shot, bright, muted white/beige palette (#efeee9, #bdb8b1). assemble phase, ~31% in, 3:20–3:28.",ae eee AN er ik,1,0.0,0.026,0.0,0.769,0.059,"#efeee9,#bdb8b1,#655d62",1,,
999EQfNvuds,https://www.youtube.com/watch?v=999EQfNvuds,DIY Matcha Candle | Viral Iced Drinks Candle | Realistic Candle | Candle Making Tutorial,649.0,storyboard,26,208.32,216.33,8.01,https://youtu.be/999EQfNvuds?t=208s,pour_wax,assemble,1,0.45,Pouring yellow milk-wax and foam into the iced-latte glass.,"Pouring yellow milk-wax and foam into the iced-latte glass. captioned, steady, low-motion shot, bright, muted white/beige palette (#f1efe8, #c3bbad). assemble phase, ~32% in, 3:28–3:36.","ii, oe Ee at eo?",1,0.0,0.02,0.06,0.765,0.07,"#f1efe8,#c3bbad,#6a6763",1,,
999EQfNvuds,https://www.youtube.com/watch?v=999EQfNvuds,DIY Matcha Candle | Viral Iced Drinks Candle | Realistic Candle | Candle Making Tutorial,649.0,storyboard,27,216.33,224.35,8.02,https://youtu.be/999EQfNvuds?t=216s,pour_wax,assemble,1,0.45,Pouring yellow milk-wax and foam into the iced-latte glass.,"Pouring yellow milk-wax and foam into the iced-latte glass. steady, low-motion shot, bright, muted beige/white palette (#cac2b4, #f3f2ec). assemble phase, ~33% in, 3:36–3:44.",Li 4,0,0.0,0.027,0.052,0.767,0.07,"#cac2b4,#f3f2ec,#6d6a68",1,,
999EQfNvuds,https://www.youtube.com/watch?v=999EQfNvuds,DIY Matcha Candle | Viral Iced Drinks Candle | Realistic Candle | Candle Making Tutorial,649.0,storyboard,28,224.35,232.36,8.01,https://youtu.be/999EQfNvuds?t=224s,pour_wax,assemble,1,0.45,Pouring yellow milk-wax and foam into the iced-latte glass.,"Pouring yellow milk-wax and foam into the iced-latte glass. static shot, bright, muted white/beige palette (#f1efe9, #bcb4a8). assemble phase, ~35% in, 3:44–3:52.",,0,0.0,0.035,0.0,0.772,0.066,"#f1efe9,#bcb4a8,#64615f",1,,
999EQfNvuds,https://www.youtube.com/watch?v=999EQfNvuds,DIY Matcha Candle | Viral Iced Drinks Candle | Realistic Candle | Candle Making Tutorial,649.0,storyboard,29,232.36,240.37,8.01,https://youtu.be/999EQfNvuds?t=232s,pour_wax,assemble,1,0.45,Pouring yellow milk-wax and foam into the iced-latte glass.,"Pouring yellow milk-wax and foam into the iced-latte glass. captioned, static shot, bright, muted white/beige palette (#f2f0ea, #c2bbb0). assemble phase, ~36% in, 3:52–4:00.",wl RY 3 oes 4 1,1,0.0,0.029,0.044,0.777,0.064,"#f2f0ea,#c2bbb0,#6c6967",1,,
999EQfNvuds,https://www.youtube.com/watch?v=999EQfNvuds,DIY Matcha Candle | Viral Iced Drinks Candle | Realistic Candle | Candle Making Tutorial,649.0,storyboard,30,240.37,248.38,8.01,https://youtu.be/999EQfNvuds?t=240s,pour_wax,assemble,1,0.45,Pouring yellow milk-wax and foam into the iced-latte glass.,"Pouring yellow milk-wax and foam into the iced-latte glass. steady, low-motion shot, bright, muted white/beige palette (#f3f2ed, #c8c2b8). assemble phase, ~37% in, 4:00–4:08.",MA Ee,0,0.0,0.02,0.131,0.808,0.058,"#f3f2ed,#c8c2b8,#858180",1,,
999EQfNvuds,https://www.youtube.com/watch?v=999EQfNvuds,DIY Matcha Candle | Viral Iced Drinks Candle | Realistic Candle | Candle Making Tutorial,649.0,storyboard,31,248.38,256.4,8.02,https://youtu.be/999EQfNvuds?t=248s,pour_wax,assemble,1,0.45,Pouring yellow milk-wax and foam into the iced-latte glass.,"Pouring yellow milk-wax and foam into the iced-latte glass. static shot, bright, muted white/beige palette (#f1f0ec, #c5c0b8). assemble phase, ~38% in, 4:08–4:16.",,0,0.0,0.011,0.0,0.8,0.051,"#f1f0ec,#c5c0b8,#737075",1,,
999EQfNvuds,https://www.youtube.com/watch?v=999EQfNvuds,DIY Matcha Candle | Viral Iced Drinks Candle | Realistic Candle | Candle Making Tutorial,649.0,storyboard,32,256.4,264.41,8.01,https://youtu.be/999EQfNvuds?t=256s,pour_wax,assemble,1,0.45,Pouring yellow milk-wax and foam into the iced-latte glass.,"Pouring yellow milk-wax and foam into the iced-latte glass. steady, low-motion shot, bright, muted white/beige palette (#f2f1ed, #c9c2b8). assemble phase, ~40% in, 4:16–4:24.",,0,0.0,0.024,0.131,0.819,0.06,"#f2f1ed,#c9c2b8,#817a79",1,,
999EQfNvuds,https://www.youtube.com/watch?v=999EQfNvuds,DIY Matcha Candle | Viral Iced Drinks Candle | Realistic Candle | Candle Making Tutorial,649.0,storyboard,33,264.41,272.42,8.01,https://youtu.be/999EQfNvuds?t=264s,pour_wax,assemble,1,0.45,Pouring yellow milk-wax and foam into the iced-latte glass.,"Pouring yellow milk-wax and foam into the iced-latte glass. steady, low-motion shot, bright, muted white/beige palette (#efede6, #bdb7ac). assemble phase, ~41% in, 4:24–4:32.",et,0,0.0,0.023,0.07,0.797,0.052,"#efede6,#bdb7ac,#6c6a67",1,,
999EQfNvuds,https://www.youtube.com/watch?v=999EQfNvuds,DIY Matcha Candle | Viral Iced Drinks Candle | Realistic Candle | Candle Making Tutorial,649.0,storyboard,34,272.42,280.43,8.01,https://youtu.be/999EQfNvuds?t=272s,pour_wax,assemble,1,0.45,Pouring yellow milk-wax and foam into the iced-latte glass.,"Pouring yellow milk-wax and foam into the iced-latte glass. static shot, bright, muted white/beige palette (#edebe2, #b9b1a5). assemble phase, ~42% in, 4:32–4:40.",NW,0,0.0,0.024,0.0,0.782,0.062,"#edebe2,#b9b1a5,#6d6b68",1,,
999EQfNvuds,https://www.youtube.com/watch?v=999EQfNvuds,DIY Matcha Candle | Viral Iced Drinks Candle | Realistic Candle | Candle Making Tutorial,649.0,storyboard,35,280.43,288.44,8.01,https://youtu.be/999EQfNvuds?t=280s,pour_wax,assemble,1,0.45,Pouring yellow milk-wax and foam into the iced-latte glass.,"Pouring yellow milk-wax and foam into the iced-latte glass. captioned, steady, low-motion shot, bright, muted white/beige palette (#edebe2, #b6b0a6). assemble phase, ~43% in, 4:40–4:48.",AY SU fe. mn 7,1,0.0,0.02,0.084,0.798,0.059,"#edebe2,#b6b0a6,#77736e",1,,
999EQfNvuds,https://www.youtube.com/watch?v=999EQfNvuds,DIY Matcha Candle | Viral Iced Drinks Candle | Realistic Candle | Candle Making Tutorial,649.0,storyboard,36,288.44,296.46,8.02,https://youtu.be/999EQfNvuds?t=288s,pour_wax,assemble,1,0.45,Pouring yellow milk-wax and foam into the iced-latte glass.,"Pouring yellow milk-wax and foam into the iced-latte glass. static shot, bright, muted white/beige palette (#edebe3, #b6aea3). assemble phase, ~44% in, 4:48–4:56.",wR 1,0,0.0,0.03,0.047,0.781,0.062,"#edebe3,#b6aea3,#6e6b65",1,,
999EQfNvuds,https://www.youtube.com/watch?v=999EQfNvuds,DIY Matcha Candle | Viral Iced Drinks Candle | Realistic Candle | Candle Making Tutorial,649.0,storyboard,37,296.46,304.47,8.01,https://youtu.be/999EQfNvuds?t=296s,pour_wax,assemble,1,0.45,Pouring yellow milk-wax and foam into the iced-latte glass.,"Pouring yellow milk-wax and foam into the iced-latte glass. static shot, bright, muted white/beige palette (#f1eee7, #b4aea5). assemble phase, ~46% in, 4:56–5:04.",au 7,0,0.0,0.022,0.0,0.808,0.062,"#f1eee7,#b4aea5,#645b5c",1,,
999EQfNvuds,https://www.youtube.com/watch?v=999EQfNvuds,DIY Matcha Candle | Viral Iced Drinks Candle | Realistic Candle | Candle Making Tutorial,649.0,storyboard,38,304.47,312.48,8.01,https://youtu.be/999EQfNvuds?t=304s,pour_wax,assemble,1,0.45,Pouring yellow milk-wax and foam into the iced-latte glass.,"Pouring yellow milk-wax and foam into the iced-latte glass. static shot, bright, muted white/beige palette (#f4f3ee, #c9c5ba). assemble phase, ~47% in, 5:04–5:12.",,0,0.0,0.023,0.025,0.81,0.051,"#f4f3ee,#c9c5ba,#82807d",1,,
999EQfNvuds,https://www.youtube.com/watch?v=999EQfNvuds,DIY Matcha Candle | Viral Iced Drinks Candle | Realistic Candle | Candle Making Tutorial,649.0,storyboard,39,312.48,320.49,8.01,https://youtu.be/999EQfNvuds?t=312s,pour_wax,assemble,1,0.45,Pouring yellow milk-wax and foam into the iced-latte glass.,"Pouring yellow milk-wax and foam into the iced-latte glass. steady, low-motion shot, bright, muted white/beige palette (#f1f0ea, #c5beb4). assemble phase, ~48% in, 5:12–5:20.",,0,0.0,0.012,0.113,0.814,0.05,"#f1f0ea,#c5beb4,#7d7b7c",1,,
999EQfNvuds,https://www.youtube.com/watch?v=999EQfNvuds,DIY Matcha Candle | Viral Iced Drinks Candle | Realistic Candle | Candle Making Tutorial,649.0,storyboard,40,320.49,328.51,8.02,https://youtu.be/999EQfNvuds?t=320s,pour_wax,assemble,1,0.45,Pouring yellow milk-wax and foam into the iced-latte glass.,"Pouring yellow milk-wax and foam into the iced-latte glass. static shot, bright, muted white/beige palette (#f1f0ea, #c5c1b6). assemble phase, ~49% in, 5:20–5:28.",,0,0.0,0.006,0.0,0.813,0.043,"#f1f0ea,#c5c1b6,#7d7d7e",1,,
999EQfNvuds,https://www.youtube.com/watch?v=999EQfNvuds,DIY Matcha Candle | Viral Iced Drinks Candle | Realistic Candle | Candle Making Tutorial,649.0,storyboard,41,328.51,336.52,8.01,https://youtu.be/999EQfNvuds?t=329s,pour_wax,assemble,1,0.45,Pouring yellow milk-wax and foam into the iced-latte glass.,"Pouring yellow milk-wax and foam into the iced-latte glass. static shot, bright, muted white/beige palette (#f4f1e8, #cec6b5). assemble phase, ~51% in, 5:28–5:36.",,0,0.0,0.008,0.029,0.804,0.057,"#f4f1e8,#cec6b5,#8b857e",1,,
999EQfNvuds,https://www.youtube.com/watch?v=999EQfNvuds,DIY Matcha Candle | Viral Iced Drinks Candle | Realistic Candle | Candle Making Tutorial,649.0,storyboard,42,336.52,344.53,8.01,https://youtu.be/999EQfNvuds?t=337s,pour_wax,assemble,1,0.45,Pouring yellow milk-wax and foam into the iced-latte glass.,"Pouring yellow milk-wax and foam into the iced-latte glass. static shot, bright, muted white/beige palette (#f4efe6, #cac0b0). assemble phase, ~52% in, 5:36–5:44.",,0,0.0,0.005,0.022,0.812,0.053,"#f4efe6,#cac0b0,#857e78",1,,
999EQfNvuds,https://www.youtube.com/watch?v=999EQfNvuds,DIY Matcha Candle | Viral Iced Drinks Candle | Realistic Candle | Candle Making Tutorial,649.0,storyboard,43,344.53,352.54,8.01,https://youtu.be/999EQfNvuds?t=345s,pour_wax,assemble,1,0.45,Pouring yellow milk-wax and foam into the iced-latte glass.,"Pouring yellow milk-wax and foam into the iced-latte glass. static shot, bright, muted white/beige palette (#f4f2ec, #cec8bc). assemble phase, ~53% in, 5:44–5:52.",,0,0.0,0.013,0.0,0.817,0.05,"#f4f2ec,#cec8bc,#8b8580",1,,
999EQfNvuds,https://www.youtube.com/watch?v=999EQfNvuds,DIY Matcha Candle | Viral Iced Drinks Candle | Realistic Candle | Candle Making Tutorial,649.0,storyboard,44,352.54,360.56,8.02,https://youtu.be/999EQfNvuds?t=353s,pour_wax,assemble,1,0.45,Pouring yellow milk-wax and foam into the iced-latte glass.,"Pouring yellow milk-wax and foam into the iced-latte glass. static shot, bright, muted white/beige palette (#f1f1eb, #c8c4ba). assemble phase, ~54% in, 5:52–6:00.",,0,0.0,0.012,0.031,0.814,0.047,"#f1f1eb,#c8c4ba,#858481",1,,
999EQfNvuds,https://www.youtube.com/watch?v=999EQfNvuds,DIY Matcha Candle | Viral Iced Drinks Candle | Realistic Candle | Candle Making Tutorial,649.0,storyboard,45,360.56,368.57,8.01,https://youtu.be/999EQfNvuds?t=361s,pour_wax,assemble,1,0.45,Pouring yellow milk-wax and foam into the iced-latte glass.,"Pouring yellow milk-wax and foam into the iced-latte glass. static shot, bright, muted white/beige palette (#f4f2ec, #cfc9bf). assemble phase, ~56% in, 6:00–6:08.",,0,0.0,0.017,0.01,0.816,0.046,"#f4f2ec,#cfc9bf,#898684",1,,
999EQfNvuds,https://www.youtube.com/watch?v=999EQfNvuds,DIY Matcha Candle | Viral Iced Drinks Candle | Realistic Candle | Candle Making Tutorial,649.0,storyboard,46,368.57,376.58,8.01,https://youtu.be/999EQfNvuds?t=369s,pour_wax,assemble,1,0.45,Pouring yellow milk-wax and foam into the iced-latte glass.,"Pouring yellow milk-wax and foam into the iced-latte glass. static shot, bright, muted white/beige palette (#f3f2eb, #cbc6ba). assemble phase, ~57% in, 6:08–6:16.",,0,0.0,0.019,0.0,0.808,0.047,"#f3f2eb,#cbc6ba,#85827e",1,,
999EQfNvuds,https://www.youtube.com/watch?v=999EQfNvuds,DIY Matcha Candle | Viral Iced Drinks Candle | Realistic Candle | Candle Making Tutorial,649.0,storyboard,47,376.58,384.59,8.01,https://youtu.be/999EQfNvuds?t=377s,pour_wax,assemble,1,0.45,Pouring yellow milk-wax and foam into the iced-latte glass.,"Pouring yellow milk-wax and foam into the iced-latte glass. static shot, bright, muted white/beige palette (#f3f2ec, #cec8bb). assemble phase, ~58% in, 6:16–6:24.",,0,0.0,0.009,0.002,0.82,0.045,"#f3f2ec,#cec8bb,#8b8985",1,,
999EQfNvuds,https://www.youtube.com/watch?v=999EQfNvuds,DIY Matcha Candle | Viral Iced Drinks Candle | Realistic Candle | Candle Making Tutorial,649.0,storyboard,50,400.62,408.63,8.01,https://youtu.be/999EQfNvuds?t=401s,pour_wax,assemble,1,0.45,Pouring the green matcha wax into the glass.,"Pouring the green matcha wax into the glass. static shot, bright, muted white/beige palette (#edece4, #aeaba1). assemble phase, ~62% in, 6:40–6:48.",,0,0.0,0.018,0.042,0.805,0.042,"#edece4,#aeaba1,#555452",1,,
999EQfNvuds,https://www.youtube.com/watch?v=999EQfNvuds,DIY Matcha Candle | Viral Iced Drinks Candle | Realistic Candle | Candle Making Tutorial,649.0,storyboard,53,424.65,432.67,8.02,https://youtu.be/999EQfNvuds?t=425s,pour_wax,assemble,1,0.45,Pouring the green matcha wax into the glass.,"Pouring the green matcha wax into the glass. static shot, bright, muted white/beige palette (#ede9e1, #aba79e). assemble phase, ~65% in, 7:04–7:12.",,0,0.0,0.01,0.049,0.802,0.066,"#ede9e1,#aba79e,#414545",1,,
999EQfNvuds,https://www.youtube.com/watch?v=999EQfNvuds,DIY Matcha Candle | Viral Iced Drinks Candle | Realistic Candle | Candle Making Tutorial,649.0,storyboard,56,448.69,456.7,8.01,https://youtu.be/999EQfNvuds?t=449s,pour_wax,assemble,1,0.45,Pouring the green matcha wax into the glass.,"Pouring the green matcha wax into the glass. static shot, bright, cream/beige palette (#ede9de, #b9ab91). assemble phase, ~69% in, 7:28–7:36.",,0,0.0,0.012,0.02,0.784,0.153,"#ede9de,#b9ab91,#64574e",1,,
999EQfNvuds,https://www.youtube.com/watch?v=999EQfNvuds,DIY Matcha Candle | Viral Iced Drinks Candle | Realistic Candle | Candle Making Tutorial,649.0,storyboard,59,472.73,480.74,8.01,https://youtu.be/999EQfNvuds?t=473s,pour_wax,assemble,1,0.45,Pouring the green matcha wax into the glass.,"Pouring the green matcha wax into the glass. static shot, bright, cream/beige palette (#ece8de, #b7a990). assemble phase, ~73% in, 7:52–8:00.",,0,0.0,0.006,0.038,0.79,0.162,"#ece8de,#b7a990,#5b4e47",1,,
999EQfNvuds,https://www.youtube.com/watch?v=999EQfNvuds,DIY Matcha Candle | Viral Iced Drinks Candle | Realistic Candle | Candle Making Tutorial,649.0,storyboard,62,496.77,504.78,8.01,https://youtu.be/999EQfNvuds?t=497s,pour_wax,assemble,1,0.45,Pouring the green matcha wax into the glass.,"Pouring the green matcha wax into the glass. static shot, bright, muted white/beige palette (#eceae1, #b6aea2). assemble phase, ~77% in, 8:16–8:24.",,0,0.0,0.029,0.039,0.781,0.116,"#eceae1,#b6aea2,#6d6058",1,,
999EQfNvuds,https://www.youtube.com/watch?v=999EQfNvuds,DIY Matcha Candle | Viral Iced Drinks Candle | Realistic Candle | Candle Making Tutorial,649.0,storyboard,65,520.8,528.81,8.01,https://youtu.be/999EQfNvuds?t=521s,pour_wax,assemble,1,0.45,Pouring the green matcha wax into the glass.,"Pouring the green matcha wax into the glass. steady, low-motion shot, bright, muted white/beige palette (#f1f1ea, #c6c5b8). assemble phase, ~80% in, 8:40–8:48.",1 ane 1,0,0.0,0.023,0.05,0.812,0.069,"#f1f1ea,#c6c5b8,#848381",1,,
999EQfNvuds,https://www.youtube.com/watch?v=999EQfNvuds,DIY Matcha Candle | Viral Iced Drinks Candle | Realistic Candle | Candle Making Tutorial,649.0,storyboard,68,544.84,552.85,8.01,https://youtu.be/999EQfNvuds?t=545s,pour_wax,assemble,1,0.45,Pouring the green matcha wax into the glass.,"Pouring the green matcha wax into the glass. captioned, steady, low-motion shot, bright, muted white/beige palette (#f2f3ed, #c2c0b3). assemble phase, ~84% in, 9:04–9:12.",VW at ee oo,1,0.0,0.024,0.098,0.795,0.072,"#f2f3ed,#c2c0b3,#7b7a7a",1,,
999EQfNvuds,https://www.youtube.com/watch?v=999EQfNvuds,DIY Matcha Candle | Viral Iced Drinks Candle | Realistic Candle | Candle Making Tutorial,649.0,storyboard,71,568.88,576.89,8.01,https://youtu.be/999EQfNvuds?t=569s,pour_wax,assemble,1,0.45,Pouring the green matcha wax into the glass.,"Pouring the green matcha wax into the glass. captioned, static shot, bright, muted white/beige palette (#f3f1ea, #c7c2b2). assemble phase, ~88% in, 9:28–9:36.",pus 1 ue,1,0.0,0.037,0.029,0.817,0.075,"#f3f1ea,#c7c2b2,#85857e",1,,
9ziN3qqHkc4,https://www.youtube.com/watch?v=9ziN3qqHkc4,How to Make a Soy Candle With 3 Layers - Multi Layer Fourth of July Candle,472.0,storyboard,19,152.0,160.0,8.0,https://youtu.be/9ziN3qqHkc4?t=152s,pour_wax,assemble,1,0.5,Red first layer poured into the rows of cups.,"Red first layer poured into the rows of cups. lots of on-screen movement, well-lit, muted cream/brown palette (#e2e3da, #3e373f). assemble phase, ~32% in, 2:32–2:40.",eae,0,0.0,0.163,0.387,0.509,0.083,"#e2e3da,#3e373f,#9ea099",1,,
9ziN3qqHkc4,https://www.youtube.com/watch?v=9ziN3qqHkc4,How to Make a Soy Candle With 3 Layers - Multi Layer Fourth of July Candle,472.0,storyboard,20,160.0,168.0,8.0,https://youtu.be/9ziN3qqHkc4?t=160s,pour_wax,assemble,1,0.5,Hand fills a red-layer cup.,"Hand fills a red-layer cup. captioned, lots of on-screen movement, well-lit, muted brown/beige palette (#4a4f59, #b6a598). assemble phase, ~34% in, 2:40–2:48.",ol Vhs An,1,0.0,0.121,0.387,0.564,0.082,"#4a4f59,#b6a598,#1b1314",1,,
9ziN3qqHkc4,https://www.youtube.com/watch?v=9ziN3qqHkc4,How to Make a Soy Candle With 3 Layers - Multi Layer Fourth of July Candle,472.0,storyboard,21,168.0,176.0,8.0,https://youtu.be/9ziN3qqHkc4?t=168s,pour_wax,assemble,1,0.5,Rows of cups with the red layer.,"Rows of cups with the red layer. static shot, dim, muted brown/beige palette (#4b505b, #b6a699). assemble phase, ~36% in, 2:48–2:56.",oo figs,0,0.0,0.113,0.0,0.392,0.077,"#4b505b,#b6a699,#251a1b",1,,
9ziN3qqHkc4,https://www.youtube.com/watch?v=9ziN3qqHkc4,How to Make a Soy Candle With 3 Layers - Multi Layer Fourth of July Candle,472.0,storyboard,22,176.0,184.0,8.0,https://youtu.be/9ziN3qqHkc4?t=176s,pour_wax,assemble,1,0.55,Host talks; fragrance math '15 x 0.09 = 1.35'.,"Host talks; fragrance math '15 x 0.09 = 1.35'. Pouring the melted wax from the pitcher into the prepared container. static shot, dim, muted brown/beige palette (#4b505b, #b6a79b). assemble phase, ~37% in, 2:56–3:04.",,0,0.0,0.109,0.026,0.396,0.076,"#4b505b,#b6a79b,#231b1d",1,,description references on-screen text but OCR found none
9ziN3qqHkc4,https://www.youtube.com/watch?v=9ziN3qqHkc4,How to Make a Soy Candle With 3 Layers - Multi Layer Fourth of July Candle,472.0,storyboard,23,184.0,192.0,8.0,https://youtu.be/9ziN3qqHkc4?t=184s,pour_wax,assemble,1,0.5,Rows of cups with the red layer.,"Rows of cups with the red layer. moderate on-screen movement, well-lit, muted cream/brown palette (#dedbcf, #3e3840). assemble phase, ~39% in, 3:04–3:12.",2,0,0.0,0.128,0.343,0.49,0.087,"#dedbcf,#3e3840,#a19d90",1,,
9ziN3qqHkc4,https://www.youtube.com/watch?v=9ziN3qqHkc4,How to Make a Soy Candle With 3 Layers - Multi Layer Fourth of July Candle,472.0,storyboard,28,224.0,232.0,8.0,https://youtu.be/9ziN3qqHkc4?t=224s,pour_wax,assemble,1,0.45,Host with a pouring pitcher.,"Host with a pouring pitcher. steady, low-motion shot, dim, muted brown/beige palette (#4a4f59, #baab9b). assemble phase, ~47% in, 3:44–3:52.",,0,0.0,0.121,0.077,0.389,0.079,"#4a4f59,#baab9b,#241c1c",1,,
9ziN3qqHkc4,https://www.youtube.com/watch?v=9ziN3qqHkc4,How to Make a Soy Candle With 3 Layers - Multi Layer Fourth of July Candle,472.0,storyboard,46,368.0,376.0,8.0,https://youtu.be/9ziN3qqHkc4?t=368s,pour_wax,assemble,1,0.5,Overhead pouring on the hot plate.,"Overhead pouring on the hot plate. static shot, dim, muted brown/beige palette (#484f57, #b79e8b). assemble phase, ~78% in, 6:08–6:16.",Ru,0,0.0,0.111,0.017,0.369,0.109,"#484f57,#b79e8b,#252221",1,,
9ziN3qqHkc4,https://www.youtube.com/watch?v=9ziN3qqHkc4,How to Make a Soy Candle With 3 Layers - Multi Layer Fourth of July Candle,472.0,storyboard,51,408.0,416.0,8.0,https://youtu.be/9ziN3qqHkc4?t=408s,pour_wax,assemble,1,0.5,Host pours the next layer into the cups.,"Host pours the next layer into the cups. steady, low-motion shot, dim, muted brown/beige palette (#4c4d54, #b9a89a). assemble phase, ~86% in, 6:48–6:56.",7,0,0.0,0.135,0.062,0.362,0.089,"#4c4d54,#b9a89a,#211d1e",1,,
AoypdYVB82A,https://www.youtube.com/watch?v=AoypdYVB82A,How to Make Pillar Candles at Home =),568.0,storyboard,7,56.0,64.0,8.0,https://youtu.be/AoypdYVB82A?t=56s,pour_wax,assemble,1,0.45,Pouring molten wax into a paper/carton mould.,"Pouring molten wax into a paper/carton mould. moderate on-screen movement, dark, muted black/brown palette (#361f18, #655353). assemble phase, ~10% in, 0:56–1:04.",rf,0,0.0,0.076,0.179,0.174,0.116,"#361f18,#655353,#bbab8f",1,,
AoypdYVB82A,https://www.youtube.com/watch?v=AoypdYVB82A,How to Make Pillar Candles at Home =),568.0,storyboard,10,80.0,88.0,8.0,https://youtu.be/AoypdYVB82A?t=80s,pour_wax,assemble,1,0.45,Pouring molten wax into a paper/carton mould.,"Pouring molten wax into a paper/carton mould. captioned, static shot, well-lit, grey/black palette (#8b6e52, #382a1a). assemble phase, ~14% in, 1:20–1:28.",Ti WN? CoN,1,0.0,0.173,0.0,0.445,0.188,"#8b6e52,#382a1a,#c8b49f",1,,
AoypdYVB82A,https://www.youtube.com/watch?v=AoypdYVB82A,How to Make Pillar Candles at Home =),568.0,storyboard,13,104.0,112.0,8.0,https://youtu.be/AoypdYVB82A?t=104s,pour_wax,assemble,1,0.45,Pouring molten wax into a paper/carton mould.,"Pouring molten wax into a paper/carton mould. moderate on-screen movement, dim, muted brown/grey palette (#674b33, #9b8d82). assemble phase, ~18% in, 1:44–1:52.",3 to,0,0.0,0.076,0.156,0.392,0.12,"#674b33,#9b8d82,#472d18",1,,
AoypdYVB82A,https://www.youtube.com/watch?v=AoypdYVB82A,How to Make Pillar Candles at Home =),568.0,storyboard,16,128.0,136.0,8.0,https://youtu.be/AoypdYVB82A?t=128s,pour_wax,assemble,1,0.45,Pouring molten wax into a paper/carton mould.,"Pouring molten wax into a paper/carton mould. steady, low-motion shot, well-lit, muted grey/brown palette (#8a7567, #694834). assemble phase, ~23% in, 2:08–2:16.",oe,0,0.0,0.026,0.101,0.46,0.112,"#8a7567,#694834,#a8988f",1,,
AoypdYVB82A,https://www.youtube.com/watch?v=AoypdYVB82A,How to Make Pillar Candles at Home =),568.0,storyboard,19,152.0,160.0,8.0,https://youtu.be/AoypdYVB82A?t=152s,pour_wax,assemble,1,0.45,Pouring molten wax into a paper/carton mould.,"Pouring molten wax into a paper/carton mould. captioned, moderate on-screen movement, well-lit, brown palette (#98763b, #5a3c1f). assemble phase, ~27% in, 2:32–2:40.",4 Vm jem 7 7,1,0.0,0.08,0.181,0.444,0.181,"#98763b,#5a3c1f,#dbca99",1,,
AoypdYVB82A,https://www.youtube.com/watch?v=AoypdYVB82A,How to Make Pillar Candles at Home =),568.0,storyboard,22,176.0,184.0,8.0,https://youtu.be/AoypdYVB82A?t=176s,pour_wax,assemble,1,0.45,Pouring molten wax into a paper/carton mould.,"Pouring molten wax into a paper/carton mould. static shot, well-lit, grey/black palette (#8b7257, #392c1c). assemble phase, ~31% in, 2:56–3:04.",oe ey,0,0.0,0.159,0.0,0.431,0.184,"#8b7257,#392c1c,#cab6a2",1,,
AoypdYVB82A,https://www.youtube.com/watch?v=AoypdYVB82A,How to Make Pillar Candles at Home =),568.0,storyboard,26,208.0,216.0,8.0,https://youtu.be/AoypdYVB82A?t=208s,pour_wax,assemble,1,0.5,Pouring wax into the moulds.,"Pouring wax into the moulds. steady, low-motion shot, dim, muted brown palette (#674b32, #492d16). assemble phase, ~37% in, 3:28–3:36.",Jk,0,0.0,0.025,0.072,0.357,0.132,"#674b32,#492d16,#a89a8d",1,,
AoypdYVB82A,https://www.youtube.com/watch?v=AoypdYVB82A,How to Make Pillar Candles at Home =),568.0,storyboard,27,216.0,224.0,8.0,https://youtu.be/AoypdYVB82A?t=216s,pour_wax,assemble,1,0.5,Pouring wax into the moulds.,"Pouring wax into the moulds. static shot, well-lit, amber/black palette (#a5745d, #2d221b). assemble phase, ~38% in, 3:36–3:44.",ae: ae,0,0.0,0.149,0.0,0.444,0.188,"#a5745d,#2d221b,#c7b5a3",1,,
AoypdYVB82A,https://www.youtube.com/watch?v=AoypdYVB82A,How to Make Pillar Candles at Home =),568.0,storyboard,28,224.0,232.0,8.0,https://youtu.be/AoypdYVB82A?t=224s,pour_wax,assemble,1,0.5,Melting amber wax in the pot (double boiler).,"Melting amber wax in the pot (double boiler). captioned, moderate on-screen movement, well-lit, grey/brown palette (#866c57, #4f3624). assemble phase, ~39% in, 3:44–3:52.",ner os 4 an lad wo 4 fi,1,0.0,0.096,0.24,0.4,0.152,"#866c57,#4f3624,#bfafa1",1,,
AoypdYVB82A,https://www.youtube.com/watch?v=AoypdYVB82A,How to Make Pillar Candles at Home =),568.0,storyboard,29,232.0,240.0,8.0,https://youtu.be/AoypdYVB82A?t=232s,pour_wax,assemble,1,0.5,Pouring wax into the moulds.,"Pouring wax into the moulds. moderate on-screen movement, dim, brown/beige palette (#6a442f, #c0b2a7). assemble phase, ~41% in, 3:52–4:00.",,0,0.0,0.069,0.304,0.386,0.168,"#6a442f,#c0b2a7,#947969",1,,
AoypdYVB82A,https://www.youtube.com/watch?v=AoypdYVB82A,How to Make Pillar Candles at Home =),568.0,storyboard,45,360.0,368.0,8.0,https://youtu.be/AoypdYVB82A?t=360s,pour_wax,assemble,1,0.5,Pouring wax into the moulds.,"Pouring wax into the moulds. moderate on-screen movement, dim, brown/black palette (#735647, #3d2317). assemble phase, ~63% in, 6:00–6:08.",,0,0.0,0.193,0.161,0.325,0.171,"#735647,#3d2317,#908691",1,,
B2AFuHYg_Io,https://www.youtube.com/watch?v=B2AFuHYg_Io,Coconut Soy wax candle making for beginners,507.0,storyboard,22,177.05,185.1,8.05,https://youtu.be/B2AFuHYg_Io?t=177s,pour_wax,assemble,1,0.55,Yellow wax poured into a black glass jar.,"Yellow wax poured into a black glass jar. static shot, dim, muted black/beige palette (#24181c, #abaea0). assemble phase, ~35% in, 2:57–3:05.",,0,0.0,0.006,0.0,0.376,0.081,"#24181c,#abaea0,#6f6965",1,,
B2AFuHYg_Io,https://www.youtube.com/watch?v=B2AFuHYg_Io,Coconut Soy wax candle making for beginners,507.0,storyboard,23,185.1,193.14,8.04,https://youtu.be/B2AFuHYg_Io?t=185s,pour_wax,assemble,1,0.5,Black jar with yellow wax; wick stick.,"Black jar with yellow wax; wick stick. steady, low-motion shot, well-lit, muted grey/beige palette (#767167, #a8a99d). assemble phase, ~37% in, 3:05–3:13.",,0,0.0,0.01,0.098,0.404,0.09,"#767167,#a8a99d,#39272a",1,,
BA8q74YNEHA,https://www.youtube.com/watch?v=BA8q74YNEHA,How to Make a Mold for Candles | DIY Pillar Candle Mould Using PVC Pipe,230.0,storyboard,20,158.62,166.55,7.93,https://youtu.be/BA8q74YNEHA?t=159s,pour_wax,assemble,1,0.45,Casting: pouring wax into the finished mould.,"Casting: pouring wax into the finished mould. captioned, moderate on-screen movement, well-lit, muted black/grey palette (#2c2f2c, #71756d). assemble phase, ~69% in, 2:38–2:46.","av, ae ull",1,0.0,0.028,0.19,0.409,0.107,"#2c2f2c,#71756d,#cfe5e0",1,,
BA8q74YNEHA,https://www.youtube.com/watch?v=BA8q74YNEHA,How to Make a Mold for Candles | DIY Pillar Candle Mould Using PVC Pipe,230.0,storyboard,21,166.55,174.48,7.93,https://youtu.be/BA8q74YNEHA?t=167s,pour_wax,assemble,1,0.45,Casting: pouring wax into the finished mould.,"Casting: pouring wax into the finished mould. captioned, moderate on-screen movement, well-lit, muted grey/beige palette (#7e7e74, #aaa897). assemble phase, ~72% in, 2:46–2:54.",7. ae CHG aS perce,1,0.333,0.046,0.218,0.427,0.107,"#7e7e74,#aaa897,#4b453d",1,,
BbGnbTIz7_s,https://www.youtube.com/watch?v=BbGnbTIz7_s,Ombre 5 layers gradient candle tutorial | Step by step | Advanced candle making | POV (no talking),505.0,storyboard,11,88.17,96.19,8.02,https://youtu.be/BbGnbTIz7_s?t=88s,pour_wax,assemble,1,0.5,Caption about pouring slowly; first pour.,"Caption about pouring slowly; first pour. captioned, moderate on-screen movement, bright, muted cream/beige palette (#e5e6e3, #b9bab5). assemble phase, ~17% in, 1:28–1:36.",The key to this technique y's to melt the whole of wax yand.gradually add dye to complete Each ayers. From.0 Gol ur in layer 1 top layer Tee Golour in layer 5 bottorn layer,1,0.0,0.113,0.178,0.743,0.102,"#e5e6e3,#b9bab5,#867f74",1,,
BbGnbTIz7_s,https://www.youtube.com/watch?v=BbGnbTIz7_s,Ombre 5 layers gradient candle tutorial | Step by step | Advanced candle making | POV (no talking),505.0,storyboard,13,104.21,112.22,8.01,https://youtu.be/BbGnbTIz7_s?t=104s,pour_wax,assemble,1,0.55,Natural (uncoloured) wax poured into the mould as layer 1.,"Natural (uncoloured) wax poured into the mould as layer 1. captioned, steady, low-motion shot, well-lit, beige/cream palette (#b7b1a7, #e4ded2). assemble phase, ~21% in, 1:44–1:52.","ayn moh 395 pais oa rrelvaac Gently tap the moid to reiease tranpeds ar Dbuboles 1 aie me 3 es ie Di ie ieee. teen ity Lain Me She Aas est oh ee Vi lag mart AD, BE Se Hh tf ay ie be DOR Te lh AA yf iy",1,0.0,0.06,0.144,0.668,0.159,"#b7b1a7,#e4ded2,#a28350",1,,
BbGnbTIz7_s,https://www.youtube.com/watch?v=BbGnbTIz7_s,Ombre 5 layers gradient candle tutorial | Step by step | Advanced candle making | POV (no talking),505.0,storyboard,20,160.32,168.33,8.01,https://youtu.be/BbGnbTIz7_s?t=160s,pour_wax,assemble,1,0.5,Pouring the next layer; caption.,"Pouring the next layer; caption. captioned, moderate on-screen movement, well-lit, muted cream/beige palette (#dddad0, #bba592). assemble phase, ~32% in, 2:40–2:48.",To bee CEDOUP TRE ext ayer NBOQ ine wax In alice gel text ut NO Wax reESIGHe Ih YOU pt IaVvor le MM pEtentOresar oun:,1,0.0,0.063,0.239,0.632,0.135,"#dddad0,#bba592,#322f30",1,,
BbGnbTIz7_s,https://www.youtube.com/watch?v=BbGnbTIz7_s,Ombre 5 layers gradient candle tutorial | Step by step | Advanced candle making | POV (no talking),505.0,storyboard,25,200.4,208.41,8.01,https://youtu.be/BbGnbTIz7_s?t=200s,pour_wax,assemble,1,0.5,Pouring; 'time to do the next layer'.,"Pouring; 'time to do the next layer'. captioned, static shot, well-lit, muted beige/grey palette (#c8c6be, #9e8f81). assemble phase, ~40% in, 3:20–3:28.",io Es ii,1,0.0,0.033,0.037,0.625,0.104,"#c8c6be,#9e8f81,#493431",1,,
BbGnbTIz7_s,https://www.youtube.com/watch?v=BbGnbTIz7_s,Ombre 5 layers gradient candle tutorial | Step by step | Advanced candle making | POV (no talking),505.0,storyboard,26,208.41,216.43,8.02,https://youtu.be/BbGnbTIz7_s?t=208s,pour_wax,assemble,1,0.5,Dye chip added to the pitcher.,"Dye chip added to the pitcher. static shot, well-lit, beige/amber palette (#c4c3bb, #ad8370). assemble phase, ~41% in, 3:28–3:36.",,0,0.0,0.017,0.0,0.627,0.151,"#c4c3bb,#ad8370,#472e2a",1,,
BbGnbTIz7_s,https://www.youtube.com/watch?v=BbGnbTIz7_s,Ombre 5 layers gradient candle tutorial | Step by step | Advanced candle making | POV (no talking),505.0,storyboard,27,216.43,224.44,8.01,https://youtu.be/BbGnbTIz7_s?t=216s,pour_wax,assemble,1,0.55,'LAYER 2 - lightly coloured'; pouring layer 2.,"'LAYER 2 - lightly coloured'; pouring layer 2. captioned, moderate on-screen movement, well-lit, muted beige/brown palette (#c7c4bd, #4f3a34). assemble phase, ~43% in, 3:36–3:44.",LAYER 2 LICHTLY COLOURED CX,1,0.0,0.04,0.208,0.625,0.08,"#c7c4bd,#4f3a34,#a2978b",1,,
BbGnbTIz7_s,https://www.youtube.com/watch?v=BbGnbTIz7_s,Ombre 5 layers gradient candle tutorial | Step by step | Advanced candle making | POV (no talking),505.0,storyboard,28,224.44,232.46,8.02,https://youtu.be/BbGnbTIz7_s?t=224s,pour_wax,assemble,1,0.5,Pouring the second layer slowly.,"Pouring the second layer slowly. captioned, steady, low-motion shot, well-lit, muted cream/grey palette (#cdccc5, #a98774). assemble phase, ~44% in, 3:44–3:52.",Pour slowly until you reach the end Of the second layer 4 hs il nn,1,0.0,0.089,0.069,0.668,0.13,"#cdccc5,#a98774,#5f4844",1,,
BbGnbTIz7_s,https://www.youtube.com/watch?v=BbGnbTIz7_s,Ombre 5 layers gradient candle tutorial | Step by step | Advanced candle making | POV (no talking),505.0,storyboard,29,232.46,240.48,8.02,https://youtu.be/BbGnbTIz7_s?t=232s,pour_wax,assemble,1,0.5,Pouring the second layer.,"Pouring the second layer. static shot, well-lit, muted beige/grey palette (#c5c3bc, #a57f6e). assemble phase, ~46% in, 3:52–4:00.",Dee.,0,0.0,0.044,0.0,0.63,0.144,"#c5c3bc,#a57f6e,#473d3d",1,,
BbGnbTIz7_s,https://www.youtube.com/watch?v=BbGnbTIz7_s,Ombre 5 layers gradient candle tutorial | Step by step | Advanced candle making | POV (no talking),505.0,storyboard,30,240.48,248.49,8.01,https://youtu.be/BbGnbTIz7_s?t=240s,pour_wax,assemble,1,0.45,'Gently tap the mould to release bubbles'.,"'Gently tap the mould to release bubbles'. captioned, moderate on-screen movement, well-lit, muted cream/grey palette (#cdcbc4, #a78d80). assemble phase, ~48% in, 4:00–4:08.",ae 4 ently tap the mold to releasaeain DUBBIEs We. fi Ne aa of vin.,1,0.0,0.05,0.185,0.619,0.103,"#cdcbc4,#a78d80,#4e3e3b",1,,
BbGnbTIz7_s,https://www.youtube.com/watch?v=BbGnbTIz7_s,Ombre 5 layers gradient candle tutorial | Step by step | Advanced candle making | POV (no talking),505.0,storyboard,37,296.59,304.6,8.01,https://youtu.be/BbGnbTIz7_s?t=297s,pour_wax,assemble,1,0.5,Pouring the third layer.,"Pouring the third layer. Pouring the melted wax from the pitcher into the prepared container. steady, low-motion shot, well-lit, muted beige/cream palette (#b6b5af, #dfe1dc). assemble phase, ~59% in, 4:56–5:04.",af ae,0,0.0,0.073,0.145,0.693,0.101,"#b6b5af,#dfe1dc,#624241",1,,
BbGnbTIz7_s,https://www.youtube.com/watch?v=BbGnbTIz7_s,Ombre 5 layers gradient candle tutorial | Step by step | Advanced candle making | POV (no talking),505.0,storyboard,44,352.7,360.71,8.01,https://youtu.be/BbGnbTIz7_s?t=353s,pour_wax,assemble,1,0.5,Colour/pour the next layer.,"Colour/pour the next layer. moderate on-screen movement, well-lit, muted cream/brown palette (#dbd5ca, #824940). assemble phase, ~70% in, 5:52–6:00.",,0,0.0,0.044,0.229,0.657,0.144,"#dbd5ca,#824940,#c09883",1,,
BbGnbTIz7_s,https://www.youtube.com/watch?v=BbGnbTIz7_s,Ombre 5 layers gradient candle tutorial | Step by step | Advanced candle making | POV (no talking),505.0,storyboard,45,360.71,368.73,8.02,https://youtu.be/BbGnbTIz7_s?t=361s,pour_wax,assemble,1,0.5,Spoon test on the mould.,"Spoon test on the mould. Pouring the melted wax from the pitcher into the prepared container. moderate on-screen movement, well-lit, muted beige/grey palette (#c6c5bd, #a18880). assemble phase, ~71% in, 6:00–6:08.",,0,0.0,0.01,0.212,0.635,0.145,"#c6c5bd,#a18880,#533737",1,,
BbGnbTIz7_s,https://www.youtube.com/watch?v=BbGnbTIz7_s,Ombre 5 layers gradient candle tutorial | Step by step | Advanced candle making | POV (no talking),505.0,storyboard,46,368.73,376.75,8.02,https://youtu.be/BbGnbTIz7_s?t=369s,pour_wax,assemble,1,0.55,'LAYER 4 - dark colour'; pouring.,"'LAYER 4 - dark colour'; pouring. steady, low-motion shot, well-lit, muted beige/grey palette (#c8c4bb, #ab8c7d). assemble phase, ~73% in, 6:08–6:16.",7,0,0.0,0.032,0.121,0.637,0.109,"#c8c4bb,#ab8c7d,#4f3c3b",1,,description references on-screen text but OCR found none
BbGnbTIz7_s,https://www.youtube.com/watch?v=BbGnbTIz7_s,Ombre 5 layers gradient candle tutorial | Step by step | Advanced candle making | POV (no talking),505.0,storyboard,49,392.78,400.79,8.01,https://youtu.be/BbGnbTIz7_s?t=393s,pour_wax,assemble,1,0.5,Pour the last layer; 'saturate the colour'.,"Pour the last layer; 'saturate the colour'. captioned, steady, low-motion shot, well-lit, muted cream/grey palette (#d1cec8, #a69d97). assemble phase, ~78% in, 6:32–6:40.","2 wr, LO Oe 7",1,0.0,0.056,0.08,0.695,0.08,"#d1cec8,#a69d97,#40272b",1,,
BbGnbTIz7_s,https://www.youtube.com/watch?v=BbGnbTIz7_s,Ombre 5 layers gradient candle tutorial | Step by step | Advanced candle making | POV (no talking),505.0,storyboard,50,400.79,408.81,8.02,https://youtu.be/BbGnbTIz7_s?t=401s,pour_wax,assemble,1,0.5,Pouring the dark saturated layer.,"Pouring the dark saturated layer. static shot, well-lit, muted beige/brown palette (#c7c5be, #4e2d2c). assemble phase, ~79% in, 6:40–6:48.",,0,0.0,0.012,0.0,0.627,0.086,"#c7c5be,#4e2d2c,#a0948f",1,,
BbGnbTIz7_s,https://www.youtube.com/watch?v=BbGnbTIz7_s,Ombre 5 layers gradient candle tutorial | Step by step | Advanced candle making | POV (no talking),505.0,storyboard,51,408.81,416.83,8.02,https://youtu.be/BbGnbTIz7_s?t=409s,pour_wax,assemble,1,0.5,Thermometer reading; mould.,"Thermometer reading; mould. captioned, moderate on-screen movement, well-lit, muted beige/grey palette (#cbc5bb, #a48574). assemble phase, ~81% in, 6:48–6:56.",sl ie Ora Ge fy,1,0.0,0.027,0.243,0.617,0.1,"#cbc5bb,#a48574,#262326",1,,
BbGnbTIz7_s,https://www.youtube.com/watch?v=BbGnbTIz7_s,Ombre 5 layers gradient candle tutorial | Step by step | Advanced candle making | POV (no talking),505.0,storyboard,52,416.83,424.84,8.01,https://youtu.be/BbGnbTIz7_s?t=417s,pour_wax,assemble,1,0.45,Heat gun over the mould top; pouring.,"Heat gun over the mould top; pouring. steady, low-motion shot, well-lit, muted beige/grey palette (#cecbc2, #9e8a85). assemble phase, ~83% in, 6:56–7:04.",6.,0,0.0,0.03,0.147,0.622,0.126,"#cecbc2,#9e8a85,#373b46",1,,
BbGnbTIz7_s,https://www.youtube.com/watch?v=BbGnbTIz7_s,Ombre 5 layers gradient candle tutorial | Step by step | Advanced candle making | POV (no talking),505.0,storyboard,53,424.84,432.86,8.02,https://youtu.be/BbGnbTIz7_s?t=425s,pour_wax,assemble,1,0.55,'LAYER 5 - saturated colour'; heat gun.,"'LAYER 5 - saturated colour'; heat gun. captioned, steady, low-motion shot, well-lit, muted beige/grey palette (#cec8bf, #93807b). assemble phase, ~84% in, 7:04–7:12.",1 LAYER S&S SATURATED COLOUR 1 IN,1,0.0,0.045,0.108,0.614,0.082,"#cec8bf,#93807b,#39292c",1,,
BkYBsDHjXaw,https://www.youtube.com/watch?v=BkYBsDHjXaw,"Automatic Indian wax, Candle Making Machine/ Ask Price - 09354433750  New Delhi",196.0,storyboard,0,0.0,8.17,8.17,https://youtu.be/BkYBsDHjXaw?t=0s,pour_wax,assemble,1,0.4,Automatic candle machine: rows of white candles formed in the moulds (steam).,"Automatic candle machine: rows of white candles formed in the moulds (steam). captioned, moderate on-screen movement, dim, muted black/grey palette (#241b17, #7f6a67). assemble phase, ~0% in, 0:00–0:08.",Ta em gee We ot ae tty Wiha or. Wy ve tA fa TT ll TE: ry: Biz 4 4,1,0.0,0.121,0.174,0.329,0.119,"#241b17,#7f6a67,#b8b4b3",1,,
BkYBsDHjXaw,https://www.youtube.com/watch?v=BkYBsDHjXaw,"Automatic Indian wax, Candle Making Machine/ Ask Price - 09354433750  New Delhi",196.0,storyboard,1,8.17,16.33,8.16,https://youtu.be/BkYBsDHjXaw?t=8s,pour_wax,assemble,1,0.4,Automatic candle machine: rows of white candles formed in the moulds (steam).,"Automatic candle machine: rows of white candles formed in the moulds (steam). captioned, moderate on-screen movement, dim, muted black/grey palette (#271f1c, #756361). assemble phase, ~4% in, 0:08–0:16.","ik 4 tf LT Pag 7 Ut fi eae 09891 ey, 2 ao,",1,0.0,0.112,0.205,0.385,0.127,"#271f1c,#756361,#acabac",1,,
BkYBsDHjXaw,https://www.youtube.com/watch?v=BkYBsDHjXaw,"Automatic Indian wax, Candle Making Machine/ Ask Price - 09354433750  New Delhi",196.0,storyboard,2,16.33,24.5,8.17,https://youtu.be/BkYBsDHjXaw?t=16s,pour_wax,assemble,1,0.4,Automatic candle machine: rows of white candles formed in the moulds (steam).,"Automatic candle machine: rows of white candles formed in the moulds (steam). captioned, moderate on-screen movement, well-lit, muted beige/grey palette (#acaaa9, #615a60). assemble phase, ~8% in, 0:16–0:24.",Me he 1 of 7 el ms ce uiry:- tag,1,0.0,0.091,0.171,0.428,0.133,"#acaaa9,#615a60,#1f1817",1,,
BkYBsDHjXaw,https://www.youtube.com/watch?v=BkYBsDHjXaw,"Automatic Indian wax, Candle Making Machine/ Ask Price - 09354433750  New Delhi",196.0,storyboard,3,24.5,32.67,8.17,https://youtu.be/BkYBsDHjXaw?t=24s,pour_wax,assemble,1,0.4,Automatic candle machine: rows of white candles formed in the moulds (steam).,"Automatic candle machine: rows of white candles formed in the moulds (steam). captioned, moderate on-screen movement, well-lit, muted grey/black palette (#6d605e, #252121). assemble phase, ~12% in, 0:24–0:32.","ie we woe 40.0 BRS Sin, Sates Vs he smemee si ///1/LLLTEL/ LLL ut is wet. Fett so 7 of 7 at",1,0.0,0.154,0.231,0.432,0.139,"#6d605e,#252121,#bbb5ae",1,,
BkYBsDHjXaw,https://www.youtube.com/watch?v=BkYBsDHjXaw,"Automatic Indian wax, Candle Making Machine/ Ask Price - 09354433750  New Delhi",196.0,storyboard,4,32.67,40.83,8.16,https://youtu.be/BkYBsDHjXaw?t=33s,pour_wax,assemble,1,0.4,Automatic candle machine: rows of white candles formed in the moulds (steam).,"Automatic candle machine: rows of white candles formed in the moulds (steam). captioned, moderate on-screen movement, well-lit, muted beige/grey palette (#b7b0a9, #7a6d69). assemble phase, ~17% in, 0:32–0:40.",7 Xi Se 4 Lit ry. 0989197471 me,1,0.0,0.076,0.247,0.454,0.144,"#b7b0a9,#7a6d69,#312525",1,,
BkYBsDHjXaw,https://www.youtube.com/watch?v=BkYBsDHjXaw,"Automatic Indian wax, Candle Making Machine/ Ask Price - 09354433750  New Delhi",196.0,storyboard,5,40.83,49.0,8.17,https://youtu.be/BkYBsDHjXaw?t=41s,pour_wax,assemble,1,0.4,Automatic candle machine: rows of white candles formed in the moulds (steam).,"Automatic candle machine: rows of white candles formed in the moulds (steam). captioned, moderate on-screen movement, dim, muted black/beige palette (#201411, #a6a6a3). assemble phase, ~21% in, 0:40–0:49.",re. Qe io oe So rr Vises Pe 1174712 1 is,1,0.0,0.082,0.202,0.372,0.149,"#201411,#a6a6a3,#725449",1,,
BkYBsDHjXaw,https://www.youtube.com/watch?v=BkYBsDHjXaw,"Automatic Indian wax, Candle Making Machine/ Ask Price - 09354433750  New Delhi",196.0,storyboard,7,57.17,65.33,8.16,https://youtu.be/BkYBsDHjXaw?t=57s,pour_wax,assemble,1,0.4,Automatic candle machine: rows of white candles formed in the moulds (steam).,"Automatic candle machine: rows of white candles formed in the moulds (steam). captioned, moderate on-screen movement, dim, muted black/beige palette (#1e1011, #b4a4a0). assemble phase, ~29% in, 0:57–1:05.",bial Se ed be we TANT 4 suiry:- 0960 aes ee,1,0.0,0.074,0.18,0.391,0.147,"#1e1011,#b4a4a0,#7c5b59",1,,
BkYBsDHjXaw,https://www.youtube.com/watch?v=BkYBsDHjXaw,"Automatic Indian wax, Candle Making Machine/ Ask Price - 09354433750  New Delhi",196.0,storyboard,8,65.33,73.5,8.17,https://youtu.be/BkYBsDHjXaw?t=65s,pour_wax,assemble,1,0.4,Automatic candle machine: rows of white candles formed in the moulds (steam).,"Automatic candle machine: rows of white candles formed in the moulds (steam). captioned, moderate on-screen movement, dim, muted grey/brown palette (#a09896, #6d564e). assemble phase, ~33% in, 1:05–1:13.",dy joa hem ca ae sipquiry 09891174712,1,0.0,0.071,0.203,0.377,0.14,"#a09896,#6d564e,#201a18",1,,
BkYBsDHjXaw,https://www.youtube.com/watch?v=BkYBsDHjXaw,"Automatic Indian wax, Candle Making Machine/ Ask Price - 09354433750  New Delhi",196.0,storyboard,9,73.5,81.67,8.17,https://youtu.be/BkYBsDHjXaw?t=74s,pour_wax,assemble,1,0.4,Automatic candle machine: rows of white candles formed in the moulds (steam).,"Automatic candle machine: rows of white candles formed in the moulds (steam). captioned, steady, low-motion shot, well-lit, muted grey/beige palette (#79645f, #aeabb0). assemble phase, ~38% in, 1:13–1:21.",te le af xe Py Se Se ee Muiry--vssoTia7i2 ery 0989 12,1,0.0,0.048,0.132,0.433,0.133,"#79645f,#aeabb0,#2d2a2c",1,,
BkYBsDHjXaw,https://www.youtube.com/watch?v=BkYBsDHjXaw,"Automatic Indian wax, Candle Making Machine/ Ask Price - 09354433750  New Delhi",196.0,storyboard,10,81.67,89.83,8.16,https://youtu.be/BkYBsDHjXaw?t=82s,pour_wax,assemble,1,0.4,Automatic candle machine: rows of white candles formed in the moulds (steam).,"Automatic candle machine: rows of white candles formed in the moulds (steam). captioned, moderate on-screen movement, well-lit, muted beige/grey palette (#c3bdb5, #7e6e68). assemble phase, ~42% in, 1:21–1:29.",Sa Ph Sen warren ie VT 4 al 3 ta ee 7 sire py 3 Semen uiry: 09894 ot.,1,0.0,0.069,0.166,0.475,0.147,"#c3bdb5,#7e6e68,#342a2a",1,,
BkYBsDHjXaw,https://www.youtube.com/watch?v=BkYBsDHjXaw,"Automatic Indian wax, Candle Making Machine/ Ask Price - 09354433750  New Delhi",196.0,storyboard,11,89.83,98.0,8.17,https://youtu.be/BkYBsDHjXaw?t=90s,pour_wax,assemble,1,0.4,Automatic candle machine: rows of white candles formed in the moulds (steam).,"Automatic candle machine: rows of white candles formed in the moulds (steam). captioned, moderate on-screen movement, well-lit, muted grey/black palette (#6e6064, #251c19). assemble phase, ~46% in, 1:29–1:38.",LN Pasir eeeees7 4,1,0.0,0.107,0.203,0.436,0.144,"#6e6064,#251c19,#bcb3ae",1,,
BkYBsDHjXaw,https://www.youtube.com/watch?v=BkYBsDHjXaw,"Automatic Indian wax, Candle Making Machine/ Ask Price - 09354433750  New Delhi",196.0,storyboard,12,98.0,106.17,8.17,https://youtu.be/BkYBsDHjXaw?t=98s,pour_wax,assemble,1,0.4,Automatic candle machine: rows of white candles formed in the moulds (steam).,"Automatic candle machine: rows of white candles formed in the moulds (steam). captioned, moderate on-screen movement, dim, muted brown/black palette (#66585c, #302420). assemble phase, ~50% in, 1:38–1:46.",4 he fc ie ep fi Pt ia Le oe at,1,0.0,0.159,0.183,0.381,0.14,"#66585c,#302420,#afa3a5",1,,
BkYBsDHjXaw,https://www.youtube.com/watch?v=BkYBsDHjXaw,"Automatic Indian wax, Candle Making Machine/ Ask Price - 09354433750  New Delhi",196.0,storyboard,13,106.17,114.33,8.16,https://youtu.be/BkYBsDHjXaw?t=106s,pour_wax,assemble,1,0.4,Automatic candle machine: rows of white candles formed in the moulds (steam).,"Automatic candle machine: rows of white candles formed in the moulds (steam). captioned, moderate on-screen movement, dim, muted grey/black palette (#766362, #271f1f). assemble phase, ~54% in, 1:46–1:54.",ee er 30398 74712,1,0.0,0.14,0.182,0.395,0.144,"#766362,#271f1f,#b1abaf",1,,
BkYBsDHjXaw,https://www.youtube.com/watch?v=BkYBsDHjXaw,"Automatic Indian wax, Candle Making Machine/ Ask Price - 09354433750  New Delhi",196.0,storyboard,14,114.33,122.5,8.17,https://youtu.be/BkYBsDHjXaw?t=114s,pour_wax,assemble,1,0.4,Automatic candle machine: rows of white candles formed in the moulds (steam).,"Automatic candle machine: rows of white candles formed in the moulds (steam). captioned, moderate on-screen movement, well-lit, muted grey palette (#a49f9a, #695b61). assemble phase, ~58% in, 1:54–2:02.",4 ee ee wat ashes CTP yf,1,0.0,0.102,0.189,0.452,0.136,"#a49f9a,#695b61,#302a2d",1,,
BkYBsDHjXaw,https://www.youtube.com/watch?v=BkYBsDHjXaw,"Automatic Indian wax, Candle Making Machine/ Ask Price - 09354433750  New Delhi",196.0,storyboard,15,122.5,130.67,8.17,https://youtu.be/BkYBsDHjXaw?t=122s,pour_wax,assemble,1,0.4,Automatic candle machine: rows of white candles formed in the moulds (steam).,"Automatic candle machine: rows of white candles formed in the moulds (steam). captioned, steady, low-motion shot, well-lit, muted brown/beige palette (#473431, #bebdc4). assemble phase, ~62% in, 2:02–2:10.",Ls rrTrr 4 fe TT he 3 2 oe fw The 5 4 7 se? co 2 ae ous iu aa ons se at ys 174742 nei Tie,1,0.0,0.138,0.105,0.475,0.137,"#473431,#bebdc4,#8c8380",1,,
BkYBsDHjXaw,https://www.youtube.com/watch?v=BkYBsDHjXaw,"Automatic Indian wax, Candle Making Machine/ Ask Price - 09354433750  New Delhi",196.0,storyboard,16,130.67,138.83,8.16,https://youtu.be/BkYBsDHjXaw?t=131s,pour_wax,assemble,1,0.4,Automatic candle machine: rows of white candles formed in the moulds (steam).,"Automatic candle machine: rows of white candles formed in the moulds (steam). captioned, moderate on-screen movement, well-lit, muted grey/beige palette (#7f7574, #c9c5c8). assemble phase, ~67% in, 2:10–2:18.",4 7 7 Pag wl Bese Zit rs 5 bY ry mE UiP 00891174742 ie VF 4,1,0.0,0.08,0.18,0.454,0.141,"#7f7574,#c9c5c8,#1e1b1e",1,,
BkYBsDHjXaw,https://www.youtube.com/watch?v=BkYBsDHjXaw,"Automatic Indian wax, Candle Making Machine/ Ask Price - 09354433750  New Delhi",196.0,storyboard,17,138.83,147.0,8.17,https://youtu.be/BkYBsDHjXaw?t=139s,pour_wax,assemble,1,0.4,Automatic candle machine: rows of white candles formed in the moulds (steam).,"Automatic candle machine: rows of white candles formed in the moulds (steam). captioned, moderate on-screen movement, well-lit, grey/beige palette (#6f676c, #ada5a8). assemble phase, ~71% in, 2:18–2:27.",fot ot ad eg Pe 7 iy as ul ts gs. YS ag ASS,1,0.0,0.08,0.183,0.402,0.151,"#6f676c,#ada5a8,#3c2424",1,,
BkYBsDHjXaw,https://www.youtube.com/watch?v=BkYBsDHjXaw,"Automatic Indian wax, Candle Making Machine/ Ask Price - 09354433750  New Delhi",196.0,storyboard,18,147.0,155.17,8.17,https://youtu.be/BkYBsDHjXaw?t=147s,pour_wax,assemble,1,0.4,Automatic candle machine: rows of white candles formed in the moulds (steam).,"Automatic candle machine: rows of white candles formed in the moulds (steam). captioned, moderate on-screen movement, dim, muted brown/black palette (#6f5a5a, #241817). assemble phase, ~75% in, 2:27–2:35.",as. iif 4 Hai ee Vin ail: My:,1,0.0,0.136,0.215,0.369,0.136,"#6f5a5a,#241817,#b6b2b5",1,,
BkYBsDHjXaw,https://www.youtube.com/watch?v=BkYBsDHjXaw,"Automatic Indian wax, Candle Making Machine/ Ask Price - 09354433750  New Delhi",196.0,storyboard,19,155.17,163.33,8.16,https://youtu.be/BkYBsDHjXaw?t=155s,pour_wax,assemble,1,0.4,Automatic candle machine: rows of white candles formed in the moulds (steam).,"Automatic candle machine: rows of white candles formed in the moulds (steam). captioned, moderate on-screen movement, dim, muted black/beige palette (#291f1f, #b4afad). assemble phase, ~79% in, 2:35–2:43.",1 wii re,1,0.0,0.221,0.219,0.379,0.122,"#291f1f,#b4afad,#756868",1,,
BkYBsDHjXaw,https://www.youtube.com/watch?v=BkYBsDHjXaw,"Automatic Indian wax, Candle Making Machine/ Ask Price - 09354433750  New Delhi",196.0,storyboard,20,163.33,171.5,8.17,https://youtu.be/BkYBsDHjXaw?t=163s,pour_wax,assemble,1,0.4,Automatic candle machine: rows of white candles formed in the moulds (steam).,"Automatic candle machine: rows of white candles formed in the moulds (steam). captioned, moderate on-screen movement, dim, muted grey/black palette (#6d6060, #2c1e20). assemble phase, ~83% in, 2:43–2:51.",1 Sl essai Ee TTT IS ww,1,0.0,0.119,0.249,0.339,0.133,"#6d6060,#2c1e20,#bfb9a9",1,,
BskHsZWNhRw,https://www.youtube.com/watch?v=BskHsZWNhRw,DIY WATER CANDLES // Easy DIY CANDLES AT HOME,300.0,storyboard,6,47.37,55.26,7.89,https://youtu.be/BskHsZWNhRw?t=47s,pour_wax,assemble,1,0.4,More pink gel poured into the vessel.,"More pink gel poured into the vessel. captioned, static shot, well-lit, muted cream/grey palette (#d7cdd8, #8f8283). assemble phase, ~16% in, 0:47–0:55.","fy, ee 7 et",1,0.0,0.018,0.033,0.669,0.082,"#d7cdd8,#8f8283,#665a54",1,,
BskHsZWNhRw,https://www.youtube.com/watch?v=BskHsZWNhRw,DIY WATER CANDLES // Easy DIY CANDLES AT HOME,300.0,storyboard,7,55.26,63.16,7.9,https://youtu.be/BskHsZWNhRw?t=55s,pour_wax,assemble,1,0.4,Embedding glitter and petals.,"Embedding glitter and petals. captioned, steady, low-motion shot, well-lit, muted cream/beige palette (#daced8, #a99d95). assemble phase, ~18% in, 0:55–1:03.",is 4 ae Ler bas an yA ae,1,0.0,0.02,0.054,0.684,0.085,"#daced8,#a99d95,#716053",1,,
BskHsZWNhRw,https://www.youtube.com/watch?v=BskHsZWNhRw,DIY WATER CANDLES // Easy DIY CANDLES AT HOME,300.0,storyboard,8,63.16,71.05,7.89,https://youtu.be/BskHsZWNhRw?t=63s,pour_wax,assemble,1,0.4,Pink gel poured into the round glass.,"Pink gel poured into the round glass. captioned, static shot, well-lit, muted cream/grey palette (#d8cdd8, #a0998b). assemble phase, ~21% in, 1:03–1:11.",ps Ss. fi Fn ae ne,1,0.0,0.037,0.037,0.683,0.078,"#d8cdd8,#a0998b,#6f5e4c",1,,
BskHsZWNhRw,https://www.youtube.com/watch?v=BskHsZWNhRw,DIY WATER CANDLES // Easy DIY CANDLES AT HOME,300.0,storyboard,9,71.05,78.95,7.9,https://youtu.be/BskHsZWNhRw?t=71s,pour_wax,assemble,1,0.4,The glass fills with pink gel.,"The glass fills with pink gel. captioned, static shot, well-lit, muted cream/brown palette (#d9ced9, #64574c). assemble phase, ~24% in, 1:11–1:18.","Pee awe CF es ey ere! weed Re ow, eo",1,0.0,0.045,0.031,0.674,0.074,"#d9ced9,#64574c,#989393",1,,
BskHsZWNhRw,https://www.youtube.com/watch?v=BskHsZWNhRw,DIY WATER CANDLES // Easy DIY CANDLES AT HOME,300.0,storyboard,10,78.95,86.84,7.89,https://youtu.be/BskHsZWNhRw?t=79s,pour_wax,assemble,1,0.4,Adding decorations to the gel.,"Adding decorations to the gel. captioned, static shot, well-lit, muted cream/brown palette (#d9ced9, #624a48). assemble phase, ~26% in, 1:18–1:26.",7 Oe aie sy 4 he ee ee eS lal hes,1,0.0,0.036,0.027,0.662,0.088,"#d9ced9,#624a48,#958f92",1,,
BskHsZWNhRw,https://www.youtube.com/watch?v=BskHsZWNhRw,DIY WATER CANDLES // Easy DIY CANDLES AT HOME,300.0,storyboard,11,86.84,94.74,7.9,https://youtu.be/BskHsZWNhRw?t=87s,pour_wax,assemble,1,0.4,Continued pink gel pour.,"Continued pink gel pour. Pouring the melted wax from the pitcher into the prepared container. captioned, static shot, well-lit, muted cream/brown palette (#d9ced9, #61434e). assemble phase, ~29% in, 1:26–1:34.","27 nt, 4 ee 432 ia Se oS Be it 5",1,0.0,0.038,0.021,0.659,0.099,"#d9ced9,#61434e,#998e89",1,,
BskHsZWNhRw,https://www.youtube.com/watch?v=BskHsZWNhRw,DIY WATER CANDLES // Easy DIY CANDLES AT HOME,300.0,storyboard,12,94.74,102.63,7.89,https://youtu.be/BskHsZWNhRw?t=95s,pour_wax,assemble,1,0.4,Building the pink gel candle.,"Building the pink gel candle. captioned, static shot, well-lit, muted cream/brown palette (#d8cdd8, #603a4c). assemble phase, ~32% in, 1:34–1:42.",KGa ths ee 2 ex Se 3 Pars Ss,1,0.0,0.041,0.048,0.642,0.104,"#d8cdd8,#603a4c,#8b7573",1,,
BskHsZWNhRw,https://www.youtube.com/watch?v=BskHsZWNhRw,DIY WATER CANDLES // Easy DIY CANDLES AT HOME,300.0,storyboard,13,102.63,110.53,7.9,https://youtu.be/BskHsZWNhRw?t=103s,pour_wax,assemble,1,0.4,Arranging embedded decor.,"Arranging embedded decor. captioned, static shot, well-lit, muted cream/brown palette (#daceda, #674559). assemble phase, ~34% in, 1:42–1:50.",oe 2 2 sf te an? fa,1,0.0,0.017,0.03,0.652,0.1,"#daceda,#674559,#a3989c",1,,
BskHsZWNhRw,https://www.youtube.com/watch?v=BskHsZWNhRw,DIY WATER CANDLES // Easy DIY CANDLES AT HOME,300.0,storyboard,14,110.53,118.42,7.89,https://youtu.be/BskHsZWNhRw?t=111s,pour_wax,assemble,1,0.4,More gel poured.,"More gel poured. Pouring the melted wax from the pitcher into the prepared container. steady, low-motion shot, well-lit, muted cream/grey palette (#daccd8, #a27e7a). assemble phase, ~37% in, 1:50–1:58.",Ge,0,0.333,0.023,0.091,0.662,0.112,"#daccd8,#a27e7a,#2b1e1f",1,,
BskHsZWNhRw,https://www.youtube.com/watch?v=BskHsZWNhRw,DIY WATER CANDLES // Easy DIY CANDLES AT HOME,300.0,storyboard,15,118.42,126.32,7.9,https://youtu.be/BskHsZWNhRw?t=118s,pour_wax,assemble,1,0.4,Filling the round glass.,"Filling the round glass. Pouring the melted wax from the pitcher into the prepared container. static shot, well-lit, muted cream/grey palette (#d9ccd5, #a3796d). assemble phase, ~39% in, 1:58–2:06.",rom,0,0.333,0.037,0.038,0.669,0.129,"#d9ccd5,#a3796d,#52362a",1,,
BskHsZWNhRw,https://www.youtube.com/watch?v=BskHsZWNhRw,DIY WATER CANDLES // Easy DIY CANDLES AT HOME,300.0,storyboard,18,142.11,150.0,7.89,https://youtu.be/BskHsZWNhRw?t=142s,pour_wax,assemble,1,0.4,Top gel layer poured.,"Top gel layer poured. Pouring the melted wax from the pitcher into the prepared container. static shot, well-lit, muted cream/black palette (#d6ccd4, #383033). assemble phase, ~47% in, 2:22–2:30.",,0,0.0,0.015,0.046,0.639,0.094,"#d6ccd4,#383033,#93767a",1,,
BskHsZWNhRw,https://www.youtube.com/watch?v=BskHsZWNhRw,DIY WATER CANDLES // Easy DIY CANDLES AT HOME,300.0,storyboard,19,150.0,157.89,7.89,https://youtu.be/BskHsZWNhRw?t=150s,pour_wax,assemble,1,0.4,Finishing the pink gel fill.,"Finishing the pink gel fill. captioned, steady, low-motion shot, well-lit, muted cream/brown palette (#dacfd8, #60474d). assemble phase, ~50% in, 2:30–2:37.",hu ae Dok,1,0.0,0.019,0.065,0.653,0.093,"#dacfd8,#60474d,#999394",1,,
BskHsZWNhRw,https://www.youtube.com/watch?v=BskHsZWNhRw,DIY WATER CANDLES // Easy DIY CANDLES AT HOME,300.0,storyboard,20,157.89,165.79,7.9,https://youtu.be/BskHsZWNhRw?t=158s,pour_wax,assemble,1,0.4,Adjusting the embedded flowers.,"Adjusting the embedded flowers. static shot, well-lit, muted cream/brown palette (#d9ced7, #65454b). assemble phase, ~53% in, 2:37–2:45.",SS,0,0.0,0.022,0.019,0.655,0.096,"#d9ced7,#65454b,#9f9490",1,,
BskHsZWNhRw,https://www.youtube.com/watch?v=BskHsZWNhRw,DIY WATER CANDLES // Easy DIY CANDLES AT HOME,300.0,storyboard,21,165.79,173.68,7.89,https://youtu.be/BskHsZWNhRw?t=166s,pour_wax,assemble,1,0.4,Topping off the pink candle.,"Topping off the pink candle. captioned, steady, low-motion shot, well-lit, muted cream/grey palette (#d9cdd7, #986071). assemble phase, ~55% in, 2:45–2:53.",Sh ye pS we 2 oe:,1,0.0,0.019,0.076,0.637,0.131,"#d9cdd7,#986071,#652e41",1,,
BskHsZWNhRw,https://www.youtube.com/watch?v=BskHsZWNhRw,DIY WATER CANDLES // Easy DIY CANDLES AT HOME,300.0,storyboard,22,173.68,181.58,7.9,https://youtu.be/BskHsZWNhRw?t=174s,pour_wax,assemble,1,0.4,Completing the pink gel candle.,"Completing the pink gel candle. captioned, steady, low-motion shot, well-lit, muted cream/brown palette (#d9ced8, #654140). assemble phase, ~58% in, 2:53–3:01.",pe oa wy ie,1,0.0,0.033,0.055,0.648,0.129,"#d9ced8,#654140,#99846d",1,,
BskHsZWNhRw,https://www.youtube.com/watch?v=BskHsZWNhRw,DIY WATER CANDLES // Easy DIY CANDLES AT HOME,300.0,storyboard,28,221.05,228.95,7.9,https://youtu.be/BskHsZWNhRw?t=221s,pour_wax,assemble,1,0.45,Dark/purple gel poured into the glass.,"Dark/purple gel poured into the glass. captioned, static shot, well-lit, muted beige/grey palette (#a8a7a0, #757b80). assemble phase, ~74% in, 3:41–3:48.",ee By re tem ay 2 7 wae Wye,1,0.0,0.038,0.031,0.541,0.096,"#a8a7a0,#757b80,#3c3e40",1,,
BskHsZWNhRw,https://www.youtube.com/watch?v=BskHsZWNhRw,DIY WATER CANDLES // Easy DIY CANDLES AT HOME,300.0,storyboard,29,228.95,236.84,7.89,https://youtu.be/BskHsZWNhRw?t=229s,pour_wax,assemble,1,0.45,Purple gel fills the round vessel.,"Purple gel fills the round vessel. captioned, static shot, well-lit, muted grey/beige palette (#898b8d, #b3b1a5). assemble phase, ~76% in, 3:48–3:56.","aly fi aay ra, wig 7",1,0.0,0.05,0.021,0.532,0.082,"#898b8d,#b3b1a5,#4d4e4b",1,,
BskHsZWNhRw,https://www.youtube.com/watch?v=BskHsZWNhRw,DIY WATER CANDLES // Easy DIY CANDLES AT HOME,300.0,storyboard,30,236.84,244.74,7.9,https://youtu.be/BskHsZWNhRw?t=237s,pour_wax,assemble,1,0.4,Purple colour deepens in the gel.,"Purple colour deepens in the gel. captioned, steady, low-motion shot, well-lit, muted beige/black palette (#a5a39e, #2c2527). assemble phase, ~79% in, 3:56–4:04.",ar 2 ge ie 5 Bes ig,1,0.0,0.044,0.096,0.509,0.1,"#a5a39e,#2c2527,#7c7871",1,,
BskHsZWNhRw,https://www.youtube.com/watch?v=BskHsZWNhRw,DIY WATER CANDLES // Easy DIY CANDLES AT HOME,300.0,storyboard,31,244.74,252.63,7.89,https://youtu.be/BskHsZWNhRw?t=245s,pour_wax,assemble,1,0.45,Topping the purple gel candle.,"Topping the purple gel candle. steady, low-motion shot, well-lit, muted grey/black palette (#989793, #362828). assemble phase, ~82% in, 4:04–4:12.",,0,0.0,0.027,0.063,0.519,0.11,"#989793,#362828,#c4bc9e",1,,
CkI6M8naWvY,https://www.youtube.com/watch?v=CkI6M8naWvY,How to Make Water Candles at Home | Beginner Candle Making Tutorial,264.0,storyboard,1,8.0,16.0,8.0,https://youtu.be/CkI6M8naWvY?t=8s,pour_wax,assemble,1,0.4,Adding an oil layer over the water in the glass.,"Adding an oil layer over the water in the glass. captioned, steady, low-motion shot, bright, muted cream/grey palette (#e3dfe2, #a9957a). assemble phase, ~3% in, 0:08–0:16.",ae Biz. pe PS,1,0.333,0.057,0.117,0.763,0.114,"#e3dfe2,#a9957a,#634e37",1,,
CkI6M8naWvY,https://www.youtube.com/watch?v=CkI6M8naWvY,How to Make Water Candles at Home | Beginner Candle Making Tutorial,264.0,storyboard,4,32.0,40.0,8.0,https://youtu.be/CkI6M8naWvY?t=32s,pour_wax,assemble,1,0.4,Adding an oil layer over the water in the glass.,"Adding an oil layer over the water in the glass. captioned, steady, low-motion shot, bright, muted cream/beige palette (#e4e0e2, #c0b4a7). assemble phase, ~12% in, 0:32–0:40.",Ce 7 Sey,1,0.0,0.058,0.142,0.708,0.136,"#e4e0e2,#c0b4a7,#745a41",1,,
CkI6M8naWvY,https://www.youtube.com/watch?v=CkI6M8naWvY,How to Make Water Candles at Home | Beginner Candle Making Tutorial,264.0,storyboard,7,56.0,64.0,8.0,https://youtu.be/CkI6M8naWvY?t=56s,pour_wax,assemble,1,0.4,Adding an oil layer over the water in the glass.,"Adding an oil layer over the water in the glass. captioned, steady, low-motion shot, bright, muted white/beige palette (#e8e6ed, #c9bba8). assemble phase, ~21% in, 0:56–1:04.",Ss 27 ey,1,0.333,0.059,0.052,0.805,0.11,"#e8e6ed,#c9bba8,#755a49",1,,
CkI6M8naWvY,https://www.youtube.com/watch?v=CkI6M8naWvY,How to Make Water Candles at Home | Beginner Candle Making Tutorial,264.0,storyboard,10,80.0,88.0,8.0,https://youtu.be/CkI6M8naWvY?t=80s,pour_wax,assemble,1,0.4,Adding an oil layer over the water in the glass.,"Adding an oil layer over the water in the glass. captioned, steady, low-motion shot, bright, cream/brown palette (#e1dee1, #74543c). assemble phase, ~30% in, 1:20–1:28.",4 ww fie,1,0.0,0.085,0.139,0.714,0.15,"#e1dee1,#74543c,#b7a689",1,,
CkI6M8naWvY,https://www.youtube.com/watch?v=CkI6M8naWvY,How to Make Water Candles at Home | Beginner Candle Making Tutorial,264.0,storyboard,13,104.0,112.0,8.0,https://youtu.be/CkI6M8naWvY?t=104s,pour_wax,assemble,1,0.4,Adding an oil layer over the water in the glass.,"Adding an oil layer over the water in the glass. captioned, static shot, bright, cream/brown palette (#e5e1e2, #71583c). assemble phase, ~39% in, 1:44–1:52.",as 4 ys ae 4 4 wry: Sed vr Da 2 4 5,1,0.0,0.075,0.039,0.714,0.156,"#e5e1e2,#71583c,#bdae92",1,,
CkI6M8naWvY,https://www.youtube.com/watch?v=CkI6M8naWvY,How to Make Water Candles at Home | Beginner Candle Making Tutorial,264.0,storyboard,14,112.0,120.0,8.0,https://youtu.be/CkI6M8naWvY?t=112s,pour_wax,assemble,1,0.4,Setting a floating wick on the water candle.,"Setting a floating wick on the water candle. captioned, moderate on-screen movement, bright, muted cream/grey palette (#d6d3d3, #aaa189). assemble phase, ~42% in, 1:52–2:00.",2 yy SS ve 7 eg ge. tow yf,1,0.0,0.099,0.227,0.71,0.121,"#d6d3d3,#aaa189,#4b4336",1,,
CkI6M8naWvY,https://www.youtube.com/watch?v=CkI6M8naWvY,How to Make Water Candles at Home | Beginner Candle Making Tutorial,264.0,storyboard,15,120.0,128.0,8.0,https://youtu.be/CkI6M8naWvY?t=120s,pour_wax,assemble,1,0.45,Pink-surface segment: pouring white wax into small moulds.,"Pink-surface segment: pouring white wax into small moulds. steady, low-motion shot, well-lit, pink/beige palette (#f388c1, #bfb9b7). assemble phase, ~45% in, 2:00–2:08.",7 VY,0,0.0,0.06,0.145,0.667,0.214,"#f388c1,#bfb9b7,#272426",1,,
CkI6M8naWvY,https://www.youtube.com/watch?v=CkI6M8naWvY,How to Make Water Candles at Home | Beginner Candle Making Tutorial,264.0,storyboard,16,128.0,136.0,8.0,https://youtu.be/CkI6M8naWvY?t=128s,pour_wax,assemble,1,0.45,Pink-surface segment: pouring white wax into small moulds.,"Pink-surface segment: pouring white wax into small moulds. captioned, steady, low-motion shot, well-lit, pink/beige palette (#f58dc6, #c1bcb6). assemble phase, ~48% in, 2:08–2:16.",-Saa. Bee,1,0.0,0.025,0.102,0.645,0.277,"#f58dc6,#c1bcb6,#242022",1,,
CkI6M8naWvY,https://www.youtube.com/watch?v=CkI6M8naWvY,How to Make Water Candles at Home | Beginner Candle Making Tutorial,264.0,storyboard,17,136.0,144.0,8.0,https://youtu.be/CkI6M8naWvY?t=136s,pour_wax,assemble,1,0.45,Pink-surface segment: pouring white wax into small moulds.,"Pink-surface segment: pouring white wax into small moulds. moderate on-screen movement, well-lit, pink/beige palette (#f187c6, #c4b3af). assemble phase, ~52% in, 2:16–2:24.",te 7 GE,0,0.0,0.043,0.15,0.62,0.277,"#f187c6,#c4b3af,#3e2c2a",1,,
CkI6M8naWvY,https://www.youtube.com/watch?v=CkI6M8naWvY,How to Make Water Candles at Home | Beginner Candle Making Tutorial,264.0,storyboard,18,144.0,152.0,8.0,https://youtu.be/CkI6M8naWvY?t=144s,pour_wax,assemble,1,0.45,Pink-surface segment: pouring white wax into small moulds.,"Pink-surface segment: pouring white wax into small moulds. steady, low-motion shot, well-lit, pink/beige palette (#f286c3, #c0bdbd). assemble phase, ~55% in, 2:24–2:32.",ie ia,0,0.0,0.037,0.068,0.645,0.27,"#f286c3,#c0bdbd,#232327",1,,
CkI6M8naWvY,https://www.youtube.com/watch?v=CkI6M8naWvY,How to Make Water Candles at Home | Beginner Candle Making Tutorial,264.0,storyboard,19,152.0,160.0,8.0,https://youtu.be/CkI6M8naWvY?t=152s,pour_wax,assemble,1,0.45,Pink-surface segment: pouring white wax into small moulds.,"Pink-surface segment: pouring white wax into small moulds. steady, low-motion shot, well-lit, cream/pink palette (#d3cac9, #dc8aab). assemble phase, ~58% in, 2:32–2:40.",ee,0,0.333,0.04,0.125,0.636,0.249,"#d3cac9,#dc8aab,#1b1a1e",1,,
CkI6M8naWvY,https://www.youtube.com/watch?v=CkI6M8naWvY,How to Make Water Candles at Home | Beginner Candle Making Tutorial,264.0,storyboard,20,160.0,168.0,8.0,https://youtu.be/CkI6M8naWvY?t=160s,pour_wax,assemble,1,0.45,Pink-surface segment: pouring white wax into small moulds.,"Pink-surface segment: pouring white wax into small moulds. steady, low-motion shot, well-lit, beige/black palette (#deb8c4, #1a1b20). assemble phase, ~61% in, 2:40–2:48.",Of oat,0,0.0,0.032,0.062,0.6,0.24,"#deb8c4,#1a1b20,#c5768a",1,,
CkI6M8naWvY,https://www.youtube.com/watch?v=CkI6M8naWvY,How to Make Water Candles at Home | Beginner Candle Making Tutorial,264.0,storyboard,22,176.0,184.0,8.0,https://youtu.be/CkI6M8naWvY?t=176s,pour_wax,assemble,1,0.45,Pink-surface segment: pouring white wax into small moulds.,"Pink-surface segment: pouring white wax into small moulds. steady, low-motion shot, well-lit, cream/pink palette (#d2caca, #de8bb0). assemble phase, ~67% in, 2:56–3:04.",ay,0,0.0,0.022,0.08,0.642,0.234,"#d2caca,#de8bb0,#191619",1,,
CkI6M8naWvY,https://www.youtube.com/watch?v=CkI6M8naWvY,How to Make Water Candles at Home | Beginner Candle Making Tutorial,264.0,storyboard,23,184.0,192.0,8.0,https://youtu.be/CkI6M8naWvY?t=184s,pour_wax,assemble,1,0.45,Pink-surface segment: pouring white wax into small moulds.,"Pink-surface segment: pouring white wax into small moulds. steady, low-motion shot, well-lit, cream/pink palette (#d3c9cb, #d989af). assemble phase, ~70% in, 3:04–3:12.",ey,0,0.0,0.035,0.086,0.655,0.235,"#d3c9cb,#d989af,#1c191d",1,,
CrJ9UE6Nihw,https://www.youtube.com/watch?v=CrJ9UE6Nihw,FULL & easy beginners guide to Candle Making,601.0,storyboard,52,416.69,424.71,8.02,https://youtu.be/CrJ9UE6Nihw?t=417s,pour_wax,assemble,1,0.5,Green wax in the star bowl; wicks.,"Green wax in the star bowl; wicks. captioned, static shot, well-lit, muted grey/brown palette (#7e7d77, #585643). assemble phase, ~69% in, 6:56–7:04.",4 ae hi we ns 8 pay ual Pes NP ie 7 bs,1,0.0,0.036,0.035,0.503,0.095,"#7e7d77,#585643,#acafb3",1,,
CrJ9UE6Nihw,https://www.youtube.com/watch?v=CrJ9UE6Nihw,FULL & easy beginners guide to Candle Making,601.0,storyboard,55,440.73,448.75,8.02,https://youtu.be/CrJ9UE6Nihw?t=441s,pour_wax,assemble,1,0.5,Pouring more green wax.,"Pouring more green wax. Pouring the melted wax from the pitcher into the prepared container. captioned, static shot, well-lit, muted grey/brown palette (#7d7d7d, #5e5c45). assemble phase, ~73% in, 7:20–7:28.",4 by Sgt ote TF ke ms 4 pe Us. age ties eye mee ve fez. 4 7 ww PEE. SEs,1,0.0,0.048,0.027,0.506,0.097,"#7d7d7d,#5e5c45,#adafb4",1,,
CrJ9UE6Nihw,https://www.youtube.com/watch?v=CrJ9UE6Nihw,FULL & easy beginners guide to Candle Making,601.0,storyboard,59,472.79,480.8,8.01,https://youtu.be/CrJ9UE6Nihw?t=473s,pour_wax,assemble,1,0.5,Pouring white wax as a top layer.,"Pouring white wax as a top layer. captioned, moderate on-screen movement, well-lit, muted brown/grey palette (#4c423e, #a9988f). assemble phase, ~79% in, 7:52–8:00.",ty 2 ie ite on,1,0.0,0.023,0.245,0.456,0.073,"#4c423e,#a9988f,#7a6d67",1,,
CrJ9UE6Nihw,https://www.youtube.com/watch?v=CrJ9UE6Nihw,FULL & easy beginners guide to Candle Making,601.0,storyboard,61,488.81,496.83,8.02,https://youtu.be/CrJ9UE6Nihw?t=489s,pour_wax,assemble,1,0.5,White-wax top layer in the bowl; wicks.,"White-wax top layer in the bowl; wicks. steady, low-motion shot, well-lit, muted grey/brown palette (#927d74, #62514c). assemble phase, ~81% in, 8:08–8:16.",,0,0.0,0.013,0.064,0.403,0.066,"#927d74,#62514c,#382b26",1,,
D2TTNZkVMMM,https://www.youtube.com/watch?v=D2TTNZkVMMM,How to Make Layered Scented Candles | DIY Candle Making,250.0,storyboard,14,112.9,120.97,8.07,https://youtu.be/D2TTNZkVMMM?t=113s,pour_wax,assemble,1,0.55,Wax poured into the jar.,"Wax poured into the jar. Pouring the melted wax from the pitcher into the prepared container. steady, low-motion shot, bright, muted cream/beige palette (#e3e1df, #cbc1ba). assemble phase, ~45% in, 1:52–2:00.",,0,0.0,0.005,0.053,0.824,0.076,"#e3e1df,#cbc1ba,#af8f82",1,,
D2TTNZkVMMM,https://www.youtube.com/watch?v=D2TTNZkVMMM,How to Make Layered Scented Candles | DIY Candle Making,250.0,storyboard,15,120.97,129.03,8.06,https://youtu.be/D2TTNZkVMMM?t=121s,pour_wax,assemble,1,0.5,Hands steady the white container during the pour.,"Hands steady the white container during the pour. captioned, moderate on-screen movement, well-lit, muted grey/brown palette (#806a5b, #403226). assemble phase, ~48% in, 2:00–2:09.",re HY MUI Fr 4 7,1,0.333,0.036,0.203,0.517,0.068,"#806a5b,#403226,#bab4af",1,,
D2TTNZkVMMM,https://www.youtube.com/watch?v=D2TTNZkVMMM,How to Make Layered Scented Candles | DIY Candle Making,250.0,storyboard,22,177.42,185.48,8.06,https://youtu.be/D2TTNZkVMMM?t=177s,pour_wax,assemble,1,0.55,Hands pour the next wax layer into the jar.,"Hands pour the next wax layer into the jar. moderate on-screen movement, well-lit, muted cream/beige palette (#e3e1df, #cbc5be). assemble phase, ~71% in, 2:57–3:05.",ithe,0,0.333,0.017,0.23,0.681,0.084,"#e3e1df,#cbc5be,#b18f81",1,,
D2TTNZkVMMM,https://www.youtube.com/watch?v=D2TTNZkVMMM,How to Make Layered Scented Candles | DIY Candle Making,250.0,storyboard,23,185.48,193.55,8.07,https://youtu.be/D2TTNZkVMMM?t=185s,pour_wax,assemble,1,0.5,Black pot melting wax for a layer.,"Black pot melting wax for a layer. moderate on-screen movement, well-lit, muted cream/beige palette (#e3dfe0, #aea9a8). assemble phase, ~74% in, 3:05–3:13.",or er,0,0.333,0.039,0.318,0.578,0.074,"#e3dfe0,#aea9a8,#6c5852",1,,
D2TTNZkVMMM,https://www.youtube.com/watch?v=D2TTNZkVMMM,How to Make Layered Scented Candles | DIY Candle Making,250.0,storyboard,24,193.55,201.61,8.06,https://youtu.be/D2TTNZkVMMM?t=194s,pour_wax,assemble,1,0.55,Two pots with blue wicks; pouring layers.,"Two pots with blue wicks; pouring layers. captioned, moderate on-screen movement, well-lit, muted beige/grey palette (#bfb7af, #a0978d). assemble phase, ~77% in, 3:13–3:21.",ta 17 52,1,0.333,0.028,0.157,0.617,0.054,"#bfb7af,#a0978d,#574537",1,,
D2TTNZkVMMM,https://www.youtube.com/watch?v=D2TTNZkVMMM,How to Make Layered Scented Candles | DIY Candle Making,250.0,storyboard,25,201.61,209.68,8.07,https://youtu.be/D2TTNZkVMMM?t=202s,pour_wax,assemble,1,0.6,Wax poured into the white candle jar.,"Wax poured into the white candle jar. captioned, moderate on-screen movement, well-lit, muted grey/brown palette (#816a5b, #47362a). assemble phase, ~81% in, 3:21–3:29.",TT LMR ae ay ae,1,0.333,0.012,0.33,0.661,0.067,"#816a5b,#47362a,#bdb6b1",1,,
DIdrbQREtns,https://www.youtube.com/watch?v=DIdrbQREtns,Beginners Guide to Make Soy Wax Pillar Candles  Tips and Tricks,694.0,storyboard,66,526.48,534.46,7.98,https://youtu.be/DIdrbQREtns?t=526s,pour_wax,assemble,1,0.5,Pouring wax into the pillar mould.,"Pouring wax into the pillar mould. moderate on-screen movement, well-lit, muted beige/grey palette (#b0b1b5, #716d6a). assemble phase, ~76% in, 8:46–8:54.",oe 7,0,0.0,0.016,0.193,0.484,0.041,"#b0b1b5,#716d6a,#272220",1,,
DIdrbQREtns,https://www.youtube.com/watch?v=DIdrbQREtns,Beginners Guide to Make Soy Wax Pillar Candles  Tips and Tricks,694.0,storyboard,67,534.46,542.44,7.98,https://youtu.be/DIdrbQREtns?t=534s,pour_wax,assemble,1,0.5,Pouring wax into the pillar mould.,"Pouring wax into the pillar mould. static shot, well-lit, muted grey/beige palette (#757371, #b7b8b9). assemble phase, ~77% in, 8:54–9:02.",sy,0,0.0,0.049,0.0,0.445,0.049,"#757371,#b7b8b9,#221f1d",1,,
DIdrbQREtns,https://www.youtube.com/watch?v=DIdrbQREtns,Beginners Guide to Make Soy Wax Pillar Candles  Tips and Tricks,694.0,storyboard,70,558.39,566.37,7.98,https://youtu.be/DIdrbQREtns?t=558s,pour_wax,assemble,1,0.5,Pouring wax into the pillar mould.,"Pouring wax into the pillar mould. static shot, well-lit, muted beige/grey palette (#bcb8b7, #7f7877). assemble phase, ~80% in, 9:18–9:26.",ee,0,0.0,0.117,0.0,0.536,0.06,"#bcb8b7,#7f7877,#2e2b2b",1,,
DIdrbQREtns,https://www.youtube.com/watch?v=DIdrbQREtns,Beginners Guide to Make Soy Wax Pillar Candles  Tips and Tricks,694.0,storyboard,71,566.37,574.34,7.97,https://youtu.be/DIdrbQREtns?t=566s,pour_wax,assemble,1,0.5,Pouring wax into the pillar mould.,"Pouring wax into the pillar mould. static shot, well-lit, muted beige/grey palette (#acb2b6, #797671). assemble phase, ~82% in, 9:26–9:34.",,0,0.0,0.025,0.042,0.597,0.04,"#acb2b6,#797671,#3d3231",1,,
DIdrbQREtns,https://www.youtube.com/watch?v=DIdrbQREtns,Beginners Guide to Make Soy Wax Pillar Candles  Tips and Tricks,694.0,storyboard,72,574.34,582.32,7.98,https://youtu.be/DIdrbQREtns?t=574s,pour_wax,assemble,1,0.5,Demoulding / heat-gun finishing the textured pillar candle.,"Demoulding / heat-gun finishing the textured pillar candle. static shot, well-lit, muted beige/grey palette (#adb3b7, #787672). assemble phase, ~83% in, 9:34–9:42.",,0,0.0,0.029,0.01,0.564,0.03,"#adb3b7,#787672,#323434",1,,
DIdrbQREtns,https://www.youtube.com/watch?v=DIdrbQREtns,Beginners Guide to Make Soy Wax Pillar Candles  Tips and Tricks,694.0,storyboard,73,582.32,590.3,7.98,https://youtu.be/DIdrbQREtns?t=582s,pour_wax,assemble,1,0.5,Pouring wax into the pillar mould.,"Pouring wax into the pillar mould. static shot, well-lit, muted beige/grey palette (#afb4b7, #7b7874). assemble phase, ~84% in, 9:42–9:50.",,0,0.0,0.011,0.026,0.593,0.032,"#afb4b7,#7b7874,#1c1316",1,,
DIdrbQREtns,https://www.youtube.com/watch?v=DIdrbQREtns,Beginners Guide to Make Soy Wax Pillar Candles  Tips and Tricks,694.0,storyboard,74,590.3,598.28,7.98,https://youtu.be/DIdrbQREtns?t=590s,pour_wax,assemble,1,0.5,Pouring wax into the pillar mould.,"Pouring wax into the pillar mould. static shot, well-lit, muted beige/grey palette (#b0b4b7, #75736e). assemble phase, ~85% in, 9:50–9:58.",,0,0.0,0.035,0.0,0.497,0.031,"#b0b4b7,#75736e,#1c1817",1,,
DSj_ZcxHB2w,https://www.youtube.com/watch?v=DSj_ZcxHB2w,Candle Making Kit - How-to - Crafts&Co,92.0,storyboard,4,30.67,38.33,7.66,https://youtu.be/DSj_ZcxHB2w?t=31s,pour_wax,assemble,1,0.65,Molten wax is poured from the bowl into a silicone mould resting on a wooden board.,"Molten wax is poured from the bowl into a silicone mould resting on a wooden board. captioned, moderate on-screen movement, well-lit, beige palette (#bc9d82, #cfc8be). assemble phase, ~33% in, 0:30–0:38.",ak We PT 7 aS we I7x oly aN ae ste os. exS ae of 2 oY lee ke ae 4 eS CAB AS Red oS ae eee it TNS Son'k eS Lies er on 7 FE ed ieee SS 5 ho ee of ne we oF ee at oot are Ss pt oe Maren An See ae SA nine ,1,0.0,0.023,0.173,0.624,0.153,"#bc9d82,#cfc8be,#9f7d51",1,,
DSj_ZcxHB2w,https://www.youtube.com/watch?v=DSj_ZcxHB2w,Candle Making Kit - How-to - Crafts&Co,92.0,storyboard,5,38.33,46.0,7.67,https://youtu.be/DSj_ZcxHB2w?t=38s,pour_wax,assemble,1,0.55,The silicone mould fills; hands steady and squeeze the flexible white mould.,"The silicone mould fills; hands steady and squeeze the flexible white mould. steady, low-motion shot, well-lit, amber palette (#a67d3f, #c7a471). assemble phase, ~42% in, 0:38–0:46.",,0,0.0,0.013,0.076,0.642,0.226,"#a67d3f,#c7a471,#d6cec0",1,,
DkMEPKu4fLw,https://www.youtube.com/watch?v=DkMEPKu4fLw,How to Pipe Candle Wax (Whipped Soy Wax - Candle Frosting),545.0,storyboard,2,16.03,24.04,8.01,https://youtu.be/DkMEPKu4fLw?t=16s,pour_wax,assemble,1,0.45,Pouring the base wax into the glass.,"Pouring the base wax into the glass. moderate on-screen movement, well-lit, muted grey/cream palette (#a2a199, #d4d4cd). assemble phase, ~3% in, 0:16–0:24.",,0,0.0,0.014,0.196,0.655,0.07,"#a2a199,#d4d4cd,#37331a",1,,
DkMEPKu4fLw,https://www.youtube.com/watch?v=DkMEPKu4fLw,How to Pipe Candle Wax (Whipped Soy Wax - Candle Frosting),545.0,storyboard,5,40.07,48.09,8.02,https://youtu.be/DkMEPKu4fLw?t=40s,pour_wax,assemble,1,0.45,Pouring the base wax into the glass.,"Pouring the base wax into the glass. static shot, well-lit, muted grey/cream palette (#a59e96, #d3d5cd). assemble phase, ~7% in, 0:40–0:48.",,0,0.0,0.014,0.0,0.634,0.094,"#a59e96,#d3d5cd,#4a4333",1,,
DkMEPKu4fLw,https://www.youtube.com/watch?v=DkMEPKu4fLw,How to Pipe Candle Wax (Whipped Soy Wax - Candle Frosting),545.0,storyboard,8,64.12,72.13,8.01,https://youtu.be/DkMEPKu4fLw?t=64s,pour_wax,assemble,1,0.45,Pouring the base wax into the glass.,"Pouring the base wax into the glass. captioned, static shot, well-lit, muted grey palette (#8e8e8f, #666160). assemble phase, ~12% in, 1:04–1:12.",7 Ss Wee ie nen,1,0.0,0.032,0.0,0.424,0.123,"#8e8e8f,#666160,#491a1a",1,,
DpF1-sb6Adk,https://www.youtube.com/watch?v=DpF1-sb6Adk,How to Color Soy Candles Using Candle Dye - 3 Ways to DIY Candle Dye,349.0,storyboard,21,166.57,174.5,7.93,https://youtu.be/DpF1-sb6Adk?t=167s,pour_wax,assemble,1,0.45,Pouring coloured wax into a glass.,"Pouring coloured wax into a glass. static shot, well-lit, muted beige/grey palette (#c3c2c3, #918785). assemble phase, ~48% in, 2:46–2:54.",,0,0.0,0.124,0.0,0.639,0.05,"#c3c2c3,#918785,#302b2c",1,,
DpgV20P8bVc,https://www.youtube.com/watch?v=DpgV20P8bVc,Small candle business from home | holiday launch studio vlog New paint can candles | Amazon handmade,820.0,storyboard,30,241.18,249.22,8.04,https://youtu.be/DpgV20P8bVc?t=241s,pour_wax,assemble,1,0.5,Pouring wax into the rows of tins.,"Pouring wax into the rows of tins. captioned, steady, low-motion shot, dim, muted black/grey palette (#32332c, #6f7369). assemble phase, ~29% in, 4:01–4:09.","mm 3 YS 2 rat we, ry ren oy, SS on ae as sem te ily",1,0.0,0.387,0.053,0.387,0.083,"#32332c,#6f7369,#bbc0b2",1,,
DpgV20P8bVc,https://www.youtube.com/watch?v=DpgV20P8bVc,Small candle business from home | holiday launch studio vlog New paint can candles | Amazon handmade,820.0,storyboard,39,313.53,321.57,8.04,https://youtu.be/DpgV20P8bVc?t=314s,pour_wax,assemble,1,0.5,Pouring wax into the rows of tins.,"Pouring wax into the rows of tins. captioned, steady, low-motion shot, well-lit, muted beige/grey palette (#d0beac, #927f6f). assemble phase, ~38% in, 5:13–5:21.","yn ep 6 Pa of We: 5 NAN, re 7 pI Ys, Vw",1,0.0,0.325,0.104,0.52,0.096,"#d0beac,#927f6f,#3d352d",1,,
E27yUdPTNEU,https://www.youtube.com/watch?v=E27yUdPTNEU,How To Make Perfect Dipped Beeswax Taper Candles (In An Old Tin Can),245.0,storyboard,2,15.81,23.71,7.9,https://youtu.be/E27yUdPTNEU?t=16s,pour_wax,assemble,1,0.45,Wicks are dipped into an orange can of molten beeswax to build the tapers.,"Wicks are dipped into an orange can of molten beeswax to build the tapers. captioned, steady, low-motion shot, well-lit, brown/beige palette (#8d5b50, #bec2cd). assemble phase, ~6% in, 0:15–0:23.",ps 4 ia 4 ithey wock he ests yp oS,1,0.333,0.199,0.107,0.51,0.176,"#8d5b50,#bec2cd,#3b110f",1,,
E27yUdPTNEU,https://www.youtube.com/watch?v=E27yUdPTNEU,How To Make Perfect Dipped Beeswax Taper Candles (In An Old Tin Can),245.0,storyboard,3,23.71,31.61,7.9,https://youtu.be/E27yUdPTNEU?t=24s,pour_wax,assemble,1,0.45,Repeated dipping of the wick frame into the wax can.,"Repeated dipping of the wick frame into the wax can. steady, low-motion shot, well-lit, muted grey/brown palette (#838381, #58463e). assemble phase, ~10% in, 0:23–0:31.",1 ol,0,0.0,0.082,0.132,0.517,0.118,"#838381,#58463e,#bdd3dd",1,,
E27yUdPTNEU,https://www.youtube.com/watch?v=E27yUdPTNEU,How To Make Perfect Dipped Beeswax Taper Candles (In An Old Tin Can),245.0,storyboard,4,31.61,39.52,7.91,https://youtu.be/E27yUdPTNEU?t=32s,pour_wax,assemble,1,0.45,The tall orange dip-can of molten beeswax.,"The tall orange dip-can of molten beeswax. moderate on-screen movement, well-lit, muted amber/beige palette (#a4805a, #d7b288). assemble phase, ~13% in, 0:31–0:39.",2,0,0.0,0.157,0.214,0.517,0.142,"#a4805a,#d7b288,#40250f",1,,
E27yUdPTNEU,https://www.youtube.com/watch?v=E27yUdPTNEU,How To Make Perfect Dipped Beeswax Taper Candles (In An Old Tin Can),245.0,storyboard,5,39.52,47.42,7.9,https://youtu.be/E27yUdPTNEU?t=40s,pour_wax,assemble,1,0.45,Dipping the frame of tapers into the wax.,"Dipping the frame of tapers into the wax. moderate on-screen movement, well-lit, orange/brown palette (#d87b3f, #725549). assemble phase, ~16% in, 0:39–0:47.",Nem,0,0.0,0.107,0.215,0.485,0.222,"#d87b3f,#725549,#baa29f",1,,
E27yUdPTNEU,https://www.youtube.com/watch?v=E27yUdPTNEU,How To Make Perfect Dipped Beeswax Taper Candles (In An Old Tin Can),245.0,storyboard,6,47.42,55.32,7.9,https://youtu.be/E27yUdPTNEU?t=47s,pour_wax,assemble,1,0.45,Another dip to thicken the tapers.,"Another dip to thicken the tapers. captioned, moderate on-screen movement, well-lit, muted black/beige palette (#201a19, #d8b1ae). assemble phase, ~19% in, 0:47–0:55.",uber surrourn,1,0.0,0.125,0.285,0.435,0.119,"#201a19,#d8b1ae,#685856",1,,
E27yUdPTNEU,https://www.youtube.com/watch?v=E27yUdPTNEU,How To Make Perfect Dipped Beeswax Taper Candles (In An Old Tin Can),245.0,storyboard,7,55.32,63.23,7.91,https://youtu.be/E27yUdPTNEU?t=55s,pour_wax,assemble,1,0.45,Continued taper dipping.,"Continued taper dipping. Pouring the melted wax from the pitcher into the prepared container. captioned, moderate on-screen movement, well-lit, muted grey/beige palette (#7f7e7a, #c4c7bf). assemble phase, ~23% in, 0:55–1:03.",Pers. .we3 se,1,0.0,0.175,0.185,0.475,0.115,"#7f7e7a,#c4c7bf,#2e2b27",1,,
E27yUdPTNEU,https://www.youtube.com/watch?v=E27yUdPTNEU,How To Make Perfect Dipped Beeswax Taper Candles (In An Old Tin Can),245.0,storyboard,8,63.23,71.13,7.9,https://youtu.be/E27yUdPTNEU?t=63s,pour_wax,assemble,1,0.45,Dipping the wicks repeatedly to build wax layers.,"Dipping the wicks repeatedly to build wax layers. captioned, steady, low-motion shot, well-lit, grey/brown palette (#8c8077, #4b423c). assemble phase, ~26% in, 1:03–1:11.",he ee be Wiis ia amass ah By Sah raise? up,1,0.0,0.098,0.062,0.462,0.177,"#8c8077,#4b423c,#d1ded0",1,,
E27yUdPTNEU,https://www.youtube.com/watch?v=E27yUdPTNEU,How To Make Perfect Dipped Beeswax Taper Candles (In An Old Tin Can),245.0,storyboard,9,71.13,79.03,7.9,https://youtu.be/E27yUdPTNEU?t=71s,pour_wax,assemble,1,0.45,Tapers grow thicker with each dip.,"Tapers grow thicker with each dip. steady, low-motion shot, well-lit, muted grey/beige palette (#807d7e, #bdbfbd). assemble phase, ~29% in, 1:11–1:19.",hittin,0,0.0,0.19,0.128,0.508,0.115,"#807d7e,#bdbfbd,#312d2d",1,,
E27yUdPTNEU,https://www.youtube.com/watch?v=E27yUdPTNEU,How To Make Perfect Dipped Beeswax Taper Candles (In An Old Tin Can),245.0,storyboard,10,79.03,86.94,7.91,https://youtu.be/E27yUdPTNEU?t=79s,pour_wax,assemble,1,0.45,Continued dipping over the green tub.,"Continued dipping over the green tub. moderate on-screen movement, well-lit, muted grey/black palette (#88827d, #2d2a2c). assemble phase, ~32% in, 1:19–1:26.",5 rough,0,0.0,0.161,0.199,0.493,0.104,"#88827d,#2d2a2c,#e6c2cd",1,,
E27yUdPTNEU,https://www.youtube.com/watch?v=E27yUdPTNEU,How To Make Perfect Dipped Beeswax Taper Candles (In An Old Tin Can),245.0,storyboard,11,86.94,94.84,7.9,https://youtu.be/E27yUdPTNEU?t=87s,pour_wax,assemble,1,0.45,Dipping the tapers into the wax.,"Dipping the tapers into the wax. captioned, steady, low-motion shot, well-lit, muted grey/beige palette (#888883, #b9bdb8). assemble phase, ~35% in, 1:26–1:34.",1 Hl Perlite veh wh Ter ees thins se carta eine eo,1,0.0,0.126,0.107,0.572,0.079,"#888883,#b9bdb8,#594628",1,,
E27yUdPTNEU,https://www.youtube.com/watch?v=E27yUdPTNEU,How To Make Perfect Dipped Beeswax Taper Candles (In An Old Tin Can),245.0,storyboard,12,94.84,102.74,7.9,https://youtu.be/E27yUdPTNEU?t=95s,pour_wax,assemble,1,0.4,Tapers dipped into a green cooling bath between wax dips.,"Tapers dipped into a green cooling bath between wax dips. moderate on-screen movement, well-lit, muted beige/grey palette (#aebad0, #888586). assemble phase, ~39% in, 1:34–1:42.",,0,0.0,0.181,0.2,0.558,0.092,"#aebad0,#888586,#56443e",1,,
E27yUdPTNEU,https://www.youtube.com/watch?v=E27yUdPTNEU,How To Make Perfect Dipped Beeswax Taper Candles (In An Old Tin Can),245.0,storyboard,13,102.74,110.65,7.91,https://youtu.be/E27yUdPTNEU?t=103s,pour_wax,assemble,1,0.45,Back into the wax for another coat.,"Back into the wax for another coat. captioned, moderate on-screen movement, well-lit, muted grey/black palette (#72675c, #302d2e). assemble phase, ~42% in, 1:42–1:50.",7 4 ay ii Sheed hires uy,1,0.0,0.191,0.189,0.496,0.147,"#72675c,#302d2e,#c9ccb0",1,,
E27yUdPTNEU,https://www.youtube.com/watch?v=E27yUdPTNEU,How To Make Perfect Dipped Beeswax Taper Candles (In An Old Tin Can),245.0,storyboard,14,110.65,118.55,7.9,https://youtu.be/E27yUdPTNEU?t=111s,pour_wax,assemble,1,0.45,Continued taper building by dipping.,"Continued taper building by dipping. captioned, steady, low-motion shot, well-lit, black/grey palette (#332d2d, #766b5f). assemble phase, ~45% in, 1:50–1:58.",aah ee 0 7 brn hess at the'adim,1,0.333,0.201,0.053,0.443,0.177,"#332d2d,#766b5f,#c9c8a1",1,,
E27yUdPTNEU,https://www.youtube.com/watch?v=E27yUdPTNEU,How To Make Perfect Dipped Beeswax Taper Candles (In An Old Tin Can),245.0,storyboard,16,126.45,134.35,7.9,https://youtu.be/E27yUdPTNEU?t=126s,pour_wax,assemble,1,0.45,More dips to thicken the candles.,"More dips to thicken the candles. moderate on-screen movement, well-lit, muted black/grey palette (#37312e, #8c7a5d). assemble phase, ~52% in, 2:06–2:14.",chs,0,0.333,0.192,0.172,0.492,0.143,"#37312e,#8c7a5d,#d7cca9",1,,
E27yUdPTNEU,https://www.youtube.com/watch?v=E27yUdPTNEU,How To Make Perfect Dipped Beeswax Taper Candles (In An Old Tin Can),245.0,storyboard,17,134.35,142.26,7.91,https://youtu.be/E27yUdPTNEU?t=134s,pour_wax,assemble,1,0.4,Cooling dip in water between wax coats.,"Cooling dip in water between wax coats. moderate on-screen movement, well-lit, muted beige/grey palette (#aca9a4, #817c77). assemble phase, ~55% in, 2:14–2:22.",fetes,0,0.0,0.146,0.192,0.518,0.108,"#aca9a4,#817c77,#52463d",1,,
E27yUdPTNEU,https://www.youtube.com/watch?v=E27yUdPTNEU,How To Make Perfect Dipped Beeswax Taper Candles (In An Old Tin Can),245.0,storyboard,18,142.26,150.16,7.9,https://youtu.be/E27yUdPTNEU?t=142s,pour_wax,assemble,1,0.45,Final wax dips on the tapers.,"Final wax dips on the tapers. captioned, steady, low-motion shot, dim, black/grey palette (#342f2d, #806c53). assemble phase, ~58% in, 2:22–2:30.",of Hk ao6,1,0.0,0.257,0.149,0.386,0.186,"#342f2d,#806c53,#bcac9f",1,,
E27yUdPTNEU,https://www.youtube.com/watch?v=E27yUdPTNEU,How To Make Perfect Dipped Beeswax Taper Candles (In An Old Tin Can),245.0,storyboard,25,197.58,205.48,7.9,https://youtu.be/E27yUdPTNEU?t=198s,pour_wax,assemble,1,0.4,Caption 'One last dip in the dip can'; final dip.,"Caption 'One last dip in the dip can'; final dip. captioned, moderate on-screen movement, dim, muted black/brown palette (#201a18, #6f5a53). assemble phase, ~81% in, 3:17–3:25.",ee Cy Pa,1,0.0,0.144,0.19,0.314,0.071,"#201a18,#6f5a53,#aaa4a6",1,,
EBZGgxpf3Ho,https://www.youtube.com/watch?v=EBZGgxpf3Ho,How to make perfect scented soy wax tin candles every time. DIY tutorial 7oz coco soy wax candles,667.0,storyboard,43,345.55,353.59,8.04,https://youtu.be/EBZGgxpf3Ho?t=346s,pour_wax,assemble,1,0.5,Pouring wax into the tins.,"Pouring wax into the tins. steady, low-motion shot, well-lit, muted grey/cream palette (#8c8d8e, #d1cdcc). assemble phase, ~52% in, 5:45–5:53.",,0,0.0,0.017,0.129,0.552,0.044,"#8c8d8e,#d1cdcc,#5a544e",1,,
EBZGgxpf3Ho,https://www.youtube.com/watch?v=EBZGgxpf3Ho,How to make perfect scented soy wax tin candles every time. DIY tutorial 7oz coco soy wax candles,667.0,storyboard,44,353.59,361.63,8.04,https://youtu.be/EBZGgxpf3Ho?t=354s,pour_wax,assemble,1,0.5,Pouring wax into the tins.,"Pouring wax into the tins. static shot, well-lit, muted grey palette (#929395, #68605a). assemble phase, ~53% in, 5:53–6:01.",,0,0.0,0.013,0.0,0.582,0.049,"#929395,#68605a,#d5cfce",1,,
EBZGgxpf3Ho,https://www.youtube.com/watch?v=EBZGgxpf3Ho,How to make perfect scented soy wax tin candles every time. DIY tutorial 7oz coco soy wax candles,667.0,storyboard,45,361.63,369.66,8.03,https://youtu.be/EBZGgxpf3Ho?t=362s,pour_wax,assemble,1,0.5,Pouring wax into the tins.,"Pouring wax into the tins. captioned, lots of on-screen movement, dim, muted black palette (#0d0c0c, #0a0a07). assemble phase, ~54% in, 6:01–6:09.","oo oe nena oe soarpassassassasassecnaannns, 4 cans Si oo",1,0.0,0.015,0.522,0.312,0.065,"#0d0c0c,#0a0a07,#121212",1,,
EBZGgxpf3Ho,https://www.youtube.com/watch?v=EBZGgxpf3Ho,How to make perfect scented soy wax tin candles every time. DIY tutorial 7oz coco soy wax candles,667.0,storyboard,46,369.66,377.7,8.04,https://youtu.be/EBZGgxpf3Ho?t=370s,pour_wax,assemble,1,0.5,Checking wax temperature (phone app).,"Checking wax temperature (phone app). static shot, well-lit, muted grey palette (#8f9196, #6c6762). assemble phase, ~55% in, 6:09–6:17.",oN bia,0,0.0,0.025,0.0,0.579,0.05,"#8f9196,#6c6762,#cdd3dc",1,,
EBZGgxpf3Ho,https://www.youtube.com/watch?v=EBZGgxpf3Ho,How to make perfect scented soy wax tin candles every time. DIY tutorial 7oz coco soy wax candles,667.0,storyboard,47,377.7,385.73,8.03,https://youtu.be/EBZGgxpf3Ho?t=378s,pour_wax,assemble,1,0.5,Pouring wax into the tins.,"Pouring wax into the tins. captioned, lots of on-screen movement, dim, muted grey/beige palette (#888584, #c3c5ca). assemble phase, ~57% in, 6:17–6:25.",eo 4 3 es,1,0.0,0.02,0.394,0.361,0.041,"#888584,#c3c5ca,#433f3f",1,,
EBZGgxpf3Ho,https://www.youtube.com/watch?v=EBZGgxpf3Ho,How to make perfect scented soy wax tin candles every time. DIY tutorial 7oz coco soy wax candles,667.0,storyboard,50,401.81,409.84,8.03,https://youtu.be/EBZGgxpf3Ho?t=402s,pour_wax,assemble,1,0.5,Pouring wax into the tins.,"Pouring wax into the tins. captioned, moderate on-screen movement, well-lit, muted beige/grey palette (#aeafb2, #85817f). assemble phase, ~60% in, 6:41–6:49.",ae 2 de oes DY 3 2 es,1,0.0,0.026,0.202,0.628,0.047,"#aeafb2,#85817f,#544f4e",1,,
EBZGgxpf3Ho,https://www.youtube.com/watch?v=EBZGgxpf3Ho,How to make perfect scented soy wax tin candles every time. DIY tutorial 7oz coco soy wax candles,667.0,storyboard,51,409.84,417.88,8.04,https://youtu.be/EBZGgxpf3Ho?t=410s,pour_wax,assemble,1,0.5,Pouring wax into the tins.,"Pouring wax into the tins. captioned, steady, low-motion shot, well-lit, muted grey/black palette (#928b89, #342e2c). assemble phase, ~61% in, 6:49–6:57.",Se he ee eS 4,1,0.0,0.052,0.07,0.531,0.063,"#928b89,#342e2c,#d6dde7",1,,
EBZGgxpf3Ho,https://www.youtube.com/watch?v=EBZGgxpf3Ho,How to make perfect scented soy wax tin candles every time. DIY tutorial 7oz coco soy wax candles,667.0,storyboard,53,425.92,433.95,8.03,https://youtu.be/EBZGgxpf3Ho?t=426s,pour_wax,assemble,1,0.5,Pouring wax into the tins.,"Pouring wax into the tins. moderate on-screen movement, dim, muted beige/grey palette (#a4a6a5, #766d63). assemble phase, ~64% in, 7:05–7:13.",Pe oe,0,0.0,0.011,0.308,0.375,0.044,"#a4a6a5,#766d63,#2c2424",1,,
EBZGgxpf3Ho,https://www.youtube.com/watch?v=EBZGgxpf3Ho,How to make perfect scented soy wax tin candles every time. DIY tutorial 7oz coco soy wax candles,667.0,storyboard,54,433.95,441.99,8.04,https://youtu.be/EBZGgxpf3Ho?t=434s,pour_wax,assemble,1,0.5,Pouring wax into the tins.,"Pouring wax into the tins. captioned, static shot, well-lit, muted grey/beige palette (#8d867a, #adb0af). assemble phase, ~65% in, 7:13–7:21.",SS 4 io aie ry 2. rai,1,0.0,0.059,0.0,0.521,0.082,"#8d867a,#adb0af,#322c2a",1,,
EBZGgxpf3Ho,https://www.youtube.com/watch?v=EBZGgxpf3Ho,How to make perfect scented soy wax tin candles every time. DIY tutorial 7oz coco soy wax candles,667.0,storyboard,59,474.13,482.17,8.04,https://youtu.be/EBZGgxpf3Ho?t=474s,pour_wax,assemble,1,0.5,Pouring wax into the tins.,"Pouring wax into the tins. moderate on-screen movement, dark, muted black/brown palette (#2f3034, #4c5055). assemble phase, ~71% in, 7:54–8:02.",,0,0.0,0.0,0.161,0.11,0.015,"#2f3034,#4c5055,#100e0f",1,,
FhVukBUHls0,https://www.youtube.com/watch?v=FhVukBUHls0,"Candle Making Kit with Electronic Hot Plate for Beginners, Adults, and Kids",110.0,storyboard,5,39.29,47.14,7.85,https://youtu.be/FhVukBUHls0?t=39s,pour_wax,assemble,1,0.6,Molten wax is poured into a glass and stirred with a stick.,"Molten wax is poured into a glass and stirred with a stick. captioned, steady, low-motion shot, well-lit, muted grey/beige palette (#877161, #c0ac96). assemble phase, ~36% in, 0:39–0:47.",ee See ets. 7 7,1,0.333,0.152,0.107,0.535,0.14,"#877161,#c0ac96,#3a2a20",1,,
FhVukBUHls0,https://www.youtube.com/watch?v=FhVukBUHls0,"Candle Making Kit with Electronic Hot Plate for Beginners, Adults, and Kids",110.0,storyboard,6,47.14,55.0,7.86,https://youtu.be/FhVukBUHls0?t=47s,pour_wax,assemble,1,0.5,The glass holds poured wax; hands work with the pan alongside.,"The glass holds poured wax; hands work with the pan alongside. steady, low-motion shot, well-lit, muted beige/grey palette (#c3b7a7, #8c7564). assemble phase, ~43% in, 0:47–0:55.",,0,0.0,0.171,0.102,0.533,0.14,"#c3b7a7,#8c7564,#3a2e25",1,,
FhVukBUHls0,https://www.youtube.com/watch?v=FhVukBUHls0,"Candle Making Kit with Electronic Hot Plate for Beginners, Adults, and Kids",110.0,storyboard,9,70.71,78.57,7.86,https://youtu.be/FhVukBUHls0?t=71s,pour_wax,assemble,1,0.6,Green wax is poured into the glass; a clip holds the wick centred.,"Green wax is poured into the glass; a clip holds the wick centred. captioned, moderate on-screen movement, well-lit, muted grey/beige palette (#8e8075, #cdb8a6). assemble phase, ~64% in, 1:10–1:18.",4 fi ri ye,1,0.333,0.12,0.19,0.539,0.142,"#8e8075,#cdb8a6,#413830",1,,
GAh9lQmaEvI,https://www.youtube.com/watch?v=GAh9lQmaEvI,How to make scented candles at home step by step,135.0,storyboard,12,95.29,103.24,7.95,https://youtu.be/GAh9lQmaEvI?t=95s,pour_wax,assemble,1,0.75,'Pour the wax into your container',"'Pour the wax into your container'. captioned, moderate on-screen movement, well-lit, muted amber/brown palette (#8fa14a, #54721e). assemble phase, ~71% in, 1:35–1:43.",Baa ie ai 7 Za Re an ae ey Pourthe Waxinto.your jars slowly,1,0.0,0.035,0.223,0.685,0.126,"#8fa14a,#54721e,#b7c3a9",1,,
GAh9lQmaEvI,https://www.youtube.com/watch?v=GAh9lQmaEvI,How to make scented candles at home step by step,135.0,storyboard,13,103.24,111.18,7.94,https://youtu.be/GAh9lQmaEvI?t=103s,pour_wax,assemble,1,0.7,"pouring green wax, 'leave space at top'","pouring green wax, 'leave space at top'. steady, low-motion shot, bright, muted beige/grey palette (#c1c1c1, #8c92aa). assemble phase, ~76% in, 1:43–1:51.",,0,0.0,0.012,0.088,0.714,0.101,"#c1c1c1,#8c92aa,#a6a8ba",1,,description references on-screen text but OCR found none
GAh9lQmaEvI,https://www.youtube.com/watch?v=GAh9lQmaEvI,How to make scented candles at home step by step,135.0,storyboard,14,111.18,119.12,7.94,https://youtu.be/GAh9lQmaEvI?t=111s,pour_wax,assemble,1,0.55,"'Top off the candle', green+blue jars","'Top off the candle', green+blue jars. moderate on-screen movement, well-lit, beige/grey palette (#c1c1c2, #6b70a4). assemble phase, ~82% in, 1:51–1:59.",17,0,0.0,0.056,0.19,0.659,0.162,"#c1c1c2,#6b70a4,#7589b1",1,,description references on-screen text but OCR found none
HM8dpgA-bms,https://www.youtube.com/watch?v=HM8dpgA-bms,Natural Ways to Color Candles : Basic Candle Making,126.0,storyboard,9,70.88,78.75,7.87,https://youtu.be/HM8dpgA-bms?t=71s,pour_wax,assemble,1,0.45,Readying to pour from the metal melter.,"Readying to pour from the metal melter. moderate on-screen movement, dim, muted black/grey palette (#24241a, #958b62). assemble phase, ~56% in, 1:10–1:18.",Te,0,0.0,0.046,0.162,0.345,0.114,"#24241a,#958b62,#cdcdb7",1,,
HM8dpgA-bms,https://www.youtube.com/watch?v=HM8dpgA-bms,Natural Ways to Color Candles : Basic Candle Making,126.0,storyboard,10,78.75,86.62,7.87,https://youtu.be/HM8dpgA-bms?t=79s,pour_wax,assemble,1,0.5,Pouring tan/amber wax into a jar.,"Pouring tan/amber wax into a jar. static shot, dim, muted black/brown palette (#1e150e, #7a6d4a). assemble phase, ~62% in, 1:18–1:26.",4,0,0.0,0.031,0.034,0.333,0.125,"#1e150e,#7a6d4a,#aaa47c",1,,
HM8dpgA-bms,https://www.youtube.com/watch?v=HM8dpgA-bms,Natural Ways to Color Candles : Basic Candle Making,126.0,storyboard,11,86.62,94.5,7.88,https://youtu.be/HM8dpgA-bms?t=87s,pour_wax,assemble,1,0.45,Tan wax filling the jar; wick.,"Tan wax filling the jar; wick. steady, low-motion shot, dim, muted black/amber palette (#151610, #a28251). assemble phase, ~69% in, 1:26–1:34.",,0,0.0,0.003,0.085,0.231,0.138,"#151610,#a28251,#6a5a3d",1,,
HPD1k0lhDCU,https://www.youtube.com/watch?v=HPD1k0lhDCU,How to Make Luxury Coconut Apricot Wax Candles | Step-by-Step Tutorial,687.0,storyboard,27,215.69,223.67,7.98,https://youtu.be/HPD1k0lhDCU?t=216s,pour_wax,assemble,1,0.45,Pouring wax into a pitcher/jar.,"Pouring wax into a pitcher/jar. captioned, steady, low-motion shot, well-lit, beige/grey palette (#b9aaa3, #8a645e). assemble phase, ~31% in, 3:35–3:43.",5 40 ay ad aRy rh. oy Ge ee 78 7 3 ee yes,1,0.0,0.183,0.108,0.446,0.167,"#b9aaa3,#8a645e,#321d12",1,,
HPD1k0lhDCU,https://www.youtube.com/watch?v=HPD1k0lhDCU,How to Make Luxury Coconut Apricot Wax Candles | Step-by-Step Tutorial,687.0,storyboard,31,247.64,255.63,7.99,https://youtu.be/HPD1k0lhDCU?t=248s,pour_wax,assemble,1,0.45,Pouring wax into a pitcher/jar.,"Pouring wax into a pitcher/jar. captioned, static shot, well-lit, muted beige/black palette (#ada799, #2a1b10). assemble phase, ~36% in, 4:07–4:15.","AA ef ft AS ay vOF Me as zB 5 4 fay PP GF, af et wt dl",1,0.0,0.193,0.02,0.425,0.124,"#ada799,#2a1b10,#756145",1,,
HPD1k0lhDCU,https://www.youtube.com/watch?v=HPD1k0lhDCU,How to Make Luxury Coconut Apricot Wax Candles | Step-by-Step Tutorial,687.0,storyboard,35,279.59,287.58,7.99,https://youtu.be/HPD1k0lhDCU?t=280s,pour_wax,assemble,1,0.45,Pouring wax into a pitcher/jar.,"Pouring wax into a pitcher/jar. static shot, well-lit, muted cream/grey palette (#d3d7d3, #9a7b86). assemble phase, ~41% in, 4:39–4:47.",,0,0.0,0.019,0.0,0.684,0.129,"#d3d7d3,#9a7b86,#422e23",1,,
HPD1k0lhDCU,https://www.youtube.com/watch?v=HPD1k0lhDCU,How to Make Luxury Coconut Apricot Wax Candles | Step-by-Step Tutorial,687.0,storyboard,39,311.55,319.53,7.98,https://youtu.be/HPD1k0lhDCU?t=312s,pour_wax,assemble,1,0.45,Pouring wax into a pitcher/jar.,"Pouring wax into a pitcher/jar. moderate on-screen movement, bright, muted cream/grey palette (#dcd8d2, #6f675f). assemble phase, ~45% in, 5:11–5:19.",,0,0.0,0.037,0.293,0.756,0.063,"#dcd8d2,#6f675f,#382817",1,,
HPD1k0lhDCU,https://www.youtube.com/watch?v=HPD1k0lhDCU,How to Make Luxury Coconut Apricot Wax Candles | Step-by-Step Tutorial,687.0,storyboard,43,343.5,351.49,7.99,https://youtu.be/HPD1k0lhDCU?t=344s,pour_wax,assemble,1,0.45,Pouring wax into a pitcher/jar.,"Pouring wax into a pitcher/jar. moderate on-screen movement, well-lit, muted grey/black palette (#7b786a, #262523). assemble phase, ~50% in, 5:43–5:51.",,0,0.0,0.046,0.266,0.45,0.133,"#7b786a,#262523,#c6bda4",1,,
HPD1k0lhDCU,https://www.youtube.com/watch?v=HPD1k0lhDCU,How to Make Luxury Coconut Apricot Wax Candles | Step-by-Step Tutorial,687.0,storyboard,47,375.45,383.44,7.99,https://youtu.be/HPD1k0lhDCU?t=375s,pour_wax,assemble,1,0.45,Pouring wax into a pitcher/jar.,"Pouring wax into a pitcher/jar. static shot, well-lit, grey/beige palette (#706753, #bab29a). assemble phase, ~55% in, 6:15–6:23.",ri 4,0,0.0,0.093,0.0,0.433,0.159,"#706753,#bab29a,#272428",1,,
HPD1k0lhDCU,https://www.youtube.com/watch?v=HPD1k0lhDCU,How to Make Luxury Coconut Apricot Wax Candles | Step-by-Step Tutorial,687.0,storyboard,48,383.44,391.43,7.99,https://youtu.be/HPD1k0lhDCU?t=383s,pour_wax,assemble,1,0.5,Pouring amber wax into the rows of jars.,"Pouring amber wax into the rows of jars. steady, low-motion shot, well-lit, grey/black palette (#807c6f, #2b2b29). assemble phase, ~56% in, 6:23–6:31.",,0,0.0,0.098,0.147,0.446,0.162,"#807c6f,#2b2b29,#d2ccb8",1,,
HPD1k0lhDCU,https://www.youtube.com/watch?v=HPD1k0lhDCU,How to Make Luxury Coconut Apricot Wax Candles | Step-by-Step Tutorial,687.0,storyboard,49,391.43,399.42,7.99,https://youtu.be/HPD1k0lhDCU?t=391s,pour_wax,assemble,1,0.5,Pouring amber wax into the rows of jars.,"Pouring amber wax into the rows of jars. captioned, steady, low-motion shot, well-lit, grey/black palette (#786f60, #262524). assemble phase, ~57% in, 6:31–6:39.",jd aa. ys AS,1,0.0,0.13,0.119,0.427,0.161,"#786f60,#262524,#bbbaa9",1,,
HPD1k0lhDCU,https://www.youtube.com/watch?v=HPD1k0lhDCU,How to Make Luxury Coconut Apricot Wax Candles | Step-by-Step Tutorial,687.0,storyboard,50,399.42,407.41,7.99,https://youtu.be/HPD1k0lhDCU?t=399s,pour_wax,assemble,1,0.5,Pouring amber wax into the rows of jars.,"Pouring amber wax into the rows of jars. captioned, static shot, well-lit, grey/beige palette (#7f735a, #c0baa9). assemble phase, ~58% in, 6:39–6:47.",ee cRNA ci an FF,1,0.0,0.095,0.0,0.454,0.166,"#7f735a,#c0baa9,#272525",1,,
HPD1k0lhDCU,https://www.youtube.com/watch?v=HPD1k0lhDCU,How to Make Luxury Coconut Apricot Wax Candles | Step-by-Step Tutorial,687.0,storyboard,51,407.41,415.4,7.99,https://youtu.be/HPD1k0lhDCU?t=407s,pour_wax,assemble,1,0.5,Pouring amber wax into the rows of jars.,"Pouring amber wax into the rows of jars. captioned, moderate on-screen movement, well-lit, grey/beige palette (#6f645c, #bab199). assemble phase, ~59% in, 6:47–6:55.",eo ae ni,1,0.0,0.046,0.213,0.423,0.169,"#6f645c,#bab199,#2a2121",1,,
HPD1k0lhDCU,https://www.youtube.com/watch?v=HPD1k0lhDCU,How to Make Luxury Coconut Apricot Wax Candles | Step-by-Step Tutorial,687.0,storyboard,52,415.4,423.38,7.98,https://youtu.be/HPD1k0lhDCU?t=415s,pour_wax,assemble,1,0.5,Pouring amber wax into the rows of jars.,"Pouring amber wax into the rows of jars. captioned, moderate on-screen movement, well-lit, brown/grey palette (#453634, #a26173). assemble phase, ~60% in, 6:55–7:03.",4 ey 3 By,1,0.0,0.019,0.213,0.455,0.208,"#453634,#a26173,#c3b6a3",1,,
HPD1k0lhDCU,https://www.youtube.com/watch?v=HPD1k0lhDCU,How to Make Luxury Coconut Apricot Wax Candles | Step-by-Step Tutorial,687.0,storyboard,53,423.38,431.37,7.99,https://youtu.be/HPD1k0lhDCU?t=423s,pour_wax,assemble,1,0.5,Pouring amber wax into the rows of jars.,"Pouring amber wax into the rows of jars. static shot, well-lit, brown/grey palette (#4d3c31, #a15e79). assemble phase, ~62% in, 7:03–7:11.",4 2,0,0.0,0.025,0.0,0.471,0.252,"#4d3c31,#a15e79,#c7baa8",1,,
HPD1k0lhDCU,https://www.youtube.com/watch?v=HPD1k0lhDCU,How to Make Luxury Coconut Apricot Wax Candles | Step-by-Step Tutorial,687.0,storyboard,54,431.37,439.36,7.99,https://youtu.be/HPD1k0lhDCU?t=431s,pour_wax,assemble,1,0.5,Pouring amber wax into the rows of jars.,"Pouring amber wax into the rows of jars. static shot, well-lit, brown/grey palette (#4a3636, #a26175). assemble phase, ~63% in, 7:11–7:19.",fa! ym,0,0.0,0.03,0.043,0.466,0.239,"#4a3636,#a26175,#c1b6a6",1,,
HPD1k0lhDCU,https://www.youtube.com/watch?v=HPD1k0lhDCU,How to Make Luxury Coconut Apricot Wax Candles | Step-by-Step Tutorial,687.0,storyboard,55,439.36,447.35,7.99,https://youtu.be/HPD1k0lhDCU?t=439s,pour_wax,assemble,1,0.5,Pouring amber wax into the rows of jars.,"Pouring amber wax into the rows of jars. moderate on-screen movement, well-lit, muted grey/brown palette (#7c776c, #4a3e23). assemble phase, ~64% in, 7:19–7:27.",ji ama,0,0.0,0.037,0.202,0.477,0.12,"#7c776c,#4a3e23,#c4bdb1",1,,
HPD1k0lhDCU,https://www.youtube.com/watch?v=HPD1k0lhDCU,How to Make Luxury Coconut Apricot Wax Candles | Step-by-Step Tutorial,687.0,storyboard,56,447.35,455.34,7.99,https://youtu.be/HPD1k0lhDCU?t=447s,pour_wax,assemble,1,0.5,Pouring amber wax into the rows of jars.,"Pouring amber wax into the rows of jars. static shot, well-lit, muted grey/black palette (#7c776d, #352c1a). assemble phase, ~65% in, 7:27–7:35.",SE,0,0.0,0.069,0.0,0.455,0.061,"#7c776d,#352c1a,#beb8ac",1,,
HPD1k0lhDCU,https://www.youtube.com/watch?v=HPD1k0lhDCU,How to Make Luxury Coconut Apricot Wax Candles | Step-by-Step Tutorial,687.0,storyboard,57,455.34,463.33,7.99,https://youtu.be/HPD1k0lhDCU?t=455s,pour_wax,assemble,1,0.5,Pouring amber wax into the rows of jars.,"Pouring amber wax into the rows of jars. captioned, moderate on-screen movement, well-lit, muted grey/beige palette (#6b665b, #bbb7ac). assemble phase, ~66% in, 7:35–7:43.",ta 4 SS 2,1,0.0,0.075,0.173,0.465,0.083,"#6b665b,#bbb7ac,#342819",1,,
HPD1k0lhDCU,https://www.youtube.com/watch?v=HPD1k0lhDCU,How to Make Luxury Coconut Apricot Wax Candles | Step-by-Step Tutorial,687.0,storyboard,58,463.33,471.31,7.98,https://youtu.be/HPD1k0lhDCU?t=463s,pour_wax,assemble,1,0.5,Pouring amber wax into the rows of jars.,"Pouring amber wax into the rows of jars. captioned, moderate on-screen movement, well-lit, muted grey/brown palette (#827c70, #483d28). assemble phase, ~67% in, 7:43–7:51.",Sc oe XS 9 Ss,1,0.0,0.083,0.16,0.462,0.081,"#827c70,#483d28,#d1cabe",1,,
HPD1k0lhDCU,https://www.youtube.com/watch?v=HPD1k0lhDCU,How to Make Luxury Coconut Apricot Wax Candles | Step-by-Step Tutorial,687.0,storyboard,60,479.3,487.29,7.99,https://youtu.be/HPD1k0lhDCU?t=479s,pour_wax,assemble,1,0.5,Pouring amber wax into the rows of jars.,"Pouring amber wax into the rows of jars. moderate on-screen movement, well-lit, muted brown/beige palette (#625c51, #c6beb3). assemble phase, ~70% in, 7:59–8:07.",aS 3,0,0.0,0.039,0.256,0.454,0.087,"#625c51,#c6beb3,#3b2b17",1,,
HPD1k0lhDCU,https://www.youtube.com/watch?v=HPD1k0lhDCU,How to Make Luxury Coconut Apricot Wax Candles | Step-by-Step Tutorial,687.0,storyboard,61,487.29,495.28,7.99,https://youtu.be/HPD1k0lhDCU?t=487s,pour_wax,assemble,1,0.5,Pouring amber wax into the rows of jars.,"Pouring amber wax into the rows of jars. moderate on-screen movement, well-lit, muted grey/brown palette (#7f796c, #4d3f29). assemble phase, ~71% in, 8:07–8:15.",,0,0.0,0.033,0.156,0.467,0.091,"#7f796c,#4d3f29,#cac0af",1,,
HPD1k0lhDCU,https://www.youtube.com/watch?v=HPD1k0lhDCU,How to Make Luxury Coconut Apricot Wax Candles | Step-by-Step Tutorial,687.0,storyboard,62,495.28,503.27,7.99,https://youtu.be/HPD1k0lhDCU?t=495s,pour_wax,assemble,1,0.5,Pouring amber wax into the rows of jars.,"Pouring amber wax into the rows of jars. static shot, well-lit, muted grey/cream palette (#736f64, #d2cfc4). assemble phase, ~72% in, 8:15–8:23.",ans,0,0.0,0.056,0.0,0.492,0.078,"#736f64,#d2cfc4,#3b2f19",1,,
HPD1k0lhDCU,https://www.youtube.com/watch?v=HPD1k0lhDCU,How to Make Luxury Coconut Apricot Wax Candles | Step-by-Step Tutorial,687.0,storyboard,63,503.27,511.26,7.99,https://youtu.be/HPD1k0lhDCU?t=503s,pour_wax,assemble,1,0.5,Pouring amber wax into the rows of jars.,"Pouring amber wax into the rows of jars. captioned, moderate on-screen movement, well-lit, brown/cream palette (#4b3f3c, #d9d6d0). assemble phase, ~73% in, 8:23–8:31.",4 atl te es 7 ip PA ga,1,0.0,0.056,0.153,0.449,0.172,"#4b3f3c,#d9d6d0,#8a6674",1,,
HPD1k0lhDCU,https://www.youtube.com/watch?v=HPD1k0lhDCU,How to Make Luxury Coconut Apricot Wax Candles | Step-by-Step Tutorial,687.0,storyboard,64,511.26,519.24,7.98,https://youtu.be/HPD1k0lhDCU?t=511s,pour_wax,assemble,1,0.5,Pouring amber wax into the rows of jars.,"Pouring amber wax into the rows of jars. moderate on-screen movement, well-lit, brown/grey palette (#4b413c, #9e5878). assemble phase, ~74% in, 8:31–8:39.",EN,0,0.0,0.089,0.212,0.494,0.162,"#4b413c,#9e5878,#d9d3cb",1,,
HPD1k0lhDCU,https://www.youtube.com/watch?v=HPD1k0lhDCU,How to Make Luxury Coconut Apricot Wax Candles | Step-by-Step Tutorial,687.0,storyboard,65,519.24,527.23,7.99,https://youtu.be/HPD1k0lhDCU?t=519s,pour_wax,assemble,1,0.5,Pouring amber wax into the rows of jars.,"Pouring amber wax into the rows of jars. moderate on-screen movement, well-lit, muted brown/cream palette (#433933, #ddd9d2). assemble phase, ~76% in, 8:39–8:47.",7 we AN,0,0.0,0.079,0.161,0.531,0.104,"#433933,#ddd9d2,#a36981",1,,
HPD1k0lhDCU,https://www.youtube.com/watch?v=HPD1k0lhDCU,How to Make Luxury Coconut Apricot Wax Candles | Step-by-Step Tutorial,687.0,storyboard,66,527.23,535.22,7.99,https://youtu.be/HPD1k0lhDCU?t=527s,pour_wax,assemble,1,0.5,Pouring amber wax into the rows of jars.,"Pouring amber wax into the rows of jars. static shot, well-lit, brown/cream palette (#463934, #d1ccc6). assemble phase, ~77% in, 8:47–8:55.",4 7,0,0.0,0.034,0.0,0.446,0.168,"#463934,#d1ccc6,#986678",1,,
HPD1k0lhDCU,https://www.youtube.com/watch?v=HPD1k0lhDCU,How to Make Luxury Coconut Apricot Wax Candles | Step-by-Step Tutorial,687.0,storyboard,67,535.22,543.21,7.99,https://youtu.be/HPD1k0lhDCU?t=535s,pour_wax,assemble,1,0.5,Pouring amber wax into the rows of jars.,"Pouring amber wax into the rows of jars. captioned, moderate on-screen movement, well-lit, muted brown/amber palette (#52432a, #a68e68). assemble phase, ~78% in, 8:55–9:03.",fe 6 oO Neca ae idle,1,0.0,0.083,0.322,0.519,0.094,"#52432a,#a68e68,#d7cec2",1,,
HPD1k0lhDCU,https://www.youtube.com/watch?v=HPD1k0lhDCU,How to Make Luxury Coconut Apricot Wax Candles | Step-by-Step Tutorial,687.0,storyboard,68,543.21,551.2,7.99,https://youtu.be/HPD1k0lhDCU?t=543s,pour_wax,assemble,1,0.5,Pouring amber wax into the rows of jars.,"Pouring amber wax into the rows of jars. captioned, moderate on-screen movement, well-lit, muted brown/grey palette (#4d4330, #97835d). assemble phase, ~79% in, 9:03–9:11.",Unt As ws,1,0.0,0.085,0.176,0.467,0.139,"#4d4330,#97835d,#d3cab9",1,,
HPD1k0lhDCU,https://www.youtube.com/watch?v=HPD1k0lhDCU,How to Make Luxury Coconut Apricot Wax Candles | Step-by-Step Tutorial,687.0,storyboard,69,551.2,559.19,7.99,https://youtu.be/HPD1k0lhDCU?t=551s,pour_wax,assemble,1,0.5,Pouring amber wax into the rows of jars.,"Pouring amber wax into the rows of jars. captioned, static shot, well-lit, amber/brown palette (#ad9975, #4f3f21). assemble phase, ~80% in, 9:11–9:19.",ie OWe OS ey 7. tS,1,0.0,0.08,0.0,0.527,0.154,"#ad9975,#4f3f21,#d4cfc1",1,,
HPD1k0lhDCU,https://www.youtube.com/watch?v=HPD1k0lhDCU,How to Make Luxury Coconut Apricot Wax Candles | Step-by-Step Tutorial,687.0,storyboard,70,559.19,567.17,7.98,https://youtu.be/HPD1k0lhDCU?t=559s,pour_wax,assemble,1,0.5,Pouring amber wax into the rows of jars.,"Pouring amber wax into the rows of jars. steady, low-motion shot, well-lit, muted beige/brown palette (#c6bda7, #4b412a). assemble phase, ~81% in, 9:19–9:27.",,0,0.0,0.062,0.137,0.512,0.127,"#c6bda7,#4b412a,#817866",1,,
HXX8_QF8jcE,https://www.youtube.com/watch?v=HXX8_QF8jcE,Gradient candle making full tutorial ( soy wax & beeswax ) DIY at home | handmade | craft | layer,160.0,storyboard,8,64.0,72.0,8.0,https://youtu.be/HXX8_QF8jcE?t=64s,pour_wax,assemble,1,0.5,Pouring wax into a glass; '1 colour in centre'.,"Pouring wax into a glass; '1 colour in centre'. steady, low-motion shot, well-lit, muted beige/grey palette (#c8bbbc, #a4897f). assemble phase, ~40% in, 1:04–1:12.",Ke,0,0.0,0.078,0.069,0.576,0.14,"#c8bbbc,#a4897f,#69493b",1,,description references on-screen text but OCR found none
HXX8_QF8jcE,https://www.youtube.com/watch?v=HXX8_QF8jcE,Gradient candle making full tutorial ( soy wax & beeswax ) DIY at home | handmade | craft | layer,160.0,storyboard,9,72.0,80.0,8.0,https://youtu.be/HXX8_QF8jcE?t=72s,pour_wax,assemble,1,0.5,Pouring the next layer; '2 colours in centre'.,"Pouring the next layer; '2 colours in centre'. captioned, steady, low-motion shot, well-lit, beige/grey palette (#c9bbbb, #a7877d). assemble phase, ~45% in, 1:12–1:20.",2 Graders VE Cracker if,1,0.0,0.083,0.09,0.565,0.154,"#c9bbbb,#a7877d,#5f3f33",1,,
HXX8_QF8jcE,https://www.youtube.com/watch?v=HXX8_QF8jcE,Gradient candle making full tutorial ( soy wax & beeswax ) DIY at home | handmade | craft | layer,160.0,storyboard,10,80.0,88.0,8.0,https://youtu.be/HXX8_QF8jcE?t=80s,pour_wax,assemble,1,0.45,Glass with gradient layers; pot.,"Glass with gradient layers; pot. steady, low-motion shot, well-lit, muted beige/brown palette (#d1c1c0, #6f483a). assemble phase, ~50% in, 1:20–1:28.",ate,0,0.0,0.067,0.147,0.598,0.146,"#d1c1c0,#6f483a,#a8867a",1,,
HXX8_QF8jcE,https://www.youtube.com/watch?v=HXX8_QF8jcE,Gradient candle making full tutorial ( soy wax & beeswax ) DIY at home | handmade | craft | layer,160.0,storyboard,14,112.0,120.0,8.0,https://youtu.be/HXX8_QF8jcE?t=112s,pour_wax,assemble,1,0.4,Pouring/finishing the gradient candle.,"Pouring/finishing the gradient candle. steady, low-motion shot, well-lit, muted beige/brown palette (#ccc1c9, #3b3332). assemble phase, ~70% in, 1:52–2:00.",Ss,0,0.0,0.051,0.123,0.605,0.08,"#ccc1c9,#3b3332,#8d7570",1,,
Hir66vEC2MI,https://www.youtube.com/watch?v=Hir66vEC2MI,Learn How to Make Scented Soy Wax Candles for Beginners | CandleScience Guides,323.0,storyboard,26,209.95,218.02,8.07,https://youtu.be/Hir66vEC2MI?t=210s,pour_wax,assemble,1,0.45,"tin of liquid wax with wick, pour-temp note","tin of liquid wax with wick, pour-temp note. moderate on-screen movement, well-lit, muted beige/grey palette (#c4c0ba, #a39289). assemble phase, ~65% in, 3:29–3:38.",,0,0.0,0.058,0.184,0.575,0.077,"#c4c0ba,#a39289,#6e6556",1,,
J3yQxymkFak,https://www.youtube.com/watch?v=J3yQxymkFak,Simple dessert candle tutorial to make at home,386.0,storyboard,10,80.42,88.46,8.04,https://youtu.be/J3yQxymkFak?t=80s,pour_wax,assemble,1,0.45,Pouring wax into round moulds for dessert (macaron) candles.,"Pouring wax into round moulds for dessert (macaron) candles. captioned, steady, low-motion shot, well-lit, muted grey/beige palette (#8f816a, #b7b2a5). assemble phase, ~21% in, 1:20–1:28.",ae aus 3 il 8 oN shee aN ra ap yal baa Se LS owes ey iy 0 ca Wl of we pe! Fs ewes: is eo rT,1,0.0,0.031,0.051,0.519,0.126,"#8f816a,#b7b2a5,#5e5549",1,,
J3yQxymkFak,https://www.youtube.com/watch?v=J3yQxymkFak,Simple dessert candle tutorial to make at home,386.0,storyboard,12,96.5,104.54,8.04,https://youtu.be/J3yQxymkFak?t=96s,pour_wax,assemble,1,0.45,Pouring wax into round moulds for dessert (macaron) candles.,"Pouring wax into round moulds for dessert (macaron) candles. captioned, static shot, well-lit, muted grey/beige palette (#8e7e66, #b5b1a8). assemble phase, ~25% in, 1:36–1:44.","ak 4 Rees 5 ny ea er ey Vieni mee Ss ie ie 4 3 2 5 iy 4 ad, wee ors 1 OO",1,0.0,0.025,0.035,0.522,0.127,"#8e7e66,#b5b1a8,#5e5041",1,,
J3yQxymkFak,https://www.youtube.com/watch?v=J3yQxymkFak,Simple dessert candle tutorial to make at home,386.0,storyboard,13,104.54,112.58,8.04,https://youtu.be/J3yQxymkFak?t=105s,pour_wax,assemble,1,0.45,Pouring wax into round moulds for dessert (macaron) candles.,"Pouring wax into round moulds for dessert (macaron) candles. captioned, static shot, well-lit, muted grey/beige palette (#90806d, #b7b4ad). assemble phase, ~27% in, 1:44–1:52.","Le! ee Sh wil, 7.3. of of is WES eS ae sz aan",1,0.0,0.033,0.022,0.532,0.121,"#90806d,#b7b4ad,#5a493d",1,,
J3yQxymkFak,https://www.youtube.com/watch?v=J3yQxymkFak,Simple dessert candle tutorial to make at home,386.0,storyboard,15,120.63,128.67,8.04,https://youtu.be/J3yQxymkFak?t=121s,pour_wax,assemble,1,0.45,Pouring wax into round moulds for dessert (macaron) candles.,"Pouring wax into round moulds for dessert (macaron) candles. captioned, steady, low-motion shot, well-lit, muted grey/beige palette (#978673, #bcb6ab). assemble phase, ~31% in, 2:00–2:08.",ET EE rays: Sa Seek bi 4 sl Ga my iS Co qr aL hd! an SF. jg ES Peeysls iy te ry,1,0.0,0.049,0.069,0.529,0.141,"#978673,#bcb6ab,#504134",1,,
J3yQxymkFak,https://www.youtube.com/watch?v=J3yQxymkFak,Simple dessert candle tutorial to make at home,386.0,storyboard,16,128.67,136.71,8.04,https://youtu.be/J3yQxymkFak?t=129s,pour_wax,assemble,1,0.45,Pouring wax into round moulds for dessert (macaron) candles.,"Pouring wax into round moulds for dessert (macaron) candles. captioned, steady, low-motion shot, well-lit, muted grey/beige palette (#907c68, #b7b1ae). assemble phase, ~33% in, 2:08–2:16.",se SH. aa perp ae yA aw eee: ab uJ re ah cf,1,0.0,0.036,0.113,0.516,0.142,"#907c68,#b7b1ae,#554133",1,,
JCVDsEKxi5I,https://www.youtube.com/watch?v=JCVDsEKxi5I,Make Your First Candle with Our London Luxury Candle Making Starter Kit!,427.0,storyboard,17,136.96,145.02,8.06,https://youtu.be/JCVDsEKxi5I?t=137s,pour_wax,assemble,1,0.45,Pouring wax into a glass.,"Pouring wax into a glass. captioned, static shot, well-lit, muted cream/grey palette (#dad4db, #95817b). assemble phase, ~32% in, 2:16–2:25.",aise lot Be oT iy Pia 7 ag ee aa Cal,1,0.0,0.087,0.042,0.647,0.121,"#dad4db,#95817b,#292628",1,,
JCVDsEKxi5I,https://www.youtube.com/watch?v=JCVDsEKxi5I,Make Your First Candle with Our London Luxury Candle Making Starter Kit!,427.0,storyboard,26,209.47,217.53,8.06,https://youtu.be/JCVDsEKxi5I?t=209s,pour_wax,assemble,1,0.5,Pouring wax into the glass.,"Pouring wax into the glass. captioned, static shot, well-lit, muted cream/grey palette (#dad5dc, #9f897e). assemble phase, ~49% in, 3:29–3:37.",va AN 4 ee By ape Sp... 7 fcr,1,0.0,0.082,0.043,0.657,0.112,"#dad5dc,#9f897e,#333030",1,,
JCVDsEKxi5I,https://www.youtube.com/watch?v=JCVDsEKxi5I,Make Your First Candle with Our London Luxury Candle Making Starter Kit!,427.0,storyboard,30,241.7,249.75,8.05,https://youtu.be/JCVDsEKxi5I?t=242s,pour_wax,assemble,1,0.5,Pouring wax into the glass.,"Pouring wax into the glass. captioned, static shot, well-lit, muted cream/grey palette (#dad3d9, #99887e). assemble phase, ~57% in, 4:01–4:09.",ea Maoh aeksuee 2 1 te,1,0.0,0.089,0.032,0.652,0.111,"#dad3d9,#99887e,#353132",1,,
JCVDsEKxi5I,https://www.youtube.com/watch?v=JCVDsEKxi5I,Make Your First Candle with Our London Luxury Candle Making Starter Kit!,427.0,storyboard,31,249.75,257.81,8.06,https://youtu.be/JCVDsEKxi5I?t=250s,pour_wax,assemble,1,0.6,Host talks to camera (first-candle kit).,"Host talks to camera (first-candle kit). Pouring the melted wax from the pitcher into the prepared container. captioned, static shot, well-lit, muted cream/grey palette (#d9d3d9, #99887e). assemble phase, ~58% in, 4:09–4:17.",ge Yy Ef Re vee 4,1,0.0,0.086,0.0,0.653,0.111,"#d9d3d9,#99887e,#2e2c2e",1,,
JCVDsEKxi5I,https://www.youtube.com/watch?v=JCVDsEKxi5I,Make Your First Candle with Our London Luxury Candle Making Starter Kit!,427.0,storyboard,32,257.81,265.87,8.06,https://youtu.be/JCVDsEKxi5I?t=258s,pour_wax,assemble,1,0.5,Pouring wax into the glass.,"Pouring wax into the glass. static shot, well-lit, muted cream/grey palette (#d7cbca, #a08475). assemble phase, ~60% in, 4:17–4:25.",,0,0.0,0.024,0.025,0.642,0.118,"#d7cbca,#a08475,#302727",1,,
JCVDsEKxi5I,https://www.youtube.com/watch?v=JCVDsEKxi5I,Make Your First Candle with Our London Luxury Candle Making Starter Kit!,427.0,storyboard,36,290.04,298.09,8.05,https://youtu.be/JCVDsEKxi5I?t=290s,pour_wax,assemble,1,0.5,Pouring wax into the glass.,"Pouring wax into the glass. captioned, static shot, well-lit, muted cream/grey palette (#d9d2d8, #927e73). assemble phase, ~68% in, 4:50–4:58.",Bh Ue ww is pent: en ry,1,0.0,0.079,0.02,0.653,0.11,"#d9d2d8,#927e73,#2b2a2b",1,,
JCVDsEKxi5I,https://www.youtube.com/watch?v=JCVDsEKxi5I,Make Your First Candle with Our London Luxury Candle Making Starter Kit!,427.0,storyboard,37,298.09,306.15,8.06,https://youtu.be/JCVDsEKxi5I?t=298s,pour_wax,assemble,1,0.5,Pouring wax into the glass.,"Pouring wax into the glass. captioned, static shot, well-lit, muted cream/grey palette (#dad4da, #97857b). assemble phase, ~70% in, 4:58–5:06.",1 ol Ba. likes lant At oe,1,0.0,0.085,0.043,0.649,0.109,"#dad4da,#97857b,#2c2b2d",1,,
JCVDsEKxi5I,https://www.youtube.com/watch?v=JCVDsEKxi5I,Make Your First Candle with Our London Luxury Candle Making Starter Kit!,427.0,storyboard,40,322.26,330.32,8.06,https://youtu.be/JCVDsEKxi5I?t=322s,pour_wax,assemble,1,0.5,Pouring wax into the glass.,"Pouring wax into the glass. captioned, steady, low-motion shot, well-lit, muted cream/grey palette (#dad5da, #9c867b). assemble phase, ~75% in, 5:22–5:30.",4 or raleoh AN aes Dee 5 he mn BSA Qe,1,0.0,0.089,0.075,0.646,0.109,"#dad5da,#9c867b,#2a292c",1,,
JCVDsEKxi5I,https://www.youtube.com/watch?v=JCVDsEKxi5I,Make Your First Candle with Our London Luxury Candle Making Starter Kit!,427.0,storyboard,41,330.32,338.38,8.06,https://youtu.be/JCVDsEKxi5I?t=330s,pour_wax,assemble,1,0.6,Host talks to camera (first-candle kit).,"Host talks to camera (first-candle kit). Pouring the melted wax from the pitcher into the prepared container. captioned, static shot, well-lit, muted cream/grey palette (#d8d1d5, #938076). assemble phase, ~77% in, 5:30–5:38.",Sa rae hea oye ag Qi,1,0.0,0.08,0.0,0.649,0.112,"#d8d1d5,#938076,#2b2829",1,,
JCVDsEKxi5I,https://www.youtube.com/watch?v=JCVDsEKxi5I,Make Your First Candle with Our London Luxury Candle Making Starter Kit!,427.0,storyboard,42,338.38,346.43,8.05,https://youtu.be/JCVDsEKxi5I?t=338s,pour_wax,assemble,1,0.5,Pouring wax into the glass.,"Pouring wax into the glass. captioned, steady, low-motion shot, well-lit, muted cream/grey palette (#e2dae1, #9c887f). assemble phase, ~79% in, 5:38–5:46.",sda we aye Te 4 Ciry ee,1,0.0,0.084,0.067,0.663,0.113,"#e2dae1,#9c887f,#2d2b2d",1,,
JCVDsEKxi5I,https://www.youtube.com/watch?v=JCVDsEKxi5I,Make Your First Candle with Our London Luxury Candle Making Starter Kit!,427.0,storyboard,43,346.43,354.49,8.06,https://youtu.be/JCVDsEKxi5I?t=346s,pour_wax,assemble,1,0.5,Melting wax in the melter.,"Melting wax in the melter. moderate on-screen movement, well-lit, muted cream/black palette (#d5c8cf, #2c222c). assemble phase, ~81% in, 5:46–5:54.",aia,0,0.0,0.019,0.236,0.634,0.106,"#d5c8cf,#2c222c,#a9807f",1,,
JCVDsEKxi5I,https://www.youtube.com/watch?v=JCVDsEKxi5I,Make Your First Candle with Our London Luxury Candle Making Starter Kit!,427.0,storyboard,47,378.66,386.72,8.06,https://youtu.be/JCVDsEKxi5I?t=379s,pour_wax,assemble,1,0.5,Pouring wax into the glass.,"Pouring wax into the glass. captioned, static shot, well-lit, muted cream/grey palette (#e2dae1, #9c877e). assemble phase, ~89% in, 6:18–6:26.",Sage ab ep omc ae,1,0.0,0.084,0.022,0.684,0.111,"#e2dae1,#9c877e,#2f2c2d",1,,
Jg1nhsDBtsQ,https://www.youtube.com/watch?v=Jg1nhsDBtsQ,Dollar Tree Candle Hacks That Will SHOCK You (2024) Krafts by Katelyn,665.0,storyboard,50,400.6,408.61,8.01,https://youtu.be/Jg1nhsDBtsQ?t=401s,pour_wax,assemble,1,0.5,Pouring wax into the vessel.,"Pouring wax into the vessel. captioned, moderate on-screen movement, well-lit, muted grey/cream palette (#979b97, #d8d6d2). assemble phase, ~60% in, 6:40–6:48.","2424 nd Pa Uy te me Pe ee LY. GY fr 4 OGLE 4 4 ZA 4 Ka Za,",1,0.0,0.11,0.266,0.677,0.144,"#979b97,#d8d6d2,#4c5153",1,,
Jg1nhsDBtsQ,https://www.youtube.com/watch?v=Jg1nhsDBtsQ,Dollar Tree Candle Hacks That Will SHOCK You (2024) Krafts by Katelyn,665.0,storyboard,54,432.65,440.66,8.01,https://youtu.be/Jg1nhsDBtsQ?t=433s,pour_wax,assemble,1,0.5,Pouring wax into the vessel.,"Pouring wax into the vessel. static shot, well-lit, vivid grey/red palette (#9a7c6a, #c0350c). assemble phase, ~65% in, 7:12–7:20.",,0,0.0,0.023,0.0,0.555,0.372,"#9a7c6a,#c0350c,#d9d7da",1,,
JiisPUkcnSs,https://www.youtube.com/watch?v=JiisPUkcnSs,Satisfying Process of Mass Producing Candles. Korean Candle Factory,796.0,storyboard,1,7.96,15.92,7.96,https://youtu.be/JiisPUkcnSs?t=8s,pour_wax,assemble,1,0.4,Wax fed into the moulding machine.,"Wax fed into the moulding machine. static shot, well-lit, beige/black palette (#afac7d, #161715). assemble phase, ~1% in, 0:07–0:15.",ee,0,0.0,0.062,0.0,0.452,0.191,"#afac7d,#161715,#6a643b",1,,
JiisPUkcnSs,https://www.youtube.com/watch?v=JiisPUkcnSs,Satisfying Process of Mass Producing Candles. Korean Candle Factory,796.0,storyboard,5,39.8,47.76,7.96,https://youtu.be/JiisPUkcnSs?t=40s,pour_wax,assemble,1,0.4,Wax fed into the moulding machine.,"Wax fed into the moulding machine. captioned, moderate on-screen movement, dim, black/grey palette (#25292a, #7e7a6b). assemble phase, ~5% in, 0:39–0:47.","oy Te Ry hail. 7 oll tb 9 17 my ta we Pte, 4 RE Pom om hh ert cua",1,0.0,0.065,0.341,0.396,0.176,"#25292a,#7e7a6b,#cac6c0",1,,
JiisPUkcnSs,https://www.youtube.com/watch?v=JiisPUkcnSs,Satisfying Process of Mass Producing Candles. Korean Candle Factory,796.0,storyboard,9,71.64,79.6,7.96,https://youtu.be/JiisPUkcnSs?t=72s,pour_wax,assemble,1,0.4,Wax fed into the moulding machine.,"Wax fed into the moulding machine. static shot, dim, muted black/brown palette (#1c1914, #5c5650). assemble phase, ~9% in, 1:11–1:19.",,0,0.0,0.007,0.0,0.231,0.036,"#1c1914,#5c5650,#c4beb6",1,,
JiisPUkcnSs,https://www.youtube.com/watch?v=JiisPUkcnSs,Satisfying Process of Mass Producing Candles. Korean Candle Factory,796.0,storyboard,13,103.48,111.44,7.96,https://youtu.be/JiisPUkcnSs?t=103s,pour_wax,assemble,1,0.4,Wax fed into the moulding machine.,"Wax fed into the moulding machine. captioned, lots of on-screen movement, well-lit, muted grey/black palette (#888681, #2b2923). assemble phase, ~13% in, 1:43–1:51.",we me as Ss. Fs aa,1,0.0,0.034,0.387,0.433,0.031,"#888681,#2b2923,#e4e4e2",1,,
JiisPUkcnSs,https://www.youtube.com/watch?v=JiisPUkcnSs,Satisfying Process of Mass Producing Candles. Korean Candle Factory,796.0,storyboard,17,135.32,143.28,7.96,https://youtu.be/JiisPUkcnSs?t=135s,pour_wax,assemble,1,0.4,Wax fed into the moulding machine.,"Wax fed into the moulding machine. captioned, static shot, well-lit, muted cream/grey palette (#d2d2d0, #91918c). assemble phase, ~17% in, 2:15–2:23.",we Dy FF se,1,0.0,0.03,0.0,0.575,0.028,"#d2d2d0,#91918c,#322f28",1,,
JiisPUkcnSs,https://www.youtube.com/watch?v=JiisPUkcnSs,Satisfying Process of Mass Producing Candles. Korean Candle Factory,796.0,storyboard,21,167.16,175.12,7.96,https://youtu.be/JiisPUkcnSs?t=167s,pour_wax,assemble,1,0.4,Wax fed into the moulding machine.,"Wax fed into the moulding machine. captioned, moderate on-screen movement, well-lit, muted cream/grey palette (#d7d6cf, #89857c). assemble phase, ~21% in, 2:47–2:55.",ee mt he fa Se ms ot roatc,1,0.0,0.061,0.213,0.537,0.049,"#d7d6cf,#89857c,#36342d",1,,
JiisPUkcnSs,https://www.youtube.com/watch?v=JiisPUkcnSs,Satisfying Process of Mass Producing Candles. Korean Candle Factory,796.0,storyboard,26,206.96,214.92,7.96,https://youtu.be/JiisPUkcnSs?t=207s,pour_wax,assemble,1,0.45,Factory: wax fed into the moulding line.,"Factory: wax fed into the moulding line. captioned, moderate on-screen movement, well-lit, yellow/amber palette (#e1da61, #988a30). assemble phase, ~26% in, 3:26–3:34.",4 NO ae ar,1,0.0,0.099,0.221,0.566,0.267,"#e1da61,#988a30,#4f4516",1,,
JiisPUkcnSs,https://www.youtube.com/watch?v=JiisPUkcnSs,Satisfying Process of Mass Producing Candles. Korean Candle Factory,796.0,storyboard,27,214.92,222.88,7.96,https://youtu.be/JiisPUkcnSs?t=215s,pour_wax,assemble,1,0.45,Factory: wax fed into the moulding line.,"Factory: wax fed into the moulding line. static shot, well-lit, amber/beige palette (#b1a633, #cbc680). assemble phase, ~27% in, 3:34–3:42.",ih.,0,0.0,0.063,0.0,0.602,0.263,"#b1a633,#cbc680,#6c6024",1,,
JiisPUkcnSs,https://www.youtube.com/watch?v=JiisPUkcnSs,Satisfying Process of Mass Producing Candles. Korean Candle Factory,796.0,storyboard,30,238.8,246.76,7.96,https://youtu.be/JiisPUkcnSs?t=239s,pour_wax,assemble,1,0.45,Factory: wax fed into the moulding line.,"Factory: wax fed into the moulding line. static shot, dim, muted black/beige palette (#101110, #adafa3). assemble phase, ~30% in, 3:58–4:06.",CAher 4,0,0.0,0.104,0.0,0.27,0.076,"#101110,#adafa3,#525043",1,,
JiisPUkcnSs,https://www.youtube.com/watch?v=JiisPUkcnSs,Satisfying Process of Mass Producing Candles. Korean Candle Factory,796.0,storyboard,35,278.6,286.56,7.96,https://youtu.be/JiisPUkcnSs?t=279s,pour_wax,assemble,1,0.45,Factory: wax fed into the moulding line.,"Factory: wax fed into the moulding line. captioned, static shot, dim, muted black/brown palette (#2a2419, #686353). assemble phase, ~35% in, 4:38–4:46.",mA mee 2 Pep!,1,0.0,0.086,0.0,0.293,0.094,"#2a2419,#686353,#b2b29d",1,,
JiisPUkcnSs,https://www.youtube.com/watch?v=JiisPUkcnSs,Satisfying Process of Mass Producing Candles. Korean Candle Factory,796.0,storyboard,48,382.08,390.04,7.96,https://youtu.be/JiisPUkcnSs?t=382s,pour_wax,assemble,1,0.45,Factory: wax fed into the moulding line.,"Factory: wax fed into the moulding line. static shot, well-lit, beige/amber palette (#a6a89b, #c3c168). assemble phase, ~48% in, 6:22–6:30.",cS ah,0,0.0,0.064,0.0,0.638,0.207,"#a6a89b,#c3c168,#2e2914",1,,
JxJVzdPJexE,https://www.youtube.com/watch?v=JxJVzdPJexE,Amazing Process of Making Hand Carved Candles,721.0,storyboard,5,40.06,48.07,8.01,https://youtu.be/JxJVzdPJexE?t=40s,pour_wax,assemble,1,0.45,Dipping the candle core into coloured wax baths to build rainbow layers.,"Dipping the candle core into coloured wax baths to build rainbow layers. captioned, lots of on-screen movement, well-lit, beige/grey palette (#d5c6b5, #92766c). assemble phase, ~6% in, 0:40–0:48.","hing Le ab, ad et ia yee of ge",1,0.0,0.12,0.374,0.442,0.155,"#d5c6b5,#92766c,#422822",1,,
JxJVzdPJexE,https://www.youtube.com/watch?v=JxJVzdPJexE,Amazing Process of Making Hand Carved Candles,721.0,storyboard,6,48.07,56.08,8.01,https://youtu.be/JxJVzdPJexE?t=48s,pour_wax,assemble,1,0.45,Dipping the candle core into coloured wax baths to build rainbow layers.,"Dipping the candle core into coloured wax baths to build rainbow layers. captioned, moderate on-screen movement, dim, muted black/grey palette (#2c211c, #7a6659). assemble phase, ~7% in, 0:48–0:56.",om 7 en totl aN 2 At ete ide be Mg 2 ei iF aa 4 3,1,0.0,0.124,0.319,0.382,0.099,"#2c211c,#7a6659,#c2b0a4",1,,
JxJVzdPJexE,https://www.youtube.com/watch?v=JxJVzdPJexE,Amazing Process of Making Hand Carved Candles,721.0,storyboard,7,56.08,64.09,8.01,https://youtu.be/JxJVzdPJexE?t=56s,pour_wax,assemble,1,0.45,Dipping the candle core into coloured wax baths to build rainbow layers.,"Dipping the candle core into coloured wax baths to build rainbow layers. steady, low-motion shot, dim, muted black/beige palette (#2d1b13, #b3acab). assemble phase, ~8% in, 0:56–1:04.",Age,0,0.0,0.041,0.058,0.363,0.099,"#2d1b13,#b3acab,#6e5952",1,,
JxJVzdPJexE,https://www.youtube.com/watch?v=JxJVzdPJexE,Amazing Process of Making Hand Carved Candles,721.0,storyboard,9,72.1,80.11,8.01,https://youtu.be/JxJVzdPJexE?t=72s,pour_wax,assemble,1,0.45,Dipping the candle core into coloured wax baths to build rainbow layers.,"Dipping the candle core into coloured wax baths to build rainbow layers. captioned, steady, low-motion shot, dim, muted black/beige palette (#2e1d15, #c3bab3). assemble phase, ~10% in, 1:12–1:20.",Terni Us 4 eax art Ne,1,0.0,0.046,0.088,0.389,0.092,"#2e1d15,#c3bab3,#7b6359",1,,
JxJVzdPJexE,https://www.youtube.com/watch?v=JxJVzdPJexE,Amazing Process of Making Hand Carved Candles,721.0,storyboard,10,80.11,88.12,8.01,https://youtu.be/JxJVzdPJexE?t=80s,pour_wax,assemble,1,0.45,Dipping the candle core into coloured wax baths to build rainbow layers.,"Dipping the candle core into coloured wax baths to build rainbow layers. captioned, moderate on-screen movement, dim, muted black/grey palette (#201817, #7a6156). assemble phase, ~11% in, 1:20–1:28.",SE Re en 18 pate 2. LsSee easy 7 us ETM: fi uy 7 em ff ibs ne oF Cs ne 9 4 ae 4 eS. os,1,0.0,0.116,0.291,0.361,0.1,"#201817,#7a6156,#b5a8a0",1,,
JxJVzdPJexE,https://www.youtube.com/watch?v=JxJVzdPJexE,Amazing Process of Making Hand Carved Candles,721.0,storyboard,12,96.13,104.14,8.01,https://youtu.be/JxJVzdPJexE?t=96s,pour_wax,assemble,1,0.45,Dipping the candle core into coloured wax baths to build rainbow layers.,"Dipping the candle core into coloured wax baths to build rainbow layers. steady, low-motion shot, dim, muted brown/black palette (#6a534f, #321c14). assemble phase, ~13% in, 1:36–1:44.",,0,0.0,0.012,0.116,0.37,0.098,"#6a534f,#321c14,#9e9690",1,,
JxJVzdPJexE,https://www.youtube.com/watch?v=JxJVzdPJexE,Amazing Process of Making Hand Carved Candles,721.0,storyboard,14,112.16,120.17,8.01,https://youtu.be/JxJVzdPJexE?t=112s,pour_wax,assemble,1,0.45,Dipping the candle core into coloured wax baths to build rainbow layers.,"Dipping the candle core into coloured wax baths to build rainbow layers. captioned, static shot, well-lit, brown/beige palette (#4e3b32, #a9a79f). assemble phase, ~16% in, 1:52–2:00.",rohnid ar aS ae GH sy,1,0.0,0.059,0.0,0.409,0.184,"#4e3b32,#a9a79f,#469b90",1,,
JxJVzdPJexE,https://www.youtube.com/watch?v=JxJVzdPJexE,Amazing Process of Making Hand Carved Candles,721.0,storyboard,15,120.17,128.18,8.01,https://youtu.be/JxJVzdPJexE?t=120s,pour_wax,assemble,1,0.45,Dipping the candle core into coloured wax baths to build rainbow layers.,"Dipping the candle core into coloured wax baths to build rainbow layers. captioned, lots of on-screen movement, well-lit, muted beige/grey palette (#d7c7ba, #98847a). assemble phase, ~17% in, 2:00–2:08.",Mac eee 2 uit: si ate taht 7 tt oy Low Pia ae litte og Ve he Ff,1,0.0,0.091,0.387,0.407,0.112,"#d7c7ba,#98847a,#342623",1,,
JxJVzdPJexE,https://www.youtube.com/watch?v=JxJVzdPJexE,Amazing Process of Making Hand Carved Candles,721.0,storyboard,16,128.18,136.19,8.01,https://youtu.be/JxJVzdPJexE?t=128s,pour_wax,assemble,1,0.45,Dipping the candle core into coloured wax baths to build rainbow layers.,"Dipping the candle core into coloured wax baths to build rainbow layers. captioned, steady, low-motion shot, well-lit, beige/grey palette (#bdcdc3, #9a7c68). assemble phase, ~18% in, 2:08–2:16.",ge oe et gts Su ee eee ae Ss er ue 7. ll,1,0.0,0.112,0.051,0.57,0.161,"#bdcdc3,#9a7c68,#2f2f2b",1,,
JxJVzdPJexE,https://www.youtube.com/watch?v=JxJVzdPJexE,Amazing Process of Making Hand Carved Candles,721.0,storyboard,17,136.19,144.2,8.01,https://youtu.be/JxJVzdPJexE?t=136s,pour_wax,assemble,1,0.45,Dipping the candle core into coloured wax baths to build rainbow layers.,"Dipping the candle core into coloured wax baths to build rainbow layers. captioned, lots of on-screen movement, dim, black/beige palette (#26261f, #d7c9bb). assemble phase, ~19% in, 2:16–2:24.",2 2. 2 oy CC.,1,0.0,0.076,0.392,0.383,0.154,"#26261f,#d7c9bb,#88736b",1,,
JxJVzdPJexE,https://www.youtube.com/watch?v=JxJVzdPJexE,Amazing Process of Making Hand Carved Candles,721.0,storyboard,18,144.2,152.21,8.01,https://youtu.be/JxJVzdPJexE?t=144s,pour_wax,assemble,1,0.45,Dipping the candle core into coloured wax baths to build rainbow layers.,"Dipping the candle core into coloured wax baths to build rainbow layers. static shot, well-lit, muted beige/black palette (#d6c9ba, #1b1d17). assemble phase, ~20% in, 2:24–2:32.",Pp 9,0,0.0,0.06,0.0,0.45,0.118,"#d6c9ba,#1b1d17,#6c6162",1,,
JxJVzdPJexE,https://www.youtube.com/watch?v=JxJVzdPJexE,Amazing Process of Making Hand Carved Candles,721.0,storyboard,19,152.21,160.22,8.01,https://youtu.be/JxJVzdPJexE?t=152s,pour_wax,assemble,1,0.45,Dipping the candle core into coloured wax baths to build rainbow layers.,"Dipping the candle core into coloured wax baths to build rainbow layers. captioned, lots of on-screen movement, well-lit, muted brown/beige palette (#654d43, #d0bdac). assemble phase, ~21% in, 2:32–2:40.",ae MD 7.,1,0.0,0.033,0.356,0.417,0.115,"#654d43,#d0bdac,#256b94",1,,
JxJVzdPJexE,https://www.youtube.com/watch?v=JxJVzdPJexE,Amazing Process of Making Hand Carved Candles,721.0,storyboard,20,160.22,168.23,8.01,https://youtu.be/JxJVzdPJexE?t=160s,pour_wax,assemble,1,0.45,Dipping the candle core into coloured wax baths to build rainbow layers.,"Dipping the candle core into coloured wax baths to build rainbow layers. captioned, steady, low-motion shot, well-lit, black/beige palette (#393221, #ccbdaf). assemble phase, ~22% in, 2:40–2:48.",eee een ae ne on iQ 4 Ve 7 it,1,0.0,0.063,0.112,0.454,0.232,"#393221,#ccbdaf,#837b6f",1,,
JxJVzdPJexE,https://www.youtube.com/watch?v=JxJVzdPJexE,Amazing Process of Making Hand Carved Candles,721.0,storyboard,21,168.23,176.24,8.01,https://youtu.be/JxJVzdPJexE?t=168s,pour_wax,assemble,1,0.45,Dipping the candle core into coloured wax baths to build rainbow layers.,"Dipping the candle core into coloured wax baths to build rainbow layers. static shot, well-lit, muted cream/beige palette (#edddd2, #c9b6ab). assemble phase, ~23% in, 2:48–2:56.",,0,0.0,0.016,0.0,0.661,0.069,"#edddd2,#c9b6ab,#3b2a23",1,,
JxJVzdPJexE,https://www.youtube.com/watch?v=JxJVzdPJexE,Amazing Process of Making Hand Carved Candles,721.0,storyboard,22,176.24,184.26,8.02,https://youtu.be/JxJVzdPJexE?t=176s,pour_wax,assemble,1,0.45,Dipping the candle core into coloured wax baths to build rainbow layers.,"Dipping the candle core into coloured wax baths to build rainbow layers. moderate on-screen movement, dim, black/brown palette (#182f1e, #775a43). assemble phase, ~24% in, 2:56–3:04.",4 ip,0,0.0,0.029,0.151,0.383,0.292,"#182f1e,#775a43,#c5bba3",1,,
JxJVzdPJexE,https://www.youtube.com/watch?v=JxJVzdPJexE,Amazing Process of Making Hand Carved Candles,721.0,storyboard,23,184.26,192.27,8.01,https://youtu.be/JxJVzdPJexE?t=184s,pour_wax,assemble,1,0.45,Dipping the candle core into coloured wax baths to build rainbow layers.,"Dipping the candle core into coloured wax baths to build rainbow layers. steady, low-motion shot, well-lit, beige/grey palette (#d6c3b9, #aa7976). assemble phase, ~26% in, 3:04–3:12.",,0,0.0,0.012,0.111,0.599,0.182,"#d6c3b9,#aa7976,#65312f",1,,
JxJVzdPJexE,https://www.youtube.com/watch?v=JxJVzdPJexE,Amazing Process of Making Hand Carved Candles,721.0,storyboard,25,200.28,208.29,8.01,https://youtu.be/JxJVzdPJexE?t=200s,pour_wax,assemble,1,0.45,Dipping the candle core into coloured wax baths to build rainbow layers.,"Dipping the candle core into coloured wax baths to build rainbow layers. captioned, steady, low-motion shot, dim, muted grey/black palette (#846e61, #352319). assemble phase, ~28% in, 3:20–3:28.","yy. nt oA am oe Jy baat ae fig yz yy io iif, NW ae 4 iit",1,0.0,0.055,0.132,0.361,0.109,"#846e61,#352319,#bcb4af",1,,
JxJVzdPJexE,https://www.youtube.com/watch?v=JxJVzdPJexE,Amazing Process of Making Hand Carved Candles,721.0,storyboard,26,208.29,216.3,8.01,https://youtu.be/JxJVzdPJexE?t=208s,pour_wax,assemble,1,0.45,Dipping the candle core into coloured wax baths to build rainbow layers.,"Dipping the candle core into coloured wax baths to build rainbow layers. captioned, steady, low-motion shot, dim, muted grey/black palette (#826f65, #38251a). assemble phase, ~29% in, 3:28–3:36.",re 4 Se: if NG PES,1,0.0,0.057,0.142,0.387,0.113,"#826f65,#38251a,#c9c2c1",1,,
JxJVzdPJexE,https://www.youtube.com/watch?v=JxJVzdPJexE,Amazing Process of Making Hand Carved Candles,721.0,storyboard,27,216.3,224.31,8.01,https://youtu.be/JxJVzdPJexE?t=216s,pour_wax,assemble,1,0.45,Dipping the candle core into coloured wax baths to build rainbow layers.,"Dipping the candle core into coloured wax baths to build rainbow layers. steady, low-motion shot, well-lit, muted grey palette (#78615c, #a29391). assemble phase, ~30% in, 3:36–3:44.",Or,0,0.0,0.078,0.116,0.405,0.12,"#78615c,#a29391,#311f18",1,,
JxJVzdPJexE,https://www.youtube.com/watch?v=JxJVzdPJexE,Amazing Process of Making Hand Carved Candles,721.0,storyboard,29,232.32,240.33,8.01,https://youtu.be/JxJVzdPJexE?t=232s,pour_wax,assemble,1,0.45,Dipping the candle core into coloured wax baths to build rainbow layers.,"Dipping the candle core into coloured wax baths to build rainbow layers. captioned, moderate on-screen movement, dim, muted grey/black palette (#7e6d62, #30221a). assemble phase, ~32% in, 3:52–4:00.",all ee Mp oe 4. ye,1,0.0,0.082,0.155,0.396,0.107,"#7e6d62,#30221a,#ac9c90",1,,
JxJVzdPJexE,https://www.youtube.com/watch?v=JxJVzdPJexE,Amazing Process of Making Hand Carved Candles,721.0,storyboard,30,240.33,248.34,8.01,https://youtu.be/JxJVzdPJexE?t=240s,pour_wax,assemble,1,0.45,Dipping the candle core into coloured wax baths to build rainbow layers.,"Dipping the candle core into coloured wax baths to build rainbow layers. captioned, moderate on-screen movement, dim, muted black/brown palette (#38342b, #615248). assemble phase, ~33% in, 4:00–4:08.",rehniQ ZA,1,0.0,0.046,0.246,0.381,0.088,"#38342b,#615248,#cbc3bc",1,,
K7UxM5B0FdM,https://www.youtube.com/watch?v=K7UxM5B0FdM,Making Scented Candles using Coconut Soy Wax | DIY Candle-making | Direct Candle Supply,264.0,storyboard,23,184.0,192.0,8.0,https://youtu.be/K7UxM5B0FdM?t=184s,pour_wax,assemble,1,0.55,Molten wax poured from the pot.,"Molten wax poured from the pot. static shot, well-lit, muted grey/brown palette (#989591, #3e3e3c). assemble phase, ~70% in, 3:04–3:12.",ia Deed,0,0.0,0.196,0.024,0.566,0.052,"#989591,#3e3e3c,#e1e3df",1,,
K7UxM5B0FdM,https://www.youtube.com/watch?v=K7UxM5B0FdM,Making Scented Candles using Coconut Soy Wax | DIY Candle-making | Direct Candle Supply,264.0,storyboard,24,192.0,200.0,8.0,https://youtu.be/K7UxM5B0FdM?t=192s,pour_wax,assemble,1,0.5,Host with pots; hands at the bench with cups.,"Host with pots; hands at the bench with cups. moderate on-screen movement, well-lit, muted beige/black palette (#c2b8af, #2b2a2a). assemble phase, ~73% in, 3:12–3:20.",wil,0,0.333,0.186,0.299,0.545,0.07,"#c2b8af,#2b2a2a,#8b837d",1,,
K7UxM5B0FdM,https://www.youtube.com/watch?v=K7UxM5B0FdM,Making Scented Candles using Coconut Soy Wax | DIY Candle-making | Direct Candle Supply,264.0,storyboard,25,200.0,208.0,8.0,https://youtu.be/K7UxM5B0FdM?t=200s,pour_wax,assemble,1,0.55,Wax poured into a cup on the board.,"Wax poured into a cup on the board. captioned, static shot, well-lit, muted grey/cream palette (#96948f, #dedfdb). assemble phase, ~76% in, 3:20–3:28.",oe od an ee be,1,0.0,0.204,0.03,0.566,0.054,"#96948f,#dedfdb,#3c3b3a",1,,
Kgf2Nhmi_IU,https://www.youtube.com/watch?v=Kgf2Nhmi_IU,How to use TOAUTO 1.5L Handheld Wax Melting Kit to Make Christmas Candles? Beginners Candle Making,85.0,storyboard,5,38.64,46.36,7.72,https://youtu.be/Kgf2Nhmi_IU?t=39s,pour_wax,assemble,1,0.55,Ladling melted wax into a cup; a scale and moulds alongside.,"Ladling melted wax into a cup; a scale and moulds alongside. captioned, moderate on-screen movement, well-lit, muted cream/beige palette (#e4ded4, #b5a18a). assemble phase, ~45% in, 0:38–0:46.",cm iy rt iT ee ams,1,0.0,0.082,0.24,0.675,0.121,"#e4ded4,#b5a18a,#4e4642",1,,
Kgf2Nhmi_IU,https://www.youtube.com/watch?v=Kgf2Nhmi_IU,How to use TOAUTO 1.5L Handheld Wax Melting Kit to Make Christmas Candles? Beginners Candle Making,85.0,storyboard,6,46.36,54.09,7.73,https://youtu.be/Kgf2Nhmi_IU?t=46s,pour_wax,assemble,1,0.55,Pouring red-tinted wax into a ball mould; blue dye nearby.,"Pouring red-tinted wax into a ball mould; blue dye nearby. captioned, steady, low-motion shot, bright, muted cream/beige palette (#e5dfd6, #cab295). assemble phase, ~55% in, 0:46–0:54.",ee ys 4 XQ Cree,1,0.0,0.1,0.103,0.712,0.128,"#e5dfd6,#cab295,#534a45",1,,
Kgf2Nhmi_IU,https://www.youtube.com/watch?v=Kgf2Nhmi_IU,How to use TOAUTO 1.5L Handheld Wax Melting Kit to Make Christmas Candles? Beginners Candle Making,85.0,storyboard,7,54.09,61.82,7.73,https://youtu.be/Kgf2Nhmi_IU?t=54s,pour_wax,assemble,1,0.55,Pouring wax into a blue ball mould; a heat gun in use.,"Pouring wax into a blue ball mould; a heat gun in use. captioned, moderate on-screen movement, well-lit, beige/grey palette (#d7c7b7, #997970). assemble phase, ~64% in, 0:54–1:01.",1 aie 4 is 2 ve 4 PO ae ae ts cctrpernaprppentio,1,0.0,0.072,0.223,0.689,0.157,"#d7c7b7,#997970,#3e2a31",1,,
Ktz5Q9udtXY,https://www.youtube.com/watch?v=Ktz5Q9udtXY,How to Make Essential Oil Candles | DIY Candle Making Tutorial,316.0,storyboard,16,126.4,134.3,7.9,https://youtu.be/Ktz5Q9udtXY?t=126s,pour_wax,assemble,1,0.6,Amber wax poured into a copper tin.,"Amber wax poured into a copper tin. captioned, steady, low-motion shot, well-lit, muted brown/grey palette (#4f4636, #92887d). assemble phase, ~40% in, 2:06–2:14.","SS at, ab GZ",1,0.0,0.202,0.133,0.467,0.111,"#4f4636,#92887d,#edeae5",1,,
Ktz5Q9udtXY,https://www.youtube.com/watch?v=Ktz5Q9udtXY,How to Make Essential Oil Candles | DIY Candle Making Tutorial,316.0,storyboard,17,134.3,142.2,7.9,https://youtu.be/Ktz5Q9udtXY?t=134s,pour_wax,assemble,1,0.6,Pouring wax into the copper tins.,"Pouring wax into the copper tins. captioned, steady, low-motion shot, well-lit, muted grey/brown palette (#878070, #524b3a). assemble phase, ~43% in, 2:14–2:22.",wai Rvs my,1,0.0,0.098,0.128,0.464,0.126,"#878070,#524b3a,#e4e1d8",1,,
Ktz5Q9udtXY,https://www.youtube.com/watch?v=Ktz5Q9udtXY,How to Make Essential Oil Candles | DIY Candle Making Tutorial,316.0,storyboard,18,142.2,150.1,7.9,https://youtu.be/Ktz5Q9udtXY?t=142s,pour_wax,assemble,1,0.55,Copper tins filled with amber wax around the wooden wicks.,"Copper tins filled with amber wax around the wooden wicks. captioned, static shot, well-lit, muted brown/grey palette (#534c39, #8b8575). assemble phase, ~45% in, 2:22–2:30.",hater Ya,1,0.0,0.087,0.037,0.465,0.121,"#534c39,#8b8575,#e7e5dd",1,,
Ktz5Q9udtXY,https://www.youtube.com/watch?v=Ktz5Q9udtXY,How to Make Essential Oil Candles | DIY Candle Making Tutorial,316.0,storyboard,22,173.8,181.7,7.9,https://youtu.be/Ktz5Q9udtXY?t=174s,pour_wax,assemble,1,0.5,Topping up the copper tins with wax.,"Topping up the copper tins with wax. captioned, steady, low-motion shot, well-lit, muted grey/black palette (#847971, #2b281c). assemble phase, ~55% in, 2:53–3:01.",oe. ay ry ree,1,0.0,0.151,0.102,0.441,0.111,"#847971,#2b281c,#bfc1cb",1,,
Ktz5Q9udtXY,https://www.youtube.com/watch?v=Ktz5Q9udtXY,How to Make Essential Oil Candles | DIY Candle Making Tutorial,316.0,storyboard,23,181.7,189.6,7.9,https://youtu.be/Ktz5Q9udtXY?t=182s,pour_wax,assemble,1,0.45,Copper tins of amber wax setting.,"Copper tins of amber wax setting. steady, low-motion shot, well-lit, muted grey/beige palette (#796b5e, #beb3af). assemble phase, ~58% in, 3:01–3:09.",Sy or,0,0.0,0.141,0.089,0.449,0.121,"#796b5e,#beb3af,#1d1911",1,,
Ktz5Q9udtXY,https://www.youtube.com/watch?v=Ktz5Q9udtXY,How to Make Essential Oil Candles | DIY Candle Making Tutorial,316.0,storyboard,24,189.6,197.5,7.9,https://youtu.be/Ktz5Q9udtXY?t=190s,pour_wax,assemble,1,0.55,Copper tins on a tray; pouring continues.,"Copper tins on a tray; pouring continues. steady, low-motion shot, well-lit, muted beige/grey palette (#c1bcb5, #756b62). assemble phase, ~60% in, 3:09–3:17.",,0,0.0,0.141,0.128,0.515,0.06,"#c1bcb5,#756b62,#2a1d13",1,,
Ktz5Q9udtXY,https://www.youtube.com/watch?v=Ktz5Q9udtXY,How to Make Essential Oil Candles | DIY Candle Making Tutorial,316.0,storyboard,26,205.4,213.3,7.9,https://youtu.be/Ktz5Q9udtXY?t=205s,pour_wax,assemble,1,0.5,Filling the tins; caption 'STEP 6'.,"Filling the tins; caption 'STEP 6'. static shot, well-lit, muted beige/grey palette (#c0bbb4, #776b60). assemble phase, ~65% in, 3:25–3:33.",,0,0.0,0.168,0.043,0.493,0.066,"#c0bbb4,#776b60,#262019",1,,description references on-screen text but OCR found none
Ktz5Q9udtXY,https://www.youtube.com/watch?v=Ktz5Q9udtXY,How to Make Essential Oil Candles | DIY Candle Making Tutorial,316.0,storyboard,27,213.3,221.2,7.9,https://youtu.be/Ktz5Q9udtXY?t=213s,pour_wax,assemble,1,0.5,Pouring into the copper tins.,"Pouring into the copper tins. static shot, well-lit, muted beige/brown palette (#bdb8b0, #736254). assemble phase, ~68% in, 3:33–3:41.",,0,0.0,0.14,0.0,0.479,0.073,"#bdb8b0,#736254,#191611",1,,
LN1wnj9UClo,https://www.youtube.com/watch?v=LN1wnj9UClo,Satisfying process of candle making ✨🕯#candlebusiness #scentedcandles #soywaxcandle,221.0,storyboard,4,31.57,39.46,7.89,https://youtu.be/LN1wnj9UClo?t=32s,pour_wax,assemble,1,0.45,Overhead: pouring white wax into a small mould/cup.,"Overhead: pouring white wax into a small mould/cup. steady, low-motion shot, well-lit, muted grey/brown palette (#a0a697, #4b3f2c). assemble phase, ~14% in, 0:31–0:39.",,0,0.0,0.011,0.083,0.555,0.081,"#a0a697,#4b3f2c,#cfd6ce",1,,
LN1wnj9UClo,https://www.youtube.com/watch?v=LN1wnj9UClo,Satisfying process of candle making ✨🕯#candlebusiness #scentedcandles #soywaxcandle,221.0,storyboard,8,63.14,71.04,7.9,https://youtu.be/LN1wnj9UClo?t=63s,pour_wax,assemble,1,0.45,Overhead: pouring white wax into a small mould/cup.,"Overhead: pouring white wax into a small mould/cup. captioned, steady, low-motion shot, well-lit, muted grey/brown palette (#9ca391, #473927). assemble phase, ~29% in, 1:03–1:11.",bp ey ws,1,0.0,0.04,0.119,0.541,0.082,"#9ca391,#473927,#bdc8c1",1,,
LN1wnj9UClo,https://www.youtube.com/watch?v=LN1wnj9UClo,Satisfying process of candle making ✨🕯#candlebusiness #scentedcandles #soywaxcandle,221.0,storyboard,12,94.71,102.61,7.9,https://youtu.be/LN1wnj9UClo?t=95s,pour_wax,assemble,1,0.45,Overhead: pouring white wax into a small mould/cup.,"Overhead: pouring white wax into a small mould/cup. steady, low-motion shot, well-lit, muted beige/grey palette (#bdc3b4, #9fa18d). assemble phase, ~43% in, 1:34–1:42.",,0,0.0,0.005,0.088,0.651,0.056,"#bdc3b4,#9fa18d,#263224",1,,
LN1wnj9UClo,https://www.youtube.com/watch?v=LN1wnj9UClo,Satisfying process of candle making ✨🕯#candlebusiness #scentedcandles #soywaxcandle,221.0,storyboard,16,126.29,134.18,7.89,https://youtu.be/LN1wnj9UClo?t=126s,pour_wax,assemble,1,0.45,Overhead: pouring white wax into a small mould/cup.,"Overhead: pouring white wax into a small mould/cup. steady, low-motion shot, well-lit, muted grey/beige palette (#8d907b, #bbc5bc). assemble phase, ~57% in, 2:06–2:14.",,0,0.0,0.016,0.119,0.585,0.071,"#8d907b,#bbc5bc,#503a29",1,,
LN1wnj9UClo,https://www.youtube.com/watch?v=LN1wnj9UClo,Satisfying process of candle making ✨🕯#candlebusiness #scentedcandles #soywaxcandle,221.0,storyboard,20,157.86,165.75,7.89,https://youtu.be/LN1wnj9UClo?t=158s,pour_wax,assemble,1,0.45,Overhead: pouring white wax into a small mould/cup.,"Overhead: pouring white wax into a small mould/cup. captioned, steady, low-motion shot, well-lit, muted grey/cream palette (#929884, #c4cece). assemble phase, ~71% in, 2:37–2:45.",ee PE otenteliseset tee se hil ih VY nD Ah re Hii mit mi,1,0.0,0.02,0.074,0.6,0.086,"#929884,#c4cece,#564c30",1,,
LN1wnj9UClo,https://www.youtube.com/watch?v=LN1wnj9UClo,Satisfying process of candle making ✨🕯#candlebusiness #scentedcandles #soywaxcandle,221.0,storyboard,24,189.43,197.32,7.89,https://youtu.be/LN1wnj9UClo?t=189s,pour_wax,assemble,1,0.45,Overhead: pouring white wax into a small mould/cup.,"Overhead: pouring white wax into a small mould/cup. captioned, steady, low-motion shot, well-lit, muted grey/cream palette (#9a9e8d, #c3cfca). assemble phase, ~86% in, 3:09–3:17.",ee ee 4 NE: MD tpn 7 re Ne Ee,1,0.0,0.035,0.119,0.593,0.098,"#9a9e8d,#c3cfca,#544130",1,,
Lg_fGA7jd4A,https://www.youtube.com/watch?v=Lg_fGA7jd4A,How to Make Whipped Wax?✨｜Candle Tutorial♥ Candle Making with English Subtitles,199.0,storyboard,5,39.8,47.76,7.96,https://youtu.be/Lg_fGA7jd4A?t=40s,pour_wax,assemble,1,0.45,Molten wax transferred/poured into a white stand-mixer bowl.,"Molten wax transferred/poured into a white stand-mixer bowl. moderate on-screen movement, well-lit, muted grey/beige palette (#947c67, #c4bfb7). assemble phase, ~20% in, 0:39–0:47.",es.,0,0.0,0.056,0.167,0.546,0.134,"#947c67,#c4bfb7,#3f3613",1,,
Lg_fGA7jd4A,https://www.youtube.com/watch?v=Lg_fGA7jd4A,How to Make Whipped Wax?✨｜Candle Tutorial♥ Candle Making with English Subtitles,199.0,storyboard,9,71.64,79.6,7.96,https://youtu.be/Lg_fGA7jd4A?t=72s,pour_wax,assemble,1,0.4,More wax added into the mixer bowl.,"More wax added into the mixer bowl. moderate on-screen movement, well-lit, muted beige/brown palette (#c7c1b7, #4a451d). assemble phase, ~36% in, 1:11–1:19.",Qy,0,0.0,0.034,0.216,0.502,0.122,"#c7c1b7,#4a451d,#938577",1,,
Lg_fGA7jd4A,https://www.youtube.com/watch?v=Lg_fGA7jd4A,How to Make Whipped Wax?✨｜Candle Tutorial♥ Candle Making with English Subtitles,199.0,storyboard,12,95.52,103.48,7.96,https://youtu.be/Lg_fGA7jd4A?t=96s,pour_wax,assemble,1,0.4,Wax poured into the mixer bowl.,"Wax poured into the mixer bowl. moderate on-screen movement, well-lit, muted cream/grey palette (#d6d2ca, #918e85). assemble phase, ~48% in, 1:35–1:43.",,0,0.0,0.042,0.212,0.563,0.113,"#d6d2ca,#918e85,#433d21",1,,
LiLrIjz_2ac,https://www.youtube.com/watch?v=LiLrIjz_2ac,Beginners Guide - How to Make a Scented Candle at Home,211.0,storyboard,15,121.73,129.85,8.12,https://youtu.be/LiLrIjz_2ac?t=122s,pour_wax,assemble,1,0.6,Molten wax poured into the prepared jar.,"Molten wax poured into the prepared jar. steady, low-motion shot, well-lit, muted grey/beige palette (#747572, #bfbdbb). assemble phase, ~58% in, 2:01–2:09.",eal,0,0.0,0.035,0.105,0.542,0.042,"#747572,#bfbdbb,#3a342f",1,,
N1izApjGj2c,https://www.youtube.com/watch?v=N1izApjGj2c,How to Make a Candle | DIY Candle Making,285.0,storyboard,28,221.67,229.58,7.91,https://youtu.be/N1izApjGj2c?t=222s,pour_wax,assemble,1,0.65,Wax poured into the two prepared glasses.,"Wax poured into the two prepared glasses. captioned, steady, low-motion shot, well-lit, muted beige/grey palette (#ada79b, #857669). assemble phase, ~78% in, 3:41–3:49.",4 wae Ts,1,0.333,0.04,0.099,0.583,0.063,"#ada79b,#857669,#1d1c1b",1,,
NGgDIEY_R40,https://www.youtube.com/watch?v=NGgDIEY_R40,How to Add Scent to a Candle : Basic Candle Making,111.0,storyboard,9,71.36,79.29,7.93,https://youtu.be/NGgDIEY_R40?t=71s,pour_wax,assemble,1,0.5,Work at a glass jar with a wick — wax being poured/handled.,"Work at a glass jar with a wick — wax being poured/handled. moderate on-screen movement, well-lit, muted black/amber palette (#12120c, #ae966e). assemble phase, ~64% in, 1:11–1:19.",,0,0.0,0.008,0.201,0.428,0.137,"#12120c,#ae966e,#726448",1,,
Pj9yYzFvpFA,https://www.youtube.com/watch?v=Pj9yYzFvpFA,DIY Transparent Candle Without Gel | Elegant and Easy Tutorial,63.0,storyboard,4,31.5,39.38,7.88,https://youtu.be/Pj9yYzFvpFA?t=32s,pour_wax,assemble,1,0.65,Clear molten wax is poured from the pitcher into the decorated glass; a wick is held upright on a stick laid across the rim.,"Clear molten wax is poured from the pitcher into the decorated glass; a wick is held upright on a stick laid across the rim. moderate on-screen movement, well-lit, muted grey/beige palette (#a78a77, #bfb5ac). assemble phase, ~50% in, 0:31–0:39.",ee,0,0.0,0.025,0.203,0.496,0.116,"#a78a77,#bfb5ac,#6d4e3e",1,,
Pj9yYzFvpFA,https://www.youtube.com/watch?v=Pj9yYzFvpFA,DIY Transparent Candle Without Gel | Elegant and Easy Tutorial,63.0,storyboard,5,39.38,47.25,7.87,https://youtu.be/Pj9yYzFvpFA?t=39s,pour_wax,assemble,1,0.6,The glass fills with transparent wax around the centred wick; embedded beads and glitter settle in the clear body.,"The glass fills with transparent wax around the centred wick; embedded beads and glitter settle in the clear body. captioned, steady, low-motion shot, well-lit, muted beige/grey palette (#b4ab9d, #86765a). assemble phase, ~63% in, 0:39–0:47.",4. 4 Ld ae Re 7,1,0.333,0.019,0.07,0.525,0.096,"#b4ab9d,#86765a,#504236",1,,
PmWPYjBXB0s,https://www.youtube.com/watch?v=PmWPYjBXB0s,Wooden Wick Candle Burning Instructions,128.0,storyboard,13,104.0,112.0,8.0,https://youtu.be/PmWPYjBXB0s?t=104s,pour_wax,assemble,1,0.4,Factory line: hands at the candle-filling station.,"Factory line: hands at the candle-filling station. captioned, moderate on-screen movement, dim, muted brown/grey palette (#7a590b, #877953). assemble phase, ~81% in, 1:44–1:52.",Ko JES how miso Ne Ne,1,0.0,0.066,0.295,0.244,0.115,"#7a590b,#877953,#c5bcad",1,,
Q9hV47GYsYI,https://www.youtube.com/watch?v=Q9hV47GYsYI,How to Make Perfect Candles  | SOY Candle Making | Scented Candle Making,650.0,storyboard,2,16.05,24.07,8.02,https://youtu.be/Q9hV47GYsYI?t=16s,pour_wax,assemble,1,0.45,Pouring wax into the moulds.,"Pouring wax into the moulds. moderate on-screen movement, well-lit, muted grey/beige palette (#836873, #d7bfbf). assemble phase, ~2% in, 0:16–0:24.",,0,0.0,0.012,0.292,0.488,0.129,"#836873,#d7bfbf,#2a1c20",1,,
Q9hV47GYsYI,https://www.youtube.com/watch?v=Q9hV47GYsYI,How to Make Perfect Candles  | SOY Candle Making | Scented Candle Making,650.0,storyboard,8,64.2,72.22,8.02,https://youtu.be/Q9hV47GYsYI?t=64s,pour_wax,assemble,1,0.45,Pouring wax into the moulds.,"Pouring wax into the moulds. static shot, well-lit, muted cream/brown palette (#e1d6ce, #44291d). assemble phase, ~10% in, 1:04–1:12.",ie,0,0.0,0.048,0.045,0.55,0.129,"#e1d6ce,#44291d,#826555",1,,
Q9hV47GYsYI,https://www.youtube.com/watch?v=Q9hV47GYsYI,How to Make Perfect Candles  | SOY Candle Making | Scented Candle Making,650.0,storyboard,11,88.27,96.3,8.03,https://youtu.be/Q9hV47GYsYI?t=88s,pour_wax,assemble,1,0.45,Pouring wax into the moulds.,"Pouring wax into the moulds. captioned, steady, low-motion shot, dim, brown/grey palette (#482916, #976e50). assemble phase, ~14% in, 1:28–1:36.",eh SS. SR,1,0.0,0.028,0.104,0.391,0.188,"#482916,#976e50,#e0a4c6",1,,
Q9hV47GYsYI,https://www.youtube.com/watch?v=Q9hV47GYsYI,How to Make Perfect Candles  | SOY Candle Making | Scented Candle Making,650.0,storyboard,14,112.35,120.37,8.02,https://youtu.be/Q9hV47GYsYI?t=112s,pour_wax,assemble,1,0.45,Pouring wax into the moulds.,"Pouring wax into the moulds. moderate on-screen movement, well-lit, brown/grey palette (#4c2f1a, #8c6f53). assemble phase, ~17% in, 1:52–2:00.",,0,0.0,0.018,0.171,0.463,0.15,"#4c2f1a,#8c6f53,#c3c1cc",1,,
Q9hV47GYsYI,https://www.youtube.com/watch?v=Q9hV47GYsYI,How to Make Perfect Candles  | SOY Candle Making | Scented Candle Making,650.0,storyboard,17,136.42,144.44,8.02,https://youtu.be/Q9hV47GYsYI?t=136s,pour_wax,assemble,1,0.45,Pouring wax into the moulds.,"Pouring wax into the moulds. static shot, well-lit, brown/cream palette (#4c2f1d, #ccc7d7). assemble phase, ~21% in, 2:16–2:24.",SSS,0,0.0,0.019,0.015,0.466,0.175,"#4c2f1d,#ccc7d7,#907357",1,,
Q9hV47GYsYI,https://www.youtube.com/watch?v=Q9hV47GYsYI,How to Make Perfect Candles  | SOY Candle Making | Scented Candle Making,650.0,storyboard,20,160.49,168.52,8.03,https://youtu.be/Q9hV47GYsYI?t=160s,pour_wax,assemble,1,0.45,Pouring wax into the moulds.,"Pouring wax into the moulds. captioned, moderate on-screen movement, well-lit, brown/beige palette (#502d1c, #e9c0ad). assemble phase, ~25% in, 2:40–2:48.",Od ae ay re Sea ee.,1,0.0,0.044,0.192,0.442,0.208,"#502d1c,#e9c0ad,#ab7749",1,,
Q9hV47GYsYI,https://www.youtube.com/watch?v=Q9hV47GYsYI,How to Make Perfect Candles  | SOY Candle Making | Scented Candle Making,650.0,storyboard,23,184.57,192.59,8.02,https://youtu.be/Q9hV47GYsYI?t=185s,pour_wax,assemble,1,0.45,Pouring wax into the moulds.,"Pouring wax into the moulds. captioned, moderate on-screen movement, well-lit, muted black/beige palette (#442515, #e7c6b5). assemble phase, ~28% in, 3:04–3:12.",Ss j/'e oe,1,0.0,0.075,0.187,0.495,0.149,"#442515,#e7c6b5,#9c6e59",1,,
Q9hV47GYsYI,https://www.youtube.com/watch?v=Q9hV47GYsYI,How to Make Perfect Candles  | SOY Candle Making | Scented Candle Making,650.0,storyboard,24,192.59,200.62,8.03,https://youtu.be/Q9hV47GYsYI?t=193s,pour_wax,assemble,1,0.5,Measuring/portioning wax (overhead).,"Measuring/portioning wax (overhead). steady, low-motion shot, well-lit, brown/cream palette (#472a1b, #e7d4c9). assemble phase, ~30% in, 3:12–3:20.",je ae,0,0.0,0.045,0.128,0.49,0.174,"#472a1b,#e7d4c9,#b9836c",1,,
Q9hV47GYsYI,https://www.youtube.com/watch?v=Q9hV47GYsYI,How to Make Perfect Candles  | SOY Candle Making | Scented Candle Making,650.0,storyboard,25,200.62,208.64,8.02,https://youtu.be/Q9hV47GYsYI?t=201s,pour_wax,assemble,1,0.5,Pouring wax into the silicone moulds.,"Pouring wax into the silicone moulds. captioned, static shot, well-lit, brown/cream palette (#472a1b, #eacdbc). assemble phase, ~31% in, 3:20–3:28.",wd or 4 wv ry,1,0.0,0.044,0.0,0.492,0.189,"#472a1b,#eacdbc,#b67e67",1,,
Q9hV47GYsYI,https://www.youtube.com/watch?v=Q9hV47GYsYI,How to Make Perfect Candles  | SOY Candle Making | Scented Candle Making,650.0,storyboard,29,232.72,240.74,8.02,https://youtu.be/Q9hV47GYsYI?t=233s,pour_wax,assemble,1,0.5,Pouring wax into the silicone moulds.,"Pouring wax into the silicone moulds. steady, low-motion shot, well-lit, cream/brown palette (#e3d3cb, #4b2f26). assemble phase, ~36% in, 3:52–4:00.",as 4,0,0.0,0.046,0.102,0.531,0.151,"#e3d3cb,#4b2f26,#a1796f",1,,
Q9hV47GYsYI,https://www.youtube.com/watch?v=Q9hV47GYsYI,How to Make Perfect Candles  | SOY Candle Making | Scented Candle Making,650.0,storyboard,33,264.81,272.84,8.03,https://youtu.be/Q9hV47GYsYI?t=265s,pour_wax,assemble,1,0.5,Pouring wax into the silicone moulds.,"Pouring wax into the silicone moulds. captioned, static shot, well-lit, brown/cream palette (#5a351d, #e5cdbe). assemble phase, ~41% in, 4:24–4:32.","Va, ee af",1,0.0,0.029,0.03,0.515,0.162,"#5a351d,#e5cdbe,#9d7559",1,,
Q9hV47GYsYI,https://www.youtube.com/watch?v=Q9hV47GYsYI,How to Make Perfect Candles  | SOY Candle Making | Scented Candle Making,650.0,storyboard,34,272.84,280.86,8.02,https://youtu.be/Q9hV47GYsYI?t=273s,pour_wax,assemble,1,0.5,Pouring wax into the silicone moulds.,"Pouring wax into the silicone moulds. static shot, well-lit, cream/brown palette (#e4d0c0, #59351b). assemble phase, ~42% in, 4:32–4:40.",,0,0.0,0.013,0.0,0.53,0.168,"#e4d0c0,#59351b,#947155",1,,
Q9hV47GYsYI,https://www.youtube.com/watch?v=Q9hV47GYsYI,How to Make Perfect Candles  | SOY Candle Making | Scented Candle Making,650.0,storyboard,35,280.86,288.89,8.03,https://youtu.be/Q9hV47GYsYI?t=281s,pour_wax,assemble,1,0.5,Dark molten wax in the pot.,"Dark molten wax in the pot. captioned, moderate on-screen movement, well-lit, brown/cream palette (#513928, #e1d4c5). assemble phase, ~43% in, 4:40–4:48.","ad SS ij 5 oo Vi, gene oll",1,0.0,0.028,0.189,0.519,0.166,"#513928,#e1d4c5,#9a8e68",1,,
Q9hV47GYsYI,https://www.youtube.com/watch?v=Q9hV47GYsYI,How to Make Perfect Candles  | SOY Candle Making | Scented Candle Making,650.0,storyboard,36,288.89,296.91,8.02,https://youtu.be/Q9hV47GYsYI?t=289s,pour_wax,assemble,1,0.5,Pouring wax into the silicone moulds.,"Pouring wax into the silicone moulds. captioned, static shot, well-lit, brown/cream palette (#503827, #e4d5cb). assemble phase, ~44% in, 4:48–4:56.",NN at af JS aA Ao es. 7 ba Sw,1,0.0,0.038,0.035,0.527,0.152,"#503827,#e4d5cb,#988866",1,,
Q9hV47GYsYI,https://www.youtube.com/watch?v=Q9hV47GYsYI,How to Make Perfect Candles  | SOY Candle Making | Scented Candle Making,650.0,storyboard,39,312.96,320.99,8.03,https://youtu.be/Q9hV47GYsYI?t=313s,pour_wax,assemble,1,0.5,Pouring wax into the silicone moulds.,"Pouring wax into the silicone moulds. steady, low-motion shot, well-lit, muted cream/brown palette (#e9cdbb, #4a3224). assemble phase, ~48% in, 5:12–5:20.",,0,0.0,0.059,0.098,0.537,0.144,"#e9cdbb,#4a3224,#9c8069",1,,
Q9hV47GYsYI,https://www.youtube.com/watch?v=Q9hV47GYsYI,How to Make Perfect Candles  | SOY Candle Making | Scented Candle Making,650.0,storyboard,40,320.99,329.01,8.02,https://youtu.be/Q9hV47GYsYI?t=321s,pour_wax,assemble,1,0.5,Pouring wax into the silicone moulds.,"Pouring wax into the silicone moulds. captioned, static shot, well-lit, muted cream/brown palette (#ded3c4, #5b4232). assemble phase, ~49% in, 5:20–5:29.","7 net ,Aahm oe",1,0.0,0.036,0.0,0.575,0.125,"#ded3c4,#5b4232,#8f958b",1,,
Q9hV47GYsYI,https://www.youtube.com/watch?v=Q9hV47GYsYI,How to Make Perfect Candles  | SOY Candle Making | Scented Candle Making,650.0,storyboard,41,329.01,337.04,8.03,https://youtu.be/Q9hV47GYsYI?t=329s,pour_wax,assemble,1,0.5,Pouring wax into the silicone moulds.,"Pouring wax into the silicone moulds. steady, low-motion shot, well-lit, brown/beige palette (#442d22, #d0c5b8). assemble phase, ~51% in, 5:29–5:37.",VW,0,0.0,0.046,0.083,0.476,0.155,"#442d22,#d0c5b8,#836f60",1,,
Q9hV47GYsYI,https://www.youtube.com/watch?v=Q9hV47GYsYI,How to Make Perfect Candles  | SOY Candle Making | Scented Candle Making,650.0,storyboard,42,337.04,345.06,8.02,https://youtu.be/Q9hV47GYsYI?t=337s,pour_wax,assemble,1,0.5,Dark molten wax in the pot.,"Dark molten wax in the pot. captioned, static shot, well-lit, muted cream/brown palette (#e0d3c0, #5a3e2d). assemble phase, ~52% in, 5:37–5:45.",prise bn oy,1,0.0,0.038,0.031,0.574,0.137,"#e0d3c0,#5a3e2d,#8e8476",1,,
Q9hV47GYsYI,https://www.youtube.com/watch?v=Q9hV47GYsYI,How to Make Perfect Candles  | SOY Candle Making | Scented Candle Making,650.0,storyboard,43,345.06,353.09,8.03,https://youtu.be/Q9hV47GYsYI?t=345s,pour_wax,assemble,1,0.5,Pouring wax into the silicone moulds.,"Pouring wax into the silicone moulds. captioned, static shot, well-lit, muted cream/grey palette (#dcd3c4, #88786d). assemble phase, ~53% in, 5:45–5:53.",Da sat wa aed,1,0.0,0.032,0.0,0.56,0.139,"#dcd3c4,#88786d,#533828",1,,
Q9hV47GYsYI,https://www.youtube.com/watch?v=Q9hV47GYsYI,How to Make Perfect Candles  | SOY Candle Making | Scented Candle Making,650.0,storyboard,44,353.09,361.11,8.02,https://youtu.be/Q9hV47GYsYI?t=353s,pour_wax,assemble,1,0.5,Pouring wax into the silicone moulds.,"Pouring wax into the silicone moulds. moderate on-screen movement, well-lit, brown/beige palette (#583116, #e2bba7). assemble phase, ~54% in, 5:53–6:01.",,0,0.0,0.048,0.261,0.521,0.173,"#583116,#e2bba7,#996a44",1,,
Q9hV47GYsYI,https://www.youtube.com/watch?v=Q9hV47GYsYI,How to Make Perfect Candles  | SOY Candle Making | Scented Candle Making,650.0,storyboard,45,361.11,369.14,8.03,https://youtu.be/Q9hV47GYsYI?t=361s,pour_wax,assemble,1,0.5,Pouring wax into the silicone moulds.,"Pouring wax into the silicone moulds. steady, low-motion shot, well-lit, brown/beige palette (#633c1d, #dabcab). assemble phase, ~56% in, 6:01–6:09.",NEE is,0,0.0,0.033,0.143,0.481,0.211,"#633c1d,#dabcab,#9c765c",1,,
Q9hV47GYsYI,https://www.youtube.com/watch?v=Q9hV47GYsYI,How to Make Perfect Candles  | SOY Candle Making | Scented Candle Making,650.0,storyboard,46,369.14,377.16,8.02,https://youtu.be/Q9hV47GYsYI?t=369s,pour_wax,assemble,1,0.5,Pouring wax into the silicone moulds.,"Pouring wax into the silicone moulds. static shot, well-lit, beige/grey palette (#e9bca8, #986e52). assemble phase, ~57% in, 6:09–6:17.",,0,0.0,0.016,0.0,0.513,0.207,"#e9bca8,#986e52,#5e3518",1,,
Q9hV47GYsYI,https://www.youtube.com/watch?v=Q9hV47GYsYI,How to Make Perfect Candles  | SOY Candle Making | Scented Candle Making,650.0,storyboard,47,377.16,385.19,8.03,https://youtu.be/Q9hV47GYsYI?t=377s,pour_wax,assemble,1,0.5,Pouring wax into the silicone moulds.,"Pouring wax into the silicone moulds. steady, low-motion shot, well-lit, beige/grey palette (#e9b5a1, #9b6d50). assemble phase, ~58% in, 6:17–6:25.",7 Nn,0,0.0,0.021,0.114,0.493,0.212,"#e9b5a1,#9b6d50,#5d3315",1,,
R2huvJ4Cy2c,https://www.youtube.com/watch?v=R2huvJ4Cy2c,CARVED CANDLES | How It's Made,302.0,storyboard,2,15.89,23.84,7.95,https://youtu.be/R2huvJ4Cy2c?t=16s,pour_wax,assemble,1,0.45,Dipping white candle cores into coloured (blue) wax baths to build layers.,"Dipping white candle cores into coloured (blue) wax baths to build layers. moderate on-screen movement, dim, muted grey/beige palette (#8a7f6f, #b3a995). assemble phase, ~5% in, 0:15–0:23.",,0,0.0,0.002,0.286,0.38,0.06,"#8a7f6f,#b3a995,#6f6248",1,,
R2huvJ4Cy2c,https://www.youtube.com/watch?v=R2huvJ4Cy2c,CARVED CANDLES | How It's Made,302.0,storyboard,3,23.84,31.79,7.95,https://youtu.be/R2huvJ4Cy2c?t=24s,pour_wax,assemble,1,0.45,Dipping white candle cores into coloured (blue) wax baths to build layers.,"Dipping white candle cores into coloured (blue) wax baths to build layers. captioned, moderate on-screen movement, well-lit, muted black/grey palette (#382e26, #867b6a). assemble phase, ~8% in, 0:23–0:31.","ll gt wren, cg, Sam",1,0.0,0.088,0.303,0.476,0.087,"#382e26,#867b6a,#aea493",1,,
R2huvJ4Cy2c,https://www.youtube.com/watch?v=R2huvJ4Cy2c,CARVED CANDLES | How It's Made,302.0,storyboard,4,31.79,39.74,7.95,https://youtu.be/R2huvJ4Cy2c?t=32s,pour_wax,assemble,1,0.45,Dipping white candle cores into coloured (blue) wax baths to build layers.,"Dipping white candle cores into coloured (blue) wax baths to build layers. static shot, well-lit, muted beige/black palette (#c1b098, #2f1f15). assemble phase, ~11% in, 0:31–0:39.",,0,0.0,0.06,0.045,0.446,0.104,"#c1b098,#2f1f15,#7f705b",1,,
R2huvJ4Cy2c,https://www.youtube.com/watch?v=R2huvJ4Cy2c,CARVED CANDLES | How It's Made,302.0,storyboard,5,39.74,47.68,7.94,https://youtu.be/R2huvJ4Cy2c?t=40s,pour_wax,assemble,1,0.45,Dipping white candle cores into coloured (blue) wax baths to build layers.,"Dipping white candle cores into coloured (blue) wax baths to build layers. moderate on-screen movement, well-lit, muted brown/beige palette (#645c4a, #decba9). assemble phase, ~13% in, 0:39–0:47.",,0,0.0,0.177,0.245,0.422,0.098,"#645c4a,#decba9,#31301d",1,,
R2huvJ4Cy2c,https://www.youtube.com/watch?v=R2huvJ4Cy2c,CARVED CANDLES | How It's Made,302.0,storyboard,6,47.68,55.63,7.95,https://youtu.be/R2huvJ4Cy2c?t=48s,pour_wax,assemble,1,0.45,Dipping white candle cores into coloured (blue) wax baths to build layers.,"Dipping white candle cores into coloured (blue) wax baths to build layers. captioned, moderate on-screen movement, dim, muted black/grey palette (#1a0a0c, #a89985). assemble phase, ~16% in, 0:47–0:55.",7 4. REPEAT TIMES,1,0.0,0.13,0.315,0.31,0.132,"#1a0a0c,#a89985,#65524a",1,,
R2huvJ4Cy2c,https://www.youtube.com/watch?v=R2huvJ4Cy2c,CARVED CANDLES | How It's Made,302.0,storyboard,7,55.63,63.58,7.95,https://youtu.be/R2huvJ4Cy2c?t=56s,pour_wax,assemble,1,0.45,Dipping white candle cores into coloured (blue) wax baths to build layers.,"Dipping white candle cores into coloured (blue) wax baths to build layers. lots of on-screen movement, well-lit, muted white/beige palette (#f1ede7, #cbc3b8). assemble phase, ~18% in, 0:55–1:03.",,0,0.0,0.025,0.582,0.527,0.076,"#f1ede7,#cbc3b8,#191526",1,,
R2huvJ4Cy2c,https://www.youtube.com/watch?v=R2huvJ4Cy2c,CARVED CANDLES | How It's Made,302.0,storyboard,8,63.58,71.53,7.95,https://youtu.be/R2huvJ4Cy2c?t=64s,pour_wax,assemble,1,0.45,Dipping white candle cores into coloured (blue) wax baths to build layers.,"Dipping white candle cores into coloured (blue) wax baths to build layers. lots of on-screen movement, well-lit, muted black/brown palette (#29212a, #63584f). assemble phase, ~21% in, 1:03–1:11.",,0,0.0,0.008,0.439,0.43,0.087,"#29212a,#63584f,#aa9277",1,,
R2huvJ4Cy2c,https://www.youtube.com/watch?v=R2huvJ4Cy2c,CARVED CANDLES | How It's Made,302.0,storyboard,9,71.53,79.47,7.94,https://youtu.be/R2huvJ4Cy2c?t=72s,pour_wax,assemble,1,0.45,Dipping white candle cores into coloured (blue) wax baths to build layers.,"Dipping white candle cores into coloured (blue) wax baths to build layers. lots of on-screen movement, well-lit, muted white/beige palette (#f1ece4, #c6c0b3). assemble phase, ~24% in, 1:11–1:19.",ER AND,0,0.0,0.09,0.555,0.545,0.094,"#f1ece4,#c6c0b3,#414446",1,,
R2huvJ4Cy2c,https://www.youtube.com/watch?v=R2huvJ4Cy2c,CARVED CANDLES | How It's Made,302.0,storyboard,10,79.47,87.42,7.95,https://youtu.be/R2huvJ4Cy2c?t=79s,pour_wax,assemble,1,0.45,Dipping white candle cores into coloured (blue) wax baths to build layers.,"Dipping white candle cores into coloured (blue) wax baths to build layers. lots of on-screen movement, well-lit, muted cream/grey palette (#e6ddd1, #766956). assemble phase, ~26% in, 1:19–1:27.",ba,0,0.0,0.096,0.423,0.521,0.073,"#e6ddd1,#766956,#2b261c",1,,
R2huvJ4Cy2c,https://www.youtube.com/watch?v=R2huvJ4Cy2c,CARVED CANDLES | How It's Made,302.0,storyboard,11,87.42,95.37,7.95,https://youtu.be/R2huvJ4Cy2c?t=87s,pour_wax,assemble,1,0.45,Dipping white candle cores into coloured (blue) wax baths to build layers.,"Dipping white candle cores into coloured (blue) wax baths to build layers. captioned, moderate on-screen movement, well-lit, muted beige/black palette (#bda486, #31281e). assemble phase, ~29% in, 1:27–1:35.",We Rat Re,1,0.0,0.034,0.329,0.499,0.098,"#bda486,#31281e,#6e6260",1,,
R2huvJ4Cy2c,https://www.youtube.com/watch?v=R2huvJ4Cy2c,CARVED CANDLES | How It's Made,302.0,storyboard,12,95.37,103.32,7.95,https://youtu.be/R2huvJ4Cy2c?t=95s,pour_wax,assemble,1,0.45,Dipping white candle cores into coloured (blue) wax baths to build layers.,"Dipping white candle cores into coloured (blue) wax baths to build layers. moderate on-screen movement, well-lit, muted brown/grey palette (#494045, #82736d). assemble phase, ~32% in, 1:35–1:43.",hials,0,0.0,0.16,0.281,0.465,0.136,"#494045,#82736d,#b3afb5",1,,
Rl8O7K9RvMA,https://www.youtube.com/watch?v=Rl8O7K9RvMA,How To Make A Layered Candle 🕯️| Supplies For Candles,114.0,storyboard,7,57.0,65.14,8.14,https://youtu.be/Rl8O7K9RvMA?t=57s,pour_wax,assemble,1,0.7,Caption 'Transfer your wax into a pouring jug then slowly pour your mix into your glass'; first dark layer poured.,"Caption 'Transfer your wax into a pouring jug then slowly pour your mix into your glass'; first dark layer poured. captioned, steady, low-motion shot, well-lit, muted grey/beige palette (#ac9d89, #cdc6b6). assemble phase, ~50% in, 0:57–1:05.",7 Ce 04 uh ols sewent Oo Se nen isthe ux 7 Dinyetewrorie ae eee ean,1,0.0,0.079,0.082,0.655,0.104,"#ac9d89,#cdc6b6,#74614a",1,,
Rl8O7K9RvMA,https://www.youtube.com/watch?v=Rl8O7K9RvMA,How To Make A Layered Candle 🕯️| Supplies For Candles,114.0,storyboard,8,65.14,73.29,8.15,https://youtu.be/Rl8O7K9RvMA?t=65s,pour_wax,assemble,1,0.55,"Second layer prepared; captions about adding the wick-centering tool, waiting ~2 hours, and adding ~5 dye drops for the mid colour.","Second layer prepared; captions about adding the wick-centering tool, waiting ~2 hours, and adding ~5 dye drops for the mid colour. steady, low-motion shot, well-lit, muted beige/cream palette (#ae9a8e, #d5cfc5). assemble phase, ~57% in, 1:05–1:13.",,0,0.0,0.086,0.124,0.662,0.092,"#ae9a8e,#d5cfc5,#414b62",1,,description references on-screen text but OCR found none
Rl8O7K9RvMA,https://www.youtube.com/watch?v=Rl8O7K9RvMA,How To Make A Layered Candle 🕯️| Supplies For Candles,114.0,storyboard,9,73.29,81.43,8.14,https://youtu.be/Rl8O7K9RvMA?t=73s,pour_wax,assemble,1,0.7,Caption 'Slowly pour your next layer and wait around 2 hours before pouring the next layer'; second blue layer poured.,"Caption 'Slowly pour your next layer and wait around 2 hours before pouring the next layer'; second blue layer poured. steady, low-motion shot, well-lit, muted beige/grey palette (#ccc7bb, #a5948a). assemble phase, ~64% in, 1:13–1:21.",,0,0.0,0.067,0.075,0.652,0.073,"#ccc7bb,#a5948a,#383633",1,,description references on-screen text but OCR found none
Rl8O7K9RvMA,https://www.youtube.com/watch?v=Rl8O7K9RvMA,How To Make A Layered Candle 🕯️| Supplies For Candles,114.0,storyboard,10,81.43,89.57,8.14,https://youtu.be/Rl8O7K9RvMA?t=81s,pour_wax,assemble,1,0.55,Caption 'Melt the wax for your last layer and add one drop for your light colour'; lightest layer tinted.,"Caption 'Melt the wax for your last layer and add one drop for your light colour'; lightest layer tinted. steady, low-motion shot, well-lit, muted beige/cream palette (#b1a499, #dad2c9). assemble phase, ~71% in, 1:21–1:29.",,0,0.0,0.105,0.077,0.66,0.109,"#b1a499,#dad2c9,#3f475f",1,,description references on-screen text but OCR found none
Rl8O7K9RvMA,https://www.youtube.com/watch?v=Rl8O7K9RvMA,How To Make A Layered Candle 🕯️| Supplies For Candles,114.0,storyboard,11,89.57,97.71,8.14,https://youtu.be/Rl8O7K9RvMA?t=90s,pour_wax,assemble,1,0.65,Caption 'Slowly pour your last layer'; the final light-blue layer poured into the glass.,"Caption 'Slowly pour your last layer'; the final light-blue layer poured into the glass. steady, low-motion shot, well-lit, muted beige/cream palette (#ac9e94, #dfdcd2). assemble phase, ~79% in, 1:29–1:37.",,0,0.0,0.046,0.121,0.638,0.08,"#ac9e94,#dfdcd2,#42403d",1,,description references on-screen text but OCR found none
Rpu5mH5me1Y,https://www.youtube.com/watch?v=Rpu5mH5me1Y,"How It's Made, Candles.",269.0,storyboard,1,7.91,15.82,7.91,https://youtu.be/Rpu5mH5me1Y?t=8s,pour_wax,assemble,1,0.4,Factory machine dips rows of wicks into molten wax (industrial dipping).,"Factory machine dips rows of wicks into molten wax (industrial dipping). captioned, moderate on-screen movement, dim, muted black/grey palette (#3a2d1f, #796654). assemble phase, ~3% in, 0:07–0:15.",at SS ee eee oe eee oe wt ae os Soe Rr mo een,1,0.333,0.083,0.295,0.381,0.122,"#3a2d1f,#796654,#c2ac93",1,,
Rpu5mH5me1Y,https://www.youtube.com/watch?v=Rpu5mH5me1Y,"How It's Made, Candles.",269.0,storyboard,2,15.82,23.74,7.92,https://youtu.be/Rpu5mH5me1Y?t=16s,pour_wax,assemble,1,0.4,Conveyor dips the taper wicks repeatedly.,"Conveyor dips the taper wicks repeatedly. captioned, moderate on-screen movement, well-lit, muted grey/brown palette (#9e7d63, #4d3b2d). assemble phase, ~6% in, 0:15–0:23.",4 oe 4 Pi,1,0.333,0.077,0.266,0.441,0.119,"#9e7d63,#4d3b2d,#c7c1c8",1,,
Rpu5mH5me1Y,https://www.youtube.com/watch?v=Rpu5mH5me1Y,"How It's Made, Candles.",269.0,storyboard,3,23.74,31.65,7.91,https://youtu.be/Rpu5mH5me1Y?t=24s,pour_wax,assemble,1,0.4,White wax pellets/balls fed into the machine.,"White wax pellets/balls fed into the machine. steady, low-motion shot, well-lit, amber/beige palette (#c39c6e, #f5cf9a). assemble phase, ~9% in, 0:23–0:31.",oe,0,0.0,0.024,0.13,0.607,0.157,"#c39c6e,#f5cf9a,#8c6f4d",1,,
Rpu5mH5me1Y,https://www.youtube.com/watch?v=Rpu5mH5me1Y,"How It's Made, Candles.",269.0,storyboard,4,31.65,39.56,7.91,https://youtu.be/Rpu5mH5me1Y?t=32s,pour_wax,assemble,1,0.4,Molten wax dispensed into moulds on the line.,"Molten wax dispensed into moulds on the line. moderate on-screen movement, well-lit, muted cream/brown palette (#e1d1be, #716451). assemble phase, ~12% in, 0:31–0:39.",,0,0.0,0.009,0.197,0.655,0.094,"#e1d1be,#716451,#a1927e",1,,
Rpu5mH5me1Y,https://www.youtube.com/watch?v=Rpu5mH5me1Y,"How It's Made, Candles.",269.0,storyboard,5,39.56,47.47,7.91,https://youtu.be/Rpu5mH5me1Y?t=40s,pour_wax,assemble,1,0.4,Industrial wax vat/melter.,"Industrial wax vat/melter. steady, low-motion shot, well-lit, muted beige/cream palette (#ac9f91, #f4e8ce). assemble phase, ~15% in, 0:39–0:47.",Pe,0,0.0,0.024,0.122,0.696,0.097,"#ac9f91,#f4e8ce,#6e5c47",1,,
Rpu5mH5me1Y,https://www.youtube.com/watch?v=Rpu5mH5me1Y,"How It's Made, Candles.",269.0,storyboard,6,47.47,55.38,7.91,https://youtu.be/Rpu5mH5me1Y?t=47s,pour_wax,assemble,1,0.4,Wax filling moulds on the conveyor.,"Wax filling moulds on the conveyor. captioned, moderate on-screen movement, well-lit, muted grey/cream palette (#a59480, #eddec9). assemble phase, ~18% in, 0:47–0:55.",yy bs 1 eee Or ee eee le,1,0.0,0.044,0.315,0.685,0.071,"#a59480,#eddec9,#312819",1,,
Rpu5mH5me1Y,https://www.youtube.com/watch?v=Rpu5mH5me1Y,"How It's Made, Candles.",269.0,storyboard,7,55.38,63.29,7.91,https://youtu.be/Rpu5mH5me1Y?t=55s,pour_wax,assemble,1,0.4,Continued machine pouring.,"Continued machine pouring. lots of on-screen movement, well-lit, muted black/grey palette (#29271a, #7c7050). assemble phase, ~21% in, 0:55–1:03.",7 5,0,0.0,0.038,0.384,0.488,0.089,"#29271a,#7c7050,#eae0c1",1,,
Rpu5mH5me1Y,https://www.youtube.com/watch?v=Rpu5mH5me1Y,"How It's Made, Candles.",269.0,storyboard,8,63.29,71.21,7.92,https://youtu.be/Rpu5mH5me1Y?t=63s,pour_wax,assemble,1,0.4,Moulds threaded with wicks on the line.,"Moulds threaded with wicks on the line. moderate on-screen movement, well-lit, muted black/grey palette (#292718, #817355). assemble phase, ~24% in, 1:03–1:11.",eh,0,0.0,0.056,0.236,0.406,0.106,"#292718,#817355,#e3d8bb",1,,
Rpu5mH5me1Y,https://www.youtube.com/watch?v=Rpu5mH5me1Y,"How It's Made, Candles.",269.0,storyboard,9,71.21,79.12,7.91,https://youtu.be/Rpu5mH5me1Y?t=71s,pour_wax,assemble,1,0.4,Machine fills the moulds with wax.,"Machine fills the moulds with wax. captioned, moderate on-screen movement, dim, muted black/brown palette (#241f13, #786c4e). assemble phase, ~26% in, 1:11–1:19.",7 on ae Ce,1,0.0,0.038,0.295,0.383,0.105,"#241f13,#786c4e,#e5dbc1",1,,
Rpu5mH5me1Y,https://www.youtube.com/watch?v=Rpu5mH5me1Y,"How It's Made, Candles.",269.0,storyboard,10,79.12,87.03,7.91,https://youtu.be/Rpu5mH5me1Y?t=79s,pour_wax,assemble,1,0.4,Dipping racks coat the tapers.,"Dipping racks coat the tapers. moderate on-screen movement, well-lit, muted grey/brown palette (#9d8b6f, #463c24). assemble phase, ~29% in, 1:19–1:27.",Ya,0,0.0,0.023,0.252,0.46,0.109,"#9d8b6f,#463c24,#dfd0b6",1,,
Rpu5mH5me1Y,https://www.youtube.com/watch?v=Rpu5mH5me1Y,"How It's Made, Candles.",269.0,storyboard,11,87.03,94.94,7.91,https://youtu.be/Rpu5mH5me1Y?t=87s,pour_wax,assemble,1,0.4,Industrial melter feeding the line.,"Industrial melter feeding the line. moderate on-screen movement, well-lit, cream/amber palette (#f7ddaf, #b8936a). assemble phase, ~32% in, 1:27–1:34.",,0,0.0,0.023,0.276,0.601,0.156,"#f7ddaf,#b8936a,#563a21",1,,
Rpu5mH5me1Y,https://www.youtube.com/watch?v=Rpu5mH5me1Y,"How It's Made, Candles.",269.0,storyboard,12,94.94,102.85,7.91,https://youtu.be/Rpu5mH5me1Y?t=95s,pour_wax,assemble,1,0.4,Rows of tapers dipped on the machine.,"Rows of tapers dipped on the machine. captioned, moderate on-screen movement, dim, muted black/brown palette (#39251a, #846250). assemble phase, ~35% in, 1:34–1:42.",Tt Wha ae Why ie,1,0.0,0.125,0.185,0.305,0.107,"#39251a,#846250,#c8a38d",1,,
Rpu5mH5me1Y,https://www.youtube.com/watch?v=Rpu5mH5me1Y,"How It's Made, Candles.",269.0,storyboard,13,102.85,110.76,7.91,https://youtu.be/Rpu5mH5me1Y?t=103s,pour_wax,assemble,1,0.4,Continued industrial dipping.,"Continued industrial dipping. captioned, moderate on-screen movement, dim, muted black/brown palette (#352114, #885c47). assemble phase, ~38% in, 1:42–1:50.","ae ee. 5 7 we? 4 ae gas Le Ses its ae Vi oe oe on wh, ae eee,",1,0.333,0.161,0.193,0.333,0.137,"#352114,#885c47,#c99c83",1,,
Rpu5mH5me1Y,https://www.youtube.com/watch?v=Rpu5mH5me1Y,"How It's Made, Candles.",269.0,storyboard,14,110.76,118.68,7.92,https://youtu.be/Rpu5mH5me1Y?t=111s,pour_wax,assemble,1,0.4,Tapers built up by repeated machine dips.,"Tapers built up by repeated machine dips. captioned, moderate on-screen movement, dim, black/brown palette (#34241b, #6b4a38). assemble phase, ~41% in, 1:50–1:58.",Wee pe 14,1,0.0,0.099,0.203,0.325,0.159,"#34241b,#6b4a38,#a98875",1,,
Rpu5mH5me1Y,https://www.youtube.com/watch?v=Rpu5mH5me1Y,"How It's Made, Candles.",269.0,storyboard,15,118.68,126.59,7.91,https://youtu.be/Rpu5mH5me1Y?t=119s,pour_wax,assemble,1,0.4,Moulds on the production line.,"Moulds on the production line. captioned, moderate on-screen movement, dim, brown palette (#53301d, #925c3f). assemble phase, ~44% in, 1:58–2:06.",We Lee om all ee 7 iam ee CS Re 1 5 er re ty,1,0.0,0.058,0.213,0.38,0.163,"#53301d,#925c3f,#d9a481",1,,
Rpu5mH5me1Y,https://www.youtube.com/watch?v=Rpu5mH5me1Y,"How It's Made, Candles.",269.0,storyboard,16,126.59,134.5,7.91,https://youtu.be/Rpu5mH5me1Y?t=127s,pour_wax,assemble,1,0.4,Wax poured/dipped on the machine.,"Wax poured/dipped on the machine. captioned, moderate on-screen movement, dim, muted brown palette (#815b3f, #4c311f). assemble phase, ~47% in, 2:06–2:14.",an or tre,1,0.0,0.057,0.254,0.348,0.129,"#815b3f,#4c311f,#bd9372",1,,
Rpu5mH5me1Y,https://www.youtube.com/watch?v=Rpu5mH5me1Y,"How It's Made, Candles.",269.0,storyboard,19,150.32,158.24,7.92,https://youtu.be/Rpu5mH5me1Y?t=150s,pour_wax,assemble,1,0.4,Machine continues dipping/filling.,"Machine continues dipping/filling. captioned, moderate on-screen movement, well-lit, muted grey/brown palette (#94765c, #715239). assemble phase, ~56% in, 2:30–2:38.","es ee pga mm TF AO sgt aie ai ie ws uw 1 gf ats, te iy ie aie ws.",1,0.0,0.342,0.204,0.538,0.099,"#94765c,#715239,#c7aa90",1,,
Rpu5mH5me1Y,https://www.youtube.com/watch?v=Rpu5mH5me1Y,"How It's Made, Candles.",269.0,storyboard,25,197.79,205.71,7.92,https://youtu.be/Rpu5mH5me1Y?t=198s,pour_wax,assemble,1,0.4,Machine compresses/forms white wax into pillar moulds.,"Machine compresses/forms white wax into pillar moulds. moderate on-screen movement, well-lit, muted cream/brown palette (#f5e2ce, #50392a). assemble phase, ~74% in, 3:17–3:25.",,0,0.0,0.041,0.249,0.536,0.096,"#f5e2ce,#50392a,#9c806e",1,,
Rpu5mH5me1Y,https://www.youtube.com/watch?v=Rpu5mH5me1Y,"How It's Made, Candles.",269.0,storyboard,26,205.71,213.62,7.91,https://youtu.be/Rpu5mH5me1Y?t=206s,pour_wax,assemble,1,0.4,Rotary machine forms pillars; a worker tends dipping racks.,"Rotary machine forms pillars; a worker tends dipping racks. captioned, moderate on-screen movement, well-lit, muted brown/grey palette (#563c28, #957962). assemble phase, ~76% in, 3:25–3:33.","TEL uml Ize We al Se OW, aT pi bly alh tO rd ee ee ee",1,0.0,0.085,0.236,0.452,0.129,"#563c28,#957962,#dbbb9c",1,,
Rpu5mH5me1Y,https://www.youtube.com/watch?v=Rpu5mH5me1Y,"How It's Made, Candles.",269.0,storyboard,27,213.62,221.53,7.91,https://youtu.be/Rpu5mH5me1Y?t=214s,pour_wax,assemble,1,0.4,Tall dipping racks coat the tapers.,"Tall dipping racks coat the tapers. captioned, moderate on-screen movement, dim, muted brown/grey palette (#483120, #947558). assemble phase, ~79% in, 3:33–3:41.",Hin. is ay 1 iis et iil lu fi ty ae iii VAI Lg Bill! my 4 ie SP PD,1,0.0,0.092,0.3,0.386,0.104,"#483120,#947558,#ead7a9",1,,
Rpu5mH5me1Y,https://www.youtube.com/watch?v=Rpu5mH5me1Y,"How It's Made, Candles.",269.0,storyboard,28,221.53,229.44,7.91,https://youtu.be/Rpu5mH5me1Y?t=222s,pour_wax,assemble,1,0.4,Dipping-rack mechanism in action.,"Dipping-rack mechanism in action. moderate on-screen movement, dim, muted brown palette (#866746, #4f341d). assemble phase, ~82% in, 3:41–3:49.",iat,0,0.0,0.108,0.207,0.298,0.094,"#866746,#4f341d,#e4ccac",1,,
RwLOuuMSrWE,https://www.youtube.com/watch?v=RwLOuuMSrWE,CANDLE MAKING FOR BEGINNERS | How To Make Woodwick Candles,423.0,storyboard,29,231.45,239.43,7.98,https://youtu.be/RwLOuuMSrWE?t=231s,pour_wax,assemble,1,0.6,Wax poured into the glass around the wooden wick.,"Wax poured into the glass around the wooden wick. moderate on-screen movement, well-lit, muted cream/grey palette (#cccfcc, #939086). assemble phase, ~55% in, 3:51–3:59.",,0,0.0,0.081,0.174,0.613,0.06,"#cccfcc,#939086,#675240",1,,
RwLOuuMSrWE,https://www.youtube.com/watch?v=RwLOuuMSrWE,CANDLE MAKING FOR BEGINNERS | How To Make Woodwick Candles,423.0,storyboard,30,239.43,247.42,7.99,https://youtu.be/RwLOuuMSrWE?t=239s,pour_wax,assemble,1,0.6,Glass filling with yellow wax.,"Glass filling with yellow wax. static shot, well-lit, muted cream/grey palette (#c8cbc8, #94948c). assemble phase, ~57% in, 3:59–4:07.",od pe,0,0.0,0.111,0.0,0.645,0.063,"#c8cbc8,#94948c,#665546",1,,
RwLOuuMSrWE,https://www.youtube.com/watch?v=RwLOuuMSrWE,CANDLE MAKING FOR BEGINNERS | How To Make Woodwick Candles,423.0,storyboard,31,247.42,255.4,7.98,https://youtu.be/RwLOuuMSrWE?t=247s,pour_wax,assemble,1,0.55,Glass of yellow wax with the wooden wick; bowl alongside.,"Glass of yellow wax with the wooden wick; bowl alongside. steady, low-motion shot, well-lit, muted beige/grey palette (#c7c9c6, #8f8c84). assemble phase, ~58% in, 4:07–4:15.",2 Say,0,0.0,0.103,0.05,0.638,0.066,"#c7c9c6,#8f8c84,#554c3a",1,,
RwLOuuMSrWE,https://www.youtube.com/watch?v=RwLOuuMSrWE,CANDLE MAKING FOR BEGINNERS | How To Make Woodwick Candles,423.0,storyboard,32,255.4,263.38,7.98,https://youtu.be/RwLOuuMSrWE?t=255s,pour_wax,assemble,1,0.5,Yellow wax in the glass.,"Yellow wax in the glass. Pouring the melted wax from the pitcher into the prepared container. static shot, well-lit, muted grey/cream palette (#a19f97, #ced1cd). assemble phase, ~60% in, 4:15–4:23.",aaa Ce,0,0.0,0.104,0.035,0.636,0.068,"#a19f97,#ced1cd,#6e6050",1,,
RwLOuuMSrWE,https://www.youtube.com/watch?v=RwLOuuMSrWE,CANDLE MAKING FOR BEGINNERS | How To Make Woodwick Candles,423.0,storyboard,33,263.38,271.36,7.98,https://youtu.be/RwLOuuMSrWE?t=263s,pour_wax,assemble,1,0.55,Pouring more wax into the glass.,"Pouring more wax into the glass. steady, low-motion shot, well-lit, muted cream/grey palette (#cbd0ce, #999a93). assemble phase, ~62% in, 4:23–4:31.",,0,0.0,0.058,0.051,0.63,0.094,"#cbd0ce,#999a93,#6a5e4b",1,,
Sxy3vnXEe6I,https://www.youtube.com/watch?v=Sxy3vnXEe6I,Studio Vlog | Bulk Order Iced Coffee Candle | Make Candles with Me,533.0,storyboard,0,0.0,7.96,7.96,https://youtu.be/Sxy3vnXEe6I?t=0s,pour_wax,assemble,1,0.5,Pouring brown 'coffee' gel into rows of tall glasses (bulk order).,"Pouring brown 'coffee' gel into rows of tall glasses (bulk order). captioned, static shot, well-lit, muted brown/grey palette (#665440, #9797a3). assemble phase, ~0% in, 0:00–0:07.",ea af Cry iy,1,0.0,0.03,0.034,0.541,0.101,"#665440,#9797a3,#b6bbd4",1,,
Sxy3vnXEe6I,https://www.youtube.com/watch?v=Sxy3vnXEe6I,Studio Vlog | Bulk Order Iced Coffee Candle | Make Candles with Me,533.0,storyboard,2,15.91,23.87,7.96,https://youtu.be/Sxy3vnXEe6I?t=16s,pour_wax,assemble,1,0.45,Filling the glasses with the latte layers.,"Filling the glasses with the latte layers. captioned, static shot, well-lit, muted brown/beige palette (#66543f, #b6bbd5). assemble phase, ~3% in, 0:15–0:23.",ast yh REDS Nia yy 7 ors Bis od,1,0.0,0.031,0.02,0.542,0.103,"#66543f,#b6bbd5,#9697a2",1,,
Sxy3vnXEe6I,https://www.youtube.com/watch?v=Sxy3vnXEe6I,Studio Vlog | Bulk Order Iced Coffee Candle | Make Candles with Me,533.0,storyboard,3,23.87,31.82,7.95,https://youtu.be/Sxy3vnXEe6I?t=24s,pour_wax,assemble,1,0.5,Pouring brown 'coffee' gel into rows of tall glasses (bulk order).,"Pouring brown 'coffee' gel into rows of tall glasses (bulk order). captioned, static shot, well-lit, muted beige/brown palette (#b5b8d0, #65533d). assemble phase, ~4% in, 0:23–0:31.",ay. ule nll fr oo te,1,0.0,0.026,0.0,0.544,0.102,"#b5b8d0,#65533d,#93939d",1,,
Sxy3vnXEe6I,https://www.youtube.com/watch?v=Sxy3vnXEe6I,Studio Vlog | Bulk Order Iced Coffee Candle | Make Candles with Me,533.0,storyboard,4,31.82,39.78,7.96,https://youtu.be/Sxy3vnXEe6I?t=32s,pour_wax,assemble,1,0.45,Adding white 'cream' foam and ice-cube wax to the iced-coffee candles.,"Adding white 'cream' foam and ice-cube wax to the iced-coffee candles. captioned, static shot, well-lit, muted brown/beige palette (#67533c, #b8bbd3). assemble phase, ~6% in, 0:31–0:39.","7 4 7 ahs Oy, sc Po ee",1,0.0,0.025,0.035,0.546,0.103,"#67533c,#b8bbd3,#9696a1",1,,
Sxy3vnXEe6I,https://www.youtube.com/watch?v=Sxy3vnXEe6I,Studio Vlog | Bulk Order Iced Coffee Candle | Make Candles with Me,533.0,storyboard,5,39.78,47.73,7.95,https://youtu.be/Sxy3vnXEe6I?t=40s,pour_wax,assemble,1,0.45,Filling the glasses with the latte layers.,"Filling the glasses with the latte layers. captioned, static shot, well-lit, muted brown/grey palette (#695540, #9798a5). assemble phase, ~7% in, 0:39–0:47.",al 7 4 eee AW Se Coe ew ape AX. ORs,1,0.0,0.02,0.031,0.55,0.101,"#695540,#9798a5,#babdd5",1,,
Sxy3vnXEe6I,https://www.youtube.com/watch?v=Sxy3vnXEe6I,Studio Vlog | Bulk Order Iced Coffee Candle | Make Candles with Me,533.0,storyboard,6,47.73,55.69,7.96,https://youtu.be/Sxy3vnXEe6I?t=48s,pour_wax,assemble,1,0.5,Pouring brown 'coffee' gel into rows of tall glasses (bulk order).,"Pouring brown 'coffee' gel into rows of tall glasses (bulk order). captioned, static shot, well-lit, muted brown/grey palette (#695640, #9698a5). assemble phase, ~9% in, 0:47–0:55.",wih Ch ae Sas 7 2,1,0.0,0.029,0.0,0.55,0.102,"#695640,#9698a5,#babed7",1,,
Sxy3vnXEe6I,https://www.youtube.com/watch?v=Sxy3vnXEe6I,Studio Vlog | Bulk Order Iced Coffee Candle | Make Candles with Me,533.0,storyboard,7,55.69,63.64,7.95,https://youtu.be/Sxy3vnXEe6I?t=56s,pour_wax,assemble,1,0.45,Adding white 'cream' foam and ice-cube wax to the iced-coffee candles.,"Adding white 'cream' foam and ice-cube wax to the iced-coffee candles. captioned, static shot, well-lit, muted brown/grey palette (#685540, #9899a5). assemble phase, ~10% in, 0:55–1:03.",fees 2 ee gi nee,1,0.0,0.02,0.025,0.542,0.102,"#685540,#9899a5,#babfd8",1,,
Sxy3vnXEe6I,https://www.youtube.com/watch?v=Sxy3vnXEe6I,Studio Vlog | Bulk Order Iced Coffee Candle | Make Candles with Me,533.0,storyboard,8,63.64,71.6,7.96,https://youtu.be/Sxy3vnXEe6I?t=64s,pour_wax,assemble,1,0.45,Filling the glasses with the latte layers.,"Filling the glasses with the latte layers. captioned, static shot, well-lit, muted brown/grey palette (#685540, #9899a6). assemble phase, ~12% in, 1:03–1:11.",7 3 ro et ene EL Gees ri. Ss 7,1,0.0,0.036,0.028,0.55,0.102,"#685540,#9899a6,#babed8",1,,
Sxy3vnXEe6I,https://www.youtube.com/watch?v=Sxy3vnXEe6I,Studio Vlog | Bulk Order Iced Coffee Candle | Make Candles with Me,533.0,storyboard,15,119.33,127.28,7.95,https://youtu.be/Sxy3vnXEe6I?t=119s,pour_wax,assemble,1,0.5,Pouring brown 'coffee' gel into rows of tall glasses (bulk order).,"Pouring brown 'coffee' gel into rows of tall glasses (bulk order). captioned, static shot, well-lit, muted grey/brown palette (#9898a1, #61503a). assemble phase, ~22% in, 1:59–2:07.",il hm zz ry 5 oe in ad 7 rp,1,0.0,0.032,0.04,0.55,0.094,"#9898a1,#61503a,#b7bcd2",1,,
Sxy3vnXEe6I,https://www.youtube.com/watch?v=Sxy3vnXEe6I,Studio Vlog | Bulk Order Iced Coffee Candle | Make Candles with Me,533.0,storyboard,16,127.28,135.24,7.96,https://youtu.be/Sxy3vnXEe6I?t=127s,pour_wax,assemble,1,0.45,Adding white 'cream' foam and ice-cube wax to the iced-coffee candles.,"Adding white 'cream' foam and ice-cube wax to the iced-coffee candles. captioned, static shot, well-lit, muted beige/brown palette (#b3b7cd, #61503a). assemble phase, ~24% in, 2:07–2:15.",ae oi Cae. eo ray. 4,1,0.0,0.025,0.0,0.542,0.093,"#b3b7cd,#61503a,#93939a",1,,
Sxy3vnXEe6I,https://www.youtube.com/watch?v=Sxy3vnXEe6I,Studio Vlog | Bulk Order Iced Coffee Candle | Make Candles with Me,533.0,storyboard,17,135.24,143.19,7.95,https://youtu.be/Sxy3vnXEe6I?t=135s,pour_wax,assemble,1,0.45,Filling the glasses with the latte layers.,"Filling the glasses with the latte layers. captioned, static shot, well-lit, muted grey/brown palette (#9a9ba6, #62513c). assemble phase, ~25% in, 2:15–2:23.",Pee sO bs ha An lbs oa mS ta oe aa ae 7 ih ot ee te5 ra mS NX Ba eee,1,0.0,0.025,0.022,0.546,0.097,"#9a9ba6,#62513c,#bdc3de",1,,
Sxy3vnXEe6I,https://www.youtube.com/watch?v=Sxy3vnXEe6I,Studio Vlog | Bulk Order Iced Coffee Candle | Make Candles with Me,533.0,storyboard,18,143.19,151.15,7.96,https://youtu.be/Sxy3vnXEe6I?t=143s,pour_wax,assemble,1,0.5,Pouring brown 'coffee' gel into rows of tall glasses (bulk order).,"Pouring brown 'coffee' gel into rows of tall glasses (bulk order). captioned, static shot, well-lit, muted grey/brown palette (#9a9ca7, #62513c). assemble phase, ~27% in, 2:23–2:31.",ow eee 2 rm ae tal Jf 3 fy 2 ae,1,0.0,0.03,0.026,0.545,0.094,"#9a9ca7,#62513c,#bdc1d9",1,,
Sxy3vnXEe6I,https://www.youtube.com/watch?v=Sxy3vnXEe6I,Studio Vlog | Bulk Order Iced Coffee Candle | Make Candles with Me,533.0,storyboard,20,159.1,167.06,7.96,https://youtu.be/Sxy3vnXEe6I?t=159s,pour_wax,assemble,1,0.45,Filling the glasses with the latte layers.,"Filling the glasses with the latte layers. captioned, steady, low-motion shot, well-lit, muted beige/brown palette (#c0bbab, #826347). assemble phase, ~30% in, 2:39–2:47.",PK Wi: Lake,1,0.0,0.095,0.053,0.692,0.141,"#c0bbab,#826347,#e3e8ee",1,,
Sxy3vnXEe6I,https://www.youtube.com/watch?v=Sxy3vnXEe6I,Studio Vlog | Bulk Order Iced Coffee Candle | Make Candles with Me,533.0,storyboard,21,167.06,175.01,7.95,https://youtu.be/Sxy3vnXEe6I?t=167s,pour_wax,assemble,1,0.5,Pouring brown 'coffee' gel into rows of tall glasses (bulk order).,"Pouring brown 'coffee' gel into rows of tall glasses (bulk order). static shot, bright, muted beige/white palette (#c0baab, #e3e8ee). assemble phase, ~31% in, 2:47–2:55.",Ks 4,0,0.0,0.075,0.0,0.701,0.14,"#c0baab,#e3e8ee,#826348",1,,description references on-screen text but OCR found none
Sxy3vnXEe6I,https://www.youtube.com/watch?v=Sxy3vnXEe6I,Studio Vlog | Bulk Order Iced Coffee Candle | Make Candles with Me,533.0,storyboard,22,175.01,182.97,7.96,https://youtu.be/Sxy3vnXEe6I?t=175s,pour_wax,assemble,1,0.45,Adding white 'cream' foam and ice-cube wax to the iced-coffee candles.,"Adding white 'cream' foam and ice-cube wax to the iced-coffee candles. captioned, steady, low-motion shot, well-lit, muted grey/cream palette (#a79c92, #d2d3d8). assemble phase, ~33% in, 2:55–3:02.",ae 3 SF Wp Fon Gg yew,1,0.0,0.091,0.148,0.639,0.132,"#a79c92,#d2d3d8,#4f3227",1,,
Sxy3vnXEe6I,https://www.youtube.com/watch?v=Sxy3vnXEe6I,Studio Vlog | Bulk Order Iced Coffee Candle | Make Candles with Me,533.0,storyboard,23,182.97,190.93,7.96,https://youtu.be/Sxy3vnXEe6I?t=183s,pour_wax,assemble,1,0.45,Filling the glasses with the latte layers.,"Filling the glasses with the latte layers. captioned, steady, low-motion shot, well-lit, muted grey/cream palette (#999293, #c8cee5). assemble phase, ~34% in, 3:02–3:10.",ae MEN an aK. MN Oe Sale,1,0.0,0.049,0.104,0.619,0.108,"#999293,#c8cee5,#594837",1,,
SzziH-bHCb0,https://www.youtube.com/watch?v=SzziH-bHCb0,Making Soy Wax Candles with Crackling Wooden Wicks,857.0,storyboard,3,24.03,32.04,8.01,https://youtu.be/SzziH-bHCb0?t=24s,pour_wax,assemble,1,0.45,Overhead: pouring yellow soy wax into the rows of small jars.,"Overhead: pouring yellow soy wax into the rows of small jars. captioned, steady, low-motion shot, well-lit, muted grey/beige palette (#938983, #cfbfae). assemble phase, ~3% in, 0:24–0:32.",oP Mf names Fant ne,1,0.0,0.119,0.055,0.556,0.106,"#938983,#cfbfae,#574d47",1,,
SzziH-bHCb0,https://www.youtube.com/watch?v=SzziH-bHCb0,Making Soy Wax Candles with Crackling Wooden Wicks,857.0,storyboard,9,72.08,80.09,8.01,https://youtu.be/SzziH-bHCb0?t=72s,pour_wax,assemble,1,0.45,Overhead: pouring yellow soy wax into the rows of small jars.,"Overhead: pouring yellow soy wax into the rows of small jars. captioned, static shot, well-lit, muted grey/beige palette (#8e847b, #c8b6a8). assemble phase, ~8% in, 1:12–1:20.","ee, ie ae ie 3",1,0.0,0.103,0.0,0.53,0.106,"#8e847b,#c8b6a8,#534743",1,,
SzziH-bHCb0,https://www.youtube.com/watch?v=SzziH-bHCb0,Making Soy Wax Candles with Crackling Wooden Wicks,857.0,storyboard,18,144.17,152.18,8.01,https://youtu.be/SzziH-bHCb0?t=144s,pour_wax,assemble,1,0.45,Overhead: pouring yellow soy wax into the rows of small jars.,"Overhead: pouring yellow soy wax into the rows of small jars. captioned, static shot, well-lit, muted grey/beige palette (#8d847a, #c5bca8). assemble phase, ~17% in, 2:24–2:32.",be eo oP 7 oy iat Nee oe,1,0.0,0.132,0.044,0.564,0.102,"#8d847a,#c5bca8,#483d39",1,,
SzziH-bHCb0,https://www.youtube.com/watch?v=SzziH-bHCb0,Making Soy Wax Candles with Crackling Wooden Wicks,857.0,storyboard,21,168.2,176.21,8.01,https://youtu.be/SzziH-bHCb0?t=168s,pour_wax,assemble,1,0.45,Overhead: pouring yellow soy wax into the rows of small jars.,"Overhead: pouring yellow soy wax into the rows of small jars. captioned, steady, low-motion shot, well-lit, muted grey/beige palette (#948a82, #cbbeab). assemble phase, ~20% in, 2:48–2:56.","ae on, ae oh sg 2 ve tea ha Ae bh rae 7 by Ps",1,0.0,0.097,0.064,0.563,0.105,"#948a82,#cbbeab,#5e524b",1,,
SzziH-bHCb0,https://www.youtube.com/watch?v=SzziH-bHCb0,Making Soy Wax Candles with Crackling Wooden Wicks,857.0,storyboard,25,200.23,208.24,8.01,https://youtu.be/SzziH-bHCb0?t=200s,pour_wax,assemble,1,0.45,Pouring wax into the jars.,"Pouring wax into the jars. captioned, static shot, well-lit, muted beige/grey palette (#cdc5b8, #8f8277). assemble phase, ~23% in, 3:20–3:28.",Biittpeyayins AAR,1,0.0,0.287,0.032,0.556,0.101,"#cdc5b8,#8f8277,#392b35",1,,
SzziH-bHCb0,https://www.youtube.com/watch?v=SzziH-bHCb0,Making Soy Wax Candles with Crackling Wooden Wicks,857.0,storyboard,29,232.27,240.28,8.01,https://youtu.be/SzziH-bHCb0?t=232s,pour_wax,assemble,1,0.45,Pouring wax into the jars.,"Pouring wax into the jars. captioned, steady, low-motion shot, well-lit, muted grey/beige palette (#837a6f, #bbaa9c). assemble phase, ~27% in, 3:52–4:00.",iT 7 ae ee Pt Bas pe SZ OTe 7 5 bs oe oe hes ss,1,0.0,0.12,0.131,0.525,0.097,"#837a6f,#bbaa9c,#504034",1,,
SzziH-bHCb0,https://www.youtube.com/watch?v=SzziH-bHCb0,Making Soy Wax Candles with Crackling Wooden Wicks,857.0,storyboard,33,264.31,272.32,8.01,https://youtu.be/SzziH-bHCb0?t=264s,pour_wax,assemble,1,0.45,Pouring wax into the jars.,"Pouring wax into the jars. captioned, static shot, well-lit, muted beige/grey palette (#cec7bd, #8e8278). assemble phase, ~31% in, 4:24–4:32.","OD 1 BB ee ytit te oe me ie, apo See",1,0.0,0.307,0.048,0.558,0.087,"#cec7bd,#8e8278,#3c3235",1,,
SzziH-bHCb0,https://www.youtube.com/watch?v=SzziH-bHCb0,Making Soy Wax Candles with Crackling Wooden Wicks,857.0,storyboard,37,296.35,304.36,8.01,https://youtu.be/SzziH-bHCb0?t=296s,pour_wax,assemble,1,0.45,Pouring wax into the jars.,"Pouring wax into the jars. captioned, static shot, well-lit, muted beige/grey palette (#cbc3b6, #8a7c6f). assemble phase, ~35% in, 4:56–5:04.",Li Uae Qs ye Coe,1,0.0,0.288,0.0,0.55,0.092,"#cbc3b6,#8a7c6f,#372c31",1,,
SzziH-bHCb0,https://www.youtube.com/watch?v=SzziH-bHCb0,Making Soy Wax Candles with Crackling Wooden Wicks,857.0,storyboard,41,328.38,336.39,8.01,https://youtu.be/SzziH-bHCb0?t=328s,pour_wax,assemble,1,0.45,Pouring wax into the jars.,"Pouring wax into the jars. captioned, steady, low-motion shot, well-lit, muted grey/beige palette (#86796e, #c2afa2). assemble phase, ~38% in, 5:28–5:36.",1 iy REE he,1,0.0,0.112,0.063,0.503,0.107,"#86796e,#c2afa2,#412f2f",1,,
SzziH-bHCb0,https://www.youtube.com/watch?v=SzziH-bHCb0,Making Soy Wax Candles with Crackling Wooden Wicks,857.0,storyboard,48,384.45,392.46,8.01,https://youtu.be/SzziH-bHCb0?t=384s,pour_wax,assemble,1,0.45,Pouring wax into the rows of jars.,"Pouring wax into the rows of jars. captioned, static shot, well-lit, muted beige/brown palette (#b09f95, #6f5d59). assemble phase, ~45% in, 6:24–6:32.",oo Sew ae,1,0.0,0.063,0.0,0.496,0.133,"#b09f95,#6f5d59,#3b0f0f",1,,
SzziH-bHCb0,https://www.youtube.com/watch?v=SzziH-bHCb0,Making Soy Wax Candles with Crackling Wooden Wicks,857.0,storyboard,51,408.48,416.49,8.01,https://youtu.be/SzziH-bHCb0?t=408s,pour_wax,assemble,1,0.45,Pouring wax into the rows of jars.,"Pouring wax into the rows of jars. static shot, well-lit, muted beige/grey palette (#ada29a, #846760). assemble phase, ~48% in, 6:48–6:56.",Be,0,0.0,0.157,0.032,0.495,0.147,"#ada29a,#846760,#481919",1,,
SzziH-bHCb0,https://www.youtube.com/watch?v=SzziH-bHCb0,Making Soy Wax Candles with Crackling Wooden Wicks,857.0,storyboard,54,432.5,440.51,8.01,https://youtu.be/SzziH-bHCb0?t=432s,pour_wax,assemble,1,0.45,Pouring wax into the rows of jars.,"Pouring wax into the rows of jars. steady, low-motion shot, well-lit, grey/brown palette (#a18e82, #633734). assemble phase, ~50% in, 7:12–7:20.",ah Tr,0,0.0,0.161,0.08,0.498,0.165,"#a18e82,#633734,#d2ccc7",1,,
SzziH-bHCb0,https://www.youtube.com/watch?v=SzziH-bHCb0,Making Soy Wax Candles with Crackling Wooden Wicks,857.0,storyboard,63,504.59,512.6,8.01,https://youtu.be/SzziH-bHCb0?t=505s,pour_wax,assemble,1,0.45,Pouring wax into the rows of jars.,"Pouring wax into the rows of jars. captioned, static shot, well-lit, muted grey/beige palette (#8b7e72, #c6bdb1). assemble phase, ~59% in, 8:24–8:32.",Ly aa family ey ae 2 ee,1,0.0,0.234,0.028,0.511,0.105,"#8b7e72,#c6bdb1,#3d2d32",1,,
SzziH-bHCb0,https://www.youtube.com/watch?v=SzziH-bHCb0,Making Soy Wax Candles with Crackling Wooden Wicks,857.0,storyboard,73,584.68,592.69,8.01,https://youtu.be/SzziH-bHCb0?t=585s,pour_wax,assemble,1,0.45,Pouring/finishing the jar candles.,"Pouring/finishing the jar candles. moderate on-screen movement, well-lit, muted grey/beige palette (#928082, #debab9). assemble phase, ~68% in, 9:44–9:52.",ee,0,0.0,0.102,0.224,0.525,0.119,"#928082,#debab9,#45383f",1,,
SzziH-bHCb0,https://www.youtube.com/watch?v=SzziH-bHCb0,Making Soy Wax Candles with Crackling Wooden Wicks,857.0,storyboard,74,592.69,600.7,8.01,https://youtu.be/SzziH-bHCb0?t=593s,pour_wax,assemble,1,0.45,Pouring/finishing the jar candles.,"Pouring/finishing the jar candles. static shot, well-lit, muted grey/beige palette (#907b7e, #dab8b6). assemble phase, ~69% in, 9:52–10:00.",ee,0,0.0,0.048,0.019,0.543,0.137,"#907b7e,#dab8b6,#403239",1,,
SzziH-bHCb0,https://www.youtube.com/watch?v=SzziH-bHCb0,Making Soy Wax Candles with Crackling Wooden Wicks,857.0,storyboard,75,600.7,608.71,8.01,https://youtu.be/SzziH-bHCb0?t=601s,pour_wax,assemble,1,0.45,Pouring/finishing the jar candles.,"Pouring/finishing the jar candles. static shot, well-lit, grey/beige palette (#8b7579, #d6b0b0). assemble phase, ~70% in, 10:00–10:08.",,0,0.0,0.051,0.0,0.526,0.153,"#8b7579,#d6b0b0,#423139",1,,
SzziH-bHCb0,https://www.youtube.com/watch?v=SzziH-bHCb0,Making Soy Wax Candles with Crackling Wooden Wicks,857.0,storyboard,79,632.74,640.75,8.01,https://youtu.be/SzziH-bHCb0?t=633s,pour_wax,assemble,1,0.45,Pouring/finishing the jar candles.,"Pouring/finishing the jar candles. captioned, moderate on-screen movement, well-lit, muted beige/grey palette (#d1bbb2, #8f807b). assemble phase, ~74% in, 10:32–10:40.",ee ..le gt 4 rs S&S 4 te,1,0.0,0.106,0.253,0.551,0.141,"#d1bbb2,#8f807b,#5a4641",1,,
SzziH-bHCb0,https://www.youtube.com/watch?v=SzziH-bHCb0,Making Soy Wax Candles with Crackling Wooden Wicks,857.0,storyboard,80,640.75,648.76,8.01,https://youtu.be/SzziH-bHCb0?t=641s,pour_wax,assemble,1,0.5,Host talks at the counter.,"Host talks at the counter. Pouring the melted wax from the pitcher into the prepared container. captioned, static shot, well-lit, muted beige/grey palette (#d1bab1, #8a7b76). assemble phase, ~75% in, 10:40–10:48.",1 ia eae. eh og Zie,1,0.0,0.154,0.0,0.584,0.124,"#d1bab1,#8a7b76,#543d38",1,,
SzziH-bHCb0,https://www.youtube.com/watch?v=SzziH-bHCb0,Making Soy Wax Candles with Crackling Wooden Wicks,857.0,storyboard,81,648.76,656.77,8.01,https://youtu.be/SzziH-bHCb0?t=649s,pour_wax,assemble,1,0.45,Pouring/finishing the jar candles.,"Pouring/finishing the jar candles. captioned, steady, low-motion shot, well-lit, muted cream/beige palette (#d6ccbe, #aaa095). assemble phase, ~76% in, 10:48–10:56.",4 Ls oe ed es eet Sass 7 3 4 ae 4 ae 5 4 eel,1,0.0,0.22,0.064,0.681,0.064,"#d6ccbe,#aaa095,#6e635e",1,,
SzziH-bHCb0,https://www.youtube.com/watch?v=SzziH-bHCb0,Making Soy Wax Candles with Crackling Wooden Wicks,857.0,storyboard,83,664.78,672.79,8.01,https://youtu.be/SzziH-bHCb0?t=665s,pour_wax,assemble,1,0.45,Pouring/finishing the jar candles.,"Pouring/finishing the jar candles. static shot, well-lit, muted grey/beige palette (#99867d, #d4c5b6). assemble phase, ~78% in, 11:04–11:12.",YP ft,0,0.0,0.06,0.0,0.569,0.111,"#99867d,#d4c5b6,#554a43",1,,
SzziH-bHCb0,https://www.youtube.com/watch?v=SzziH-bHCb0,Making Soy Wax Candles with Crackling Wooden Wicks,857.0,storyboard,84,672.79,680.79,8.0,https://youtu.be/SzziH-bHCb0?t=673s,pour_wax,assemble,1,0.5,Host talks at the counter.,"Host talks at the counter. Pouring the melted wax from the pitcher into the prepared container. steady, low-motion shot, well-lit, muted grey/beige palette (#90817a, #d3c4b9). assemble phase, ~79% in, 11:12–11:20.",ae 9,0,0.0,0.071,0.051,0.564,0.104,"#90817a,#d3c4b9,#363131",1,,
SzziH-bHCb0,https://www.youtube.com/watch?v=SzziH-bHCb0,Making Soy Wax Candles with Crackling Wooden Wicks,857.0,storyboard,85,680.79,688.8,8.01,https://youtu.be/SzziH-bHCb0?t=681s,pour_wax,assemble,1,0.45,Pouring/finishing the jar candles.,"Pouring/finishing the jar candles. static shot, well-lit, muted grey/beige palette (#95837b, #d3c6b8). assemble phase, ~79% in, 11:20–11:28.",2 4,0,0.0,0.063,0.033,0.57,0.107,"#95837b,#d3c6b8,#473e37",1,,
SzziH-bHCb0,https://www.youtube.com/watch?v=SzziH-bHCb0,Making Soy Wax Candles with Crackling Wooden Wicks,857.0,storyboard,86,688.8,696.81,8.01,https://youtu.be/SzziH-bHCb0?t=689s,pour_wax,assemble,1,0.45,Pouring/finishing the jar candles.,"Pouring/finishing the jar candles. static shot, well-lit, muted grey/beige palette (#95847b, #d4c7b9). assemble phase, ~80% in, 11:28–11:36.",,0,0.0,0.04,0.0,0.566,0.107,"#95847b,#d4c7b9,#453d37",1,,
SzziH-bHCb0,https://www.youtube.com/watch?v=SzziH-bHCb0,Making Soy Wax Candles with Crackling Wooden Wicks,857.0,storyboard,87,696.81,704.82,8.01,https://youtu.be/SzziH-bHCb0?t=697s,pour_wax,assemble,1,0.45,Pouring/finishing the jar candles.,"Pouring/finishing the jar candles. steady, low-motion shot, well-lit, muted grey/beige palette (#96847b, #d4c5b7). assemble phase, ~81% in, 11:36–11:44.",4,0,0.0,0.078,0.074,0.571,0.107,"#96847b,#d4c5b7,#53473f",1,,
SzziH-bHCb0,https://www.youtube.com/watch?v=SzziH-bHCb0,Making Soy Wax Candles with Crackling Wooden Wicks,857.0,storyboard,88,704.82,712.83,8.01,https://youtu.be/SzziH-bHCb0?t=705s,pour_wax,assemble,1,0.5,Host talks at the counter.,"Host talks at the counter. Pouring the melted wax from the pitcher into the prepared container. steady, low-motion shot, well-lit, muted grey/beige palette (#9a867d, #d1c1b4). assemble phase, ~82% in, 11:44–11:52.",om,0,0.0,0.086,0.135,0.562,0.109,"#9a867d,#d1c1b4,#483f3a",1,,
SzziH-bHCb0,https://www.youtube.com/watch?v=SzziH-bHCb0,Making Soy Wax Candles with Crackling Wooden Wicks,857.0,storyboard,89,712.83,720.84,8.01,https://youtu.be/SzziH-bHCb0?t=713s,pour_wax,assemble,1,0.45,Pouring/finishing the jar candles.,"Pouring/finishing the jar candles. captioned, static shot, well-lit, muted grey/beige palette (#9d887f, #d3c4b8). assemble phase, ~83% in, 11:52–12:00.",of Sa De,1,0.0,0.067,0.0,0.56,0.115,"#9d887f,#d3c4b8,#4f443e",1,,
SzziH-bHCb0,https://www.youtube.com/watch?v=SzziH-bHCb0,Making Soy Wax Candles with Crackling Wooden Wicks,857.0,storyboard,90,720.84,728.85,8.01,https://youtu.be/SzziH-bHCb0?t=721s,pour_wax,assemble,1,0.45,Pouring/finishing the jar candles.,"Pouring/finishing the jar candles. steady, low-motion shot, well-lit, muted grey/beige palette (#98847a, #cdbbab). assemble phase, ~84% in, 12:00–12:08.",,0,0.0,0.078,0.083,0.548,0.115,"#98847a,#cdbbab,#534741",1,,
SzziH-bHCb0,https://www.youtube.com/watch?v=SzziH-bHCb0,Making Soy Wax Candles with Crackling Wooden Wicks,857.0,storyboard,91,728.85,736.86,8.01,https://youtu.be/SzziH-bHCb0?t=729s,pour_wax,assemble,1,0.45,Pouring/finishing the jar candles.,"Pouring/finishing the jar candles. static shot, well-lit, muted grey/beige palette (#9d8a7f, #d5c4b5). assemble phase, ~85% in, 12:08–12:16.",,0,0.0,0.07,0.0,0.557,0.118,"#9d8a7f,#d5c4b5,#49403c",1,,
SzziH-bHCb0,https://www.youtube.com/watch?v=SzziH-bHCb0,Making Soy Wax Candles with Crackling Wooden Wicks,857.0,storyboard,93,744.87,752.88,8.01,https://youtu.be/SzziH-bHCb0?t=745s,pour_wax,assemble,1,0.45,Pouring/finishing the jar candles.,"Pouring/finishing the jar candles. captioned, static shot, well-lit, muted grey/beige palette (#7c6c61, #bdb1a7). assemble phase, ~87% in, 12:24–12:32.",ah rt we.,1,0.0,0.23,0.045,0.461,0.109,"#7c6c61,#bdb1a7,#222226",1,,
SzziH-bHCb0,https://www.youtube.com/watch?v=SzziH-bHCb0,Making Soy Wax Candles with Crackling Wooden Wicks,857.0,storyboard,94,752.88,760.89,8.01,https://youtu.be/SzziH-bHCb0?t=753s,pour_wax,assemble,1,0.45,Pouring/finishing the jar candles.,"Pouring/finishing the jar candles. captioned, static shot, well-lit, muted grey/beige palette (#7e6f64, #beb2a9). assemble phase, ~88% in, 12:32–12:40.",ei: 6 Mi es ate 1,1,0.0,0.198,0.0,0.462,0.109,"#7e6f64,#beb2a9,#24242a",1,,
SzziH-bHCb0,https://www.youtube.com/watch?v=SzziH-bHCb0,Making Soy Wax Candles with Crackling Wooden Wicks,857.0,storyboard,95,760.89,768.9,8.01,https://youtu.be/SzziH-bHCb0?t=761s,pour_wax,assemble,1,0.45,Pouring/finishing the jar candles.,"Pouring/finishing the jar candles. captioned, steady, low-motion shot, well-lit, muted grey/beige palette (#776a5e, #b9aea3). assemble phase, ~89% in, 12:40–12:48.",CN mn Hal,1,0.0,0.248,0.075,0.459,0.11,"#776a5e,#b9aea3,#21242b",1,,
T5dzL3dyfeU,https://www.youtube.com/watch?v=T5dzL3dyfeU,"candle studio vlog | organizing inventory, packing orders, new candle molds, candle-making",643.0,storyboard,4,32.15,40.19,8.04,https://youtu.be/T5dzL3dyfeU?t=32s,pour_wax,assemble,1,0.45,Pouring the latte layers into a tall glass.,"Pouring the latte layers into a tall glass. moderate on-screen movement, well-lit, muted grey/brown palette (#9b9893, #3e3e3e). assemble phase, ~5% in, 0:32–0:40.",,0,0.0,0.069,0.278,0.56,0.063,"#9b9893,#3e3e3e,#dbd8d9",1,,
T5dzL3dyfeU,https://www.youtube.com/watch?v=T5dzL3dyfeU,"candle studio vlog | organizing inventory, packing orders, new candle molds, candle-making",643.0,storyboard,7,56.26,64.3,8.04,https://youtu.be/T5dzL3dyfeU?t=56s,pour_wax,assemble,1,0.45,Pouring the latte layers into a tall glass.,"Pouring the latte layers into a tall glass. moderate on-screen movement, well-lit, muted beige/brown palette (#ccc7c3, #443631). assemble phase, ~9% in, 0:56–1:04.",,0,0.0,0.046,0.255,0.572,0.073,"#ccc7c3,#443631,#918985",1,,
T5dzL3dyfeU,https://www.youtube.com/watch?v=T5dzL3dyfeU,"candle studio vlog | organizing inventory, packing orders, new candle molds, candle-making",643.0,storyboard,10,80.37,88.41,8.04,https://youtu.be/T5dzL3dyfeU?t=80s,pour_wax,assemble,1,0.45,Pouring the latte layers into a tall glass.,"Pouring the latte layers into a tall glass. captioned, moderate on-screen movement, well-lit, muted grey/white palette (#65615a, #f0ede0). assemble phase, ~12% in, 1:20–1:28.",sn oi wy,1,0.0,0.054,0.225,0.547,0.073,"#65615a,#f0ede0,#b6b3a5",1,,
T5dzL3dyfeU,https://www.youtube.com/watch?v=T5dzL3dyfeU,"candle studio vlog | organizing inventory, packing orders, new candle molds, candle-making",643.0,storyboard,13,104.49,112.52,8.03,https://youtu.be/T5dzL3dyfeU?t=104s,pour_wax,assemble,1,0.45,Pouring the latte layers into a tall glass.,"Pouring the latte layers into a tall glass. static shot, well-lit, muted brown/cream palette (#585654, #e9e8e1). assemble phase, ~16% in, 1:44–1:52.",,0,0.0,0.1,0.046,0.595,0.1,"#585654,#e9e8e1,#86867f",1,,
T5dzL3dyfeU,https://www.youtube.com/watch?v=T5dzL3dyfeU,"candle studio vlog | organizing inventory, packing orders, new candle molds, candle-making",643.0,storyboard,38,305.43,313.46,8.03,https://youtu.be/T5dzL3dyfeU?t=305s,pour_wax,assemble,1,0.5,Pouring brown 'coffee' wax into the cups.,"Pouring brown 'coffee' wax into the cups. static shot, well-lit, muted beige/grey palette (#c4c1bb, #948e85). assemble phase, ~48% in, 5:05–5:13.",,0,0.0,0.012,0.021,0.618,0.037,"#c4c1bb,#948e85,#38302b",1,,description references on-screen text but OCR found none
T5dzL3dyfeU,https://www.youtube.com/watch?v=T5dzL3dyfeU,"candle studio vlog | organizing inventory, packing orders, new candle molds, candle-making",643.0,storyboard,39,313.46,321.5,8.04,https://youtu.be/T5dzL3dyfeU?t=313s,pour_wax,assemble,1,0.5,Pouring brown 'coffee' wax into the cups.,"Pouring brown 'coffee' wax into the cups. static shot, well-lit, muted beige palette (#ccc9c3, #aaa49b). assemble phase, ~49% in, 5:13–5:21.",Re 7,0,0.0,0.022,0.049,0.659,0.038,"#ccc9c3,#aaa49b,#575148",1,,description references on-screen text but OCR found none
TNCR4em34hI,https://www.youtube.com/watch?v=TNCR4em34hI,DIY MINI ALTOIDS CANDLE [Prepping 365: #20],254.0,storyboard,14,111.12,119.06,7.94,https://youtu.be/TNCR4em34hI?t=111s,pour_wax,assemble,1,0.45,Amber wax poured into the open Altoids tin.,"Amber wax poured into the open Altoids tin. steady, low-motion shot, well-lit, muted beige/brown palette (#b49a8b, #674c3f). assemble phase, ~44% in, 1:51–1:59.",4,0,0.0,0.235,0.144,0.563,0.135,"#b49a8b,#674c3f,#f5ede4",1,,
TYdTLOd4q4Y,https://www.youtube.com/watch?v=TYdTLOd4q4Y,Start Your Own Profitable Candle Making Business! How to make Candles at home #businessideas #candle,553.0,storyboard,6,48.09,56.1,8.01,https://youtu.be/TYdTLOd4q4Y?t=48s,pour_wax,assemble,1,0.4,Rows of poured candles (b-roll).,"Rows of poured candles (b-roll). captioned, steady, low-motion shot, well-lit, cream/brown palette (#f7bbd2, #51442d). assemble phase, ~9% in, 0:48–0:56.",Ss Nc one Gi AS,1,0.0,0.019,0.084,0.659,0.183,"#f7bbd2,#51442d,#9a793b",1,,
TYdTLOd4q4Y,https://www.youtube.com/watch?v=TYdTLOd4q4Y,Start Your Own Profitable Candle Making Business! How to make Candles at home #businessideas #candle,553.0,storyboard,7,56.1,64.12,8.02,https://youtu.be/TYdTLOd4q4Y?t=56s,pour_wax,assemble,1,0.4,Pouring wax into a vessel.,"Pouring wax into a vessel. steady, low-motion shot, bright, cream/beige palette (#f7bcd1, #b99987). assemble phase, ~10% in, 0:56–1:04.",,0,0.0,0.005,0.096,0.712,0.182,"#f7bcd1,#b99987,#745d55",1,,
TYdTLOd4q4Y,https://www.youtube.com/watch?v=TYdTLOd4q4Y,Start Your Own Profitable Candle Making Business! How to make Candles at home #businessideas #candle,553.0,storyboard,19,152.28,160.29,8.01,https://youtu.be/TYdTLOd4q4Y?t=152s,pour_wax,assemble,1,0.4,Pouring into a vessel (b-roll).,"Pouring into a vessel (b-roll). captioned, static shot, well-lit, cream/grey palette (#f1bdcd, #908763). assemble phase, ~28% in, 2:32–2:40.",ay Sees ef in 4,1,0.0,0.076,0.03,0.679,0.212,"#f1bdcd,#908763,#332b2a",1,,
TYdTLOd4q4Y,https://www.youtube.com/watch?v=TYdTLOd4q4Y,Start Your Own Profitable Candle Making Business! How to make Candles at home #businessideas #candle,553.0,storyboard,28,224.41,232.42,8.01,https://youtu.be/TYdTLOd4q4Y?t=224s,pour_wax,assemble,1,0.4,Pouring pink wax (b-roll).,"Pouring pink wax (b-roll). steady, low-motion shot, bright, cream palette (#edb5cb, #f0d3de). assemble phase, ~41% in, 3:44–3:52.",,0,0.0,0.007,0.05,0.798,0.158,"#edb5cb,#f0d3de,#ab6c6f",1,,
TYdTLOd4q4Y,https://www.youtube.com/watch?v=TYdTLOd4q4Y,Start Your Own Profitable Candle Making Business! How to make Candles at home #businessideas #candle,553.0,storyboard,29,232.42,240.43,8.01,https://youtu.be/TYdTLOd4q4Y?t=232s,pour_wax,assemble,1,0.4,Pouring into a vessel.,"Pouring into a vessel. Pouring the melted wax from the pitcher into the prepared container. steady, low-motion shot, bright, cream/beige palette (#f7bcd1, #d0a69a). assemble phase, ~42% in, 3:52–4:00.",,0,0.0,0.01,0.086,0.763,0.172,"#f7bcd1,#d0a69a,#c57970",1,,
TcpmRHRmLEA,https://www.youtube.com/watch?v=TcpmRHRmLEA,DIY CRAYON CANDLE - Home Decor - How To | SoCraftastic,297.0,storyboard,10,80.27,88.3,8.03,https://youtu.be/TcpmRHRmLEA?t=80s,pour_wax,assemble,1,0.5,Pouring a coloured wax layer into the glass (rainbow layers).,"Pouring a coloured wax layer into the glass (rainbow layers). moderate on-screen movement, well-lit, muted grey palette (#a59a9c, #777275). assemble phase, ~27% in, 1:20–1:28.",we nel,0,0.0,0.019,0.182,0.561,0.076,"#a59a9c,#777275,#3e4949",1,,
TcpmRHRmLEA,https://www.youtube.com/watch?v=TcpmRHRmLEA,DIY CRAYON CANDLE - Home Decor - How To | SoCraftastic,297.0,storyboard,11,88.3,96.32,8.02,https://youtu.be/TcpmRHRmLEA?t=88s,pour_wax,assemble,1,0.5,Pouring a coloured wax layer into the glass (rainbow layers).,"Pouring a coloured wax layer into the glass (rainbow layers). captioned, steady, low-motion shot, bright, muted cream/pink palette (#f9c0ca, #cd9096). assemble phase, ~30% in, 1:28–1:36.","th Kins. ieee cane aime eS ts 3 yt toe mA Fae OPPs. 4 SCENTED Wax cumes MTWTI5Q Ns rT tf you have ieuid sornt, pot 1 in AFTER microwavingis zt",1,0.0,0.032,0.111,0.734,0.124,"#f9c0ca,#cd9096,#875c61",1,,
TcpmRHRmLEA,https://www.youtube.com/watch?v=TcpmRHRmLEA,DIY CRAYON CANDLE - Home Decor - How To | SoCraftastic,297.0,storyboard,12,96.32,104.35,8.03,https://youtu.be/TcpmRHRmLEA?t=96s,pour_wax,assemble,1,0.5,Pouring a coloured wax layer into the glass (rainbow layers).,"Pouring a coloured wax layer into the glass (rainbow layers). moderate on-screen movement, well-lit, muted grey/beige palette (#a28486, #e0b9bf). assemble phase, ~32% in, 1:36–1:44.",,0,0.0,0.009,0.168,0.537,0.067,"#a28486,#e0b9bf,#786263",1,,
TcpmRHRmLEA,https://www.youtube.com/watch?v=TcpmRHRmLEA,DIY CRAYON CANDLE - Home Decor - How To | SoCraftastic,297.0,storyboard,13,104.35,112.38,8.03,https://youtu.be/TcpmRHRmLEA?t=104s,pour_wax,assemble,1,0.5,Pouring a coloured wax layer into the glass (rainbow layers).,"Pouring a coloured wax layer into the glass (rainbow layers). captioned, steady, low-motion shot, well-lit, amber/grey palette (#af7f6c, #745d61). assemble phase, ~35% in, 1:44–1:52.",Mf ff The waxes SUPER HOT: jes xoueve,1,0.0,0.02,0.09,0.482,0.165,"#af7f6c,#745d61,#d7cbc4",1,,
TcpmRHRmLEA,https://www.youtube.com/watch?v=TcpmRHRmLEA,DIY CRAYON CANDLE - Home Decor - How To | SoCraftastic,297.0,storyboard,14,112.38,120.41,8.03,https://youtu.be/TcpmRHRmLEA?t=112s,pour_wax,assemble,1,0.5,Pouring a coloured wax layer into the glass (rainbow layers).,"Pouring a coloured wax layer into the glass (rainbow layers). steady, low-motion shot, well-lit, grey palette (#a19c98, #817570). assemble phase, ~38% in, 1:52–2:00.",,0,0.0,0.004,0.13,0.501,0.157,"#a19c98,#817570,#6e3c52",1,,
TcpmRHRmLEA,https://www.youtube.com/watch?v=TcpmRHRmLEA,DIY CRAYON CANDLE - Home Decor - How To | SoCraftastic,297.0,storyboard,15,120.41,128.43,8.02,https://youtu.be/TcpmRHRmLEA?t=120s,pour_wax,assemble,1,0.5,Pouring a coloured wax layer into the glass (rainbow layers).,"Pouring a coloured wax layer into the glass (rainbow layers). moderate on-screen movement, well-lit, muted white/beige palette (#f7f3f9, #b2a2b9). assemble phase, ~41% in, 2:00–2:08.",,0,0.0,0.027,0.152,0.646,0.141,"#f7f3f9,#b2a2b9,#896874",1,,
TcpmRHRmLEA,https://www.youtube.com/watch?v=TcpmRHRmLEA,DIY CRAYON CANDLE - Home Decor - How To | SoCraftastic,297.0,storyboard,16,128.43,136.46,8.03,https://youtu.be/TcpmRHRmLEA?t=128s,pour_wax,assemble,1,0.5,Pouring a coloured wax layer into the glass (rainbow layers).,"Pouring a coloured wax layer into the glass (rainbow layers). captioned, static shot, well-lit, muted grey palette (#9b9296, #746970). assemble phase, ~43% in, 2:08–2:16.",eo oa GP 4 rT 2 2 ioe ies 7 al ma 7 ff cheapie here ION ge,1,0.0,0.057,0.043,0.582,0.062,"#9b9296,#746970,#c9bebd",1,,
TcpmRHRmLEA,https://www.youtube.com/watch?v=TcpmRHRmLEA,DIY CRAYON CANDLE - Home Decor - How To | SoCraftastic,297.0,storyboard,17,136.46,144.49,8.03,https://youtu.be/TcpmRHRmLEA?t=136s,pour_wax,assemble,1,0.5,Pouring a coloured wax layer into the glass (rainbow layers).,"Pouring a coloured wax layer into the glass (rainbow layers). captioned, steady, low-motion shot, well-lit, muted cream/beige palette (#e8ded6, #a4a9ab). assemble phase, ~46% in, 2:16–2:24.",eae Se af save af 4 cm 2,1,0.333,0.025,0.059,0.692,0.105,"#e8ded6,#a4a9ab,#756e67",1,,
TcpmRHRmLEA,https://www.youtube.com/watch?v=TcpmRHRmLEA,DIY CRAYON CANDLE - Home Decor - How To | SoCraftastic,297.0,storyboard,18,144.49,152.51,8.02,https://youtu.be/TcpmRHRmLEA?t=144s,pour_wax,assemble,1,0.5,Pouring a coloured wax layer into the glass (rainbow layers).,"Pouring a coloured wax layer into the glass (rainbow layers). captioned, steady, low-motion shot, well-lit, muted cream/grey palette (#e3dad5, #7a7667). assemble phase, ~49% in, 2:24–2:32.",7 eel of,1,0.333,0.045,0.144,0.619,0.124,"#e3dad5,#7a7667,#a49ea9",1,,
TcpmRHRmLEA,https://www.youtube.com/watch?v=TcpmRHRmLEA,DIY CRAYON CANDLE - Home Decor - How To | SoCraftastic,297.0,storyboard,19,152.51,160.54,8.03,https://youtu.be/TcpmRHRmLEA?t=153s,pour_wax,assemble,1,0.5,Pouring a coloured wax layer into the glass (rainbow layers).,"Pouring a coloured wax layer into the glass (rainbow layers). captioned, steady, low-motion shot, well-lit, grey/brown palette (#96808b, #5d5258). assemble phase, ~51% in, 2:32–2:40.","ta Lees Soe 7 ss le, oh: Coe KA os et 6. re Kart, yh ae WZ ter, SS SSe be eS Po oan Pa 7 See 4 Sey eS Ree ae en ae os er Sh. gS See OO BE re es eee re aern ey ae oy ero an oe ae ae evita. AS Rare SRE ",1,0.333,0.191,0.135,0.5,0.185,"#96808b,#5d5258,#e39f88",1,,
ToGNCotyDeE,https://www.youtube.com/watch?v=ToGNCotyDeE,How to Make Candles With ToAuto New 15L Wax Melting Furnace - Start Your Candle Business Easily,246.0,storyboard,1,7.94,15.87,7.93,https://youtu.be/ToGNCotyDeE?t=8s,pour_wax,assemble,1,0.5,Pouring melted wax into rows of cups.,"Pouring melted wax into rows of cups. captioned, moderate on-screen movement, well-lit, muted brown/white palette (#4b4946, #eaeaea). assemble phase, ~3% in, 0:07–0:15.",4 tebe aghktgche hives cans onitay esis hn Wi,1,0.0,0.042,0.289,0.471,0.036,"#4b4946,#eaeaea,#878586",1,,
ToGNCotyDeE,https://www.youtube.com/watch?v=ToGNCotyDeE,How to Make Candles With ToAuto New 15L Wax Melting Furnace - Start Your Candle Business Easily,246.0,storyboard,6,47.61,55.55,7.94,https://youtu.be/ToGNCotyDeE?t=48s,pour_wax,assemble,1,0.5,Pouring melted wax into rows of cups.,"Pouring melted wax into rows of cups. captioned, steady, low-motion shot, well-lit, muted brown/grey palette (#474728, #969b98). assemble phase, ~19% in, 0:47–0:55.",7 aS. ye,1,0.0,0.064,0.141,0.455,0.106,"#474728,#969b98,#d4d1ce",1,,
ToGNCotyDeE,https://www.youtube.com/watch?v=ToGNCotyDeE,How to Make Candles With ToAuto New 15L Wax Melting Furnace - Start Your Candle Business Easily,246.0,storyboard,11,87.29,95.23,7.94,https://youtu.be/ToGNCotyDeE?t=87s,pour_wax,assemble,1,0.5,Pouring melted wax into rows of cups.,"Pouring melted wax into rows of cups. captioned, steady, low-motion shot, well-lit, amber palette (#c6b448, #9a861b). assemble phase, ~35% in, 1:27–1:35.","hats SS Char. ee. eee be, 5 OT gai it: Tt Ce ye aaa eri ee ae 2 ae cat ees ee Se arr oe My",1,0.0,0.056,0.125,0.644,0.31,"#c6b448,#9a861b,#d6d8d5",1,,
ToGNCotyDeE,https://www.youtube.com/watch?v=ToGNCotyDeE,How to Make Candles With ToAuto New 15L Wax Melting Furnace - Start Your Candle Business Easily,246.0,storyboard,16,126.97,134.9,7.93,https://youtu.be/ToGNCotyDeE?t=127s,pour_wax,assemble,1,0.5,Pouring melted wax into rows of cups.,"Pouring melted wax into rows of cups. captioned, steady, low-motion shot, bright, white/cream palette (#f2f2ee, #e7e5b2). assemble phase, ~52% in, 2:06–2:14.",Ww 3 gar. nc YS Sid,1,0.0,0.019,0.055,0.868,0.232,"#f2f2ee,#e7e5b2,#b6a948",1,,
ToGNCotyDeE,https://www.youtube.com/watch?v=ToGNCotyDeE,How to Make Candles With ToAuto New 15L Wax Melting Furnace - Start Your Candle Business Easily,246.0,storyboard,21,166.65,174.58,7.93,https://youtu.be/ToGNCotyDeE?t=167s,pour_wax,assemble,1,0.5,Pouring melted wax into rows of cups.,"Pouring melted wax into rows of cups. moderate on-screen movement, well-lit, muted black/brown palette (#343130, #5d5a51). assemble phase, ~68% in, 2:46–2:54.",Cy,0,0.333,0.042,0.217,0.418,0.063,"#343130,#5d5a51,#a2afb1",1,,
ToGNCotyDeE,https://www.youtube.com/watch?v=ToGNCotyDeE,How to Make Candles With ToAuto New 15L Wax Melting Furnace - Start Your Candle Business Easily,246.0,storyboard,26,206.32,214.26,7.94,https://youtu.be/ToGNCotyDeE?t=206s,pour_wax,assemble,1,0.5,Pouring melted wax into rows of cups.,"Pouring melted wax into rows of cups. captioned, moderate on-screen movement, well-lit, muted cream/brown palette (#e2e2df, #564434). assemble phase, ~84% in, 3:26–3:34.",is Sa 42,1,0.0,0.077,0.34,0.447,0.081,"#e2e2df,#564434,#9e8b80",1,,
Tr8qDI6L2aA,https://www.youtube.com/watch?v=Tr8qDI6L2aA,How to Make Palm Wax Candles,679.0,storyboard,16,127.81,135.8,7.99,https://youtu.be/Tr8qDI6L2aA?t=128s,pour_wax,assemble,1,0.45,Pouring palm wax into the glasses.,"Pouring palm wax into the glasses. captioned, static shot, well-lit, muted grey/cream palette (#888796, #c1c9d6). assemble phase, ~19% in, 2:07–2:15.",7 On ry 4 Zk 9,1,0.0,0.172,0.028,0.565,0.134,"#888796,#c1c9d6,#44424d",1,,
Tr8qDI6L2aA,https://www.youtube.com/watch?v=Tr8qDI6L2aA,How to Make Palm Wax Candles,679.0,storyboard,17,135.8,143.79,7.99,https://youtu.be/Tr8qDI6L2aA?t=136s,pour_wax,assemble,1,0.45,Pouring palm wax into the glasses.,"Pouring palm wax into the glasses. captioned, moderate on-screen movement, well-lit, muted grey/black palette (#5e586e, #181b1f). assemble phase, ~20% in, 2:15–2:23.",AS bh Bad,1,0.0,0.128,0.284,0.464,0.141,"#5e586e,#181b1f,#b2a7b3",1,,
Tr8qDI6L2aA,https://www.youtube.com/watch?v=Tr8qDI6L2aA,How to Make Palm Wax Candles,679.0,storyboard,18,143.79,151.78,7.99,https://youtu.be/Tr8qDI6L2aA?t=144s,pour_wax,assemble,1,0.45,Pouring palm wax into the glasses.,"Pouring palm wax into the glasses. captioned, moderate on-screen movement, well-lit, grey/cream palette (#898798, #c6cbd9). assemble phase, ~21% in, 2:23–2:31.",6 eee iva st TN,1,0.0,0.143,0.186,0.586,0.168,"#898798,#c6cbd9,#484350",1,,
Tr8qDI6L2aA,https://www.youtube.com/watch?v=Tr8qDI6L2aA,How to Make Palm Wax Candles,679.0,storyboard,25,199.71,207.69,7.98,https://youtu.be/Tr8qDI6L2aA?t=200s,pour_wax,assemble,1,0.5,Pouring palm wax into the vessels.,"Pouring palm wax into the vessels. captioned, moderate on-screen movement, well-lit, muted grey/cream palette (#8b8898, #c2c7d4). assemble phase, ~29% in, 3:19–3:27.","Ss ud sal SA. ar dy, 3 ty Sen ss tT",1,0.0,0.16,0.205,0.575,0.108,"#8b8898,#c2c7d4,#4c4554",1,,
Tr8qDI6L2aA,https://www.youtube.com/watch?v=Tr8qDI6L2aA,How to Make Palm Wax Candles,679.0,storyboard,71,567.16,575.15,7.99,https://youtu.be/Tr8qDI6L2aA?t=567s,pour_wax,assemble,1,0.5,Pouring palm wax into the vessels.,"Pouring palm wax into the vessels. captioned, moderate on-screen movement, well-lit, grey/cream palette (#9c9faa, #d0d1dd). assemble phase, ~84% in, 9:27–9:35.",Ey ENA. 2,1,0.0,0.1,0.18,0.66,0.156,"#9c9faa,#d0d1dd,#585762",1,,
UH-OmRowiak,https://www.youtube.com/watch?v=UH-OmRowiak,Candle Making Process In Factory || How Candle Is Made,363.0,storyboard,4,32.27,40.33,8.06,https://youtu.be/UH-OmRowiak?t=32s,pour_wax,assemble,1,0.4,Factory: rows of white candles formed in metal moulds.,"Factory: rows of white candles formed in metal moulds. captioned, moderate on-screen movement, dim, muted black/grey palette (#353334, #686665). assemble phase, ~9% in, 0:32–0:40.","ae ma WAT pe, re Erinn Bes ear hear Hyt Vd era Beioy- fi tN",1,0.0,0.134,0.187,0.368,0.051,"#353334,#686665,#afadac",1,,
UH-OmRowiak,https://www.youtube.com/watch?v=UH-OmRowiak,Candle Making Process In Factory || How Candle Is Made,363.0,storyboard,8,64.53,72.6,8.07,https://youtu.be/UH-OmRowiak?t=65s,pour_wax,assemble,1,0.4,Factory: rows of white candles formed in metal moulds.,"Factory: rows of white candles formed in metal moulds. captioned, moderate on-screen movement, dim, muted black/grey palette (#282d2e, #767370). assemble phase, ~18% in, 1:04–1:12.",ar TP. tite cae ot wt 7 ye Noy 4 Pe NO 7 Ss. 7 Are 5 ee oe Fe 2,1,0.0,0.119,0.223,0.358,0.078,"#282d2e,#767370,#c1c6c7",1,,
UH-OmRowiak,https://www.youtube.com/watch?v=UH-OmRowiak,Candle Making Process In Factory || How Candle Is Made,363.0,storyboard,20,161.33,169.4,8.07,https://youtu.be/UH-OmRowiak?t=161s,pour_wax,assemble,1,0.4,Factory: rows of white candles formed in metal moulds.,"Factory: rows of white candles formed in metal moulds. captioned, moderate on-screen movement, well-lit, muted black/beige palette (#342d29, #a8afb4). assemble phase, ~44% in, 2:41–2:49.",Es Mem rn AS Mad: Zz YS ed CSS. im ar YS ys 2 ee 7,1,0.0,0.133,0.157,0.454,0.054,"#342d29,#a8afb4,#727576",1,,
UH-OmRowiak,https://www.youtube.com/watch?v=UH-OmRowiak,Candle Making Process In Factory || How Candle Is Made,363.0,storyboard,24,193.6,201.67,8.07,https://youtu.be/UH-OmRowiak?t=194s,pour_wax,assemble,1,0.4,Factory: rows of white candles formed in metal moulds.,"Factory: rows of white candles formed in metal moulds. captioned, moderate on-screen movement, dim, muted black/grey palette (#2a2e32, #676564). assemble phase, ~53% in, 3:13–3:21.",Seppe bat TL iit ATTY Tw Ab dit se 4 ie iy MA ee me wo,1,0.0,0.102,0.225,0.399,0.117,"#2a2e32,#676564,#bbbfc5",1,,
UH-OmRowiak,https://www.youtube.com/watch?v=UH-OmRowiak,Candle Making Process In Factory || How Candle Is Made,363.0,storyboard,28,225.87,233.93,8.06,https://youtu.be/UH-OmRowiak?t=226s,pour_wax,assemble,1,0.4,Factory: rows of white candles formed in metal moulds.,"Factory: rows of white candles formed in metal moulds. captioned, moderate on-screen movement, dim, muted black/grey palette (#292626, #5a625c). assemble phase, ~62% in, 3:45–3:53.",oy he se 4 oe Ss Ln Tf oe Vth Yt Te pine! ss xX Wy,1,0.0,0.106,0.257,0.372,0.116,"#292626,#5a625c,#909b95",1,,
Ucr1PgqwuCU,https://www.youtube.com/watch?v=Ucr1PgqwuCU,How to Make Coconut Oil Scented Candles | Thrive Market,230.0,storyboard,17,134.83,142.76,7.93,https://youtu.be/Ucr1PgqwuCU?t=135s,pour_wax,assemble,1,0.5,Pour readied from the pot.,"Pour readied from the pot. captioned, moderate on-screen movement, well-lit, grey/brown palette (#8f8380, #543141). assemble phase, ~59% in, 2:14–2:22.",mY He ae eas. id Wr ee id aa2,1,0.333,0.085,0.277,0.451,0.192,"#8f8380,#543141,#c8c5c1",1,,
Ucr1PgqwuCU,https://www.youtube.com/watch?v=Ucr1PgqwuCU,How to Make Coconut Oil Scented Candles | Thrive Market,230.0,storyboard,18,142.76,150.69,7.93,https://youtu.be/Ucr1PgqwuCU?t=143s,pour_wax,assemble,1,0.6,Molten wax poured into the jars.,"Molten wax poured into the jars. captioned, moderate on-screen movement, well-lit, grey/brown palette (#978a87, #5c3c4a). assemble phase, ~62% in, 2:22–2:30.","Me rag Ss ee are ll SR Us Be SSSENTIAL OILS, can ott Laas DROP Wr! es aml oe an, tole",1,0.333,0.115,0.272,0.466,0.199,"#978a87,#5c3c4a,#cfcbc3",1,,
Ucr1PgqwuCU,https://www.youtube.com/watch?v=Ucr1PgqwuCU,How to Make Coconut Oil Scented Candles | Thrive Market,230.0,storyboard,19,150.69,158.62,7.93,https://youtu.be/Ucr1PgqwuCU?t=151s,pour_wax,assemble,1,0.6,Jars filling with wax; host intercut.,"Jars filling with wax; host intercut. captioned, moderate on-screen movement, well-lit, grey/brown palette (#9a8985, #5a414b). assemble phase, ~66% in, 2:30–2:38.",Fon Pei. oe oo aa Fla: vai Ske SANGS' WF es... ale ew aw ae aan,1,0.0,0.125,0.182,0.463,0.186,"#9a8985,#5a414b,#d1cec3",1,,
UrFrR3p0B3A,https://www.youtube.com/watch?v=UrFrR3p0B3A,"DIY Candle Jars with Jesmonite | aesthetic candle vessels, Boowan Nicole molds | handmade gift ideas",399.0,storyboard,29,231.42,239.4,7.98,https://youtu.be/UrFrR3p0B3A?t=231s,pour_wax,assemble,1,0.6,Yellow wax poured into the Jesmonite jar.,"Yellow wax poured into the Jesmonite jar. steady, low-motion shot, well-lit, muted beige/grey palette (#b6b9bb, #79776b). assemble phase, ~58% in, 3:51–3:59.",,0,0.0,0.004,0.058,0.588,0.073,"#b6b9bb,#79776b,#282319",1,,
UrFrR3p0B3A,https://www.youtube.com/watch?v=UrFrR3p0B3A,"DIY Candle Jars with Jesmonite | aesthetic candle vessels, Boowan Nicole molds | handmade gift ideas",399.0,storyboard,30,239.4,247.38,7.98,https://youtu.be/UrFrR3p0B3A?t=239s,pour_wax,assemble,1,0.6,Pouring wax into the jars.,"Pouring wax into the jars. static shot, well-lit, muted beige/grey palette (#bbc0c2, #7e7f75). assemble phase, ~60% in, 3:59–4:07.",,0,0.0,0.012,0.0,0.577,0.047,"#bbc0c2,#7e7f75,#2a2d2a",1,,
UrFrR3p0B3A,https://www.youtube.com/watch?v=UrFrR3p0B3A,"DIY Candle Jars with Jesmonite | aesthetic candle vessels, Boowan Nicole molds | handmade gift ideas",399.0,storyboard,31,247.38,255.36,7.98,https://youtu.be/UrFrR3p0B3A?t=247s,pour_wax,assemble,1,0.55,Jars filled with wax around the wicks.,"Jars filled with wax around the wicks. steady, low-motion shot, well-lit, muted beige/grey palette (#bbbdb7, #817d74). assemble phase, ~62% in, 4:07–4:15.",,0,0.0,0.013,0.1,0.589,0.075,"#bbbdb7,#817d74,#2c2c29",1,,
UrFrR3p0B3A,https://www.youtube.com/watch?v=UrFrR3p0B3A,"DIY Candle Jars with Jesmonite | aesthetic candle vessels, Boowan Nicole molds | handmade gift ideas",399.0,storyboard,40,319.2,327.18,7.98,https://youtu.be/UrFrR3p0B3A?t=319s,pour_wax,assemble,1,0.55,Wax poured into a jar.,"Wax poured into a jar. Pouring the melted wax from the pitcher into the prepared container. static shot, well-lit, muted beige/grey palette (#b5bdc1, #828068). assemble phase, ~80% in, 5:19–5:27.",,0,0.0,0.004,0.0,0.582,0.088,"#b5bdc1,#828068,#2d2b17",1,,
UvgHUG48cgE,https://www.youtube.com/watch?v=UvgHUG48cgE,"STEP BY STEP: How I Make My 6 oz. Tin Soy Candles | Formula, First Burn Test, Visual Demonstration",734.0,storyboard,81,646.24,654.22,7.98,https://youtu.be/UvgHUG48cgE?t=646s,pour_wax,assemble,1,0.5,Pouring wax into the grey tin.,"Pouring wax into the grey tin. static shot, dim, muted brown/black palette (#585047, #191514). assemble phase, ~88% in, 10:46–10:54.",an se,0,0.0,0.102,0.016,0.289,0.072,"#585047,#191514,#888c91",1,,
UvgHUG48cgE,https://www.youtube.com/watch?v=UvgHUG48cgE,"STEP BY STEP: How I Make My 6 oz. Tin Soy Candles | Formula, First Burn Test, Visual Demonstration",734.0,storyboard,82,654.22,662.2,7.98,https://youtu.be/UvgHUG48cgE?t=654s,pour_wax,assemble,1,0.5,Pouring wax into the grey tin.,"Pouring wax into the grey tin. static shot, dim, muted brown/grey palette (#685e58, #868f93). assemble phase, ~89% in, 10:54–11:02.",,0,0.0,0.075,0.0,0.379,0.098,"#685e58,#868f93,#252120",1,,
UvgHUG48cgE,https://www.youtube.com/watch?v=UvgHUG48cgE,"STEP BY STEP: How I Make My 6 oz. Tin Soy Candles | Formula, First Burn Test, Visual Demonstration",734.0,storyboard,83,662.2,670.17,7.97,https://youtu.be/UvgHUG48cgE?t=662s,pour_wax,assemble,1,0.5,Pouring wax into the grey tin.,"Pouring wax into the grey tin. steady, low-motion shot, dim, muted grey/black palette (#788a95, #1a1715). assemble phase, ~90% in, 11:02–11:10.",,0,0.0,0.034,0.089,0.376,0.097,"#788a95,#1a1715,#6e5c4e",1,,
V50SgBW1bRM,https://www.youtube.com/watch?v=V50SgBW1bRM,🔥 Watch Me Make Luxury Pillar Candles! | Get My Exact Recipe in the Ultimate Candle-Making eBook! 🔥,546.0,storyboard,3,24.09,32.12,8.03,https://youtu.be/V50SgBW1bRM?t=24s,pour_wax,assemble,1,0.45,Black-gloved hands pour/mould yellow pillar candles.,"Black-gloved hands pour/mould yellow pillar candles. captioned, steady, low-motion shot, well-lit, muted beige/grey palette (#c7c6bd, #83827b). assemble phase, ~4% in, 0:24–0:32.",ar 5 ey Poe al ft ye oe Te ne at AS rd ee aes es ba ee ESF eS tei2 tS ee Sen ae ee S4rrt ml ms 4 Bo. ae ig Se es ix,1,0.0,0.237,0.135,0.551,0.089,"#c7c6bd,#83827b,#4a3e36",1,,
V50SgBW1bRM,https://www.youtube.com/watch?v=V50SgBW1bRM,🔥 Watch Me Make Luxury Pillar Candles! | Get My Exact Recipe in the Ultimate Candle-Making eBook! 🔥,546.0,storyboard,7,56.21,64.24,8.03,https://youtu.be/V50SgBW1bRM?t=56s,pour_wax,assemble,1,0.45,Black-gloved hands pour/mould yellow pillar candles.,"Black-gloved hands pour/mould yellow pillar candles. captioned, moderate on-screen movement, well-lit, muted beige/grey palette (#c9c3b0, #957f66). assemble phase, ~10% in, 0:56–1:04.",Ss KX AN: 4 we re 4 Ae ay ee ie 7 oe 3 us ae bs. ae As. Fe ee ee ry,1,0.0,0.06,0.212,0.558,0.133,"#c9c3b0,#957f66,#332f28",1,,
V50SgBW1bRM,https://www.youtube.com/watch?v=V50SgBW1bRM,🔥 Watch Me Make Luxury Pillar Candles! | Get My Exact Recipe in the Ultimate Candle-Making eBook! 🔥,546.0,storyboard,27,216.79,224.82,8.03,https://youtu.be/V50SgBW1bRM?t=217s,pour_wax,assemble,1,0.5,Pouring wax into the pillar moulds.,"Pouring wax into the pillar moulds. captioned, moderate on-screen movement, well-lit, muted brown/grey palette (#4d4c43, #848277). assemble phase, ~40% in, 3:36–3:44.",4 oO: Ce 4 YY eta ee ef bes 7 3 iw by oh 4 ees Te PP Fok we SS WW Aa re Sy 7 Com.,1,0.0,0.152,0.249,0.519,0.037,"#4d4c43,#848277,#c7c5bb",1,,
V50SgBW1bRM,https://www.youtube.com/watch?v=V50SgBW1bRM,🔥 Watch Me Make Luxury Pillar Candles! | Get My Exact Recipe in the Ultimate Candle-Making eBook! 🔥,546.0,storyboard,28,224.82,232.85,8.03,https://youtu.be/V50SgBW1bRM?t=225s,pour_wax,assemble,1,0.5,Melting yellow wax in the silver melter.,"Melting yellow wax in the silver melter. captioned, static shot, well-lit, muted brown/grey palette (#4f4b3c, #8a877c). assemble phase, ~41% in, 3:44–3:52.","2. ee. ye SS wy os? Ae Ves Ny eS NE om mL coe, ONG open is ews VJ",1,0.0,0.226,0.025,0.496,0.065,"#4f4b3c,#8a877c,#ccc9be",1,,
V50SgBW1bRM,https://www.youtube.com/watch?v=V50SgBW1bRM,🔥 Watch Me Make Luxury Pillar Candles! | Get My Exact Recipe in the Ultimate Candle-Making eBook! 🔥,546.0,storyboard,29,232.85,240.88,8.03,https://youtu.be/V50SgBW1bRM?t=233s,pour_wax,assemble,1,0.5,Pouring wax into the pillar moulds.,"Pouring wax into the pillar moulds. moderate on-screen movement, well-lit, muted beige/grey palette (#c7b7a9, #957669). assemble phase, ~43% in, 3:52–4:00.",,0,0.0,0.072,0.262,0.512,0.136,"#c7b7a9,#957669,#4e392d",1,,
V50SgBW1bRM,https://www.youtube.com/watch?v=V50SgBW1bRM,🔥 Watch Me Make Luxury Pillar Candles! | Get My Exact Recipe in the Ultimate Candle-Making eBook! 🔥,546.0,storyboard,30,240.88,248.91,8.03,https://youtu.be/V50SgBW1bRM?t=241s,pour_wax,assemble,1,0.5,Pouring wax into the pillar moulds.,"Pouring wax into the pillar moulds. captioned, static shot, well-lit, grey/brown palette (#a78376, #533c31). assemble phase, ~44% in, 4:00–4:08.",Sy is 2 aa 2,1,0.0,0.025,0.0,0.513,0.189,"#a78376,#533c31,#cec7b8",1,,
V50SgBW1bRM,https://www.youtube.com/watch?v=V50SgBW1bRM,🔥 Watch Me Make Luxury Pillar Candles! | Get My Exact Recipe in the Ultimate Candle-Making eBook! 🔥,546.0,storyboard,31,248.91,256.94,8.03,https://youtu.be/V50SgBW1bRM?t=249s,pour_wax,assemble,1,0.5,Pouring wax into the pillar moulds.,"Pouring wax into the pillar moulds. captioned, moderate on-screen movement, well-lit, muted beige/grey palette (#c7c3b6, #837e73). assemble phase, ~46% in, 4:08–4:16.","et SPY re Sets cab, age mS. ve. ha ae Sa ok ie oe 7 ae sf pet 7 aes 4 oe",1,0.0,0.116,0.301,0.507,0.107,"#c7c3b6,#837e73,#403a2b",1,,
VazMrJH55Is,https://www.youtube.com/watch?v=VazMrJH55Is,Honey Vanilla Beeswax Candles | How to Make Candles,419.0,storyboard,24,193.38,201.44,8.06,https://youtu.be/VazMrJH55Is?t=193s,pour_wax,assemble,1,0.5,Honey-coloured wax poured into a jar.,"Honey-coloured wax poured into a jar. moderate on-screen movement, bright, muted white/beige palette (#eae8e7, #ccbfae). assemble phase, ~46% in, 3:13–3:21.",ek oni,0,0.0,0.038,0.244,0.706,0.112,"#eae8e7,#ccbfae,#af9c88",1,,
VazMrJH55Is,https://www.youtube.com/watch?v=VazMrJH55Is,Honey Vanilla Beeswax Candles | How to Make Candles,419.0,storyboard,26,209.5,217.56,8.06,https://youtu.be/VazMrJH55Is?t=210s,pour_wax,assemble,1,0.5,Pouring wax into the jars.,"Pouring wax into the jars. static shot, well-lit, muted beige/brown palette (#b0a998, #785f45). assemble phase, ~50% in, 3:29–3:37.",7 2 1 5,0,0.0,0.041,0.044,0.616,0.124,"#b0a998,#785f45,#d0d4d7",1,,
Vp4eR_y0Zsc,https://www.youtube.com/watch?v=Vp4eR_y0Zsc,Candle Making DIY bubble Candle | Make aesthetic candles with me! |큐브캔들 만들기,509.0,storyboard,3,23.86,31.81,7.95,https://youtu.be/Vp4eR_y0Zsc?t=24s,pour_wax,assemble,1,0.45,Pouring wax into bubble/cube silicone moulds.,"Pouring wax into bubble/cube silicone moulds. moderate on-screen movement, well-lit, muted beige/grey palette (#c9bcaf, #a5897b). assemble phase, ~5% in, 0:23–0:31.",Ss ae,0,0.0,0.081,0.234,0.579,0.117,"#c9bcaf,#a5897b,#6b4a3f",1,,
Vp4eR_y0Zsc,https://www.youtube.com/watch?v=Vp4eR_y0Zsc,Candle Making DIY bubble Candle | Make aesthetic candles with me! |큐브캔들 만들기,509.0,storyboard,6,47.72,55.67,7.95,https://youtu.be/Vp4eR_y0Zsc?t=48s,pour_wax,assemble,1,0.45,Pouring wax into bubble/cube silicone moulds.,"Pouring wax into bubble/cube silicone moulds. captioned, steady, low-motion shot, well-lit, muted beige/grey palette (#bdb4a8, #9c8b81). assemble phase, ~9% in, 0:47–0:55.",be be at,1,0.0,0.07,0.099,0.604,0.076,"#bdb4a8,#9c8b81,#6a534b",1,,
Vp4eR_y0Zsc,https://www.youtube.com/watch?v=Vp4eR_y0Zsc,Candle Making DIY bubble Candle | Make aesthetic candles with me! |큐브캔들 만들기,509.0,storyboard,9,71.58,79.53,7.95,https://youtu.be/Vp4eR_y0Zsc?t=72s,pour_wax,assemble,1,0.45,Pouring wax into bubble/cube silicone moulds.,"Pouring wax into bubble/cube silicone moulds. captioned, moderate on-screen movement, well-lit, muted grey/beige palette (#a58d82, #cfc4b8). assemble phase, ~14% in, 1:11–1:19.",ane oa gf,1,0.0,0.097,0.17,0.588,0.106,"#a58d82,#cfc4b8,#76564d",1,,
Vp4eR_y0Zsc,https://www.youtube.com/watch?v=Vp4eR_y0Zsc,Candle Making DIY bubble Candle | Make aesthetic candles with me! |큐브캔들 만들기,509.0,storyboard,12,95.44,103.39,7.95,https://youtu.be/Vp4eR_y0Zsc?t=95s,pour_wax,assemble,1,0.45,Pouring wax into bubble/cube silicone moulds.,"Pouring wax into bubble/cube silicone moulds. moderate on-screen movement, well-lit, muted beige/brown palette (#cdc7bf, #725e55). assemble phase, ~19% in, 1:35–1:43.",me,0,0.0,0.05,0.188,0.601,0.072,"#cdc7bf,#725e55,#a0948b",1,,
Vp4eR_y0Zsc,https://www.youtube.com/watch?v=Vp4eR_y0Zsc,Candle Making DIY bubble Candle | Make aesthetic candles with me! |큐브캔들 만들기,509.0,storyboard,15,119.3,127.25,7.95,https://youtu.be/Vp4eR_y0Zsc?t=119s,pour_wax,assemble,1,0.45,Pouring wax into bubble/cube silicone moulds.,"Pouring wax into bubble/cube silicone moulds. moderate on-screen movement, well-lit, muted grey/beige palette (#8c7461, #c9bdaa). assemble phase, ~23% in, 1:59–2:07.",oe 7,0,0.0,0.106,0.231,0.513,0.087,"#8c7461,#c9bdaa,#3e362d",1,,
Vp4eR_y0Zsc,https://www.youtube.com/watch?v=Vp4eR_y0Zsc,Candle Making DIY bubble Candle | Make aesthetic candles with me! |큐브캔들 만들기,509.0,storyboard,18,143.16,151.11,7.95,https://youtu.be/Vp4eR_y0Zsc?t=143s,pour_wax,assemble,1,0.45,Pouring wax into bubble/cube silicone moulds.,"Pouring wax into bubble/cube silicone moulds. moderate on-screen movement, well-lit, muted beige/grey palette (#b6aa96, #93846f). assemble phase, ~28% in, 2:23–2:31.",,0,0.0,0.068,0.268,0.664,0.083,"#b6aa96,#93846f,#665d50",1,,
Vp4eR_y0Zsc,https://www.youtube.com/watch?v=Vp4eR_y0Zsc,Candle Making DIY bubble Candle | Make aesthetic candles with me! |큐브캔들 만들기,509.0,storyboard,21,167.02,174.97,7.95,https://youtu.be/Vp4eR_y0Zsc?t=167s,pour_wax,assemble,1,0.45,Pouring wax into bubble/cube silicone moulds.,"Pouring wax into bubble/cube silicone moulds. moderate on-screen movement, well-lit, muted beige/grey palette (#c9c3b5, #a29884). assemble phase, ~33% in, 2:47–2:54.",ot ae,0,0.0,0.082,0.183,0.625,0.095,"#c9c3b5,#a29884,#7c6a40",1,,
Vsd8r7uSDII,https://www.youtube.com/watch?v=Vsd8r7uSDII,How To Make A Wooden Wick Candle | Luxury Candle Making,288.0,storyboard,24,192.0,200.0,8.0,https://youtu.be/Vsd8r7uSDII?t=192s,pour_wax,assemble,1,0.55,Pour readied from the pot on the stove.,"Pour readied from the pot on the stove. captioned, steady, low-motion shot, well-lit, black/grey palette (#342519, #887865). assemble phase, ~67% in, 3:12–3:20.",PFE re Ly 4 2 ae Se me EE aa al SS,1,0.0,0.1,0.118,0.449,0.159,"#342519,#887865,#c3c4c2",1,,
Vsd8r7uSDII,https://www.youtube.com/watch?v=Vsd8r7uSDII,How To Make A Wooden Wick Candle | Luxury Candle Making,288.0,storyboard,26,208.0,216.0,8.0,https://youtu.be/Vsd8r7uSDII?t=208s,pour_wax,assemble,1,0.65,Glasses with wooden wicks being filled.,"Glasses with wooden wicks being filled. steady, low-motion shot, well-lit, muted beige/grey palette (#b3b0a6, #6c665b). assemble phase, ~72% in, 3:28–3:36.",po Se,0,0.0,0.02,0.106,0.496,0.075,"#b3b0a6,#6c665b,#271d15",1,,
Vsd8r7uSDII,https://www.youtube.com/watch?v=Vsd8r7uSDII,How To Make A Wooden Wick Candle | Luxury Candle Making,288.0,storyboard,27,216.0,224.0,8.0,https://youtu.be/Vsd8r7uSDII?t=216s,pour_wax,assemble,1,0.6,Amber wax poured into the wooden-wick glasses.,"Amber wax poured into the wooden-wick glasses. captioned, steady, low-motion shot, well-lit, muted black/beige palette (#3a301e, #c9c5ba). assemble phase, ~75% in, 3:36–3:44.",ae lk Pa oi eee es Li IP be Se as ws al,1,0.0,0.053,0.148,0.477,0.104,"#3a301e,#c9c5ba,#887f70",1,,
Vsd8r7uSDII,https://www.youtube.com/watch?v=Vsd8r7uSDII,How To Make A Wooden Wick Candle | Luxury Candle Making,288.0,storyboard,28,224.0,232.0,8.0,https://youtu.be/Vsd8r7uSDII?t=224s,pour_wax,assemble,1,0.55,Glasses filled with amber wax around the wooden wicks.,"Glasses filled with amber wax around the wooden wicks. captioned, steady, low-motion shot, well-lit, muted beige/brown palette (#c4bdb2, #81643f). assemble phase, ~78% in, 3:44–3:52.",ez af Sa BN Sein ee,1,0.333,0.026,0.147,0.55,0.149,"#c4bdb2,#81643f,#1d140c",1,,
WfkIQ899U7M,https://www.youtube.com/watch?v=WfkIQ899U7M,Making a Batch of Candles and Packing an Order | Silent Studio Vlog,240.0,storyboard,7,56.0,64.0,8.0,https://youtu.be/WfkIQ899U7M?t=56s,pour_wax,assemble,1,0.5,Pouring amber wax into the jars.,"Pouring amber wax into the jars. steady, low-motion shot, dim, muted grey palette (#a79885, #836e52). assemble phase, ~23% in, 0:56–1:04.",,0,0.0,0.116,0.061,0.397,0.11,"#a79885,#836e52,#302118",1,,
WfkIQ899U7M,https://www.youtube.com/watch?v=WfkIQ899U7M,Making a Batch of Candles and Packing an Order | Silent Studio Vlog,240.0,storyboard,8,64.0,72.0,8.0,https://youtu.be/WfkIQ899U7M?t=64s,pour_wax,assemble,1,0.4,Hands with a jar/lid.,"Hands with a jar/lid. Pouring the melted wax from the pitcher into the prepared container. static shot, dim, muted grey/black palette (#806e56, #2b2016). assemble phase, ~27% in, 1:04–1:12.",Cc 1,0,0.0,0.119,0.036,0.394,0.104,"#806e56,#2b2016,#a3927e",1,,
WfkIQ899U7M,https://www.youtube.com/watch?v=WfkIQ899U7M,Making a Batch of Candles and Packing an Order | Silent Studio Vlog,240.0,storyboard,9,72.0,80.0,8.0,https://youtu.be/WfkIQ899U7M?t=72s,pour_wax,assemble,1,0.5,Pouring from the melter into jars.,"Pouring from the melter into jars. moderate on-screen movement, well-lit, muted beige/grey palette (#afa69b, #726457). assemble phase, ~30% in, 1:12–1:20.",,0,0.0,0.123,0.163,0.444,0.097,"#afa69b,#726457,#4c2f21",1,,
WfkIQ899U7M,https://www.youtube.com/watch?v=WfkIQ899U7M,Making a Batch of Candles and Packing an Order | Silent Studio Vlog,240.0,storyboard,10,80.0,88.0,8.0,https://youtu.be/WfkIQ899U7M?t=80s,pour_wax,assemble,1,0.45,Silver melter pot.,"Silver melter pot. Pouring the melted wax from the pitcher into the prepared container. steady, low-motion shot, well-lit, muted beige/brown palette (#b1aa9e, #6e6053). assemble phase, ~33% in, 1:20–1:28.",ti,0,0.0,0.053,0.101,0.457,0.07,"#b1aa9e,#6e6053,#2a2219",1,,
WfkIQ899U7M,https://www.youtube.com/watch?v=WfkIQ899U7M,Making a Batch of Candles and Packing an Order | Silent Studio Vlog,240.0,storyboard,11,88.0,96.0,8.0,https://youtu.be/WfkIQ899U7M?t=88s,pour_wax,assemble,1,0.45,Filling a jar with wax.,"Filling a jar with wax. Pouring the melted wax from the pitcher into the prepared container. moderate on-screen movement, well-lit, muted grey/brown palette (#7c7063, #5d4b3b). assemble phase, ~37% in, 1:28–1:36.",,0,0.333,0.02,0.229,0.415,0.059,"#7c7063,#5d4b3b,#2b1c15",1,,
WfkIQ899U7M,https://www.youtube.com/watch?v=WfkIQ899U7M,Making a Batch of Candles and Packing an Order | Silent Studio Vlog,240.0,storyboard,12,96.0,104.0,8.0,https://youtu.be/WfkIQ899U7M?t=96s,pour_wax,assemble,1,0.45,Rows of amber jars poured.,"Rows of amber jars poured. static shot, well-lit, muted grey/beige palette (#826f5e, #ab9f93). assemble phase, ~40% in, 1:36–1:44.",oll,0,0.0,0.055,0.034,0.446,0.081,"#826f5e,#ab9f93,#3c2e23",1,,
XQFs4G5sIlU,https://www.youtube.com/watch?v=XQFs4G5sIlU,Strawberry Matcha Candle 🍓🕯️ Easy beginner tutorial | Aesthetic & Trendy,407.0,storyboard,24,191.53,199.51,7.98,https://youtu.be/XQFs4G5sIlU?t=192s,pour_wax,assemble,1,0.5,Pouring the green matcha wax layer into the glass.,"Pouring the green matcha wax layer into the glass. captioned, moderate on-screen movement, well-lit, muted grey/beige palette (#948b68, #aebaab). assemble phase, ~47% in, 3:11–3:19.",ma. 74 Iipreferthe greentobedarkerso iil,1,0.0,0.059,0.191,0.555,0.107,"#948b68,#aebaab,#655737",1,,
XQFs4G5sIlU,https://www.youtube.com/watch?v=XQFs4G5sIlU,Strawberry Matcha Candle 🍓🕯️ Easy beginner tutorial | Aesthetic & Trendy,407.0,storyboard,25,199.51,207.49,7.98,https://youtu.be/XQFs4G5sIlU?t=200s,pour_wax,assemble,1,0.5,Pouring the green matcha wax layer into the glass.,"Pouring the green matcha wax layer into the glass. moderate on-screen movement, well-lit, muted amber/black palette (#afa47e, #303f3b). assemble phase, ~49% in, 3:19–3:27.",,0,0.0,0.006,0.184,0.57,0.135,"#afa47e,#303f3b,#b1ba9a",1,,
XZlZJW9EBbI,https://www.youtube.com/watch?v=XZlZJW9EBbI,DIY Water Candle / NO WAX Candles / PAANI se banaye candle / Diwali Special / Homemade Candles / How,121.0,storyboard,4,32.27,40.33,8.06,https://youtu.be/XZlZJW9EBbI?t=32s,pour_wax,assemble,1,0.4,An oil layer added over the blue water candle.,"An oil layer added over the blue water candle. steady, low-motion shot, well-lit, vivid yellow/grey palette (#dbcd3a, #989b71). assemble phase, ~27% in, 0:32–0:40.",ye ie 1,0,0.0,0.061,0.065,0.672,0.358,"#dbcd3a,#989b71,#654e31",1,,
YspjuWix8TM,https://www.youtube.com/watch?v=YspjuWix8TM,DIY LUXURY CANDLES | STEP BY STEP CANDLE MAKING,483.0,storyboard,11,88.55,96.6,8.05,https://youtu.be/YspjuWix8TM?t=89s,pour_wax,assemble,1,0.45,Pouring amber wax into the glasses (orange wick bars).,"Pouring amber wax into the glasses (orange wick bars). steady, low-motion shot, well-lit, beige/brown palette (#c7bdb4, #533726). assemble phase, ~18% in, 1:28–1:36.",,0,0.0,0.013,0.088,0.54,0.207,"#c7bdb4,#533726,#9c6c3e",1,,
YspjuWix8TM,https://www.youtube.com/watch?v=YspjuWix8TM,DIY LUXURY CANDLES | STEP BY STEP CANDLE MAKING,483.0,storyboard,12,96.6,104.65,8.05,https://youtu.be/YspjuWix8TM?t=97s,pour_wax,assemble,1,0.45,Pouring amber wax into the glasses (orange wick bars).,"Pouring amber wax into the glasses (orange wick bars). static shot, well-lit, muted black/beige palette (#322924, #c3baae). assemble phase, ~20% in, 1:36–1:44.",,0,0.0,0.019,0.0,0.426,0.119,"#322924,#c3baae,#7f6651",1,,
YspjuWix8TM,https://www.youtube.com/watch?v=YspjuWix8TM,DIY LUXURY CANDLES | STEP BY STEP CANDLE MAKING,483.0,storyboard,13,104.65,112.7,8.05,https://youtu.be/YspjuWix8TM?t=105s,pour_wax,assemble,1,0.45,Pouring amber wax into the glasses (orange wick bars).,"Pouring amber wax into the glasses (orange wick bars). moderate on-screen movement, well-lit, beige/grey palette (#bebbb6, #968a6c). assemble phase, ~22% in, 1:44–1:52.",pm Cy,0,0.0,0.042,0.226,0.492,0.155,"#bebbb6,#968a6c,#584938",1,,
YspjuWix8TM,https://www.youtube.com/watch?v=YspjuWix8TM,DIY LUXURY CANDLES | STEP BY STEP CANDLE MAKING,483.0,storyboard,14,112.7,120.75,8.05,https://youtu.be/YspjuWix8TM?t=113s,pour_wax,assemble,1,0.45,Pouring amber wax into the glasses (orange wick bars).,"Pouring amber wax into the glasses (orange wick bars). steady, low-motion shot, well-lit, beige/grey palette (#c1bdbf, #8d7b67). assemble phase, ~23% in, 1:52–2:00.",,0,0.0,0.018,0.098,0.527,0.193,"#c1bdbf,#8d7b67,#6d4929",1,,
YspjuWix8TM,https://www.youtube.com/watch?v=YspjuWix8TM,DIY LUXURY CANDLES | STEP BY STEP CANDLE MAKING,483.0,storyboard,15,120.75,128.8,8.05,https://youtu.be/YspjuWix8TM?t=121s,pour_wax,assemble,1,0.45,Pouring amber wax into the glasses (orange wick bars).,"Pouring amber wax into the glasses (orange wick bars). captioned, static shot, well-lit, beige/brown palette (#bfb4a6, #a05e25). assemble phase, ~25% in, 2:00–2:08.",et 7 id 4,1,0.0,0.047,0.0,0.501,0.251,"#bfb4a6,#a05e25,#42322b",1,,
YspjuWix8TM,https://www.youtube.com/watch?v=YspjuWix8TM,DIY LUXURY CANDLES | STEP BY STEP CANDLE MAKING,483.0,storyboard,16,128.8,136.85,8.05,https://youtu.be/YspjuWix8TM?t=129s,pour_wax,assemble,1,0.45,Pouring amber wax into the glasses (orange wick bars).,"Pouring amber wax into the glasses (orange wick bars). steady, low-motion shot, well-lit, brown/beige palette (#49261d, #c8bcaf). assemble phase, ~27% in, 2:08–2:16.","eT,",0,0.0,0.053,0.062,0.415,0.3,"#49261d,#c8bcaf,#c2521f",1,,
ZP19teGrsDU,https://www.youtube.com/watch?v=ZP19teGrsDU,How to make an EcoSoya Container Candle,282.0,storyboard,19,153.09,161.14,8.05,https://youtu.be/ZP19teGrsDU?t=153s,pour_wax,assemble,1,0.45,Pouring wax from a pot.,"Pouring wax from a pot. Pouring the melted wax from the pitcher into the prepared container. moderate on-screen movement, well-lit, muted grey/cream palette (#ae9485, #edded1). assemble phase, ~54% in, 2:33–2:41.",,0,0.0,0.206,0.167,0.679,0.096,"#ae9485,#edded1,#4c392e",1,,
ZQk9l2ttcIA,https://www.youtube.com/watch?v=ZQk9l2ttcIA,A Beginners Guide To Making A Candle,256.0,storyboard,16,128.0,136.0,8.0,https://youtu.be/ZQk9l2ttcIA?t=128s,pour_wax,assemble,1,0.75,pouring wax into glass,"pouring wax into glass. Pouring the melted wax from the pitcher into the prepared container. captioned, steady, low-motion shot, well-lit, muted grey/beige palette (#736d68, #b7b2b6). assemble phase, ~50% in, 2:08–2:16.",ert is er 2. sv,1,0.0,0.18,0.116,0.447,0.105,"#736d68,#b7b2b6,#2a201e",1,,
ZQk9l2ttcIA,https://www.youtube.com/watch?v=ZQk9l2ttcIA,A Beginners Guide To Making A Candle,256.0,storyboard,17,136.0,144.0,8.0,https://youtu.be/ZQk9l2ttcIA?t=136s,pour_wax,assemble,1,0.8,pouring into glasses,"pouring into glasses. Pouring the melted wax from the pitcher into the prepared container. captioned, moderate on-screen movement, well-lit, muted grey/beige palette (#7c7465, #bbb5aa). assemble phase, ~53% in, 2:16–2:24.",if ee ay be neal neg gd,1,0.0,0.15,0.215,0.486,0.091,"#7c7465,#bbb5aa,#373123",1,,
ZQk9l2ttcIA,https://www.youtube.com/watch?v=ZQk9l2ttcIA,A Beginners Guide To Making A Candle,256.0,storyboard,18,144.0,152.0,8.0,https://youtu.be/ZQk9l2ttcIA?t=144s,pour_wax,assemble,1,0.4,pink/red colour appears,"pink/red colour appears. Pouring the melted wax from the pitcher into the prepared container. captioned, moderate on-screen movement, well-lit, muted beige/grey palette (#c0bdb3, #80776b). assemble phase, ~56% in, 2:24–2:32.",fy Pa ih es aw Bh,1,0.0,0.152,0.163,0.5,0.106,"#c0bdb3,#80776b,#4e392e",1,,
ZQk9l2ttcIA,https://www.youtube.com/watch?v=ZQk9l2ttcIA,A Beginners Guide To Making A Candle,256.0,storyboard,19,152.0,160.0,8.0,https://youtu.be/ZQk9l2ttcIA?t=152s,pour_wax,assemble,1,0.7,pouring pink wax into glasses,"pouring pink wax into glasses. moderate on-screen movement, well-lit, muted beige/grey palette (#b9b2a9, #816e62). assemble phase, ~59% in, 2:32–2:40.",,0,0.0,0.156,0.185,0.492,0.104,"#b9b2a9,#816e62,#241e16",1,,
ZQk9l2ttcIA,https://www.youtube.com/watch?v=ZQk9l2ttcIA,A Beginners Guide To Making A Candle,256.0,storyboard,20,160.0,168.0,8.0,https://youtu.be/ZQk9l2ttcIA?t=160s,pour_wax,assemble,1,0.55,pink glasses filled,"pink glasses filled. Pouring the melted wax from the pitcher into the prepared container. steady, low-motion shot, well-lit, muted beige/grey palette (#bcb7ad, #867165). assemble phase, ~62% in, 2:40–2:48.",eC awl,0,0.0,0.133,0.128,0.474,0.1,"#bcb7ad,#867165,#262016",1,,
_80ogF_zHkE,https://www.youtube.com/watch?v=_80ogF_zHkE,oddly satisfying candle making!,302.0,storyboard,0,0.0,7.95,7.95,https://youtu.be/_80ogF_zHkE?t=0s,pour_wax,assemble,1,0.45,Overhead: building a colourful candle in a glass with embedded decor.,"Overhead: building a colourful candle in a glass with embedded decor. moderate on-screen movement, well-lit, beige/brown palette (#d2d1ad, #631829). assemble phase, ~0% in, 0:00–0:07.",Onnf,0,0.0,0.162,0.235,0.541,0.229,"#d2d1ad,#631829,#6c8854",1,,
_80ogF_zHkE,https://www.youtube.com/watch?v=_80ogF_zHkE,oddly satisfying candle making!,302.0,storyboard,1,7.95,15.89,7.94,https://youtu.be/_80ogF_zHkE?t=8s,pour_wax,assemble,1,0.45,Overhead: coloured wax and decorations built up in a glass.,"Overhead: coloured wax and decorations built up in a glass. static shot, well-lit, beige/green palette (#d4d2af, #68874f). assemble phase, ~3% in, 0:07–0:15.",,0,0.0,0.178,0.0,0.55,0.282,"#d4d2af,#68874f,#661428",1,,
_80ogF_zHkE,https://www.youtube.com/watch?v=_80ogF_zHkE,oddly satisfying candle making!,302.0,storyboard,2,15.89,23.84,7.95,https://youtu.be/_80ogF_zHkE?t=16s,pour_wax,assemble,1,0.45,Overhead: coloured wax and decorations built up in a glass.,"Overhead: coloured wax and decorations built up in a glass. moderate on-screen movement, well-lit, muted cream/grey palette (#d5cdc9, #8a837b). assemble phase, ~5% in, 0:15–0:23.",oa Mee!,0,0.0,0.076,0.164,0.575,0.117,"#d5cdc9,#8a837b,#4f4339",1,,
_80ogF_zHkE,https://www.youtube.com/watch?v=_80ogF_zHkE,oddly satisfying candle making!,302.0,storyboard,3,23.84,31.79,7.95,https://youtu.be/_80ogF_zHkE?t=24s,pour_wax,assemble,1,0.45,Overhead: coloured wax and decorations built up in a glass.,"Overhead: coloured wax and decorations built up in a glass. moderate on-screen movement, well-lit, muted cream/grey palette (#cdcbc5, #828075). assemble phase, ~8% in, 0:23–0:31.",7,0,0.0,0.085,0.235,0.561,0.106,"#cdcbc5,#828075,#4c4136",1,,
_80ogF_zHkE,https://www.youtube.com/watch?v=_80ogF_zHkE,oddly satisfying candle making!,302.0,storyboard,4,31.79,39.74,7.95,https://youtu.be/_80ogF_zHkE?t=32s,pour_wax,assemble,1,0.45,Overhead: coloured wax and decorations built up in a glass.,"Overhead: coloured wax and decorations built up in a glass. captioned, static shot, well-lit, muted beige/grey palette (#ccc9c2, #837e75). assemble phase, ~11% in, 0:31–0:39.","7 4 ee oP,",1,0.0,0.141,0.0,0.57,0.083,"#ccc9c2,#837e75,#50473d",1,,
_80ogF_zHkE,https://www.youtube.com/watch?v=_80ogF_zHkE,oddly satisfying candle making!,302.0,storyboard,5,39.74,47.68,7.94,https://youtu.be/_80ogF_zHkE?t=40s,pour_wax,assemble,1,0.45,Overhead: coloured wax and decorations built up in a glass.,"Overhead: coloured wax and decorations built up in a glass. captioned, steady, low-motion shot, well-lit, muted beige/grey palette (#ccc3bd, #827878). assemble phase, ~13% in, 0:39–0:47.",ee it Gs Hee Sa vey,1,0.0,0.096,0.142,0.556,0.115,"#ccc3bd,#827878,#483f34",1,,
_80ogF_zHkE,https://www.youtube.com/watch?v=_80ogF_zHkE,oddly satisfying candle making!,302.0,storyboard,7,55.63,63.58,7.95,https://youtu.be/_80ogF_zHkE?t=56s,pour_wax,assemble,1,0.45,Overhead: coloured wax and decorations built up in a glass.,"Overhead: coloured wax and decorations built up in a glass. static shot, well-lit, cream/amber palette (#e7d6bd, #9eb56c). assemble phase, ~18% in, 0:55–1:03.",Pe ia,0,0.0,0.157,0.0,0.588,0.286,"#e7d6bd,#9eb56c,#4a3e25",1,,
_80ogF_zHkE,https://www.youtube.com/watch?v=_80ogF_zHkE,oddly satisfying candle making!,302.0,storyboard,8,63.58,71.53,7.95,https://youtu.be/_80ogF_zHkE?t=64s,pour_wax,assemble,1,0.45,Overhead: coloured wax and decorations built up in a glass.,"Overhead: coloured wax and decorations built up in a glass. captioned, moderate on-screen movement, well-lit, brown/cream palette (#523e26, #e7d1b5). assemble phase, ~21% in, 1:03–1:11.",re. aR af uh 4,1,0.0,0.207,0.294,0.544,0.264,"#523e26,#e7d1b5,#9fbf6a",1,,
_80ogF_zHkE,https://www.youtube.com/watch?v=_80ogF_zHkE,oddly satisfying candle making!,302.0,storyboard,10,79.47,87.42,7.95,https://youtu.be/_80ogF_zHkE?t=79s,pour_wax,assemble,1,0.45,Overhead: coloured wax and decorations built up in a glass.,"Overhead: coloured wax and decorations built up in a glass. captioned, static shot, well-lit, beige/grey palette (#dad2a6, #888a70). assemble phase, ~26% in, 1:19–1:27.",Ye xr hege CY,1,0.0,0.162,0.0,0.543,0.283,"#dad2a6,#888a70,#5e2927",1,,
_80ogF_zHkE,https://www.youtube.com/watch?v=_80ogF_zHkE,oddly satisfying candle making!,302.0,storyboard,11,87.42,95.37,7.95,https://youtu.be/_80ogF_zHkE?t=87s,pour_wax,assemble,1,0.45,Overhead: coloured wax and decorations built up in a glass.,"Overhead: coloured wax and decorations built up in a glass. captioned, moderate on-screen movement, well-lit, grey/beige palette (#7f887c, #cdc9c3). assemble phase, ~29% in, 1:27–1:35.",4 7 4 weoaiar ra berencne////,1,0.0,0.184,0.187,0.554,0.162,"#7f887c,#cdc9c3,#50453a",1,,
_au1ji8rMkM,https://www.youtube.com/watch?v=_au1ji8rMkM,DIY Ice Candle // Candle Making at Home for Beginners // DIY Candle Making,102.0,storyboard,0,0.0,7.85,7.85,https://youtu.be/_au1ji8rMkM?t=0s,pour_wax,assemble,1,0.45,Amber wax in a cup with a wick; a holey white 'ice candle' block.,"Amber wax in a cup with a wick; a holey white 'ice candle' block. moderate on-screen movement, well-lit, black/amber palette (#361410, #bca577). assemble phase, ~0% in, 0:00–0:07.",mY,0,0.0,0.054,0.233,0.466,0.232,"#361410,#bca577,#9a6934",1,,description references on-screen text but OCR found none
_au1ji8rMkM,https://www.youtube.com/watch?v=_au1ji8rMkM,DIY Ice Candle // Candle Making at Home for Beginners // DIY Candle Making,102.0,storyboard,3,23.54,31.38,7.84,https://youtu.be/_au1ji8rMkM?t=24s,pour_wax,assemble,1,0.5,Amber wax cup with a wick; pouring.,"Amber wax cup with a wick; pouring. captioned, steady, low-motion shot, well-lit, grey/brown palette (#677178, #8d4122). assemble phase, ~23% in, 0:23–0:31.","Pen Vet ORS OM 4 OS 4 Nee FONSI SM Sm AS Fo Pe Ct Me ee ge aS Ee ee eee. ee Pk tee CR bd, ey ro wf aq 4 7 Te ae be ee Pee ae ae 4 ta, oe",1,0.0,0.022,0.124,0.439,0.193,"#677178,#8d4122,#b3776a",1,,
_au1ji8rMkM,https://www.youtube.com/watch?v=_au1ji8rMkM,DIY Ice Candle // Candle Making at Home for Beginners // DIY Candle Making,102.0,storyboard,4,31.38,39.23,7.85,https://youtu.be/_au1ji8rMkM?t=31s,pour_wax,assemble,1,0.45,Demoulding the holey white ice candle (subscribe overlay).,"Demoulding the holey white ice candle (subscribe overlay). steady, low-motion shot, well-lit, grey/brown palette (#5d707b, #954e4e). assemble phase, ~31% in, 0:31–0:39.",,0,0.0,0.011,0.108,0.421,0.197,"#5d707b,#954e4e,#ae7677",1,,description references on-screen text but OCR found none
_au1ji8rMkM,https://www.youtube.com/watch?v=_au1ji8rMkM,DIY Ice Candle // Candle Making at Home for Beginners // DIY Candle Making,102.0,storyboard,5,39.23,47.08,7.85,https://youtu.be/_au1ji8rMkM?t=39s,pour_wax,assemble,1,0.45,Amber wax cup; shaping the ice candle.,"Amber wax cup; shaping the ice candle. steady, low-motion shot, well-lit, grey/amber palette (#565961, #b26a62). assemble phase, ~38% in, 0:39–0:47.",,0,0.0,0.0,0.054,0.439,0.201,"#565961,#b26a62,#6a737d",1,,
_eyf0tCZzBY,https://www.youtube.com/watch?v=_eyf0tCZzBY,Non-toxic DIY Candles with Beeswax & Coconut Oil | Great for Meditation and Manifesting Practices,150.0,storyboard,9,71.05,78.95,7.9,https://youtu.be/_eyf0tCZzBY?t=71s,pour_wax,assemble,1,0.6,Molten wax poured into the metal tins.,"Molten wax poured into the metal tins. moderate on-screen movement, well-lit, beige/black palette (#d4bfb6, #302925). assemble phase, ~47% in, 1:11–1:18.",Me,0,0.0,0.153,0.203,0.542,0.178,"#d4bfb6,#302925,#9a7869",1,,
_eyf0tCZzBY,https://www.youtube.com/watch?v=_eyf0tCZzBY,Non-toxic DIY Candles with Beeswax & Coconut Oil | Great for Meditation and Manifesting Practices,150.0,storyboard,10,78.95,86.84,7.89,https://youtu.be/_eyf0tCZzBY?t=79s,pour_wax,assemble,1,0.6,Tins filled with wax around their wicks.,"Tins filled with wax around their wicks. moderate on-screen movement, well-lit, muted cream/black palette (#dacfc5, #302a25). assemble phase, ~53% in, 1:18–1:26.",Te 5,0,0.333,0.102,0.177,0.555,0.148,"#dacfc5,#302a25,#9e907c",1,,
_jGWnnoQu_U,https://www.youtube.com/watch?v=_jGWnnoQu_U,How To Make Gel Candles - DIY Gel Candle Making For Beginners,737.0,storyboard,49,392.53,400.54,8.01,https://youtu.be/_jGWnnoQu_U?t=393s,pour_wax,assemble,1,0.5,Pouring gel into the jars.,"Pouring gel into the jars. captioned, static shot, dark, muted black/brown palette (#151417, #4e4a47). assemble phase, ~53% in, 6:32–6:40.",We et se the Bang ae ei:,1,0.0,0.221,0.025,0.198,0.046,"#151417,#4e4a47,#918c85",1,,
_jGWnnoQu_U,https://www.youtube.com/watch?v=_jGWnnoQu_U,How To Make Gel Candles - DIY Gel Candle Making For Beginners,737.0,storyboard,57,456.62,464.63,8.01,https://youtu.be/_jGWnnoQu_U?t=457s,pour_wax,assemble,1,0.5,Pouring gel into the jars.,"Pouring gel into the jars. captioned, static shot, dim, muted black/brown palette (#151517, #4e4b47). assemble phase, ~62% in, 7:36–7:44.","we Tod ae fh 2 Bice Sil Bad, er nr",1,0.0,0.207,0.021,0.201,0.043,"#151517,#4e4b47,#96938e",1,,
_jGWnnoQu_U,https://www.youtube.com/watch?v=_jGWnnoQu_U,How To Make Gel Candles - DIY Gel Candle Making For Beginners,737.0,storyboard,58,464.63,472.64,8.01,https://youtu.be/_jGWnnoQu_U?t=465s,pour_wax,assemble,1,0.5,Pouring gel into the jars.,"Pouring gel into the jars. captioned, static shot, dark, muted black/brown palette (#171718, #54514e). assemble phase, ~63% in, 7:44–7:52.",Wwe 7 time Be Pe 7,1,0.0,0.208,0.0,0.197,0.043,"#171718,#54514e,#9f9f96",1,,
_jGWnnoQu_U,https://www.youtube.com/watch?v=_jGWnnoQu_U,How To Make Gel Candles - DIY Gel Candle Making For Beginners,737.0,storyboard,59,472.64,480.65,8.01,https://youtu.be/_jGWnnoQu_U?t=473s,pour_wax,assemble,1,0.6,Host demonstrates gel candles to camera at the table.,"Host demonstrates gel candles to camera at the table. Pouring the melted wax from the pitcher into the prepared container. captioned, static shot, dim, muted black/brown palette (#171619, #565350). assemble phase, ~64% in, 7:52–8:00.",we rai So Bae 4 tee ioe 3 2 ae,1,0.0,0.233,0.024,0.202,0.045,"#171619,#565350,#a4a098",1,,
_jGWnnoQu_U,https://www.youtube.com/watch?v=_jGWnnoQu_U,How To Make Gel Candles - DIY Gel Candle Making For Beginners,737.0,storyboard,61,488.66,496.67,8.01,https://youtu.be/_jGWnnoQu_U?t=489s,pour_wax,assemble,1,0.5,Pouring gel into the jars.,"Pouring gel into the jars. captioned, static shot, dim, muted black/brown palette (#171618, #55524e). assemble phase, ~66% in, 8:08–8:16.",ogg aif fais oa el,1,0.0,0.224,0.027,0.201,0.045,"#171618,#55524e,#a39f98",1,,
_jGWnnoQu_U,https://www.youtube.com/watch?v=_jGWnnoQu_U,How To Make Gel Candles - DIY Gel Candle Making For Beginners,737.0,storyboard,62,496.67,504.68,8.01,https://youtu.be/_jGWnnoQu_U?t=497s,pour_wax,assemble,1,0.6,Host demonstrates gel candles to camera at the table.,"Host demonstrates gel candles to camera at the table. Pouring the melted wax from the pitcher into the prepared container. captioned, static shot, dim, muted black/brown palette (#181718, #57534f). assemble phase, ~67% in, 8:16–8:24.",7 es as Tet sal po em,1,0.0,0.244,0.014,0.204,0.046,"#181718,#57534f,#a19c95",1,,
_jGWnnoQu_U,https://www.youtube.com/watch?v=_jGWnnoQu_U,How To Make Gel Candles - DIY Gel Candle Making For Beginners,737.0,storyboard,64,512.7,520.71,8.01,https://youtu.be/_jGWnnoQu_U?t=513s,pour_wax,assemble,1,0.6,Host demonstrates gel candles to camera at the table.,"Host demonstrates gel candles to camera at the table. Pouring the melted wax from the pitcher into the prepared container. captioned, static shot, dim, muted black/brown palette (#171618, #54504c). assemble phase, ~70% in, 8:32–8:40.",we ts Lee fee aoe fe rs,1,0.0,0.223,0.027,0.207,0.046,"#171618,#54504c,#9f9a93",1,,
_jGWnnoQu_U,https://www.youtube.com/watch?v=_jGWnnoQu_U,How To Make Gel Candles - DIY Gel Candle Making For Beginners,737.0,storyboard,67,536.73,544.74,8.01,https://youtu.be/_jGWnnoQu_U?t=537s,pour_wax,assemble,1,0.6,Host demonstrates gel candles to camera at the table.,"Host demonstrates gel candles to camera at the table. Pouring the melted wax from the pitcher into the prepared container. captioned, static shot, dim, muted black/brown palette (#171618, #4f4b49). assemble phase, ~73% in, 8:56–9:04.","Wwe RY La eh: pov ee es, rf el",1,0.0,0.198,0.036,0.206,0.045,"#171618,#4f4b49,#97948e",1,,
_jGWnnoQu_U,https://www.youtube.com/watch?v=_jGWnnoQu_U,How To Make Gel Candles - DIY Gel Candle Making For Beginners,737.0,storyboard,78,624.85,632.86,8.01,https://youtu.be/_jGWnnoQu_U?t=625s,pour_wax,assemble,1,0.5,Pouring gel into the jars.,"Pouring gel into the jars. captioned, static shot, dim, muted black/brown palette (#171618, #575550). assemble phase, ~85% in, 10:24–10:32.",er od me ht poet if et,1,0.0,0.226,0.041,0.205,0.047,"#171618,#575550,#ada69f",1,,
_jGWnnoQu_U,https://www.youtube.com/watch?v=_jGWnnoQu_U,How To Make Gel Candles - DIY Gel Candle Making For Beginners,737.0,storyboard,79,632.86,640.87,8.01,https://youtu.be/_jGWnnoQu_U?t=633s,pour_wax,assemble,1,0.5,Pouring gel into the jars.,"Pouring gel into the jars. captioned, static shot, dim, muted black/brown palette (#181619, #5a5653). assemble phase, ~86% in, 10:32–10:40.","5 We: ae et Soy Pre bee,",1,0.0,0.238,0.0,0.21,0.048,"#181619,#5a5653,#b0a7a0",1,,
a9IOU3fbWx0,https://www.youtube.com/watch?v=a9IOU3fbWx0,How to Make Simple Paraffin Candles | Candle Making Guides | CandleScience,221.0,storyboard,14,110.5,118.39,7.89,https://youtu.be/a9IOU3fbWx0?t=110s,pour_wax,assemble,1,0.5,Green wax decanted into a metal pouring jug.,"Green wax decanted into a metal pouring jug. moderate on-screen movement, well-lit, muted grey/brown palette (#787b7a, #393b3d). assemble phase, ~50% in, 1:50–1:58.",,0,0.0,0.076,0.185,0.495,0.042,"#787b7a,#393b3d,#b9bcbe",1,,
a9IOU3fbWx0,https://www.youtube.com/watch?v=a9IOU3fbWx0,How to Make Simple Paraffin Candles | Candle Making Guides | CandleScience,221.0,storyboard,15,118.39,126.29,7.9,https://youtu.be/a9IOU3fbWx0?t=118s,pour_wax,assemble,1,0.6,"Green wax in the jug, jar with wick ready.","Green wax in the jug, jar with wick ready. moderate on-screen movement, dim, muted brown/grey palette (#393e39, #797d74). assemble phase, ~54% in, 1:58–2:06.",4,0,0.0,0.076,0.195,0.363,0.055,"#393e39,#797d74,#c8cbc8",1,,
a9IOU3fbWx0,https://www.youtube.com/watch?v=a9IOU3fbWx0,How to Make Simple Paraffin Candles | Candle Making Guides | CandleScience,221.0,storyboard,16,126.29,134.18,7.89,https://youtu.be/a9IOU3fbWx0?t=126s,pour_wax,assemble,1,0.65,Green wax poured into the jar around the wick.,"Green wax poured into the jar around the wick. moderate on-screen movement, well-lit, muted brown/grey palette (#4a484c, #777678). assemble phase, ~57% in, 2:06–2:14.",,0,0.0,0.066,0.217,0.485,0.041,"#4a484c,#777678,#9d9799",1,,
a9IOU3fbWx0,https://www.youtube.com/watch?v=a9IOU3fbWx0,How to Make Simple Paraffin Candles | Candle Making Guides | CandleScience,221.0,storyboard,17,134.18,142.07,7.89,https://youtu.be/a9IOU3fbWx0?t=134s,pour_wax,assemble,1,0.6,The jar fills with green wax.,"The jar fills with green wax. captioned, steady, low-motion shot, well-lit, muted beige/grey palette (#bdb7b8, #908b8c). assemble phase, ~61% in, 2:14–2:22.",one 4 ee hie aa oo,1,0.0,0.096,0.083,0.633,0.055,"#bdb7b8,#908b8c,#5e514a",1,,
aKCPK0mXICI,https://www.youtube.com/watch?v=aKCPK0mXICI,🌹DIY Valentine’s Day Designer Candle | Step-by-Step Candle Making Tutorial,531.0,storyboard,2,16.09,24.14,8.05,https://youtu.be/aKCPK0mXICI?t=16s,pour_wax,assemble,1,0.45,Pouring wax into the glass / heart silicone moulds.,"Pouring wax into the glass / heart silicone moulds. static shot, well-lit, muted beige/grey palette (#b8aba0, #8e7d74). assemble phase, ~3% in, 0:16–0:24.",,0,0.0,0.011,0.021,0.571,0.06,"#b8aba0,#8e7d74,#604b44",1,,
aKCPK0mXICI,https://www.youtube.com/watch?v=aKCPK0mXICI,🌹DIY Valentine’s Day Designer Candle | Step-by-Step Candle Making Tutorial,531.0,storyboard,5,40.23,48.27,8.04,https://youtu.be/aKCPK0mXICI?t=40s,pour_wax,assemble,1,0.45,Pouring wax into the glass / heart silicone moulds.,"Pouring wax into the glass / heart silicone moulds. moderate on-screen movement, well-lit, muted beige/grey palette (#baaca4, #83736b). assemble phase, ~8% in, 0:40–0:48.",at 7 2,0,0.0,0.058,0.167,0.512,0.063,"#baaca4,#83736b,#382d28",1,,
aKCPK0mXICI,https://www.youtube.com/watch?v=aKCPK0mXICI,🌹DIY Valentine’s Day Designer Candle | Step-by-Step Candle Making Tutorial,531.0,storyboard,8,64.36,72.41,8.05,https://youtu.be/aKCPK0mXICI?t=64s,pour_wax,assemble,1,0.45,Pouring wax into the glass / heart silicone moulds.,"Pouring wax into the glass / heart silicone moulds. steady, low-motion shot, well-lit, muted beige/grey palette (#b8aca1, #856e64). assemble phase, ~12% in, 1:04–1:12.",,0,0.0,0.011,0.127,0.543,0.087,"#b8aca1,#856e64,#4b2825",1,,
aKCPK0mXICI,https://www.youtube.com/watch?v=aKCPK0mXICI,🌹DIY Valentine’s Day Designer Candle | Step-by-Step Candle Making Tutorial,531.0,storyboard,11,88.5,96.55,8.05,https://youtu.be/aKCPK0mXICI?t=88s,pour_wax,assemble,1,0.45,Pouring wax into the glass / heart silicone moulds.,"Pouring wax into the glass / heart silicone moulds. steady, low-motion shot, well-lit, muted beige/black palette (#bbafa4, #45221f). assemble phase, ~17% in, 1:28–1:36.",,0,0.0,0.013,0.146,0.533,0.089,"#bbafa4,#45221f,#886f66",1,,
aKCPK0mXICI,https://www.youtube.com/watch?v=aKCPK0mXICI,🌹DIY Valentine’s Day Designer Candle | Step-by-Step Candle Making Tutorial,531.0,storyboard,14,112.64,120.68,8.04,https://youtu.be/aKCPK0mXICI?t=113s,pour_wax,assemble,1,0.45,Pouring wax into the glass / heart silicone moulds.,"Pouring wax into the glass / heart silicone moulds. steady, low-motion shot, well-lit, muted beige/grey palette (#b7a99e, #88746a). assemble phase, ~21% in, 1:52–2:00.",eae,0,0.0,0.018,0.093,0.545,0.079,"#b7a99e,#88746a,#583832",1,,
aKCPK0mXICI,https://www.youtube.com/watch?v=aKCPK0mXICI,🌹DIY Valentine’s Day Designer Candle | Step-by-Step Candle Making Tutorial,531.0,storyboard,17,136.77,144.82,8.05,https://youtu.be/aKCPK0mXICI?t=137s,pour_wax,assemble,1,0.45,Pouring wax into the glass / heart silicone moulds.,"Pouring wax into the glass / heart silicone moulds. static shot, well-lit, muted beige/grey palette (#b4a69b, #897569). assemble phase, ~26% in, 2:16–2:24.",,0,0.0,0.004,0.0,0.538,0.069,"#b4a69b,#897569,#563630",1,,
aKCPK0mXICI,https://www.youtube.com/watch?v=aKCPK0mXICI,🌹DIY Valentine’s Day Designer Candle | Step-by-Step Candle Making Tutorial,531.0,storyboard,20,160.91,168.95,8.04,https://youtu.be/aKCPK0mXICI?t=161s,pour_wax,assemble,1,0.45,Pouring wax into the glass / heart silicone moulds.,"Pouring wax into the glass / heart silicone moulds. captioned, static shot, well-lit, beige/grey palette (#bcada3, #926562). assemble phase, ~30% in, 2:40–2:48.",4 se See,1,0.0,0.084,0.0,0.513,0.15,"#bcada3,#926562,#3b231f",1,,
aKCPK0mXICI,https://www.youtube.com/watch?v=aKCPK0mXICI,🌹DIY Valentine’s Day Designer Candle | Step-by-Step Candle Making Tutorial,531.0,storyboard,23,185.05,193.09,8.04,https://youtu.be/aKCPK0mXICI?t=185s,pour_wax,assemble,1,0.45,Pouring wax into the glass / heart silicone moulds.,"Pouring wax into the glass / heart silicone moulds. static shot, well-lit, muted beige/grey palette (#b9aca1, #8e776d). assemble phase, ~35% in, 3:05–3:13.",ta,0,0.0,0.099,0.0,0.532,0.095,"#b9aca1,#8e776d,#513632",1,,
aKCPK0mXICI,https://www.youtube.com/watch?v=aKCPK0mXICI,🌹DIY Valentine’s Day Designer Candle | Step-by-Step Candle Making Tutorial,531.0,storyboard,29,233.32,241.36,8.04,https://youtu.be/aKCPK0mXICI?t=233s,pour_wax,assemble,1,0.5,Pouring wax into the moulds / glass.,"Pouring wax into the moulds / glass. captioned, steady, low-motion shot, well-lit, muted beige/grey palette (#bcaea4, #997a74). assemble phase, ~44% in, 3:53–4:01.",hd at hk eS iy Sys Ba fj Lee 4 wi Pet ee 7 aN ay rb. rs,1,0.0,0.036,0.059,0.541,0.136,"#bcaea4,#997a74,#664844",1,,
aKCPK0mXICI,https://www.youtube.com/watch?v=aKCPK0mXICI,🌹DIY Valentine’s Day Designer Candle | Step-by-Step Candle Making Tutorial,531.0,storyboard,46,370.09,378.14,8.05,https://youtu.be/aKCPK0mXICI?t=370s,pour_wax,assemble,1,0.5,Pouring wax into the moulds / glass.,"Pouring wax into the moulds / glass. steady, low-motion shot, well-lit, muted beige/grey palette (#b8aa9f, #8b776b). assemble phase, ~70% in, 6:10–6:18.",ew iy 7,0,0.0,0.035,0.105,0.549,0.089,"#b8aa9f,#8b776b,#512b2b",1,,
aKCPK0mXICI,https://www.youtube.com/watch?v=aKCPK0mXICI,🌹DIY Valentine’s Day Designer Candle | Step-by-Step Candle Making Tutorial,531.0,storyboard,47,378.14,386.18,8.04,https://youtu.be/aKCPK0mXICI?t=378s,pour_wax,assemble,1,0.5,Pouring wax into the moulds / glass.,"Pouring wax into the moulds / glass. captioned, steady, low-motion shot, well-lit, muted beige/grey palette (#bbada2, #8b756a). assemble phase, ~71% in, 6:18–6:26.",ee ee Pe nN ao ha SS,1,0.0,0.05,0.062,0.532,0.094,"#bbada2,#8b756a,#482626",1,,
aKCPK0mXICI,https://www.youtube.com/watch?v=aKCPK0mXICI,🌹DIY Valentine’s Day Designer Candle | Step-by-Step Candle Making Tutorial,531.0,storyboard,48,386.18,394.23,8.05,https://youtu.be/aKCPK0mXICI?t=386s,pour_wax,assemble,1,0.5,Pouring wax into the moulds / glass.,"Pouring wax into the moulds / glass. static shot, well-lit, muted beige/grey palette (#bdafa4, #8b7268). assemble phase, ~73% in, 6:26–6:34.",ee 4 ce,0,0.0,0.101,0.0,0.524,0.107,"#bdafa4,#8b7268,#472424",1,,
aKCPK0mXICI,https://www.youtube.com/watch?v=aKCPK0mXICI,🌹DIY Valentine’s Day Designer Candle | Step-by-Step Candle Making Tutorial,531.0,storyboard,49,394.23,402.27,8.04,https://youtu.be/aKCPK0mXICI?t=394s,pour_wax,assemble,1,0.5,Pouring wax into the moulds / glass.,"Pouring wax into the moulds / glass. captioned, steady, low-motion shot, well-lit, muted beige/grey palette (#b9aba0, #8c7368). assemble phase, ~74% in, 6:34–6:42.",any 2 3 ee oe-,1,0.0,0.052,0.11,0.524,0.112,"#b9aba0,#8c7368,#663533",1,,
b1S_cWpGUbM,https://www.youtube.com/watch?v=b1S_cWpGUbM,DIY ALL NATURAL & NON TOXIC CANDLES,563.0,storyboard,7,56.3,64.34,8.04,https://youtu.be/b1S_cWpGUbM?t=56s,pour_wax,assemble,1,0.45,Pouring wax into a metal tin/jar.,"Pouring wax into a metal tin/jar. captioned, steady, low-motion shot, dim, muted brown/black palette (#63575a, #302220). assemble phase, ~10% in, 0:56–1:04.",er eo Ny,1,0.0,0.047,0.112,0.356,0.101,"#63575a,#302220,#a6999e",1,,
b1S_cWpGUbM,https://www.youtube.com/watch?v=b1S_cWpGUbM,DIY ALL NATURAL & NON TOXIC CANDLES,563.0,storyboard,11,88.47,96.51,8.04,https://youtu.be/b1S_cWpGUbM?t=88s,pour_wax,assemble,1,0.45,Pouring wax into a metal tin/jar.,"Pouring wax into a metal tin/jar. captioned, static shot, well-lit, muted grey/black palette (#867363, #352a25). assemble phase, ~16% in, 1:28–1:36.",em be 240,1,0.0,0.071,0.0,0.411,0.109,"#867363,#352a25,#adabad",1,,
b1S_cWpGUbM,https://www.youtube.com/watch?v=b1S_cWpGUbM,DIY ALL NATURAL & NON TOXIC CANDLES,563.0,storyboard,15,120.64,128.69,8.05,https://youtu.be/b1S_cWpGUbM?t=121s,pour_wax,assemble,1,0.45,Pouring wax into a metal tin/jar.,"Pouring wax into a metal tin/jar. moderate on-screen movement, well-lit, muted grey/beige palette (#796957, #aba5a2). assemble phase, ~21% in, 2:00–2:08.",la,0,0.0,0.069,0.191,0.423,0.1,"#796957,#aba5a2,#32221a",1,,
b1S_cWpGUbM,https://www.youtube.com/watch?v=b1S_cWpGUbM,DIY ALL NATURAL & NON TOXIC CANDLES,563.0,storyboard,19,152.81,160.86,8.05,https://youtu.be/b1S_cWpGUbM?t=153s,pour_wax,assemble,1,0.45,Pouring wax into a metal tin/jar.,"Pouring wax into a metal tin/jar. captioned, steady, low-motion shot, well-lit, muted grey/black palette (#79685b, #332825). assemble phase, ~27% in, 2:32–2:40.",ae aI ie,1,0.0,0.104,0.147,0.434,0.122,"#79685b,#332825,#bcb6b4",1,,
b1S_cWpGUbM,https://www.youtube.com/watch?v=b1S_cWpGUbM,DIY ALL NATURAL & NON TOXIC CANDLES,563.0,storyboard,23,184.99,193.03,8.04,https://youtu.be/b1S_cWpGUbM?t=185s,pour_wax,assemble,1,0.45,Pouring wax into a metal tin/jar.,"Pouring wax into a metal tin/jar. moderate on-screen movement, dim, muted brown/grey palette (#7b634e, #9f9190). assemble phase, ~33% in, 3:04–3:13.",eas,0,0.0,0.139,0.243,0.379,0.119,"#7b634e,#9f9190,#351d16",1,,
b1S_cWpGUbM,https://www.youtube.com/watch?v=b1S_cWpGUbM,DIY ALL NATURAL & NON TOXIC CANDLES,563.0,storyboard,34,273.46,281.5,8.04,https://youtu.be/b1S_cWpGUbM?t=273s,pour_wax,assemble,1,0.5,Pouring wax into the jars.,"Pouring wax into the jars. static shot, well-lit, black/beige palette (#241b18, #d8c1a4). assemble phase, ~49% in, 4:33–4:41.",,0,0.0,0.109,0.0,0.405,0.169,"#241b18,#d8c1a4,#6e5952",1,,
b1S_cWpGUbM,https://www.youtube.com/watch?v=b1S_cWpGUbM,DIY ALL NATURAL & NON TOXIC CANDLES,563.0,storyboard,35,281.5,289.54,8.04,https://youtu.be/b1S_cWpGUbM?t=282s,pour_wax,assemble,1,0.5,Melting wax in the metal pitcher on the stove.,"Melting wax in the metal pitcher on the stove. moderate on-screen movement, dim, muted black/grey palette (#1d1716, #9e886c). assemble phase, ~50% in, 4:41–4:49.",,0,0.0,0.08,0.257,0.302,0.137,"#1d1716,#9e886c,#cfc1bd",1,,
b1S_cWpGUbM,https://www.youtube.com/watch?v=b1S_cWpGUbM,DIY ALL NATURAL & NON TOXIC CANDLES,563.0,storyboard,36,289.54,297.59,8.05,https://youtu.be/b1S_cWpGUbM?t=290s,pour_wax,assemble,1,0.5,Pouring wax into the jars.,"Pouring wax into the jars. static shot, dim, black/beige palette (#231916, #d3bea4). assemble phase, ~51% in, 4:49–4:57.",7,0,0.0,0.116,0.034,0.399,0.16,"#231916,#d3bea4,#5e4f4c",1,,
b1S_cWpGUbM,https://www.youtube.com/watch?v=b1S_cWpGUbM,DIY ALL NATURAL & NON TOXIC CANDLES,563.0,storyboard,37,297.59,305.63,8.04,https://youtu.be/b1S_cWpGUbM?t=298s,pour_wax,assemble,1,0.5,Pouring wax into the jars.,"Pouring wax into the jars. captioned, moderate on-screen movement, dim, muted grey palette (#826b51, #a79c8b). assemble phase, ~53% in, 4:57–5:05.",MG ee ey:,1,0.0,0.079,0.311,0.38,0.137,"#826b51,#a79c8b,#4b3627",1,,
b1S_cWpGUbM,https://www.youtube.com/watch?v=b1S_cWpGUbM,DIY ALL NATURAL & NON TOXIC CANDLES,563.0,storyboard,38,305.63,313.67,8.04,https://youtu.be/b1S_cWpGUbM?t=306s,pour_wax,assemble,1,0.5,Pouring wax into the jars.,"Pouring wax into the jars. static shot, well-lit, muted brown/beige palette (#826c4d, #a89f95). assemble phase, ~54% in, 5:05–5:13.",4,0,0.0,0.055,0.03,0.438,0.122,"#826c4d,#a89f95,#483227",1,,
b1S_cWpGUbM,https://www.youtube.com/watch?v=b1S_cWpGUbM,DIY ALL NATURAL & NON TOXIC CANDLES,563.0,storyboard,39,313.67,321.71,8.04,https://youtu.be/b1S_cWpGUbM?t=314s,pour_wax,assemble,1,0.5,Pouring wax into the jars.,"Pouring wax into the jars. captioned, static shot, well-lit, muted grey palette (#7a725a, #9b9794). assemble phase, ~56% in, 5:13–5:21.",ae on es Beal rt er Sta,1,0.0,0.114,0.0,0.44,0.11,"#7a725a,#9b9794,#4f3e26",1,,
b1S_cWpGUbM,https://www.youtube.com/watch?v=b1S_cWpGUbM,DIY ALL NATURAL & NON TOXIC CANDLES,563.0,storyboard,40,321.71,329.76,8.05,https://youtu.be/b1S_cWpGUbM?t=322s,pour_wax,assemble,1,0.5,Pouring wax into the jars.,"Pouring wax into the jars. captioned, steady, low-motion shot, well-lit, grey palette (#847051, #9e9aa1). assemble phase, ~57% in, 5:21–5:29.",7 2 Ys Se 4 7 VY oo as dy Oy Xe 4,1,0.0,0.139,0.078,0.445,0.15,"#847051,#9e9aa1,#493e39",1,,
b1S_cWpGUbM,https://www.youtube.com/watch?v=b1S_cWpGUbM,DIY ALL NATURAL & NON TOXIC CANDLES,563.0,storyboard,41,329.76,337.8,8.04,https://youtu.be/b1S_cWpGUbM?t=330s,pour_wax,assemble,1,0.5,Pouring wax into the jars.,"Pouring wax into the jars. steady, low-motion shot, well-lit, grey/brown palette (#8e7d56, #57442b). assemble phase, ~59% in, 5:29–5:37.",ees Ie,0,0.0,0.124,0.101,0.43,0.161,"#8e7d56,#57442b,#b9b7ba",1,,
b1S_cWpGUbM,https://www.youtube.com/watch?v=b1S_cWpGUbM,DIY ALL NATURAL & NON TOXIC CANDLES,563.0,storyboard,42,337.8,345.84,8.04,https://youtu.be/b1S_cWpGUbM?t=338s,pour_wax,assemble,1,0.5,Pouring wax into the jars.,"Pouring wax into the jars. moderate on-screen movement, well-lit, black/grey palette (#2b2322, #958071). assemble phase, ~60% in, 5:37–5:45.",al aane,0,0.0,0.141,0.276,0.427,0.17,"#2b2322,#958071,#e3e4ea",1,,
b1S_cWpGUbM,https://www.youtube.com/watch?v=b1S_cWpGUbM,DIY ALL NATURAL & NON TOXIC CANDLES,563.0,storyboard,43,345.84,353.89,8.05,https://youtu.be/b1S_cWpGUbM?t=346s,pour_wax,assemble,1,0.5,Pouring wax into the jars.,"Pouring wax into the jars. captioned, steady, low-motion shot, well-lit, muted brown/grey palette (#3f3226, #7f7560). assemble phase, ~61% in, 5:45–5:53.",ee oP ks,1,0.0,0.07,0.089,0.428,0.096,"#3f3226,#7f7560,#c1bab3",1,,
b1S_cWpGUbM,https://www.youtube.com/watch?v=b1S_cWpGUbM,DIY ALL NATURAL & NON TOXIC CANDLES,563.0,storyboard,44,353.89,361.93,8.04,https://youtu.be/b1S_cWpGUbM?t=354s,pour_wax,assemble,1,0.5,Pouring wax into the jars.,"Pouring wax into the jars. static shot, well-lit, muted grey/brown palette (#89816d, #453423). assemble phase, ~63% in, 5:53–6:01.",te,0,0.0,0.036,0.0,0.442,0.096,"#89816d,#453423,#c6c3be",1,,
b1S_cWpGUbM,https://www.youtube.com/watch?v=b1S_cWpGUbM,DIY ALL NATURAL & NON TOXIC CANDLES,563.0,storyboard,45,361.93,369.97,8.04,https://youtu.be/b1S_cWpGUbM?t=362s,pour_wax,assemble,1,0.5,Rows of natural candles setting.,"Rows of natural candles setting. moderate on-screen movement, well-lit, muted black/grey palette (#241b18, #836d5c). assemble phase, ~64% in, 6:01–6:09.",,0,0.0,0.082,0.326,0.434,0.113,"#241b18,#836d5c,#d7d8dd",1,,
b1S_cWpGUbM,https://www.youtube.com/watch?v=b1S_cWpGUbM,DIY ALL NATURAL & NON TOXIC CANDLES,563.0,storyboard,46,369.97,378.01,8.04,https://youtu.be/b1S_cWpGUbM?t=370s,pour_wax,assemble,1,0.5,Pouring wax into the jars.,"Pouring wax into the jars. captioned, moderate on-screen movement, dim, muted brown/black palette (#685f4f, #332c2b). assemble phase, ~66% in, 6:09–6:18.",bo Sogued we,1,0.0,0.144,0.284,0.354,0.116,"#685f4f,#332c2b,#a2a29c",1,,
bE3cn6R9khs,https://www.youtube.com/watch?v=bE3cn6R9khs,HOW TO MAKE CANDLES THAT ACTUALLY SMELL GOOD,263.0,storyboard,12,95.64,103.61,7.97,https://youtu.be/bE3cn6R9khs?t=96s,pour_wax,assemble,1,0.5,Glass with chopstick wick; wax poured in.,"Glass with chopstick wick; wax poured in. captioned, steady, low-motion shot, dim, muted brown palette (#71503f, #422b21). assemble phase, ~36% in, 1:35–1:43.","Fr pe hy, Aa ee",1,0.0,0.116,0.081,0.356,0.143,"#71503f,#422b21,#a18b7d",1,,
bE3cn6R9khs,https://www.youtube.com/watch?v=bE3cn6R9khs,HOW TO MAKE CANDLES THAT ACTUALLY SMELL GOOD,263.0,storyboard,13,103.61,111.58,7.97,https://youtu.be/bE3cn6R9khs?t=104s,pour_wax,assemble,1,0.5,Pouring from the black pot into the glass.,"Pouring from the black pot into the glass. captioned, steady, low-motion shot, dim, muted brown/black palette (#63412f, #110e10). assemble phase, ~39% in, 1:43–1:51.",ra Ne aN 4 34,1,0.0,0.134,0.071,0.249,0.137,"#63412f,#110e10,#a09c9b",1,,
bE3cn6R9khs,https://www.youtube.com/watch?v=bE3cn6R9khs,HOW TO MAKE CANDLES THAT ACTUALLY SMELL GOOD,263.0,storyboard,18,143.45,151.42,7.97,https://youtu.be/bE3cn6R9khs?t=143s,pour_wax,assemble,1,0.45,Black pan and glass; readying to pour.,"Black pan and glass; readying to pour. captioned, static shot, dim, muted brown palette (#716352, #55483c). assemble phase, ~55% in, 2:23–2:31.",2 eh ee rr,1,0.0,0.032,0.047,0.311,0.083,"#716352,#55483c,#13141c",1,,
bE3cn6R9khs,https://www.youtube.com/watch?v=bE3cn6R9khs,HOW TO MAKE CANDLES THAT ACTUALLY SMELL GOOD,263.0,storyboard,21,167.36,175.33,7.97,https://youtu.be/bE3cn6R9khs?t=167s,pour_wax,assemble,1,0.6,Hands pour wax into the glass.,"Hands pour wax into the glass. static shot, dim, muted brown/grey palette (#69583c, #807054). assemble phase, ~64% in, 2:47–2:55.",eo,0,0.0,0.032,0.036,0.325,0.11,"#69583c,#807054,#101117",1,,
bE3cn6R9khs,https://www.youtube.com/watch?v=bE3cn6R9khs,HOW TO MAKE CANDLES THAT ACTUALLY SMELL GOOD,263.0,storyboard,22,175.33,183.3,7.97,https://youtu.be/bE3cn6R9khs?t=175s,pour_wax,assemble,1,0.55,Glass filling with wax in the black pan.,"Glass filling with wax in the black pan. static shot, dim, muted brown palette (#7b6949, #665439). assemble phase, ~67% in, 2:55–3:03.",,0,0.0,0.043,0.016,0.319,0.11,"#7b6949,#665439,#151a21",1,,
bE3cn6R9khs,https://www.youtube.com/watch?v=bE3cn6R9khs,HOW TO MAKE CANDLES THAT ACTUALLY SMELL GOOD,263.0,storyboard,23,183.3,191.27,7.97,https://youtu.be/bE3cn6R9khs?t=183s,pour_wax,assemble,1,0.55,Stirring/pouring the wax into the jar.,"Stirring/pouring the wax into the jar. static shot, dim, muted brown palette (#786851, #625442). assemble phase, ~70% in, 3:03–3:11.",7.,0,0.333,0.096,0.008,0.325,0.089,"#786851,#625442,#141925",1,,
bE3cn6R9khs,https://www.youtube.com/watch?v=bE3cn6R9khs,HOW TO MAKE CANDLES THAT ACTUALLY SMELL GOOD,263.0,storyboard,24,191.27,199.24,7.97,https://youtu.be/bE3cn6R9khs?t=191s,pour_wax,assemble,1,0.6,Two glasses with chopstick wicks filled with yellow wax.,"Two glasses with chopstick wicks filled with yellow wax. static shot, well-lit, muted beige/grey palette (#bbbac2, #908e81). assemble phase, ~73% in, 3:11–3:19.",,0,0.0,0.014,0.045,0.606,0.084,"#bbbac2,#908e81,#0d0a08",1,,
bE3cn6R9khs,https://www.youtube.com/watch?v=bE3cn6R9khs,HOW TO MAKE CANDLES THAT ACTUALLY SMELL GOOD,263.0,storyboard,25,199.24,207.21,7.97,https://youtu.be/bE3cn6R9khs?t=199s,pour_wax,assemble,1,0.55,"Yellow-wax candles in glasses, chopstick wicks centred.","Yellow-wax candles in glasses, chopstick wicks centred. steady, low-motion shot, well-lit, muted beige/grey palette (#b5b4bb, #847b4b). assemble phase, ~76% in, 3:19–3:27.",,0,0.0,0.033,0.063,0.583,0.124,"#b5b4bb,#847b4b,#110e08",1,,
bEhlvggbwk8,https://www.youtube.com/watch?v=bEhlvggbwk8,Wick Candle Maker by We R Memory Keepers,82.0,storyboard,5,41.0,49.2,8.2,https://youtu.be/bEhlvggbwk8?t=41s,pour_wax,assemble,1,0.55,The 'Wick' machine dispenses teal wax into a jar beneath it.,"The 'Wick' machine dispenses teal wax into a jar beneath it. steady, low-motion shot, bright, muted cream/beige palette (#dddee0, #afb5b1). assemble phase, ~50% in, 0:41–0:49.",7 ey,0,0.0,0.056,0.102,0.726,0.093,"#dddee0,#afb5b1,#8f7a71",1,,description references on-screen text but OCR found none
bEt6-L6-q3M,https://www.youtube.com/watch?v=bEt6-L6-q3M,How to make soy wax candles with essential oils,391.0,storyboard,34,271.31,279.29,7.98,https://youtu.be/bEt6-L6-q3M?t=271s,pour_wax,assemble,1,0.55,Melted wax poured into a mason jar.,"Melted wax poured into a mason jar. captioned, moderate on-screen movement, dim, muted black/grey palette (#100c0b, #9d9086). assemble phase, ~69% in, 4:31–4:39.","om %Ss SS nei xin,",1,0.0,0.052,0.298,0.372,0.092,"#100c0b,#9d9086,#624b41",1,,
bEt6-L6-q3M,https://www.youtube.com/watch?v=bEt6-L6-q3M,How to make soy wax candles with essential oils,391.0,storyboard,35,279.29,287.27,7.98,https://youtu.be/bEt6-L6-q3M?t=279s,pour_wax,assemble,1,0.55,Host talks to camera.,"Host talks to camera. Pouring the melted wax from the pitcher into the prepared container. captioned, moderate on-screen movement, dim, muted beige/brown palette (#aba7a6, #755e52). assemble phase, ~71% in, 4:39–4:47.",ia 5 os aie aN Se eaitow the wax to cool to 75 degrees Celsius sree 167 degrees Fahrenheit te SE eee oS ny,1,0.0,0.067,0.31,0.371,0.112,"#aba7a6,#755e52,#473225",1,,
bEt6-L6-q3M,https://www.youtube.com/watch?v=bEt6-L6-q3M,How to make soy wax candles with essential oils,391.0,storyboard,37,295.24,303.22,7.98,https://youtu.be/bEt6-L6-q3M?t=295s,pour_wax,assemble,1,0.5,Mason jar filled with wax.,"Mason jar filled with wax. captioned, steady, low-motion shot, dim, muted black/grey palette (#3b2c23, #776e68). assemble phase, ~76% in, 4:55–5:03.",4 ae ay 4 eo oy 7 4 ye. ay 7 Fe Se Py 7 wes 7 aa Sg Lye? ae rs pres Rg RS ue 7.328 ie 0 ee ts,1,0.0,0.041,0.077,0.37,0.078,"#3b2c23,#776e68,#a7a5a5",1,,
bOutp9y0oxE,https://www.youtube.com/watch?v=bOutp9y0oxE,Tealight Candle Making At Home 😱/ Tea Light Candles Holder / diwali decoration Idea 2025/DIY Candle🥰,83.0,storyboard,4,33.2,41.5,8.3,https://youtu.be/bOutp9y0oxE?t=33s,pour_wax,assemble,1,0.65,The pink molten wax is poured from the tin into a small paper cup mould.,"The pink molten wax is poured from the tin into a small paper cup mould. captioned, moderate on-screen movement, bright, white/beige palette (#f5f5f7, #c9aeae). assemble phase, ~40% in, 0:33–0:41.","ariintaiihen dim, oP 4",1,0.0,0.05,0.217,0.771,0.183,"#f5f5f7,#c9aeae,#845457",1,,
brD2ddLQmmY,https://www.youtube.com/watch?v=brD2ddLQmmY,satisfying candle making full process,303.0,storyboard,0,0.0,7.97,7.97,https://youtu.be/brD2ddLQmmY?t=0s,pour_wax,assemble,1,0.45,Overhead: building a colourful candle in a glass.,"Overhead: building a colourful candle in a glass. captioned, moderate on-screen movement, well-lit, muted beige/grey palette (#cdc6c1, #807e77). assemble phase, ~0% in, 0:00–0:07.",of! Lit uw 7 we ro,1,0.0,0.108,0.224,0.517,0.147,"#cdc6c1,#807e77,#3d3a36",1,,
brD2ddLQmmY,https://www.youtube.com/watch?v=brD2ddLQmmY,satisfying candle making full process,303.0,storyboard,2,15.95,23.92,7.97,https://youtu.be/brD2ddLQmmY?t=16s,pour_wax,assemble,1,0.45,Overhead: colourful wax and decorations built up in a glass.,"Overhead: colourful wax and decorations built up in a glass. captioned, moderate on-screen movement, well-lit, muted grey/beige palette (#8c867f, #cec5c1). assemble phase, ~5% in, 0:15–0:23.",pw 7 Rei He 4 ae tegee rz wy eit,1,0.0,0.104,0.213,0.54,0.09,"#8c867f,#cec5c1,#49433e",1,,
brD2ddLQmmY,https://www.youtube.com/watch?v=brD2ddLQmmY,satisfying candle making full process,303.0,storyboard,3,23.92,31.89,7.97,https://youtu.be/brD2ddLQmmY?t=24s,pour_wax,assemble,1,0.45,Overhead: colourful wax and decorations built up in a glass.,"Overhead: colourful wax and decorations built up in a glass. captioned, steady, low-motion shot, well-lit, muted grey/beige palette (#867e79, #d1c4be). assemble phase, ~8% in, 0:23–0:31.","vA 7 ta wie Ae ae hs ee na,",1,0.0,0.091,0.142,0.531,0.1,"#867e79,#d1c4be,#403a34",1,,
brD2ddLQmmY,https://www.youtube.com/watch?v=brD2ddLQmmY,satisfying candle making full process,303.0,storyboard,4,31.89,39.87,7.98,https://youtu.be/brD2ddLQmmY?t=32s,pour_wax,assemble,1,0.45,Overhead: colourful wax and decorations built up in a glass.,"Overhead: colourful wax and decorations built up in a glass. static shot, well-lit, muted beige/grey palette (#cabdba, #767572). assemble phase, ~11% in, 0:31–0:39.",oy Ben,0,0.0,0.12,0.0,0.56,0.09,"#cabdba,#767572,#39342c",1,,
brD2ddLQmmY,https://www.youtube.com/watch?v=brD2ddLQmmY,satisfying candle making full process,303.0,storyboard,5,39.87,47.84,7.97,https://youtu.be/brD2ddLQmmY?t=40s,pour_wax,assemble,1,0.45,Overhead: colourful wax and decorations built up in a glass.,"Overhead: colourful wax and decorations built up in a glass. captioned, moderate on-screen movement, well-lit, brown/beige palette (#656056, #c4bcb5). assemble phase, ~13% in, 0:39–0:47.",aN By ef ay,1,0.0,0.118,0.175,0.52,0.159,"#656056,#c4bcb5,#1b76af",1,,
brD2ddLQmmY,https://www.youtube.com/watch?v=brD2ddLQmmY,satisfying candle making full process,303.0,storyboard,10,79.74,87.71,7.97,https://youtu.be/brD2ddLQmmY?t=80s,pour_wax,assemble,1,0.45,Overhead: colourful wax and decorations built up in a glass.,"Overhead: colourful wax and decorations built up in a glass. captioned, static shot, well-lit, beige/brown palette (#e4b481, #6b3d3a). assemble phase, ~26% in, 1:19–1:27.",Va 7 ae et,1,0.0,0.192,0.0,0.505,0.309,"#e4b481,#6b3d3a,#8f7c6f",1,,
brD2ddLQmmY,https://www.youtube.com/watch?v=brD2ddLQmmY,satisfying candle making full process,303.0,storyboard,11,87.71,95.68,7.97,https://youtu.be/brD2ddLQmmY?t=88s,pour_wax,assemble,1,0.45,Overhead: colourful wax and decorations built up in a glass.,"Overhead: colourful wax and decorations built up in a glass. captioned, moderate on-screen movement, well-lit, cream/grey palette (#d3c7c6, #898295). assemble phase, ~29% in, 1:27–1:35.",on Us 4 ee ae af,1,0.0,0.088,0.245,0.519,0.187,"#d3c7c6,#898295,#4d463d",1,,
brxojqIpgH0,https://www.youtube.com/watch?v=brxojqIpgH0,How to Make Soy Tealight Candles | DIY Candle Making,171.0,storyboard,11,89.57,97.71,8.14,https://youtu.be/brxojqIpgH0?t=90s,pour_wax,assemble,1,0.6,Molten wax poured from the pot into a tealight cup.,"Molten wax poured from the pot into a tealight cup. static shot, well-lit, muted beige/black palette (#c7c7c7, #241f21). assemble phase, ~52% in, 1:29–1:37.",,0,0.0,0.077,0.034,0.611,0.056,"#c7c7c7,#241f21,#928682",1,,
brxojqIpgH0,https://www.youtube.com/watch?v=brxojqIpgH0,How to Make Soy Tealight Candles | DIY Candle Making,171.0,storyboard,12,97.71,105.86,8.15,https://youtu.be/brxojqIpgH0?t=98s,pour_wax,assemble,1,0.6,Host pours wax into the row of tealight cups.,"Host pours wax into the row of tealight cups. static shot, well-lit, muted cream/grey palette (#cac9ca, #9a928e). assemble phase, ~57% in, 1:37–1:45.",pas,0,0.0,0.079,0.026,0.612,0.051,"#cac9ca,#9a928e,#262225",1,,
brxojqIpgH0,https://www.youtube.com/watch?v=brxojqIpgH0,How to Make Soy Tealight Candles | DIY Candle Making,171.0,storyboard,13,105.86,114.0,8.14,https://youtu.be/brxojqIpgH0?t=106s,pour_wax,assemble,1,0.6,A tray of red tealight cups being filled.,"A tray of red tealight cups being filled. captioned, moderate on-screen movement, well-lit, muted cream/beige palette (#d3d2d2, #b2adae). assemble phase, ~62% in, 1:45–1:54.",Ss Cn 2 2 8 SO oni,1,0.333,0.052,0.224,0.643,0.089,"#d3d2d2,#b2adae,#52121e",1,,
brxojqIpgH0,https://www.youtube.com/watch?v=brxojqIpgH0,How to Make Soy Tealight Candles | DIY Candle Making,171.0,storyboard,14,114.0,122.14,8.14,https://youtu.be/brxojqIpgH0?t=114s,pour_wax,assemble,1,0.6,The full tray of red tealights is poured.,"The full tray of red tealights is poured. captioned, steady, low-motion shot, well-lit, muted cream/beige palette (#d2d0d1, #aa9a9f). assemble phase, ~67% in, 1:54–2:02.",7 sc: 4 eo wn av ae oe rd,1,0.0,0.042,0.067,0.698,0.13,"#d2d0d1,#aa9a9f,#661723",1,,
c2l0eQnhwiE,https://www.youtube.com/watch?v=c2l0eQnhwiE,Candle making ASMR | small business TikTok compilation,603.0,storyboard,5,40.2,48.24,8.04,https://youtu.be/c2l0eQnhwiE?t=40s,pour_wax,assemble,1,0.4,Pouring coloured wax into cups/jars (ASMR clip).,"Pouring coloured wax into cups/jars (ASMR clip). moderate on-screen movement, dim, brown/grey palette (#842c32, #856263). assemble phase, ~7% in, 0:40–0:48.",oust,0,0.0,0.024,0.161,0.338,0.271,"#842c32,#856263,#b49e92",1,,
c2l0eQnhwiE,https://www.youtube.com/watch?v=c2l0eQnhwiE,Candle making ASMR | small business TikTok compilation,603.0,storyboard,11,88.44,96.48,8.04,https://youtu.be/c2l0eQnhwiE?t=88s,pour_wax,assemble,1,0.4,Pouring coloured wax into cups/jars (ASMR clip).,"Pouring coloured wax into cups/jars (ASMR clip). moderate on-screen movement, well-lit, muted grey/beige palette (#70727e, #afaba3). assemble phase, ~15% in, 1:28–1:36.",hee be,0,0.0,0.088,0.202,0.459,0.116,"#70727e,#afaba3,#37344d",1,,
c2l0eQnhwiE,https://www.youtube.com/watch?v=c2l0eQnhwiE,Candle making ASMR | small business TikTok compilation,603.0,storyboard,17,136.68,144.72,8.04,https://youtu.be/c2l0eQnhwiE?t=137s,pour_wax,assemble,1,0.4,Pouring coloured wax into cups/jars (ASMR clip).,"Pouring coloured wax into cups/jars (ASMR clip). moderate on-screen movement, well-lit, muted grey/beige palette (#96827a, #beb7b0). assemble phase, ~23% in, 2:16–2:24.",Pr,0,0.0,0.027,0.152,0.53,0.134,"#96827a,#beb7b0,#624843",1,,
c2l0eQnhwiE,https://www.youtube.com/watch?v=c2l0eQnhwiE,Candle making ASMR | small business TikTok compilation,603.0,storyboard,23,184.92,192.96,8.04,https://youtu.be/c2l0eQnhwiE?t=185s,pour_wax,assemble,1,0.4,Pouring coloured wax into cups/jars (ASMR clip).,"Pouring coloured wax into cups/jars (ASMR clip). moderate on-screen movement, well-lit, grey/beige palette (#936863, #ce9f93). assemble phase, ~31% in, 3:04–3:12.",Ss Neal,0,0.0,0.031,0.173,0.511,0.179,"#936863,#ce9f93,#5d393e",1,,
c2l0eQnhwiE,https://www.youtube.com/watch?v=c2l0eQnhwiE,Candle making ASMR | small business TikTok compilation,603.0,storyboard,29,233.16,241.2,8.04,https://youtu.be/c2l0eQnhwiE?t=233s,pour_wax,assemble,1,0.4,Pouring coloured wax into cups/jars (ASMR clip).,"Pouring coloured wax into cups/jars (ASMR clip). steady, low-motion shot, well-lit, muted grey/brown palette (#877a65, #523d28). assemble phase, ~39% in, 3:53–4:01.",,0,0.0,0.091,0.09,0.46,0.103,"#877a65,#523d28,#bdb6ad",1,,
c2l0eQnhwiE,https://www.youtube.com/watch?v=c2l0eQnhwiE,Candle making ASMR | small business TikTok compilation,603.0,storyboard,35,281.4,289.44,8.04,https://youtu.be/c2l0eQnhwiE?t=281s,pour_wax,assemble,1,0.4,Pouring coloured wax into cups/jars (ASMR clip).,"Pouring coloured wax into cups/jars (ASMR clip). steady, low-motion shot, well-lit, muted beige/brown palette (#c9beb0, #3e3b3b). assemble phase, ~47% in, 4:41–4:49.",Zs,0,0.0,0.059,0.062,0.589,0.063,"#c9beb0,#3e3b3b,#8b867f",1,,
c2l0eQnhwiE,https://www.youtube.com/watch?v=c2l0eQnhwiE,Candle making ASMR | small business TikTok compilation,603.0,storyboard,41,329.64,337.68,8.04,https://youtu.be/c2l0eQnhwiE?t=330s,pour_wax,assemble,1,0.4,Pouring coloured wax into cups/jars (ASMR clip).,"Pouring coloured wax into cups/jars (ASMR clip). moderate on-screen movement, well-lit, beige/teal palette (#bfc6c7, #32b0e4). assemble phase, ~55% in, 5:29–5:37.",fe,0,0.0,0.026,0.262,0.542,0.318,"#bfc6c7,#32b0e4,#406e92",1,,
c2l0eQnhwiE,https://www.youtube.com/watch?v=c2l0eQnhwiE,Candle making ASMR | small business TikTok compilation,603.0,storyboard,47,377.88,385.92,8.04,https://youtu.be/c2l0eQnhwiE?t=378s,pour_wax,assemble,1,0.4,Pouring coloured wax into cups/jars (ASMR clip).,"Pouring coloured wax into cups/jars (ASMR clip). captioned, moderate on-screen movement, well-lit, cream/teal palette (#d4d0d2, #55c6ce). assemble phase, ~63% in, 6:17–6:25.",7 ss Pos ae,1,0.0,0.051,0.156,0.66,0.283,"#d4d0d2,#55c6ce,#b07f7e",1,,
c2l0eQnhwiE,https://www.youtube.com/watch?v=c2l0eQnhwiE,Candle making ASMR | small business TikTok compilation,603.0,storyboard,53,426.12,434.16,8.04,https://youtu.be/c2l0eQnhwiE?t=426s,pour_wax,assemble,1,0.4,Pouring coloured wax into cups/jars (ASMR clip).,"Pouring coloured wax into cups/jars (ASMR clip). moderate on-screen movement, well-lit, brown/beige palette (#6a3521, #caae96). assemble phase, ~71% in, 7:06–7:14.",,0,0.0,0.033,0.187,0.434,0.176,"#6a3521,#caae96,#947763",1,,
c2l0eQnhwiE,https://www.youtube.com/watch?v=c2l0eQnhwiE,Candle making ASMR | small business TikTok compilation,603.0,storyboard,65,522.6,530.64,8.04,https://youtu.be/c2l0eQnhwiE?t=523s,pour_wax,assemble,1,0.4,Pouring coloured wax into cups/jars (ASMR clip).,"Pouring coloured wax into cups/jars (ASMR clip). moderate on-screen movement, dim, muted black/beige palette (#25303a, #aea9a2). assemble phase, ~87% in, 8:42–8:50.",,0,0.0,0.044,0.258,0.372,0.091,"#25303a,#aea9a2,#5d6566",1,,
c2l0eQnhwiE,https://www.youtube.com/watch?v=c2l0eQnhwiE,Candle making ASMR | small business TikTok compilation,603.0,storyboard,71,570.84,578.88,8.04,https://youtu.be/c2l0eQnhwiE?t=571s,pour_wax,assemble,1,0.4,Pouring coloured wax into cups/jars (ASMR clip).,"Pouring coloured wax into cups/jars (ASMR clip). moderate on-screen movement, well-lit, muted beige/grey palette (#bbbcb8, #807f75). assemble phase, ~95% in, 9:30–9:38.",,0,0.0,0.055,0.209,0.498,0.118,"#bbbcb8,#807f75,#594838",1,,
cVJ98lkY3D4,https://www.youtube.com/watch?v=cVJ98lkY3D4,How To Make A Beeswax Candle | Beeswax Candle Making Tutorial,391.0,storyboard,13,103.73,111.71,7.98,https://youtu.be/cVJ98lkY3D4?t=104s,pour_wax,assemble,1,0.45,Pouring beeswax into a container.,"Pouring beeswax into a container. captioned, steady, low-motion shot, well-lit, muted beige/black palette (#c3bfb5, #383020). assemble phase, ~27% in, 1:43–1:51.",hl 1 4 cw 45,1,0.0,0.074,0.134,0.499,0.117,"#c3bfb5,#383020,#867765",1,,
cVJ98lkY3D4,https://www.youtube.com/watch?v=cVJ98lkY3D4,How To Make A Beeswax Candle | Beeswax Candle Making Tutorial,391.0,storyboard,24,191.51,199.49,7.98,https://youtu.be/cVJ98lkY3D4?t=192s,pour_wax,assemble,1,0.5,Pouring melted beeswax into the glasses.,"Pouring melted beeswax into the glasses. captioned, steady, low-motion shot, well-lit, muted brown/grey palette (#433e30, #92815c). assemble phase, ~49% in, 3:11–3:19.",nd as va 4 2 Sa ee,1,0.0,0.133,0.143,0.473,0.128,"#433e30,#92815c,#bcbbb5",1,,
cVJ98lkY3D4,https://www.youtube.com/watch?v=cVJ98lkY3D4,How To Make A Beeswax Candle | Beeswax Candle Making Tutorial,391.0,storyboard,25,199.49,207.47,7.98,https://youtu.be/cVJ98lkY3D4?t=199s,pour_wax,assemble,1,0.5,Pouring melted beeswax into the glasses.,"Pouring melted beeswax into the glasses. moderate on-screen movement, well-lit, muted brown/grey palette (#44453c, #988e78). assemble phase, ~51% in, 3:19–3:27.",,0,0.0,0.12,0.319,0.479,0.125,"#44453c,#988e78,#c6ccd4",1,,
cVJ98lkY3D4,https://www.youtube.com/watch?v=cVJ98lkY3D4,How To Make A Beeswax Candle | Beeswax Candle Making Tutorial,391.0,storyboard,26,207.47,215.45,7.98,https://youtu.be/cVJ98lkY3D4?t=207s,pour_wax,assemble,1,0.5,Melted beeswax in the jug.,"Melted beeswax in the jug. steady, low-motion shot, well-lit, muted cream/brown palette (#c8ced3, #383832). assemble phase, ~53% in, 3:27–3:35.",,0,0.0,0.087,0.115,0.508,0.099,"#c8ced3,#383832,#8f8077",1,,
cVJ98lkY3D4,https://www.youtube.com/watch?v=cVJ98lkY3D4,How To Make A Beeswax Candle | Beeswax Candle Making Tutorial,391.0,storyboard,27,215.45,223.43,7.98,https://youtu.be/cVJ98lkY3D4?t=215s,pour_wax,assemble,1,0.5,Pouring melted beeswax into the glasses.,"Pouring melted beeswax into the glasses. steady, low-motion shot, well-lit, muted brown/cream palette (#3b3d38, #c7cccf). assemble phase, ~55% in, 3:35–3:43.",8,0,0.0,0.146,0.109,0.516,0.105,"#3b3d38,#c7cccf,#998a79",1,,
cVJ98lkY3D4,https://www.youtube.com/watch?v=cVJ98lkY3D4,How To Make A Beeswax Candle | Beeswax Candle Making Tutorial,391.0,storyboard,28,223.43,231.41,7.98,https://youtu.be/cVJ98lkY3D4?t=223s,pour_wax,assemble,1,0.5,Setting the wicks.,"Setting the wicks. Pouring the melted wax from the pitcher into the prepared container. steady, low-motion shot, well-lit, muted brown/cream palette (#42473f, #c7cacc). assemble phase, ~57% in, 3:43–3:51.",8 fi we,0,0.0,0.136,0.102,0.511,0.106,"#42473f,#c7cacc,#9f8f7d",1,,
cVJ98lkY3D4,https://www.youtube.com/watch?v=cVJ98lkY3D4,How To Make A Beeswax Candle | Beeswax Candle Making Tutorial,391.0,storyboard,29,231.41,239.39,7.98,https://youtu.be/cVJ98lkY3D4?t=231s,pour_wax,assemble,1,0.5,Pouring melted beeswax into the glasses.,"Pouring melted beeswax into the glasses. moderate on-screen movement, well-lit, muted beige/brown palette (#c0c3c3, #373b32). assemble phase, ~59% in, 3:51–3:59.",Sy la 4,0,0.0,0.096,0.284,0.526,0.088,"#c0c3c3,#373b32,#8c8677",1,,
cVJ98lkY3D4,https://www.youtube.com/watch?v=cVJ98lkY3D4,How To Make A Beeswax Candle | Beeswax Candle Making Tutorial,391.0,storyboard,30,239.39,247.37,7.98,https://youtu.be/cVJ98lkY3D4?t=239s,pour_wax,assemble,1,0.5,Pouring melted beeswax into the glasses.,"Pouring melted beeswax into the glasses. captioned, steady, low-motion shot, well-lit, muted beige/brown palette (#c1c0b6, #655f4c). assemble phase, ~61% in, 3:59–4:07.",1 we dice.,1,0.0,0.107,0.072,0.462,0.073,"#c1c0b6,#655f4c,#242319",1,,
cVJ98lkY3D4,https://www.youtube.com/watch?v=cVJ98lkY3D4,How To Make A Beeswax Candle | Beeswax Candle Making Tutorial,391.0,storyboard,31,247.37,255.35,7.98,https://youtu.be/cVJ98lkY3D4?t=247s,pour_wax,assemble,1,0.5,Pouring melted beeswax into the glasses.,"Pouring melted beeswax into the glasses. steady, low-motion shot, well-lit, muted beige/black palette (#c8c6bd, #2f2c20). assemble phase, ~63% in, 4:07–4:15.",iB,0,0.0,0.086,0.077,0.493,0.088,"#c8c6bd,#2f2c20,#847961",1,,
cVJ98lkY3D4,https://www.youtube.com/watch?v=cVJ98lkY3D4,How To Make A Beeswax Candle | Beeswax Candle Making Tutorial,391.0,storyboard,33,263.33,271.31,7.98,https://youtu.be/cVJ98lkY3D4?t=263s,pour_wax,assemble,1,0.5,Setting the wicks.,"Setting the wicks. Pouring the melted wax from the pitcher into the prepared container. moderate on-screen movement, well-lit, muted grey/black palette (#90846d, #302f25). assemble phase, ~67% in, 4:23–4:31.",my,0,0.0,0.073,0.164,0.486,0.108,"#90846d,#302f25,#c3c3bc",1,,
cVJ98lkY3D4,https://www.youtube.com/watch?v=cVJ98lkY3D4,How To Make A Beeswax Candle | Beeswax Candle Making Tutorial,391.0,storyboard,34,271.31,279.29,7.98,https://youtu.be/cVJ98lkY3D4?t=271s,pour_wax,assemble,1,0.5,Pouring melted beeswax into the glasses.,"Pouring melted beeswax into the glasses. steady, low-motion shot, well-lit, muted brown/beige palette (#443e37, #c1c4c2). assemble phase, ~69% in, 4:31–4:39.",LG Pa,0,0.0,0.151,0.135,0.492,0.103,"#443e37,#c1c4c2,#918977",1,,
cYCW1wpPtr4,https://www.youtube.com/watch?v=cYCW1wpPtr4,"Big Candle Making | Full Process, Wax Pour & ASMR 🕯✨ | Handmade Scented Candle",62.0,storyboard,1,7.75,15.5,7.75,https://youtu.be/cYCW1wpPtr4?t=8s,pour_wax,assemble,1,0.6,White melted wax is poured into a silicone rose mould.,"White melted wax is poured into a silicone rose mould. steady, low-motion shot, well-lit, muted beige/grey palette (#af9d8e, #917b6b). assemble phase, ~12% in, 0:07–0:15.",ee,0,0.0,0.024,0.102,0.555,0.104,"#af9d8e,#917b6b,#755447",1,,
dFPnxVWvd6A,https://www.youtube.com/watch?v=dFPnxVWvd6A,DIY Color Block Candles,76.0,storyboard,4,30.4,38.0,7.6,https://youtu.be/dFPnxVWvd6A?t=30s,pour_wax,assemble,1,0.6,First coloured layer poured into the glass held at a tilt (caption 'ESSENTIAL OIL OPTIONAL'); a chopstick supports the angle.,"First coloured layer poured into the glass held at a tilt (caption 'ESSENTIAL OIL OPTIONAL'); a chopstick supports the angle. steady, low-motion shot, bright, muted white/beige palette (#fefefe, #beb7b2). assemble phase, ~40% in, 0:30–0:38.",,0,0.0,0.018,0.098,0.779,0.068,"#fefefe,#beb7b2,#b1aaa5",1,,description references on-screen text but OCR found none
dFPnxVWvd6A,https://www.youtube.com/watch?v=dFPnxVWvd6A,DIY Color Block Candles,76.0,storyboard,5,38.0,45.6,7.6,https://youtu.be/dFPnxVWvd6A?t=38s,pour_wax,assemble,1,0.7,Blue layer set; teal molten wax is poured into the tilted glass to build a diagonal stripe.,"Blue layer set; teal molten wax is poured into the tilted glass to build a diagonal stripe. steady, low-motion shot, bright, muted white/beige palette (#fdfdfd, #b6b0ab). assemble phase, ~50% in, 0:38–0:45.",wl,0,0.333,0.02,0.065,0.798,0.105,"#fdfdfd,#b6b0ab,#68758a",1,,
dFPnxVWvd6A,https://www.youtube.com/watch?v=dFPnxVWvd6A,DIY Color Block Candles,76.0,storyboard,6,45.6,53.2,7.6,https://youtu.be/dFPnxVWvd6A?t=46s,pour_wax,assemble,1,0.7,"Successive teal/green layers poured into the tilted glass, forming angled colour blocks.","Successive teal/green layers poured into the tilted glass, forming angled colour blocks. steady, low-motion shot, bright, muted white/beige palette (#fefefe, #b7b2ac). assemble phase, ~60% in, 0:45–0:53.",te,0,0.333,0.012,0.05,0.799,0.115,"#fefefe,#b7b2ac,#8d8682",1,,
dFPnxVWvd6A,https://www.youtube.com/watch?v=dFPnxVWvd6A,DIY Color Block Candles,76.0,storyboard,7,53.2,60.8,7.6,https://youtu.be/dFPnxVWvd6A?t=53s,pour_wax,assemble,1,0.65,Green layer poured; the glass now shows diagonal blue/teal/green bands.,"Green layer poured; the glass now shows diagonal blue/teal/green bands. steady, low-motion shot, bright, muted white/grey palette (#fefefe, #a29e95). assemble phase, ~70% in, 0:53–1:00.",,0,0.0,0.006,0.052,0.763,0.114,"#fefefe,#a29e95,#477365",1,,
e2RHQ6LVr-w,https://www.youtube.com/watch?v=e2RHQ6LVr-w,Making Candles at Home- Full Step-by-Step Tutorial,883.0,storyboard,58,465.58,473.61,8.03,https://youtu.be/e2RHQ6LVr-w?t=466s,pour_wax,assemble,1,0.45,Pouring wax into the jar/plate.,"Pouring wax into the jar/plate. moderate on-screen movement, well-lit, muted grey/beige palette (#897764, #cbbdad). assemble phase, ~53% in, 7:45–7:53.",Nec,0,0.0,0.102,0.297,0.516,0.106,"#897764,#cbbdad,#483629",1,,
e2RHQ6LVr-w,https://www.youtube.com/watch?v=e2RHQ6LVr-w,Making Candles at Home- Full Step-by-Step Tutorial,883.0,storyboard,64,513.75,521.77,8.02,https://youtu.be/e2RHQ6LVr-w?t=514s,pour_wax,assemble,1,0.45,Pouring wax into the jar/plate.,"Pouring wax into the jar/plate. steady, low-motion shot, dim, muted brown/black palette (#654f48, #1e1615). assemble phase, ~58% in, 8:33–8:41.",rT,0,0.0,0.102,0.113,0.328,0.102,"#654f48,#1e1615,#b29a8f",1,,
e2RHQ6LVr-w,https://www.youtube.com/watch?v=e2RHQ6LVr-w,Making Candles at Home- Full Step-by-Step Tutorial,883.0,storyboard,67,537.83,545.85,8.02,https://youtu.be/e2RHQ6LVr-w?t=538s,pour_wax,assemble,1,0.45,Pouring wax into the jar/plate.,"Pouring wax into the jar/plate. moderate on-screen movement, well-lit, muted black/beige palette (#18110e, #cbbbaa). assemble phase, ~61% in, 8:57–9:05.",2 we,0,0.0,0.159,0.316,0.459,0.09,"#18110e,#cbbbaa,#806a5b",1,,
e2RHQ6LVr-w,https://www.youtube.com/watch?v=e2RHQ6LVr-w,Making Candles at Home- Full Step-by-Step Tutorial,883.0,storyboard,70,561.91,569.94,8.03,https://youtu.be/e2RHQ6LVr-w?t=562s,pour_wax,assemble,1,0.45,Pouring wax into the jar/plate.,"Pouring wax into the jar/plate. steady, low-motion shot, well-lit, muted beige/grey palette (#d1c5b7, #827166). assemble phase, ~64% in, 9:21–9:29.",Sy 4 om,0,0.0,0.209,0.05,0.559,0.08,"#d1c5b7,#827166,#30251e",1,,
e2RHQ6LVr-w,https://www.youtube.com/watch?v=e2RHQ6LVr-w,Making Candles at Home- Full Step-by-Step Tutorial,883.0,storyboard,72,577.96,585.99,8.03,https://youtu.be/e2RHQ6LVr-w?t=578s,pour_wax,assemble,1,0.45,Pouring wax into the jars.,"Pouring wax into the jars. captioned, moderate on-screen movement, well-lit, muted grey/beige palette (#8a7562, #d5c7b5). assemble phase, ~65% in, 9:37–9:45.",bi ts oe si,1,0.0,0.169,0.3,0.482,0.088,"#8a7562,#d5c7b5,#382b21",1,,
e2RHQ6LVr-w,https://www.youtube.com/watch?v=e2RHQ6LVr-w,Making Candles at Home- Full Step-by-Step Tutorial,883.0,storyboard,75,602.05,610.07,8.02,https://youtu.be/e2RHQ6LVr-w?t=602s,pour_wax,assemble,1,0.45,Pouring wax into the jars.,"Pouring wax into the jars. steady, low-motion shot, dim, muted black/grey palette (#19120f, #7d6556). assemble phase, ~68% in, 10:02–10:10.",,0,0.0,0.17,0.103,0.349,0.102,"#19120f,#7d6556,#c6b9aa",1,,
e2RHQ6LVr-w,https://www.youtube.com/watch?v=e2RHQ6LVr-w,Making Candles at Home- Full Step-by-Step Tutorial,883.0,storyboard,78,626.13,634.15,8.02,https://youtu.be/e2RHQ6LVr-w?t=626s,pour_wax,assemble,1,0.45,Pouring wax into the jars.,"Pouring wax into the jars. moderate on-screen movement, dim, muted beige/brown palette (#cebfb0, #786053). assemble phase, ~71% in, 10:26–10:34.",7. yy 4,0,0.0,0.175,0.308,0.384,0.096,"#cebfb0,#786053,#2a1d17",1,,
e2RHQ6LVr-w,https://www.youtube.com/watch?v=e2RHQ6LVr-w,Making Candles at Home- Full Step-by-Step Tutorial,883.0,storyboard,81,650.21,658.24,8.03,https://youtu.be/e2RHQ6LVr-w?t=650s,pour_wax,assemble,1,0.45,Pouring wax into the jars.,"Pouring wax into the jars. steady, low-motion shot, well-lit, muted beige/grey palette (#cdbfaf, #7d6557). assemble phase, ~74% in, 10:50–10:58.",,0,0.0,0.177,0.077,0.509,0.088,"#cdbfaf,#7d6557,#2b1f18",1,,
e2RHQ6LVr-w,https://www.youtube.com/watch?v=e2RHQ6LVr-w,Making Candles at Home- Full Step-by-Step Tutorial,883.0,storyboard,84,674.29,682.32,8.03,https://youtu.be/e2RHQ6LVr-w?t=674s,pour_wax,assemble,1,0.45,Pouring wax into the jars.,"Pouring wax into the jars. steady, low-motion shot, well-lit, muted beige/grey palette (#c9bba9, #7d6a5b). assemble phase, ~76% in, 11:14–11:22.",ak,0,0.0,0.198,0.065,0.516,0.081,"#c9bba9,#7d6a5b,#35281e",1,,
e2RHQ6LVr-w,https://www.youtube.com/watch?v=e2RHQ6LVr-w,Making Candles at Home- Full Step-by-Step Tutorial,883.0,storyboard,87,698.37,706.4,8.03,https://youtu.be/e2RHQ6LVr-w?t=698s,pour_wax,assemble,1,0.45,Pouring wax into the jars.,"Pouring wax into the jars. steady, low-motion shot, well-lit, muted grey/brown palette (#89705e, #4e382d). assemble phase, ~79% in, 11:38–11:46.",re:,0,0.0,0.118,0.124,0.432,0.109,"#89705e,#4e382d,#b39f91",1,,
e2RHQ6LVr-w,https://www.youtube.com/watch?v=e2RHQ6LVr-w,Making Candles at Home- Full Step-by-Step Tutorial,883.0,storyboard,90,722.45,730.48,8.03,https://youtu.be/e2RHQ6LVr-w?t=722s,pour_wax,assemble,1,0.45,Pouring wax into the jars.,"Pouring wax into the jars. static shot, well-lit, muted beige/grey palette (#d2c2b3, #83695b). assemble phase, ~82% in, 12:02–12:10.",uo ay,0,0.0,0.108,0.0,0.576,0.085,"#d2c2b3,#83695b,#291d17",1,,
e4kzTAoOkm8,https://www.youtube.com/watch?v=e4kzTAoOkm8,How to Make a Soy Wax Pillar Candle | Village Craft & Candle,275.0,storyboard,12,97.06,105.15,8.09,https://youtu.be/e4kzTAoOkm8?t=97s,pour_wax,assemble,1,0.5,'Step 5: Prep'; pink pillar silicone mould; pour begins.,"'Step 5: Prep'; pink pillar silicone mould; pour begins. captioned, steady, low-motion shot, well-lit, amber/brown palette (#ac825d, #875638). assemble phase, ~35% in, 1:37–1:45.",eae WE'RE USI Ay ae je oe WER vif He ie es Bry 4 sah bubs wae,1,0.0,0.04,0.128,0.584,0.162,"#ac825d,#875638,#c9c1ca",1,,
e4kzTAoOkm8,https://www.youtube.com/watch?v=e4kzTAoOkm8,How to Make a Soy Wax Pillar Candle | Village Craft & Candle,275.0,storyboard,13,105.15,113.24,8.09,https://youtu.be/e4kzTAoOkm8?t=105s,pour_wax,assemble,1,0.5,'Step 6: Pour your candle'; pouring pink wax into the pillar mould.,"'Step 6: Pour your candle'; pouring pink wax into the pillar mould. captioned, steady, low-motion shot, well-lit, amber/brown palette (#af896a, #875c40). assemble phase, ~38% in, 1:45–1:53.","SaIaTA Re WEREUSING RR oe HS CORTON, VP BRAID FOR QUE 3 DIAMETER MOULD CUT: Bi SLIGHTLY S&S LONGER THAN SN Ss THE HEIGHT OF THE MOULD. Bb ee ty abe",1,0.333,0.142,0.078,0.566,0.191,"#af896a,#875c40,#d3bdc3",1,,
e4kzTAoOkm8,https://www.youtube.com/watch?v=e4kzTAoOkm8,How to Make a Soy Wax Pillar Candle | Village Craft & Candle,275.0,storyboard,14,113.24,121.32,8.08,https://youtu.be/e4kzTAoOkm8?t=113s,pour_wax,assemble,1,0.5,'Step 6: Pour your candle'; pouring pink wax into the pillar mould.,"'Step 6: Pour your candle'; pouring pink wax into the pillar mould. captioned, steady, low-motion shot, well-lit, grey/beige palette (#a58670, #c6b1c4). assemble phase, ~41% in, 1:53–2:01.",wf bh VES Ua ay Ay ie KNOT THE BOTTONIORTHE WICK AND STICKITTHROUG 7 Aa Diy,1,0.0,0.09,0.078,0.552,0.186,"#a58670,#c6b1c4,#84573b",1,,
e4kzTAoOkm8,https://www.youtube.com/watch?v=e4kzTAoOkm8,How to Make a Soy Wax Pillar Candle | Village Craft & Candle,275.0,storyboard,15,121.32,129.41,8.09,https://youtu.be/e4kzTAoOkm8?t=121s,pour_wax,assemble,1,0.5,'Step 6: Pour your candle'; pouring pink wax into the pillar mould.,"'Step 6: Pour your candle'; pouring pink wax into the pillar mould. captioned, steady, low-motion shot, well-lit, brown/cream palette (#8f6543, #dcccdb). assemble phase, ~44% in, 2:01–2:09.",Whe oe 4 KNOT THEIBOJTOM OF THEIWACK AND STICK IT THROUGHITHE WICKEHOLE. SECURE WITH WICKIPIN!,1,0.0,0.13,0.132,0.564,0.196,"#8f6543,#dcccdb,#b9a7a0",1,,
e4kzTAoOkm8,https://www.youtube.com/watch?v=e4kzTAoOkm8,How to Make a Soy Wax Pillar Candle | Village Craft & Candle,275.0,storyboard,16,129.41,137.5,8.09,https://youtu.be/e4kzTAoOkm8?t=129s,pour_wax,assemble,1,0.5,'Step 6: Pour your candle'; pouring pink wax into the pillar mould.,"'Step 6: Pour your candle'; pouring pink wax into the pillar mould. captioned, steady, low-motion shot, well-lit, amber/beige palette (#ad8865, #c9bdbd). assemble phase, ~47% in, 2:09–2:17.",id oo jf iil aN ies Neh 4 LF KNOT THE BOTT OM/ORTHEIMIERAND STICK IT THRGI GHITHE WICK HOLES SECURE WiijHA WICK PIN. 7,1,0.0,0.137,0.061,0.578,0.207,"#ad8865,#c9bdbd,#89613e",1,,
e4kzTAoOkm8,https://www.youtube.com/watch?v=e4kzTAoOkm8,How to Make a Soy Wax Pillar Candle | Village Craft & Candle,275.0,storyboard,17,137.5,145.59,8.09,https://youtu.be/e4kzTAoOkm8?t=138s,pour_wax,assemble,1,0.5,'Step 6: Pour your candle'; pouring pink wax into the pillar mould.,"'Step 6: Pour your candle'; pouring pink wax into the pillar mould. captioned, steady, low-motion shot, well-lit, brown/amber palette (#966845, #b38e72). assemble phase, ~50% in, 2:17–2:25.",ee hs be ara NESS KNOT THE BOTTOMIORTHEWICK AND STICK IT THROUGH HES aml SECURE WITiHAy PUR Vl Fa Wit WICK ler,1,0.0,0.145,0.119,0.558,0.214,"#966845,#b38e72,#cdbbc5",1,,
e4kzTAoOkm8,https://www.youtube.com/watch?v=e4kzTAoOkm8,How to Make a Soy Wax Pillar Candle | Village Craft & Candle,275.0,storyboard,18,145.59,153.68,8.09,https://youtu.be/e4kzTAoOkm8?t=146s,pour_wax,assemble,1,0.5,'Step 6: Pour your candle'; pouring pink wax into the pillar mould.,"'Step 6: Pour your candle'; pouring pink wax into the pillar mould. captioned, steady, low-motion shot, well-lit, amber/beige palette (#b18964, #c8bdba). assemble phase, ~53% in, 2:25–2:33.",ya Wi al TM Ds: We Mis Neal ak AG eta Ea bs KNOT THE TOM.OF THE WieK. AND STICK IT THROUGHITHEWICKIHOBE. SECURE WIGHFAIWICKIRIN: NQ,1,0.0,0.166,0.099,0.568,0.208,"#b18964,#c8bdba,#835740",1,,
e4kzTAoOkm8,https://www.youtube.com/watch?v=e4kzTAoOkm8,How to Make a Soy Wax Pillar Candle | Village Craft & Candle,275.0,storyboard,19,153.68,161.76,8.08,https://youtu.be/e4kzTAoOkm8?t=154s,pour_wax,assemble,1,0.5,'Step 6: Pour your candle'; pouring pink wax into the pillar mould.,"'Step 6: Pour your candle'; pouring pink wax into the pillar mould. steady, low-motion shot, well-lit, muted grey/white palette (#81aea4, #e8f5f5). assemble phase, ~56% in, 2:33–2:41.",,0,0.0,0.067,0.071,0.613,0.119,"#81aea4,#e8f5f5,#99c3b9",1,,description references on-screen text but OCR found none
e4kzTAoOkm8,https://www.youtube.com/watch?v=e4kzTAoOkm8,How to Make a Soy Wax Pillar Candle | Village Craft & Candle,275.0,storyboard,20,161.76,169.85,8.09,https://youtu.be/e4kzTAoOkm8?t=162s,pour_wax,assemble,1,0.5,'Step 6: Pour your candle'; pouring pink wax into the pillar mould.,"'Step 6: Pour your candle'; pouring pink wax into the pillar mould. captioned, steady, low-motion shot, well-lit, grey/amber palette (#886850, #b59e7f). assemble phase, ~59% in, 2:41–2:49.","iy eR hh yas ee nee oi oF MOULD/ON wei we: ATRAY. as Met ih, Ps rh ay ie LEORRR HES Tes 4 preety eee Ay ied Lupe",1,0.0,0.072,0.078,0.587,0.172,"#886850,#b59e7f,#beb2d0",1,,
e4kzTAoOkm8,https://www.youtube.com/watch?v=e4kzTAoOkm8,How to Make a Soy Wax Pillar Candle | Village Craft & Candle,275.0,storyboard,22,177.94,186.03,8.09,https://youtu.be/e4kzTAoOkm8?t=178s,pour_wax,assemble,1,0.5,'Step 6: Pour your candle'; pouring pink wax into the pillar mould.,"'Step 6: Pour your candle'; pouring pink wax into the pillar mould. captioned, static shot, well-lit, grey/amber palette (#7e6454, #b29578). assemble phase, ~65% in, 2:57–3:06.",ALIS had 1 PUT THE MOULDION Se ATRE Ad 24 SS rt tage As iy te Tey TE 4 REM RSA HE: ri EXO WN OD THE WICK TO ea PRIME IT fh ek ag BRITS 5 OST EL ky fe ah,1,0.0,0.11,0.024,0.566,0.16,"#7e6454,#b29578,#bbb2ca",1,,
ejlyZKwVMU8,https://www.youtube.com/watch?v=ejlyZKwVMU8,HOW TO MAKE WOODEN WICK SCENTED CANDLE | SOY WAX VANILLA SANDAL CANDLE DIY,117.0,storyboard,9,70.2,78.0,7.8,https://youtu.be/ejlyZKwVMU8?t=70s,pour_wax,assemble,1,0.65,Caption 'pour scented wax into cup'; molten wax poured into the clay cup.,"Caption 'pour scented wax into cup'; molten wax poured into the clay cup. steady, low-motion shot, well-lit, muted beige/grey palette (#bbbab8, #928b87). assemble phase, ~60% in, 1:10–1:18.",Lal,0,0.0,0.019,0.062,0.582,0.046,"#bbbab8,#928b87,#59534e",1,,description references on-screen text but OCR found none
ejlyZKwVMU8,https://www.youtube.com/watch?v=ejlyZKwVMU8,HOW TO MAKE WOODEN WICK SCENTED CANDLE | SOY WAX VANILLA SANDAL CANDLE DIY,117.0,storyboard,10,78.0,85.8,7.8,https://youtu.be/ejlyZKwVMU8?t=78s,pour_wax,assemble,1,0.6,The clay cup fills with scented wax around the wooden wick.,"The clay cup fills with scented wax around the wooden wick. static shot, well-lit, muted beige/grey palette (#b9bab9, #8e8883). assemble phase, ~67% in, 1:18–1:25.",ee ae,0,0.0,0.021,0.046,0.57,0.044,"#b9bab9,#8e8883,#514e4b",1,,
eyHB2gfWo_I,https://www.youtube.com/watch?v=eyHB2gfWo_I,How to make Coconut Wax Candles at home,324.0,storyboard,6,48.6,56.7,8.1,https://youtu.be/eyHB2gfWo_I?t=49s,pour_wax,assemble,1,0.5,Readying to pour from the pot.,"Readying to pour from the pot. captioned, moderate on-screen movement, dim, muted black/brown palette (#291f12, #5f563c). assemble phase, ~15% in, 0:48–0:56.","ete, 5 Sa",1,0.0,0.099,0.194,0.286,0.137,"#291f12,#5f563c,#979075",1,,
eyHB2gfWo_I,https://www.youtube.com/watch?v=eyHB2gfWo_I,How to make Coconut Wax Candles at home,324.0,storyboard,7,56.7,64.8,8.1,https://youtu.be/eyHB2gfWo_I?t=57s,pour_wax,assemble,1,0.55,Cream wax poured into glass jars on the table.,"Cream wax poured into glass jars on the table. captioned, static shot, dim, muted black/brown palette (#251b0f, #594a32). assemble phase, ~18% in, 0:56–1:04.",4 fr ae ls CS 2 zs,1,0.0,0.142,0.042,0.284,0.13,"#251b0f,#594a32,#978c64",1,,
eyHB2gfWo_I,https://www.youtube.com/watch?v=eyHB2gfWo_I,How to make Coconut Wax Candles at home,324.0,storyboard,8,64.8,72.9,8.1,https://youtu.be/eyHB2gfWo_I?t=65s,pour_wax,assemble,1,0.6,Pouring wax into the glass jars.,"Pouring wax into the glass jars. steady, low-motion shot, well-lit, amber/brown palette (#a2894f, #793e1d). assemble phase, ~20% in, 1:04–1:12.",Fv,0,0.0,0.071,0.085,0.49,0.215,"#a2894f,#793e1d,#ded4b9",1,,
eyHB2gfWo_I,https://www.youtube.com/watch?v=eyHB2gfWo_I,How to make Coconut Wax Candles at home,324.0,storyboard,9,72.9,81.0,8.1,https://youtu.be/eyHB2gfWo_I?t=73s,pour_wax,assemble,1,0.6,Jars filling with cream wax.,"Jars filling with cream wax. static shot, well-lit, amber/brown palette (#a1864e, #773a1b). assemble phase, ~23% in, 1:12–1:21.","4 Lae,",0,0.0,0.071,0.038,0.503,0.238,"#a1864e,#773a1b,#daceb3",1,,
eyHB2gfWo_I,https://www.youtube.com/watch?v=eyHB2gfWo_I,How to make Coconut Wax Candles at home,324.0,storyboard,10,81.0,89.1,8.1,https://youtu.be/eyHB2gfWo_I?t=81s,pour_wax,assemble,1,0.55,Host pours wax into more jars.,"Host pours wax into more jars. captioned, moderate on-screen movement, well-lit, amber/brown palette (#a58a52, #7e441f). assemble phase, ~25% in, 1:21–1:29.",7 nD me oo,1,0.0,0.059,0.2,0.444,0.203,"#a58a52,#7e441f,#e0d2b8",1,,
eyHB2gfWo_I,https://www.youtube.com/watch?v=eyHB2gfWo_I,How to make Coconut Wax Candles at home,324.0,storyboard,11,89.1,97.2,8.1,https://youtu.be/eyHB2gfWo_I?t=89s,pour_wax,assemble,1,0.55,Continuing to fill the jars.,"Continuing to fill the jars. captioned, static shot, well-lit, muted grey/beige palette (#828164, #afa798). assemble phase, ~28% in, 1:29–1:37.",me. xy yy 1 4 ed,1,0.0,0.094,0.0,0.494,0.112,"#828164,#afa798,#484429",1,,
eyHB2gfWo_I,https://www.youtube.com/watch?v=eyHB2gfWo_I,How to make Coconut Wax Candles at home,324.0,storyboard,12,97.2,105.3,8.1,https://youtu.be/eyHB2gfWo_I?t=97s,pour_wax,assemble,1,0.55,Pouring wax into the jars.,"Pouring wax into the jars. moderate on-screen movement, well-lit, grey palette (#a69c86, #7b7252). assemble phase, ~30% in, 1:37–1:45.",ct 2 an,0,0.0,0.13,0.217,0.458,0.168,"#a69c86,#7b7252,#373020",1,,
eyHB2gfWo_I,https://www.youtube.com/watch?v=eyHB2gfWo_I,How to make Coconut Wax Candles at home,324.0,storyboard,13,105.3,113.4,8.1,https://youtu.be/eyHB2gfWo_I?t=105s,pour_wax,assemble,1,0.5,Row of jars being filled.,"Row of jars being filled. captioned, moderate on-screen movement, well-lit, brown/black palette (#75614b, #3b291a). assemble phase, ~32% in, 1:45–1:53.",vd am wf,1,0.0,0.104,0.225,0.438,0.18,"#75614b,#3b291a,#9b937c",1,,
eyHB2gfWo_I,https://www.youtube.com/watch?v=eyHB2gfWo_I,How to make Coconut Wax Candles at home,324.0,storyboard,20,162.0,170.1,8.1,https://youtu.be/eyHB2gfWo_I?t=162s,pour_wax,assemble,1,0.5,Host pours/tops up the jars.,"Host pours/tops up the jars. steady, low-motion shot, dim, brown palette (#856c3d, #562c13). assemble phase, ~50% in, 2:42–2:50.",Bai,0,0.0,0.065,0.054,0.378,0.172,"#856c3d,#562c13,#c3b5a1",1,,
f1l30y3gm84,https://www.youtube.com/watch?v=f1l30y3gm84,"all things wax! | asmr, cleaning, candle making…",525.0,storyboard,3,23.86,31.82,7.96,https://youtu.be/f1l30y3gm84?t=24s,pour_wax,assemble,1,0.45,Pouring colourful wax into the metal trough (ASMR).,"Pouring colourful wax into the metal trough (ASMR). captioned, moderate on-screen movement, well-lit, beige/grey palette (#d1b9b1, #897275). assemble phase, ~5% in, 0:23–0:31.",ae ee Nee ea ey 4 rig,1,0.0,0.195,0.255,0.572,0.228,"#d1b9b1,#897275,#372e2d",1,,
f1l30y3gm84,https://www.youtube.com/watch?v=f1l30y3gm84,"all things wax! | asmr, cleaning, candle making…",525.0,storyboard,6,47.73,55.68,7.95,https://youtu.be/f1l30y3gm84?t=48s,pour_wax,assemble,1,0.45,Pouring colourful wax into the metal trough (ASMR).,"Pouring colourful wax into the metal trough (ASMR). captioned, static shot, well-lit, beige/grey palette (#e0b9b8, #987873). assemble phase, ~9% in, 0:47–0:55.","Fey Bape oy RS, 5 tao ie",1,0.0,0.198,0.0,0.519,0.164,"#e0b9b8,#987873,#4d3936",1,,
f1l30y3gm84,https://www.youtube.com/watch?v=f1l30y3gm84,"all things wax! | asmr, cleaning, candle making…",525.0,storyboard,18,143.18,151.14,7.96,https://youtu.be/f1l30y3gm84?t=143s,pour_wax,assemble,1,0.45,Pouring colourful wax into the metal trough (ASMR).,"Pouring colourful wax into the metal trough (ASMR). captioned, moderate on-screen movement, well-lit, vivid brown/beige palette (#7d6339, #cdad97). assemble phase, ~27% in, 2:23–2:31.",sah! EN ae Yaa,1,0.0,0.12,0.222,0.602,0.353,"#7d6339,#cdad97,#d6cf3c",1,,
f1l30y3gm84,https://www.youtube.com/watch?v=f1l30y3gm84,"all things wax! | asmr, cleaning, candle making…",525.0,storyboard,21,167.05,175.0,7.95,https://youtu.be/f1l30y3gm84?t=167s,pour_wax,assemble,1,0.45,Pouring colourful wax into the metal trough (ASMR).,"Pouring colourful wax into the metal trough (ASMR). captioned, moderate on-screen movement, well-lit, vivid beige/yellow palette (#e4c0b4, #c2c018). assemble phase, ~32% in, 2:47–2:55.",ee nee he hams,1,0.0,0.088,0.241,0.666,0.355,"#e4c0b4,#c2c018,#7a5d3e",1,,
f1l30y3gm84,https://www.youtube.com/watch?v=f1l30y3gm84,"all things wax! | asmr, cleaning, candle making…",525.0,storyboard,26,206.82,214.77,7.95,https://youtu.be/f1l30y3gm84?t=207s,pour_wax,assemble,1,0.5,Pouring colourful wax into the trough moulds.,"Pouring colourful wax into the trough moulds. captioned, static shot, well-lit, muted cream/grey palette (#d8c6ca, #9e8587). assemble phase, ~39% in, 3:26–3:34.",rad 7 ony 4 id,1,0.0,0.067,0.0,0.573,0.115,"#d8c6ca,#9e8587,#4f3f40",1,,
f1l30y3gm84,https://www.youtube.com/watch?v=f1l30y3gm84,"all things wax! | asmr, cleaning, candle making…",525.0,storyboard,27,214.77,222.73,7.96,https://youtu.be/f1l30y3gm84?t=215s,pour_wax,assemble,1,0.5,Vivid coloured wax added.,"Vivid coloured wax added. moderate on-screen movement, well-lit, grey/cream palette (#948580, #dcd7d1). assemble phase, ~41% in, 3:34–3:42.",7,0,0.0,0.091,0.258,0.59,0.155,"#948580,#dcd7d1,#453a31",1,,
f1l30y3gm84,https://www.youtube.com/watch?v=f1l30y3gm84,"all things wax! | asmr, cleaning, candle making…",525.0,storyboard,33,262.5,270.45,7.95,https://youtu.be/f1l30y3gm84?t=262s,pour_wax,assemble,1,0.5,Pouring colourful wax into the trough moulds.,"Pouring colourful wax into the trough moulds. captioned, steady, low-motion shot, well-lit, brown/cream palette (#654e3a, #efe3e1). assemble phase, ~50% in, 4:22–4:30.",49 Fev ee 7 ag 22,1,0.0,0.168,0.144,0.62,0.191,"#654e3a,#efe3e1,#c89f84",1,,
f1l30y3gm84,https://www.youtube.com/watch?v=f1l30y3gm84,"all things wax! | asmr, cleaning, candle making…",525.0,storyboard,38,302.27,310.23,7.96,https://youtu.be/f1l30y3gm84?t=302s,pour_wax,assemble,1,0.5,Pouring colourful wax into the trough moulds.,"Pouring colourful wax into the trough moulds. captioned, steady, low-motion shot, well-lit, cream/amber palette (#e9d6d5, #b47e6a). assemble phase, ~58% in, 5:02–5:10.",zs Se 48 Em ff nS Se Spe. Ss 4 ih,1,0.0,0.209,0.143,0.572,0.214,"#e9d6d5,#b47e6a,#533c2e",1,,
f1l30y3gm84,https://www.youtube.com/watch?v=f1l30y3gm84,"all things wax! | asmr, cleaning, candle making…",525.0,storyboard,39,310.23,318.18,7.95,https://youtu.be/f1l30y3gm84?t=310s,pour_wax,assemble,1,0.5,Pouring colourful wax into the trough moulds.,"Pouring colourful wax into the trough moulds. captioned, static shot, well-lit, amber/brown palette (#b98372, #584336). assemble phase, ~59% in, 5:10–5:18.",4 te Fa ra fd,1,0.0,0.233,0.0,0.56,0.214,"#b98372,#584336,#e9d6d5",1,,
f1l30y3gm84,https://www.youtube.com/watch?v=f1l30y3gm84,"all things wax! | asmr, cleaning, candle making…",525.0,storyboard,40,318.18,326.14,7.96,https://youtu.be/f1l30y3gm84?t=318s,pour_wax,assemble,1,0.5,Pouring colourful wax into the trough moulds.,"Pouring colourful wax into the trough moulds. captioned, moderate on-screen movement, well-lit, cream/amber palette (#e5d7d5, #b68164). assemble phase, ~61% in, 5:18–5:26.",7 Th af 7,1,0.0,0.163,0.174,0.589,0.219,"#e5d7d5,#b68164,#604844",1,,
f1l30y3gm84,https://www.youtube.com/watch?v=f1l30y3gm84,"all things wax! | asmr, cleaning, candle making…",525.0,storyboard,44,350.0,357.95,7.95,https://youtu.be/f1l30y3gm84?t=350s,pour_wax,assemble,1,0.5,Pouring colourful wax into the trough moulds.,"Pouring colourful wax into the trough moulds. moderate on-screen movement, well-lit, muted beige/grey palette (#d9c4bd, #907d72). assemble phase, ~67% in, 5:50–5:57.",49,0,0.0,0.147,0.283,0.568,0.144,"#d9c4bd,#907d72,#4e282f",1,,
f1l30y3gm84,https://www.youtube.com/watch?v=f1l30y3gm84,"all things wax! | asmr, cleaning, candle making…",525.0,storyboard,49,389.77,397.73,7.96,https://youtu.be/f1l30y3gm84?t=390s,pour_wax,assemble,1,0.5,Pouring colourful wax into the trough moulds.,"Pouring colourful wax into the trough moulds. captioned, moderate on-screen movement, well-lit, beige/brown palette (#e7b99f, #434035). assemble phase, ~74% in, 6:29–6:37.",iF is ee,1,0.0,0.139,0.26,0.574,0.159,"#e7b99f,#434035,#9b8b82",1,,
f1l30y3gm84,https://www.youtube.com/watch?v=f1l30y3gm84,"all things wax! | asmr, cleaning, candle making…",525.0,storyboard,50,397.73,405.68,7.95,https://youtu.be/f1l30y3gm84?t=398s,pour_wax,assemble,1,0.5,Pouring colourful wax into the trough moulds.,"Pouring colourful wax into the trough moulds. static shot, well-lit, muted beige/grey palette (#d3c4c2, #978982). assemble phase, ~76% in, 6:37–6:45.",,0,0.0,0.075,0.0,0.581,0.072,"#d3c4c2,#978982,#4b4339",1,,
f1l30y3gm84,https://www.youtube.com/watch?v=f1l30y3gm84,"all things wax! | asmr, cleaning, candle making…",525.0,storyboard,51,405.68,413.64,7.96,https://youtu.be/f1l30y3gm84?t=406s,pour_wax,assemble,1,0.5,Pouring colourful wax into the trough moulds.,"Pouring colourful wax into the trough moulds. captioned, moderate on-screen movement, well-lit, cream/amber palette (#deccc1, #c48d60). assemble phase, ~77% in, 6:45–6:53.",ae fy tad Jide fi bei aM,1,0.0,0.116,0.227,0.607,0.155,"#deccc1,#c48d60,#5b493e",1,,
f1l30y3gm84,https://www.youtube.com/watch?v=f1l30y3gm84,"all things wax! | asmr, cleaning, candle making…",525.0,storyboard,53,421.59,429.55,7.96,https://youtu.be/f1l30y3gm84?t=422s,pour_wax,assemble,1,0.5,Pouring colourful wax into the trough moulds.,"Pouring colourful wax into the trough moulds. captioned, static shot, well-lit, brown/grey palette (#79233d, #a17d73). assemble phase, ~80% in, 7:01–7:09.","ee HK. ae 4 aes,",1,0.0,0.089,0.0,0.503,0.304,"#79233d,#a17d73,#d4b8bc",1,,
f1l30y3gm84,https://www.youtube.com/watch?v=f1l30y3gm84,"all things wax! | asmr, cleaning, candle making…",525.0,storyboard,54,429.55,437.5,7.95,https://youtu.be/f1l30y3gm84?t=430s,pour_wax,assemble,1,0.5,Pouring colourful wax into the trough moulds.,"Pouring colourful wax into the trough moulds. captioned, moderate on-screen movement, well-lit, cream/grey palette (#ddc7c9, #897289). assemble phase, ~82% in, 7:09–7:17.",1 if rE wy 3,1,0.0,0.126,0.297,0.553,0.217,"#ddc7c9,#897289,#432f3d",1,,
f1l30y3gm84,https://www.youtube.com/watch?v=f1l30y3gm84,"all things wax! | asmr, cleaning, candle making…",525.0,storyboard,55,437.5,445.45,7.95,https://youtu.be/f1l30y3gm84?t=438s,pour_wax,assemble,1,0.5,Pouring colourful wax into the trough moulds.,"Pouring colourful wax into the trough moulds. moderate on-screen movement, well-lit, grey/cream palette (#9d8a74, #ddc6c4). assemble phase, ~83% in, 7:17–7:25.",oar ah,0,0.0,0.211,0.239,0.548,0.221,"#9d8a74,#ddc6c4,#473e49",1,,
f9oNZmnsXuc,https://www.youtube.com/watch?v=f9oNZmnsXuc,Hehinton Double Boiler Candle Making Kit,114.0,storyboard,6,48.86,57.0,8.14,https://youtu.be/f9oNZmnsXuc?t=49s,pour_wax,assemble,1,0.5,Pouring melted wax into glass cups.,"Pouring melted wax into glass cups. captioned, steady, low-motion shot, dim, muted grey palette (#889691, #636864). assemble phase, ~43% in, 0:48–0:57.",il hot aT et Ki 4,1,0.0,0.095,0.053,0.375,0.057,"#889691,#636864,#26241f",1,,
f9oNZmnsXuc,https://www.youtube.com/watch?v=f9oNZmnsXuc,Hehinton Double Boiler Candle Making Kit,114.0,storyboard,9,73.29,81.43,8.14,https://youtu.be/f9oNZmnsXuc?t=73s,pour_wax,assemble,1,0.5,Glass cup filled with wax; wick set.,"Glass cup filled with wax; wick set. captioned, static shot, dim, muted grey palette (#85918d, #646562). assemble phase, ~64% in, 1:13–1:21.",AY aM WN 1 rae aan ae Pod ya,1,0.0,0.091,0.039,0.381,0.054,"#85918d,#646562,#292723",1,,
fPLxwt3A3pA,https://www.youtube.com/watch?v=fPLxwt3A3pA,DIY Transparent Candles – No Gel Wax Needed!Easy Tutorial,118.0,storyboard,3,23.6,31.47,7.87,https://youtu.be/fPLxwt3A3pA?t=24s,pour_wax,assemble,1,0.4,Caption 'Hot water'; clear liquid poured into the rose-filled glass.,"Caption 'Hot water'; clear liquid poured into the rose-filled glass. captioned, steady, low-motion shot, well-lit, grey/brown palette (#a08d7f, #8d5e50). assemble phase, ~20% in, 0:23–0:31.",we NSE Voie yg 7 ee rd Zi Li ft uf,1,0.0,0.034,0.086,0.528,0.196,"#a08d7f,#8d5e50,#b1a89c",1,,
fPLxwt3A3pA,https://www.youtube.com/watch?v=fPLxwt3A3pA,DIY Transparent Candles – No Gel Wax Needed!Easy Tutorial,118.0,storyboard,4,31.47,39.33,7.86,https://youtu.be/fPLxwt3A3pA?t=31s,pour_wax,assemble,1,0.4,The glass fills with clear wax around embedded red roses.,"The glass fills with clear wax around embedded red roses. captioned, steady, low-motion shot, well-lit, muted beige/grey palette (#afa394, #a58170). assemble phase, ~27% in, 0:31–0:39.","Meee ia AMIN, 7 ee AS en 43 Py gies 72 OE eiairt 4 ayes OAT ihr Sesto lp Sg YG, NA rm fh. Sin nlf fay LY, pitiecse Bik testes ag 7. vv weriett ot ieee hy BOP AMRITSATSD Paes NS OM ae pe 10 Ma fe my! M",1,0.0,0.015,0.088,0.575,0.131,"#afa394,#a58170,#896353",1,,
fPLxwt3A3pA,https://www.youtube.com/watch?v=fPLxwt3A3pA,DIY Transparent Candles – No Gel Wax Needed!Easy Tutorial,118.0,storyboard,5,39.33,47.2,7.87,https://youtu.be/fPLxwt3A3pA?t=39s,pour_wax,assemble,1,0.35,A stick/wick is positioned in the clear rose candle.,"A stick/wick is positioned in the clear rose candle. steady, low-motion shot, well-lit, beige/grey palette (#b5ab97, #a27c62). assemble phase, ~33% in, 0:39–0:47.",,0,0.0,0.011,0.066,0.571,0.187,"#b5ab97,#a27c62,#80523d",1,,
fPLxwt3A3pA,https://www.youtube.com/watch?v=fPLxwt3A3pA,DIY Transparent Candles – No Gel Wax Needed!Easy Tutorial,118.0,storyboard,6,47.2,55.07,7.87,https://youtu.be/fPLxwt3A3pA?t=47s,pour_wax,assemble,1,0.4,More clear wax in the glass with suspended roses.,"More clear wax in the glass with suspended roses. captioned, moderate on-screen movement, well-lit, beige/grey palette (#c7bcb4, #a5867a). assemble phase, ~40% in, 0:47–0:55.",Slee OC: FBR ae ie ae is,1,0.0,0.018,0.173,0.568,0.209,"#c7bcb4,#a5867a,#963132",1,,
fPLxwt3A3pA,https://www.youtube.com/watch?v=fPLxwt3A3pA,DIY Transparent Candles – No Gel Wax Needed!Easy Tutorial,118.0,storyboard,7,55.07,62.93,7.86,https://youtu.be/fPLxwt3A3pA?t=55s,pour_wax,assemble,1,0.35,Caption 'Hot water'; a hot-water technique step (blurry).,"Caption 'Hot water'; a hot-water technique step (blurry). captioned, steady, low-motion shot, well-lit, grey/brown palette (#a0958c, #965d4d). assemble phase, ~47% in, 0:55–1:02.",ee. ey 2 ey ap age Pere ee TFS 5 Fousy,1,0.0,0.034,0.072,0.573,0.164,"#a0958c,#965d4d,#beb4a8",1,,
fPLxwt3A3pA,https://www.youtube.com/watch?v=fPLxwt3A3pA,DIY Transparent Candles – No Gel Wax Needed!Easy Tutorial,118.0,storyboard,8,62.93,70.8,7.87,https://youtu.be/fPLxwt3A3pA?t=63s,pour_wax,assemble,1,0.4,Clear wax poured around the roses in the glass.,"Clear wax poured around the roses in the glass. captioned, steady, low-motion shot, well-lit, muted grey palette (#a39792, #917362). assemble phase, ~53% in, 1:02–1:10.","wae Spee ae ok eet: Se hy ys teeter 5 Peele eer Bech wie ee Se,",1,0.0,0.016,0.097,0.581,0.095,"#a39792,#917362,#bbb7b3",1,,
fPLxwt3A3pA,https://www.youtube.com/watch?v=fPLxwt3A3pA,DIY Transparent Candles – No Gel Wax Needed!Easy Tutorial,118.0,storyboard,9,70.8,78.67,7.87,https://youtu.be/fPLxwt3A3pA?t=71s,pour_wax,assemble,1,0.4,Glass of clear wax with roses; a blue element appears.,"Glass of clear wax with roses; a blue element appears. captioned, moderate on-screen movement, well-lit, muted grey palette (#856b63, #a09d97). assemble phase, ~60% in, 1:10–1:18.",ade Ks FN Ya ake AG: we ef he SNe 2 ie if or. reel,1,0.0,0.049,0.175,0.528,0.129,"#856b63,#a09d97,#683939",1,,
fPLxwt3A3pA,https://www.youtube.com/watch?v=fPLxwt3A3pA,DIY Transparent Candles – No Gel Wax Needed!Easy Tutorial,118.0,storyboard,10,78.67,86.53,7.86,https://youtu.be/fPLxwt3A3pA?t=79s,pour_wax,assemble,1,0.35,A blue swirl forms — a blue transparent variant being made.,"A blue swirl forms — a blue transparent variant being made. moderate on-screen movement, well-lit, muted grey/beige palette (#9e7b69, #bdb5b6). assemble phase, ~67% in, 1:18–1:26.",ap At 2,0,0.333,0.042,0.187,0.476,0.136,"#9e7b69,#bdb5b6,#543b32",1,,
fPLxwt3A3pA,https://www.youtube.com/watch?v=fPLxwt3A3pA,DIY Transparent Candles – No Gel Wax Needed!Easy Tutorial,118.0,storyboard,11,86.53,94.4,7.87,https://youtu.be/fPLxwt3A3pA?t=87s,pour_wax,assemble,1,0.4,A blue ice-like mass sits in the glass.,"A blue ice-like mass sits in the glass. captioned, moderate on-screen movement, well-lit, beige/grey palette (#c1b5af, #7c706b). assemble phase, ~73% in, 1:26–1:34.",5 Bes ne sa 7 sy Aa 2 pare AL bs Gob mt? 5 oS 3 we fA iw,1,0.0,0.015,0.175,0.522,0.186,"#c1b5af,#7c706b,#4688b4",1,,
fS_Y1fC39kM,https://www.youtube.com/watch?v=fS_Y1fC39kM,How to Make Candles with Essential Oils - Homemade Summer DIY♡ NaturallyThriftyMom,261.0,storyboard,9,71.18,79.09,7.91,https://youtu.be/fS_Y1fC39kM?t=71s,pour_wax,assemble,1,0.55,Melted wax poured into the glass.,"Melted wax poured into the glass. captioned, steady, low-motion shot, well-lit, muted beige/grey palette (#afaaac, #7c6662). assemble phase, ~27% in, 1:11–1:19.",ff- Caan,1,0.0,0.015,0.108,0.509,0.081,"#afaaac,#7c6662,#41231f",1,,
fS_Y1fC39kM,https://www.youtube.com/watch?v=fS_Y1fC39kM,How to Make Candles with Essential Oils - Homemade Summer DIY♡ NaturallyThriftyMom,261.0,storyboard,10,79.09,87.0,7.91,https://youtu.be/fS_Y1fC39kM?t=79s,pour_wax,assemble,1,0.5,Melting pot beside the glass.,"Melting pot beside the glass. moderate on-screen movement, well-lit, muted beige/black palette (#bebaba, #451f1c). assemble phase, ~30% in, 1:19–1:27.",ue,0,0.0,0.046,0.206,0.531,0.096,"#bebaba,#451f1c,#91645a",1,,
fS_Y1fC39kM,https://www.youtube.com/watch?v=fS_Y1fC39kM,How to Make Candles with Essential Oils - Homemade Summer DIY♡ NaturallyThriftyMom,261.0,storyboard,11,87.0,94.91,7.91,https://youtu.be/fS_Y1fC39kM?t=87s,pour_wax,assemble,1,0.5,Glass with wax; hand at work.,"Glass with wax; hand at work. moderate on-screen movement, well-lit, muted beige/grey palette (#afabac, #786965). assemble phase, ~33% in, 1:27–1:34.",,0,0.0,0.017,0.169,0.516,0.105,"#afabac,#786965,#3e1a19",1,,
fS_Y1fC39kM,https://www.youtube.com/watch?v=fS_Y1fC39kM,How to Make Candles with Essential Oils - Homemade Summer DIY♡ NaturallyThriftyMom,261.0,storyboard,15,118.64,126.55,7.91,https://youtu.be/fS_Y1fC39kM?t=119s,pour_wax,assemble,1,0.55,Wax poured into a glass.,"Wax poured into a glass. Pouring the melted wax from the pitcher into the prepared container. steady, low-motion shot, well-lit, muted beige/black palette (#b9b6b6, #2d1d17). assemble phase, ~45% in, 1:58–2:06.",,0,0.0,0.028,0.115,0.55,0.093,"#b9b6b6,#2d1d17,#786859",1,,
fS_Y1fC39kM,https://www.youtube.com/watch?v=fS_Y1fC39kM,How to Make Candles with Essential Oils - Homemade Summer DIY♡ NaturallyThriftyMom,261.0,storyboard,16,126.55,134.45,7.9,https://youtu.be/fS_Y1fC39kM?t=127s,pour_wax,assemble,1,0.5,Glass with wax; stirring.,"Glass with wax; stirring. steady, low-motion shot, well-lit, muted beige/black palette (#c6c5c6, #37211a). assemble phase, ~48% in, 2:06–2:14.",om,0,0.0,0.067,0.121,0.578,0.096,"#c6c5c6,#37211a,#877568",1,,
fS_Y1fC39kM,https://www.youtube.com/watch?v=fS_Y1fC39kM,How to Make Candles with Essential Oils - Homemade Summer DIY♡ NaturallyThriftyMom,261.0,storyboard,19,150.27,158.18,7.91,https://youtu.be/fS_Y1fC39kM?t=150s,pour_wax,assemble,1,0.5,Glass being filled with wax.,"Glass being filled with wax. captioned, moderate on-screen movement, well-lit, grey/beige palette (#887a6e, #beb8b5). assemble phase, ~58% in, 2:30–2:38.",Sy fa 4 fey fs,1,0.0,0.073,0.261,0.48,0.15,"#887a6e,#beb8b5,#3d201c",1,,
fS_Y1fC39kM,https://www.youtube.com/watch?v=fS_Y1fC39kM,How to Make Candles with Essential Oils - Homemade Summer DIY♡ NaturallyThriftyMom,261.0,storyboard,20,158.18,166.09,7.91,https://youtu.be/fS_Y1fC39kM?t=158s,pour_wax,assemble,1,0.5,Wax poured; orange zest nearby.,"Wax poured; orange zest nearby. moderate on-screen movement, well-lit, muted grey/beige palette (#896b4f, #bdb9bd). assemble phase, ~61% in, 2:38–2:46.",ey,0,0.0,0.069,0.18,0.498,0.138,"#896b4f,#bdb9bd,#38201a",1,,
gUmo_4_EhuI,https://www.youtube.com/watch?v=gUmo_4_EhuI,Make DIY Aesthetic Candles with Me | DIY cute candles handmade candle gift ideas | Temu molds review,529.0,storyboard,9,72.14,80.15,8.01,https://youtu.be/gUmo_4_EhuI?t=72s,pour_wax,assemble,1,0.5,Pouring coloured wax into flower/ball silicone moulds.,"Pouring coloured wax into flower/ball silicone moulds. static shot, well-lit, beige/grey palette (#c6c1bc, #ab9884). assemble phase, ~14% in, 1:12–1:20.",,0,0.0,0.003,0.0,0.606,0.161,"#c6c1bc,#ab9884,#643436",1,,
gUmo_4_EhuI,https://www.youtube.com/watch?v=gUmo_4_EhuI,Make DIY Aesthetic Candles with Me | DIY cute candles handmade candle gift ideas | Temu molds review,529.0,storyboard,12,96.18,104.2,8.02,https://youtu.be/gUmo_4_EhuI?t=96s,pour_wax,assemble,1,0.5,Pouring coloured wax into flower/ball silicone moulds.,"Pouring coloured wax into flower/ball silicone moulds. static shot, well-lit, grey/beige palette (#a57982, #bcb3b3). assemble phase, ~18% in, 1:36–1:44.",,0,0.0,0.0,0.0,0.554,0.196,"#a57982,#bcb3b3,#6f323e",1,,
gUmo_4_EhuI,https://www.youtube.com/watch?v=gUmo_4_EhuI,Make DIY Aesthetic Candles with Me | DIY cute candles handmade candle gift ideas | Temu molds review,529.0,storyboard,15,120.23,128.24,8.01,https://youtu.be/gUmo_4_EhuI?t=120s,pour_wax,assemble,1,0.5,Pouring coloured wax into flower/ball silicone moulds.,"Pouring coloured wax into flower/ball silicone moulds. static shot, well-lit, muted grey/beige palette (#817460, #bfc6cc). assemble phase, ~23% in, 2:00–2:08.",,0,0.0,0.002,0.0,0.575,0.108,"#817460,#bfc6cc,#40241d",1,,
gUmo_4_EhuI,https://www.youtube.com/watch?v=gUmo_4_EhuI,Make DIY Aesthetic Candles with Me | DIY cute candles handmade candle gift ideas | Temu molds review,529.0,storyboard,18,144.27,152.29,8.02,https://youtu.be/gUmo_4_EhuI?t=144s,pour_wax,assemble,1,0.5,Pouring coloured wax into flower/ball silicone moulds.,"Pouring coloured wax into flower/ball silicone moulds. moderate on-screen movement, well-lit, muted grey/beige palette (#947e6d, #c2bfb8). assemble phase, ~27% in, 2:24–2:32.",Se,0,0.0,0.026,0.202,0.562,0.128,"#947e6d,#c2bfb8,#5b2f32",1,,
gUmo_4_EhuI,https://www.youtube.com/watch?v=gUmo_4_EhuI,Make DIY Aesthetic Candles with Me | DIY cute candles handmade candle gift ideas | Temu molds review,529.0,storyboard,21,168.32,176.33,8.01,https://youtu.be/gUmo_4_EhuI?t=168s,pour_wax,assemble,1,0.5,Pouring coloured wax into flower/ball silicone moulds.,"Pouring coloured wax into flower/ball silicone moulds. moderate on-screen movement, well-lit, brown/grey palette (#78353b, #b36675). assemble phase, ~32% in, 2:48–2:56.",,0,0.0,0.002,0.23,0.495,0.187,"#78353b,#b36675,#ceb0be",1,,
gUmo_4_EhuI,https://www.youtube.com/watch?v=gUmo_4_EhuI,Make DIY Aesthetic Candles with Me | DIY cute candles handmade candle gift ideas | Temu molds review,529.0,storyboard,57,456.86,464.88,8.02,https://youtu.be/gUmo_4_EhuI?t=457s,pour_wax,assemble,1,0.5,Pouring wax into the jar.,"Pouring wax into the jar. captioned, steady, low-motion shot, well-lit, muted grey/beige palette (#91847d, #c1bdb7). assemble phase, ~86% in, 7:36–7:44.",ad fa we Sa ie 4 eee 3 al SS Se SS ak ewe he ud purcnase my wick stickers trom rd thay wo age ane eee ii om once,1,0.0,0.114,0.07,0.549,0.112,"#91847d,#c1bdb7,#614f3e",1,,
gUmo_4_EhuI,https://www.youtube.com/watch?v=gUmo_4_EhuI,Make DIY Aesthetic Candles with Me | DIY cute candles handmade candle gift ideas | Temu molds review,529.0,storyboard,58,464.88,472.89,8.01,https://youtu.be/gUmo_4_EhuI?t=465s,pour_wax,assemble,1,0.5,Pouring wax into the jar.,"Pouring wax into the jar. captioned, moderate on-screen movement, well-lit, muted grey/beige palette (#8d7e71, #c1c2c0). assemble phase, ~88% in, 7:44–7:52.",an CF oe 4 SSF NIT yen Aaa et,1,0.0,0.069,0.164,0.525,0.108,"#8d7e71,#c1c2c0,#503d32",1,,
gUmo_4_EhuI,https://www.youtube.com/watch?v=gUmo_4_EhuI,Make DIY Aesthetic Candles with Me | DIY cute candles handmade candle gift ideas | Temu molds review,529.0,storyboard,60,480.91,488.92,8.01,https://youtu.be/gUmo_4_EhuI?t=481s,pour_wax,assemble,1,0.5,Pouring wax into the jar.,"Pouring wax into the jar. captioned, steady, low-motion shot, well-lit, muted grey/cream palette (#9a9184, #c9c8c8). assemble phase, ~91% in, 8:00–8:08.",ia oH it 3 wig,1,0.0,0.043,0.126,0.575,0.122,"#9a9184,#c9c8c8,#5a4f42",1,,
hHOzUDG8Upg,https://www.youtube.com/watch?v=hHOzUDG8Upg,Mass Production Process of Candle. A day in a Candle Factory.,796.0,storyboard,1,7.96,15.92,7.96,https://youtu.be/hHOzUDG8Upg?t=8s,pour_wax,assemble,1,0.4,Wax fed into the moulding machine.,"Wax fed into the moulding machine. captioned, static shot, well-lit, beige/black palette (#b0ae83, #171815). assemble phase, ~1% in, 0:07–0:15.",ar ga ae ise ai 4 ee,1,0.0,0.061,0.0,0.452,0.192,"#b0ae83,#171815,#7b733d",1,,
hHOzUDG8Upg,https://www.youtube.com/watch?v=hHOzUDG8Upg,Mass Production Process of Candle. A day in a Candle Factory.,796.0,storyboard,5,39.8,47.76,7.96,https://youtu.be/hHOzUDG8Upg?t=40s,pour_wax,assemble,1,0.4,Wax fed into the moulding machine.,"Wax fed into the moulding machine. captioned, moderate on-screen movement, dim, black/grey palette (#242929, #7d7869). assemble phase, ~5% in, 0:39–0:47.",an ay eA of 7 do 4 oe ih ue ot 7 by Pee ia He 4 DS ay ae Moestet,1,0.0,0.062,0.341,0.395,0.176,"#242929,#7d7869,#c8c5be",1,,
hHOzUDG8Upg,https://www.youtube.com/watch?v=hHOzUDG8Upg,Mass Production Process of Candle. A day in a Candle Factory.,796.0,storyboard,9,71.64,79.6,7.96,https://youtu.be/hHOzUDG8Upg?t=72s,pour_wax,assemble,1,0.4,Wax fed into the moulding machine.,"Wax fed into the moulding machine. static shot, dim, muted black/brown palette (#1c1914, #5e5850). assemble phase, ~9% in, 1:11–1:19.",,0,0.0,0.012,0.0,0.228,0.038,"#1c1914,#5e5850,#c4beb5",1,,
hHOzUDG8Upg,https://www.youtube.com/watch?v=hHOzUDG8Upg,Mass Production Process of Candle. A day in a Candle Factory.,796.0,storyboard,13,103.48,111.44,7.96,https://youtu.be/hHOzUDG8Upg?t=103s,pour_wax,assemble,1,0.4,Wax fed into the moulding machine.,"Wax fed into the moulding machine. captioned, lots of on-screen movement, well-lit, muted grey/black palette (#86857f, #2b2a24). assemble phase, ~13% in, 1:43–1:51.",Ne. Ps ee. 7 pS EA 7 Cd ff Monster,1,0.0,0.039,0.386,0.432,0.031,"#86857f,#2b2a24,#e1e1e0",1,,
hHOzUDG8Upg,https://www.youtube.com/watch?v=hHOzUDG8Upg,Mass Production Process of Candle. A day in a Candle Factory.,796.0,storyboard,17,135.32,143.28,7.96,https://youtu.be/hHOzUDG8Upg?t=135s,pour_wax,assemble,1,0.4,Wax fed into the moulding machine.,"Wax fed into the moulding machine. captioned, static shot, well-lit, muted cream/grey palette (#d2d2d0, #91928c). assemble phase, ~17% in, 2:15–2:23.",ee ae oe,1,0.0,0.031,0.0,0.574,0.029,"#d2d2d0,#91928c,#312e27",1,,
hHOzUDG8Upg,https://www.youtube.com/watch?v=hHOzUDG8Upg,Mass Production Process of Candle. A day in a Candle Factory.,796.0,storyboard,21,167.16,175.12,7.96,https://youtu.be/hHOzUDG8Upg?t=167s,pour_wax,assemble,1,0.4,Wax fed into the moulding machine.,"Wax fed into the moulding machine. captioned, moderate on-screen movement, well-lit, muted cream/grey palette (#d7d5cf, #88847a). assemble phase, ~21% in, 2:47–2:55.",ey ee 3 SF 3. KS 2 SR Se 2 5,1,0.0,0.064,0.213,0.537,0.048,"#d7d5cf,#88847a,#36332d",1,,
hHOzUDG8Upg,https://www.youtube.com/watch?v=hHOzUDG8Upg,Mass Production Process of Candle. A day in a Candle Factory.,796.0,storyboard,26,206.96,214.92,7.96,https://youtu.be/hHOzUDG8Upg?t=207s,pour_wax,assemble,1,0.45,Factory: wax fed into the moulding line.,"Factory: wax fed into the moulding line. captioned, moderate on-screen movement, well-lit, yellow/amber palette (#e1db61, #988a30). assemble phase, ~26% in, 3:26–3:34.",Si Tr 2 inet,1,0.0,0.094,0.218,0.568,0.267,"#e1db61,#988a30,#4e4516",1,,
hHOzUDG8Upg,https://www.youtube.com/watch?v=hHOzUDG8Upg,Mass Production Process of Candle. A day in a Candle Factory.,796.0,storyboard,27,214.92,222.88,7.96,https://youtu.be/hHOzUDG8Upg?t=215s,pour_wax,assemble,1,0.45,Factory: wax fed into the moulding line.,"Factory: wax fed into the moulding line. static shot, well-lit, amber/beige palette (#b0a434, #cac680). assemble phase, ~27% in, 3:34–3:42.",4 TO,0,0.0,0.069,0.0,0.598,0.261,"#b0a434,#cac680,#6a5e24",1,,
hHOzUDG8Upg,https://www.youtube.com/watch?v=hHOzUDG8Upg,Mass Production Process of Candle. A day in a Candle Factory.,796.0,storyboard,30,238.8,246.76,7.96,https://youtu.be/hHOzUDG8Upg?t=239s,pour_wax,assemble,1,0.45,Factory: wax fed into the moulding line.,"Factory: wax fed into the moulding line. static shot, dim, muted black/beige palette (#111211, #acaea1). assemble phase, ~30% in, 3:58–4:06.",en ww,0,0.0,0.092,0.0,0.269,0.079,"#111211,#acaea1,#565546",1,,
hHOzUDG8Upg,https://www.youtube.com/watch?v=hHOzUDG8Upg,Mass Production Process of Candle. A day in a Candle Factory.,796.0,storyboard,35,278.6,286.56,7.96,https://youtu.be/hHOzUDG8Upg?t=279s,pour_wax,assemble,1,0.45,Factory: wax fed into the moulding line.,"Factory: wax fed into the moulding line. static shot, dim, muted black/brown palette (#1e1b14, #524937). assemble phase, ~35% in, 4:38–4:46.",,0,0.0,0.075,0.0,0.292,0.094,"#1e1b14,#524937,#a9a994",1,,
hHOzUDG8Upg,https://www.youtube.com/watch?v=hHOzUDG8Upg,Mass Production Process of Candle. A day in a Candle Factory.,796.0,storyboard,48,382.08,390.04,7.96,https://youtu.be/hHOzUDG8Upg?t=382s,pour_wax,assemble,1,0.45,Factory: wax fed into the moulding line.,"Factory: wax fed into the moulding line. captioned, static shot, well-lit, beige/amber palette (#a9ac9e, #bdba63). assemble phase, ~48% in, 6:22–6:30.",wp at Oy,1,0.0,0.049,0.0,0.634,0.207,"#a9ac9e,#bdba63,#312d19",1,,
hHRi4I1mWuU,https://www.youtube.com/watch?v=hHRi4I1mWuU,Everyone’s freaking out over these Candle HACKS using Dollar Tree Candles,883.0,storyboard,5,40.14,48.16,8.02,https://youtu.be/hHRi4I1mWuU?t=40s,pour_wax,assemble,1,0.5,Pouring the brown 'coffee' wax into the glass.,"Pouring the brown 'coffee' wax into the glass. lots of on-screen movement, dim, black/brown palette (#2a0d06, #7c472a). assemble phase, ~5% in, 0:40–0:48.",he,0,0.0,0.363,0.383,0.395,0.233,"#2a0d06,#7c472a,#e6c59a",1,,description references on-screen text but OCR found none
hHRi4I1mWuU,https://www.youtube.com/watch?v=hHRi4I1mWuU,Everyone’s freaking out over these Candle HACKS using Dollar Tree Candles,883.0,storyboard,9,72.25,80.27,8.02,https://youtu.be/hHRi4I1mWuU?t=72s,pour_wax,assemble,1,0.5,Pouring the brown 'coffee' wax into the glass.,"Pouring the brown 'coffee' wax into the glass. moderate on-screen movement, well-lit, grey/brown palette (#ae8174, #71372b). assemble phase, ~8% in, 1:12–1:20.",,0,0.0,0.155,0.163,0.575,0.185,"#ae8174,#71372b,#c7c8cd",1,,description references on-screen text but OCR found none
hHRi4I1mWuU,https://www.youtube.com/watch?v=hHRi4I1mWuU,Everyone’s freaking out over these Candle HACKS using Dollar Tree Candles,883.0,storyboard,13,104.35,112.38,8.03,https://youtu.be/hHRi4I1mWuU?t=104s,pour_wax,assemble,1,0.5,Pouring the brown 'coffee' wax into the glass.,"Pouring the brown 'coffee' wax into the glass. captioned, static shot, well-lit, beige/cream palette (#c39b8b, #eadbda). assemble phase, ~12% in, 1:44–1:52.",PON 3 sy aa Pala,1,0.0,0.345,0.0,0.646,0.224,"#c39b8b,#eadbda,#7b5042",1,,
hHRi4I1mWuU,https://www.youtube.com/watch?v=hHRi4I1mWuU,Everyone’s freaking out over these Candle HACKS using Dollar Tree Candles,883.0,storyboard,17,136.46,144.49,8.03,https://youtu.be/hHRi4I1mWuU?t=136s,pour_wax,assemble,1,0.5,Pouring the brown 'coffee' wax into the glass.,"Pouring the brown 'coffee' wax into the glass. captioned, moderate on-screen movement, dim, black/brown palette (#1b110f, #804f32). assemble phase, ~15% in, 2:16–2:24.",Se Pe ee,1,0.0,0.134,0.315,0.3,0.179,"#1b110f,#804f32,#e6d6b2",1,,
hHRi4I1mWuU,https://www.youtube.com/watch?v=hHRi4I1mWuU,Everyone’s freaking out over these Candle HACKS using Dollar Tree Candles,883.0,storyboard,21,168.57,176.6,8.03,https://youtu.be/hHRi4I1mWuU?t=169s,pour_wax,assemble,1,0.5,Pouring the brown 'coffee' wax into the glass.,"Pouring the brown 'coffee' wax into the glass. captioned, lots of on-screen movement, well-lit, muted black/brown palette (#23130d, #724e32). assemble phase, ~19% in, 2:48–2:56.",iN ee ty EE beds Wee oe ew XK,1,0.0,0.08,0.708,0.539,0.141,"#23130d,#724e32,#e5d0a0",1,,
hHRi4I1mWuU,https://www.youtube.com/watch?v=hHRi4I1mWuU,Everyone’s freaking out over these Candle HACKS using Dollar Tree Candles,883.0,storyboard,39,313.06,321.09,8.03,https://youtu.be/hHRi4I1mWuU?t=313s,pour_wax,assemble,1,0.55,Pouring wax into a square silicone mould near the oven.,"Pouring wax into a square silicone mould near the oven. moderate on-screen movement, dim, muted black/beige palette (#1e1717, #ada8a2). assemble phase, ~35% in, 5:13–5:21.",ged,0,0.0,0.068,0.344,0.359,0.146,"#1e1717,#ada8a2,#636067",1,,
hHRi4I1mWuU,https://www.youtube.com/watch?v=hHRi4I1mWuU,Everyone’s freaking out over these Candle HACKS using Dollar Tree Candles,883.0,storyboard,40,321.09,329.12,8.03,https://youtu.be/hHRi4I1mWuU?t=321s,pour_wax,assemble,1,0.5,Filling a piping bag with wax at the stove (blue gloves).,"Filling a piping bag with wax at the stove (blue gloves). steady, low-motion shot, dim, muted black/brown palette (#1a1212, #68585b). assemble phase, ~36% in, 5:21–5:29.",Pr po,0,0.0,0.118,0.093,0.275,0.143,"#1a1212,#68585b,#a39993",1,,
hHRi4I1mWuU,https://www.youtube.com/watch?v=hHRi4I1mWuU,Everyone’s freaking out over these Candle HACKS using Dollar Tree Candles,883.0,storyboard,41,329.12,337.15,8.03,https://youtu.be/hHRi4I1mWuU?t=329s,pour_wax,assemble,1,0.5,Piping-bag of wax at the stove.,"Piping-bag of wax at the stove. captioned, static shot, dim, muted black/grey palette (#1b1312, #685e66). assemble phase, ~37% in, 5:29–5:37.",Vigoss Pp BE rs,1,0.0,0.055,0.0,0.235,0.145,"#1b1312,#685e66,#b49f91",1,,
hHRi4I1mWuU,https://www.youtube.com/watch?v=hHRi4I1mWuU,Everyone’s freaking out over these Candle HACKS using Dollar Tree Candles,883.0,storyboard,42,337.15,345.17,8.02,https://youtu.be/hHRi4I1mWuU?t=337s,pour_wax,assemble,1,0.55,Pouring coloured wax into tree/star silicone moulds.,"Pouring coloured wax into tree/star silicone moulds. steady, low-motion shot, well-lit, cream/grey palette (#d0d8cd, #a47e80). assemble phase, ~38% in, 5:37–5:45.",1 tS,0,0.0,0.164,0.071,0.63,0.192,"#d0d8cd,#a47e80,#451d1a",1,,
hHRi4I1mWuU,https://www.youtube.com/watch?v=hHRi4I1mWuU,Everyone’s freaking out over these Candle HACKS using Dollar Tree Candles,883.0,storyboard,43,345.17,353.2,8.03,https://youtu.be/hHRi4I1mWuU?t=345s,pour_wax,assemble,1,0.55,Pouring coloured wax into the silicone moulds.,"Pouring coloured wax into the silicone moulds. captioned, static shot, bright, muted white/beige palette (#e0ece9, #b29dad). assemble phase, ~39% in, 5:45–5:53.",dah Car ry 4 7 ses,1,0.0,0.153,0.027,0.742,0.143,"#e0ece9,#b29dad,#4d2629",1,,
hHRi4I1mWuU,https://www.youtube.com/watch?v=hHRi4I1mWuU,Everyone’s freaking out over these Candle HACKS using Dollar Tree Candles,883.0,storyboard,76,610.07,618.1,8.03,https://youtu.be/hHRi4I1mWuU?t=610s,pour_wax,assemble,1,0.5,Pouring wax into a mould.,"Pouring wax into a mould. captioned, static shot, well-lit, cream/brown palette (#d2cbcd, #48484a). assemble phase, ~69% in, 10:10–10:18.",Tee Sr! ns 29 ge ie he,1,0.0,0.268,0.038,0.605,0.192,"#d2cbcd,#48484a,#a77e79",1,,
hHRi4I1mWuU,https://www.youtube.com/watch?v=hHRi4I1mWuU,Everyone’s freaking out over these Candle HACKS using Dollar Tree Candles,883.0,storyboard,77,618.1,626.13,8.03,https://youtu.be/hHRi4I1mWuU?t=618s,pour_wax,assemble,1,0.5,Pouring wax into a mould.,"Pouring wax into a mould. static shot, bright, cream/beige palette (#fadcc3, #f2c3ac). assemble phase, ~70% in, 10:18–10:26.",,0,0.0,0.0,0.037,0.848,0.167,"#fadcc3,#f2c3ac,#eb5960",1,,
hHRi4I1mWuU,https://www.youtube.com/watch?v=hHRi4I1mWuU,Everyone’s freaking out over these Candle HACKS using Dollar Tree Candles,883.0,storyboard,86,690.35,698.37,8.02,https://youtu.be/hHRi4I1mWuU?t=690s,pour_wax,assemble,1,0.5,Pouring red wax into a dome silicone mould.,"Pouring red wax into a dome silicone mould. captioned, lots of on-screen movement, well-lit, black/brown palette (#201f1e, #684435). assemble phase, ~78% in, 11:30–11:38.",Se er es,1,0.0,0.095,0.496,0.522,0.213,"#201f1e,#684435,#a99280",1,,
hHRi4I1mWuU,https://www.youtube.com/watch?v=hHRi4I1mWuU,Everyone’s freaking out over these Candle HACKS using Dollar Tree Candles,883.0,storyboard,87,698.37,706.4,8.03,https://youtu.be/hHRi4I1mWuU?t=698s,pour_wax,assemble,1,0.5,Pouring into the dome mould.,"Pouring into the dome mould. captioned, steady, low-motion shot, dim, black/grey palette (#3c221c, #786e63). assemble phase, ~79% in, 11:38–11:46.",Se Bet he ys ee SS,1,0.0,0.221,0.131,0.327,0.182,"#3c221c,#786e63,#b8a99a",1,,
i64JEKLWiz0,https://www.youtube.com/watch?v=i64JEKLWiz0,How to Make Flexible Wax Sheets for Stunning Handmade Candles (Easy & Quick Tutorial),167.0,storyboard,6,47.71,55.67,7.96,https://youtu.be/i64JEKLWiz0?t=48s,pour_wax,assemble,1,0.45,Molten wax poured onto a tray to form a flexible sheet.,"Molten wax poured onto a tray to form a flexible sheet. captioned, steady, low-motion shot, well-lit, pink/grey palette (#ebadb3, #7f6559). assemble phase, ~29% in, 0:47–0:55.",Se ee 2 Fi,1,0.0,0.085,0.074,0.544,0.256,"#ebadb3,#7f6559,#2b181b",1,,
i64JEKLWiz0,https://www.youtube.com/watch?v=i64JEKLWiz0,How to Make Flexible Wax Sheets for Stunning Handmade Candles (Easy & Quick Tutorial),167.0,storyboard,7,55.67,63.62,7.95,https://youtu.be/i64JEKLWiz0?t=56s,pour_wax,assemble,1,0.4,Spreading the wax into a thin flexible sheet.,"Spreading the wax into a thin flexible sheet. steady, low-motion shot, well-lit, pink/grey palette (#eba6b3, #906259). assemble phase, ~33% in, 0:55–1:03.",SN ae,0,0.0,0.076,0.068,0.529,0.249,"#eba6b3,#906259,#312020",1,,
imxg0XoPkmg,https://www.youtube.com/watch?v=imxg0XoPkmg,DIY Coconut and Beezwax Candle,74.0,storyboard,5,41.11,49.33,8.22,https://youtu.be/imxg0XoPkmg?t=41s,pour_wax,assemble,1,0.65,"An empty mason jar, then the amber wax is poured in; caption 'Pour into jar and let it cool'.","An empty mason jar, then the amber wax is poured in; caption 'Pour into jar and let it cool'. steady, low-motion shot, bright, muted beige/cream palette (#ad9f88, #d7d5cf). assemble phase, ~56% in, 0:41–0:49.",Ne,0,0.0,0.092,0.081,0.702,0.105,"#ad9f88,#d7d5cf,#7c643c",1,,description references on-screen text but OCR found none
ivWkG-wDrn4,https://www.youtube.com/watch?v=ivWkG-wDrn4,The automatic candle maker nobody's talking about (yet),209.0,storyboard,9,72.35,80.38,8.03,https://youtu.be/ivWkG-wDrn4?t=72s,pour_wax,assemble,1,0.4,Red moulds filled with white wax on the line.,"Red moulds filled with white wax on the line. captioned, moderate on-screen movement, dim, brown/red palette (#700a15, #b13344). assemble phase, ~35% in, 1:12–1:20.",7 3 Ya 7 4 WAX,1,0.0,0.03,0.223,0.354,0.306,"#700a15,#b13344,#e5c7d3",1,,
ivWkG-wDrn4,https://www.youtube.com/watch?v=ivWkG-wDrn4,The automatic candle maker nobody's talking about (yet),209.0,storyboard,15,120.58,128.62,8.04,https://youtu.be/ivWkG-wDrn4?t=121s,pour_wax,assemble,1,0.4,Candle moulds filled.,"Candle moulds filled. Pouring the melted wax from the pitcher into the prepared container. captioned, moderate on-screen movement, well-lit, black/amber palette (#383728, #987f45). assemble phase, ~58% in, 2:00–2:08.",ne EP Pes EY WN Se re py? re rf TO PRODUCE BARGE QUANTITIES,1,0.0,0.104,0.198,0.497,0.25,"#383728,#987f45,#d7ca7a",1,,
jVRtUAY0SpI,https://www.youtube.com/watch?v=jVRtUAY0SpI,The candle that made me go VIRAL ✨ Studio Vlog No. 1 ✨ The making of Cloud Nine,569.0,storyboard,19,152.27,160.28,8.01,https://youtu.be/jVRtUAY0SpI?t=152s,pour_wax,assemble,1,0.4,Overhead: pouring wax into moulds (ice-cube tray).,"Overhead: pouring wax into moulds (ice-cube tray). captioned, steady, low-motion shot, well-lit, muted brown/grey palette (#403a33, #827e78). assemble phase, ~27% in, 2:32–2:40.",ite pe 1 fA od Pn wr 7 ay,1,0.0,0.019,0.069,0.419,0.069,"#403a33,#827e78,#b2b4b6",1,,
jVRtUAY0SpI,https://www.youtube.com/watch?v=jVRtUAY0SpI,The candle that made me go VIRAL ✨ Studio Vlog No. 1 ✨ The making of Cloud Nine,569.0,storyboard,20,160.28,168.3,8.02,https://youtu.be/jVRtUAY0SpI?t=160s,pour_wax,assemble,1,0.5,Host talks to camera (the viral candle).,"Host talks to camera (the viral candle). Pouring the melted wax from the pitcher into the prepared container. captioned, steady, low-motion shot, dim, muted black/grey palette (#27231f, #696158). assemble phase, ~28% in, 2:40–2:48.",Dae no Bis ame Naf ae ef 3 al we Oe ly Ja5 da ie ff os aa Ce,1,0.0,0.135,0.087,0.346,0.068,"#27231f,#696158,#c1c0bf",1,,
jVRtUAY0SpI,https://www.youtube.com/watch?v=jVRtUAY0SpI,The candle that made me go VIRAL ✨ Studio Vlog No. 1 ✨ The making of Cloud Nine,569.0,storyboard,21,168.3,176.31,8.01,https://youtu.be/jVRtUAY0SpI?t=168s,pour_wax,assemble,1,0.4,Overhead candle-making insert (mould/pour).,"Overhead candle-making insert (mould/pour). static shot, dim, muted grey/black palette (#796259, #3d3027). assemble phase, ~30% in, 2:48–2:56.",,0,0.0,0.01,0.0,0.376,0.115,"#796259,#3d3027,#b8babd",1,,
jVRtUAY0SpI,https://www.youtube.com/watch?v=jVRtUAY0SpI,The candle that made me go VIRAL ✨ Studio Vlog No. 1 ✨ The making of Cloud Nine,569.0,storyboard,22,176.31,184.32,8.01,https://youtu.be/jVRtUAY0SpI?t=176s,pour_wax,assemble,1,0.4,Overhead: pouring wax into moulds (ice-cube tray).,"Overhead: pouring wax into moulds (ice-cube tray). captioned, moderate on-screen movement, well-lit, muted grey/brown palette (#85796b, #3f312a). assemble phase, ~31% in, 2:56–3:04.",Dee poms ON ms ae Ce 4,1,0.0,0.032,0.203,0.411,0.093,"#85796b,#3f312a,#afafac",1,,
jVRtUAY0SpI,https://www.youtube.com/watch?v=jVRtUAY0SpI,The candle that made me go VIRAL ✨ Studio Vlog No. 1 ✨ The making of Cloud Nine,569.0,storyboard,29,232.41,240.42,8.01,https://youtu.be/jVRtUAY0SpI?t=232s,pour_wax,assemble,1,0.5,Pouring wax into the cups.,"Pouring wax into the cups. captioned, static shot, dim, muted black/brown palette (#16120f, #514e49). assemble phase, ~41% in, 3:52–4:00.",SO aa ine ae,1,0.0,0.046,0.0,0.335,0.034,"#16120f,#514e49,#eaecec",1,,
jVRtUAY0SpI,https://www.youtube.com/watch?v=jVRtUAY0SpI,The candle that made me go VIRAL ✨ Studio Vlog No. 1 ✨ The making of Cloud Nine,569.0,storyboard,43,344.61,352.62,8.01,https://youtu.be/jVRtUAY0SpI?t=345s,pour_wax,assemble,1,0.5,Pouring wax into the cups.,"Pouring wax into the cups. captioned, static shot, well-lit, muted grey/black palette (#746b61, #29231f). assemble phase, ~61% in, 5:44–5:52.",Ay ca 7 2 le 4 an nde! he ips Me. ae 3 Fie oy eT SF ey at 5 Paap ae: hk sv ay ha nd,1,0.0,0.142,0.023,0.41,0.078,"#746b61,#29231f,#c1bdb8",1,,
jVRtUAY0SpI,https://www.youtube.com/watch?v=jVRtUAY0SpI,The candle that made me go VIRAL ✨ Studio Vlog No. 1 ✨ The making of Cloud Nine,569.0,storyboard,45,360.63,368.65,8.02,https://youtu.be/jVRtUAY0SpI?t=361s,pour_wax,assemble,1,0.5,Making/placing white cloud embeds & labelling.,"Making/placing white cloud embeds & labelling. captioned, static shot, well-lit, muted black/grey palette (#352f29, #857b72). assemble phase, ~63% in, 6:00–6:08.","7 Ig Ee He aint of so ay 5 7 7 me, vel af al oS Aly ay iz jl ee ke sie ae mera tin tere Pa ea te ae Ve",1,0.0,0.153,0.027,0.412,0.079,"#352f29,#857b72,#cdccc9",1,,
jVRtUAY0SpI,https://www.youtube.com/watch?v=jVRtUAY0SpI,The candle that made me go VIRAL ✨ Studio Vlog No. 1 ✨ The making of Cloud Nine,569.0,storyboard,47,376.66,384.68,8.02,https://youtu.be/jVRtUAY0SpI?t=377s,pour_wax,assemble,1,0.5,Pouring wax into the cups.,"Pouring wax into the cups. captioned, static shot, well-lit, muted grey/black palette (#786e65, #2c2723). assemble phase, ~66% in, 6:16–6:24.",2 Brel it aaeke cir is... Bs 9 js ru et ot,1,0.0,0.127,0.048,0.412,0.078,"#786e65,#2c2723,#c3c1bd",1,,
jbIMRuMBGFA,https://www.youtube.com/watch?v=jbIMRuMBGFA,Tips to prevent frosting and sinkholes in candles | soy wax frosting | sinkholes in candles,269.0,storyboard,13,102.85,110.76,7.91,https://youtu.be/jbIMRuMBGFA?t=103s,pour_wax,assemble,1,0.45,Pouring wax into the jar.,"Pouring wax into the jar. captioned, steady, low-motion shot, dim, black/beige palette (#251910, #dfa686). assemble phase, ~38% in, 1:42–1:50.",4 4. Ss ii wf,1,0.0,0.047,0.147,0.319,0.174,"#251910,#dfa686,#6a533e",1,,
jbIMRuMBGFA,https://www.youtube.com/watch?v=jbIMRuMBGFA,Tips to prevent frosting and sinkholes in candles | soy wax frosting | sinkholes in candles,269.0,storyboard,16,126.59,134.5,7.91,https://youtu.be/jbIMRuMBGFA?t=127s,pour_wax,assemble,1,0.45,Jar; pouring.,"Jar; pouring. Pouring the melted wax from the pitcher into the prepared container. captioned, static shot, dim, muted black/brown palette (#1a120c, #6a4f37). assemble phase, ~47% in, 2:06–2:14.",ad 4 gh.,1,0.0,0.039,0.048,0.271,0.137,"#1a120c,#6a4f37,#bea37d",1,,
jbIMRuMBGFA,https://www.youtube.com/watch?v=jbIMRuMBGFA,Tips to prevent frosting and sinkholes in candles | soy wax frosting | sinkholes in candles,269.0,storyboard,17,134.5,142.41,7.91,https://youtu.be/jbIMRuMBGFA?t=134s,pour_wax,assemble,1,0.5,Pouring wax into the jar.,"Pouring wax into the jar. captioned, static shot, dim, muted black/brown palette (#1c140e, #73573b). assemble phase, ~50% in, 2:14–2:22.",in on 4 ee 4,1,0.0,0.051,0.03,0.277,0.142,"#1c140e,#73573b,#bca387",1,,
jbIMRuMBGFA,https://www.youtube.com/watch?v=jbIMRuMBGFA,Tips to prevent frosting and sinkholes in candles | soy wax frosting | sinkholes in candles,269.0,storyboard,18,142.41,150.32,7.91,https://youtu.be/jbIMRuMBGFA?t=142s,pour_wax,assemble,1,0.45,Jar filled with wax.,"Jar filled with wax. Pouring the melted wax from the pitcher into the prepared container. captioned, steady, low-motion shot, dim, black/brown palette (#1c140e, #76583f). assemble phase, ~53% in, 2:22–2:30.",gt He we,1,0.0,0.024,0.143,0.306,0.16,"#1c140e,#76583f,#bda588",1,,
jbIMRuMBGFA,https://www.youtube.com/watch?v=jbIMRuMBGFA,Tips to prevent frosting and sinkholes in candles | soy wax frosting | sinkholes in candles,269.0,storyboard,19,150.32,158.24,7.92,https://youtu.be/jbIMRuMBGFA?t=150s,pour_wax,assemble,1,0.5,'4. Wax pouring issues'; pouring.,"'4. Wax pouring issues'; pouring. captioned, steady, low-motion shot, dim, muted black/brown palette (#211911, #6f5b42). assemble phase, ~56% in, 2:30–2:38.",an WAX POURING SPEED aN Ss 7 ee ee ee. om ie HN ee,1,0.0,0.109,0.12,0.249,0.126,"#211911,#6f5b42,#d6cdba",1,,
k0tHC2jZLwk,https://www.youtube.com/watch?v=k0tHC2jZLwk,How to make a glitter gel candle ✨| Supplies For Candles,146.0,storyboard,10,81.11,89.22,8.11,https://youtu.be/k0tHC2jZLwk?t=81s,pour_wax,assemble,1,0.55,Pouring blue gel into a glass.,"Pouring blue gel into a glass. captioned, static shot, bright, muted white/beige palette (#e8f0f6, #b9a6a3). assemble phase, ~56% in, 1:21–1:29.","wy eee our ge wee, ru SU",1,0.0,0.037,0.045,0.819,0.072,"#e8f0f6,#b9a6a3,#62656c",1,,
k0tHC2jZLwk,https://www.youtube.com/watch?v=k0tHC2jZLwk,How to make a glitter gel candle ✨| Supplies For Candles,146.0,storyboard,11,89.22,97.33,8.11,https://youtu.be/k0tHC2jZLwk?t=89s,pour_wax,assemble,1,0.5,Pouring from the metal pot.,"Pouring from the metal pot. static shot, bright, muted white/beige palette (#f0f5f8, #b8aeae). assemble phase, ~61% in, 1:29–1:37.",,0,0.0,0.039,0.043,0.755,0.058,"#f0f5f8,#b8aeae,#3d4c51",1,,
k0tHC2jZLwk,https://www.youtube.com/watch?v=k0tHC2jZLwk,How to make a glitter gel candle ✨| Supplies For Candles,146.0,storyboard,12,97.33,105.44,8.11,https://youtu.be/k0tHC2jZLwk?t=97s,pour_wax,assemble,1,0.4,Pot of blue gel.,"Pot of blue gel. Pouring the melted wax from the pitcher into the prepared container. steady, low-motion shot, bright, muted white/beige palette (#dfecf7, #b5aaaf). assemble phase, ~67% in, 1:37–1:45.",5,0,0.0,0.06,0.11,0.747,0.094,"#dfecf7,#b5aaaf,#344755",1,,
k0tHC2jZLwk,https://www.youtube.com/watch?v=k0tHC2jZLwk,How to make a glitter gel candle ✨| Supplies For Candles,146.0,storyboard,13,105.44,113.56,8.12,https://youtu.be/k0tHC2jZLwk?t=105s,pour_wax,assemble,1,0.5,Pouring blue gel into the glass around the wick.,"Pouring blue gel into the glass around the wick. captioned, steady, low-motion shot, bright, cream/beige palette (#bcd6eb, #a2a2ad). assemble phase, ~72% in, 1:45–1:53.","7 ae By Orme meted tebe olf thee heer, yoatt art your aot Der",1,0.0,0.078,0.068,0.754,0.157,"#bcd6eb,#a2a2ad,#3d82a3",1,,
kdQH8hAYZ38,https://www.youtube.com/watch?v=kdQH8hAYZ38,how to make candles with essential oils 💐,179.0,storyboard,14,113.91,122.05,8.14,https://youtu.be/kdQH8hAYZ38?t=114s,pour_wax,assemble,1,0.4,Hands pour/work white wax in a cutaway demo.,"Hands pour/work white wax in a cutaway demo. captioned, steady, low-motion shot, bright, muted white/beige palette (#e3e5e8, #aaa39a). assemble phase, ~64% in, 1:53–2:02.",Pere AoA 2 4 er Biar lee,1,0.0,0.048,0.095,0.717,0.074,"#e3e5e8,#aaa39a,#696255",1,,
l4-8dPDeC80,https://www.youtube.com/watch?v=l4-8dPDeC80,Turn the Ocean into a Candle🌊😍 Easy DIY Gel Candle Tutorial🕯️,121.0,storyboard,0,0.0,8.07,8.07,https://youtu.be/l4-8dPDeC80?t=0s,pour_wax,assemble,1,0.45,Glass with blue/clear gel layers; starfish decor.,"Glass with blue/clear gel layers; starfish decor. captioned, steady, low-motion shot, well-lit, muted beige/black palette (#bfb5ac, #312f37). assemble phase, ~0% in, 0:00–0:08.",aoe Place the cotton wick in the center of the jar.,1,0.0,0.074,0.107,0.501,0.099,"#bfb5ac,#312f37,#996b64",1,,
l4-8dPDeC80,https://www.youtube.com/watch?v=l4-8dPDeC80,Turn the Ocean into a Candle🌊😍 Easy DIY Gel Candle Tutorial🕯️,121.0,storyboard,3,24.2,32.27,8.07,https://youtu.be/l4-8dPDeC80?t=24s,pour_wax,assemble,1,0.5,Clear gel poured into the glass.,"Clear gel poured into the glass. captioned, steady, low-motion shot, well-lit, muted beige/black palette (#c1b7ae, #323840). assemble phase, ~20% in, 0:24–0:32.",iy 1 PO Aes zi ae 3 Of mee OF ve mA Ser,1,0.0,0.058,0.073,0.564,0.091,"#c1b7ae,#323840,#9d766a",1,,
l4-8dPDeC80,https://www.youtube.com/watch?v=l4-8dPDeC80,Turn the Ocean into a Candle🌊😍 Easy DIY Gel Candle Tutorial🕯️,121.0,storyboard,7,56.47,64.53,8.06,https://youtu.be/l4-8dPDeC80?t=56s,pour_wax,assemble,1,0.5,Blue ocean gel poured into the glass.,"Blue ocean gel poured into the glass. captioned, moderate on-screen movement, well-lit, muted beige/black palette (#bcb4af, #27333e). assemble phase, ~47% in, 0:56–1:04.","Wee PrGRLET Daa an. ER/ Once melted, pour little bit of the wax nto the jar to fix the sand and seashells in place",1,0.0,0.08,0.168,0.541,0.081,"#bcb4af,#27333e,#948a83",1,,
l4-8dPDeC80,https://www.youtube.com/watch?v=l4-8dPDeC80,Turn the Ocean into a Candle🌊😍 Easy DIY Gel Candle Tutorial🕯️,121.0,storyboard,8,64.53,72.6,8.07,https://youtu.be/l4-8dPDeC80?t=65s,pour_wax,assemble,1,0.45,Blue gel fills the glass.,"Blue gel fills the glass. captioned, steady, low-motion shot, well-lit, muted beige/brown palette (#b7aea7, #3c4853). assemble phase, ~53% in, 1:04–1:12.","Sa VEAVTE ahi itang, neigh ii 1 Dt Pe oh. SP",1,0.0,0.063,0.131,0.553,0.073,"#b7aea7,#3c4853,#0f1113",1,,
l4-8dPDeC80,https://www.youtube.com/watch?v=l4-8dPDeC80,Turn the Ocean into a Candle🌊😍 Easy DIY Gel Candle Tutorial🕯️,121.0,storyboard,9,72.6,80.67,8.07,https://youtu.be/l4-8dPDeC80?t=73s,pour_wax,assemble,1,0.45,Finishing the foam wave on the ocean candle.,"Finishing the foam wave on the ocean candle. captioned, steady, low-motion shot, well-lit, muted beige/black palette (#b1a59d, #252a34). assemble phase, ~60% in, 1:12–1:20.","ow 4 4 tet In the next step, add 2 drops of blue dye to the motted wax, stir it well, and pour it into tho jar",1,0.0,0.095,0.093,0.501,0.098,"#b1a59d,#252a34,#f0efed",1,,
l4-8dPDeC80,https://www.youtube.com/watch?v=l4-8dPDeC80,Turn the Ocean into a Candle🌊😍 Easy DIY Gel Candle Tutorial🕯️,121.0,storyboard,10,80.67,88.73,8.06,https://youtu.be/l4-8dPDeC80?t=81s,pour_wax,assemble,1,0.45,More blue gel poured.,"More blue gel poured. Pouring the melted wax from the pitcher into the prepared container. steady, low-motion shot, well-lit, muted beige/black palette (#bdb3ac, #252b38). assemble phase, ~67% in, 1:20–1:28.",iii,0,0.0,0.051,0.091,0.542,0.083,"#bdb3ac,#252b38,#877979",1,,
lTMszYRbm84,https://www.youtube.com/watch?v=lTMszYRbm84,Candle Making Tutorial | DIY Candle Pouring for Beginners,174.0,storyboard,16,126.55,134.45,7.9,https://youtu.be/lTMszYRbm84?t=127s,pour_wax,assemble,1,0.65,Caption 'POUR INTO CUP'; wax poured into the container.,"Caption 'POUR INTO CUP'; wax poured into the container. captioned, moderate on-screen movement, well-lit, muted beige/grey palette (#b6a68e, #8f7455). assemble phase, ~73% in, 2:06–2:14.",3 pl ras,1,0.0,0.041,0.164,0.589,0.115,"#b6a68e,#8f7455,#2f2d18",1,,
lTMszYRbm84,https://www.youtube.com/watch?v=lTMszYRbm84,Candle Making Tutorial | DIY Candle Pouring for Beginners,174.0,storyboard,17,134.45,142.36,7.91,https://youtu.be/lTMszYRbm84?t=134s,pour_wax,assemble,1,0.6,Continued pour into the cup.,"Continued pour into the cup. steady, low-motion shot, well-lit, muted amber/beige palette (#b09b79, #c7b59b). assemble phase, ~77% in, 2:14–2:22.",7 aie 7,0,0.0,0.043,0.111,0.597,0.117,"#b09b79,#c7b59b,#4c3e2d",1,,
m2fZmJ8RmZM,https://www.youtube.com/watch?v=m2fZmJ8RmZM,Candle Making at Home for Beginners | Candle Business,304.0,storyboard,32,256.0,264.0,8.0,https://youtu.be/m2fZmJ8RmZM?t=256s,pour_wax,assemble,1,0.55,Cream wax poured into champagne-style glasses.,"Cream wax poured into champagne-style glasses. captioned, steady, low-motion shot, well-lit, muted cream/grey palette (#d7d7d9, #9b9893). assemble phase, ~84% in, 4:16–4:24.",ya Pi Le ot ay we ve ae,1,0.0,0.122,0.1,0.628,0.074,"#d7d7d9,#9b9893,#574c42",1,,
m2fZmJ8RmZM,https://www.youtube.com/watch?v=m2fZmJ8RmZM,Candle Making at Home for Beginners | Candle Business,304.0,storyboard,34,272.0,280.0,8.0,https://youtu.be/m2fZmJ8RmZM?t=272s,pour_wax,assemble,1,0.55,Filling a row of glasses with wax.,"Filling a row of glasses with wax. captioned, steady, low-motion shot, well-lit, muted grey/cream palette (#9a978d, #d4d4d1). assemble phase, ~89% in, 4:32–4:40.",SS ar fs 7 Le tid 7 ae LH ein Ayr. 1. La Ay Te SS So he eae 7 er,1,0.0,0.132,0.089,0.61,0.089,"#9a978d,#d4d4d1,#564b3f",1,,
m2fZmJ8RmZM,https://www.youtube.com/watch?v=m2fZmJ8RmZM,Candle Making at Home for Beginners | Candle Business,304.0,storyboard,35,280.0,288.0,8.0,https://youtu.be/m2fZmJ8RmZM?t=280s,pour_wax,assemble,1,0.5,Pouring into glasses; bottles behind.,"Pouring into glasses; bottles behind. captioned, steady, low-motion shot, well-lit, muted grey/cream palette (#968371, #cacac9). assemble phase, ~92% in, 4:40–4:48.",SS ae oe al Ke Ea es eo 3 7 7 1 ay sr nth,1,0.0,0.12,0.118,0.601,0.109,"#968371,#cacac9,#4f3d30",1,,
m6PpWgz7YGM,https://www.youtube.com/watch?v=m6PpWgz7YGM,The Satisfying Process of Candle Making | Inside a Modern Candle Factory,665.0,storyboard,4,32.05,40.06,8.01,https://youtu.be/m6PpWgz7YGM?t=32s,pour_wax,assemble,1,0.45,Pouring wax into the candle moulds on the line.,"Pouring wax into the candle moulds on the line. static shot, dim, black/brown palette (#2e1503, #ad5d11). assemble phase, ~5% in, 0:32–0:40.",5,0,0.0,0.04,0.0,0.285,0.337,"#2e1503,#ad5d11,#f2ce83",1,,
m6PpWgz7YGM,https://www.youtube.com/watch?v=m6PpWgz7YGM,The Satisfying Process of Candle Making | Inside a Modern Candle Factory,665.0,storyboard,13,104.16,112.17,8.01,https://youtu.be/m6PpWgz7YGM?t=104s,pour_wax,assemble,1,0.45,Pouring wax into the candle moulds on the line.,"Pouring wax into the candle moulds on the line. moderate on-screen movement, well-lit, brown palette (#a15b3a, #4d271e). assemble phase, ~16% in, 1:44–1:52.",sm ee,0,0.0,0.022,0.245,0.475,0.156,"#a15b3a,#4d271e,#deab8b",1,,
m6PpWgz7YGM,https://www.youtube.com/watch?v=m6PpWgz7YGM,The Satisfying Process of Candle Making | Inside a Modern Candle Factory,665.0,storyboard,16,128.19,136.2,8.01,https://youtu.be/m6PpWgz7YGM?t=128s,pour_wax,assemble,1,0.45,Pouring wax into the candle moulds on the line.,"Pouring wax into the candle moulds on the line. moderate on-screen movement, well-lit, muted grey/brown palette (#996b5d, #603028). assemble phase, ~19% in, 2:08–2:16.",oO aw,0,0.0,0.06,0.22,0.465,0.138,"#996b5d,#603028,#cf9c94",1,,
m6PpWgz7YGM,https://www.youtube.com/watch?v=m6PpWgz7YGM,The Satisfying Process of Candle Making | Inside a Modern Candle Factory,665.0,storyboard,22,176.27,184.28,8.01,https://youtu.be/m6PpWgz7YGM?t=176s,pour_wax,assemble,1,0.45,Pouring wax into the candle moulds on the line.,"Pouring wax into the candle moulds on the line. static shot, well-lit, muted cream/brown palette (#d2ccbf, #483320). assemble phase, ~27% in, 2:56–3:04.",,0,0.0,0.001,0.0,0.511,0.114,"#d2ccbf,#483320,#897758",1,,
m6PpWgz7YGM,https://www.youtube.com/watch?v=m6PpWgz7YGM,The Satisfying Process of Candle Making | Inside a Modern Candle Factory,665.0,storyboard,31,248.37,256.39,8.02,https://youtu.be/m6PpWgz7YGM?t=248s,pour_wax,assemble,1,0.45,Pouring wax into moulds on the line.,"Pouring wax into moulds on the line. moderate on-screen movement, well-lit, amber/brown palette (#cf7d3d, #783c1b). assemble phase, ~37% in, 4:08–4:16.",,0,0.0,0.006,0.182,0.42,0.34,"#cf7d3d,#783c1b,#eb1716",1,,
m6PpWgz7YGM,https://www.youtube.com/watch?v=m6PpWgz7YGM,The Satisfying Process of Candle Making | Inside a Modern Candle Factory,665.0,storyboard,32,256.39,264.4,8.01,https://youtu.be/m6PpWgz7YGM?t=256s,pour_wax,assemble,1,0.45,Molten wax vats/channels.,"Molten wax vats/channels. moderate on-screen movement, well-lit, vivid brown/orange palette (#714816, #d2a120). assemble phase, ~39% in, 4:16–4:24.",,0,0.0,0.001,0.208,0.419,0.372,"#714816,#d2a120,#206504",1,,
m6PpWgz7YGM,https://www.youtube.com/watch?v=m6PpWgz7YGM,The Satisfying Process of Candle Making | Inside a Modern Candle Factory,665.0,storyboard,33,264.4,272.41,8.01,https://youtu.be/m6PpWgz7YGM?t=264s,pour_wax,assemble,1,0.45,Pouring wax into moulds on the line.,"Pouring wax into moulds on the line. static shot, dark, black/brown palette (#0f0102, #781c2a). assemble phase, ~40% in, 4:24–4:32.",Rt,0,0.0,0.035,0.0,0.118,0.233,"#0f0102,#781c2a,#ca646d",1,,
m6PpWgz7YGM,https://www.youtube.com/watch?v=m6PpWgz7YGM,The Satisfying Process of Candle Making | Inside a Modern Candle Factory,665.0,storyboard,48,384.58,392.59,8.01,https://youtu.be/m6PpWgz7YGM?t=385s,pour_wax,assemble,1,0.45,Pouring wax into moulds on the line.,"Pouring wax into moulds on the line. captioned, moderate on-screen movement, well-lit, muted grey/black palette (#6e7d7b, #2d3b39). assemble phase, ~58% in, 6:24–6:32.",leer vs HF ds 1 ms TOK.,1,0.0,0.05,0.316,0.54,0.097,"#6e7d7b,#2d3b39,#afbbbc",1,,
m6PpWgz7YGM,https://www.youtube.com/watch?v=m6PpWgz7YGM,The Satisfying Process of Candle Making | Inside a Modern Candle Factory,665.0,storyboard,56,448.67,456.69,8.02,https://youtu.be/m6PpWgz7YGM?t=449s,pour_wax,assemble,1,0.45,Pouring wax into moulds on the line.,"Pouring wax into moulds on the line. lots of on-screen movement, dim, muted black palette (#0d0703, #2a1d14). assemble phase, ~67% in, 7:28–7:36.",rr 7,0,0.0,0.025,0.351,0.245,0.064,"#0d0703,#2a1d14,#766456",1,,
m6PpWgz7YGM,https://www.youtube.com/watch?v=m6PpWgz7YGM,The Satisfying Process of Candle Making | Inside a Modern Candle Factory,665.0,storyboard,59,472.71,480.72,8.01,https://youtu.be/m6PpWgz7YGM?t=473s,pour_wax,assemble,1,0.45,Pouring wax into moulds on the line.,"Pouring wax into moulds on the line. moderate on-screen movement, dim, grey/black palette (#6b6c62, #3a342b). assemble phase, ~71% in, 7:52–8:00.",,0,0.0,0.047,0.239,0.377,0.184,"#6b6c62,#3a342b,#d6ccbc",1,,
m6PpWgz7YGM,https://www.youtube.com/watch?v=m6PpWgz7YGM,The Satisfying Process of Candle Making | Inside a Modern Candle Factory,665.0,storyboard,62,496.75,504.76,8.01,https://youtu.be/m6PpWgz7YGM?t=497s,pour_wax,assemble,1,0.45,Pouring wax into moulds on the line.,"Pouring wax into moulds on the line. static shot, well-lit, brown/amber palette (#784d27, #c49361). assemble phase, ~75% in, 8:16–8:24.",,0,0.0,0.006,0.0,0.541,0.166,"#784d27,#c49361,#f5cf9f",1,,
m6PpWgz7YGM,https://www.youtube.com/watch?v=m6PpWgz7YGM,The Satisfying Process of Candle Making | Inside a Modern Candle Factory,665.0,storyboard,66,528.8,536.81,8.01,https://youtu.be/m6PpWgz7YGM?t=529s,pour_wax,assemble,1,0.45,Pouring wax into moulds on the line.,"Pouring wax into moulds on the line. captioned, moderate on-screen movement, well-lit, muted beige/grey palette (#d6cab3, #8c9191). assemble phase, ~80% in, 8:48–8:56.",Ay ail EEE,1,0.0,0.014,0.325,0.482,0.097,"#d6cab3,#8c9191,#4b545b",1,,
m6PpWgz7YGM,https://www.youtube.com/watch?v=m6PpWgz7YGM,The Satisfying Process of Candle Making | Inside a Modern Candle Factory,665.0,storyboard,73,584.88,592.89,8.01,https://youtu.be/m6PpWgz7YGM?t=585s,pour_wax,assemble,1,0.45,Pouring wax into moulds on the line.,"Pouring wax into moulds on the line. captioned, static shot, well-lit, muted brown/grey palette (#474a41, #75786f). assemble phase, ~88% in, 9:44–9:52.",eS ie ee OE oe,1,0.0,0.024,0.0,0.439,0.042,"#474a41,#75786f,#bdbcb2",1,,
m8gO36sLIfo,https://www.youtube.com/watch?v=m8gO36sLIfo,Easy Candle Making for Kids | Fun DIY Candle Tutorial at Home,214.0,storyboard,5,39.63,47.56,7.93,https://youtu.be/m8gO36sLIfo?t=40s,pour_wax,assemble,1,0.5,Pouring green wax.,"Pouring green wax. Pouring the melted wax from the pitcher into the prepared container. moderate on-screen movement, well-lit, muted brown/grey palette (#5b5742, #949082). assemble phase, ~19% in, 0:39–0:47.",ow eS.,0,0.0,0.024,0.158,0.445,0.088,"#5b5742,#949082,#dddcd4",1,,
m8gO36sLIfo,https://www.youtube.com/watch?v=m8gO36sLIfo,Easy Candle Making for Kids | Fun DIY Candle Tutorial at Home,214.0,storyboard,6,47.56,55.48,7.92,https://youtu.be/m8gO36sLIfo?t=48s,pour_wax,assemble,1,0.45,Bowl of yellow melted wax.,"Bowl of yellow melted wax. steady, low-motion shot, well-lit, muted brown/beige palette (#54533d, #cdc2ac). assemble phase, ~22% in, 0:47–0:55.",,0,0.0,0.007,0.122,0.504,0.133,"#54533d,#cdc2ac,#8f8b86",1,,
m8gO36sLIfo,https://www.youtube.com/watch?v=m8gO36sLIfo,Easy Candle Making for Kids | Fun DIY Candle Tutorial at Home,214.0,storyboard,7,55.48,63.41,7.93,https://youtu.be/m8gO36sLIfo?t=55s,pour_wax,assemble,1,0.5,Pouring wax into moulds.,"Pouring wax into moulds. Pouring the melted wax from the pitcher into the prepared container. steady, low-motion shot, well-lit, muted brown/grey palette (#53504c, #969281). assemble phase, ~26% in, 0:55–1:03.",,0,0.0,0.002,0.144,0.534,0.106,"#53504c,#969281,#e2d1b5",1,,
m8gO36sLIfo,https://www.youtube.com/watch?v=m8gO36sLIfo,Easy Candle Making for Kids | Fun DIY Candle Tutorial at Home,214.0,storyboard,8,63.41,71.33,7.92,https://youtu.be/m8gO36sLIfo?t=63s,pour_wax,assemble,1,0.5,Pouring green wax into the moulds.,"Pouring green wax into the moulds. steady, low-motion shot, well-lit, muted brown/grey palette (#5e5648, #86847a). assemble phase, ~30% in, 1:03–1:11.",,0,0.0,0.003,0.127,0.509,0.111,"#5e5648,#86847a,#b9b6a6",1,,
m8gO36sLIfo,https://www.youtube.com/watch?v=m8gO36sLIfo,Easy Candle Making for Kids | Fun DIY Candle Tutorial at Home,214.0,storyboard,9,71.33,79.26,7.93,https://youtu.be/m8gO36sLIfo?t=71s,pour_wax,assemble,1,0.5,Filling the moulds with coloured wax.,"Filling the moulds with coloured wax. steady, low-motion shot, well-lit, muted brown/grey palette (#514830, #7c7867). assemble phase, ~33% in, 1:11–1:19.",xe iL,0,0.0,0.032,0.145,0.479,0.124,"#514830,#7c7867,#c3bdb2",1,,
m8gO36sLIfo,https://www.youtube.com/watch?v=m8gO36sLIfo,Easy Candle Making for Kids | Fun DIY Candle Tutorial at Home,214.0,storyboard,10,79.26,87.19,7.93,https://youtu.be/m8gO36sLIfo?t=79s,pour_wax,assemble,1,0.5,Pink wax in square moulds.,"Pink wax in square moulds. steady, low-motion shot, well-lit, muted brown/grey palette (#594a3d, #838077). assemble phase, ~37% in, 1:19–1:27.",ae,0,0.0,0.021,0.131,0.459,0.124,"#594a3d,#838077,#c3bfb2",1,,
m8gO36sLIfo,https://www.youtube.com/watch?v=m8gO36sLIfo,Easy Candle Making for Kids | Fun DIY Candle Tutorial at Home,214.0,storyboard,11,87.19,95.11,7.92,https://youtu.be/m8gO36sLIfo?t=87s,pour_wax,assemble,1,0.5,Red/pink wax moulds.,"Red/pink wax moulds. Pouring the melted wax from the pitcher into the prepared container. captioned, moderate on-screen movement, well-lit, muted grey/beige palette (#836e64, #bbb4ab). assemble phase, ~41% in, 1:27–1:35.",Ca Aw 4 ea hy,1,0.0,0.045,0.182,0.464,0.139,"#836e64,#bbb4ab,#37312a",1,,
m8gO36sLIfo,https://www.youtube.com/watch?v=m8gO36sLIfo,Easy Candle Making for Kids | Fun DIY Candle Tutorial at Home,214.0,storyboard,12,95.11,103.04,7.93,https://youtu.be/m8gO36sLIfo?t=95s,pour_wax,assemble,1,0.45,Bowl; red moulds.,"Bowl; red moulds. Pouring the melted wax from the pitcher into the prepared container. captioned, moderate on-screen movement, well-lit, muted brown/grey palette (#704b45, #90736a). assemble phase, ~44% in, 1:35–1:43.",3 7 3 1 eta 5,1,0.0,0.022,0.17,0.504,0.134,"#704b45,#90736a,#c0baac",1,,
m8gO36sLIfo,https://www.youtube.com/watch?v=m8gO36sLIfo,Easy Candle Making for Kids | Fun DIY Candle Tutorial at Home,214.0,storyboard,13,103.04,110.96,7.92,https://youtu.be/m8gO36sLIfo?t=103s,pour_wax,assemble,1,0.45,Red wax in the square moulds.,"Red wax in the square moulds. steady, low-motion shot, well-lit, beige/brown palette (#c8c1b2, #643f38). assemble phase, ~48% in, 1:43–1:50.",,0,0.0,0.006,0.073,0.553,0.161,"#c8c1b2,#643f38,#969281",1,,
m8gO36sLIfo,https://www.youtube.com/watch?v=m8gO36sLIfo,Easy Candle Making for Kids | Fun DIY Candle Tutorial at Home,214.0,storyboard,14,110.96,118.89,7.93,https://youtu.be/m8gO36sLIfo?t=111s,pour_wax,assemble,1,0.5,Pouring into the moulds.,"Pouring into the moulds. Pouring the melted wax from the pitcher into the prepared container. steady, low-motion shot, well-lit, muted brown/grey palette (#59514b, #917e75). assemble phase, ~52% in, 1:50–1:58.",,0,0.0,0.005,0.089,0.523,0.138,"#59514b,#917e75,#babbaf",1,,
m8gO36sLIfo,https://www.youtube.com/watch?v=m8gO36sLIfo,Easy Candle Making for Kids | Fun DIY Candle Tutorial at Home,214.0,storyboard,15,118.89,126.81,7.92,https://youtu.be/m8gO36sLIfo?t=119s,pour_wax,assemble,1,0.5,Blue/green star moulds filled.,"Blue/green star moulds filled. captioned, moderate on-screen movement, well-lit, muted grey/brown palette (#84795f, #58413c). assemble phase, ~56% in, 1:58–2:06.",hs. Sys eae 4 Bs as 2 09 os NWy vee 2,1,0.0,0.038,0.178,0.534,0.143,"#84795f,#58413c,#a1b2aa",1,,
m8gO36sLIfo,https://www.youtube.com/watch?v=m8gO36sLIfo,Easy Candle Making for Kids | Fun DIY Candle Tutorial at Home,214.0,storyboard,16,126.81,134.74,7.93,https://youtu.be/m8gO36sLIfo?t=127s,pour_wax,assemble,1,0.45,Blue wax poured.,"Blue wax poured. Pouring the melted wax from the pitcher into the prepared container. moderate on-screen movement, well-lit, muted beige/black palette (#b9ba94, #3a2723). assemble phase, ~59% in, 2:06–2:14.",,0,0.0,0.005,0.174,0.506,0.14,"#b9ba94,#3a2723,#7f7461",1,,
m8gO36sLIfo,https://www.youtube.com/watch?v=m8gO36sLIfo,Easy Candle Making for Kids | Fun DIY Candle Tutorial at Home,214.0,storyboard,17,134.74,142.67,7.93,https://youtu.be/m8gO36sLIfo?t=135s,pour_wax,assemble,1,0.45,White/blue moulds.,"White/blue moulds. Pouring the melted wax from the pitcher into the prepared container. moderate on-screen movement, well-lit, brown/grey palette (#59433e, #ae9988). assemble phase, ~63% in, 2:14–2:22.",,0,0.0,0.005,0.186,0.512,0.179,"#59433e,#ae9988,#3e96b5",1,,
mHXvtRqE-u0,https://www.youtube.com/watch?v=mHXvtRqE-u0,Palm Wax Candle Experiment | Part One,570.0,storyboard,3,24.08,32.11,8.03,https://youtu.be/mHXvtRqE-u0?t=24s,pour_wax,assemble,1,0.45,Pouring wax into the glasses; wicks set.,"Pouring wax into the glasses; wicks set. steady, low-motion shot, well-lit, muted beige/grey palette (#b6b2b1, #817a7e). assemble phase, ~4% in, 0:24–0:32.",4,0,0.0,0.086,0.069,0.534,0.083,"#b6b2b1,#817a7e,#4a4444",1,,
mHXvtRqE-u0,https://www.youtube.com/watch?v=mHXvtRqE-u0,Palm Wax Candle Experiment | Part One,570.0,storyboard,7,56.2,64.23,8.03,https://youtu.be/mHXvtRqE-u0?t=56s,pour_wax,assemble,1,0.45,Pouring wax into the glasses; wicks set.,"Pouring wax into the glasses; wicks set. steady, low-motion shot, well-lit, muted beige/grey palette (#b7abac, #807474). assemble phase, ~10% in, 0:56–1:04.",sel,0,0.0,0.084,0.108,0.497,0.089,"#b7abac,#807474,#403c44",1,,
mHXvtRqE-u0,https://www.youtube.com/watch?v=mHXvtRqE-u0,Palm Wax Candle Experiment | Part One,570.0,storyboard,11,88.31,96.34,8.03,https://youtu.be/mHXvtRqE-u0?t=88s,pour_wax,assemble,1,0.45,Pouring wax into the glasses; wicks set.,"Pouring wax into the glasses; wicks set. static shot, well-lit, muted beige/grey palette (#c0bcbe, #726e72). assemble phase, ~15% in, 1:28–1:36.",2,0,0.0,0.046,0.043,0.535,0.075,"#c0bcbe,#726e72,#32313a",1,,
mHXvtRqE-u0,https://www.youtube.com/watch?v=mHXvtRqE-u0,Palm Wax Candle Experiment | Part One,570.0,storyboard,15,120.42,128.45,8.03,https://youtu.be/mHXvtRqE-u0?t=120s,pour_wax,assemble,1,0.45,Pouring wax into the glasses; wicks set.,"Pouring wax into the glasses; wicks set. steady, low-motion shot, well-lit, muted beige/grey palette (#b6b0b3, #766a6a). assemble phase, ~21% in, 2:00–2:08.",ie,0,0.0,0.082,0.072,0.531,0.074,"#b6b0b3,#766a6a,#3a3740",1,,
mHXvtRqE-u0,https://www.youtube.com/watch?v=mHXvtRqE-u0,Palm Wax Candle Experiment | Part One,570.0,storyboard,19,152.54,160.56,8.02,https://youtu.be/mHXvtRqE-u0?t=153s,pour_wax,assemble,1,0.45,Pouring wax into the glasses; wicks set.,"Pouring wax into the glasses; wicks set. captioned, steady, low-motion shot, well-lit, muted beige/grey palette (#b9b6b8, #8c827d). assemble phase, ~27% in, 2:32–2:40.",we 35 xz 3 3 Va,1,0.0,0.091,0.114,0.54,0.079,"#b9b6b8,#8c827d,#564a46",1,,
mHXvtRqE-u0,https://www.youtube.com/watch?v=mHXvtRqE-u0,Palm Wax Candle Experiment | Part One,570.0,storyboard,42,337.18,345.21,8.03,https://youtu.be/mHXvtRqE-u0?t=337s,pour_wax,assemble,1,0.5,Pouring molten palm wax into the glasses.,"Pouring molten palm wax into the glasses. captioned, steady, low-motion shot, well-lit, muted brown/grey palette (#594f52, #98817d). assemble phase, ~59% in, 5:37–5:45.",yys! ice ae,1,0.0,0.076,0.093,0.517,0.093,"#594f52,#98817d,#c1b7b4",1,,
mHXvtRqE-u0,https://www.youtube.com/watch?v=mHXvtRqE-u0,Palm Wax Candle Experiment | Part One,570.0,storyboard,43,345.21,353.24,8.03,https://youtu.be/mHXvtRqE-u0?t=345s,pour_wax,assemble,1,0.5,Pouring molten palm wax into the glasses.,"Pouring molten palm wax into the glasses. static shot, well-lit, muted beige/grey palette (#b8a9a3, #8c736a). assemble phase, ~61% in, 5:45–5:53.",,0,0.0,0.15,0.0,0.519,0.097,"#b8a9a3,#8c736a,#483a3a",1,,
mHXvtRqE-u0,https://www.youtube.com/watch?v=mHXvtRqE-u0,Palm Wax Candle Experiment | Part One,570.0,storyboard,44,353.24,361.27,8.03,https://youtu.be/mHXvtRqE-u0?t=353s,pour_wax,assemble,1,0.5,Pouring molten palm wax into the glasses.,"Pouring molten palm wax into the glasses. steady, low-motion shot, well-lit, muted beige/grey palette (#b2a19c, #726261). assemble phase, ~62% in, 5:53–6:01.",has wf,0,0.0,0.087,0.065,0.513,0.096,"#b2a19c,#726261,#2e2528",1,,
mHXvtRqE-u0,https://www.youtube.com/watch?v=mHXvtRqE-u0,Palm Wax Candle Experiment | Part One,570.0,storyboard,45,361.27,369.3,8.03,https://youtu.be/mHXvtRqE-u0?t=361s,pour_wax,assemble,1,0.5,Pouring molten palm wax into the glasses.,"Pouring molten palm wax into the glasses. steady, low-motion shot, well-lit, muted beige/grey palette (#baa8a2, #8a7066). assemble phase, ~63% in, 6:01–6:09.",wy,0,0.0,0.091,0.053,0.503,0.108,"#baa8a2,#8a7066,#40373a",1,,
mHXvtRqE-u0,https://www.youtube.com/watch?v=mHXvtRqE-u0,Palm Wax Candle Experiment | Part One,570.0,storyboard,59,473.66,481.69,8.03,https://youtu.be/mHXvtRqE-u0?t=474s,pour_wax,assemble,1,0.5,Pouring molten palm wax into the glasses.,"Pouring molten palm wax into the glasses. steady, low-motion shot, well-lit, muted beige/brown palette (#b1acaf, #50484d). assemble phase, ~83% in, 7:53–8:01.",es,0,0.0,0.09,0.075,0.484,0.102,"#b1acaf,#50484d,#8e7b7d",1,,
mJQTQYs_TwU,https://www.youtube.com/watch?v=mJQTQYs_TwU,🎄 🍊 Make Holiday Candles with me | Recipe Included ❄️,317.0,storyboard,2,15.85,23.77,7.92,https://youtu.be/mJQTQYs_TwU?t=16s,pour_wax,assemble,1,0.5,Pouring amber wax into rows of jars.,"Pouring amber wax into rows of jars. captioned, static shot, well-lit, muted brown/grey palette (#5c4c3e, #877261). assemble phase, ~5% in, 0:15–0:23.",weie 2 3 ae,1,0.0,0.03,0.0,0.452,0.102,"#5c4c3e,#877261,#b89b87",1,,
mJQTQYs_TwU,https://www.youtube.com/watch?v=mJQTQYs_TwU,🎄 🍊 Make Holiday Candles with me | Recipe Included ❄️,317.0,storyboard,6,47.55,55.47,7.92,https://youtu.be/mJQTQYs_TwU?t=48s,pour_wax,assemble,1,0.5,Pouring amber wax into rows of jars.,"Pouring amber wax into rows of jars. captioned, moderate on-screen movement, well-lit, muted grey palette (#88735f, #af9986). assemble phase, ~15% in, 0:47–0:55.",ES Ly ra 7 oe zz late fC 4 ke. sae ay me 7. eS are SA ay es 9,1,0.0,0.021,0.174,0.453,0.102,"#88735f,#af9986,#654d38",1,,
mJQTQYs_TwU,https://www.youtube.com/watch?v=mJQTQYs_TwU,🎄 🍊 Make Holiday Candles with me | Recipe Included ❄️,317.0,storyboard,10,79.25,87.17,7.92,https://youtu.be/mJQTQYs_TwU?t=79s,pour_wax,assemble,1,0.5,Pouring amber wax into rows of jars.,"Pouring amber wax into rows of jars. captioned, steady, low-motion shot, well-lit, grey/beige palette (#787163, #c1a18d). assemble phase, ~25% in, 1:19–1:27.",ae ee ee ee ef 4 Ao sd so Ree ee Sei Ss wer Seo. oe Ne eS 7 Ss ee,1,0.0,0.135,0.097,0.45,0.157,"#787163,#c1a18d,#3d3731",1,,
mJQTQYs_TwU,https://www.youtube.com/watch?v=mJQTQYs_TwU,🎄 🍊 Make Holiday Candles with me | Recipe Included ❄️,317.0,storyboard,14,110.95,118.87,7.92,https://youtu.be/mJQTQYs_TwU?t=111s,pour_wax,assemble,1,0.5,Pouring amber wax into rows of jars.,"Pouring amber wax into rows of jars. captioned, steady, low-motion shot, well-lit, muted brown/beige palette (#493e20, #b7a896). assemble phase, ~35% in, 1:50–1:58.","rar see aeee dj Nese Ps, po ae 3 7 3 na ot eT ka RF aa in 7",1,0.0,0.131,0.078,0.422,0.121,"#493e20,#b7a896,#766a55",1,,
mJQTQYs_TwU,https://www.youtube.com/watch?v=mJQTQYs_TwU,🎄 🍊 Make Holiday Candles with me | Recipe Included ❄️,317.0,storyboard,18,142.65,150.57,7.92,https://youtu.be/mJQTQYs_TwU?t=143s,pour_wax,assemble,1,0.5,Pouring amber wax into rows of jars.,"Pouring amber wax into rows of jars. captioned, moderate on-screen movement, well-lit, muted beige/grey palette (#c0af9e, #866e62). assemble phase, ~45% in, 2:22–2:30.",2 de yt ae ie We ye as 6 rp,1,0.0,0.109,0.233,0.506,0.109,"#c0af9e,#866e62,#543a33",1,,
mJQTQYs_TwU,https://www.youtube.com/watch?v=mJQTQYs_TwU,🎄 🍊 Make Holiday Candles with me | Recipe Included ❄️,317.0,storyboard,26,206.05,213.98,7.93,https://youtu.be/mJQTQYs_TwU?t=206s,pour_wax,assemble,1,0.5,Pouring amber wax into rows of jars.,"Pouring amber wax into rows of jars. captioned, moderate on-screen movement, well-lit, muted beige/grey palette (#c1b8b3, #918074). assemble phase, ~65% in, 3:26–3:33.","CF Er Oa sf PP cone. eas 4 Db, o's. 4 Diu. Lk ae Sa Ss",1,0.0,0.133,0.227,0.518,0.097,"#c1b8b3,#918074,#514741",1,,
mLCG_JXJPvg,https://www.youtube.com/watch?v=mLCG_JXJPvg,How To Make Candles Using A Double Boiler | BEGINNERS WELCOME,314.0,storyboard,18,144.92,152.97,8.05,https://youtu.be/mLCG_JXJPvg?t=145s,pour_wax,assemble,1,0.5,Pouring wax into a metal pitcher.,"Pouring wax into a metal pitcher. moderate on-screen movement, well-lit, muted amber/cream palette (#b69682, #e7e0dc). assemble phase, ~46% in, 2:24–2:32.",ie,0,0.0,0.158,0.155,0.578,0.149,"#b69682,#e7e0dc,#232223",1,,
mLCG_JXJPvg,https://www.youtube.com/watch?v=mLCG_JXJPvg,How To Make Candles Using A Double Boiler | BEGINNERS WELCOME,314.0,storyboard,19,152.97,161.03,8.06,https://youtu.be/mLCG_JXJPvg?t=153s,pour_wax,assemble,1,0.4,Pot of wax; hands.,"Pot of wax; hands. Pouring the melted wax from the pitcher into the prepared container. static shot, well-lit, muted cream/black palette (#dee2e1, #313232). assemble phase, ~49% in, 2:32–2:41.",,0,0.0,0.148,0.0,0.613,0.063,"#dee2e1,#313232,#9f978e",1,,
mLCG_JXJPvg,https://www.youtube.com/watch?v=mLCG_JXJPvg,How To Make Candles Using A Double Boiler | BEGINNERS WELCOME,314.0,storyboard,20,161.03,169.08,8.05,https://youtu.be/mLCG_JXJPvg?t=161s,pour_wax,assemble,1,0.5,Pouring the wax.,"Pouring the wax. Pouring the melted wax from the pitcher into the prepared container. lots of on-screen movement, well-lit, muted black/grey palette (#1b1c1c, #ae9685). assemble phase, ~51% in, 2:41–2:49.",,0,0.0,0.134,0.395,0.514,0.098,"#1b1c1c,#ae9685,#f2f1f0",1,,
mLCG_JXJPvg,https://www.youtube.com/watch?v=mLCG_JXJPvg,How To Make Candles Using A Double Boiler | BEGINNERS WELCOME,314.0,storyboard,21,169.08,177.13,8.05,https://youtu.be/mLCG_JXJPvg?t=169s,pour_wax,assemble,1,0.5,Pouring from the metal pot.,"Pouring from the metal pot. moderate on-screen movement, well-lit, muted beige/grey palette (#c0bec2, #737173). assemble phase, ~54% in, 2:49–2:57.",ew,0,0.0,0.137,0.269,0.667,0.037,"#c0bec2,#737173,#1d1c1d",1,,
mLCG_JXJPvg,https://www.youtube.com/watch?v=mLCG_JXJPvg,How To Make Candles Using A Double Boiler | BEGINNERS WELCOME,314.0,storyboard,22,177.13,185.18,8.05,https://youtu.be/mLCG_JXJPvg?t=177s,pour_wax,assemble,1,0.4,Pot of wax.,"Pot of wax. Pouring the melted wax from the pitcher into the prepared container. moderate on-screen movement, well-lit, muted beige/grey palette (#cac4bd, #7b6f65). assemble phase, ~56% in, 2:57–3:05.",,0,0.0,0.165,0.299,0.565,0.068,"#cac4bd,#7b6f65,#2e2c28",1,,
mLCG_JXJPvg,https://www.youtube.com/watch?v=mLCG_JXJPvg,How To Make Candles Using A Double Boiler | BEGINNERS WELCOME,314.0,storyboard,23,185.18,193.23,8.05,https://youtu.be/mLCG_JXJPvg?t=185s,pour_wax,assemble,1,0.5,Pouring wax into a jar.,"Pouring wax into a jar. Pouring the melted wax from the pitcher into the prepared container. moderate on-screen movement, well-lit, muted beige/grey palette (#c7c1bc, #7c7167). assemble phase, ~59% in, 3:05–3:13.",7,0,0.0,0.159,0.309,0.581,0.083,"#c7c1bc,#7c7167,#302c2a",1,,
nVrWdGYHQkc,https://www.youtube.com/watch?v=nVrWdGYHQkc,Easy DIY Candle Making Tutorial for Beginners || Step-By-Step Guide || GIVEAWAY OVER,511.0,storyboard,48,383.25,391.23,7.98,https://youtu.be/nVrWdGYHQkc?t=383s,pour_wax,assemble,1,0.55,Wax poured from the pitcher into a brown/kraft vessel.,"Wax poured from the pitcher into a brown/kraft vessel. captioned, moderate on-screen movement, well-lit, muted cream/black palette (#d7d3cc, #2a2427). assemble phase, ~75% in, 6:23–6:31.",il al ro OYE co 4 st Toa,1,0.0,0.072,0.196,0.547,0.149,"#d7d3cc,#2a2427,#a4826b",1,,
nVrWdGYHQkc,https://www.youtube.com/watch?v=nVrWdGYHQkc,Easy DIY Candle Making Tutorial for Beginners || Step-By-Step Guide || GIVEAWAY OVER,511.0,storyboard,50,399.22,407.2,7.98,https://youtu.be/nVrWdGYHQkc?t=399s,pour_wax,assemble,1,0.5,Kraft vessel filled with wax; wick stick.,"Kraft vessel filled with wax; wick stick. captioned, moderate on-screen movement, well-lit, cream/black palette (#dcd2c6, #2a2323). assemble phase, ~78% in, 6:39–6:47.",al LOVe SS ex CO ls es ms Lf,1,0.0,0.048,0.262,0.603,0.166,"#dcd2c6,#2a2323,#a7846a",1,,
o3oqto7AHIs,https://www.youtube.com/watch?v=o3oqto7AHIs,Why This Luxury Candle Costs $660 | So Expensive | Business Insider,621.0,storyboard,4,31.85,39.81,7.96,https://youtu.be/o3oqto7AHIs?t=32s,pour_wax,assemble,1,0.4,Pouring wax into the luxury candle vessels.,"Pouring wax into the luxury candle vessels. moderate on-screen movement, dim, muted grey/brown palette (#99a496, #6a6640). assemble phase, ~5% in, 0:31–0:39.",4 4 NY,0,0.0,0.044,0.279,0.388,0.129,"#99a496,#6a6640,#262a18",1,,
o3oqto7AHIs,https://www.youtube.com/watch?v=o3oqto7AHIs,Why This Luxury Candle Costs $660 | So Expensive | Business Insider,621.0,storyboard,7,55.73,63.69,7.96,https://youtu.be/o3oqto7AHIs?t=56s,pour_wax,assemble,1,0.4,Pouring wax into the luxury candle vessels.,"Pouring wax into the luxury candle vessels. captioned, moderate on-screen movement, dim, muted black/grey palette (#2b213d, #745665). assemble phase, ~9% in, 0:55–1:03.","ye ta eo? al eye 7 fA. ote ian Hee eh ene, ee ia 04 oe, an ting Pa evV'y- 7 wo Peg eo Sse ee on See nt ad hn as See Reh ee OA BY CTL SR ae Yy oe ih nae ae ad Gee baie te Iv oi re, rae? Aw re ee ee me ",1,0.0,0.186,0.235,0.385,0.149,"#2b213d,#745665,#bb9a8e",1,,
o3oqto7AHIs,https://www.youtube.com/watch?v=o3oqto7AHIs,Why This Luxury Candle Costs $660 | So Expensive | Business Insider,621.0,storyboard,10,79.62,87.58,7.96,https://youtu.be/o3oqto7AHIs?t=80s,pour_wax,assemble,1,0.4,Pouring wax into the luxury candle vessels.,"Pouring wax into the luxury candle vessels. moderate on-screen movement, dim, muted black/grey palette (#1a1f18, #686d54). assemble phase, ~13% in, 1:19–1:27.",aaa,0,0.0,0.044,0.247,0.336,0.126,"#1a1f18,#686d54,#a7b5a8",1,,
o3oqto7AHIs,https://www.youtube.com/watch?v=o3oqto7AHIs,Why This Luxury Candle Costs $660 | So Expensive | Business Insider,621.0,storyboard,13,103.5,111.46,7.96,https://youtu.be/o3oqto7AHIs?t=104s,pour_wax,assemble,1,0.4,Pouring wax into the luxury candle vessels.,"Pouring wax into the luxury candle vessels. moderate on-screen movement, well-lit, muted brown palette (#594f32, #3f3b1a). assemble phase, ~17% in, 1:43–1:51.",,0,0.0,0.001,0.25,0.407,0.101,"#594f32,#3f3b1a,#735340",1,,
o3oqto7AHIs,https://www.youtube.com/watch?v=o3oqto7AHIs,Why This Luxury Candle Costs $660 | So Expensive | Business Insider,621.0,storyboard,29,230.88,238.85,7.97,https://youtu.be/o3oqto7AHIs?t=231s,pour_wax,assemble,1,0.45,Pouring wax into the moulds.,"Pouring wax into the moulds. static shot, well-lit, muted grey/beige palette (#7c7662, #b4b0a5). assemble phase, ~37% in, 3:50–3:58.",Wa ae,0,0.0,0.062,0.0,0.44,0.07,"#7c7662,#b4b0a5,#242218",1,,
o4YzLSxaahk,https://www.youtube.com/watch?v=o4YzLSxaahk,🥥 How to Make Coconut Apricot Wax Candles | *my process* summer edition :) 🏝️,455.0,storyboard,2,15.96,23.95,7.99,https://youtu.be/o4YzLSxaahk?t=16s,pour_wax,assemble,1,0.45,Amber wax in cups from a lidded pot.,"Amber wax in cups from a lidded pot. captioned, lots of on-screen movement, dim, muted grey/beige palette (#9a917b, #b2c5ca). assemble phase, ~4% in, 0:15–0:23.",eS we 4 jy AY NS RG,1,0.0,0.091,0.372,0.382,0.139,"#9a917b,#b2c5ca,#2f3951",1,,
o4YzLSxaahk,https://www.youtube.com/watch?v=o4YzLSxaahk,🥥 How to Make Coconut Apricot Wax Candles | *my process* summer edition :) 🏝️,455.0,storyboard,25,199.56,207.54,7.98,https://youtu.be/o4YzLSxaahk?t=200s,pour_wax,assemble,1,0.5,Pouring amber wax into rows of cups.,"Pouring amber wax into rows of cups. static shot, well-lit, brown/cream palette (#3f2d2e, #e1d1c0). assemble phase, ~44% in, 3:19–3:27.",ZS eu,0,0.0,0.237,0.046,0.508,0.189,"#3f2d2e,#e1d1c0,#9b7f66",1,,
o4YzLSxaahk,https://www.youtube.com/watch?v=o4YzLSxaahk,🥥 How to Make Coconut Apricot Wax Candles | *my process* summer edition :) 🏝️,455.0,storyboard,26,207.54,215.53,7.99,https://youtu.be/o4YzLSxaahk?t=208s,pour_wax,assemble,1,0.5,Rows of amber cups being filled.,"Rows of amber cups being filled. captioned, static shot, well-lit, brown/amber palette (#3f2f33, #ab8065). assemble phase, ~46% in, 3:27–3:35.","pee WE, Se gS Se Ss We OS ne, Be",1,0.0,0.215,0.035,0.503,0.204,"#3f2f33,#ab8065,#ded4c6",1,,
o4YzLSxaahk,https://www.youtube.com/watch?v=o4YzLSxaahk,🥥 How to Make Coconut Apricot Wax Candles | *my process* summer edition :) 🏝️,455.0,storyboard,31,247.46,255.44,7.98,https://youtu.be/o4YzLSxaahk?t=247s,pour_wax,assemble,1,0.5,Pouring wax into more cups.,"Pouring wax into more cups. steady, low-motion shot, well-lit, amber/black palette (#a97c61, #392934). assemble phase, ~54% in, 4:07–4:15.",PDO Pe,0,0.0,0.2,0.059,0.504,0.224,"#a97c61,#392934,#ded8cd",1,,
o4YzLSxaahk,https://www.youtube.com/watch?v=o4YzLSxaahk,🥥 How to Make Coconut Apricot Wax Candles | *my process* summer edition :) 🏝️,455.0,storyboard,32,255.44,263.42,7.98,https://youtu.be/o4YzLSxaahk?t=255s,pour_wax,assemble,1,0.5,Rows of filled cups.,"Rows of filled cups. Pouring the melted wax from the pitcher into the prepared container. captioned, static shot, well-lit, amber/black palette (#a97a5e, #362733). assemble phase, ~56% in, 4:15–4:23.",ler mS ros Oe,1,0.0,0.198,0.0,0.502,0.225,"#a97a5e,#362733,#ddd7cc",1,,
oMSta9suaQ8,https://www.youtube.com/watch?v=oMSta9suaQ8,How to make marble candles // Marble candle tutorial // DIY marbled candles,115.0,storyboard,5,41.07,49.29,8.22,https://youtu.be/oMSta9suaQ8?t=41s,pour_wax,assemble,1,0.55,"Hands tilt and rotate a glass, swirling blue wax around the inside to create the marble pattern.","Hands tilt and rotate a glass, swirling blue wax around the inside to create the marble pattern. static shot, well-lit, muted beige/amber palette (#d9bea8, #bc9377). assemble phase, ~36% in, 0:41–0:49.",,0,0.0,0.01,0.044,0.692,0.128,"#d9bea8,#bc9377,#6a8cb2",1,,
oMSta9suaQ8,https://www.youtube.com/watch?v=oMSta9suaQ8,How to make marble candles // Marble candle tutorial // DIY marbled candles,115.0,storyboard,6,49.29,57.5,8.21,https://youtu.be/oMSta9suaQ8?t=49s,pour_wax,assemble,1,0.55,Continued swirling/tilting of the glass to marble the blue wax up the walls.,"Continued swirling/tilting of the glass to marble the blue wax up the walls. captioned, steady, low-motion shot, well-lit, muted beige palette (#dbc3ad, #c6a181). assemble phase, ~43% in, 0:49–0:57.","8 ica SS me yy th ia Yd ee nf oo nis 2 LT ek PD REE, OE en: Ta ees ee ry",1,0.0,0.023,0.129,0.654,0.113,"#dbc3ad,#c6a181,#868785",1,,
oMSta9suaQ8,https://www.youtube.com/watch?v=oMSta9suaQ8,How to make marble candles // Marble candle tutorial // DIY marbled candles,115.0,storyboard,7,57.5,65.71,8.21,https://youtu.be/oMSta9suaQ8?t=58s,pour_wax,assemble,1,0.5,"Host reacts, then overhead pouring from the metal pitcher; a timer is shown.","Host reacts, then overhead pouring from the metal pitcher; a timer is shown. moderate on-screen movement, well-lit, muted beige/amber palette (#dec6b0, #be997c). assemble phase, ~50% in, 0:57–1:05.",ce,0,0.0,0.021,0.159,0.651,0.118,"#dec6b0,#be997c,#756b61",1,,
oMSta9suaQ8,https://www.youtube.com/watch?v=oMSta9suaQ8,How to make marble candles // Marble candle tutorial // DIY marbled candles,115.0,storyboard,8,65.71,73.93,8.22,https://youtu.be/oMSta9suaQ8?t=66s,pour_wax,assemble,1,0.5,The marbled glass rests with a timer to let the pattern set before the fill.,"The marbled glass rests with a timer to let the pattern set before the fill. steady, low-motion shot, bright, muted cream/beige palette (#e1d5cb, #c2ab97). assemble phase, ~57% in, 1:05–1:13.",ee 17,0,0.0,0.017,0.094,0.725,0.12,"#e1d5cb,#c2ab97,#39322e",1,,
oMSta9suaQ8,https://www.youtube.com/watch?v=oMSta9suaQ8,How to make marble candles // Marble candle tutorial // DIY marbled candles,115.0,storyboard,9,73.93,82.14,8.21,https://youtu.be/oMSta9suaQ8?t=74s,pour_wax,assemble,1,0.6,Clear/white wax poured into the marbled glass over a centring stick to fill it.,"Clear/white wax poured into the marbled glass over a centring stick to fill it. captioned, steady, low-motion shot, well-lit, muted cream/beige palette (#ded2c9, #beac9e). assemble phase, ~64% in, 1:13–1:22.",4 ere mw es,1,0.0,0.034,0.146,0.658,0.109,"#ded2c9,#beac9e,#3f3a38",1,,
otT0f6GWasc,https://www.youtube.com/watch?v=otT0f6GWasc,DIY Luxury Iridescent Soy Candles at Home!,789.0,storyboard,1,7.97,15.94,7.97,https://youtu.be/otT0f6GWasc?t=8s,pour_wax,assemble,1,0.5,Pouring wax into the containers.,"Pouring wax into the containers. captioned, static shot, well-lit, cream/grey palette (#dad0c8, #908a80). assemble phase, ~1% in, 0:07–0:15.",yA Ta Soca Pah,1,0.0,0.06,0.0,0.615,0.168,"#dad0c8,#908a80,#363937",1,,
otT0f6GWasc,https://www.youtube.com/watch?v=otT0f6GWasc,DIY Luxury Iridescent Soy Candles at Home!,789.0,storyboard,9,71.73,79.7,7.97,https://youtu.be/otT0f6GWasc?t=72s,pour_wax,assemble,1,0.5,Pouring wax into the containers.,"Pouring wax into the containers. static shot, well-lit, muted grey/brown palette (#939590, #594c42). assemble phase, ~9% in, 1:11–1:19.",ri Yi,0,0.0,0.033,0.0,0.531,0.085,"#939590,#594c42,#c6d0cf",1,,
otT0f6GWasc,https://www.youtube.com/watch?v=otT0f6GWasc,DIY Luxury Iridescent Soy Candles at Home!,789.0,storyboard,13,103.61,111.58,7.97,https://youtu.be/otT0f6GWasc?t=104s,pour_wax,assemble,1,0.5,Pouring wax into the containers.,"Pouring wax into the containers. captioned, moderate on-screen movement, well-lit, muted beige/grey palette (#b9aab5, #7b676a). assemble phase, ~13% in, 1:43–1:51.",3 5 iat ot ANG fs Vy,1,0.0,0.023,0.258,0.465,0.104,"#b9aab5,#7b676a,#2b1e1e",1,,
otT0f6GWasc,https://www.youtube.com/watch?v=otT0f6GWasc,DIY Luxury Iridescent Soy Candles at Home!,789.0,storyboard,17,135.48,143.45,7.97,https://youtu.be/otT0f6GWasc?t=135s,pour_wax,assemble,1,0.5,Pouring wax into the containers.,"Pouring wax into the containers. captioned, static shot, well-lit, muted cream/grey palette (#e0dcd2, #8b8175). assemble phase, ~17% in, 2:15–2:23.",as 2 4 at 4,1,0.0,0.054,0.0,0.577,0.127,"#e0dcd2,#8b8175,#1a1c19",1,,
otT0f6GWasc,https://www.youtube.com/watch?v=otT0f6GWasc,DIY Luxury Iridescent Soy Candles at Home!,789.0,storyboard,21,167.36,175.33,7.97,https://youtu.be/otT0f6GWasc?t=167s,pour_wax,assemble,1,0.5,Pouring wax into the containers.,"Pouring wax into the containers. captioned, lots of on-screen movement, well-lit, muted cream/brown palette (#e7e4de, #3b403f). assemble phase, ~21% in, 2:47–2:55.",ee xo maa Fa ee 4,1,0.0,0.077,0.386,0.555,0.088,"#e7e4de,#3b403f,#888c8a",1,,
otT0f6GWasc,https://www.youtube.com/watch?v=otT0f6GWasc,DIY Luxury Iridescent Soy Candles at Home!,789.0,storyboard,34,270.97,278.94,7.97,https://youtu.be/otT0f6GWasc?t=271s,pour_wax,assemble,1,0.5,Pouring the wax into the iridescent glass jars.,"Pouring the wax into the iridescent glass jars. captioned, static shot, well-lit, muted cream/grey palette (#dde4e3, #7f8682). assemble phase, ~34% in, 4:30–4:38.",Se oo. ie 13. Pty Ah Se,1,0.0,0.054,0.0,0.584,0.045,"#dde4e3,#7f8682,#191f1e",1,,
otT0f6GWasc,https://www.youtube.com/watch?v=otT0f6GWasc,DIY Luxury Iridescent Soy Candles at Home!,789.0,storyboard,35,278.94,286.91,7.97,https://youtu.be/otT0f6GWasc?t=279s,pour_wax,assemble,1,0.5,Pouring the wax into the iridescent glass jars.,"Pouring the wax into the iridescent glass jars. captioned, moderate on-screen movement, well-lit, muted grey/cream palette (#827e7b, #cbcbc9). assemble phase, ~35% in, 4:38–4:46.",ee. RY 7,1,0.0,0.054,0.265,0.579,0.105,"#827e7b,#cbcbc9,#1c1c1a",1,,
otT0f6GWasc,https://www.youtube.com/watch?v=otT0f6GWasc,DIY Luxury Iridescent Soy Candles at Home!,789.0,storyboard,36,286.91,294.88,7.97,https://youtu.be/otT0f6GWasc?t=287s,pour_wax,assemble,1,0.5,Melting/stirring mint-green wax in the metal melter (production).,"Melting/stirring mint-green wax in the metal melter (production). moderate on-screen movement, well-lit, muted grey/cream palette (#858480, #d5d6d1). assemble phase, ~36% in, 4:46–4:54.",4,0,0.0,0.054,0.277,0.556,0.085,"#858480,#d5d6d1,#181817",1,,
otT0f6GWasc,https://www.youtube.com/watch?v=otT0f6GWasc,DIY Luxury Iridescent Soy Candles at Home!,789.0,storyboard,37,294.88,302.85,7.97,https://youtu.be/otT0f6GWasc?t=295s,pour_wax,assemble,1,0.5,Pouring the wax into the iridescent glass jars.,"Pouring the wax into the iridescent glass jars. static shot, well-lit, muted grey/cream palette (#797874, #cdceca). assemble phase, ~37% in, 4:54–5:02.",,0,0.0,0.015,0.0,0.491,0.072,"#797874,#cdceca,#131413",1,,
otT0f6GWasc,https://www.youtube.com/watch?v=otT0f6GWasc,DIY Luxury Iridescent Soy Candles at Home!,789.0,storyboard,38,302.85,310.82,7.97,https://youtu.be/otT0f6GWasc?t=303s,pour_wax,assemble,1,0.5,Pouring the wax into the iridescent glass jars.,"Pouring the wax into the iridescent glass jars. steady, low-motion shot, well-lit, muted cream/grey palette (#cbd5c4, #858971). assemble phase, ~38% in, 5:02–5:10.",4 af,0,0.0,0.03,0.147,0.632,0.106,"#cbd5c4,#858971,#202622",1,,
otT0f6GWasc,https://www.youtube.com/watch?v=otT0f6GWasc,DIY Luxury Iridescent Soy Candles at Home!,789.0,storyboard,39,310.82,318.79,7.97,https://youtu.be/otT0f6GWasc?t=311s,pour_wax,assemble,1,0.5,Pouring the wax into the iridescent glass jars.,"Pouring the wax into the iridescent glass jars. static shot, well-lit, muted grey/beige palette (#79756f, #c8c8bb). assemble phase, ~39% in, 5:10–5:18.",,0,0.0,0.019,0.0,0.512,0.1,"#79756f,#c8c8bb,#121211",1,,
otT0f6GWasc,https://www.youtube.com/watch?v=otT0f6GWasc,DIY Luxury Iridescent Soy Candles at Home!,789.0,storyboard,40,318.79,326.76,7.97,https://youtu.be/otT0f6GWasc?t=319s,pour_wax,assemble,1,0.5,Pouring the wax into the iridescent glass jars.,"Pouring the wax into the iridescent glass jars. captioned, moderate on-screen movement, well-lit, muted cream/grey palette (#d9e1cf, #84897c). assemble phase, ~40% in, 5:18–5:26.","fF ew, fas",1,0.0,0.037,0.175,0.637,0.112,"#d9e1cf,#84897c,#272d28",1,,
otT0f6GWasc,https://www.youtube.com/watch?v=otT0f6GWasc,DIY Luxury Iridescent Soy Candles at Home!,789.0,storyboard,41,326.76,334.73,7.97,https://youtu.be/otT0f6GWasc?t=327s,pour_wax,assemble,1,0.5,Rows of poured pastel candles setting.,"Rows of poured pastel candles setting. captioned, static shot, well-lit, muted grey/beige palette (#8a7c76, #cbc8bc). assemble phase, ~41% in, 5:26–5:34.",al Ct 4 4 ad 5,1,0.0,0.044,0.02,0.501,0.125,"#8a7c76,#cbc8bc,#141414",1,,
otT0f6GWasc,https://www.youtube.com/watch?v=otT0f6GWasc,DIY Luxury Iridescent Soy Candles at Home!,789.0,storyboard,42,334.73,342.7,7.97,https://youtu.be/otT0f6GWasc?t=335s,pour_wax,assemble,1,0.5,Pouring the wax into the iridescent glass jars.,"Pouring the wax into the iridescent glass jars. captioned, static shot, well-lit, muted grey/beige palette (#8b7b75, #cac2b6). assemble phase, ~42% in, 5:34–5:42.",5 an Ae ri,1,0.0,0.032,0.0,0.505,0.132,"#8b7b75,#cac2b6,#121212",1,,
otT0f6GWasc,https://www.youtube.com/watch?v=otT0f6GWasc,DIY Luxury Iridescent Soy Candles at Home!,789.0,storyboard,43,342.7,350.67,7.97,https://youtu.be/otT0f6GWasc?t=343s,pour_wax,assemble,1,0.5,Pouring the wax into the iridescent glass jars.,"Pouring the wax into the iridescent glass jars. moderate on-screen movement, well-lit, beige/grey palette (#c6a798, #7e6c63). assemble phase, ~43% in, 5:42–5:50.",ae eX,0,0.0,0.04,0.25,0.548,0.17,"#c6a798,#7e6c63,#2b2523",1,,
p3X85tRiKRc,https://www.youtube.com/watch?v=p3X85tRiKRc,How To Make Soy Candles | Beginners Candle Making Tutorial,532.0,storyboard,13,104.79,112.85,8.06,https://youtu.be/p3X85tRiKRc?t=105s,pour_wax,assemble,1,0.55,White wax poured into grey ceramic cups.,"White wax poured into grey ceramic cups. captioned, steady, low-motion shot, well-lit, muted grey/beige palette (#7e6e57, #c3bcaf). assemble phase, ~20% in, 1:44–1:52.","om. ae Le SS es,",1,0.0,0.093,0.072,0.48,0.118,"#7e6e57,#c3bcaf,#1a1610",1,,
p3X85tRiKRc,https://www.youtube.com/watch?v=p3X85tRiKRc,How To Make Soy Candles | Beginners Candle Making Tutorial,532.0,storyboard,14,112.85,120.91,8.06,https://youtu.be/p3X85tRiKRc?t=113s,pour_wax,assemble,1,0.5,Grey cups filled with wax; hands.,"Grey cups filled with wax; hands. static shot, well-lit, muted beige/brown palette (#c1b5a7, #756650). assemble phase, ~21% in, 1:52–2:00.",ea re,0,0.0,0.117,0.0,0.492,0.125,"#c1b5a7,#756650,#191611",1,,
p3X85tRiKRc,https://www.youtube.com/watch?v=p3X85tRiKRc,How To Make Soy Candles | Beginners Candle Making Tutorial,532.0,storyboard,18,145.09,153.15,8.06,https://youtu.be/p3X85tRiKRc?t=145s,pour_wax,assemble,1,0.45,Grey cups with wax.,"Grey cups with wax. Pouring the melted wax from the pitcher into the prepared container. captioned, steady, low-motion shot, well-lit, muted beige/grey palette (#c4c2bc, #9a9289). assemble phase, ~27% in, 2:25–2:33.",eam by og,1,0.0,0.052,0.067,0.564,0.067,"#c4c2bc,#9a9289,#2b2d26",1,,
p3X85tRiKRc,https://www.youtube.com/watch?v=p3X85tRiKRc,How To Make Soy Candles | Beginners Candle Making Tutorial,532.0,storyboard,45,362.73,370.79,8.06,https://youtu.be/p3X85tRiKRc?t=363s,pour_wax,assemble,1,0.5,Grey cups being filled with wax.,"Grey cups being filled with wax. static shot, well-lit, muted beige/grey palette (#bbb9b2, #848074). assemble phase, ~68% in, 6:02–6:10.",,0,0.0,0.091,0.047,0.544,0.066,"#bbb9b2,#848074,#352f25",1,,
p3X85tRiKRc,https://www.youtube.com/watch?v=p3X85tRiKRc,How To Make Soy Candles | Beginners Candle Making Tutorial,532.0,storyboard,46,370.79,378.85,8.06,https://youtu.be/p3X85tRiKRc?t=371s,pour_wax,assemble,1,0.5,Grey cups with wax; wicks.,"Grey cups with wax; wicks. captioned, steady, low-motion shot, well-lit, muted grey/beige palette (#837b6e, #c1beb4). assemble phase, ~70% in, 6:10–6:18.",3 355 aed C.D 2 oe,1,0.0,0.132,0.092,0.532,0.084,"#837b6e,#c1beb4,#312a20",1,,
p3X85tRiKRc,https://www.youtube.com/watch?v=p3X85tRiKRc,How To Make Soy Candles | Beginners Candle Making Tutorial,532.0,storyboard,47,378.85,386.91,8.06,https://youtu.be/p3X85tRiKRc?t=379s,pour_wax,assemble,1,0.5,Filling the grey cups.,"Filling the grey cups. Pouring the melted wax from the pitcher into the prepared container. steady, low-motion shot, well-lit, muted beige/grey palette (#b9b5aa, #756b59). assemble phase, ~71% in, 6:18–6:26.",,0,0.0,0.074,0.078,0.509,0.092,"#b9b5aa,#756b59,#221710",1,,
p3X85tRiKRc,https://www.youtube.com/watch?v=p3X85tRiKRc,How To Make Soy Candles | Beginners Candle Making Tutorial,532.0,storyboard,48,386.91,394.97,8.06,https://youtu.be/p3X85tRiKRc?t=387s,pour_wax,assemble,1,0.55,Pouring wax into grey cups with wooden wicks.,"Pouring wax into grey cups with wooden wicks. captioned, steady, low-motion shot, well-lit, muted grey/beige palette (#847861, #c3c1b9). assemble phase, ~73% in, 6:26–6:34.",4 eo in An,1,0.0,0.105,0.054,0.513,0.104,"#847861,#c3c1b9,#32291c",1,,
p3X85tRiKRc,https://www.youtube.com/watch?v=p3X85tRiKRc,How To Make Soy Candles | Beginners Candle Making Tutorial,532.0,storyboard,49,394.97,403.03,8.06,https://youtu.be/p3X85tRiKRc?t=395s,pour_wax,assemble,1,0.55,Pouring into the grey cups.,"Pouring into the grey cups. steady, low-motion shot, well-lit, muted beige/grey palette (#bab9b1, #7d6f54). assemble phase, ~74% in, 6:34–6:43.",Bee,0,0.0,0.083,0.056,0.537,0.12,"#bab9b1,#7d6f54,#0a0a08",1,,
p9iuqnq99o8,https://www.youtube.com/watch?v=p9iuqnq99o8,Simple Beeswax Candles Using Essential Oils,454.0,storyboard,10,79.65,87.61,7.96,https://youtu.be/p9iuqnq99o8?t=80s,pour_wax,assemble,1,0.55,Melted beeswax poured into a grey jar.,"Melted beeswax poured into a grey jar. captioned, static shot, well-lit, muted black/grey palette (#272829, #8b897d). assemble phase, ~18% in, 1:19–1:27.",seo ye Se BL! ame Bi,1,0.0,0.136,0.0,0.459,0.107,"#272829,#8b897d,#cbc7c3",1,,
qFox4kyUIJA,https://www.youtube.com/watch?v=qFox4kyUIJA,Let's make Wax Melts! | Launching a new product | Small business diaries | Golden brand 494 wax,481.0,storyboard,13,104.22,112.23,8.01,https://youtu.be/qFox4kyUIJA?t=104s,pour_wax,assemble,1,0.5,Pouring yellow wax into clamshell wax-melt moulds.,"Pouring yellow wax into clamshell wax-melt moulds. captioned, steady, low-motion shot, well-lit, muted grey/beige palette (#7d795e, #b1ae93). assemble phase, ~22% in, 1:44–1:52.",ne ey OE. ce ye LL rv Mie fT fi Sage Vf ex ry 7,1,0.0,0.023,0.064,0.48,0.1,"#7d795e,#b1ae93,#434133",1,,
qFox4kyUIJA,https://www.youtube.com/watch?v=qFox4kyUIJA,Let's make Wax Melts! | Launching a new product | Small business diaries | Golden brand 494 wax,481.0,storyboard,14,112.23,120.25,8.02,https://youtu.be/qFox4kyUIJA?t=112s,pour_wax,assemble,1,0.5,Pouring yellow wax into clamshell wax-melt moulds.,"Pouring yellow wax into clamshell wax-melt moulds. captioned, static shot, well-lit, muted grey/brown palette (#827d5c, #534e3d). assemble phase, ~23% in, 1:52–2:00.",Se nal We ory wo in tec ay. ve 1 3 2 3 es 7 ae ae la 2 oc iz ww,1,0.0,0.02,0.044,0.478,0.108,"#827d5c,#534e3d,#aeac8e",1,,
qFox4kyUIJA,https://www.youtube.com/watch?v=qFox4kyUIJA,Let's make Wax Melts! | Launching a new product | Small business diaries | Golden brand 494 wax,481.0,storyboard,16,128.27,136.28,8.01,https://youtu.be/qFox4kyUIJA?t=128s,pour_wax,assemble,1,0.5,Pouring yellow wax into clamshell wax-melt moulds.,"Pouring yellow wax into clamshell wax-melt moulds. captioned, steady, low-motion shot, well-lit, muted grey/brown palette (#837b4f, #544e38). assemble phase, ~27% in, 2:08–2:16.","ae emi 4 Pus 7 tk, Ne rh ous. Py at NES SS ii hal ine aa Sn ee ae th La, 4 4 Pe.",1,0.0,0.04,0.077,0.455,0.135,"#837b4f,#544e38,#b2ab7a",1,,
qFox4kyUIJA,https://www.youtube.com/watch?v=qFox4kyUIJA,Let's make Wax Melts! | Launching a new product | Small business diaries | Golden brand 494 wax,481.0,storyboard,17,136.28,144.3,8.02,https://youtu.be/qFox4kyUIJA?t=136s,pour_wax,assemble,1,0.5,Pouring yellow wax into clamshell wax-melt moulds.,"Pouring yellow wax into clamshell wax-melt moulds. captioned, static shot, well-lit, muted grey/brown palette (#89814e, #585236). assemble phase, ~28% in, 2:16–2:24.",Ie So WG Kee Py fs Ney raf mo am MD ge 4 ae: we SS. 5 of 1 le ae ve: bee Di EP Sa ae ace be Oe OF 2 yy Vy vile 4 os ee es mea ik,1,0.0,0.05,0.034,0.46,0.146,"#89814e,#585236,#b4ad7a",1,,
qFox4kyUIJA,https://www.youtube.com/watch?v=qFox4kyUIJA,Let's make Wax Melts! | Launching a new product | Small business diaries | Golden brand 494 wax,481.0,storyboard,19,152.32,160.33,8.01,https://youtu.be/qFox4kyUIJA?t=152s,pour_wax,assemble,1,0.5,Pouring yellow wax into clamshell wax-melt moulds.,"Pouring yellow wax into clamshell wax-melt moulds. captioned, moderate on-screen movement, well-lit, muted brown palette (#5d531d, #83793f). assemble phase, ~32% in, 2:32–2:40.",doe SSE eo ae 3 Fe Se ae MO ah ae MEN Lo 4 4 aS 4 ae we oe sf Bat ee 2 be 4 5,1,0.0,0.087,0.186,0.441,0.135,"#5d531d,#83793f,#b1a76a",1,,
qFox4kyUIJA,https://www.youtube.com/watch?v=qFox4kyUIJA,Let's make Wax Melts! | Launching a new product | Small business diaries | Golden brand 494 wax,481.0,storyboard,20,160.33,168.35,8.02,https://youtu.be/qFox4kyUIJA?t=160s,pour_wax,assemble,1,0.5,Pouring yellow wax into clamshell wax-melt moulds.,"Pouring yellow wax into clamshell wax-melt moulds. captioned, steady, low-motion shot, well-lit, muted beige/grey palette (#aeaaa0, #8e8768). assemble phase, ~33% in, 2:40–2:48.",oY en fo yr if iG ee pea Se oi. 5 ee wan,1,0.0,0.034,0.144,0.528,0.14,"#aeaaa0,#8e8768,#685d30",1,,
qFox4kyUIJA,https://www.youtube.com/watch?v=qFox4kyUIJA,Let's make Wax Melts! | Launching a new product | Small business diaries | Golden brand 494 wax,481.0,storyboard,24,192.4,200.42,8.02,https://youtu.be/qFox4kyUIJA?t=192s,pour_wax,assemble,1,0.5,Pouring wax into clamshell wax-melt moulds.,"Pouring wax into clamshell wax-melt moulds. static shot, well-lit, muted grey/beige palette (#a0978e, #c3c1bd). assemble phase, ~40% in, 3:12–3:20.",,0,0.0,0.011,0.0,0.603,0.064,"#a0978e,#c3c1bd,#776f69",1,,
qFox4kyUIJA,https://www.youtube.com/watch?v=qFox4kyUIJA,Let's make Wax Melts! | Launching a new product | Small business diaries | Golden brand 494 wax,481.0,storyboard,25,200.42,208.43,8.01,https://youtu.be/qFox4kyUIJA?t=200s,pour_wax,assemble,1,0.5,Pouring wax into clamshell wax-melt moulds.,"Pouring wax into clamshell wax-melt moulds. steady, low-motion shot, well-lit, muted beige/grey palette (#c8beb6, #9d958c). assemble phase, ~42% in, 3:20–3:28.",,0,0.0,0.005,0.082,0.635,0.086,"#c8beb6,#9d958c,#6e645a",1,,
qFox4kyUIJA,https://www.youtube.com/watch?v=qFox4kyUIJA,Let's make Wax Melts! | Launching a new product | Small business diaries | Golden brand 494 wax,481.0,storyboard,26,208.43,216.45,8.02,https://youtu.be/qFox4kyUIJA?t=208s,pour_wax,assemble,1,0.5,Pouring wax into clamshell wax-melt moulds.,"Pouring wax into clamshell wax-melt moulds. steady, low-motion shot, well-lit, muted beige/grey palette (#bdb7ae, #9d918d). assemble phase, ~43% in, 3:28–3:36.",,0,0.0,0.014,0.148,0.573,0.071,"#bdb7ae,#9d918d,#60504d",1,,
qFox4kyUIJA,https://www.youtube.com/watch?v=qFox4kyUIJA,Let's make Wax Melts! | Launching a new product | Small business diaries | Golden brand 494 wax,481.0,storyboard,27,216.45,224.47,8.02,https://youtu.be/qFox4kyUIJA?t=216s,pour_wax,assemble,1,0.5,Pouring wax into clamshell wax-melt moulds.,"Pouring wax into clamshell wax-melt moulds. static shot, well-lit, muted black/grey palette (#23282c, #91847b). assemble phase, ~45% in, 3:36–3:44.",oo Bs,0,0.0,0.027,0.0,0.457,0.085,"#23282c,#91847b,#c2bfb6",1,,
qFox4kyUIJA,https://www.youtube.com/watch?v=qFox4kyUIJA,Let's make Wax Melts! | Launching a new product | Small business diaries | Golden brand 494 wax,481.0,storyboard,28,224.47,232.48,8.01,https://youtu.be/qFox4kyUIJA?t=224s,pour_wax,assemble,1,0.5,Demoulding the wax melts.,"Demoulding the wax melts. captioned, moderate on-screen movement, well-lit, muted grey/beige palette (#83726c, #bfb7ad). assemble phase, ~47% in, 3:44–3:52.",4 Lee An PX,1,0.0,0.029,0.164,0.46,0.116,"#83726c,#bfb7ad,#26292e",1,,
qavzkjldNdE,https://www.youtube.com/watch?v=qavzkjldNdE,DIY dessert candle | How to make candles at home | handmade freedom coconut soy wax wood wick gifts,760.0,storyboard,20,160.0,168.0,8.0,https://youtu.be/qavzkjldNdE?t=160s,pour_wax,assemble,1,0.5,Pouring clear wax into a glass.,"Pouring clear wax into a glass. captioned, steady, low-motion shot, well-lit, muted beige/grey palette (#aca1a7, #806969). assemble phase, ~21% in, 2:40–2:48.",ny 4 eee,1,0.0,0.041,0.131,0.609,0.061,"#aca1a7,#806969,#c9c2cc",1,,
qavzkjldNdE,https://www.youtube.com/watch?v=qavzkjldNdE,DIY dessert candle | How to make candles at home | handmade freedom coconut soy wax wood wick gifts,760.0,storyboard,21,168.0,176.0,8.0,https://youtu.be/qavzkjldNdE?t=168s,pour_wax,assemble,1,0.45,Glasses being filled; hands.,"Glasses being filled; hands. static shot, well-lit, muted cream/beige palette (#ccc5d2, #a99da2). assemble phase, ~22% in, 2:48–2:56.",,0,0.0,0.015,0.0,0.659,0.052,"#ccc5d2,#a99da2,#847171",1,,
qavzkjldNdE,https://www.youtube.com/watch?v=qavzkjldNdE,DIY dessert candle | How to make candles at home | handmade freedom coconut soy wax wood wick gifts,760.0,storyboard,30,240.0,248.0,8.0,https://youtu.be/qavzkjldNdE?t=240s,pour_wax,assemble,1,0.45,Pouring wax into glasses for the dessert candle.,"Pouring wax into glasses for the dessert candle. moderate on-screen movement, well-lit, muted grey/beige palette (#98878f, #c4becb). assemble phase, ~32% in, 4:00–4:08.",Dt,0,0.0,0.019,0.184,0.587,0.103,"#98878f,#c4becb,#584950",1,,
qavzkjldNdE,https://www.youtube.com/watch?v=qavzkjldNdE,DIY dessert candle | How to make candles at home | handmade freedom coconut soy wax wood wick gifts,760.0,storyboard,38,304.0,312.0,8.0,https://youtu.be/qavzkjldNdE?t=304s,pour_wax,assemble,1,0.45,Pouring wax into glasses for the dessert candle.,"Pouring wax into glasses for the dessert candle. moderate on-screen movement, well-lit, muted cream/grey palette (#c9c8d8, #a3909c). assemble phase, ~40% in, 5:04–5:12.",xy 4 5,0,0.0,0.018,0.201,0.646,0.114,"#c9c8d8,#a3909c,#5d393b",1,,
qavzkjldNdE,https://www.youtube.com/watch?v=qavzkjldNdE,DIY dessert candle | How to make candles at home | handmade freedom coconut soy wax wood wick gifts,760.0,storyboard,46,368.0,376.0,8.0,https://youtu.be/qavzkjldNdE?t=368s,pour_wax,assemble,1,0.45,Pouring wax into glasses for the dessert candle.,"Pouring wax into glasses for the dessert candle. captioned, moderate on-screen movement, well-lit, muted cream/grey palette (#cec2d6, #9e87a3). assemble phase, ~48% in, 6:08–6:16.","ee at ee ee pe oP yu So ike ss Ye 7 oS. nN oe 4 an sj,",1,0.0,0.099,0.189,0.619,0.119,"#cec2d6,#9e87a3,#524347",1,,
qgfZSWuivvw,https://www.youtube.com/watch?v=qgfZSWuivvw,"Small Candle Business Diaries: Holiday Candle making, Preparing for my first Christmas Market",382.0,storyboard,1,7.96,15.92,7.96,https://youtu.be/qgfZSWuivvw?t=8s,pour_wax,assemble,1,0.45,Pouring wax into the containers.,"Pouring wax into the containers. captioned, static shot, well-lit, muted cream/black palette (#d0cec0, #1e171a). assemble phase, ~2% in, 0:07–0:15.",See AN oy WN? ply ST 4,1,0.0,0.07,0.0,0.642,0.052,"#d0cec0,#1e171a,#87827b",1,,
qgfZSWuivvw,https://www.youtube.com/watch?v=qgfZSWuivvw,"Small Candle Business Diaries: Holiday Candle making, Preparing for my first Christmas Market",382.0,storyboard,5,39.79,47.75,7.96,https://youtu.be/qgfZSWuivvw?t=40s,pour_wax,assemble,1,0.45,Pouring wax into the containers.,"Pouring wax into the containers. captioned, steady, low-motion shot, well-lit, muted grey/brown palette (#a8907c, #695a4c). assemble phase, ~10% in, 0:39–0:47.",me an. 2 as ie yy Fat na OS,1,0.0,0.1,0.088,0.585,0.118,"#a8907c,#695a4c,#d2bfb3",1,,
qgfZSWuivvw,https://www.youtube.com/watch?v=qgfZSWuivvw,"Small Candle Business Diaries: Holiday Candle making, Preparing for my first Christmas Market",382.0,storyboard,9,71.62,79.58,7.96,https://youtu.be/qgfZSWuivvw?t=72s,pour_wax,assemble,1,0.45,Pouring wax into the containers.,"Pouring wax into the containers. captioned, steady, low-motion shot, well-lit, muted cream/beige palette (#c8d9dd, #a0a4a0). assemble phase, ~19% in, 1:11–1:19.",ais 7 SSS Ai,1,0.0,0.076,0.098,0.621,0.064,"#c8d9dd,#a0a4a0,#5c5d59",1,,
qgfZSWuivvw,https://www.youtube.com/watch?v=qgfZSWuivvw,"Small Candle Business Diaries: Holiday Candle making, Preparing for my first Christmas Market",382.0,storyboard,13,103.46,111.42,7.96,https://youtu.be/qgfZSWuivvw?t=103s,pour_wax,assemble,1,0.45,Pouring wax into the containers.,"Pouring wax into the containers. steady, low-motion shot, well-lit, muted beige/brown palette (#bcbebc, #4f4c4a). assemble phase, ~27% in, 1:43–1:51.",,0,0.0,0.081,0.147,0.553,0.05,"#bcbebc,#4f4c4a,#807a7b",1,,
qgfZSWuivvw,https://www.youtube.com/watch?v=qgfZSWuivvw,"Small Candle Business Diaries: Holiday Candle making, Preparing for my first Christmas Market",382.0,storyboard,17,135.29,143.25,7.96,https://youtu.be/qgfZSWuivvw?t=135s,pour_wax,assemble,1,0.45,Pouring wax into the containers.,"Pouring wax into the containers. captioned, static shot, well-lit, muted beige/grey palette (#b7c2c9, #969a9b). assemble phase, ~35% in, 2:15–2:23.","2 oP, 4 Nps oid ne Ne",1,0.0,0.021,0.0,0.642,0.069,"#b7c2c9,#969a9b,#695655",1,,
qgfZSWuivvw,https://www.youtube.com/watch?v=qgfZSWuivvw,"Small Candle Business Diaries: Holiday Candle making, Preparing for my first Christmas Market",382.0,storyboard,21,167.12,175.08,7.96,https://youtu.be/qgfZSWuivvw?t=167s,pour_wax,assemble,1,0.45,Pouring wax into the containers.,"Pouring wax into the containers. moderate on-screen movement, well-lit, muted cream/grey palette (#cfd6dc, #959696). assemble phase, ~44% in, 2:47–2:55.",,0,0.0,0.007,0.237,0.655,0.043,"#cfd6dc,#959696,#565356",1,,
qgfZSWuivvw,https://www.youtube.com/watch?v=qgfZSWuivvw,"Small Candle Business Diaries: Holiday Candle making, Preparing for my first Christmas Market",382.0,storyboard,29,230.79,238.75,7.96,https://youtu.be/qgfZSWuivvw?t=231s,pour_wax,assemble,1,0.45,Pouring wax into the containers.,"Pouring wax into the containers. captioned, moderate on-screen movement, well-lit, muted grey/brown palette (#9e9889, #6e5b4c). assemble phase, ~60% in, 3:50–3:58.",aes iA 4,1,0.0,0.017,0.204,0.577,0.084,"#9e9889,#6e5b4c,#bfc3b5",1,,
qgfZSWuivvw,https://www.youtube.com/watch?v=qgfZSWuivvw,"Small Candle Business Diaries: Holiday Candle making, Preparing for my first Christmas Market",382.0,storyboard,37,294.46,302.42,7.96,https://youtu.be/qgfZSWuivvw?t=294s,pour_wax,assemble,1,0.45,Pouring wax into the containers.,"Pouring wax into the containers. moderate on-screen movement, well-lit, muted beige/grey palette (#afb0b1, #917e78). assemble phase, ~77% in, 4:54–5:02.",ie,0,0.0,0.044,0.213,0.547,0.072,"#afb0b1,#917e78,#483c35",1,,
qz7Nr43IJ20,https://www.youtube.com/watch?v=qz7Nr43IJ20,ICED COFFEE CANDLE TUTORIAL | DIY gel wax ice cubes #icedcoffee #coffeecandle,112.0,storyboard,1,8.0,16.0,8.0,https://youtu.be/qz7Nr43IJ20?t=8s,pour_wax,assemble,1,0.5,Glasses with a white cream-wax base.,"Glasses with a white cream-wax base. steady, low-motion shot, bright, muted cream/beige palette (#e4ddde, #bdb1aa). assemble phase, ~7% in, 0:08–0:16.","oe, 3",0,0.0,0.063,0.066,0.712,0.061,"#e4ddde,#bdb1aa,#2e201e",1,,
qz7Nr43IJ20,https://www.youtube.com/watch?v=qz7Nr43IJ20,ICED COFFEE CANDLE TUTORIAL | DIY gel wax ice cubes #icedcoffee #coffeecandle,112.0,storyboard,2,16.0,24.0,8.0,https://youtu.be/qz7Nr43IJ20?t=16s,pour_wax,assemble,1,0.5,Pouring brown 'coffee' gel into the glasses.,"Pouring brown 'coffee' gel into the glasses. captioned, steady, low-motion shot, bright, muted cream/beige palette (#dad8dd, #a9a4a5). assemble phase, ~14% in, 0:16–0:24.",oe 7 So eo ta Be alt 4 Po oe uF Ee Add wicks to the glass jars,1,0.0,0.065,0.107,0.72,0.072,"#dad8dd,#a9a4a5,#4f3f3e",1,,
qz7Nr43IJ20,https://www.youtube.com/watch?v=qz7Nr43IJ20,ICED COFFEE CANDLE TUTORIAL | DIY gel wax ice cubes #icedcoffee #coffeecandle,112.0,storyboard,3,24.0,32.0,8.0,https://youtu.be/qz7Nr43IJ20?t=24s,pour_wax,assemble,1,0.5,Brown coffee gel filling the glasses.,"Brown coffee gel filling the glasses. captioned, steady, low-motion shot, bright, muted cream/beige palette (#dcdbe1, #b6b2b4). assemble phase, ~21% in, 0:24–0:32.",me 2 os 4 Se,1,0.0,0.057,0.095,0.728,0.079,"#dcdbe1,#b6b2b4,#685452",1,,
qz7Nr43IJ20,https://www.youtube.com/watch?v=qz7Nr43IJ20,ICED COFFEE CANDLE TUTORIAL | DIY gel wax ice cubes #icedcoffee #coffeecandle,112.0,storyboard,4,32.0,40.0,8.0,https://youtu.be/qz7Nr43IJ20?t=32s,pour_wax,assemble,1,0.5,Pouring coffee gel; white foam on top.,"Pouring coffee gel; white foam on top. captioned, steady, low-motion shot, bright, muted cream/grey palette (#d5cdcf, #8f817c). assemble phase, ~29% in, 0:32–0:40.","see, io SJ te rae Sa Take soy wax and add coffee fragrance",1,0.0,0.061,0.113,0.707,0.1,"#d5cdcf,#8f817c,#2c201f",1,,
rFGerjaJG40,https://www.youtube.com/watch?v=rFGerjaJG40,DIY Candle #craft #creative #shortvideo #candlemaking #marbleeffect #scentedcandle #handmade,71.0,storyboard,6,47.33,55.22,7.89,https://youtu.be/rFGerjaJG40?t=47s,pour_wax,assemble,1,0.6,Purple-tinted melted wax is poured into a small cup.,"Purple-tinted melted wax is poured into a small cup. captioned, steady, low-motion shot, dim, muted black/brown palette (#1c1a16, #65585b). assemble phase, ~67% in, 0:47–0:55.",SFT OGL OP CLG VEZ OOT eg vo oii 54 tes,1,0.0,0.312,0.094,0.307,0.092,"#1c1a16,#65585b,#a79789",1,,
rFGerjaJG40,https://www.youtube.com/watch?v=rFGerjaJG40,DIY Candle #craft #creative #shortvideo #candlemaking #marbleeffect #scentedcandle #handmade,71.0,storyboard,7,55.22,63.11,7.89,https://youtu.be/rFGerjaJG40?t=55s,pour_wax,assemble,1,0.55,Pouring purple wax into cups; finished purple candles with pink tulips appear.,"Pouring purple wax into cups; finished purple candles with pink tulips appear. captioned, moderate on-screen movement, dim, muted black/brown palette (#24221c, #665559). assemble phase, ~78% in, 0:55–1:03.",4 Ke COVE CS ied CEE OU OLe SLEEVE FG ps Ras io ee tJ ay wr IQ aN Ge OSs ciel NS ag Te SP OFT ZR wl fT 2,1,0.0,0.272,0.158,0.24,0.086,"#24221c,#665559,#968a8e",1,,
rUEC3rlSdCc,https://www.youtube.com/watch?v=rUEC3rlSdCc,Candle Maker Tries the Ksedcon Candle Melting Pot for the First Time | IS IT WORTH IT?!,732.0,storyboard,14,111.39,119.35,7.96,https://youtu.be/rUEC3rlSdCc?t=111s,pour_wax,assemble,1,0.45,Pouring wax from the melter into a jar.,"Pouring wax from the melter into a jar. captioned, moderate on-screen movement, well-lit, muted grey/brown palette (#88857f, #403c3b). assemble phase, ~15% in, 1:51–1:59.",Ad 2 et ly,1,0.0,0.024,0.162,0.467,0.076,"#88857f,#403c3b,#e3e5e7",1,,
rUEC3rlSdCc,https://www.youtube.com/watch?v=rUEC3rlSdCc,Candle Maker Tries the Ksedcon Candle Melting Pot for the First Time | IS IT WORTH IT?!,732.0,storyboard,17,135.26,143.22,7.96,https://youtu.be/rUEC3rlSdCc?t=135s,pour_wax,assemble,1,0.45,Pouring wax from the melter into a jar.,"Pouring wax from the melter into a jar. captioned, static shot, well-lit, muted grey/brown palette (#93887d, #4c3e37). assemble phase, ~18% in, 2:15–2:23.","sy ry we rf eee, iw",1,0.0,0.033,0.024,0.474,0.091,"#93887d,#4c3e37,#c9c3c0",1,,
rUEC3rlSdCc,https://www.youtube.com/watch?v=rUEC3rlSdCc,Candle Maker Tries the Ksedcon Candle Melting Pot for the First Time | IS IT WORTH IT?!,732.0,storyboard,20,159.13,167.09,7.96,https://youtu.be/rUEC3rlSdCc?t=159s,pour_wax,assemble,1,0.45,Pouring wax from the melter into a jar.,"Pouring wax from the melter into a jar. static shot, well-lit, muted grey/brown palette (#94897d, #4d3f38). assemble phase, ~22% in, 2:39–2:47.",ss 7,0,0.0,0.032,0.02,0.475,0.089,"#94897d,#4d3f38,#cac7c5",1,,
rUEC3rlSdCc,https://www.youtube.com/watch?v=rUEC3rlSdCc,Candle Maker Tries the Ksedcon Candle Melting Pot for the First Time | IS IT WORTH IT?!,732.0,storyboard,23,183.0,190.96,7.96,https://youtu.be/rUEC3rlSdCc?t=183s,pour_wax,assemble,1,0.45,Pouring wax from the melter into a jar.,"Pouring wax from the melter into a jar. steady, low-motion shot, well-lit, muted grey/brown palette (#9b8d84, #48413e). assemble phase, ~25% in, 3:03–3:10.",af at,0,0.0,0.028,0.136,0.478,0.088,"#9b8d84,#48413e,#d1cece",1,,
rUEC3rlSdCc,https://www.youtube.com/watch?v=rUEC3rlSdCc,Candle Maker Tries the Ksedcon Candle Melting Pot for the First Time | IS IT WORTH IT?!,732.0,storyboard,71,564.91,572.87,7.96,https://youtu.be/rUEC3rlSdCc?t=565s,pour_wax,assemble,1,0.5,Pouring wax from the melter into a jar.,"Pouring wax from the melter into a jar. captioned, static shot, well-lit, muted grey/brown palette (#9a938f, #554943). assemble phase, ~77% in, 9:24–9:32.",Sut fat ma 7 Oy it ye om! ee ya,1,0.0,0.044,0.027,0.509,0.076,"#9a938f,#554943,#d2cece",1,,
rZ8bNvoN7Vg,https://www.youtube.com/watch?v=rZ8bNvoN7Vg,DIY Tulip Candle Making | Stunning Tulip Candle Gift Idea,182.0,storyboard,3,23.74,31.65,7.91,https://youtu.be/rZ8bNvoN7Vg?t=24s,pour_wax,assemble,1,0.5,Dipping the white tulip candle into red wax.,"Dipping the white tulip candle into red wax. moderate on-screen movement, bright, cream/beige palette (#e9dadd, #d0a695). assemble phase, ~13% in, 0:23–0:31.",,0,0.0,0.012,0.174,0.783,0.159,"#e9dadd,#d0a695,#9e583b",1,,
rZ8bNvoN7Vg,https://www.youtube.com/watch?v=rZ8bNvoN7Vg,DIY Tulip Candle Making | Stunning Tulip Candle Gift Idea,182.0,storyboard,4,31.65,39.57,7.92,https://youtu.be/rZ8bNvoN7Vg?t=32s,pour_wax,assemble,1,0.5,Red-tipped tulip candle shaped.,"Red-tipped tulip candle shaped. captioned, moderate on-screen movement, bright, cream/beige palette (#f4dbe1, #d6a691). assemble phase, ~17% in, 0:31–0:39.",Le ea wae,1,0.0,0.033,0.202,0.765,0.173,"#f4dbe1,#d6a691,#86392c",1,,
rZ8bNvoN7Vg,https://www.youtube.com/watch?v=rZ8bNvoN7Vg,DIY Tulip Candle Making | Stunning Tulip Candle Gift Idea,182.0,storyboard,5,39.57,47.48,7.91,https://youtu.be/rZ8bNvoN7Vg?t=40s,pour_wax,assemble,1,0.45,Dipping the tulip into the wax.,"Dipping the tulip into the wax. captioned, steady, low-motion shot, bright, cream/beige palette (#e8e1e4, #d1b9a1). assemble phase, ~22% in, 0:39–0:47.",WW. piss be,1,0.0,0.029,0.07,0.822,0.158,"#e8e1e4,#d1b9a1,#925026",1,,
rZ8bNvoN7Vg,https://www.youtube.com/watch?v=rZ8bNvoN7Vg,DIY Tulip Candle Making | Stunning Tulip Candle Gift Idea,182.0,storyboard,6,47.48,55.39,7.91,https://youtu.be/rZ8bNvoN7Vg?t=47s,pour_wax,assemble,1,0.5,Red/white tulip candle shaped by hand.,"Red/white tulip candle shaped by hand. steady, low-motion shot, bright, muted cream/beige palette (#eddce1, #c1a187). assemble phase, ~26% in, 0:47–0:55.",plat,0,0.333,0.029,0.109,0.817,0.143,"#eddce1,#c1a187,#874c29",1,,
rZ8bNvoN7Vg,https://www.youtube.com/watch?v=rZ8bNvoN7Vg,DIY Tulip Candle Making | Stunning Tulip Candle Gift Idea,182.0,storyboard,7,55.39,63.3,7.91,https://youtu.be/rZ8bNvoN7Vg?t=55s,pour_wax,assemble,1,0.45,Dipping the tulip in red wax.,"Dipping the tulip in red wax. moderate on-screen movement, bright, cream/beige palette (#e3e0e3, #b8a394). assemble phase, ~30% in, 0:55–1:03.",el we,0,0.0,0.016,0.155,0.793,0.152,"#e3e0e3,#b8a394,#795342",1,,
rjhYJgEVFMw,https://www.youtube.com/watch?v=rjhYJgEVFMw,How to Make a Container Candle | Hobbycraft,185.0,storyboard,13,104.57,112.61,8.04,https://youtu.be/rjhYJgEVFMw?t=105s,pour_wax,assemble,1,0.5,Overhead pouring wax into the pot/jar.,"Overhead pouring wax into the pot/jar. captioned, moderate on-screen movement, well-lit, muted brown palette (#836850, #49382c). assemble phase, ~57% in, 1:44–1:52.",ee 4 te Ss eg eS ke 2 Sls ee ie ke rege,1,0.0,0.209,0.167,0.451,0.146,"#836850,#49382c,#c09d7c",1,,
rjhYJgEVFMw,https://www.youtube.com/watch?v=rjhYJgEVFMw,How to Make a Container Candle | Hobbycraft,185.0,storyboard,14,112.61,120.65,8.04,https://youtu.be/rjhYJgEVFMw?t=113s,pour_wax,assemble,1,0.45,Overhead hands at the jar on a green cutting mat.,"Overhead hands at the jar on a green cutting mat. static shot, well-lit, muted cream/grey palette (#d5d0c7, #a19488). assemble phase, ~61% in, 1:52–2:00.",,0,0.0,0.102,0.015,0.575,0.078,"#d5d0c7,#a19488,#4a3e39",1,,
rjhYJgEVFMw,https://www.youtube.com/watch?v=rjhYJgEVFMw,How to Make a Container Candle | Hobbycraft,185.0,storyboard,15,120.65,128.7,8.05,https://youtu.be/rjhYJgEVFMw?t=121s,pour_wax,assemble,1,0.55,Overhead pouring wax into the container.,"Overhead pouring wax into the container. moderate on-screen movement, well-lit, muted cream/grey palette (#d6cfc6, #a29589). assemble phase, ~65% in, 2:00–2:08.",1,0,0.0,0.153,0.159,0.538,0.122,"#d6cfc6,#a29589,#4c3e3a",1,,
rjhYJgEVFMw,https://www.youtube.com/watch?v=rjhYJgEVFMw,How to Make a Container Candle | Hobbycraft,185.0,storyboard,19,152.83,160.87,8.04,https://youtu.be/rjhYJgEVFMw?t=153s,pour_wax,assemble,1,0.45,Overhead jar and wax handling.,"Overhead jar and wax handling. static shot, well-lit, muted beige/brown palette (#ada399, #51423c). assemble phase, ~83% in, 2:32–2:40.",,0,0.0,0.092,0.041,0.587,0.077,"#ada399,#51423c,#e6e3dd",1,,
rltpKr2t-Bw,https://www.youtube.com/watch?v=rltpKr2t-Bw,How to Make Pillar Candles // CandleScience Tutorials,130.0,storyboard,10,81.25,89.38,8.13,https://youtu.be/rltpKr2t-Bw?t=81s,pour_wax,assemble,1,0.65,Molten wax poured into the metal pillar mould.,"Molten wax poured into the metal pillar mould. steady, low-motion shot, well-lit, muted beige/grey palette (#b8a189, #8d725a). assemble phase, ~62% in, 1:21–1:29.",Xa,0,0.0,0.042,0.117,0.597,0.105,"#b8a189,#8d725a,#191412",1,,
tUXkZFNUQXI,https://www.youtube.com/watch?v=tUXkZFNUQXI,How I Make Our #1 Bestselling Market Tins | Full Recipe Included,364.0,storyboard,5,39.57,47.48,7.91,https://youtu.be/tUXkZFNUQXI?t=40s,pour_wax,assemble,1,0.45,Pouring amber wax into the tins from the melter.,"Pouring amber wax into the tins from the melter. captioned, steady, low-motion shot, well-lit, muted beige/brown palette (#aca095, #584c2a). assemble phase, ~11% in, 0:39–0:47.","ee Ne, Ee 7 tS",1,0.0,0.054,0.138,0.494,0.128,"#aca095,#584c2a,#f1f0eb",1,,
tUXkZFNUQXI,https://www.youtube.com/watch?v=tUXkZFNUQXI,How I Make Our #1 Bestselling Market Tins | Full Recipe Included,364.0,storyboard,9,71.22,79.13,7.91,https://youtu.be/tUXkZFNUQXI?t=71s,pour_wax,assemble,1,0.45,Pouring amber wax into the tins from the melter.,"Pouring amber wax into the tins from the melter. moderate on-screen movement, well-lit, brown/beige palette (#5e4929, #c9b9ab). assemble phase, ~20% in, 1:11–1:19.",,0,0.0,0.003,0.165,0.489,0.156,"#5e4929,#c9b9ab,#947e62",1,,
tUXkZFNUQXI,https://www.youtube.com/watch?v=tUXkZFNUQXI,How I Make Our #1 Bestselling Market Tins | Full Recipe Included,364.0,storyboard,13,102.87,110.78,7.91,https://youtu.be/tUXkZFNUQXI?t=103s,pour_wax,assemble,1,0.45,Pouring amber wax into the tins from the melter.,"Pouring amber wax into the tins from the melter. steady, low-motion shot, well-lit, muted beige/brown palette (#d0c0ac, #58441f). assemble phase, ~28% in, 1:42–1:50.",,0,0.0,0.013,0.112,0.542,0.144,"#d0c0ac,#58441f,#948065",1,,
tUXkZFNUQXI,https://www.youtube.com/watch?v=tUXkZFNUQXI,How I Make Our #1 Bestselling Market Tins | Full Recipe Included,364.0,storyboard,17,134.52,142.43,7.91,https://youtu.be/tUXkZFNUQXI?t=135s,pour_wax,assemble,1,0.45,Pouring amber wax into the tins from the melter.,"Pouring amber wax into the tins from the melter. moderate on-screen movement, well-lit, muted beige/brown palette (#bd9f87, #645a50). assemble phase, ~37% in, 2:14–2:22.",aS,0,0.0,0.022,0.169,0.46,0.13,"#bd9f87,#645a50,#1b1b1a",1,,
tUXkZFNUQXI,https://www.youtube.com/watch?v=tUXkZFNUQXI,How I Make Our #1 Bestselling Market Tins | Full Recipe Included,364.0,storyboard,21,166.17,174.09,7.92,https://youtu.be/tUXkZFNUQXI?t=166s,pour_wax,assemble,1,0.45,Pouring amber wax into the tins from the melter.,"Pouring amber wax into the tins from the melter. moderate on-screen movement, well-lit, muted beige/black palette (#c2a78b, #312928). assemble phase, ~46% in, 2:46–2:54.",,0,0.0,0.01,0.153,0.517,0.14,"#c2a78b,#312928,#846449",1,,
tUXkZFNUQXI,https://www.youtube.com/watch?v=tUXkZFNUQXI,How I Make Our #1 Bestselling Market Tins | Full Recipe Included,364.0,storyboard,25,197.83,205.74,7.91,https://youtu.be/tUXkZFNUQXI?t=198s,pour_wax,assemble,1,0.45,Pouring amber wax into the tins from the melter.,"Pouring amber wax into the tins from the melter. steady, low-motion shot, well-lit, beige/brown palette (#c2a788, #8a674d). assemble phase, ~54% in, 3:17–3:25.",,0,0.0,0.014,0.132,0.5,0.172,"#c2a788,#8a674d,#3a2c1f",1,,
tUXkZFNUQXI,https://www.youtube.com/watch?v=tUXkZFNUQXI,How I Make Our #1 Bestselling Market Tins | Full Recipe Included,364.0,storyboard,29,229.48,237.39,7.91,https://youtu.be/tUXkZFNUQXI?t=229s,pour_wax,assemble,1,0.45,Pouring amber wax into the tins from the melter.,"Pouring amber wax into the tins from the melter. captioned, steady, low-motion shot, well-lit, beige/brown palette (#c7a98d, #90664e). assemble phase, ~63% in, 3:49–3:57.",ass rae SS Ww. NS 4 4,1,0.0,0.017,0.149,0.503,0.156,"#c7a98d,#90664e,#3a2c22",1,,
tUXkZFNUQXI,https://www.youtube.com/watch?v=tUXkZFNUQXI,How I Make Our #1 Bestselling Market Tins | Full Recipe Included,364.0,storyboard,33,261.13,269.04,7.91,https://youtu.be/tUXkZFNUQXI?t=261s,pour_wax,assemble,1,0.45,Pouring amber wax into the tins from the melter.,"Pouring amber wax into the tins from the melter. steady, low-motion shot, well-lit, muted beige/grey palette (#cdb7a3, #968573). assemble phase, ~72% in, 4:21–4:29.",,0,0.0,0.01,0.086,0.54,0.097,"#cdb7a3,#968573,#483d2c",1,,
tUXkZFNUQXI,https://www.youtube.com/watch?v=tUXkZFNUQXI,How I Make Our #1 Bestselling Market Tins | Full Recipe Included,364.0,storyboard,37,292.78,300.7,7.92,https://youtu.be/tUXkZFNUQXI?t=293s,pour_wax,assemble,1,0.45,Pouring amber wax into the tins from the melter.,"Pouring amber wax into the tins from the melter. captioned, moderate on-screen movement, well-lit, muted beige/brown palette (#c8b298, #87694e). assemble phase, ~80% in, 4:52–5:00.",'e'e 'e'S ery oe,1,0.0,0.023,0.177,0.512,0.148,"#c8b298,#87694e,#292622",1,,
upLGuIZtRdg,https://www.youtube.com/watch?v=upLGuIZtRdg,Create Candles Like a Pro: 3 Mistakes to Avoid,439.0,storyboard,36,287.35,295.33,7.98,https://youtu.be/upLGuIZtRdg?t=287s,pour_wax,assemble,1,0.5,Pouring wax.,"Pouring wax. Pouring the melted wax from the pitcher into the prepared container. captioned, moderate on-screen movement, bright, muted white/cream palette (#edece9, #d7d2cd). assemble phase, ~65% in, 4:47–4:55.",bal Rough surface andere Was it poured ax 500,1,0.0,0.103,0.273,0.762,0.049,"#edece9,#d7d2cd,#aca7a2",1,,
utr9EuGsSJs,https://www.youtube.com/watch?v=utr9EuGsSJs,DIY Scented Freedom Soy Wax Candles at home |  Candle making kit review | Microwave your wax!,509.0,storyboard,14,111.34,119.3,7.96,https://youtu.be/utr9EuGsSJs?t=111s,pour_wax,assemble,1,0.45,Pouring wax into the jars.,"Pouring wax into the jars. static shot, well-lit, muted brown/grey palette (#4f4843, #87817b). assemble phase, ~22% in, 1:51–1:59.",,0,0.0,0.025,0.0,0.473,0.09,"#4f4843,#87817b,#d1c7bd",1,,
utr9EuGsSJs,https://www.youtube.com/watch?v=utr9EuGsSJs,DIY Scented Freedom Soy Wax Candles at home |  Candle making kit review | Microwave your wax!,509.0,storyboard,20,159.06,167.02,7.96,https://youtu.be/utr9EuGsSJs?t=159s,pour_wax,assemble,1,0.45,Pouring wax into the jars.,"Pouring wax into the jars. static shot, well-lit, muted cream/brown palette (#d2cec5, #494736). assemble phase, ~31% in, 2:39–2:47.",2,0,0.0,0.035,0.0,0.584,0.061,"#d2cec5,#494736,#8c8777",1,,
utr9EuGsSJs,https://www.youtube.com/watch?v=utr9EuGsSJs,DIY Scented Freedom Soy Wax Candles at home |  Candle making kit review | Microwave your wax!,509.0,storyboard,24,190.88,198.83,7.95,https://youtu.be/utr9EuGsSJs?t=191s,pour_wax,assemble,1,0.5,Pouring wax into the jar.,"Pouring wax into the jar. captioned, moderate on-screen movement, well-lit, brown/amber palette (#534b21, #a2a55d). assemble phase, ~38% in, 3:10–3:18.",es sa ay,1,0.0,0.041,0.253,0.536,0.175,"#534b21,#a2a55d,#d4dbc0",1,,
utr9EuGsSJs,https://www.youtube.com/watch?v=utr9EuGsSJs,DIY Scented Freedom Soy Wax Candles at home |  Candle making kit review | Microwave your wax!,509.0,storyboard,25,198.83,206.78,7.95,https://youtu.be/utr9EuGsSJs?t=199s,pour_wax,assemble,1,0.5,Setting the wick.,"Setting the wick. Pouring the melted wax from the pitcher into the prepared container. steady, low-motion shot, well-lit, muted brown/grey palette (#897f26, #8a896b). assemble phase, ~39% in, 3:18–3:26.",,0,0.0,0.036,0.057,0.572,0.147,"#897f26,#8a896b,#bbba9a",1,,
utr9EuGsSJs,https://www.youtube.com/watch?v=utr9EuGsSJs,DIY Scented Freedom Soy Wax Candles at home |  Candle making kit review | Microwave your wax!,509.0,storyboard,26,206.78,214.73,7.95,https://youtu.be/utr9EuGsSJs?t=207s,pour_wax,assemble,1,0.5,Pouring wax into the jar.,"Pouring wax into the jar. moderate on-screen movement, well-lit, amber/brown palette (#b49685, #73483d). assemble phase, ~41% in, 3:26–3:34.",,0,0.0,0.05,0.254,0.563,0.216,"#b49685,#73483d,#d8d5c6",1,,
utr9EuGsSJs,https://www.youtube.com/watch?v=utr9EuGsSJs,DIY Scented Freedom Soy Wax Candles at home |  Candle making kit review | Microwave your wax!,509.0,storyboard,42,334.03,341.98,7.95,https://youtu.be/utr9EuGsSJs?t=334s,pour_wax,assemble,1,0.5,Pouring wax into the jar.,"Pouring wax into the jar. captioned, lots of on-screen movement, well-lit, muted white/black palette (#f2e7e2, #0f0f10). assemble phase, ~66% in, 5:34–5:41.",ib wot AND ROSE CANDLE nature aoye war Soret ye ROBOTO eebyqres obore,1,0.0,0.057,0.359,0.572,0.056,"#f2e7e2,#0f0f10,#7e7977",1,,
v9z-JiqGX1U,https://www.youtube.com/watch?v=v9z-JiqGX1U,Candle Making Instructions - Candle Craft Club DIY Candle Making Kit - How to make Soy Wax candles,184.0,storyboard,13,104.0,112.0,8.0,https://youtu.be/v9z-JiqGX1U?t=104s,pour_wax,assemble,1,0.8,teal liquid wax poured into containers,"teal liquid wax poured into containers. moderate on-screen movement, bright, muted white/cream palette (#f9f6f8, #d3cfcb). assemble phase, ~57% in, 1:44–1:52.",ab,0,0.0,0.061,0.152,0.902,0.073,"#f9f6f8,#d3cfcb,#34444b",1,,
v9z-JiqGX1U,https://www.youtube.com/watch?v=v9z-JiqGX1U,Candle Making Instructions - Candle Craft Club DIY Candle Making Kit - How to make Soy Wax candles,184.0,storyboard,14,112.0,120.0,8.0,https://youtu.be/v9z-JiqGX1U?t=112s,pour_wax,assemble,1,0.8,pouring colored wax into cups,"pouring colored wax into cups. steady, low-motion shot, bright, muted white/beige palette (#fbf9fb, #dcb6bd). assemble phase, ~61% in, 1:52–2:00.",29,0,0.0,0.054,0.078,0.919,0.071,"#fbf9fb,#dcb6bd,#93747a",1,,
v9z-JiqGX1U,https://www.youtube.com/watch?v=v9z-JiqGX1U,Candle Making Instructions - Candle Craft Club DIY Candle Making Kit - How to make Soy Wax candles,184.0,storyboard,15,120.0,128.0,8.0,https://youtu.be/v9z-JiqGX1U?t=120s,pour_wax,assemble,1,0.6,blue cups filled,"blue cups filled. Pouring the melted wax from the pitcher into the prepared container. captioned, steady, low-motion shot, bright, muted white/beige palette (#fcfcfd, #95abb7). assemble phase, ~65% in, 2:00–2:08.",so ew te ware for on.,1,0.0,0.056,0.102,0.908,0.066,"#fcfcfd,#95abb7,#4c6170",1,,
v9z-JiqGX1U,https://www.youtube.com/watch?v=v9z-JiqGX1U,Candle Making Instructions - Candle Craft Club DIY Candle Making Kit - How to make Soy Wax candles,184.0,storyboard,16,128.0,136.0,8.0,https://youtu.be/v9z-JiqGX1U?t=128s,pour_wax,assemble,1,0.5,filled cups sitting to set,"filled cups sitting to set. captioned, steady, low-motion shot, bright, muted white/beige palette (#f9f6f9, #d2b3be). assemble phase, ~70% in, 2:08–2:16.",Trim wick to inch,1,0.0,0.032,0.145,0.868,0.131,"#f9f6f9,#d2b3be,#9d7c82",1,,
v9z-JiqGX1U,https://www.youtube.com/watch?v=v9z-JiqGX1U,Candle Making Instructions - Candle Craft Club DIY Candle Making Kit - How to make Soy Wax candles,184.0,storyboard,17,136.0,144.0,8.0,https://youtu.be/v9z-JiqGX1U?t=136s,pour_wax,assemble,1,0.6,second color (pink) poured into cups,"second color (pink) poured into cups. steady, low-motion shot, bright, white/beige palette (#f7f7fa, #deb8c1). assemble phase, ~74% in, 2:16–2:24.",oa eu,0,0.0,0.044,0.089,0.897,0.163,"#f7f7fa,#deb8c1,#ad757b",1,,
vVlmkfF_PRk,https://www.youtube.com/watch?v=vVlmkfF_PRk,How to Make Soy Candles | Easy DIY Tutorial,456.0,storyboard,38,304.0,312.0,8.0,https://youtu.be/vVlmkfF_PRk?t=304s,pour_wax,assemble,1,0.45,overhead pouring/working,"overhead pouring/working. captioned, static shot, well-lit, muted grey/black palette (#7f7a79, #39312f). assemble phase, ~67% in, 5:04–5:12.",1 Dai fe,1,0.0,0.109,0.0,0.426,0.078,"#7f7a79,#39312f,#d6d2cb",1,,
vWsjYBvP3aE,https://www.youtube.com/watch?v=vWsjYBvP3aE,how to make scented beeswax candles 🐝,468.0,storyboard,55,443.79,451.86,8.07,https://youtu.be/vWsjYBvP3aE?t=444s,pour_wax,assemble,1,0.5,Ceramic cups filled with wax.,"Ceramic cups filled with wax. lots of on-screen movement, dim, muted black palette (#000000, #000002). assemble phase, ~95% in, 7:23–7:31.",,0,0.0,0.004,0.742,0.371,0.017,"#000000,#000002,#020005",1,,
vm9aSzlLWnw,https://www.youtube.com/watch?v=vm9aSzlLWnw,How I Pour My Candles In Bulk For My Business (quick & efficient batch making),755.0,storyboard,0,0.0,8.03,8.03,https://youtu.be/vm9aSzlLWnw?t=0s,pour_wax,assemble,1,0.5,Pouring wax into rows of jars (bulk pour).,"Pouring wax into rows of jars (bulk pour). captioned, moderate on-screen movement, well-lit, muted beige/grey palette (#adaba6, #6e7172). assemble phase, ~0% in, 0:00–0:08.",2 ln Sys,1,0.0,0.37,0.207,0.48,0.069,"#adaba6,#6e7172,#292c2d",1,,
vm9aSzlLWnw,https://www.youtube.com/watch?v=vm9aSzlLWnw,How I Pour My Candles In Bulk For My Business (quick & efficient batch making),755.0,storyboard,4,32.13,40.16,8.03,https://youtu.be/vm9aSzlLWnw?t=32s,pour_wax,assemble,1,0.5,Pouring wax into rows of jars (bulk pour).,"Pouring wax into rows of jars (bulk pour). steady, low-motion shot, well-lit, muted beige/grey palette (#b6aea2, #717474). assemble phase, ~4% in, 0:32–0:40.",,0,0.0,0.046,0.107,0.552,0.085,"#b6aea2,#717474,#1f2225",1,,
vm9aSzlLWnw,https://www.youtube.com/watch?v=vm9aSzlLWnw,How I Pour My Candles In Bulk For My Business (quick & efficient batch making),755.0,storyboard,8,64.26,72.29,8.03,https://youtu.be/vm9aSzlLWnw?t=64s,pour_wax,assemble,1,0.5,Pouring wax into rows of jars (bulk pour).,"Pouring wax into rows of jars (bulk pour). moderate on-screen movement, well-lit, muted grey palette (#af9a84, #6b6863). assemble phase, ~9% in, 1:04–1:12.",on,0,0.0,0.274,0.25,0.44,0.105,"#af9a84,#6b6863,#15171a",1,,
vm9aSzlLWnw,https://www.youtube.com/watch?v=vm9aSzlLWnw,How I Pour My Candles In Bulk For My Business (quick & efficient batch making),755.0,storyboard,12,96.38,104.41,8.03,https://youtu.be/vm9aSzlLWnw?t=96s,pour_wax,assemble,1,0.5,Pouring wax into rows of jars (bulk pour).,"Pouring wax into rows of jars (bulk pour). captioned, moderate on-screen movement, dim, muted brown/black palette (#555a5d, #171b1e). assemble phase, ~13% in, 1:36–1:44.",ae 7 7 Pe wit fg 7 al ys 4 do,1,0.0,0.282,0.225,0.308,0.025,"#555a5d,#171b1e,#93989d",1,,
vm9aSzlLWnw,https://www.youtube.com/watch?v=vm9aSzlLWnw,How I Pour My Candles In Bulk For My Business (quick & efficient batch making),755.0,storyboard,16,128.51,136.54,8.03,https://youtu.be/vm9aSzlLWnw?t=129s,pour_wax,assemble,1,0.5,Pouring wax into rows of jars (bulk pour).,"Pouring wax into rows of jars (bulk pour). captioned, moderate on-screen movement, dim, muted grey/black palette (#61615f, #212322). assemble phase, ~17% in, 2:08–2:16.","eS. 7 4 0 ie oa Er emerge So AK ES am 2 eget. 3 ee Pe ed PCO,",1,0.0,0.604,0.194,0.375,0.032,"#61615f,#212322,#9c9c9e",1,,
vm9aSzlLWnw,https://www.youtube.com/watch?v=vm9aSzlLWnw,How I Pour My Candles In Bulk For My Business (quick & efficient batch making),755.0,storyboard,37,297.18,305.21,8.03,https://youtu.be/vm9aSzlLWnw?t=297s,pour_wax,assemble,1,0.5,Pouring wax into pitchers / jars.,"Pouring wax into pitchers / jars. captioned, steady, low-motion shot, dim, muted grey/black palette (#686260, #282726). assemble phase, ~39% in, 4:57–5:05.",sat me By vr 3 925,1,0.0,0.248,0.064,0.377,0.053,"#686260,#282726,#a59f9e",1,,
vm9aSzlLWnw,https://www.youtube.com/watch?v=vm9aSzlLWnw,How I Pour My Candles In Bulk For My Business (quick & efficient batch making),755.0,storyboard,38,305.21,313.24,8.03,https://youtu.be/vm9aSzlLWnw?t=305s,pour_wax,assemble,1,0.5,Pouring wax into pitchers / jars.,"Pouring wax into pitchers / jars. captioned, moderate on-screen movement, dim, muted black/brown palette (#191919, #5b5553). assemble phase, ~40% in, 5:05–5:13.",3 Ls iP 7 4 li th,1,0.0,0.11,0.233,0.328,0.046,"#191919,#5b5553,#a49e9a",1,,
vm9aSzlLWnw,https://www.youtube.com/watch?v=vm9aSzlLWnw,How I Pour My Candles In Bulk For My Business (quick & efficient batch making),755.0,storyboard,39,313.24,321.28,8.04,https://youtu.be/vm9aSzlLWnw?t=313s,pour_wax,assemble,1,0.5,Pouring wax into pitchers / jars.,"Pouring wax into pitchers / jars. static shot, dim, muted black/brown palette (#141414, #5c5754). assemble phase, ~41% in, 5:13–5:21.",Pm lod,0,0.0,0.133,0.0,0.32,0.048,"#141414,#5c5754,#aca8a6",1,,
vm9aSzlLWnw,https://www.youtube.com/watch?v=vm9aSzlLWnw,How I Pour My Candles In Bulk For My Business (quick & efficient batch making),755.0,storyboard,41,329.31,337.34,8.03,https://youtu.be/vm9aSzlLWnw?t=329s,pour_wax,assemble,1,0.5,Wax in the silver melter/urn.,"Wax in the silver melter/urn. steady, low-motion shot, dim, muted black/grey palette (#242321, #706966). assemble phase, ~44% in, 5:29–5:37.",ox,0,0.0,0.126,0.085,0.341,0.055,"#242321,#706966,#afaaa7",1,,
vm9aSzlLWnw,https://www.youtube.com/watch?v=vm9aSzlLWnw,How I Pour My Candles In Bulk For My Business (quick & efficient batch making),755.0,storyboard,42,337.34,345.37,8.03,https://youtu.be/vm9aSzlLWnw?t=337s,pour_wax,assemble,1,0.5,Pouring wax into pitchers / jars.,"Pouring wax into pitchers / jars. steady, low-motion shot, dim, muted black/grey palette (#302f2d, #79746f). assemble phase, ~45% in, 5:37–5:45.",Eng,0,0.0,0.23,0.075,0.369,0.048,"#302f2d,#79746f,#bab4b0",1,,
vm9aSzlLWnw,https://www.youtube.com/watch?v=vm9aSzlLWnw,How I Pour My Candles In Bulk For My Business (quick & efficient batch making),755.0,storyboard,43,345.37,353.4,8.03,https://youtu.be/vm9aSzlLWnw?t=345s,pour_wax,assemble,1,0.5,Pouring wax into pitchers / jars.,"Pouring wax into pitchers / jars. captioned, moderate on-screen movement, dim, muted brown/black palette (#584d4a, #211f1e). assemble phase, ~46% in, 5:45–5:53.",Edy Ix ay 2,1,0.0,0.217,0.2,0.337,0.064,"#584d4a,#211f1e,#95928c",1,,
vm9aSzlLWnw,https://www.youtube.com/watch?v=vm9aSzlLWnw,How I Pour My Candles In Bulk For My Business (quick & efficient batch making),755.0,storyboard,44,353.4,361.44,8.04,https://youtu.be/vm9aSzlLWnw?t=353s,pour_wax,assemble,1,0.5,Wax in the silver melter/urn.,"Wax in the silver melter/urn. captioned, steady, low-motion shot, dim, muted grey/black palette (#928e89, #1d1c1b). assemble phase, ~47% in, 5:53–6:01.",ei hny Ss ie sil,1,0.0,0.152,0.088,0.325,0.045,"#928e89,#1d1c1b,#504d49",1,,
vm9aSzlLWnw,https://www.youtube.com/watch?v=vm9aSzlLWnw,How I Pour My Candles In Bulk For My Business (quick & efficient batch making),755.0,storyboard,45,361.44,369.47,8.03,https://youtu.be/vm9aSzlLWnw?t=361s,pour_wax,assemble,1,0.5,Pouring wax into pitchers / jars.,"Pouring wax into pitchers / jars. static shot, dim, muted black/grey palette (#262624, #6b6a65). assemble phase, ~48% in, 6:01–6:09.",8,0,0.0,0.163,0.025,0.366,0.031,"#262624,#6b6a65,#a2a09c",1,,
wrGN0qeWyPk,https://www.youtube.com/watch?v=wrGN0qeWyPk,How to Make Your Candles Smell Stronger (Without Using More Fragrance Oil),421.0,storyboard,25,198.58,206.53,7.95,https://youtu.be/wrGN0qeWyPk?t=199s,pour_wax,assemble,1,0.45,Wax poured into a jug (b-roll).,"Wax poured into a jug (b-roll). captioned, lots of on-screen movement, well-lit, muted cream/black palette (#ede8dd, #302924). assemble phase, ~47% in, 3:18–3:26.",whi os 1 ths,1,0.0,0.035,0.358,0.544,0.098,"#ede8dd,#302924,#b7a187",1,,
xPGJhiAwzLU,https://www.youtube.com/watch?v=xPGJhiAwzLU,Making scented candle. DIY Jesmonite candle container,341.0,storyboard,16,126.88,134.81,7.93,https://youtu.be/xPGJhiAwzLU?t=127s,pour_wax,assemble,1,0.45,Melting wax in the DIGOR melter and pouring into the jesmonite vessels.,"Melting wax in the DIGOR melter and pouring into the jesmonite vessels. steady, low-motion shot, well-lit, grey/brown palette (#a19586, #5d4b4f). assemble phase, ~37% in, 2:06–2:14.",we,0,0.0,0.067,0.121,0.534,0.188,"#a19586,#5d4b4f,#cacebf",1,,
xPGJhiAwzLU,https://www.youtube.com/watch?v=xPGJhiAwzLU,Making scented candle. DIY Jesmonite candle container,341.0,storyboard,17,134.81,142.74,7.93,https://youtu.be/xPGJhiAwzLU?t=135s,pour_wax,assemble,1,0.45,Melting wax in the DIGOR melter and pouring into the jesmonite vessels.,"Melting wax in the DIGOR melter and pouring into the jesmonite vessels. static shot, well-lit, muted beige/grey palette (#bcbaa6, #9f8b76). assemble phase, ~40% in, 2:14–2:22.",Se,0,0.0,0.062,0.0,0.593,0.127,"#bcbaa6,#9f8b76,#544030",1,,
xPGJhiAwzLU,https://www.youtube.com/watch?v=xPGJhiAwzLU,Making scented candle. DIY Jesmonite candle container,341.0,storyboard,18,142.74,150.67,7.93,https://youtu.be/xPGJhiAwzLU?t=143s,pour_wax,assemble,1,0.45,Melting wax in the DIGOR melter and pouring into the jesmonite vessels.,"Melting wax in the DIGOR melter and pouring into the jesmonite vessels. moderate on-screen movement, dim, black/teal palette (#2a321e, #126989). assemble phase, ~42% in, 2:22–2:30.",Pn,0,0.0,0.113,0.152,0.347,0.194,"#2a321e,#126989,#888f7b",1,,
xPGJhiAwzLU,https://www.youtube.com/watch?v=xPGJhiAwzLU,Making scented candle. DIY Jesmonite candle container,341.0,storyboard,19,150.67,158.6,7.93,https://youtu.be/xPGJhiAwzLU?t=151s,pour_wax,assemble,1,0.45,Melting wax in the DIGOR melter and pouring into the jesmonite vessels.,"Melting wax in the DIGOR melter and pouring into the jesmonite vessels. captioned, moderate on-screen movement, well-lit, brown/grey palette (#3e441f, #767367). assemble phase, ~44% in, 2:30–2:38.",ff. mt ats ig od 4 be ee. een OO Seo,1,0.0,0.079,0.198,0.414,0.21,"#3e441f,#767367,#4c8827",1,,
xPGJhiAwzLU,https://www.youtube.com/watch?v=xPGJhiAwzLU,Making scented candle. DIY Jesmonite candle container,341.0,storyboard,20,158.6,166.53,7.93,https://youtu.be/xPGJhiAwzLU?t=159s,pour_wax,assemble,1,0.45,Melting wax in the DIGOR melter and pouring into the jesmonite vessels.,"Melting wax in the DIGOR melter and pouring into the jesmonite vessels. moderate on-screen movement, well-lit, muted grey/beige palette (#8d8784, #abafb1). assemble phase, ~47% in, 2:38–2:46.",ae,0,0.0,0.154,0.254,0.433,0.146,"#8d8784,#abafb1,#66482f",1,,
xPGJhiAwzLU,https://www.youtube.com/watch?v=xPGJhiAwzLU,Making scented candle. DIY Jesmonite candle container,341.0,storyboard,21,166.53,174.47,7.94,https://youtu.be/xPGJhiAwzLU?t=167s,pour_wax,assemble,1,0.45,Melting wax in the DIGOR melter and pouring into the jesmonite vessels.,"Melting wax in the DIGOR melter and pouring into the jesmonite vessels. captioned, static shot, dim, muted brown/black palette (#50474a, #2c1c18). assemble phase, ~49% in, 2:46–2:54.",iG te 4 sk. 4 YS ras,1,0.0,0.046,0.0,0.293,0.089,"#50474a,#2c1c18,#7f7b7c",1,,
xPGJhiAwzLU,https://www.youtube.com/watch?v=xPGJhiAwzLU,Making scented candle. DIY Jesmonite candle container,341.0,storyboard,22,174.47,182.4,7.93,https://youtu.be/xPGJhiAwzLU?t=174s,pour_wax,assemble,1,0.45,Melting wax in the DIGOR melter and pouring into the jesmonite vessels.,"Melting wax in the DIGOR melter and pouring into the jesmonite vessels. captioned, moderate on-screen movement, well-lit, muted black/green palette (#2d4719, #607545). assemble phase, ~51% in, 2:54–3:02.",3 eon Ca ame,1,0.0,0.07,0.207,0.42,0.146,"#2d4719,#607545,#acbc9f",1,,
xPGJhiAwzLU,https://www.youtube.com/watch?v=xPGJhiAwzLU,Making scented candle. DIY Jesmonite candle container,341.0,storyboard,23,182.4,190.33,7.93,https://youtu.be/xPGJhiAwzLU?t=182s,pour_wax,assemble,1,0.45,Melting wax in the DIGOR melter and pouring into the jesmonite vessels.,"Melting wax in the DIGOR melter and pouring into the jesmonite vessels. steady, low-motion shot, dim, brown palette (#4b4353, #915f43). assemble phase, ~53% in, 3:02–3:10.",,0,0.0,0.011,0.136,0.386,0.177,"#4b4353,#915f43,#cbae81",1,,
xPGJhiAwzLU,https://www.youtube.com/watch?v=xPGJhiAwzLU,Making scented candle. DIY Jesmonite candle container,341.0,storyboard,24,190.33,198.26,7.93,https://youtu.be/xPGJhiAwzLU?t=190s,pour_wax,assemble,1,0.45,Melting wax in the DIGOR melter and pouring into the jesmonite vessels.,"Melting wax in the DIGOR melter and pouring into the jesmonite vessels. steady, low-motion shot, dim, brown palette (#514e5e, #623c2a). assemble phase, ~56% in, 3:10–3:18.",7,0,0.0,0.019,0.116,0.378,0.178,"#514e5e,#623c2a,#a77d5b",1,,
xPGJhiAwzLU,https://www.youtube.com/watch?v=xPGJhiAwzLU,Making scented candle. DIY Jesmonite candle container,341.0,storyboard,25,198.26,206.19,7.93,https://youtu.be/xPGJhiAwzLU?t=198s,pour_wax,assemble,1,0.45,Melting wax in the DIGOR melter and pouring into the jesmonite vessels.,"Melting wax in the DIGOR melter and pouring into the jesmonite vessels. static shot, dim, grey/brown palette (#555264, #4d3635). assemble phase, ~58% in, 3:18–3:26.",7,0,0.0,0.1,0.0,0.372,0.181,"#555264,#4d3635,#b58662",1,,
xPGJhiAwzLU,https://www.youtube.com/watch?v=xPGJhiAwzLU,Making scented candle. DIY Jesmonite candle container,341.0,storyboard,26,206.19,214.12,7.93,https://youtu.be/xPGJhiAwzLU?t=206s,pour_wax,assemble,1,0.45,Melting wax in the DIGOR melter and pouring into the jesmonite vessels.,"Melting wax in the DIGOR melter and pouring into the jesmonite vessels. moderate on-screen movement, well-lit, muted beige/grey palette (#aca9a0, #866a50). assemble phase, ~60% in, 3:26–3:34.",,0,0.0,0.084,0.339,0.483,0.131,"#aca9a0,#866a50,#2d272a",1,,
xPGJhiAwzLU,https://www.youtube.com/watch?v=xPGJhiAwzLU,Making scented candle. DIY Jesmonite candle container,341.0,storyboard,27,214.12,222.05,7.93,https://youtu.be/xPGJhiAwzLU?t=214s,pour_wax,assemble,1,0.45,Melting wax in the DIGOR melter and pouring into the jesmonite vessels.,"Melting wax in the DIGOR melter and pouring into the jesmonite vessels. moderate on-screen movement, well-lit, muted brown/grey palette (#534935, #8a7f6a). assemble phase, ~63% in, 3:34–3:42.",,0,0.0,0.042,0.199,0.501,0.118,"#534935,#8a7f6a,#ccd5c4",1,,
xPGJhiAwzLU,https://www.youtube.com/watch?v=xPGJhiAwzLU,Making scented candle. DIY Jesmonite candle container,341.0,storyboard,28,222.05,229.98,7.93,https://youtu.be/xPGJhiAwzLU?t=222s,pour_wax,assemble,1,0.45,Melting wax in the DIGOR melter and pouring into the jesmonite vessels.,"Melting wax in the DIGOR melter and pouring into the jesmonite vessels. moderate on-screen movement, dim, muted black/beige palette (#2f2525, #a2a69e). assemble phase, ~65% in, 3:42–3:49.",,0,0.0,0.058,0.175,0.318,0.047,"#2f2525,#a2a69e,#7c756d",1,,
xPGJhiAwzLU,https://www.youtube.com/watch?v=xPGJhiAwzLU,Making scented candle. DIY Jesmonite candle container,341.0,storyboard,29,229.98,237.91,7.93,https://youtu.be/xPGJhiAwzLU?t=230s,pour_wax,assemble,1,0.45,Melting wax in the DIGOR melter and pouring into the jesmonite vessels.,"Melting wax in the DIGOR melter and pouring into the jesmonite vessels. static shot, well-lit, muted brown palette (#7b6f4b, #464033). assemble phase, ~67% in, 3:49–3:57.",Sy,0,0.0,0.028,0.0,0.432,0.132,"#7b6f4b,#464033,#a2a2ad",1,,
zrSVQ5CXUk8,https://www.youtube.com/watch?v=zrSVQ5CXUk8,Starting a candle business from home in 2023 starting a small business | make candles with me! 캔들사업,220.0,storyboard,7,55.0,62.86,7.86,https://youtu.be/zrSVQ5CXUk8?t=55s,pour_wax,assemble,1,0.5,Pouring wax into the rows of cups.,"Pouring wax into the rows of cups. captioned, moderate on-screen movement, well-lit, muted beige/grey palette (#cdc8bf, #997c6c). assemble phase, ~25% in, 0:55–1:02.",fe ah 0 PP offs all he,1,0.333,0.029,0.181,0.625,0.098,"#cdc8bf,#997c6c,#634236",1,,
zrSVQ5CXUk8,https://www.youtube.com/watch?v=zrSVQ5CXUk8,Starting a candle business from home in 2023 starting a small business | make candles with me! 캔들사업,220.0,storyboard,8,62.86,70.71,7.85,https://youtu.be/zrSVQ5CXUk8?t=63s,pour_wax,assemble,1,0.5,Filling the cups with wax.,"Filling the cups with wax. moderate on-screen movement, well-lit, muted beige/grey palette (#ccc8bf, #928a81). assemble phase, ~29% in, 1:02–1:10.",,0,0.0,0.015,0.257,0.598,0.099,"#ccc8bf,#928a81,#5d3529",1,,
zrSVQ5CXUk8,https://www.youtube.com/watch?v=zrSVQ5CXUk8,Starting a candle business from home in 2023 starting a small business | make candles with me! 캔들사업,220.0,storyboard,9,70.71,78.57,7.86,https://youtu.be/zrSVQ5CXUk8?t=71s,pour_wax,assemble,1,0.45,Rows of small jars with wicks.,"Rows of small jars with wicks. moderate on-screen movement, well-lit, muted beige/brown palette (#c2bcae, #634037). assemble phase, ~32% in, 1:10–1:18.",SS iia,0,0.0,0.036,0.155,0.572,0.09,"#c2bcae,#634037,#a18376",1,,
zrSVQ5CXUk8,https://www.youtube.com/watch?v=zrSVQ5CXUk8,Starting a candle business from home in 2023 starting a small business | make candles with me! 캔들사업,220.0,storyboard,10,78.57,86.43,7.86,https://youtu.be/zrSVQ5CXUk8?t=79s,pour_wax,assemble,1,0.5,Pouring; black melter pot.,"Pouring; black melter pot. captioned, moderate on-screen movement, well-lit, muted beige/black palette (#c1bbaf, #23251c). assemble phase, ~36% in, 1:18–1:26.","Ly SS yy, Ay. 4 if",1,0.0,0.053,0.327,0.483,0.099,"#c1bbaf,#23251c,#767168",1,,
zrSVQ5CXUk8,https://www.youtube.com/watch?v=zrSVQ5CXUk8,Starting a candle business from home in 2023 starting a small business | make candles with me! 캔들사업,220.0,storyboard,11,86.43,94.29,7.86,https://youtu.be/zrSVQ5CXUk8?t=86s,pour_wax,assemble,1,0.5,Black melter pot of wax.,"Black melter pot of wax. Pouring the melted wax from the pitcher into the prepared container. captioned, steady, low-motion shot, well-lit, muted brown/grey palette (#3d3427, #897b6d). assemble phase, ~39% in, 1:26–1:34.",eal? AA 4 DS. La CC OS,1,0.0,0.137,0.147,0.403,0.069,"#3d3427,#897b6d,#c2baac",1,,
zrSVQ5CXUk8,https://www.youtube.com/watch?v=zrSVQ5CXUk8,Starting a candle business from home in 2023 starting a small business | make candles with me! 캔들사업,220.0,storyboard,12,94.29,102.14,7.85,https://youtu.be/zrSVQ5CXUk8?t=94s,pour_wax,assemble,1,0.5,Pouring white wax into jars.,"Pouring white wax into jars. captioned, steady, low-motion shot, well-lit, muted brown/grey palette (#42372a, #8b7d6e). assemble phase, ~43% in, 1:34–1:42.",3 fo ok 2,1,0.0,0.15,0.071,0.429,0.08,"#42372a,#8b7d6e,#c8c2b5",1,,
zrSVQ5CXUk8,https://www.youtube.com/watch?v=zrSVQ5CXUk8,Starting a candle business from home in 2023 starting a small business | make candles with me! 캔들사업,220.0,storyboard,13,102.14,110.0,7.86,https://youtu.be/zrSVQ5CXUk8?t=102s,pour_wax,assemble,1,0.45,Rows of jars filled; box.,"Rows of jars filled; box. captioned, steady, low-motion shot, well-lit, muted brown/grey palette (#3e3528, #7a6b5a). assemble phase, ~46% in, 1:42–1:50.",LSS EX 14 eee: 7 on Lf,1,0.0,0.135,0.135,0.416,0.078,"#3e3528,#7a6b5a,#bab7ac",1,,
zrSVQ5CXUk8,https://www.youtube.com/watch?v=zrSVQ5CXUk8,Starting a candle business from home in 2023 starting a small business | make candles with me! 캔들사업,220.0,storyboard,19,149.29,157.14,7.85,https://youtu.be/zrSVQ5CXUk8?t=149s,pour_wax,assemble,1,0.45,Pouring; black pot.,"Pouring; black pot. Pouring the melted wax from the pitcher into the prepared container. captioned, steady, low-motion shot, well-lit, muted beige/grey palette (#b8b3a9, #7f7667). assemble phase, ~68% in, 2:29–2:37.",ieee 4 Ma 554 ne 7 4,1,0.0,0.072,0.082,0.517,0.084,"#b8b3a9,#7f7667,#483929",1,,
