video_id,video_url,video_title,video_duration_s,source,window_index,start_s,end_s,duration_s,window_url,action_label,phase,is_step,confidence,description,ocr_text,has_caption,face_score,text_score,motion,brightness,colorfulness,dominant_colors,keep,filter_reason,validation_flags
1V3hfxo7OtE,https://www.youtube.com/watch?v=1V3hfxo7OtE,Candle Making | How to Make Scented Candles,508.0,storyboard,3,23.81,31.75,7.94,https://youtu.be/1V3hfxo7OtE?t=24s,gather_materials,prep,1,0.65,'Materials' title card + overhead supplies,ae ha if Pe 7 be Joe KCAL eZ alt ae re pe 44 te Se FEST ny. oe ee,1,0.0,0.027,0.521,0.268,0.086,"#9c7c61,#c2bfb9,#483b36",1,,
1V3hfxo7OtE,https://www.youtube.com/watch?v=1V3hfxo7OtE,Candle Making | How to Make Scented Candles,508.0,storyboard,6,47.62,55.56,7.94,https://youtu.be/1V3hfxo7OtE?t=48s,measure_wax,prep,1,0.5,overhead measuring,pare on fr ya Ve oe os ee le ray fF fa SS an 4 ou uit on he. 5 ai ge ra 4 pom 4 Be 4,1,0.0,0.042,0.063,0.498,0.185,"#a1785a,#533f35,#c0b9b5",1,,
1V3hfxo7OtE,https://www.youtube.com/watch?v=1V3hfxo7OtE,Candle Making | How to Make Scented Candles,508.0,storyboard,10,79.38,87.31,7.93,https://youtu.be/1V3hfxo7OtE?t=79s,measure_wax,prep,1,0.5,overhead bench work,"ae it OO 2 yy, Ps iY ry rr in yw 4 ae aC",1,0.0,0.033,0.037,0.5,0.183,"#a27b5b,#4a3e38,#c5c2bf",1,,
1V3hfxo7OtE,https://www.youtube.com/watch?v=1V3hfxo7OtE,Candle Making | How to Make Scented Candles,508.0,storyboard,21,166.69,174.62,7.93,https://youtu.be/1V3hfxo7OtE?t=167s,measure_wax,prep,1,0.5,overhead measuring,ne YW SS Ly PS,1,0.0,0.042,0.099,0.541,0.179,"#ad8b6e,#685042,#c0bbb7",1,,
1V3hfxo7OtE,https://www.youtube.com/watch?v=1V3hfxo7OtE,Candle Making | How to Make Scented Candles,508.0,storyboard,22,174.62,182.56,7.94,https://youtu.be/1V3hfxo7OtE?t=175s,measure_wax,prep,1,0.5,overhead hands with bowl,my ahs 4 ro,1,0.0,0.025,0.114,0.527,0.176,"#b38a66,#715743,#b0b4bf",1,,
1V3hfxo7OtE,https://www.youtube.com/watch?v=1V3hfxo7OtE,Candle Making | How to Make Scented Candles,508.0,storyboard,23,182.56,190.5,7.94,https://youtu.be/1V3hfxo7OtE?t=183s,add_fragrance,process,1,0.45,overhead adding scent,,0,0.0,0.017,0.0,0.523,0.182,"#b28862,#6c5340,#b0b9c6",1,,
1V3hfxo7OtE,https://www.youtube.com/watch?v=1V3hfxo7OtE,Candle Making | How to Make Scented Candles,508.0,storyboard,24,190.5,198.44,7.94,https://youtu.be/1V3hfxo7OtE?t=190s,add_fragrance,process,1,0.45,overhead bench work,,0,0.0,0.013,0.085,0.524,0.186,"#b68a63,#604f47,#b0b8c6",1,,
1V3hfxo7OtE,https://www.youtube.com/watch?v=1V3hfxo7OtE,Candle Making | How to Make Scented Candles,508.0,storyboard,25,198.44,206.38,7.94,https://youtu.be/1V3hfxo7OtE?t=198s,add_fragrance,process,1,0.45,overhead adding scent,ak 7. Whe,1,0.0,0.027,0.06,0.516,0.191,"#ac835e,#493d3e,#b0b5c5",1,,
1V3hfxo7OtE,https://www.youtube.com/watch?v=1V3hfxo7OtE,Candle Making | How to Make Scented Candles,508.0,storyboard,26,206.38,214.31,7.93,https://youtu.be/1V3hfxo7OtE?t=206s,add_fragrance,process,1,0.5,overhead hands with bottle,,0,0.0,0.015,0.016,0.522,0.197,"#b58861,#5b4944,#b9b4bc",1,,
1V3hfxo7OtE,https://www.youtube.com/watch?v=1V3hfxo7OtE,Candle Making | How to Make Scented Candles,508.0,storyboard,27,214.31,222.25,7.94,https://youtu.be/1V3hfxo7OtE?t=214s,add_fragrance,process,1,0.45,overhead bench work,he 4 Co.,1,0.0,0.031,0.0,0.522,0.201,"#b38761,#473f43,#bdb8ba",1,,
1V3hfxo7OtE,https://www.youtube.com/watch?v=1V3hfxo7OtE,Candle Making | How to Make Scented Candles,508.0,storyboard,28,222.25,230.19,7.94,https://youtu.be/1V3hfxo7OtE?t=222s,measure_wax,prep,1,0.45,overhead bench work,,0,0.0,0.013,0.049,0.521,0.198,"#b38862,#584844,#b7b4bc",1,,
1V3hfxo7OtE,https://www.youtube.com/watch?v=1V3hfxo7OtE,Candle Making | How to Make Scented Candles,508.0,storyboard,29,230.19,238.12,7.93,https://youtu.be/1V3hfxo7OtE?t=230s,measure_wax,prep,1,0.45,overhead hand,sd Moe MUO TTT Tr AMAL ss ii- ae So Bl fA be ef WS eu ae as,1,0.0,0.114,0.432,0.227,0.052,"#7a706d,#363031,#b8aca4",1,,
1V3hfxo7OtE,https://www.youtube.com/watch?v=1V3hfxo7OtE,Candle Making | How to Make Scented Candles,508.0,storyboard,30,238.12,246.06,7.94,https://youtu.be/1V3hfxo7OtE?t=238s,melt_wax,process,1,0.65,'Melt the Wax' card + pot on stove,MTT Hunn Cae zs rT pe,1,0.0,0.184,0.0,0.427,0.069,"#312b2d,#b2aca1,#706c68",1,,
1V3hfxo7OtE,https://www.youtube.com/watch?v=1V3hfxo7OtE,Candle Making | How to Make Scented Candles,508.0,storyboard,31,246.06,254.0,7.94,https://youtu.be/1V3hfxo7OtE?t=246s,melt_wax,process,1,0.65,pot melting on stove,Prep the Containers,1,0.0,0.127,0.416,0.223,0.038,"#000000,#e9e9e9,#6a6a6a",1,,
1V3hfxo7OtE,https://www.youtube.com/watch?v=1V3hfxo7OtE,Candle Making | How to Make Scented Candles,508.0,storyboard,33,261.94,269.88,7.94,https://youtu.be/1V3hfxo7OtE?t=262s,prepare_container,prep,1,0.65,'Prep the Containers' title card,,0,0.0,0.012,0.0,0.529,0.17,"#a6805b,#916942,#b9c0d0",1,,description references on-screen text but OCR found none
1V3hfxo7OtE,https://www.youtube.com/watch?v=1V3hfxo7OtE,Candle Making | How to Make Scented Candles,508.0,storyboard,34,269.88,277.81,7.93,https://youtu.be/1V3hfxo7OtE?t=270s,prepare_container,prep,1,0.6,overhead containers with wicks,Cs oe Sma! 4 es. Tee io,1,0.0,0.021,0.117,0.545,0.164,"#a77f5b,#8f6642,#c5ccda",1,,
1V3hfxo7OtE,https://www.youtube.com/watch?v=1V3hfxo7OtE,Candle Making | How to Make Scented Candles,508.0,storyboard,35,277.81,285.75,7.94,https://youtu.be/1V3hfxo7OtE?t=278s,prepare_container,prep,1,0.55,overhead prepping containers,,0,0.0,0.012,0.054,0.519,0.171,"#a9805a,#896045,#c0c0cd",1,,
1V3hfxo7OtE,https://www.youtube.com/watch?v=1V3hfxo7OtE,Candle Making | How to Make Scented Candles,508.0,storyboard,36,285.75,293.69,7.94,https://youtu.be/1V3hfxo7OtE?t=286s,prepare_container,prep,1,0.55,overhead prepping containers,,0,0.0,0.01,0.0,0.516,0.127,"#9b8165,#866746,#afc0d6",1,,
1V3hfxo7OtE,https://www.youtube.com/watch?v=1V3hfxo7OtE,Candle Making | How to Make Scented Candles,508.0,storyboard,37,293.69,301.62,7.93,https://youtu.be/1V3hfxo7OtE?t=294s,prepare_container,prep,1,0.5,overhead bags/wax + containers,gies he 7 7 Pe 4 aii Ne performance wick 70. WWW .maKkesy vu,1,0.0,0.023,0.144,0.56,0.162,"#a17f5a,#c1c3d1,#8b6846",1,,
1V3hfxo7OtE,https://www.youtube.com/watch?v=1V3hfxo7OtE,Candle Making | How to Make Scented Candles,508.0,storyboard,38,301.62,309.56,7.94,https://youtu.be/1V3hfxo7OtE?t=302s,prepare_container,prep,1,0.55,overhead prepping containers,,0,0.0,0.018,0.089,0.537,0.15,"#a78367,#886444,#bdc1ce",1,,
1V3hfxo7OtE,https://www.youtube.com/watch?v=1V3hfxo7OtE,Candle Making | How to Make Scented Candles,508.0,storyboard,39,309.56,317.5,7.94,https://youtu.be/1V3hfxo7OtE?t=310s,prepare_container,prep,1,0.55,overhead hands at jars,,0,0.0,0.006,0.0,0.549,0.157,"#af896c,#8d6749,#d2d5e0",1,,
1V3hfxo7OtE,https://www.youtube.com/watch?v=1V3hfxo7OtE,Candle Making | How to Make Scented Candles,508.0,storyboard,40,317.5,325.44,7.94,https://youtu.be/1V3hfxo7OtE?t=318s,prepare_container,prep,1,0.5,overhead prepping containers,NORA ae ES 4 Sk ee. 4 ie em 2 YY ll,1,0.0,0.019,0.067,0.553,0.163,"#b98f6d,#92684b,#c9bfc1",1,,
1V3hfxo7OtE,https://www.youtube.com/watch?v=1V3hfxo7OtE,Candle Making | How to Make Scented Candles,508.0,storyboard,42,333.38,341.31,7.93,https://youtu.be/1V3hfxo7OtE?t=333s,prepare_container,prep,1,0.5,overhead hands at containers,abSe,0,0.0,0.023,0.511,0.301,0.08,"#010101,#464746,#a5a5a5",1,,
1V3hfxo7OtE,https://www.youtube.com/watch?v=1V3hfxo7OtE,Candle Making | How to Make Scented Candles,508.0,storyboard,45,357.19,365.12,7.93,https://youtu.be/1V3hfxo7OtE?t=357s,pour_wax,assemble,1,0.5,overhead pouring setup,,0,0.0,0.006,0.045,0.628,0.226,"#c3bcaf,#843f2d,#b28a79",1,,
1V3hfxo7OtE,https://www.youtube.com/watch?v=1V3hfxo7OtE,Candle Making | How to Make Scented Candles,508.0,storyboard,46,365.12,373.06,7.94,https://youtu.be/1V3hfxo7OtE?t=365s,pour_wax,assemble,1,0.6,overhead red pot pouring wax,,0,0.0,0.016,0.0,0.603,0.242,"#cfbdac,#956b51,#891a1a",1,,
1V3hfxo7OtE,https://www.youtube.com/watch?v=1V3hfxo7OtE,Candle Making | How to Make Scented Candles,508.0,storyboard,47,373.06,381.0,7.94,https://youtu.be/1V3hfxo7OtE?t=373s,pour_wax,assemble,1,0.6,overhead pouring into containers,,0,0.0,0.016,0.36,0.439,0.161,"#4f4840,#381d18,#92877f",1,,
1V3hfxo7OtE,https://www.youtube.com/watch?v=1V3hfxo7OtE,Candle Making | How to Make Scented Candles,508.0,storyboard,48,381.0,388.94,7.94,https://youtu.be/1V3hfxo7OtE?t=381s,cure_cool,assemble,1,0.5,overhead jars on cooling rack,eroe tres Te PE HH ea es oe ee Seas? 3 SSaitt fa 1 maas? fae Se FP Les Sn ki meses. toe crete. rhe pater TEs bectas ESL He Se pee! THEY Bhat: degafit Hae Laie meaet 6 Ys ofthat ie ii jae OL ele,1,0.0,0.035,0.025,0.554,0.044,"#7e786d,#958e82,#b4a999",1,,
1V3hfxo7OtE,https://www.youtube.com/watch?v=1V3hfxo7OtE,Candle Making | How to Make Scented Candles,508.0,storyboard,50,396.88,404.81,7.93,https://youtu.be/1V3hfxo7OtE?t=397s,cure_cool,assemble,1,0.45,"overhead jars cooling, hands",ClSEL SADOSRESRERRERUNEESRORGEND ON wa an te 0 Seed oD tbh: 3 carces ie ff That hi 1 me eit Bi rieeeel te. Fe iy suf thie dase 18 ye 44 open. Be eesti tee ruarrisch 15 Wants ifs se Seger aime ate Bits,1,0.0,0.029,0.063,0.558,0.047,"#868480,#a6a39e,#524e45",1,,
1V3hfxo7OtE,https://www.youtube.com/watch?v=1V3hfxo7OtE,Candle Making | How to Make Scented Candles,508.0,storyboard,51,404.81,412.75,7.94,https://youtu.be/1V3hfxo7OtE?t=405s,pour_wax,assemble,1,0.45,"overhead pouring, oven mitt",an oN +e--e Sinan ae ae Bee Senne reel 404 sfagih oe oe epajt hey! tia ey SS ateiei's 442 Cap eae thea eyes al nag 2 tahoe 1 25 rights 1 siBigh wer Fee. Se ae. 5 Al 7 es Brae ctsasags Are te rf thie S,1,0.0,0.026,0.14,0.528,0.193,"#8c8374,#aea59b,#754642",1,,
1V3hfxo7OtE,https://www.youtube.com/watch?v=1V3hfxo7OtE,Candle Making | How to Make Scented Candles,508.0,storyboard,53,420.69,428.62,7.93,https://youtu.be/1V3hfxo7OtE?t=421s,trim_wick,finish,1,0.55,two hosts trimming wicks on candles,29 ms 2,0,0.0,0.04,0.027,0.541,0.224,"#b3865c,#5e5245,#bfc1bd",1,,
1V3hfxo7OtE,https://www.youtube.com/watch?v=1V3hfxo7OtE,Candle Making | How to Make Scented Candles,508.0,storyboard,54,428.62,436.56,7.94,https://youtu.be/1V3hfxo7OtE?t=429s,trim_wick,finish,1,0.55,two hosts trimming wicks,3 fi fi mm. el,1,0.0,0.035,0.038,0.536,0.223,"#b0835a,#595044,#bfc1bc",1,,
2KbmlOnPJnU,https://www.youtube.com/watch?v=2KbmlOnPJnU,How To Make an INFINITE CANDLE Wick – Burns Forever!,151.0,storyboard,1,7.95,15.89,7.94,https://youtu.be/2KbmlOnPJnU?t=8s,gather_materials,prep,1,0.5,Black-gloved hands lay out the small components for the floating oil wick.,4...,0,0.0,0.015,0.155,0.369,0.136,"#4c372f,#c09186,#93655e",1,,
2KbmlOnPJnU,https://www.youtube.com/watch?v=2KbmlOnPJnU,How To Make an INFINITE CANDLE Wick – Burns Forever!,151.0,storyboard,2,15.89,23.84,7.95,https://youtu.be/2KbmlOnPJnU?t=16s,prepare_container,prep,1,0.5,Gloved hands assemble a cork/metal float for the wick.,,0,0.0,0.021,0.141,0.368,0.144,"#654a3d,#c18f7e,#461012",1,,
2KbmlOnPJnU,https://www.youtube.com/watch?v=2KbmlOnPJnU,How To Make an INFINITE CANDLE Wick – Burns Forever!,151.0,storyboard,3,23.84,31.79,7.95,https://youtu.be/2KbmlOnPJnU?t=24s,prepare_container,prep,1,0.5,Gloved hands work a metal disc/cork piece of the wick float.,,0,0.333,0.01,0.133,0.346,0.091,"#595045,#27271f,#848175",1,,
2KbmlOnPJnU,https://www.youtube.com/watch?v=2KbmlOnPJnU,How To Make an INFINITE CANDLE Wick – Burns Forever!,151.0,storyboard,4,31.79,39.74,7.95,https://youtu.be/2KbmlOnPJnU?t=32s,prepare_container,prep,1,0.5,Gloved hands cut and fit the float-wick parts.,,0,0.0,0.005,0.059,0.342,0.082,"#62594d,#36352d,#828075",1,,
2KbmlOnPJnU,https://www.youtube.com/watch?v=2KbmlOnPJnU,How To Make an INFINITE CANDLE Wick – Burns Forever!,151.0,storyboard,5,39.74,47.68,7.94,https://youtu.be/2KbmlOnPJnU?t=40s,prepare_container,prep,1,0.5,Gloved hands continue assembling the floating wick.,ee,0,0.0,0.025,0.097,0.351,0.077,"#777065,#424840,#1a1f1b",1,,
2KbmlOnPJnU,https://www.youtube.com/watch?v=2KbmlOnPJnU,How To Make an INFINITE CANDLE Wick – Burns Forever!,151.0,storyboard,6,47.68,55.63,7.95,https://youtu.be/2KbmlOnPJnU?t=48s,prepare_container,prep,1,0.5,Gloved hands handle the small wick components.,,0,0.0,0.007,0.136,0.369,0.1,"#615c52,#262c29,#847d71",1,,
2KbmlOnPJnU,https://www.youtube.com/watch?v=2KbmlOnPJnU,How To Make an INFINITE CANDLE Wick – Burns Forever!,151.0,storyboard,7,55.63,63.58,7.95,https://youtu.be/2KbmlOnPJnU?t=56s,prepare_container,prep,1,0.5,Gloved hands thread the wick through the float.,do,0,0.0,0.014,0.132,0.377,0.137,"#543e34,#956e63,#c69a8e",1,,
2KbmlOnPJnU,https://www.youtube.com/watch?v=2KbmlOnPJnU,How To Make an INFINITE CANDLE Wick – Burns Forever!,151.0,storyboard,8,63.58,71.53,7.95,https://youtu.be/2KbmlOnPJnU?t=64s,prepare_container,prep,1,0.45,Gloved hands work near a small spirit burner.,wy,0,0.0,0.015,0.172,0.364,0.136,"#49342a,#be897f,#75574e",1,,
2KbmlOnPJnU,https://www.youtube.com/watch?v=2KbmlOnPJnU,How To Make an INFINITE CANDLE Wick – Burns Forever!,151.0,storyboard,9,71.53,79.47,7.94,https://youtu.be/2KbmlOnPJnU?t=72s,set_wick,assemble,1,0.45,The float wick is set into a small metal cup/burner.,0 zz ofl ae ig 24 ee ee er al or 3 se men do oe,1,0.0,0.02,0.187,0.328,0.123,"#2d241e,#56453c,#9d7a6c",1,,
2KbmlOnPJnU,https://www.youtube.com/watch?v=2KbmlOnPJnU,How To Make an INFINITE CANDLE Wick – Burns Forever!,151.0,storyboard,10,79.47,87.42,7.95,https://youtu.be/2KbmlOnPJnU?t=79s,set_wick,assemble,1,0.45,Hands position the float wick in the oil cup.,aia 4 0,0,0.0,0.036,0.081,0.313,0.091,"#482f22,#615648,#a59b83",1,,
2KbmlOnPJnU,https://www.youtube.com/watch?v=2KbmlOnPJnU,How To Make an INFINITE CANDLE Wick – Burns Forever!,151.0,storyboard,11,87.42,95.37,7.95,https://youtu.be/2KbmlOnPJnU?t=87s,pour_wax,assemble,1,0.4,Oil is added to the metal cup to fuel the float wick.,,0,0.0,0.009,0.091,0.321,0.106,"#57453a,#2b1f16,#817e6f",1,,
2KbmlOnPJnU,https://www.youtube.com/watch?v=2KbmlOnPJnU,How To Make an INFINITE CANDLE Wick – Burns Forever!,151.0,storyboard,12,95.37,103.32,7.95,https://youtu.be/2KbmlOnPJnU?t=95s,reveal_result,finish,1,0.45,Close-up of a tealight/float candle.,,0,0.0,0.034,0.126,0.303,0.096,"#4c3d33,#392319,#848474",1,,
2KbmlOnPJnU,https://www.youtube.com/watch?v=2KbmlOnPJnU,How To Make an INFINITE CANDLE Wick – Burns Forever!,151.0,storyboard,13,103.32,111.26,7.94,https://youtu.be/2KbmlOnPJnU?t=103s,reveal_result,finish,1,0.55,The float wick is lit and burns in the cup.,NS,0,0.0,0.017,0.184,0.332,0.121,"#7a4d3f,#432720,#c69a7d",1,,
2KbmlOnPJnU,https://www.youtube.com/watch?v=2KbmlOnPJnU,How To Make an INFINITE CANDLE Wick – Burns Forever!,151.0,storyboard,14,111.26,119.21,7.95,https://youtu.be/2KbmlOnPJnU?t=111s,reveal_result,finish,1,0.55,Tealights/float wicks lit in a row.,oa,0,0.0,0.02,0.068,0.268,0.078,"#372e2b,#725a54,#aea28e",1,,
2KbmlOnPJnU,https://www.youtube.com/watch?v=2KbmlOnPJnU,How To Make an INFINITE CANDLE Wick – Burns Forever!,151.0,storyboard,15,119.21,127.16,7.95,https://youtu.be/2KbmlOnPJnU?t=119s,reveal_result,finish,1,0.5,Candles burning.,,0,0.0,0.009,0.122,0.287,0.096,"#3d261c,#5b4135,#b39382",1,,
2KbmlOnPJnU,https://www.youtube.com/watch?v=2KbmlOnPJnU,How To Make an INFINITE CANDLE Wick – Burns Forever!,151.0,storyboard,16,127.16,135.11,7.95,https://youtu.be/2KbmlOnPJnU?t=127s,reveal_result,finish,1,0.5,Lit candles beauty shot.,,0,0.0,0.014,0.123,0.304,0.129,"#463027,#c19883,#835f56",1,,
2rhZ7lzaU4Y,https://www.youtube.com/watch?v=2rhZ7lzaU4Y,4 Easy Candle Making for Beginners | DIY Candles,187.0,storyboard,1,8.13,16.26,8.13,https://youtu.be/2rhZ7lzaU4Y?t=8s,gather_materials,prep,1,0.5,Hands hold colourful round moulds (blue/pink/green).,aS,0,0.0,0.057,0.168,0.665,0.289,"#d4846a,#86483c,#eddedf",1,,
2rhZ7lzaU4Y,https://www.youtube.com/watch?v=2rhZ7lzaU4Y,4 Easy Candle Making for Beginners | DIY Candles,187.0,storyboard,2,16.26,24.39,8.13,https://youtu.be/2rhZ7lzaU4Y?t=16s,gather_materials,prep,1,0.5,A wick is placed into a glass jar; YouTube branding.,or,0,0.0,0.037,0.082,0.578,0.283,"#c66644,#eb926e,#74bee1",1,,
2rhZ7lzaU4Y,https://www.youtube.com/watch?v=2rhZ7lzaU4Y,4 Easy Candle Making for Beginners | DIY Candles,187.0,storyboard,3,24.39,32.52,8.13,https://youtu.be/2rhZ7lzaU4Y?t=24s,gather_materials,prep,1,0.45,Hands with coloured wax spheres.,7 ce.,0,0.333,0.045,0.104,0.544,0.311,"#de714c,#7d4a3e,#cab8b2",1,,
2rhZ7lzaU4Y,https://www.youtube.com/watch?v=2rhZ7lzaU4Y,4 Easy Candle Making for Beginners | DIY Candles,187.0,storyboard,4,32.52,40.65,8.13,https://youtu.be/2rhZ7lzaU4Y?t=33s,gather_materials,prep,1,0.4,Hands arrange colourful wax spheres.,,0,0.0,0.034,0.158,0.657,0.247,"#fa9b71,#fcab86,#e7865d",1,,
2rhZ7lzaU4Y,https://www.youtube.com/watch?v=2rhZ7lzaU4Y,4 Easy Candle Making for Beginners | DIY Candles,187.0,storyboard,5,40.65,48.78,8.13,https://youtu.be/2rhZ7lzaU4Y?t=41s,gather_materials,prep,1,0.4,Colourful moulds on the orange background.,,0,0.0,0.036,0.095,0.721,0.14,"#e4d9de,#9ba098,#7a6e6e",1,,
2rhZ7lzaU4Y,https://www.youtube.com/watch?v=2rhZ7lzaU4Y,4 Easy Candle Making for Beginners | DIY Candles,187.0,storyboard,6,48.78,56.91,8.13,https://youtu.be/2rhZ7lzaU4Y?t=49s,pour_wax,assemble,1,0.55,Coloured wax poured into a glass jar around a wick.,,0,0.0,0.02,0.293,0.61,0.071,"#e0dee2,#beb4ae,#754e4a",1,,
2rhZ7lzaU4Y,https://www.youtube.com/watch?v=2rhZ7lzaU4Y,4 Easy Candle Making for Beginners | DIY Candles,187.0,storyboard,7,56.91,65.04,8.13,https://youtu.be/2rhZ7lzaU4Y?t=57s,pour_wax,assemble,1,0.55,A coloured layer poured into the jar.,4,0,0.0,0.015,0.119,0.786,0.066,"#dedadf,#87958d,#b6bcc0",1,,
2rhZ7lzaU4Y,https://www.youtube.com/watch?v=2rhZ7lzaU4Y,4 Easy Candle Making for Beginners | DIY Candles,187.0,storyboard,8,65.04,73.17,8.13,https://youtu.be/2rhZ7lzaU4Y?t=65s,pour_wax,assemble,1,0.5,Blue layer in the jar; hand at work.,,0,0.0,0.04,0.157,0.761,0.092,"#dedbde,#a2a8a2,#617c89",1,,
2rhZ7lzaU4Y,https://www.youtube.com/watch?v=2rhZ7lzaU4Y,4 Easy Candle Making for Beginners | DIY Candles,187.0,storyboard,9,73.17,81.3,8.13,https://youtu.be/2rhZ7lzaU4Y?t=73s,pour_wax,assemble,1,0.5,Layered colours building in the glass jar.,,0,0.0,0.013,0.138,0.75,0.074,"#e6e1e5,#a6aea6,#82918b",1,,
2rhZ7lzaU4Y,https://www.youtube.com/watch?v=2rhZ7lzaU4Y,4 Easy Candle Making for Beginners | DIY Candles,187.0,storyboard,10,81.3,89.43,8.13,https://youtu.be/2rhZ7lzaU4Y?t=81s,pour_wax,assemble,1,0.4,Hands with coloured wax spheres beside the jar.,,0,0.0,0.01,0.074,0.722,0.087,"#e0dbdf,#98a198,#70807b",1,,
2rhZ7lzaU4Y,https://www.youtube.com/watch?v=2rhZ7lzaU4Y,4 Easy Candle Making for Beginners | DIY Candles,187.0,storyboard,11,89.43,97.57,8.14,https://youtu.be/2rhZ7lzaU4Y?t=89s,pour_wax,assemble,1,0.5,Multicolour layers in the jar.,,0,0.0,0.018,0.457,0.549,0.074,"#252e26,#5f5f5e,#4a4743",1,,
2rhZ7lzaU4Y,https://www.youtube.com/watch?v=2rhZ7lzaU4Y,4 Easy Candle Making for Beginners | DIY Candles,187.0,storyboard,12,97.57,105.7,8.13,https://youtu.be/2rhZ7lzaU4Y?t=98s,pour_wax,assemble,1,0.45,Hands set/centre the wick with a white disc; jar.,,0,0.0,0.045,0.255,0.485,0.085,"#5b483c,#856d62,#e7cdca",1,,
2rhZ7lzaU4Y,https://www.youtube.com/watch?v=2rhZ7lzaU4Y,4 Easy Candle Making for Beginners | DIY Candles,187.0,storyboard,13,105.7,113.83,8.13,https://youtu.be/2rhZ7lzaU4Y?t=106s,pour_wax,assemble,1,0.5,More coloured wax poured into the jar.,WALeCLAYIN,1,0.333,0.078,0.245,0.46,0.083,"#483330,#6c5552,#d7baba",1,,
2rhZ7lzaU4Y,https://www.youtube.com/watch?v=2rhZ7lzaU4Y,4 Easy Candle Making for Beginners | DIY Candles,187.0,storyboard,14,113.83,121.96,8.13,https://youtu.be/2rhZ7lzaU4Y?t=114s,pour_wax,assemble,1,0.45,Red wax added to the layered jar.,id,0,0.0,0.05,0.22,0.56,0.1,"#cacac8,#a59e9d,#652b36",1,,
2rhZ7lzaU4Y,https://www.youtube.com/watch?v=2rhZ7lzaU4Y,4 Easy Candle Making for Beginners | DIY Candles,187.0,storyboard,15,121.96,130.09,8.13,https://youtu.be/2rhZ7lzaU4Y?t=122s,pour_wax,assemble,1,0.5,Rainbow-layered jar taking shape.,eT aa ry,1,0.0,0.056,0.212,0.602,0.129,"#a8a4a4,#dae1e2,#554b4e",1,,
2rhZ7lzaU4Y,https://www.youtube.com/watch?v=2rhZ7lzaU4Y,4 Easy Candle Making for Beginners | DIY Candles,187.0,storyboard,16,130.09,138.22,8.13,https://youtu.be/2rhZ7lzaU4Y?t=130s,pour_wax,assemble,1,0.5,Hands pour another colour into the rainbow jar.,,0,0.0,0.026,0.147,0.642,0.173,"#c8c9c8,#9d938b,#3f3230",1,,
2rhZ7lzaU4Y,https://www.youtube.com/watch?v=2rhZ7lzaU4Y,4 Easy Candle Making for Beginners | DIY Candles,187.0,storyboard,17,138.22,146.35,8.13,https://youtu.be/2rhZ7lzaU4Y?t=138s,pour_wax,assemble,1,0.5,Yellow layer poured into the jar.,ra 4 aR hd,1,0.0,0.121,0.165,0.531,0.13,"#897b78,#564d43,#cdb9b0",1,,
2rhZ7lzaU4Y,https://www.youtube.com/watch?v=2rhZ7lzaU4Y,4 Easy Candle Making for Beginners | DIY Candles,187.0,storyboard,18,146.35,154.48,8.13,https://youtu.be/2rhZ7lzaU4Y?t=146s,pour_wax,assemble,1,0.5,Red layer poured; rainbow candle nearly done.,ole,0,0.0,0.029,0.127,0.803,0.119,"#e4e1e2,#b5a29b,#744b3f",1,,
2rhZ7lzaU4Y,https://www.youtube.com/watch?v=2rhZ7lzaU4Y,4 Easy Candle Making for Beginners | DIY Candles,187.0,storyboard,19,154.48,162.61,8.13,https://youtu.be/2rhZ7lzaU4Y?t=154s,reveal_result,finish,1,0.5,Hands present the finished rainbow-layered jar.,yr oO,0,0.0,0.047,0.047,0.822,0.111,"#e6e3e4,#c0c0b5,#997b57",1,,
2rhZ7lzaU4Y,https://www.youtube.com/watch?v=2rhZ7lzaU4Y,4 Easy Candle Making for Beginners | DIY Candles,187.0,storyboard,20,162.61,170.74,8.13,https://youtu.be/2rhZ7lzaU4Y?t=163s,reveal_result,finish,1,0.55,Finished colourful candles displayed with fairy lights.,ali Ae,0,0.0,0.045,0.231,0.707,0.105,"#e9e5e6,#c7cbbf,#c4a269",1,,
5SulILZNPEI,https://www.youtube.com/watch?v=5SulILZNPEI,How To Make Soy Candles DIY Candle Making Tutorial,453.0,storyboard,6,47.68,55.63,7.95,https://youtu.be/5SulILZNPEI?t=48s,gather_materials,prep,1,0.6,pouring flakes into pitcher,St,0,0.0,0.044,0.064,0.388,0.122,"#625e5e,#342b33,#c3ac8a",1,,
5SulILZNPEI,https://www.youtube.com/watch?v=5SulILZNPEI,How To Make Soy Candles DIY Candle Making Tutorial,453.0,storyboard,7,55.63,63.58,7.95,https://youtu.be/5SulILZNPEI?t=56s,gather_materials,prep,1,0.45,reaching for materials,,0,0.0,0.046,0.047,0.377,0.121,"#5e595b,#322a34,#c2ac89",1,,
5SulILZNPEI,https://www.youtube.com/watch?v=5SulILZNPEI,How To Make Soy Candles DIY Candle Making Tutorial,453.0,storyboard,8,63.58,71.53,7.95,https://youtu.be/5SulILZNPEI?t=64s,melt_wax,process,1,0.45,at melter pot,yore sg lf,1,0.0,0.048,0.037,0.382,0.119,"#5f5b5b,#372f31,#c5ae8d",1,,
5SulILZNPEI,https://www.youtube.com/watch?v=5SulILZNPEI,How To Make Soy Candles DIY Candle Making Tutorial,453.0,storyboard,9,71.53,79.47,7.94,https://youtu.be/5SulILZNPEI?t=72s,melt_wax,process,1,0.5,tending melter,sao se,0,0.0,0.045,0.0,0.381,0.12,"#5f5b5c,#372f32,#c3ad8b",1,,
5SulILZNPEI,https://www.youtube.com/watch?v=5SulILZNPEI,How To Make Soy Candles DIY Candle Making Tutorial,453.0,storyboard,12,95.37,103.32,7.95,https://youtu.be/5SulILZNPEI?t=95s,prepare_container,prep,1,0.45,handling wick/container item,ae mm,0,0.0,0.045,0.032,0.381,0.119,"#605b5c,#352d34,#c5ae8b",1,,
5SulILZNPEI,https://www.youtube.com/watch?v=5SulILZNPEI,How To Make Soy Candles DIY Candle Making Tutorial,453.0,storyboard,13,103.32,111.26,7.94,https://youtu.be/5SulILZNPEI?t=103s,melt_wax,process,1,0.5,at melter pot,oie om ee,1,0.0,0.052,0.0,0.384,0.118,"#5f5b5c,#373032,#c5ae8b",1,,
5SulILZNPEI,https://www.youtube.com/watch?v=5SulILZNPEI,How To Make Soy Candles DIY Candle Making Tutorial,453.0,storyboard,14,111.26,119.21,7.95,https://youtu.be/5SulILZNPEI?t=111s,melt_wax,process,1,0.45,tending melter,,0,0.0,0.049,0.029,0.377,0.123,"#605c5c,#332c32,#c3ad88",1,,
5SulILZNPEI,https://www.youtube.com/watch?v=5SulILZNPEI,How To Make Soy Candles DIY Candle Making Tutorial,453.0,storyboard,16,127.16,135.11,7.95,https://youtu.be/5SulILZNPEI?t=127s,melt_wax,process,1,0.55,stirring melter,fh ie we BB,1,0.0,0.042,0.013,0.382,0.118,"#605b5c,#372f32,#c4ae89",1,,
5SulILZNPEI,https://www.youtube.com/watch?v=5SulILZNPEI,How To Make Soy Candles DIY Candle Making Tutorial,453.0,storyboard,17,135.11,143.05,7.94,https://youtu.be/5SulILZNPEI?t=135s,melt_wax,process,1,0.55,tending melter,ae,0,0.0,0.053,0.0,0.381,0.119,"#605b5b,#352d30,#c3ad8a",1,,
5SulILZNPEI,https://www.youtube.com/watch?v=5SulILZNPEI,How To Make Soy Candles DIY Candle Making Tutorial,453.0,storyboard,18,143.05,151.0,7.95,https://youtu.be/5SulILZNPEI?t=143s,melt_wax,process,1,0.5,hands in melter,,0,0.0,0.049,0.021,0.379,0.119,"#5f5b5d,#362e31,#c6b08c",1,,
5SulILZNPEI,https://www.youtube.com/watch?v=5SulILZNPEI,How To Make Soy Candles DIY Candle Making Tutorial,453.0,storyboard,19,151.0,158.95,7.95,https://youtu.be/5SulILZNPEI?t=151s,add_fragrance,process,1,0.45,adding/stirring into melter,pst ge,0,0.0,0.051,0.029,0.382,0.12,"#615d5e,#342d31,#c6af8b",1,,
5SulILZNPEI,https://www.youtube.com/watch?v=5SulILZNPEI,How To Make Soy Candles DIY Candle Making Tutorial,453.0,storyboard,32,254.32,262.26,7.94,https://youtu.be/5SulILZNPEI?t=254s,pour_wax,assemble,1,0.45,overhead hands at tins,mR,0,0.0,0.043,0.0,0.38,0.131,"#63605e,#322a3c,#cab493",1,,
5SulILZNPEI,https://www.youtube.com/watch?v=5SulILZNPEI,How To Make Soy Candles DIY Candle Making Tutorial,453.0,storyboard,33,262.26,270.21,7.95,https://youtu.be/5SulILZNPEI?t=262s,pour_wax,assemble,1,0.45,overhead pouring into tins,Sy CS Rece Ce ra we Ere ae ae,1,0.0,0.086,0.041,0.579,0.115,"#a38e72,#d1c1a8,#454035",1,,
5SulILZNPEI,https://www.youtube.com/watch?v=5SulILZNPEI,How To Make Soy Candles DIY Candle Making Tutorial,453.0,storyboard,34,270.21,278.16,7.95,https://youtu.be/5SulILZNPEI?t=270s,set_wick,assemble,1,0.4,overhead working tins,are Go hy ae oP ae gee 4 ay 3,1,0.0,0.075,0.025,0.582,0.116,"#9f8c6f,#cebea5,#3e3b32",1,,
5SulILZNPEI,https://www.youtube.com/watch?v=5SulILZNPEI,How To Make Soy Candles DIY Candle Making Tutorial,453.0,storyboard,35,278.16,286.11,7.95,https://youtu.be/5SulILZNPEI?t=278s,set_wick,assemble,1,0.6,host talking to camera,,0,0.0,0.084,0.046,0.578,0.118,"#cdbca2,#9e8a70,#3c3737",1,,
5SulILZNPEI,https://www.youtube.com/watch?v=5SulILZNPEI,How To Make Soy Candles DIY Candle Making Tutorial,453.0,storyboard,36,286.11,294.05,7.94,https://youtu.be/5SulILZNPEI?t=286s,set_wick,assemble,1,0.4,overhead adjusting wicks,2 Ey,0,0.0,0.045,0.0,0.44,0.144,"#736f6e,#3b3146,#d8c19e",1,,
5SulILZNPEI,https://www.youtube.com/watch?v=5SulILZNPEI,How To Make Soy Candles DIY Candle Making Tutorial,453.0,storyboard,37,294.05,302.0,7.95,https://youtu.be/5SulILZNPEI?t=294s,pour_wax,assemble,1,0.45,overhead pouring,Bg 4 PS,0,0.0,0.064,0.254,0.511,0.13,"#736f6e,#3e3449,#d8c29e",1,,
5SulILZNPEI,https://www.youtube.com/watch?v=5SulILZNPEI,How To Make Soy Candles DIY Candle Making Tutorial,453.0,storyboard,48,381.47,389.42,7.95,https://youtu.be/5SulILZNPEI?t=381s,reveal_result,finish,1,0.5,host holding finished tin candle,ee Bree of,1,0.0,0.048,0.266,0.493,0.128,"#a79475,#cfc2af,#514a41",1,,
5SulILZNPEI,https://www.youtube.com/watch?v=5SulILZNPEI,How To Make Soy Candles DIY Candle Making Tutorial,453.0,storyboard,49,389.42,397.37,7.95,https://youtu.be/5SulILZNPEI?t=389s,reveal_result,finish,1,0.6,showing finished candle,,0,0.0,0.035,0.034,0.408,0.125,"#6d6a69,#3c343a,#d0ba97",1,,
5SulILZNPEI,https://www.youtube.com/watch?v=5SulILZNPEI,How To Make Soy Candles DIY Candle Making Tutorial,453.0,storyboard,50,397.37,405.32,7.95,https://youtu.be/5SulILZNPEI?t=397s,reveal_result,finish,1,0.6,showing finished candle,oi,0,0.0,0.044,0.032,0.407,0.132,"#6c6968,#39313c,#d1ba97",1,,
5SulILZNPEI,https://www.youtube.com/watch?v=5SulILZNPEI,How To Make Soy Candles DIY Candle Making Tutorial,453.0,storyboard,51,405.32,413.26,7.94,https://youtu.be/5SulILZNPEI?t=405s,reveal_result,finish,1,0.55,showing finished candle,eile Tae,1,0.0,0.042,0.0,0.408,0.13,"#6c6867,#3a323c,#d1bb97",1,,
6HKMsobiG74,https://www.youtube.com/watch?v=6HKMsobiG74,Most Satisfying Ocean Jelly Candle | Water Candle DIY ASMR,158.0,storyboard,0,0.0,7.9,7.9,https://youtu.be/6HKMsobiG74?t=0s,prepare_container,prep,1,0.4,Blurry footage: a clear glass jar is readied for an 'ocean jelly' water candle.,sz Wie mati,1,0.0,0.027,0.145,0.52,0.104,"#91a7ad,#a6817b,#684b52",1,,
6HKMsobiG74,https://www.youtube.com/watch?v=6HKMsobiG74,Most Satisfying Ocean Jelly Candle | Water Candle DIY ASMR,158.0,storyboard,1,7.9,15.8,7.9,https://youtu.be/6HKMsobiG74?t=8s,gather_materials,prep,1,0.4,Decorative shells/beads and supplies gathered (low-detail).,eFS gale,1,0.333,0.036,0.073,0.55,0.087,"#838c8e,#a7b0b2,#536265",1,,
6HKMsobiG74,https://www.youtube.com/watch?v=6HKMsobiG74,Most Satisfying Ocean Jelly Candle | Water Candle DIY ASMR,158.0,storyboard,2,15.8,23.7,7.9,https://youtu.be/6HKMsobiG74?t=16s,decorate_finish,finish,1,0.4,Decorations are placed into the bottom of the glass.,2. ee ma wens gy eet oh ae bt odie,1,0.0,0.043,0.101,0.584,0.097,"#818f8e,#a4b0b1,#767168",1,,
6HKMsobiG74,https://www.youtube.com/watch?v=6HKMsobiG74,Most Satisfying Ocean Jelly Candle | Water Candle DIY ASMR,158.0,storyboard,3,23.7,31.6,7.9,https://youtu.be/6HKMsobiG74?t=24s,pour_wax,assemble,1,0.4,Clear jelly wax poured into the decorated glass.,oe Madiia st ete Sede 25 Lhe wight,1,0.0,0.073,0.118,0.574,0.11,"#9e8b73,#a7b2ab,#6b6857",1,,
6HKMsobiG74,https://www.youtube.com/watch?v=6HKMsobiG74,Most Satisfying Ocean Jelly Candle | Water Candle DIY ASMR,158.0,storyboard,4,31.6,39.5,7.9,https://youtu.be/6HKMsobiG74?t=32s,pour_wax,assemble,1,0.4,The glass fills with transparent jelly wax.,DSR Se 7 MY Beatie Oo we,1,0.0,0.039,0.123,0.557,0.108,"#a3b1b3,#889394,#845a55",1,,
6HKMsobiG74,https://www.youtube.com/watch?v=6HKMsobiG74,Most Satisfying Ocean Jelly Candle | Water Candle DIY ASMR,158.0,storyboard,5,39.5,47.4,7.9,https://youtu.be/6HKMsobiG74?t=40s,pour_wax,assemble,1,0.4,More decorative elements added into the jelly.,Vadwa as MOTUEKA 2 ea ba,1,0.0,0.034,0.138,0.546,0.094,"#877372,#acb2b0,#44555d",1,,
6HKMsobiG74,https://www.youtube.com/watch?v=6HKMsobiG74,Most Satisfying Ocean Jelly Candle | Water Candle DIY ASMR,158.0,storyboard,6,47.4,55.3,7.9,https://youtu.be/6HKMsobiG74?t=47s,pour_wax,assemble,1,0.4,Additional clear jelly poured to build layers.,"CADIS hy nese Ce, we ras er oy: ke ASS",1,0.0,0.036,0.041,0.606,0.089,"#969f9b,#b9b8ae,#63746d",1,,
6HKMsobiG74,https://www.youtube.com/watch?v=6HKMsobiG74,Most Satisfying Ocean Jelly Candle | Water Candle DIY ASMR,158.0,storyboard,7,55.3,63.2,7.9,https://youtu.be/6HKMsobiG74?t=55s,pour_wax,assemble,1,0.4,Embedding shells/figures in the jelly layer.,AA Pad MI Del Osdtia,1,0.0,0.029,0.093,0.451,0.11,"#9eb0ac,#1b1c1d,#6c5e67",1,,
6HKMsobiG74,https://www.youtube.com/watch?v=6HKMsobiG74,Most Satisfying Ocean Jelly Candle | Water Candle DIY ASMR,158.0,storyboard,8,63.2,71.1,7.9,https://youtu.be/6HKMsobiG74?t=63s,pour_wax,assemble,1,0.4,Clear jelly poured over the embedded decor.,xf aii vie Oadtio OX,1,0.0,0.031,0.061,0.425,0.105,"#9bb5b0,#1d2124,#5a6a6b",1,,
6HKMsobiG74,https://www.youtube.com/watch?v=6HKMsobiG74,Most Satisfying Ocean Jelly Candle | Water Candle DIY ASMR,158.0,storyboard,9,71.1,79.0,7.9,https://youtu.be/6HKMsobiG74?t=71s,pour_wax,assemble,1,0.4,Jelly fills the glass further.,,0,0.0,0.039,0.091,0.452,0.111,"#a3b1af,#27292a,#917368",1,,
6HKMsobiG74,https://www.youtube.com/watch?v=6HKMsobiG74,Most Satisfying Ocean Jelly Candle | Water Candle DIY ASMR,158.0,storyboard,10,79.0,86.9,7.9,https://youtu.be/6HKMsobiG74?t=79s,pour_wax,assemble,1,0.35,A blue tint is introduced for the ocean-water effect.,ae ee Nadia 0 SR ley Se as Kant ron oy Sem,1,0.0,0.032,0.137,0.504,0.089,"#889392,#566970,#acb4b1",1,,
6HKMsobiG74,https://www.youtube.com/watch?v=6HKMsobiG74,Most Satisfying Ocean Jelly Candle | Water Candle DIY ASMR,158.0,storyboard,11,86.9,94.8,7.9,https://youtu.be/6HKMsobiG74?t=87s,pour_wax,assemble,1,0.4,Blue-tinted jelly poured into the glass.,Ne Wada Wi Ku Cute wach BA ee Ostia,1,0.0,0.039,0.123,0.501,0.118,"#466e7c,#8b9f9e,#986955",1,,
6HKMsobiG74,https://www.youtube.com/watch?v=6HKMsobiG74,Most Satisfying Ocean Jelly Candle | Water Candle DIY ASMR,158.0,storyboard,12,94.8,102.7,7.9,https://youtu.be/6HKMsobiG74?t=95s,pour_wax,assemble,1,0.4,Final decorations arranged in the blue jelly.,9 tanya 7 1 avo,1,0.0,0.021,0.125,0.561,0.084,"#869396,#abb3b7,#24292f",1,,
6HKMsobiG74,https://www.youtube.com/watch?v=6HKMsobiG74,Most Satisfying Ocean Jelly Candle | Water Candle DIY ASMR,158.0,storyboard,13,102.7,110.6,7.9,https://youtu.be/6HKMsobiG74?t=103s,pour_wax,assemble,1,0.4,Top jelly layer poured.,Nacioo Mo ae! ad Sae 7 7 As iis ee on ee ee oh 5 ss,1,0.0,0.04,0.082,0.563,0.086,"#829090,#a6b3b6,#5d6850",1,,
6HKMsobiG74,https://www.youtube.com/watch?v=6HKMsobiG74,Most Satisfying Ocean Jelly Candle | Water Candle DIY ASMR,158.0,storyboard,14,110.6,118.5,7.9,https://youtu.be/6HKMsobiG74?t=111s,set_wick,assemble,1,0.35,A wick/centre element set in the jelly candle.,fi Testi ef Ww haga,1,0.0,0.045,0.142,0.523,0.156,"#839595,#a6aeac,#3b706b",1,,
6HKMsobiG74,https://www.youtube.com/watch?v=6HKMsobiG74,Most Satisfying Ocean Jelly Candle | Water Candle DIY ASMR,158.0,storyboard,15,118.5,126.4,7.9,https://youtu.be/6HKMsobiG74?t=118s,reveal_result,finish,1,0.45,The finished ocean-jelly candle shown.,Baia 0 SS,1,0.0,0.04,0.099,0.494,0.193,"#277e7b,#aabfbf,#629597",1,,
6HKMsobiG74,https://www.youtube.com/watch?v=6HKMsobiG74,Most Satisfying Ocean Jelly Candle | Water Candle DIY ASMR,158.0,storyboard,17,134.3,142.2,7.9,https://youtu.be/6HKMsobiG74?t=134s,reveal_result,finish,1,0.45,Finished jelly candle displayed.,costo Oe Hla dae er 4 Oadiia,1,0.333,0.038,0.064,0.538,0.116,"#8b8883,#3d515f,#b5bab2",1,,
6HKMsobiG74,https://www.youtube.com/watch?v=6HKMsobiG74,Most Satisfying Ocean Jelly Candle | Water Candle DIY ASMR,158.0,storyboard,18,142.2,150.1,7.9,https://youtu.be/6HKMsobiG74?t=142s,reveal_result,finish,1,0.4,"Final result, possibly lit.",wnt Ponwalthins ipnguddrbeed ie: Testes even rein Ot:,1,0.0,0.037,0.082,0.52,0.097,"#9fa999,#7a8277,#435a58",1,,
6HKMsobiG74,https://www.youtube.com/watch?v=6HKMsobiG74,Most Satisfying Ocean Jelly Candle | Water Candle DIY ASMR,158.0,storyboard,19,150.1,158.0,7.9,https://youtu.be/6HKMsobiG74?t=150s,reveal_result,finish,1,0.4,Closing shot of the ocean-jelly candle.,Ne Ginoe Xo Res Peale Le disk donmatehnine an you likey oo Ta fike wae saypreciate yng Pal 1 eee we 7,1,0.0,0.032,0.324,0.353,0.085,"#879596,#426472,#c3d4d1",1,,
6N1oH8pkD5Q,https://www.youtube.com/watch?v=6N1oH8pkD5Q,Make YOUR OWN Layered Gradient Soy Wax Candle!,243.0,storyboard,7,56.7,64.8,8.1,https://youtu.be/6N1oH8pkD5Q?t=57s,pour_wax,assemble,1,0.5,Pink/red wax in a clear glass on the hot plate; first layer.,sania es RS yy se,1,0.333,0.061,0.293,0.412,0.152,"#312f34,#665b63,#b78487",1,,
6N1oH8pkD5Q,https://www.youtube.com/watch?v=6N1oH8pkD5Q,Make YOUR OWN Layered Gradient Soy Wax Candle!,243.0,storyboard,8,64.8,72.9,8.1,https://youtu.be/6N1oH8pkD5Q?t=65s,add_dye_color,process,1,0.5,Host adds red dye from a bottle to tint the wax.,"mai oh AROMATICS FRAGB ass ur INTERNAT ww lif Wink Li, ba 9 8 mee eps Ese ee ae:",1,0.333,0.103,0.169,0.491,0.098,"#dcd9d7,#7a6c65,#190e0d",1,,
6N1oH8pkD5Q,https://www.youtube.com/watch?v=6N1oH8pkD5Q,Make YOUR OWN Layered Gradient Soy Wax Candle!,243.0,storyboard,10,81.0,89.1,8.1,https://youtu.be/6N1oH8pkD5Q?t=81s,melt_wax,process,1,0.55,Metal pot of red wax melting on the hot plate.,7 oo,0,0.333,0.073,0.275,0.415,0.129,"#504447,#726e72,#beb7b7",1,,
6N1oH8pkD5Q,https://www.youtube.com/watch?v=6N1oH8pkD5Q,Make YOUR OWN Layered Gradient Soy Wax Candle!,243.0,storyboard,11,89.1,97.2,8.1,https://youtu.be/6N1oH8pkD5Q?t=89s,melt_wax,process,1,0.55,Red wax melting in the pot.,,0,0.333,0.051,0.239,0.424,0.166,"#b2958c,#6d5254,#140a0a",1,,
6N1oH8pkD5Q,https://www.youtube.com/watch?v=6N1oH8pkD5Q,Make YOUR OWN Layered Gradient Soy Wax Candle!,243.0,storyboard,12,97.2,105.3,8.1,https://youtu.be/6N1oH8pkD5Q?t=97s,pour_wax,assemble,1,0.6,Pink wax poured into the glass; red drips.,ds 4,0,0.333,0.049,0.32,0.41,0.162,"#24191a,#83585b,#eed6c8",1,,
6N1oH8pkD5Q,https://www.youtube.com/watch?v=6N1oH8pkD5Q,Make YOUR OWN Layered Gradient Soy Wax Candle!,243.0,storyboard,14,113.4,121.5,8.1,https://youtu.be/6N1oH8pkD5Q?t=113s,pour_wax,assemble,1,0.55,Pink wax layer in the glass; hand at work.,CONTAINER WAX OW 44,1,0.0,0.046,0.217,0.345,0.187,"#1b1a1e,#d2bbac,#765355",1,,
6N1oH8pkD5Q,https://www.youtube.com/watch?v=6N1oH8pkD5Q,Make YOUR OWN Layered Gradient Soy Wax Candle!,243.0,storyboard,15,121.5,129.6,8.1,https://youtu.be/6N1oH8pkD5Q?t=122s,pour_wax,assemble,1,0.5,"White wax in the pot, readied for the next layer.",4,0,0.0,0.031,0.205,0.298,0.105,"#25262f,#7b7f89,#e2e5d5",1,,
6N1oH8pkD5Q,https://www.youtube.com/watch?v=6N1oH8pkD5Q,Make YOUR OWN Layered Gradient Soy Wax Candle!,243.0,storyboard,16,129.6,137.7,8.1,https://youtu.be/6N1oH8pkD5Q?t=130s,pour_wax,assemble,1,0.6,Cream/white wax poured over the pink layer to build the gradient.,wn lt ff 4,1,0.0,0.059,0.256,0.435,0.124,"#363537,#7c7677,#d8c4bc",1,,
6N1oH8pkD5Q,https://www.youtube.com/watch?v=6N1oH8pkD5Q,Make YOUR OWN Layered Gradient Soy Wax Candle!,243.0,storyboard,17,137.7,145.8,8.1,https://youtu.be/6N1oH8pkD5Q?t=138s,pour_wax,assemble,1,0.55,Host talks to camera.,7 Mord wy 1 pm Gi! AROMATIC INTER te 1 ales eegs hae ll 7 Sy Shes ESE,1,0.333,0.049,0.304,0.44,0.095,"#deddd9,#7c6b61,#1d1210",1,,
6N1oH8pkD5Q,https://www.youtube.com/watch?v=6N1oH8pkD5Q,Make YOUR OWN Layered Gradient Soy Wax Candle!,243.0,storyboard,18,145.8,153.9,8.1,https://youtu.be/6N1oH8pkD5Q?t=146s,pour_wax,assemble,1,0.55,Glass shows the pink-to-cream gradient; caption.,9 di,0,0.333,0.063,0.271,0.374,0.161,"#776e69,#2c2b2d,#dcc2ab",1,,description references on-screen text but OCR found none
6N1oH8pkD5Q,https://www.youtube.com/watch?v=6N1oH8pkD5Q,Make YOUR OWN Layered Gradient Soy Wax Candle!,243.0,storyboard,19,153.9,162.0,8.1,https://youtu.be/6N1oH8pkD5Q?t=154s,pour_wax,assemble,1,0.5,Hot plate with the wax pot.,at Peet. Agee 2 2 wT? ton,1,0.0,0.065,0.183,0.368,0.153,"#342b2f,#6f6e6e,#cccdbd",1,,
6N1oH8pkD5Q,https://www.youtube.com/watch?v=6N1oH8pkD5Q,Make YOUR OWN Layered Gradient Soy Wax Candle!,243.0,storyboard,20,162.0,170.1,8.1,https://youtu.be/6N1oH8pkD5Q?t=162s,pour_wax,assemble,1,0.55,The layered pink/cream candle nearly complete.,7 5,0,0.0,0.036,0.238,0.391,0.113,"#a49f98,#1c1817,#5d5e57",1,,
6N1oH8pkD5Q,https://www.youtube.com/watch?v=6N1oH8pkD5Q,Make YOUR OWN Layered Gradient Soy Wax Candle!,243.0,storyboard,23,186.3,194.4,8.1,https://youtu.be/6N1oH8pkD5Q?t=186s,reveal_result,finish,1,0.6,Host holds up a finished gradient candle.,eae: 4,0,0.0,0.047,0.341,0.415,0.135,"#161210,#d4ad9d,#7d5246",1,,
6N1oH8pkD5Q,https://www.youtube.com/watch?v=6N1oH8pkD5Q,Make YOUR OWN Layered Gradient Soy Wax Candle!,243.0,storyboard,24,194.4,202.5,8.1,https://youtu.be/6N1oH8pkD5Q?t=194s,reveal_result,finish,1,0.55,Host talks by the red shelves.,igus iw ih Ch ff INTERN iE LSS ibe Sa. nantes eewewet ees! 7 eo See 68 Sesg Bt See,1,0.333,0.101,0.013,0.534,0.089,"#e0deda,#2f231f,#89807c",1,,
6Y1FERoGUSo,https://www.youtube.com/watch?v=6Y1FERoGUSo,Aesthetic Flower Candle - 4 K Free Video Process Tutorial - Celebrating Spring,776.0,storyboard,2,16.0,24.0,8.0,https://youtu.be/6Y1FERoGUSo?t=16s,reveal_result,finish,1,0.4,Pink rose candle teaser.,,0,0.0,0.004,0.112,0.506,0.052,"#8b827f,#69625e,#a5a2a6",1,,
6Y1FERoGUSo,https://www.youtube.com/watch?v=6Y1FERoGUSo,Aesthetic Flower Candle - 4 K Free Video Process Tutorial - Celebrating Spring,776.0,storyboard,3,24.0,32.0,8.0,https://youtu.be/6Y1FERoGUSo?t=24s,measure_wax,prep,1,0.45,"Pink wax in a metal cup, melting.",,0,0.0,0.002,0.14,0.516,0.043,"#938886,#786d65,#544a42",1,,
6Y1FERoGUSo,https://www.youtube.com/watch?v=6Y1FERoGUSo,Aesthetic Flower Candle - 4 K Free Video Process Tutorial - Celebrating Spring,776.0,storyboard,4,32.0,40.0,8.0,https://youtu.be/6Y1FERoGUSo?t=32s,melt_wax,process,1,0.5,Metal cup of melted pink wax.,,0,0.0,0.004,0.0,0.457,0.045,"#7a6f68,#908784,#554b43",1,,
6Y1FERoGUSo,https://www.youtube.com/watch?v=6Y1FERoGUSo,Aesthetic Flower Candle - 4 K Free Video Process Tutorial - Celebrating Spring,776.0,storyboard,5,40.0,48.0,8.0,https://youtu.be/6Y1FERoGUSo?t=40s,pour_wax,assemble,1,0.5,Pouring pink wax onto the table to form a thin sheet.,,0,0.0,0.004,0.05,0.48,0.051,"#8a827f,#78635c,#4d4641",1,,
6Y1FERoGUSo,https://www.youtube.com/watch?v=6Y1FERoGUSo,Aesthetic Flower Candle - 4 K Free Video Process Tutorial - Celebrating Spring,776.0,storyboard,6,48.0,56.0,8.0,https://youtu.be/6Y1FERoGUSo?t=48s,decorate_finish,finish,1,0.5,Shaping the pink wax sheet/blob.,,0,0.0,0.0,0.02,0.496,0.046,"#8e8684,#837773,#635d58",1,,
6Y1FERoGUSo,https://www.youtube.com/watch?v=6Y1FERoGUSo,Aesthetic Flower Candle - 4 K Free Video Process Tutorial - Celebrating Spring,776.0,storyboard,7,56.0,64.0,8.0,https://youtu.be/6Y1FERoGUSo?t=56s,decorate_finish,finish,1,0.5,Forming the pink wax sheet.,,0,0.0,0.0,0.0,0.505,0.037,"#8e8584,#817772,#625c57",1,,
6Y1FERoGUSo,https://www.youtube.com/watch?v=6Y1FERoGUSo,Aesthetic Flower Candle - 4 K Free Video Process Tutorial - Celebrating Spring,776.0,storyboard,8,64.0,72.0,8.0,https://youtu.be/6Y1FERoGUSo?t=64s,decorate_finish,finish,1,0.4,Hand-cream bottle / prep.,,0,0.0,0.001,0.065,0.536,0.048,"#8c827e,#a19495,#615750",1,,
6Y1FERoGUSo,https://www.youtube.com/watch?v=6Y1FERoGUSo,Aesthetic Flower Candle - 4 K Free Video Process Tutorial - Celebrating Spring,776.0,storyboard,9,72.0,80.0,8.0,https://youtu.be/6Y1FERoGUSo?t=72s,decorate_finish,finish,1,0.55,Hand-sculpting pink wax into rose petals and assembling the flower candle.,,0,0.0,0.0,0.062,0.519,0.039,"#887d7a,#a09395,#665b56",1,,
6Y1FERoGUSo,https://www.youtube.com/watch?v=6Y1FERoGUSo,Aesthetic Flower Candle - 4 K Free Video Process Tutorial - Celebrating Spring,776.0,storyboard,10,80.0,88.0,8.0,https://youtu.be/6Y1FERoGUSo?t=80s,decorate_finish,finish,1,0.55,Hand-sculpting pink wax into rose petals and assembling the flower candle.,,0,0.0,0.003,0.0,0.512,0.04,"#887e7a,#9b9193,#6b615d",1,,
6Y1FERoGUSo,https://www.youtube.com/watch?v=6Y1FERoGUSo,Aesthetic Flower Candle - 4 K Free Video Process Tutorial - Celebrating Spring,776.0,storyboard,11,88.0,96.0,8.0,https://youtu.be/6Y1FERoGUSo?t=88s,decorate_finish,finish,1,0.55,Hand-sculpting pink wax into rose petals and assembling the flower candle.,,0,0.0,0.003,0.04,0.498,0.039,"#877e7a,#9c9193,#615753",1,,
6Y1FERoGUSo,https://www.youtube.com/watch?v=6Y1FERoGUSo,Aesthetic Flower Candle - 4 K Free Video Process Tutorial - Celebrating Spring,776.0,storyboard,12,96.0,104.0,8.0,https://youtu.be/6Y1FERoGUSo?t=96s,decorate_finish,finish,1,0.55,Hand-sculpting pink wax into rose petals and assembling the flower candle.,,0,0.0,0.004,0.069,0.486,0.04,"#88807d,#9c9396,#665b57",1,,
6Y1FERoGUSo,https://www.youtube.com/watch?v=6Y1FERoGUSo,Aesthetic Flower Candle - 4 K Free Video Process Tutorial - Celebrating Spring,776.0,storyboard,13,104.0,112.0,8.0,https://youtu.be/6Y1FERoGUSo?t=104s,decorate_finish,finish,1,0.55,Hand-sculpting pink wax into rose petals and assembling the flower candle.,,0,0.0,0.0,0.0,0.502,0.036,"#867d79,#9b9094,#635c58",1,,
6Y1FERoGUSo,https://www.youtube.com/watch?v=6Y1FERoGUSo,Aesthetic Flower Candle - 4 K Free Video Process Tutorial - Celebrating Spring,776.0,storyboard,14,112.0,120.0,8.0,https://youtu.be/6Y1FERoGUSo?t=112s,decorate_finish,finish,1,0.55,Hand-sculpting pink wax into rose petals and assembling the flower candle.,,0,0.0,0.0,0.026,0.517,0.036,"#847b76,#968d8d,#685b57",1,,
6Y1FERoGUSo,https://www.youtube.com/watch?v=6Y1FERoGUSo,Aesthetic Flower Candle - 4 K Free Video Process Tutorial - Celebrating Spring,776.0,storyboard,15,120.0,128.0,8.0,https://youtu.be/6Y1FERoGUSo?t=120s,decorate_finish,finish,1,0.55,Hand-sculpting pink wax into rose petals and assembling the flower candle.,,0,0.0,0.0,0.027,0.496,0.04,"#847b77,#988f92,#665956",1,,
6Y1FERoGUSo,https://www.youtube.com/watch?v=6Y1FERoGUSo,Aesthetic Flower Candle - 4 K Free Video Process Tutorial - Celebrating Spring,776.0,storyboard,16,128.0,136.0,8.0,https://youtu.be/6Y1FERoGUSo?t=128s,decorate_finish,finish,1,0.55,Hand-sculpting pink wax into rose petals and assembling the flower candle.,,0,0.0,0.0,0.0,0.491,0.039,"#847b77,#998f93,#665e5a",1,,
6Y1FERoGUSo,https://www.youtube.com/watch?v=6Y1FERoGUSo,Aesthetic Flower Candle - 4 K Free Video Process Tutorial - Celebrating Spring,776.0,storyboard,17,136.0,144.0,8.0,https://youtu.be/6Y1FERoGUSo?t=136s,decorate_finish,finish,1,0.55,Hand-sculpting pink wax into rose petals and assembling the flower candle.,,0,0.0,0.001,0.041,0.505,0.034,"#89817d,#999197,#6f6663",1,,
6Y1FERoGUSo,https://www.youtube.com/watch?v=6Y1FERoGUSo,Aesthetic Flower Candle - 4 K Free Video Process Tutorial - Celebrating Spring,776.0,storyboard,18,144.0,152.0,8.0,https://youtu.be/6Y1FERoGUSo?t=144s,decorate_finish,finish,1,0.5,Forming the rose centre on a stick.,,0,0.0,0.0,0.064,0.529,0.033,"#9a8e90,#908481,#5e554f",1,,
6Y1FERoGUSo,https://www.youtube.com/watch?v=6Y1FERoGUSo,Aesthetic Flower Candle - 4 K Free Video Process Tutorial - Celebrating Spring,776.0,storyboard,19,152.0,160.0,8.0,https://youtu.be/6Y1FERoGUSo?t=152s,decorate_finish,finish,1,0.5,Pink wax sheet with cut petal shapes.,,0,0.0,0.0,0.0,0.554,0.035,"#9a8f90,#918582,#665a55",1,,
6Y1FERoGUSo,https://www.youtube.com/watch?v=6Y1FERoGUSo,Aesthetic Flower Candle - 4 K Free Video Process Tutorial - Celebrating Spring,776.0,storyboard,20,160.0,168.0,8.0,https://youtu.be/6Y1FERoGUSo?t=160s,decorate_finish,finish,1,0.5,Cutting petal shapes from the wax sheet.,,0,0.0,0.0,0.035,0.484,0.037,"#958b8d,#7d726f,#5d534d",1,,
6Y1FERoGUSo,https://www.youtube.com/watch?v=6Y1FERoGUSo,Aesthetic Flower Candle - 4 K Free Video Process Tutorial - Celebrating Spring,776.0,storyboard,21,168.0,176.0,8.0,https://youtu.be/6Y1FERoGUSo?t=168s,decorate_finish,finish,1,0.55,Hand-sculpting pink wax into rose petals and assembling the flower candle.,,0,0.0,0.0,0.075,0.515,0.034,"#9a8f91,#928582,#645953",1,,
6Y1FERoGUSo,https://www.youtube.com/watch?v=6Y1FERoGUSo,Aesthetic Flower Candle - 4 K Free Video Process Tutorial - Celebrating Spring,776.0,storyboard,22,176.0,184.0,8.0,https://youtu.be/6Y1FERoGUSo?t=176s,decorate_finish,finish,1,0.55,Hand-sculpting pink wax into rose petals and assembling the flower candle.,,0,0.0,0.003,0.0,0.482,0.036,"#958b8e,#7f7571,#635b53",1,,
6Y1FERoGUSo,https://www.youtube.com/watch?v=6Y1FERoGUSo,Aesthetic Flower Candle - 4 K Free Video Process Tutorial - Celebrating Spring,776.0,storyboard,23,184.0,192.0,8.0,https://youtu.be/6Y1FERoGUSo?t=184s,decorate_finish,finish,1,0.55,Hand-sculpting pink wax into rose petals and assembling the flower candle.,,0,0.0,0.0,0.07,0.457,0.043,"#5c5049,#958b8c,#7c7370",1,,
6Y1FERoGUSo,https://www.youtube.com/watch?v=6Y1FERoGUSo,Aesthetic Flower Candle - 4 K Free Video Process Tutorial - Celebrating Spring,776.0,storyboard,24,192.0,200.0,8.0,https://youtu.be/6Y1FERoGUSo?t=192s,decorate_finish,finish,1,0.55,Hand-sculpting pink wax into rose petals and assembling the flower candle.,,0,0.0,0.001,0.011,0.539,0.035,"#8b8381,#988c8e,#68605c",1,,
6Y1FERoGUSo,https://www.youtube.com/watch?v=6Y1FERoGUSo,Aesthetic Flower Candle - 4 K Free Video Process Tutorial - Celebrating Spring,776.0,storyboard,25,200.0,208.0,8.0,https://youtu.be/6Y1FERoGUSo?t=200s,decorate_finish,finish,1,0.55,Hand-sculpting pink wax into rose petals and assembling the flower candle.,,0,0.0,0.001,0.0,0.543,0.035,"#8f8684,#9b8e91,#777372",1,,
6Y1FERoGUSo,https://www.youtube.com/watch?v=6Y1FERoGUSo,Aesthetic Flower Candle - 4 K Free Video Process Tutorial - Celebrating Spring,776.0,storyboard,26,208.0,216.0,8.0,https://youtu.be/6Y1FERoGUSo?t=208s,decorate_finish,finish,1,0.55,Hand-sculpting pink wax into rose petals and assembling the flower candle.,,0,0.0,0.0,0.037,0.552,0.035,"#95898a,#8e8280,#71655f",1,,
6Y1FERoGUSo,https://www.youtube.com/watch?v=6Y1FERoGUSo,Aesthetic Flower Candle - 4 K Free Video Process Tutorial - Celebrating Spring,776.0,storyboard,27,216.0,224.0,8.0,https://youtu.be/6Y1FERoGUSo?t=216s,decorate_finish,finish,1,0.55,Hand-sculpting pink wax into rose petals and assembling the flower candle.,,0,0.0,0.001,0.054,0.517,0.038,"#928787,#7e7570,#5a544f",1,,
6Y1FERoGUSo,https://www.youtube.com/watch?v=6Y1FERoGUSo,Aesthetic Flower Candle - 4 K Free Video Process Tutorial - Celebrating Spring,776.0,storyboard,28,224.0,232.0,8.0,https://youtu.be/6Y1FERoGUSo?t=224s,decorate_finish,finish,1,0.55,Hand-sculpting pink wax into rose petals and assembling the flower candle.,,0,0.0,0.0,0.0,0.537,0.045,"#968a8b,#867977,#63504c",1,,
6Y1FERoGUSo,https://www.youtube.com/watch?v=6Y1FERoGUSo,Aesthetic Flower Candle - 4 K Free Video Process Tutorial - Celebrating Spring,776.0,storyboard,29,232.0,240.0,8.0,https://youtu.be/6Y1FERoGUSo?t=232s,decorate_finish,finish,1,0.55,Hand-sculpting pink wax into rose petals and assembling the flower candle.,,0,0.0,0.0,0.045,0.529,0.046,"#988b8c,#857875,#6c5855",1,,
6Y1FERoGUSo,https://www.youtube.com/watch?v=6Y1FERoGUSo,Aesthetic Flower Candle - 4 K Free Video Process Tutorial - Celebrating Spring,776.0,storyboard,31,248.0,256.0,8.0,https://youtu.be/6Y1FERoGUSo?t=248s,decorate_finish,finish,1,0.55,Hand-sculpting pink wax into rose petals and assembling the flower candle.,,0,0.0,0.0,0.0,0.532,0.046,"#9b8b8b,#827875,#675954",1,,
6Y1FERoGUSo,https://www.youtube.com/watch?v=6Y1FERoGUSo,Aesthetic Flower Candle - 4 K Free Video Process Tutorial - Celebrating Spring,776.0,storyboard,32,256.0,264.0,8.0,https://youtu.be/6Y1FERoGUSo?t=256s,decorate_finish,finish,1,0.55,Hand-sculpting pink wax into rose petals and assembling the flower candle.,,0,0.0,0.0,0.051,0.52,0.052,"#877c79,#a19394,#64544f",1,,
6Y1FERoGUSo,https://www.youtube.com/watch?v=6Y1FERoGUSo,Aesthetic Flower Candle - 4 K Free Video Process Tutorial - Celebrating Spring,776.0,storyboard,33,264.0,272.0,8.0,https://youtu.be/6Y1FERoGUSo?t=264s,decorate_finish,finish,1,0.55,Hand-sculpting pink wax into rose petals and assembling the flower candle.,,0,0.0,0.001,0.046,0.528,0.051,"#8d817e,#a39598,#72635f",1,,
6Y1FERoGUSo,https://www.youtube.com/watch?v=6Y1FERoGUSo,Aesthetic Flower Candle - 4 K Free Video Process Tutorial - Celebrating Spring,776.0,storyboard,34,272.0,280.0,8.0,https://youtu.be/6Y1FERoGUSo?t=272s,decorate_finish,finish,1,0.55,Hand-sculpting pink wax into rose petals and assembling the flower candle.,,0,0.0,0.0,0.0,0.533,0.054,"#8e8180,#a69799,#706460",1,,
6Y1FERoGUSo,https://www.youtube.com/watch?v=6Y1FERoGUSo,Aesthetic Flower Candle - 4 K Free Video Process Tutorial - Celebrating Spring,776.0,storyboard,35,280.0,288.0,8.0,https://youtu.be/6Y1FERoGUSo?t=280s,decorate_finish,finish,1,0.55,Hand-sculpting pink wax into rose petals and assembling the flower candle.,,0,0.0,0.0,0.045,0.55,0.05,"#a49698,#908584,#7a6e6c",1,,
6Y1FERoGUSo,https://www.youtube.com/watch?v=6Y1FERoGUSo,Aesthetic Flower Candle - 4 K Free Video Process Tutorial - Celebrating Spring,776.0,storyboard,36,288.0,296.0,8.0,https://youtu.be/6Y1FERoGUSo?t=288s,decorate_finish,finish,1,0.55,Hand-sculpting pink wax into rose petals and assembling the flower candle.,,0,0.0,0.001,0.068,0.541,0.041,"#a4979b,#928687,#6d625f",1,,
6Y1FERoGUSo,https://www.youtube.com/watch?v=6Y1FERoGUSo,Aesthetic Flower Candle - 4 K Free Video Process Tutorial - Celebrating Spring,776.0,storyboard,37,296.0,304.0,8.0,https://youtu.be/6Y1FERoGUSo?t=296s,decorate_finish,finish,1,0.55,Hand-sculpting pink wax into rose petals and assembling the flower candle.,,0,0.0,0.0,0.0,0.558,0.043,"#a2979b,#928686,#786e6c",1,,
6Y1FERoGUSo,https://www.youtube.com/watch?v=6Y1FERoGUSo,Aesthetic Flower Candle - 4 K Free Video Process Tutorial - Celebrating Spring,776.0,storyboard,38,304.0,312.0,8.0,https://youtu.be/6Y1FERoGUSo?t=304s,decorate_finish,finish,1,0.55,Hand-sculpting pink wax into rose petals and assembling the flower candle.,,0,0.0,0.002,0.032,0.556,0.045,"#a2969a,#908483,#796f6c",1,,
6Y1FERoGUSo,https://www.youtube.com/watch?v=6Y1FERoGUSo,Aesthetic Flower Candle - 4 K Free Video Process Tutorial - Celebrating Spring,776.0,storyboard,39,312.0,320.0,8.0,https://youtu.be/6Y1FERoGUSo?t=312s,decorate_finish,finish,1,0.55,Hand-sculpting pink wax into rose petals and assembling the flower candle.,,0,0.0,0.001,0.041,0.547,0.043,"#a39596,#8c8180,#716563",1,,
6Y1FERoGUSo,https://www.youtube.com/watch?v=6Y1FERoGUSo,Aesthetic Flower Candle - 4 K Free Video Process Tutorial - Celebrating Spring,776.0,storyboard,40,320.0,328.0,8.0,https://youtu.be/6Y1FERoGUSo?t=320s,decorate_finish,finish,1,0.55,Hand-sculpting pink wax into rose petals and assembling the flower candle.,,0,0.0,0.001,0.0,0.513,0.048,"#8c807d,#9e8f90,#70645f",1,,
6Y1FERoGUSo,https://www.youtube.com/watch?v=6Y1FERoGUSo,Aesthetic Flower Candle - 4 K Free Video Process Tutorial - Celebrating Spring,776.0,storyboard,42,336.0,344.0,8.0,https://youtu.be/6Y1FERoGUSo?t=336s,decorate_finish,finish,1,0.55,Hand-sculpting pink wax into rose petals and assembling the flower candle.,,0,0.0,0.001,0.027,0.53,0.052,"#8c7f7b,#a19193,#736561",1,,
6Y1FERoGUSo,https://www.youtube.com/watch?v=6Y1FERoGUSo,Aesthetic Flower Candle - 4 K Free Video Process Tutorial - Celebrating Spring,776.0,storyboard,43,344.0,352.0,8.0,https://youtu.be/6Y1FERoGUSo?t=344s,decorate_finish,finish,1,0.55,Hand-sculpting pink wax into rose petals and assembling the flower candle.,,0,0.0,0.001,0.0,0.535,0.054,"#908281,#a19396,#796e6c",1,,
6Y1FERoGUSo,https://www.youtube.com/watch?v=6Y1FERoGUSo,Aesthetic Flower Candle - 4 K Free Video Process Tutorial - Celebrating Spring,776.0,storyboard,44,352.0,360.0,8.0,https://youtu.be/6Y1FERoGUSo?t=352s,decorate_finish,finish,1,0.55,Hand-sculpting pink wax into rose petals and assembling the flower candle.,,0,0.0,0.0,0.081,0.511,0.05,"#938887,#7e726f,#64544f",1,,
6Y1FERoGUSo,https://www.youtube.com/watch?v=6Y1FERoGUSo,Aesthetic Flower Candle - 4 K Free Video Process Tutorial - Celebrating Spring,776.0,storyboard,45,360.0,368.0,8.0,https://youtu.be/6Y1FERoGUSo?t=360s,decorate_finish,finish,1,0.55,Hand-sculpting pink wax into rose petals and assembling the flower candle.,,0,0.0,0.001,0.041,0.494,0.043,"#918685,#7c716d,#61534d",1,,
6Y1FERoGUSo,https://www.youtube.com/watch?v=6Y1FERoGUSo,Aesthetic Flower Candle - 4 K Free Video Process Tutorial - Celebrating Spring,776.0,storyboard,46,368.0,376.0,8.0,https://youtu.be/6Y1FERoGUSo?t=368s,decorate_finish,finish,1,0.55,Hand-sculpting pink wax into rose petals and assembling the flower candle.,,0,0.0,0.004,0.0,0.504,0.042,"#948988,#807673,#665752",1,,
6Y1FERoGUSo,https://www.youtube.com/watch?v=6Y1FERoGUSo,Aesthetic Flower Candle - 4 K Free Video Process Tutorial - Celebrating Spring,776.0,storyboard,47,376.0,384.0,8.0,https://youtu.be/6Y1FERoGUSo?t=376s,decorate_finish,finish,1,0.55,Hand-sculpting pink wax into rose petals and assembling the flower candle.,,0,0.0,0.0,0.032,0.513,0.044,"#887d7a,#998d8d,#6d605b",1,,
6Y1FERoGUSo,https://www.youtube.com/watch?v=6Y1FERoGUSo,Aesthetic Flower Candle - 4 K Free Video Process Tutorial - Celebrating Spring,776.0,storyboard,48,384.0,392.0,8.0,https://youtu.be/6Y1FERoGUSo?t=384s,decorate_finish,finish,1,0.55,Hand-sculpting pink wax into rose petals and assembling the flower candle.,,0,0.0,0.0,0.027,0.501,0.044,"#948988,#807572,#61534e",1,,
6Y1FERoGUSo,https://www.youtube.com/watch?v=6Y1FERoGUSo,Aesthetic Flower Candle - 4 K Free Video Process Tutorial - Celebrating Spring,776.0,storyboard,49,392.0,400.0,8.0,https://youtu.be/6Y1FERoGUSo?t=392s,decorate_finish,finish,1,0.55,Hand-sculpting pink wax into rose petals and assembling the flower candle.,,0,0.0,0.001,0.027,0.506,0.044,"#948786,#827572,#675953",1,,
6Y1FERoGUSo,https://www.youtube.com/watch?v=6Y1FERoGUSo,Aesthetic Flower Candle - 4 K Free Video Process Tutorial - Celebrating Spring,776.0,storyboard,50,400.0,408.0,8.0,https://youtu.be/6Y1FERoGUSo?t=400s,decorate_finish,finish,1,0.55,Hand-sculpting pink wax into rose petals and assembling the flower candle.,,0,0.0,0.0,0.0,0.524,0.043,"#8f8380,#9c9091,#746a66",1,,
6Y1FERoGUSo,https://www.youtube.com/watch?v=6Y1FERoGUSo,Aesthetic Flower Candle - 4 K Free Video Process Tutorial - Celebrating Spring,776.0,storyboard,51,408.0,416.0,8.0,https://youtu.be/6Y1FERoGUSo?t=408s,decorate_finish,finish,1,0.55,Hand-sculpting pink wax into rose petals and assembling the flower candle.,,0,0.0,0.0,0.041,0.487,0.041,"#817876,#958a89,#695b56",1,,
6Y1FERoGUSo,https://www.youtube.com/watch?v=6Y1FERoGUSo,Aesthetic Flower Candle - 4 K Free Video Process Tutorial - Celebrating Spring,776.0,storyboard,52,416.0,424.0,8.0,https://youtu.be/6Y1FERoGUSo?t=416s,decorate_finish,finish,1,0.55,Hand-sculpting pink wax into rose petals and assembling the flower candle.,,0,0.0,0.0,0.034,0.487,0.042,"#958a89,#807573,#665953",1,,
6Y1FERoGUSo,https://www.youtube.com/watch?v=6Y1FERoGUSo,Aesthetic Flower Candle - 4 K Free Video Process Tutorial - Celebrating Spring,776.0,storyboard,53,424.0,432.0,8.0,https://youtu.be/6Y1FERoGUSo?t=424s,decorate_finish,finish,1,0.55,Hand-sculpting pink wax into rose petals and assembling the flower candle.,,0,0.0,0.003,0.0,0.497,0.045,"#968a89,#7f7571,#655651",1,,
6Y1FERoGUSo,https://www.youtube.com/watch?v=6Y1FERoGUSo,Aesthetic Flower Candle - 4 K Free Video Process Tutorial - Celebrating Spring,776.0,storyboard,54,432.0,440.0,8.0,https://youtu.be/6Y1FERoGUSo?t=432s,decorate_finish,finish,1,0.55,Hand-sculpting pink wax into rose petals and assembling the flower candle.,,0,0.0,0.001,0.029,0.5,0.037,"#978d8d,#817774,#5c544f",1,,
6Y1FERoGUSo,https://www.youtube.com/watch?v=6Y1FERoGUSo,Aesthetic Flower Candle - 4 K Free Video Process Tutorial - Celebrating Spring,776.0,storyboard,55,440.0,448.0,8.0,https://youtu.be/6Y1FERoGUSo?t=440s,decorate_finish,finish,1,0.55,Hand-sculpting pink wax into rose petals and assembling the flower candle.,,0,0.0,0.002,0.056,0.515,0.039,"#948a89,#7e7673,#5e534e",1,,
6Y1FERoGUSo,https://www.youtube.com/watch?v=6Y1FERoGUSo,Aesthetic Flower Candle - 4 K Free Video Process Tutorial - Celebrating Spring,776.0,storyboard,56,448.0,456.0,8.0,https://youtu.be/6Y1FERoGUSo?t=448s,decorate_finish,finish,1,0.55,Hand-sculpting pink wax into rose petals and assembling the flower candle.,,0,0.0,0.0,0.0,0.502,0.037,"#928786,#7f7571,#625953",1,,
6Y1FERoGUSo,https://www.youtube.com/watch?v=6Y1FERoGUSo,Aesthetic Flower Candle - 4 K Free Video Process Tutorial - Celebrating Spring,776.0,storyboard,57,456.0,464.0,8.0,https://youtu.be/6Y1FERoGUSo?t=456s,decorate_finish,finish,1,0.55,Hand-sculpting pink wax into rose petals and assembling the flower candle.,,0,0.0,0.002,0.039,0.514,0.039,"#8b807d,#9a8e8f,#6f655f",1,,
6Y1FERoGUSo,https://www.youtube.com/watch?v=6Y1FERoGUSo,Aesthetic Flower Candle - 4 K Free Video Process Tutorial - Celebrating Spring,776.0,storyboard,58,464.0,472.0,8.0,https://youtu.be/6Y1FERoGUSo?t=464s,decorate_finish,finish,1,0.55,Hand-sculpting pink wax into rose petals and assembling the flower candle.,,0,0.0,0.001,0.059,0.499,0.04,"#807572,#928988,#645952",1,,
6Y1FERoGUSo,https://www.youtube.com/watch?v=6Y1FERoGUSo,Aesthetic Flower Candle - 4 K Free Video Process Tutorial - Celebrating Spring,776.0,storyboard,59,472.0,480.0,8.0,https://youtu.be/6Y1FERoGUSo?t=472s,decorate_finish,finish,1,0.55,Hand-sculpting pink wax into rose petals and assembling the flower candle.,,0,0.0,0.0,0.0,0.492,0.04,"#958a89,#7d716d,#59504a",1,,
6Y1FERoGUSo,https://www.youtube.com/watch?v=6Y1FERoGUSo,Aesthetic Flower Candle - 4 K Free Video Process Tutorial - Celebrating Spring,776.0,storyboard,60,480.0,488.0,8.0,https://youtu.be/6Y1FERoGUSo?t=480s,decorate_finish,finish,1,0.55,Hand-sculpting pink wax into rose petals and assembling the flower candle.,,0,0.0,0.0,0.032,0.498,0.039,"#817774,#958988,#645853",1,,
6Y1FERoGUSo,https://www.youtube.com/watch?v=6Y1FERoGUSo,Aesthetic Flower Candle - 4 K Free Video Process Tutorial - Celebrating Spring,776.0,storyboard,61,488.0,496.0,8.0,https://youtu.be/6Y1FERoGUSo?t=488s,decorate_finish,finish,1,0.55,Hand-sculpting pink wax into rose petals and assembling the flower candle.,,0,0.0,0.0,0.005,0.526,0.039,"#908481,#9f9496,#736965",1,,
6Y1FERoGUSo,https://www.youtube.com/watch?v=6Y1FERoGUSo,Aesthetic Flower Candle - 4 K Free Video Process Tutorial - Celebrating Spring,776.0,storyboard,62,496.0,504.0,8.0,https://youtu.be/6Y1FERoGUSo?t=496s,decorate_finish,finish,1,0.55,Hand-sculpting pink wax into rose petals and assembling the flower candle.,,0,0.0,0.0,0.0,0.527,0.039,"#908481,#9f9496,#736965",1,,
6Y1FERoGUSo,https://www.youtube.com/watch?v=6Y1FERoGUSo,Aesthetic Flower Candle - 4 K Free Video Process Tutorial - Celebrating Spring,776.0,storyboard,63,504.0,512.0,8.0,https://youtu.be/6Y1FERoGUSo?t=504s,decorate_finish,finish,1,0.55,Hand-sculpting pink wax into rose petals and assembling the flower candle.,,0,0.0,0.0,0.083,0.487,0.04,"#7d736f,#948988,#5a4f49",1,,
6Y1FERoGUSo,https://www.youtube.com/watch?v=6Y1FERoGUSo,Aesthetic Flower Candle - 4 K Free Video Process Tutorial - Celebrating Spring,776.0,storyboard,64,512.0,520.0,8.0,https://youtu.be/6Y1FERoGUSo?t=512s,decorate_finish,finish,1,0.55,Hand-sculpting pink wax into rose petals and assembling the flower candle.,,0,0.0,0.0,0.059,0.493,0.038,"#7e7471,#938a89,#5e534d",1,,
6Y1FERoGUSo,https://www.youtube.com/watch?v=6Y1FERoGUSo,Aesthetic Flower Candle - 4 K Free Video Process Tutorial - Celebrating Spring,776.0,storyboard,65,520.0,528.0,8.0,https://youtu.be/6Y1FERoGUSo?t=520s,decorate_finish,finish,1,0.55,Hand-sculpting pink wax into rose petals and assembling the flower candle.,,0,0.0,0.0,0.0,0.52,0.04,"#988d8c,#867b77,#625a56",1,,
6Y1FERoGUSo,https://www.youtube.com/watch?v=6Y1FERoGUSo,Aesthetic Flower Candle - 4 K Free Video Process Tutorial - Celebrating Spring,776.0,storyboard,66,528.0,536.0,8.0,https://youtu.be/6Y1FERoGUSo?t=528s,decorate_finish,finish,1,0.55,Hand-sculpting pink wax into rose petals and assembling the flower candle.,,0,0.0,0.0,0.042,0.482,0.036,"#7e7470,#928887,#645a55",1,,
6Y1FERoGUSo,https://www.youtube.com/watch?v=6Y1FERoGUSo,Aesthetic Flower Candle - 4 K Free Video Process Tutorial - Celebrating Spring,776.0,storyboard,67,536.0,544.0,8.0,https://youtu.be/6Y1FERoGUSo?t=536s,decorate_finish,finish,1,0.55,Hand-sculpting pink wax into rose petals and assembling the flower candle.,,0,0.0,0.0,0.044,0.489,0.039,"#958b8a,#827873,#5e544e",1,,
6Y1FERoGUSo,https://www.youtube.com/watch?v=6Y1FERoGUSo,Aesthetic Flower Candle - 4 K Free Video Process Tutorial - Celebrating Spring,776.0,storyboard,68,544.0,552.0,8.0,https://youtu.be/6Y1FERoGUSo?t=544s,decorate_finish,finish,1,0.55,Hand-sculpting pink wax into rose petals and assembling the flower candle.,,0,0.0,0.0,0.0,0.517,0.04,"#8a7e7c,#988a8a,#736966",1,,
6Y1FERoGUSo,https://www.youtube.com/watch?v=6Y1FERoGUSo,Aesthetic Flower Candle - 4 K Free Video Process Tutorial - Celebrating Spring,776.0,storyboard,69,552.0,560.0,8.0,https://youtu.be/6Y1FERoGUSo?t=552s,decorate_finish,finish,1,0.55,Hand-sculpting pink wax into rose petals and assembling the flower candle.,,0,0.0,0.0,0.006,0.517,0.04,"#8a7e7c,#988b8a,#726866",1,,
6Y1FERoGUSo,https://www.youtube.com/watch?v=6Y1FERoGUSo,Aesthetic Flower Candle - 4 K Free Video Process Tutorial - Celebrating Spring,776.0,storyboard,70,560.0,568.0,8.0,https://youtu.be/6Y1FERoGUSo?t=560s,decorate_finish,finish,1,0.55,Hand-sculpting pink wax into rose petals and assembling the flower candle.,,0,0.0,0.0,0.048,0.479,0.042,"#918585,#7b706d,#665551",1,,
6Y1FERoGUSo,https://www.youtube.com/watch?v=6Y1FERoGUSo,Aesthetic Flower Candle - 4 K Free Video Process Tutorial - Celebrating Spring,776.0,storyboard,71,568.0,576.0,8.0,https://youtu.be/6Y1FERoGUSo?t=568s,decorate_finish,finish,1,0.55,Hand-sculpting pink wax into rose petals and assembling the flower candle.,,0,0.0,0.0,0.0,0.475,0.036,"#918785,#7e7471,#5a504a",1,,
6Y1FERoGUSo,https://www.youtube.com/watch?v=6Y1FERoGUSo,Aesthetic Flower Candle - 4 K Free Video Process Tutorial - Celebrating Spring,776.0,storyboard,72,576.0,584.0,8.0,https://youtu.be/6Y1FERoGUSo?t=576s,decorate_finish,finish,1,0.55,Hand-sculpting pink wax into rose petals and assembling the flower candle.,,0,0.0,0.001,0.072,0.477,0.036,"#908787,#7b726e,#5e534e",1,,
6Y1FERoGUSo,https://www.youtube.com/watch?v=6Y1FERoGUSo,Aesthetic Flower Candle - 4 K Free Video Process Tutorial - Celebrating Spring,776.0,storyboard,73,584.0,592.0,8.0,https://youtu.be/6Y1FERoGUSo?t=584s,decorate_finish,finish,1,0.55,Hand-sculpting pink wax into rose petals and assembling the flower candle.,,0,0.0,0.001,0.026,0.491,0.036,"#908788,#7c736f,#5f534e",1,,
6Y1FERoGUSo,https://www.youtube.com/watch?v=6Y1FERoGUSo,Aesthetic Flower Candle - 4 K Free Video Process Tutorial - Celebrating Spring,776.0,storyboard,74,592.0,600.0,8.0,https://youtu.be/6Y1FERoGUSo?t=592s,decorate_finish,finish,1,0.55,Hand-sculpting pink wax into rose petals and assembling the flower candle.,,0,0.0,0.0,0.0,0.49,0.036,"#918888,#7e7572,#685e57",1,,
6Y1FERoGUSo,https://www.youtube.com/watch?v=6Y1FERoGUSo,Aesthetic Flower Candle - 4 K Free Video Process Tutorial - Celebrating Spring,776.0,storyboard,75,600.0,608.0,8.0,https://youtu.be/6Y1FERoGUSo?t=600s,decorate_finish,finish,1,0.55,Hand-sculpting pink wax into rose petals and assembling the flower candle.,,0,0.0,0.0,0.056,0.461,0.045,"#918585,#594e47,#7b716d",1,,
6Y1FERoGUSo,https://www.youtube.com/watch?v=6Y1FERoGUSo,Aesthetic Flower Candle - 4 K Free Video Process Tutorial - Celebrating Spring,776.0,storyboard,76,608.0,616.0,8.0,https://youtu.be/6Y1FERoGUSo?t=608s,decorate_finish,finish,1,0.55,Hand-sculpting pink wax into rose petals and assembling the flower candle.,,0,0.0,0.001,0.043,0.5,0.038,"#938887,#7e7573,#645850",1,,
6Y1FERoGUSo,https://www.youtube.com/watch?v=6Y1FERoGUSo,Aesthetic Flower Candle - 4 K Free Video Process Tutorial - Celebrating Spring,776.0,storyboard,77,616.0,624.0,8.0,https://youtu.be/6Y1FERoGUSo?t=616s,decorate_finish,finish,1,0.55,Hand-sculpting pink wax into rose petals and assembling the flower candle.,,0,0.0,0.0,0.0,0.492,0.037,"#928786,#7c7370,#564c47",1,,
6Y1FERoGUSo,https://www.youtube.com/watch?v=6Y1FERoGUSo,Aesthetic Flower Candle - 4 K Free Video Process Tutorial - Celebrating Spring,776.0,storyboard,78,624.0,632.0,8.0,https://youtu.be/6Y1FERoGUSo?t=624s,decorate_finish,finish,1,0.55,Hand-sculpting pink wax into rose petals and assembling the flower candle.,,0,0.0,0.0,0.046,0.464,0.04,"#8d8586,#7d7471,#5c524d",1,,
6Y1FERoGUSo,https://www.youtube.com/watch?v=6Y1FERoGUSo,Aesthetic Flower Candle - 4 K Free Video Process Tutorial - Celebrating Spring,776.0,storyboard,79,632.0,640.0,8.0,https://youtu.be/6Y1FERoGUSo?t=632s,decorate_finish,finish,1,0.55,Hand-sculpting pink wax into rose petals and assembling the flower candle.,,0,0.0,0.0,0.047,0.462,0.037,"#8f8784,#766e6b,#5b514b",1,,
6Y1FERoGUSo,https://www.youtube.com/watch?v=6Y1FERoGUSo,Aesthetic Flower Candle - 4 K Free Video Process Tutorial - Celebrating Spring,776.0,storyboard,80,640.0,648.0,8.0,https://youtu.be/6Y1FERoGUSo?t=640s,decorate_finish,finish,1,0.55,Hand-sculpting pink wax into rose petals and assembling the flower candle.,,0,0.0,0.003,0.0,0.479,0.035,"#908785,#786f6d,#5b524d",1,,
6Y1FERoGUSo,https://www.youtube.com/watch?v=6Y1FERoGUSo,Aesthetic Flower Candle - 4 K Free Video Process Tutorial - Celebrating Spring,776.0,storyboard,81,648.0,656.0,8.0,https://youtu.be/6Y1FERoGUSo?t=648s,decorate_finish,finish,1,0.55,Hand-sculpting pink wax into rose petals and assembling the flower candle.,,0,0.0,0.005,0.066,0.456,0.038,"#8f8784,#786f6c,#584d48",1,,
6Y1FERoGUSo,https://www.youtube.com/watch?v=6Y1FERoGUSo,Aesthetic Flower Candle - 4 K Free Video Process Tutorial - Celebrating Spring,776.0,storyboard,82,656.0,664.0,8.0,https://youtu.be/6Y1FERoGUSo?t=656s,decorate_finish,finish,1,0.55,Hand-sculpting pink wax into rose petals and assembling the flower candle.,,0,0.0,0.0,0.032,0.469,0.034,"#8e8784,#776e6b,#564d48",1,,
6Y1FERoGUSo,https://www.youtube.com/watch?v=6Y1FERoGUSo,Aesthetic Flower Candle - 4 K Free Video Process Tutorial - Celebrating Spring,776.0,storyboard,83,664.0,672.0,8.0,https://youtu.be/6Y1FERoGUSo?t=664s,decorate_finish,finish,1,0.55,Hand-sculpting pink wax into rose petals and assembling the flower candle.,,0,0.0,0.0,0.0,0.461,0.035,"#8f8784,#776e6b,#574d48",1,,
6Y1FERoGUSo,https://www.youtube.com/watch?v=6Y1FERoGUSo,Aesthetic Flower Candle - 4 K Free Video Process Tutorial - Celebrating Spring,776.0,storyboard,84,672.0,680.0,8.0,https://youtu.be/6Y1FERoGUSo?t=672s,set_wick,assemble,1,0.45,Threading a wick through the assembled rose candle.,,0,0.0,0.0,0.019,0.475,0.034,"#8f8784,#78706d,#5b4f4b",1,,
6Y1FERoGUSo,https://www.youtube.com/watch?v=6Y1FERoGUSo,Aesthetic Flower Candle - 4 K Free Video Process Tutorial - Celebrating Spring,776.0,storyboard,85,680.0,688.0,8.0,https://youtu.be/6Y1FERoGUSo?t=680s,set_wick,assemble,1,0.45,Setting the wick in the rose.,,0,0.0,0.001,0.066,0.476,0.037,"#908884,#776e6b,#5e544e",1,,
6Y1FERoGUSo,https://www.youtube.com/watch?v=6Y1FERoGUSo,Aesthetic Flower Candle - 4 K Free Video Process Tutorial - Celebrating Spring,776.0,storyboard,86,688.0,696.0,8.0,https://youtu.be/6Y1FERoGUSo?t=688s,set_wick,assemble,1,0.5,Final shaping of the rose petals.,,0,0.0,0.0,0.0,0.448,0.038,"#8e8683,#726966,#574b45",1,,
6Y1FERoGUSo,https://www.youtube.com/watch?v=6Y1FERoGUSo,Aesthetic Flower Candle - 4 K Free Video Process Tutorial - Celebrating Spring,776.0,storyboard,87,696.0,704.0,8.0,https://youtu.be/6Y1FERoGUSo?t=696s,set_wick,assemble,1,0.45,Wick adjusted in the rose candle.,,0,0.0,0.002,0.115,0.474,0.036,"#938987,#837b77,#6a6562",1,,
6Y1FERoGUSo,https://www.youtube.com/watch?v=6Y1FERoGUSo,Aesthetic Flower Candle - 4 K Free Video Process Tutorial - Celebrating Spring,776.0,storyboard,88,704.0,712.0,8.0,https://youtu.be/6Y1FERoGUSo?t=704s,decorate_finish,finish,1,0.5,Finishing the rose candle.,,0,0.0,0.001,0.109,0.502,0.056,"#907976,#725753,#a89ea2",1,,
6Y1FERoGUSo,https://www.youtube.com/watch?v=6Y1FERoGUSo,Aesthetic Flower Candle - 4 K Free Video Process Tutorial - Celebrating Spring,776.0,storyboard,89,712.0,720.0,8.0,https://youtu.be/6Y1FERoGUSo?t=712s,reveal_result,finish,1,0.55,Holding the finished pink rose candle.,,0,0.0,0.011,0.0,0.483,0.082,"#907674,#69514b,#a99b9f",1,,
6Y1FERoGUSo,https://www.youtube.com/watch?v=6Y1FERoGUSo,Aesthetic Flower Candle - 4 K Free Video Process Tutorial - Celebrating Spring,776.0,storyboard,90,720.0,728.0,8.0,https://youtu.be/6Y1FERoGUSo?t=720s,reveal_result,finish,1,0.55,The finished peony-rose candle in hands.,,0,0.0,0.001,0.048,0.492,0.073,"#917f7c,#63514b,#aa9ea3",1,,
6Y1FERoGUSo,https://www.youtube.com/watch?v=6Y1FERoGUSo,Aesthetic Flower Candle - 4 K Free Video Process Tutorial - Celebrating Spring,776.0,storyboard,91,728.0,736.0,8.0,https://youtu.be/6Y1FERoGUSo?t=728s,reveal_result,finish,1,0.55,Placing the rose candle into a glass.,,0,0.0,0.0,0.094,0.473,0.059,"#a99ca1,#907e7c,#655851",1,,
6Y1FERoGUSo,https://www.youtube.com/watch?v=6Y1FERoGUSo,Aesthetic Flower Candle - 4 K Free Video Process Tutorial - Celebrating Spring,776.0,storyboard,92,736.0,744.0,8.0,https://youtu.be/6Y1FERoGUSo?t=736s,reveal_result,finish,1,0.55,Finished rose candle in the glass.,,0,0.0,0.0,0.0,0.505,0.063,"#8f7c7a,#a99ca0,#61554e",1,,
6jN6A8RVyWw,https://www.youtube.com/watch?v=6jN6A8RVyWw,DIY - Candle making kit tutorial,117.0,storyboard,1,7.8,15.6,7.8,https://youtu.be/6jN6A8RVyWw?t=8s,measure_wax,prep,1,0.55,Overhead: white wax pieces portioned into a metal bowl.,,0,0.0,0.003,0.062,0.508,0.156,"#8a7665,#afa79e,#6e3841",1,,
6jN6A8RVyWw,https://www.youtube.com/watch?v=6jN6A8RVyWw,DIY - Candle making kit tutorial,117.0,storyboard,2,15.6,23.4,7.8,https://youtu.be/6jN6A8RVyWw?t=16s,melt_wax,process,1,0.6,The metal bowl of white wax is placed on a pink induction hob to melt.,1 yi!,0,0.0,0.019,0.053,0.51,0.161,"#8a7866,#b3aca2,#703740",1,,
6jN6A8RVyWw,https://www.youtube.com/watch?v=6jN6A8RVyWw,DIY - Candle making kit tutorial,117.0,storyboard,3,23.4,31.2,7.8,https://youtu.be/6jN6A8RVyWw?t=23s,melt_wax,process,1,0.65,"Wax melts in the pot on the hob, stirred by hand.",4 Cas,0,0.0,0.016,0.177,0.603,0.157,"#c9c1b4,#a18685,#873245",1,,
6jN6A8RVyWw,https://www.youtube.com/watch?v=6jN6A8RVyWw,DIY - Candle making kit tutorial,117.0,storyboard,4,31.2,39.0,7.8,https://youtu.be/6jN6A8RVyWw?t=31s,melt_wax,process,1,0.65,Continued stirring of the melting wax.,CG 4 rr,0,0.0,0.036,0.05,0.61,0.152,"#d3c6bd,#4f2e3d,#9b7e7d",1,,
6jN6A8RVyWw,https://www.youtube.com/watch?v=6jN6A8RVyWw,DIY - Candle making kit tutorial,117.0,storyboard,5,39.0,46.8,7.8,https://youtu.be/6jN6A8RVyWw?t=39s,melt_wax,process,1,0.6,Pot on the pink hob with a pink spatula stirring the molten wax.,,0,0.0,0.055,0.143,0.475,0.16,"#31292f,#c5b6ad,#7f525e",1,,
6jN6A8RVyWw,https://www.youtube.com/watch?v=6jN6A8RVyWw,DIY - Candle making kit tutorial,117.0,storyboard,6,46.8,54.6,7.8,https://youtu.be/6jN6A8RVyWw?t=47s,add_fragrance,process,1,0.45,Stirring continues; an additive (fragrance) is worked into the wax.,ee,0,0.0,0.07,0.165,0.417,0.17,"#c4b1a8,#82525b,#31292f",1,,
6jN6A8RVyWw,https://www.youtube.com/watch?v=6jN6A8RVyWw,DIY - Candle making kit tutorial,117.0,storyboard,7,54.6,62.4,7.8,https://youtu.be/6jN6A8RVyWw?t=55s,add_dye_color,process,1,0.55,"Pink colourant is mixed into the wax, tinting it pink.",4 5 7 SS,1,0.0,0.029,0.153,0.49,0.161,"#9f8c76,#7d4847,#c0b5b4",1,,
6jN6A8RVyWw,https://www.youtube.com/watch?v=6jN6A8RVyWw,DIY - Candle making kit tutorial,117.0,storyboard,8,62.4,70.2,7.8,https://youtu.be/6jN6A8RVyWw?t=62s,add_dye_color,process,1,0.55,Pink molten wax stirred in the pot.,,0,0.0,0.0,0.035,0.54,0.158,"#998873,#b6aa9a,#7f3a43",1,,
6jN6A8RVyWw,https://www.youtube.com/watch?v=6jN6A8RVyWw,DIY - Candle making kit tutorial,117.0,storyboard,9,70.2,78.0,7.8,https://youtu.be/6jN6A8RVyWw?t=70s,pour_wax,assemble,1,0.5,Pink wax readied for pouring; hands at the pot.,"Ls Pi, ow Chee Lea",1,0.0,0.034,0.143,0.507,0.176,"#a8acb8,#7c4d51,#2b272a",1,,
6jN6A8RVyWw,https://www.youtube.com/watch?v=6jN6A8RVyWw,DIY - Candle making kit tutorial,117.0,storyboard,10,78.0,85.8,7.8,https://youtu.be/6jN6A8RVyWw?t=78s,pour_wax,assemble,1,0.6,Pink wax poured into the container; caption about adding salt for a textured effect.,PEELED itty ODD ERED ESSE Sass Saad eben st Sia Pes ERE BR it Eoss Foes Ee db 25 EE HSS 8588 SSSs heii Gdat Eas tt ie PEEs Be 7 Base ster Tere erry eb 4 5233 Gres esee SU SES TERE SER SS SG SRS BSE PS,1,0.0,0.076,0.076,0.484,0.185,"#97a7bd,#502d35,#7f7178",1,,
6jN6A8RVyWw,https://www.youtube.com/watch?v=6jN6A8RVyWw,DIY - Candle making kit tutorial,117.0,storyboard,11,85.8,93.6,7.8,https://youtu.be/6jN6A8RVyWw?t=86s,set_wick,assemble,1,0.45,Hands work the wick/top of the filled pink candle.,,0,0.0,0.037,0.153,0.615,0.181,"#cfbeb0,#8a2741,#b27f86",1,,
6jN6A8RVyWw,https://www.youtube.com/watch?v=6jN6A8RVyWw,DIY - Candle making kit tutorial,117.0,storyboard,12,93.6,101.4,7.8,https://youtu.be/6jN6A8RVyWw?t=94s,reveal_result,finish,1,0.6,"Hands handle the pink wax, then a finished candle is shown lit on the table.",,0,0.0,0.007,0.196,0.575,0.195,"#d2c0b0,#893046,#bb8a8e",1,,
6jN6A8RVyWw,https://www.youtube.com/watch?v=6jN6A8RVyWw,DIY - Candle making kit tutorial,117.0,storyboard,13,101.4,109.2,7.8,https://youtu.be/6jN6A8RVyWw?t=101s,reveal_result,finish,1,0.6,Finished pink candle displayed on the table.,ALL set te get creatine! Ml fay,1,0.0,0.05,0.112,0.623,0.2,"#e8acb1,#bd7781,#8e2d45",1,,
7j6uypARXW4,https://www.youtube.com/watch?v=7j6uypARXW4,DIY Water candles | Making candles with WATER!?,414.0,storyboard,2,15.92,23.88,7.96,https://youtu.be/7j6uypARXW4?t=16s,reveal_result,finish,1,0.4,Red water candles lit (preview).,,0,0.0,0.035,0.27,0.371,0.219,"#523f38,#b9b3a7,#cf7654",1,,
7j6uypARXW4,https://www.youtube.com/watch?v=7j6uypARXW4,DIY Water candles | Making candles with WATER!?,414.0,storyboard,4,31.85,39.81,7.96,https://youtu.be/7j6uypARXW4?t=32s,prepare_container,prep,1,0.45,A clear plastic cup readied as the vessel.,,0,0.0,0.013,0.155,0.524,0.136,"#646766,#dddcd8,#e1bc8f",1,,
7j6uypARXW4,https://www.youtube.com/watch?v=7j6uypARXW4,DIY Water candles | Making candles with WATER!?,414.0,storyboard,5,39.81,47.77,7.96,https://youtu.be/7j6uypARXW4?t=40s,prepare_container,prep,1,0.45,Cup partly filled with water.,,0,0.0,0.013,0.0,0.438,0.035,"#6b6a67,#3f403c,#d2d0cd",1,,
7j6uypARXW4,https://www.youtube.com/watch?v=7j6uypARXW4,DIY Water candles | Making candles with WATER!?,414.0,storyboard,6,47.77,55.73,7.96,https://youtu.be/7j6uypARXW4?t=48s,pour_wax,assemble,1,0.45,Clear water/gel base in the cup.,,0,0.0,0.024,0.061,0.345,0.109,"#444443,#a2a898,#b89c2a",1,,
7j6uypARXW4,https://www.youtube.com/watch?v=7j6uypARXW4,DIY Water candles | Making candles with WATER!?,414.0,storyboard,7,55.73,63.69,7.96,https://youtu.be/7j6uypARXW4?t=56s,pour_wax,assemble,1,0.45,Yellow oil poured on top of the water.,,0,0.0,0.014,0.058,0.327,0.124,"#333537,#636764,#d3d8bd",1,,
7j6uypARXW4,https://www.youtube.com/watch?v=7j6uypARXW4,DIY Water candles | Making candles with WATER!?,414.0,storyboard,8,63.69,71.65,7.96,https://youtu.be/7j6uypARXW4?t=64s,add_dye_color,process,1,0.45,Blue colour added to the water layer.,,0,0.0,0.009,0.189,0.43,0.071,"#414947,#7a8182,#bdc7c7",1,,
7j6uypARXW4,https://www.youtube.com/watch?v=7j6uypARXW4,DIY Water candles | Making candles with WATER!?,414.0,storyboard,9,71.65,79.62,7.97,https://youtu.be/7j6uypARXW4?t=72s,gather_materials,prep,1,0.4,A clear plastic sheet for making the float wick.,,0,0.0,0.005,0.0,0.515,0.027,"#a8b0b0,#6d7472,#373a39",1,,
7j6uypARXW4,https://www.youtube.com/watch?v=7j6uypARXW4,DIY Water candles | Making candles with WATER!?,414.0,storyboard,10,79.62,87.58,7.96,https://youtu.be/7j6uypARXW4?t=80s,prepare_container,prep,1,0.45,Hand forms a small floating wick disc.,,0,0.0,0.0,0.194,0.414,0.104,"#636464,#d8c5a5,#3f2c1e",1,,
7j6uypARXW4,https://www.youtube.com/watch?v=7j6uypARXW4,DIY Water candles | Making candles with WATER!?,414.0,storyboard,11,87.58,95.54,7.96,https://youtu.be/7j6uypARXW4?t=88s,prepare_container,prep,1,0.45,Shaping the clear float disc.,,0,0.0,0.004,0.166,0.333,0.104,"#514e4a,#1c1916,#baa287",1,,
7j6uypARXW4,https://www.youtube.com/watch?v=7j6uypARXW4,DIY Water candles | Making candles with WATER!?,414.0,storyboard,12,95.54,103.5,7.96,https://youtu.be/7j6uypARXW4?t=96s,prepare_container,prep,1,0.45,Float wick with a small straw piece.,SS,0,0.0,0.029,0.0,0.435,0.108,"#5e6566,#d9cfae,#201b18",1,,
7j6uypARXW4,https://www.youtube.com/watch?v=7j6uypARXW4,DIY Water candles | Making candles with WATER!?,414.0,storyboard,13,103.5,111.46,7.96,https://youtu.be/7j6uypARXW4?t=104s,prepare_container,prep,1,0.45,Assembling the wick from packaging.,,0,0.0,0.027,0.18,0.269,0.104,"#222120,#7f7265,#c7d2d6",1,,
7j6uypARXW4,https://www.youtube.com/watch?v=7j6uypARXW4,DIY Water candles | Making candles with WATER!?,414.0,storyboard,14,111.46,119.42,7.96,https://youtu.be/7j6uypARXW4?t=111s,prepare_container,prep,1,0.45,Finishing the floating wick.,,0,0.0,0.011,0.28,0.31,0.085,"#646869,#e1cfb6,#2e2722",1,,
7j6uypARXW4,https://www.youtube.com/watch?v=7j6uypARXW4,DIY Water candles | Making candles with WATER!?,414.0,storyboard,15,119.42,127.38,7.96,https://youtu.be/7j6uypARXW4?t=119s,set_wick,assemble,1,0.45,Float wick placed on the blue oil/water cup.,7,0,0.0,0.014,0.241,0.351,0.102,"#7b7d75,#4a4d4c,#d6d6bc",1,,
7j6uypARXW4,https://www.youtube.com/watch?v=7j6uypARXW4,DIY Water candles | Making candles with WATER!?,414.0,storyboard,16,127.38,135.35,7.97,https://youtu.be/7j6uypARXW4?t=127s,set_wick,assemble,1,0.45,Wick floats on the blue water candle.,,0,0.0,0.015,0.0,0.46,0.101,"#7c817c,#495151,#d8ddc5",1,,
7j6uypARXW4,https://www.youtube.com/watch?v=7j6uypARXW4,DIY Water candles | Making candles with WATER!?,414.0,storyboard,17,135.35,143.31,7.96,https://youtu.be/7j6uypARXW4?t=135s,set_wick,assemble,1,0.45,Amber water candle with the wick lit.,,0,0.0,0.001,0.176,0.398,0.125,"#323331,#71564b,#ead2ab",1,,
7j6uypARXW4,https://www.youtube.com/watch?v=7j6uypARXW4,DIY Water candles | Making candles with WATER!?,414.0,storyboard,18,143.31,151.27,7.96,https://youtu.be/7j6uypARXW4?t=143s,set_wick,assemble,1,0.4,Adjusting the blue float wick.,,0,0.0,0.019,0.209,0.487,0.128,"#6b6b69,#40413e,#d1cfcd",1,,
7j6uypARXW4,https://www.youtube.com/watch?v=7j6uypARXW4,DIY Water candles | Making candles with WATER!?,414.0,storyboard,19,151.27,159.23,7.96,https://youtu.be/7j6uypARXW4?t=151s,set_wick,assemble,1,0.4,Clear cup with water and wick.,,0,0.0,0.007,0.08,0.414,0.038,"#716f6c,#423e39,#d2d0d1",1,,
7j6uypARXW4,https://www.youtube.com/watch?v=7j6uypARXW4,DIY Water candles | Making candles with WATER!?,414.0,storyboard,20,159.23,167.19,7.96,https://youtu.be/7j6uypARXW4?t=159s,decorate_finish,finish,1,0.4,Red beads placed at the bottom of the cup.,,0,0.0,0.008,0.0,0.492,0.165,"#5a544b,#94897b,#eaeae3",1,,
7j6uypARXW4,https://www.youtube.com/watch?v=7j6uypARXW4,DIY Water candles | Making candles with WATER!?,414.0,storyboard,21,167.19,175.15,7.96,https://youtu.be/7j6uypARXW4?t=167s,pour_wax,assemble,1,0.4,Oil poured over the red beads.,,0,0.0,0.007,0.035,0.481,0.199,"#5a5047,#95907c,#eaebe8",1,,
7j6uypARXW4,https://www.youtube.com/watch?v=7j6uypARXW4,DIY Water candles | Making candles with WATER!?,414.0,storyboard,22,175.15,183.12,7.97,https://youtu.be/7j6uypARXW4?t=175s,set_wick,assemble,1,0.4,Float wick set over the red-bead cup.,,0,0.0,0.015,0.098,0.342,0.117,"#495151,#282725,#d6bea4",1,,
7j6uypARXW4,https://www.youtube.com/watch?v=7j6uypARXW4,DIY Water candles | Making candles with WATER!?,414.0,storyboard,23,183.12,191.08,7.96,https://youtu.be/7j6uypARXW4?t=183s,reveal_result,finish,1,0.5,Red water candle shown lit.,,0,0.0,0.008,0.073,0.384,0.148,"#575d5b,#383b38,#eeb09c",1,,
7j6uypARXW4,https://www.youtube.com/watch?v=7j6uypARXW4,DIY Water candles | Making candles with WATER!?,414.0,storyboard,25,199.04,207.0,7.96,https://youtu.be/7j6uypARXW4?t=199s,prepare_container,prep,1,0.45,Hand with a clear round glass globe vessel.,,0,0.0,0.015,0.239,0.321,0.081,"#23201e,#67605c,#b2b2b2",1,,
7j6uypARXW4,https://www.youtube.com/watch?v=7j6uypARXW4,DIY Water candles | Making candles with WATER!?,414.0,storyboard,26,207.0,214.96,7.96,https://youtu.be/7j6uypARXW4?t=207s,decorate_finish,finish,1,0.4,Silver glitter/beads placed in the globe.,,0,0.0,0.014,0.182,0.288,0.077,"#322e29,#716d64,#b1a294",1,,
7j6uypARXW4,https://www.youtube.com/watch?v=7j6uypARXW4,DIY Water candles | Making candles with WATER!?,414.0,storyboard,27,214.96,222.92,7.96,https://youtu.be/7j6uypARXW4?t=215s,decorate_finish,finish,1,0.4,Globe filled with glitter.,,0,0.0,0.006,0.0,0.236,0.059,"#181918,#505250,#83847e",1,,
7j6uypARXW4,https://www.youtube.com/watch?v=7j6uypARXW4,DIY Water candles | Making candles with WATER!?,414.0,storyboard,28,222.92,230.88,7.96,https://youtu.be/7j6uypARXW4?t=223s,pour_wax,assemble,1,0.45,Water poured into the glitter globe.,,0,0.0,0.014,0.043,0.355,0.035,"#2b2e2c,#8e918d,#515555",1,,
7j6uypARXW4,https://www.youtube.com/watch?v=7j6uypARXW4,DIY Water candles | Making candles with WATER!?,414.0,storyboard,29,230.88,238.85,7.97,https://youtu.be/7j6uypARXW4?t=231s,pour_wax,assemble,1,0.45,Glitter globe with water.,"te, ree",0,0.0,0.016,0.131,0.31,0.039,"#24201c,#56534f,#716f6e",1,,
7j6uypARXW4,https://www.youtube.com/watch?v=7j6uypARXW4,DIY Water candles | Making candles with WATER!?,414.0,storyboard,30,238.85,246.81,7.96,https://youtu.be/7j6uypARXW4?t=239s,set_wick,assemble,1,0.4,Wick set on the glitter water globe.,,0,0.0,0.011,0.046,0.278,0.042,"#222525,#716d6c,#575351",1,,
7j6uypARXW4,https://www.youtube.com/watch?v=7j6uypARXW4,DIY Water candles | Making candles with WATER!?,414.0,storyboard,31,246.81,254.77,7.96,https://youtu.be/7j6uypARXW4?t=247s,reveal_result,finish,1,0.45,Glitter water candle shown.,,0,0.0,0.009,0.0,0.295,0.066,"#222524,#706d6c,#565351",1,,
7j6uypARXW4,https://www.youtube.com/watch?v=7j6uypARXW4,DIY Water candles | Making candles with WATER!?,414.0,storyboard,32,254.77,262.73,7.96,https://youtu.be/7j6uypARXW4?t=255s,reveal_result,finish,1,0.4,Orange/red flower beads in a glass; oil poured.,5,0,0.0,0.018,0.227,0.227,0.201,"#111413,#712f10,#947358",1,,
7j6uypARXW4,https://www.youtube.com/watch?v=7j6uypARXW4,DIY Water candles | Making candles with WATER!?,414.0,storyboard,35,278.65,286.62,7.97,https://youtu.be/7j6uypARXW4?t=279s,gather_materials,prep,1,0.4,Black paper cutouts (craft prep).,,0,0.0,0.001,0.0,0.434,0.272,"#b07d42,#292421,#892407",1,,
7j6uypARXW4,https://www.youtube.com/watch?v=7j6uypARXW4,DIY Water candles | Making candles with WATER!?,414.0,storyboard,36,286.62,294.58,7.96,https://youtu.be/7j6uypARXW4?t=287s,gather_materials,prep,1,0.4,Pink flowers on a branch (decorations).,,0,0.0,0.003,0.079,0.337,0.118,"#1b2217,#a5a2a4,#4f3c3d",1,,
7j6uypARXW4,https://www.youtube.com/watch?v=7j6uypARXW4,DIY Water candles | Making candles with WATER!?,414.0,storyboard,37,294.58,302.54,7.96,https://youtu.be/7j6uypARXW4?t=295s,gather_materials,prep,1,0.4,Hand with pink flowers.,,0,0.0,0.011,0.167,0.336,0.113,"#27312b,#5c5357,#cacfd4",1,,
7j6uypARXW4,https://www.youtube.com/watch?v=7j6uypARXW4,DIY Water candles | Making candles with WATER!?,414.0,storyboard,38,302.54,310.5,7.96,https://youtu.be/7j6uypARXW4?t=303s,decorate_finish,finish,1,0.4,Beads placed at the bottom of a clear glass.,,0,0.0,0.0,0.0,0.352,0.053,"#514f4e,#272b29,#a6a7a9",1,,
7j6uypARXW4,https://www.youtube.com/watch?v=7j6uypARXW4,DIY Water candles | Making candles with WATER!?,414.0,storyboard,39,310.5,318.46,7.96,https://youtu.be/7j6uypARXW4?t=310s,decorate_finish,finish,1,0.4,Arranging beads in the glass.,,0,0.0,0.0,0.133,0.397,0.065,"#616061,#363a3a,#bcc0c3",1,,
7j6uypARXW4,https://www.youtube.com/watch?v=7j6uypARXW4,DIY Water candles | Making candles with WATER!?,414.0,storyboard,40,318.46,326.42,7.96,https://youtu.be/7j6uypARXW4?t=318s,decorate_finish,finish,1,0.45,Yellow water with a pink flower in the glass.,,0,0.0,0.005,0.073,0.518,0.172,"#595854,#928675,#ddd8cf",1,,
7j6uypARXW4,https://www.youtube.com/watch?v=7j6uypARXW4,DIY Water candles | Making candles with WATER!?,414.0,storyboard,41,326.42,334.38,7.96,https://youtu.be/7j6uypARXW4?t=326s,decorate_finish,finish,1,0.4,Pink flower water candle finished.,,0,0.0,0.01,0.145,0.497,0.232,"#b5a192,#423731,#be6242",1,,
7j6uypARXW4,https://www.youtube.com/watch?v=7j6uypARXW4,DIY Water candles | Making candles with WATER!?,414.0,storyboard,42,334.38,342.35,7.97,https://youtu.be/7j6uypARXW4?t=334s,reveal_result,finish,1,0.5,Pink flower water candles lit.,,0,0.0,0.012,0.0,0.412,0.231,"#847b73,#453128,#e38f70",1,,
8V_WyGLS5Zo,https://www.youtube.com/watch?v=8V_WyGLS5Zo,Candle Making Tutorial for Beginners | DIY Candle Tutorial,375.0,storyboard,2,15.96,23.94,7.98,https://youtu.be/8V_WyGLS5Zo?t=16s,gather_materials,prep,1,0.45,Host appears at shelves to introduce the build.,Ni it BLK SUNFLO 7 Ff BRANDING/MARKE,1,0.0,0.059,0.435,0.634,0.117,"#f9f9f9,#928a89,#c4b5b0",1,,
8V_WyGLS5Zo,https://www.youtube.com/watch?v=8V_WyGLS5Zo,Candle Making Tutorial for Beginners | DIY Candle Tutorial,375.0,storyboard,3,23.94,31.91,7.97,https://youtu.be/8V_WyGLS5Zo?t=24s,gather_materials,prep,1,0.45,Caption card listing wax/dye/supplies.,Like Shore Comment,1,0.0,0.097,0.426,0.671,0.078,"#e2e2e2,#83807c,#21221d",1,,
8V_WyGLS5Zo,https://www.youtube.com/watch?v=8V_WyGLS5Zo,Candle Making Tutorial for Beginners | DIY Candle Tutorial,375.0,storyboard,4,31.91,39.89,7.98,https://youtu.be/8V_WyGLS5Zo?t=32s,melt_wax,process,1,0.55,Gloved hands melt wax in a pot.,,0,0.0,0.103,0.299,0.365,0.16,"#908b90,#221f1e,#e5ebe7",1,,
8V_WyGLS5Zo,https://www.youtube.com/watch?v=8V_WyGLS5Zo,Candle Making Tutorial for Beginners | DIY Candle Tutorial,375.0,storyboard,5,39.89,47.87,7.98,https://youtu.be/8V_WyGLS5Zo?t=40s,melt_wax,process,1,0.55,Wax melting in the dark pot.,Ale Oe eee,1,0.0,0.092,0.0,0.385,0.125,"#28221d,#b8abbb,#6d5c56",1,,
8V_WyGLS5Zo,https://www.youtube.com/watch?v=8V_WyGLS5Zo,Candle Making Tutorial for Beginners | DIY Candle Tutorial,375.0,storyboard,6,47.87,55.85,7.98,https://youtu.be/8V_WyGLS5Zo?t=48s,melt_wax,process,1,0.55,Overhead stirring of the melting wax.,most,0,0.0,0.125,0.178,0.319,0.116,"#231f1b,#71655d,#c2b9ba",1,,
8V_WyGLS5Zo,https://www.youtube.com/watch?v=8V_WyGLS5Zo,Candle Making Tutorial for Beginners | DIY Candle Tutorial,375.0,storyboard,7,55.85,63.83,7.98,https://youtu.be/8V_WyGLS5Zo?t=56s,melt_wax,process,1,0.5,Wax poured from the pot.,hk,0,0.0,0.066,0.251,0.28,0.098,"#1f1918,#635247,#ada69c",1,,
8V_WyGLS5Zo,https://www.youtube.com/watch?v=8V_WyGLS5Zo,Candle Making Tutorial for Beginners | DIY Candle Tutorial,375.0,storyboard,8,63.83,71.81,7.98,https://youtu.be/8V_WyGLS5Zo?t=64s,melt_wax,process,1,0.5,Cream wax in the pot.,"ee ee fs Wie, rh 7 xs amie PR ey Se Ye",1,0.0,0.087,0.275,0.3,0.146,"#26241a,#6a625e,#c3b9bd",1,,
8V_WyGLS5Zo,https://www.youtube.com/watch?v=8V_WyGLS5Zo,Candle Making Tutorial for Beginners | DIY Candle Tutorial,375.0,storyboard,10,79.79,87.77,7.98,https://youtu.be/8V_WyGLS5Zo?t=80s,pour_wax,assemble,1,0.55,Glass filled from a metal pitcher.,"yy AE ae, oa bs 164 Et",1,0.0,0.071,0.11,0.285,0.129,"#22201b,#686854,#b1b19a",1,,
8V_WyGLS5Zo,https://www.youtube.com/watch?v=8V_WyGLS5Zo,Candle Making Tutorial for Beginners | DIY Candle Tutorial,375.0,storyboard,11,87.77,95.74,7.97,https://youtu.be/8V_WyGLS5Zo?t=88s,pour_wax,assemble,1,0.5,Pouring wax; a 60s timer shown.,Oe Fa tA rf 5 one Ba? Pe EO iS 688,1,0.0,0.08,0.031,0.273,0.138,"#211e19,#5e5b52,#bba678",1,,
8V_WyGLS5Zo,https://www.youtube.com/watch?v=8V_WyGLS5Zo,Candle Making Tutorial for Beginners | DIY Candle Tutorial,375.0,storyboard,13,103.72,111.7,7.98,https://youtu.be/8V_WyGLS5Zo?t=104s,add_dye_color,process,1,0.55,Red wax mixed in the pitcher.,re Fs pm 2 af oe 6 83 am,1,0.0,0.114,0.062,0.297,0.168,"#272319,#596e67,#c9ba8f",1,,
8V_WyGLS5Zo,https://www.youtube.com/watch?v=8V_WyGLS5Zo,Candle Making Tutorial for Beginners | DIY Candle Tutorial,375.0,storyboard,14,111.7,119.68,7.98,https://youtu.be/8V_WyGLS5Zo?t=112s,pour_wax,assemble,1,0.55,Red wax poured into glasses; pour-temp caption.,"WL PUNTO, vi. ea esa Se My fF II his Also Helps Pr mise entrada bs ae",1,0.0,0.164,0.249,0.332,0.146,"#222219,#6c6d67,#b8b4bf",1,,
8V_WyGLS5Zo,https://www.youtube.com/watch?v=8V_WyGLS5Zo,Candle Making Tutorial for Beginners | DIY Candle Tutorial,375.0,storyboard,15,119.68,127.66,7.98,https://youtu.be/8V_WyGLS5Zo?t=120s,pour_wax,assemble,1,0.5,Glasses with cream wax and wicks.,7. Je ss To Ih 2 bs,1,0.0,0.11,0.23,0.342,0.167,"#282322,#83736f,#c0b6c5",1,,
8V_WyGLS5Zo,https://www.youtube.com/watch?v=8V_WyGLS5Zo,Candle Making Tutorial for Beginners | DIY Candle Tutorial,375.0,storyboard,17,135.64,143.62,7.98,https://youtu.be/8V_WyGLS5Zo?t=136s,pour_wax,assemble,1,0.5,Row of amber jars with wicks.,,0,0.0,0.129,0.042,0.291,0.185,"#363121,#716627,#bfb77f",1,,
8V_WyGLS5Zo,https://www.youtube.com/watch?v=8V_WyGLS5Zo,Candle Making Tutorial for Beginners | DIY Candle Tutorial,375.0,storyboard,18,143.62,151.6,7.98,https://youtu.be/8V_WyGLS5Zo?t=144s,pour_wax,assemble,1,0.45,Amber candle jars setting.,ff ees SEE ae LE ey per 4 othe,1,0.0,0.11,0.256,0.262,0.189,"#161514,#82621a,#bfa95a",1,,
8V_WyGLS5Zo,https://www.youtube.com/watch?v=8V_WyGLS5Zo,Candle Making Tutorial for Beginners | DIY Candle Tutorial,375.0,storyboard,19,151.6,159.57,7.97,https://youtu.be/8V_WyGLS5Zo?t=152s,pour_wax,assemble,1,0.5,Pouring wax into the jars.,beat,0,0.0,0.024,0.0,0.388,0.216,"#805c2b,#ab9c8d,#25150d",1,,
8V_WyGLS5Zo,https://www.youtube.com/watch?v=8V_WyGLS5Zo,Candle Making Tutorial for Beginners | DIY Candle Tutorial,375.0,storyboard,20,159.57,167.55,7.98,https://youtu.be/8V_WyGLS5Zo?t=160s,cure_cool,assemble,1,0.45,Row of amber jars cooling.,Shed ae ha Wha rah An,1,0.0,0.162,0.054,0.223,0.191,"#151612,#7a6325,#a7a69b",1,,
8V_WyGLS5Zo,https://www.youtube.com/watch?v=8V_WyGLS5Zo,Candle Making Tutorial for Beginners | DIY Candle Tutorial,375.0,storyboard,21,167.55,175.53,7.98,https://youtu.be/8V_WyGLS5Zo?t=168s,set_wick,assemble,1,0.45,Wick sticks set in the jars.,me TA nw 9 o's 8 Rid os LA 7 wee ra as: wy fe eye et Owe in 7 FN 2 ms Ry 4 aN at,1,0.0,0.186,0.145,0.237,0.194,"#191713,#715922,#b19765",1,,
8V_WyGLS5Zo,https://www.youtube.com/watch?v=8V_WyGLS5Zo,Candle Making Tutorial for Beginners | DIY Candle Tutorial,375.0,storyboard,22,175.53,183.51,7.98,https://youtu.be/8V_WyGLS5Zo?t=176s,set_wick,assemble,1,0.45,Hands adjust wicks in the amber jars.,7 La,0,0.0,0.089,0.231,0.291,0.237,"#885c08,#392407,#7f6d59",1,,
8V_WyGLS5Zo,https://www.youtube.com/watch?v=8V_WyGLS5Zo,Candle Making Tutorial for Beginners | DIY Candle Tutorial,375.0,storyboard,23,183.51,191.49,7.98,https://youtu.be/8V_WyGLS5Zo?t=184s,set_wick,assemble,1,0.5,Pouring wax into a glass with a wick.,,0,0.0,0.011,0.0,0.36,0.098,"#211712,#756053,#aaa69b",1,,
8V_WyGLS5Zo,https://www.youtube.com/watch?v=8V_WyGLS5Zo,Candle Making Tutorial for Beginners | DIY Candle Tutorial,375.0,storyboard,24,191.49,199.47,7.98,https://youtu.be/8V_WyGLS5Zo?t=191s,set_wick,assemble,1,0.5,Gloved hands centre the wick in a white candle on a turntable.,Ys,0,0.0,0.043,0.189,0.278,0.092,"#140e0c,#79695c,#c5c6c0",1,,
8V_WyGLS5Zo,https://www.youtube.com/watch?v=8V_WyGLS5Zo,Candle Making Tutorial for Beginners | DIY Candle Tutorial,375.0,storyboard,25,199.47,207.45,7.98,https://youtu.be/8V_WyGLS5Zo?t=199s,cure_cool,assemble,1,0.45,White candle on a rotating stand setting.,7 is Aj ee an 4 os yp im oS pie ww We 4 st es ih Spi Ye 2 Oy Se se.,1,0.0,0.066,0.302,0.35,0.13,"#281b14,#7a5a40,#b59a7e",1,,
8V_WyGLS5Zo,https://www.youtube.com/watch?v=8V_WyGLS5Zo,Candle Making Tutorial for Beginners | DIY Candle Tutorial,375.0,storyboard,26,207.45,215.43,7.98,https://youtu.be/8V_WyGLS5Zo?t=207s,cure_cool,assemble,1,0.4,Mould tray of shapes; white candle on a plate.,4,0,0.0,0.023,0.376,0.368,0.132,"#170e0a,#b7bebc,#8b8171",1,,
8V_WyGLS5Zo,https://www.youtube.com/watch?v=8V_WyGLS5Zo,Candle Making Tutorial for Beginners | DIY Candle Tutorial,375.0,storyboard,27,215.43,223.4,7.97,https://youtu.be/8V_WyGLS5Zo?t=215s,cure_cool,assemble,1,0.45,White candle on the turntable cooling.,,0,0.0,0.006,0.0,0.345,0.139,"#9fa09e,#0c0707,#725330",1,,
8V_WyGLS5Zo,https://www.youtube.com/watch?v=8V_WyGLS5Zo,Candle Making Tutorial for Beginners | DIY Candle Tutorial,375.0,storyboard,28,223.4,231.38,7.98,https://youtu.be/8V_WyGLS5Zo?t=223s,set_wick,assemble,1,0.45,Gloved hands work the candle on the turntable.,Pete WEF ae,1,0.0,0.044,0.215,0.255,0.126,"#090706,#b4b2a2,#6e5e47",1,,
8V_WyGLS5Zo,https://www.youtube.com/watch?v=8V_WyGLS5Zo,Candle Making Tutorial for Beginners | DIY Candle Tutorial,375.0,storyboard,29,231.38,239.36,7.98,https://youtu.be/8V_WyGLS5Zo?t=231s,decorate_finish,finish,1,0.5,A red swirl is added to the white candle surface.,9.06.,0,0.0,0.067,0.287,0.272,0.1,"#0f0d0c,#b3b3a9,#776a57",1,,
8V_WyGLS5Zo,https://www.youtube.com/watch?v=8V_WyGLS5Zo,Candle Making Tutorial for Beginners | DIY Candle Tutorial,375.0,storyboard,30,239.36,247.34,7.98,https://youtu.be/8V_WyGLS5Zo?t=239s,decorate_finish,finish,1,0.5,Swirling red dye into the candle top to marble it.,ay,0,0.0,0.043,0.0,0.362,0.129,"#9c988a,#110a0a,#635142",1,,
8V_WyGLS5Zo,https://www.youtube.com/watch?v=8V_WyGLS5Zo,Candle Making Tutorial for Beginners | DIY Candle Tutorial,375.0,storyboard,31,247.34,255.32,7.98,https://youtu.be/8V_WyGLS5Zo?t=247s,decorate_finish,finish,1,0.5,Red marble pattern formed on the candle.,7 Ne Fx,0,0.0,0.031,0.074,0.354,0.144,"#a09c91,#0c0605,#795844",1,,
8V_WyGLS5Zo,https://www.youtube.com/watch?v=8V_WyGLS5Zo,Candle Making Tutorial for Beginners | DIY Candle Tutorial,375.0,storyboard,32,255.32,263.3,7.98,https://youtu.be/8V_WyGLS5Zo?t=255s,decorate_finish,finish,1,0.5,Caption 'wipe off excess dye'; finishing the red swirl.,ym,0,0.0,0.072,0.199,0.326,0.163,"#140e0c,#a1a092,#72644e",1,,description references on-screen text but OCR found none
8V_WyGLS5Zo,https://www.youtube.com/watch?v=8V_WyGLS5Zo,Candle Making Tutorial for Beginners | DIY Candle Tutorial,375.0,storyboard,33,263.3,271.28,7.98,https://youtu.be/8V_WyGLS5Zo?t=263s,reveal_result,finish,1,0.5,Red-and-white marble candle shown.,Ey rac,0,0.0,0.036,0.062,0.261,0.194,"#080707,#b5aca1,#845241",1,,
8V_WyGLS5Zo,https://www.youtube.com/watch?v=8V_WyGLS5Zo,Candle Making Tutorial for Beginners | DIY Candle Tutorial,375.0,storyboard,34,271.28,279.26,7.98,https://youtu.be/8V_WyGLS5Zo?t=271s,reveal_result,finish,1,0.55,Close-up of the red-swirl candle.,4 2 ss,0,0.0,0.034,0.0,0.248,0.211,"#0a0908,#aea29b,#894a3b",1,,
8V_WyGLS5Zo,https://www.youtube.com/watch?v=8V_WyGLS5Zo,Candle Making Tutorial for Beginners | DIY Candle Tutorial,375.0,storyboard,35,279.26,287.23,7.97,https://youtu.be/8V_WyGLS5Zo?t=279s,reveal_result,finish,1,0.55,Red-white marble candle.,ee lie,0,0.0,0.044,0.257,0.293,0.196,"#9e9593,#723343,#20090d",1,,
8V_WyGLS5Zo,https://www.youtube.com/watch?v=8V_WyGLS5Zo,Candle Making Tutorial for Beginners | DIY Candle Tutorial,375.0,storyboard,37,295.21,303.19,7.98,https://youtu.be/8V_WyGLS5Zo?t=295s,reveal_result,finish,1,0.45,Gloved hand wipes the finished candle clean.,igre my ae Aa,1,0.0,0.085,0.0,0.192,0.147,"#16110f,#885e44,#d7b396",1,,
8V_WyGLS5Zo,https://www.youtube.com/watch?v=8V_WyGLS5Zo,Candle Making Tutorial for Beginners | DIY Candle Tutorial,375.0,storyboard,38,303.19,311.17,7.98,https://youtu.be/8V_WyGLS5Zo?t=303s,reveal_result,finish,1,0.55,Finished marble candle in a branded jar.,dh,0,0.0,0.061,0.273,0.209,0.156,"#0f0a0a,#7e4a36,#d3a098",1,,
8V_WyGLS5Zo,https://www.youtube.com/watch?v=8V_WyGLS5Zo,Candle Making Tutorial for Beginners | DIY Candle Tutorial,375.0,storyboard,40,319.15,327.13,7.98,https://youtu.be/8V_WyGLS5Zo?t=319s,reveal_result,finish,1,0.55,Presenting the red-swirl candle.,,0,0.0,0.015,0.175,0.219,0.26,"#110d0e,#9d3826,#c0927f",1,,
8V_WyGLS5Zo,https://www.youtube.com/watch?v=8V_WyGLS5Zo,Candle Making Tutorial for Beginners | DIY Candle Tutorial,375.0,storyboard,41,327.13,335.11,7.98,https://youtu.be/8V_WyGLS5Zo?t=327s,reveal_result,finish,1,0.5,Hands with the finished candle.,,0,0.0,0.015,0.0,0.27,0.248,"#110e0b,#844b3b,#c4988e",1,,
999EQfNvuds,https://www.youtube.com/watch?v=999EQfNvuds,DIY Matcha Candle | Viral Iced Drinks Candle | Realistic Candle | Candle Making Tutorial,649.0,storyboard,6,48.07,56.09,8.02,https://youtu.be/999EQfNvuds?t=48s,prepare_container,prep,1,0.45,Hands ready a clear glass on the table.,,0,0.0,0.02,0.106,0.633,0.062,"#a29b8d,#e9e5da,#4a4948",1,,
999EQfNvuds,https://www.youtube.com/watch?v=999EQfNvuds,DIY Matcha Candle | Viral Iced Drinks Candle | Realistic Candle | Candle Making Tutorial,649.0,storyboard,7,56.09,64.1,8.01,https://youtu.be/999EQfNvuds?t=56s,prepare_container,prep,1,0.45,Handling the glass vessel.,,0,0.0,0.028,0.0,0.663,0.084,"#e8e3df,#9d9388,#453f42",1,,
999EQfNvuds,https://www.youtube.com/watch?v=999EQfNvuds,DIY Matcha Candle | Viral Iced Drinks Candle | Realistic Candle | Candle Making Tutorial,649.0,storyboard,8,64.1,72.11,8.01,https://youtu.be/999EQfNvuds?t=64s,decorate_finish,finish,1,0.45,Whipping white wax into a creamy 'milk foam' texture.,vr es tt,1,0.0,0.037,0.116,0.668,0.081,"#e8e4db,#a09788,#635d57",1,,
999EQfNvuds,https://www.youtube.com/watch?v=999EQfNvuds,DIY Matcha Candle | Viral Iced Drinks Candle | Realistic Candle | Candle Making Tutorial,649.0,storyboard,9,72.11,80.12,8.01,https://youtu.be/999EQfNvuds?t=72s,decorate_finish,finish,1,0.4,Glasses and the pot of whipped white wax.,ote,0,0.0,0.046,0.11,0.666,0.066,"#e7e4db,#989185,#534e4f",1,,
999EQfNvuds,https://www.youtube.com/watch?v=999EQfNvuds,DIY Matcha Candle | Viral Iced Drinks Candle | Realistic Candle | Candle Making Tutorial,649.0,storyboard,10,80.12,88.14,8.02,https://youtu.be/999EQfNvuds?t=80s,decorate_finish,finish,1,0.45,Pot of whipped white wax (foam).,,0,0.0,0.035,0.0,0.648,0.081,"#e5dfd7,#a3968a,#6a635c",1,,
999EQfNvuds,https://www.youtube.com/watch?v=999EQfNvuds,DIY Matcha Candle | Viral Iced Drinks Candle | Realistic Candle | Candle Making Tutorial,649.0,storyboard,11,88.14,96.15,8.01,https://youtu.be/999EQfNvuds?t=88s,decorate_finish,finish,1,0.45,Bowl of whipped white wax.,nf,0,0.0,0.03,0.112,0.641,0.078,"#928474,#e4ddd0,#322c29",1,,
999EQfNvuds,https://www.youtube.com/watch?v=999EQfNvuds,DIY Matcha Candle | Viral Iced Drinks Candle | Realistic Candle | Candle Making Tutorial,649.0,storyboard,12,96.15,104.16,8.01,https://youtu.be/999EQfNvuds?t=96s,decorate_finish,finish,1,0.45,Holding the pot of whipped wax.,eh,0,0.0,0.019,0.14,0.624,0.084,"#e5e0d5,#938b7d,#4e4847",1,,
999EQfNvuds,https://www.youtube.com/watch?v=999EQfNvuds,DIY Matcha Candle | Viral Iced Drinks Candle | Realistic Candle | Candle Making Tutorial,649.0,storyboard,13,104.16,112.17,8.01,https://youtu.be/999EQfNvuds?t=104s,prepare_container,prep,1,0.4,Clear glasses with whipped wax ready.,,0,0.0,0.018,0.0,0.807,0.046,"#f3f3ef,#cbc8c0,#858483",1,,
999EQfNvuds,https://www.youtube.com/watch?v=999EQfNvuds,DIY Matcha Candle | Viral Iced Drinks Candle | Realistic Candle | Candle Making Tutorial,649.0,storyboard,14,112.17,120.19,8.02,https://youtu.be/999EQfNvuds?t=112s,pour_wax,assemble,1,0.5,Pouring yellow wax into the glass as the 'milk' base.,,0,0.0,0.012,0.062,0.799,0.05,"#f3f3ef,#cac6bc,#837f7b",1,,description references on-screen text but OCR found none
999EQfNvuds,https://www.youtube.com/watch?v=999EQfNvuds,DIY Matcha Candle | Viral Iced Drinks Candle | Realistic Candle | Candle Making Tutorial,649.0,storyboard,15,120.19,128.2,8.01,https://youtu.be/999EQfNvuds?t=120s,pour_wax,assemble,1,0.45,Glass with yellow milk-wax; pink cloth.,Ve wy,0,0.0,0.026,0.069,0.781,0.146,"#f3f0eb,#cfbeb7,#a07270",1,,
999EQfNvuds,https://www.youtube.com/watch?v=999EQfNvuds,DIY Matcha Candle | Viral Iced Drinks Candle | Realistic Candle | Candle Making Tutorial,649.0,storyboard,16,128.2,136.21,8.01,https://youtu.be/999EQfNvuds?t=128s,pour_wax,assemble,1,0.4,Glass with the milk-wax base.,,0,0.0,0.019,0.0,0.793,0.114,"#f4eee9,#d1c0b8,#918582",1,,
999EQfNvuds,https://www.youtube.com/watch?v=999EQfNvuds,DIY Matcha Candle | Viral Iced Drinks Candle | Realistic Candle | Candle Making Tutorial,649.0,storyboard,17,136.21,144.22,8.01,https://youtu.be/999EQfNvuds?t=136s,pour_wax,assemble,1,0.45,Hands building up the milk layer.,at,0,0.0,0.022,0.059,0.802,0.063,"#f4f3ee,#d1ccc1,#8d8986",1,,
999EQfNvuds,https://www.youtube.com/watch?v=999EQfNvuds,DIY Matcha Candle | Viral Iced Drinks Candle | Realistic Candle | Candle Making Tutorial,649.0,storyboard,18,144.22,152.23,8.01,https://youtu.be/999EQfNvuds?t=144s,pour_wax,assemble,1,0.4,Adjusting the wick in the milk-wax glass.,,0,0.0,0.02,0.094,0.776,0.054,"#edeae3,#bab4ae,#6a6262",1,,
999EQfNvuds,https://www.youtube.com/watch?v=999EQfNvuds,DIY Matcha Candle | Viral Iced Drinks Candle | Realistic Candle | Candle Making Tutorial,649.0,storyboard,19,152.23,160.25,8.02,https://youtu.be/999EQfNvuds?t=152s,pour_wax,assemble,1,0.45,Building/pouring the milk-wax base in the glass.,MM ys 8,0,0.0,0.023,0.0,0.783,0.062,"#efece6,#bab3aa,#645f61",1,,
999EQfNvuds,https://www.youtube.com/watch?v=999EQfNvuds,DIY Matcha Candle | Viral Iced Drinks Candle | Realistic Candle | Candle Making Tutorial,649.0,storyboard,20,160.25,168.26,8.01,https://youtu.be/999EQfNvuds?t=160s,pour_wax,assemble,1,0.45,Building/pouring the milk-wax base in the glass.,7 oy,0,0.0,0.029,0.1,0.791,0.052,"#eeebe6,#bbb4af,#625e60",1,,
999EQfNvuds,https://www.youtube.com/watch?v=999EQfNvuds,DIY Matcha Candle | Viral Iced Drinks Candle | Realistic Candle | Candle Making Tutorial,649.0,storyboard,21,168.26,176.27,8.01,https://youtu.be/999EQfNvuds?t=168s,pour_wax,assemble,1,0.45,Building/pouring the milk-wax base in the glass.,bas ey,0,0.0,0.027,0.045,0.794,0.057,"#f4f2ed,#c6c0b7,#665e5e",1,,
999EQfNvuds,https://www.youtube.com/watch?v=999EQfNvuds,DIY Matcha Candle | Viral Iced Drinks Candle | Realistic Candle | Candle Making Tutorial,649.0,storyboard,22,176.27,184.28,8.01,https://youtu.be/999EQfNvuds?t=176s,pour_wax,assemble,1,0.45,Building/pouring the milk-wax base in the glass.,,0,0.0,0.016,0.0,0.789,0.052,"#f3f1ec,#c7c1b9,#656162",1,,
999EQfNvuds,https://www.youtube.com/watch?v=999EQfNvuds,DIY Matcha Candle | Viral Iced Drinks Candle | Realistic Candle | Candle Making Tutorial,649.0,storyboard,23,184.28,192.3,8.02,https://youtu.be/999EQfNvuds?t=184s,pour_wax,assemble,1,0.45,Building/pouring the milk-wax base in the glass.,,0,0.0,0.019,0.054,0.787,0.057,"#ede9e3,#afa9a3,#4b4849",1,,
999EQfNvuds,https://www.youtube.com/watch?v=999EQfNvuds,DIY Matcha Candle | Viral Iced Drinks Candle | Realistic Candle | Candle Making Tutorial,649.0,storyboard,24,192.3,200.31,8.01,https://youtu.be/999EQfNvuds?t=192s,pour_wax,assemble,1,0.45,Pouring yellow milk-wax and foam into the iced-latte glass.,,0,0.0,0.019,0.08,0.781,0.054,"#efeeea,#b9b4ae,#646062",1,,
999EQfNvuds,https://www.youtube.com/watch?v=999EQfNvuds,DIY Matcha Candle | Viral Iced Drinks Candle | Realistic Candle | Candle Making Tutorial,649.0,storyboard,25,200.31,208.32,8.01,https://youtu.be/999EQfNvuds?t=200s,pour_wax,assemble,1,0.45,Pouring yellow milk-wax and foam into the iced-latte glass.,ae eee AN er ik,1,0.0,0.026,0.0,0.769,0.059,"#efeee9,#bdb8b1,#655d62",1,,
999EQfNvuds,https://www.youtube.com/watch?v=999EQfNvuds,DIY Matcha Candle | Viral Iced Drinks Candle | Realistic Candle | Candle Making Tutorial,649.0,storyboard,26,208.32,216.33,8.01,https://youtu.be/999EQfNvuds?t=208s,pour_wax,assemble,1,0.45,Pouring yellow milk-wax and foam into the iced-latte glass.,"ii, oe Ee at eo?",1,0.0,0.02,0.06,0.765,0.07,"#f1efe8,#c3bbad,#6a6763",1,,
999EQfNvuds,https://www.youtube.com/watch?v=999EQfNvuds,DIY Matcha Candle | Viral Iced Drinks Candle | Realistic Candle | Candle Making Tutorial,649.0,storyboard,27,216.33,224.35,8.02,https://youtu.be/999EQfNvuds?t=216s,pour_wax,assemble,1,0.45,Pouring yellow milk-wax and foam into the iced-latte glass.,Li 4,0,0.0,0.027,0.052,0.767,0.07,"#cac2b4,#f3f2ec,#6d6a68",1,,
999EQfNvuds,https://www.youtube.com/watch?v=999EQfNvuds,DIY Matcha Candle | Viral Iced Drinks Candle | Realistic Candle | Candle Making Tutorial,649.0,storyboard,28,224.35,232.36,8.01,https://youtu.be/999EQfNvuds?t=224s,pour_wax,assemble,1,0.45,Pouring yellow milk-wax and foam into the iced-latte glass.,,0,0.0,0.035,0.0,0.772,0.066,"#f1efe9,#bcb4a8,#64615f",1,,
999EQfNvuds,https://www.youtube.com/watch?v=999EQfNvuds,DIY Matcha Candle | Viral Iced Drinks Candle | Realistic Candle | Candle Making Tutorial,649.0,storyboard,29,232.36,240.37,8.01,https://youtu.be/999EQfNvuds?t=232s,pour_wax,assemble,1,0.45,Pouring yellow milk-wax and foam into the iced-latte glass.,wl RY 3 oes 4 1,1,0.0,0.029,0.044,0.777,0.064,"#f2f0ea,#c2bbb0,#6c6967",1,,
999EQfNvuds,https://www.youtube.com/watch?v=999EQfNvuds,DIY Matcha Candle | Viral Iced Drinks Candle | Realistic Candle | Candle Making Tutorial,649.0,storyboard,30,240.37,248.38,8.01,https://youtu.be/999EQfNvuds?t=240s,pour_wax,assemble,1,0.45,Pouring yellow milk-wax and foam into the iced-latte glass.,MA Ee,0,0.0,0.02,0.131,0.808,0.058,"#f3f2ed,#c8c2b8,#858180",1,,
999EQfNvuds,https://www.youtube.com/watch?v=999EQfNvuds,DIY Matcha Candle | Viral Iced Drinks Candle | Realistic Candle | Candle Making Tutorial,649.0,storyboard,31,248.38,256.4,8.02,https://youtu.be/999EQfNvuds?t=248s,pour_wax,assemble,1,0.45,Pouring yellow milk-wax and foam into the iced-latte glass.,,0,0.0,0.011,0.0,0.8,0.051,"#f1f0ec,#c5c0b8,#737075",1,,
999EQfNvuds,https://www.youtube.com/watch?v=999EQfNvuds,DIY Matcha Candle | Viral Iced Drinks Candle | Realistic Candle | Candle Making Tutorial,649.0,storyboard,32,256.4,264.41,8.01,https://youtu.be/999EQfNvuds?t=256s,pour_wax,assemble,1,0.45,Pouring yellow milk-wax and foam into the iced-latte glass.,,0,0.0,0.024,0.131,0.819,0.06,"#f2f1ed,#c9c2b8,#817a79",1,,
999EQfNvuds,https://www.youtube.com/watch?v=999EQfNvuds,DIY Matcha Candle | Viral Iced Drinks Candle | Realistic Candle | Candle Making Tutorial,649.0,storyboard,33,264.41,272.42,8.01,https://youtu.be/999EQfNvuds?t=264s,pour_wax,assemble,1,0.45,Pouring yellow milk-wax and foam into the iced-latte glass.,et,0,0.0,0.023,0.07,0.797,0.052,"#efede6,#bdb7ac,#6c6a67",1,,
999EQfNvuds,https://www.youtube.com/watch?v=999EQfNvuds,DIY Matcha Candle | Viral Iced Drinks Candle | Realistic Candle | Candle Making Tutorial,649.0,storyboard,34,272.42,280.43,8.01,https://youtu.be/999EQfNvuds?t=272s,pour_wax,assemble,1,0.45,Pouring yellow milk-wax and foam into the iced-latte glass.,NW,0,0.0,0.024,0.0,0.782,0.062,"#edebe2,#b9b1a5,#6d6b68",1,,
999EQfNvuds,https://www.youtube.com/watch?v=999EQfNvuds,DIY Matcha Candle | Viral Iced Drinks Candle | Realistic Candle | Candle Making Tutorial,649.0,storyboard,35,280.43,288.44,8.01,https://youtu.be/999EQfNvuds?t=280s,pour_wax,assemble,1,0.45,Pouring yellow milk-wax and foam into the iced-latte glass.,AY SU fe. mn 7,1,0.0,0.02,0.084,0.798,0.059,"#edebe2,#b6b0a6,#77736e",1,,
999EQfNvuds,https://www.youtube.com/watch?v=999EQfNvuds,DIY Matcha Candle | Viral Iced Drinks Candle | Realistic Candle | Candle Making Tutorial,649.0,storyboard,36,288.44,296.46,8.02,https://youtu.be/999EQfNvuds?t=288s,pour_wax,assemble,1,0.45,Pouring yellow milk-wax and foam into the iced-latte glass.,wR 1,0,0.0,0.03,0.047,0.781,0.062,"#edebe3,#b6aea3,#6e6b65",1,,
999EQfNvuds,https://www.youtube.com/watch?v=999EQfNvuds,DIY Matcha Candle | Viral Iced Drinks Candle | Realistic Candle | Candle Making Tutorial,649.0,storyboard,37,296.46,304.47,8.01,https://youtu.be/999EQfNvuds?t=296s,pour_wax,assemble,1,0.45,Pouring yellow milk-wax and foam into the iced-latte glass.,au 7,0,0.0,0.022,0.0,0.808,0.062,"#f1eee7,#b4aea5,#645b5c",1,,
999EQfNvuds,https://www.youtube.com/watch?v=999EQfNvuds,DIY Matcha Candle | Viral Iced Drinks Candle | Realistic Candle | Candle Making Tutorial,649.0,storyboard,38,304.47,312.48,8.01,https://youtu.be/999EQfNvuds?t=304s,pour_wax,assemble,1,0.45,Pouring yellow milk-wax and foam into the iced-latte glass.,,0,0.0,0.023,0.025,0.81,0.051,"#f4f3ee,#c9c5ba,#82807d",1,,
999EQfNvuds,https://www.youtube.com/watch?v=999EQfNvuds,DIY Matcha Candle | Viral Iced Drinks Candle | Realistic Candle | Candle Making Tutorial,649.0,storyboard,39,312.48,320.49,8.01,https://youtu.be/999EQfNvuds?t=312s,pour_wax,assemble,1,0.45,Pouring yellow milk-wax and foam into the iced-latte glass.,,0,0.0,0.012,0.113,0.814,0.05,"#f1f0ea,#c5beb4,#7d7b7c",1,,
999EQfNvuds,https://www.youtube.com/watch?v=999EQfNvuds,DIY Matcha Candle | Viral Iced Drinks Candle | Realistic Candle | Candle Making Tutorial,649.0,storyboard,40,320.49,328.51,8.02,https://youtu.be/999EQfNvuds?t=320s,pour_wax,assemble,1,0.45,Pouring yellow milk-wax and foam into the iced-latte glass.,,0,0.0,0.006,0.0,0.813,0.043,"#f1f0ea,#c5c1b6,#7d7d7e",1,,
999EQfNvuds,https://www.youtube.com/watch?v=999EQfNvuds,DIY Matcha Candle | Viral Iced Drinks Candle | Realistic Candle | Candle Making Tutorial,649.0,storyboard,41,328.51,336.52,8.01,https://youtu.be/999EQfNvuds?t=329s,pour_wax,assemble,1,0.45,Pouring yellow milk-wax and foam into the iced-latte glass.,,0,0.0,0.008,0.029,0.804,0.057,"#f4f1e8,#cec6b5,#8b857e",1,,
999EQfNvuds,https://www.youtube.com/watch?v=999EQfNvuds,DIY Matcha Candle | Viral Iced Drinks Candle | Realistic Candle | Candle Making Tutorial,649.0,storyboard,42,336.52,344.53,8.01,https://youtu.be/999EQfNvuds?t=337s,pour_wax,assemble,1,0.45,Pouring yellow milk-wax and foam into the iced-latte glass.,,0,0.0,0.005,0.022,0.812,0.053,"#f4efe6,#cac0b0,#857e78",1,,
999EQfNvuds,https://www.youtube.com/watch?v=999EQfNvuds,DIY Matcha Candle | Viral Iced Drinks Candle | Realistic Candle | Candle Making Tutorial,649.0,storyboard,43,344.53,352.54,8.01,https://youtu.be/999EQfNvuds?t=345s,pour_wax,assemble,1,0.45,Pouring yellow milk-wax and foam into the iced-latte glass.,,0,0.0,0.013,0.0,0.817,0.05,"#f4f2ec,#cec8bc,#8b8580",1,,
999EQfNvuds,https://www.youtube.com/watch?v=999EQfNvuds,DIY Matcha Candle | Viral Iced Drinks Candle | Realistic Candle | Candle Making Tutorial,649.0,storyboard,44,352.54,360.56,8.02,https://youtu.be/999EQfNvuds?t=353s,pour_wax,assemble,1,0.45,Pouring yellow milk-wax and foam into the iced-latte glass.,,0,0.0,0.012,0.031,0.814,0.047,"#f1f1eb,#c8c4ba,#858481",1,,
999EQfNvuds,https://www.youtube.com/watch?v=999EQfNvuds,DIY Matcha Candle | Viral Iced Drinks Candle | Realistic Candle | Candle Making Tutorial,649.0,storyboard,45,360.56,368.57,8.01,https://youtu.be/999EQfNvuds?t=361s,pour_wax,assemble,1,0.45,Pouring yellow milk-wax and foam into the iced-latte glass.,,0,0.0,0.017,0.01,0.816,0.046,"#f4f2ec,#cfc9bf,#898684",1,,
999EQfNvuds,https://www.youtube.com/watch?v=999EQfNvuds,DIY Matcha Candle | Viral Iced Drinks Candle | Realistic Candle | Candle Making Tutorial,649.0,storyboard,46,368.57,376.58,8.01,https://youtu.be/999EQfNvuds?t=369s,pour_wax,assemble,1,0.45,Pouring yellow milk-wax and foam into the iced-latte glass.,,0,0.0,0.019,0.0,0.808,0.047,"#f3f2eb,#cbc6ba,#85827e",1,,
999EQfNvuds,https://www.youtube.com/watch?v=999EQfNvuds,DIY Matcha Candle | Viral Iced Drinks Candle | Realistic Candle | Candle Making Tutorial,649.0,storyboard,47,376.58,384.59,8.01,https://youtu.be/999EQfNvuds?t=377s,pour_wax,assemble,1,0.45,Pouring yellow milk-wax and foam into the iced-latte glass.,,0,0.0,0.009,0.002,0.82,0.045,"#f3f2ec,#cec8bb,#8b8985",1,,
999EQfNvuds,https://www.youtube.com/watch?v=999EQfNvuds,DIY Matcha Candle | Viral Iced Drinks Candle | Realistic Candle | Candle Making Tutorial,649.0,storyboard,48,384.59,392.6,8.01,https://youtu.be/999EQfNvuds?t=385s,decorate_finish,finish,1,0.45,Heat gun/torch blends the matcha-green wax layer.,,0,0.0,0.015,0.05,0.809,0.041,"#f1f1ed,#c9c5bd,#807f7e",1,,
999EQfNvuds,https://www.youtube.com/watch?v=999EQfNvuds,DIY Matcha Candle | Viral Iced Drinks Candle | Realistic Candle | Candle Making Tutorial,649.0,storyboard,49,392.6,400.62,8.02,https://youtu.be/999EQfNvuds?t=393s,add_dye_color,process,1,0.45,Green matcha wax added on top of the milk layer.,,0,0.0,0.014,0.0,0.82,0.041,"#f1f0ec,#c7c3bc,#7d7d7c",1,,
999EQfNvuds,https://www.youtube.com/watch?v=999EQfNvuds,DIY Matcha Candle | Viral Iced Drinks Candle | Realistic Candle | Candle Making Tutorial,649.0,storyboard,50,400.62,408.63,8.01,https://youtu.be/999EQfNvuds?t=401s,pour_wax,assemble,1,0.45,Pouring the green matcha wax into the glass.,,0,0.0,0.018,0.042,0.805,0.042,"#edece4,#aeaba1,#555452",1,,
999EQfNvuds,https://www.youtube.com/watch?v=999EQfNvuds,DIY Matcha Candle | Viral Iced Drinks Candle | Realistic Candle | Candle Making Tutorial,649.0,storyboard,51,408.63,416.64,8.01,https://youtu.be/999EQfNvuds?t=409s,decorate_finish,finish,1,0.45,Heat gun/torch blends the matcha-green wax layer.,wt ye,0,0.0,0.018,0.061,0.805,0.054,"#f4f1ea,#cfc9b9,#87847b",1,,
999EQfNvuds,https://www.youtube.com/watch?v=999EQfNvuds,DIY Matcha Candle | Viral Iced Drinks Candle | Realistic Candle | Candle Making Tutorial,649.0,storyboard,52,416.64,424.65,8.01,https://youtu.be/999EQfNvuds?t=417s,add_dye_color,process,1,0.45,Green matcha wax added on top of the milk layer.,,0,0.0,0.001,0.0,0.814,0.06,"#f3f2ea,#cac5b6,#81827b",1,,
999EQfNvuds,https://www.youtube.com/watch?v=999EQfNvuds,DIY Matcha Candle | Viral Iced Drinks Candle | Realistic Candle | Candle Making Tutorial,649.0,storyboard,53,424.65,432.67,8.02,https://youtu.be/999EQfNvuds?t=425s,pour_wax,assemble,1,0.45,Pouring the green matcha wax into the glass.,,0,0.0,0.01,0.049,0.802,0.066,"#ede9e1,#aba79e,#414545",1,,
999EQfNvuds,https://www.youtube.com/watch?v=999EQfNvuds,DIY Matcha Candle | Viral Iced Drinks Candle | Realistic Candle | Candle Making Tutorial,649.0,storyboard,54,432.67,440.68,8.01,https://youtu.be/999EQfNvuds?t=433s,decorate_finish,finish,1,0.45,Heat gun/torch blends the matcha-green wax layer.,,0,0.0,0.005,0.046,0.811,0.067,"#f2f0e8,#c8c1b2,#797874",1,,
999EQfNvuds,https://www.youtube.com/watch?v=999EQfNvuds,DIY Matcha Candle | Viral Iced Drinks Candle | Realistic Candle | Candle Making Tutorial,649.0,storyboard,55,440.68,448.69,8.01,https://youtu.be/999EQfNvuds?t=441s,add_dye_color,process,1,0.45,Green matcha wax added on top of the milk layer.,,0,0.0,0.006,0.0,0.803,0.144,"#f1f0e8,#cac1ac,#897f70",1,,
999EQfNvuds,https://www.youtube.com/watch?v=999EQfNvuds,DIY Matcha Candle | Viral Iced Drinks Candle | Realistic Candle | Candle Making Tutorial,649.0,storyboard,56,448.69,456.7,8.01,https://youtu.be/999EQfNvuds?t=449s,pour_wax,assemble,1,0.45,Pouring the green matcha wax into the glass.,,0,0.0,0.012,0.02,0.784,0.153,"#ede9de,#b9ab91,#64574e",1,,
999EQfNvuds,https://www.youtube.com/watch?v=999EQfNvuds,DIY Matcha Candle | Viral Iced Drinks Candle | Realistic Candle | Candle Making Tutorial,649.0,storyboard,57,456.7,464.72,8.02,https://youtu.be/999EQfNvuds?t=457s,decorate_finish,finish,1,0.45,Heat gun/torch blends the matcha-green wax layer.,,0,0.0,0.017,0.037,0.782,0.161,"#eee9dd,#b5a88f,#635045",1,,
999EQfNvuds,https://www.youtube.com/watch?v=999EQfNvuds,DIY Matcha Candle | Viral Iced Drinks Candle | Realistic Candle | Candle Making Tutorial,649.0,storyboard,58,464.72,472.73,8.01,https://youtu.be/999EQfNvuds?t=465s,add_dye_color,process,1,0.45,Green matcha wax added on top of the milk layer.,,0,0.0,0.001,0.0,0.795,0.159,"#ede9de,#baac90,#655a53",1,,
999EQfNvuds,https://www.youtube.com/watch?v=999EQfNvuds,DIY Matcha Candle | Viral Iced Drinks Candle | Realistic Candle | Candle Making Tutorial,649.0,storyboard,59,472.73,480.74,8.01,https://youtu.be/999EQfNvuds?t=473s,pour_wax,assemble,1,0.45,Pouring the green matcha wax into the glass.,,0,0.0,0.006,0.038,0.79,0.162,"#ece8de,#b7a990,#5b4e47",1,,
999EQfNvuds,https://www.youtube.com/watch?v=999EQfNvuds,DIY Matcha Candle | Viral Iced Drinks Candle | Realistic Candle | Candle Making Tutorial,649.0,storyboard,60,480.74,488.75,8.01,https://youtu.be/999EQfNvuds?t=481s,decorate_finish,finish,1,0.45,Heat gun/torch blends the matcha-green wax layer.,,0,0.0,0.001,0.025,0.807,0.098,"#f2f1ea,#cac5b8,#858682",1,,
999EQfNvuds,https://www.youtube.com/watch?v=999EQfNvuds,DIY Matcha Candle | Viral Iced Drinks Candle | Realistic Candle | Candle Making Tutorial,649.0,storyboard,61,488.75,496.77,8.02,https://youtu.be/999EQfNvuds?t=489s,add_dye_color,process,1,0.45,Green matcha wax added on top of the milk layer.,,0,0.0,0.007,0.0,0.814,0.056,"#f1f0e8,#c8c3b5,#7e7e79",1,,
999EQfNvuds,https://www.youtube.com/watch?v=999EQfNvuds,DIY Matcha Candle | Viral Iced Drinks Candle | Realistic Candle | Candle Making Tutorial,649.0,storyboard,62,496.77,504.78,8.01,https://youtu.be/999EQfNvuds?t=497s,pour_wax,assemble,1,0.45,Pouring the green matcha wax into the glass.,,0,0.0,0.029,0.039,0.781,0.116,"#eceae1,#b6aea2,#6d6058",1,,
999EQfNvuds,https://www.youtube.com/watch?v=999EQfNvuds,DIY Matcha Candle | Viral Iced Drinks Candle | Realistic Candle | Candle Making Tutorial,649.0,storyboard,63,504.78,512.79,8.01,https://youtu.be/999EQfNvuds?t=505s,decorate_finish,finish,1,0.45,Heat gun/torch blends the matcha-green wax layer.,,0,0.0,0.018,0.119,0.817,0.049,"#f2f2ed,#c8c5bd,#838687",1,,
999EQfNvuds,https://www.youtube.com/watch?v=999EQfNvuds,DIY Matcha Candle | Viral Iced Drinks Candle | Realistic Candle | Candle Making Tutorial,649.0,storyboard,64,512.79,520.8,8.01,https://youtu.be/999EQfNvuds?t=513s,add_dye_color,process,1,0.45,Green matcha wax added on top of the milk layer.,ig die 4 eo ys,1,0.0,0.027,0.0,0.814,0.049,"#f1f1eb,#c3bfb6,#818281",1,,
999EQfNvuds,https://www.youtube.com/watch?v=999EQfNvuds,DIY Matcha Candle | Viral Iced Drinks Candle | Realistic Candle | Candle Making Tutorial,649.0,storyboard,65,520.8,528.81,8.01,https://youtu.be/999EQfNvuds?t=521s,pour_wax,assemble,1,0.45,Pouring the green matcha wax into the glass.,1 ane 1,0,0.0,0.023,0.05,0.812,0.069,"#f1f1ea,#c6c5b8,#848381",1,,
999EQfNvuds,https://www.youtube.com/watch?v=999EQfNvuds,DIY Matcha Candle | Viral Iced Drinks Candle | Realistic Candle | Candle Making Tutorial,649.0,storyboard,66,528.81,536.83,8.02,https://youtu.be/999EQfNvuds?t=529s,decorate_finish,finish,1,0.45,Heat gun/torch blends the matcha-green wax layer.,"te jai, ail ili Ge",1,0.0,0.024,0.033,0.808,0.071,"#f2f2ec,#c6c5b8,#81817f",1,,
999EQfNvuds,https://www.youtube.com/watch?v=999EQfNvuds,DIY Matcha Candle | Viral Iced Drinks Candle | Realistic Candle | Candle Making Tutorial,649.0,storyboard,67,536.83,544.84,8.01,https://youtu.be/999EQfNvuds?t=537s,add_dye_color,process,1,0.45,Green matcha wax added on top of the milk layer.,oO,0,0.0,0.027,0.0,0.803,0.068,"#f2f1ea,#c7c5b9,#868583",1,,
999EQfNvuds,https://www.youtube.com/watch?v=999EQfNvuds,DIY Matcha Candle | Viral Iced Drinks Candle | Realistic Candle | Candle Making Tutorial,649.0,storyboard,68,544.84,552.85,8.01,https://youtu.be/999EQfNvuds?t=545s,pour_wax,assemble,1,0.45,Pouring the green matcha wax into the glass.,VW at ee oo,1,0.0,0.024,0.098,0.795,0.072,"#f2f3ed,#c2c0b3,#7b7a7a",1,,
999EQfNvuds,https://www.youtube.com/watch?v=999EQfNvuds,DIY Matcha Candle | Viral Iced Drinks Candle | Realistic Candle | Candle Making Tutorial,649.0,storyboard,69,552.85,560.86,8.01,https://youtu.be/999EQfNvuds?t=553s,decorate_finish,finish,1,0.45,Heat gun/torch blends the matcha-green wax layer.,Sy OF ae 8 5,1,0.0,0.025,0.025,0.816,0.071,"#f2f1e9,#c5c2b2,#83847d",1,,
999EQfNvuds,https://www.youtube.com/watch?v=999EQfNvuds,DIY Matcha Candle | Viral Iced Drinks Candle | Realistic Candle | Candle Making Tutorial,649.0,storyboard,70,560.86,568.88,8.02,https://youtu.be/999EQfNvuds?t=561s,add_dye_color,process,1,0.45,Green matcha wax added on top of the milk layer.,,0,0.0,0.02,0.0,0.814,0.077,"#f3f1e9,#c8c3b1,#918e85",1,,
999EQfNvuds,https://www.youtube.com/watch?v=999EQfNvuds,DIY Matcha Candle | Viral Iced Drinks Candle | Realistic Candle | Candle Making Tutorial,649.0,storyboard,71,568.88,576.89,8.01,https://youtu.be/999EQfNvuds?t=569s,pour_wax,assemble,1,0.45,Pouring the green matcha wax into the glass.,pus 1 ue,1,0.0,0.037,0.029,0.817,0.075,"#f3f1ea,#c7c2b2,#85857e",1,,
999EQfNvuds,https://www.youtube.com/watch?v=999EQfNvuds,DIY Matcha Candle | Viral Iced Drinks Candle | Realistic Candle | Candle Making Tutorial,649.0,storyboard,72,576.89,584.9,8.01,https://youtu.be/999EQfNvuds?t=577s,decorate_finish,finish,1,0.5,Adding clear wax 'ice cubes' to the iced-matcha candle.,ae,0,0.0,0.039,0.066,0.811,0.078,"#f2f1ea,#c4bfae,#827f75",1,,description references on-screen text but OCR found none
999EQfNvuds,https://www.youtube.com/watch?v=999EQfNvuds,DIY Matcha Candle | Viral Iced Drinks Candle | Realistic Candle | Candle Making Tutorial,649.0,storyboard,73,584.9,592.91,8.01,https://youtu.be/999EQfNvuds?t=585s,decorate_finish,finish,1,0.5,Finishing the matcha-latte look in the glass.,,0,0.0,0.016,0.0,0.816,0.073,"#f2f1e9,#c0beae,#7e807a",1,,
999EQfNvuds,https://www.youtube.com/watch?v=999EQfNvuds,DIY Matcha Candle | Viral Iced Drinks Candle | Realistic Candle | Candle Making Tutorial,649.0,storyboard,74,592.91,600.93,8.02,https://youtu.be/999EQfNvuds?t=593s,reveal_result,finish,1,0.5,The finished 'Iced Matcha Latte' candle on the table.,VRE,0,0.0,0.012,0.074,0.823,0.058,"#f4f3ec,#cbc6b9,#818281",1,,description references on-screen text but OCR found none
999EQfNvuds,https://www.youtube.com/watch?v=999EQfNvuds,DIY Matcha Candle | Viral Iced Drinks Candle | Realistic Candle | Candle Making Tutorial,649.0,storyboard,75,600.93,608.94,8.01,https://youtu.be/999EQfNvuds?t=601s,reveal_result,finish,1,0.55,Holding up the finished iced-matcha-latte candle.,iw,0,0.0,0.014,0.174,0.811,0.084,"#f2efe4,#b6a98e,#493e35",1,,
999EQfNvuds,https://www.youtube.com/watch?v=999EQfNvuds,DIY Matcha Candle | Viral Iced Drinks Candle | Realistic Candle | Candle Making Tutorial,649.0,storyboard,76,608.94,616.95,8.01,https://youtu.be/999EQfNvuds?t=609s,reveal_result,finish,1,0.55,'Iced Matcha Latte' candle held to camera.,,0,0.0,0.011,0.0,0.827,0.094,"#f6f6f0,#c9c2af,#80765f",1,,description references on-screen text but OCR found none
999EQfNvuds,https://www.youtube.com/watch?v=999EQfNvuds,DIY Matcha Candle | Viral Iced Drinks Candle | Realistic Candle | Candle Making Tutorial,649.0,storyboard,77,616.95,624.96,8.01,https://youtu.be/999EQfNvuds?t=617s,reveal_result,finish,1,0.55,Overhead of the finished matcha candle.,Fe,0,0.0,0.022,0.148,0.826,0.101,"#f6f5ee,#ccc4b0,#897e6a",1,,
9ziN3qqHkc4,https://www.youtube.com/watch?v=9ziN3qqHkc4,How to Make a Soy Candle With 3 Layers - Multi Layer Fourth of July Candle,472.0,storyboard,5,40.0,48.0,8.0,https://youtu.be/9ziN3qqHkc4?t=40s,prepare_container,prep,1,0.45,Hands set up rows of cups with wicks.,pe me,0,0.0,0.214,0.062,0.573,0.072,"#e5e0db,#3d393f,#999793",1,,
9ziN3qqHkc4,https://www.youtube.com/watch?v=9ziN3qqHkc4,How to Make a Soy Candle With 3 Layers - Multi Layer Fourth of July Candle,472.0,storyboard,6,48.0,56.0,8.0,https://youtu.be/9ziN3qqHkc4?t=48s,prepare_container,prep,1,0.45,Rows of cups prepared.,as fg,0,0.0,0.163,0.03,0.577,0.072,"#e0dcd6,#929290,#39363b",1,,
9ziN3qqHkc4,https://www.youtube.com/watch?v=9ziN3qqHkc4,How to Make a Soy Candle With 3 Layers - Multi Layer Fourth of July Candle,472.0,storyboard,7,56.0,64.0,8.0,https://youtu.be/9ziN3qqHkc4?t=56s,prepare_container,prep,1,0.45,Rows of cups with wicks.,ae We,0,0.0,0.137,0.081,0.602,0.07,"#e3e3e0,#3d383e,#9f9c9a",1,,
9ziN3qqHkc4,https://www.youtube.com/watch?v=9ziN3qqHkc4,How to Make a Soy Candle With 3 Layers - Multi Layer Fourth of July Candle,472.0,storyboard,8,64.0,72.0,8.0,https://youtu.be/9ziN3qqHkc4?t=64s,prepare_container,prep,1,0.6,Host talks to camera.,,0,0.0,0.079,0.0,0.387,0.079,"#4c505a,#b5a496,#282020",1,,
9ziN3qqHkc4,https://www.youtube.com/watch?v=9ziN3qqHkc4,How to Make a Soy Candle With 3 Layers - Multi Layer Fourth of July Candle,472.0,storyboard,9,72.0,80.0,8.0,https://youtu.be/9ziN3qqHkc4?t=72s,prepare_container,prep,1,0.45,Rows of cups; hand.,1 ati,0,0.0,0.086,0.016,0.387,0.077,"#4b505a,#b5a495,#231a1b",1,,
9ziN3qqHkc4,https://www.youtube.com/watch?v=9ziN3qqHkc4,How to Make a Soy Candle With 3 Layers - Multi Layer Fourth of July Candle,472.0,storyboard,19,152.0,160.0,8.0,https://youtu.be/9ziN3qqHkc4?t=152s,pour_wax,assemble,1,0.5,Red first layer poured into the rows of cups.,eae,0,0.0,0.163,0.387,0.509,0.083,"#e2e3da,#3e373f,#9ea099",1,,
9ziN3qqHkc4,https://www.youtube.com/watch?v=9ziN3qqHkc4,How to Make a Soy Candle With 3 Layers - Multi Layer Fourth of July Candle,472.0,storyboard,20,160.0,168.0,8.0,https://youtu.be/9ziN3qqHkc4?t=160s,pour_wax,assemble,1,0.5,Hand fills a red-layer cup.,ol Vhs An,1,0.0,0.121,0.387,0.564,0.082,"#4a4f59,#b6a598,#1b1314",1,,
9ziN3qqHkc4,https://www.youtube.com/watch?v=9ziN3qqHkc4,How to Make a Soy Candle With 3 Layers - Multi Layer Fourth of July Candle,472.0,storyboard,21,168.0,176.0,8.0,https://youtu.be/9ziN3qqHkc4?t=168s,pour_wax,assemble,1,0.5,Rows of cups with the red layer.,oo figs,0,0.0,0.113,0.0,0.392,0.077,"#4b505b,#b6a699,#251a1b",1,,
9ziN3qqHkc4,https://www.youtube.com/watch?v=9ziN3qqHkc4,How to Make a Soy Candle With 3 Layers - Multi Layer Fourth of July Candle,472.0,storyboard,22,176.0,184.0,8.0,https://youtu.be/9ziN3qqHkc4?t=176s,pour_wax,assemble,1,0.55,Host talks; fragrance math '15 x 0.09 = 1.35'.,,0,0.0,0.109,0.026,0.396,0.076,"#4b505b,#b6a79b,#231b1d",1,,description references on-screen text but OCR found none
9ziN3qqHkc4,https://www.youtube.com/watch?v=9ziN3qqHkc4,How to Make a Soy Candle With 3 Layers - Multi Layer Fourth of July Candle,472.0,storyboard,23,184.0,192.0,8.0,https://youtu.be/9ziN3qqHkc4?t=184s,pour_wax,assemble,1,0.5,Rows of cups with the red layer.,2,0,0.0,0.128,0.343,0.49,0.087,"#dedbcf,#3e3840,#a19d90",1,,
9ziN3qqHkc4,https://www.youtube.com/watch?v=9ziN3qqHkc4,How to Make a Soy Candle With 3 Layers - Multi Layer Fourth of July Candle,472.0,storyboard,24,192.0,200.0,8.0,https://youtu.be/9ziN3qqHkc4?t=192s,add_dye_color,process,1,0.5,Red dye stirred into a pitcher of wax.,2,0,0.0,0.138,0.0,0.632,0.081,"#e0dacf,#424349,#a1988d",1,,
9ziN3qqHkc4,https://www.youtube.com/watch?v=9ziN3qqHkc4,How to Make a Soy Candle With 3 Layers - Multi Layer Fourth of July Candle,472.0,storyboard,27,216.0,224.0,8.0,https://youtu.be/9ziN3qqHkc4?t=216s,melt_wax,process,1,0.5,Overhead black pot of wax stirred on a hot plate.,mY,0,0.0,0.139,0.0,0.395,0.077,"#444852,#9c8e7f,#d2c2b7",1,,
9ziN3qqHkc4,https://www.youtube.com/watch?v=9ziN3qqHkc4,How to Make a Soy Candle With 3 Layers - Multi Layer Fourth of July Candle,472.0,storyboard,28,224.0,232.0,8.0,https://youtu.be/9ziN3qqHkc4?t=224s,pour_wax,assemble,1,0.45,Host with a pouring pitcher.,,0,0.0,0.121,0.077,0.389,0.079,"#4a4f59,#baab9b,#241c1c",1,,
9ziN3qqHkc4,https://www.youtube.com/watch?v=9ziN3qqHkc4,How to Make a Soy Candle With 3 Layers - Multi Layer Fourth of July Candle,472.0,storyboard,46,368.0,376.0,8.0,https://youtu.be/9ziN3qqHkc4?t=368s,pour_wax,assemble,1,0.5,Overhead pouring on the hot plate.,Ru,0,0.0,0.111,0.017,0.369,0.109,"#484f57,#b79e8b,#252221",1,,
9ziN3qqHkc4,https://www.youtube.com/watch?v=9ziN3qqHkc4,How to Make a Soy Candle With 3 Layers - Multi Layer Fourth of July Candle,472.0,storyboard,47,376.0,384.0,8.0,https://youtu.be/9ziN3qqHkc4?t=376s,add_dye_color,process,1,0.5,Dark dye poured into the pitcher.,Ba oe er,1,0.0,0.109,0.0,0.689,0.091,"#eae1d7,#b0a296,#363436",1,,
9ziN3qqHkc4,https://www.youtube.com/watch?v=9ziN3qqHkc4,How to Make a Soy Candle With 3 Layers - Multi Layer Fourth of July Candle,472.0,storyboard,51,408.0,416.0,8.0,https://youtu.be/9ziN3qqHkc4?t=408s,pour_wax,assemble,1,0.5,Host pours the next layer into the cups.,7,0,0.0,0.135,0.062,0.362,0.089,"#4c4d54,#b9a89a,#211d1e",1,,
9ziN3qqHkc4,https://www.youtube.com/watch?v=9ziN3qqHkc4,How to Make a Soy Candle With 3 Layers - Multi Layer Fourth of July Candle,472.0,storyboard,55,440.0,448.0,8.0,https://youtu.be/9ziN3qqHkc4?t=440s,reveal_result,finish,1,0.55,Finished red/white/blue 3-layer candles shown.,cle:,0,0.0,0.126,0.027,0.362,0.103,"#4e4c52,#bca391,#211716",1,,
AiMR4cfEfwE,https://www.youtube.com/watch?v=AiMR4cfEfwE,How to Get Smooth Candle Tops // Rough Candle Tops and How to Fix Them // Candle Making 101,139.0,storyboard,14,114.47,122.65,8.18,https://youtu.be/AiMR4cfEfwE?t=114s,reveal_result,finish,1,0.4,A now-smooth candle top is shown; host wraps up.,THANKS FOR WATCHING!,1,0.0,0.111,0.23,0.786,0.051,"#f6f2e8,#1f1b16,#969389",1,,
B2AFuHYg_Io,https://www.youtube.com/watch?v=B2AFuHYg_Io,Coconut Soy wax candle making for beginners,507.0,storyboard,7,56.33,64.38,8.05,https://youtu.be/B2AFuHYg_Io?t=56s,gather_materials,prep,1,0.45,White wax discs; pink glove.,iy vento wie vf 7 ae PT 3 Ni Why,1,0.0,0.036,0.466,0.714,0.043,"#77787f,#aab0b7,#503f4b",1,,
B2AFuHYg_Io,https://www.youtube.com/watch?v=B2AFuHYg_Io,Coconut Soy wax candle making for beginners,507.0,storyboard,8,64.38,72.43,8.05,https://youtu.be/B2AFuHYg_Io?t=64s,gather_materials,prep,1,0.45,Pink-gloved hand with a fragrance bottle.,,0,0.0,0.015,0.0,0.392,0.151,"#69656b,#64283b,#9c9da5",1,,
B2AFuHYg_Io,https://www.youtube.com/watch?v=B2AFuHYg_Io,Coconut Soy wax candle making for beginners,507.0,storyboard,9,72.43,80.48,8.05,https://youtu.be/B2AFuHYg_Io?t=72s,gather_materials,prep,1,0.4,Cutting/handling supplies.,,0,0.0,0.016,0.17,0.479,0.059,"#83888b,#9ba0a4,#5f3a4a",1,,
B2AFuHYg_Io,https://www.youtube.com/watch?v=B2AFuHYg_Io,Coconut Soy wax candle making for beginners,507.0,storyboard,11,88.52,96.57,8.05,https://youtu.be/B2AFuHYg_Io?t=89s,measure_wax,prep,1,0.45,Glass dish with white wax discs.,,0,0.0,0.004,0.16,0.411,0.062,"#66585d,#98999a,#301f26",1,,
B2AFuHYg_Io,https://www.youtube.com/watch?v=B2AFuHYg_Io,Coconut Soy wax candle making for beginners,507.0,storyboard,12,96.57,104.62,8.05,https://youtu.be/B2AFuHYg_Io?t=97s,prepare_container,prep,1,0.4,Pink-gloved hands prep at the bench.,,0,0.0,0.004,0.0,0.444,0.037,"#8d9494,#696b68,#2f272a",1,,
B2AFuHYg_Io,https://www.youtube.com/watch?v=B2AFuHYg_Io,Coconut Soy wax candle making for beginners,507.0,storyboard,13,104.62,112.67,8.05,https://youtu.be/B2AFuHYg_Io?t=105s,add_fragrance,process,1,0.45,Fragrance bottles by the black melting pot.,,0,0.0,0.019,0.277,0.415,0.058,"#78797e,#1e1518,#aab0b7",1,,
B2AFuHYg_Io,https://www.youtube.com/watch?v=B2AFuHYg_Io,Coconut Soy wax candle making for beginners,507.0,storyboard,15,120.71,128.76,8.05,https://youtu.be/B2AFuHYg_Io?t=121s,melt_wax,process,1,0.55,Wax in the black melting pot.,4 7 be Pes,1,0.0,0.04,0.0,0.367,0.043,"#696866,#1e1c1d,#aea9ae",1,,
B2AFuHYg_Io,https://www.youtube.com/watch?v=B2AFuHYg_Io,Coconut Soy wax candle making for beginners,507.0,storyboard,16,128.76,136.81,8.05,https://youtu.be/B2AFuHYg_Io?t=129s,melt_wax,process,1,0.55,White wax melting in the black pot.,EM 4,0,0.0,0.024,0.051,0.29,0.025,"#1a1917,#5d5b54,#b1b5b5",1,,
B2AFuHYg_Io,https://www.youtube.com/watch?v=B2AFuHYg_Io,Coconut Soy wax candle making for beginners,507.0,storyboard,17,136.81,144.86,8.05,https://youtu.be/B2AFuHYg_Io?t=137s,melt_wax,process,1,0.55,Wax melting in the pot.,,0,0.0,0.026,0.056,0.242,0.026,"#111110,#b5b8ba,#59574f",1,,
B2AFuHYg_Io,https://www.youtube.com/watch?v=B2AFuHYg_Io,Coconut Soy wax candle making for beginners,507.0,storyboard,18,144.86,152.9,8.04,https://youtu.be/B2AFuHYg_Io?t=145s,melt_wax,process,1,0.5,Black pot of melting wax.,La 4 7 fg ay ee,1,0.0,0.027,0.07,0.206,0.02,"#0e0c0f,#b8bbbe,#595757",1,,
B2AFuHYg_Io,https://www.youtube.com/watch?v=B2AFuHYg_Io,Coconut Soy wax candle making for beginners,507.0,storyboard,19,152.9,160.95,8.05,https://youtu.be/B2AFuHYg_Io?t=153s,melt_wax,process,1,0.5,Molten wax in the black pot.,in om,0,0.0,0.04,0.0,0.205,0.017,"#08070b,#bdc2c2,#615f60",1,,
B2AFuHYg_Io,https://www.youtube.com/watch?v=B2AFuHYg_Io,Coconut Soy wax candle making for beginners,507.0,storyboard,20,160.95,169.0,8.05,https://youtu.be/B2AFuHYg_Io?t=161s,monitor_temperature,process,1,0.5,Phone thermometer; pink glove stirs the pot.,2 2 ae fe is,1,0.0,0.027,0.339,0.337,0.081,"#0e0d12,#d3d1d2,#5e4e49",1,,
B2AFuHYg_Io,https://www.youtube.com/watch?v=B2AFuHYg_Io,Coconut Soy wax candle making for beginners,507.0,storyboard,21,169.0,177.05,8.05,https://youtu.be/B2AFuHYg_Io?t=169s,add_fragrance,process,1,0.5,Stirring fragrance into the wax; phone.,7,0,0.0,0.04,0.117,0.413,0.051,"#121014,#daced5,#978389",1,,
B2AFuHYg_Io,https://www.youtube.com/watch?v=B2AFuHYg_Io,Coconut Soy wax candle making for beginners,507.0,storyboard,22,177.05,185.1,8.05,https://youtu.be/B2AFuHYg_Io?t=177s,pour_wax,assemble,1,0.55,Yellow wax poured into a black glass jar.,,0,0.0,0.006,0.0,0.376,0.081,"#24181c,#abaea0,#6f6965",1,,
B2AFuHYg_Io,https://www.youtube.com/watch?v=B2AFuHYg_Io,Coconut Soy wax candle making for beginners,507.0,storyboard,23,185.1,193.14,8.04,https://youtu.be/B2AFuHYg_Io?t=185s,pour_wax,assemble,1,0.5,Black jar with yellow wax; wick stick.,,0,0.0,0.01,0.098,0.404,0.09,"#767167,#a8a99d,#39272a",1,,
B2AFuHYg_Io,https://www.youtube.com/watch?v=B2AFuHYg_Io,Coconut Soy wax candle making for beginners,507.0,storyboard,26,209.24,217.29,8.05,https://youtu.be/B2AFuHYg_Io?t=209s,gather_materials,prep,1,0.4,White container and supplies.,,0,0.0,0.017,0.0,0.505,0.048,"#a2a2a1,#827d7c,#343231",1,,
B2AFuHYg_Io,https://www.youtube.com/watch?v=B2AFuHYg_Io,Coconut Soy wax candle making for beginners,507.0,storyboard,27,217.29,225.33,8.04,https://youtu.be/B2AFuHYg_Io?t=217s,gather_materials,prep,1,0.4,Shelves of supplies.,,0,0.0,0.01,0.048,0.496,0.032,"#9e9d9c,#727272,#31302f",1,,
B2AFuHYg_Io,https://www.youtube.com/watch?v=B2AFuHYg_Io,Coconut Soy wax candle making for beginners,507.0,storyboard,28,225.33,233.38,8.05,https://youtu.be/B2AFuHYg_Io?t=225s,decorate_finish,finish,1,0.4,Shipping/square label prepared.,es,0,0.0,0.034,0.158,0.4,0.07,"#898687,#211c1e,#57514f",1,,
B2AFuHYg_Io,https://www.youtube.com/watch?v=B2AFuHYg_Io,Coconut Soy wax candle making for beginners,507.0,storyboard,51,410.43,418.48,8.05,https://youtu.be/B2AFuHYg_Io?t=410s,decorate_finish,finish,1,0.45,Printer with the 'Mahogany Vanilla' labels.,"Se oi vi Ant. OV began ff iY, ey lb 1 wy",1,0.0,0.054,0.251,0.449,0.067,"#bcbfc3,#625a59,#1a191a",1,,
B2AFuHYg_Io,https://www.youtube.com/watch?v=B2AFuHYg_Io,Coconut Soy wax candle making for beginners,507.0,storyboard,53,426.52,434.57,8.05,https://youtu.be/B2AFuHYg_Io?t=427s,decorate_finish,finish,1,0.5,Labelled black jar; hands.,,0,0.0,0.016,0.174,0.468,0.075,"#76645a,#a1a9a9,#463029",1,,
B2AFuHYg_Io,https://www.youtube.com/watch?v=B2AFuHYg_Io,Coconut Soy wax candle making for beginners,507.0,storyboard,54,434.57,442.62,8.05,https://youtu.be/B2AFuHYg_Io?t=435s,reveal_result,finish,1,0.55,Lit black 'Mahogany Vanilla' jar candle.,,0,0.0,0.012,0.0,0.447,0.06,"#707073,#8b9394,#534845",1,,description references on-screen text but OCR found none
B2AFuHYg_Io,https://www.youtube.com/watch?v=B2AFuHYg_Io,Coconut Soy wax candle making for beginners,507.0,storyboard,55,442.62,450.67,8.05,https://youtu.be/B2AFuHYg_Io?t=443s,reveal_result,finish,1,0.55,Lit double-wick black jar candle.,4 yrvi.f 7 4 og Pat 2,1,0.0,0.039,0.033,0.424,0.127,"#656e6a,#404440,#c4a87f",1,,
B2AFuHYg_Io,https://www.youtube.com/watch?v=B2AFuHYg_Io,Coconut Soy wax candle making for beginners,507.0,storyboard,56,450.67,458.71,8.04,https://youtu.be/B2AFuHYg_Io?t=451s,reveal_result,finish,1,0.55,Lit candle close-up.,,0,0.0,0.017,0.214,0.464,0.127,"#d1b3c0,#465156,#76797d",1,,
B2AFuHYg_Io,https://www.youtube.com/watch?v=B2AFuHYg_Io,Coconut Soy wax candle making for beginners,507.0,storyboard,57,458.71,466.76,8.05,https://youtu.be/B2AFuHYg_Io?t=459s,reveal_result,finish,1,0.55,Holding an iridescent jar candle.,oF vq fl,1,0.0,0.033,0.0,0.452,0.128,"#475458,#7c8393,#d0c1d1",1,,
B2AFuHYg_Io,https://www.youtube.com/watch?v=B2AFuHYg_Io,Coconut Soy wax candle making for beginners,507.0,storyboard,58,466.76,474.81,8.05,https://youtu.be/B2AFuHYg_Io?t=467s,reveal_result,finish,1,0.55,Holding the labelled candle.,SCENTS OF 7 Sud 4 fj Ve,1,0.0,0.022,0.227,0.465,0.105,"#757880,#323b3c,#c2b0bb",1,,
BbGnbTIz7_s,https://www.youtube.com/watch?v=BbGnbTIz7_s,Ombre 5 layers gradient candle tutorial | Step by step | Advanced candle making | POV (no talking),505.0,storyboard,1,8.02,16.03,8.01,https://youtu.be/BbGnbTIz7_s?t=8s,reveal_result,finish,1,0.4,Teaser of the finished ombre cube candle in its mould.,,0,0.0,0.053,0.0,0.72,0.108,"#ded3c9,#ab7a6c,#542f2c",1,,
BbGnbTIz7_s,https://www.youtube.com/watch?v=BbGnbTIz7_s,Ombre 5 layers gradient candle tutorial | Step by step | Advanced candle making | POV (no talking),505.0,storyboard,4,32.06,40.08,8.02,https://youtu.be/BbGnbTIz7_s?t=32s,measure_wax,prep,1,0.5,Measuring wax against the mould; scissors.,es eit OOUDE: Ee Stites ty 1 rry Pen ae Fz,1,0.0,0.029,0.087,0.711,0.106,"#b0aaa0,#dfdcd7,#56554d",1,,
BbGnbTIz7_s,https://www.youtube.com/watch?v=BbGnbTIz7_s,Ombre 5 layers gradient candle tutorial | Step by step | Advanced candle making | POV (no talking),505.0,storyboard,6,48.1,56.11,8.01,https://youtu.be/BbGnbTIz7_s?t=48s,prepare_container,prep,1,0.5,Silicone cube mould prepared.,,0,0.0,0.005,0.195,0.55,0.141,"#b8b6ac,#343a3e,#988a7c",1,,
BbGnbTIz7_s,https://www.youtube.com/watch?v=BbGnbTIz7_s,Ombre 5 layers gradient candle tutorial | Step by step | Advanced candle making | POV (no talking),505.0,storyboard,9,72.14,80.16,8.02,https://youtu.be/BbGnbTIz7_s?t=72s,prepare_container,prep,1,0.5,Wick threaded through the mould.,mm lw,0,0.0,0.077,0.105,0.618,0.128,"#bfc0bc,#a48e7c,#2d353b",1,,
BbGnbTIz7_s,https://www.youtube.com/watch?v=BbGnbTIz7_s,Ombre 5 layers gradient candle tutorial | Step by step | Advanced candle making | POV (no talking),505.0,storyboard,10,80.16,88.17,8.01,https://youtu.be/BbGnbTIz7_s?t=80s,measure_wax,prep,1,0.45,Wax pieces; mould ready.,7 4 1 4 7 4 BHere iS closer jOoK at the Mola,1,0.0,0.046,0.174,0.648,0.14,"#c4b9a4,#a98d68,#d8d0be",1,,
BbGnbTIz7_s,https://www.youtube.com/watch?v=BbGnbTIz7_s,Ombre 5 layers gradient candle tutorial | Step by step | Advanced candle making | POV (no talking),505.0,storyboard,11,88.17,96.19,8.02,https://youtu.be/BbGnbTIz7_s?t=88s,pour_wax,assemble,1,0.5,Caption about pouring slowly; first pour.,The key to this technique y's to melt the whole of wax yand.gradually add dye to complete Each ayers. From.0 Gol ur in layer 1 top layer Tee Golour in layer 5 bottorn layer,1,0.0,0.113,0.178,0.743,0.102,"#e5e6e3,#b9bab5,#867f74",1,,
BbGnbTIz7_s,https://www.youtube.com/watch?v=BbGnbTIz7_s,Ombre 5 layers gradient candle tutorial | Step by step | Advanced candle making | POV (no talking),505.0,storyboard,13,104.21,112.22,8.01,https://youtu.be/BbGnbTIz7_s?t=104s,pour_wax,assemble,1,0.55,Natural (uncoloured) wax poured into the mould as layer 1.,"ayn moh 395 pais oa rrelvaac Gently tap the moid to reiease tranpeds ar Dbuboles 1 aie me 3 es ie Di ie ieee. teen ity Lain Me She Aas est oh ee Vi lag mart AD, BE Se Hh tf ay ie be DOR Te lh AA yf iy",1,0.0,0.06,0.144,0.668,0.159,"#b7b1a7,#e4ded2,#a28350",1,,
BbGnbTIz7_s,https://www.youtube.com/watch?v=BbGnbTIz7_s,Ombre 5 layers gradient candle tutorial | Step by step | Advanced candle making | POV (no talking),505.0,storyboard,14,112.22,120.24,8.02,https://youtu.be/BbGnbTIz7_s?t=112s,add_dye_color,process,1,0.5,A dye chip added to the melted wax in the pitcher.,sColour on my piate,1,0.0,0.073,0.175,0.685,0.145,"#d9d9d5,#b1a89a,#755c3f",1,,
BbGnbTIz7_s,https://www.youtube.com/watch?v=BbGnbTIz7_s,Ombre 5 layers gradient candle tutorial | Step by step | Advanced candle making | POV (no talking),505.0,storyboard,15,120.24,128.25,8.01,https://youtu.be/BbGnbTIz7_s?t=120s,add_dye_color,process,1,0.5,Making a gauge/start colour in the pitcher.,,0,0.0,0.003,0.0,0.595,0.136,"#c0c0b6,#5c422e,#927b5b",1,,
BbGnbTIz7_s,https://www.youtube.com/watch?v=BbGnbTIz7_s,Ombre 5 layers gradient candle tutorial | Step by step | Advanced candle making | POV (no talking),505.0,storyboard,16,128.25,136.27,8.02,https://youtu.be/BbGnbTIz7_s?t=128s,add_dye_color,process,1,0.5,Testing a colour drop on a plate.,,0,0.0,0.038,0.085,0.599,0.136,"#d4d2ca,#5a3229,#a39889",1,,
BbGnbTIz7_s,https://www.youtube.com/watch?v=BbGnbTIz7_s,Ombre 5 layers gradient candle tutorial | Step by step | Advanced candle making | POV (no talking),505.0,storyboard,17,136.27,144.29,8.02,https://youtu.be/BbGnbTIz7_s?t=136s,add_dye_color,process,1,0.5,Adding a small dye chip with a spoon.,1 Try 4 iJ 9 4,1,0.0,0.034,0.123,0.622,0.127,"#d1d0c8,#5f372e,#a3978a",1,,
BbGnbTIz7_s,https://www.youtube.com/watch?v=BbGnbTIz7_s,Ombre 5 layers gradient candle tutorial | Step by step | Advanced candle making | POV (no talking),505.0,storyboard,18,144.29,152.3,8.01,https://youtu.be/BbGnbTIz7_s?t=144s,add_dye_color,process,1,0.5,Testing the colour.,yy,0,0.0,0.017,0.119,0.618,0.141,"#baa389,#d5d2c9,#522925",1,,
BbGnbTIz7_s,https://www.youtube.com/watch?v=BbGnbTIz7_s,Ombre 5 layers gradient candle tutorial | Step by step | Advanced candle making | POV (no talking),505.0,storyboard,19,152.3,160.32,8.02,https://youtu.be/BbGnbTIz7_s?t=152s,add_dye_color,process,1,0.5,Spoon colour test.,,0,0.0,0.031,0.0,0.61,0.133,"#d5d1c7,#b5a389,#5f362d",1,,
BbGnbTIz7_s,https://www.youtube.com/watch?v=BbGnbTIz7_s,Ombre 5 layers gradient candle tutorial | Step by step | Advanced candle making | POV (no talking),505.0,storyboard,20,160.32,168.33,8.01,https://youtu.be/BbGnbTIz7_s?t=160s,pour_wax,assemble,1,0.5,Pouring the next layer; caption.,To bee CEDOUP TRE ext ayer NBOQ ine wax In alice gel text ut NO Wax reESIGHe Ih YOU pt IaVvor le MM pEtentOresar oun:,1,0.0,0.063,0.239,0.632,0.135,"#dddad0,#bba592,#322f30",1,,
BbGnbTIz7_s,https://www.youtube.com/watch?v=BbGnbTIz7_s,Ombre 5 layers gradient candle tutorial | Step by step | Advanced candle making | POV (no talking),505.0,storyboard,21,168.33,176.35,8.02,https://youtu.be/BbGnbTIz7_s?t=168s,cure_cool,assemble,1,0.45,Mould with the first layer; 'not ready yet'.,,0,0.0,0.01,0.059,0.655,0.189,"#c9c2b4,#ab9486,#aa6f46",1,,description references on-screen text but OCR found none
BbGnbTIz7_s,https://www.youtube.com/watch?v=BbGnbTIz7_s,Ombre 5 layers gradient candle tutorial | Step by step | Advanced candle making | POV (no talking),505.0,storyboard,22,176.35,184.37,8.02,https://youtu.be/BbGnbTIz7_s?t=176s,cure_cool,assemble,1,0.45,Cube mould with a layer; 'not ready yet'.,4 NOt feadly vet,1,0.0,0.024,0.0,0.671,0.176,"#c4beb3,#b48b57,#865d57",1,,
BbGnbTIz7_s,https://www.youtube.com/watch?v=BbGnbTIz7_s,Ombre 5 layers gradient candle tutorial | Step by step | Advanced candle making | POV (no talking),505.0,storyboard,23,184.37,192.38,8.01,https://youtu.be/BbGnbTIz7_s?t=184s,cure_cool,assemble,1,0.45,Checking/pouring the layer.,,0,0.0,0.005,0.039,0.657,0.146,"#b1a498,#cac7bb,#9f7c5c",1,,
BbGnbTIz7_s,https://www.youtube.com/watch?v=BbGnbTIz7_s,Ombre 5 layers gradient candle tutorial | Step by step | Advanced candle making | POV (no talking),505.0,storyboard,24,192.38,200.4,8.02,https://youtu.be/BbGnbTIz7_s?t=192s,cure_cool,assemble,1,0.45,Mould layer; 'almost'.,,0,0.0,0.014,0.2,0.645,0.136,"#c4c3ba,#9d8c7f,#443431",1,,description references on-screen text but OCR found none
BbGnbTIz7_s,https://www.youtube.com/watch?v=BbGnbTIz7_s,Ombre 5 layers gradient candle tutorial | Step by step | Advanced candle making | POV (no talking),505.0,storyboard,25,200.4,208.41,8.01,https://youtu.be/BbGnbTIz7_s?t=200s,pour_wax,assemble,1,0.5,Pouring; 'time to do the next layer'.,io Es ii,1,0.0,0.033,0.037,0.625,0.104,"#c8c6be,#9e8f81,#493431",1,,
BbGnbTIz7_s,https://www.youtube.com/watch?v=BbGnbTIz7_s,Ombre 5 layers gradient candle tutorial | Step by step | Advanced candle making | POV (no talking),505.0,storyboard,26,208.41,216.43,8.02,https://youtu.be/BbGnbTIz7_s?t=208s,pour_wax,assemble,1,0.5,Dye chip added to the pitcher.,,0,0.0,0.017,0.0,0.627,0.151,"#c4c3bb,#ad8370,#472e2a",1,,
BbGnbTIz7_s,https://www.youtube.com/watch?v=BbGnbTIz7_s,Ombre 5 layers gradient candle tutorial | Step by step | Advanced candle making | POV (no talking),505.0,storyboard,27,216.43,224.44,8.01,https://youtu.be/BbGnbTIz7_s?t=216s,pour_wax,assemble,1,0.55,'LAYER 2 - lightly coloured'; pouring layer 2.,LAYER 2 LICHTLY COLOURED CX,1,0.0,0.04,0.208,0.625,0.08,"#c7c4bd,#4f3a34,#a2978b",1,,
BbGnbTIz7_s,https://www.youtube.com/watch?v=BbGnbTIz7_s,Ombre 5 layers gradient candle tutorial | Step by step | Advanced candle making | POV (no talking),505.0,storyboard,28,224.44,232.46,8.02,https://youtu.be/BbGnbTIz7_s?t=224s,pour_wax,assemble,1,0.5,Pouring the second layer slowly.,Pour slowly until you reach the end Of the second layer 4 hs il nn,1,0.0,0.089,0.069,0.668,0.13,"#cdccc5,#a98774,#5f4844",1,,
BbGnbTIz7_s,https://www.youtube.com/watch?v=BbGnbTIz7_s,Ombre 5 layers gradient candle tutorial | Step by step | Advanced candle making | POV (no talking),505.0,storyboard,29,232.46,240.48,8.02,https://youtu.be/BbGnbTIz7_s?t=232s,pour_wax,assemble,1,0.5,Pouring the second layer.,Dee.,0,0.0,0.044,0.0,0.63,0.144,"#c5c3bc,#a57f6e,#473d3d",1,,
BbGnbTIz7_s,https://www.youtube.com/watch?v=BbGnbTIz7_s,Ombre 5 layers gradient candle tutorial | Step by step | Advanced candle making | POV (no talking),505.0,storyboard,30,240.48,248.49,8.01,https://youtu.be/BbGnbTIz7_s?t=240s,pour_wax,assemble,1,0.45,'Gently tap the mould to release bubbles'.,ae 4 ently tap the mold to releasaeain DUBBIEs We. fi Ne aa of vin.,1,0.0,0.05,0.185,0.619,0.103,"#cdcbc4,#a78d80,#4e3e3b",1,,
BbGnbTIz7_s,https://www.youtube.com/watch?v=BbGnbTIz7_s,Ombre 5 layers gradient candle tutorial | Step by step | Advanced candle making | POV (no talking),505.0,storyboard,32,256.51,264.52,8.01,https://youtu.be/BbGnbTIz7_s?t=257s,add_dye_color,process,1,0.5,Adding more chips to the pitcher.,14 1 ae ae Add alittle more.chips to tie meltied wa fe orepare ihe tna ayel,1,0.0,0.054,0.173,0.65,0.095,"#b0b9b9,#d8dcde,#6a5d5b",1,,
BbGnbTIz7_s,https://www.youtube.com/watch?v=BbGnbTIz7_s,Ombre 5 layers gradient candle tutorial | Step by step | Advanced candle making | POV (no talking),505.0,storyboard,34,272.54,280.56,8.02,https://youtu.be/BbGnbTIz7_s?t=273s,add_dye_color,process,1,0.5,Darker wax in the pitcher.,4,0,0.0,0.033,0.061,0.624,0.099,"#b7c7c9,#8f9090,#3f2d2e",1,,
BbGnbTIz7_s,https://www.youtube.com/watch?v=BbGnbTIz7_s,Ombre 5 layers gradient candle tutorial | Step by step | Advanced candle making | POV (no talking),505.0,storyboard,35,280.56,288.57,8.01,https://youtu.be/BbGnbTIz7_s?t=281s,add_dye_color,process,1,0.5,Testing the dye drop.,wy,0,0.0,0.024,0.098,0.595,0.103,"#b6c3c4,#8b8280,#473c3e",1,,
BbGnbTIz7_s,https://www.youtube.com/watch?v=BbGnbTIz7_s,Ombre 5 layers gradient candle tutorial | Step by step | Advanced candle making | POV (no talking),505.0,storyboard,37,296.59,304.6,8.01,https://youtu.be/BbGnbTIz7_s?t=297s,pour_wax,assemble,1,0.5,Pouring the third layer.,af ae,0,0.0,0.073,0.145,0.693,0.101,"#b6b5af,#dfe1dc,#624241",1,,
BbGnbTIz7_s,https://www.youtube.com/watch?v=BbGnbTIz7_s,Ombre 5 layers gradient candle tutorial | Step by step | Advanced candle making | POV (no talking),505.0,storyboard,38,304.6,312.62,8.02,https://youtu.be/BbGnbTIz7_s?t=305s,cure_cool,assemble,1,0.45,Mould with three layers.,,0,0.0,0.004,0.084,0.665,0.082,"#c4c4bd,#928881,#582528",1,,
BbGnbTIz7_s,https://www.youtube.com/watch?v=BbGnbTIz7_s,Ombre 5 layers gradient candle tutorial | Step by step | Advanced candle making | POV (no talking),505.0,storyboard,39,312.62,320.63,8.01,https://youtu.be/BbGnbTIz7_s?t=313s,cure_cool,assemble,1,0.45,Mould; caption about texture.,Yow ywant faded effect but make sure Bacon layeris darker than the previous one,1,0.0,0.064,0.114,0.698,0.076,"#cfccc5,#9f9089,#4d292c",1,,
BbGnbTIz7_s,https://www.youtube.com/watch?v=BbGnbTIz7_s,Ombre 5 layers gradient candle tutorial | Step by step | Advanced candle making | POV (no talking),505.0,storyboard,41,328.65,336.67,8.02,https://youtu.be/BbGnbTIz7_s?t=329s,cure_cool,assemble,1,0.45,Mould; 'repetitive process'.,gy oe meal ntience yi,1,0.0,0.051,0.172,0.668,0.08,"#cecbc4,#9a8781,#362c2b",1,,
BbGnbTIz7_s,https://www.youtube.com/watch?v=BbGnbTIz7_s,Ombre 5 layers gradient candle tutorial | Step by step | Advanced candle making | POV (no talking),505.0,storyboard,42,336.67,344.68,8.01,https://youtu.be/BbGnbTIz7_s?t=337s,cure_cool,assemble,1,0.5,Thermometer in the wax; mould.,Because oF ine quantity of wax manipulaticr You nave more nsk of air bubsles SE ae.,1,0.0,0.044,0.082,0.703,0.064,"#d3d2cb,#a29894,#62403d",1,,
BbGnbTIz7_s,https://www.youtube.com/watch?v=BbGnbTIz7_s,Ombre 5 layers gradient candle tutorial | Step by step | Advanced candle making | POV (no talking),505.0,storyboard,44,352.7,360.71,8.01,https://youtu.be/BbGnbTIz7_s?t=353s,pour_wax,assemble,1,0.5,Colour/pour the next layer.,,0,0.0,0.044,0.229,0.657,0.144,"#dbd5ca,#824940,#c09883",1,,
BbGnbTIz7_s,https://www.youtube.com/watch?v=BbGnbTIz7_s,Ombre 5 layers gradient candle tutorial | Step by step | Advanced candle making | POV (no talking),505.0,storyboard,45,360.71,368.73,8.02,https://youtu.be/BbGnbTIz7_s?t=361s,pour_wax,assemble,1,0.5,Spoon test on the mould.,,0,0.0,0.01,0.212,0.635,0.145,"#c6c5bd,#a18880,#533737",1,,
BbGnbTIz7_s,https://www.youtube.com/watch?v=BbGnbTIz7_s,Ombre 5 layers gradient candle tutorial | Step by step | Advanced candle making | POV (no talking),505.0,storyboard,46,368.73,376.75,8.02,https://youtu.be/BbGnbTIz7_s?t=369s,pour_wax,assemble,1,0.55,'LAYER 4 - dark colour'; pouring.,7,0,0.0,0.032,0.121,0.637,0.109,"#c8c4bb,#ab8c7d,#4f3c3b",1,,description references on-screen text but OCR found none
BbGnbTIz7_s,https://www.youtube.com/watch?v=BbGnbTIz7_s,Ombre 5 layers gradient candle tutorial | Step by step | Advanced candle making | POV (no talking),505.0,storyboard,48,384.76,392.78,8.02,https://youtu.be/BbGnbTIz7_s?t=385s,cure_cool,assemble,1,0.45,Dark layer in the mould.,al OE lis Moragvance Soy ner Nave argon nowladoe of your was,1,0.0,0.022,0.059,0.684,0.051,"#c9c7c1,#8b7972,#32161a",1,,
BbGnbTIz7_s,https://www.youtube.com/watch?v=BbGnbTIz7_s,Ombre 5 layers gradient candle tutorial | Step by step | Advanced candle making | POV (no talking),505.0,storyboard,49,392.78,400.79,8.01,https://youtu.be/BbGnbTIz7_s?t=393s,pour_wax,assemble,1,0.5,Pour the last layer; 'saturate the colour'.,"2 wr, LO Oe 7",1,0.0,0.056,0.08,0.695,0.08,"#d1cec8,#a69d97,#40272b",1,,
BbGnbTIz7_s,https://www.youtube.com/watch?v=BbGnbTIz7_s,Ombre 5 layers gradient candle tutorial | Step by step | Advanced candle making | POV (no talking),505.0,storyboard,50,400.79,408.81,8.02,https://youtu.be/BbGnbTIz7_s?t=401s,pour_wax,assemble,1,0.5,Pouring the dark saturated layer.,,0,0.0,0.012,0.0,0.627,0.086,"#c7c5be,#4e2d2c,#a0948f",1,,
BbGnbTIz7_s,https://www.youtube.com/watch?v=BbGnbTIz7_s,Ombre 5 layers gradient candle tutorial | Step by step | Advanced candle making | POV (no talking),505.0,storyboard,51,408.81,416.83,8.02,https://youtu.be/BbGnbTIz7_s?t=409s,pour_wax,assemble,1,0.5,Thermometer reading; mould.,sl ie Ora Ge fy,1,0.0,0.027,0.243,0.617,0.1,"#cbc5bb,#a48574,#262326",1,,
BbGnbTIz7_s,https://www.youtube.com/watch?v=BbGnbTIz7_s,Ombre 5 layers gradient candle tutorial | Step by step | Advanced candle making | POV (no talking),505.0,storyboard,52,416.83,424.84,8.01,https://youtu.be/BbGnbTIz7_s?t=417s,pour_wax,assemble,1,0.45,Heat gun over the mould top; pouring.,6.,0,0.0,0.03,0.147,0.622,0.126,"#cecbc2,#9e8a85,#373b46",1,,
BbGnbTIz7_s,https://www.youtube.com/watch?v=BbGnbTIz7_s,Ombre 5 layers gradient candle tutorial | Step by step | Advanced candle making | POV (no talking),505.0,storyboard,53,424.84,432.86,8.02,https://youtu.be/BbGnbTIz7_s?t=425s,pour_wax,assemble,1,0.55,'LAYER 5 - saturated colour'; heat gun.,1 LAYER S&S SATURATED COLOUR 1 IN,1,0.0,0.045,0.108,0.614,0.082,"#cec8bf,#93807b,#39292c",1,,
BbGnbTIz7_s,https://www.youtube.com/watch?v=BbGnbTIz7_s,Ombre 5 layers gradient candle tutorial | Step by step | Advanced candle making | POV (no talking),505.0,storyboard,54,432.86,440.87,8.01,https://youtu.be/BbGnbTIz7_s?t=433s,decorate_finish,finish,1,0.5,Demoulding the cube candle from the silicone.,,0,0.0,0.017,0.0,0.666,0.14,"#d2d2cb,#bd9d8c,#8c5a51",1,,
BbGnbTIz7_s,https://www.youtube.com/watch?v=BbGnbTIz7_s,Ombre 5 layers gradient candle tutorial | Step by step | Advanced candle making | POV (no talking),505.0,storyboard,55,440.87,448.89,8.02,https://youtu.be/BbGnbTIz7_s?t=441s,decorate_finish,finish,1,0.5,Peeling the silicone mould off the cube.,,0,0.0,0.014,0.197,0.664,0.146,"#d1cac4,#bd9b88,#985e4c",1,,
BbGnbTIz7_s,https://www.youtube.com/watch?v=BbGnbTIz7_s,Ombre 5 layers gradient candle tutorial | Step by step | Advanced candle making | POV (no talking),505.0,storyboard,56,448.89,456.9,8.01,https://youtu.be/BbGnbTIz7_s?t=449s,decorate_finish,finish,1,0.5,Releasing the ombre cube candle.,"Uy Uy VA Al, AF 7. MS",1,0.0,0.021,0.13,0.67,0.137,"#bf9f8f,#d7d4cd,#8b5a4f",1,,
BbGnbTIz7_s,https://www.youtube.com/watch?v=BbGnbTIz7_s,Ombre 5 layers gradient candle tutorial | Step by step | Advanced candle making | POV (no talking),505.0,storyboard,57,456.9,464.92,8.02,https://youtu.be/BbGnbTIz7_s?t=457s,reveal_result,finish,1,0.6,'Ta-Daaa!'; holding the finished ombre cube candle.,as gv. 8 Pca ae,1,0.0,0.022,0.0,0.67,0.131,"#d2d0ca,#ba9c8a,#8e6256",1,,
BbGnbTIz7_s,https://www.youtube.com/watch?v=BbGnbTIz7_s,Ombre 5 layers gradient candle tutorial | Step by step | Advanced candle making | POV (no talking),505.0,storyboard,58,464.92,472.94,8.02,https://youtu.be/BbGnbTIz7_s?t=465s,reveal_result,finish,1,0.6,The finished white-to-brown ombre cube candle.,ot ae mh /ATCH VIDERS ae AN 2 2 SCKT VIDOO HER SEAT VOLO HIRE ay wig 7 2 iy iitt oF me OV LC ASC SUBSCRIUE andi See,1,0.0,0.088,0.22,0.734,0.104,"#efebe6,#c5b6a9,#7a6654",1,,
BskHsZWNhRw,https://www.youtube.com/watch?v=BskHsZWNhRw,DIY WATER CANDLES // Easy DIY CANDLES AT HOME,300.0,storyboard,0,0.0,7.89,7.89,https://youtu.be/BskHsZWNhRw?t=0s,prepare_container,prep,1,0.4,Pink-themed overhead; a round glass vessel readied for a decorative water/gel candle.,,0,0.0,0.017,0.056,0.674,0.085,"#d9ced8,#9f9484,#655743",1,,
BskHsZWNhRw,https://www.youtube.com/watch?v=BskHsZWNhRw,DIY WATER CANDLES // Easy DIY CANDLES AT HOME,300.0,storyboard,1,7.89,15.79,7.9,https://youtu.be/BskHsZWNhRw?t=8s,gather_materials,prep,1,0.4,Dried flowers and decorative elements gathered.,,0,0.0,0.011,0.045,0.682,0.091,"#d9ced8,#958c79,#6a5744",1,,
BskHsZWNhRw,https://www.youtube.com/watch?v=BskHsZWNhRw,DIY WATER CANDLES // Easy DIY CANDLES AT HOME,300.0,storyboard,2,15.79,23.68,7.89,https://youtu.be/BskHsZWNhRw?t=16s,decorate_finish,finish,1,0.4,Flowers/decor placed into the round glass.,,0,0.0,0.012,0.039,0.678,0.097,"#d9ced9,#9e907d,#6f5e48",1,,
BskHsZWNhRw,https://www.youtube.com/watch?v=BskHsZWNhRw,DIY WATER CANDLES // Easy DIY CANDLES AT HOME,300.0,storyboard,3,23.68,31.58,7.9,https://youtu.be/BskHsZWNhRw?t=24s,decorate_finish,finish,1,0.4,Pink wax/gel added into the glass.,St Pal 2,1,0.0,0.012,0.038,0.671,0.094,"#d9ced9,#958a79,#6a5744",1,,
BskHsZWNhRw,https://www.youtube.com/watch?v=BskHsZWNhRw,DIY WATER CANDLES // Easy DIY CANDLES AT HOME,300.0,storyboard,4,31.58,39.47,7.89,https://youtu.be/BskHsZWNhRw?t=32s,decorate_finish,finish,1,0.4,Arranging flowers and glitter in the glass.,so bss Pare pe ne POPS RN,1,0.0,0.026,0.061,0.656,0.107,"#dacdd8,#a08775,#715742",1,,
BskHsZWNhRw,https://www.youtube.com/watch?v=BskHsZWNhRw,DIY WATER CANDLES // Easy DIY CANDLES AT HOME,300.0,storyboard,5,39.47,47.37,7.9,https://youtu.be/BskHsZWNhRw?t=39s,add_dye_color,process,1,0.4,Pink colour worked into the gel.,Ss Fg ff aed 4 rh 332 7 ee es we an ine 4 es be at,1,0.0,0.024,0.056,0.666,0.088,"#d9ced9,#908c8b,#62584d",1,,
BskHsZWNhRw,https://www.youtube.com/watch?v=BskHsZWNhRw,DIY WATER CANDLES // Easy DIY CANDLES AT HOME,300.0,storyboard,6,47.37,55.26,7.89,https://youtu.be/BskHsZWNhRw?t=47s,pour_wax,assemble,1,0.4,More pink gel poured into the vessel.,"fy, ee 7 et",1,0.0,0.018,0.033,0.669,0.082,"#d7cdd8,#8f8283,#665a54",1,,
BskHsZWNhRw,https://www.youtube.com/watch?v=BskHsZWNhRw,DIY WATER CANDLES // Easy DIY CANDLES AT HOME,300.0,storyboard,7,55.26,63.16,7.9,https://youtu.be/BskHsZWNhRw?t=55s,pour_wax,assemble,1,0.4,Embedding glitter and petals.,is 4 ae Ler bas an yA ae,1,0.0,0.02,0.054,0.684,0.085,"#daced8,#a99d95,#716053",1,,
BskHsZWNhRw,https://www.youtube.com/watch?v=BskHsZWNhRw,DIY WATER CANDLES // Easy DIY CANDLES AT HOME,300.0,storyboard,8,63.16,71.05,7.89,https://youtu.be/BskHsZWNhRw?t=63s,pour_wax,assemble,1,0.4,Pink gel poured into the round glass.,ps Ss. fi Fn ae ne,1,0.0,0.037,0.037,0.683,0.078,"#d8cdd8,#a0998b,#6f5e4c",1,,
BskHsZWNhRw,https://www.youtube.com/watch?v=BskHsZWNhRw,DIY WATER CANDLES // Easy DIY CANDLES AT HOME,300.0,storyboard,9,71.05,78.95,7.9,https://youtu.be/BskHsZWNhRw?t=71s,pour_wax,assemble,1,0.4,The glass fills with pink gel.,"Pee awe CF es ey ere! weed Re ow, eo",1,0.0,0.045,0.031,0.674,0.074,"#d9ced9,#64574c,#989393",1,,
BskHsZWNhRw,https://www.youtube.com/watch?v=BskHsZWNhRw,DIY WATER CANDLES // Easy DIY CANDLES AT HOME,300.0,storyboard,10,78.95,86.84,7.89,https://youtu.be/BskHsZWNhRw?t=79s,pour_wax,assemble,1,0.4,Adding decorations to the gel.,7 Oe aie sy 4 he ee ee eS lal hes,1,0.0,0.036,0.027,0.662,0.088,"#d9ced9,#624a48,#958f92",1,,
BskHsZWNhRw,https://www.youtube.com/watch?v=BskHsZWNhRw,DIY WATER CANDLES // Easy DIY CANDLES AT HOME,300.0,storyboard,11,86.84,94.74,7.9,https://youtu.be/BskHsZWNhRw?t=87s,pour_wax,assemble,1,0.4,Continued pink gel pour.,"27 nt, 4 ee 432 ia Se oS Be it 5",1,0.0,0.038,0.021,0.659,0.099,"#d9ced9,#61434e,#998e89",1,,
BskHsZWNhRw,https://www.youtube.com/watch?v=BskHsZWNhRw,DIY WATER CANDLES // Easy DIY CANDLES AT HOME,300.0,storyboard,12,94.74,102.63,7.89,https://youtu.be/BskHsZWNhRw?t=95s,pour_wax,assemble,1,0.4,Building the pink gel candle.,KGa ths ee 2 ex Se 3 Pars Ss,1,0.0,0.041,0.048,0.642,0.104,"#d8cdd8,#603a4c,#8b7573",1,,
BskHsZWNhRw,https://www.youtube.com/watch?v=BskHsZWNhRw,DIY WATER CANDLES // Easy DIY CANDLES AT HOME,300.0,storyboard,13,102.63,110.53,7.9,https://youtu.be/BskHsZWNhRw?t=103s,pour_wax,assemble,1,0.4,Arranging embedded decor.,oe 2 2 sf te an? fa,1,0.0,0.017,0.03,0.652,0.1,"#daceda,#674559,#a3989c",1,,
BskHsZWNhRw,https://www.youtube.com/watch?v=BskHsZWNhRw,DIY WATER CANDLES // Easy DIY CANDLES AT HOME,300.0,storyboard,14,110.53,118.42,7.89,https://youtu.be/BskHsZWNhRw?t=111s,pour_wax,assemble,1,0.4,More gel poured.,Ge,0,0.333,0.023,0.091,0.662,0.112,"#daccd8,#a27e7a,#2b1e1f",1,,
BskHsZWNhRw,https://www.youtube.com/watch?v=BskHsZWNhRw,DIY WATER CANDLES // Easy DIY CANDLES AT HOME,300.0,storyboard,15,118.42,126.32,7.9,https://youtu.be/BskHsZWNhRw?t=118s,pour_wax,assemble,1,0.4,Filling the round glass.,rom,0,0.333,0.037,0.038,0.669,0.129,"#d9ccd5,#a3796d,#52362a",1,,
BskHsZWNhRw,https://www.youtube.com/watch?v=BskHsZWNhRw,DIY WATER CANDLES // Easy DIY CANDLES AT HOME,300.0,storyboard,16,126.32,134.21,7.89,https://youtu.be/BskHsZWNhRw?t=126s,add_dye_color,process,1,0.4,Deeper pink/red colour added.,rR Fr 4 iy Br Rey ee,1,0.333,0.035,0.083,0.671,0.13,"#d8ccd6,#9f7867,#48352c",1,,
BskHsZWNhRw,https://www.youtube.com/watch?v=BskHsZWNhRw,DIY WATER CANDLES // Easy DIY CANDLES AT HOME,300.0,storyboard,17,134.21,142.11,7.9,https://youtu.be/BskHsZWNhRw?t=134s,decorate_finish,finish,1,0.4,Final decor placed in the pink candle.,be,0,0.0,0.023,0.046,0.643,0.098,"#d5cbd4,#846b68,#301c1a",1,,
BskHsZWNhRw,https://www.youtube.com/watch?v=BskHsZWNhRw,DIY WATER CANDLES // Easy DIY CANDLES AT HOME,300.0,storyboard,18,142.11,150.0,7.89,https://youtu.be/BskHsZWNhRw?t=142s,pour_wax,assemble,1,0.4,Top gel layer poured.,,0,0.0,0.015,0.046,0.639,0.094,"#d6ccd4,#383033,#93767a",1,,
BskHsZWNhRw,https://www.youtube.com/watch?v=BskHsZWNhRw,DIY WATER CANDLES // Easy DIY CANDLES AT HOME,300.0,storyboard,19,150.0,157.89,7.89,https://youtu.be/BskHsZWNhRw?t=150s,pour_wax,assemble,1,0.4,Finishing the pink gel fill.,hu ae Dok,1,0.0,0.019,0.065,0.653,0.093,"#dacfd8,#60474d,#999394",1,,
BskHsZWNhRw,https://www.youtube.com/watch?v=BskHsZWNhRw,DIY WATER CANDLES // Easy DIY CANDLES AT HOME,300.0,storyboard,20,157.89,165.79,7.9,https://youtu.be/BskHsZWNhRw?t=158s,pour_wax,assemble,1,0.4,Adjusting the embedded flowers.,SS,0,0.0,0.022,0.019,0.655,0.096,"#d9ced7,#65454b,#9f9490",1,,
BskHsZWNhRw,https://www.youtube.com/watch?v=BskHsZWNhRw,DIY WATER CANDLES // Easy DIY CANDLES AT HOME,300.0,storyboard,21,165.79,173.68,7.89,https://youtu.be/BskHsZWNhRw?t=166s,pour_wax,assemble,1,0.4,Topping off the pink candle.,Sh ye pS we 2 oe:,1,0.0,0.019,0.076,0.637,0.131,"#d9cdd7,#986071,#652e41",1,,
BskHsZWNhRw,https://www.youtube.com/watch?v=BskHsZWNhRw,DIY WATER CANDLES // Easy DIY CANDLES AT HOME,300.0,storyboard,22,173.68,181.58,7.9,https://youtu.be/BskHsZWNhRw?t=174s,pour_wax,assemble,1,0.4,Completing the pink gel candle.,pe oa wy ie,1,0.0,0.033,0.055,0.648,0.129,"#d9ced8,#654140,#99846d",1,,
BskHsZWNhRw,https://www.youtube.com/watch?v=BskHsZWNhRw,DIY WATER CANDLES // Easy DIY CANDLES AT HOME,300.0,storyboard,23,181.58,189.47,7.89,https://youtu.be/BskHsZWNhRw?t=182s,reveal_result,finish,1,0.45,The finished pink flower gel candle shown.,ry,0,0.0,0.027,0.071,0.655,0.129,"#d9cfd7,#602d45,#8f7d74",1,,
BskHsZWNhRw,https://www.youtube.com/watch?v=BskHsZWNhRw,DIY WATER CANDLES // Easy DIY CANDLES AT HOME,300.0,storyboard,24,189.47,197.37,7.9,https://youtu.be/BskHsZWNhRw?t=189s,reveal_result,finish,1,0.45,Pink round candle with embedded flowers.,be Se,0,0.0,0.023,0.055,0.642,0.139,"#d9cfd7,#8a7570,#59293f",1,,
BskHsZWNhRw,https://www.youtube.com/watch?v=BskHsZWNhRw,DIY WATER CANDLES // Easy DIY CANDLES AT HOME,300.0,storyboard,25,197.37,205.26,7.89,https://youtu.be/BskHsZWNhRw?t=197s,prepare_container,prep,1,0.4,A clear round glass readied for a second (purple) candle.,an La Yd fe 4 tt eT NS ee 7. ee 2 rey tf se Sam Faxiss eee Sees OS pee eS VR ere eee,1,0.0,0.022,0.033,0.557,0.066,"#8d8f93,#616360,#b6b3a5",1,,
BskHsZWNhRw,https://www.youtube.com/watch?v=BskHsZWNhRw,DIY WATER CANDLES // Easy DIY CANDLES AT HOME,300.0,storyboard,26,205.26,213.16,7.9,https://youtu.be/BskHsZWNhRw?t=205s,prepare_container,prep,1,0.4,Wick/clear gel base set in the glass.,Ss ae 7 ae ies RS,1,0.0,0.017,0.029,0.541,0.101,"#a6a39b,#878172,#564737",1,,
BskHsZWNhRw,https://www.youtube.com/watch?v=BskHsZWNhRw,DIY WATER CANDLES // Easy DIY CANDLES AT HOME,300.0,storyboard,27,213.16,221.05,7.89,https://youtu.be/BskHsZWNhRw?t=213s,set_wick,assemble,1,0.4,Positioning the wick in the clear glass.,2,0,0.0,0.023,0.062,0.558,0.099,"#aba8a0,#8b8580,#554b48",1,,
BskHsZWNhRw,https://www.youtube.com/watch?v=BskHsZWNhRw,DIY WATER CANDLES // Easy DIY CANDLES AT HOME,300.0,storyboard,28,221.05,228.95,7.9,https://youtu.be/BskHsZWNhRw?t=221s,pour_wax,assemble,1,0.45,Dark/purple gel poured into the glass.,ee By re tem ay 2 7 wae Wye,1,0.0,0.038,0.031,0.541,0.096,"#a8a7a0,#757b80,#3c3e40",1,,
BskHsZWNhRw,https://www.youtube.com/watch?v=BskHsZWNhRw,DIY WATER CANDLES // Easy DIY CANDLES AT HOME,300.0,storyboard,29,228.95,236.84,7.89,https://youtu.be/BskHsZWNhRw?t=229s,pour_wax,assemble,1,0.45,Purple gel fills the round vessel.,"aly fi aay ra, wig 7",1,0.0,0.05,0.021,0.532,0.082,"#898b8d,#b3b1a5,#4d4e4b",1,,
BskHsZWNhRw,https://www.youtube.com/watch?v=BskHsZWNhRw,DIY WATER CANDLES // Easy DIY CANDLES AT HOME,300.0,storyboard,30,236.84,244.74,7.9,https://youtu.be/BskHsZWNhRw?t=237s,pour_wax,assemble,1,0.4,Purple colour deepens in the gel.,ar 2 ge ie 5 Bes ig,1,0.0,0.044,0.096,0.509,0.1,"#a5a39e,#2c2527,#7c7871",1,,
BskHsZWNhRw,https://www.youtube.com/watch?v=BskHsZWNhRw,DIY WATER CANDLES // Easy DIY CANDLES AT HOME,300.0,storyboard,31,244.74,252.63,7.89,https://youtu.be/BskHsZWNhRw?t=245s,pour_wax,assemble,1,0.45,Topping the purple gel candle.,,0,0.0,0.027,0.063,0.519,0.11,"#989793,#362828,#c4bc9e",1,,
BskHsZWNhRw,https://www.youtube.com/watch?v=BskHsZWNhRw,DIY WATER CANDLES // Easy DIY CANDLES AT HOME,300.0,storyboard,32,252.63,260.53,7.9,https://youtu.be/BskHsZWNhRw?t=253s,cure_cool,assemble,1,0.4,Purple candle left to set.,was Je,0,0.0,0.042,0.1,0.499,0.107,"#a3a19c,#6b5b67,#301a2f",1,,
BskHsZWNhRw,https://www.youtube.com/watch?v=BskHsZWNhRw,DIY WATER CANDLES // Easy DIY CANDLES AT HOME,300.0,storyboard,33,260.53,268.42,7.89,https://youtu.be/BskHsZWNhRw?t=261s,reveal_result,finish,1,0.45,The finished purple gel candle shown.,,0,0.0,0.048,0.118,0.527,0.115,"#ada79a,#8a8588,#523e43",1,,
BskHsZWNhRw,https://www.youtube.com/watch?v=BskHsZWNhRw,DIY WATER CANDLES // Easy DIY CANDLES AT HOME,300.0,storyboard,34,268.42,276.32,7.9,https://youtu.be/BskHsZWNhRw?t=268s,reveal_result,finish,1,0.5,Purple candle shown lit.,eS,0,0.0,0.049,0.021,0.536,0.092,"#909293,#b6b2a0,#3a2f36",1,,
BskHsZWNhRw,https://www.youtube.com/watch?v=BskHsZWNhRw,DIY WATER CANDLES // Easy DIY CANDLES AT HOME,300.0,storyboard,35,276.32,284.21,7.89,https://youtu.be/BskHsZWNhRw?t=276s,reveal_result,finish,1,0.5,Lit purple candle close-up.,,0,0.0,0.031,0.087,0.512,0.094,"#969697,#443d49,#d5cca1",1,,
BskHsZWNhRw,https://www.youtube.com/watch?v=BskHsZWNhRw,DIY WATER CANDLES // Easy DIY CANDLES AT HOME,300.0,storyboard,36,284.21,292.11,7.9,https://youtu.be/BskHsZWNhRw?t=284s,reveal_result,finish,1,0.45,Finished candle beauty shot.,,0,0.0,0.024,0.192,0.622,0.084,"#a0a09b,#6d6b69,#372e37",1,,
CQ3SYeqOP8Y,https://www.youtube.com/watch?v=CQ3SYeqOP8Y,How to Make Rolled beeswax Candles,483.0,storyboard,6,48.3,56.35,8.05,https://youtu.be/CQ3SYeqOP8Y?t=48s,melt_wax,process,1,0.55,Green-gloved hand stirs melted yellow beeswax in a tin.,,0,0.0,0.053,0.225,0.507,0.174,"#677454,#43492c,#a9d7d5",1,,
CQ3SYeqOP8Y,https://www.youtube.com/watch?v=CQ3SYeqOP8Y,How to Make Rolled beeswax Candles,483.0,storyboard,7,56.35,64.4,8.05,https://youtu.be/CQ3SYeqOP8Y?t=56s,melt_wax,process,1,0.5,Melting beeswax in the tin.,7,0,0.0,0.028,0.0,0.468,0.156,"#7e7e5d,#4d4f35,#cfcecc",1,,
CQ3SYeqOP8Y,https://www.youtube.com/watch?v=CQ3SYeqOP8Y,How to Make Rolled beeswax Candles,483.0,storyboard,8,64.4,72.45,8.05,https://youtu.be/CQ3SYeqOP8Y?t=64s,melt_wax,process,1,0.5,Dipping into the melted beeswax.,vs. 4,0,0.0,0.073,0.188,0.472,0.112,"#3e422b,#b7bfc1,#7e8875",1,,
CQ3SYeqOP8Y,https://www.youtube.com/watch?v=CQ3SYeqOP8Y,How to Make Rolled beeswax Candles,483.0,storyboard,9,72.45,80.5,8.05,https://youtu.be/CQ3SYeqOP8Y?t=72s,gather_materials,prep,1,0.4,White work cloth/sheet.,,0,0.0,0.004,0.234,0.537,0.082,"#a19f9e,#725439,#391f13",1,,
CQ3SYeqOP8Y,https://www.youtube.com/watch?v=CQ3SYeqOP8Y,How to Make Rolled beeswax Candles,483.0,storyboard,10,80.5,88.55,8.05,https://youtu.be/CQ3SYeqOP8Y?t=80s,gather_materials,prep,1,0.45,Colour swatches (red/green/yellow) shown.,ree,0,0.0,0.04,0.0,0.601,0.225,"#b5b2b1,#a09a24,#624938",1,,
CQ3SYeqOP8Y,https://www.youtube.com/watch?v=CQ3SYeqOP8Y,How to Make Rolled beeswax Candles,483.0,storyboard,11,88.55,96.6,8.05,https://youtu.be/CQ3SYeqOP8Y?t=89s,prepare_container,prep,1,0.45,Yellow beeswax sheet and wick readied.,,0,0.0,0.027,0.081,0.599,0.25,"#b1b0b0,#a19a24,#695446",1,,
CQ3SYeqOP8Y,https://www.youtube.com/watch?v=CQ3SYeqOP8Y,How to Make Rolled beeswax Candles,483.0,storyboard,12,96.6,104.65,8.05,https://youtu.be/CQ3SYeqOP8Y?t=97s,decorate_finish,finish,1,0.5,Rolling/shaping a beeswax sheet to build the candle.,,0,0.0,0.005,0.05,0.594,0.231,"#b1afaf,#644b3b,#a29a24",1,,
CQ3SYeqOP8Y,https://www.youtube.com/watch?v=CQ3SYeqOP8Y,How to Make Rolled beeswax Candles,483.0,storyboard,13,104.65,112.7,8.05,https://youtu.be/CQ3SYeqOP8Y?t=105s,decorate_finish,finish,1,0.5,Rolling/shaping a beeswax sheet to build the candle.,,0,0.0,0.0,0.0,0.565,0.207,"#b2b0b0,#6f5747,#a19926",1,,
CQ3SYeqOP8Y,https://www.youtube.com/watch?v=CQ3SYeqOP8Y,How to Make Rolled beeswax Candles,483.0,storyboard,14,112.7,120.75,8.05,https://youtu.be/CQ3SYeqOP8Y?t=113s,decorate_finish,finish,1,0.5,Rolling/shaping a beeswax sheet to build the candle.,,0,0.0,0.001,0.116,0.572,0.196,"#b0aeae,#9d9626,#553b2c",1,,
CQ3SYeqOP8Y,https://www.youtube.com/watch?v=CQ3SYeqOP8Y,How to Make Rolled beeswax Candles,483.0,storyboard,15,120.75,128.8,8.05,https://youtu.be/CQ3SYeqOP8Y?t=121s,decorate_finish,finish,1,0.5,Rolling/shaping a beeswax sheet to build the candle.,,0,0.0,0.0,0.042,0.502,0.276,"#644835,#adaca6,#a69c21",1,,
CQ3SYeqOP8Y,https://www.youtube.com/watch?v=CQ3SYeqOP8Y,How to Make Rolled beeswax Candles,483.0,storyboard,16,128.8,136.85,8.05,https://youtu.be/CQ3SYeqOP8Y?t=129s,decorate_finish,finish,1,0.5,Rolling/shaping a beeswax sheet to build the candle.,yan,0,0.0,0.023,0.0,0.516,0.284,"#6f5647,#b2a927,#bebcb4",1,,
CQ3SYeqOP8Y,https://www.youtube.com/watch?v=CQ3SYeqOP8Y,How to Make Rolled beeswax Candles,483.0,storyboard,17,136.85,144.9,8.05,https://youtu.be/CQ3SYeqOP8Y?t=137s,decorate_finish,finish,1,0.5,Rolling/shaping a beeswax sheet to build the candle.,,0,0.0,0.021,0.133,0.557,0.296,"#644b3a,#a29e29,#a9acac",1,,
CQ3SYeqOP8Y,https://www.youtube.com/watch?v=CQ3SYeqOP8Y,How to Make Rolled beeswax Candles,483.0,storyboard,18,144.9,152.95,8.05,https://youtu.be/CQ3SYeqOP8Y?t=145s,decorate_finish,finish,1,0.5,Rolling/shaping a beeswax sheet to build the candle.,,0,0.0,0.003,0.164,0.516,0.256,"#999627,#a2a3a0,#59442c",1,,
CQ3SYeqOP8Y,https://www.youtube.com/watch?v=CQ3SYeqOP8Y,How to Make Rolled beeswax Candles,483.0,storyboard,19,152.95,161.0,8.05,https://youtu.be/CQ3SYeqOP8Y?t=153s,decorate_finish,finish,1,0.5,Rolling/shaping a beeswax sheet to build the candle.,,0,0.0,0.008,0.0,0.443,0.198,"#5e4a33,#938c50,#aeaead",1,,
CQ3SYeqOP8Y,https://www.youtube.com/watch?v=CQ3SYeqOP8Y,How to Make Rolled beeswax Candles,483.0,storyboard,20,161.0,169.05,8.05,https://youtu.be/CQ3SYeqOP8Y?t=161s,decorate_finish,finish,1,0.5,Rolling/shaping a beeswax sheet to build the candle.,,0,0.0,0.008,0.071,0.551,0.205,"#abacad,#6a4d3c,#948b24",1,,
CQ3SYeqOP8Y,https://www.youtube.com/watch?v=CQ3SYeqOP8Y,How to Make Rolled beeswax Candles,483.0,storyboard,21,169.05,177.1,8.05,https://youtu.be/CQ3SYeqOP8Y?t=169s,decorate_finish,finish,1,0.5,Rolling/shaping a beeswax sheet to build the candle.,,0,0.0,0.006,0.096,0.535,0.156,"#a6a9aa,#857b42,#422717",1,,
CQ3SYeqOP8Y,https://www.youtube.com/watch?v=CQ3SYeqOP8Y,How to Make Rolled beeswax Candles,483.0,storyboard,22,177.1,185.15,8.05,https://youtu.be/CQ3SYeqOP8Y?t=177s,decorate_finish,finish,1,0.5,Rolling/shaping a beeswax sheet to build the candle.,,0,0.0,0.0,0.0,0.529,0.164,"#a8aaac,#8b8349,#675232",1,,
CQ3SYeqOP8Y,https://www.youtube.com/watch?v=CQ3SYeqOP8Y,How to Make Rolled beeswax Candles,483.0,storyboard,23,185.15,193.2,8.05,https://youtu.be/CQ3SYeqOP8Y?t=185s,decorate_finish,finish,1,0.5,Rolling/shaping a beeswax sheet to build the candle.,,0,0.0,0.0,0.132,0.586,0.183,"#babdbe,#a29c4b,#4c4130",1,,
CQ3SYeqOP8Y,https://www.youtube.com/watch?v=CQ3SYeqOP8Y,How to Make Rolled beeswax Candles,483.0,storyboard,24,193.2,201.25,8.05,https://youtu.be/CQ3SYeqOP8Y?t=193s,decorate_finish,finish,1,0.5,Rolling/shaping a beeswax sheet to build the candle.,,0,0.0,0.024,0.104,0.513,0.121,"#a6a8aa,#5f4431,#817757",1,,
CQ3SYeqOP8Y,https://www.youtube.com/watch?v=CQ3SYeqOP8Y,How to Make Rolled beeswax Candles,483.0,storyboard,25,201.25,209.3,8.05,https://youtu.be/CQ3SYeqOP8Y?t=201s,decorate_finish,finish,1,0.5,Rolling/shaping a beeswax sheet to build the candle.,,0,0.0,0.0,0.0,0.569,0.147,"#adafb2,#918a55,#674d35",1,,
CQ3SYeqOP8Y,https://www.youtube.com/watch?v=CQ3SYeqOP8Y,How to Make Rolled beeswax Candles,483.0,storyboard,26,209.3,217.35,8.05,https://youtu.be/CQ3SYeqOP8Y?t=209s,decorate_finish,finish,1,0.5,Rolling/shaping a beeswax sheet to build the candle.,Py,0,0.0,0.055,0.122,0.573,0.132,"#8c7e70,#cbc6c5,#413c27",1,,
CQ3SYeqOP8Y,https://www.youtube.com/watch?v=CQ3SYeqOP8Y,How to Make Rolled beeswax Candles,483.0,storyboard,27,217.35,225.4,8.05,https://youtu.be/CQ3SYeqOP8Y?t=217s,decorate_finish,finish,1,0.5,Rolling/shaping a beeswax sheet to build the candle.,4,0,0.0,0.022,0.054,0.58,0.082,"#8e7f75,#c2c4c9,#3f3529",1,,
CQ3SYeqOP8Y,https://www.youtube.com/watch?v=CQ3SYeqOP8Y,How to Make Rolled beeswax Candles,483.0,storyboard,28,225.4,233.45,8.05,https://youtu.be/CQ3SYeqOP8Y?t=225s,decorate_finish,finish,1,0.5,Rolling/shaping a beeswax sheet to build the candle.,,0,0.0,0.016,0.0,0.56,0.078,"#86796e,#c5c7cb,#3e372a",1,,
CQ3SYeqOP8Y,https://www.youtube.com/watch?v=CQ3SYeqOP8Y,How to Make Rolled beeswax Candles,483.0,storyboard,29,233.45,241.5,8.05,https://youtu.be/CQ3SYeqOP8Y?t=233s,decorate_finish,finish,1,0.5,Rolling/shaping a beeswax sheet to build the candle.,,0,0.0,0.015,0.095,0.574,0.099,"#c6c9cc,#404422,#a19480",1,,
CQ3SYeqOP8Y,https://www.youtube.com/watch?v=CQ3SYeqOP8Y,How to Make Rolled beeswax Candles,483.0,storyboard,30,241.5,249.55,8.05,https://youtu.be/CQ3SYeqOP8Y?t=242s,decorate_finish,finish,1,0.5,Rolling/shaping a beeswax sheet to build the candle.,ea,0,0.0,0.026,0.122,0.566,0.103,"#c0bebe,#303217,#92765d",1,,
CQ3SYeqOP8Y,https://www.youtube.com/watch?v=CQ3SYeqOP8Y,How to Make Rolled beeswax Candles,483.0,storyboard,31,249.55,257.6,8.05,https://youtu.be/CQ3SYeqOP8Y?t=250s,decorate_finish,finish,1,0.5,Rolling/shaping a beeswax sheet to build the candle.,,0,0.0,0.023,0.0,0.607,0.107,"#cccbca,#3c451e,#a5916f",1,,
CQ3SYeqOP8Y,https://www.youtube.com/watch?v=CQ3SYeqOP8Y,How to Make Rolled beeswax Candles,483.0,storyboard,32,257.6,265.65,8.05,https://youtu.be/CQ3SYeqOP8Y?t=258s,decorate_finish,finish,1,0.5,Rolling/shaping a beeswax sheet to build the candle.,,0,0.0,0.007,0.102,0.57,0.126,"#cac5c3,#9d7e68,#3d381b",1,,
CQ3SYeqOP8Y,https://www.youtube.com/watch?v=CQ3SYeqOP8Y,How to Make Rolled beeswax Candles,483.0,storyboard,33,265.65,273.7,8.05,https://youtu.be/CQ3SYeqOP8Y?t=266s,decorate_finish,finish,1,0.5,Rolling/shaping a beeswax sheet to build the candle.,,0,0.0,0.03,0.116,0.587,0.133,"#cac8c7,#9e8066,#353617",1,,
CQ3SYeqOP8Y,https://www.youtube.com/watch?v=CQ3SYeqOP8Y,How to Make Rolled beeswax Candles,483.0,storyboard,34,273.7,281.75,8.05,https://youtu.be/CQ3SYeqOP8Y?t=274s,decorate_finish,finish,1,0.5,Rolling/shaping a beeswax sheet to build the candle.,,0,0.0,0.016,0.0,0.55,0.143,"#b1aead,#846b49,#322414",1,,
CQ3SYeqOP8Y,https://www.youtube.com/watch?v=CQ3SYeqOP8Y,How to Make Rolled beeswax Candles,483.0,storyboard,35,281.75,289.8,8.05,https://youtu.be/CQ3SYeqOP8Y?t=282s,decorate_finish,finish,1,0.5,Rolling/shaping a beeswax sheet to build the candle.,,0,0.0,0.009,0.128,0.561,0.135,"#b3afad,#877b48,#493c24",1,,
CQ3SYeqOP8Y,https://www.youtube.com/watch?v=CQ3SYeqOP8Y,How to Make Rolled beeswax Candles,483.0,storyboard,36,289.8,297.85,8.05,https://youtu.be/CQ3SYeqOP8Y?t=290s,decorate_finish,finish,1,0.5,Green rolled candle; heat gun and pink wax decor.,,0,0.0,0.0,0.201,0.517,0.187,"#bfb7b7,#aa6b65,#2b2520",1,,
CQ3SYeqOP8Y,https://www.youtube.com/watch?v=CQ3SYeqOP8Y,How to Make Rolled beeswax Candles,483.0,storyboard,37,297.85,305.9,8.05,https://youtu.be/CQ3SYeqOP8Y?t=298s,decorate_finish,finish,1,0.4,Pink/green beeswax sheets.,,0,0.0,0.0,0.0,0.633,0.249,"#c07992,#ccc6c9,#82682d",1,,
CQ3SYeqOP8Y,https://www.youtube.com/watch?v=CQ3SYeqOP8Y,How to Make Rolled beeswax Candles,483.0,storyboard,38,305.9,313.95,8.05,https://youtu.be/CQ3SYeqOP8Y?t=306s,decorate_finish,finish,1,0.5,Rolling/shaping a beeswax sheet to build the candle.,,0,0.0,0.009,0.082,0.507,0.191,"#9f756a,#c2babb,#5d372b",1,,
CQ3SYeqOP8Y,https://www.youtube.com/watch?v=CQ3SYeqOP8Y,How to Make Rolled beeswax Candles,483.0,storyboard,39,313.95,322.0,8.05,https://youtu.be/CQ3SYeqOP8Y?t=314s,decorate_finish,finish,1,0.5,Forming a beeswax flower decoration.,,0,0.0,0.02,0.042,0.477,0.172,"#885d5e,#a9aaac,#4d2d1d",1,,
CQ3SYeqOP8Y,https://www.youtube.com/watch?v=CQ3SYeqOP8Y,How to Make Rolled beeswax Candles,483.0,storyboard,40,322.0,330.05,8.05,https://youtu.be/CQ3SYeqOP8Y?t=322s,decorate_finish,finish,1,0.5,Attaching the flower to the rolled candle.,,0,0.0,0.066,0.0,0.567,0.199,"#a37673,#c3bfc0,#6b4230",1,,
CQ3SYeqOP8Y,https://www.youtube.com/watch?v=CQ3SYeqOP8Y,How to Make Rolled beeswax Candles,483.0,storyboard,41,330.05,338.1,8.05,https://youtu.be/CQ3SYeqOP8Y?t=330s,decorate_finish,finish,1,0.5,Pink flower and green leaves added to the candle.,cat,0,0.0,0.026,0.107,0.52,0.227,"#b8b5b1,#7a351b,#907250",1,,
CQ3SYeqOP8Y,https://www.youtube.com/watch?v=CQ3SYeqOP8Y,How to Make Rolled beeswax Candles,483.0,storyboard,42,338.1,346.15,8.05,https://youtu.be/CQ3SYeqOP8Y?t=338s,decorate_finish,finish,1,0.5,Making a green beeswax leaf.,,0,0.0,0.015,0.143,0.513,0.175,"#afadb0,#735d4a,#3a2c1c",1,,
CQ3SYeqOP8Y,https://www.youtube.com/watch?v=CQ3SYeqOP8Y,How to Make Rolled beeswax Candles,483.0,storyboard,45,362.25,370.3,8.05,https://youtu.be/CQ3SYeqOP8Y?t=362s,decorate_finish,finish,1,0.5,Decorating the candle with flowers.,,0,0.0,0.0,0.113,0.535,0.177,"#adaeb0,#957f40,#363117",1,,
CQ3SYeqOP8Y,https://www.youtube.com/watch?v=CQ3SYeqOP8Y,How to Make Rolled beeswax Candles,483.0,storyboard,46,370.3,378.35,8.05,https://youtu.be/CQ3SYeqOP8Y?t=370s,decorate_finish,finish,1,0.5,Yellow/green flower candle finished.,Ss,0,0.0,0.028,0.0,0.486,0.153,"#b3b5b5,#7f684e,#3d2a1b",1,,
CQ3SYeqOP8Y,https://www.youtube.com/watch?v=CQ3SYeqOP8Y,How to Make Rolled beeswax Candles,483.0,storyboard,47,378.35,386.4,8.05,https://youtu.be/CQ3SYeqOP8Y?t=378s,decorate_finish,finish,1,0.5,Adding a green leaf to the candle.,,0,0.0,0.015,0.137,0.49,0.159,"#9f9f9d,#7f653d,#2f2916",1,,
CQ3SYeqOP8Y,https://www.youtube.com/watch?v=CQ3SYeqOP8Y,How to Make Rolled beeswax Candles,483.0,storyboard,51,410.55,418.6,8.05,https://youtu.be/CQ3SYeqOP8Y?t=411s,reveal_result,finish,1,0.55,Host presents the finished flower candle.,Eb,0,0.0,0.117,0.024,0.606,0.074,"#c1c2c0,#8f8884,#534846",1,,
CQ3SYeqOP8Y,https://www.youtube.com/watch?v=CQ3SYeqOP8Y,How to Make Rolled beeswax Candles,483.0,storyboard,56,450.8,458.85,8.05,https://youtu.be/CQ3SYeqOP8Y?t=451s,reveal_result,finish,1,0.55,Host presents the finished flower candle.,ae,0,0.0,0.137,0.023,0.609,0.068,"#c0c1c1,#8e8683,#4b4241",1,,
CrJ9UE6Nihw,https://www.youtube.com/watch?v=CrJ9UE6Nihw,FULL & easy beginners guide to Candle Making,601.0,storyboard,5,40.07,48.08,8.01,https://youtu.be/CrJ9UE6Nihw?t=40s,gather_materials,prep,1,0.45,Star-pattern bowl and a wax bag.,on PF,0,0.0,0.034,0.091,0.496,0.04,"#ababac,#868484,#5f5955",1,,
CrJ9UE6Nihw,https://www.youtube.com/watch?v=CrJ9UE6Nihw,FULL & easy beginners guide to Candle Making,601.0,storyboard,6,48.08,56.09,8.01,https://youtu.be/CrJ9UE6Nihw?t=48s,measure_wax,prep,1,0.5,Hands with a clear bag of wax flakes.,,0,0.0,0.011,0.106,0.445,0.035,"#5e514c,#a4a3a6,#827d7c",1,,
CrJ9UE6Nihw,https://www.youtube.com/watch?v=CrJ9UE6Nihw,FULL & easy beginners guide to Candle Making,601.0,storyboard,7,56.09,64.11,8.02,https://youtu.be/CrJ9UE6Nihw?t=56s,measure_wax,prep,1,0.45,Hands with red dye/wax pieces.,,0,0.0,0.01,0.0,0.497,0.044,"#7f7a78,#a3a3a6,#5a4e4a",1,,
CrJ9UE6Nihw,https://www.youtube.com/watch?v=CrJ9UE6Nihw,FULL & easy beginners guide to Candle Making,601.0,storyboard,8,64.11,72.12,8.01,https://youtu.be/CrJ9UE6Nihw?t=64s,measure_wax,prep,1,0.45,Red pieces measured into a container.,,0,0.0,0.01,0.044,0.501,0.046,"#a3a2a6,#827e7e,#5f5551",1,,
CrJ9UE6Nihw,https://www.youtube.com/watch?v=CrJ9UE6Nihw,FULL & easy beginners guide to Candle Making,601.0,storyboard,9,72.12,80.13,8.01,https://youtu.be/CrJ9UE6Nihw?t=72s,add_dye_color,process,1,0.45,Handling red dye chunks.,,0,0.0,0.005,0.041,0.494,0.058,"#a1a0a3,#7d7877,#5d504b",1,,
CrJ9UE6Nihw,https://www.youtube.com/watch?v=CrJ9UE6Nihw,FULL & easy beginners guide to Candle Making,601.0,storyboard,11,88.15,96.16,8.01,https://youtu.be/CrJ9UE6Nihw?t=88s,prepare_container,prep,1,0.45,Hands at the star bowl.,et Sn es af te eS 1 me 2 4 Ape vr 7 4 Ys,1,0.0,0.029,0.05,0.474,0.048,"#7c7978,#a0a1a3,#5e5753",1,,
CrJ9UE6Nihw,https://www.youtube.com/watch?v=CrJ9UE6Nihw,FULL & easy beginners guide to Candle Making,601.0,storyboard,12,96.16,104.17,8.01,https://youtu.be/CrJ9UE6Nihw?t=96s,prepare_container,prep,1,0.45,Prepping the decorative bowl.,Sf,0,0.0,0.023,0.069,0.465,0.044,"#9e9ea1,#787574,#4b4642",1,,
CrJ9UE6Nihw,https://www.youtube.com/watch?v=CrJ9UE6Nihw,FULL & easy beginners guide to Candle Making,601.0,storyboard,13,104.17,112.19,8.02,https://youtu.be/CrJ9UE6Nihw?t=104s,melt_wax,process,1,0.5,Metal bowl (double boiler) for melting.,,0,0.0,0.012,0.123,0.523,0.037,"#a1a0a4,#7f7a79,#534945",1,,
CrJ9UE6Nihw,https://www.youtube.com/watch?v=CrJ9UE6Nihw,FULL & easy beginners guide to Candle Making,601.0,storyboard,14,112.19,120.2,8.01,https://youtu.be/CrJ9UE6Nihw?t=112s,melt_wax,process,1,0.45,Metal bowl with red dye bags.,2,0,0.0,0.023,0.0,0.474,0.041,"#777170,#a1a0a3,#4e423f",1,,
CrJ9UE6Nihw,https://www.youtube.com/watch?v=CrJ9UE6Nihw,FULL & easy beginners guide to Candle Making,601.0,storyboard,15,120.2,128.21,8.01,https://youtu.be/CrJ9UE6Nihw?t=120s,melt_wax,process,1,0.45,Heat gun over the bowl.,,0,0.0,0.008,0.09,0.483,0.044,"#98989b,#69615e,#28243b",1,,
CrJ9UE6Nihw,https://www.youtube.com/watch?v=CrJ9UE6Nihw,FULL & easy beginners guide to Candle Making,601.0,storyboard,16,128.21,136.23,8.02,https://youtu.be/CrJ9UE6Nihw?t=128s,melt_wax,process,1,0.45,Metal melting bowl and star bowl.,ee ge td ok,1,0.0,0.046,0.099,0.463,0.031,"#4f4b47,#a4a5a8,#807f80",1,,
CrJ9UE6Nihw,https://www.youtube.com/watch?v=CrJ9UE6Nihw,FULL & easy beginners guide to Candle Making,601.0,storyboard,17,136.23,144.24,8.01,https://youtu.be/CrJ9UE6Nihw?t=136s,measure_wax,prep,1,0.45,White wax added to the metal bowl.,SY. Se: sles si,1,0.0,0.059,0.0,0.469,0.024,"#4b4744,#a3a4a7,#7e7c7c",1,,
CrJ9UE6Nihw,https://www.youtube.com/watch?v=CrJ9UE6Nihw,FULL & easy beginners guide to Candle Making,601.0,storyboard,22,176.29,184.31,8.02,https://youtu.be/CrJ9UE6Nihw?t=176s,melt_wax,process,1,0.5,Hands at the white wax bowl.,Ce,0,0.0,0.048,0.14,0.448,0.042,"#6c615b,#a4a4a4,#312d2b",1,,
CrJ9UE6Nihw,https://www.youtube.com/watch?v=CrJ9UE6Nihw,FULL & easy beginners guide to Candle Making,601.0,storyboard,23,184.31,192.32,8.01,https://youtu.be/CrJ9UE6Nihw?t=184s,melt_wax,process,1,0.5,White wax in the bowl; metal bowl.,,0,0.0,0.013,0.0,0.437,0.025,"#737271,#433e3b,#a7a6a2",1,,
CrJ9UE6Nihw,https://www.youtube.com/watch?v=CrJ9UE6Nihw,FULL & easy beginners guide to Candle Making,601.0,storyboard,24,192.32,200.33,8.01,https://youtu.be/CrJ9UE6Nihw?t=192s,melt_wax,process,1,0.55,Metal pot of wax melting on the induction hob.,,0,0.0,0.015,0.032,0.498,0.074,"#beb0a2,#1e1a16,#8e7f6e",1,,
CrJ9UE6Nihw,https://www.youtube.com/watch?v=CrJ9UE6Nihw,FULL & easy beginners guide to Candle Making,601.0,storyboard,25,200.33,208.35,8.02,https://youtu.be/CrJ9UE6Nihw?t=200s,melt_wax,process,1,0.5,Yellow/green wax melting and stirred on the induction hob.,,0,0.0,0.013,0.088,0.494,0.064,"#c8bcb0,#27221d,#9a8c7b",1,,
CrJ9UE6Nihw,https://www.youtube.com/watch?v=CrJ9UE6Nihw,FULL & easy beginners guide to Candle Making,601.0,storyboard,26,208.35,216.36,8.01,https://youtu.be/CrJ9UE6Nihw?t=208s,melt_wax,process,1,0.5,Yellow/green wax melting and stirred on the induction hob.,,0,0.0,0.021,0.0,0.464,0.073,"#c3b5a5,#241e18,#968876",1,,
CrJ9UE6Nihw,https://www.youtube.com/watch?v=CrJ9UE6Nihw,FULL & easy beginners guide to Candle Making,601.0,storyboard,27,216.36,224.37,8.01,https://youtu.be/CrJ9UE6Nihw?t=216s,melt_wax,process,1,0.5,Yellow/green wax melting and stirred on the induction hob.,Te,0,0.0,0.015,0.053,0.495,0.069,"#bcad9d,#251f18,#928472",1,,
CrJ9UE6Nihw,https://www.youtube.com/watch?v=CrJ9UE6Nihw,FULL & easy beginners guide to Candle Making,601.0,storyboard,28,224.37,232.39,8.02,https://youtu.be/CrJ9UE6Nihw?t=224s,melt_wax,process,1,0.5,Yellow/green wax melting and stirred on the induction hob.,IVECAS,0,0.0,0.052,0.069,0.464,0.1,"#ae9f8f,#1c1712,#725a46",1,,
CrJ9UE6Nihw,https://www.youtube.com/watch?v=CrJ9UE6Nihw,FULL & easy beginners guide to Candle Making,601.0,storyboard,29,232.39,240.4,8.01,https://youtu.be/CrJ9UE6Nihw?t=232s,melt_wax,process,1,0.5,Yellow/green wax melting and stirred on the induction hob.,ih,0,0.0,0.023,0.0,0.416,0.095,"#aa9c8b,#1b1712,#725743",1,,
CrJ9UE6Nihw,https://www.youtube.com/watch?v=CrJ9UE6Nihw,FULL & easy beginners guide to Candle Making,601.0,storyboard,30,240.4,248.41,8.01,https://youtu.be/CrJ9UE6Nihw?t=240s,melt_wax,process,1,0.5,Yellow/green wax melting and stirred on the induction hob.,yw,0,0.0,0.02,0.044,0.509,0.065,"#cac0b5,#998d7b,#251f19",1,,
CrJ9UE6Nihw,https://www.youtube.com/watch?v=CrJ9UE6Nihw,FULL & easy beginners guide to Candle Making,601.0,storyboard,31,248.41,256.43,8.02,https://youtu.be/CrJ9UE6Nihw?t=248s,melt_wax,process,1,0.5,Yellow/green wax melting and stirred on the induction hob.,,0,0.0,0.035,0.044,0.459,0.078,"#c6baad,#948875,#231d17",1,,
CrJ9UE6Nihw,https://www.youtube.com/watch?v=CrJ9UE6Nihw,FULL & easy beginners guide to Candle Making,601.0,storyboard,32,256.43,264.44,8.01,https://youtu.be/CrJ9UE6Nihw?t=256s,melt_wax,process,1,0.5,Yellow/green wax melting and stirred on the induction hob.,,0,0.0,0.021,0.0,0.479,0.067,"#b8ac9e,#201b17,#7e715f",1,,
CrJ9UE6Nihw,https://www.youtube.com/watch?v=CrJ9UE6Nihw,FULL & easy beginners guide to Candle Making,601.0,storyboard,33,264.44,272.45,8.01,https://youtu.be/CrJ9UE6Nihw?t=264s,melt_wax,process,1,0.5,Yellow/green wax melting and stirred on the induction hob.,esa,0,0.0,0.023,0.105,0.508,0.093,"#c3beb7,#24221f,#8b8477",1,,
CrJ9UE6Nihw,https://www.youtube.com/watch?v=CrJ9UE6Nihw,FULL & easy beginners guide to Candle Making,601.0,storyboard,34,272.45,280.47,8.02,https://youtu.be/CrJ9UE6Nihw?t=272s,melt_wax,process,1,0.5,Yellow/green wax melting and stirred on the induction hob.,de,0,0.0,0.041,0.036,0.448,0.073,"#bcb0a3,#221d18,#8d7f6e",1,,
CrJ9UE6Nihw,https://www.youtube.com/watch?v=CrJ9UE6Nihw,FULL & easy beginners guide to Candle Making,601.0,storyboard,35,280.47,288.48,8.01,https://youtu.be/CrJ9UE6Nihw?t=280s,set_wick,assemble,1,0.45,Star bowl with wax; wick strings positioned.,tee tae,0,0.0,0.025,0.0,0.532,0.037,"#6f6c69,#8c8a8a,#adacb0",1,,
CrJ9UE6Nihw,https://www.youtube.com/watch?v=CrJ9UE6Nihw,FULL & easy beginners guide to Candle Making,601.0,storyboard,36,288.48,296.49,8.01,https://youtu.be/CrJ9UE6Nihw?t=288s,set_wick,assemble,1,0.45,Setting/securing wicks in the star bowl with glue and sticks.,ee Be 7,0,0.0,0.023,0.04,0.496,0.079,"#847b7a,#a7a5aa,#5c4c48",1,,
CrJ9UE6Nihw,https://www.youtube.com/watch?v=CrJ9UE6Nihw,FULL & easy beginners guide to Candle Making,601.0,storyboard,37,296.49,304.51,8.02,https://youtu.be/CrJ9UE6Nihw?t=296s,set_wick,assemble,1,0.45,Setting/securing wicks in the star bowl with glue and sticks.,jaa rn Ss oy os CF,1,0.0,0.017,0.072,0.505,0.065,"#6f6b68,#8d8a8b,#abaaaf",1,,
CrJ9UE6Nihw,https://www.youtube.com/watch?v=CrJ9UE6Nihw,FULL & easy beginners guide to Candle Making,601.0,storyboard,39,312.52,320.53,8.01,https://youtu.be/CrJ9UE6Nihw?t=313s,set_wick,assemble,1,0.45,Setting/securing wicks in the star bowl with glue and sticks.,al ee Of,1,0.0,0.02,0.0,0.464,0.086,"#5d4d48,#84726f,#a09ea2",1,,
CrJ9UE6Nihw,https://www.youtube.com/watch?v=CrJ9UE6Nihw,FULL & easy beginners guide to Candle Making,601.0,storyboard,40,320.53,328.55,8.02,https://youtu.be/CrJ9UE6Nihw?t=321s,set_wick,assemble,1,0.45,Setting/securing wicks in the star bowl with glue and sticks.,vv ee AO iwheihe ae Rae,1,0.0,0.025,0.013,0.523,0.05,"#6c6462,#aaa7ab,#8c8888",1,,
CrJ9UE6Nihw,https://www.youtube.com/watch?v=CrJ9UE6Nihw,FULL & easy beginners guide to Candle Making,601.0,storyboard,41,328.55,336.56,8.01,https://youtu.be/CrJ9UE6Nihw?t=329s,set_wick,assemble,1,0.45,Setting/securing wicks in the star bowl with glue and sticks.,7 sf Fi. rs,1,0.0,0.022,0.072,0.512,0.063,"#62524d,#8b7874,#a6a1a4",1,,
CrJ9UE6Nihw,https://www.youtube.com/watch?v=CrJ9UE6Nihw,FULL & easy beginners guide to Candle Making,601.0,storyboard,42,336.56,344.57,8.01,https://youtu.be/CrJ9UE6Nihw?t=337s,set_wick,assemble,1,0.45,Setting/securing wicks in the star bowl with glue and sticks.,9 va ee ae Pg? BS 7,1,0.0,0.022,0.0,0.54,0.036,"#716d6a,#8b8787,#a8a7ac",1,,
CrJ9UE6Nihw,https://www.youtube.com/watch?v=CrJ9UE6Nihw,FULL & easy beginners guide to Candle Making,601.0,storyboard,43,344.57,352.59,8.02,https://youtu.be/CrJ9UE6Nihw?t=345s,set_wick,assemble,1,0.45,Setting/securing wicks in the star bowl with glue and sticks.,2 tthe Om Se aoe aes Nae 7,1,0.0,0.018,0.068,0.492,0.072,"#a4a2a6,#7a7574,#5d4e4b",1,,
CrJ9UE6Nihw,https://www.youtube.com/watch?v=CrJ9UE6Nihw,FULL & easy beginners guide to Candle Making,601.0,storyboard,45,360.6,368.61,8.01,https://youtu.be/CrJ9UE6Nihw?t=361s,set_wick,assemble,1,0.45,Setting/securing wicks in the star bowl with glue and sticks.,,0,0.0,0.008,0.0,0.506,0.032,"#5d5e60,#abaeb3,#828386",1,,
CrJ9UE6Nihw,https://www.youtube.com/watch?v=CrJ9UE6Nihw,FULL & easy beginners guide to Candle Making,601.0,storyboard,46,368.61,376.63,8.02,https://youtu.be/CrJ9UE6Nihw?t=369s,set_wick,assemble,1,0.45,Setting/securing wicks in the star bowl with glue and sticks.,,0,0.0,0.011,0.086,0.425,0.098,"#6f696b,#97989d,#30294a",1,,
CrJ9UE6Nihw,https://www.youtube.com/watch?v=CrJ9UE6Nihw,FULL & easy beginners guide to Candle Making,601.0,storyboard,47,376.63,384.64,8.01,https://youtu.be/CrJ9UE6Nihw?t=377s,set_wick,assemble,1,0.45,Setting/securing wicks in the star bowl with glue and sticks.,thy. oat ns ir be 2. oe hs el Vv,1,0.0,0.018,0.148,0.453,0.083,"#8c8d91,#676769,#17163e",1,,
CrJ9UE6Nihw,https://www.youtube.com/watch?v=CrJ9UE6Nihw,FULL & easy beginners guide to Candle Making,601.0,storyboard,49,392.65,400.67,8.02,https://youtu.be/CrJ9UE6Nihw?t=393s,decorate_finish,finish,1,0.4,Bowl rim; decorative dots.,,0,0.0,0.0,0.054,0.472,0.047,"#766a64,#93847f,#5f4d41",1,,
CrJ9UE6Nihw,https://www.youtube.com/watch?v=CrJ9UE6Nihw,FULL & easy beginners guide to Candle Making,601.0,storyboard,52,416.69,424.71,8.02,https://youtu.be/CrJ9UE6Nihw?t=417s,pour_wax,assemble,1,0.5,Green wax in the star bowl; wicks.,4 ae hi we ns 8 pay ual Pes NP ie 7 bs,1,0.0,0.036,0.035,0.503,0.095,"#7e7d77,#585643,#acafb3",1,,
CrJ9UE6Nihw,https://www.youtube.com/watch?v=CrJ9UE6Nihw,FULL & easy beginners guide to Candle Making,601.0,storyboard,53,424.71,432.72,8.01,https://youtu.be/CrJ9UE6Nihw?t=425s,set_wick,assemble,1,0.45,Green-wax bowl; wicks held upright.,"eer, Ss",0,0.0,0.034,0.044,0.496,0.098,"#7b7976,#aeb0b4,#544e36",1,,
CrJ9UE6Nihw,https://www.youtube.com/watch?v=CrJ9UE6Nihw,FULL & easy beginners guide to Candle Making,601.0,storyboard,55,440.73,448.75,8.02,https://youtu.be/CrJ9UE6Nihw?t=441s,pour_wax,assemble,1,0.5,Pouring more green wax.,4 by Sgt ote TF ke ms 4 pe Us. age ties eye mee ve fez. 4 7 ww PEE. SEs,1,0.0,0.048,0.027,0.506,0.097,"#7d7d7d,#5e5c45,#adafb4",1,,
CrJ9UE6Nihw,https://www.youtube.com/watch?v=CrJ9UE6Nihw,FULL & easy beginners guide to Candle Making,601.0,storyboard,56,448.75,456.76,8.01,https://youtu.be/CrJ9UE6Nihw?t=449s,set_wick,assemble,1,0.45,Green-wax bowl; wick.,,0,0.0,0.024,0.068,0.487,0.091,"#7e7b7b,#584e3f,#b1b0b4",1,,
CrJ9UE6Nihw,https://www.youtube.com/watch?v=CrJ9UE6Nihw,FULL & easy beginners guide to Candle Making,601.0,storyboard,57,456.76,464.77,8.01,https://youtu.be/CrJ9UE6Nihw?t=457s,set_wick,assemble,1,0.45,Adjusting the wicks in the green wax.,,0,0.0,0.025,0.0,0.477,0.085,"#51493d,#7d7b7a,#b0b0b4",1,,
CrJ9UE6Nihw,https://www.youtube.com/watch?v=CrJ9UE6Nihw,FULL & easy beginners guide to Candle Making,601.0,storyboard,58,464.77,472.79,8.02,https://youtu.be/CrJ9UE6Nihw?t=465s,cure_cool,assemble,1,0.4,Green-wax bowl setting.,eos au,0,0.0,0.031,0.034,0.487,0.082,"#7b7878,#514739,#b0afb3",1,,
CrJ9UE6Nihw,https://www.youtube.com/watch?v=CrJ9UE6Nihw,FULL & easy beginners guide to Candle Making,601.0,storyboard,59,472.79,480.8,8.01,https://youtu.be/CrJ9UE6Nihw?t=473s,pour_wax,assemble,1,0.5,Pouring white wax as a top layer.,ty 2 ie ite on,1,0.0,0.023,0.245,0.456,0.073,"#4c423e,#a9988f,#7a6d67",1,,
CrJ9UE6Nihw,https://www.youtube.com/watch?v=CrJ9UE6Nihw,FULL & easy beginners guide to Candle Making,601.0,storyboard,61,488.81,496.83,8.02,https://youtu.be/CrJ9UE6Nihw?t=489s,pour_wax,assemble,1,0.5,White-wax top layer in the bowl; wicks.,,0,0.0,0.013,0.064,0.403,0.066,"#927d74,#62514c,#382b26",1,,
CrJ9UE6Nihw,https://www.youtube.com/watch?v=CrJ9UE6Nihw,FULL & easy beginners guide to Candle Making,601.0,storyboard,62,496.83,504.84,8.01,https://youtu.be/CrJ9UE6Nihw?t=497s,set_wick,assemble,1,0.45,Centring wicks in the white top layer.,on re it.,1,0.0,0.017,0.081,0.446,0.092,"#a59086,#7e5f52,#493731",1,,
CrJ9UE6Nihw,https://www.youtube.com/watch?v=CrJ9UE6Nihw,FULL & easy beginners guide to Candle Making,601.0,storyboard,63,504.84,512.85,8.01,https://youtu.be/CrJ9UE6Nihw?t=505s,set_wick,assemble,1,0.45,White-wax bowl with wicks.,so ia,0,0.0,0.022,0.013,0.419,0.064,"#493d39,#a39085,#72635e",1,,
CrJ9UE6Nihw,https://www.youtube.com/watch?v=CrJ9UE6Nihw,FULL & easy beginners guide to Candle Making,601.0,storyboard,66,528.88,536.89,8.01,https://youtu.be/CrJ9UE6Nihw?t=529s,decorate_finish,finish,1,0.4,Marbled/blue top finished on the bowl candle.,,0,0.0,0.018,0.109,0.542,0.063,"#857668,#ac9f95,#47403a",1,,
CrJ9UE6Nihw,https://www.youtube.com/watch?v=CrJ9UE6Nihw,FULL & easy beginners guide to Candle Making,601.0,storyboard,71,568.95,576.96,8.01,https://youtu.be/CrJ9UE6Nihw?t=569s,reveal_result,finish,1,0.5,Finished bowl candle presented.,,0,0.0,0.016,0.015,0.618,0.094,"#bdaea2,#967b6a,#543b2c",1,,
D2TTNZkVMMM,https://www.youtube.com/watch?v=D2TTNZkVMMM,How to Make Layered Scented Candles | DIY Candle Making,250.0,storyboard,3,24.19,32.26,8.07,https://youtu.be/D2TTNZkVMMM?t=24s,gather_materials,prep,1,0.55,Row of black fragrance bottles.,wax -fragrance jars wicks wick stickers- 2 wick bar ane,1,0.0,0.083,0.056,0.832,0.054,"#e4e0e1,#b7a5a3,#6a5452",1,,
D2TTNZkVMMM,https://www.youtube.com/watch?v=D2TTNZkVMMM,How to Make Layered Scented Candles | DIY Candle Making,250.0,storyboard,4,32.26,40.32,8.06,https://youtu.be/D2TTNZkVMMM?t=32s,gather_materials,prep,1,0.6,Supplies list caption 'wax / fragrance / wicks / wick sticker'.,wax fragrance jars wicks wick stickers sie wick bar,1,0.0,0.075,0.037,0.852,0.038,"#e8e4e5,#ccc6c4,#b39e98",1,,
D2TTNZkVMMM,https://www.youtube.com/watch?v=D2TTNZkVMMM,How to Make Layered Scented Candles | DIY Candle Making,250.0,storyboard,5,40.32,48.39,8.07,https://youtu.be/D2TTNZkVMMM?t=40s,gather_materials,prep,1,0.5,Supplies list with hands sorting items.,wax -fragran jars wicks wick stickers Zi wick bar,1,0.0,0.074,0.037,0.862,0.026,"#eae6e7,#ddd9da,#aeaaab",1,,
D2TTNZkVMMM,https://www.youtube.com/watch?v=D2TTNZkVMMM,How to Make Layered Scented Candles | DIY Candle Making,250.0,storyboard,6,48.39,56.45,8.06,https://youtu.be/D2TTNZkVMMM?t=48s,prepare_container,prep,1,0.55,Caption 'wicks / wick sticker'; a wick is prepared.,wax fragrance jars wicks wick stickers wick bar,1,0.0,0.077,0.047,0.85,0.045,"#e5e1e1,#c3b0a8,#90736c",1,,
D2TTNZkVMMM,https://www.youtube.com/watch?v=D2TTNZkVMMM,How to Make Layered Scented Candles | DIY Candle Making,250.0,storyboard,7,56.45,64.52,8.07,https://youtu.be/D2TTNZkVMMM?t=56s,prepare_container,prep,1,0.6,Hands peel a wick sticker on the marble.,wax fragrance jars wicks wick stickers 3 wick bar,1,0.0,0.079,0.049,0.848,0.053,"#eae6e7,#d8d3d3,#b19b93",1,,
D2TTNZkVMMM,https://www.youtube.com/watch?v=D2TTNZkVMMM,How to Make Layered Scented Candles | DIY Candle Making,250.0,storyboard,8,64.52,72.58,8.06,https://youtu.be/D2TTNZkVMMM?t=65s,prepare_container,prep,1,0.6,The wick is placed into the jar.,,0,0.333,0.019,0.025,0.748,0.046,"#d7d6d5,#a2a7a8,#353b3c",1,,
D2TTNZkVMMM,https://www.youtube.com/watch?v=D2TTNZkVMMM,How to Make Layered Scented Candles | DIY Candle Making,250.0,storyboard,9,72.58,80.65,8.07,https://youtu.be/D2TTNZkVMMM?t=73s,melt_wax,process,1,0.5,Black melting pot beside the jar.,4,0,0.0,0.048,0.011,0.727,0.062,"#dcdcda,#b6b7b6,#484e4e",1,,
D2TTNZkVMMM,https://www.youtube.com/watch?v=D2TTNZkVMMM,How to Make Layered Scented Candles | DIY Candle Making,250.0,storyboard,10,80.65,88.71,8.06,https://youtu.be/D2TTNZkVMMM?t=81s,measure_wax,prep,1,0.45,Empty melting pot and jar; preparing to portion wax.,ett Re ie hiilI eS fs ore mos,1,0.0,0.032,0.189,0.548,0.081,"#826c5d,#3e3026,#bfbab5",1,,
D2TTNZkVMMM,https://www.youtube.com/watch?v=D2TTNZkVMMM,How to Make Layered Scented Candles | DIY Candle Making,250.0,storyboard,11,88.71,96.77,8.06,https://youtu.be/D2TTNZkVMMM?t=89s,measure_wax,prep,1,0.5,Jar with caption '3.5 oz / 3' (splitting into layers).,ee,0,0.0,0.02,0.005,0.755,0.071,"#dfdcd5,#8c7762,#22190f",1,,description references on-screen text but OCR found none
D2TTNZkVMMM,https://www.youtube.com/watch?v=D2TTNZkVMMM,How to Make Layered Scented Candles | DIY Candle Making,250.0,storyboard,12,96.77,104.84,8.07,https://youtu.be/D2TTNZkVMMM?t=97s,melt_wax,process,1,0.55,Wax melting in the black pot; caption '3.5 oz / 3 = 1.83'.,7 Ly 4 IE rf,1,0.0,0.019,0.189,0.723,0.061,"#e1e0de,#b7b2ad,#87766b",1,,
D2TTNZkVMMM,https://www.youtube.com/watch?v=D2TTNZkVMMM,How to Make Layered Scented Candles | DIY Candle Making,250.0,storyboard,13,104.84,112.9,8.06,https://youtu.be/D2TTNZkVMMM?t=105s,melt_wax,process,1,0.55,Molten wax in the black pot.,am ss,0,0.0,0.017,0.113,0.799,0.049,"#e6e5e4,#d7d4d1,#bf9f93",1,,
D2TTNZkVMMM,https://www.youtube.com/watch?v=D2TTNZkVMMM,How to Make Layered Scented Candles | DIY Candle Making,250.0,storyboard,14,112.9,120.97,8.07,https://youtu.be/D2TTNZkVMMM?t=113s,pour_wax,assemble,1,0.55,Wax poured into the jar.,,0,0.0,0.005,0.053,0.824,0.076,"#e3e1df,#cbc1ba,#af8f82",1,,
D2TTNZkVMMM,https://www.youtube.com/watch?v=D2TTNZkVMMM,How to Make Layered Scented Candles | DIY Candle Making,250.0,storyboard,15,120.97,129.03,8.06,https://youtu.be/D2TTNZkVMMM?t=121s,pour_wax,assemble,1,0.5,Hands steady the white container during the pour.,re HY MUI Fr 4 7,1,0.333,0.036,0.203,0.517,0.068,"#806a5b,#403226,#bab4af",1,,
D2TTNZkVMMM,https://www.youtube.com/watch?v=D2TTNZkVMMM,How to Make Layered Scented Candles | DIY Candle Making,250.0,storyboard,17,137.1,145.16,8.06,https://youtu.be/D2TTNZkVMMM?t=137s,gather_materials,prep,1,0.45,Supply kit box shown.,te ee coe feet fo oa Pt ta Snag oe 2,1,0.333,0.037,0.104,0.726,0.102,"#d6d3d2,#ac9e96,#725236",1,,
D2TTNZkVMMM,https://www.youtube.com/watch?v=D2TTNZkVMMM,How to Make Layered Scented Candles | DIY Candle Making,250.0,storyboard,18,145.16,153.23,8.07,https://youtu.be/D2TTNZkVMMM?t=145s,measure_wax,prep,1,0.45,Measurement card '2.83 x 0.08 x 0.22'; weighing.,ff as bbb ad ow ee we See09 Py ou Ti Ss,1,0.333,0.075,0.201,0.583,0.11,"#dad8d8,#70553c,#aca19a",1,,
D2TTNZkVMMM,https://www.youtube.com/watch?v=D2TTNZkVMMM,How to Make Layered Scented Candles | DIY Candle Making,250.0,storyboard,20,161.29,169.35,8.06,https://youtu.be/D2TTNZkVMMM?t=161s,melt_wax,process,1,0.5,Black pot and jar; melting next layer.,We ee rs wa ie,1,0.0,0.047,0.091,0.733,0.044,"#d7d6d5,#393635,#a19087",1,,
D2TTNZkVMMM,https://www.youtube.com/watch?v=D2TTNZkVMMM,How to Make Layered Scented Candles | DIY Candle Making,250.0,storyboard,22,177.42,185.48,8.06,https://youtu.be/D2TTNZkVMMM?t=177s,pour_wax,assemble,1,0.55,Hands pour the next wax layer into the jar.,ithe,0,0.333,0.017,0.23,0.681,0.084,"#e3e1df,#cbc5be,#b18f81",1,,
D2TTNZkVMMM,https://www.youtube.com/watch?v=D2TTNZkVMMM,How to Make Layered Scented Candles | DIY Candle Making,250.0,storyboard,23,185.48,193.55,8.07,https://youtu.be/D2TTNZkVMMM?t=185s,pour_wax,assemble,1,0.5,Black pot melting wax for a layer.,or er,0,0.333,0.039,0.318,0.578,0.074,"#e3dfe0,#aea9a8,#6c5852",1,,
D2TTNZkVMMM,https://www.youtube.com/watch?v=D2TTNZkVMMM,How to Make Layered Scented Candles | DIY Candle Making,250.0,storyboard,24,193.55,201.61,8.06,https://youtu.be/D2TTNZkVMMM?t=194s,pour_wax,assemble,1,0.55,Two pots with blue wicks; pouring layers.,ta 17 52,1,0.333,0.028,0.157,0.617,0.054,"#bfb7af,#a0978d,#574537",1,,
D2TTNZkVMMM,https://www.youtube.com/watch?v=D2TTNZkVMMM,How to Make Layered Scented Candles | DIY Candle Making,250.0,storyboard,25,201.61,209.68,8.07,https://youtu.be/D2TTNZkVMMM?t=202s,pour_wax,assemble,1,0.6,Wax poured into the white candle jar.,TT LMR ae ay ae,1,0.333,0.012,0.33,0.661,0.067,"#816a5b,#47362a,#bdb6b1",1,,
D2TTNZkVMMM,https://www.youtube.com/watch?v=D2TTNZkVMMM,How to Make Layered Scented Candles | DIY Candle Making,250.0,storyboard,26,209.68,217.74,8.06,https://youtu.be/D2TTNZkVMMM?t=210s,set_wick,assemble,1,0.5,Hands centre the wick in the poured candle.,,0,0.0,0.002,0.044,0.844,0.063,"#e8e5e5,#d7d3d2,#ad897e",1,,
D2TTNZkVMMM,https://www.youtube.com/watch?v=D2TTNZkVMMM,How to Make Layered Scented Candles | DIY Candle Making,250.0,storyboard,28,225.81,233.87,8.06,https://youtu.be/D2TTNZkVMMM?t=226s,reveal_result,finish,1,0.6,Two finished blue layered candles shown.,antert sors li,1,0.333,0.018,0.198,0.646,0.105,"#d0cdc9,#9d8d88,#628ac0",1,,
DSj_ZcxHB2w,https://www.youtube.com/watch?v=DSj_ZcxHB2w,Candle Making Kit - How-to - Crafts&Co,92.0,storyboard,0,0.0,7.67,7.67,https://youtu.be/DSj_ZcxHB2w?t=0s,gather_materials,prep,1,0.55,Product display of the Crafts&Co candle kit — finished sample candles and supplies arranged on a tiered stand.,,0,0.333,0.029,0.195,0.586,0.11,"#cbc0b2,#17171a,#625f5f",1,,
DSj_ZcxHB2w,https://www.youtube.com/watch?v=DSj_ZcxHB2w,Candle Making Kit - How-to - Crafts&Co,92.0,storyboard,1,7.67,15.33,7.66,https://youtu.be/DSj_ZcxHB2w?t=8s,measure_wax,prep,1,0.55,Wax flakes are poured from a bag onto a pan on an induction hob; a phone timer is set.,oN,0,0.0,0.021,0.348,0.564,0.07,"#ccc4b9,#1b1a19,#776e64",1,,
DSj_ZcxHB2w,https://www.youtube.com/watch?v=DSj_ZcxHB2w,Candle Making Kit - How-to - Crafts&Co,92.0,storyboard,2,15.33,23.0,7.67,https://youtu.be/DSj_ZcxHB2w?t=15s,melt_wax,process,1,0.65,"White wax melts in a metal bowl over the induction pan, stirred with a spatula; '2 MIN' timer.",ee Vk See 9,1,0.333,0.035,0.258,0.58,0.049,"#938a7d,#cac5ba,#3e3932",1,,
DSj_ZcxHB2w,https://www.youtube.com/watch?v=DSj_ZcxHB2w,Candle Making Kit - How-to - Crafts&Co,92.0,storyboard,3,23.0,30.67,7.67,https://youtu.be/DSj_ZcxHB2w?t=23s,melt_wax,process,1,0.55,"Continued stirring of the molten wax in the bowl, something added; '3 MIN' timer.",ee Peper ap hiss te,1,0.0,0.029,0.109,0.585,0.09,"#d4c7b6,#a59685,#332f2c",1,,
DSj_ZcxHB2w,https://www.youtube.com/watch?v=DSj_ZcxHB2w,Candle Making Kit - How-to - Crafts&Co,92.0,storyboard,4,30.67,38.33,7.66,https://youtu.be/DSj_ZcxHB2w?t=31s,pour_wax,assemble,1,0.65,Molten wax is poured from the bowl into a silicone mould resting on a wooden board.,ak We PT 7 aS we I7x oly aN ae ste os. exS ae of 2 oY lee ke ae 4 eS CAB AS Red oS ae eee it TNS Son'k eS Lies er on 7 FE ed ieee SS 5 ho ee of ne we oF ee at oot are Ss pt oe Maren An See ae SA nine ,1,0.0,0.023,0.173,0.624,0.153,"#bc9d82,#cfc8be,#9f7d51",1,,
DSj_ZcxHB2w,https://www.youtube.com/watch?v=DSj_ZcxHB2w,Candle Making Kit - How-to - Crafts&Co,92.0,storyboard,5,38.33,46.0,7.67,https://youtu.be/DSj_ZcxHB2w?t=38s,pour_wax,assemble,1,0.55,The silicone mould fills; hands steady and squeeze the flexible white mould.,,0,0.0,0.013,0.076,0.642,0.226,"#a67d3f,#c7a471,#d6cec0",1,,
DSj_ZcxHB2w,https://www.youtube.com/watch?v=DSj_ZcxHB2w,Candle Making Kit - How-to - Crafts&Co,92.0,storyboard,6,46.0,53.67,7.67,https://youtu.be/DSj_ZcxHB2w?t=46s,cure_cool,assemble,1,0.5,Filled white silicone mould (shaped cavities) sits on the board to set; a hand presses it.,"ee 5 7 ca aa os ae iy. io ss ee of Ak 4 see la ne wen. 2 As ek Ch 5 ee wi ert es: 4 hk, we oe Xs ae 4 vs at 7 2 Pubes aS 2 Oty 5 er 7 ae oe ge. ay. ey ys 5 7 5 ie Ae 7 et CABS ee ki Ly: Pp hes re TON ",1,0.0,0.03,0.103,0.656,0.2,"#be9e7e,#d2c9bd,#a17c44",1,,
DSj_ZcxHB2w,https://www.youtube.com/watch?v=DSj_ZcxHB2w,Candle Making Kit - How-to - Crafts&Co,92.0,storyboard,7,53.67,61.33,7.66,https://youtu.be/DSj_ZcxHB2w?t=54s,cure_cool,assemble,1,0.5,The filled mould is held/inspected as the wax cools.,Te SRI IS me ae nes oe er carey rec seme be re ES Te ae ee SeEate poor. Se ie lr SRE Ser 9 Le se At IF Ya 7 Ss oe eee MAX: OE MEN'S es ct it Fi 23 aes! on ee RS 6 ee eG ein,1,0.0,0.028,0.066,0.662,0.2,"#bfaf7c,#a58a4d,#ced0c3",1,,
DSj_ZcxHB2w,https://www.youtube.com/watch?v=DSj_ZcxHB2w,Candle Making Kit - How-to - Crafts&Co,92.0,storyboard,8,61.33,69.0,7.67,https://youtu.be/DSj_ZcxHB2w?t=61s,cure_cool,assemble,1,0.5,Wait captions ('23H'); the mould is placed in a bowl of water to speed cooling.,"7 eZ oe Ne tad 2 PP uff OO Fy 4 Pt Od, Ost LJ aie 7 or 4 sf at HO sp ga tgp row 2 ra ad",1,0.0,0.028,0.097,0.693,0.155,"#baa97f,#cacecb,#a08b59",1,,
DSj_ZcxHB2w,https://www.youtube.com/watch?v=DSj_ZcxHB2w,Candle Making Kit - How-to - Crafts&Co,92.0,storyboard,9,69.0,76.67,7.67,https://youtu.be/DSj_ZcxHB2w?t=69s,decorate_finish,finish,1,0.55,Caption 'TIP'; the set candle is flexed out of the silicone mould ('2.5H').,,0,0.0,0.014,0.06,0.71,0.137,"#cad3ca,#b29b71,#afb5b1",1,,description references on-screen text but OCR found none
DSj_ZcxHB2w,https://www.youtube.com/watch?v=DSj_ZcxHB2w,Candle Making Kit - How-to - Crafts&Co,92.0,storyboard,10,76.67,84.33,7.66,https://youtu.be/DSj_ZcxHB2w?t=77s,decorate_finish,finish,1,0.55,The white moulded candle is peeled fully from the silicone mould.,4 pas At ez aot to: ie sau he gen ae wt ii Ny ae ae ch bo as ye te Pt is Foe: BES seins ee Ire net chess eee Lao eio nae? 82 Ba te cm SB 7 ie sf TN ie an ls. Teen The SeNE oe rn Se ee. ed,1,0.0,0.065,0.17,0.616,0.222,"#bb9e79,#cdcdc2,#9c7642",1,,
E27yUdPTNEU,https://www.youtube.com/watch?v=E27yUdPTNEU,How To Make Perfect Dipped Beeswax Taper Candles (In An Old Tin Can),245.0,storyboard,1,7.9,15.81,7.91,https://youtu.be/E27yUdPTNEU?t=8s,prepare_container,prep,1,0.5,A wooden frame strung with multiple wicks is prepared for dipping.,SCC,0,0.0,0.122,0.276,0.497,0.141,"#e4c89d,#452e19,#8a6e4c",1,,
E27yUdPTNEU,https://www.youtube.com/watch?v=E27yUdPTNEU,How To Make Perfect Dipped Beeswax Taper Candles (In An Old Tin Can),245.0,storyboard,2,15.81,23.71,7.9,https://youtu.be/E27yUdPTNEU?t=16s,pour_wax,assemble,1,0.45,Wicks are dipped into an orange can of molten beeswax to build the tapers.,ps 4 ia 4 ithey wock he ests yp oS,1,0.333,0.199,0.107,0.51,0.176,"#8d5b50,#bec2cd,#3b110f",1,,
E27yUdPTNEU,https://www.youtube.com/watch?v=E27yUdPTNEU,How To Make Perfect Dipped Beeswax Taper Candles (In An Old Tin Can),245.0,storyboard,3,23.71,31.61,7.9,https://youtu.be/E27yUdPTNEU?t=24s,pour_wax,assemble,1,0.45,Repeated dipping of the wick frame into the wax can.,1 ol,0,0.0,0.082,0.132,0.517,0.118,"#838381,#58463e,#bdd3dd",1,,
E27yUdPTNEU,https://www.youtube.com/watch?v=E27yUdPTNEU,How To Make Perfect Dipped Beeswax Taper Candles (In An Old Tin Can),245.0,storyboard,4,31.61,39.52,7.91,https://youtu.be/E27yUdPTNEU?t=32s,pour_wax,assemble,1,0.45,The tall orange dip-can of molten beeswax.,2,0,0.0,0.157,0.214,0.517,0.142,"#a4805a,#d7b288,#40250f",1,,
E27yUdPTNEU,https://www.youtube.com/watch?v=E27yUdPTNEU,How To Make Perfect Dipped Beeswax Taper Candles (In An Old Tin Can),245.0,storyboard,5,39.52,47.42,7.9,https://youtu.be/E27yUdPTNEU?t=40s,pour_wax,assemble,1,0.45,Dipping the frame of tapers into the wax.,Nem,0,0.0,0.107,0.215,0.485,0.222,"#d87b3f,#725549,#baa29f",1,,
E27yUdPTNEU,https://www.youtube.com/watch?v=E27yUdPTNEU,How To Make Perfect Dipped Beeswax Taper Candles (In An Old Tin Can),245.0,storyboard,6,47.42,55.32,7.9,https://youtu.be/E27yUdPTNEU?t=47s,pour_wax,assemble,1,0.45,Another dip to thicken the tapers.,uber surrourn,1,0.0,0.125,0.285,0.435,0.119,"#201a19,#d8b1ae,#685856",1,,
E27yUdPTNEU,https://www.youtube.com/watch?v=E27yUdPTNEU,How To Make Perfect Dipped Beeswax Taper Candles (In An Old Tin Can),245.0,storyboard,7,55.32,63.23,7.91,https://youtu.be/E27yUdPTNEU?t=55s,pour_wax,assemble,1,0.45,Continued taper dipping.,Pers. .we3 se,1,0.0,0.175,0.185,0.475,0.115,"#7f7e7a,#c4c7bf,#2e2b27",1,,
E27yUdPTNEU,https://www.youtube.com/watch?v=E27yUdPTNEU,How To Make Perfect Dipped Beeswax Taper Candles (In An Old Tin Can),245.0,storyboard,8,63.23,71.13,7.9,https://youtu.be/E27yUdPTNEU?t=63s,pour_wax,assemble,1,0.45,Dipping the wicks repeatedly to build wax layers.,he ee be Wiis ia amass ah By Sah raise? up,1,0.0,0.098,0.062,0.462,0.177,"#8c8077,#4b423c,#d1ded0",1,,
E27yUdPTNEU,https://www.youtube.com/watch?v=E27yUdPTNEU,How To Make Perfect Dipped Beeswax Taper Candles (In An Old Tin Can),245.0,storyboard,9,71.13,79.03,7.9,https://youtu.be/E27yUdPTNEU?t=71s,pour_wax,assemble,1,0.45,Tapers grow thicker with each dip.,hittin,0,0.0,0.19,0.128,0.508,0.115,"#807d7e,#bdbfbd,#312d2d",1,,
E27yUdPTNEU,https://www.youtube.com/watch?v=E27yUdPTNEU,How To Make Perfect Dipped Beeswax Taper Candles (In An Old Tin Can),245.0,storyboard,10,79.03,86.94,7.91,https://youtu.be/E27yUdPTNEU?t=79s,pour_wax,assemble,1,0.45,Continued dipping over the green tub.,5 rough,0,0.0,0.161,0.199,0.493,0.104,"#88827d,#2d2a2c,#e6c2cd",1,,
E27yUdPTNEU,https://www.youtube.com/watch?v=E27yUdPTNEU,How To Make Perfect Dipped Beeswax Taper Candles (In An Old Tin Can),245.0,storyboard,11,86.94,94.84,7.9,https://youtu.be/E27yUdPTNEU?t=87s,pour_wax,assemble,1,0.45,Dipping the tapers into the wax.,1 Hl Perlite veh wh Ter ees thins se carta eine eo,1,0.0,0.126,0.107,0.572,0.079,"#888883,#b9bdb8,#594628",1,,
E27yUdPTNEU,https://www.youtube.com/watch?v=E27yUdPTNEU,How To Make Perfect Dipped Beeswax Taper Candles (In An Old Tin Can),245.0,storyboard,12,94.84,102.74,7.9,https://youtu.be/E27yUdPTNEU?t=95s,pour_wax,assemble,1,0.4,Tapers dipped into a green cooling bath between wax dips.,,0,0.0,0.181,0.2,0.558,0.092,"#aebad0,#888586,#56443e",1,,
E27yUdPTNEU,https://www.youtube.com/watch?v=E27yUdPTNEU,How To Make Perfect Dipped Beeswax Taper Candles (In An Old Tin Can),245.0,storyboard,13,102.74,110.65,7.91,https://youtu.be/E27yUdPTNEU?t=103s,pour_wax,assemble,1,0.45,Back into the wax for another coat.,7 4 ay ii Sheed hires uy,1,0.0,0.191,0.189,0.496,0.147,"#72675c,#302d2e,#c9ccb0",1,,
E27yUdPTNEU,https://www.youtube.com/watch?v=E27yUdPTNEU,How To Make Perfect Dipped Beeswax Taper Candles (In An Old Tin Can),245.0,storyboard,14,110.65,118.55,7.9,https://youtu.be/E27yUdPTNEU?t=111s,pour_wax,assemble,1,0.45,Continued taper building by dipping.,aah ee 0 7 brn hess at the'adim,1,0.333,0.201,0.053,0.443,0.177,"#332d2d,#766b5f,#c9c8a1",1,,
E27yUdPTNEU,https://www.youtube.com/watch?v=E27yUdPTNEU,How To Make Perfect Dipped Beeswax Taper Candles (In An Old Tin Can),245.0,storyboard,16,126.45,134.35,7.9,https://youtu.be/E27yUdPTNEU?t=126s,pour_wax,assemble,1,0.45,More dips to thicken the candles.,chs,0,0.333,0.192,0.172,0.492,0.143,"#37312e,#8c7a5d,#d7cca9",1,,
E27yUdPTNEU,https://www.youtube.com/watch?v=E27yUdPTNEU,How To Make Perfect Dipped Beeswax Taper Candles (In An Old Tin Can),245.0,storyboard,17,134.35,142.26,7.91,https://youtu.be/E27yUdPTNEU?t=134s,pour_wax,assemble,1,0.4,Cooling dip in water between wax coats.,fetes,0,0.0,0.146,0.192,0.518,0.108,"#aca9a4,#817c77,#52463d",1,,
E27yUdPTNEU,https://www.youtube.com/watch?v=E27yUdPTNEU,How To Make Perfect Dipped Beeswax Taper Candles (In An Old Tin Can),245.0,storyboard,18,142.26,150.16,7.9,https://youtu.be/E27yUdPTNEU?t=142s,pour_wax,assemble,1,0.45,Final wax dips on the tapers.,of Hk ao6,1,0.0,0.257,0.149,0.386,0.186,"#342f2d,#806c53,#bcac9f",1,,
E27yUdPTNEU,https://www.youtube.com/watch?v=E27yUdPTNEU,How To Make Perfect Dipped Beeswax Taper Candles (In An Old Tin Can),245.0,storyboard,19,150.16,158.06,7.9,https://youtu.be/E27yUdPTNEU?t=150s,prepare_container,prep,1,0.4,Tapers hung to set.,Wee oe,0,0.333,0.214,0.082,0.349,0.198,"#2f2925,#675e55,#b3905d",1,,
E27yUdPTNEU,https://www.youtube.com/watch?v=E27yUdPTNEU,How To Make Perfect Dipped Beeswax Taper Candles (In An Old Tin Can),245.0,storyboard,20,158.06,165.97,7.91,https://youtu.be/E27yUdPTNEU?t=158s,prepare_container,prep,1,0.4,Hanging the dipped tapers in a bucket of wax.,me,0,0.0,0.185,0.239,0.37,0.18,"#866758,#292122,#c9aabd",1,,
E27yUdPTNEU,https://www.youtube.com/watch?v=E27yUdPTNEU,How To Make Perfect Dipped Beeswax Taper Candles (In An Old Tin Can),245.0,storyboard,21,165.97,173.87,7.9,https://youtu.be/E27yUdPTNEU?t=166s,trim_wick,finish,1,0.4,Wick ends trimmed/cut on the dipped tapers.,"ze. needed decp COMaDS too, oe",1,0.0,0.187,0.229,0.356,0.123,"#24251e,#57594e,#c6b9b5",1,,
E27yUdPTNEU,https://www.youtube.com/watch?v=E27yUdPTNEU,How To Make Perfect Dipped Beeswax Taper Candles (In An Old Tin Can),245.0,storyboard,22,173.87,181.77,7.9,https://youtu.be/E27yUdPTNEU?t=174s,decorate_finish,finish,1,0.4,Tapers smoothed; final shaping.,ly,0,0.0,0.032,0.206,0.465,0.098,"#a6a7b6,#777276,#3e2f2d",1,,
E27yUdPTNEU,https://www.youtube.com/watch?v=E27yUdPTNEU,How To Make Perfect Dipped Beeswax Taper Candles (In An Old Tin Can),245.0,storyboard,23,181.77,189.68,7.91,https://youtu.be/E27yUdPTNEU?t=182s,decorate_finish,finish,1,0.4,Rolling/straightening the warm tapers.,wa rua niphrocs hes.,1,0.0,0.139,0.083,0.514,0.075,"#a3a7b2,#837e80,#3e292b",1,,
E27yUdPTNEU,https://www.youtube.com/watch?v=E27yUdPTNEU,How To Make Perfect Dipped Beeswax Taper Candles (In An Old Tin Can),245.0,storyboard,24,189.68,197.58,7.9,https://youtu.be/E27yUdPTNEU?t=190s,decorate_finish,finish,1,0.45,A taper rolled flat/straight on a board to finish it.,se ai ta,1,0.0,0.097,0.088,0.505,0.075,"#888183,#a1a7b1,#4b3433",1,,
E27yUdPTNEU,https://www.youtube.com/watch?v=E27yUdPTNEU,How To Make Perfect Dipped Beeswax Taper Candles (In An Old Tin Can),245.0,storyboard,25,197.58,205.48,7.9,https://youtu.be/E27yUdPTNEU?t=198s,pour_wax,assemble,1,0.4,Caption 'One last dip in the dip can'; final dip.,ee Cy Pa,1,0.0,0.144,0.19,0.314,0.071,"#201a18,#6f5a53,#aaa4a6",1,,
E27yUdPTNEU,https://www.youtube.com/watch?v=E27yUdPTNEU,How To Make Perfect Dipped Beeswax Taper Candles (In An Old Tin Can),245.0,storyboard,26,205.48,213.39,7.91,https://youtu.be/E27yUdPTNEU?t=205s,reveal_result,finish,1,0.55,Finished beeswax tapers hanging in rows.,Hi,0,0.0,0.091,0.22,0.568,0.122,"#b6c4d9,#5f5745,#8d8d85",1,,
E27yUdPTNEU,https://www.youtube.com/watch?v=E27yUdPTNEU,How To Make Perfect Dipped Beeswax Taper Candles (In An Old Tin Can),245.0,storyboard,27,213.39,221.29,7.9,https://youtu.be/E27yUdPTNEU?t=213s,reveal_result,finish,1,0.55,Rows of finished tapers shown.,,0,0.0,0.085,0.239,0.563,0.089,"#bebeca,#6d583f,#a0948d",1,,
E27yUdPTNEU,https://www.youtube.com/watch?v=E27yUdPTNEU,How To Make Perfect Dipped Beeswax Taper Candles (In An Old Tin Can),245.0,storyboard,28,221.29,229.19,7.9,https://youtu.be/E27yUdPTNEU?t=221s,reveal_result,finish,1,0.6,The dipped beeswax tapers shown lit.,,0,0.0,0.081,0.133,0.437,0.082,"#72605d,#462641,#d0c8c4",1,,
E27yUdPTNEU,https://www.youtube.com/watch?v=E27yUdPTNEU,How To Make Perfect Dipped Beeswax Taper Candles (In An Old Tin Can),245.0,storyboard,29,229.19,237.1,7.91,https://youtu.be/E27yUdPTNEU?t=229s,reveal_result,finish,1,0.55,Lit tapers; captions 'And yes they do work / smell good too'.,at,0,0.0,0.086,0.12,0.411,0.131,"#8f7765,#7e583d,#42271c",1,,description references on-screen text but OCR found none
FhVukBUHls0,https://www.youtube.com/watch?v=FhVukBUHls0,"Candle Making Kit with Electronic Hot Plate for Beginners, Adults, and Kids",110.0,storyboard,1,7.86,15.71,7.85,https://youtu.be/FhVukBUHls0?t=8s,gather_materials,prep,1,0.5,"Kit packets, the electronic hotplate and a metal melting pan are arranged for the build.",es,0,0.333,0.19,0.026,0.573,0.077,"#9a8e82,#e1dbd2,#2e2929",1,,
FhVukBUHls0,https://www.youtube.com/watch?v=FhVukBUHls0,"Candle Making Kit with Electronic Hot Plate for Beginners, Adults, and Kids",110.0,storyboard,2,15.71,23.57,7.86,https://youtu.be/FhVukBUHls0?t=16s,measure_wax,prep,1,0.55,Vacuum-packed white wax bricks are laid out and portioned into the pan.,,0,0.0,0.12,0.241,0.602,0.089,"#b49c83,#dfd8cc,#504744",1,,
FhVukBUHls0,https://www.youtube.com/watch?v=FhVukBUHls0,"Candle Making Kit with Electronic Hot Plate for Beginners, Adults, and Kids",110.0,storyboard,3,23.57,31.43,7.86,https://youtu.be/FhVukBUHls0?t=24s,melt_wax,process,1,0.65,"White wax melts in the metal pan on the electronic hotplate, stirred with a stick.",ne im ifs 1,1,0.0,0.151,0.03,0.582,0.057,"#bfbdc0,#857e7f,#363133",1,,
FhVukBUHls0,https://www.youtube.com/watch?v=FhVukBUHls0,"Candle Making Kit with Electronic Hot Plate for Beginners, Adults, and Kids",110.0,storyboard,4,31.43,39.29,7.86,https://youtu.be/FhVukBUHls0?t=31s,melt_wax,process,1,0.65,Continued stirring of the melting white wax in the pan.,AS Ai Bf ee,1,0.0,0.144,0.065,0.574,0.075,"#bfbfc2,#837f80,#28282b",1,,
FhVukBUHls0,https://www.youtube.com/watch?v=FhVukBUHls0,"Candle Making Kit with Electronic Hot Plate for Beginners, Adults, and Kids",110.0,storyboard,5,39.29,47.14,7.85,https://youtu.be/FhVukBUHls0?t=39s,pour_wax,assemble,1,0.6,Molten wax is poured into a glass and stirred with a stick.,ee See ets. 7 7,1,0.333,0.152,0.107,0.535,0.14,"#877161,#c0ac96,#3a2a20",1,,
FhVukBUHls0,https://www.youtube.com/watch?v=FhVukBUHls0,"Candle Making Kit with Electronic Hot Plate for Beginners, Adults, and Kids",110.0,storyboard,6,47.14,55.0,7.86,https://youtu.be/FhVukBUHls0?t=47s,pour_wax,assemble,1,0.5,The glass holds poured wax; hands work with the pan alongside.,,0,0.0,0.171,0.102,0.533,0.14,"#c3b7a7,#8c7564,#3a2e25",1,,
FhVukBUHls0,https://www.youtube.com/watch?v=FhVukBUHls0,"Candle Making Kit with Electronic Hot Plate for Beginners, Adults, and Kids",110.0,storyboard,7,55.0,62.86,7.86,https://youtu.be/FhVukBUHls0?t=55s,add_dye_color,process,1,0.5,Green colour is introduced — a metal pitcher of wax turns green.,ne Rye Cy Sy 4,1,0.333,0.143,0.128,0.521,0.146,"#9c867f,#cfc0bb,#473c38",1,,
FhVukBUHls0,https://www.youtube.com/watch?v=FhVukBUHls0,"Candle Making Kit with Electronic Hot Plate for Beginners, Adults, and Kids",110.0,storyboard,8,62.86,70.71,7.85,https://youtu.be/FhVukBUHls0?t=63s,add_dye_color,process,1,0.5,Green molten wax is stirred in the pitcher.,lf 2,0,0.0,0.13,0.191,0.516,0.125,"#8f7f79,#c5bdb8,#433b39",1,,
FhVukBUHls0,https://www.youtube.com/watch?v=FhVukBUHls0,"Candle Making Kit with Electronic Hot Plate for Beginners, Adults, and Kids",110.0,storyboard,9,70.71,78.57,7.86,https://youtu.be/FhVukBUHls0?t=71s,pour_wax,assemble,1,0.6,Green wax is poured into the glass; a clip holds the wick centred.,4 fi ri ye,1,0.333,0.12,0.19,0.539,0.142,"#8e8075,#cdb8a6,#413830",1,,
FhVukBUHls0,https://www.youtube.com/watch?v=FhVukBUHls0,"Candle Making Kit with Electronic Hot Plate for Beginners, Adults, and Kids",110.0,storyboard,10,78.57,86.43,7.86,https://youtu.be/FhVukBUHls0?t=79s,set_wick,assemble,1,0.55,Hands adjust the wick peg/clip on the glass rim as the wax sets.,he me ES.,1,0.0,0.098,0.194,0.586,0.062,"#c2c0bf,#8a8483,#363433",1,,
FhVukBUHls0,https://www.youtube.com/watch?v=FhVukBUHls0,"Candle Making Kit with Electronic Hot Plate for Beginners, Adults, and Kids",110.0,storyboard,11,86.43,94.29,7.86,https://youtu.be/FhVukBUHls0?t=86s,decorate_finish,finish,1,0.45,Hands smooth/finish the candle top on a tray.,575.3,0,0.0,0.063,0.209,0.663,0.179,"#a18a81,#d7c5c1,#453736",1,,
FxW5eR7Uv3o,https://www.youtube.com/watch?v=FxW5eR7Uv3o,How to Make Candles at Home - Candle Making Step by Step,522.0,storyboard,48,385.48,393.51,8.03,https://youtu.be/FxW5eR7Uv3o?t=385s,measure_wax,prep,1,0.45,overhead scale with dye pots,,0,0.0,0.017,0.0,0.489,0.121,"#cdb094,#8f745e,#2d221c",1,,
FxW5eR7Uv3o,https://www.youtube.com/watch?v=FxW5eR7Uv3o,How to Make Candles at Home - Candle Making Step by Step,522.0,storyboard,49,393.51,401.54,8.03,https://youtu.be/FxW5eR7Uv3o?t=394s,melt_wax,process,1,0.45,overhead melter pot,Cee,0,0.0,0.037,0.154,0.533,0.101,"#b8a794,#9e8773,#2e1f16",1,,
FxW5eR7Uv3o,https://www.youtube.com/watch?v=FxW5eR7Uv3o,How to Make Candles at Home - Candle Making Step by Step,522.0,storyboard,59,473.82,481.85,8.03,https://youtu.be/FxW5eR7Uv3o?t=474s,reveal_result,finish,1,0.45,host holding finished candle disc,Sioa fa oaa aS 2. ss ii aa fl ail nil CRE,1,0.0,0.026,0.023,0.518,0.117,"#c6af99,#a7896f,#5b3a28",1,,
G42ivbBdIHY,https://www.youtube.com/watch?v=G42ivbBdIHY,Essential Oil Candles DIY For Beginners | Step By Step Candle Making Tutorial,693.0,storyboard,15,119.48,127.45,7.97,https://youtu.be/G42ivbBdIHY?t=119s,gather_materials,prep,1,0.45,Host shows the thermometer.,,0,0.0,0.188,0.037,0.638,0.077,"#c4c5c4,#938d8c,#463e3d",1,,
G42ivbBdIHY,https://www.youtube.com/watch?v=G42ivbBdIHY,Essential Oil Candles DIY For Beginners | Step By Step Candle Making Tutorial,693.0,storyboard,17,135.41,143.38,7.97,https://youtu.be/G42ivbBdIHY?t=135s,gather_materials,prep,1,0.6,Host talks to camera.,KAREN CLEAR 7 Fs tadn feet,1,0.0,0.171,0.066,0.64,0.073,"#c6cbd2,#97969a,#3f4044",1,,
G42ivbBdIHY,https://www.youtube.com/watch?v=G42ivbBdIHY,Essential Oil Candles DIY For Beginners | Step By Step Candle Making Tutorial,693.0,storyboard,18,143.38,151.34,7.96,https://youtu.be/G42ivbBdIHY?t=143s,gather_materials,prep,1,0.45,'Karen clear 20cl' jar shown.,chit,0,0.0,0.174,0.022,0.665,0.076,"#cdcecb,#9f9995,#4b4340",1,,description references on-screen text but OCR found none
G42ivbBdIHY,https://www.youtube.com/watch?v=G42ivbBdIHY,Essential Oil Candles DIY For Beginners | Step By Step Candle Making Tutorial,693.0,storyboard,19,151.34,159.31,7.97,https://youtu.be/G42ivbBdIHY?t=151s,gather_materials,prep,1,0.45,Host shows the wick.,9 ta.,0,0.0,0.174,0.0,0.66,0.074,"#cdccc9,#9a958f,#48403c",1,,
G42ivbBdIHY,https://www.youtube.com/watch?v=G42ivbBdIHY,Essential Oil Candles DIY For Beginners | Step By Step Candle Making Tutorial,693.0,storyboard,20,159.31,167.28,7.97,https://youtu.be/G42ivbBdIHY?t=159s,gather_materials,prep,1,0.45,Host shows the wax.,Se Bao,0,0.0,0.189,0.038,0.681,0.081,"#d3d1cd,#a49b94,#48403c",1,,
G42ivbBdIHY,https://www.youtube.com/watch?v=G42ivbBdIHY,Essential Oil Candles DIY For Beginners | Step By Step Candle Making Tutorial,693.0,storyboard,21,167.28,175.24,7.96,https://youtu.be/G42ivbBdIHY?t=167s,prepare_container,prep,1,0.45,'Clean out your jar'; wiping the jar (heat gun shown).,ar oe 14 st ar 7,1,0.0,0.089,0.176,0.506,0.076,"#7a7a79,#55504b,#a6aaac",1,,
G42ivbBdIHY,https://www.youtube.com/watch?v=G42ivbBdIHY,Essential Oil Candles DIY For Beginners | Step By Step Candle Making Tutorial,693.0,storyboard,28,223.03,231.0,7.97,https://youtu.be/G42ivbBdIHY?t=223s,melt_wax,process,1,0.45,Pink pot melting wax on the gas stove.,PB es woe OE eat os me ae Ge ye os,1,0.0,0.253,0.306,0.545,0.079,"#332d2a,#b3b0b3,#7e7572",1,,
G42ivbBdIHY,https://www.youtube.com/watch?v=G42ivbBdIHY,Essential Oil Candles DIY For Beginners | Step By Step Candle Making Tutorial,693.0,storyboard,29,231.0,238.97,7.97,https://youtu.be/G42ivbBdIHY?t=231s,melt_wax,process,1,0.45,Melting wax on the stove.,sce,0,0.0,0.241,0.296,0.584,0.078,"#a7a19e,#d0d2d4,#5b5452",1,,
G42ivbBdIHY,https://www.youtube.com/watch?v=G42ivbBdIHY,Essential Oil Candles DIY For Beginners | Step By Step Candle Making Tutorial,693.0,storyboard,36,286.76,294.72,7.96,https://youtu.be/G42ivbBdIHY?t=287s,melt_wax,process,1,0.45,At the stove melting wax.,wie nil,0,0.0,0.119,0.038,0.7,0.055,"#bab5b3,#dedfe0,#3f3834",1,,
G42ivbBdIHY,https://www.youtube.com/watch?v=G42ivbBdIHY,Essential Oil Candles DIY For Beginners | Step By Step Candle Making Tutorial,693.0,storyboard,37,294.72,302.69,7.97,https://youtu.be/G42ivbBdIHY?t=295s,melt_wax,process,1,0.45,Melting wax in the pot.,,0,0.0,0.113,0.18,0.685,0.059,"#ceced0,#a19997,#4f4643",1,,
G42ivbBdIHY,https://www.youtube.com/watch?v=G42ivbBdIHY,Essential Oil Candles DIY For Beginners | Step By Step Candle Making Tutorial,693.0,storyboard,38,302.69,310.66,7.97,https://youtu.be/G42ivbBdIHY?t=303s,melt_wax,process,1,0.45,Tending the melting wax.,La tt ane,1,0.0,0.145,0.0,0.667,0.064,"#cfcfd2,#a09997,#4a413d",1,,
G42ivbBdIHY,https://www.youtube.com/watch?v=G42ivbBdIHY,Essential Oil Candles DIY For Beginners | Step By Step Candle Making Tutorial,693.0,storyboard,39,310.66,318.62,7.96,https://youtu.be/G42ivbBdIHY?t=311s,melt_wax,process,1,0.6,Host talks to camera.,ry eck. oi 3 es,1,0.0,0.151,0.018,0.666,0.065,"#a39d9a,#cfd0d2,#504743",1,,
G42ivbBdIHY,https://www.youtube.com/watch?v=G42ivbBdIHY,Essential Oil Candles DIY For Beginners | Step By Step Candle Making Tutorial,693.0,storyboard,40,318.62,326.59,7.97,https://youtu.be/G42ivbBdIHY?t=319s,melt_wax,process,1,0.45,At the stove with the wax pot.,Al. Se fox,1,0.0,0.162,0.024,0.664,0.067,"#cfced0,#9f9894,#4a403e",1,,
G42ivbBdIHY,https://www.youtube.com/watch?v=G42ivbBdIHY,Essential Oil Candles DIY For Beginners | Step By Step Candle Making Tutorial,693.0,storyboard,60,477.93,485.9,7.97,https://youtu.be/G42ivbBdIHY?t=478s,add_fragrance,process,1,0.45,Adding essential oils to the melted wax.,as 2 ag: SSD aes,1,0.0,0.122,0.075,0.643,0.064,"#c2c4c6,#949290,#3e3938",1,,
G42ivbBdIHY,https://www.youtube.com/watch?v=G42ivbBdIHY,Essential Oil Candles DIY For Beginners | Step By Step Candle Making Tutorial,693.0,storyboard,62,493.86,501.83,7.97,https://youtu.be/G42ivbBdIHY?t=494s,monitor_temperature,process,1,0.45,Checking the wax temperature with a thermometer.,ta 7.,0,0.0,0.122,0.04,0.641,0.057,"#9e9e9e,#cacfd3,#424143",1,,
G42ivbBdIHY,https://www.youtube.com/watch?v=G42ivbBdIHY,Essential Oil Candles DIY For Beginners | Step By Step Candle Making Tutorial,693.0,storyboard,76,605.38,613.34,7.96,https://youtu.be/G42ivbBdIHY?t=605s,reveal_result,finish,1,0.55,Hands hold the finished white jar candle.,,0,0.0,0.033,0.091,0.469,0.068,"#776d67,#a9a6a8,#36231f",1,,
G42ivbBdIHY,https://www.youtube.com/watch?v=G42ivbBdIHY,Essential Oil Candles DIY For Beginners | Step By Step Candle Making Tutorial,693.0,storyboard,77,613.34,621.31,7.97,https://youtu.be/G42ivbBdIHY?t=613s,reveal_result,finish,1,0.55,Showing the finished essential-oil candle.,,0,0.0,0.054,0.0,0.415,0.088,"#3f2723,#7f7671,#b1adb1",1,,
GAh9lQmaEvI,https://www.youtube.com/watch?v=GAh9lQmaEvI,How to make scented candles at home step by step,135.0,storyboard,1,7.94,15.88,7.94,https://youtu.be/GAh9lQmaEvI?t=8s,prepare_container,prep,1,0.7,step 1: washing jars under tap,,0,0.0,0.001,0.053,0.751,0.076,"#c2c2c2,#bfc3c2,#c2c2c0",1,,
GAh9lQmaEvI,https://www.youtube.com/watch?v=GAh9lQmaEvI,How to make scented candles at home step by step,135.0,storyboard,2,15.88,23.82,7.94,https://youtu.be/GAh9lQmaEvI?t=16s,prepare_container,prep,1,0.65,"step 2: drying jars in oven, 'preheat'",,0,0.0,0.091,0.367,0.513,0.07,"#c1c1c2,#324ec9,#537ad2",1,,description references on-screen text but OCR found none
GAh9lQmaEvI,https://www.youtube.com/watch?v=GAh9lQmaEvI,How to make scented candles at home step by step,135.0,storyboard,3,23.82,31.76,7.94,https://youtu.be/GAh9lQmaEvI?t=24s,prepare_container,prep,1,0.6,step 3: wicks laid out,pret,0,0.0,0.024,0.025,0.734,0.031,"#b0c4c3,#849391,#44504f",1,,
GAh9lQmaEvI,https://www.youtube.com/watch?v=GAh9lQmaEvI,How to make scented candles at home step by step,135.0,storyboard,4,31.76,39.71,7.95,https://youtu.be/GAh9lQmaEvI?t=32s,prepare_container,prep,1,0.7,step 4: glue + stick wick inside jar,S/W 2 va om 4 WeakeRiey aS OU MOI IOVOT EAN Gi tACH Ane Dy ICKSie,1,0.0,0.015,0.059,0.757,0.041,"#c6d0c5,#afbaaf,#929d90",1,,
GAh9lQmaEvI,https://www.youtube.com/watch?v=GAh9lQmaEvI,How to make scented candles at home step by step,135.0,storyboard,5,39.71,47.65,7.94,https://youtu.be/GAh9lQmaEvI?t=40s,measure_wax,prep,1,0.55,step 5: measuring in bowls,,0,0.0,0.001,0.026,0.744,0.017,"#c1c1c2,#c0c3be,#b9bbbb",1,,
GAh9lQmaEvI,https://www.youtube.com/watch?v=GAh9lQmaEvI,How to make scented candles at home step by step,135.0,storyboard,6,47.65,55.59,7.94,https://youtu.be/GAh9lQmaEvI?t=48s,measure_wax,prep,1,0.75,"step 6: 'Measure out the wax', flakes in cup",Uv,0,0.0,0.036,0.205,0.655,0.099,"#c1c1c2,#1544ea,#9095f0",1,,description references on-screen text but OCR found none
GAh9lQmaEvI,https://www.youtube.com/watch?v=GAh9lQmaEvI,How to make scented candles at home step by step,135.0,storyboard,7,55.59,63.53,7.94,https://youtu.be/GAh9lQmaEvI?t=56s,melt_wax,process,1,0.75,step 7: wax cup in double boiler pot,0 hf ay Burn thestove tow 10 aifesiutl neat,1,0.0,0.015,0.042,0.753,0.041,"#c8d1c2,#a9ae99,#7a7b60",1,,
GAh9lQmaEvI,https://www.youtube.com/watch?v=GAh9lQmaEvI,How to make scented candles at home step by step,135.0,storyboard,8,63.53,71.47,7.94,https://youtu.be/GAh9lQmaEvI?t=64s,monitor_temperature,process,1,0.7,step 8: 'Test the temperature of the wax',"7 4 Test the temperature of the wax,",1,0.0,0.014,0.237,0.681,0.065,"#5f5b4b,#c4cac1,#989987",1,,
GAh9lQmaEvI,https://www.youtube.com/watch?v=GAh9lQmaEvI,How to make scented candles at home step by step,135.0,storyboard,9,71.47,79.41,7.94,https://youtu.be/GAh9lQmaEvI?t=71s,add_fragrance,process,1,0.4,hands working in bowl,,0,0.0,0.012,0.138,0.678,0.048,"#c1c1c2,#bfc3be,#aaafb3",1,,
GAh9lQmaEvI,https://www.youtube.com/watch?v=GAh9lQmaEvI,How to make scented candles at home step by step,135.0,storyboard,10,79.41,87.35,7.94,https://youtu.be/GAh9lQmaEvI?t=79s,add_fragrance,process,1,0.6,dropper adding essential oils,,0,0.0,0.05,0.213,0.776,0.091,"#c1c1c2,#3b4caf,#567bcb",1,,
GAh9lQmaEvI,https://www.youtube.com/watch?v=GAh9lQmaEvI,How to make scented candles at home step by step,135.0,storyboard,11,87.35,95.29,7.94,https://youtu.be/GAh9lQmaEvI?t=87s,add_fragrance,process,1,0.5,"green wax, dropper, thermometer",wi ASA we Por it 7 ih 7 7 7 oe al im os 2 ie 3 2 -Placea tra ee,1,0.0,0.056,0.209,0.697,0.078,"#9a9e62,#bfcabf,#516027",1,,
GAh9lQmaEvI,https://www.youtube.com/watch?v=GAh9lQmaEvI,How to make scented candles at home step by step,135.0,storyboard,12,95.29,103.24,7.95,https://youtu.be/GAh9lQmaEvI?t=95s,pour_wax,assemble,1,0.75,'Pour the wax into your container',Baa ie ai 7 Za Re an ae ey Pourthe Waxinto.your jars slowly,1,0.0,0.035,0.223,0.685,0.126,"#8fa14a,#54721e,#b7c3a9",1,,
GAh9lQmaEvI,https://www.youtube.com/watch?v=GAh9lQmaEvI,How to make scented candles at home step by step,135.0,storyboard,13,103.24,111.18,7.94,https://youtu.be/GAh9lQmaEvI?t=103s,pour_wax,assemble,1,0.7,"pouring green wax, 'leave space at top'",,0,0.0,0.012,0.088,0.714,0.101,"#c1c1c1,#8c92aa,#a6a8ba",1,,description references on-screen text but OCR found none
GAh9lQmaEvI,https://www.youtube.com/watch?v=GAh9lQmaEvI,How to make scented candles at home step by step,135.0,storyboard,14,111.18,119.12,7.94,https://youtu.be/GAh9lQmaEvI?t=111s,pour_wax,assemble,1,0.55,"'Top off the candle', green+blue jars",17,0,0.0,0.056,0.19,0.659,0.162,"#c1c1c2,#6b70a4,#7589b1",1,,description references on-screen text but OCR found none
GAh9lQmaEvI,https://www.youtube.com/watch?v=GAh9lQmaEvI,How to make scented candles at home step by step,135.0,storyboard,15,119.12,127.06,7.94,https://youtu.be/GAh9lQmaEvI?t=119s,trim_wick,finish,1,0.5,'Trim the wick' + finished candles,LINKS Yarstuss Vigsos TUTORIALS TIPS HOW TO,1,0.0,0.017,0.042,0.736,0.158,"#c5cec6,#b9c1ba,#101eb0",1,,
HPD1k0lhDCU,https://www.youtube.com/watch?v=HPD1k0lhDCU,How to Make Luxury Coconut Apricot Wax Candles | Step-by-Step Tutorial,687.0,storyboard,2,15.98,23.97,7.99,https://youtu.be/HPD1k0lhDCU?t=16s,prepare_container,prep,1,0.45,Arranging the rows of amber jars with wick stickers.,ge ES he 4 ee JRE KE 10 Ld theseaes,1,0.0,0.16,0.194,0.416,0.169,"#332216,#b2ab9d,#886844",1,,
HPD1k0lhDCU,https://www.youtube.com/watch?v=HPD1k0lhDCU,How to Make Luxury Coconut Apricot Wax Candles | Step-by-Step Tutorial,687.0,storyboard,5,39.94,47.93,7.99,https://youtu.be/HPD1k0lhDCU?t=40s,prepare_container,prep,1,0.45,Arranging the rows of amber jars with wick stickers.,igri nese wo is 4 Ve ee es,1,0.0,0.125,0.158,0.392,0.226,"#916367,#401c23,#b6aead",1,,
HPD1k0lhDCU,https://www.youtube.com/watch?v=HPD1k0lhDCU,How to Make Luxury Coconut Apricot Wax Candles | Step-by-Step Tutorial,687.0,storyboard,6,47.93,55.92,7.99,https://youtu.be/HPD1k0lhDCU?t=48s,prepare_container,prep,1,0.45,Pink-gloved hands fit wicks into the rows of amber jars.,be Vier Kae TS hs ss SMES Be,1,0.0,0.147,0.142,0.44,0.201,"#946a65,#382416,#bcb2aa",1,,
HPD1k0lhDCU,https://www.youtube.com/watch?v=HPD1k0lhDCU,How to Make Luxury Coconut Apricot Wax Candles | Step-by-Step Tutorial,687.0,storyboard,8,63.91,71.9,7.99,https://youtu.be/HPD1k0lhDCU?t=64s,prepare_container,prep,1,0.45,Arranging the rows of amber jars with wick stickers.,io ve S&S Ji we ba,1,0.0,0.154,0.157,0.456,0.149,"#90806d,#453121,#cfcabe",1,,
HPD1k0lhDCU,https://www.youtube.com/watch?v=HPD1k0lhDCU,How to Make Luxury Coconut Apricot Wax Candles | Step-by-Step Tutorial,687.0,storyboard,9,71.9,79.88,7.98,https://youtu.be/HPD1k0lhDCU?t=72s,prepare_container,prep,1,0.45,Pink-gloved hands fit wicks into the rows of amber jars.,ve Ve NN 7 sf ee Aa,1,0.0,0.063,0.154,0.444,0.196,"#412526,#8f6d71,#b7aca7",1,,
HPD1k0lhDCU,https://www.youtube.com/watch?v=HPD1k0lhDCU,How to Make Luxury Coconut Apricot Wax Candles | Step-by-Step Tutorial,687.0,storyboard,11,87.87,95.86,7.99,https://youtu.be/HPD1k0lhDCU?t=88s,prepare_container,prep,1,0.45,Arranging the rows of amber jars with wick stickers.,Vee Be he me ae Sl he Sax,1,0.0,0.121,0.12,0.407,0.193,"#3c2321,#7f5f65,#b1a7a0",1,,
HPD1k0lhDCU,https://www.youtube.com/watch?v=HPD1k0lhDCU,How to Make Luxury Coconut Apricot Wax Candles | Step-by-Step Tutorial,687.0,storyboard,12,95.86,103.85,7.99,https://youtu.be/HPD1k0lhDCU?t=96s,prepare_container,prep,1,0.45,Pink-gloved hands fit wicks into the rows of amber jars.,aan hy ks ee ae oe ya,1,0.0,0.138,0.157,0.403,0.209,"#34231e,#b0a89e,#804950",1,,
HPD1k0lhDCU,https://www.youtube.com/watch?v=HPD1k0lhDCU,How to Make Luxury Coconut Apricot Wax Candles | Step-by-Step Tutorial,687.0,storyboard,14,111.84,119.83,7.99,https://youtu.be/HPD1k0lhDCU?t=112s,prepare_container,prep,1,0.45,Arranging the rows of amber jars with wick stickers.,4 AS ho ae BG ply Awe. la XA,1,0.0,0.161,0.162,0.44,0.143,"#b9b5ae,#3c2519,#86756c",1,,
HPD1k0lhDCU,https://www.youtube.com/watch?v=HPD1k0lhDCU,How to Make Luxury Coconut Apricot Wax Candles | Step-by-Step Tutorial,687.0,storyboard,15,119.83,127.81,7.98,https://youtu.be/HPD1k0lhDCU?t=120s,prepare_container,prep,1,0.45,Pink-gloved hands fit wicks into the rows of amber jars.,2 os Sn ae. S/S paige ee,1,0.0,0.127,0.168,0.435,0.157,"#3a2119,#927873,#c3beb5",1,,
HPD1k0lhDCU,https://www.youtube.com/watch?v=HPD1k0lhDCU,How to Make Luxury Coconut Apricot Wax Candles | Step-by-Step Tutorial,687.0,storyboard,17,135.8,143.79,7.99,https://youtu.be/HPD1k0lhDCU?t=136s,prepare_container,prep,1,0.45,Arranging the rows of amber jars with wick stickers.,,0,0.0,0.008,0.517,0.65,0.12,"#2b2025,#926274,#d3b8ae",1,,
HPD1k0lhDCU,https://www.youtube.com/watch?v=HPD1k0lhDCU,How to Make Luxury Coconut Apricot Wax Candles | Step-by-Step Tutorial,687.0,storyboard,18,143.79,151.78,7.99,https://youtu.be/HPD1k0lhDCU?t=144s,prepare_container,prep,1,0.45,Pink-gloved hands fit wicks into the rows of amber jars.,Bee rt 4 4 7 Ya senate 7,1,0.0,0.037,0.291,0.442,0.162,"#b4aa9f,#675350,#cc459d",1,,
HPD1k0lhDCU,https://www.youtube.com/watch?v=HPD1k0lhDCU,How to Make Luxury Coconut Apricot Wax Candles | Step-by-Step Tutorial,687.0,storyboard,19,151.78,159.77,7.99,https://youtu.be/HPD1k0lhDCU?t=152s,prepare_container,prep,1,0.45,Centring wicks across the rows of amber jars.,,0,0.0,0.009,0.0,0.484,0.113,"#917d68,#60472c,#bcb4aa",1,,
HPD1k0lhDCU,https://www.youtube.com/watch?v=HPD1k0lhDCU,How to Make Luxury Coconut Apricot Wax Candles | Step-by-Step Tutorial,687.0,storyboard,20,159.77,167.76,7.99,https://youtu.be/HPD1k0lhDCU?t=160s,prepare_container,prep,1,0.45,Arranging the rows of amber jars with wick stickers.,4 ee ee ae is be SF 7 iit ook ys eF ee rs ait Ow ar 7 wa 7 4 Cl,1,0.0,0.036,0.16,0.48,0.156,"#60482c,#bbb099,#8a7d69",1,,
HPD1k0lhDCU,https://www.youtube.com/watch?v=HPD1k0lhDCU,How to Make Luxury Coconut Apricot Wax Candles | Step-by-Step Tutorial,687.0,storyboard,21,167.76,175.74,7.98,https://youtu.be/HPD1k0lhDCU?t=168s,prepare_container,prep,1,0.45,Pink-gloved hands fit wicks into the rows of amber jars.,"TT 4 gd mht ah, Bo 7. oa ee",1,0.0,0.124,0.17,0.43,0.136,"#b3a69f,#7b6252,#302014",1,,
HPD1k0lhDCU,https://www.youtube.com/watch?v=HPD1k0lhDCU,How to Make Luxury Coconut Apricot Wax Candles | Step-by-Step Tutorial,687.0,storyboard,22,175.74,183.73,7.99,https://youtu.be/HPD1k0lhDCU?t=176s,prepare_container,prep,1,0.45,Centring wicks across the rows of amber jars.,med Saye Ver Ore an 5.,1,0.0,0.166,0.103,0.437,0.174,"#b6a59c,#856859,#351f15",1,,
HPD1k0lhDCU,https://www.youtube.com/watch?v=HPD1k0lhDCU,How to Make Luxury Coconut Apricot Wax Candles | Step-by-Step Tutorial,687.0,storyboard,24,191.72,199.71,7.99,https://youtu.be/HPD1k0lhDCU?t=192s,measure_wax,prep,1,0.45,Weighing/measuring coconut-apricot wax.,med Cie hee ee oe as 2. DH 4 ww ag me gy vay Ky am,1,0.0,0.156,0.054,0.434,0.2,"#8d6361,#b6aea2,#332015",1,,
HPD1k0lhDCU,https://www.youtube.com/watch?v=HPD1k0lhDCU,How to Make Luxury Coconut Apricot Wax Candles | Step-by-Step Tutorial,687.0,storyboard,25,199.71,207.7,7.99,https://youtu.be/HPD1k0lhDCU?t=200s,melt_wax,process,1,0.5,Melting wax in a pot on the induction (blue glow).,yo ANGia 4 ys ee 4 Nam 7 eS ie,1,0.0,0.152,0.077,0.436,0.184,"#b0a194,#775d49,#2a1a0e",1,,
HPD1k0lhDCU,https://www.youtube.com/watch?v=HPD1k0lhDCU,How to Make Luxury Coconut Apricot Wax Candles | Step-by-Step Tutorial,687.0,storyboard,27,215.69,223.67,7.98,https://youtu.be/HPD1k0lhDCU?t=216s,pour_wax,assemble,1,0.45,Pouring wax into a pitcher/jar.,5 40 ay ad aRy rh. oy Ge ee 78 7 3 ee yes,1,0.0,0.183,0.108,0.446,0.167,"#b9aaa3,#8a645e,#321d12",1,,
HPD1k0lhDCU,https://www.youtube.com/watch?v=HPD1k0lhDCU,How to Make Luxury Coconut Apricot Wax Candles | Step-by-Step Tutorial,687.0,storyboard,28,223.67,231.66,7.99,https://youtu.be/HPD1k0lhDCU?t=224s,measure_wax,prep,1,0.45,Weighing/measuring coconut-apricot wax.,SS ha ay. ad oe: ri ay ACS ky ea,1,0.0,0.168,0.059,0.435,0.16,"#85745d,#b8b7a9,#312114",1,,
HPD1k0lhDCU,https://www.youtube.com/watch?v=HPD1k0lhDCU,How to Make Luxury Coconut Apricot Wax Candles | Step-by-Step Tutorial,687.0,storyboard,30,239.65,247.64,7.99,https://youtu.be/HPD1k0lhDCU?t=240s,add_fragrance,process,1,0.45,Adding fragrance/dye into the melted wax.,DA's: 2 rn yA ee ies is EH Ae os Bor ise 2. 2,1,0.0,0.198,0.031,0.424,0.126,"#aea998,#2a1c11,#746043",1,,
HPD1k0lhDCU,https://www.youtube.com/watch?v=HPD1k0lhDCU,How to Make Luxury Coconut Apricot Wax Candles | Step-by-Step Tutorial,687.0,storyboard,31,247.64,255.63,7.99,https://youtu.be/HPD1k0lhDCU?t=248s,pour_wax,assemble,1,0.45,Pouring wax into a pitcher/jar.,"AA ef ft AS ay vOF Me as zB 5 4 fay PP GF, af et wt dl",1,0.0,0.193,0.02,0.425,0.124,"#ada799,#2a1b10,#756145",1,,
HPD1k0lhDCU,https://www.youtube.com/watch?v=HPD1k0lhDCU,How to Make Luxury Coconut Apricot Wax Candles | Step-by-Step Tutorial,687.0,storyboard,32,255.63,263.62,7.99,https://youtu.be/HPD1k0lhDCU?t=256s,measure_wax,prep,1,0.45,Weighing/measuring coconut-apricot wax.,,0,0.0,0.017,0.0,0.7,0.088,"#cbcfcb,#3e2e1b,#8c7e80",1,,
HPD1k0lhDCU,https://www.youtube.com/watch?v=HPD1k0lhDCU,How to Make Luxury Coconut Apricot Wax Candles | Step-by-Step Tutorial,687.0,storyboard,34,271.6,279.59,7.99,https://youtu.be/HPD1k0lhDCU?t=272s,add_fragrance,process,1,0.45,Adding fragrance/dye into the melted wax.,oh,0,0.0,0.025,0.145,0.672,0.094,"#cdd1ce,#897978,#3e2f1f",1,,
HPD1k0lhDCU,https://www.youtube.com/watch?v=HPD1k0lhDCU,How to Make Luxury Coconut Apricot Wax Candles | Step-by-Step Tutorial,687.0,storyboard,35,279.59,287.58,7.99,https://youtu.be/HPD1k0lhDCU?t=280s,pour_wax,assemble,1,0.45,Pouring wax into a pitcher/jar.,,0,0.0,0.019,0.0,0.684,0.129,"#d3d7d3,#9a7b86,#422e23",1,,
HPD1k0lhDCU,https://www.youtube.com/watch?v=HPD1k0lhDCU,How to Make Luxury Coconut Apricot Wax Candles | Step-by-Step Tutorial,687.0,storyboard,36,287.58,295.57,7.99,https://youtu.be/HPD1k0lhDCU?t=288s,measure_wax,prep,1,0.45,Weighing/measuring coconut-apricot wax.,tl,0,0.0,0.023,0.286,0.561,0.182,"#ccd0cd,#977081,#46322c",1,,
HPD1k0lhDCU,https://www.youtube.com/watch?v=HPD1k0lhDCU,How to Make Luxury Coconut Apricot Wax Candles | Step-by-Step Tutorial,687.0,storyboard,37,295.57,303.56,7.99,https://youtu.be/HPD1k0lhDCU?t=296s,melt_wax,process,1,0.5,Melting wax in a pot on the induction (blue glow).,,0,0.0,0.019,0.07,0.684,0.09,"#d0d4cf,#938783,#453526",1,,
HPD1k0lhDCU,https://www.youtube.com/watch?v=HPD1k0lhDCU,How to Make Luxury Coconut Apricot Wax Candles | Step-by-Step Tutorial,687.0,storyboard,38,303.56,311.55,7.99,https://youtu.be/HPD1k0lhDCU?t=304s,add_fragrance,process,1,0.45,Adding fragrance/dye into the melted wax.,,0,0.0,0.016,0.0,0.679,0.151,"#d0d4cf,#996981,#48392c",1,,
HPD1k0lhDCU,https://www.youtube.com/watch?v=HPD1k0lhDCU,How to Make Luxury Coconut Apricot Wax Candles | Step-by-Step Tutorial,687.0,storyboard,39,311.55,319.53,7.98,https://youtu.be/HPD1k0lhDCU?t=312s,pour_wax,assemble,1,0.45,Pouring wax into a pitcher/jar.,,0,0.0,0.037,0.293,0.756,0.063,"#dcd8d2,#6f675f,#382817",1,,
HPD1k0lhDCU,https://www.youtube.com/watch?v=HPD1k0lhDCU,How to Make Luxury Coconut Apricot Wax Candles | Step-by-Step Tutorial,687.0,storyboard,40,319.53,327.52,7.99,https://youtu.be/HPD1k0lhDCU?t=320s,measure_wax,prep,1,0.45,Weighing/measuring coconut-apricot wax.,Oe Se es od PE Sw sete ee aie ote tne eee ne ee am Seas sey it it ae ea ee 1 wea 7 ae See ast 7 es 4 it 1 cea,1,0.0,0.031,0.168,0.638,0.103,"#cacac7,#9b9183,#69364e",1,,
HPD1k0lhDCU,https://www.youtube.com/watch?v=HPD1k0lhDCU,How to Make Luxury Coconut Apricot Wax Candles | Step-by-Step Tutorial,687.0,storyboard,42,335.51,343.5,7.99,https://youtu.be/HPD1k0lhDCU?t=336s,add_fragrance,process,1,0.45,Adding fragrance/dye into the melted wax.,sh. all,0,0.0,0.013,0.226,0.43,0.226,"#834c62,#c6b8a8,#3a3338",1,,
HPD1k0lhDCU,https://www.youtube.com/watch?v=HPD1k0lhDCU,How to Make Luxury Coconut Apricot Wax Candles | Step-by-Step Tutorial,687.0,storyboard,43,343.5,351.49,7.99,https://youtu.be/HPD1k0lhDCU?t=344s,pour_wax,assemble,1,0.45,Pouring wax into a pitcher/jar.,,0,0.0,0.046,0.266,0.45,0.133,"#7b786a,#262523,#c6bda4",1,,
HPD1k0lhDCU,https://www.youtube.com/watch?v=HPD1k0lhDCU,How to Make Luxury Coconut Apricot Wax Candles | Step-by-Step Tutorial,687.0,storyboard,44,351.49,359.48,7.99,https://youtu.be/HPD1k0lhDCU?t=351s,measure_wax,prep,1,0.45,Weighing/measuring coconut-apricot wax.,ae 4,0,0.0,0.034,0.0,0.431,0.162,"#6d6261,#b9af9b,#211d1e",1,,
HPD1k0lhDCU,https://www.youtube.com/watch?v=HPD1k0lhDCU,How to Make Luxury Coconut Apricot Wax Candles | Step-by-Step Tutorial,687.0,storyboard,45,359.48,367.47,7.99,https://youtu.be/HPD1k0lhDCU?t=359s,melt_wax,process,1,0.5,Melting wax in a pot on the induction (blue glow).,3 TRE 4 sy 7 af me ae..,1,0.0,0.042,0.141,0.46,0.152,"#6b6a6f,#b9b5a3,#252428",1,,
HPD1k0lhDCU,https://www.youtube.com/watch?v=HPD1k0lhDCU,How to Make Luxury Coconut Apricot Wax Candles | Step-by-Step Tutorial,687.0,storyboard,46,367.47,375.45,7.98,https://youtu.be/HPD1k0lhDCU?t=367s,add_fragrance,process,1,0.45,Adding fragrance/dye into the melted wax.,Seats ee 7 5 an,1,0.0,0.043,0.114,0.461,0.144,"#b2ac9e,#6b656d,#34302f",1,,
HPD1k0lhDCU,https://www.youtube.com/watch?v=HPD1k0lhDCU,How to Make Luxury Coconut Apricot Wax Candles | Step-by-Step Tutorial,687.0,storyboard,47,375.45,383.44,7.99,https://youtu.be/HPD1k0lhDCU?t=375s,pour_wax,assemble,1,0.45,Pouring wax into a pitcher/jar.,ri 4,0,0.0,0.093,0.0,0.433,0.159,"#706753,#bab29a,#272428",1,,
HPD1k0lhDCU,https://www.youtube.com/watch?v=HPD1k0lhDCU,How to Make Luxury Coconut Apricot Wax Candles | Step-by-Step Tutorial,687.0,storyboard,48,383.44,391.43,7.99,https://youtu.be/HPD1k0lhDCU?t=383s,pour_wax,assemble,1,0.5,Pouring amber wax into the rows of jars.,,0,0.0,0.098,0.147,0.446,0.162,"#807c6f,#2b2b29,#d2ccb8",1,,
HPD1k0lhDCU,https://www.youtube.com/watch?v=HPD1k0lhDCU,How to Make Luxury Coconut Apricot Wax Candles | Step-by-Step Tutorial,687.0,storyboard,49,391.43,399.42,7.99,https://youtu.be/HPD1k0lhDCU?t=391s,pour_wax,assemble,1,0.5,Pouring amber wax into the rows of jars.,jd aa. ys AS,1,0.0,0.13,0.119,0.427,0.161,"#786f60,#262524,#bbbaa9",1,,
HPD1k0lhDCU,https://www.youtube.com/watch?v=HPD1k0lhDCU,How to Make Luxury Coconut Apricot Wax Candles | Step-by-Step Tutorial,687.0,storyboard,50,399.42,407.41,7.99,https://youtu.be/HPD1k0lhDCU?t=399s,pour_wax,assemble,1,0.5,Pouring amber wax into the rows of jars.,ee cRNA ci an FF,1,0.0,0.095,0.0,0.454,0.166,"#7f735a,#c0baa9,#272525",1,,
HPD1k0lhDCU,https://www.youtube.com/watch?v=HPD1k0lhDCU,How to Make Luxury Coconut Apricot Wax Candles | Step-by-Step Tutorial,687.0,storyboard,51,407.41,415.4,7.99,https://youtu.be/HPD1k0lhDCU?t=407s,pour_wax,assemble,1,0.5,Pouring amber wax into the rows of jars.,eo ae ni,1,0.0,0.046,0.213,0.423,0.169,"#6f645c,#bab199,#2a2121",1,,
HPD1k0lhDCU,https://www.youtube.com/watch?v=HPD1k0lhDCU,How to Make Luxury Coconut Apricot Wax Candles | Step-by-Step Tutorial,687.0,storyboard,52,415.4,423.38,7.98,https://youtu.be/HPD1k0lhDCU?t=415s,pour_wax,assemble,1,0.5,Pouring amber wax into the rows of jars.,4 ey 3 By,1,0.0,0.019,0.213,0.455,0.208,"#453634,#a26173,#c3b6a3",1,,
HPD1k0lhDCU,https://www.youtube.com/watch?v=HPD1k0lhDCU,How to Make Luxury Coconut Apricot Wax Candles | Step-by-Step Tutorial,687.0,storyboard,53,423.38,431.37,7.99,https://youtu.be/HPD1k0lhDCU?t=423s,pour_wax,assemble,1,0.5,Pouring amber wax into the rows of jars.,4 2,0,0.0,0.025,0.0,0.471,0.252,"#4d3c31,#a15e79,#c7baa8",1,,
HPD1k0lhDCU,https://www.youtube.com/watch?v=HPD1k0lhDCU,How to Make Luxury Coconut Apricot Wax Candles | Step-by-Step Tutorial,687.0,storyboard,54,431.37,439.36,7.99,https://youtu.be/HPD1k0lhDCU?t=431s,pour_wax,assemble,1,0.5,Pouring amber wax into the rows of jars.,fa! ym,0,0.0,0.03,0.043,0.466,0.239,"#4a3636,#a26175,#c1b6a6",1,,
HPD1k0lhDCU,https://www.youtube.com/watch?v=HPD1k0lhDCU,How to Make Luxury Coconut Apricot Wax Candles | Step-by-Step Tutorial,687.0,storyboard,55,439.36,447.35,7.99,https://youtu.be/HPD1k0lhDCU?t=439s,pour_wax,assemble,1,0.5,Pouring amber wax into the rows of jars.,ji ama,0,0.0,0.037,0.202,0.477,0.12,"#7c776c,#4a3e23,#c4bdb1",1,,
HPD1k0lhDCU,https://www.youtube.com/watch?v=HPD1k0lhDCU,How to Make Luxury Coconut Apricot Wax Candles | Step-by-Step Tutorial,687.0,storyboard,56,447.35,455.34,7.99,https://youtu.be/HPD1k0lhDCU?t=447s,pour_wax,assemble,1,0.5,Pouring amber wax into the rows of jars.,SE,0,0.0,0.069,0.0,0.455,0.061,"#7c776d,#352c1a,#beb8ac",1,,
HPD1k0lhDCU,https://www.youtube.com/watch?v=HPD1k0lhDCU,How to Make Luxury Coconut Apricot Wax Candles | Step-by-Step Tutorial,687.0,storyboard,57,455.34,463.33,7.99,https://youtu.be/HPD1k0lhDCU?t=455s,pour_wax,assemble,1,0.5,Pouring amber wax into the rows of jars.,ta 4 SS 2,1,0.0,0.075,0.173,0.465,0.083,"#6b665b,#bbb7ac,#342819",1,,
HPD1k0lhDCU,https://www.youtube.com/watch?v=HPD1k0lhDCU,How to Make Luxury Coconut Apricot Wax Candles | Step-by-Step Tutorial,687.0,storyboard,58,463.33,471.31,7.98,https://youtu.be/HPD1k0lhDCU?t=463s,pour_wax,assemble,1,0.5,Pouring amber wax into the rows of jars.,Sc oe XS 9 Ss,1,0.0,0.083,0.16,0.462,0.081,"#827c70,#483d28,#d1cabe",1,,
HPD1k0lhDCU,https://www.youtube.com/watch?v=HPD1k0lhDCU,How to Make Luxury Coconut Apricot Wax Candles | Step-by-Step Tutorial,687.0,storyboard,60,479.3,487.29,7.99,https://youtu.be/HPD1k0lhDCU?t=479s,pour_wax,assemble,1,0.5,Pouring amber wax into the rows of jars.,aS 3,0,0.0,0.039,0.256,0.454,0.087,"#625c51,#c6beb3,#3b2b17",1,,
HPD1k0lhDCU,https://www.youtube.com/watch?v=HPD1k0lhDCU,How to Make Luxury Coconut Apricot Wax Candles | Step-by-Step Tutorial,687.0,storyboard,61,487.29,495.28,7.99,https://youtu.be/HPD1k0lhDCU?t=487s,pour_wax,assemble,1,0.5,Pouring amber wax into the rows of jars.,,0,0.0,0.033,0.156,0.467,0.091,"#7f796c,#4d3f29,#cac0af",1,,
HPD1k0lhDCU,https://www.youtube.com/watch?v=HPD1k0lhDCU,How to Make Luxury Coconut Apricot Wax Candles | Step-by-Step Tutorial,687.0,storyboard,62,495.28,503.27,7.99,https://youtu.be/HPD1k0lhDCU?t=495s,pour_wax,assemble,1,0.5,Pouring amber wax into the rows of jars.,ans,0,0.0,0.056,0.0,0.492,0.078,"#736f64,#d2cfc4,#3b2f19",1,,
HPD1k0lhDCU,https://www.youtube.com/watch?v=HPD1k0lhDCU,How to Make Luxury Coconut Apricot Wax Candles | Step-by-Step Tutorial,687.0,storyboard,63,503.27,511.26,7.99,https://youtu.be/HPD1k0lhDCU?t=503s,pour_wax,assemble,1,0.5,Pouring amber wax into the rows of jars.,4 atl te es 7 ip PA ga,1,0.0,0.056,0.153,0.449,0.172,"#4b3f3c,#d9d6d0,#8a6674",1,,
HPD1k0lhDCU,https://www.youtube.com/watch?v=HPD1k0lhDCU,How to Make Luxury Coconut Apricot Wax Candles | Step-by-Step Tutorial,687.0,storyboard,64,511.26,519.24,7.98,https://youtu.be/HPD1k0lhDCU?t=511s,pour_wax,assemble,1,0.5,Pouring amber wax into the rows of jars.,EN,0,0.0,0.089,0.212,0.494,0.162,"#4b413c,#9e5878,#d9d3cb",1,,
HPD1k0lhDCU,https://www.youtube.com/watch?v=HPD1k0lhDCU,How to Make Luxury Coconut Apricot Wax Candles | Step-by-Step Tutorial,687.0,storyboard,65,519.24,527.23,7.99,https://youtu.be/HPD1k0lhDCU?t=519s,pour_wax,assemble,1,0.5,Pouring amber wax into the rows of jars.,7 we AN,0,0.0,0.079,0.161,0.531,0.104,"#433933,#ddd9d2,#a36981",1,,
HPD1k0lhDCU,https://www.youtube.com/watch?v=HPD1k0lhDCU,How to Make Luxury Coconut Apricot Wax Candles | Step-by-Step Tutorial,687.0,storyboard,66,527.23,535.22,7.99,https://youtu.be/HPD1k0lhDCU?t=527s,pour_wax,assemble,1,0.5,Pouring amber wax into the rows of jars.,4 7,0,0.0,0.034,0.0,0.446,0.168,"#463934,#d1ccc6,#986678",1,,
HPD1k0lhDCU,https://www.youtube.com/watch?v=HPD1k0lhDCU,How to Make Luxury Coconut Apricot Wax Candles | Step-by-Step Tutorial,687.0,storyboard,67,535.22,543.21,7.99,https://youtu.be/HPD1k0lhDCU?t=535s,pour_wax,assemble,1,0.5,Pouring amber wax into the rows of jars.,fe 6 oO Neca ae idle,1,0.0,0.083,0.322,0.519,0.094,"#52432a,#a68e68,#d7cec2",1,,
HPD1k0lhDCU,https://www.youtube.com/watch?v=HPD1k0lhDCU,How to Make Luxury Coconut Apricot Wax Candles | Step-by-Step Tutorial,687.0,storyboard,68,543.21,551.2,7.99,https://youtu.be/HPD1k0lhDCU?t=543s,pour_wax,assemble,1,0.5,Pouring amber wax into the rows of jars.,Unt As ws,1,0.0,0.085,0.176,0.467,0.139,"#4d4330,#97835d,#d3cab9",1,,
HPD1k0lhDCU,https://www.youtube.com/watch?v=HPD1k0lhDCU,How to Make Luxury Coconut Apricot Wax Candles | Step-by-Step Tutorial,687.0,storyboard,69,551.2,559.19,7.99,https://youtu.be/HPD1k0lhDCU?t=551s,pour_wax,assemble,1,0.5,Pouring amber wax into the rows of jars.,ie OWe OS ey 7. tS,1,0.0,0.08,0.0,0.527,0.154,"#ad9975,#4f3f21,#d4cfc1",1,,
HPD1k0lhDCU,https://www.youtube.com/watch?v=HPD1k0lhDCU,How to Make Luxury Coconut Apricot Wax Candles | Step-by-Step Tutorial,687.0,storyboard,70,559.19,567.17,7.98,https://youtu.be/HPD1k0lhDCU?t=559s,pour_wax,assemble,1,0.5,Pouring amber wax into the rows of jars.,,0,0.0,0.062,0.137,0.512,0.127,"#c6bda7,#4b412a,#817866",1,,
HPD1k0lhDCU,https://www.youtube.com/watch?v=HPD1k0lhDCU,How to Make Luxury Coconut Apricot Wax Candles | Step-by-Step Tutorial,687.0,storyboard,73,583.15,591.14,7.99,https://youtu.be/HPD1k0lhDCU?t=583s,set_wick,assemble,1,0.4,Rows of filled amber jars setting.,,0,0.0,0.091,0.133,0.545,0.063,"#d3cfc7,#80766e,#352b21",1,,
HPD1k0lhDCU,https://www.youtube.com/watch?v=HPD1k0lhDCU,How to Make Luxury Coconut Apricot Wax Candles | Step-by-Step Tutorial,687.0,storyboard,74,591.14,599.13,7.99,https://youtu.be/HPD1k0lhDCU?t=591s,set_wick,assemble,1,0.45,Pink-gloved hands centre wicks in the filled amber jars.,rn on,0,0.0,0.132,0.285,0.5,0.094,"#3d301d,#c3bfb7,#7b715f",1,,
HPD1k0lhDCU,https://www.youtube.com/watch?v=HPD1k0lhDCU,How to Make Luxury Coconut Apricot Wax Candles | Step-by-Step Tutorial,687.0,storyboard,75,599.13,607.12,7.99,https://youtu.be/HPD1k0lhDCU?t=599s,set_wick,assemble,1,0.4,Rows of filled amber jars setting.,Er,0,0.0,0.131,0.0,0.46,0.097,"#756d5e,#c7c2b9,#3b301f",1,,
HPD1k0lhDCU,https://www.youtube.com/watch?v=HPD1k0lhDCU,How to Make Luxury Coconut Apricot Wax Candles | Step-by-Step Tutorial,687.0,storyboard,76,607.12,615.1,7.98,https://youtu.be/HPD1k0lhDCU?t=607s,set_wick,assemble,1,0.45,Pink-gloved hands centre wicks in the filled amber jars.,"he ne ee, ss ea",1,0.0,0.164,0.229,0.465,0.075,"#83796c,#cac4b8,#3b3021",1,,
HPD1k0lhDCU,https://www.youtube.com/watch?v=HPD1k0lhDCU,How to Make Luxury Coconut Apricot Wax Candles | Step-by-Step Tutorial,687.0,storyboard,77,615.1,623.09,7.99,https://youtu.be/HPD1k0lhDCU?t=615s,set_wick,assemble,1,0.4,Rows of filled amber jars setting.,"ee GS, Ne sro TU OC by ex Se MOD eS",1,0.0,0.19,0.316,0.506,0.078,"#3d3021,#ccc6bc,#83786c",1,,
HPD1k0lhDCU,https://www.youtube.com/watch?v=HPD1k0lhDCU,How to Make Luxury Coconut Apricot Wax Candles | Step-by-Step Tutorial,687.0,storyboard,78,623.09,631.08,7.99,https://youtu.be/HPD1k0lhDCU?t=623s,set_wick,assemble,1,0.45,Pink-gloved hands centre wicks in the filled amber jars.,steve SN ee,1,0.0,0.13,0.0,0.466,0.127,"#433125,#c6c1b8,#857267",1,,
HPD1k0lhDCU,https://www.youtube.com/watch?v=HPD1k0lhDCU,How to Make Luxury Coconut Apricot Wax Candles | Step-by-Step Tutorial,687.0,storyboard,79,631.08,639.07,7.99,https://youtu.be/HPD1k0lhDCU?t=631s,set_wick,assemble,1,0.4,Rows of filled amber jars setting.,Sed Os ob gd pres Ole,1,0.0,0.219,0.095,0.439,0.202,"#896068,#37261c,#c5b8b1",1,,
HPD1k0lhDCU,https://www.youtube.com/watch?v=HPD1k0lhDCU,How to Make Luxury Coconut Apricot Wax Candles | Step-by-Step Tutorial,687.0,storyboard,80,639.07,647.06,7.99,https://youtu.be/HPD1k0lhDCU?t=639s,set_wick,assemble,1,0.45,Pink-gloved hands centre wicks in the filled amber jars.,"Be. ee, had Fa EE Gllel Be oe Or OX ere 4 res oD ZS",1,0.0,0.241,0.05,0.457,0.125,"#c6c0b4,#362918,#72685a",1,,
HPD1k0lhDCU,https://www.youtube.com/watch?v=HPD1k0lhDCU,How to Make Luxury Coconut Apricot Wax Candles | Step-by-Step Tutorial,687.0,storyboard,81,647.06,655.05,7.99,https://youtu.be/HPD1k0lhDCU?t=647s,cure_cool,assemble,1,0.4,Rows of filled amber jars setting.,ora oe 2 oa oe xs,1,0.0,0.052,0.0,0.482,0.11,"#44362a,#d5cdc3,#9b8476",1,,
HPD1k0lhDCU,https://www.youtube.com/watch?v=HPD1k0lhDCU,How to Make Luxury Coconut Apricot Wax Candles | Step-by-Step Tutorial,687.0,storyboard,82,655.05,663.03,7.98,https://youtu.be/HPD1k0lhDCU?t=655s,decorate_finish,finish,1,0.45,Holding a labelled 'Willow's Pip Palo Santo + Moss' jar.,,0,0.0,0.06,0.495,0.248,0.056,"#000000,#000002,#595959",1,,description references on-screen text but OCR found none
Hir66vEC2MI,https://www.youtube.com/watch?v=Hir66vEC2MI,Learn How to Make Scented Soy Wax Candles for Beginners | CandleScience Guides,323.0,storyboard,2,16.15,24.22,8.07,https://youtu.be/Hir66vEC2MI?t=16s,gather_materials,prep,1,0.6,jars and supplies laid out,,0,0.0,0.057,0.151,0.614,0.082,"#958675,#c3bfb3,#685849",1,,
Hir66vEC2MI,https://www.youtube.com/watch?v=Hir66vEC2MI,Learn How to Make Scented Soy Wax Candles for Beginners | CandleScience Guides,323.0,storyboard,3,24.22,32.3,8.08,https://youtu.be/Hir66vEC2MI?t=24s,measure_wax,prep,1,0.45,metal pitcher with white wax,,0,0.0,0.191,0.0,0.617,0.029,"#989a92,#c2c3bb,#5b5d56",1,,
Hir66vEC2MI,https://www.youtube.com/watch?v=Hir66vEC2MI,Learn How to Make Scented Soy Wax Candles for Beginners | CandleScience Guides,323.0,storyboard,5,40.38,48.45,8.07,https://youtu.be/Hir66vEC2MI?t=40s,gather_materials,prep,1,0.6,row of fragrance bottles,Ao?,0,0.0,0.193,0.024,0.635,0.079,"#aaa390,#cccbcb,#4c4b3f",1,,
Hir66vEC2MI,https://www.youtube.com/watch?v=Hir66vEC2MI,Learn How to Make Scented Soy Wax Candles for Beginners | CandleScience Guides,323.0,storyboard,6,48.45,56.53,8.08,https://youtu.be/Hir66vEC2MI?t=48s,gather_materials,prep,1,0.5,holding fragrance bottle,7 EB fl as 4 sts,1,0.0,0.069,0.233,0.507,0.044,"#aeafba,#5b5654,#1c0e0c",1,,
Hir66vEC2MI,https://www.youtube.com/watch?v=Hir66vEC2MI,Learn How to Make Scented Soy Wax Candles for Beginners | CandleScience Guides,323.0,storyboard,8,64.6,72.68,8.08,https://youtu.be/Hir66vEC2MI?t=65s,gather_materials,prep,1,0.55,labelled bottles lined up,Bis,0,0.0,0.134,0.213,0.549,0.068,"#80786e,#c8c7c6,#39342f",1,,
Hir66vEC2MI,https://www.youtube.com/watch?v=Hir66vEC2MI,Learn How to Make Scented Soy Wax Candles for Beginners | CandleScience Guides,323.0,storyboard,9,72.68,80.75,8.07,https://youtu.be/Hir66vEC2MI?t=73s,gather_materials,prep,1,0.6,host talking to camera,"Be, oe seer ah sarees 3 Ff Bel",1,0.0,0.127,0.213,0.576,0.061,"#aca492,#cccaca,#5c5a4c",1,,
Hir66vEC2MI,https://www.youtube.com/watch?v=Hir66vEC2MI,Learn How to Make Scented Soy Wax Candles for Beginners | CandleScience Guides,323.0,storyboard,10,80.75,88.83,8.08,https://youtu.be/Hir66vEC2MI?t=81s,gather_materials,prep,1,0.45,holding small bottle,it,0,0.0,0.121,0.249,0.587,0.049,"#c4c1b8,#a09886,#454438",1,,
Hir66vEC2MI,https://www.youtube.com/watch?v=Hir66vEC2MI,Learn How to Make Scented Soy Wax Candles for Beginners | CandleScience Guides,323.0,storyboard,11,88.83,96.9,8.07,https://youtu.be/Hir66vEC2MI?t=89s,gather_materials,prep,1,0.4,handling fragrance bottle,,0,0.0,0.1,0.0,0.566,0.053,"#c2c2be,#8b8881,#58524c",1,,
Hir66vEC2MI,https://www.youtube.com/watch?v=Hir66vEC2MI,Learn How to Make Scented Soy Wax Candles for Beginners | CandleScience Guides,323.0,storyboard,12,96.9,104.98,8.08,https://youtu.be/Hir66vEC2MI?t=97s,gather_materials,prep,1,0.5,supply boxes shown,oo... ae ie 7,1,0.0,0.196,0.046,0.621,0.081,"#c3beb3,#948b7a,#3a392f",1,,
Hir66vEC2MI,https://www.youtube.com/watch?v=Hir66vEC2MI,Learn How to Make Scented Soy Wax Candles for Beginners | CandleScience Guides,323.0,storyboard,14,113.05,121.13,8.08,https://youtu.be/Hir66vEC2MI?t=113s,measure_wax,prep,1,0.6,pouring wax flakes into pitcher,S'e pO mS aie fag. im ow dha wae sf yf 18,1,0.0,0.176,0.036,0.632,0.081,"#c3bfb4,#9b9483,#3f4034",1,,
Hir66vEC2MI,https://www.youtube.com/watch?v=Hir66vEC2MI,Learn How to Make Scented Soy Wax Candles for Beginners | CandleScience Guides,323.0,storyboard,15,121.13,129.2,8.07,https://youtu.be/Hir66vEC2MI?t=121s,measure_wax,prep,1,0.4,dark/black frame,,0,0.0,0.055,0.211,0.242,0.024,"#181b18,#595854,#babcb6",1,,
Hir66vEC2MI,https://www.youtube.com/watch?v=Hir66vEC2MI,Learn How to Make Scented Soy Wax Candles for Beginners | CandleScience Guides,323.0,storyboard,16,129.2,137.28,8.08,https://youtu.be/Hir66vEC2MI?t=129s,measure_wax,prep,1,0.5,pitcher of flakes,iy OE,0,0.0,0.071,0.351,0.445,0.062,"#bec0b9,#939287,#626259",1,,
Hir66vEC2MI,https://www.youtube.com/watch?v=Hir66vEC2MI,Learn How to Make Scented Soy Wax Candles for Beginners | CandleScience Guides,323.0,storyboard,17,137.28,145.35,8.07,https://youtu.be/Hir66vEC2MI?t=137s,measure_wax,prep,1,0.5,measuring wax flakes,,0,0.0,0.018,0.103,0.64,0.024,"#b7b6b3,#8f8d86,#4b514d",1,,
Hir66vEC2MI,https://www.youtube.com/watch?v=Hir66vEC2MI,Learn How to Make Scented Soy Wax Candles for Beginners | CandleScience Guides,323.0,storyboard,19,153.42,161.5,8.08,https://youtu.be/Hir66vEC2MI?t=153s,melt_wax,process,1,0.55,pot of melting wax,"van ge aie, an 2 ei",1,0.0,0.169,0.0,0.634,0.081,"#aba490,#cccbca,#4d4c40",1,,
Hir66vEC2MI,https://www.youtube.com/watch?v=Hir66vEC2MI,Learn How to Make Scented Soy Wax Candles for Beginners | CandleScience Guides,323.0,storyboard,20,161.5,169.57,8.07,https://youtu.be/Hir66vEC2MI?t=162s,measure_wax,prep,1,0.6,Escali digital scale with pitcher,oe,0,0.0,0.055,0.127,0.664,0.041,"#a3a29a,#c8c6c0,#64645c",1,,
Hir66vEC2MI,https://www.youtube.com/watch?v=Hir66vEC2MI,Learn How to Make Scented Soy Wax Candles for Beginners | CandleScience Guides,323.0,storyboard,21,169.57,177.65,8.08,https://youtu.be/Hir66vEC2MI?t=170s,measure_wax,prep,1,0.6,weighing pitcher of flakes on scale,air,0,0.0,0.044,0.323,0.539,0.03,"#4b4d48,#a9a5a6,#131614",1,,
Hir66vEC2MI,https://www.youtube.com/watch?v=Hir66vEC2MI,Learn How to Make Scented Soy Wax Candles for Beginners | CandleScience Guides,323.0,storyboard,22,177.65,185.72,8.07,https://youtu.be/Hir66vEC2MI?t=178s,melt_wax,process,1,0.5,metal pitcher heating,ey,0,0.0,0.081,0.246,0.466,0.042,"#5f5f5e,#a5a4a9,#0f0e10",1,,
Hir66vEC2MI,https://www.youtube.com/watch?v=Hir66vEC2MI,Learn How to Make Scented Soy Wax Candles for Beginners | CandleScience Guides,323.0,storyboard,23,185.72,193.8,8.08,https://youtu.be/Hir66vEC2MI?t=186s,melt_wax,process,1,0.6,yellow melted wax liquid,"hy SES, Cae 1 bay: Geo Sa .7 ttn ME. Pied okies ae 678 7 is",1,0.0,0.084,0.256,0.548,0.09,"#c1beb4,#9b9582,#414034",1,,
Hir66vEC2MI,https://www.youtube.com/watch?v=Hir66vEC2MI,Learn How to Make Scented Soy Wax Candles for Beginners | CandleScience Guides,323.0,storyboard,24,193.8,201.87,8.07,https://youtu.be/Hir66vEC2MI?t=194s,add_fragrance,process,1,0.45,fragrance bottles next to tin,eee,0,0.0,0.074,0.204,0.575,0.096,"#998275,#6e6355,#bfbeb6",1,,
Hir66vEC2MI,https://www.youtube.com/watch?v=Hir66vEC2MI,Learn How to Make Scented Soy Wax Candles for Beginners | CandleScience Guides,323.0,storyboard,25,201.87,209.95,8.08,https://youtu.be/Hir66vEC2MI?t=202s,monitor_temperature,process,1,0.65,"thermometer in wax, 'Pour at 135F' caption",oe,0,0.0,0.029,0.259,0.501,0.08,"#b2b8b1,#4e5144,#83887f",1,,description references on-screen text but OCR found none
Hir66vEC2MI,https://www.youtube.com/watch?v=Hir66vEC2MI,Learn How to Make Scented Soy Wax Candles for Beginners | CandleScience Guides,323.0,storyboard,26,209.95,218.02,8.07,https://youtu.be/Hir66vEC2MI?t=210s,pour_wax,assemble,1,0.45,"tin of liquid wax with wick, pour-temp note",,0,0.0,0.058,0.184,0.575,0.077,"#c4c0ba,#a39289,#6e6556",1,,
Hir66vEC2MI,https://www.youtube.com/watch?v=Hir66vEC2MI,Learn How to Make Scented Soy Wax Candles for Beginners | CandleScience Guides,323.0,storyboard,27,218.02,226.1,8.08,https://youtu.be/Hir66vEC2MI?t=218s,add_fragrance,process,1,0.4,stirring yellow liquid in tin,Peeks aby.,1,0.0,0.052,0.0,0.569,0.126,"#96867a,#cdc5bb,#614f29",1,,
Hir66vEC2MI,https://www.youtube.com/watch?v=Hir66vEC2MI,Learn How to Make Scented Soy Wax Candles for Beginners | CandleScience Guides,323.0,storyboard,28,226.1,234.17,8.07,https://youtu.be/Hir66vEC2MI?t=226s,set_wick,assemble,1,0.45,tins with wick bar,ee ae ee as ee BW ie,1,0.0,0.135,0.19,0.617,0.107,"#a09886,#c7c3b9,#403f34",1,,
Hir66vEC2MI,https://www.youtube.com/watch?v=Hir66vEC2MI,Learn How to Make Scented Soy Wax Candles for Beginners | CandleScience Guides,323.0,storyboard,29,234.17,242.25,8.08,https://youtu.be/Hir66vEC2MI?t=234s,set_wick,assemble,1,0.6,host talking to camera,,0,0.0,0.083,0.149,0.621,0.075,"#b8b8b0,#969289,#6b645e",1,,
Hir66vEC2MI,https://www.youtube.com/watch?v=Hir66vEC2MI,Learn How to Make Scented Soy Wax Candles for Beginners | CandleScience Guides,323.0,storyboard,30,242.25,250.32,8.07,https://youtu.be/Hir66vEC2MI?t=242s,set_wick,assemble,1,0.55,"centering wick in tin, lid in hand","eee, le ca.",1,0.0,0.129,0.203,0.682,0.096,"#aaa28e,#cac8c4,#4e4d41",1,,
JrRekRMu7bQ,https://www.youtube.com/watch?v=JrRekRMu7bQ,How To Make Concrete Candle Jars : Step-by-step Tutorial,368.0,storyboard,3,24.0,32.0,8.0,https://youtu.be/JrRekRMu7bQ?t=24s,prepare_container,prep,1,0.5,Caption 'Mixing & Pouring'; concrete mixed in a red bowl to make the vessel.,This wil make ag oN,1,0.0,0.072,0.454,0.653,0.147,"#312f2b,#b5b5b1,#aa684d",1,,
JrRekRMu7bQ,https://www.youtube.com/watch?v=JrRekRMu7bQ,How To Make Concrete Candle Jars : Step-by-step Tutorial,368.0,storyboard,4,32.0,40.0,8.0,https://youtu.be/JrRekRMu7bQ?t=32s,prepare_container,prep,1,0.5,Caption 'Mix Color & Concrete Thoroughly'; tinting the concrete.,For White: 2 Tbsp Titanum Dioxide 4 For Ultra White: 3 Tbsp Titanum Dioxide Ay ee ad 7,1,0.0,0.072,0.075,0.436,0.216,"#b5b0a4,#33322e,#a35a46",1,,
JrRekRMu7bQ,https://www.youtube.com/watch?v=JrRekRMu7bQ,How To Make Concrete Candle Jars : Step-by-step Tutorial,368.0,storyboard,5,40.0,48.0,8.0,https://youtu.be/JrRekRMu7bQ?t=40s,prepare_container,prep,1,0.5,Mixing the concrete to a smooth slurry.,Mix Color Cemgnt Throroughly on My ts an ey,1,0.0,0.051,0.138,0.434,0.18,"#393735,#bcbbb3,#ab6f59",1,,
JrRekRMu7bQ,https://www.youtube.com/watch?v=JrRekRMu7bQ,How To Make Concrete Candle Jars : Step-by-step Tutorial,368.0,storyboard,6,48.0,56.0,8.0,https://youtu.be/JrRekRMu7bQ?t=48s,prepare_container,prep,1,0.5,Concrete poured into cup moulds to form the jars.,ji iad Pe ED,1,0.0,0.026,0.0,0.409,0.136,"#302d2b,#bab7b4,#966c5b",1,,
JrRekRMu7bQ,https://www.youtube.com/watch?v=JrRekRMu7bQ,How To Make Concrete Candle Jars : Step-by-step Tutorial,368.0,storyboard,7,56.0,64.0,8.0,https://youtu.be/JrRekRMu7bQ?t=56s,prepare_container,prep,1,0.5,Filling the moulds with concrete.,"Get Your Molds Ready ae Oe AE fh. aN,",1,0.0,0.048,0.152,0.437,0.132,"#aeada8,#252321,#8a725b",1,,
JrRekRMu7bQ,https://www.youtube.com/watch?v=JrRekRMu7bQ,How To Make Concrete Candle Jars : Step-by-step Tutorial,368.0,storyboard,8,64.0,72.0,8.0,https://youtu.be/JrRekRMu7bQ?t=64s,prepare_container,prep,1,0.5,Pressing an inner mould to shape the jar cavity.,Learning to Gauge the Right Cope Comes With Practice Tria ae bs Se,1,0.0,0.121,0.115,0.413,0.141,"#353636,#b5b6b1,#99665a",1,,
JrRekRMu7bQ,https://www.youtube.com/watch?v=JrRekRMu7bQ,How To Make Concrete Candle Jars : Step-by-step Tutorial,368.0,storyboard,9,72.0,80.0,8.0,https://youtu.be/JrRekRMu7bQ?t=72s,prepare_container,prep,1,0.5,Forming the concrete vessels in the moulds.,arrale,0,0.0,0.019,0.113,0.438,0.139,"#3b3a37,#bbb9b0,#a46d57",1,,
JrRekRMu7bQ,https://www.youtube.com/watch?v=JrRekRMu7bQ,How To Make Concrete Candle Jars : Step-by-step Tutorial,368.0,storyboard,11,88.0,96.0,8.0,https://youtu.be/JrRekRMu7bQ?t=88s,prepare_container,prep,1,0.5,Concrete moulds left to cure.,ie ee,0,0.0,0.023,0.183,0.459,0.187,"#3a3b3a,#c0bfb7,#a26f58",1,,
JrRekRMu7bQ,https://www.youtube.com/watch?v=JrRekRMu7bQ,How To Make Concrete Candle Jars : Step-by-step Tutorial,368.0,storyboard,12,96.0,104.0,8.0,https://youtu.be/JrRekRMu7bQ?t=96s,prepare_container,prep,1,0.5,More concrete poured/levelled in the moulds.,"Tap, Smack, Jiggle ag To Get Rid Of Air Bubble Sa 3 Oe nd",1,0.0,0.081,0.05,0.404,0.174,"#3a3a3a,#9f715b,#bfb9b2",1,,
JrRekRMu7bQ,https://www.youtube.com/watch?v=JrRekRMu7bQ,How To Make Concrete Candle Jars : Step-by-step Tutorial,368.0,storyboard,13,104.0,112.0,8.0,https://youtu.be/JrRekRMu7bQ?t=104s,prepare_container,prep,1,0.5,Shaping the concrete jars.,Use Spoon To Scoop Any Over/ Underfilled era. ay ie,1,0.0,0.048,0.15,0.424,0.158,"#2b2a2a,#b5b3ad,#815b52",1,,
JrRekRMu7bQ,https://www.youtube.com/watch?v=JrRekRMu7bQ,How To Make Concrete Candle Jars : Step-by-step Tutorial,368.0,storyboard,14,112.0,120.0,8.0,https://youtu.be/JrRekRMu7bQ?t=112s,prepare_container,prep,1,0.5,Working the concrete moulds.,,0,0.0,0.014,0.0,0.434,0.144,"#292927,#b9b5ac,#7e5747",1,,
JrRekRMu7bQ,https://www.youtube.com/watch?v=JrRekRMu7bQ,How To Make Concrete Candle Jars : Step-by-step Tutorial,368.0,storyboard,15,120.0,128.0,8.0,https://youtu.be/JrRekRMu7bQ?t=120s,prepare_container,prep,1,0.5,Concrete vessels forming in the cups.,Wipe Spoon Off If Not Sili ae ie as ea OP,1,0.0,0.036,0.069,0.429,0.137,"#2c2a29,#b8b1af,#7b534b",1,,
JrRekRMu7bQ,https://www.youtube.com/watch?v=JrRekRMu7bQ,How To Make Concrete Candle Jars : Step-by-step Tutorial,368.0,storyboard,16,128.0,136.0,8.0,https://youtu.be/JrRekRMu7bQ?t=128s,prepare_container,prep,1,0.5,Tidying the moulds.,ia ri se xh 7 mss utah 9 4 oo ee,1,0.0,0.041,0.089,0.434,0.151,"#32322f,#b7b9b4,#a16659",1,,
JrRekRMu7bQ,https://www.youtube.com/watch?v=JrRekRMu7bQ,How To Make Concrete Candle Jars : Step-by-step Tutorial,368.0,storyboard,17,136.0,144.0,8.0,https://youtu.be/JrRekRMu7bQ?t=136s,prepare_container,prep,1,0.5,Caption 'Clean Up All Supplies Immediately - Hardened Concrete is Not Fun'.,Clean Up All Supplies Immediately! Hardened Concrete is Not Fun Outdoors: Rinse with hose dump in dirt or an areo you don care about Indoors: NEVER get any concrete in your sink or plumbing! IIE! it c,1,0.0,0.163,0.475,0.645,0.107,"#d9f4f4,#95a49b,#3d4849",1,,
JrRekRMu7bQ,https://www.youtube.com/watch?v=JrRekRMu7bQ,How To Make Concrete Candle Jars : Step-by-step Tutorial,368.0,storyboard,19,152.0,160.0,8.0,https://youtu.be/JrRekRMu7bQ?t=152s,prepare_container,prep,1,0.5,The cured concrete moulds.,es eo ys Tn Pert tt Rea 8.,1,0.0,0.042,0.14,0.48,0.138,"#4e463e,#80766c,#b6bebb",1,,
JrRekRMu7bQ,https://www.youtube.com/watch?v=JrRekRMu7bQ,How To Make Concrete Candle Jars : Step-by-step Tutorial,368.0,storyboard,20,160.0,168.0,8.0,https://youtu.be/JrRekRMu7bQ?t=160s,prepare_container,prep,1,0.5,Beginning to demould the concrete jars.,sf 4. can hg ag tan Se ty Ca 4,1,0.0,0.04,0.036,0.497,0.134,"#534e44,#9d8b7a,#b1c1c5",1,,
JrRekRMu7bQ,https://www.youtube.com/watch?v=JrRekRMu7bQ,How To Make Concrete Candle Jars : Step-by-step Tutorial,368.0,storyboard,21,168.0,176.0,8.0,https://youtu.be/JrRekRMu7bQ?t=168s,prepare_container,prep,1,0.5,Removing a concrete jar from its cup mould.,Se wi- sf Gy ta oO Wee Oy pee on OT OR ES Te ee owgss our,1,0.0,0.057,0.138,0.482,0.139,"#b8b3a9,#524c42,#8d7a6d",1,,
JrRekRMu7bQ,https://www.youtube.com/watch?v=JrRekRMu7bQ,How To Make Concrete Candle Jars : Step-by-step Tutorial,368.0,storyboard,22,176.0,184.0,8.0,https://youtu.be/JrRekRMu7bQ?t=176s,prepare_container,prep,1,0.5,Demoulding the concrete vessels.,,0,0.0,0.021,0.0,0.479,0.101,"#504c48,#8e867d,#d6cac1",1,,
JrRekRMu7bQ,https://www.youtube.com/watch?v=JrRekRMu7bQ,How To Make Concrete Candle Jars : Step-by-step Tutorial,368.0,storyboard,24,192.0,200.0,8.0,https://youtu.be/JrRekRMu7bQ?t=192s,prepare_container,prep,1,0.5,Washing a demoulded concrete jar.,,0,0.0,0.013,0.1,0.504,0.134,"#4b4e4a,#918f87,#d0bcac",1,,
JrRekRMu7bQ,https://www.youtube.com/watch?v=JrRekRMu7bQ,How To Make Concrete Candle Jars : Step-by-step Tutorial,368.0,storyboard,25,200.0,208.0,8.0,https://youtu.be/JrRekRMu7bQ?t=200s,prepare_container,prep,1,0.5,Rinsing the concrete vessel.,,0,0.0,0.011,0.099,0.48,0.123,"#3e403b,#d7bdae,#837f75",1,,
JrRekRMu7bQ,https://www.youtube.com/watch?v=JrRekRMu7bQ,How To Make Concrete Candle Jars : Step-by-step Tutorial,368.0,storyboard,26,208.0,216.0,8.0,https://youtu.be/JrRekRMu7bQ?t=208s,prepare_container,prep,1,0.5,Cleaning the jar surface.,,0,0.0,0.007,0.08,0.401,0.139,"#414448,#bc9067,#c4cbc3",1,,
JrRekRMu7bQ,https://www.youtube.com/watch?v=JrRekRMu7bQ,How To Make Concrete Candle Jars : Step-by-step Tutorial,368.0,storyboard,27,216.0,224.0,8.0,https://youtu.be/JrRekRMu7bQ?t=216s,prepare_container,prep,1,0.5,Inspecting the washed concrete jar.,,0,0.0,0.006,0.0,0.409,0.16,"#3e4245,#bc8f65,#c4c8bf",1,,
JrRekRMu7bQ,https://www.youtube.com/watch?v=JrRekRMu7bQ,How To Make Concrete Candle Jars : Step-by-step Tutorial,368.0,storyboard,28,224.0,232.0,8.0,https://youtu.be/JrRekRMu7bQ?t=224s,prepare_container,prep,1,0.5,Sanding the concrete jar smooth.,,0,0.0,0.004,0.097,0.4,0.14,"#3d4144,#c1956c,#bec7c0",1,,
JrRekRMu7bQ,https://www.youtube.com/watch?v=JrRekRMu7bQ,How To Make Concrete Candle Jars : Step-by-step Tutorial,368.0,storyboard,29,232.0,240.0,8.0,https://youtu.be/JrRekRMu7bQ?t=232s,prepare_container,prep,1,0.5,Caption 'Sanding'; smoothing the vessel.,Ps 4 4 2,1,0.0,0.024,0.386,0.623,0.112,"#40413b,#96847a,#d5c7b9",1,,
JrRekRMu7bQ,https://www.youtube.com/watch?v=JrRekRMu7bQ,How To Make Concrete Candle Jars : Step-by-step Tutorial,368.0,storyboard,30,240.0,248.0,8.0,https://youtu.be/JrRekRMu7bQ?t=240s,prepare_container,prep,1,0.5,Continued sanding of the jar.,Jf Had To Gently Ugeal Sponge To Remayfi ri ole Birmn tg gs aa Es,1,0.0,0.023,0.174,0.472,0.11,"#4b4a41,#92897d,#ddc6a6",1,,
JrRekRMu7bQ,https://www.youtube.com/watch?v=JrRekRMu7bQ,How To Make Concrete Candle Jars : Step-by-step Tutorial,368.0,storyboard,31,248.0,256.0,8.0,https://youtu.be/JrRekRMu7bQ?t=248s,prepare_container,prep,1,0.5,Caption about using a sponge to remove residue.,,0,0.0,0.01,0.0,0.495,0.209,"#4f4c46,#91887d,#d6b88b",1,,description references on-screen text but OCR found none
JrRekRMu7bQ,https://www.youtube.com/watch?v=JrRekRMu7bQ,How To Make Concrete Candle Jars : Step-by-step Tutorial,368.0,storyboard,32,256.0,264.0,8.0,https://youtu.be/JrRekRMu7bQ?t=256s,prepare_container,prep,1,0.5,Caption 'Gently Sand For Smooth...'; finishing the surface.,7 Ps 0 fae ar Aik,1,0.0,0.015,0.111,0.473,0.194,"#3f4039,#83796e,#d1ba87",1,,
JrRekRMu7bQ,https://www.youtube.com/watch?v=JrRekRMu7bQ,How To Make Concrete Candle Jars : Step-by-step Tutorial,368.0,storyboard,33,264.0,272.0,8.0,https://youtu.be/JrRekRMu7bQ?t=264s,decorate_finish,finish,1,0.45,"Caption 'Apply 1 Coat, Wait 30-60 Mins'; sealing the jar on a rack.","Apply 1 Coat, Wait Mins, ee Apply Second Con 5 om Aiea ry el fee SIL ze ae Hifiee SSN reees Ssase- 3 ice po 55 5 Sane teh erg sebensasaae, PANY ps om or ry bmeatetoces- 9 AA HH Part et eee PE BBS 2 Be",1,0.0,0.163,0.099,0.436,0.142,"#34393a,#72646b,#beb5a5",1,,
JrRekRMu7bQ,https://www.youtube.com/watch?v=JrRekRMu7bQ,How To Make Concrete Candle Jars : Step-by-step Tutorial,368.0,storyboard,34,272.0,280.0,8.0,https://youtu.be/JrRekRMu7bQ?t=272s,decorate_finish,finish,1,0.45,Applying a sealer coat to the concrete jar.,"Am Using EarthSafes Matte Quick Dip To Seal The JP fe ti fii id iiitis Ssr? SSs7 wide fii5z52525 Lia, SSS SSeS IS Fa Soss Fires SS LIS IE IPI Pap poled tapi LILLIE PIPE III pee tt 4 IFPI tee HAE SSS e",1,0.0,0.198,0.142,0.439,0.151,"#383b41,#c1b5a2,#87735f",1,,
JrRekRMu7bQ,https://www.youtube.com/watch?v=JrRekRMu7bQ,How To Make Concrete Candle Jars : Step-by-step Tutorial,368.0,storyboard,36,288.0,296.0,8.0,https://youtu.be/JrRekRMu7bQ?t=288s,decorate_finish,finish,1,0.45,"Caption about sealing the outside, not inside; coating the jar.","tn The Not ride oll for 1 Minute, 50 Mins Roll Agaif HH am auaaasbee japeeeee",1,0.0,0.239,0.157,0.391,0.131,"#2a2b27,#8a7756,#babdaa",1,,
JrRekRMu7bQ,https://www.youtube.com/watch?v=JrRekRMu7bQ,How To Make Concrete Candle Jars : Step-by-step Tutorial,368.0,storyboard,37,296.0,304.0,8.0,https://youtu.be/JrRekRMu7bQ?t=296s,decorate_finish,finish,1,0.45,Applying another coat to the jar.,Ep yo 4 tf are se,1,0.0,0.243,0.119,0.391,0.107,"#2a2b29,#bbbeae,#726c60",1,,
JrRekRMu7bQ,https://www.youtube.com/watch?v=JrRekRMu7bQ,How To Make Concrete Candle Jars : Step-by-step Tutorial,368.0,storyboard,39,312.0,320.0,8.0,https://youtu.be/JrRekRMu7bQ?t=312s,reveal_result,finish,1,0.45,A finished sealed concrete jar shown.,al yo al,1,0.0,0.146,0.0,0.581,0.075,"#d5ebe9,#2b2b2a,#797c73",1,,
JrRekRMu7bQ,https://www.youtube.com/watch?v=JrRekRMu7bQ,How To Make Concrete Candle Jars : Step-by-step Tutorial,368.0,storyboard,40,320.0,328.0,8.0,https://youtu.be/JrRekRMu7bQ?t=320s,reveal_result,finish,1,0.45,Group of finished concrete candle jars.,"Au si,",0,0.0,0.026,0.165,0.503,0.11,"#abab9f,#736e61,#1a1d20",1,,
JxJVzdPJexE,https://www.youtube.com/watch?v=JxJVzdPJexE,Amazing Process of Making Hand Carved Candles,721.0,storyboard,1,8.01,16.02,8.01,https://youtu.be/JxJVzdPJexE?t=8s,gather_materials,prep,1,0.4,Trays of coloured wax (blue/red/yellow/green) and white candle cores.,4 rehniQ 4 Ate 2 YY 4,1,0.0,0.066,0.0,0.265,0.212,"#2b1d18,#504c4f,#bfa87c",1,,
JxJVzdPJexE,https://www.youtube.com/watch?v=JxJVzdPJexE,Amazing Process of Making Hand Carved Candles,721.0,storyboard,2,16.02,24.03,8.01,https://youtu.be/JxJVzdPJexE?t=16s,gather_materials,prep,1,0.4,Heated coloured wax baths in the workshop.,rt: ToknsQ OT SS id iin Baye!,1,0.0,0.107,0.243,0.337,0.113,"#171213,#5c5151,#d1c1b3",1,,
JxJVzdPJexE,https://www.youtube.com/watch?v=JxJVzdPJexE,Amazing Process of Making Hand Carved Candles,721.0,storyboard,3,24.03,32.04,8.01,https://youtu.be/JxJVzdPJexE?t=24s,gather_materials,prep,1,0.4,White cylindrical candle cores ready for dipping.,Sif een Ve 1 Nee Ai by BS Pole,1,0.0,0.137,0.359,0.406,0.115,"#cebfaf,#81635c,#251511",1,,
JxJVzdPJexE,https://www.youtube.com/watch?v=JxJVzdPJexE,Amazing Process of Making Hand Carved Candles,721.0,storyboard,5,40.06,48.07,8.01,https://youtu.be/JxJVzdPJexE?t=40s,pour_wax,assemble,1,0.45,Dipping the candle core into coloured wax baths to build rainbow layers.,"hing Le ab, ad et ia yee of ge",1,0.0,0.12,0.374,0.442,0.155,"#d5c6b5,#92766c,#422822",1,,
JxJVzdPJexE,https://www.youtube.com/watch?v=JxJVzdPJexE,Amazing Process of Making Hand Carved Candles,721.0,storyboard,6,48.07,56.08,8.01,https://youtu.be/JxJVzdPJexE?t=48s,pour_wax,assemble,1,0.45,Dipping the candle core into coloured wax baths to build rainbow layers.,om 7 en totl aN 2 At ete ide be Mg 2 ei iF aa 4 3,1,0.0,0.124,0.319,0.382,0.099,"#2c211c,#7a6659,#c2b0a4",1,,
JxJVzdPJexE,https://www.youtube.com/watch?v=JxJVzdPJexE,Amazing Process of Making Hand Carved Candles,721.0,storyboard,7,56.08,64.09,8.01,https://youtu.be/JxJVzdPJexE?t=56s,pour_wax,assemble,1,0.45,Dipping the candle core into coloured wax baths to build rainbow layers.,Age,0,0.0,0.041,0.058,0.363,0.099,"#2d1b13,#b3acab,#6e5952",1,,
JxJVzdPJexE,https://www.youtube.com/watch?v=JxJVzdPJexE,Amazing Process of Making Hand Carved Candles,721.0,storyboard,9,72.1,80.11,8.01,https://youtu.be/JxJVzdPJexE?t=72s,pour_wax,assemble,1,0.45,Dipping the candle core into coloured wax baths to build rainbow layers.,Terni Us 4 eax art Ne,1,0.0,0.046,0.088,0.389,0.092,"#2e1d15,#c3bab3,#7b6359",1,,
JxJVzdPJexE,https://www.youtube.com/watch?v=JxJVzdPJexE,Amazing Process of Making Hand Carved Candles,721.0,storyboard,10,80.11,88.12,8.01,https://youtu.be/JxJVzdPJexE?t=80s,pour_wax,assemble,1,0.45,Dipping the candle core into coloured wax baths to build rainbow layers.,SE Re en 18 pate 2. LsSee easy 7 us ETM: fi uy 7 em ff ibs ne oF Cs ne 9 4 ae 4 eS. os,1,0.0,0.116,0.291,0.361,0.1,"#201817,#7a6156,#b5a8a0",1,,
JxJVzdPJexE,https://www.youtube.com/watch?v=JxJVzdPJexE,Amazing Process of Making Hand Carved Candles,721.0,storyboard,12,96.13,104.14,8.01,https://youtu.be/JxJVzdPJexE?t=96s,pour_wax,assemble,1,0.45,Dipping the candle core into coloured wax baths to build rainbow layers.,,0,0.0,0.012,0.116,0.37,0.098,"#6a534f,#321c14,#9e9690",1,,
JxJVzdPJexE,https://www.youtube.com/watch?v=JxJVzdPJexE,Amazing Process of Making Hand Carved Candles,721.0,storyboard,14,112.16,120.17,8.01,https://youtu.be/JxJVzdPJexE?t=112s,pour_wax,assemble,1,0.45,Dipping the candle core into coloured wax baths to build rainbow layers.,rohnid ar aS ae GH sy,1,0.0,0.059,0.0,0.409,0.184,"#4e3b32,#a9a79f,#469b90",1,,
JxJVzdPJexE,https://www.youtube.com/watch?v=JxJVzdPJexE,Amazing Process of Making Hand Carved Candles,721.0,storyboard,15,120.17,128.18,8.01,https://youtu.be/JxJVzdPJexE?t=120s,pour_wax,assemble,1,0.45,Dipping the candle core into coloured wax baths to build rainbow layers.,Mac eee 2 uit: si ate taht 7 tt oy Low Pia ae litte og Ve he Ff,1,0.0,0.091,0.387,0.407,0.112,"#d7c7ba,#98847a,#342623",1,,
JxJVzdPJexE,https://www.youtube.com/watch?v=JxJVzdPJexE,Amazing Process of Making Hand Carved Candles,721.0,storyboard,16,128.18,136.19,8.01,https://youtu.be/JxJVzdPJexE?t=128s,pour_wax,assemble,1,0.45,Dipping the candle core into coloured wax baths to build rainbow layers.,ge oe et gts Su ee eee ae Ss er ue 7. ll,1,0.0,0.112,0.051,0.57,0.161,"#bdcdc3,#9a7c68,#2f2f2b",1,,
JxJVzdPJexE,https://www.youtube.com/watch?v=JxJVzdPJexE,Amazing Process of Making Hand Carved Candles,721.0,storyboard,17,136.19,144.2,8.01,https://youtu.be/JxJVzdPJexE?t=136s,pour_wax,assemble,1,0.45,Dipping the candle core into coloured wax baths to build rainbow layers.,2 2. 2 oy CC.,1,0.0,0.076,0.392,0.383,0.154,"#26261f,#d7c9bb,#88736b",1,,
JxJVzdPJexE,https://www.youtube.com/watch?v=JxJVzdPJexE,Amazing Process of Making Hand Carved Candles,721.0,storyboard,18,144.2,152.21,8.01,https://youtu.be/JxJVzdPJexE?t=144s,pour_wax,assemble,1,0.45,Dipping the candle core into coloured wax baths to build rainbow layers.,Pp 9,0,0.0,0.06,0.0,0.45,0.118,"#d6c9ba,#1b1d17,#6c6162",1,,
JxJVzdPJexE,https://www.youtube.com/watch?v=JxJVzdPJexE,Amazing Process of Making Hand Carved Candles,721.0,storyboard,19,152.21,160.22,8.01,https://youtu.be/JxJVzdPJexE?t=152s,pour_wax,assemble,1,0.45,Dipping the candle core into coloured wax baths to build rainbow layers.,ae MD 7.,1,0.0,0.033,0.356,0.417,0.115,"#654d43,#d0bdac,#256b94",1,,
JxJVzdPJexE,https://www.youtube.com/watch?v=JxJVzdPJexE,Amazing Process of Making Hand Carved Candles,721.0,storyboard,20,160.22,168.23,8.01,https://youtu.be/JxJVzdPJexE?t=160s,pour_wax,assemble,1,0.45,Dipping the candle core into coloured wax baths to build rainbow layers.,eee een ae ne on iQ 4 Ve 7 it,1,0.0,0.063,0.112,0.454,0.232,"#393221,#ccbdaf,#837b6f",1,,
JxJVzdPJexE,https://www.youtube.com/watch?v=JxJVzdPJexE,Amazing Process of Making Hand Carved Candles,721.0,storyboard,21,168.23,176.24,8.01,https://youtu.be/JxJVzdPJexE?t=168s,pour_wax,assemble,1,0.45,Dipping the candle core into coloured wax baths to build rainbow layers.,,0,0.0,0.016,0.0,0.661,0.069,"#edddd2,#c9b6ab,#3b2a23",1,,
JxJVzdPJexE,https://www.youtube.com/watch?v=JxJVzdPJexE,Amazing Process of Making Hand Carved Candles,721.0,storyboard,22,176.24,184.26,8.02,https://youtu.be/JxJVzdPJexE?t=176s,pour_wax,assemble,1,0.45,Dipping the candle core into coloured wax baths to build rainbow layers.,4 ip,0,0.0,0.029,0.151,0.383,0.292,"#182f1e,#775a43,#c5bba3",1,,
JxJVzdPJexE,https://www.youtube.com/watch?v=JxJVzdPJexE,Amazing Process of Making Hand Carved Candles,721.0,storyboard,23,184.26,192.27,8.01,https://youtu.be/JxJVzdPJexE?t=184s,pour_wax,assemble,1,0.45,Dipping the candle core into coloured wax baths to build rainbow layers.,,0,0.0,0.012,0.111,0.599,0.182,"#d6c3b9,#aa7976,#65312f",1,,
JxJVzdPJexE,https://www.youtube.com/watch?v=JxJVzdPJexE,Amazing Process of Making Hand Carved Candles,721.0,storyboard,25,200.28,208.29,8.01,https://youtu.be/JxJVzdPJexE?t=200s,pour_wax,assemble,1,0.45,Dipping the candle core into coloured wax baths to build rainbow layers.,"yy. nt oA am oe Jy baat ae fig yz yy io iif, NW ae 4 iit",1,0.0,0.055,0.132,0.361,0.109,"#846e61,#352319,#bcb4af",1,,
JxJVzdPJexE,https://www.youtube.com/watch?v=JxJVzdPJexE,Amazing Process of Making Hand Carved Candles,721.0,storyboard,26,208.29,216.3,8.01,https://youtu.be/JxJVzdPJexE?t=208s,pour_wax,assemble,1,0.45,Dipping the candle core into coloured wax baths to build rainbow layers.,re 4 Se: if NG PES,1,0.0,0.057,0.142,0.387,0.113,"#826f65,#38251a,#c9c2c1",1,,
JxJVzdPJexE,https://www.youtube.com/watch?v=JxJVzdPJexE,Amazing Process of Making Hand Carved Candles,721.0,storyboard,27,216.3,224.31,8.01,https://youtu.be/JxJVzdPJexE?t=216s,pour_wax,assemble,1,0.45,Dipping the candle core into coloured wax baths to build rainbow layers.,Or,0,0.0,0.078,0.116,0.405,0.12,"#78615c,#a29391,#311f18",1,,
JxJVzdPJexE,https://www.youtube.com/watch?v=JxJVzdPJexE,Amazing Process of Making Hand Carved Candles,721.0,storyboard,29,232.32,240.33,8.01,https://youtu.be/JxJVzdPJexE?t=232s,pour_wax,assemble,1,0.45,Dipping the candle core into coloured wax baths to build rainbow layers.,all ee Mp oe 4. ye,1,0.0,0.082,0.155,0.396,0.107,"#7e6d62,#30221a,#ac9c90",1,,
JxJVzdPJexE,https://www.youtube.com/watch?v=JxJVzdPJexE,Amazing Process of Making Hand Carved Candles,721.0,storyboard,30,240.33,248.34,8.01,https://youtu.be/JxJVzdPJexE?t=240s,pour_wax,assemble,1,0.45,Dipping the candle core into coloured wax baths to build rainbow layers.,rehniQ ZA,1,0.0,0.046,0.246,0.381,0.088,"#38342b,#615248,#cbc3bc",1,,
JxJVzdPJexE,https://www.youtube.com/watch?v=JxJVzdPJexE,Amazing Process of Making Hand Carved Candles,721.0,storyboard,32,256.36,264.37,8.01,https://youtu.be/JxJVzdPJexE?t=256s,decorate_finish,finish,1,0.5,Hand-carving the warm multi-colour candle into ornate petal patterns.,,0,0.0,0.016,0.177,0.439,0.114,"#4e3f33,#8d7c77,#c5b2ae",1,,
JxJVzdPJexE,https://www.youtube.com/watch?v=JxJVzdPJexE,Amazing Process of Making Hand Carved Candles,721.0,storyboard,33,264.37,272.38,8.01,https://youtu.be/JxJVzdPJexE?t=264s,decorate_finish,finish,1,0.5,Hand-carving the warm multi-colour candle into ornate petal patterns.,if eS if an,1,0.0,0.036,0.241,0.425,0.103,"#7d6254,#2b1d17,#b5a190",1,,
JxJVzdPJexE,https://www.youtube.com/watch?v=JxJVzdPJexE,Amazing Process of Making Hand Carved Candles,721.0,storyboard,34,272.38,280.39,8.01,https://youtu.be/JxJVzdPJexE?t=272s,decorate_finish,finish,1,0.5,Hand-carving the warm multi-colour candle into ornate petal patterns.,,0,0.0,0.016,0.0,0.474,0.133,"#896d67,#b7a29f,#3e2720",1,,
JxJVzdPJexE,https://www.youtube.com/watch?v=JxJVzdPJexE,Amazing Process of Making Hand Carved Candles,721.0,storyboard,35,280.39,288.4,8.01,https://youtu.be/JxJVzdPJexE?t=280s,decorate_finish,finish,1,0.5,Hand-carving the warm multi-colour candle into ornate petal patterns.,AN BE Mi cw wm. sa oh nenalll Ts,1,0.0,0.096,0.315,0.476,0.112,"#d6c5b5,#8e7564,#402d24",1,,
JxJVzdPJexE,https://www.youtube.com/watch?v=JxJVzdPJexE,Amazing Process of Making Hand Carved Candles,721.0,storyboard,36,288.4,296.41,8.01,https://youtu.be/JxJVzdPJexE?t=288s,decorate_finish,finish,1,0.5,Hand-carving the warm multi-colour candle into ornate petal patterns.,fT ais LL ioe ae Re. ke if fae es 5 am,1,0.0,0.098,0.057,0.557,0.134,"#d9c8b8,#49332a,#9a7f6b",1,,
JxJVzdPJexE,https://www.youtube.com/watch?v=JxJVzdPJexE,Amazing Process of Making Hand Carved Candles,721.0,storyboard,37,296.41,304.42,8.01,https://youtu.be/JxJVzdPJexE?t=296s,decorate_finish,finish,1,0.5,Hand-carving the warm multi-colour candle into ornate petal patterns.,es tho ny tT MJ he VAS 4 2 3 ee hw Fi ia es,1,0.0,0.103,0.047,0.541,0.107,"#cfbfb0,#413229,#907968",1,,
JxJVzdPJexE,https://www.youtube.com/watch?v=JxJVzdPJexE,Amazing Process of Making Hand Carved Candles,721.0,storyboard,39,312.43,320.44,8.01,https://youtu.be/JxJVzdPJexE?t=312s,decorate_finish,finish,1,0.5,Hand-carving the warm multi-colour candle into ornate petal patterns.,"4 7 aa. me, 1 SS Sees 44 3 ne. ee tt in",1,0.0,0.042,0.226,0.285,0.209,"#515531,#221410,#a69685",1,,
JxJVzdPJexE,https://www.youtube.com/watch?v=JxJVzdPJexE,Amazing Process of Making Hand Carved Candles,721.0,storyboard,40,320.44,328.46,8.02,https://youtu.be/JxJVzdPJexE?t=320s,decorate_finish,finish,1,0.5,Hand-carving the warm multi-colour candle into ornate petal patterns.,TehniQ he. ea,1,0.0,0.086,0.348,0.466,0.217,"#4e3422,#b3a14b,#093d73",1,,
JxJVzdPJexE,https://www.youtube.com/watch?v=JxJVzdPJexE,Amazing Process of Making Hand Carved Candles,721.0,storyboard,42,336.47,344.48,8.01,https://youtu.be/JxJVzdPJexE?t=336s,decorate_finish,finish,1,0.5,Hand-carving the warm multi-colour candle into ornate petal patterns.,aw Wa 4 SS Bie ul Az acy,1,0.0,0.161,0.251,0.461,0.109,"#c6b6a9,#836b5b,#2a1e1a",1,,
JxJVzdPJexE,https://www.youtube.com/watch?v=JxJVzdPJexE,Amazing Process of Making Hand Carved Candles,721.0,storyboard,43,344.48,352.49,8.01,https://youtu.be/JxJVzdPJexE?t=344s,decorate_finish,finish,1,0.5,Hand-carving the warm multi-colour candle into ornate petal patterns.,on ahi.,0,0.0,0.077,0.114,0.386,0.162,"#422a20,#78615b,#c0b09c",1,,
JxJVzdPJexE,https://www.youtube.com/watch?v=JxJVzdPJexE,Amazing Process of Making Hand Carved Candles,721.0,storyboard,45,360.5,368.51,8.01,https://youtu.be/JxJVzdPJexE?t=360s,decorate_finish,finish,1,0.5,Hand-carving the warm multi-colour candle into ornate petal patterns.,ed Act ar vy ro me as,1,0.0,0.093,0.173,0.38,0.135,"#3d261a,#6f5c54,#bbb1a1",1,,
JxJVzdPJexE,https://www.youtube.com/watch?v=JxJVzdPJexE,Amazing Process of Making Hand Carved Candles,721.0,storyboard,46,368.51,376.52,8.01,https://youtu.be/JxJVzdPJexE?t=369s,decorate_finish,finish,1,0.5,Hand-carving the warm multi-colour candle into ornate petal patterns.,re Gs ma Bee hy ah. her el oe et OE al AR 7 hU ne oS at Vy,1,0.0,0.138,0.229,0.358,0.149,"#7a5f4f,#301d15,#b7a697",1,,
JxJVzdPJexE,https://www.youtube.com/watch?v=JxJVzdPJexE,Amazing Process of Making Hand Carved Candles,721.0,storyboard,47,376.52,384.53,8.01,https://youtu.be/JxJVzdPJexE?t=377s,decorate_finish,finish,1,0.5,Hand-carving the warm multi-colour candle into ornate petal patterns.,"EST 4 Ne, ORS ae,",1,0.0,0.144,0.237,0.382,0.144,"#422a1f,#7b716b,#bfc0b5",1,,
JxJVzdPJexE,https://www.youtube.com/watch?v=JxJVzdPJexE,Amazing Process of Making Hand Carved Candles,721.0,storyboard,49,392.54,400.56,8.02,https://youtu.be/JxJVzdPJexE?t=393s,decorate_finish,finish,1,0.5,Hand-carving the warm multi-colour candle into ornate petal patterns.,Biers Wr is am wa 7 bs? is Ww nv ait 3 yee Vy ade 9 4 Soe Loi AAR Ti? 4 ee,1,0.0,0.168,0.024,0.394,0.132,"#816554,#332017,#b9ab9d",1,,
JxJVzdPJexE,https://www.youtube.com/watch?v=JxJVzdPJexE,Amazing Process of Making Hand Carved Candles,721.0,storyboard,50,400.56,408.57,8.01,https://youtu.be/JxJVzdPJexE?t=401s,decorate_finish,finish,1,0.5,Hand-carving the warm multi-colour candle into ornate petal patterns.,if Pa ae we QR an bi,1,0.0,0.117,0.081,0.387,0.161,"#452d22,#907e70,#cfc8be",1,,
JxJVzdPJexE,https://www.youtube.com/watch?v=JxJVzdPJexE,Amazing Process of Making Hand Carved Candles,721.0,storyboard,51,408.57,416.58,8.01,https://youtu.be/JxJVzdPJexE?t=409s,decorate_finish,finish,1,0.5,Hand-carving the warm multi-colour candle into ornate petal patterns.,1 ae ew les Pe.,1,0.0,0.123,0.0,0.384,0.168,"#412619,#79665a,#bcb3a7",1,,
JxJVzdPJexE,https://www.youtube.com/watch?v=JxJVzdPJexE,Amazing Process of Making Hand Carved Candles,721.0,storyboard,52,416.58,424.59,8.01,https://youtu.be/JxJVzdPJexE?t=417s,decorate_finish,finish,1,0.5,Hand-carving the warm multi-colour candle into ornate petal patterns.,SY 2 hee ya Aq AWE,1,0.0,0.151,0.269,0.444,0.152,"#402e22,#7d7161,#b5b0a3",1,,
JxJVzdPJexE,https://www.youtube.com/watch?v=JxJVzdPJexE,Amazing Process of Making Hand Carved Candles,721.0,storyboard,54,432.6,440.61,8.01,https://youtu.be/JxJVzdPJexE?t=433s,decorate_finish,finish,1,0.5,Hand-carving the warm multi-colour candle into ornate petal patterns.,CN ae oy iy 3 aU ay,1,0.0,0.159,0.0,0.38,0.138,"#3f2d22,#767569,#c5bfb3",1,,
JxJVzdPJexE,https://www.youtube.com/watch?v=JxJVzdPJexE,Amazing Process of Making Hand Carved Candles,721.0,storyboard,55,440.61,448.62,8.01,https://youtu.be/JxJVzdPJexE?t=441s,decorate_finish,finish,1,0.5,Hand-carving the warm multi-colour candle into ornate petal patterns.,is ee Mian ies,1,0.0,0.174,0.203,0.406,0.145,"#7a6d5f,#39241b,#bbb7aa",1,,
JxJVzdPJexE,https://www.youtube.com/watch?v=JxJVzdPJexE,Amazing Process of Making Hand Carved Candles,721.0,storyboard,56,448.62,456.63,8.01,https://youtu.be/JxJVzdPJexE?t=449s,decorate_finish,finish,1,0.5,Hand-carving the warm multi-colour candle into ornate petal patterns.,all 7 cr if Mei ie Sive oo aor 4 re 4 oh DN,1,0.0,0.159,0.102,0.426,0.105,"#bfb0a4,#221c1a,#7f6c5e",1,,
JxJVzdPJexE,https://www.youtube.com/watch?v=JxJVzdPJexE,Amazing Process of Making Hand Carved Candles,721.0,storyboard,57,456.63,464.64,8.01,https://youtu.be/JxJVzdPJexE?t=457s,decorate_finish,finish,1,0.5,Hand-carving the warm multi-colour candle into ornate petal patterns.,LWA,0,0.0,0.141,0.291,0.426,0.159,"#ac937a,#602b20,#185654",1,,
JxJVzdPJexE,https://www.youtube.com/watch?v=JxJVzdPJexE,Amazing Process of Making Hand Carved Candles,721.0,storyboard,58,464.64,472.66,8.02,https://youtu.be/JxJVzdPJexE?t=465s,decorate_finish,finish,1,0.5,Hand-carving the warm multi-colour candle into ornate petal patterns.,ay ZF SaaS Ww uJ,1,0.0,0.153,0.0,0.429,0.213,"#b5937a,#5b281e,#317e80",1,,
JxJVzdPJexE,https://www.youtube.com/watch?v=JxJVzdPJexE,Amazing Process of Making Hand Carved Candles,721.0,storyboard,59,472.66,480.67,8.01,https://youtu.be/JxJVzdPJexE?t=473s,decorate_finish,finish,1,0.5,Hand-carving the warm multi-colour candle into ornate petal patterns.,ree sing,1,0.0,0.108,0.173,0.429,0.215,"#ac9474,#582a1d,#2d6e72",1,,
JxJVzdPJexE,https://www.youtube.com/watch?v=JxJVzdPJexE,Amazing Process of Making Hand Carved Candles,721.0,storyboard,60,480.67,488.68,8.01,https://youtu.be/JxJVzdPJexE?t=481s,decorate_finish,finish,1,0.5,Hand-carving the warm multi-colour candle into ornate petal patterns.,te res re nn aioe ai 7 to Uy SRE ee se 8 eae 7 1 AYR. 3 Pog 7 ey 13 wv TS FF ts Pi md pa ym ota,1,0.0,0.147,0.269,0.438,0.157,"#c1b4aa,#78655b,#2f211b",1,,
JxJVzdPJexE,https://www.youtube.com/watch?v=JxJVzdPJexE,Amazing Process of Making Hand Carved Candles,721.0,storyboard,62,496.69,504.7,8.01,https://youtu.be/JxJVzdPJexE?t=497s,decorate_finish,finish,1,0.5,Hand-carving the warm multi-colour candle into ornate petal patterns.,he Se ey oe re ie AMG Te eS ey Ot pees eu 9 eas. 4 ae vw aN sli JZ 55 4,1,0.0,0.201,0.037,0.43,0.11,"#2e211a,#c3b6ad,#806e64",1,,
JxJVzdPJexE,https://www.youtube.com/watch?v=JxJVzdPJexE,Amazing Process of Making Hand Carved Candles,721.0,storyboard,63,504.7,512.71,8.01,https://youtu.be/JxJVzdPJexE?t=505s,decorate_finish,finish,1,0.5,Hand-carving the warm multi-colour candle into ornate petal patterns.,"oe 4 ar Sa 4 ga om od Zh 1 ee, aig 3 ian ee eee Ven, ma",1,0.0,0.206,0.063,0.436,0.11,"#c3b5ac,#33261e,#807064",1,,
JxJVzdPJexE,https://www.youtube.com/watch?v=JxJVzdPJexE,Amazing Process of Making Hand Carved Candles,721.0,storyboard,64,512.71,520.72,8.01,https://youtu.be/JxJVzdPJexE?t=513s,decorate_finish,finish,1,0.5,Hand-carving the warm multi-colour candle into ornate petal patterns.,Se 7 ae,0,0.0,0.031,0.0,0.385,0.104,"#6d5d5a,#9b9189,#282828",1,,
JxJVzdPJexE,https://www.youtube.com/watch?v=JxJVzdPJexE,Amazing Process of Making Hand Carved Candles,721.0,storyboard,65,520.72,528.73,8.01,https://youtu.be/JxJVzdPJexE?t=521s,decorate_finish,finish,1,0.5,Hand-carving the warm multi-colour candle into ornate petal patterns.,rm,0,0.0,0.067,0.236,0.379,0.123,"#31261d,#796a55,#b8bab5",1,,
JxJVzdPJexE,https://www.youtube.com/watch?v=JxJVzdPJexE,Amazing Process of Making Hand Carved Candles,721.0,storyboard,67,536.74,544.76,8.02,https://youtu.be/JxJVzdPJexE?t=537s,decorate_finish,finish,1,0.5,Hand-carving the warm multi-colour candle into ornate petal patterns.,ole ute yw heey 4 hs oS NEE ss WOU Oe ys Vote Pye ai,1,0.0,0.203,0.287,0.431,0.145,"#cfc3b7,#8a7365,#3a2720",1,,
JxJVzdPJexE,https://www.youtube.com/watch?v=JxJVzdPJexE,Amazing Process of Making Hand Carved Candles,721.0,storyboard,69,552.77,560.78,8.01,https://youtu.be/JxJVzdPJexE?t=553s,decorate_finish,finish,1,0.5,Hand-carving the warm multi-colour candle into ornate petal patterns.,"Fe ay tt-o Ps, 4 va ve",1,0.0,0.048,0.244,0.491,0.134,"#4e3527,#cbbcb4,#978077",1,,
JxJVzdPJexE,https://www.youtube.com/watch?v=JxJVzdPJexE,Amazing Process of Making Hand Carved Candles,721.0,storyboard,70,560.78,568.79,8.01,https://youtu.be/JxJVzdPJexE?t=561s,decorate_finish,finish,1,0.5,Hand-carving the warm multi-colour candle into ornate petal patterns.,ad oid wh yay!,1,0.0,0.06,0.177,0.407,0.155,"#92725d,#2f2f31,#c0b6af",1,,
JxJVzdPJexE,https://www.youtube.com/watch?v=JxJVzdPJexE,Amazing Process of Making Hand Carved Candles,721.0,storyboard,71,568.79,576.8,8.01,https://youtu.be/JxJVzdPJexE?t=569s,decorate_finish,finish,1,0.5,Hand-carving the warm multi-colour candle into ornate petal patterns.,em 9 pehaig 7,1,0.0,0.053,0.0,0.445,0.109,"#866756,#c5bbb1,#35261f",1,,
JxJVzdPJexE,https://www.youtube.com/watch?v=JxJVzdPJexE,Amazing Process of Making Hand Carved Candles,721.0,storyboard,72,576.8,584.81,8.01,https://youtu.be/JxJVzdPJexE?t=577s,reveal_result,finish,1,0.5,Finished ornate carved candle shown.,Ia Fe tas VB 1. 77 OW,1,0.0,0.164,0.221,0.357,0.176,"#311a14,#685d51,#acaa9f",1,,
JxJVzdPJexE,https://www.youtube.com/watch?v=JxJVzdPJexE,Amazing Process of Making Hand Carved Candles,721.0,storyboard,73,584.81,592.82,8.01,https://youtu.be/JxJVzdPJexE?t=585s,reveal_result,finish,1,0.55,Lit carved candle.,TehriQ CW,1,0.0,0.079,0.328,0.276,0.116,"#161712,#616a6d,#daccc4",1,,
JxJVzdPJexE,https://www.youtube.com/watch?v=JxJVzdPJexE,Amazing Process of Making Hand Carved Candles,721.0,storyboard,74,592.82,600.83,8.01,https://youtu.be/JxJVzdPJexE?t=593s,reveal_result,finish,1,0.5,Carved candle close-up.,att 3 yp Oe 4,1,0.0,0.093,0.0,0.354,0.142,"#37332e,#686960,#acb4b0",1,,
JxJVzdPJexE,https://www.youtube.com/watch?v=JxJVzdPJexE,Amazing Process of Making Hand Carved Candles,721.0,storyboard,75,600.83,608.84,8.01,https://youtu.be/JxJVzdPJexE?t=601s,reveal_result,finish,1,0.5,Lit carved candle on a stand.,Tehri 7 NN 5,1,0.0,0.065,0.215,0.403,0.116,"#51413a,#8e7e70,#cfc7bc",1,,
JxJVzdPJexE,https://www.youtube.com/watch?v=JxJVzdPJexE,Amazing Process of Making Hand Carved Candles,721.0,storyboard,77,616.86,624.87,8.01,https://youtu.be/JxJVzdPJexE?t=617s,reveal_result,finish,1,0.5,Display of colourful carved candles.,ae Rie? 2,1,0.0,0.114,0.271,0.318,0.211,"#40291f,#6e5d56,#bfa391",1,,
K7UxM5B0FdM,https://www.youtube.com/watch?v=K7UxM5B0FdM,Making Scented Candles using Coconut Soy Wax | DIY Candle-making | Direct Candle Supply,264.0,storyboard,6,48.0,56.0,8.0,https://youtu.be/K7UxM5B0FdM?t=48s,gather_materials,prep,1,0.45,Host sets up the double-boiler on the induction hob.,Sed! 7 Bee Ws,1,0.0,0.201,0.04,0.623,0.059,"#a0a29f,#e5e6e3,#494949",1,,
K7UxM5B0FdM,https://www.youtube.com/watch?v=K7UxM5B0FdM,Making Scented Candles using Coconut Soy Wax | DIY Candle-making | Direct Candle Supply,264.0,storyboard,14,112.0,120.0,8.0,https://youtu.be/K7UxM5B0FdM?t=112s,melt_wax,process,1,0.55,Melting pot on the hob; host intercut.,italy: 7,1,0.0,0.144,0.187,0.578,0.073,"#a4a19c,#e3e4df,#464544",1,,
K7UxM5B0FdM,https://www.youtube.com/watch?v=K7UxM5B0FdM,Making Scented Candles using Coconut Soy Wax | DIY Candle-making | Direct Candle Supply,264.0,storyboard,15,120.0,128.0,8.0,https://youtu.be/K7UxM5B0FdM?t=120s,melt_wax,process,1,0.55,Wax melting in the pot.,"Jv ar, ww",1,0.0,0.159,0.254,0.604,0.062,"#c0b9b0,#87827c,#393735",1,,
K7UxM5B0FdM,https://www.youtube.com/watch?v=K7UxM5B0FdM,Making Scented Candles using Coconut Soy Wax | DIY Candle-making | Direct Candle Supply,264.0,storyboard,21,168.0,176.0,8.0,https://youtu.be/K7UxM5B0FdM?t=168s,melt_wax,process,1,0.55,Pot of wax on the induction hob.,7 Pa,0,0.333,0.157,0.168,0.501,0.092,"#948275,#303133,#e2e2de",1,,
K7UxM5B0FdM,https://www.youtube.com/watch?v=K7UxM5B0FdM,Making Scented Candles using Coconut Soy Wax | DIY Candle-making | Direct Candle Supply,264.0,storyboard,22,176.0,184.0,8.0,https://youtu.be/K7UxM5B0FdM?t=176s,melt_wax,process,1,0.55,Metal pot melting the coconut-soy wax.,My me AS Le,1,0.0,0.054,0.118,0.483,0.092,"#a99b8e,#625c5b,#1a1a18",1,,
K7UxM5B0FdM,https://www.youtube.com/watch?v=K7UxM5B0FdM,Making Scented Candles using Coconut Soy Wax | DIY Candle-making | Direct Candle Supply,264.0,storyboard,23,184.0,192.0,8.0,https://youtu.be/K7UxM5B0FdM?t=184s,pour_wax,assemble,1,0.55,Molten wax poured from the pot.,ia Deed,0,0.0,0.196,0.024,0.566,0.052,"#989591,#3e3e3c,#e1e3df",1,,
K7UxM5B0FdM,https://www.youtube.com/watch?v=K7UxM5B0FdM,Making Scented Candles using Coconut Soy Wax | DIY Candle-making | Direct Candle Supply,264.0,storyboard,24,192.0,200.0,8.0,https://youtu.be/K7UxM5B0FdM?t=192s,pour_wax,assemble,1,0.5,Host with pots; hands at the bench with cups.,wil,0,0.333,0.186,0.299,0.545,0.07,"#c2b8af,#2b2a2a,#8b837d",1,,
K7UxM5B0FdM,https://www.youtube.com/watch?v=K7UxM5B0FdM,Making Scented Candles using Coconut Soy Wax | DIY Candle-making | Direct Candle Supply,264.0,storyboard,25,200.0,208.0,8.0,https://youtu.be/K7UxM5B0FdM?t=200s,pour_wax,assemble,1,0.55,Wax poured into a cup on the board.,oe od an ee be,1,0.0,0.204,0.03,0.566,0.054,"#96948f,#dedfdb,#3c3b3a",1,,
Ktz5Q9udtXY,https://www.youtube.com/watch?v=Ktz5Q9udtXY,How to Make Essential Oil Candles | DIY Candle Making Tutorial,316.0,storyboard,2,15.8,23.7,7.9,https://youtu.be/Ktz5Q9udtXY?t=16s,gather_materials,prep,1,0.5,A copper tin and lid handled.,ga liT YOULL ED aa,1,0.0,0.111,0.138,0.46,0.104,"#36322f,#7c7c72,#c0beb8",1,,
Ktz5Q9udtXY,https://www.youtube.com/watch?v=Ktz5Q9udtXY,How to Make Essential Oil Candles | DIY Candle Making Tutorial,316.0,storyboard,4,31.6,39.5,7.9,https://youtu.be/Ktz5Q9udtXY?t=32s,melt_wax,process,1,0.6,White wax melting in a metal pot on the induction hob.,Bre,0,0.0,0.111,0.189,0.463,0.066,"#7d776f,#43413c,#c7c3b8",1,,
Ktz5Q9udtXY,https://www.youtube.com/watch?v=Ktz5Q9udtXY,How to Make Essential Oil Candles | DIY Candle Making Tutorial,316.0,storyboard,6,47.4,55.3,7.9,https://youtu.be/Ktz5Q9udtXY?t=47s,melt_wax,process,1,0.55,Melting wax; copper tins with wooden wicks alongside.,,0,0.0,0.113,0.09,0.501,0.1,"#c5bbb7,#8c7c67,#3a3329",1,,
Ktz5Q9udtXY,https://www.youtube.com/watch?v=Ktz5Q9udtXY,How to Make Essential Oil Candles | DIY Candle Making Tutorial,316.0,storyboard,7,55.3,63.2,7.9,https://youtu.be/Ktz5Q9udtXY?t=55s,prepare_container,prep,1,0.55,Copper tins fitted with wooden wicks.,,0,0.0,0.089,0.278,0.515,0.097,"#c1bcb5,#83726a,#31201a",1,,
Ktz5Q9udtXY,https://www.youtube.com/watch?v=Ktz5Q9udtXY,How to Make Essential Oil Candles | DIY Candle Making Tutorial,316.0,storyboard,8,63.2,71.1,7.9,https://youtu.be/Ktz5Q9udtXY?t=63s,prepare_container,prep,1,0.6,A wooden wick placed into a copper tin.,,0,0.0,0.055,0.105,0.503,0.12,"#bfb2a9,#8e7368,#3b2820",1,,
Ktz5Q9udtXY,https://www.youtube.com/watch?v=Ktz5Q9udtXY,How to Make Essential Oil Candles | DIY Candle Making Tutorial,316.0,storyboard,9,71.1,79.0,7.9,https://youtu.be/Ktz5Q9udtXY?t=71s,prepare_container,prep,1,0.55,Copper tins with centred wooden wicks.,,0,0.0,0.062,0.094,0.52,0.078,"#bcb8b1,#78695d,#261814",1,,
Ktz5Q9udtXY,https://www.youtube.com/watch?v=Ktz5Q9udtXY,How to Make Essential Oil Candles | DIY Candle Making Tutorial,316.0,storyboard,11,86.9,94.8,7.9,https://youtu.be/Ktz5Q9udtXY?t=87s,melt_wax,process,1,0.5,Pot of amber (scented) wax.,ay po,0,0.0,0.218,0.0,0.476,0.106,"#b7b4b5,#6d6860,#262319",1,,
Ktz5Q9udtXY,https://www.youtube.com/watch?v=Ktz5Q9udtXY,How to Make Essential Oil Candles | DIY Candle Making Tutorial,316.0,storyboard,12,94.8,102.7,7.9,https://youtu.be/Ktz5Q9udtXY?t=95s,prepare_container,prep,1,0.45,Hands with a copper tin.,,0,0.0,0.151,0.121,0.461,0.099,"#b5b1b1,#6a605b,#1b1812",1,,
Ktz5Q9udtXY,https://www.youtube.com/watch?v=Ktz5Q9udtXY,How to Make Essential Oil Candles | DIY Candle Making Tutorial,316.0,storyboard,13,102.7,110.6,7.9,https://youtu.be/Ktz5Q9udtXY?t=103s,add_fragrance,process,1,0.55,Essential oil poured into the wax pot.,,0,0.0,0.184,0.224,0.462,0.128,"#6d644c,#beb7ad,#1b1a11",1,,
Ktz5Q9udtXY,https://www.youtube.com/watch?v=Ktz5Q9udtXY,How to Make Essential Oil Candles | DIY Candle Making Tutorial,316.0,storyboard,14,110.6,118.5,7.9,https://youtu.be/Ktz5Q9udtXY?t=111s,add_fragrance,process,1,0.55,Stirring the fragrance into the amber wax.,,0,0.0,0.084,0.165,0.481,0.081,"#897f75,#484237,#e5e1db",1,,
Ktz5Q9udtXY,https://www.youtube.com/watch?v=Ktz5Q9udtXY,How to Make Essential Oil Candles | DIY Candle Making Tutorial,316.0,storyboard,15,118.5,126.4,7.9,https://youtu.be/Ktz5Q9udtXY?t=118s,melt_wax,process,1,0.5,Pot of amber wax ready to pour.,gi 4,0,0.0,0.085,0.162,0.469,0.103,"#413829,#958477,#e5ddd8",1,,
Ktz5Q9udtXY,https://www.youtube.com/watch?v=Ktz5Q9udtXY,How to Make Essential Oil Candles | DIY Candle Making Tutorial,316.0,storyboard,16,126.4,134.3,7.9,https://youtu.be/Ktz5Q9udtXY?t=126s,pour_wax,assemble,1,0.6,Amber wax poured into a copper tin.,"SS at, ab GZ",1,0.0,0.202,0.133,0.467,0.111,"#4f4636,#92887d,#edeae5",1,,
Ktz5Q9udtXY,https://www.youtube.com/watch?v=Ktz5Q9udtXY,How to Make Essential Oil Candles | DIY Candle Making Tutorial,316.0,storyboard,17,134.3,142.2,7.9,https://youtu.be/Ktz5Q9udtXY?t=134s,pour_wax,assemble,1,0.6,Pouring wax into the copper tins.,wai Rvs my,1,0.0,0.098,0.128,0.464,0.126,"#878070,#524b3a,#e4e1d8",1,,
Ktz5Q9udtXY,https://www.youtube.com/watch?v=Ktz5Q9udtXY,How to Make Essential Oil Candles | DIY Candle Making Tutorial,316.0,storyboard,18,142.2,150.1,7.9,https://youtu.be/Ktz5Q9udtXY?t=142s,pour_wax,assemble,1,0.55,Copper tins filled with amber wax around the wooden wicks.,hater Ya,1,0.0,0.087,0.037,0.465,0.121,"#534c39,#8b8575,#e7e5dd",1,,
Ktz5Q9udtXY,https://www.youtube.com/watch?v=Ktz5Q9udtXY,How to Make Essential Oil Candles | DIY Candle Making Tutorial,316.0,storyboard,19,150.1,158.0,7.9,https://youtu.be/Ktz5Q9udtXY?t=150s,set_wick,assemble,1,0.5,Wooden wicks centred in the filled tins.,ee 1,0,0.0,0.086,0.0,0.476,0.14,"#56503e,#8d8672,#e7e5db",1,,
Ktz5Q9udtXY,https://www.youtube.com/watch?v=Ktz5Q9udtXY,How to Make Essential Oil Candles | DIY Candle Making Tutorial,316.0,storyboard,20,158.0,165.9,7.9,https://youtu.be/Ktz5Q9udtXY?t=158s,set_wick,assemble,1,0.45,Copper tins of wax beginning to set.,,0,0.0,0.109,0.242,0.46,0.119,"#80756b,#28251b,#c2c0c9",1,,
Ktz5Q9udtXY,https://www.youtube.com/watch?v=Ktz5Q9udtXY,How to Make Essential Oil Candles | DIY Candle Making Tutorial,316.0,storyboard,21,165.9,173.8,7.9,https://youtu.be/Ktz5Q9udtXY?t=166s,set_wick,assemble,1,0.45,Adjusting the wicks in the tins.,Pe,0,0.0,0.103,0.11,0.461,0.117,"#2f2a1d,#85796d,#beb9bf",1,,
Ktz5Q9udtXY,https://www.youtube.com/watch?v=Ktz5Q9udtXY,How to Make Essential Oil Candles | DIY Candle Making Tutorial,316.0,storyboard,22,173.8,181.7,7.9,https://youtu.be/Ktz5Q9udtXY?t=174s,pour_wax,assemble,1,0.5,Topping up the copper tins with wax.,oe. ay ry ree,1,0.0,0.151,0.102,0.441,0.111,"#847971,#2b281c,#bfc1cb",1,,
Ktz5Q9udtXY,https://www.youtube.com/watch?v=Ktz5Q9udtXY,How to Make Essential Oil Candles | DIY Candle Making Tutorial,316.0,storyboard,23,181.7,189.6,7.9,https://youtu.be/Ktz5Q9udtXY?t=182s,pour_wax,assemble,1,0.45,Copper tins of amber wax setting.,Sy or,0,0.0,0.141,0.089,0.449,0.121,"#796b5e,#beb3af,#1d1911",1,,
Ktz5Q9udtXY,https://www.youtube.com/watch?v=Ktz5Q9udtXY,How to Make Essential Oil Candles | DIY Candle Making Tutorial,316.0,storyboard,24,189.6,197.5,7.9,https://youtu.be/Ktz5Q9udtXY?t=190s,pour_wax,assemble,1,0.55,Copper tins on a tray; pouring continues.,,0,0.0,0.141,0.128,0.515,0.06,"#c1bcb5,#756b62,#2a1d13",1,,
Ktz5Q9udtXY,https://www.youtube.com/watch?v=Ktz5Q9udtXY,How to Make Essential Oil Candles | DIY Candle Making Tutorial,316.0,storyboard,26,205.4,213.3,7.9,https://youtu.be/Ktz5Q9udtXY?t=205s,pour_wax,assemble,1,0.5,Filling the tins; caption 'STEP 6'.,,0,0.0,0.168,0.043,0.493,0.066,"#c0bbb4,#776b60,#262019",1,,description references on-screen text but OCR found none
Ktz5Q9udtXY,https://www.youtube.com/watch?v=Ktz5Q9udtXY,How to Make Essential Oil Candles | DIY Candle Making Tutorial,316.0,storyboard,27,213.3,221.2,7.9,https://youtu.be/Ktz5Q9udtXY?t=213s,pour_wax,assemble,1,0.5,Pouring into the copper tins.,,0,0.0,0.14,0.0,0.479,0.073,"#bdb8b0,#736254,#191611",1,,
Ktz5Q9udtXY,https://www.youtube.com/watch?v=Ktz5Q9udtXY,How to Make Essential Oil Candles | DIY Candle Making Tutorial,316.0,storyboard,28,221.2,229.1,7.9,https://youtu.be/Ktz5Q9udtXY?t=221s,set_wick,assemble,1,0.45,Filled tins with a wick bar; lid nearby.,it,0,0.0,0.114,0.276,0.52,0.104,"#7e736e,#b4ada7,#46332f",1,,
Ktz5Q9udtXY,https://www.youtube.com/watch?v=Ktz5Q9udtXY,How to Make Essential Oil Candles | DIY Candle Making Tutorial,316.0,storyboard,29,229.1,237.0,7.9,https://youtu.be/Ktz5Q9udtXY?t=229s,set_wick,assemble,1,0.45,Host adjusts the tins on the table with greenery.,WW es Le,1,0.0,0.185,0.115,0.468,0.087,"#756b65,#aea8a3,#382a27",1,,
Ktz5Q9udtXY,https://www.youtube.com/watch?v=Ktz5Q9udtXY,How to Make Essential Oil Candles | DIY Candle Making Tutorial,316.0,storyboard,30,237.0,244.9,7.9,https://youtu.be/Ktz5Q9udtXY?t=237s,trim_wick,finish,1,0.5,The wooden wick is trimmed with scissors on a set candle.,vs as,0,0.0,0.169,0.197,0.471,0.096,"#87746d,#472e2b,#bfb3aa",1,,
Ktz5Q9udtXY,https://www.youtube.com/watch?v=Ktz5Q9udtXY,How to Make Essential Oil Candles | DIY Candle Making Tutorial,316.0,storyboard,31,244.9,252.8,7.9,https://youtu.be/Ktz5Q9udtXY?t=245s,reveal_result,finish,1,0.55,Host holds and examines a finished copper-tin candle.,,0,0.0,0.197,0.129,0.475,0.098,"#897c72,#4c3a32,#c0b3aa",1,,
Ktz5Q9udtXY,https://www.youtube.com/watch?v=Ktz5Q9udtXY,How to Make Essential Oil Candles | DIY Candle Making Tutorial,316.0,storyboard,32,252.8,260.7,7.9,https://youtu.be/Ktz5Q9udtXY?t=253s,reveal_result,finish,1,0.55,Finished copper tins with lids.,tae iy,0,0.0,0.074,0.073,0.471,0.165,"#986f57,#baa899,#592c1c",1,,
Ktz5Q9udtXY,https://www.youtube.com/watch?v=Ktz5Q9udtXY,How to Make Essential Oil Candles | DIY Candle Making Tutorial,316.0,storyboard,33,260.7,268.6,7.9,https://youtu.be/Ktz5Q9udtXY?t=261s,reveal_result,finish,1,0.6,A finished copper candle shown lit.,ee ee te,1,0.0,0.051,0.736,0.369,0.041,"#000000,#010002,#0c080a",1,,
Lg_fGA7jd4A,https://www.youtube.com/watch?v=Lg_fGA7jd4A,How to Make Whipped Wax?✨｜Candle Tutorial♥ Candle Making with English Subtitles,199.0,storyboard,2,15.92,23.88,7.96,https://youtu.be/Lg_fGA7jd4A?t=16s,melt_wax,process,1,0.6,Overhead: wax melting in a green pot; a phone timer beside it.,,0,0.0,0.061,0.096,0.623,0.079,"#9fa2a2,#d1cfc6,#605b47",1,,
Lg_fGA7jd4A,https://www.youtube.com/watch?v=Lg_fGA7jd4A,How to Make Whipped Wax?✨｜Candle Tutorial♥ Candle Making with English Subtitles,199.0,storyboard,3,23.88,31.84,7.96,https://youtu.be/Lg_fGA7jd4A?t=24s,melt_wax,process,1,0.5,A probe/thermometer checks the melting wax temperature.,Coe thes meee 2 wrehec,1,0.0,0.07,0.131,0.56,0.162,"#c4c1b8,#524915,#a38b56",1,,
Lg_fGA7jd4A,https://www.youtube.com/watch?v=Lg_fGA7jd4A,How to Make Whipped Wax?✨｜Candle Tutorial♥ Candle Making with English Subtitles,199.0,storyboard,4,31.84,39.8,7.96,https://youtu.be/Lg_fGA7jd4A?t=32s,melt_wax,process,1,0.6,Hand stirs the melting wax in the green pot.,ae lather ite armued 10 Geqree Cetues,1,0.333,0.062,0.229,0.52,0.156,"#c8c6bd,#a0886e,#48421a",1,,
Lg_fGA7jd4A,https://www.youtube.com/watch?v=Lg_fGA7jd4A,How to Make Whipped Wax?✨｜Candle Tutorial♥ Candle Making with English Subtitles,199.0,storyboard,5,39.8,47.76,7.96,https://youtu.be/Lg_fGA7jd4A?t=40s,pour_wax,assemble,1,0.45,Molten wax transferred/poured into a white stand-mixer bowl.,es.,0,0.0,0.056,0.167,0.546,0.134,"#947c67,#c4bfb7,#3f3613",1,,
Lg_fGA7jd4A,https://www.youtube.com/watch?v=Lg_fGA7jd4A,How to Make Whipped Wax?✨｜Candle Tutorial♥ Candle Making with English Subtitles,199.0,storyboard,6,47.76,55.72,7.96,https://youtu.be/Lg_fGA7jd4A?t=48s,monitor_temperature,process,1,0.45,Temperature probed again in the wax.,Cegree Seleies 4 208 tos bra! or Se nect ateg,1,0.0,0.071,0.133,0.554,0.145,"#c7cbc8,#58502b,#a29e8f",1,,
Lg_fGA7jd4A,https://www.youtube.com/watch?v=Lg_fGA7jd4A,How to Make Whipped Wax?✨｜Candle Tutorial♥ Candle Making with English Subtitles,199.0,storyboard,7,55.72,63.68,7.96,https://youtu.be/Lg_fGA7jd4A?t=56s,melt_wax,process,1,0.5,Green pot of molten wax with a probe.,ts acaptel Sb dey ee Cm atus,1,0.0,0.055,0.101,0.557,0.164,"#bbbbb8,#484225,#8e7553",1,,
Lg_fGA7jd4A,https://www.youtube.com/watch?v=Lg_fGA7jd4A,How to Make Whipped Wax?✨｜Candle Tutorial♥ Candle Making with English Subtitles,199.0,storyboard,8,63.68,71.64,7.96,https://youtu.be/Lg_fGA7jd4A?t=64s,decorate_finish,finish,1,0.45,Stand mixer whips the cooling wax into a fluffy texture.,Ny,0,0.0,0.067,0.141,0.528,0.131,"#bfb9b1,#484119,#948475",1,,
Lg_fGA7jd4A,https://www.youtube.com/watch?v=Lg_fGA7jd4A,How to Make Whipped Wax?✨｜Candle Tutorial♥ Candle Making with English Subtitles,199.0,storyboard,9,71.64,79.6,7.96,https://youtu.be/Lg_fGA7jd4A?t=72s,pour_wax,assemble,1,0.4,More wax added into the mixer bowl.,Qy,0,0.0,0.034,0.216,0.502,0.122,"#c7c1b7,#4a451d,#938577",1,,
Lg_fGA7jd4A,https://www.youtube.com/watch?v=Lg_fGA7jd4A,How to Make Whipped Wax?✨｜Candle Tutorial♥ Candle Making with English Subtitles,199.0,storyboard,10,79.6,87.56,7.96,https://youtu.be/Lg_fGA7jd4A?t=80s,melt_wax,process,1,0.5,Green pot of molten wax.,4 2 ay 1 es 2 ra APret mhaspirg agi fer reve,1,0.0,0.03,0.162,0.549,0.117,"#bebbb3,#524d26,#918772",1,,
Lg_fGA7jd4A,https://www.youtube.com/watch?v=Lg_fGA7jd4A,How to Make Whipped Wax?✨｜Candle Tutorial♥ Candle Making with English Subtitles,199.0,storyboard,11,87.56,95.52,7.96,https://youtu.be/Lg_fGA7jd4A?t=88s,melt_wax,process,1,0.5,Continued melting in the pot.,"Paes ad 7 Ane Thee tree, oR Derg weth ery att tine favcurite",1,0.0,0.05,0.053,0.54,0.112,"#c4c1b9,#958d70,#4b4629",1,,
Lg_fGA7jd4A,https://www.youtube.com/watch?v=Lg_fGA7jd4A,How to Make Whipped Wax?✨｜Candle Tutorial♥ Candle Making with English Subtitles,199.0,storyboard,12,95.52,103.48,7.96,https://youtu.be/Lg_fGA7jd4A?t=96s,pour_wax,assemble,1,0.4,Wax poured into the mixer bowl.,,0,0.0,0.042,0.212,0.563,0.113,"#d6d2ca,#918e85,#433d21",1,,
Lg_fGA7jd4A,https://www.youtube.com/watch?v=Lg_fGA7jd4A,How to Make Whipped Wax?✨｜Candle Tutorial♥ Candle Making with English Subtitles,199.0,storyboard,13,103.48,111.44,7.96,https://youtu.be/Lg_fGA7jd4A?t=103s,decorate_finish,finish,1,0.45,The mixer whips the wax to a whipped-cream consistency.,Zs wwe etart 10 wee the was chacoe,1,0.0,0.056,0.212,0.522,0.122,"#c8c2ba,#967f6f,#514226",1,,
Lg_fGA7jd4A,https://www.youtube.com/watch?v=Lg_fGA7jd4A,How to Make Whipped Wax?✨｜Candle Tutorial♥ Candle Making with English Subtitles,199.0,storyboard,14,111.44,119.4,7.96,https://youtu.be/Lg_fGA7jd4A?t=111s,decorate_finish,finish,1,0.45,Whipped white wax in the bowl.,46 fo been esgdeg Bm Fiat peed woe it's Creety,1,0.0,0.074,0.154,0.558,0.111,"#99958d,#d0ccc2,#534831",1,,
Lg_fGA7jd4A,https://www.youtube.com/watch?v=Lg_fGA7jd4A,How to Make Whipped Wax?✨｜Candle Tutorial♥ Candle Making with English Subtitles,199.0,storyboard,15,119.4,127.36,7.96,https://youtu.be/Lg_fGA7jd4A?t=119s,decorate_finish,finish,1,0.45,The whipped wax texture is checked.,,0,0.0,0.03,0.148,0.591,0.126,"#bfbbad,#958774,#54513e",1,,
Lg_fGA7jd4A,https://www.youtube.com/watch?v=Lg_fGA7jd4A,How to Make Whipped Wax?✨｜Candle Tutorial♥ Candle Making with English Subtitles,199.0,storyboard,16,127.36,135.32,7.96,https://youtu.be/Lg_fGA7jd4A?t=127s,decorate_finish,finish,1,0.45,Continued whipping of the wax.,4 inv OS 9 Aw Ve Got tar atgmpedt was BP ready tc 20,1,0.0,0.051,0.191,0.539,0.107,"#625954,#b9b3ad,#4a9edb",1,,
Lg_fGA7jd4A,https://www.youtube.com/watch?v=Lg_fGA7jd4A,How to Make Whipped Wax?✨｜Candle Tutorial♥ Candle Making with English Subtitles,199.0,storyboard,17,135.32,143.28,7.96,https://youtu.be/Lg_fGA7jd4A?t=135s,decorate_finish,finish,1,0.55,Whipped wax is piped like frosting onto a candle.,,0,0.0,0.018,0.092,0.638,0.074,"#a4a198,#c1beaf,#716c60",1,,
Lg_fGA7jd4A,https://www.youtube.com/watch?v=Lg_fGA7jd4A,How to Make Whipped Wax?✨｜Candle Tutorial♥ Candle Making with English Subtitles,199.0,storyboard,18,143.28,151.24,7.96,https://youtu.be/Lg_fGA7jd4A?t=143s,decorate_finish,finish,1,0.55,Piping the whipped wax topping.,al of Getel ta tecoenrt Cancie,1,0.0,0.026,0.089,0.636,0.078,"#a9a69f,#d4d3bb,#726a5e",1,,
LiLrIjz_2ac,https://www.youtube.com/watch?v=LiLrIjz_2ac,Beginners Guide - How to Make a Scented Candle at Home,211.0,storyboard,1,8.12,16.23,8.11,https://youtu.be/LiLrIjz_2ac?t=8s,gather_materials,prep,1,0.55,"Wax block, wicks, jar and a blue thermometer laid out.",,0,0.0,0.071,0.196,0.522,0.06,"#b5b8b8,#1b1913,#48473c",1,,
LiLrIjz_2ac,https://www.youtube.com/watch?v=LiLrIjz_2ac,Beginners Guide - How to Make a Scented Candle at Home,211.0,storyboard,2,16.23,24.35,8.12,https://youtu.be/LiLrIjz_2ac?t=16s,measure_wax,prep,1,0.55,A metal pitcher on a scale to weigh the wax.,"4 be rf, ae 5",1,0.0,0.082,0.072,0.525,0.062,"#c2c4c2,#868887,#1f2122",1,,
LiLrIjz_2ac,https://www.youtube.com/watch?v=LiLrIjz_2ac,Beginners Guide - How to Make a Scented Candle at Home,211.0,storyboard,3,24.35,32.46,8.11,https://youtu.be/LiLrIjz_2ac?t=24s,melt_wax,process,1,0.55,Wax in a black melting pot.,Si 4 At hy,1,0.0,0.078,0.041,0.525,0.066,"#bec0be,#727673,#191c1e",1,,
LiLrIjz_2ac,https://www.youtube.com/watch?v=LiLrIjz_2ac,Beginners Guide - How to Make a Scented Candle at Home,211.0,storyboard,4,32.46,40.58,8.12,https://youtu.be/LiLrIjz_2ac?t=32s,prepare_container,prep,1,0.6,Hands peel a wick sticker on the marble surface.,,0,0.0,0.073,0.215,0.521,0.075,"#b7b4b1,#766d66,#2e2521",1,,
LiLrIjz_2ac,https://www.youtube.com/watch?v=LiLrIjz_2ac,Beginners Guide - How to Make a Scented Candle at Home,211.0,storyboard,5,40.58,48.69,8.11,https://youtu.be/LiLrIjz_2ac?t=41s,prepare_container,prep,1,0.6,The wick is placed into the base of the glass jar.,ae 5 4 ot um,1,0.0,0.043,0.155,0.577,0.07,"#acb0b4,#888380,#544236",1,,
LiLrIjz_2ac,https://www.youtube.com/watch?v=LiLrIjz_2ac,Beginners Guide - How to Make a Scented Candle at Home,211.0,storyboard,6,48.69,56.81,8.12,https://youtu.be/LiLrIjz_2ac?t=49s,prepare_container,prep,1,0.55,Hands seat and centre the wick in the jar.,ie 4,0,0.0,0.043,0.112,0.586,0.068,"#b4b6b8,#80756c,#41342d",1,,
LiLrIjz_2ac,https://www.youtube.com/watch?v=LiLrIjz_2ac,Beginners Guide - How to Make a Scented Candle at Home,211.0,storyboard,7,56.81,64.92,8.11,https://youtu.be/LiLrIjz_2ac?t=57s,prepare_container,prep,1,0.5,Final adjustment of the wick in the jar.,7,0,0.0,0.043,0.103,0.569,0.048,"#b8bcbd,#7d817b,#30312a",1,,
LiLrIjz_2ac,https://www.youtube.com/watch?v=LiLrIjz_2ac,Beginners Guide - How to Make a Scented Candle at Home,211.0,storyboard,8,64.92,73.04,8.12,https://youtu.be/LiLrIjz_2ac?t=65s,measure_wax,prep,1,0.5,Metal pot of wax on the scale.,ss/ 6 ow ont at PO mere pet Orie of te pe,1,0.0,0.118,0.195,0.481,0.05,"#2c2a22,#716d62,#d4d6da",1,,
LiLrIjz_2ac,https://www.youtube.com/watch?v=LiLrIjz_2ac,Beginners Guide - How to Make a Scented Candle at Home,211.0,storyboard,9,73.04,81.15,8.11,https://youtu.be/LiLrIjz_2ac?t=73s,melt_wax,process,1,0.6,Wax melts in a double-boiler pot.,Vm PES,0,0.0,0.168,0.05,0.407,0.059,"#24221b,#6f6b5c,#d4d7d9",1,,
LiLrIjz_2ac,https://www.youtube.com/watch?v=LiLrIjz_2ac,Beginners Guide - How to Make a Scented Candle at Home,211.0,storyboard,10,81.15,89.27,8.12,https://youtu.be/LiLrIjz_2ac?t=81s,melt_wax,process,1,0.6,Stirring the melting wax.,7 1. PF,0,0.0,0.174,0.068,0.408,0.084,"#2e2b20,#79725e,#dadee2",1,,
LiLrIjz_2ac,https://www.youtube.com/watch?v=LiLrIjz_2ac,Beginners Guide - How to Make a Scented Candle at Home,211.0,storyboard,11,89.27,97.38,8.11,https://youtu.be/LiLrIjz_2ac?t=89s,monitor_temperature,process,1,0.55,A thermometer checks the wax temperature in the pot.,kod ra ea,1,0.0,0.119,0.284,0.501,0.07,"#383328,#94908a,#d9d9d9",1,,
LiLrIjz_2ac,https://www.youtube.com/watch?v=LiLrIjz_2ac,Beginners Guide - How to Make a Scented Candle at Home,211.0,storyboard,12,97.38,105.5,8.12,https://youtu.be/LiLrIjz_2ac?t=97s,add_fragrance,process,1,0.6,A black fragrance bottle is held over the pot to add scent.,he aw aie,1,0.0,0.039,0.077,0.556,0.046,"#86837d,#cecdcd,#36322e",1,,
LiLrIjz_2ac,https://www.youtube.com/watch?v=LiLrIjz_2ac,Beginners Guide - How to Make a Scented Candle at Home,211.0,storyboard,13,105.5,113.62,8.12,https://youtu.be/LiLrIjz_2ac?t=106s,add_fragrance,process,1,0.6,Fragrance oil poured into the melted wax.,2,0,0.0,0.019,0.119,0.555,0.041,"#c4c5c5,#959694,#323330",1,,
LiLrIjz_2ac,https://www.youtube.com/watch?v=LiLrIjz_2ac,Beginners Guide - How to Make a Scented Candle at Home,211.0,storyboard,14,113.62,121.73,8.11,https://youtu.be/LiLrIjz_2ac?t=114s,add_fragrance,process,1,0.55,Stirring the fragrance into the wax.,,0,0.0,0.04,0.136,0.557,0.045,"#c0c0bf,#89837f,#3a3431",1,,
LiLrIjz_2ac,https://www.youtube.com/watch?v=LiLrIjz_2ac,Beginners Guide - How to Make a Scented Candle at Home,211.0,storyboard,15,121.73,129.85,8.12,https://youtu.be/LiLrIjz_2ac?t=122s,pour_wax,assemble,1,0.6,Molten wax poured into the prepared jar.,eal,0,0.0,0.035,0.105,0.542,0.042,"#747572,#bfbdbb,#3a342f",1,,
LiLrIjz_2ac,https://www.youtube.com/watch?v=LiLrIjz_2ac,Beginners Guide - How to Make a Scented Candle at Home,211.0,storyboard,16,129.85,137.96,8.11,https://youtu.be/LiLrIjz_2ac?t=130s,set_wick,assemble,1,0.5,Wick steadied as the jar fills.,,0,0.333,0.052,0.15,0.568,0.051,"#bcbdbe,#45403b,#88857e",1,,
LiLrIjz_2ac,https://www.youtube.com/watch?v=LiLrIjz_2ac,Beginners Guide - How to Make a Scented Candle at Home,211.0,storyboard,17,137.96,146.08,8.12,https://youtu.be/LiLrIjz_2ac?t=138s,set_wick,assemble,1,0.5,Filled jar with the wick centred.,7 5 Prien,1,0.333,0.066,0.116,0.611,0.049,"#bcbbba,#827d78,#483c37",1,,
LiLrIjz_2ac,https://www.youtube.com/watch?v=LiLrIjz_2ac,Beginners Guide - How to Make a Scented Candle at Home,211.0,storyboard,18,146.08,154.19,8.11,https://youtu.be/LiLrIjz_2ac?t=146s,add_fragrance,process,1,0.4,Hands at the jar with a dropper bottle.,,0,0.0,0.097,0.163,0.564,0.084,"#bdbbb7,#968a83,#5d4d46",1,,
LiLrIjz_2ac,https://www.youtube.com/watch?v=LiLrIjz_2ac,Beginners Guide - How to Make a Scented Candle at Home,211.0,storyboard,19,154.19,162.31,8.12,https://youtu.be/LiLrIjz_2ac?t=154s,cure_cool,assemble,1,0.5,The poured jar is left to set.,5 al 5 2 fm ee ie ew rd ben 3 ras oe net bn sl yw,1,0.0,0.2,0.214,0.457,0.064,"#6e6865,#262a20,#c3c0c0",1,,
LiLrIjz_2ac,https://www.youtube.com/watch?v=LiLrIjz_2ac,Beginners Guide - How to Make a Scented Candle at Home,211.0,storyboard,20,162.31,170.42,8.11,https://youtu.be/LiLrIjz_2ac?t=162s,trim_wick,finish,1,0.5,The wick is trimmed on the set candle; greenery in frame.,oJ,0,0.0,0.043,0.137,0.607,0.192,"#e39b91,#63599a,#faf9f9",1,,
LiLrIjz_2ac,https://www.youtube.com/watch?v=LiLrIjz_2ac,Beginners Guide - How to Make a Scented Candle at Home,211.0,storyboard,21,170.42,178.54,8.12,https://youtu.be/LiLrIjz_2ac?t=170s,decorate_finish,finish,1,0.4,A dropper finishes the candle.,,0,0.333,0.055,0.011,0.674,0.24,"#e29a91,#61589a,#faf9fa",1,,
N1izApjGj2c,https://www.youtube.com/watch?v=N1izApjGj2c,How to Make a Candle | DIY Candle Making,285.0,storyboard,5,39.58,47.5,7.92,https://youtu.be/N1izApjGj2c?t=40s,measure_wax,prep,1,0.55,Overhead metal pitcher/tin on a scale to weigh wax.,,0,0.0,0.006,0.042,0.703,0.031,"#b5afaf,#c0c1c2,#a19a98",1,,
N1izApjGj2c,https://www.youtube.com/watch?v=N1izApjGj2c,How to Make a Candle | DIY Candle Making,285.0,storyboard,7,55.42,63.33,7.91,https://youtu.be/N1izApjGj2c?t=55s,measure_wax,prep,1,0.5,Hand weighs the wax tin on the scale.,"rT ee as JS he 4 at ey ed iT note 3 2. 2 rc 7 Hod FAs ve aa oh ol Pal pe ie ars Fx al Mis So me Sk rd ar 7. Se Ord ae at We te or ss 4 4 ae et 4 Geet ee zs ee ee,",1,0.333,0.018,0.136,0.628,0.057,"#bebaba,#b2adae,#a09998",1,,
N1izApjGj2c,https://www.youtube.com/watch?v=N1izApjGj2c,How to Make a Candle | DIY Candle Making,285.0,storyboard,13,102.92,110.83,7.91,https://youtu.be/N1izApjGj2c?t=103s,prepare_container,prep,1,0.55,A wick is placed into a glass.,,0,0.333,0.007,0.019,0.689,0.045,"#bbb6b7,#aca6a5,#7e5550",1,,
N1izApjGj2c,https://www.youtube.com/watch?v=N1izApjGj2c,How to Make a Candle | DIY Candle Making,285.0,storyboard,14,110.83,118.75,7.92,https://youtu.be/N1izApjGj2c?t=111s,prepare_container,prep,1,0.55,Wicks set into the two glasses.,eS WS me in 5 vk 5. at es 3 id me. Se ri ie ee LL ae aa,1,0.333,0.017,0.145,0.6,0.073,"#bbb6b5,#ada7a5,#948983",1,,
N1izApjGj2c,https://www.youtube.com/watch?v=N1izApjGj2c,How to Make a Candle | DIY Candle Making,285.0,storyboard,16,126.67,134.58,7.91,https://youtu.be/N1izApjGj2c?t=127s,melt_wax,process,1,0.55,Overhead pan melting the wax.,,0,0.0,0.007,0.036,0.741,0.022,"#b9b5b4,#dfdcd6,#96908b",1,,
N1izApjGj2c,https://www.youtube.com/watch?v=N1izApjGj2c,How to Make a Candle | DIY Candle Making,285.0,storyboard,17,134.58,142.5,7.92,https://youtu.be/N1izApjGj2c?t=135s,melt_wax,process,1,0.55,Wax tin in the pan.,veer heer ee ae ee rs mf SF eq aes 3 rs. ie erate AS pe oa Fal Pi Be co MME ve as as oe oe am eee eS vot 7,1,0.333,0.018,0.139,0.618,0.055,"#bab6b6,#a09d9b,#dedad3",1,,
N1izApjGj2c,https://www.youtube.com/watch?v=N1izApjGj2c,How to Make a Candle | DIY Candle Making,285.0,storyboard,18,142.5,150.42,7.92,https://youtu.be/N1izApjGj2c?t=142s,melt_wax,process,1,0.5,Molten wax in the tin; hand.,ms Tg jes LS,1,0.0,0.067,0.084,0.618,0.035,"#b4b1b0,#3d3f41,#89867a",1,,
N1izApjGj2c,https://www.youtube.com/watch?v=N1izApjGj2c,How to Make a Candle | DIY Candle Making,285.0,storyboard,23,182.08,190.0,7.92,https://youtu.be/N1izApjGj2c?t=182s,monitor_temperature,process,1,0.55,A thermometer is placed in the melted wax.,1 el Mi va!,1,0.333,0.025,0.396,0.712,0.053,"#b89c86,#2b2421,#735e46",1,,
N1izApjGj2c,https://www.youtube.com/watch?v=N1izApjGj2c,How to Make a Candle | DIY Candle Making,285.0,storyboard,24,190.0,197.92,7.92,https://youtu.be/N1izApjGj2c?t=190s,monitor_temperature,process,1,0.6,Thermometer reads ~190°F in the pan; caption with the fragrance-load formula.,th 1 ee fe: ll,1,0.333,0.047,0.369,0.681,0.059,"#b9a494,#856b54,#372c24",1,,
N1izApjGj2c,https://www.youtube.com/watch?v=N1izApjGj2c,How to Make a Candle | DIY Candle Making,285.0,storyboard,25,197.92,205.83,7.91,https://youtu.be/N1izApjGj2c?t=198s,monitor_temperature,process,1,0.6,Thermometer reads ~185°F; hands at the pan.,rd 1,0,0.0,0.062,0.039,0.592,0.055,"#b5b0ae,#989289,#404142",1,,
N1izApjGj2c,https://www.youtube.com/watch?v=N1izApjGj2c,How to Make a Candle | DIY Candle Making,285.0,storyboard,26,205.83,213.75,7.92,https://youtu.be/N1izApjGj2c?t=206s,monitor_temperature,process,1,0.55,Hands stir fragrance into the melted wax.,TANT. 2,0,0.333,0.045,0.218,0.503,0.086,"#b79b86,#2d2522,#776249",1,,
N1izApjGj2c,https://www.youtube.com/watch?v=N1izApjGj2c,How to Make a Candle | DIY Candle Making,285.0,storyboard,27,213.75,221.67,7.92,https://youtu.be/N1izApjGj2c?t=214s,monitor_temperature,process,1,0.55,Metal pouring pitcher; thermometer ~170°F before pouring.,oO PNG,0,0.333,0.017,0.121,0.593,0.054,"#b5b1b0,#908f8d,#55514c",1,,
N1izApjGj2c,https://www.youtube.com/watch?v=N1izApjGj2c,How to Make a Candle | DIY Candle Making,285.0,storyboard,28,221.67,229.58,7.91,https://youtu.be/N1izApjGj2c?t=222s,pour_wax,assemble,1,0.65,Wax poured into the two prepared glasses.,4 wae Ts,1,0.333,0.04,0.099,0.583,0.063,"#ada79b,#857669,#1d1c1b",1,,
N1izApjGj2c,https://www.youtube.com/watch?v=N1izApjGj2c,How to Make a Candle | DIY Candle Making,285.0,storyboard,29,229.58,237.5,7.92,https://youtu.be/N1izApjGj2c?t=230s,set_wick,assemble,1,0.55,Wicks centred in the freshly poured glasses.,As 7 4 7 re! 7 ae va aa ai ea oe ea ae oa ee Av ee 7 4 re 7 6 ee eS so at ff. 4 7 re ae tae SS,1,0.0,0.023,0.099,0.634,0.073,"#aea8a3,#beb8b6,#a2967b",1,,
N1izApjGj2c,https://www.youtube.com/watch?v=N1izApjGj2c,How to Make a Candle | DIY Candle Making,285.0,storyboard,30,237.5,245.42,7.92,https://youtu.be/N1izApjGj2c?t=238s,set_wick,assemble,1,0.5,Wick bars hold the wicks as the candles set.,,0,0.0,0.0,0.027,0.709,0.028,"#bbb8bc,#aba8aa,#e0e0db",1,,
N1izApjGj2c,https://www.youtube.com/watch?v=N1izApjGj2c,How to Make a Candle | DIY Candle Making,285.0,storyboard,31,245.42,253.33,7.91,https://youtu.be/N1izApjGj2c?t=245s,cure_cool,assemble,1,0.5,The two white candles cool and turn opaque.,,0,0.333,0.001,0.034,0.714,0.035,"#c3bec0,#b0a9aa,#997d76",1,,
N1izApjGj2c,https://www.youtube.com/watch?v=N1izApjGj2c,How to Make a Candle | DIY Candle Making,285.0,storyboard,32,253.33,261.25,7.92,https://youtu.be/N1izApjGj2c?t=253s,reveal_result,finish,1,0.6,Host presents the finished candle on a table.,wee,0,0.333,0.036,0.168,0.469,0.109,"#94826f,#322f24,#b8b7b8",1,,
N1izApjGj2c,https://www.youtube.com/watch?v=N1izApjGj2c,How to Make a Candle | DIY Candle Making,285.0,storyboard,33,261.25,269.17,7.92,https://youtu.be/N1izApjGj2c?t=261s,reveal_result,finish,1,0.6,Finished white candle styled by a vase.,ize,0,0.0,0.026,0.051,0.478,0.109,"#95836e,#2c2d21,#bbbab8",1,,
N1izApjGj2c,https://www.youtube.com/watch?v=N1izApjGj2c,How to Make a Candle | DIY Candle Making,285.0,storyboard,34,269.17,277.08,7.91,https://youtu.be/N1izApjGj2c?t=269s,reveal_result,finish,1,0.55,Finished candle shown; a hand near it.,THANKS FOR WATCHING!,1,0.0,0.048,0.255,0.801,0.038,"#fdfdfd,#1a1a1a,#797979",1,,
NGgDIEY_R40,https://www.youtube.com/watch?v=NGgDIEY_R40,How to Add Scent to a Candle : Basic Candle Making,111.0,storyboard,3,23.79,31.71,7.92,https://youtu.be/NGgDIEY_R40?t=24s,melt_wax,process,1,0.5,Hands hold a wooden stir stick over the large metal melting pot of wax.,,0,0.0,0.029,0.228,0.439,0.132,"#1d1c14,#b7b085,#797156",1,,
NGgDIEY_R40,https://www.youtube.com/watch?v=NGgDIEY_R40,How to Add Scent to a Candle : Basic Candle Making,111.0,storyboard,4,31.71,39.64,7.93,https://youtu.be/NGgDIEY_R40?t=32s,melt_wax,process,1,0.5,The big metal pot with a wick clip on the rim and a wooden stir stick; wax inside.,,0,0.0,0.002,0.024,0.507,0.148,"#b5ab75,#736539,#3f3119",1,,
NGgDIEY_R40,https://www.youtube.com/watch?v=NGgDIEY_R40,How to Add Scent to a Candle : Basic Candle Making,111.0,storyboard,5,39.64,47.57,7.93,https://youtu.be/NGgDIEY_R40?t=40s,melt_wax,process,1,0.45,Hands measure depth/level in the pot with a stick and point things out.,,0,0.0,0.008,0.21,0.397,0.146,"#a6936f,#16140d,#766145",1,,
NGgDIEY_R40,https://www.youtube.com/watch?v=NGgDIEY_R40,How to Add Scent to a Candle : Basic Candle Making,111.0,storyboard,6,47.57,55.5,7.93,https://youtu.be/NGgDIEY_R40?t=48s,melt_wax,process,1,0.45,Host points at the pot rim and wick as the wax stands ready.,in uli,0,0.0,0.018,0.157,0.462,0.148,"#b6aa75,#776840,#4a3a1d",1,,
NGgDIEY_R40,https://www.youtube.com/watch?v=NGgDIEY_R40,How to Add Scent to a Candle : Basic Candle Making,111.0,storyboard,7,55.5,63.43,7.93,https://youtu.be/NGgDIEY_R40?t=56s,add_fragrance,process,1,0.5,A stick/probe is inserted into the pot to stir in scent (the video's topic is adding fragrance).,,0,0.0,0.006,0.226,0.379,0.146,"#14130d,#ac936d,#6a5b42",1,,description references on-screen text but OCR found none
NGgDIEY_R40,https://www.youtube.com/watch?v=NGgDIEY_R40,How to Add Scent to a Candle : Basic Candle Making,111.0,storyboard,8,63.43,71.36,7.93,https://youtu.be/NGgDIEY_R40?t=63s,add_fragrance,process,1,0.5,Hands stir the pot to blend fragrance into the wax.,,0,0.0,0.009,0.152,0.385,0.145,"#a49b67,#685c34,#262112",1,,
NGgDIEY_R40,https://www.youtube.com/watch?v=NGgDIEY_R40,How to Add Scent to a Candle : Basic Candle Making,111.0,storyboard,9,71.36,79.29,7.93,https://youtu.be/NGgDIEY_R40?t=71s,pour_wax,assemble,1,0.5,Work at a glass jar with a wick — wax being poured/handled.,,0,0.0,0.008,0.201,0.428,0.137,"#12120c,#ae966e,#726448",1,,
NGgDIEY_R40,https://www.youtube.com/watch?v=NGgDIEY_R40,How to Add Scent to a Candle : Basic Candle Making,111.0,storyboard,10,79.29,87.21,7.92,https://youtu.be/NGgDIEY_R40?t=79s,set_wick,assemble,1,0.5,The glass jar holds wax with a centred wick; hands adjust it.,,0,0.333,0.004,0.059,0.65,0.126,"#b8b27c,#9b8b5c,#c9c9a7",1,,
NGgDIEY_R40,https://www.youtube.com/watch?v=NGgDIEY_R40,How to Add Scent to a Candle : Basic Candle Making,111.0,storyboard,11,87.21,95.14,7.93,https://youtu.be/NGgDIEY_R40?t=87s,reveal_result,finish,1,0.55,Finished Pure Integrity candle in the glass with its wick shown.,,0,0.0,0.01,0.086,0.632,0.12,"#a0915e,#b7b481,#805f44",1,,
NKgSlA79S78,https://www.youtube.com/watch?v=NKgSlA79S78,HOW TO MAKE ROLLED BEESWAX CANDLES | Easy Tutorial,430.0,storyboard,2,15.93,23.89,7.96,https://youtu.be/NKgSlA79S78?t=16s,prepare_container,prep,1,0.5,Wick set along the edge of the beeswax sheet.,bf eal nL,1,0.0,0.087,0.086,0.498,0.122,"#bdb89d,#3a3e35,#787a6e",1,,
NKgSlA79S78,https://www.youtube.com/watch?v=NKgSlA79S78,HOW TO MAKE ROLLED BEESWAX CANDLES | Easy Tutorial,430.0,storyboard,3,23.89,31.85,7.96,https://youtu.be/NKgSlA79S78?t=24s,decorate_finish,finish,1,0.5,Rolling the warm beeswax sheet around the wick to form the candle.,4. 4 ay 2 aaa...,1,0.0,0.084,0.0,0.5,0.117,"#c2c2ac,#3c3f35,#7b7c6f",1,,
NKgSlA79S78,https://www.youtube.com/watch?v=NKgSlA79S78,HOW TO MAKE ROLLED BEESWAX CANDLES | Easy Tutorial,430.0,storyboard,4,31.85,39.81,7.96,https://youtu.be/NKgSlA79S78?t=32s,decorate_finish,finish,1,0.5,Rolling the warm beeswax sheet around the wick to form the candle.,ij SS SF,1,0.0,0.081,0.198,0.53,0.089,"#887869,#bdbbb5,#322d25",1,,
NKgSlA79S78,https://www.youtube.com/watch?v=NKgSlA79S78,HOW TO MAKE ROLLED BEESWAX CANDLES | Easy Tutorial,430.0,storyboard,5,39.81,47.78,7.97,https://youtu.be/NKgSlA79S78?t=40s,decorate_finish,finish,1,0.5,Rolling the warm beeswax sheet around the wick to form the candle.,,0,0.0,0.071,0.073,0.496,0.092,"#897968,#babab1,#312c26",1,,
NKgSlA79S78,https://www.youtube.com/watch?v=NKgSlA79S78,HOW TO MAKE ROLLED BEESWAX CANDLES | Easy Tutorial,430.0,storyboard,6,47.78,55.74,7.96,https://youtu.be/NKgSlA79S78?t=48s,decorate_finish,finish,1,0.5,Rolling the warm beeswax sheet around the wick to form the candle.,af Sa,0,0.0,0.053,0.134,0.527,0.108,"#8d7c66,#c8c3ba,#3b3127",1,,
NKgSlA79S78,https://www.youtube.com/watch?v=NKgSlA79S78,HOW TO MAKE ROLLED BEESWAX CANDLES | Easy Tutorial,430.0,storyboard,7,55.74,63.7,7.96,https://youtu.be/NKgSlA79S78?t=56s,decorate_finish,finish,1,0.5,Rolling the warm beeswax sheet around the wick to form the candle.,wh,0,0.0,0.072,0.141,0.535,0.093,"#999487,#cbcac4,#39332a",1,,
NKgSlA79S78,https://www.youtube.com/watch?v=NKgSlA79S78,HOW TO MAKE ROLLED BEESWAX CANDLES | Easy Tutorial,430.0,storyboard,9,71.67,79.63,7.96,https://youtu.be/NKgSlA79S78?t=72s,decorate_finish,finish,1,0.5,Rolling the warm beeswax sheet around the wick to form the candle.,ad ae iy,1,0.0,0.177,0.066,0.51,0.072,"#858274,#cfcac3,#383529",1,,
NKgSlA79S78,https://www.youtube.com/watch?v=NKgSlA79S78,HOW TO MAKE ROLLED BEESWAX CANDLES | Easy Tutorial,430.0,storyboard,10,79.63,87.59,7.96,https://youtu.be/NKgSlA79S78?t=80s,decorate_finish,finish,1,0.5,Rolling the warm beeswax sheet around the wick to form the candle.,NY 0 ny fy,1,0.0,0.153,0.0,0.515,0.071,"#807f72,#cec7c1,#38352a",1,,
NKgSlA79S78,https://www.youtube.com/watch?v=NKgSlA79S78,HOW TO MAKE ROLLED BEESWAX CANDLES | Easy Tutorial,430.0,storyboard,11,87.59,95.56,7.97,https://youtu.be/NKgSlA79S78?t=88s,decorate_finish,finish,1,0.5,Rolling the warm beeswax sheet around the wick to form the candle.,7 Pi yN,0,0.0,0.156,0.074,0.509,0.071,"#807f72,#cbc5bf,#3a362b",1,,
NKgSlA79S78,https://www.youtube.com/watch?v=NKgSlA79S78,HOW TO MAKE ROLLED BEESWAX CANDLES | Easy Tutorial,430.0,storyboard,14,111.48,119.44,7.96,https://youtu.be/NKgSlA79S78?t=111s,decorate_finish,finish,1,0.5,Rolling the warm beeswax sheet around the wick to form the candle.,bi el Bh Nis,1,0.0,0.181,0.081,0.507,0.067,"#7e786b,#c3c0b8,#353529",1,,
NKgSlA79S78,https://www.youtube.com/watch?v=NKgSlA79S78,HOW TO MAKE ROLLED BEESWAX CANDLES | Easy Tutorial,430.0,storyboard,15,119.44,127.41,7.97,https://youtu.be/NKgSlA79S78?t=119s,decorate_finish,finish,1,0.5,Rolling the warm beeswax sheet around the wick to form the candle.,,0,0.0,0.05,0.082,0.521,0.135,"#917b5d,#c9c1a9,#312a1b",1,,
NKgSlA79S78,https://www.youtube.com/watch?v=NKgSlA79S78,HOW TO MAKE ROLLED BEESWAX CANDLES | Easy Tutorial,430.0,storyboard,16,127.41,135.37,7.96,https://youtu.be/NKgSlA79S78?t=127s,decorate_finish,finish,1,0.5,Rolling the warm beeswax sheet around the wick to form the candle.,,0,0.0,0.074,0.0,0.508,0.132,"#8d775a,#c6bfa7,#2f271b",1,,
NKgSlA79S78,https://www.youtube.com/watch?v=NKgSlA79S78,HOW TO MAKE ROLLED BEESWAX CANDLES | Easy Tutorial,430.0,storyboard,17,135.37,143.33,7.96,https://youtu.be/NKgSlA79S78?t=135s,decorate_finish,finish,1,0.5,Rolling the warm beeswax sheet around the wick to form the candle.,js eS py ge,1,0.0,0.056,0.111,0.531,0.128,"#ccc4ab,#8d785f,#30281b",1,,
NKgSlA79S78,https://www.youtube.com/watch?v=NKgSlA79S78,HOW TO MAKE ROLLED BEESWAX CANDLES | Easy Tutorial,430.0,storyboard,18,143.33,151.3,7.97,https://youtu.be/NKgSlA79S78?t=143s,decorate_finish,finish,1,0.5,Rolling the warm beeswax sheet around the wick to form the candle.,1 7 sy,0,0.0,0.051,0.074,0.553,0.116,"#a48f74,#cecbc7,#3f3427",1,,
NKgSlA79S78,https://www.youtube.com/watch?v=NKgSlA79S78,HOW TO MAKE ROLLED BEESWAX CANDLES | Easy Tutorial,430.0,storyboard,19,151.3,159.26,7.96,https://youtu.be/NKgSlA79S78?t=151s,decorate_finish,finish,1,0.5,Rolling the warm beeswax sheet around the wick to form the candle.,ae,0,0.0,0.056,0.162,0.545,0.103,"#8b7969,#c0bcaf,#3d352d",1,,
NKgSlA79S78,https://www.youtube.com/watch?v=NKgSlA79S78,HOW TO MAKE ROLLED BEESWAX CANDLES | Easy Tutorial,430.0,storyboard,20,159.26,167.22,7.96,https://youtu.be/NKgSlA79S78?t=159s,reveal_result,finish,1,0.45,A finished rolled beeswax candle on the board.,Be! oe 4,1,0.0,0.063,0.029,0.531,0.094,"#8b7765,#c3bfb1,#3d342a",1,,
NKgSlA79S78,https://www.youtube.com/watch?v=NKgSlA79S78,HOW TO MAKE ROLLED BEESWAX CANDLES | Easy Tutorial,430.0,storyboard,21,167.22,175.19,7.97,https://youtu.be/NKgSlA79S78?t=167s,reveal_result,finish,1,0.45,Rolled beeswax candle shown.,,0,0.0,0.062,0.04,0.53,0.1,"#8e7966,#c5c1af,#3c3429",1,,
NKgSlA79S78,https://www.youtube.com/watch?v=NKgSlA79S78,HOW TO MAKE ROLLED BEESWAX CANDLES | Easy Tutorial,430.0,storyboard,22,175.19,183.15,7.96,https://youtu.be/NKgSlA79S78?t=175s,gather_materials,prep,1,0.45,Another beeswax sheet readied.,AS VA,0,0.0,0.077,0.063,0.534,0.111,"#8a765f,#c5bfad,#3e3527",1,,
NKgSlA79S78,https://www.youtube.com/watch?v=NKgSlA79S78,HOW TO MAKE ROLLED BEESWAX CANDLES | Easy Tutorial,430.0,storyboard,23,183.15,191.11,7.96,https://youtu.be/NKgSlA79S78?t=183s,prepare_container,prep,1,0.45,Wick placed on the next beeswax sheet.,ih,0,0.0,0.071,0.0,0.533,0.115,"#8b755e,#c7bfa9,#3e3324",1,,
NKgSlA79S78,https://www.youtube.com/watch?v=NKgSlA79S78,HOW TO MAKE ROLLED BEESWAX CANDLES | Easy Tutorial,430.0,storyboard,24,191.11,199.07,7.96,https://youtu.be/NKgSlA79S78?t=191s,decorate_finish,finish,1,0.5,Rolling a beeswax sheet into a candle.,liege?,0,0.0,0.086,0.07,0.533,0.12,"#8b765e,#c7c0ac,#3f3627",1,,
NKgSlA79S78,https://www.youtube.com/watch?v=NKgSlA79S78,HOW TO MAKE ROLLED BEESWAX CANDLES | Easy Tutorial,430.0,storyboard,25,199.07,207.04,7.97,https://youtu.be/NKgSlA79S78?t=199s,decorate_finish,finish,1,0.5,Rolling a beeswax sheet into a candle.,aoe Se 4,1,0.0,0.094,0.056,0.546,0.124,"#8c765c,#ccc5b0,#483d2c",1,,
NKgSlA79S78,https://www.youtube.com/watch?v=NKgSlA79S78,HOW TO MAKE ROLLED BEESWAX CANDLES | Easy Tutorial,430.0,storyboard,26,207.04,215.0,7.96,https://youtu.be/NKgSlA79S78?t=207s,decorate_finish,finish,1,0.5,Rolling a beeswax sheet into a candle.,Sa,0,0.0,0.108,0.04,0.543,0.126,"#897459,#cbc6af,#3c3322",1,,
NKgSlA79S78,https://www.youtube.com/watch?v=NKgSlA79S78,HOW TO MAKE ROLLED BEESWAX CANDLES | Easy Tutorial,430.0,storyboard,27,215.0,222.96,7.96,https://youtu.be/NKgSlA79S78?t=215s,decorate_finish,finish,1,0.5,Rolling a beeswax sheet into a candle.,cn Pon ge,1,0.0,0.045,0.046,0.535,0.128,"#8c7558,#ccc6af,#403624",1,,
NKgSlA79S78,https://www.youtube.com/watch?v=NKgSlA79S78,HOW TO MAKE ROLLED BEESWAX CANDLES | Easy Tutorial,430.0,storyboard,28,222.96,230.93,7.97,https://youtu.be/NKgSlA79S78?t=223s,decorate_finish,finish,1,0.5,Rolling a beeswax sheet into a candle.,,0,0.0,0.063,0.097,0.536,0.127,"#8d775a,#cbc6b4,#3e3524",1,,
NKgSlA79S78,https://www.youtube.com/watch?v=NKgSlA79S78,HOW TO MAKE ROLLED BEESWAX CANDLES | Easy Tutorial,430.0,storyboard,29,230.93,238.89,7.96,https://youtu.be/NKgSlA79S78?t=231s,decorate_finish,finish,1,0.5,Rolling a beeswax sheet into a candle.,,0,0.0,0.086,0.091,0.536,0.124,"#877359,#c6c0ad,#483b29",1,,
NKgSlA79S78,https://www.youtube.com/watch?v=NKgSlA79S78,HOW TO MAKE ROLLED BEESWAX CANDLES | Easy Tutorial,430.0,storyboard,30,238.89,246.85,7.96,https://youtu.be/NKgSlA79S78?t=239s,decorate_finish,finish,1,0.5,Rolling a beeswax sheet into a candle.,Fg,0,0.0,0.084,0.0,0.542,0.124,"#877257,#c9c4b0,#3c3223",1,,
NKgSlA79S78,https://www.youtube.com/watch?v=NKgSlA79S78,HOW TO MAKE ROLLED BEESWAX CANDLES | Easy Tutorial,430.0,storyboard,31,246.85,254.81,7.96,https://youtu.be/NKgSlA79S78?t=247s,decorate_finish,finish,1,0.5,Rolling a beeswax sheet into a candle.,rhe bd 5 6 ia,1,0.0,0.064,0.106,0.535,0.096,"#c4bfb6,#7f6c60,#3b3028",1,,
NKgSlA79S78,https://www.youtube.com/watch?v=NKgSlA79S78,HOW TO MAKE ROLLED BEESWAX CANDLES | Easy Tutorial,430.0,storyboard,32,254.81,262.78,7.97,https://youtu.be/NKgSlA79S78?t=255s,decorate_finish,finish,1,0.5,Rolling a beeswax sheet into a candle.,fee 4 KX,1,0.0,0.049,0.077,0.529,0.127,"#8c7659,#c9c2ad,#383121",1,,
NKgSlA79S78,https://www.youtube.com/watch?v=NKgSlA79S78,HOW TO MAKE ROLLED BEESWAX CANDLES | Easy Tutorial,430.0,storyboard,33,262.78,270.74,7.96,https://youtu.be/NKgSlA79S78?t=263s,decorate_finish,finish,1,0.5,Rolling a beeswax sheet into a candle.,Lor,0,0.0,0.056,0.141,0.526,0.118,"#c7c1b3,#806d53,#3b3221",1,,
NKgSlA79S78,https://www.youtube.com/watch?v=NKgSlA79S78,HOW TO MAKE ROLLED BEESWAX CANDLES | Easy Tutorial,430.0,storyboard,34,270.74,278.7,7.96,https://youtu.be/NKgSlA79S78?t=271s,decorate_finish,finish,1,0.5,Rolling a beeswax sheet into a candle.,gr 6 on,0,0.0,0.062,0.111,0.526,0.112,"#8e785d,#c7c5ba,#403626",1,,
NKgSlA79S78,https://www.youtube.com/watch?v=NKgSlA79S78,HOW TO MAKE ROLLED BEESWAX CANDLES | Easy Tutorial,430.0,storyboard,35,278.7,286.67,7.97,https://youtu.be/NKgSlA79S78?t=279s,decorate_finish,finish,1,0.5,Rolling a beeswax sheet into a candle.,be,0,0.0,0.07,0.068,0.534,0.109,"#8c775d,#c6c3b9,#493b29",1,,
NKgSlA79S78,https://www.youtube.com/watch?v=NKgSlA79S78,HOW TO MAKE ROLLED BEESWAX CANDLES | Easy Tutorial,430.0,storyboard,36,286.67,294.63,7.96,https://youtu.be/NKgSlA79S78?t=287s,decorate_finish,finish,1,0.5,Rolling a beeswax sheet into a candle.,an ie,0,0.0,0.123,0.059,0.537,0.109,"#8b775e,#c6c3ba,#473a29",1,,
NKgSlA79S78,https://www.youtube.com/watch?v=NKgSlA79S78,HOW TO MAKE ROLLED BEESWAX CANDLES | Easy Tutorial,430.0,storyboard,37,294.63,302.59,7.96,https://youtu.be/NKgSlA79S78?t=295s,decorate_finish,finish,1,0.5,Rolling a beeswax sheet into a candle.,,0,0.0,0.077,0.0,0.545,0.11,"#8c765d,#c9c6be,#463a28",1,,
NKgSlA79S78,https://www.youtube.com/watch?v=NKgSlA79S78,HOW TO MAKE ROLLED BEESWAX CANDLES | Easy Tutorial,430.0,storyboard,38,302.59,310.56,7.97,https://youtu.be/NKgSlA79S78?t=303s,decorate_finish,finish,1,0.5,Rolling a beeswax sheet into a candle.,oS,0,0.0,0.095,0.04,0.546,0.108,"#877259,#c7c3bb,#3f3524",1,,
NKgSlA79S78,https://www.youtube.com/watch?v=NKgSlA79S78,HOW TO MAKE ROLLED BEESWAX CANDLES | Easy Tutorial,430.0,storyboard,39,310.56,318.52,7.96,https://youtu.be/NKgSlA79S78?t=311s,decorate_finish,finish,1,0.5,Rolling a beeswax sheet into a candle.,oY 4,0,0.0,0.078,0.083,0.513,0.113,"#84705a,#c4c1bb,#392e22",1,,
NKgSlA79S78,https://www.youtube.com/watch?v=NKgSlA79S78,HOW TO MAKE ROLLED BEESWAX CANDLES | Easy Tutorial,430.0,storyboard,40,318.52,326.48,7.96,https://youtu.be/NKgSlA79S78?t=319s,decorate_finish,finish,1,0.5,Rolling a beeswax sheet into a candle.,on oa me ss,1,0.0,0.075,0.089,0.511,0.111,"#846f56,#c6bfb1,#382f22",1,,
NKgSlA79S78,https://www.youtube.com/watch?v=NKgSlA79S78,HOW TO MAKE ROLLED BEESWAX CANDLES | Easy Tutorial,430.0,storyboard,41,326.48,334.44,7.96,https://youtu.be/NKgSlA79S78?t=326s,decorate_finish,finish,1,0.5,Rolling a beeswax sheet into a candle.,4 me 4,0,0.0,0.097,0.053,0.517,0.117,"#836f56,#c5bcac,#342d21",1,,
NKgSlA79S78,https://www.youtube.com/watch?v=NKgSlA79S78,HOW TO MAKE ROLLED BEESWAX CANDLES | Easy Tutorial,430.0,storyboard,42,334.44,342.41,7.97,https://youtu.be/NKgSlA79S78?t=334s,decorate_finish,finish,1,0.5,Rolling a beeswax sheet into a candle.,aad LY 4 mw ee,1,0.0,0.05,0.063,0.527,0.11,"#836d52,#c5c3b8,#28251a",1,,
OvIwqhcWF6o,https://www.youtube.com/watch?v=OvIwqhcWF6o,How to remove soy wax pillar candle from plastic mould? | The easiest method | DIY,70.0,storyboard,0,0.0,7.78,7.78,https://youtu.be/OvIwqhcWF6o?t=0s,decorate_finish,finish,1,0.5,White surface: a white ribbed pillar candle beside a cork mould base.,,0,0.0,0.089,0.102,0.772,0.081,"#f1eced,#c4bbb8,#887064",1,,
OvIwqhcWF6o,https://www.youtube.com/watch?v=OvIwqhcWF6o,How to remove soy wax pillar candle from plastic mould? | The easiest method | DIY,70.0,storyboard,1,7.78,15.56,7.78,https://youtu.be/OvIwqhcWF6o?t=8s,decorate_finish,finish,1,0.5,Hands hold the fluted pillar candle; on-screen text about the wick.,fe eo,0,0.333,0.157,0.09,0.788,0.096,"#f2ebe9,#bba8a6,#875c52",1,,
OvIwqhcWF6o,https://www.youtube.com/watch?v=OvIwqhcWF6o,How to remove soy wax pillar candle from plastic mould? | The easiest method | DIY,70.0,storyboard,2,15.56,23.33,7.77,https://youtu.be/OvIwqhcWF6o?t=16s,prepare_container,prep,1,0.45,Hands handle a glass and the cork mould base with the white candle.,"O's. Bo, ow Oe",1,0.0,0.11,0.149,0.726,0.114,"#ede3e3,#b99e9b,#7e534a",1,,
OvIwqhcWF6o,https://www.youtube.com/watch?v=OvIwqhcWF6o,How to remove soy wax pillar candle from plastic mould? | The easiest method | DIY,70.0,storyboard,3,23.33,31.11,7.78,https://youtu.be/OvIwqhcWF6o?t=23s,cure_cool,assemble,1,0.55,A hand holds the mould cap; caption: put the mould with candle in the freezer for 5-10 minutes.,,0,0.0,0.097,0.136,0.785,0.051,"#e9eaed,#b6b8ba,#4b4141",1,,description references on-screen text but OCR found none
OvIwqhcWF6o,https://www.youtube.com/watch?v=OvIwqhcWF6o,How to remove soy wax pillar candle from plastic mould? | The easiest method | DIY,70.0,storyboard,4,31.11,38.89,7.78,https://youtu.be/OvIwqhcWF6o?t=31s,cure_cool,assemble,1,0.55,The mould is placed in a freezer; caption about chilling to release the candle.,he. Yo,0,0.333,0.076,0.276,0.704,0.047,"#948c8a,#706564,#d8d3cf",1,,description references on-screen text but OCR found none
OvIwqhcWF6o,https://www.youtube.com/watch?v=OvIwqhcWF6o,How to remove soy wax pillar candle from plastic mould? | The easiest method | DIY,70.0,storyboard,5,38.89,46.67,7.78,https://youtu.be/OvIwqhcWF6o?t=39s,cure_cool,assemble,1,0.5,"Freezer interior; caption: take it out, let it reach room temperature, then unmould.",Tite beewre owt &erw yous Lee,1,0.0,0.089,0.259,0.672,0.067,"#908281,#675956,#f4f0e8",1,,
OvIwqhcWF6o,https://www.youtube.com/watch?v=OvIwqhcWF6o,How to remove soy wax pillar candle from plastic mould? | The easiest method | DIY,70.0,storyboard,6,46.67,54.44,7.77,https://youtu.be/OvIwqhcWF6o?t=47s,decorate_finish,finish,1,0.55,Hands unmould the white fluted pillar candle from the polycarbonate mould.,NS ps fg Fe,1,0.0,0.114,0.189,0.736,0.096,"#eee8eb,#beb2b4,#8d7371",1,,
OvIwqhcWF6o,https://www.youtube.com/watch?v=OvIwqhcWF6o,How to remove soy wax pillar candle from plastic mould? | The easiest method | DIY,70.0,storyboard,7,54.44,62.22,7.78,https://youtu.be/OvIwqhcWF6o?t=54s,decorate_finish,finish,1,0.55,The ribbed pillar candle is pulled free of the mould.,ys SS oe,1,0.0,0.129,0.162,0.772,0.119,"#f6f2f3,#c9bdbe,#a17c7b",1,,
OvIwqhcWF6o,https://www.youtube.com/watch?v=OvIwqhcWF6o,How to remove soy wax pillar candle from plastic mould? | The easiest method | DIY,70.0,storyboard,8,62.22,70.0,7.78,https://youtu.be/OvIwqhcWF6o?t=62s,reveal_result,finish,1,0.6,The finished red fluted pillar candle is held up with a thumbs-up.,ae eee Of,1,0.0,0.043,0.364,0.243,0.055,"#000000,#010202,#060002",1,,
Pj9yYzFvpFA,https://www.youtube.com/watch?v=Pj9yYzFvpFA,DIY Transparent Candle Without Gel | Elegant and Easy Tutorial,63.0,storyboard,0,0.0,7.88,7.88,https://youtu.be/Pj9yYzFvpFA?t=0s,prepare_container,prep,1,0.55,"Hands position a clear glass tumbler on a table strewn with decorative beads and fairy lights, prepping the transparent vessel for a gel-look candle.",oan ar ae: 2 2 MES ved. ues ps 7 ae seo,1,0.333,0.023,0.106,0.493,0.101,"#948978,#62584c,#b6b0a6",1,,
Pj9yYzFvpFA,https://www.youtube.com/watch?v=Pj9yYzFvpFA,DIY Transparent Candle Without Gel | Elegant and Easy Tutorial,63.0,storyboard,1,7.88,15.75,7.87,https://youtu.be/Pj9yYzFvpFA?t=8s,measure_wax,prep,1,0.55,White wax pellets are scooped/poured into a small metal pouring pitcher; a tealight and supplies sit on the table.,is as,0,0.0,0.03,0.154,0.479,0.119,"#7e7361,#aea899,#43382e",1,,
Pj9yYzFvpFA,https://www.youtube.com/watch?v=Pj9yYzFvpFA,DIY Transparent Candle Without Gel | Elegant and Easy Tutorial,63.0,storyboard,2,15.75,23.62,7.87,https://youtu.be/Pj9yYzFvpFA?t=16s,melt_wax,process,1,0.6,"The metal pitcher sits on a small burner; the wax melts into a clear, colourless liquid.",as es 4 et Ed Pd SP. Ia,1,0.0,0.039,0.184,0.346,0.129,"#846d50,#413729,#aea391",1,,
Pj9yYzFvpFA,https://www.youtube.com/watch?v=Pj9yYzFvpFA,DIY Transparent Candle Without Gel | Elegant and Easy Tutorial,63.0,storyboard,3,23.62,31.5,7.88,https://youtu.be/Pj9yYzFvpFA?t=24s,melt_wax,process,1,0.55,The clear molten wax is stirred in the pitcher with a wooden stick to fully liquefy it.,NF 7 oa zt las 5 ae,1,0.0,0.025,0.167,0.398,0.145,"#3e2e21,#785d44,#b1a28b",1,,
Pj9yYzFvpFA,https://www.youtube.com/watch?v=Pj9yYzFvpFA,DIY Transparent Candle Without Gel | Elegant and Easy Tutorial,63.0,storyboard,4,31.5,39.38,7.88,https://youtu.be/Pj9yYzFvpFA?t=32s,pour_wax,assemble,1,0.65,Clear molten wax is poured from the pitcher into the decorated glass; a wick is held upright on a stick laid across the rim.,ee,0,0.0,0.025,0.203,0.496,0.116,"#a78a77,#bfb5ac,#6d4e3e",1,,
Pj9yYzFvpFA,https://www.youtube.com/watch?v=Pj9yYzFvpFA,DIY Transparent Candle Without Gel | Elegant and Easy Tutorial,63.0,storyboard,5,39.38,47.25,7.87,https://youtu.be/Pj9yYzFvpFA?t=39s,pour_wax,assemble,1,0.6,The glass fills with transparent wax around the centred wick; embedded beads and glitter settle in the clear body.,4. 4 Ld ae Re 7,1,0.333,0.019,0.07,0.525,0.096,"#b4ab9d,#86765a,#504236",1,,
Pj9yYzFvpFA,https://www.youtube.com/watch?v=Pj9yYzFvpFA,DIY Transparent Candle Without Gel | Elegant and Easy Tutorial,63.0,storyboard,6,47.25,55.12,7.87,https://youtu.be/Pj9yYzFvpFA?t=47s,reveal_result,finish,1,0.65,"A hand holds up the finished glittery transparent candle, then it is shown lit.",ee iy 4 Amy Nd pe! 7 Tate id ee,1,0.0,0.032,0.117,0.519,0.142,"#ab9b88,#876e5f,#5b4033",1,,
Rl8O7K9RvMA,https://www.youtube.com/watch?v=Rl8O7K9RvMA,How To Make A Layered Candle 🕯️| Supplies For Candles,114.0,storyboard,1,8.14,16.29,8.15,https://youtu.be/Rl8O7K9RvMA?t=8s,prepare_container,prep,1,0.65,"Finished blue layered candle teaser, then hands peel a wick sticker; caption 'Peel off the wick stick and place it onto the end of the candle wick'.",9 ad aitthe ak wich eevee pace it wedu the end af theenndle itt,1,0.0,0.032,0.124,0.678,0.087,"#b19e94,#d4cdc6,#946d5b",1,,
Rl8O7K9RvMA,https://www.youtube.com/watch?v=Rl8O7K9RvMA,How To Make A Layered Candle 🕯️| Supplies For Candles,114.0,storyboard,2,16.29,24.43,8.14,https://youtu.be/Rl8O7K9RvMA?t=16s,prepare_container,prep,1,0.65,Caption 'Peel off the other side and place the wick in the middle of your candle glass'; wick fixed into the glass.,tay Weaechete patie euctiaeert ak we tort! Feeenies miter Whibe bobds oromrl Loe of agi,1,0.0,0.061,0.173,0.683,0.091,"#eae5d7,#b9a79c,#70675b",1,,
Rl8O7K9RvMA,https://www.youtube.com/watch?v=Rl8O7K9RvMA,How To Make A Layered Candle 🕯️| Supplies For Candles,114.0,storyboard,3,24.43,32.57,8.14,https://youtu.be/Rl8O7K9RvMA?t=24s,measure_wax,prep,1,0.6,White wax flakes in a metal bowl; captions 'split your measured wax into three separate bowls' and 'Fill your pan halfway with boiling water'.,va,0,0.0,0.081,0.104,0.678,0.083,"#d7d1be,#a8978a,#434338",1,,description references on-screen text but OCR found none
Rl8O7K9RvMA,https://www.youtube.com/watch?v=Rl8O7K9RvMA,How To Make A Layered Candle 🕯️| Supplies For Candles,114.0,storyboard,4,32.57,40.71,8.14,https://youtu.be/Rl8O7K9RvMA?t=33s,melt_wax,process,1,0.65,Caption 'Melt your first wax layer ... and stir until melted'; wax melting in the bowl over the water bath.,om ig,0,0.333,0.065,0.137,0.664,0.092,"#b2a28b,#e2decf,#4f523d",1,,description references on-screen text but OCR found none
Rl8O7K9RvMA,https://www.youtube.com/watch?v=Rl8O7K9RvMA,How To Make A Layered Candle 🕯️| Supplies For Candles,114.0,storyboard,5,40.71,48.86,8.15,https://youtu.be/Rl8O7K9RvMA?t=41s,add_dye_color,process,1,0.65,Dark blue dye added and stirred in; caption 'For your dark colour add around ten drops of your chosen dye and stir'.,,0,0.0,0.078,0.097,0.647,0.093,"#a89486,#d0c9bb,#20181f",1,,description references on-screen text but OCR found none
Rl8O7K9RvMA,https://www.youtube.com/watch?v=Rl8O7K9RvMA,How To Make A Layered Candle 🕯️| Supplies For Candles,114.0,storyboard,6,48.86,57.0,8.14,https://youtu.be/Rl8O7K9RvMA?t=49s,add_fragrance,process,1,0.6,Caption 'Wait until your wax has cooled to 61°C then add your chosen fragrance'; stirring the blue wax.,Pri,0,0.0,0.083,0.159,0.638,0.107,"#b39b8a,#e4dfd3,#453a2d",1,,description references on-screen text but OCR found none
Rl8O7K9RvMA,https://www.youtube.com/watch?v=Rl8O7K9RvMA,How To Make A Layered Candle 🕯️| Supplies For Candles,114.0,storyboard,7,57.0,65.14,8.14,https://youtu.be/Rl8O7K9RvMA?t=57s,pour_wax,assemble,1,0.7,Caption 'Transfer your wax into a pouring jug then slowly pour your mix into your glass'; first dark layer poured.,7 Ce 04 uh ols sewent Oo Se nen isthe ux 7 Dinyetewrorie ae eee ean,1,0.0,0.079,0.082,0.655,0.104,"#ac9d89,#cdc6b6,#74614a",1,,
Rl8O7K9RvMA,https://www.youtube.com/watch?v=Rl8O7K9RvMA,How To Make A Layered Candle 🕯️| Supplies For Candles,114.0,storyboard,8,65.14,73.29,8.15,https://youtu.be/Rl8O7K9RvMA?t=65s,pour_wax,assemble,1,0.55,"Second layer prepared; captions about adding the wick-centering tool, waiting ~2 hours, and adding ~5 dye drops for the mid colour.",,0,0.0,0.086,0.124,0.662,0.092,"#ae9a8e,#d5cfc5,#414b62",1,,description references on-screen text but OCR found none
Rl8O7K9RvMA,https://www.youtube.com/watch?v=Rl8O7K9RvMA,How To Make A Layered Candle 🕯️| Supplies For Candles,114.0,storyboard,9,73.29,81.43,8.14,https://youtu.be/Rl8O7K9RvMA?t=73s,pour_wax,assemble,1,0.7,Caption 'Slowly pour your next layer and wait around 2 hours before pouring the next layer'; second blue layer poured.,,0,0.0,0.067,0.075,0.652,0.073,"#ccc7bb,#a5948a,#383633",1,,description references on-screen text but OCR found none
Rl8O7K9RvMA,https://www.youtube.com/watch?v=Rl8O7K9RvMA,How To Make A Layered Candle 🕯️| Supplies For Candles,114.0,storyboard,10,81.43,89.57,8.14,https://youtu.be/Rl8O7K9RvMA?t=81s,pour_wax,assemble,1,0.55,Caption 'Melt the wax for your last layer and add one drop for your light colour'; lightest layer tinted.,,0,0.0,0.105,0.077,0.66,0.109,"#b1a499,#dad2c9,#3f475f",1,,description references on-screen text but OCR found none
Rl8O7K9RvMA,https://www.youtube.com/watch?v=Rl8O7K9RvMA,How To Make A Layered Candle 🕯️| Supplies For Candles,114.0,storyboard,11,89.57,97.71,8.14,https://youtu.be/Rl8O7K9RvMA?t=90s,pour_wax,assemble,1,0.65,Caption 'Slowly pour your last layer'; the final light-blue layer poured into the glass.,,0,0.0,0.046,0.121,0.638,0.08,"#ac9e94,#dfdcd2,#42403d",1,,description references on-screen text but OCR found none
Rl8O7K9RvMA,https://www.youtube.com/watch?v=Rl8O7K9RvMA,How To Make A Layered Candle 🕯️| Supplies For Candles,114.0,storyboard,12,97.71,105.86,8.15,https://youtu.be/Rl8O7K9RvMA?t=98s,cure_cool,assemble,1,0.55,Finished blue ombre layered candle with white flowers; caption 'Leave your candle to set overnight before lighting'.,BA ea THann you FOR WATCHING! 0o2o0C0co0,1,0.0,0.04,0.151,0.891,0.031,"#fdfdfc,#b4aeac,#636461",1,,
Rpu5mH5me1Y,https://www.youtube.com/watch?v=Rpu5mH5me1Y,"How It's Made, Candles.",269.0,storyboard,1,7.91,15.82,7.91,https://youtu.be/Rpu5mH5me1Y?t=8s,pour_wax,assemble,1,0.4,Factory machine dips rows of wicks into molten wax (industrial dipping).,at SS ee eee oe eee oe wt ae os Soe Rr mo een,1,0.333,0.083,0.295,0.381,0.122,"#3a2d1f,#796654,#c2ac93",1,,
Rpu5mH5me1Y,https://www.youtube.com/watch?v=Rpu5mH5me1Y,"How It's Made, Candles.",269.0,storyboard,2,15.82,23.74,7.92,https://youtu.be/Rpu5mH5me1Y?t=16s,pour_wax,assemble,1,0.4,Conveyor dips the taper wicks repeatedly.,4 oe 4 Pi,1,0.333,0.077,0.266,0.441,0.119,"#9e7d63,#4d3b2d,#c7c1c8",1,,
Rpu5mH5me1Y,https://www.youtube.com/watch?v=Rpu5mH5me1Y,"How It's Made, Candles.",269.0,storyboard,3,23.74,31.65,7.91,https://youtu.be/Rpu5mH5me1Y?t=24s,pour_wax,assemble,1,0.4,White wax pellets/balls fed into the machine.,oe,0,0.0,0.024,0.13,0.607,0.157,"#c39c6e,#f5cf9a,#8c6f4d",1,,
Rpu5mH5me1Y,https://www.youtube.com/watch?v=Rpu5mH5me1Y,"How It's Made, Candles.",269.0,storyboard,4,31.65,39.56,7.91,https://youtu.be/Rpu5mH5me1Y?t=32s,pour_wax,assemble,1,0.4,Molten wax dispensed into moulds on the line.,,0,0.0,0.009,0.197,0.655,0.094,"#e1d1be,#716451,#a1927e",1,,
Rpu5mH5me1Y,https://www.youtube.com/watch?v=Rpu5mH5me1Y,"How It's Made, Candles.",269.0,storyboard,5,39.56,47.47,7.91,https://youtu.be/Rpu5mH5me1Y?t=40s,pour_wax,assemble,1,0.4,Industrial wax vat/melter.,Pe,0,0.0,0.024,0.122,0.696,0.097,"#ac9f91,#f4e8ce,#6e5c47",1,,
Rpu5mH5me1Y,https://www.youtube.com/watch?v=Rpu5mH5me1Y,"How It's Made, Candles.",269.0,storyboard,6,47.47,55.38,7.91,https://youtu.be/Rpu5mH5me1Y?t=47s,pour_wax,assemble,1,0.4,Wax filling moulds on the conveyor.,yy bs 1 eee Or ee eee le,1,0.0,0.044,0.315,0.685,0.071,"#a59480,#eddec9,#312819",1,,
Rpu5mH5me1Y,https://www.youtube.com/watch?v=Rpu5mH5me1Y,"How It's Made, Candles.",269.0,storyboard,7,55.38,63.29,7.91,https://youtu.be/Rpu5mH5me1Y?t=55s,pour_wax,assemble,1,0.4,Continued machine pouring.,7 5,0,0.0,0.038,0.384,0.488,0.089,"#29271a,#7c7050,#eae0c1",1,,
Rpu5mH5me1Y,https://www.youtube.com/watch?v=Rpu5mH5me1Y,"How It's Made, Candles.",269.0,storyboard,8,63.29,71.21,7.92,https://youtu.be/Rpu5mH5me1Y?t=63s,pour_wax,assemble,1,0.4,Moulds threaded with wicks on the line.,eh,0,0.0,0.056,0.236,0.406,0.106,"#292718,#817355,#e3d8bb",1,,
Rpu5mH5me1Y,https://www.youtube.com/watch?v=Rpu5mH5me1Y,"How It's Made, Candles.",269.0,storyboard,9,71.21,79.12,7.91,https://youtu.be/Rpu5mH5me1Y?t=71s,pour_wax,assemble,1,0.4,Machine fills the moulds with wax.,7 on ae Ce,1,0.0,0.038,0.295,0.383,0.105,"#241f13,#786c4e,#e5dbc1",1,,
Rpu5mH5me1Y,https://www.youtube.com/watch?v=Rpu5mH5me1Y,"How It's Made, Candles.",269.0,storyboard,10,79.12,87.03,7.91,https://youtu.be/Rpu5mH5me1Y?t=79s,pour_wax,assemble,1,0.4,Dipping racks coat the tapers.,Ya,0,0.0,0.023,0.252,0.46,0.109,"#9d8b6f,#463c24,#dfd0b6",1,,
Rpu5mH5me1Y,https://www.youtube.com/watch?v=Rpu5mH5me1Y,"How It's Made, Candles.",269.0,storyboard,11,87.03,94.94,7.91,https://youtu.be/Rpu5mH5me1Y?t=87s,pour_wax,assemble,1,0.4,Industrial melter feeding the line.,,0,0.0,0.023,0.276,0.601,0.156,"#f7ddaf,#b8936a,#563a21",1,,
Rpu5mH5me1Y,https://www.youtube.com/watch?v=Rpu5mH5me1Y,"How It's Made, Candles.",269.0,storyboard,12,94.94,102.85,7.91,https://youtu.be/Rpu5mH5me1Y?t=95s,pour_wax,assemble,1,0.4,Rows of tapers dipped on the machine.,Tt Wha ae Why ie,1,0.0,0.125,0.185,0.305,0.107,"#39251a,#846250,#c8a38d",1,,
Rpu5mH5me1Y,https://www.youtube.com/watch?v=Rpu5mH5me1Y,"How It's Made, Candles.",269.0,storyboard,13,102.85,110.76,7.91,https://youtu.be/Rpu5mH5me1Y?t=103s,pour_wax,assemble,1,0.4,Continued industrial dipping.,"ae ee. 5 7 we? 4 ae gas Le Ses its ae Vi oe oe on wh, ae eee,",1,0.333,0.161,0.193,0.333,0.137,"#352114,#885c47,#c99c83",1,,
Rpu5mH5me1Y,https://www.youtube.com/watch?v=Rpu5mH5me1Y,"How It's Made, Candles.",269.0,storyboard,14,110.76,118.68,7.92,https://youtu.be/Rpu5mH5me1Y?t=111s,pour_wax,assemble,1,0.4,Tapers built up by repeated machine dips.,Wee pe 14,1,0.0,0.099,0.203,0.325,0.159,"#34241b,#6b4a38,#a98875",1,,
Rpu5mH5me1Y,https://www.youtube.com/watch?v=Rpu5mH5me1Y,"How It's Made, Candles.",269.0,storyboard,15,118.68,126.59,7.91,https://youtu.be/Rpu5mH5me1Y?t=119s,pour_wax,assemble,1,0.4,Moulds on the production line.,We Lee om all ee 7 iam ee CS Re 1 5 er re ty,1,0.0,0.058,0.213,0.38,0.163,"#53301d,#925c3f,#d9a481",1,,
Rpu5mH5me1Y,https://www.youtube.com/watch?v=Rpu5mH5me1Y,"How It's Made, Candles.",269.0,storyboard,16,126.59,134.5,7.91,https://youtu.be/Rpu5mH5me1Y?t=127s,pour_wax,assemble,1,0.4,Wax poured/dipped on the machine.,an or tre,1,0.0,0.057,0.254,0.348,0.129,"#815b3f,#4c311f,#bd9372",1,,
Rpu5mH5me1Y,https://www.youtube.com/watch?v=Rpu5mH5me1Y,"How It's Made, Candles.",269.0,storyboard,17,134.5,142.41,7.91,https://youtu.be/Rpu5mH5me1Y?t=134s,cure_cool,assemble,1,0.4,Candles cooling on the racks.,Lm ee ae. NaN: Pianta er li: NN Ss nog Ys 7 tS,1,0.0,0.17,0.179,0.41,0.234,"#4c301d,#9b5f35,#e1a672",1,,
Rpu5mH5me1Y,https://www.youtube.com/watch?v=Rpu5mH5me1Y,"How It's Made, Candles.",269.0,storyboard,18,142.41,150.32,7.91,https://youtu.be/Rpu5mH5me1Y?t=142s,cure_cool,assemble,1,0.4,Tapers cooling on the conveyor.,,0,0.0,0.159,0.207,0.49,0.141,"#9c795d,#694f3b,#d7aa81",1,,
Rpu5mH5me1Y,https://www.youtube.com/watch?v=Rpu5mH5me1Y,"How It's Made, Candles.",269.0,storyboard,19,150.32,158.24,7.92,https://youtu.be/Rpu5mH5me1Y?t=150s,pour_wax,assemble,1,0.4,Machine continues dipping/filling.,"es ee pga mm TF AO sgt aie ai ie ws uw 1 gf ats, te iy ie aie ws.",1,0.0,0.342,0.204,0.538,0.099,"#94765c,#715239,#c7aa90",1,,
Rpu5mH5me1Y,https://www.youtube.com/watch?v=Rpu5mH5me1Y,"How It's Made, Candles.",269.0,storyboard,20,158.24,166.15,7.91,https://youtu.be/Rpu5mH5me1Y?t=158s,reveal_result,finish,1,0.4,Rows of finished candles on trays.,yp PA ny Oe he wns lay nt Ff 3 ro al ma oe te 2 sy 1,1,0.0,0.049,0.149,0.702,0.097,"#ecd4b9,#b99c88,#4f3d31",1,,
Rpu5mH5me1Y,https://www.youtube.com/watch?v=Rpu5mH5me1Y,"How It's Made, Candles.",269.0,storyboard,21,166.15,174.06,7.91,https://youtu.be/Rpu5mH5me1Y?t=166s,reveal_result,finish,1,0.4,Finished candles lined up.,,0,0.0,0.012,0.091,0.793,0.12,"#ddb999,#fae4bf,#7c5b43",1,,
Rpu5mH5me1Y,https://www.youtube.com/watch?v=Rpu5mH5me1Y,"How It's Made, Candles.",269.0,storyboard,22,174.06,181.97,7.91,https://youtu.be/Rpu5mH5me1Y?t=174s,reveal_result,finish,1,0.4,Candles setting on the line.,Se Beg er ee ee PP ITT oe SS teal ornament bee 8 se ee PS oa PP. 8. 5 5 Yh 06 282,1,0.0,0.181,0.207,0.657,0.144,"#a58268,#e7d1b7,#573d27",1,,
Rpu5mH5me1Y,https://www.youtube.com/watch?v=Rpu5mH5me1Y,"How It's Made, Candles.",269.0,storyboard,23,181.97,189.88,7.91,https://youtu.be/Rpu5mH5me1Y?t=182s,reveal_result,finish,1,0.4,Trays of finished candles.,am 2 Sh ae gt ts ea,1,0.0,0.068,0.216,0.708,0.147,"#f4e1c3,#9f4a20,#b08f73",1,,
Rpu5mH5me1Y,https://www.youtube.com/watch?v=Rpu5mH5me1Y,"How It's Made, Candles.",269.0,storyboard,24,189.88,197.79,7.91,https://youtu.be/Rpu5mH5me1Y?t=190s,measure_wax,prep,1,0.4,White wax balls placed into a pillar mould; machine pressing.,re,0,0.0,0.015,0.332,0.571,0.143,"#eabd9f,#91684d,#60331e",1,,
Rpu5mH5me1Y,https://www.youtube.com/watch?v=Rpu5mH5me1Y,"How It's Made, Candles.",269.0,storyboard,25,197.79,205.71,7.92,https://youtu.be/Rpu5mH5me1Y?t=198s,pour_wax,assemble,1,0.4,Machine compresses/forms white wax into pillar moulds.,,0,0.0,0.041,0.249,0.536,0.096,"#f5e2ce,#50392a,#9c806e",1,,
Rpu5mH5me1Y,https://www.youtube.com/watch?v=Rpu5mH5me1Y,"How It's Made, Candles.",269.0,storyboard,26,205.71,213.62,7.91,https://youtu.be/Rpu5mH5me1Y?t=206s,pour_wax,assemble,1,0.4,Rotary machine forms pillars; a worker tends dipping racks.,"TEL uml Ize We al Se OW, aT pi bly alh tO rd ee ee ee",1,0.0,0.085,0.236,0.452,0.129,"#563c28,#957962,#dbbb9c",1,,
Rpu5mH5me1Y,https://www.youtube.com/watch?v=Rpu5mH5me1Y,"How It's Made, Candles.",269.0,storyboard,27,213.62,221.53,7.91,https://youtu.be/Rpu5mH5me1Y?t=214s,pour_wax,assemble,1,0.4,Tall dipping racks coat the tapers.,Hin. is ay 1 iis et iil lu fi ty ae iii VAI Lg Bill! my 4 ie SP PD,1,0.0,0.092,0.3,0.386,0.104,"#483120,#947558,#ead7a9",1,,
Rpu5mH5me1Y,https://www.youtube.com/watch?v=Rpu5mH5me1Y,"How It's Made, Candles.",269.0,storyboard,28,221.53,229.44,7.91,https://youtu.be/Rpu5mH5me1Y?t=222s,pour_wax,assemble,1,0.4,Dipping-rack mechanism in action.,iat,0,0.0,0.108,0.207,0.298,0.094,"#866746,#4f341d,#e4ccac",1,,
Rpu5mH5me1Y,https://www.youtube.com/watch?v=Rpu5mH5me1Y,"How It's Made, Candles.",269.0,storyboard,29,229.44,237.35,7.91,https://youtu.be/Rpu5mH5me1Y?t=229s,cure_cool,assemble,1,0.4,Rows of cream tapers hang to cool.,wi ii mi 7,1,0.0,0.097,0.301,0.468,0.154,"#a17f5b,#eed8a3,#412e1d",1,,
Rpu5mH5me1Y,https://www.youtube.com/watch?v=Rpu5mH5me1Y,"How It's Made, Candles.",269.0,storyboard,30,237.35,245.26,7.91,https://youtu.be/Rpu5mH5me1Y?t=237s,reveal_result,finish,1,0.45,Rows of finished tapers.,ms ie 4,0,0.0,0.021,0.305,0.607,0.184,"#f9ebb2,#b68946,#6c491a",1,,
Rpu5mH5me1Y,https://www.youtube.com/watch?v=Rpu5mH5me1Y,"How It's Made, Candles.",269.0,storyboard,31,245.26,253.18,7.92,https://youtu.be/Rpu5mH5me1Y?t=245s,reveal_result,finish,1,0.5,Finished red and cream pillar candles shown lit.,gee,0,0.0,0.043,0.207,0.307,0.189,"#3d1c11,#91421c,#df9e60",1,,
Rpu5mH5me1Y,https://www.youtube.com/watch?v=Rpu5mH5me1Y,"How It's Made, Candles.",269.0,storyboard,32,253.18,261.09,7.91,https://youtu.be/Rpu5mH5me1Y?t=253s,reveal_result,finish,1,0.5,Lit pillar candles beauty shot.,,0,0.0,0.004,0.0,0.151,0.116,"#3f200e,#22140c,#5b3e1f",1,,
Rpu5mH5me1Y,https://www.youtube.com/watch?v=Rpu5mH5me1Y,"How It's Made, Candles.",269.0,storyboard,33,261.09,269.0,7.91,https://youtu.be/Rpu5mH5me1Y?t=261s,reveal_result,finish,1,0.45,Closing shot of the lit finished candles.,,0,0.0,0.004,0.0,0.151,0.116,"#40210e,#23140c,#5c3f20",1,,
RwLOuuMSrWE,https://www.youtube.com/watch?v=RwLOuuMSrWE,CANDLE MAKING FOR BEGINNERS | How To Make Woodwick Candles,423.0,storyboard,0,0.0,7.98,7.98,https://youtu.be/RwLOuuMSrWE?t=0s,gather_materials,prep,1,0.5,"Overhead supplies — fragrance bottle, scale and a candle — laid out for a wooden-wick build.",,0,0.0,0.053,0.182,0.594,0.07,"#a2a5a3,#bdc0ba,#73736b",1,,
RwLOuuMSrWE,https://www.youtube.com/watch?v=RwLOuuMSrWE,CANDLE MAKING FOR BEGINNERS | How To Make Woodwick Candles,423.0,storyboard,5,39.91,47.89,7.98,https://youtu.be/RwLOuuMSrWE?t=40s,measure_wax,prep,1,0.55,Wax flakes poured into a metal pitcher on a scale.,4 ie,0,0.0,0.104,0.106,0.59,0.081,"#c8ccc9,#959189,#5f5246",1,,
RwLOuuMSrWE,https://www.youtube.com/watch?v=RwLOuuMSrWE,CANDLE MAKING FOR BEGINNERS | How To Make Woodwick Candles,423.0,storyboard,7,55.87,63.85,7.98,https://youtu.be/RwLOuuMSrWE?t=56s,measure_wax,prep,1,0.5,White wax bag and scale.,"AW, Ne gol",1,0.0,0.139,0.092,0.561,0.114,"#c9c5be,#948779,#6d4e3f",1,,
RwLOuuMSrWE,https://www.youtube.com/watch?v=RwLOuuMSrWE,CANDLE MAKING FOR BEGINNERS | How To Make Woodwick Candles,423.0,storyboard,8,63.85,71.83,7.98,https://youtu.be/RwLOuuMSrWE?t=64s,melt_wax,process,1,0.55,Amber wax melting (close-up).,ND 3 eee Ny 7.,1,0.0,0.157,0.12,0.572,0.103,"#c6c7c2,#6d5444,#90897e",1,,
RwLOuuMSrWE,https://www.youtube.com/watch?v=RwLOuuMSrWE,CANDLE MAKING FOR BEGINNERS | How To Make Woodwick Candles,423.0,storyboard,9,71.83,79.81,7.98,https://youtu.be/RwLOuuMSrWE?t=72s,melt_wax,process,1,0.55,Stirring the melted wax.,"os ty, ss",1,0.0,0.173,0.05,0.593,0.098,"#c2c1bb,#8b8172,#4a3524",1,,
RwLOuuMSrWE,https://www.youtube.com/watch?v=RwLOuuMSrWE,CANDLE MAKING FOR BEGINNERS | How To Make Woodwick Candles,423.0,storyboard,10,79.81,87.79,7.98,https://youtu.be/RwLOuuMSrWE?t=80s,melt_wax,process,1,0.5,Molten wax; hands.,oor CF,0,0.0,0.153,0.185,0.655,0.07,"#c0c1be,#938e85,#695851",1,,
RwLOuuMSrWE,https://www.youtube.com/watch?v=RwLOuuMSrWE,CANDLE MAKING FOR BEGINNERS | How To Make Woodwick Candles,423.0,storyboard,11,87.79,95.77,7.98,https://youtu.be/RwLOuuMSrWE?t=88s,add_dye_color,process,1,0.45,Pink/red dye near the pitcher.,ee,0,0.0,0.152,0.037,0.62,0.077,"#c3c4c1,#9c938a,#6d5f57",1,,
RwLOuuMSrWE,https://www.youtube.com/watch?v=RwLOuuMSrWE,CANDLE MAKING FOR BEGINNERS | How To Make Woodwick Candles,423.0,storyboard,12,95.77,103.75,7.98,https://youtu.be/RwLOuuMSrWE?t=96s,measure_wax,prep,1,0.45,Pitcher on the scale.,oo,0,0.0,0.112,0.263,0.545,0.151,"#a46731,#caa476,#30190a",1,,
RwLOuuMSrWE,https://www.youtube.com/watch?v=RwLOuuMSrWE,CANDLE MAKING FOR BEGINNERS | How To Make Woodwick Candles,423.0,storyboard,13,103.75,111.74,7.99,https://youtu.be/RwLOuuMSrWE?t=104s,melt_wax,process,1,0.5,Amber wax; hands.,6 7 7,0,0.0,0.126,0.0,0.609,0.076,"#958c81,#cfcfcc,#484137",1,,
RwLOuuMSrWE,https://www.youtube.com/watch?v=RwLOuuMSrWE,CANDLE MAKING FOR BEGINNERS | How To Make Woodwick Candles,423.0,storyboard,14,111.74,119.72,7.98,https://youtu.be/RwLOuuMSrWE?t=112s,add_fragrance,process,1,0.55,A fragrance bottle held over the wax.,tie Pillai,1,0.0,0.132,0.064,0.61,0.078,"#988e85,#d0d0cc,#4b443b",1,,
RwLOuuMSrWE,https://www.youtube.com/watch?v=RwLOuuMSrWE,CANDLE MAKING FOR BEGINNERS | How To Make Woodwick Candles,423.0,storyboard,15,119.72,127.7,7.98,https://youtu.be/RwLOuuMSrWE?t=120s,add_fragrance,process,1,0.55,Fragrance poured into the melted wax.,ol,0,0.0,0.157,0.037,0.601,0.078,"#968c82,#cecdc8,#4c443a",1,,
RwLOuuMSrWE,https://www.youtube.com/watch?v=RwLOuuMSrWE,CANDLE MAKING FOR BEGINNERS | How To Make Woodwick Candles,423.0,storyboard,16,127.7,135.68,7.98,https://youtu.be/RwLOuuMSrWE?t=128s,add_fragrance,process,1,0.5,Stirring fragrance into the wax.,Ci,0,0.0,0.158,0.053,0.597,0.084,"#95897d,#cecdc7,#463e35",1,,
RwLOuuMSrWE,https://www.youtube.com/watch?v=RwLOuuMSrWE,CANDLE MAKING FOR BEGINNERS | How To Make Woodwick Candles,423.0,storyboard,17,135.68,143.66,7.98,https://youtu.be/RwLOuuMSrWE?t=136s,prepare_container,prep,1,0.45,Hands prep at the table.,,0,0.0,0.114,0.118,0.599,0.076,"#cacac5,#938a82,#464039",1,,
RwLOuuMSrWE,https://www.youtube.com/watch?v=RwLOuuMSrWE,CANDLE MAKING FOR BEGINNERS | How To Make Woodwick Candles,423.0,storyboard,18,143.66,151.64,7.98,https://youtu.be/RwLOuuMSrWE?t=144s,prepare_container,prep,1,0.4,Pink/red dye dropper.,,0,0.0,0.082,0.031,0.598,0.073,"#cbcdc8,#978e86,#4c4741",1,,
RwLOuuMSrWE,https://www.youtube.com/watch?v=RwLOuuMSrWE,CANDLE MAKING FOR BEGINNERS | How To Make Woodwick Candles,423.0,storyboard,19,151.64,159.62,7.98,https://youtu.be/RwLOuuMSrWE?t=152s,prepare_container,prep,1,0.45,Hands at the white table.,,0,0.0,0.181,0.054,0.612,0.084,"#938a80,#c9cbc8,#4d3e32",1,,
RwLOuuMSrWE,https://www.youtube.com/watch?v=RwLOuuMSrWE,CANDLE MAKING FOR BEGINNERS | How To Make Woodwick Candles,423.0,storyboard,20,159.62,167.6,7.98,https://youtu.be/RwLOuuMSrWE?t=160s,prepare_container,prep,1,0.45,A spray bottle used to prep the vessel.,,0,0.0,0.153,0.071,0.616,0.085,"#c7c7c4,#968e86,#6e5747",1,,
RwLOuuMSrWE,https://www.youtube.com/watch?v=RwLOuuMSrWE,CANDLE MAKING FOR BEGINNERS | How To Make Woodwick Candles,423.0,storyboard,21,167.6,175.58,7.98,https://youtu.be/RwLOuuMSrWE?t=168s,prepare_container,prep,1,0.45,Wiping/prepping the glass.,WAkjc yo ais 5,1,0.0,0.183,0.14,0.584,0.096,"#998f86,#6d5344,#cfd0ce",1,,
RwLOuuMSrWE,https://www.youtube.com/watch?v=RwLOuuMSrWE,CANDLE MAKING FOR BEGINNERS | How To Make Woodwick Candles,423.0,storyboard,22,175.58,183.57,7.99,https://youtu.be/RwLOuuMSrWE?t=176s,prepare_container,prep,1,0.45,Handling the wick and spray bottle.,Gar,0,0.0,0.138,0.0,0.553,0.116,"#98897e,#715543,#cacac7",1,,
RwLOuuMSrWE,https://www.youtube.com/watch?v=RwLOuuMSrWE,CANDLE MAKING FOR BEGINNERS | How To Make Woodwick Candles,423.0,storyboard,23,183.57,191.55,7.98,https://youtu.be/RwLOuuMSrWE?t=184s,prepare_container,prep,1,0.45,Prepping the glass with the spray bottle.,,0,0.0,0.204,0.108,0.571,0.102,"#8e837c,#c3c4c2,#5c4639",1,,
RwLOuuMSrWE,https://www.youtube.com/watch?v=RwLOuuMSrWE,CANDLE MAKING FOR BEGINNERS | How To Make Woodwick Candles,423.0,storyboard,24,191.55,199.53,7.98,https://youtu.be/RwLOuuMSrWE?t=192s,prepare_container,prep,1,0.5,A wick placed into the glass.,"Wee,",0,0.0,0.174,0.04,0.6,0.082,"#928980,#c7cac8,#5b483c",1,,
RwLOuuMSrWE,https://www.youtube.com/watch?v=RwLOuuMSrWE,CANDLE MAKING FOR BEGINNERS | How To Make Woodwick Candles,423.0,storyboard,25,199.53,207.51,7.98,https://youtu.be/RwLOuuMSrWE?t=200s,prepare_container,prep,1,0.5,Wooden wick pieces and the metal clip.,Sa,0,0.0,0.057,0.091,0.541,0.115,"#b9b7b3,#846b60,#2e221e",1,,
RwLOuuMSrWE,https://www.youtube.com/watch?v=RwLOuuMSrWE,CANDLE MAKING FOR BEGINNERS | How To Make Woodwick Candles,423.0,storyboard,26,207.51,215.49,7.98,https://youtu.be/RwLOuuMSrWE?t=208s,prepare_container,prep,1,0.5,The wooden wick fitted into its clip.,SS ga,0,0.0,0.038,0.133,0.525,0.124,"#bbbab5,#8e7a6f,#53362d",1,,
RwLOuuMSrWE,https://www.youtube.com/watch?v=RwLOuuMSrWE,CANDLE MAKING FOR BEGINNERS | How To Make Woodwick Candles,423.0,storyboard,27,215.49,223.47,7.98,https://youtu.be/RwLOuuMSrWE?t=215s,prepare_container,prep,1,0.5,Placing the wooden wick into the glass.,Mi de,0,0.0,0.072,0.213,0.577,0.094,"#8e8679,#c9ccc7,#433626",1,,
RwLOuuMSrWE,https://www.youtube.com/watch?v=RwLOuuMSrWE,CANDLE MAKING FOR BEGINNERS | How To Make Woodwick Candles,423.0,storyboard,28,223.47,231.45,7.98,https://youtu.be/RwLOuuMSrWE?t=223s,prepare_container,prep,1,0.5,Glass with the centred wooden wick.,el we,0,0.0,0.132,0.07,0.619,0.077,"#c6c7c2,#908a81,#4f4445",1,,
RwLOuuMSrWE,https://www.youtube.com/watch?v=RwLOuuMSrWE,CANDLE MAKING FOR BEGINNERS | How To Make Woodwick Candles,423.0,storyboard,29,231.45,239.43,7.98,https://youtu.be/RwLOuuMSrWE?t=231s,pour_wax,assemble,1,0.6,Wax poured into the glass around the wooden wick.,,0,0.0,0.081,0.174,0.613,0.06,"#cccfcc,#939086,#675240",1,,
RwLOuuMSrWE,https://www.youtube.com/watch?v=RwLOuuMSrWE,CANDLE MAKING FOR BEGINNERS | How To Make Woodwick Candles,423.0,storyboard,30,239.43,247.42,7.99,https://youtu.be/RwLOuuMSrWE?t=239s,pour_wax,assemble,1,0.6,Glass filling with yellow wax.,od pe,0,0.0,0.111,0.0,0.645,0.063,"#c8cbc8,#94948c,#665546",1,,
RwLOuuMSrWE,https://www.youtube.com/watch?v=RwLOuuMSrWE,CANDLE MAKING FOR BEGINNERS | How To Make Woodwick Candles,423.0,storyboard,31,247.42,255.4,7.98,https://youtu.be/RwLOuuMSrWE?t=247s,pour_wax,assemble,1,0.55,Glass of yellow wax with the wooden wick; bowl alongside.,2 Say,0,0.0,0.103,0.05,0.638,0.066,"#c7c9c6,#8f8c84,#554c3a",1,,
RwLOuuMSrWE,https://www.youtube.com/watch?v=RwLOuuMSrWE,CANDLE MAKING FOR BEGINNERS | How To Make Woodwick Candles,423.0,storyboard,32,255.4,263.38,7.98,https://youtu.be/RwLOuuMSrWE?t=255s,pour_wax,assemble,1,0.5,Yellow wax in the glass.,aaa Ce,0,0.0,0.104,0.035,0.636,0.068,"#a19f97,#ced1cd,#6e6050",1,,
RwLOuuMSrWE,https://www.youtube.com/watch?v=RwLOuuMSrWE,CANDLE MAKING FOR BEGINNERS | How To Make Woodwick Candles,423.0,storyboard,33,263.38,271.36,7.98,https://youtu.be/RwLOuuMSrWE?t=263s,pour_wax,assemble,1,0.55,Pouring more wax into the glass.,,0,0.0,0.058,0.051,0.63,0.094,"#cbd0ce,#999a93,#6a5e4b",1,,
RwLOuuMSrWE,https://www.youtube.com/watch?v=RwLOuuMSrWE,CANDLE MAKING FOR BEGINNERS | How To Make Woodwick Candles,423.0,storyboard,34,271.36,279.34,7.98,https://youtu.be/RwLOuuMSrWE?t=271s,set_wick,assemble,1,0.5,Wooden wick steadied with a clip across the rim.,,0,0.0,0.047,0.072,0.63,0.044,"#a09b91,#c6cac7,#463d34",1,,
RwLOuuMSrWE,https://www.youtube.com/watch?v=RwLOuuMSrWE,CANDLE MAKING FOR BEGINNERS | How To Make Woodwick Candles,423.0,storyboard,35,279.34,287.32,7.98,https://youtu.be/RwLOuuMSrWE?t=279s,set_wick,assemble,1,0.5,Wick bar holds the wooden wick centred.,van eed,0,0.0,0.047,0.093,0.602,0.044,"#b9bab4,#5f5953,#9d978f",1,,
RwLOuuMSrWE,https://www.youtube.com/watch?v=RwLOuuMSrWE,CANDLE MAKING FOR BEGINNERS | How To Make Woodwick Candles,423.0,storyboard,36,287.32,295.3,7.98,https://youtu.be/RwLOuuMSrWE?t=287s,set_wick,assemble,1,0.45,Adjusting the wick as the wax sets.,ees,0,0.0,0.058,0.169,0.608,0.11,"#90857e,#c0c1be,#432d25",1,,
RwLOuuMSrWE,https://www.youtube.com/watch?v=RwLOuuMSrWE,CANDLE MAKING FOR BEGINNERS | How To Make Woodwick Candles,423.0,storyboard,37,295.3,303.28,7.98,https://youtu.be/RwLOuuMSrWE?t=295s,cure_cool,assemble,1,0.5,The candle sets and turns opaque white.,AWE ee ink eS,1,0.0,0.082,0.089,0.6,0.072,"#95918c,#c7cbc6,#645345",1,,
RwLOuuMSrWE,https://www.youtube.com/watch?v=RwLOuuMSrWE,CANDLE MAKING FOR BEGINNERS | How To Make Woodwick Candles,423.0,storyboard,38,303.28,311.26,7.98,https://youtu.be/RwLOuuMSrWE?t=303s,cure_cool,assemble,1,0.5,Set white candle with the wooden wick.,,0,0.0,0.075,0.198,0.634,0.057,"#bfc0bd,#8b8780,#493d33",1,,
RwLOuuMSrWE,https://www.youtube.com/watch?v=RwLOuuMSrWE,CANDLE MAKING FOR BEGINNERS | How To Make Woodwick Candles,423.0,storyboard,39,311.26,319.25,7.99,https://youtu.be/RwLOuuMSrWE?t=311s,cure_cool,assemble,1,0.45,A heat gun smooths the candle top.,,0,0.0,0.088,0.0,0.619,0.049,"#bec0bc,#8c8982,#443d32",1,,
RwLOuuMSrWE,https://www.youtube.com/watch?v=RwLOuuMSrWE,CANDLE MAKING FOR BEGINNERS | How To Make Woodwick Candles,423.0,storyboard,40,319.25,327.23,7.98,https://youtu.be/RwLOuuMSrWE?t=319s,cure_cool,assemble,1,0.45,Finished white candle with wooden wick.,,0,0.0,0.064,0.16,0.634,0.053,"#c7cdc8,#afa79c,#756f67",1,,
RwLOuuMSrWE,https://www.youtube.com/watch?v=RwLOuuMSrWE,CANDLE MAKING FOR BEGINNERS | How To Make Woodwick Candles,423.0,storyboard,44,351.17,359.15,7.98,https://youtu.be/RwLOuuMSrWE?t=351s,reveal_result,finish,1,0.5,Finished candle with decor; 'goodluck making your candles'.,ay as,0,0.0,0.052,0.276,0.717,0.104,"#f0e6da,#dac4b5,#885443",1,,description references on-screen text but OCR found none
SVhIQ4pB5sc,https://www.youtube.com/watch?v=SVhIQ4pB5sc,How to Make Essential Oil Candles  - Aromatherapy Essential Oil Candle Making DIY,337.0,storyboard,17,136.4,144.43,8.03,https://youtu.be/SVhIQ4pB5sc?t=136s,measure_wax,prep,1,0.5,Overhead: wax flakes poured into a bag on a scale.,Ve,0,0.0,0.083,0.242,0.658,0.083,"#c6b7ad,#958073,#473a35",1,,
SVhIQ4pB5sc,https://www.youtube.com/watch?v=SVhIQ4pB5sc,How to Make Essential Oil Candles  - Aromatherapy Essential Oil Candle Making DIY,337.0,storyboard,18,144.43,152.45,8.02,https://youtu.be/SVhIQ4pB5sc?t=144s,measure_wax,prep,1,0.5,Overhead melter coil with a black pot and scale.,,0,0.0,0.112,0.079,0.577,0.075,"#b7ae9f,#786e5d,#2e2d22",1,,
SVhIQ4pB5sc,https://www.youtube.com/watch?v=SVhIQ4pB5sc,How to Make Essential Oil Candles  - Aromatherapy Essential Oil Candle Making DIY,337.0,storyboard,19,152.45,160.48,8.03,https://youtu.be/SVhIQ4pB5sc?t=152s,measure_wax,prep,1,0.45,Overhead hands with a green dish on the scale.,,0,0.0,0.065,0.022,0.658,0.072,"#c9c6bf,#a6998b,#35302d",1,,
SzziH-bHCb0,https://www.youtube.com/watch?v=SzziH-bHCb0,Making Soy Wax Candles with Crackling Wooden Wicks,857.0,storyboard,1,8.01,16.02,8.01,https://youtu.be/SzziH-bHCb0?t=8s,reveal_result,finish,1,0.4,Lit wooden-wick candle teaser.,ae ish,0,0.0,0.157,0.0,0.411,0.165,"#7e5e49,#c5b09b,#1f1218",1,,
SzziH-bHCb0,https://www.youtube.com/watch?v=SzziH-bHCb0,Making Soy Wax Candles with Crackling Wooden Wicks,857.0,storyboard,3,24.03,32.04,8.01,https://youtu.be/SzziH-bHCb0?t=24s,pour_wax,assemble,1,0.45,Overhead: pouring yellow soy wax into the rows of small jars.,oP Mf names Fant ne,1,0.0,0.119,0.055,0.556,0.106,"#938983,#cfbfae,#574d47",1,,
SzziH-bHCb0,https://www.youtube.com/watch?v=SzziH-bHCb0,Making Soy Wax Candles with Crackling Wooden Wicks,857.0,storyboard,5,40.05,48.06,8.01,https://youtu.be/SzziH-bHCb0?t=40s,measure_wax,prep,1,0.4,Overhead bench work measuring/handling wax and jars.,he Ks 1 Bias 7 Soren,1,0.0,0.171,0.083,0.554,0.117,"#948a82,#cec0ae,#57514d",1,,
SzziH-bHCb0,https://www.youtube.com/watch?v=SzziH-bHCb0,Making Soy Wax Candles with Crackling Wooden Wicks,857.0,storyboard,7,56.07,64.07,8.0,https://youtu.be/SzziH-bHCb0?t=56s,set_wick,assemble,1,0.45,Overhead: setting/centring wooden wicks in the jars.,"7. 4 oF, ate cS os ae ee ahi st if-",1,0.0,0.149,0.11,0.545,0.116,"#92867d,#d1baa8,#4e4746",1,,
SzziH-bHCb0,https://www.youtube.com/watch?v=SzziH-bHCb0,Making Soy Wax Candles with Crackling Wooden Wicks,857.0,storyboard,8,64.07,72.08,8.01,https://youtu.be/SzziH-bHCb0?t=64s,measure_wax,prep,1,0.4,Overhead bench work measuring/handling wax and jars.,5 4 ar,0,0.0,0.106,0.085,0.543,0.114,"#93877c,#ceb4a3,#554942",1,,
SzziH-bHCb0,https://www.youtube.com/watch?v=SzziH-bHCb0,Making Soy Wax Candles with Crackling Wooden Wicks,857.0,storyboard,9,72.08,80.09,8.01,https://youtu.be/SzziH-bHCb0?t=72s,pour_wax,assemble,1,0.45,Overhead: pouring yellow soy wax into the rows of small jars.,"ee, ie ae ie 3",1,0.0,0.103,0.0,0.53,0.106,"#8e847b,#c8b6a8,#534743",1,,
SzziH-bHCb0,https://www.youtube.com/watch?v=SzziH-bHCb0,Making Soy Wax Candles with Crackling Wooden Wicks,857.0,storyboard,10,80.09,88.1,8.01,https://youtu.be/SzziH-bHCb0?t=80s,set_wick,assemble,1,0.45,Overhead: setting/centring wooden wicks in the jars.,IE iy SS Ma,1,0.0,0.1,0.051,0.561,0.098,"#9c9188,#695e55,#ccbead",1,,
SzziH-bHCb0,https://www.youtube.com/watch?v=SzziH-bHCb0,Making Soy Wax Candles with Crackling Wooden Wicks,857.0,storyboard,11,88.1,96.11,8.01,https://youtu.be/SzziH-bHCb0?t=88s,measure_wax,prep,1,0.4,Overhead bench work measuring/handling wax and jars.,SS CONOR eye Ga sais Rr oF 7 7 wey! et can Pies coe Rh,1,0.0,0.102,0.103,0.562,0.101,"#948a80,#cabfac,#5f544d",1,,
SzziH-bHCb0,https://www.youtube.com/watch?v=SzziH-bHCb0,Making Soy Wax Candles with Crackling Wooden Wicks,857.0,storyboard,13,104.12,112.13,8.01,https://youtu.be/SzziH-bHCb0?t=104s,set_wick,assemble,1,0.45,Overhead: setting/centring wooden wicks in the jars.,aes yr ry iv iy Lig Pa 7 ee! os 7 2 Sas 4 7 7 ix,1,0.0,0.108,0.061,0.565,0.11,"#8f847b,#c7bdab,#50453e",1,,
SzziH-bHCb0,https://www.youtube.com/watch?v=SzziH-bHCb0,Making Soy Wax Candles with Crackling Wooden Wicks,857.0,storyboard,14,112.13,120.14,8.01,https://youtu.be/SzziH-bHCb0?t=112s,measure_wax,prep,1,0.4,Overhead bench work measuring/handling wax and jars.,SA fea ae ee,1,0.0,0.113,0.06,0.565,0.108,"#93887f,#c9bda9,#62544b",1,,
SzziH-bHCb0,https://www.youtube.com/watch?v=SzziH-bHCb0,Making Soy Wax Candles with Crackling Wooden Wicks,857.0,storyboard,16,128.15,136.16,8.01,https://youtu.be/SzziH-bHCb0?t=128s,set_wick,assemble,1,0.45,Overhead: setting/centring wooden wicks in the jars.,Lin 3428 us pra 4 ia 4 3 be 1 OR 7 2 Se 2 ry 2 ee,1,0.0,0.123,0.034,0.566,0.1,"#90877e,#c7beab,#4e423b",1,,
SzziH-bHCb0,https://www.youtube.com/watch?v=SzziH-bHCb0,Making Soy Wax Candles with Crackling Wooden Wicks,857.0,storyboard,18,144.17,152.18,8.01,https://youtu.be/SzziH-bHCb0?t=144s,pour_wax,assemble,1,0.45,Overhead: pouring yellow soy wax into the rows of small jars.,be eo oP 7 oy iat Nee oe,1,0.0,0.132,0.044,0.564,0.102,"#8d847a,#c5bca8,#483d39",1,,
SzziH-bHCb0,https://www.youtube.com/watch?v=SzziH-bHCb0,Making Soy Wax Candles with Crackling Wooden Wicks,857.0,storyboard,19,152.18,160.19,8.01,https://youtu.be/SzziH-bHCb0?t=152s,set_wick,assemble,1,0.45,Overhead: setting/centring wooden wicks in the jars.,Ry 4 fey my Oa ee rae 7am ie Se 4 ae,1,0.0,0.129,0.058,0.564,0.102,"#8f867b,#c5bda9,#52453f",1,,
SzziH-bHCb0,https://www.youtube.com/watch?v=SzziH-bHCb0,Making Soy Wax Candles with Crackling Wooden Wicks,857.0,storyboard,21,168.2,176.21,8.01,https://youtu.be/SzziH-bHCb0?t=168s,pour_wax,assemble,1,0.45,Overhead: pouring yellow soy wax into the rows of small jars.,"ae on, ae oh sg 2 ve tea ha Ae bh rae 7 by Ps",1,0.0,0.097,0.064,0.563,0.105,"#948a82,#cbbeab,#5e524b",1,,
SzziH-bHCb0,https://www.youtube.com/watch?v=SzziH-bHCb0,Making Soy Wax Candles with Crackling Wooden Wicks,857.0,storyboard,22,176.21,184.21,8.0,https://youtu.be/SzziH-bHCb0?t=176s,set_wick,assemble,1,0.45,Overhead: setting/centring wooden wicks in the jars.,nit oe ie ie fi 7. 3 ent 4,1,0.0,0.261,0.04,0.554,0.102,"#cbc1b5,#8e8072,#372932",1,,
SzziH-bHCb0,https://www.youtube.com/watch?v=SzziH-bHCb0,Making Soy Wax Candles with Crackling Wooden Wicks,857.0,storyboard,23,184.21,192.22,8.01,https://youtu.be/SzziH-bHCb0?t=184s,measure_wax,prep,1,0.4,Overhead bench work measuring/handling wax and jars.,uit agites,1,0.0,0.247,0.0,0.556,0.104,"#cbc3b7,#8e7f73,#372930",1,,
SzziH-bHCb0,https://www.youtube.com/watch?v=SzziH-bHCb0,Making Soy Wax Candles with Crackling Wooden Wicks,857.0,storyboard,24,192.22,200.23,8.01,https://youtu.be/SzziH-bHCb0?t=192s,melt_wax,process,1,0.45,Melting soy wax (overhead).,uri spe ods,1,0.0,0.28,0.05,0.555,0.101,"#ccc5b9,#8e8176,#382a36",1,,
SzziH-bHCb0,https://www.youtube.com/watch?v=SzziH-bHCb0,Making Soy Wax Candles with Crackling Wooden Wicks,857.0,storyboard,25,200.23,208.24,8.01,https://youtu.be/SzziH-bHCb0?t=200s,pour_wax,assemble,1,0.45,Pouring wax into the jars.,Biittpeyayins AAR,1,0.0,0.287,0.032,0.556,0.101,"#cdc5b8,#8f8277,#392b35",1,,
SzziH-bHCb0,https://www.youtube.com/watch?v=SzziH-bHCb0,Making Soy Wax Candles with Crackling Wooden Wicks,857.0,storyboard,27,216.25,224.26,8.01,https://youtu.be/SzziH-bHCb0?t=216s,add_fragrance,process,1,0.4,Adding fragrance to the wax.,SR Re,0,0.0,0.106,0.033,0.536,0.067,"#877f77,#b4aba1,#4c3f39",1,,
SzziH-bHCb0,https://www.youtube.com/watch?v=SzziH-bHCb0,Making Soy Wax Candles with Crackling Wooden Wicks,857.0,storyboard,29,232.27,240.28,8.01,https://youtu.be/SzziH-bHCb0?t=232s,pour_wax,assemble,1,0.45,Pouring wax into the jars.,iT 7 ae ee Pt Bas pe SZ OTe 7 5 bs oe oe hes ss,1,0.0,0.12,0.131,0.525,0.097,"#837a6f,#bbaa9c,#504034",1,,
SzziH-bHCb0,https://www.youtube.com/watch?v=SzziH-bHCb0,Making Soy Wax Candles with Crackling Wooden Wicks,857.0,storyboard,30,240.28,248.29,8.01,https://youtu.be/SzziH-bHCb0?t=240s,set_wick,assemble,1,0.45,Centring wooden wicks in the poured jars.,tay iz ss if rd hee. gee 4 5 3 oh ry 7. 7,1,0.0,0.112,0.116,0.513,0.077,"#867d72,#b6ada1,#4a3b29",1,,
SzziH-bHCb0,https://www.youtube.com/watch?v=SzziH-bHCb0,Making Soy Wax Candles with Crackling Wooden Wicks,857.0,storyboard,32,256.3,264.31,8.01,https://youtu.be/SzziH-bHCb0?t=256s,melt_wax,process,1,0.45,Melting soy wax (overhead).,,0,0.0,0.192,0.219,0.538,0.093,"#cec7bd,#8f8177,#3a3135",1,,
SzziH-bHCb0,https://www.youtube.com/watch?v=SzziH-bHCb0,Making Soy Wax Candles with Crackling Wooden Wicks,857.0,storyboard,33,264.31,272.32,8.01,https://youtu.be/SzziH-bHCb0?t=264s,pour_wax,assemble,1,0.45,Pouring wax into the jars.,"OD 1 BB ee ytit te oe me ie, apo See",1,0.0,0.307,0.048,0.558,0.087,"#cec7bd,#8e8278,#3c3235",1,,
SzziH-bHCb0,https://www.youtube.com/watch?v=SzziH-bHCb0,Making Soy Wax Candles with Crackling Wooden Wicks,857.0,storyboard,34,272.32,280.33,8.01,https://youtu.be/SzziH-bHCb0?t=272s,set_wick,assemble,1,0.45,Centring wooden wicks in the poured jars.,me abe BU,1,0.0,0.289,0.0,0.552,0.087,"#cbc3b9,#8a7d72,#332830",1,,
SzziH-bHCb0,https://www.youtube.com/watch?v=SzziH-bHCb0,Making Soy Wax Candles with Crackling Wooden Wicks,857.0,storyboard,35,280.33,288.34,8.01,https://youtu.be/SzziH-bHCb0?t=280s,add_fragrance,process,1,0.4,Adding fragrance to the wax.,ie via ye hy See,1,0.0,0.283,0.058,0.552,0.09,"#c9c4b9,#887c71,#342a32",1,,
SzziH-bHCb0,https://www.youtube.com/watch?v=SzziH-bHCb0,Making Soy Wax Candles with Crackling Wooden Wicks,857.0,storyboard,36,288.34,296.35,8.01,https://youtu.be/SzziH-bHCb0?t=288s,melt_wax,process,1,0.45,Melting soy wax (overhead).,Ce eee FQgea,1,0.0,0.296,0.04,0.549,0.089,"#cac4b9,#887d72,#342a32",1,,
SzziH-bHCb0,https://www.youtube.com/watch?v=SzziH-bHCb0,Making Soy Wax Candles with Crackling Wooden Wicks,857.0,storyboard,37,296.35,304.36,8.01,https://youtu.be/SzziH-bHCb0?t=296s,pour_wax,assemble,1,0.45,Pouring wax into the jars.,Li Uae Qs ye Coe,1,0.0,0.288,0.0,0.55,0.092,"#cbc3b6,#8a7c6f,#372c31",1,,
SzziH-bHCb0,https://www.youtube.com/watch?v=SzziH-bHCb0,Making Soy Wax Candles with Crackling Wooden Wicks,857.0,storyboard,38,304.36,312.36,8.0,https://youtu.be/SzziH-bHCb0?t=304s,set_wick,assemble,1,0.45,Centring wooden wicks in the poured jars.,oe fy TW Wore ea be ey ae eae,1,0.0,0.12,0.139,0.528,0.083,"#8b7f76,#c4b9ae,#37292c",1,,
SzziH-bHCb0,https://www.youtube.com/watch?v=SzziH-bHCb0,Making Soy Wax Candles with Crackling Wooden Wicks,857.0,storyboard,39,312.36,320.37,8.01,https://youtu.be/SzziH-bHCb0?t=312s,add_fragrance,process,1,0.4,Adding fragrance to the wax.,"ee iy st fl aoe IS, on",1,0.0,0.106,0.0,0.508,0.094,"#887b70,#c0b4a9,#302228",1,,
SzziH-bHCb0,https://www.youtube.com/watch?v=SzziH-bHCb0,Making Soy Wax Candles with Crackling Wooden Wicks,857.0,storyboard,40,320.37,328.38,8.01,https://youtu.be/SzziH-bHCb0?t=320s,melt_wax,process,1,0.45,Melting soy wax (overhead).,4 ta Be ft yy Bee Di bn aera 4 5 Ai ee ae Re,1,0.0,0.109,0.03,0.511,0.095,"#887a71,#beb1a7,#34262c",1,,
SzziH-bHCb0,https://www.youtube.com/watch?v=SzziH-bHCb0,Making Soy Wax Candles with Crackling Wooden Wicks,857.0,storyboard,41,328.38,336.39,8.01,https://youtu.be/SzziH-bHCb0?t=328s,pour_wax,assemble,1,0.45,Pouring wax into the jars.,1 iy REE he,1,0.0,0.112,0.063,0.503,0.107,"#86796e,#c2afa2,#412f2f",1,,
SzziH-bHCb0,https://www.youtube.com/watch?v=SzziH-bHCb0,Making Soy Wax Candles with Crackling Wooden Wicks,857.0,storyboard,42,336.39,344.4,8.01,https://youtu.be/SzziH-bHCb0?t=336s,set_wick,assemble,1,0.45,Centring wooden wicks in the poured jars.,7 henge. 7 4 4 oe we,1,0.0,0.157,0.0,0.503,0.116,"#87796f,#c6afa3,#3c2729",1,,
SzziH-bHCb0,https://www.youtube.com/watch?v=SzziH-bHCb0,Making Soy Wax Candles with Crackling Wooden Wicks,857.0,storyboard,43,344.4,352.41,8.01,https://youtu.be/SzziH-bHCb0?t=344s,add_fragrance,process,1,0.4,Adding fragrance to the wax.,"age, Tt ME eS NO!",1,0.0,0.121,0.089,0.488,0.093,"#887b70,#bdafa3,#3b2626",1,,
SzziH-bHCb0,https://www.youtube.com/watch?v=SzziH-bHCb0,Making Soy Wax Candles with Crackling Wooden Wicks,857.0,storyboard,44,352.41,360.42,8.01,https://youtu.be/SzziH-bHCb0?t=352s,melt_wax,process,1,0.45,Melting soy wax (overhead).,VL ae el,1,0.0,0.137,0.055,0.491,0.099,"#8b7f75,#c4b6a9,#3d2827",1,,
SzziH-bHCb0,https://www.youtube.com/watch?v=SzziH-bHCb0,Making Soy Wax Candles with Crackling Wooden Wicks,857.0,storyboard,47,376.44,384.45,8.01,https://youtu.be/SzziH-bHCb0?t=376s,add_fragrance,process,1,0.4,Adding fragrance to the wax.,oS Sa an,1,0.0,0.083,0.036,0.496,0.122,"#ae9f94,#76605c,#321211",1,,
SzziH-bHCb0,https://www.youtube.com/watch?v=SzziH-bHCb0,Making Soy Wax Candles with Crackling Wooden Wicks,857.0,storyboard,48,384.45,392.46,8.01,https://youtu.be/SzziH-bHCb0?t=384s,pour_wax,assemble,1,0.45,Pouring wax into the rows of jars.,oo Sew ae,1,0.0,0.063,0.0,0.496,0.133,"#b09f95,#6f5d59,#3b0f0f",1,,
SzziH-bHCb0,https://www.youtube.com/watch?v=SzziH-bHCb0,Making Soy Wax Candles with Crackling Wooden Wicks,857.0,storyboard,50,400.47,408.48,8.01,https://youtu.be/SzziH-bHCb0?t=400s,cure_cool,assemble,1,0.4,Rows of poured jars setting.,Sor,0,0.0,0.173,0.0,0.517,0.103,"#908178,#5d4a43,#bdb3a8",1,,
SzziH-bHCb0,https://www.youtube.com/watch?v=SzziH-bHCb0,Making Soy Wax Candles with Crackling Wooden Wicks,857.0,storyboard,51,408.48,416.49,8.01,https://youtu.be/SzziH-bHCb0?t=408s,pour_wax,assemble,1,0.45,Pouring wax into the rows of jars.,Be,0,0.0,0.157,0.032,0.495,0.147,"#ada29a,#846760,#481919",1,,
SzziH-bHCb0,https://www.youtube.com/watch?v=SzziH-bHCb0,Making Soy Wax Candles with Crackling Wooden Wicks,857.0,storyboard,52,416.49,424.5,8.01,https://youtu.be/SzziH-bHCb0?t=416s,set_wick,assemble,1,0.45,Setting wooden wicks in the jars.,Te,0,0.0,0.172,0.181,0.507,0.161,"#948278,#60332e,#c9b6a6",1,,
SzziH-bHCb0,https://www.youtube.com/watch?v=SzziH-bHCb0,Making Soy Wax Candles with Crackling Wooden Wicks,857.0,storyboard,53,424.5,432.5,8.0,https://youtu.be/SzziH-bHCb0?t=424s,cure_cool,assemble,1,0.4,Rows of poured jars setting.,ae 42,0,0.0,0.174,0.0,0.504,0.15,"#9c8c80,#5d3935,#cec4bb",1,,
SzziH-bHCb0,https://www.youtube.com/watch?v=SzziH-bHCb0,Making Soy Wax Candles with Crackling Wooden Wicks,857.0,storyboard,54,432.5,440.51,8.01,https://youtu.be/SzziH-bHCb0?t=432s,pour_wax,assemble,1,0.45,Pouring wax into the rows of jars.,ah Tr,0,0.0,0.161,0.08,0.498,0.165,"#a18e82,#633734,#d2ccc7",1,,
SzziH-bHCb0,https://www.youtube.com/watch?v=SzziH-bHCb0,Making Soy Wax Candles with Crackling Wooden Wicks,857.0,storyboard,55,440.51,448.52,8.01,https://youtu.be/SzziH-bHCb0?t=441s,set_wick,assemble,1,0.45,Setting wooden wicks in the jars.,at FY abe sy be wy Wi! tee SS,1,0.0,0.107,0.079,0.507,0.112,"#8b7f76,#beb5a9,#51312d",1,,
SzziH-bHCb0,https://www.youtube.com/watch?v=SzziH-bHCb0,Making Soy Wax Candles with Crackling Wooden Wicks,857.0,storyboard,58,464.54,472.55,8.01,https://youtu.be/SzziH-bHCb0?t=465s,set_wick,assemble,1,0.45,Setting wooden wicks in the jars.,"an oA, 5 id nt",1,0.0,0.126,0.0,0.507,0.113,"#897b70,#b7aea0,#4e302a",1,,
SzziH-bHCb0,https://www.youtube.com/watch?v=SzziH-bHCb0,Making Soy Wax Candles with Crackling Wooden Wicks,857.0,storyboard,59,472.55,480.56,8.01,https://youtu.be/SzziH-bHCb0?t=473s,cure_cool,assemble,1,0.4,Rows of poured jars setting.,Ah oe Yi!,1,0.0,0.13,0.031,0.489,0.155,"#928371,#62462e,#c6bbae",1,,
SzziH-bHCb0,https://www.youtube.com/watch?v=SzziH-bHCb0,Making Soy Wax Candles with Crackling Wooden Wicks,857.0,storyboard,61,488.57,496.58,8.01,https://youtu.be/SzziH-bHCb0?t=489s,set_wick,assemble,1,0.45,Setting wooden wicks in the jars.,Pp aa 5 534,1,0.0,0.234,0.0,0.505,0.109,"#c8bbaf,#8d7d71,#3c2b32",1,,
SzziH-bHCb0,https://www.youtube.com/watch?v=SzziH-bHCb0,Making Soy Wax Candles with Crackling Wooden Wicks,857.0,storyboard,62,496.58,504.59,8.01,https://youtu.be/SzziH-bHCb0?t=497s,cure_cool,assemble,1,0.4,Rows of poured jars setting.,Bite pie. fay Be ee,1,0.0,0.213,0.037,0.508,0.106,"#c4baae,#887b6e,#3a2a32",1,,
SzziH-bHCb0,https://www.youtube.com/watch?v=SzziH-bHCb0,Making Soy Wax Candles with Crackling Wooden Wicks,857.0,storyboard,63,504.59,512.6,8.01,https://youtu.be/SzziH-bHCb0?t=505s,pour_wax,assemble,1,0.45,Pouring wax into the rows of jars.,Ly aa family ey ae 2 ee,1,0.0,0.234,0.028,0.511,0.105,"#8b7e72,#c6bdb1,#3d2d32",1,,
SzziH-bHCb0,https://www.youtube.com/watch?v=SzziH-bHCb0,Making Soy Wax Candles with Crackling Wooden Wicks,857.0,storyboard,73,584.68,592.69,8.01,https://youtu.be/SzziH-bHCb0?t=585s,pour_wax,assemble,1,0.45,Pouring/finishing the jar candles.,ee,0,0.0,0.102,0.224,0.525,0.119,"#928082,#debab9,#45383f",1,,
SzziH-bHCb0,https://www.youtube.com/watch?v=SzziH-bHCb0,Making Soy Wax Candles with Crackling Wooden Wicks,857.0,storyboard,74,592.69,600.7,8.01,https://youtu.be/SzziH-bHCb0?t=593s,pour_wax,assemble,1,0.45,Pouring/finishing the jar candles.,ee,0,0.0,0.048,0.019,0.543,0.137,"#907b7e,#dab8b6,#403239",1,,
SzziH-bHCb0,https://www.youtube.com/watch?v=SzziH-bHCb0,Making Soy Wax Candles with Crackling Wooden Wicks,857.0,storyboard,75,600.7,608.71,8.01,https://youtu.be/SzziH-bHCb0?t=601s,pour_wax,assemble,1,0.45,Pouring/finishing the jar candles.,,0,0.0,0.051,0.0,0.526,0.153,"#8b7579,#d6b0b0,#423139",1,,
SzziH-bHCb0,https://www.youtube.com/watch?v=SzziH-bHCb0,Making Soy Wax Candles with Crackling Wooden Wicks,857.0,storyboard,79,632.74,640.75,8.01,https://youtu.be/SzziH-bHCb0?t=633s,pour_wax,assemble,1,0.45,Pouring/finishing the jar candles.,ee ..le gt 4 rs S&S 4 te,1,0.0,0.106,0.253,0.551,0.141,"#d1bbb2,#8f807b,#5a4641",1,,
SzziH-bHCb0,https://www.youtube.com/watch?v=SzziH-bHCb0,Making Soy Wax Candles with Crackling Wooden Wicks,857.0,storyboard,80,640.75,648.76,8.01,https://youtu.be/SzziH-bHCb0?t=641s,pour_wax,assemble,1,0.5,Host talks at the counter.,1 ia eae. eh og Zie,1,0.0,0.154,0.0,0.584,0.124,"#d1bab1,#8a7b76,#543d38",1,,
SzziH-bHCb0,https://www.youtube.com/watch?v=SzziH-bHCb0,Making Soy Wax Candles with Crackling Wooden Wicks,857.0,storyboard,81,648.76,656.77,8.01,https://youtu.be/SzziH-bHCb0?t=649s,pour_wax,assemble,1,0.45,Pouring/finishing the jar candles.,4 Ls oe ed es eet Sass 7 3 4 ae 4 ae 5 4 eel,1,0.0,0.22,0.064,0.681,0.064,"#d6ccbe,#aaa095,#6e635e",1,,
SzziH-bHCb0,https://www.youtube.com/watch?v=SzziH-bHCb0,Making Soy Wax Candles with Crackling Wooden Wicks,857.0,storyboard,83,664.78,672.79,8.01,https://youtu.be/SzziH-bHCb0?t=665s,pour_wax,assemble,1,0.45,Pouring/finishing the jar candles.,YP ft,0,0.0,0.06,0.0,0.569,0.111,"#99867d,#d4c5b6,#554a43",1,,
SzziH-bHCb0,https://www.youtube.com/watch?v=SzziH-bHCb0,Making Soy Wax Candles with Crackling Wooden Wicks,857.0,storyboard,84,672.79,680.79,8.0,https://youtu.be/SzziH-bHCb0?t=673s,pour_wax,assemble,1,0.5,Host talks at the counter.,ae 9,0,0.0,0.071,0.051,0.564,0.104,"#90817a,#d3c4b9,#363131",1,,
SzziH-bHCb0,https://www.youtube.com/watch?v=SzziH-bHCb0,Making Soy Wax Candles with Crackling Wooden Wicks,857.0,storyboard,85,680.79,688.8,8.01,https://youtu.be/SzziH-bHCb0?t=681s,pour_wax,assemble,1,0.45,Pouring/finishing the jar candles.,2 4,0,0.0,0.063,0.033,0.57,0.107,"#95837b,#d3c6b8,#473e37",1,,
SzziH-bHCb0,https://www.youtube.com/watch?v=SzziH-bHCb0,Making Soy Wax Candles with Crackling Wooden Wicks,857.0,storyboard,86,688.8,696.81,8.01,https://youtu.be/SzziH-bHCb0?t=689s,pour_wax,assemble,1,0.45,Pouring/finishing the jar candles.,,0,0.0,0.04,0.0,0.566,0.107,"#95847b,#d4c7b9,#453d37",1,,
SzziH-bHCb0,https://www.youtube.com/watch?v=SzziH-bHCb0,Making Soy Wax Candles with Crackling Wooden Wicks,857.0,storyboard,87,696.81,704.82,8.01,https://youtu.be/SzziH-bHCb0?t=697s,pour_wax,assemble,1,0.45,Pouring/finishing the jar candles.,4,0,0.0,0.078,0.074,0.571,0.107,"#96847b,#d4c5b7,#53473f",1,,
SzziH-bHCb0,https://www.youtube.com/watch?v=SzziH-bHCb0,Making Soy Wax Candles with Crackling Wooden Wicks,857.0,storyboard,88,704.82,712.83,8.01,https://youtu.be/SzziH-bHCb0?t=705s,pour_wax,assemble,1,0.5,Host talks at the counter.,om,0,0.0,0.086,0.135,0.562,0.109,"#9a867d,#d1c1b4,#483f3a",1,,
SzziH-bHCb0,https://www.youtube.com/watch?v=SzziH-bHCb0,Making Soy Wax Candles with Crackling Wooden Wicks,857.0,storyboard,89,712.83,720.84,8.01,https://youtu.be/SzziH-bHCb0?t=713s,pour_wax,assemble,1,0.45,Pouring/finishing the jar candles.,of Sa De,1,0.0,0.067,0.0,0.56,0.115,"#9d887f,#d3c4b8,#4f443e",1,,
SzziH-bHCb0,https://www.youtube.com/watch?v=SzziH-bHCb0,Making Soy Wax Candles with Crackling Wooden Wicks,857.0,storyboard,90,720.84,728.85,8.01,https://youtu.be/SzziH-bHCb0?t=721s,pour_wax,assemble,1,0.45,Pouring/finishing the jar candles.,,0,0.0,0.078,0.083,0.548,0.115,"#98847a,#cdbbab,#534741",1,,
SzziH-bHCb0,https://www.youtube.com/watch?v=SzziH-bHCb0,Making Soy Wax Candles with Crackling Wooden Wicks,857.0,storyboard,91,728.85,736.86,8.01,https://youtu.be/SzziH-bHCb0?t=729s,pour_wax,assemble,1,0.45,Pouring/finishing the jar candles.,,0,0.0,0.07,0.0,0.557,0.118,"#9d8a7f,#d5c4b5,#49403c",1,,
SzziH-bHCb0,https://www.youtube.com/watch?v=SzziH-bHCb0,Making Soy Wax Candles with Crackling Wooden Wicks,857.0,storyboard,93,744.87,752.88,8.01,https://youtu.be/SzziH-bHCb0?t=745s,pour_wax,assemble,1,0.45,Pouring/finishing the jar candles.,ah rt we.,1,0.0,0.23,0.045,0.461,0.109,"#7c6c61,#bdb1a7,#222226",1,,
SzziH-bHCb0,https://www.youtube.com/watch?v=SzziH-bHCb0,Making Soy Wax Candles with Crackling Wooden Wicks,857.0,storyboard,94,752.88,760.89,8.01,https://youtu.be/SzziH-bHCb0?t=753s,pour_wax,assemble,1,0.45,Pouring/finishing the jar candles.,ei: 6 Mi es ate 1,1,0.0,0.198,0.0,0.462,0.109,"#7e6f64,#beb2a9,#24242a",1,,
SzziH-bHCb0,https://www.youtube.com/watch?v=SzziH-bHCb0,Making Soy Wax Candles with Crackling Wooden Wicks,857.0,storyboard,95,760.89,768.9,8.01,https://youtu.be/SzziH-bHCb0?t=761s,pour_wax,assemble,1,0.45,Pouring/finishing the jar candles.,CN mn Hal,1,0.0,0.248,0.075,0.459,0.11,"#776a5e,#b9aea3,#21242b",1,,
SzziH-bHCb0,https://www.youtube.com/watch?v=SzziH-bHCb0,Making Soy Wax Candles with Crackling Wooden Wicks,857.0,storyboard,104,832.97,840.98,8.01,https://youtu.be/SzziH-bHCb0?t=833s,reveal_result,finish,1,0.55,Lit wooden-wick soy candle close-up.,,0,0.0,0.068,0.152,0.196,0.14,"#1a0d0a,#331f17,#5b3928",1,,
TYdTLOd4q4Y,https://www.youtube.com/watch?v=TYdTLOd4q4Y,Start Your Own Profitable Candle Making Business! How to make Candles at home #businessideas #candle,553.0,storyboard,1,8.01,16.03,8.02,https://youtu.be/TYdTLOd4q4Y?t=8s,decorate_finish,finish,1,0.4,Bubble candle b-roll.,,0,0.0,0.038,0.0,0.691,0.165,"#f7bbd1,#aa8d72,#6a4837",1,,
TYdTLOd4q4Y,https://www.youtube.com/watch?v=TYdTLOd4q4Y,Start Your Own Profitable Candle Making Business! How to make Candles at home #businessideas #candle,553.0,storyboard,2,16.03,24.04,8.01,https://youtu.be/TYdTLOd4q4Y?t=16s,melt_wax,process,1,0.4,Melting/whisking wax in a bowl (b-roll).,Th iY io ras am,1,0.0,0.016,0.071,0.669,0.185,"#f7bdd2,#5b482d,#a98557",1,,
TYdTLOd4q4Y,https://www.youtube.com/watch?v=TYdTLOd4q4Y,Start Your Own Profitable Candle Making Business! How to make Candles at home #businessideas #candle,553.0,storyboard,3,24.04,32.06,8.02,https://youtu.be/TYdTLOd4q4Y?t=24s,add_dye_color,process,1,0.4,Purple dye stirred into wax.,,0,0.0,0.029,0.124,0.666,0.151,"#f6bcd0,#a59a97,#635249",1,,
TYdTLOd4q4Y,https://www.youtube.com/watch?v=TYdTLOd4q4Y,Start Your Own Profitable Candle Making Business! How to make Candles at home #businessideas #candle,553.0,storyboard,5,40.07,48.09,8.02,https://youtu.be/TYdTLOd4q4Y?t=40s,decorate_finish,finish,1,0.4,Hand applying a wick sticker / hot glue.,ay,0,0.0,0.028,0.081,0.666,0.164,"#f5bcd0,#41332b,#a88e7c",1,,
TYdTLOd4q4Y,https://www.youtube.com/watch?v=TYdTLOd4q4Y,Start Your Own Profitable Candle Making Business! How to make Candles at home #businessideas #candle,553.0,storyboard,6,48.09,56.1,8.01,https://youtu.be/TYdTLOd4q4Y?t=48s,pour_wax,assemble,1,0.4,Rows of poured candles (b-roll).,Ss Nc one Gi AS,1,0.0,0.019,0.084,0.659,0.183,"#f7bbd2,#51442d,#9a793b",1,,
TYdTLOd4q4Y,https://www.youtube.com/watch?v=TYdTLOd4q4Y,Start Your Own Profitable Candle Making Business! How to make Candles at home #businessideas #candle,553.0,storyboard,7,56.1,64.12,8.02,https://youtu.be/TYdTLOd4q4Y?t=56s,pour_wax,assemble,1,0.4,Pouring wax into a vessel.,,0,0.0,0.005,0.096,0.712,0.182,"#f7bcd1,#b99987,#745d55",1,,
TYdTLOd4q4Y,https://www.youtube.com/watch?v=TYdTLOd4q4Y,Start Your Own Profitable Candle Making Business! How to make Candles at home #businessideas #candle,553.0,storyboard,8,64.12,72.13,8.01,https://youtu.be/TYdTLOd4q4Y?t=64s,decorate_finish,finish,1,0.4,Embedding berries/flowers in a candle top.,,0,0.0,0.015,0.0,0.707,0.183,"#f7bbd0,#ae9181,#65403c",1,,
TYdTLOd4q4Y,https://www.youtube.com/watch?v=TYdTLOd4q4Y,Start Your Own Profitable Candle Making Business! How to make Candles at home #businessideas #candle,553.0,storyboard,9,72.13,80.14,8.01,https://youtu.be/TYdTLOd4q4Y?t=72s,decorate_finish,finish,1,0.4,Flower candle being shaped.,,0,0.0,0.015,0.088,0.717,0.163,"#f7bcd2,#b2a99a,#644340",1,,
TYdTLOd4q4Y,https://www.youtube.com/watch?v=TYdTLOd4q4Y,Start Your Own Profitable Candle Making Business! How to make Candles at home #businessideas #candle,553.0,storyboard,11,88.16,96.17,8.01,https://youtu.be/TYdTLOd4q4Y?t=88s,gather_materials,prep,1,0.4,Coloured wax / dye palette b-roll.,al es,0,0.0,0.025,0.0,0.746,0.165,"#f3bed0,#9e8f8d,#433c40",1,,
TYdTLOd4q4Y,https://www.youtube.com/watch?v=TYdTLOd4q4Y,Start Your Own Profitable Candle Making Business! How to make Candles at home #businessideas #candle,553.0,storyboard,12,96.17,104.19,8.02,https://youtu.be/TYdTLOd4q4Y?t=96s,decorate_finish,finish,1,0.4,Colourful pastel candles montage.,5 Qe Gee Gee Ft: eE,1,0.0,0.042,0.119,0.708,0.17,"#f5bbd0,#543623,#938074",1,,
TYdTLOd4q4Y,https://www.youtube.com/watch?v=TYdTLOd4q4Y,Start Your Own Profitable Candle Making Business! How to make Candles at home #businessideas #candle,553.0,storyboard,13,104.19,112.2,8.01,https://youtu.be/TYdTLOd4q4Y?t=104s,decorate_finish,finish,1,0.4,Melting wax in a pan (b-roll).,wa ae li Pp wy ee 4,1,0.0,0.016,0.081,0.701,0.167,"#f5bdd1,#ae9073,#70522e",1,,
TYdTLOd4q4Y,https://www.youtube.com/watch?v=TYdTLOd4q4Y,Start Your Own Profitable Candle Making Business! How to make Candles at home #businessideas #candle,553.0,storyboard,14,112.2,120.22,8.02,https://youtu.be/TYdTLOd4q4Y?t=112s,decorate_finish,finish,1,0.4,Flower-shaped candle close-up.,,0,0.0,0.006,0.0,0.746,0.177,"#f2bdd2,#b3a99e,#79653a",1,,
TYdTLOd4q4Y,https://www.youtube.com/watch?v=TYdTLOd4q4Y,Start Your Own Profitable Candle Making Business! How to make Candles at home #businessideas #candle,553.0,storyboard,15,120.22,128.23,8.01,https://youtu.be/TYdTLOd4q4Y?t=120s,decorate_finish,finish,1,0.4,Green oil added to melted wax.,ee os ot pf ef Cf,1,0.0,0.026,0.103,0.699,0.163,"#f6bdd2,#5e4e43,#9a938f",1,,
TYdTLOd4q4Y,https://www.youtube.com/watch?v=TYdTLOd4q4Y,Start Your Own Profitable Candle Making Business! How to make Candles at home #businessideas #candle,553.0,storyboard,16,128.23,136.25,8.02,https://youtu.be/TYdTLOd4q4Y?t=128s,decorate_finish,finish,1,0.4,Bubble-cube candles b-roll.,,0,0.0,0.013,0.061,0.731,0.173,"#f2c1d0,#bb9380,#755345",1,,
TYdTLOd4q4Y,https://www.youtube.com/watch?v=TYdTLOd4q4Y,Start Your Own Profitable Candle Making Business! How to make Candles at home #businessideas #candle,553.0,storyboard,17,136.25,144.26,8.01,https://youtu.be/TYdTLOd4q4Y?t=136s,decorate_finish,finish,1,0.4,Demoulding a moulded candle.,7 SA lit ras tes oa 2,1,0.0,0.038,0.06,0.727,0.156,"#f6bdd3,#a69f98,#6e5e5e",1,,
TYdTLOd4q4Y,https://www.youtube.com/watch?v=TYdTLOd4q4Y,Start Your Own Profitable Candle Making Business! How to make Candles at home #businessideas #candle,553.0,storyboard,18,144.26,152.28,8.02,https://youtu.be/TYdTLOd4q4Y?t=144s,decorate_finish,finish,1,0.4,Twisted taper candle b-roll.,as le,0,0.0,0.022,0.0,0.667,0.214,"#f6bdd1,#3f3124,#9c845b",1,,
TYdTLOd4q4Y,https://www.youtube.com/watch?v=TYdTLOd4q4Y,Start Your Own Profitable Candle Making Business! How to make Candles at home #businessideas #candle,553.0,storyboard,19,152.28,160.29,8.01,https://youtu.be/TYdTLOd4q4Y?t=152s,pour_wax,assemble,1,0.4,Pouring into a vessel (b-roll).,ay Sees ef in 4,1,0.0,0.076,0.03,0.679,0.212,"#f1bdcd,#908763,#332b2a",1,,
TYdTLOd4q4Y,https://www.youtube.com/watch?v=TYdTLOd4q4Y,Start Your Own Profitable Candle Making Business! How to make Candles at home #businessideas #candle,553.0,storyboard,20,160.29,168.3,8.01,https://youtu.be/TYdTLOd4q4Y?t=160s,reveal_result,finish,1,0.4,Finished candles with dried flowers.,ve 1 yA? Ed ane oe,1,0.0,0.055,0.121,0.695,0.207,"#efc0d1,#a88e84,#663d39",1,,
TYdTLOd4q4Y,https://www.youtube.com/watch?v=TYdTLOd4q4Y,Start Your Own Profitable Candle Making Business! How to make Candles at home #businessideas #candle,553.0,storyboard,21,168.3,176.32,8.02,https://youtu.be/TYdTLOd4q4Y?t=168s,set_wick,assemble,1,0.4,Pillar candle in a glass; wick.,Pi Le Sis,1,0.0,0.031,0.0,0.684,0.16,"#f3bfd0,#a08275,#463b25",1,,
TYdTLOd4q4Y,https://www.youtube.com/watch?v=TYdTLOd4q4Y,Start Your Own Profitable Candle Making Business! How to make Candles at home #businessideas #candle,553.0,storyboard,22,176.32,184.33,8.01,https://youtu.be/TYdTLOd4q4Y?t=176s,decorate_finish,finish,1,0.4,Pressed-flower candle b-roll.,,0,0.0,0.012,0.094,0.707,0.186,"#f4bdd0,#948572,#553e2d",1,,
TYdTLOd4q4Y,https://www.youtube.com/watch?v=TYdTLOd4q4Y,Start Your Own Profitable Candle Making Business! How to make Candles at home #businessideas #candle,553.0,storyboard,23,184.33,192.35,8.02,https://youtu.be/TYdTLOd4q4Y?t=184s,decorate_finish,finish,1,0.4,Finished decorated candles.,"nt wild, Se so BAA are",1,0.0,0.038,0.134,0.729,0.173,"#f4c4d4,#b7a594,#8b5f3b",1,,
TYdTLOd4q4Y,https://www.youtube.com/watch?v=TYdTLOd4q4Y,Start Your Own Profitable Candle Making Business! How to make Candles at home #businessideas #candle,553.0,storyboard,24,192.35,200.36,8.01,https://youtu.be/TYdTLOd4q4Y?t=192s,decorate_finish,finish,1,0.4,Photo frame / flower candle b-roll.,,0,0.0,0.012,0.0,0.747,0.163,"#f7bcd1,#c9ad9d,#926854",1,,
TYdTLOd4q4Y,https://www.youtube.com/watch?v=TYdTLOd4q4Y,Start Your Own Profitable Candle Making Business! How to make Candles at home #businessideas #candle,553.0,storyboard,25,200.36,208.38,8.02,https://youtu.be/TYdTLOd4q4Y?t=200s,decorate_finish,finish,1,0.4,Twisted taper candles on a table.,iv ie,0,0.0,0.017,0.027,0.745,0.16,"#f6bcd1,#c4af9a,#8d6e5f",1,,
TYdTLOd4q4Y,https://www.youtube.com/watch?v=TYdTLOd4q4Y,Start Your Own Profitable Candle Making Business! How to make Candles at home #businessideas #candle,553.0,storyboard,26,208.38,216.39,8.01,https://youtu.be/TYdTLOd4q4Y?t=208s,decorate_finish,finish,1,0.4,Twisted candles b-roll.,,0,0.0,0.027,0.086,0.74,0.162,"#f6bdd1,#bab3aa,#5e5343",1,,
TYdTLOd4q4Y,https://www.youtube.com/watch?v=TYdTLOd4q4Y,Start Your Own Profitable Candle Making Business! How to make Candles at home #businessideas #candle,553.0,storyboard,27,216.39,224.41,8.02,https://youtu.be/TYdTLOd4q4Y?t=216s,reveal_result,finish,1,0.4,Pink dipped/twisted candles displayed.,,0,0.0,0.026,0.0,0.786,0.167,"#e9b4ca,#f3d3df,#bd7875",1,,
TYdTLOd4q4Y,https://www.youtube.com/watch?v=TYdTLOd4q4Y,Start Your Own Profitable Candle Making Business! How to make Candles at home #businessideas #candle,553.0,storyboard,28,224.41,232.42,8.01,https://youtu.be/TYdTLOd4q4Y?t=224s,pour_wax,assemble,1,0.4,Pouring pink wax (b-roll).,,0,0.0,0.007,0.05,0.798,0.158,"#edb5cb,#f0d3de,#ab6c6f",1,,
TYdTLOd4q4Y,https://www.youtube.com/watch?v=TYdTLOd4q4Y,Start Your Own Profitable Candle Making Business! How to make Candles at home #businessideas #candle,553.0,storyboard,29,232.42,240.43,8.01,https://youtu.be/TYdTLOd4q4Y?t=232s,pour_wax,assemble,1,0.4,Pouring into a vessel.,,0,0.0,0.01,0.086,0.763,0.172,"#f7bcd1,#d0a69a,#c57970",1,,
TYdTLOd4q4Y,https://www.youtube.com/watch?v=TYdTLOd4q4Y,Start Your Own Profitable Candle Making Business! How to make Candles at home #businessideas #candle,553.0,storyboard,30,240.43,248.45,8.02,https://youtu.be/TYdTLOd4q4Y?t=240s,reveal_result,finish,1,0.4,Bubble candles on a stand.,5 ra ps Pe we.3 ay 4 Oe,1,0.0,0.02,0.06,0.747,0.168,"#f6bcd2,#b9b3a2,#464016",1,,
TYdTLOd4q4Y,https://www.youtube.com/watch?v=TYdTLOd4q4Y,Start Your Own Profitable Candle Making Business! How to make Candles at home #businessideas #candle,553.0,storyboard,31,248.45,256.46,8.01,https://youtu.be/TYdTLOd4q4Y?t=248s,decorate_finish,finish,1,0.4,Pink flower candles b-roll.,,0,0.0,0.006,0.0,0.728,0.197,"#f3bdcf,#b09a8f,#7f403e",1,,
TYdTLOd4q4Y,https://www.youtube.com/watch?v=TYdTLOd4q4Y,Start Your Own Profitable Candle Making Business! How to make Candles at home #businessideas #candle,553.0,storyboard,32,256.46,264.48,8.02,https://youtu.be/TYdTLOd4q4Y?t=256s,decorate_finish,finish,1,0.4,Twisted pink tapers being shaped.,,0,0.0,0.006,0.054,0.733,0.162,"#f8bbd2,#8f6f5d,#a0a9b8",1,,
TYdTLOd4q4Y,https://www.youtube.com/watch?v=TYdTLOd4q4Y,Start Your Own Profitable Candle Making Business! How to make Candles at home #businessideas #candle,553.0,storyboard,33,264.48,272.49,8.01,https://youtu.be/TYdTLOd4q4Y?t=264s,decorate_finish,finish,1,0.4,Rolling/shaping candles on a board.,,0,0.0,0.019,0.038,0.715,0.165,"#f8bbd2,#886654,#aeadb5",1,,
TYdTLOd4q4Y,https://www.youtube.com/watch?v=TYdTLOd4q4Y,Start Your Own Profitable Candle Making Business! How to make Candles at home #businessideas #candle,553.0,storyboard,34,272.49,280.51,8.02,https://youtu.be/TYdTLOd4q4Y?t=272s,decorate_finish,finish,1,0.4,Twisted taper candles.,,0,0.0,0.007,0.0,0.73,0.159,"#eebdcf,#a48884,#592f24",1,,
TYdTLOd4q4Y,https://www.youtube.com/watch?v=TYdTLOd4q4Y,Start Your Own Profitable Candle Making Business! How to make Candles at home #businessideas #candle,553.0,storyboard,35,280.51,288.52,8.01,https://youtu.be/TYdTLOd4q4Y?t=281s,decorate_finish,finish,1,0.4,Colourful twisted candles b-roll.,,0,0.0,0.023,0.082,0.697,0.191,"#f6bbd0,#8b5f42,#5386ab",1,,
TYdTLOd4q4Y,https://www.youtube.com/watch?v=TYdTLOd4q4Y,Start Your Own Profitable Candle Making Business! How to make Candles at home #businessideas #candle,553.0,storyboard,36,288.52,296.54,8.02,https://youtu.be/TYdTLOd4q4Y?t=289s,decorate_finish,finish,1,0.4,Bubble cube candle with red dots.,ee oo,0,0.0,0.025,0.126,0.733,0.162,"#f5c3d3,#948384,#30242d",1,,
TYdTLOd4q4Y,https://www.youtube.com/watch?v=TYdTLOd4q4Y,Start Your Own Profitable Candle Making Business! How to make Candles at home #businessideas #candle,553.0,storyboard,37,296.54,304.55,8.01,https://youtu.be/TYdTLOd4q4Y?t=297s,decorate_finish,finish,1,0.4,Pink bubble candles display.,,0,0.0,0.009,0.0,0.732,0.146,"#f1bed1,#71585d,#b99c9f",1,,
TYdTLOd4q4Y,https://www.youtube.com/watch?v=TYdTLOd4q4Y,Start Your Own Profitable Candle Making Business! How to make Candles at home #businessideas #candle,553.0,storyboard,38,304.55,312.57,8.02,https://youtu.be/TYdTLOd4q4Y?t=305s,decorate_finish,finish,1,0.4,Flower/heart candle b-roll.,,0,0.0,0.007,0.05,0.762,0.155,"#f3c0d3,#c8aab1,#8d7779",1,,
TYdTLOd4q4Y,https://www.youtube.com/watch?v=TYdTLOd4q4Y,Start Your Own Profitable Candle Making Business! How to make Candles at home #businessideas #candle,553.0,storyboard,39,312.57,320.58,8.01,https://youtu.be/TYdTLOd4q4Y?t=313s,decorate_finish,finish,1,0.4,Bubble candle close-up.,,0,0.0,0.04,0.088,0.71,0.16,"#f7bcd2,#aeaaa6,#6e5c52",1,,
TYdTLOd4q4Y,https://www.youtube.com/watch?v=TYdTLOd4q4Y,Start Your Own Profitable Candle Making Business! How to make Candles at home #businessideas #candle,553.0,storyboard,40,320.58,328.59,8.01,https://youtu.be/TYdTLOd4q4Y?t=321s,decorate_finish,finish,1,0.4,Cutting/working a candle.,,0,0.0,0.086,0.078,0.691,0.159,"#f6bcd2,#584036,#978c86",1,,
TYdTLOd4q4Y,https://www.youtube.com/watch?v=TYdTLOd4q4Y,Start Your Own Profitable Candle Making Business! How to make Candles at home #businessideas #candle,553.0,storyboard,41,328.59,336.61,8.02,https://youtu.be/TYdTLOd4q4Y?t=329s,decorate_finish,finish,1,0.4,Text caption over pink background.,,0,0.0,0.016,0.0,0.74,0.166,"#f7bfd2,#bea990,#8c8165",1,,description references on-screen text but OCR found none
TYdTLOd4q4Y,https://www.youtube.com/watch?v=TYdTLOd4q4Y,Start Your Own Profitable Candle Making Business! How to make Candles at home #businessideas #candle,553.0,storyboard,42,336.61,344.62,8.01,https://youtu.be/TYdTLOd4q4Y?t=337s,decorate_finish,finish,1,0.4,Piping whipped wax (the hot tip).,sg,0,0.0,0.019,0.095,0.71,0.174,"#f4bfd0,#b39d9a,#6d4b50",1,,
TYdTLOd4q4Y,https://www.youtube.com/watch?v=TYdTLOd4q4Y,Start Your Own Profitable Candle Making Business! How to make Candles at home #businessideas #candle,553.0,storyboard,43,344.62,352.64,8.02,https://youtu.be/TYdTLOd4q4Y?t=345s,decorate_finish,finish,1,0.4,Finishing a candle.,inane,0,0.0,0.019,0.039,0.7,0.176,"#f5bdd1,#ba9785,#69564f",1,,
TYdTLOd4q4Y,https://www.youtube.com/watch?v=TYdTLOd4q4Y,Start Your Own Profitable Candle Making Business! How to make Candles at home #businessideas #candle,553.0,storyboard,44,352.64,360.65,8.01,https://youtu.be/TYdTLOd4q4Y?t=353s,decorate_finish,finish,1,0.4,Gloved hands finishing a candle.,2,0,0.0,0.024,0.0,0.696,0.171,"#f4bdd0,#9f847a,#574546",1,,
TYdTLOd4q4Y,https://www.youtube.com/watch?v=TYdTLOd4q4Y,Start Your Own Profitable Candle Making Business! How to make Candles at home #businessideas #candle,553.0,storyboard,45,360.65,368.67,8.02,https://youtu.be/TYdTLOd4q4Y?t=361s,reveal_result,finish,1,0.4,Twisted candles displayed.,1 eP ETT me Se ee oe wee aw cea Me tee TE ee ee Bate me amte lene Rowen Bene rend ib ees lee eee tee eo oe ee eee oem mene Die lege eee oes Cee res reer 4 OPP tie 16 oo mew,1,0.0,0.042,0.143,0.776,0.171,"#f5b9d0,#f7f1f1,#ad9778",1,,
TYdTLOd4q4Y,https://www.youtube.com/watch?v=TYdTLOd4q4Y,Start Your Own Profitable Candle Making Business! How to make Candles at home #businessideas #candle,553.0,storyboard,51,408.74,416.75,8.01,https://youtu.be/TYdTLOd4q4Y?t=409s,decorate_finish,finish,1,0.4,Labelled candle b-roll.,,0,0.0,0.007,0.029,0.682,0.163,"#f7bbd0,#987d6b,#593f32",1,,
TYdTLOd4q4Y,https://www.youtube.com/watch?v=TYdTLOd4q4Y,Start Your Own Profitable Candle Making Business! How to make Candles at home #businessideas #candle,553.0,storyboard,52,416.75,424.77,8.02,https://youtu.be/TYdTLOd4q4Y?t=417s,reveal_result,finish,1,0.45,Lit candle (tealight) b-roll.,wi errr Sisp espe oO moe see et ee ia,1,0.0,0.026,0.189,0.629,0.184,"#f5bdce,#b08382,#713e3f",1,,
TYdTLOd4q4Y,https://www.youtube.com/watch?v=TYdTLOd4q4Y,Start Your Own Profitable Candle Making Business! How to make Candles at home #businessideas #candle,553.0,storyboard,57,456.83,464.84,8.01,https://youtu.be/TYdTLOd4q4Y?t=457s,melt_wax,process,1,0.4,Pouring/melting wax (b-roll).,,0,0.0,0.005,0.0,0.658,0.183,"#f7bbd2,#a4706a,#433837",1,,
TYdTLOd4q4Y,https://www.youtube.com/watch?v=TYdTLOd4q4Y,Start Your Own Profitable Candle Making Business! How to make Candles at home #businessideas #candle,553.0,storyboard,58,464.84,472.86,8.02,https://youtu.be/TYdTLOd4q4Y?t=465s,decorate_finish,finish,1,0.4,Finishing a concrete/grey candle.,,0,0.0,0.021,0.087,0.665,0.173,"#f2bbd0,#423d3f,#917168",1,,
TYdTLOd4q4Y,https://www.youtube.com/watch?v=TYdTLOd4q4Y,Start Your Own Profitable Candle Making Business! How to make Candles at home #businessideas #candle,553.0,storyboard,59,472.86,480.87,8.01,https://youtu.be/TYdTLOd4q4Y?t=473s,decorate_finish,finish,1,0.4,Labelling/finishing a candle.,Vey,0,0.0,0.015,0.049,0.703,0.172,"#f0bbcf,#b5746a,#483a39",1,,
TYdTLOd4q4Y,https://www.youtube.com/watch?v=TYdTLOd4q4Y,Start Your Own Profitable Candle Making Business! How to make Candles at home #businessideas #candle,553.0,storyboard,60,480.87,488.88,8.01,https://youtu.be/TYdTLOd4q4Y?t=481s,decorate_finish,finish,1,0.4,Pouring wax into a vessel.,ute,0,0.0,0.021,0.0,0.651,0.169,"#f5bcd1,#3d3433,#a07a76",1,,
TYdTLOd4q4Y,https://www.youtube.com/watch?v=TYdTLOd4q4Y,Start Your Own Profitable Candle Making Business! How to make Candles at home #businessideas #candle,553.0,storyboard,61,488.88,496.9,8.02,https://youtu.be/TYdTLOd4q4Y?t=489s,decorate_finish,finish,1,0.4,Final touches on a candle.,,0,0.0,0.008,0.059,0.678,0.178,"#f4bcd1,#93746b,#453a37",1,,
Ucr1PgqwuCU,https://www.youtube.com/watch?v=Ucr1PgqwuCU,How to Make Coconut Oil Scented Candles | Thrive Market,230.0,storyboard,7,55.52,63.45,7.93,https://youtu.be/Ucr1PgqwuCU?t=56s,gather_materials,prep,1,0.5,Row of black fragrance bottles shown.,oe gay Ss ric oe,1,0.333,0.03,0.168,0.448,0.143,"#bb9d91,#83665a,#1a1311",1,,
Ucr1PgqwuCU,https://www.youtube.com/watch?v=Ucr1PgqwuCU,How to Make Coconut Oil Scented Candles | Thrive Market,230.0,storyboard,8,63.45,71.38,7.93,https://youtu.be/Ucr1PgqwuCU?t=63s,gather_materials,prep,1,0.5,Host holds the coconut oil jar.,"oe gay ye wv 1 Oi Yi SPinitua, ff on Pad GANGSTE WY Fw vee",1,0.333,0.061,0.233,0.423,0.164,"#452f3b,#ae9ea0,#776266",1,,
Ucr1PgqwuCU,https://www.youtube.com/watch?v=Ucr1PgqwuCU,How to Make Coconut Oil Scented Candles | Thrive Market,230.0,storyboard,11,87.24,95.17,7.93,https://youtu.be/Ucr1PgqwuCU?t=87s,melt_wax,process,1,0.6,A pot melts wax/coconut oil on a gas stove; caption 'COCONUT OIL'.,TE ten 4 TURN OFF HEAT we es ree,1,0.0,0.085,0.251,0.423,0.209,"#4c3f4b,#b8a6ad,#960c5e",1,,
Ucr1PgqwuCU,https://www.youtube.com/watch?v=Ucr1PgqwuCU,How to Make Coconut Oil Scented Candles | Thrive Market,230.0,storyboard,13,103.1,111.03,7.93,https://youtu.be/Ucr1PgqwuCU?t=103s,melt_wax,process,1,0.55,Continued melting on the stove.,ake 7 ri 5 bt 7 TOA tal en ks wm ee ai ae ue te Goawe,1,0.333,0.081,0.154,0.526,0.182,"#9b8e8a,#61384a,#d3cec5",1,,
Ucr1PgqwuCU,https://www.youtube.com/watch?v=Ucr1PgqwuCU,How to Make Coconut Oil Scented Candles | Thrive Market,230.0,storyboard,14,111.03,118.97,7.94,https://youtu.be/Ucr1PgqwuCU?t=111s,melt_wax,process,1,0.5,An ingredient/fragrance added into the pot.,wees Wy INCH 7 PAG KBOVE CANDLE mT Be es Ng 2 82,1,0.333,0.096,0.247,0.469,0.238,"#680e42,#c8b5b7,#775e64",1,,
Ucr1PgqwuCU,https://www.youtube.com/watch?v=Ucr1PgqwuCU,How to Make Coconut Oil Scented Candles | Thrive Market,230.0,storyboard,15,118.97,126.9,7.93,https://youtu.be/Ucr1PgqwuCU?t=119s,melt_wax,process,1,0.5,Stirring the pot; caption about stirring then turning off heat.,eh WE oe oe es bet yvaem ave trie iTua Pe Pep. TERSARGS Ye pre zum 2 ee nt,1,0.0,0.105,0.303,0.459,0.218,"#9a8b87,#5b3e4b,#cdccc2",1,,
Ucr1PgqwuCU,https://www.youtube.com/watch?v=Ucr1PgqwuCU,How to Make Coconut Oil Scented Candles | Thrive Market,230.0,storyboard,17,134.83,142.76,7.93,https://youtu.be/Ucr1PgqwuCU?t=135s,pour_wax,assemble,1,0.5,Pour readied from the pot.,mY He ae eas. id Wr ee id aa2,1,0.333,0.085,0.277,0.451,0.192,"#8f8380,#543141,#c8c5c1",1,,
Ucr1PgqwuCU,https://www.youtube.com/watch?v=Ucr1PgqwuCU,How to Make Coconut Oil Scented Candles | Thrive Market,230.0,storyboard,18,142.76,150.69,7.93,https://youtu.be/Ucr1PgqwuCU?t=143s,pour_wax,assemble,1,0.6,Molten wax poured into the jars.,"Me rag Ss ee are ll SR Us Be SSSENTIAL OILS, can ott Laas DROP Wr! es aml oe an, tole",1,0.333,0.115,0.272,0.466,0.199,"#978a87,#5c3c4a,#cfcbc3",1,,
Ucr1PgqwuCU,https://www.youtube.com/watch?v=Ucr1PgqwuCU,How to Make Coconut Oil Scented Candles | Thrive Market,230.0,storyboard,19,150.69,158.62,7.93,https://youtu.be/Ucr1PgqwuCU?t=151s,pour_wax,assemble,1,0.6,Jars filling with wax; host intercut.,Fon Pei. oe oo aa Fla: vai Ske SANGS' WF es... ale ew aw ae aan,1,0.0,0.125,0.182,0.463,0.186,"#9a8985,#5a414b,#d1cec3",1,,
Ucr1PgqwuCU,https://www.youtube.com/watch?v=Ucr1PgqwuCU,How to Make Coconut Oil Scented Candles | Thrive Market,230.0,storyboard,23,182.41,190.34,7.93,https://youtu.be/Ucr1PgqwuCU?t=182s,set_wick,assemble,1,0.45,Jars of wax with wicks; caption.,2.9 ad Pa Pa nee and oe ol oe im. aes ae ti rar aD ae ud ce ter foe,1,0.0,0.099,0.162,0.478,0.175,"#523d45,#8e8482,#cac9c0",1,,
Ucr1PgqwuCU,https://www.youtube.com/watch?v=Ucr1PgqwuCU,How to Make Coconut Oil Scented Candles | Thrive Market,230.0,storyboard,24,190.34,198.28,7.94,https://youtu.be/Ucr1PgqwuCU?t=190s,cure_cool,assemble,1,0.55,Caption 'LET DRY FOR 2 DAYS'; jars set on the stove.,TT is ibe 1 ASP AWiGST Cm fi ums Te ba Pa RE nal wa ae,1,0.333,0.095,0.129,0.429,0.129,"#44303e,#7e7679,#adaeb3",1,,
Ucr1PgqwuCU,https://www.youtube.com/watch?v=Ucr1PgqwuCU,How to Make Coconut Oil Scented Candles | Thrive Market,230.0,storyboard,25,198.28,206.21,7.93,https://youtu.be/Ucr1PgqwuCU?t=198s,reveal_result,finish,1,0.6,Host holds up a finished jar candle.,Sy 4 Ee,0,0.333,0.066,0.25,0.376,0.166,"#6c1749,#3b1329,#ac8f95",1,,
Ucr1PgqwuCU,https://www.youtube.com/watch?v=Ucr1PgqwuCU,How to Make Coconut Oil Scented Candles | Thrive Market,230.0,storyboard,26,206.21,214.14,7.93,https://youtu.be/Ucr1PgqwuCU?t=206s,reveal_result,finish,1,0.6,Lit candle close-up; host talks.,,0,0.333,0.021,0.219,0.6,0.233,"#eac39d,#ddcccd,#790e41",1,,
Ucr1PgqwuCU,https://www.youtube.com/watch?v=Ucr1PgqwuCU,How to Make Coconut Oil Scented Candles | Thrive Market,230.0,storyboard,27,214.14,222.07,7.93,https://youtu.be/Ucr1PgqwuCU?t=214s,reveal_result,finish,1,0.6,Lit candle beauty shot; Thrive Market caption.,TT iy Shane om 3 eer ee ee LC rly 7 yt Uh aa EY ber ol THRIVEMBRKET.COM an 4 Bie Get off all products ol ee em Ker 1 bE,1,0.0,0.087,0.209,0.532,0.184,"#4c3a45,#858281,#b4b6b9",1,,
UrFrR3p0B3A,https://www.youtube.com/watch?v=UrFrR3p0B3A,"DIY Candle Jars with Jesmonite | aesthetic candle vessels, Boowan Nicole molds | handmade gift ideas",399.0,storyboard,0,0.0,7.98,7.98,https://youtu.be/UrFrR3p0B3A?t=0s,gather_materials,prep,1,0.5,Jesmonite bags and a mould laid out to make aesthetic candle jars.,,0,0.0,0.125,0.236,0.586,0.061,"#a9a29a,#ede6e0,#4e4744",1,,
UrFrR3p0B3A,https://www.youtube.com/watch?v=UrFrR3p0B3A,"DIY Candle Jars with Jesmonite | aesthetic candle vessels, Boowan Nicole molds | handmade gift ideas",399.0,storyboard,4,31.92,39.9,7.98,https://youtu.be/UrFrR3p0B3A?t=32s,prepare_container,prep,1,0.5,Weighing Jesmonite powder on a scale to make the vessel.,How much Jesmonite do need?,1,0.0,0.04,0.429,0.741,0.094,"#fcfcc6,#96a9a9,#3d5d7b",1,,
UrFrR3p0B3A,https://www.youtube.com/watch?v=UrFrR3p0B3A,"DIY Candle Jars with Jesmonite | aesthetic candle vessels, Boowan Nicole molds | handmade gift ideas",399.0,storyboard,5,39.9,47.88,7.98,https://youtu.be/UrFrR3p0B3A?t=40s,prepare_container,prep,1,0.5,Caption 'How much Jesmonite do I need?'.,much Jesmonite need 3 2,1,0.0,0.153,0.372,0.751,0.083,"#a39581,#cdc7bc,#5f4f44",1,,
UrFrR3p0B3A,https://www.youtube.com/watch?v=UrFrR3p0B3A,"DIY Candle Jars with Jesmonite | aesthetic candle vessels, Boowan Nicole molds | handmade gift ideas",399.0,storyboard,6,47.88,55.86,7.98,https://youtu.be/UrFrR3p0B3A?t=48s,prepare_container,prep,1,0.4,Instruction card on finding the mould volume.,Zt,0,0.0,0.039,0.0,0.566,0.082,"#a39882,#5a5043,#cdc7b8",1,,
UrFrR3p0B3A,https://www.youtube.com/watch?v=UrFrR3p0B3A,"DIY Candle Jars with Jesmonite | aesthetic candle vessels, Boowan Nicole molds | handmade gift ideas",399.0,storyboard,8,63.84,71.82,7.98,https://youtu.be/UrFrR3p0B3A?t=64s,prepare_container,prep,1,0.5,Liquid poured into the Jesmonite powder.,,0,0.0,0.016,0.275,0.588,0.066,"#cbc8c0,#9b918b,#353330",1,,
UrFrR3p0B3A,https://www.youtube.com/watch?v=UrFrR3p0B3A,"DIY Candle Jars with Jesmonite | aesthetic candle vessels, Boowan Nicole molds | handmade gift ideas",399.0,storyboard,9,71.82,79.8,7.98,https://youtu.be/UrFrR3p0B3A?t=72s,prepare_container,prep,1,0.5,Mixing the Jesmonite slurry.,at 4 le,0,0.0,0.033,0.0,0.473,0.095,"#958070,#47413b,#dbdacc",1,,
UrFrR3p0B3A,https://www.youtube.com/watch?v=UrFrR3p0B3A,"DIY Candle Jars with Jesmonite | aesthetic candle vessels, Boowan Nicole molds | handmade gift ideas",399.0,storyboard,10,79.8,87.78,7.98,https://youtu.be/UrFrR3p0B3A?t=80s,prepare_container,prep,1,0.5,Stirring the Jesmonite to a smooth mix.,al 7 4 wy be,1,0.0,0.029,0.07,0.535,0.099,"#b8aba2,#857269,#282522",1,,
UrFrR3p0B3A,https://www.youtube.com/watch?v=UrFrR3p0B3A,"DIY Candle Jars with Jesmonite | aesthetic candle vessels, Boowan Nicole molds | handmade gift ideas",399.0,storyboard,11,87.78,95.76,7.98,https://youtu.be/UrFrR3p0B3A?t=88s,prepare_container,prep,1,0.5,Continuing to blend the slurry.,hake,0,0.0,0.025,0.0,0.527,0.146,"#8a776e,#c4aea2,#2f2a26",1,,
UrFrR3p0B3A,https://www.youtube.com/watch?v=UrFrR3p0B3A,"DIY Candle Jars with Jesmonite | aesthetic candle vessels, Boowan Nicole molds | handmade gift ideas",399.0,storyboard,12,95.76,103.74,7.98,https://youtu.be/UrFrR3p0B3A?t=96s,prepare_container,prep,1,0.5,Pink pigment added and mixed into the Jesmonite.,wy ip cet are he,1,0.0,0.031,0.19,0.542,0.136,"#c7b4ab,#918074,#583f3c",1,,
UrFrR3p0B3A,https://www.youtube.com/watch?v=UrFrR3p0B3A,"DIY Candle Jars with Jesmonite | aesthetic candle vessels, Boowan Nicole molds | handmade gift ideas",399.0,storyboard,13,103.74,111.72,7.98,https://youtu.be/UrFrR3p0B3A?t=104s,prepare_container,prep,1,0.5,Mixing the pink Jesmonite.,ty 7 oy 7 te Pi le es Ms ite or ae,1,0.0,0.06,0.272,0.518,0.117,"#bdbbb7,#292b2c,#7b7267",1,,
UrFrR3p0B3A,https://www.youtube.com/watch?v=UrFrR3p0B3A,"DIY Candle Jars with Jesmonite | aesthetic candle vessels, Boowan Nicole molds | handmade gift ideas",399.0,storyboard,14,111.72,119.7,7.98,https://youtu.be/UrFrR3p0B3A?t=112s,prepare_container,prep,1,0.5,Jesmonite container and a cup mould readied.,oN ey wy SS is SY ee oN,1,0.0,0.101,0.0,0.491,0.082,"#c9c1b2,#787166,#2b2a2b",1,,
UrFrR3p0B3A,https://www.youtube.com/watch?v=UrFrR3p0B3A,"DIY Candle Jars with Jesmonite | aesthetic candle vessels, Boowan Nicole molds | handmade gift ideas",399.0,storyboard,15,119.7,127.68,7.98,https://youtu.be/UrFrR3p0B3A?t=120s,prepare_container,prep,1,0.5,Pink Jesmonite poured into a cup mould.,oe As oad,1,0.0,0.078,0.203,0.542,0.099,"#c4bab0,#857770,#343031",1,,
UrFrR3p0B3A,https://www.youtube.com/watch?v=UrFrR3p0B3A,"DIY Candle Jars with Jesmonite | aesthetic candle vessels, Boowan Nicole molds | handmade gift ideas",399.0,storyboard,16,127.68,135.66,7.98,https://youtu.be/UrFrR3p0B3A?t=128s,prepare_container,prep,1,0.5,Filling the moulds with Jesmonite.,Ph Os,0,0.0,0.04,0.23,0.534,0.1,"#90857c,#bfbcb6,#3a3733",1,,
UrFrR3p0B3A,https://www.youtube.com/watch?v=UrFrR3p0B3A,"DIY Candle Jars with Jesmonite | aesthetic candle vessels, Boowan Nicole molds | handmade gift ideas",399.0,storyboard,17,135.66,143.64,7.98,https://youtu.be/UrFrR3p0B3A?t=136s,prepare_container,prep,1,0.5,Jesmonite settling in the moulds.,,0,0.0,0.016,0.0,0.585,0.073,"#c4c1bd,#8d8780,#3c3935",1,,
UrFrR3p0B3A,https://www.youtube.com/watch?v=UrFrR3p0B3A,"DIY Candle Jars with Jesmonite | aesthetic candle vessels, Boowan Nicole molds | handmade gift ideas",399.0,storyboard,18,143.64,151.62,7.98,https://youtu.be/UrFrR3p0B3A?t=144s,prepare_container,prep,1,0.5,Inner mould inserted to form the jar cavity.,,0,0.0,0.026,0.138,0.54,0.086,"#beb5ae,#83756f,#2e2f30",1,,
UrFrR3p0B3A,https://www.youtube.com/watch?v=UrFrR3p0B3A,"DIY Candle Jars with Jesmonite | aesthetic candle vessels, Boowan Nicole molds | handmade gift ideas",399.0,storyboard,19,151.62,159.6,7.98,https://youtu.be/UrFrR3p0B3A?t=152s,prepare_container,prep,1,0.5,Pressing the inner mould into the pink Jesmonite.,tea of ck dA,1,0.0,0.025,0.0,0.561,0.087,"#8b857e,#c5bfbb,#37302c",1,,
UrFrR3p0B3A,https://www.youtube.com/watch?v=UrFrR3p0B3A,"DIY Candle Jars with Jesmonite | aesthetic candle vessels, Boowan Nicole molds | handmade gift ideas",399.0,storyboard,20,159.6,167.58,7.98,https://youtu.be/UrFrR3p0B3A?t=160s,prepare_container,prep,1,0.5,Jesmonite moulds left to cure.,fs,0,0.0,0.04,0.251,0.564,0.079,"#8e8e94,#c8c4c5,#2f2d33",1,,
UrFrR3p0B3A,https://www.youtube.com/watch?v=UrFrR3p0B3A,"DIY Candle Jars with Jesmonite | aesthetic candle vessels, Boowan Nicole molds | handmade gift ideas",399.0,storyboard,21,167.58,175.56,7.98,https://youtu.be/UrFrR3p0B3A?t=168s,prepare_container,prep,1,0.5,Caption 'A few hours later'; demoulding begins.,1,0,0.0,0.026,0.139,0.559,0.095,"#8b7f78,#c8c6c1,#3f3933",1,,description references on-screen text but OCR found none
UrFrR3p0B3A,https://www.youtube.com/watch?v=UrFrR3p0B3A,"DIY Candle Jars with Jesmonite | aesthetic candle vessels, Boowan Nicole molds | handmade gift ideas",399.0,storyboard,22,175.56,183.54,7.98,https://youtu.be/UrFrR3p0B3A?t=176s,prepare_container,prep,1,0.5,Demoulding the Jesmonite jar.,re Fees,0,0.0,0.023,0.0,0.521,0.112,"#957e76,#c1bfba,#42382f",1,,
UrFrR3p0B3A,https://www.youtube.com/watch?v=UrFrR3p0B3A,"DIY Candle Jars with Jesmonite | aesthetic candle vessels, Boowan Nicole molds | handmade gift ideas",399.0,storyboard,23,183.54,191.52,7.98,https://youtu.be/UrFrR3p0B3A?t=184s,prepare_container,prep,1,0.5,Freed Jesmonite jars.,"Eat Hie uh, YS",1,0.0,0.019,0.177,0.549,0.091,"#5f524b,#989690,#c8cac3",1,,
UrFrR3p0B3A,https://www.youtube.com/watch?v=UrFrR3p0B3A,"DIY Candle Jars with Jesmonite | aesthetic candle vessels, Boowan Nicole molds | handmade gift ideas",399.0,storyboard,24,191.52,199.5,7.98,https://youtu.be/UrFrR3p0B3A?t=192s,prepare_container,prep,1,0.5,Sanding/cleaning the demoulded jar.,,0,0.0,0.015,0.0,0.559,0.087,"#65544b,#9e9993,#caccc4",1,,
UrFrR3p0B3A,https://www.youtube.com/watch?v=UrFrR3p0B3A,"DIY Candle Jars with Jesmonite | aesthetic candle vessels, Boowan Nicole molds | handmade gift ideas",399.0,storyboard,25,199.5,207.48,7.98,https://youtu.be/UrFrR3p0B3A?t=200s,prepare_container,prep,1,0.5,Smoothing the jar surface.,ii,0,0.0,0.019,0.128,0.556,0.109,"#a09183,#635548,#d2d2c7",1,,
UrFrR3p0B3A,https://www.youtube.com/watch?v=UrFrR3p0B3A,"DIY Candle Jars with Jesmonite | aesthetic candle vessels, Boowan Nicole molds | handmade gift ideas",399.0,storyboard,27,215.46,223.44,7.98,https://youtu.be/UrFrR3p0B3A?t=215s,prepare_container,prep,1,0.55,The wick seated in the jar base.,ae,0,0.0,0.026,0.0,0.567,0.142,"#cac8c0,#988579,#4e3f30",1,,
UrFrR3p0B3A,https://www.youtube.com/watch?v=UrFrR3p0B3A,"DIY Candle Jars with Jesmonite | aesthetic candle vessels, Boowan Nicole molds | handmade gift ideas",399.0,storyboard,28,223.44,231.42,7.98,https://youtu.be/UrFrR3p0B3A?t=223s,prepare_container,prep,1,0.5,Centring the wick in the jar.,Jd Au pa om ws st iff ysesNE oa Lr inc my 4 ais ae 3 spittin my,1,0.0,0.046,0.2,0.552,0.086,"#b9b9b1,#78776c,#2c2923",1,,
UrFrR3p0B3A,https://www.youtube.com/watch?v=UrFrR3p0B3A,"DIY Candle Jars with Jesmonite | aesthetic candle vessels, Boowan Nicole molds | handmade gift ideas",399.0,storyboard,29,231.42,239.4,7.98,https://youtu.be/UrFrR3p0B3A?t=231s,pour_wax,assemble,1,0.6,Yellow wax poured into the Jesmonite jar.,,0,0.0,0.004,0.058,0.588,0.073,"#b6b9bb,#79776b,#282319",1,,
UrFrR3p0B3A,https://www.youtube.com/watch?v=UrFrR3p0B3A,"DIY Candle Jars with Jesmonite | aesthetic candle vessels, Boowan Nicole molds | handmade gift ideas",399.0,storyboard,30,239.4,247.38,7.98,https://youtu.be/UrFrR3p0B3A?t=239s,pour_wax,assemble,1,0.6,Pouring wax into the jars.,,0,0.0,0.012,0.0,0.577,0.047,"#bbc0c2,#7e7f75,#2a2d2a",1,,
UrFrR3p0B3A,https://www.youtube.com/watch?v=UrFrR3p0B3A,"DIY Candle Jars with Jesmonite | aesthetic candle vessels, Boowan Nicole molds | handmade gift ideas",399.0,storyboard,31,247.38,255.36,7.98,https://youtu.be/UrFrR3p0B3A?t=247s,pour_wax,assemble,1,0.55,Jars filled with wax around the wicks.,,0,0.0,0.013,0.1,0.589,0.075,"#bbbdb7,#817d74,#2c2c29",1,,
UrFrR3p0B3A,https://www.youtube.com/watch?v=UrFrR3p0B3A,"DIY Candle Jars with Jesmonite | aesthetic candle vessels, Boowan Nicole molds | handmade gift ideas",399.0,storyboard,32,255.36,263.34,7.98,https://youtu.be/UrFrR3p0B3A?t=255s,set_wick,assemble,1,0.5,Wick steadied in the poured candle.,,0,0.0,0.008,0.0,0.569,0.087,"#bcbfc0,#907e74,#292a28",1,,
UrFrR3p0B3A,https://www.youtube.com/watch?v=UrFrR3p0B3A,"DIY Candle Jars with Jesmonite | aesthetic candle vessels, Boowan Nicole molds | handmade gift ideas",399.0,storyboard,33,263.34,271.32,7.98,https://youtu.be/UrFrR3p0B3A?t=263s,decorate_finish,finish,1,0.5,A pink wax rose placed on the candle top as decoration.,is 2 se were Made in previous Vv Gimen jar ECO 14 but it Pink jar 4,1,0.0,0.019,0.281,0.553,0.087,"#827a6f,#d0d2c6,#413b2c",1,,
UrFrR3p0B3A,https://www.youtube.com/watch?v=UrFrR3p0B3A,"DIY Candle Jars with Jesmonite | aesthetic candle vessels, Boowan Nicole molds | handmade gift ideas",399.0,storyboard,34,271.32,279.3,7.98,https://youtu.be/UrFrR3p0B3A?t=271s,decorate_finish,finish,1,0.5,Candle decorated with the pink wax rose.,Fs sts 1,1,0.0,0.052,0.153,0.494,0.115,"#49423b,#928280,#c8c6c5",1,,
UrFrR3p0B3A,https://www.youtube.com/watch?v=UrFrR3p0B3A,"DIY Candle Jars with Jesmonite | aesthetic candle vessels, Boowan Nicole molds | handmade gift ideas",399.0,storyboard,36,287.28,295.26,7.98,https://youtu.be/UrFrR3p0B3A?t=287s,decorate_finish,finish,1,0.45,Melting wax / heat gun for the decorative topping.,9 bd hi in 4 gp eS 4,1,0.0,0.052,0.185,0.483,0.119,"#766962,#c2b1ad,#292925",1,,
UrFrR3p0B3A,https://www.youtube.com/watch?v=UrFrR3p0B3A,"DIY Candle Jars with Jesmonite | aesthetic candle vessels, Boowan Nicole molds | handmade gift ideas",399.0,storyboard,37,295.26,303.24,7.98,https://youtu.be/UrFrR3p0B3A?t=295s,decorate_finish,finish,1,0.5,Heat gun smooths around the rose on the candle top.,"SS ee oe ye Lh ead oe 5 in, SOV TIA: ae 7 Sa.",1,0.0,0.022,0.247,0.531,0.12,"#b5bbc5,#9f8b83,#5c4d4b",1,,
UrFrR3p0B3A,https://www.youtube.com/watch?v=UrFrR3p0B3A,"DIY Candle Jars with Jesmonite | aesthetic candle vessels, Boowan Nicole molds | handmade gift ideas",399.0,storyboard,38,303.24,311.22,7.98,https://youtu.be/UrFrR3p0B3A?t=303s,measure_wax,prep,1,0.4,Candle/jar on a scale; fragrance product shown.,,0,0.0,0.016,0.0,0.606,0.092,"#b9c4c9,#665752,#938a84",1,,
UrFrR3p0B3A,https://www.youtube.com/watch?v=UrFrR3p0B3A,"DIY Candle Jars with Jesmonite | aesthetic candle vessels, Boowan Nicole molds | handmade gift ideas",399.0,storyboard,39,311.22,319.2,7.98,https://youtu.be/UrFrR3p0B3A?t=311s,measure_wax,prep,1,0.45,Measuring cup and jar.,AGE 4 pasil and Bose Per WNW Bus nea,1,0.0,0.051,0.257,0.574,0.077,"#8f8780,#c3cad3,#464336",1,,
UrFrR3p0B3A,https://www.youtube.com/watch?v=UrFrR3p0B3A,"DIY Candle Jars with Jesmonite | aesthetic candle vessels, Boowan Nicole molds | handmade gift ideas",399.0,storyboard,40,319.2,327.18,7.98,https://youtu.be/UrFrR3p0B3A?t=319s,pour_wax,assemble,1,0.55,Wax poured into a jar.,,0,0.0,0.004,0.0,0.582,0.088,"#b5bdc1,#828068,#2d2b17",1,,
UrFrR3p0B3A,https://www.youtube.com/watch?v=UrFrR3p0B3A,"DIY Candle Jars with Jesmonite | aesthetic candle vessels, Boowan Nicole molds | handmade gift ideas",399.0,storyboard,41,327.18,335.16,7.98,https://youtu.be/UrFrR3p0B3A?t=327s,decorate_finish,finish,1,0.5,Pink rose placed on the candle.,1 er,0,0.0,0.019,0.141,0.471,0.121,"#7b6e6c,#3a2d29,#d6c7bd",1,,
UrFrR3p0B3A,https://www.youtube.com/watch?v=UrFrR3p0B3A,"DIY Candle Jars with Jesmonite | aesthetic candle vessels, Boowan Nicole molds | handmade gift ideas",399.0,storyboard,42,335.16,343.14,7.98,https://youtu.be/UrFrR3p0B3A?t=335s,reveal_result,finish,1,0.55,Candle lit; a black tin candle alongside.,,0,0.0,0.013,0.308,0.518,0.078,"#cdc9c5,#867a74,#362c24",1,,
UrFrR3p0B3A,https://www.youtube.com/watch?v=UrFrR3p0B3A,"DIY Candle Jars with Jesmonite | aesthetic candle vessels, Boowan Nicole molds | handmade gift ideas",399.0,storyboard,43,343.14,351.12,7.98,https://youtu.be/UrFrR3p0B3A?t=343s,reveal_result,finish,1,0.55,Green/pink rose candles lit (burn test).,4 Burn test Timetapse,1,0.0,0.031,0.0,0.54,0.103,"#c1bcb5,#8a786d,#3d332b",1,,
UrFrR3p0B3A,https://www.youtube.com/watch?v=UrFrR3p0B3A,"DIY Candle Jars with Jesmonite | aesthetic candle vessels, Boowan Nicole molds | handmade gift ideas",399.0,storyboard,44,351.12,359.1,7.98,https://youtu.be/UrFrR3p0B3A?t=351s,reveal_result,finish,1,0.55,Finished candles burning in the jars.,4 NH Tt ee Ps,1,0.0,0.12,0.051,0.472,0.117,"#897d72,#443d36,#d0cbc9",1,,
UrFrR3p0B3A,https://www.youtube.com/watch?v=UrFrR3p0B3A,"DIY Candle Jars with Jesmonite | aesthetic candle vessels, Boowan Nicole molds | handmade gift ideas",399.0,storyboard,45,359.1,367.08,7.98,https://youtu.be/UrFrR3p0B3A?t=359s,reveal_result,finish,1,0.55,Lighting a candle.,SC Ane 7 Ga. Np sal Bl was loo small after 4 hours the,1,0.0,0.029,0.248,0.51,0.115,"#b5a48d,#7d6651,#3d2816",1,,
UrFrR3p0B3A,https://www.youtube.com/watch?v=UrFrR3p0B3A,"DIY Candle Jars with Jesmonite | aesthetic candle vessels, Boowan Nicole molds | handmade gift ideas",399.0,storyboard,46,367.08,375.06,7.98,https://youtu.be/UrFrR3p0B3A?t=367s,reveal_result,finish,1,0.55,Candle burning; caption.,,0,0.0,0.013,0.0,0.538,0.142,"#5b4130,#d8cfc3,#aa8d74",1,,description references on-screen text but OCR found none
UrFrR3p0B3A,https://www.youtube.com/watch?v=UrFrR3p0B3A,"DIY Candle Jars with Jesmonite | aesthetic candle vessels, Boowan Nicole molds | handmade gift ideas",399.0,storyboard,47,375.06,383.04,7.98,https://youtu.be/UrFrR3p0B3A?t=375s,reveal_result,finish,1,0.55,Lit candle; tealight comparison.,AS VKLAGE ORS if PUo OD le Wi 8 worked the besi,1,0.0,0.057,0.206,0.549,0.165,"#69503c,#a18771,#d3ccc7",1,,
UrFrR3p0B3A,https://www.youtube.com/watch?v=UrFrR3p0B3A,"DIY Candle Jars with Jesmonite | aesthetic candle vessels, Boowan Nicole molds | handmade gift ideas",399.0,storyboard,48,383.04,391.02,7.98,https://youtu.be/UrFrR3p0B3A?t=383s,reveal_result,finish,1,0.55,Close-up of the orange jar candle burning.,2,0,0.0,0.07,0.0,0.483,0.255,"#82441c,#8e7e72,#bebabf",1,,
VazMrJH55Is,https://www.youtube.com/watch?v=VazMrJH55Is,Honey Vanilla Beeswax Candles | How to Make Candles,419.0,storyboard,1,8.06,16.12,8.06,https://youtu.be/VazMrJH55Is?t=8s,measure_wax,prep,1,0.5,A bowl of beeswax pellets shown.,"te eh fy,",1,0.0,0.03,0.325,0.711,0.084,"#c9c1be,#93776b,#52423e",1,,
VazMrJH55Is,https://www.youtube.com/watch?v=VazMrJH55Is,Honey Vanilla Beeswax Candles | How to Make Candles,419.0,storyboard,2,16.12,24.17,8.05,https://youtu.be/VazMrJH55Is?t=16s,gather_materials,prep,1,0.5,Hands at the stove with a bottle (coconut oil).,ae ies Tis ibs,1,0.0,0.147,0.039,0.824,0.102,"#ecebeb,#c3b6a0,#5e5246",1,,
VazMrJH55Is,https://www.youtube.com/watch?v=VazMrJH55Is,Honey Vanilla Beeswax Candles | How to Make Candles,419.0,storyboard,12,96.69,104.75,8.06,https://youtu.be/VazMrJH55Is?t=97s,melt_wax,process,1,0.5,Beeswax melting in the pot.,oF ng,0,0.0,0.092,0.241,0.744,0.109,"#9a957d,#d1d0cb,#473d38",1,,
VazMrJH55Is,https://www.youtube.com/watch?v=VazMrJH55Is,Honey Vanilla Beeswax Candles | How to Make Candles,419.0,storyboard,13,104.75,112.81,8.06,https://youtu.be/VazMrJH55Is?t=105s,add_fragrance,process,1,0.5,Honey/vanilla added to the melted wax.,al 3,0,0.0,0.057,0.067,0.653,0.135,"#aa9e7f,#d6d5d0,#504030",1,,
VazMrJH55Is,https://www.youtube.com/watch?v=VazMrJH55Is,Honey Vanilla Beeswax Candles | How to Make Candles,419.0,storyboard,23,185.33,193.38,8.05,https://youtu.be/VazMrJH55Is?t=185s,melt_wax,process,1,0.5,Molten beeswax ready to pour.,af,0,0.0,0.027,0.045,0.622,0.126,"#aea393,#cbccca,#725539",1,,
VazMrJH55Is,https://www.youtube.com/watch?v=VazMrJH55Is,Honey Vanilla Beeswax Candles | How to Make Candles,419.0,storyboard,24,193.38,201.44,8.06,https://youtu.be/VazMrJH55Is?t=193s,pour_wax,assemble,1,0.5,Honey-coloured wax poured into a jar.,ek oni,0,0.0,0.038,0.244,0.706,0.112,"#eae8e7,#ccbfae,#af9c88",1,,
VazMrJH55Is,https://www.youtube.com/watch?v=VazMrJH55Is,Honey Vanilla Beeswax Candles | How to Make Candles,419.0,storyboard,26,209.5,217.56,8.06,https://youtu.be/VazMrJH55Is?t=210s,pour_wax,assemble,1,0.5,Pouring wax into the jars.,7 2 1 5,0,0.0,0.041,0.044,0.616,0.124,"#b0a998,#785f45,#d0d4d7",1,,
VazMrJH55Is,https://www.youtube.com/watch?v=VazMrJH55Is,Honey Vanilla Beeswax Candles | How to Make Candles,419.0,storyboard,39,314.25,322.31,8.06,https://youtu.be/VazMrJH55Is?t=314s,set_wick,assemble,1,0.5,Trimming/centring wicks on the set jars.,2,0,0.0,0.15,0.185,0.791,0.143,"#eae8e2,#bdb198,#81673f",1,,
VazMrJH55Is,https://www.youtube.com/watch?v=VazMrJH55Is,Honey Vanilla Beeswax Candles | How to Make Candles,419.0,storyboard,40,322.31,330.37,8.06,https://youtu.be/VazMrJH55Is?t=322s,reveal_result,finish,1,0.5,A finished honey-vanilla beeswax candle jar shown.,eee pee oo ee aN,1,0.0,0.128,0.012,0.837,0.106,"#eeedec,#cfbfa6,#8e7f6e",1,,
VazMrJH55Is,https://www.youtube.com/watch?v=VazMrJH55Is,Honey Vanilla Beeswax Candles | How to Make Candles,419.0,storyboard,41,330.37,338.42,8.05,https://youtu.be/VazMrJH55Is?t=330s,reveal_result,finish,1,0.5,Host talks to camera with the candle.,"7 tb hog 2 br! Le, fT er at Oo oa Pe Ds ed od",1,0.0,0.124,0.023,0.84,0.105,"#eeedeb,#cebda5,#8c7b69",1,,
VazMrJH55Is,https://www.youtube.com/watch?v=VazMrJH55Is,Honey Vanilla Beeswax Candles | How to Make Candles,419.0,storyboard,42,338.42,346.48,8.06,https://youtu.be/VazMrJH55Is?t=338s,reveal_result,finish,1,0.5,Finished beeswax candle presented.,Pp 2,0,0.0,0.129,0.185,0.81,0.102,"#f4f0e9,#c8b1a0,#816d62",1,,
VazMrJH55Is,https://www.youtube.com/watch?v=VazMrJH55Is,Honey Vanilla Beeswax Candles | How to Make Candles,419.0,storyboard,43,346.48,354.54,8.06,https://youtu.be/VazMrJH55Is?t=346s,reveal_result,finish,1,0.5,A honey-coloured candle jar; topping up.,ae ps Ses,1,0.0,0.138,0.007,0.782,0.098,"#f4f0e9,#c8b1a0,#7f6c61",1,,
VazMrJH55Is,https://www.youtube.com/watch?v=VazMrJH55Is,Honey Vanilla Beeswax Candles | How to Make Candles,419.0,storyboard,44,354.54,362.6,8.06,https://youtu.be/VazMrJH55Is?t=355s,reveal_result,finish,1,0.5,Finished jar candle.,ae ps Ses,1,0.0,0.131,0.0,0.782,0.098,"#f4f0e9,#c8b1a0,#7f6c61",1,,
VazMrJH55Is,https://www.youtube.com/watch?v=VazMrJH55Is,Honey Vanilla Beeswax Candles | How to Make Candles,419.0,storyboard,45,362.6,370.65,8.05,https://youtu.be/VazMrJH55Is?t=363s,reveal_result,finish,1,0.5,Finished beeswax candles shown.,ae ps Ses,1,0.0,0.131,0.0,0.782,0.098,"#f4f0e9,#c8b1a0,#7f6c61",1,,
VazMrJH55Is,https://www.youtube.com/watch?v=VazMrJH55Is,Honey Vanilla Beeswax Candles | How to Make Candles,419.0,storyboard,46,370.65,378.71,8.06,https://youtu.be/VazMrJH55Is?t=371s,reveal_result,finish,1,0.5,Beauty shot of the finished candle.,ae ps Ses,1,0.0,0.131,0.0,0.782,0.098,"#f4f0e9,#c8b1a0,#7f6c61",1,,
VazMrJH55Is,https://www.youtube.com/watch?v=VazMrJH55Is,Honey Vanilla Beeswax Candles | How to Make Candles,419.0,storyboard,47,378.71,386.77,8.06,https://youtu.be/VazMrJH55Is?t=379s,reveal_result,finish,1,0.5,Finished honey-vanilla candle.,ae ps Ses,1,0.0,0.131,0.0,0.782,0.098,"#f4f0e9,#c8b1a0,#7f6c61",1,,
VeFhYM_tD8Q,https://www.youtube.com/watch?v=VeFhYM_tD8Q,Make A Forever Candle That Burns for 72 Days!,493.0,storyboard,49,389.63,397.58,7.95,https://youtu.be/VeFhYM_tD8Q?t=390s,set_wick,assemble,1,0.45,Host handles a mason-jar oil candle.,wen 7 6 Be ee. TA te,1,0.0,0.063,0.028,0.384,0.172,"#4b251f,#b78f80,#805447",1,,
VeFhYM_tD8Q,https://www.youtube.com/watch?v=VeFhYM_tD8Q,Make A Forever Candle That Burns for 72 Days!,493.0,storyboard,50,397.58,405.53,7.95,https://youtu.be/VeFhYM_tD8Q?t=398s,set_wick,assemble,1,0.5,Lit mason-jar oil candle with flowers.,as ie ta he,1,0.0,0.058,0.236,0.36,0.171,"#2f1810,#7f5c44,#dfc7ac",1,,
VeFhYM_tD8Q,https://www.youtube.com/watch?v=VeFhYM_tD8Q,Make A Forever Candle That Burns for 72 Days!,493.0,storyboard,51,405.53,413.48,7.95,https://youtu.be/VeFhYM_tD8Q?t=406s,set_wick,assemble,1,0.45,Setting the float wick in the oil candle.,or 2 7 SQ. ss,1,0.0,0.083,0.168,0.363,0.18,"#8d624b,#391d13,#d7b6a4",1,,
VeFhYM_tD8Q,https://www.youtube.com/watch?v=VeFhYM_tD8Q,Make A Forever Candle That Burns for 72 Days!,493.0,storyboard,52,413.48,421.44,7.96,https://youtu.be/VeFhYM_tD8Q?t=413s,set_wick,assemble,1,0.45,Adjusting the oil candle wick.,Res 7 3 Ta Tee Cay he 5,1,0.0,0.054,0.0,0.344,0.168,"#855e48,#311911,#d6b5a9",1,,
VeFhYM_tD8Q,https://www.youtube.com/watch?v=VeFhYM_tD8Q,Make A Forever Candle That Burns for 72 Days!,493.0,storyboard,53,421.44,429.39,7.95,https://youtu.be/VeFhYM_tD8Q?t=421s,reveal_result,finish,1,0.55,Lit mason-jar candle close-up.,"pe. 5 tu 4 Lee, Ss Eales mat 7 TSN Te",1,0.0,0.082,0.144,0.363,0.169,"#8c654e,#331b12,#d1bdac",1,,
VeFhYM_tD8Q,https://www.youtube.com/watch?v=VeFhYM_tD8Q,Make A Forever Candle That Burns for 72 Days!,493.0,storyboard,54,429.39,437.34,7.95,https://youtu.be/VeFhYM_tD8Q?t=429s,reveal_result,finish,1,0.55,Lit candle with flowers; host.,"Sa hee te wal 4 Ro 3 5 4 Pg alae 22 VS sf Car, be See 7 ee SOS Ree",1,0.0,0.07,0.268,0.35,0.17,"#341a10,#865b43,#cfb8ab",1,,
VeFhYM_tD8Q,https://www.youtube.com/watch?v=VeFhYM_tD8Q,Make A Forever Candle That Burns for 72 Days!,493.0,storyboard,55,437.34,445.29,7.95,https://youtu.be/VeFhYM_tD8Q?t=437s,reveal_result,finish,1,0.5,Candle glow in a dim room.,,0,0.0,0.0,0.2,0.1,0.039,"#000000,#010101,#000104",1,,
Vsd8r7uSDII,https://www.youtube.com/watch?v=Vsd8r7uSDII,How To Make A Wooden Wick Candle | Luxury Candle Making,288.0,storyboard,2,16.0,24.0,8.0,https://youtu.be/Vsd8r7uSDII?t=16s,gather_materials,prep,1,0.55,Host presents the supplies on the table.,Ni rw si oe 4 Le ae 7 aS ae,1,0.333,0.091,0.161,0.526,0.079,"#7a8375,#bcbbb2,#2c2e2c",1,,
Vsd8r7uSDII,https://www.youtube.com/watch?v=Vsd8r7uSDII,How To Make A Wooden Wick Candle | Luxury Candle Making,288.0,storyboard,3,24.0,32.0,8.0,https://youtu.be/Vsd8r7uSDII?t=24s,gather_materials,prep,1,0.55,Dark fragrance bottles shown; host.,"eS. Cl ust von veh ek, alee aia aia il patos iy haut OI pik Van Se if",1,0.0,0.129,0.089,0.515,0.095,"#808075,#c6c4bc,#2e2e2a",1,,
Vsd8r7uSDII,https://www.youtube.com/watch?v=Vsd8r7uSDII,How To Make A Wooden Wick Candle | Luxury Candle Making,288.0,storyboard,4,32.0,40.0,8.0,https://youtu.be/Vsd8r7uSDII?t=32s,measure_wax,prep,1,0.5,White wax bag; host portions wax.,"Te Stew SY CONTAINER WAX. 9 tpt onmcene 4 Tn hae 7 my 7 pe Ib cy, Naat Apoan! we, 7 Ba",1,0.0,0.155,0.075,0.512,0.071,"#c1c3bb,#7c867b,#2a2f2f",1,,
Vsd8r7uSDII,https://www.youtube.com/watch?v=Vsd8r7uSDII,How To Make A Wooden Wick Candle | Luxury Candle Making,288.0,storyboard,5,40.0,48.0,8.0,https://youtu.be/Vsd8r7uSDII?t=40s,melt_wax,process,1,0.6,Pot of wax melting on the gas stove.,5,0,0.0,0.102,0.261,0.523,0.065,"#c0c3ba,#969186,#322b22",1,,
Vsd8r7uSDII,https://www.youtube.com/watch?v=Vsd8r7uSDII,How To Make A Wooden Wick Candle | Luxury Candle Making,288.0,storyboard,6,48.0,56.0,8.0,https://youtu.be/Vsd8r7uSDII?t=48s,melt_wax,process,1,0.6,Amber wax melting in the pot.,cor ee. sg.,1,0.0,0.03,0.089,0.457,0.085,"#6f6b64,#c6c0a3,#35352e",1,,
Vsd8r7uSDII,https://www.youtube.com/watch?v=Vsd8r7uSDII,How To Make A Wooden Wick Candle | Luxury Candle Making,288.0,storyboard,7,56.0,64.0,8.0,https://youtu.be/Vsd8r7uSDII?t=56s,melt_wax,process,1,0.5,Fragrance gives the wax an amber colour in the pot.,Pea FF or 7 lee 4 he es Toe ae oe,1,0.0,0.028,0.06,0.467,0.088,"#403f38,#7a766b,#d4cfb4",1,,
Vsd8r7uSDII,https://www.youtube.com/watch?v=Vsd8r7uSDII,How To Make A Wooden Wick Candle | Luxury Candle Making,288.0,storyboard,8,64.0,72.0,8.0,https://youtu.be/Vsd8r7uSDII?t=64s,melt_wax,process,1,0.55,Stirring the amber wax.,Se Pa Ss TP an 5 STR 2. ane,1,0.333,0.052,0.063,0.483,0.101,"#c7c0b3,#776956,#1b1510",1,,
Vsd8r7uSDII,https://www.youtube.com/watch?v=Vsd8r7uSDII,How To Make A Wooden Wick Candle | Luxury Candle Making,288.0,storyboard,9,72.0,80.0,8.0,https://youtu.be/Vsd8r7uSDII?t=72s,melt_wax,process,1,0.55,Amber wax pot on the stove.,ei 4 7 2 oz Fy 4 aN he 5 Ay 4,1,0.0,0.057,0.101,0.47,0.11,"#c4bcb1,#806c56,#1f1913",1,,
Vsd8r7uSDII,https://www.youtube.com/watch?v=Vsd8r7uSDII,How To Make A Wooden Wick Candle | Luxury Candle Making,288.0,storyboard,10,80.0,88.0,8.0,https://youtu.be/Vsd8r7uSDII?t=80s,melt_wax,process,1,0.5,Continued stirring of the wax.,2 aN ff oF ys rr ep 6 Sa,1,0.333,0.055,0.089,0.47,0.124,"#827154,#c8c2ba,#272015",1,,
Vsd8r7uSDII,https://www.youtube.com/watch?v=Vsd8r7uSDII,How To Make A Wooden Wick Candle | Luxury Candle Making,288.0,storyboard,11,88.0,96.0,8.0,https://youtu.be/Vsd8r7uSDII?t=88s,prepare_container,prep,1,0.6,Hands fit a wooden wick clip into a glass.,iF RY vs ww ee bk gs cat we,1,0.0,0.06,0.076,0.471,0.139,"#897b64,#2e2414,#ceccc7",1,,
Vsd8r7uSDII,https://www.youtube.com/watch?v=Vsd8r7uSDII,How To Make A Wooden Wick Candle | Luxury Candle Making,288.0,storyboard,12,96.0,104.0,8.0,https://youtu.be/Vsd8r7uSDII?t=96s,prepare_container,prep,1,0.6,The wooden wick is placed in the glass.,"ne, whe al Cay ba af zc ate It",1,0.333,0.048,0.214,0.487,0.123,"#8c7265,#c3b7aa,#403022",1,,
Vsd8r7uSDII,https://www.youtube.com/watch?v=Vsd8r7uSDII,How To Make A Wooden Wick Candle | Luxury Candle Making,288.0,storyboard,14,112.0,120.0,8.0,https://youtu.be/Vsd8r7uSDII?t=112s,prepare_container,prep,1,0.55,Centring the wooden wick in the vessel.,ax? 7 NS Wve aA ad Am Mos 4 Fol is,1,0.0,0.056,0.231,0.485,0.132,"#c0b2a7,#7f6b5e,#3a2b1f",1,,
Vsd8r7uSDII,https://www.youtube.com/watch?v=Vsd8r7uSDII,How To Make A Wooden Wick Candle | Luxury Candle Making,288.0,storyboard,15,120.0,128.0,8.0,https://youtu.be/Vsd8r7uSDII?t=120s,add_fragrance,process,1,0.55,Fragrance bottle by the amber wax pot.,age eat Line,1,0.0,0.081,0.105,0.468,0.154,"#352d1b,#8a7b64,#c9cac9",1,,
Vsd8r7uSDII,https://www.youtube.com/watch?v=Vsd8r7uSDII,How To Make A Wooden Wick Candle | Luxury Candle Making,288.0,storyboard,16,128.0,136.0,8.0,https://youtu.be/Vsd8r7uSDII?t=128s,add_fragrance,process,1,0.6,Fragrance poured into the amber wax.,yo 2 7 eo Fe ON it ba See,1,0.0,0.064,0.05,0.47,0.137,"#857a65,#282315,#c7c8c6",1,,
Vsd8r7uSDII,https://www.youtube.com/watch?v=Vsd8r7uSDII,How To Make A Wooden Wick Candle | Luxury Candle Making,288.0,storyboard,17,136.0,144.0,8.0,https://youtu.be/Vsd8r7uSDII?t=136s,add_fragrance,process,1,0.55,Stirring the fragrance into the wax.,om eh,0,0.0,0.064,0.099,0.47,0.139,"#857866,#ccc7c4,#2a2318",1,,
Vsd8r7uSDII,https://www.youtube.com/watch?v=Vsd8r7uSDII,How To Make A Wooden Wick Candle | Luxury Candle Making,288.0,storyboard,18,144.0,152.0,8.0,https://youtu.be/Vsd8r7uSDII?t=144s,melt_wax,process,1,0.5,Amber wax pot on the stove.,ae Vai Vf. oes tC,1,0.333,0.071,0.098,0.472,0.141,"#957667,#292319,#cacacb",1,,
Vsd8r7uSDII,https://www.youtube.com/watch?v=Vsd8r7uSDII,How To Make A Wooden Wick Candle | Luxury Candle Making,288.0,storyboard,19,152.0,160.0,8.0,https://youtu.be/Vsd8r7uSDII?t=152s,melt_wax,process,1,0.5,Pot of amber wax.,Os ie 7 2 eit ee SA,1,0.0,0.08,0.071,0.465,0.156,"#352317,#85725e,#c8c8c5",1,,
Vsd8r7uSDII,https://www.youtube.com/watch?v=Vsd8r7uSDII,How To Make A Wooden Wick Candle | Luxury Candle Making,288.0,storyboard,20,160.0,168.0,8.0,https://youtu.be/Vsd8r7uSDII?t=160s,add_fragrance,process,1,0.5,Hands with a bottle at the pot.,Zz 4nd,0,0.0,0.08,0.046,0.448,0.161,"#332216,#84725f,#c5c6c4",1,,
Vsd8r7uSDII,https://www.youtube.com/watch?v=Vsd8r7uSDII,How To Make A Wooden Wick Candle | Luxury Candle Making,288.0,storyboard,21,168.0,176.0,8.0,https://youtu.be/Vsd8r7uSDII?t=168s,monitor_temperature,process,1,0.45,Checking the amber wax before pouring.,S/s aps aa gh wo ee,1,0.0,0.08,0.131,0.468,0.131,"#cbcac6,#8d7b6b,#28221d",1,,
Vsd8r7uSDII,https://www.youtube.com/watch?v=Vsd8r7uSDII,How To Make A Wooden Wick Candle | Luxury Candle Making,288.0,storyboard,22,176.0,184.0,8.0,https://youtu.be/Vsd8r7uSDII?t=176s,melt_wax,process,1,0.5,Pot of wax; hands.,ed ji 4 eM. ee Sa ae ie 2 7,1,0.0,0.069,0.097,0.457,0.149,"#887565,#352418,#c5c4c2",1,,
Vsd8r7uSDII,https://www.youtube.com/watch?v=Vsd8r7uSDII,How To Make A Wooden Wick Candle | Luxury Candle Making,288.0,storyboard,23,184.0,192.0,8.0,https://youtu.be/Vsd8r7uSDII?t=184s,melt_wax,process,1,0.5,Amber wax in the pot.,View se 7 af 1 7 5 7 DY ey Ts 1 ly ee EE Sn,1,0.0,0.098,0.137,0.455,0.144,"#8e7769,#33281e,#c9beb7",1,,
Vsd8r7uSDII,https://www.youtube.com/watch?v=Vsd8r7uSDII,How To Make A Wooden Wick Candle | Luxury Candle Making,288.0,storyboard,24,192.0,200.0,8.0,https://youtu.be/Vsd8r7uSDII?t=192s,pour_wax,assemble,1,0.55,Pour readied from the pot on the stove.,PFE re Ly 4 2 ae Se me EE aa al SS,1,0.0,0.1,0.118,0.449,0.159,"#342519,#887865,#c3c4c2",1,,
Vsd8r7uSDII,https://www.youtube.com/watch?v=Vsd8r7uSDII,How To Make A Wooden Wick Candle | Luxury Candle Making,288.0,storyboard,26,208.0,216.0,8.0,https://youtu.be/Vsd8r7uSDII?t=208s,pour_wax,assemble,1,0.65,Glasses with wooden wicks being filled.,po Se,0,0.0,0.02,0.106,0.496,0.075,"#b3b0a6,#6c665b,#271d15",1,,
Vsd8r7uSDII,https://www.youtube.com/watch?v=Vsd8r7uSDII,How To Make A Wooden Wick Candle | Luxury Candle Making,288.0,storyboard,27,216.0,224.0,8.0,https://youtu.be/Vsd8r7uSDII?t=216s,pour_wax,assemble,1,0.6,Amber wax poured into the wooden-wick glasses.,ae lk Pa oi eee es Li IP be Se as ws al,1,0.0,0.053,0.148,0.477,0.104,"#3a301e,#c9c5ba,#887f70",1,,
Vsd8r7uSDII,https://www.youtube.com/watch?v=Vsd8r7uSDII,How To Make A Wooden Wick Candle | Luxury Candle Making,288.0,storyboard,28,224.0,232.0,8.0,https://youtu.be/Vsd8r7uSDII?t=224s,pour_wax,assemble,1,0.55,Glasses filled with amber wax around the wooden wicks.,ez af Sa BN Sein ee,1,0.333,0.026,0.147,0.55,0.149,"#c4bdb2,#81643f,#1d140c",1,,
Vsd8r7uSDII,https://www.youtube.com/watch?v=Vsd8r7uSDII,How To Make A Wooden Wick Candle | Luxury Candle Making,288.0,storyboard,29,232.0,240.0,8.0,https://youtu.be/Vsd8r7uSDII?t=232s,set_wick,assemble,1,0.5,Filled glasses with wooden wicks left upright.,re,0,0.0,0.021,0.119,0.529,0.184,"#c5c1b8,#88663b,#1e1309",1,,
Vsd8r7uSDII,https://www.youtube.com/watch?v=Vsd8r7uSDII,How To Make A Wooden Wick Candle | Luxury Candle Making,288.0,storyboard,30,240.0,248.0,8.0,https://youtu.be/Vsd8r7uSDII?t=240s,cure_cool,assemble,1,0.55,Caption '24HRS LEFT / STEP 8'; candles setting.,Auinc ss oe,1,0.0,0.05,0.234,0.525,0.153,"#aa8e71,#5a4739,#e4c7a4",1,,
Vsd8r7uSDII,https://www.youtube.com/watch?v=Vsd8r7uSDII,How To Make A Wooden Wick Candle | Luxury Candle Making,288.0,storyboard,31,248.0,256.0,8.0,https://youtu.be/Vsd8r7uSDII?t=248s,trim_wick,finish,1,0.5,Hands trim the wooden wick on the set candle.,4 wf,0,0.0,0.081,0.185,0.481,0.111,"#887666,#ccc5b8,#222621",1,,
Vsd8r7uSDII,https://www.youtube.com/watch?v=Vsd8r7uSDII,How To Make A Wooden Wick Candle | Luxury Candle Making,288.0,storyboard,32,256.0,264.0,8.0,https://youtu.be/Vsd8r7uSDII?t=256s,reveal_result,finish,1,0.6,Finished set candles with trimmed wooden wicks.,,0,0.333,0.007,0.081,0.747,0.062,"#d6d5d5,#b8b1a0,#736c55",1,,
W_CSmi19gys,https://www.youtube.com/watch?v=W_CSmi19gys,"Candle Making With Coconut Wax Blends (Basics, Tips & Fragrance Testing)",546.0,storyboard,17,136.5,144.53,8.03,https://youtu.be/W_CSmi19gys?t=136s,measure_wax,prep,1,0.45,Cutting the wax.,,0,0.0,0.013,0.215,0.509,0.079,"#948774,#4e402c,#d2c5bc",1,,
W_CSmi19gys,https://www.youtube.com/watch?v=W_CSmi19gys,"Candle Making With Coconut Wax Blends (Basics, Tips & Fragrance Testing)",546.0,storyboard,33,264.97,273.0,8.03,https://youtu.be/W_CSmi19gys?t=265s,prepare_container,prep,1,0.45,A wick sticker fixed in a jar.,Somad ee. 4 Pn,1,0.0,0.056,0.0,0.395,0.109,"#443426,#817871,#b8bec2",1,,
W_CSmi19gys,https://www.youtube.com/watch?v=W_CSmi19gys,"Candle Making With Coconut Wax Blends (Basics, Tips & Fragrance Testing)",546.0,storyboard,61,489.79,497.82,8.03,https://youtu.be/W_CSmi19gys?t=490s,reveal_result,finish,1,0.5,Lit amber jar candle.,ee 2 eo. an ile,1,0.0,0.025,0.129,0.38,0.127,"#626469,#332925,#e3bb83",1,,
ZQk9l2ttcIA,https://www.youtube.com/watch?v=ZQk9l2ttcIA,A Beginners Guide To Making A Candle,256.0,storyboard,2,16.0,24.0,8.0,https://youtu.be/ZQk9l2ttcIA?t=16s,gather_materials,prep,1,0.55,host with supplies laid on table,WO ATT,0,0.333,0.108,0.219,0.611,0.087,"#bdbfbf,#2e3131,#7a7879",1,,
ZQk9l2ttcIA,https://www.youtube.com/watch?v=ZQk9l2ttcIA,A Beginners Guide To Making A Candle,256.0,storyboard,3,24.0,32.0,8.0,https://youtu.be/ZQk9l2ttcIA?t=24s,prepare_container,prep,1,0.5,handling wick/sticker on table,woh Wa Lan Gorcete Has gl Sr ay 2 ee,1,0.0,0.151,0.126,0.544,0.076,"#c2bfb3,#79796f,#2e2924",1,,
ZQk9l2ttcIA,https://www.youtube.com/watch?v=ZQk9l2ttcIA,A Beginners Guide To Making A Candle,256.0,storyboard,5,40.0,48.0,8.0,https://youtu.be/ZQk9l2ttcIA?t=40s,prepare_container,prep,1,0.55,preparing jars at table,ty te,0,0.0,0.125,0.126,0.59,0.066,"#c6c6b9,#8b8b7e,#3b3529",1,,
ZQk9l2ttcIA,https://www.youtube.com/watch?v=ZQk9l2ttcIA,A Beginners Guide To Making A Candle,256.0,storyboard,6,48.0,56.0,8.0,https://youtu.be/ZQk9l2ttcIA?t=48s,measure_wax,prep,1,0.65,tin on scale,af,0,0.0,0.118,0.178,0.514,0.074,"#4d4f4d,#9a968a,#d2d7da",1,,
ZQk9l2ttcIA,https://www.youtube.com/watch?v=ZQk9l2ttcIA,A Beginners Guide To Making A Candle,256.0,storyboard,7,56.0,64.0,8.0,https://youtu.be/ZQk9l2ttcIA?t=56s,measure_wax,prep,1,0.75,pouring wax flakes into tin on scale,4 EK 5 we,1,0.0,0.178,0.129,0.494,0.082,"#b8b4a5,#797362,#28261f",1,,
ZQk9l2ttcIA,https://www.youtube.com/watch?v=ZQk9l2ttcIA,A Beginners Guide To Making A Candle,256.0,storyboard,8,64.0,72.0,8.0,https://youtu.be/ZQk9l2ttcIA?t=64s,measure_wax,prep,1,0.45,metal pot with flakes,7 ail 4 WS we Tad,1,0.0,0.186,0.129,0.482,0.095,"#80755d,#bebbb4,#231f18",1,,
ZQk9l2ttcIA,https://www.youtube.com/watch?v=ZQk9l2ttcIA,A Beginners Guide To Making A Candle,256.0,storyboard,9,72.0,80.0,8.0,https://youtu.be/ZQk9l2ttcIA?t=72s,melt_wax,process,1,0.8,pot on gas stove melting,"4 ry ok, Re wie 4",1,0.0,0.242,0.118,0.471,0.098,"#897e6f,#302922,#c3c2c2",1,,
ZQk9l2ttcIA,https://www.youtube.com/watch?v=ZQk9l2ttcIA,A Beginners Guide To Making A Candle,256.0,storyboard,10,80.0,88.0,8.0,https://youtu.be/ZQk9l2ttcIA?t=80s,melt_wax,process,1,0.8,melting wax on stove,ey.,0,0.333,0.205,0.2,0.462,0.111,"#392c23,#827469,#c1beb9",1,,
ZQk9l2ttcIA,https://www.youtube.com/watch?v=ZQk9l2ttcIA,A Beginners Guide To Making A Candle,256.0,storyboard,11,88.0,96.0,8.0,https://youtu.be/ZQk9l2ttcIA?t=88s,melt_wax,process,1,0.65,stirring melting pot,Reel,0,0.0,0.148,0.195,0.485,0.113,"#b7afa6,#796a5c,#332719",1,,
ZQk9l2ttcIA,https://www.youtube.com/watch?v=ZQk9l2ttcIA,A Beginners Guide To Making A Candle,256.0,storyboard,12,96.0,104.0,8.0,https://youtu.be/ZQk9l2ttcIA?t=96s,add_fragrance,process,1,0.45,handling bottle near pot,ma peugky,1,0.0,0.185,0.194,0.463,0.116,"#817c6d,#2b2820,#b6bbc4",1,,
ZQk9l2ttcIA,https://www.youtube.com/watch?v=ZQk9l2ttcIA,A Beginners Guide To Making A Candle,256.0,storyboard,13,104.0,112.0,8.0,https://youtu.be/ZQk9l2ttcIA?t=104s,add_fragrance,process,1,0.6,pouring oil into pot,holes,0,0.0,0.279,0.12,0.441,0.112,"#716f63,#afb1b4,#242118",1,,
ZQk9l2ttcIA,https://www.youtube.com/watch?v=ZQk9l2ttcIA,A Beginners Guide To Making A Candle,256.0,storyboard,14,112.0,120.0,8.0,https://youtu.be/ZQk9l2ttcIA?t=112s,add_fragrance,process,1,0.55,stirring fragrance into amber liquid,Re ed,0,0.0,0.173,0.089,0.444,0.096,"#adb0b1,#6c6c66,#222018",1,,
ZQk9l2ttcIA,https://www.youtube.com/watch?v=ZQk9l2ttcIA,A Beginners Guide To Making A Candle,256.0,storyboard,15,120.0,128.0,8.0,https://youtu.be/ZQk9l2ttcIA?t=120s,monitor_temperature,process,1,0.4,"pot of amber liquid, checking",uu,0,0.0,0.183,0.114,0.443,0.1,"#afacab,#615a58,#1e1916",1,,
ZQk9l2ttcIA,https://www.youtube.com/watch?v=ZQk9l2ttcIA,A Beginners Guide To Making A Candle,256.0,storyboard,16,128.0,136.0,8.0,https://youtu.be/ZQk9l2ttcIA?t=128s,pour_wax,assemble,1,0.75,pouring wax into glass,ert is er 2. sv,1,0.0,0.18,0.116,0.447,0.105,"#736d68,#b7b2b6,#2a201e",1,,
ZQk9l2ttcIA,https://www.youtube.com/watch?v=ZQk9l2ttcIA,A Beginners Guide To Making A Candle,256.0,storyboard,17,136.0,144.0,8.0,https://youtu.be/ZQk9l2ttcIA?t=136s,pour_wax,assemble,1,0.8,pouring into glasses,if ee ay be neal neg gd,1,0.0,0.15,0.215,0.486,0.091,"#7c7465,#bbb5aa,#373123",1,,
ZQk9l2ttcIA,https://www.youtube.com/watch?v=ZQk9l2ttcIA,A Beginners Guide To Making A Candle,256.0,storyboard,18,144.0,152.0,8.0,https://youtu.be/ZQk9l2ttcIA?t=144s,pour_wax,assemble,1,0.4,pink/red colour appears,fy Pa ih es aw Bh,1,0.0,0.152,0.163,0.5,0.106,"#c0bdb3,#80776b,#4e392e",1,,
ZQk9l2ttcIA,https://www.youtube.com/watch?v=ZQk9l2ttcIA,A Beginners Guide To Making A Candle,256.0,storyboard,19,152.0,160.0,8.0,https://youtu.be/ZQk9l2ttcIA?t=152s,pour_wax,assemble,1,0.7,pouring pink wax into glasses,,0,0.0,0.156,0.185,0.492,0.104,"#b9b2a9,#816e62,#241e16",1,,
ZQk9l2ttcIA,https://www.youtube.com/watch?v=ZQk9l2ttcIA,A Beginners Guide To Making A Candle,256.0,storyboard,20,160.0,168.0,8.0,https://youtu.be/ZQk9l2ttcIA?t=160s,pour_wax,assemble,1,0.55,pink glasses filled,eC awl,0,0.0,0.133,0.128,0.474,0.1,"#bcb7ad,#867165,#262016",1,,
ZQk9l2ttcIA,https://www.youtube.com/watch?v=ZQk9l2ttcIA,A Beginners Guide To Making A Candle,256.0,storyboard,21,168.0,176.0,8.0,https://youtu.be/ZQk9l2ttcIA?t=168s,cure_cool,assemble,1,0.6,row of filled glasses setting,ED 4,0,0.0,0.144,0.102,0.458,0.122,"#b8b1a8,#7b594f,#241d15",1,,
ZQk9l2ttcIA,https://www.youtube.com/watch?v=ZQk9l2ttcIA,A Beginners Guide To Making A Candle,256.0,storyboard,22,176.0,184.0,8.0,https://youtu.be/ZQk9l2ttcIA?t=176s,cure_cool,assemble,1,0.6,pink candles cooling,ea Sa Re fe ee ee,1,0.0,0.15,0.216,0.475,0.114,"#bbb2a8,#7d6154,#2a1e17",1,,
ZQk9l2ttcIA,https://www.youtube.com/watch?v=ZQk9l2ttcIA,A Beginners Guide To Making A Candle,256.0,storyboard,23,184.0,192.0,8.0,https://youtu.be/ZQk9l2ttcIA?t=184s,set_wick,assemble,1,0.45,hands adjusting wicks,ry,0,0.0,0.155,0.121,0.492,0.09,"#88736b,#c7c2b8,#2b2118",1,,
ZQk9l2ttcIA,https://www.youtube.com/watch?v=ZQk9l2ttcIA,A Beginners Guide To Making A Candle,256.0,storyboard,24,192.0,200.0,8.0,https://youtu.be/ZQk9l2ttcIA?t=192s,decorate_finish,finish,1,0.5,sprinkling petals on top,See La te 7 if ia 4.,1,0.0,0.173,0.163,0.495,0.102,"#90766e,#c4bcaf,#362921",1,,
ZQk9l2ttcIA,https://www.youtube.com/watch?v=ZQk9l2ttcIA,A Beginners Guide To Making A Candle,256.0,storyboard,25,200.0,208.0,8.0,https://youtu.be/ZQk9l2ttcIA?t=200s,decorate_finish,finish,1,0.6,decorating candle tops with petals,be er,0,0.0,0.141,0.218,0.523,0.084,"#836e67,#c3bab0,#15150f",1,,
ZQk9l2ttcIA,https://www.youtube.com/watch?v=ZQk9l2ttcIA,A Beginners Guide To Making A Candle,256.0,storyboard,26,208.0,216.0,8.0,https://youtu.be/ZQk9l2ttcIA?t=208s,reveal_result,finish,1,0.75,finished pink candles beauty shot,,0,0.0,0.056,0.163,0.683,0.069,"#c9c9c8,#9db4a2,#5a5955",1,,
_eyf0tCZzBY,https://www.youtube.com/watch?v=_eyf0tCZzBY,Non-toxic DIY Candles with Beeswax & Coconut Oil | Great for Meditation and Manifesting Practices,150.0,storyboard,1,7.89,15.79,7.9,https://youtu.be/_eyf0tCZzBY?t=8s,gather_materials,prep,1,0.55,"Overhead: beeswax block, a jar of coconut oil and metal tins laid out.",,0,0.0,0.151,0.251,0.698,0.173,"#e0e1d9,#afa592,#665236",1,,
_eyf0tCZzBY,https://www.youtube.com/watch?v=_eyf0tCZzBY,Non-toxic DIY Candles with Beeswax & Coconut Oil | Great for Meditation and Manifesting Practices,150.0,storyboard,2,15.79,23.68,7.89,https://youtu.be/_eyf0tCZzBY?t=16s,gather_materials,prep,1,0.5,Tins and ingredients arranged on the dark surface.,wx eee OV ee bs Noe VS,1,0.333,0.236,0.254,0.655,0.204,"#e3ddd5,#bea683,#6a6031",1,,
_eyf0tCZzBY,https://www.youtube.com/watch?v=_eyf0tCZzBY,Non-toxic DIY Candles with Beeswax & Coconut Oil | Great for Meditation and Manifesting Practices,150.0,storyboard,3,23.68,31.58,7.9,https://youtu.be/_eyf0tCZzBY?t=24s,melt_wax,process,1,0.6,Overhead double-boiler pot with beeswax beginning to melt.,1 wee ablsy,1,0.0,0.32,0.152,0.648,0.184,"#c9a47e,#5a412d,#ebe3db",1,,
_eyf0tCZzBY,https://www.youtube.com/watch?v=_eyf0tCZzBY,Non-toxic DIY Candles with Beeswax & Coconut Oil | Great for Meditation and Manifesting Practices,150.0,storyboard,4,31.58,39.47,7.89,https://youtu.be/_eyf0tCZzBY?t=32s,melt_wax,process,1,0.55,Coconut oil measured/added into the melting pot.,RL Te,0,0.0,0.304,0.136,0.674,0.18,"#ede1d6,#c0a17c,#604b34",1,,
_eyf0tCZzBY,https://www.youtube.com/watch?v=_eyf0tCZzBY,Non-toxic DIY Candles with Beeswax & Coconut Oil | Great for Meditation and Manifesting Practices,150.0,storyboard,5,39.47,47.37,7.9,https://youtu.be/_eyf0tCZzBY?t=39s,melt_wax,process,1,0.6,"The wax-and-oil blend melts in the pot, stirred.",Ci,0,0.0,0.203,0.238,0.627,0.143,"#e8e2da,#584c2c,#9b9972",1,,
_eyf0tCZzBY,https://www.youtube.com/watch?v=_eyf0tCZzBY,Non-toxic DIY Candles with Beeswax & Coconut Oil | Great for Meditation and Manifesting Practices,150.0,storyboard,6,47.37,55.26,7.89,https://youtu.be/_eyf0tCZzBY?t=47s,melt_wax,process,1,0.55,Essential oil (green bottle) stirred into the melted base.,1 Wz NV 7 SS,1,0.0,0.228,0.224,0.626,0.171,"#e9e2da,#a19668,#5c442c",1,,
_eyf0tCZzBY,https://www.youtube.com/watch?v=_eyf0tCZzBY,Non-toxic DIY Candles with Beeswax & Coconut Oil | Great for Meditation and Manifesting Practices,150.0,storyboard,7,55.26,63.16,7.9,https://youtu.be/_eyf0tCZzBY?t=55s,melt_wax,process,1,0.5,More blending of the molten wax/oil in the pot.,al ie Sf Za,1,0.0,0.315,0.139,0.625,0.208,"#eae4c9,#594c2b,#afa569",1,,
_eyf0tCZzBY,https://www.youtube.com/watch?v=_eyf0tCZzBY,Non-toxic DIY Candles with Beeswax & Coconut Oil | Great for Meditation and Manifesting Practices,150.0,storyboard,8,63.16,71.05,7.89,https://youtu.be/_eyf0tCZzBY?t=63s,melt_wax,process,1,0.5,Stirring the pot to fully combine.,Lo SER,0,0.0,0.318,0.191,0.638,0.203,"#e9e1d8,#b79f82,#5f5c30",1,,
_eyf0tCZzBY,https://www.youtube.com/watch?v=_eyf0tCZzBY,Non-toxic DIY Candles with Beeswax & Coconut Oil | Great for Meditation and Manifesting Practices,150.0,storyboard,9,71.05,78.95,7.9,https://youtu.be/_eyf0tCZzBY?t=71s,pour_wax,assemble,1,0.6,Molten wax poured into the metal tins.,Me,0,0.0,0.153,0.203,0.542,0.178,"#d4bfb6,#302925,#9a7869",1,,
_eyf0tCZzBY,https://www.youtube.com/watch?v=_eyf0tCZzBY,Non-toxic DIY Candles with Beeswax & Coconut Oil | Great for Meditation and Manifesting Practices,150.0,storyboard,10,78.95,86.84,7.89,https://youtu.be/_eyf0tCZzBY?t=79s,pour_wax,assemble,1,0.6,Tins filled with wax around their wicks.,Te 5,0,0.333,0.102,0.177,0.555,0.148,"#dacfc5,#302a25,#9e907c",1,,
_eyf0tCZzBY,https://www.youtube.com/watch?v=_eyf0tCZzBY,Non-toxic DIY Candles with Beeswax & Coconut Oil | Great for Meditation and Manifesting Practices,150.0,storyboard,12,94.74,102.63,7.89,https://youtu.be/_eyf0tCZzBY?t=95s,set_wick,assemble,1,0.5,Hands adjust the wicks as the tins set.,ew ad ee: Oe ei,1,0.0,0.219,0.101,0.61,0.232,"#b39767,#ece1d8,#6a472b",1,,
_eyf0tCZzBY,https://www.youtube.com/watch?v=_eyf0tCZzBY,Non-toxic DIY Candles with Beeswax & Coconut Oil | Great for Meditation and Manifesting Practices,150.0,storyboard,13,102.63,110.53,7.9,https://youtu.be/_eyf0tCZzBY?t=103s,cure_cool,assemble,1,0.5,Filled tins left to set amid the floral decor.,"O2e Ps 2 wv, ij Irs.",1,0.0,0.185,0.291,0.556,0.14,"#d2cbc5,#9f917e,#603c38",1,,
_eyf0tCZzBY,https://www.youtube.com/watch?v=_eyf0tCZzBY,Non-toxic DIY Candles with Beeswax & Coconut Oil | Great for Meditation and Manifesting Practices,150.0,storyboard,14,110.53,118.42,7.89,https://youtu.be/_eyf0tCZzBY?t=111s,reveal_result,finish,1,0.6,Finished tins shown lit in the styled flat-lay.,me se,0,0.0,0.039,0.121,0.269,0.141,"#281f16,#6c4328,#c27b44",1,,
_eyf0tCZzBY,https://www.youtube.com/watch?v=_eyf0tCZzBY,Non-toxic DIY Candles with Beeswax & Coconut Oil | Great for Meditation and Manifesting Practices,150.0,storyboard,15,118.42,126.32,7.9,https://youtu.be/_eyf0tCZzBY?t=118s,reveal_result,finish,1,0.6,Beauty shot of the lit beeswax-coconut candles.,Bi se,0,0.0,0.029,0.0,0.202,0.168,"#291f15,#6c4227,#b3713e",1,,
_eyf0tCZzBY,https://www.youtube.com/watch?v=_eyf0tCZzBY,Non-toxic DIY Candles with Beeswax & Coconut Oil | Great for Meditation and Manifesting Practices,150.0,storyboard,18,142.11,150.0,7.89,https://youtu.be/_eyf0tCZzBY?t=142s,reveal_result,finish,1,0.45,Final lit-candle shot.,Bi se,0,0.0,0.029,0.0,0.202,0.168,"#291f15,#704427,#ba7742",1,,
a9IOU3fbWx0,https://www.youtube.com/watch?v=a9IOU3fbWx0,How to Make Simple Paraffin Candles | Candle Making Guides | CandleScience,221.0,storyboard,2,15.79,23.68,7.89,https://youtu.be/a9IOU3fbWx0?t=16s,measure_wax,prep,1,0.55,Overhead scale weighing wax; a green dye drop shown.,,0,0.0,0.014,0.31,0.568,0.042,"#d1d2d3,#abafb3,#6d7270",1,,
a9IOU3fbWx0,https://www.youtube.com/watch?v=a9IOU3fbWx0,How to Make Simple Paraffin Candles | Candle Making Guides | CandleScience,221.0,storyboard,3,23.68,31.57,7.89,https://youtu.be/a9IOU3fbWx0?t=24s,add_dye_color,process,1,0.5,Green dye drops into white wax pellets.,,0,0.333,0.004,0.087,0.742,0.048,"#abb1b5,#d1d5d8,#787c79",1,,
a9IOU3fbWx0,https://www.youtube.com/watch?v=a9IOU3fbWx0,How to Make Simple Paraffin Candles | Candle Making Guides | CandleScience,221.0,storyboard,5,39.46,47.36,7.9,https://youtu.be/a9IOU3fbWx0?t=39s,gather_materials,prep,1,0.55,Row of black fragrance bottles shown.,de ao. SS Te,1,0.0,0.014,0.164,0.569,0.022,"#a7a7a6,#8e8f8f,#767570",1,,
a9IOU3fbWx0,https://www.youtube.com/watch?v=a9IOU3fbWx0,How to Make Simple Paraffin Candles | Candle Making Guides | CandleScience,221.0,storyboard,6,47.36,55.25,7.89,https://youtu.be/a9IOU3fbWx0?t=47s,measure_wax,prep,1,0.5,White wax pellets in containers.,le,0,0.0,0.014,0.16,0.589,0.06,"#b2b2b2,#848c7c,#4b514c",1,,
a9IOU3fbWx0,https://www.youtube.com/watch?v=a9IOU3fbWx0,How to Make Simple Paraffin Candles | Candle Making Guides | CandleScience,221.0,storyboard,7,55.25,63.14,7.89,https://youtu.be/a9IOU3fbWx0?t=55s,measure_wax,prep,1,0.5,Wax pellets and jars on the bench.,1 lies,0,0.0,0.069,0.32,0.447,0.023,"#a9b0b3,#585e62,#14181a",1,,
a9IOU3fbWx0,https://www.youtube.com/watch?v=a9IOU3fbWx0,How to Make Simple Paraffin Candles | Candle Making Guides | CandleScience,221.0,storyboard,8,63.14,71.04,7.9,https://youtu.be/a9IOU3fbWx0?t=63s,measure_wax,prep,1,0.55,Wax pellets poured into a metal pot.,,0,0.0,0.039,0.188,0.591,0.029,"#b1b4b9,#6a7178,#242a2f",1,,
a9IOU3fbWx0,https://www.youtube.com/watch?v=a9IOU3fbWx0,How to Make Simple Paraffin Candles | Candle Making Guides | CandleScience,221.0,storyboard,9,71.04,78.93,7.89,https://youtu.be/a9IOU3fbWx0?t=71s,melt_wax,process,1,0.6,The pot of wax melts on a hot plate.,ims 4,0,0.0,0.094,0.235,0.554,0.053,"#acabac,#807d70,#232225",1,,
a9IOU3fbWx0,https://www.youtube.com/watch?v=a9IOU3fbWx0,How to Make Simple Paraffin Candles | Candle Making Guides | CandleScience,221.0,storyboard,10,78.93,86.82,7.89,https://youtu.be/a9IOU3fbWx0?t=79s,melt_wax,process,1,0.55,'HOW TO' card; wax melting.,7 4 fe ee. 7 5,1,0.333,0.091,0.194,0.546,0.066,"#bdb9ba,#8d8684,#514034",1,,
a9IOU3fbWx0,https://www.youtube.com/watch?v=a9IOU3fbWx0,How to Make Simple Paraffin Candles | Candle Making Guides | CandleScience,221.0,storyboard,11,86.82,94.71,7.89,https://youtu.be/a9IOU3fbWx0?t=87s,monitor_temperature,process,1,0.5,A thermometer/stick is inserted into the melting pot.,Se,0,0.0,0.102,0.174,0.377,0.044,"#545760,#838792,#272b33",1,,
a9IOU3fbWx0,https://www.youtube.com/watch?v=a9IOU3fbWx0,How to Make Simple Paraffin Candles | Candle Making Guides | CandleScience,221.0,storyboard,12,94.71,102.61,7.9,https://youtu.be/a9IOU3fbWx0?t=95s,add_dye_color,process,1,0.5,Green colour mixed into the molten wax/jug.,ge,0,0.333,0.047,0.126,0.321,0.134,"#606b2f,#232918,#989d77",1,,
a9IOU3fbWx0,https://www.youtube.com/watch?v=a9IOU3fbWx0,How to Make Simple Paraffin Candles | Candle Making Guides | CandleScience,221.0,storyboard,14,110.5,118.39,7.89,https://youtu.be/a9IOU3fbWx0?t=110s,pour_wax,assemble,1,0.5,Green wax decanted into a metal pouring jug.,,0,0.0,0.076,0.185,0.495,0.042,"#787b7a,#393b3d,#b9bcbe",1,,
a9IOU3fbWx0,https://www.youtube.com/watch?v=a9IOU3fbWx0,How to Make Simple Paraffin Candles | Candle Making Guides | CandleScience,221.0,storyboard,15,118.39,126.29,7.9,https://youtu.be/a9IOU3fbWx0?t=118s,pour_wax,assemble,1,0.6,"Green wax in the jug, jar with wick ready.",4,0,0.0,0.076,0.195,0.363,0.055,"#393e39,#797d74,#c8cbc8",1,,
a9IOU3fbWx0,https://www.youtube.com/watch?v=a9IOU3fbWx0,How to Make Simple Paraffin Candles | Candle Making Guides | CandleScience,221.0,storyboard,16,126.29,134.18,7.89,https://youtu.be/a9IOU3fbWx0?t=126s,pour_wax,assemble,1,0.65,Green wax poured into the jar around the wick.,,0,0.0,0.066,0.217,0.485,0.041,"#4a484c,#777678,#9d9799",1,,
a9IOU3fbWx0,https://www.youtube.com/watch?v=a9IOU3fbWx0,How to Make Simple Paraffin Candles | Candle Making Guides | CandleScience,221.0,storyboard,17,134.18,142.07,7.89,https://youtu.be/a9IOU3fbWx0?t=134s,pour_wax,assemble,1,0.6,The jar fills with green wax.,one 4 ee hie aa oo,1,0.0,0.096,0.083,0.633,0.055,"#bdb7b8,#908b8c,#5e514a",1,,
a9IOU3fbWx0,https://www.youtube.com/watch?v=a9IOU3fbWx0,How to Make Simple Paraffin Candles | Candle Making Guides | CandleScience,221.0,storyboard,19,149.96,157.86,7.9,https://youtu.be/a9IOU3fbWx0?t=150s,set_wick,assemble,1,0.5,Hands centre the wick in the freshly poured green candle.,,0,0.0,0.064,0.27,0.619,0.08,"#cacbc8,#2e312b,#a0b27b",1,,
a9IOU3fbWx0,https://www.youtube.com/watch?v=a9IOU3fbWx0,How to Make Simple Paraffin Candles | Candle Making Guides | CandleScience,221.0,storyboard,20,157.86,165.75,7.89,https://youtu.be/a9IOU3fbWx0?t=158s,cure_cool,assemble,1,0.5,Green candle in the jar left to set.,,0,0.0,0.049,0.185,0.528,0.076,"#3e403b,#b2b2b2,#838a74",1,,
a9IOU3fbWx0,https://www.youtube.com/watch?v=a9IOU3fbWx0,How to Make Simple Paraffin Candles | Candle Making Guides | CandleScience,221.0,storyboard,22,173.64,181.54,7.9,https://youtu.be/a9IOU3fbWx0?t=174s,reveal_result,finish,1,0.6,Finished green paraffin candle in the jar.,6 Pe CS kk: Ee,1,0.0,0.106,0.03,0.629,0.063,"#beb9ba,#969090,#5d4b43",1,,
a9IOU3fbWx0,https://www.youtube.com/watch?v=a9IOU3fbWx0,How to Make Simple Paraffin Candles | Candle Making Guides | CandleScience,221.0,storyboard,23,181.54,189.43,7.89,https://youtu.be/a9IOU3fbWx0?t=182s,reveal_result,finish,1,0.6,Finished green candles shown.,Visit os ot candlescience.com vegparwe Cie Carte Mabaeg leaps eae Mati bade au tee WAS OEE,1,0.0,0.179,0.171,0.425,0.029,"#43474a,#8f9396,#cfd3d6",1,,
bE3cn6R9khs,https://www.youtube.com/watch?v=bE3cn6R9khs,HOW TO MAKE CANDLES THAT ACTUALLY SMELL GOOD,263.0,storyboard,1,7.97,15.94,7.97,https://youtu.be/bE3cn6R9khs?t=8s,measure_wax,prep,1,0.55,Hands hold white wax flakes beside a glass jar.,ve Pe,0,0.0,0.052,0.148,0.482,0.139,"#c08e7b,#6d442d,#e8e6e3",1,,
bE3cn6R9khs,https://www.youtube.com/watch?v=bE3cn6R9khs,HOW TO MAKE CANDLES THAT ACTUALLY SMELL GOOD,263.0,storyboard,2,15.94,23.91,7.97,https://youtu.be/bE3cn6R9khs?t=16s,prepare_container,prep,1,0.5,An empty glass jar is cleaned/prepared; a spoon nearby.,og,0,0.0,0.061,0.106,0.349,0.119,"#553620,#705b55,#ad847a",1,,
bE3cn6R9khs,https://www.youtube.com/watch?v=bE3cn6R9khs,HOW TO MAKE CANDLES THAT ACTUALLY SMELL GOOD,263.0,storyboard,3,23.91,31.88,7.97,https://youtu.be/bE3cn6R9khs?t=24s,prepare_container,prep,1,0.5,A spatula and a fragrance bottle laid out.,,0,0.0,0.023,0.179,0.366,0.1,"#452f2a,#826368,#d3def1",1,,
bE3cn6R9khs,https://www.youtube.com/watch?v=bE3cn6R9khs,HOW TO MAKE CANDLES THAT ACTUALLY SMELL GOOD,263.0,storyboard,4,31.88,39.85,7.97,https://youtu.be/bE3cn6R9khs?t=32s,prepare_container,prep,1,0.5,Chopsticks set up as a wick holder across the jar.,il,0,0.0,0.035,0.139,0.35,0.107,"#543e29,#92797b,#c4cdda",1,,
bE3cn6R9khs,https://www.youtube.com/watch?v=bE3cn6R9khs,HOW TO MAKE CANDLES THAT ACTUALLY SMELL GOOD,263.0,storyboard,5,39.85,47.82,7.97,https://youtu.be/bE3cn6R9khs?t=40s,prepare_container,prep,1,0.5,Hands position the wick with chopsticks.,7,0,0.0,0.04,0.058,0.288,0.096,"#593b26,#8c6a6c,#c8c2d2",1,,
bE3cn6R9khs,https://www.youtube.com/watch?v=bE3cn6R9khs,HOW TO MAKE CANDLES THAT ACTUALLY SMELL GOOD,263.0,storyboard,6,47.82,55.79,7.97,https://youtu.be/bE3cn6R9khs?t=48s,gather_materials,prep,1,0.4,A black spoon and black pan for the double boiler.,2,0,0.0,0.077,0.114,0.243,0.1,"#463830,#61637f,#c5cfea",1,,
bE3cn6R9khs,https://www.youtube.com/watch?v=bE3cn6R9khs,HOW TO MAKE CANDLES THAT ACTUALLY SMELL GOOD,263.0,storyboard,7,55.79,63.76,7.97,https://youtu.be/bE3cn6R9khs?t=56s,melt_wax,process,1,0.5,The black double-boiler pan set up to melt wax.,Ot,0,0.0,0.108,0.069,0.191,0.124,"#1f1f1f,#644b2e,#9f9c9b",1,,
bE3cn6R9khs,https://www.youtube.com/watch?v=bE3cn6R9khs,HOW TO MAKE CANDLES THAT ACTUALLY SMELL GOOD,263.0,storyboard,8,63.76,71.73,7.97,https://youtu.be/bE3cn6R9khs?t=64s,melt_wax,process,1,0.6,White wax melting in the black pot over water.,,0,0.0,0.194,0.114,0.264,0.125,"#604330,#171516,#989998",1,,
bE3cn6R9khs,https://www.youtube.com/watch?v=bE3cn6R9khs,HOW TO MAKE CANDLES THAT ACTUALLY SMELL GOOD,263.0,storyboard,9,71.73,79.7,7.97,https://youtu.be/bE3cn6R9khs?t=72s,melt_wax,process,1,0.6,Stirring the melting wax.,2,0,0.0,0.095,0.07,0.305,0.131,"#6c4e3e,#291f1b,#bcb1ad",1,,
bE3cn6R9khs,https://www.youtube.com/watch?v=bE3cn6R9khs,HOW TO MAKE CANDLES THAT ACTUALLY SMELL GOOD,263.0,storyboard,10,79.7,87.67,7.97,https://youtu.be/bE3cn6R9khs?t=80s,melt_wax,process,1,0.6,Wax melting in the black pot.,,0,0.0,0.04,0.102,0.356,0.141,"#674937,#94776c,#1f1919",1,,
bE3cn6R9khs,https://www.youtube.com/watch?v=bE3cn6R9khs,HOW TO MAKE CANDLES THAT ACTUALLY SMELL GOOD,263.0,storyboard,11,87.67,95.64,7.97,https://youtu.be/bE3cn6R9khs?t=88s,melt_wax,process,1,0.55,Continued stirring of the molten wax.,Ta ot,0,0.0,0.061,0.12,0.378,0.131,"#715f59,#543f2c,#9b8276",1,,
bE3cn6R9khs,https://www.youtube.com/watch?v=bE3cn6R9khs,HOW TO MAKE CANDLES THAT ACTUALLY SMELL GOOD,263.0,storyboard,12,95.64,103.61,7.97,https://youtu.be/bE3cn6R9khs?t=96s,pour_wax,assemble,1,0.5,Glass with chopstick wick; wax poured in.,"Fr pe hy, Aa ee",1,0.0,0.116,0.081,0.356,0.143,"#71503f,#422b21,#a18b7d",1,,
bE3cn6R9khs,https://www.youtube.com/watch?v=bE3cn6R9khs,HOW TO MAKE CANDLES THAT ACTUALLY SMELL GOOD,263.0,storyboard,13,103.61,111.58,7.97,https://youtu.be/bE3cn6R9khs?t=104s,pour_wax,assemble,1,0.5,Pouring from the black pot into the glass.,ra Ne aN 4 34,1,0.0,0.134,0.071,0.249,0.137,"#63412f,#110e10,#a09c9b",1,,
bE3cn6R9khs,https://www.youtube.com/watch?v=bE3cn6R9khs,HOW TO MAKE CANDLES THAT ACTUALLY SMELL GOOD,263.0,storyboard,14,111.58,119.55,7.97,https://youtu.be/bE3cn6R9khs?t=112s,cure_cool,assemble,1,0.4,Filled glass in the black pan setting.,yY WV 1,0,0.0,0.211,0.036,0.205,0.114,"#634d36,#101114,#9b9b9d",1,,
bE3cn6R9khs,https://www.youtube.com/watch?v=bE3cn6R9khs,HOW TO MAKE CANDLES THAT ACTUALLY SMELL GOOD,263.0,storyboard,15,119.55,127.52,7.97,https://youtu.be/bE3cn6R9khs?t=120s,add_fragrance,process,1,0.5,Olive/yellow wax in the pot — essential oil/fragrance added.,se iS,0,0.0,0.289,0.026,0.208,0.111,"#634c34,#111216,#918f91",1,,
bE3cn6R9khs,https://www.youtube.com/watch?v=bE3cn6R9khs,HOW TO MAKE CANDLES THAT ACTUALLY SMELL GOOD,263.0,storyboard,16,127.52,135.48,7.96,https://youtu.be/bE3cn6R9khs?t=128s,add_fragrance,process,1,0.5,Scented wax melting in the black pot.,7 4 ha,0,0.0,0.172,0.081,0.284,0.095,"#7a6755,#675545,#151827",1,,
bE3cn6R9khs,https://www.youtube.com/watch?v=bE3cn6R9khs,HOW TO MAKE CANDLES THAT ACTUALLY SMELL GOOD,263.0,storyboard,17,135.48,143.45,7.97,https://youtu.be/bE3cn6R9khs?t=135s,add_fragrance,process,1,0.5,Chopsticks stir the fragrance into the wax.,on,0,0.0,0.155,0.162,0.174,0.06,"#0a0a0b,#64564d,#c7c0ba",1,,
bE3cn6R9khs,https://www.youtube.com/watch?v=bE3cn6R9khs,HOW TO MAKE CANDLES THAT ACTUALLY SMELL GOOD,263.0,storyboard,18,143.45,151.42,7.97,https://youtu.be/bE3cn6R9khs?t=143s,pour_wax,assemble,1,0.45,Black pan and glass; readying to pour.,2 eh ee rr,1,0.0,0.032,0.047,0.311,0.083,"#716352,#55483c,#13141c",1,,
bE3cn6R9khs,https://www.youtube.com/watch?v=bE3cn6R9khs,HOW TO MAKE CANDLES THAT ACTUALLY SMELL GOOD,263.0,storyboard,19,151.42,159.39,7.97,https://youtu.be/bE3cn6R9khs?t=151s,melt_wax,process,1,0.5,Molten wax in the black pot.,7,0,0.0,0.029,0.031,0.328,0.093,"#685841,#7e6e5a,#12141c",1,,
bE3cn6R9khs,https://www.youtube.com/watch?v=bE3cn6R9khs,HOW TO MAKE CANDLES THAT ACTUALLY SMELL GOOD,263.0,storyboard,20,159.39,167.36,7.97,https://youtu.be/bE3cn6R9khs?t=159s,add_fragrance,process,1,0.5,Stirring the scented wax in the pot.,,0,0.0,0.003,0.033,0.339,0.099,"#675740,#7d6e57,#141620",1,,
bE3cn6R9khs,https://www.youtube.com/watch?v=bE3cn6R9khs,HOW TO MAKE CANDLES THAT ACTUALLY SMELL GOOD,263.0,storyboard,21,167.36,175.33,7.97,https://youtu.be/bE3cn6R9khs?t=167s,pour_wax,assemble,1,0.6,Hands pour wax into the glass.,eo,0,0.0,0.032,0.036,0.325,0.11,"#69583c,#807054,#101117",1,,
bE3cn6R9khs,https://www.youtube.com/watch?v=bE3cn6R9khs,HOW TO MAKE CANDLES THAT ACTUALLY SMELL GOOD,263.0,storyboard,22,175.33,183.3,7.97,https://youtu.be/bE3cn6R9khs?t=175s,pour_wax,assemble,1,0.55,Glass filling with wax in the black pan.,,0,0.0,0.043,0.016,0.319,0.11,"#7b6949,#665439,#151a21",1,,
bE3cn6R9khs,https://www.youtube.com/watch?v=bE3cn6R9khs,HOW TO MAKE CANDLES THAT ACTUALLY SMELL GOOD,263.0,storyboard,23,183.3,191.27,7.97,https://youtu.be/bE3cn6R9khs?t=183s,pour_wax,assemble,1,0.55,Stirring/pouring the wax into the jar.,7.,0,0.333,0.096,0.008,0.325,0.089,"#786851,#625442,#141925",1,,
bE3cn6R9khs,https://www.youtube.com/watch?v=bE3cn6R9khs,HOW TO MAKE CANDLES THAT ACTUALLY SMELL GOOD,263.0,storyboard,24,191.27,199.24,7.97,https://youtu.be/bE3cn6R9khs?t=191s,pour_wax,assemble,1,0.6,Two glasses with chopstick wicks filled with yellow wax.,,0,0.0,0.014,0.045,0.606,0.084,"#bbbac2,#908e81,#0d0a08",1,,
bE3cn6R9khs,https://www.youtube.com/watch?v=bE3cn6R9khs,HOW TO MAKE CANDLES THAT ACTUALLY SMELL GOOD,263.0,storyboard,25,199.24,207.21,7.97,https://youtu.be/bE3cn6R9khs?t=199s,pour_wax,assemble,1,0.55,"Yellow-wax candles in glasses, chopstick wicks centred.",,0,0.0,0.033,0.063,0.583,0.124,"#b5b4bb,#847b4b,#110e08",1,,
bE3cn6R9khs,https://www.youtube.com/watch?v=bE3cn6R9khs,HOW TO MAKE CANDLES THAT ACTUALLY SMELL GOOD,263.0,storyboard,26,207.21,215.18,7.97,https://youtu.be/bE3cn6R9khs?t=207s,cure_cool,assemble,1,0.5,Yellow candle in the glass left to set.,ee,0,0.0,0.017,0.161,0.609,0.113,"#bcbcc7,#989184,#7c6b2b",1,,
bE3cn6R9khs,https://www.youtube.com/watch?v=bE3cn6R9khs,HOW TO MAKE CANDLES THAT ACTUALLY SMELL GOOD,263.0,storyboard,27,215.18,223.15,7.97,https://youtu.be/bE3cn6R9khs?t=215s,set_wick,assemble,1,0.45,"Hands at a finished white candle, lighting/adjusting the wick.",,0,0.0,0.031,0.108,0.612,0.069,"#cecccf,#8e858c,#382622",1,,
bE3cn6R9khs,https://www.youtube.com/watch?v=bE3cn6R9khs,HOW TO MAKE CANDLES THAT ACTUALLY SMELL GOOD,263.0,storyboard,28,223.15,231.12,7.97,https://youtu.be/bE3cn6R9khs?t=223s,reveal_result,finish,1,0.6,The finished candle is lit.,THANK YOU FOR WATCHING Zz whew,1,0.0,0.086,0.156,0.644,0.095,"#8b9db1,#eff2f3,#503a39",1,,
bEhlvggbwk8,https://www.youtube.com/watch?v=bEhlvggbwk8,Wick Candle Maker by We R Memory Keepers,82.0,storyboard,0,0.0,8.2,8.2,https://youtu.be/bEhlvggbwk8?t=0s,gather_materials,prep,1,0.5,White We R Memory Keepers 'Wick' candle machine with a teal wax ball and blue dye.,et,0,0.0,0.047,0.221,0.783,0.11,"#d5d6d7,#b39f95,#8a6b62",1,,description references on-screen text but OCR found none
bEhlvggbwk8,https://www.youtube.com/watch?v=bEhlvggbwk8,Wick Candle Maker by We R Memory Keepers,82.0,storyboard,1,8.2,16.4,8.2,https://youtu.be/bEhlvggbwk8?t=8s,add_dye_color,process,1,0.5,Overhead white dish; blue dye drops are stirred in.,eX,0,0.0,0.013,0.202,0.805,0.103,"#f7fafc,#dfdbe1,#b0817f",1,,
bEhlvggbwk8,https://www.youtube.com/watch?v=bEhlvggbwk8,Wick Candle Maker by We R Memory Keepers,82.0,storyboard,2,16.4,24.6,8.2,https://youtu.be/bEhlvggbwk8?t=16s,melt_wax,process,1,0.5,Hands work the machine arm; a metal tool stirs wax in a cup.,,0,0.0,0.035,0.213,0.83,0.102,"#f8fdfe,#dde1e6,#aa8281",1,,
bEhlvggbwk8,https://www.youtube.com/watch?v=bEhlvggbwk8,Wick Candle Maker by We R Memory Keepers,82.0,storyboard,3,24.6,32.8,8.2,https://youtu.be/bEhlvggbwk8?t=25s,prepare_container,prep,1,0.55,A wick is threaded through a holder; scissors and small jars nearby.,wl,0,0.0,0.047,0.128,0.864,0.09,"#f2f7f7,#b6cccf,#aa817a",1,,
bEhlvggbwk8,https://www.youtube.com/watch?v=bEhlvggbwk8,Wick Candle Maker by We R Memory Keepers,82.0,storyboard,4,32.8,41.0,8.2,https://youtu.be/bEhlvggbwk8?t=33s,prepare_container,prep,1,0.5,A glass jar is readied with a wick; blue dye packets alongside.,tag ow Ss,1,0.0,0.05,0.208,0.784,0.085,"#f1f6f7,#cbd6d7,#9c817e",1,,
bEhlvggbwk8,https://www.youtube.com/watch?v=bEhlvggbwk8,Wick Candle Maker by We R Memory Keepers,82.0,storyboard,5,41.0,49.2,8.2,https://youtu.be/bEhlvggbwk8?t=41s,pour_wax,assemble,1,0.55,The 'Wick' machine dispenses teal wax into a jar beneath it.,7 ey,0,0.0,0.056,0.102,0.726,0.093,"#dddee0,#afb5b1,#8f7a71",1,,description references on-screen text but OCR found none
bEhlvggbwk8,https://www.youtube.com/watch?v=bEhlvggbwk8,Wick Candle Maker by We R Memory Keepers,82.0,storyboard,6,49.2,57.4,8.2,https://youtu.be/bEhlvggbwk8?t=49s,set_wick,assemble,1,0.5,Hands at the machine; a teal layered candle in a cup; scissors.,ei,0,0.0,0.036,0.122,0.793,0.093,"#e3e5ea,#ab8479,#b0b4ba",1,,
bEhlvggbwk8,https://www.youtube.com/watch?v=bEhlvggbwk8,Wick Candle Maker by We R Memory Keepers,82.0,storyboard,7,57.4,65.6,8.2,https://youtu.be/bEhlvggbwk8?t=57s,trim_wick,finish,1,0.5,A teal candle cup is held and the wooden/cotton wick trimmed with scissors.,,0,0.0,0.016,0.173,0.864,0.07,"#dddee2,#877370,#abbabd",1,,
bEt6-L6-q3M,https://www.youtube.com/watch?v=bEt6-L6-q3M,How to make soy wax candles with essential oils,391.0,storyboard,32,255.35,263.33,7.98,https://youtu.be/bEt6-L6-q3M?t=255s,melt_wax,process,1,0.5,Overhead: a metal pot of melting wax with autumn leaf decor.,"4 oy 48 fe SBA ry CNS aie ee ae ee Bide Aa tha wic Se oP ad Nagy ay pre ete tb Sn ee ee hi ros dee die eh. me aa Ah wien os nO Aas, ae Oy ESE its Sige Bo RE oP 4 5 PS, 5 no gy ea ty ee, Site ae ae Fet",1,0.0,0.044,0.056,0.451,0.087,"#776f68,#51382c,#a8a5a3",1,,
bEt6-L6-q3M,https://www.youtube.com/watch?v=bEt6-L6-q3M,How to make soy wax candles with essential oils,391.0,storyboard,34,271.31,279.29,7.98,https://youtu.be/bEt6-L6-q3M?t=271s,pour_wax,assemble,1,0.55,Melted wax poured into a mason jar.,"om %Ss SS nei xin,",1,0.0,0.052,0.298,0.372,0.092,"#100c0b,#9d9086,#624b41",1,,
bEt6-L6-q3M,https://www.youtube.com/watch?v=bEt6-L6-q3M,How to make soy wax candles with essential oils,391.0,storyboard,35,279.29,287.27,7.98,https://youtu.be/bEt6-L6-q3M?t=279s,pour_wax,assemble,1,0.55,Host talks to camera.,ia 5 os aie aN Se eaitow the wax to cool to 75 degrees Celsius sree 167 degrees Fahrenheit te SE eee oS ny,1,0.0,0.067,0.31,0.371,0.112,"#aba7a6,#755e52,#473225",1,,
bEt6-L6-q3M,https://www.youtube.com/watch?v=bEt6-L6-q3M,How to make soy wax candles with essential oils,391.0,storyboard,37,295.24,303.22,7.98,https://youtu.be/bEt6-L6-q3M?t=295s,pour_wax,assemble,1,0.5,Mason jar filled with wax.,4 ae ay 4 eo oy 7 4 ye. ay 7 Fe Se Py 7 wes 7 aa Sg Lye? ae rs pres Rg RS ue 7.328 ie 0 ee ts,1,0.0,0.041,0.077,0.37,0.078,"#3b2c23,#776e68,#a7a5a5",1,,
bEt6-L6-q3M,https://www.youtube.com/watch?v=bEt6-L6-q3M,How to make soy wax candles with essential oils,391.0,storyboard,43,343.12,351.1,7.98,https://youtu.be/bEt6-L6-q3M?t=343s,reveal_result,finish,1,0.5,Finished candle with the host.,,0,0.0,0.013,0.094,0.584,0.13,"#b4b3b7,#9c7f69,#684b36",1,,
bOutp9y0oxE,https://www.youtube.com/watch?v=bOutp9y0oxE,Tealight Candle Making At Home 😱/ Tea Light Candles Holder / diwali decoration Idea 2025/DIY Candle🥰,83.0,storyboard,0,0.0,8.3,8.3,https://youtu.be/bOutp9y0oxE?t=0s,gather_materials,prep,1,0.5,A metal tin holds white wax/old-candle pieces on a table; hands begin to handle them (SUBSCRIBE overlay present).,Anisharaftslocas ee UseitOld Candle co,1,0.333,0.041,0.169,0.776,0.116,"#e8eced,#b4a7a0,#764c3e",1,,
bOutp9y0oxE,https://www.youtube.com/watch?v=bOutp9y0oxE,Tealight Candle Making At Home 😱/ Tea Light Candles Holder / diwali decoration Idea 2025/DIY Candle🥰,83.0,storyboard,1,8.3,16.6,8.3,https://youtu.be/bOutp9y0oxE?t=8s,measure_wax,prep,1,0.5,"White wax chunks in the tin are arranged with a tool, prepping the wax to melt.",Anishacraftstocas SUBSCRIBE 5 4 4 os,1,0.0,0.079,0.086,0.814,0.114,"#ecf1f4,#c4a795,#775b4f",1,,
bOutp9y0oxE,https://www.youtube.com/watch?v=bOutp9y0oxE,Tealight Candle Making At Home 😱/ Tea Light Candles Holder / diwali decoration Idea 2025/DIY Candle🥰,83.0,storyboard,2,16.6,24.9,8.3,https://youtu.be/bOutp9y0oxE?t=17s,melt_wax,process,1,0.55,The wax has melted to a pink liquid in the tin (colourant already added); caption 'Use to Paper Cup'.,Aubin Gatien NG,1,0.0,0.08,0.223,0.773,0.158,"#eef0f2,#c1a296,#7d383f",1,,
bOutp9y0oxE,https://www.youtube.com/watch?v=bOutp9y0oxE,Tealight Candle Making At Home 😱/ Tea Light Candles Holder / diwali decoration Idea 2025/DIY Candle🥰,83.0,storyboard,3,24.9,33.2,8.3,https://youtu.be/bOutp9y0oxE?t=25s,add_dye_color,process,1,0.45,Pink molten wax with a dropper; a paper cup mould is readied beside it.,Anishairaftslocas GicN,1,0.0,0.079,0.237,0.734,0.194,"#f5f2f4,#c9aea5,#945c54",1,,
bOutp9y0oxE,https://www.youtube.com/watch?v=bOutp9y0oxE,Tealight Candle Making At Home 😱/ Tea Light Candles Holder / diwali decoration Idea 2025/DIY Candle🥰,83.0,storyboard,4,33.2,41.5,8.3,https://youtu.be/bOutp9y0oxE?t=33s,pour_wax,assemble,1,0.65,The pink molten wax is poured from the tin into a small paper cup mould.,"ariintaiihen dim, oP 4",1,0.0,0.05,0.217,0.771,0.183,"#f5f5f7,#c9aeae,#845457",1,,
bOutp9y0oxE,https://www.youtube.com/watch?v=bOutp9y0oxE,Tealight Candle Making At Home 😱/ Tea Light Candles Holder / diwali decoration Idea 2025/DIY Candle🥰,83.0,storyboard,5,41.5,49.8,8.3,https://youtu.be/bOutp9y0oxE?t=42s,set_wick,assemble,1,0.55,A white wick is inserted into the centre of the pink-filled cup; scissors nearby.,Anishatraftsiocas 'SUBSCK.,1,0.0,0.032,0.127,0.739,0.212,"#efeaef,#bd887d,#844137",1,,
bOutp9y0oxE,https://www.youtube.com/watch?v=bOutp9y0oxE,Tealight Candle Making At Home 😱/ Tea Light Candles Holder / diwali decoration Idea 2025/DIY Candle🥰,83.0,storyboard,6,49.8,58.1,8.3,https://youtu.be/bOutp9y0oxE?t=50s,decorate_finish,finish,1,0.5,Hands hold the set candle and begin peeling the paper cup away from the moulded pink wax.,Anishatraftstocas SUBSCRIBE ath 7,1,0.0,0.036,0.103,0.712,0.228,"#f1e9f2,#c98182,#853c37",1,,
bOutp9y0oxE,https://www.youtube.com/watch?v=bOutp9y0oxE,Tealight Candle Making At Home 😱/ Tea Light Candles Holder / diwali decoration Idea 2025/DIY Candle🥰,83.0,storyboard,7,58.1,66.4,8.3,https://youtu.be/bOutp9y0oxE?t=58s,decorate_finish,finish,1,0.55,"The paper cup is peeled off and trimmed with scissors, unmoulding the pink candle.",FAnishariraftslocast bX suascriBe,1,0.0,0.034,0.217,0.728,0.207,"#e7e5ec,#904b48,#ce91a3",1,,
bOutp9y0oxE,https://www.youtube.com/watch?v=bOutp9y0oxE,Tealight Candle Making At Home 😱/ Tea Light Candles Holder / diwali decoration Idea 2025/DIY Candle🥰,83.0,storyboard,8,66.4,74.7,8.3,https://youtu.be/bOutp9y0oxE?t=66s,reveal_result,finish,1,0.6,A hand holds up the demoulded pink moulded candle.,Anishacrafislocas,1,0.0,0.039,0.169,0.737,0.259,"#ecebf1,#c77182,#813832",1,,
bOutp9y0oxE,https://www.youtube.com/watch?v=bOutp9y0oxE,Tealight Candle Making At Home 😱/ Tea Light Candles Holder / diwali decoration Idea 2025/DIY Candle🥰,83.0,storyboard,9,74.7,83.0,8.3,https://youtu.be/bOutp9y0oxE?t=75s,reveal_result,finish,1,0.65,Final shot of the finished pink tealight-style candle held to camera.,Anispalcraftslocas,1,0.0,0.034,0.121,0.766,0.195,"#e9e8ef,#934348,#c29187",1,,
brxojqIpgH0,https://www.youtube.com/watch?v=brxojqIpgH0,How to Make Soy Tealight Candles | DIY Candle Making,171.0,storyboard,1,8.14,16.29,8.15,https://youtu.be/brxojqIpgH0?t=8s,gather_materials,prep,1,0.55,Host beside a tray of pink/red tealight cups.,art ae 7 ah wig ers er 7 2 ee ee,1,0.0,0.065,0.24,0.615,0.103,"#c1738d,#c9bab9,#a23d5a",1,,
brxojqIpgH0,https://www.youtube.com/watch?v=brxojqIpgH0,How to Make Soy Tealight Candles | DIY Candle Making,171.0,storyboard,2,16.29,24.43,8.14,https://youtu.be/brxojqIpgH0?t=16s,gather_materials,prep,1,0.6,"Materials list caption: soy wax, tealight cups, wicks, wick stickers, fragrance, candle dye.",soy wax tealight cups wieks wick stickers fragrance an candiedye 4,1,0.0,0.111,0.038,0.801,0.028,"#d4d5d5,#b4b4b6,#38393c",1,,
brxojqIpgH0,https://www.youtube.com/watch?v=brxojqIpgH0,How to Make Soy Tealight Candles | DIY Candle Making,171.0,storyboard,3,24.43,32.57,8.14,https://youtu.be/brxojqIpgH0?t=24s,gather_materials,prep,1,0.5,Host presents the supplies list to camera.,soy wax tealight cups 2Wicks wiek stickers fragrance candle dye,1,0.0,0.111,0.04,0.805,0.021,"#d4d3d4,#aba09d,#4f4242",1,,
brxojqIpgH0,https://www.youtube.com/watch?v=brxojqIpgH0,How to Make Soy Tealight Candles | DIY Candle Making,171.0,storyboard,4,32.57,40.71,8.14,https://youtu.be/brxojqIpgH0?t=33s,gather_materials,prep,1,0.5,Supplies list with candle dye highlighted.,candle dye,1,0.0,0.109,0.022,0.809,0.02,"#d6d6d6,#b6b5b6,#424141",1,,
brxojqIpgH0,https://www.youtube.com/watch?v=brxojqIpgH0,How to Make Soy Tealight Candles | DIY Candle Making,171.0,storyboard,5,40.71,48.86,8.15,https://youtu.be/brxojqIpgH0?t=41s,melt_wax,process,1,0.6,Soy wax melting in a black pot on an induction hob.,YY,0,0.0,0.016,0.046,0.647,0.04,"#cdcdce,#32373a,#939696",1,,
brxojqIpgH0,https://www.youtube.com/watch?v=brxojqIpgH0,How to Make Soy Tealight Candles | DIY Candle Making,171.0,storyboard,6,48.86,57.0,8.14,https://youtu.be/brxojqIpgH0?t=49s,melt_wax,process,1,0.6,The wax continues melting in the black pot.,er se oz,1,0.0,0.022,0.198,0.691,0.061,"#d7d7d7,#bdb8b7,#725f59",1,,
brxojqIpgH0,https://www.youtube.com/watch?v=brxojqIpgH0,How to Make Soy Tealight Candles | DIY Candle Making,171.0,storyboard,7,57.0,65.14,8.14,https://youtu.be/brxojqIpgH0?t=57s,melt_wax,process,1,0.55,Wick stickers/wicks placed into the grid of empty tealight cups.,ee 2 Qe Nov exe eras eet asiT,1,0.333,0.026,0.218,0.686,0.052,"#d5d6d6,#bfbebf,#828181",1,,
brxojqIpgH0,https://www.youtube.com/watch?v=brxojqIpgH0,How to Make Soy Tealight Candles | DIY Candle Making,171.0,storyboard,8,65.14,73.29,8.15,https://youtu.be/brxojqIpgH0?t=65s,melt_wax,process,1,0.55,"Pot on the induction hob; wax melting, host intercut.",ss 7 ae,0,0.333,0.02,0.222,0.646,0.056,"#d3d3d3,#abaaaa,#6b6864",1,,
brxojqIpgH0,https://www.youtube.com/watch?v=brxojqIpgH0,How to Make Soy Tealight Candles | DIY Candle Making,171.0,storyboard,9,73.29,81.43,8.14,https://youtu.be/brxojqIpgH0?t=73s,melt_wax,process,1,0.55,Melted wax in the black pot.,3,0,0.0,0.081,0.051,0.634,0.061,"#c6c5c6,#8e887b,#262727",1,,
brxojqIpgH0,https://www.youtube.com/watch?v=brxojqIpgH0,How to Make Soy Tealight Candles | DIY Candle Making,171.0,storyboard,10,81.43,89.57,8.14,https://youtu.be/brxojqIpgH0?t=81s,add_fragrance,process,1,0.45,Fragrance/dye stirred into the molten (yellow) wax before pouring.,La,0,0.0,0.072,0.036,0.609,0.071,"#cbcbcb,#9c8f89,#272020",1,,
brxojqIpgH0,https://www.youtube.com/watch?v=brxojqIpgH0,How to Make Soy Tealight Candles | DIY Candle Making,171.0,storyboard,11,89.57,97.71,8.14,https://youtu.be/brxojqIpgH0?t=90s,pour_wax,assemble,1,0.6,Molten wax poured from the pot into a tealight cup.,,0,0.0,0.077,0.034,0.611,0.056,"#c7c7c7,#241f21,#928682",1,,
brxojqIpgH0,https://www.youtube.com/watch?v=brxojqIpgH0,How to Make Soy Tealight Candles | DIY Candle Making,171.0,storyboard,12,97.71,105.86,8.15,https://youtu.be/brxojqIpgH0?t=98s,pour_wax,assemble,1,0.6,Host pours wax into the row of tealight cups.,pas,0,0.0,0.079,0.026,0.612,0.051,"#cac9ca,#9a928e,#262225",1,,
brxojqIpgH0,https://www.youtube.com/watch?v=brxojqIpgH0,How to Make Soy Tealight Candles | DIY Candle Making,171.0,storyboard,13,105.86,114.0,8.14,https://youtu.be/brxojqIpgH0?t=106s,pour_wax,assemble,1,0.6,A tray of red tealight cups being filled.,Ss Cn 2 2 8 SO oni,1,0.333,0.052,0.224,0.643,0.089,"#d3d2d2,#b2adae,#52121e",1,,
brxojqIpgH0,https://www.youtube.com/watch?v=brxojqIpgH0,How to Make Soy Tealight Candles | DIY Candle Making,171.0,storyboard,14,114.0,122.14,8.14,https://youtu.be/brxojqIpgH0?t=114s,pour_wax,assemble,1,0.6,The full tray of red tealights is poured.,7 sc: 4 eo wn av ae oe rd,1,0.0,0.042,0.067,0.698,0.13,"#d2d0d1,#aa9a9f,#661723",1,,
brxojqIpgH0,https://www.youtube.com/watch?v=brxojqIpgH0,How to Make Soy Tealight Candles | DIY Candle Making,171.0,storyboard,15,122.14,130.29,8.15,https://youtu.be/brxojqIpgH0?t=122s,cure_cool,assemble,1,0.5,Filled red tealights begin to set; a dye drop shown.,2,0,0.333,0.036,0.195,0.593,0.144,"#d3d2d2,#6a1b25,#a9969a",1,,
brxojqIpgH0,https://www.youtube.com/watch?v=brxojqIpgH0,How to Make Soy Tealight Candles | DIY Candle Making,171.0,storyboard,16,130.29,138.43,8.14,https://youtu.be/brxojqIpgH0?t=130s,cure_cool,assemble,1,0.5,Tray of red tealights cooling.,7 ia.,0,0.0,0.031,0.174,0.563,0.156,"#d3d1d2,#6a1925,#a79190",1,,
brxojqIpgH0,https://www.youtube.com/watch?v=brxojqIpgH0,How to Make Soy Tealight Candles | DIY Candle Making,171.0,storyboard,18,146.57,154.71,8.14,https://youtu.be/brxojqIpgH0?t=147s,set_wick,assemble,1,0.45,Wicks centred in the set red tealights.,oh Para fay fi Fitssi ee,1,0.333,0.042,0.093,0.483,0.098,"#8d7566,#c7bfbf,#4c3d2f",1,,
c2l0eQnhwiE,https://www.youtube.com/watch?v=c2l0eQnhwiE,Candle making ASMR | small business TikTok compilation,603.0,storyboard,1,8.04,16.08,8.04,https://youtu.be/c2l0eQnhwiE?t=8s,measure_wax,prep,1,0.4,Scooping/weighing wax (ASMR clip).,,0,0.0,0.01,0.0,0.682,0.048,"#c4b9b2,#a49a92,#262123",1,,
c2l0eQnhwiE,https://www.youtube.com/watch?v=c2l0eQnhwiE,Candle making ASMR | small business TikTok compilation,603.0,storyboard,2,16.08,24.12,8.04,https://youtu.be/c2l0eQnhwiE?t=16s,melt_wax,process,1,0.4,Melting wax in a pot/melter (ASMR clip).,ges 4 es,1,0.0,0.037,0.289,0.557,0.101,"#935748,#cdab92,#672523",1,,
c2l0eQnhwiE,https://www.youtube.com/watch?v=c2l0eQnhwiE,Candle making ASMR | small business TikTok compilation,603.0,storyboard,3,24.12,32.16,8.04,https://youtu.be/c2l0eQnhwiE?t=24s,add_dye_color,process,1,0.4,Dye stirred into the wax (ASMR clip).,BRS,0,0.0,0.071,0.207,0.439,0.152,"#603f1c,#9a6e27,#ad948d",1,,
c2l0eQnhwiE,https://www.youtube.com/watch?v=c2l0eQnhwiE,Candle making ASMR | small business TikTok compilation,603.0,storyboard,4,32.16,40.2,8.04,https://youtu.be/c2l0eQnhwiE?t=32s,add_fragrance,process,1,0.4,Fragrance oil poured into the wax (ASMR clip).,,0,0.0,0.056,0.0,0.299,0.265,"#8b0e23,#af3945,#c77170",1,,
c2l0eQnhwiE,https://www.youtube.com/watch?v=c2l0eQnhwiE,Candle making ASMR | small business TikTok compilation,603.0,storyboard,5,40.2,48.24,8.04,https://youtu.be/c2l0eQnhwiE?t=40s,pour_wax,assemble,1,0.4,Pouring coloured wax into cups/jars (ASMR clip).,oust,0,0.0,0.024,0.161,0.338,0.271,"#842c32,#856263,#b49e92",1,,
c2l0eQnhwiE,https://www.youtube.com/watch?v=c2l0eQnhwiE,Candle making ASMR | small business TikTok compilation,603.0,storyboard,6,48.24,56.28,8.04,https://youtu.be/c2l0eQnhwiE?t=48s,decorate_finish,finish,1,0.4,Whipping/piping or embedding decor on a candle (ASMR clip).,4,0,0.0,0.021,0.105,0.433,0.275,"#8b242e,#986c68,#baa8a0",1,,
c2l0eQnhwiE,https://www.youtube.com/watch?v=c2l0eQnhwiE,Candle making ASMR | small business TikTok compilation,603.0,storyboard,7,56.28,64.32,8.04,https://youtu.be/c2l0eQnhwiE?t=56s,measure_wax,prep,1,0.4,Scooping/weighing wax (ASMR clip).,,0,0.0,0.027,0.0,0.627,0.064,"#d1d2c4,#6d6a7a,#362f4c",1,,
c2l0eQnhwiE,https://www.youtube.com/watch?v=c2l0eQnhwiE,Candle making ASMR | small business TikTok compilation,603.0,storyboard,8,64.32,72.36,8.04,https://youtu.be/c2l0eQnhwiE?t=64s,melt_wax,process,1,0.4,Melting wax in a pot/melter (ASMR clip).,2 Oy es,0,0.0,0.074,0.321,0.449,0.111,"#2c2143,#7a6a76,#c8c5bf",1,,
c2l0eQnhwiE,https://www.youtube.com/watch?v=c2l0eQnhwiE,Candle making ASMR | small business TikTok compilation,603.0,storyboard,9,72.36,80.4,8.04,https://youtu.be/c2l0eQnhwiE?t=72s,add_dye_color,process,1,0.4,Dye stirred into the wax (ASMR clip).,ate,0,0.0,0.067,0.14,0.46,0.119,"#76635f,#a7917d,#3d374d",1,,
c2l0eQnhwiE,https://www.youtube.com/watch?v=c2l0eQnhwiE,Candle making ASMR | small business TikTok compilation,603.0,storyboard,10,80.4,88.44,8.04,https://youtu.be/c2l0eQnhwiE?t=80s,add_fragrance,process,1,0.4,Fragrance oil poured into the wax (ASMR clip).,,0,0.0,0.084,0.0,0.419,0.137,"#7c6557,#a8937e,#453a47",1,,
c2l0eQnhwiE,https://www.youtube.com/watch?v=c2l0eQnhwiE,Candle making ASMR | small business TikTok compilation,603.0,storyboard,11,88.44,96.48,8.04,https://youtu.be/c2l0eQnhwiE?t=88s,pour_wax,assemble,1,0.4,Pouring coloured wax into cups/jars (ASMR clip).,hee be,0,0.0,0.088,0.202,0.459,0.116,"#70727e,#afaba3,#37344d",1,,
c2l0eQnhwiE,https://www.youtube.com/watch?v=c2l0eQnhwiE,Candle making ASMR | small business TikTok compilation,603.0,storyboard,12,96.48,104.52,8.04,https://youtu.be/c2l0eQnhwiE?t=96s,decorate_finish,finish,1,0.4,Whipping/piping or embedding decor on a candle (ASMR clip).,be Twa. ey,1,0.0,0.072,0.217,0.418,0.087,"#817d7b,#59565e,#9ea4a5",1,,
c2l0eQnhwiE,https://www.youtube.com/watch?v=c2l0eQnhwiE,Candle making ASMR | small business TikTok compilation,603.0,storyboard,13,104.52,112.56,8.04,https://youtu.be/c2l0eQnhwiE?t=105s,measure_wax,prep,1,0.4,Scooping/weighing wax (ASMR clip).,ed,0,0.0,0.081,0.0,0.494,0.087,"#85827d,#a0a9a7,#464958",1,,
c2l0eQnhwiE,https://www.youtube.com/watch?v=c2l0eQnhwiE,Candle making ASMR | small business TikTok compilation,603.0,storyboard,14,112.56,120.6,8.04,https://youtu.be/c2l0eQnhwiE?t=113s,melt_wax,process,1,0.4,Melting wax in a pot/melter (ASMR clip).,ox 4 ae,0,0.0,0.065,0.163,0.579,0.08,"#bfb5af,#a79a8d,#736461",1,,
c2l0eQnhwiE,https://www.youtube.com/watch?v=c2l0eQnhwiE,Candle making ASMR | small business TikTok compilation,603.0,storyboard,15,120.6,128.64,8.04,https://youtu.be/c2l0eQnhwiE?t=121s,add_dye_color,process,1,0.4,Dye stirred into the wax (ASMR clip).,4 4,0,0.0,0.021,0.149,0.623,0.098,"#a78b85,#79675a,#bfb1ac",1,,
c2l0eQnhwiE,https://www.youtube.com/watch?v=c2l0eQnhwiE,Candle making ASMR | small business TikTok compilation,603.0,storyboard,16,128.64,136.68,8.04,https://youtu.be/c2l0eQnhwiE?t=129s,add_fragrance,process,1,0.4,Fragrance oil poured into the wax (ASMR clip).,ac,0,0.0,0.039,0.0,0.53,0.175,"#938c5c,#665832,#bebd83",1,,
c2l0eQnhwiE,https://www.youtube.com/watch?v=c2l0eQnhwiE,Candle making ASMR | small business TikTok compilation,603.0,storyboard,17,136.68,144.72,8.04,https://youtu.be/c2l0eQnhwiE?t=137s,pour_wax,assemble,1,0.4,Pouring coloured wax into cups/jars (ASMR clip).,Pr,0,0.0,0.027,0.152,0.53,0.134,"#96827a,#beb7b0,#624843",1,,
c2l0eQnhwiE,https://www.youtube.com/watch?v=c2l0eQnhwiE,Candle making ASMR | small business TikTok compilation,603.0,storyboard,18,144.72,152.76,8.04,https://youtu.be/c2l0eQnhwiE?t=145s,decorate_finish,finish,1,0.4,Whipping/piping or embedding decor on a candle (ASMR clip).,foe,0,0.0,0.018,0.215,0.48,0.117,"#857154,#512f17,#c6b9ae",1,,
c2l0eQnhwiE,https://www.youtube.com/watch?v=c2l0eQnhwiE,Candle making ASMR | small business TikTok compilation,603.0,storyboard,19,152.76,160.8,8.04,https://youtu.be/c2l0eQnhwiE?t=153s,measure_wax,prep,1,0.4,Scooping/weighing wax (ASMR clip).,,0,0.0,0.017,0.0,0.559,0.092,"#c8bdba,#917671,#3d2d30",1,,
c2l0eQnhwiE,https://www.youtube.com/watch?v=c2l0eQnhwiE,Candle making ASMR | small business TikTok compilation,603.0,storyboard,20,160.8,168.84,8.04,https://youtu.be/c2l0eQnhwiE?t=161s,melt_wax,process,1,0.4,Melting wax in a pot/melter (ASMR clip).,pal,0,0.0,0.07,0.138,0.675,0.147,"#e4c1cd,#b28893,#874a4e",1,,
c2l0eQnhwiE,https://www.youtube.com/watch?v=c2l0eQnhwiE,Candle making ASMR | small business TikTok compilation,603.0,storyboard,21,168.84,176.88,8.04,https://youtu.be/c2l0eQnhwiE?t=169s,add_dye_color,process,1,0.4,Dye stirred into the wax (ASMR clip).,Phish,0,0.0,0.073,0.295,0.606,0.157,"#88635b,#c4b4a7,#552b2e",1,,
c2l0eQnhwiE,https://www.youtube.com/watch?v=c2l0eQnhwiE,Candle making ASMR | small business TikTok compilation,603.0,storyboard,23,184.92,192.96,8.04,https://youtu.be/c2l0eQnhwiE?t=185s,pour_wax,assemble,1,0.4,Pouring coloured wax into cups/jars (ASMR clip).,Ss Neal,0,0.0,0.031,0.173,0.511,0.179,"#936863,#ce9f93,#5d393e",1,,
c2l0eQnhwiE,https://www.youtube.com/watch?v=c2l0eQnhwiE,Candle making ASMR | small business TikTok compilation,603.0,storyboard,24,192.96,201.0,8.04,https://youtu.be/c2l0eQnhwiE?t=193s,decorate_finish,finish,1,0.4,Whipping/piping or embedding decor on a candle (ASMR clip).,ote,0,0.0,0.018,0.16,0.616,0.061,"#d3c7ce,#917a78,#b5a5aa",1,,
c2l0eQnhwiE,https://www.youtube.com/watch?v=c2l0eQnhwiE,Candle making ASMR | small business TikTok compilation,603.0,storyboard,25,201.0,209.04,8.04,https://youtu.be/c2l0eQnhwiE?t=201s,measure_wax,prep,1,0.4,Scooping/weighing wax (ASMR clip).,,0,0.0,0.007,0.0,0.658,0.05,"#d5c8c8,#a08f91,#6a585a",1,,
c2l0eQnhwiE,https://www.youtube.com/watch?v=c2l0eQnhwiE,Candle making ASMR | small business TikTok compilation,603.0,storyboard,26,209.04,217.08,8.04,https://youtu.be/c2l0eQnhwiE?t=209s,melt_wax,process,1,0.4,Melting wax in a pot/melter (ASMR clip).,oe 4,0,0.0,0.111,0.25,0.599,0.116,"#987351,#bcb5ad,#714f2e",1,,
c2l0eQnhwiE,https://www.youtube.com/watch?v=c2l0eQnhwiE,Candle making ASMR | small business TikTok compilation,603.0,storyboard,27,217.08,225.12,8.04,https://youtu.be/c2l0eQnhwiE?t=217s,add_dye_color,process,1,0.4,Dye stirred into the wax (ASMR clip).,eS Ty,0,0.0,0.143,0.156,0.482,0.135,"#8c725b,#c0b5ac,#362b24",1,,
c2l0eQnhwiE,https://www.youtube.com/watch?v=c2l0eQnhwiE,Candle making ASMR | small business TikTok compilation,603.0,storyboard,28,225.12,233.16,8.04,https://youtu.be/c2l0eQnhwiE?t=225s,add_fragrance,process,1,0.4,Fragrance oil poured into the wax (ASMR clip).,La am,0,0.0,0.108,0.0,0.462,0.126,"#907964,#5a412d,#beb4a9",1,,
c2l0eQnhwiE,https://www.youtube.com/watch?v=c2l0eQnhwiE,Candle making ASMR | small business TikTok compilation,603.0,storyboard,29,233.16,241.2,8.04,https://youtu.be/c2l0eQnhwiE?t=233s,pour_wax,assemble,1,0.4,Pouring coloured wax into cups/jars (ASMR clip).,,0,0.0,0.091,0.09,0.46,0.103,"#877a65,#523d28,#bdb6ad",1,,
c2l0eQnhwiE,https://www.youtube.com/watch?v=c2l0eQnhwiE,Candle making ASMR | small business TikTok compilation,603.0,storyboard,30,241.2,249.24,8.04,https://youtu.be/c2l0eQnhwiE?t=241s,decorate_finish,finish,1,0.4,Whipping/piping or embedding decor on a candle (ASMR clip).,aad 4,0,0.0,0.074,0.235,0.526,0.102,"#a18b77,#3c3633,#d9cbb8",1,,
c2l0eQnhwiE,https://www.youtube.com/watch?v=c2l0eQnhwiE,Candle making ASMR | small business TikTok compilation,603.0,storyboard,31,249.24,257.28,8.04,https://youtu.be/c2l0eQnhwiE?t=249s,measure_wax,prep,1,0.4,Scooping/weighing wax (ASMR clip).,22 ae,0,0.0,0.06,0.0,0.562,0.103,"#bab2b1,#947473,#48393a",1,,
c2l0eQnhwiE,https://www.youtube.com/watch?v=c2l0eQnhwiE,Candle making ASMR | small business TikTok compilation,603.0,storyboard,32,257.28,265.32,8.04,https://youtu.be/c2l0eQnhwiE?t=257s,melt_wax,process,1,0.4,Melting wax in a pot/melter (ASMR clip).,Se,0,0.0,0.046,0.186,0.399,0.132,"#4d403c,#866d65,#b0948e",1,,
c2l0eQnhwiE,https://www.youtube.com/watch?v=c2l0eQnhwiE,Candle making ASMR | small business TikTok compilation,603.0,storyboard,33,265.32,273.36,8.04,https://youtu.be/c2l0eQnhwiE?t=265s,add_dye_color,process,1,0.4,Dye stirred into the wax (ASMR clip).,isp,0,0.0,0.026,0.226,0.473,0.167,"#beafb8,#84757d,#2f3136",1,,
c2l0eQnhwiE,https://www.youtube.com/watch?v=c2l0eQnhwiE,Candle making ASMR | small business TikTok compilation,603.0,storyboard,34,273.36,281.4,8.04,https://youtu.be/c2l0eQnhwiE?t=273s,add_fragrance,process,1,0.4,Fragrance oil poured into the wax (ASMR clip).,,0,0.0,0.052,0.0,0.54,0.112,"#8d8489,#d1b5b2,#494446",1,,
c2l0eQnhwiE,https://www.youtube.com/watch?v=c2l0eQnhwiE,Candle making ASMR | small business TikTok compilation,603.0,storyboard,35,281.4,289.44,8.04,https://youtu.be/c2l0eQnhwiE?t=281s,pour_wax,assemble,1,0.4,Pouring coloured wax into cups/jars (ASMR clip).,Zs,0,0.0,0.059,0.062,0.589,0.063,"#c9beb0,#3e3b3b,#8b867f",1,,
c2l0eQnhwiE,https://www.youtube.com/watch?v=c2l0eQnhwiE,Candle making ASMR | small business TikTok compilation,603.0,storyboard,36,289.44,297.48,8.04,https://youtu.be/c2l0eQnhwiE?t=289s,decorate_finish,finish,1,0.4,Whipping/piping or embedding decor on a candle (ASMR clip).,"rr,",0,0.0,0.056,0.184,0.555,0.08,"#c5c2bf,#797d80,#354051",1,,
c2l0eQnhwiE,https://www.youtube.com/watch?v=c2l0eQnhwiE,Candle making ASMR | small business TikTok compilation,603.0,storyboard,37,297.48,305.52,8.04,https://youtu.be/c2l0eQnhwiE?t=297s,measure_wax,prep,1,0.4,Scooping/weighing wax (ASMR clip).,oC.,0,0.0,0.032,0.0,0.481,0.098,"#c3bfb9,#2d3544,#7a7778",1,,
c2l0eQnhwiE,https://www.youtube.com/watch?v=c2l0eQnhwiE,Candle making ASMR | small business TikTok compilation,603.0,storyboard,38,305.52,313.56,8.04,https://youtu.be/c2l0eQnhwiE?t=306s,melt_wax,process,1,0.4,Melting wax in a pot/melter (ASMR clip).,Ae Aah,0,0.0,0.018,0.155,0.474,0.197,"#7a5b25,#a3a3a0,#7e766c",1,,
c2l0eQnhwiE,https://www.youtube.com/watch?v=c2l0eQnhwiE,Candle making ASMR | small business TikTok compilation,603.0,storyboard,39,313.56,321.6,8.04,https://youtu.be/c2l0eQnhwiE?t=314s,add_dye_color,process,1,0.4,Dye stirred into the wax (ASMR clip).,,0,0.0,0.016,0.221,0.409,0.118,"#452e17,#75593b,#ada8a2",1,,
c2l0eQnhwiE,https://www.youtube.com/watch?v=c2l0eQnhwiE,Candle making ASMR | small business TikTok compilation,603.0,storyboard,40,321.6,329.64,8.04,https://youtu.be/c2l0eQnhwiE?t=322s,add_fragrance,process,1,0.4,Fragrance oil poured into the wax (ASMR clip).,,0,0.0,0.009,0.0,0.503,0.237,"#bbb5b0,#996f47,#643a1c",1,,
c2l0eQnhwiE,https://www.youtube.com/watch?v=c2l0eQnhwiE,Candle making ASMR | small business TikTok compilation,603.0,storyboard,41,329.64,337.68,8.04,https://youtu.be/c2l0eQnhwiE?t=330s,pour_wax,assemble,1,0.4,Pouring coloured wax into cups/jars (ASMR clip).,fe,0,0.0,0.026,0.262,0.542,0.318,"#bfc6c7,#32b0e4,#406e92",1,,
c2l0eQnhwiE,https://www.youtube.com/watch?v=c2l0eQnhwiE,Candle making ASMR | small business TikTok compilation,603.0,storyboard,42,337.68,345.72,8.04,https://youtu.be/c2l0eQnhwiE?t=338s,decorate_finish,finish,1,0.4,Whipping/piping or embedding decor on a candle (ASMR clip).,,0,0.0,0.052,0.265,0.66,0.035,"#c3c1c5,#303945,#838087",1,,
c2l0eQnhwiE,https://www.youtube.com/watch?v=c2l0eQnhwiE,Candle making ASMR | small business TikTok compilation,603.0,storyboard,43,345.72,353.76,8.04,https://youtu.be/c2l0eQnhwiE?t=346s,measure_wax,prep,1,0.4,Scooping/weighing wax (ASMR clip).,,0,0.0,0.016,0.0,0.412,0.071,"#374254,#7d807e,#b1afa9",1,,
c2l0eQnhwiE,https://www.youtube.com/watch?v=c2l0eQnhwiE,Candle making ASMR | small business TikTok compilation,603.0,storyboard,44,353.76,361.8,8.04,https://youtu.be/c2l0eQnhwiE?t=354s,melt_wax,process,1,0.4,Melting wax in a pot/melter (ASMR clip).,at,0,0.0,0.055,0.279,0.532,0.077,"#938d92,#48414e,#d3d2d5",1,,
c2l0eQnhwiE,https://www.youtube.com/watch?v=c2l0eQnhwiE,Candle making ASMR | small business TikTok compilation,603.0,storyboard,45,361.8,369.84,8.04,https://youtu.be/c2l0eQnhwiE?t=362s,add_dye_color,process,1,0.4,Dye stirred into the wax (ASMR clip).,,0,0.0,0.046,0.212,0.515,0.183,"#cbb3b3,#6a5a5c,#b4303a",1,,
c2l0eQnhwiE,https://www.youtube.com/watch?v=c2l0eQnhwiE,Candle making ASMR | small business TikTok compilation,603.0,storyboard,46,369.84,377.88,8.04,https://youtu.be/c2l0eQnhwiE?t=370s,add_fragrance,process,1,0.4,Fragrance oil poured into the wax (ASMR clip).,wk,0,0.0,0.075,0.0,0.549,0.244,"#a4584b,#a18d91,#d99b85",1,,
c2l0eQnhwiE,https://www.youtube.com/watch?v=c2l0eQnhwiE,Candle making ASMR | small business TikTok compilation,603.0,storyboard,47,377.88,385.92,8.04,https://youtu.be/c2l0eQnhwiE?t=378s,pour_wax,assemble,1,0.4,Pouring coloured wax into cups/jars (ASMR clip).,7 ss Pos ae,1,0.0,0.051,0.156,0.66,0.283,"#d4d0d2,#55c6ce,#b07f7e",1,,
c2l0eQnhwiE,https://www.youtube.com/watch?v=c2l0eQnhwiE,Candle making ASMR | small business TikTok compilation,603.0,storyboard,48,385.92,393.96,8.04,https://youtu.be/c2l0eQnhwiE?t=386s,decorate_finish,finish,1,0.4,Whipping/piping or embedding decor on a candle (ASMR clip).,be,0,0.0,0.053,0.341,0.485,0.16,"#3c322d,#6a5c52,#a89789",1,,
c2l0eQnhwiE,https://www.youtube.com/watch?v=c2l0eQnhwiE,Candle making ASMR | small business TikTok compilation,603.0,storyboard,49,393.96,402.0,8.04,https://youtu.be/c2l0eQnhwiE?t=394s,measure_wax,prep,1,0.4,Scooping/weighing wax (ASMR clip).,,0,0.0,0.035,0.0,0.491,0.169,"#82632b,#977f63,#b3a08b",1,,
c2l0eQnhwiE,https://www.youtube.com/watch?v=c2l0eQnhwiE,Candle making ASMR | small business TikTok compilation,603.0,storyboard,50,402.0,410.04,8.04,https://youtu.be/c2l0eQnhwiE?t=402s,melt_wax,process,1,0.4,Melting wax in a pot/melter (ASMR clip).,ei ae,0,0.0,0.051,0.062,0.348,0.218,"#592e0c,#8a5313,#bcac97",1,,
c2l0eQnhwiE,https://www.youtube.com/watch?v=c2l0eQnhwiE,Candle making ASMR | small business TikTok compilation,603.0,storyboard,51,410.04,418.08,8.04,https://youtu.be/c2l0eQnhwiE?t=410s,add_dye_color,process,1,0.4,Dye stirred into the wax (ASMR clip).,up,0,0.0,0.024,0.179,0.483,0.15,"#be9e80,#52351d,#8b6951",1,,
c2l0eQnhwiE,https://www.youtube.com/watch?v=c2l0eQnhwiE,Candle making ASMR | small business TikTok compilation,603.0,storyboard,52,418.08,426.12,8.04,https://youtu.be/c2l0eQnhwiE?t=418s,add_fragrance,process,1,0.4,Fragrance oil poured into the wax (ASMR clip).,,0,0.0,0.017,0.0,0.485,0.177,"#a76a56,#bf9f89,#6e4336",1,,
c2l0eQnhwiE,https://www.youtube.com/watch?v=c2l0eQnhwiE,Candle making ASMR | small business TikTok compilation,603.0,storyboard,53,426.12,434.16,8.04,https://youtu.be/c2l0eQnhwiE?t=426s,pour_wax,assemble,1,0.4,Pouring coloured wax into cups/jars (ASMR clip).,,0,0.0,0.033,0.187,0.434,0.176,"#6a3521,#caae96,#947763",1,,
c2l0eQnhwiE,https://www.youtube.com/watch?v=c2l0eQnhwiE,Candle making ASMR | small business TikTok compilation,603.0,storyboard,54,434.16,442.2,8.04,https://youtu.be/c2l0eQnhwiE?t=434s,decorate_finish,finish,1,0.4,Whipping/piping or embedding decor on a candle (ASMR clip).,ic,0,0.0,0.049,0.155,0.547,0.2,"#8a5957,#c97f94,#dbbdc8",1,,
c2l0eQnhwiE,https://www.youtube.com/watch?v=c2l0eQnhwiE,Candle making ASMR | small business TikTok compilation,603.0,storyboard,55,442.2,450.24,8.04,https://youtu.be/c2l0eQnhwiE?t=442s,measure_wax,prep,1,0.4,Scooping/weighing wax (ASMR clip).,Prey,0,0.0,0.062,0.0,0.43,0.324,"#583d26,#c18115,#988270",1,,
c2l0eQnhwiE,https://www.youtube.com/watch?v=c2l0eQnhwiE,Candle making ASMR | small business TikTok compilation,603.0,storyboard,56,450.24,458.28,8.04,https://youtu.be/c2l0eQnhwiE?t=450s,melt_wax,process,1,0.4,Melting wax in a pot/melter (ASMR clip).,"ad, bi",0,0.0,0.05,0.205,0.412,0.213,"#811f25,#a65848,#e7d5d1",1,,
c2l0eQnhwiE,https://www.youtube.com/watch?v=c2l0eQnhwiE,Candle making ASMR | small business TikTok compilation,603.0,storyboard,57,458.28,466.32,8.04,https://youtu.be/c2l0eQnhwiE?t=458s,add_dye_color,process,1,0.4,Dye stirred into the wax (ASMR clip).,,0,0.0,0.063,0.191,0.495,0.158,"#a3655b,#d2a4a2,#6c3b37",1,,
c2l0eQnhwiE,https://www.youtube.com/watch?v=c2l0eQnhwiE,Candle making ASMR | small business TikTok compilation,603.0,storyboard,58,466.32,474.36,8.04,https://youtu.be/c2l0eQnhwiE?t=466s,add_fragrance,process,1,0.4,Fragrance oil poured into the wax (ASMR clip).,,0,0.0,0.019,0.0,0.522,0.174,"#a67a5e,#cca892,#4e352f",1,,
c2l0eQnhwiE,https://www.youtube.com/watch?v=c2l0eQnhwiE,Candle making ASMR | small business TikTok compilation,603.0,storyboard,60,482.4,490.44,8.04,https://youtu.be/c2l0eQnhwiE?t=482s,decorate_finish,finish,1,0.4,Whipping/piping or embedding decor on a candle (ASMR clip).,,0,0.0,0.036,0.18,0.671,0.136,"#e5d4de,#be949c,#a05060",1,,
c2l0eQnhwiE,https://www.youtube.com/watch?v=c2l0eQnhwiE,Candle making ASMR | small business TikTok compilation,603.0,storyboard,61,490.44,498.48,8.04,https://youtu.be/c2l0eQnhwiE?t=490s,measure_wax,prep,1,0.4,Scooping/weighing wax (ASMR clip).,ost,0,0.0,0.033,0.0,0.571,0.251,"#d3b6c2,#ac7783,#972330",1,,
c2l0eQnhwiE,https://www.youtube.com/watch?v=c2l0eQnhwiE,Candle making ASMR | small business TikTok compilation,603.0,storyboard,63,506.52,514.56,8.04,https://youtu.be/c2l0eQnhwiE?t=507s,add_dye_color,process,1,0.4,Dye stirred into the wax (ASMR clip).,5 al,0,0.0,0.036,0.191,0.395,0.084,"#1c2c3f,#617078,#aeabb3",1,,
c2l0eQnhwiE,https://www.youtube.com/watch?v=c2l0eQnhwiE,Candle making ASMR | small business TikTok compilation,603.0,storyboard,64,514.56,522.6,8.04,https://youtu.be/c2l0eQnhwiE?t=515s,add_fragrance,process,1,0.4,Fragrance oil poured into the wax (ASMR clip).,4 wS. aif,1,0.0,0.029,0.0,0.313,0.095,"#18232c,#3e5d5d,#9da6a3",1,,
c2l0eQnhwiE,https://www.youtube.com/watch?v=c2l0eQnhwiE,Candle making ASMR | small business TikTok compilation,603.0,storyboard,65,522.6,530.64,8.04,https://youtu.be/c2l0eQnhwiE?t=523s,pour_wax,assemble,1,0.4,Pouring coloured wax into cups/jars (ASMR clip).,,0,0.0,0.044,0.258,0.372,0.091,"#25303a,#aea9a2,#5d6566",1,,
c2l0eQnhwiE,https://www.youtube.com/watch?v=c2l0eQnhwiE,Candle making ASMR | small business TikTok compilation,603.0,storyboard,66,530.64,538.68,8.04,https://youtu.be/c2l0eQnhwiE?t=531s,decorate_finish,finish,1,0.4,Whipping/piping or embedding decor on a candle (ASMR clip).,ae,0,0.0,0.052,0.229,0.397,0.164,"#a3585d,#af9597,#753238",1,,
c2l0eQnhwiE,https://www.youtube.com/watch?v=c2l0eQnhwiE,Candle making ASMR | small business TikTok compilation,603.0,storyboard,67,538.68,546.72,8.04,https://youtu.be/c2l0eQnhwiE?t=539s,measure_wax,prep,1,0.4,Scooping/weighing wax (ASMR clip).,,0,0.0,0.067,0.0,0.445,0.127,"#664249,#8f8080,#b6b5b9",1,,
c2l0eQnhwiE,https://www.youtube.com/watch?v=c2l0eQnhwiE,Candle making ASMR | small business TikTok compilation,603.0,storyboard,68,546.72,554.76,8.04,https://youtu.be/c2l0eQnhwiE?t=547s,melt_wax,process,1,0.4,Melting wax in a pot/melter (ASMR clip).,oe,0,0.0,0.072,0.065,0.429,0.103,"#66676b,#9da4a7,#34343c",1,,
c2l0eQnhwiE,https://www.youtube.com/watch?v=c2l0eQnhwiE,Candle making ASMR | small business TikTok compilation,603.0,storyboard,69,554.76,562.8,8.04,https://youtu.be/c2l0eQnhwiE?t=555s,add_dye_color,process,1,0.4,Dye stirred into the wax (ASMR clip).,Ga!,0,0.0,0.047,0.163,0.499,0.108,"#bcada7,#817884,#272253",1,,
c2l0eQnhwiE,https://www.youtube.com/watch?v=c2l0eQnhwiE,Candle making ASMR | small business TikTok compilation,603.0,storyboard,70,562.8,570.84,8.04,https://youtu.be/c2l0eQnhwiE?t=563s,add_fragrance,process,1,0.4,Fragrance oil poured into the wax (ASMR clip).,,0,0.0,0.0,0.0,0.395,0.139,"#1d1553,#bfaea5,#665a71",1,,
c2l0eQnhwiE,https://www.youtube.com/watch?v=c2l0eQnhwiE,Candle making ASMR | small business TikTok compilation,603.0,storyboard,71,570.84,578.88,8.04,https://youtu.be/c2l0eQnhwiE?t=571s,pour_wax,assemble,1,0.4,Pouring coloured wax into cups/jars (ASMR clip).,,0,0.0,0.055,0.209,0.498,0.118,"#bbbcb8,#807f75,#594838",1,,
c2l0eQnhwiE,https://www.youtube.com/watch?v=c2l0eQnhwiE,Candle making ASMR | small business TikTok compilation,603.0,storyboard,72,578.88,586.92,8.04,https://youtu.be/c2l0eQnhwiE?t=579s,reveal_result,finish,1,0.45,A finished sprinkle/jelly jar candle held to camera.,,0,0.0,0.008,0.155,0.531,0.124,"#9b887f,#6d6255,#bba6a3",1,,
cYCW1wpPtr4,https://www.youtube.com/watch?v=cYCW1wpPtr4,"Big Candle Making | Full Process, Wax Pour & ASMR 🕯✨ | Handmade Scented Candle",62.0,storyboard,0,0.0,7.75,7.75,https://youtu.be/cYCW1wpPtr4?t=0s,decorate_finish,finish,1,0.55,"Mauve background; hands lift a white moulded rose/peony candle out of its silicone mould (phone-edited, 'InShot').",4 2 Ree InShOt,1,0.0,0.028,0.113,0.518,0.102,"#9e8b78,#765c4a,#bab0a8",1,,
cYCW1wpPtr4,https://www.youtube.com/watch?v=cYCW1wpPtr4,"Big Candle Making | Full Process, Wax Pour & ASMR 🕯✨ | Handmade Scented Candle",62.0,storyboard,1,7.75,15.5,7.75,https://youtu.be/cYCW1wpPtr4?t=8s,pour_wax,assemble,1,0.6,White melted wax is poured into a silicone rose mould.,ee,0,0.0,0.024,0.102,0.555,0.104,"#af9d8e,#917b6b,#755447",1,,
cYCW1wpPtr4,https://www.youtube.com/watch?v=cYCW1wpPtr4,"Big Candle Making | Full Process, Wax Pour & ASMR 🕯✨ | Handmade Scented Candle",62.0,storyboard,2,15.5,23.25,7.75,https://youtu.be/cYCW1wpPtr4?t=16s,set_wick,assemble,1,0.5,The filled white silicone mould is handled; a tool sets/adjusts the wick.,yy 4 5 InShOk,1,0.0,0.019,0.205,0.44,0.11,"#5c3d30,#735647,#b2aead",1,,
cYCW1wpPtr4,https://www.youtube.com/watch?v=cYCW1wpPtr4,"Big Candle Making | Full Process, Wax Pour & ASMR 🕯✨ | Handmade Scented Candle",62.0,storyboard,3,23.25,31.0,7.75,https://youtu.be/cYCW1wpPtr4?t=23s,decorate_finish,finish,1,0.55,Peeling a white silicone mould off a textured honeycomb candle; rose candles around.,"in on oe, wa 4 Lege nae ee Fri se Lp eG InShOt Sa",1,0.333,0.02,0.141,0.469,0.106,"#946f60,#6f412a,#b2a094",1,,
cYCW1wpPtr4,https://www.youtube.com/watch?v=cYCW1wpPtr4,"Big Candle Making | Full Process, Wax Pour & ASMR 🕯✨ | Handmade Scented Candle",62.0,storyboard,4,31.0,38.75,7.75,https://youtu.be/cYCW1wpPtr4?t=31s,decorate_finish,finish,1,0.55,A demoulded bubble candle and a pink rose candle; the wick is handled.,AX ys pd Ye 7,1,0.0,0.019,0.139,0.471,0.104,"#8f636a,#603b38,#bbadaf",1,,
cYCW1wpPtr4,https://www.youtube.com/watch?v=cYCW1wpPtr4,"Big Candle Making | Full Process, Wax Pour & ASMR 🕯✨ | Handmade Scented Candle",62.0,storyboard,5,38.75,46.5,7.75,https://youtu.be/cYCW1wpPtr4?t=39s,decorate_finish,finish,1,0.6,"Finished pink rose, white peony and bubble candles displayed.",InShOt,0,0.0,0.025,0.097,0.463,0.099,"#947867,#745b50,#c0bab4",1,,
cYCW1wpPtr4,https://www.youtube.com/watch?v=cYCW1wpPtr4,"Big Candle Making | Full Process, Wax Pour & ASMR 🕯✨ | Handmade Scented Candle",62.0,storyboard,6,46.5,54.25,7.75,https://youtu.be/cYCW1wpPtr4?t=46s,decorate_finish,finish,1,0.55,A teal rose candle is demoulded from a white silicone mould on a plate.,,0,0.0,0.011,0.11,0.564,0.091,"#aba5a0,#8b7d77,#5e443f",1,,
cYCW1wpPtr4,https://www.youtube.com/watch?v=cYCW1wpPtr4,"Big Candle Making | Full Process, Wax Pour & ASMR 🕯✨ | Handmade Scented Candle",62.0,storyboard,7,54.25,62.0,7.75,https://youtu.be/cYCW1wpPtr4?t=54s,reveal_result,finish,1,0.6,Finished colourful moulded rose candles shown.,"PY. Ss Ay eee Pets alee ji sett shetaad Sythe, InShOt",1,0.0,0.031,0.137,0.497,0.124,"#757d6e,#7d524e,#b39a94",1,,
cZMkzLBBNNA,https://www.youtube.com/watch?v=cZMkzLBBNNA,"WHY, WHEN & HOW to BLEND GEL WAX with Paraffin or Soy",196.0,storyboard,13,106.17,114.33,8.16,https://youtu.be/cZMkzLBBNNA?t=106s,reveal_result,finish,1,0.4,Close-up of a translucent gel-wax candle in a tall glass.,,0,0.333,0.001,0.101,0.249,0.147,"#352412,#1a4624,#6c7e7c",1,,
cZMkzLBBNNA,https://www.youtube.com/watch?v=cZMkzLBBNNA,"WHY, WHEN & HOW to BLEND GEL WAX with Paraffin or Soy",196.0,storyboard,14,114.33,122.5,8.17,https://youtu.be/cZMkzLBBNNA?t=114s,reveal_result,finish,1,0.4,Translucent green/amber gel candle shown.,,0,0.0,0.0,0.032,0.222,0.141,"#2e2214,#205c30,#6b827e",1,,
cZMkzLBBNNA,https://www.youtube.com/watch?v=cZMkzLBBNNA,"WHY, WHEN & HOW to BLEND GEL WAX with Paraffin or Soy",196.0,storyboard,15,122.5,130.67,8.17,https://youtu.be/cZMkzLBBNNA?t=122s,reveal_result,finish,1,0.4,Gel-wax candle close-up.,,0,0.0,0.0,0.048,0.207,0.141,"#261d14,#265633,#728b85",1,,
dFPnxVWvd6A,https://www.youtube.com/watch?v=dFPnxVWvd6A,DIY Color Block Candles,76.0,storyboard,1,7.6,15.2,7.6,https://youtu.be/dFPnxVWvd6A?t=8s,prepare_container,prep,1,0.6,A hot-glue gun fixes a wick to the base of a clear glass; hands centre the wick.,,0,0.0,0.008,0.062,0.791,0.071,"#bab2ad,#fefefe,#a18a82",1,,
dFPnxVWvd6A,https://www.youtube.com/watch?v=dFPnxVWvd6A,DIY Color Block Candles,76.0,storyboard,2,15.2,22.8,7.6,https://youtu.be/dFPnxVWvd6A?t=15s,add_dye_color,process,1,0.5,Four small dishes of crayon pieces (caption 'CRAYONS') are set up as colourant for the wax.,,0,0.0,0.007,0.065,0.726,0.079,"#8e7f81,#fcfcfc,#20191b",1,,description references on-screen text but OCR found none
dFPnxVWvd6A,https://www.youtube.com/watch?v=dFPnxVWvd6A,DIY Color Block Candles,76.0,storyboard,3,22.8,30.4,7.6,https://youtu.be/dFPnxVWvd6A?t=23s,melt_wax,process,1,0.55,Captions 'HEAT 10 MINS' and 'ESSENTIAL OIL OPTIONAL'; the coloured crayon-wax dishes melt.,7 fa,0,0.0,0.02,0.118,0.734,0.069,"#a69e99,#fefefe,#d8d2cc",1,,description references on-screen text but OCR found none
dFPnxVWvd6A,https://www.youtube.com/watch?v=dFPnxVWvd6A,DIY Color Block Candles,76.0,storyboard,4,30.4,38.0,7.6,https://youtu.be/dFPnxVWvd6A?t=30s,pour_wax,assemble,1,0.6,First coloured layer poured into the glass held at a tilt (caption 'ESSENTIAL OIL OPTIONAL'); a chopstick supports the angle.,,0,0.0,0.018,0.098,0.779,0.068,"#fefefe,#beb7b2,#b1aaa5",1,,description references on-screen text but OCR found none
dFPnxVWvd6A,https://www.youtube.com/watch?v=dFPnxVWvd6A,DIY Color Block Candles,76.0,storyboard,5,38.0,45.6,7.6,https://youtu.be/dFPnxVWvd6A?t=38s,pour_wax,assemble,1,0.7,Blue layer set; teal molten wax is poured into the tilted glass to build a diagonal stripe.,wl,0,0.333,0.02,0.065,0.798,0.105,"#fdfdfd,#b6b0ab,#68758a",1,,
dFPnxVWvd6A,https://www.youtube.com/watch?v=dFPnxVWvd6A,DIY Color Block Candles,76.0,storyboard,6,45.6,53.2,7.6,https://youtu.be/dFPnxVWvd6A?t=46s,pour_wax,assemble,1,0.7,"Successive teal/green layers poured into the tilted glass, forming angled colour blocks.",te,0,0.333,0.012,0.05,0.799,0.115,"#fefefe,#b7b2ac,#8d8682",1,,
dFPnxVWvd6A,https://www.youtube.com/watch?v=dFPnxVWvd6A,DIY Color Block Candles,76.0,storyboard,7,53.2,60.8,7.6,https://youtu.be/dFPnxVWvd6A?t=53s,pour_wax,assemble,1,0.65,Green layer poured; the glass now shows diagonal blue/teal/green bands.,,0,0.0,0.006,0.052,0.763,0.114,"#fefefe,#a29e95,#477365",1,,
dFPnxVWvd6A,https://www.youtube.com/watch?v=dFPnxVWvd6A,DIY Color Block Candles,76.0,storyboard,8,60.8,68.4,7.6,https://youtu.be/dFPnxVWvd6A?t=61s,reveal_result,finish,1,0.55,"Hands level the glass, then a finished multicolour layered candle is shown lit.",,0,0.0,0.008,0.061,0.767,0.082,"#ada49e,#fefefe,#7a635c",1,,
dFPnxVWvd6A,https://www.youtube.com/watch?v=dFPnxVWvd6A,DIY Color Block Candles,76.0,storyboard,9,68.4,76.0,7.6,https://youtu.be/dFPnxVWvd6A?t=68s,reveal_result,finish,1,0.6,Beauty shot of the finished colour-block candle burning; 'DIY PROJECTS' logo.,ae. sy DIY PROJECTS eZ,1,0.0,0.02,0.384,0.493,0.087,"#fefefe,#b19f92,#5c6554",1,,
e2RHQ6LVr-w,https://www.youtube.com/watch?v=e2RHQ6LVr-w,Making Candles at Home- Full Step-by-Step Tutorial,883.0,storyboard,2,16.05,24.08,8.03,https://youtu.be/e2RHQ6LVr-w?t=16s,gather_materials,prep,1,0.4,"Showing wax bag, jars and supplies.",my iy,0,0.0,0.192,0.0,0.566,0.092,"#cbb39c,#8a7260,#3c281d",1,,
e2RHQ6LVr-w,https://www.youtube.com/watch?v=e2RHQ6LVr-w,Making Candles at Home- Full Step-by-Step Tutorial,883.0,storyboard,3,24.08,32.11,8.03,https://youtu.be/e2RHQ6LVr-w?t=24s,measure_wax,prep,1,0.45,Weighing/measuring wax on a scale.,eo aee 7,1,0.0,0.101,0.064,0.567,0.099,"#cbb39c,#8a6e5b,#3a261c",1,,
e2RHQ6LVr-w,https://www.youtube.com/watch?v=e2RHQ6LVr-w,Making Candles at Home- Full Step-by-Step Tutorial,883.0,storyboard,9,72.25,80.27,8.02,https://youtu.be/e2RHQ6LVr-w?t=72s,measure_wax,prep,1,0.45,Weighing/measuring wax on a scale.,Load csi ok we NX AS,1,0.0,0.069,0.192,0.471,0.073,"#ad9f9b,#67584c,#897a70",1,,
e2RHQ6LVr-w,https://www.youtube.com/watch?v=e2RHQ6LVr-w,Making Candles at Home- Full Step-by-Step Tutorial,883.0,storyboard,21,168.57,176.6,8.03,https://youtu.be/e2RHQ6LVr-w?t=169s,measure_wax,prep,1,0.45,Weighing/measuring wax on a scale.,7 7 ar,0,0.0,0.08,0.332,0.512,0.08,"#c8b7a1,#8f7966,#402d20",1,,
e2RHQ6LVr-w,https://www.youtube.com/watch?v=e2RHQ6LVr-w,Making Candles at Home- Full Step-by-Step Tutorial,883.0,storyboard,23,184.63,192.65,8.02,https://youtu.be/e2RHQ6LVr-w?t=185s,gather_materials,prep,1,0.4,"Showing wax bag, jars and supplies.",ad,0,0.0,0.158,0.066,0.578,0.084,"#d1c2b0,#968372,#402d21",1,,
e2RHQ6LVr-w,https://www.youtube.com/watch?v=e2RHQ6LVr-w,Making Candles at Home- Full Step-by-Step Tutorial,883.0,storyboard,24,192.65,200.68,8.03,https://youtu.be/e2RHQ6LVr-w?t=193s,measure_wax,prep,1,0.45,Measuring wax into a metal bowl.,eh Son,0,0.0,0.202,0.0,0.581,0.082,"#d2c4b2,#917d6c,#3b2b1f",1,,
e2RHQ6LVr-w,https://www.youtube.com/watch?v=e2RHQ6LVr-w,Making Candles at Home- Full Step-by-Step Tutorial,883.0,storyboard,28,224.76,232.79,8.03,https://youtu.be/e2RHQ6LVr-w?t=225s,measure_wax,prep,1,0.45,Measuring wax into a metal bowl.,com se iv,1,0.0,0.148,0.157,0.597,0.099,"#e0d4bf,#99846f,#38261b",1,,
e2RHQ6LVr-w,https://www.youtube.com/watch?v=e2RHQ6LVr-w,Making Candles at Home- Full Step-by-Step Tutorial,883.0,storyboard,29,232.79,240.82,8.03,https://youtu.be/e2RHQ6LVr-w?t=233s,melt_wax,process,1,0.5,Melting wax in a metal bowl / double boiler.,,0,0.0,0.117,0.253,0.622,0.096,"#b4a494,#ede6db,#604f42",1,,
e2RHQ6LVr-w,https://www.youtube.com/watch?v=e2RHQ6LVr-w,Making Candles at Home- Full Step-by-Step Tutorial,883.0,storyboard,31,248.85,256.87,8.02,https://youtu.be/e2RHQ6LVr-w?t=249s,add_fragrance,process,1,0.4,Adding fragrance to the melted wax.,vo,0,0.0,0.089,0.25,0.623,0.085,"#b3a391,#e0d4c6,#6f6153",1,,
e2RHQ6LVr-w,https://www.youtube.com/watch?v=e2RHQ6LVr-w,Making Candles at Home- Full Step-by-Step Tutorial,883.0,storyboard,32,256.87,264.9,8.03,https://youtu.be/e2RHQ6LVr-w?t=257s,measure_wax,prep,1,0.45,Measuring wax into a metal bowl.,,0,0.0,0.089,0.12,0.503,0.106,"#dccdb9,#1d1411,#8b7060",1,,
e2RHQ6LVr-w,https://www.youtube.com/watch?v=e2RHQ6LVr-w,Making Candles at Home- Full Step-by-Step Tutorial,883.0,storyboard,33,264.9,272.93,8.03,https://youtu.be/e2RHQ6LVr-w?t=265s,melt_wax,process,1,0.5,Melting wax in a metal bowl / double boiler.,,0,0.0,0.097,0.344,0.476,0.093,"#1b1513,#817165,#b9a699",1,,
e2RHQ6LVr-w,https://www.youtube.com/watch?v=e2RHQ6LVr-w,Making Candles at Home- Full Step-by-Step Tutorial,883.0,storyboard,35,280.95,288.98,8.03,https://youtu.be/e2RHQ6LVr-w?t=281s,add_fragrance,process,1,0.4,Adding fragrance to the melted wax.,1 wie gal ee,1,0.0,0.177,0.0,0.564,0.085,"#dfd3c1,#988674,#2a1e16",1,,
e2RHQ6LVr-w,https://www.youtube.com/watch?v=e2RHQ6LVr-w,Making Candles at Home- Full Step-by-Step Tutorial,883.0,storyboard,36,288.98,297.01,8.03,https://youtu.be/e2RHQ6LVr-w?t=289s,measure_wax,prep,1,0.45,Measuring wax into a metal bowl.,oa ahh,0,0.0,0.108,0.293,0.555,0.09,"#928273,#cec2b7,#45342a",1,,
e2RHQ6LVr-w,https://www.youtube.com/watch?v=e2RHQ6LVr-w,Making Candles at Home- Full Step-by-Step Tutorial,883.0,storyboard,37,297.01,305.04,8.03,https://youtu.be/e2RHQ6LVr-w?t=297s,melt_wax,process,1,0.5,Melting wax in a metal bowl / double boiler.,wag 8,0,0.0,0.137,0.267,0.535,0.098,"#d6c8b6,#907a69,#2e2016",1,,
e2RHQ6LVr-w,https://www.youtube.com/watch?v=e2RHQ6LVr-w,Making Candles at Home- Full Step-by-Step Tutorial,883.0,storyboard,39,313.06,321.09,8.03,https://youtu.be/e2RHQ6LVr-w?t=313s,add_fragrance,process,1,0.4,Adding fragrance to the melted wax.,,0,0.0,0.137,0.342,0.411,0.074,"#d2c3b3,#8d7b6d,#342921",1,,
e2RHQ6LVr-w,https://www.youtube.com/watch?v=e2RHQ6LVr-w,Making Candles at Home- Full Step-by-Step Tutorial,883.0,storyboard,41,329.12,337.15,8.03,https://youtu.be/e2RHQ6LVr-w?t=329s,melt_wax,process,1,0.5,Melting wax in a metal bowl / double boiler.,,0,0.0,0.041,0.0,0.502,0.105,"#a2846f,#644a36,#d3c1b4",1,,
e2RHQ6LVr-w,https://www.youtube.com/watch?v=e2RHQ6LVr-w,Making Candles at Home- Full Step-by-Step Tutorial,883.0,storyboard,43,345.17,353.2,8.03,https://youtu.be/e2RHQ6LVr-w?t=345s,add_fragrance,process,1,0.4,Adding fragrance to the melted wax.,eS,0,0.0,0.099,0.104,0.497,0.109,"#9b7a66,#705444,#bda18e",1,,
e2RHQ6LVr-w,https://www.youtube.com/watch?v=e2RHQ6LVr-w,Making Candles at Home- Full Step-by-Step Tutorial,883.0,storyboard,45,361.23,369.25,8.02,https://youtu.be/e2RHQ6LVr-w?t=361s,melt_wax,process,1,0.5,Melting wax in a metal bowl / double boiler.,tat by csi ee it 2 ea 7 ey,1,0.0,0.168,0.058,0.594,0.091,"#a4948b,#d8d3cc,#644c42",1,,
e2RHQ6LVr-w,https://www.youtube.com/watch?v=e2RHQ6LVr-w,Making Candles at Home- Full Step-by-Step Tutorial,883.0,storyboard,47,377.28,385.31,8.03,https://youtu.be/e2RHQ6LVr-w?t=377s,add_fragrance,process,1,0.4,Adding fragrance to the melted wax.,,0,0.0,0.068,0.279,0.507,0.091,"#d7c8b4,#2d241e,#897668",1,,
e2RHQ6LVr-w,https://www.youtube.com/watch?v=e2RHQ6LVr-w,Making Candles at Home- Full Step-by-Step Tutorial,883.0,storyboard,48,385.31,393.34,8.03,https://youtu.be/e2RHQ6LVr-w?t=385s,melt_wax,process,1,0.5,Stirring the melting wax in the bowl.,,0,0.0,0.128,0.322,0.469,0.101,"#d4c5b1,#876d5d,#2c211a",1,,
e2RHQ6LVr-w,https://www.youtube.com/watch?v=e2RHQ6LVr-w,Making Candles at Home- Full Step-by-Step Tutorial,883.0,storyboard,57,457.55,465.58,8.03,https://youtu.be/e2RHQ6LVr-w?t=458s,melt_wax,process,1,0.5,Stirring the melting wax in the bowl.,,0,0.0,0.097,0.0,0.539,0.105,"#d9c8b7,#8d7262,#281e19",1,,
e2RHQ6LVr-w,https://www.youtube.com/watch?v=e2RHQ6LVr-w,Making Candles at Home- Full Step-by-Step Tutorial,883.0,storyboard,58,465.58,473.61,8.03,https://youtu.be/e2RHQ6LVr-w?t=466s,pour_wax,assemble,1,0.45,Pouring wax into the jar/plate.,Nec,0,0.0,0.102,0.297,0.516,0.106,"#897764,#cbbdad,#483629",1,,
e2RHQ6LVr-w,https://www.youtube.com/watch?v=e2RHQ6LVr-w,Making Candles at Home- Full Step-by-Step Tutorial,883.0,storyboard,60,481.64,489.66,8.02,https://youtu.be/e2RHQ6LVr-w?t=482s,melt_wax,process,1,0.5,Stirring the melting wax in the bowl.,"ig Mk,",0,0.0,0.125,0.111,0.328,0.118,"#9e7d6a,#140f0c,#5f4e46",1,,
e2RHQ6LVr-w,https://www.youtube.com/watch?v=e2RHQ6LVr-w,Making Candles at Home- Full Step-by-Step Tutorial,883.0,storyboard,63,505.72,513.75,8.03,https://youtu.be/e2RHQ6LVr-w?t=506s,melt_wax,process,1,0.5,Stirring the melting wax in the bowl.,wage,0,0.0,0.178,0.0,0.552,0.089,"#d3c7b5,#938170,#44362c",1,,
e2RHQ6LVr-w,https://www.youtube.com/watch?v=e2RHQ6LVr-w,Making Candles at Home- Full Step-by-Step Tutorial,883.0,storyboard,64,513.75,521.77,8.02,https://youtu.be/e2RHQ6LVr-w?t=514s,pour_wax,assemble,1,0.45,Pouring wax into the jar/plate.,rT,0,0.0,0.102,0.113,0.328,0.102,"#654f48,#1e1615,#b29a8f",1,,
e2RHQ6LVr-w,https://www.youtube.com/watch?v=e2RHQ6LVr-w,Making Candles at Home- Full Step-by-Step Tutorial,883.0,storyboard,66,529.8,537.83,8.03,https://youtu.be/e2RHQ6LVr-w?t=530s,melt_wax,process,1,0.5,Stirring the melting wax in the bowl.,ier:,0,0.0,0.116,0.119,0.254,0.113,"#1f1715,#a48171,#6a4f45",1,,
e2RHQ6LVr-w,https://www.youtube.com/watch?v=e2RHQ6LVr-w,Making Candles at Home- Full Step-by-Step Tutorial,883.0,storyboard,67,537.83,545.85,8.02,https://youtu.be/e2RHQ6LVr-w?t=538s,pour_wax,assemble,1,0.45,Pouring wax into the jar/plate.,2 we,0,0.0,0.159,0.316,0.459,0.09,"#18110e,#cbbbaa,#806a5b",1,,
e2RHQ6LVr-w,https://www.youtube.com/watch?v=e2RHQ6LVr-w,Making Candles at Home- Full Step-by-Step Tutorial,883.0,storyboard,69,553.88,561.91,8.03,https://youtu.be/e2RHQ6LVr-w?t=554s,melt_wax,process,1,0.5,Stirring the melting wax in the bowl.,rs,0,0.0,0.102,0.288,0.373,0.079,"#221c1a,#655d55,#ab9f94",1,,
e2RHQ6LVr-w,https://www.youtube.com/watch?v=e2RHQ6LVr-w,Making Candles at Home- Full Step-by-Step Tutorial,883.0,storyboard,70,561.91,569.94,8.03,https://youtu.be/e2RHQ6LVr-w?t=562s,pour_wax,assemble,1,0.45,Pouring wax into the jar/plate.,Sy 4 om,0,0.0,0.209,0.05,0.559,0.08,"#d1c5b7,#827166,#30251e",1,,
e2RHQ6LVr-w,https://www.youtube.com/watch?v=e2RHQ6LVr-w,Making Candles at Home- Full Step-by-Step Tutorial,883.0,storyboard,72,577.96,585.99,8.03,https://youtu.be/e2RHQ6LVr-w?t=578s,pour_wax,assemble,1,0.45,Pouring wax into the jars.,bi ts oe si,1,0.0,0.169,0.3,0.482,0.088,"#8a7562,#d5c7b5,#382b21",1,,
e2RHQ6LVr-w,https://www.youtube.com/watch?v=e2RHQ6LVr-w,Making Candles at Home- Full Step-by-Step Tutorial,883.0,storyboard,73,585.99,594.02,8.03,https://youtu.be/e2RHQ6LVr-w?t=586s,set_wick,assemble,1,0.45,Setting/centring the wick.,5 7 4 an,1,0.0,0.171,0.231,0.353,0.084,"#a49480,#17120e,#5c5042",1,,
e2RHQ6LVr-w,https://www.youtube.com/watch?v=e2RHQ6LVr-w,Making Candles at Home- Full Step-by-Step Tutorial,883.0,storyboard,75,602.05,610.07,8.02,https://youtu.be/e2RHQ6LVr-w?t=602s,pour_wax,assemble,1,0.45,Pouring wax into the jars.,,0,0.0,0.17,0.103,0.349,0.102,"#19120f,#7d6556,#c6b9aa",1,,
e2RHQ6LVr-w,https://www.youtube.com/watch?v=e2RHQ6LVr-w,Making Candles at Home- Full Step-by-Step Tutorial,883.0,storyboard,76,610.07,618.1,8.03,https://youtu.be/e2RHQ6LVr-w?t=610s,set_wick,assemble,1,0.45,Setting/centring the wick.,ee SS al oF aa,1,0.0,0.169,0.104,0.392,0.091,"#7a6556,#261c16,#baaa9b",1,,
e2RHQ6LVr-w,https://www.youtube.com/watch?v=e2RHQ6LVr-w,Making Candles at Home- Full Step-by-Step Tutorial,883.0,storyboard,78,626.13,634.15,8.02,https://youtu.be/e2RHQ6LVr-w?t=626s,pour_wax,assemble,1,0.45,Pouring wax into the jars.,7. yy 4,0,0.0,0.175,0.308,0.384,0.096,"#cebfb0,#786053,#2a1d17",1,,
e2RHQ6LVr-w,https://www.youtube.com/watch?v=e2RHQ6LVr-w,Making Candles at Home- Full Step-by-Step Tutorial,883.0,storyboard,79,634.15,642.18,8.03,https://youtu.be/e2RHQ6LVr-w?t=634s,set_wick,assemble,1,0.45,Setting/centring the wick.,,0,0.0,0.228,0.0,0.501,0.087,"#d3c5b5,#35251e,#8e7a6c",1,,
e2RHQ6LVr-w,https://www.youtube.com/watch?v=e2RHQ6LVr-w,Making Candles at Home- Full Step-by-Step Tutorial,883.0,storyboard,81,650.21,658.24,8.03,https://youtu.be/e2RHQ6LVr-w?t=650s,pour_wax,assemble,1,0.45,Pouring wax into the jars.,,0,0.0,0.177,0.077,0.509,0.088,"#cdbfaf,#7d6557,#2b1f18",1,,
e2RHQ6LVr-w,https://www.youtube.com/watch?v=e2RHQ6LVr-w,Making Candles at Home- Full Step-by-Step Tutorial,883.0,storyboard,82,658.24,666.26,8.02,https://youtu.be/e2RHQ6LVr-w?t=658s,set_wick,assemble,1,0.45,Setting/centring the wick.,,0,0.0,0.15,0.348,0.344,0.077,"#1b1513,#63554b,#b2a192",1,,
e2RHQ6LVr-w,https://www.youtube.com/watch?v=e2RHQ6LVr-w,Making Candles at Home- Full Step-by-Step Tutorial,883.0,storyboard,84,674.29,682.32,8.03,https://youtu.be/e2RHQ6LVr-w?t=674s,pour_wax,assemble,1,0.45,Pouring wax into the jars.,ak,0,0.0,0.198,0.065,0.516,0.081,"#c9bba9,#7d6a5b,#35281e",1,,
e2RHQ6LVr-w,https://www.youtube.com/watch?v=e2RHQ6LVr-w,Making Candles at Home- Full Step-by-Step Tutorial,883.0,storyboard,85,682.32,690.35,8.03,https://youtu.be/e2RHQ6LVr-w?t=682s,set_wick,assemble,1,0.45,Setting/centring the wick.,,0,0.0,0.196,0.0,0.491,0.084,"#cfc1b0,#887667,#3a2b21",1,,
e2RHQ6LVr-w,https://www.youtube.com/watch?v=e2RHQ6LVr-w,Making Candles at Home- Full Step-by-Step Tutorial,883.0,storyboard,87,698.37,706.4,8.03,https://youtu.be/e2RHQ6LVr-w?t=698s,pour_wax,assemble,1,0.45,Pouring wax into the jars.,re:,0,0.0,0.118,0.124,0.432,0.109,"#89705e,#4e382d,#b39f91",1,,
e2RHQ6LVr-w,https://www.youtube.com/watch?v=e2RHQ6LVr-w,Making Candles at Home- Full Step-by-Step Tutorial,883.0,storyboard,90,722.45,730.48,8.03,https://youtu.be/e2RHQ6LVr-w?t=722s,pour_wax,assemble,1,0.45,Pouring wax into the jars.,uo ay,0,0.0,0.108,0.0,0.576,0.085,"#d2c2b3,#83695b,#291d17",1,,
e2RHQ6LVr-w,https://www.youtube.com/watch?v=e2RHQ6LVr-w,Making Candles at Home- Full Step-by-Step Tutorial,883.0,storyboard,97,778.65,786.67,8.02,https://youtu.be/e2RHQ6LVr-w?t=779s,reveal_result,finish,1,0.5,Host holds the finished jar candle.,tale,0,0.0,0.069,0.425,0.773,0.032,"#cdc1b7,#342822,#8e7d73",1,,
e2RHQ6LVr-w,https://www.youtube.com/watch?v=e2RHQ6LVr-w,Making Candles at Home- Full Step-by-Step Tutorial,883.0,storyboard,98,786.67,794.7,8.03,https://youtu.be/e2RHQ6LVr-w?t=787s,reveal_result,finish,1,0.5,Host holds the finished jar candle.,tale,0,0.0,0.081,0.0,0.564,0.064,"#cdc1b7,#342822,#8e7d73",1,,
e2RHQ6LVr-w,https://www.youtube.com/watch?v=e2RHQ6LVr-w,Making Candles at Home- Full Step-by-Step Tutorial,883.0,storyboard,99,794.7,802.73,8.03,https://youtu.be/e2RHQ6LVr-w?t=795s,reveal_result,finish,1,0.5,Host holds the finished jar candle.,tale,0,0.0,0.081,0.0,0.564,0.064,"#cdc1b7,#342822,#8e7c72",1,,
e2RHQ6LVr-w,https://www.youtube.com/watch?v=e2RHQ6LVr-w,Making Candles at Home- Full Step-by-Step Tutorial,883.0,storyboard,100,802.73,810.75,8.02,https://youtu.be/e2RHQ6LVr-w?t=803s,reveal_result,finish,1,0.5,Host holds the finished jar candle.,tale,0,0.0,0.081,0.0,0.564,0.064,"#cdc1b7,#342822,#8f7d73",1,,
e2RHQ6LVr-w,https://www.youtube.com/watch?v=e2RHQ6LVr-w,Making Candles at Home- Full Step-by-Step Tutorial,883.0,storyboard,101,810.75,818.78,8.03,https://youtu.be/e2RHQ6LVr-w?t=811s,reveal_result,finish,1,0.5,Host holds the finished jar candle.,tale,0,0.0,0.081,0.0,0.564,0.064,"#cdc1b7,#342822,#8e7c72",1,,
e2RHQ6LVr-w,https://www.youtube.com/watch?v=e2RHQ6LVr-w,Making Candles at Home- Full Step-by-Step Tutorial,883.0,storyboard,102,818.78,826.81,8.03,https://youtu.be/e2RHQ6LVr-w?t=819s,reveal_result,finish,1,0.5,Host holds the finished jar candle.,tale,0,0.0,0.081,0.0,0.564,0.064,"#cdc1b7,#342822,#8e7c72",1,,
e2RHQ6LVr-w,https://www.youtube.com/watch?v=e2RHQ6LVr-w,Making Candles at Home- Full Step-by-Step Tutorial,883.0,storyboard,103,826.81,834.84,8.03,https://youtu.be/e2RHQ6LVr-w?t=827s,reveal_result,finish,1,0.5,Host holds the finished jar candle.,tale,0,0.0,0.081,0.0,0.564,0.064,"#cdc1b7,#342822,#8e7c72",1,,
ejlyZKwVMU8,https://www.youtube.com/watch?v=ejlyZKwVMU8,HOW TO MAKE WOODEN WICK SCENTED CANDLE | SOY WAX VANILLA SANDAL CANDLE DIY,117.0,storyboard,0,0.0,7.8,7.8,https://youtu.be/ejlyZKwVMU8?t=0s,gather_materials,prep,1,0.5,Overhead: a small grey handmade clay cup sits ready on a white surface.,ee,0,0.0,0.026,0.077,0.583,0.045,"#b2b2b1,#93918e,#605d58",1,,
ejlyZKwVMU8,https://www.youtube.com/watch?v=ejlyZKwVMU8,HOW TO MAKE WOODEN WICK SCENTED CANDLE | SOY WAX VANILLA SANDAL CANDLE DIY,117.0,storyboard,1,7.8,15.6,7.8,https://youtu.be/ejlyZKwVMU8?t=8s,gather_materials,prep,1,0.55,A hand holds the clay vessel (caption 'handmade clay cup') beside a pile of white soy wax flakes.,AL,0,0.0,0.042,0.08,0.565,0.081,"#98908b,#c1c0be,#685e58",1,,description references on-screen text but OCR found none
ejlyZKwVMU8,https://www.youtube.com/watch?v=ejlyZKwVMU8,HOW TO MAKE WOODEN WICK SCENTED CANDLE | SOY WAX VANILLA SANDAL CANDLE DIY,117.0,storyboard,2,15.6,23.4,7.8,https://youtu.be/ejlyZKwVMU8?t=16s,measure_wax,prep,1,0.6,White wax flakes are scooped toward a black melting cup to be portioned.,ec 4,0,0.333,0.065,0.07,0.572,0.05,"#918b87,#bdbab7,#554f4c",1,,
ejlyZKwVMU8,https://www.youtube.com/watch?v=ejlyZKwVMU8,HOW TO MAKE WOODEN WICK SCENTED CANDLE | SOY WAX VANILLA SANDAL CANDLE DIY,117.0,storyboard,3,23.4,31.2,7.8,https://youtu.be/ejlyZKwVMU8?t=23s,measure_wax,prep,1,0.6,Wax flakes poured into the black melting cup.,ob,0,0.0,0.017,0.067,0.591,0.036,"#babab6,#96948f,#5a5854",1,,
ejlyZKwVMU8,https://www.youtube.com/watch?v=ejlyZKwVMU8,HOW TO MAKE WOODEN WICK SCENTED CANDLE | SOY WAX VANILLA SANDAL CANDLE DIY,117.0,storyboard,4,31.2,39.0,7.8,https://youtu.be/ejlyZKwVMU8?t=31s,prepare_container,prep,1,0.6,Caption 'glue'; adhesive is applied to seat the wooden wick base inside the clay cup.,sts,0,0.0,0.046,0.082,0.588,0.054,"#bdbcb9,#999691,#645f59",1,,description references on-screen text but OCR found none
ejlyZKwVMU8,https://www.youtube.com/watch?v=ejlyZKwVMU8,HOW TO MAKE WOODEN WICK SCENTED CANDLE | SOY WAX VANILLA SANDAL CANDLE DIY,117.0,storyboard,5,39.0,46.8,7.8,https://youtu.be/ejlyZKwVMU8?t=39s,prepare_container,prep,1,0.6,The wooden wick is set upright in the clay cup; melted wax in the black cup nearby.,,0,0.0,0.079,0.041,0.586,0.047,"#b5b4b2,#766d66,#36332e",1,,
ejlyZKwVMU8,https://www.youtube.com/watch?v=ejlyZKwVMU8,HOW TO MAKE WOODEN WICK SCENTED CANDLE | SOY WAX VANILLA SANDAL CANDLE DIY,117.0,storyboard,6,46.8,54.6,7.8,https://youtu.be/ejlyZKwVMU8?t=47s,prepare_container,prep,1,0.55,Caption 'cut the wick'; the wooden wick is trimmed to height over the cup.,"mm,",0,0.0,0.062,0.102,0.558,0.088,"#b9b6b3,#7b6f68,#453b33",1,,description references on-screen text but OCR found none
ejlyZKwVMU8,https://www.youtube.com/watch?v=ejlyZKwVMU8,HOW TO MAKE WOODEN WICK SCENTED CANDLE | SOY WAX VANILLA SANDAL CANDLE DIY,117.0,storyboard,7,54.6,62.4,7.8,https://youtu.be/ejlyZKwVMU8?t=55s,prepare_container,prep,1,0.55,Hands steady the clay cup with its centred wooden wick.,lhe tS,0,0.0,0.045,0.114,0.578,0.059,"#bab9b8,#9c958f,#5f5b56",1,,
ejlyZKwVMU8,https://www.youtube.com/watch?v=ejlyZKwVMU8,HOW TO MAKE WOODEN WICK SCENTED CANDLE | SOY WAX VANILLA SANDAL CANDLE DIY,117.0,storyboard,8,62.4,70.2,7.8,https://youtu.be/ejlyZKwVMU8?t=62s,add_fragrance,process,1,0.45,The melted wax in the black cup is scented before pouring; clay cup ready alongside.,ee at,0,0.0,0.04,0.038,0.578,0.053,"#c1bebc,#968e88,#554e48",1,,
ejlyZKwVMU8,https://www.youtube.com/watch?v=ejlyZKwVMU8,HOW TO MAKE WOODEN WICK SCENTED CANDLE | SOY WAX VANILLA SANDAL CANDLE DIY,117.0,storyboard,9,70.2,78.0,7.8,https://youtu.be/ejlyZKwVMU8?t=70s,pour_wax,assemble,1,0.65,Caption 'pour scented wax into cup'; molten wax poured into the clay cup.,Lal,0,0.0,0.019,0.062,0.582,0.046,"#bbbab8,#928b87,#59534e",1,,description references on-screen text but OCR found none
ejlyZKwVMU8,https://www.youtube.com/watch?v=ejlyZKwVMU8,HOW TO MAKE WOODEN WICK SCENTED CANDLE | SOY WAX VANILLA SANDAL CANDLE DIY,117.0,storyboard,10,78.0,85.8,7.8,https://youtu.be/ejlyZKwVMU8?t=78s,pour_wax,assemble,1,0.6,The clay cup fills with scented wax around the wooden wick.,ee ae,0,0.0,0.021,0.046,0.57,0.044,"#b9bab9,#8e8883,#514e4b",1,,
ejlyZKwVMU8,https://www.youtube.com/watch?v=ejlyZKwVMU8,HOW TO MAKE WOODEN WICK SCENTED CANDLE | SOY WAX VANILLA SANDAL CANDLE DIY,117.0,storyboard,11,85.8,93.6,7.8,https://youtu.be/ejlyZKwVMU8?t=86s,cure_cool,assemble,1,0.55,Caption 'leave for 1 hour'; the filled cup rests to set.,owe,0,0.0,0.062,0.113,0.573,0.063,"#bab9b6,#8c817b,#584a43",1,,description references on-screen text but OCR found none
ejlyZKwVMU8,https://www.youtube.com/watch?v=ejlyZKwVMU8,HOW TO MAKE WOODEN WICK SCENTED CANDLE | SOY WAX VANILLA SANDAL CANDLE DIY,117.0,storyboard,12,93.6,101.4,7.8,https://youtu.be/ejlyZKwVMU8?t=94s,trim_wick,finish,1,0.55,Caption 'cut unnecessary part of the wick'; the wooden wick is trimmed on the set candle.,Pe,0,0.0,0.072,0.08,0.57,0.073,"#bab9b6,#8d857f,#5a4c44",1,,description references on-screen text but OCR found none
ejlyZKwVMU8,https://www.youtube.com/watch?v=ejlyZKwVMU8,HOW TO MAKE WOODEN WICK SCENTED CANDLE | SOY WAX VANILLA SANDAL CANDLE DIY,117.0,storyboard,13,101.4,109.2,7.8,https://youtu.be/ejlyZKwVMU8?t=101s,reveal_result,finish,1,0.6,Trimmed candle is lit; red heart decor in frame.,Soo Qu,0,0.0,0.174,0.177,0.623,0.057,"#c7c6c2,#9f9e99,#675f5b",1,,
ejlyZKwVMU8,https://www.youtube.com/watch?v=ejlyZKwVMU8,HOW TO MAKE WOODEN WICK SCENTED CANDLE | SOY WAX VANILLA SANDAL CANDLE DIY,117.0,storyboard,14,109.2,117.0,7.8,https://youtu.be/ejlyZKwVMU8?t=109s,reveal_result,finish,1,0.65,Beauty shot of the finished wooden-wick clay-cup candles lit.,EE EL,0,0.0,0.036,0.304,0.203,0.01,"#000000,#010001,#000200",1,,
eyBrs0uVjyw,https://www.youtube.com/watch?v=eyBrs0uVjyw,DIY candle making kit,549.0,storyboard,34,270.52,278.48,7.96,https://youtu.be/eyBrs0uVjyw?t=271s,gather_materials,prep,1,0.45,Unboxing/showing the candle-kit supplies.,oe,0,0.0,0.076,0.0,0.511,0.103,"#d9d1c4,#352624,#89736b",1,,
eyBrs0uVjyw,https://www.youtube.com/watch?v=eyBrs0uVjyw,DIY candle making kit,549.0,storyboard,39,310.3,318.26,7.96,https://youtu.be/eyBrs0uVjyw?t=310s,gather_materials,prep,1,0.45,Unboxing/showing the candle-kit supplies.,2 ph,0,0.0,0.079,0.101,0.639,0.113,"#d6ccbe,#91785f,#2f2824",1,,
eyBrs0uVjyw,https://www.youtube.com/watch?v=eyBrs0uVjyw,DIY candle making kit,549.0,storyboard,40,318.26,326.22,7.96,https://youtu.be/eyBrs0uVjyw?t=318s,gather_materials,prep,1,0.45,Unboxing/showing the candle-kit supplies.,9,0,0.0,0.066,0.067,0.51,0.138,"#462d2c,#ddd7ce,#9a7f73",1,,
eyBrs0uVjyw,https://www.youtube.com/watch?v=eyBrs0uVjyw,DIY candle making kit,549.0,storyboard,60,477.39,485.35,7.96,https://youtu.be/eyBrs0uVjyw?t=477s,gather_materials,prep,1,0.45,Unboxing/showing the candle-kit supplies.,2 ta,0,0.0,0.137,0.0,0.55,0.103,"#cbc4b9,#362626,#8c776f",1,,
eyBrs0uVjyw,https://www.youtube.com/watch?v=eyBrs0uVjyw,DIY candle making kit,549.0,storyboard,65,517.17,525.13,7.96,https://youtu.be/eyBrs0uVjyw?t=517s,reveal_result,finish,1,0.4,Finished white candle/jars displayed.,6 pa cae. os 5,1,0.0,0.189,0.0,0.337,0.142,"#200806,#bcb0a9,#725856",1,,
eyBrs0uVjyw,https://www.youtube.com/watch?v=eyBrs0uVjyw,DIY candle making kit,549.0,storyboard,66,525.13,533.09,7.96,https://youtu.be/eyBrs0uVjyw?t=525s,reveal_result,finish,1,0.4,Finished jars; 'THANK YOU'.,6 pa cae. os 5,1,0.0,0.189,0.0,0.337,0.142,"#200806,#bcb0a9,#725856",1,,
eyBrs0uVjyw,https://www.youtube.com/watch?v=eyBrs0uVjyw,DIY candle making kit,549.0,storyboard,67,533.09,541.04,7.95,https://youtu.be/eyBrs0uVjyw?t=533s,reveal_result,finish,1,0.4,Finished kit candles shown.,6 pa cae. os 5,1,0.0,0.189,0.0,0.337,0.142,"#200806,#bcb0a9,#725856",1,,
eyHB2gfWo_I,https://www.youtube.com/watch?v=eyHB2gfWo_I,How to make Coconut Wax Candles at home,324.0,storyboard,1,8.1,16.2,8.1,https://youtu.be/eyHB2gfWo_I?t=8s,melt_wax,process,1,0.55,A large pot of cream coconut wax.,,0,0.0,0.089,0.188,0.363,0.154,"#3b2f19,#7c6a49,#afa185",1,,
eyHB2gfWo_I,https://www.youtube.com/watch?v=eyHB2gfWo_I,How to make Coconut Wax Candles at home,324.0,storyboard,2,16.2,24.3,8.1,https://youtu.be/eyHB2gfWo_I?t=16s,melt_wax,process,1,0.55,Melting wax in the big pot; host nearby.,se,0,0.0,0.04,0.206,0.486,0.176,"#c1a67d,#957852,#543a1e",1,,
eyHB2gfWo_I,https://www.youtube.com/watch?v=eyHB2gfWo_I,How to make Coconut Wax Candles at home,324.0,storyboard,3,24.3,32.4,8.1,https://youtu.be/eyHB2gfWo_I?t=24s,melt_wax,process,1,0.5,Cream wax poured/decanted from the pot.,in? On ee pas,1,0.0,0.074,0.0,0.427,0.213,"#8b6d3c,#673015,#cbb9a1",1,,
eyHB2gfWo_I,https://www.youtube.com/watch?v=eyHB2gfWo_I,How to make Coconut Wax Candles at home,324.0,storyboard,4,32.4,40.5,8.1,https://youtu.be/eyHB2gfWo_I?t=32s,melt_wax,process,1,0.45,Host at the table with empty jars.,wo ve,0,0.0,0.055,0.246,0.484,0.191,"#937240,#642e13,#cdbda4",1,,
eyHB2gfWo_I,https://www.youtube.com/watch?v=eyHB2gfWo_I,How to make Coconut Wax Candles at home,324.0,storyboard,5,40.5,48.6,8.1,https://youtu.be/eyHB2gfWo_I?t=40s,melt_wax,process,1,0.5,The big pot of melted coconut wax.,PNe,0,0.0,0.023,0.205,0.391,0.136,"#3f382c,#8a8377,#dde1e2",1,,
eyHB2gfWo_I,https://www.youtube.com/watch?v=eyHB2gfWo_I,How to make Coconut Wax Candles at home,324.0,storyboard,6,48.6,56.7,8.1,https://youtu.be/eyHB2gfWo_I?t=49s,pour_wax,assemble,1,0.5,Readying to pour from the pot.,"ete, 5 Sa",1,0.0,0.099,0.194,0.286,0.137,"#291f12,#5f563c,#979075",1,,
eyHB2gfWo_I,https://www.youtube.com/watch?v=eyHB2gfWo_I,How to make Coconut Wax Candles at home,324.0,storyboard,7,56.7,64.8,8.1,https://youtu.be/eyHB2gfWo_I?t=57s,pour_wax,assemble,1,0.55,Cream wax poured into glass jars on the table.,4 fr ae ls CS 2 zs,1,0.0,0.142,0.042,0.284,0.13,"#251b0f,#594a32,#978c64",1,,
eyHB2gfWo_I,https://www.youtube.com/watch?v=eyHB2gfWo_I,How to make Coconut Wax Candles at home,324.0,storyboard,8,64.8,72.9,8.1,https://youtu.be/eyHB2gfWo_I?t=65s,pour_wax,assemble,1,0.6,Pouring wax into the glass jars.,Fv,0,0.0,0.071,0.085,0.49,0.215,"#a2894f,#793e1d,#ded4b9",1,,
eyHB2gfWo_I,https://www.youtube.com/watch?v=eyHB2gfWo_I,How to make Coconut Wax Candles at home,324.0,storyboard,9,72.9,81.0,8.1,https://youtu.be/eyHB2gfWo_I?t=73s,pour_wax,assemble,1,0.6,Jars filling with cream wax.,"4 Lae,",0,0.0,0.071,0.038,0.503,0.238,"#a1864e,#773a1b,#daceb3",1,,
eyHB2gfWo_I,https://www.youtube.com/watch?v=eyHB2gfWo_I,How to make Coconut Wax Candles at home,324.0,storyboard,10,81.0,89.1,8.1,https://youtu.be/eyHB2gfWo_I?t=81s,pour_wax,assemble,1,0.55,Host pours wax into more jars.,7 nD me oo,1,0.0,0.059,0.2,0.444,0.203,"#a58a52,#7e441f,#e0d2b8",1,,
eyHB2gfWo_I,https://www.youtube.com/watch?v=eyHB2gfWo_I,How to make Coconut Wax Candles at home,324.0,storyboard,11,89.1,97.2,8.1,https://youtu.be/eyHB2gfWo_I?t=89s,pour_wax,assemble,1,0.55,Continuing to fill the jars.,me. xy yy 1 4 ed,1,0.0,0.094,0.0,0.494,0.112,"#828164,#afa798,#484429",1,,
eyHB2gfWo_I,https://www.youtube.com/watch?v=eyHB2gfWo_I,How to make Coconut Wax Candles at home,324.0,storyboard,12,97.2,105.3,8.1,https://youtu.be/eyHB2gfWo_I?t=97s,pour_wax,assemble,1,0.55,Pouring wax into the jars.,ct 2 an,0,0.0,0.13,0.217,0.458,0.168,"#a69c86,#7b7252,#373020",1,,
eyHB2gfWo_I,https://www.youtube.com/watch?v=eyHB2gfWo_I,How to make Coconut Wax Candles at home,324.0,storyboard,13,105.3,113.4,8.1,https://youtu.be/eyHB2gfWo_I?t=105s,pour_wax,assemble,1,0.5,Row of jars being filled.,vd am wf,1,0.0,0.104,0.225,0.438,0.18,"#75614b,#3b291a,#9b937c",1,,
eyHB2gfWo_I,https://www.youtube.com/watch?v=eyHB2gfWo_I,How to make Coconut Wax Candles at home,324.0,storyboard,14,113.4,121.5,8.1,https://youtu.be/eyHB2gfWo_I?t=113s,set_wick,assemble,1,0.45,Host adjusts wicks in the poured jars.,,0,0.0,0.067,0.019,0.438,0.215,"#927547,#6d3c1b,#cfc1ad",1,,
eyHB2gfWo_I,https://www.youtube.com/watch?v=eyHB2gfWo_I,How to make Coconut Wax Candles at home,324.0,storyboard,15,121.5,129.6,8.1,https://youtu.be/eyHB2gfWo_I?t=122s,set_wick,assemble,1,0.45,Centring wicks in the jars.,an ey,0,0.0,0.055,0.204,0.417,0.167,"#926f36,#763717,#d8c5a7",1,,
eyHB2gfWo_I,https://www.youtube.com/watch?v=eyHB2gfWo_I,How to make Coconut Wax Candles at home,324.0,storyboard,16,129.6,137.7,8.1,https://youtu.be/eyHB2gfWo_I?t=130s,set_wick,assemble,1,0.45,Host works the wicks on the table.,sie Se,0,0.0,0.055,0.227,0.428,0.204,"#9b7238,#753415,#ddc8aa",1,,
eyHB2gfWo_I,https://www.youtube.com/watch?v=eyHB2gfWo_I,How to make Coconut Wax Candles at home,324.0,storyboard,17,137.7,145.8,8.1,https://youtu.be/eyHB2gfWo_I?t=138s,cure_cool,assemble,1,0.45,Filled jars left to set.,,0,0.0,0.067,0.23,0.425,0.198,"#a6977c,#312110,#725936",1,,
eyHB2gfWo_I,https://www.youtube.com/watch?v=eyHB2gfWo_I,How to make Coconut Wax Candles at home,324.0,storyboard,19,153.9,162.0,8.1,https://youtu.be/eyHB2gfWo_I?t=154s,set_wick,assemble,1,0.45,Adjusting wicks in the jars.,ee,0,0.0,0.028,0.0,0.464,0.202,"#a08637,#85671a,#41200a",1,,
eyHB2gfWo_I,https://www.youtube.com/watch?v=eyHB2gfWo_I,How to make Coconut Wax Candles at home,324.0,storyboard,20,162.0,170.1,8.1,https://youtu.be/eyHB2gfWo_I?t=162s,pour_wax,assemble,1,0.5,Host pours/tops up the jars.,Bai,0,0.0,0.065,0.054,0.378,0.172,"#856c3d,#562c13,#c3b5a1",1,,
eyHB2gfWo_I,https://www.youtube.com/watch?v=eyHB2gfWo_I,How to make Coconut Wax Candles at home,324.0,storyboard,23,186.3,194.4,8.1,https://youtu.be/eyHB2gfWo_I?t=186s,cure_cool,assemble,1,0.45,Jars filled with cream wax setting.,,0,0.0,0.063,0.034,0.363,0.173,"#7b6239,#4d2911,#bda891",1,,
eyHB2gfWo_I,https://www.youtube.com/watch?v=eyHB2gfWo_I,How to make Coconut Wax Candles at home,324.0,storyboard,24,194.4,202.5,8.1,https://youtu.be/eyHB2gfWo_I?t=194s,set_wick,assemble,1,0.45,Host leans over the table arranging the candles.,PS.,0,0.0,0.049,0.047,0.356,0.171,"#7c6036,#4b2e13,#bfac96",1,,
eyHB2gfWo_I,https://www.youtube.com/watch?v=eyHB2gfWo_I,How to make Coconut Wax Candles at home,324.0,storyboard,25,202.5,210.6,8.1,https://youtu.be/eyHB2gfWo_I?t=202s,reveal_result,finish,1,0.5,Close-up of a finished cream jar candle with dried flowers.,,0,0.0,0.006,0.204,0.331,0.108,"#331e0a,#533d26,#716046",1,,
eyHB2gfWo_I,https://www.youtube.com/watch?v=eyHB2gfWo_I,How to make Coconut Wax Candles at home,324.0,storyboard,27,218.7,226.8,8.1,https://youtu.be/eyHB2gfWo_I?t=219s,reveal_result,finish,1,0.55,A hand lights one of the candles.,we.,0,0.0,0.046,0.0,0.38,0.173,"#ab946f,#211006,#694321",1,,
eyHB2gfWo_I,https://www.youtube.com/watch?v=eyHB2gfWo_I,How to make Coconut Wax Candles at home,324.0,storyboard,28,226.8,234.9,8.1,https://youtu.be/eyHB2gfWo_I?t=227s,reveal_result,finish,1,0.55,Host at the table with lit candles.,ui,0,0.0,0.069,0.032,0.313,0.178,"#48220e,#755c34,#b09e88",1,,
eyHB2gfWo_I,https://www.youtube.com/watch?v=eyHB2gfWo_I,How to make Coconut Wax Candles at home,324.0,storyboard,29,234.9,243.0,8.1,https://youtu.be/eyHB2gfWo_I?t=235s,reveal_result,finish,1,0.55,Lit candle close-up.,,0,0.0,0.051,0.223,0.376,0.226,"#4a2510,#785b30,#b9a58d",1,,
eyHB2gfWo_I,https://www.youtube.com/watch?v=eyHB2gfWo_I,How to make Coconut Wax Candles at home,324.0,storyboard,30,243.0,251.1,8.1,https://youtu.be/eyHB2gfWo_I?t=243s,reveal_result,finish,1,0.5,Host leans toward the lit candles.,ane 0,0,0.0,0.051,0.044,0.31,0.176,"#4c250f,#735932,#b39d86",1,,
eyHB2gfWo_I,https://www.youtube.com/watch?v=eyHB2gfWo_I,How to make Coconut Wax Candles at home,324.0,storyboard,32,259.2,267.3,8.1,https://youtu.be/eyHB2gfWo_I?t=259s,reveal_result,finish,1,0.5,Dim room with a person beside a glowing candle flame.,AP,0,0.0,0.073,0.178,0.235,0.24,"#85400d,#4c1f05,#ebc587",1,,
eyHB2gfWo_I,https://www.youtube.com/watch?v=eyHB2gfWo_I,How to make Coconut Wax Candles at home,324.0,storyboard,33,267.3,275.4,8.1,https://youtu.be/eyHB2gfWo_I?t=267s,reveal_result,finish,1,0.5,Dark room with a lit candle.,,0,0.0,0.01,0.203,0.103,0.129,"#000000,#010002,#090102",1,,
fPLxwt3A3pA,https://www.youtube.com/watch?v=fPLxwt3A3pA,DIY Transparent Candles – No Gel Wax Needed!Easy Tutorial,118.0,storyboard,0,0.0,7.87,7.87,https://youtu.be/fPLxwt3A3pA?t=0s,prepare_container,prep,1,0.4,A clear glass with red rose pieces is prepared (blurry footage).,,0,0.0,0.023,0.175,0.521,0.206,"#b09f94,#95574e,#41332c",1,,
fPLxwt3A3pA,https://www.youtube.com/watch?v=fPLxwt3A3pA,DIY Transparent Candles – No Gel Wax Needed!Easy Tutorial,118.0,storyboard,1,7.87,15.73,7.86,https://youtu.be/fPLxwt3A3pA?t=8s,gather_materials,prep,1,0.4,Red rose/petal pieces and a metal melting pot are gathered.,6 9 3,0,0.0,0.017,0.214,0.475,0.193,"#543630,#97674b,#b2b3a7",1,,
fPLxwt3A3pA,https://www.youtube.com/watch?v=fPLxwt3A3pA,DIY Transparent Candles – No Gel Wax Needed!Easy Tutorial,118.0,storyboard,2,15.73,23.6,7.87,https://youtu.be/fPLxwt3A3pA?t=16s,melt_wax,process,1,0.4,A silicone mould with red shapes and a melting pot on heat.,8 4,0,0.0,0.016,0.198,0.591,0.177,"#b2a690,#d1d2c4,#33140e",1,,
fPLxwt3A3pA,https://www.youtube.com/watch?v=fPLxwt3A3pA,DIY Transparent Candles – No Gel Wax Needed!Easy Tutorial,118.0,storyboard,3,23.6,31.47,7.87,https://youtu.be/fPLxwt3A3pA?t=24s,pour_wax,assemble,1,0.4,Caption 'Hot water'; clear liquid poured into the rose-filled glass.,we NSE Voie yg 7 ee rd Zi Li ft uf,1,0.0,0.034,0.086,0.528,0.196,"#a08d7f,#8d5e50,#b1a89c",1,,
fPLxwt3A3pA,https://www.youtube.com/watch?v=fPLxwt3A3pA,DIY Transparent Candles – No Gel Wax Needed!Easy Tutorial,118.0,storyboard,4,31.47,39.33,7.86,https://youtu.be/fPLxwt3A3pA?t=31s,pour_wax,assemble,1,0.4,The glass fills with clear wax around embedded red roses.,"Meee ia AMIN, 7 ee AS en 43 Py gies 72 OE eiairt 4 ayes OAT ihr Sesto lp Sg YG, NA rm fh. Sin nlf fay LY, pitiecse Bik testes ag 7. vv weriett ot ieee hy BOP AMRITSATSD Paes NS OM ae pe 10 Ma fe my! M",1,0.0,0.015,0.088,0.575,0.131,"#afa394,#a58170,#896353",1,,
fPLxwt3A3pA,https://www.youtube.com/watch?v=fPLxwt3A3pA,DIY Transparent Candles – No Gel Wax Needed!Easy Tutorial,118.0,storyboard,5,39.33,47.2,7.87,https://youtu.be/fPLxwt3A3pA?t=39s,pour_wax,assemble,1,0.35,A stick/wick is positioned in the clear rose candle.,,0,0.0,0.011,0.066,0.571,0.187,"#b5ab97,#a27c62,#80523d",1,,
fPLxwt3A3pA,https://www.youtube.com/watch?v=fPLxwt3A3pA,DIY Transparent Candles – No Gel Wax Needed!Easy Tutorial,118.0,storyboard,6,47.2,55.07,7.87,https://youtu.be/fPLxwt3A3pA?t=47s,pour_wax,assemble,1,0.4,More clear wax in the glass with suspended roses.,Slee OC: FBR ae ie ae is,1,0.0,0.018,0.173,0.568,0.209,"#c7bcb4,#a5867a,#963132",1,,
fPLxwt3A3pA,https://www.youtube.com/watch?v=fPLxwt3A3pA,DIY Transparent Candles – No Gel Wax Needed!Easy Tutorial,118.0,storyboard,7,55.07,62.93,7.86,https://youtu.be/fPLxwt3A3pA?t=55s,pour_wax,assemble,1,0.35,Caption 'Hot water'; a hot-water technique step (blurry).,ee. ey 2 ey ap age Pere ee TFS 5 Fousy,1,0.0,0.034,0.072,0.573,0.164,"#a0958c,#965d4d,#beb4a8",1,,
fPLxwt3A3pA,https://www.youtube.com/watch?v=fPLxwt3A3pA,DIY Transparent Candles – No Gel Wax Needed!Easy Tutorial,118.0,storyboard,8,62.93,70.8,7.87,https://youtu.be/fPLxwt3A3pA?t=63s,pour_wax,assemble,1,0.4,Clear wax poured around the roses in the glass.,"wae Spee ae ok eet: Se hy ys teeter 5 Peele eer Bech wie ee Se,",1,0.0,0.016,0.097,0.581,0.095,"#a39792,#917362,#bbb7b3",1,,
fPLxwt3A3pA,https://www.youtube.com/watch?v=fPLxwt3A3pA,DIY Transparent Candles – No Gel Wax Needed!Easy Tutorial,118.0,storyboard,9,70.8,78.67,7.87,https://youtu.be/fPLxwt3A3pA?t=71s,pour_wax,assemble,1,0.4,Glass of clear wax with roses; a blue element appears.,ade Ks FN Ya ake AG: we ef he SNe 2 ie if or. reel,1,0.0,0.049,0.175,0.528,0.129,"#856b63,#a09d97,#683939",1,,
fPLxwt3A3pA,https://www.youtube.com/watch?v=fPLxwt3A3pA,DIY Transparent Candles – No Gel Wax Needed!Easy Tutorial,118.0,storyboard,10,78.67,86.53,7.86,https://youtu.be/fPLxwt3A3pA?t=79s,pour_wax,assemble,1,0.35,A blue swirl forms — a blue transparent variant being made.,ap At 2,0,0.333,0.042,0.187,0.476,0.136,"#9e7b69,#bdb5b6,#543b32",1,,
fPLxwt3A3pA,https://www.youtube.com/watch?v=fPLxwt3A3pA,DIY Transparent Candles – No Gel Wax Needed!Easy Tutorial,118.0,storyboard,11,86.53,94.4,7.87,https://youtu.be/fPLxwt3A3pA?t=87s,pour_wax,assemble,1,0.4,A blue ice-like mass sits in the glass.,5 Bes ne sa 7 sy Aa 2 pare AL bs Gob mt? 5 oS 3 we fA iw,1,0.0,0.015,0.175,0.522,0.186,"#c1b5af,#7c706b,#4688b4",1,,
fPLxwt3A3pA,https://www.youtube.com/watch?v=fPLxwt3A3pA,DIY Transparent Candles – No Gel Wax Needed!Easy Tutorial,118.0,storyboard,12,94.4,102.27,7.87,https://youtu.be/fPLxwt3A3pA?t=94s,reveal_result,finish,1,0.4,The blue transparent candle in the glass is shown.,jo,0,0.0,0.017,0.164,0.55,0.198,"#b6aeac,#2b678c,#917d79",1,,
fPLxwt3A3pA,https://www.youtube.com/watch?v=fPLxwt3A3pA,DIY Transparent Candles – No Gel Wax Needed!Easy Tutorial,118.0,storyboard,13,102.27,110.13,7.86,https://youtu.be/fPLxwt3A3pA?t=102s,reveal_result,finish,1,0.45,"Finished blue and rose transparent candles, one shown lit.",7 ip ie Se 3 of as 2. we 4 oe Za OS Aas,1,0.0,0.03,0.141,0.515,0.205,"#beb0a6,#9a7968,#654240",1,,
fPLxwt3A3pA,https://www.youtube.com/watch?v=fPLxwt3A3pA,DIY Transparent Candles – No Gel Wax Needed!Easy Tutorial,118.0,storyboard,14,110.13,118.0,7.87,https://youtu.be/fPLxwt3A3pA?t=110s,reveal_result,finish,1,0.45,Beauty shot of the finished transparent candles with embedded roses.,Hy ich Le. ay ity ma,1,0.0,0.02,0.004,0.476,0.257,"#9c7055,#baa28e,#822320",1,,
fS_Y1fC39kM,https://www.youtube.com/watch?v=fS_Y1fC39kM,How to Make Candles with Essential Oils - Homemade Summer DIY♡ NaturallyThriftyMom,261.0,storyboard,4,31.64,39.55,7.91,https://youtu.be/fS_Y1fC39kM?t=32s,melt_wax,process,1,0.55,Double-boiler pot set up; wax melting.,azn Soin,1,0.333,0.108,0.281,0.493,0.082,"#736b6c,#2d201f,#b1b2ba",1,,
fS_Y1fC39kM,https://www.youtube.com/watch?v=fS_Y1fC39kM,How to Make Candles with Essential Oils - Homemade Summer DIY♡ NaturallyThriftyMom,261.0,storyboard,5,39.55,47.45,7.9,https://youtu.be/fS_Y1fC39kM?t=40s,melt_wax,process,1,0.5,White wax block/bag portioned into the pot.,,0,0.0,0.057,0.105,0.521,0.07,"#b3b4b8,#837a75,#36221c",1,,
fS_Y1fC39kM,https://www.youtube.com/watch?v=fS_Y1fC39kM,How to Make Candles with Essential Oils - Homemade Summer DIY♡ NaturallyThriftyMom,261.0,storyboard,6,47.45,55.36,7.91,https://youtu.be/fS_Y1fC39kM?t=47s,melt_wax,process,1,0.6,Cream wax melting in the pot.,,0,0.0,0.051,0.167,0.483,0.074,"#b5b2b6,#7f7570,#3b2522",1,,
fS_Y1fC39kM,https://www.youtube.com/watch?v=fS_Y1fC39kM,How to Make Candles with Essential Oils - Homemade Summer DIY♡ NaturallyThriftyMom,261.0,storyboard,7,55.36,63.27,7.91,https://youtu.be/fS_Y1fC39kM?t=55s,melt_wax,process,1,0.6,Stirring the melting wax.,,0,0.0,0.017,0.133,0.525,0.065,"#b3b2b6,#8a8683,#3b2422",1,,
fS_Y1fC39kM,https://www.youtube.com/watch?v=fS_Y1fC39kM,How to Make Candles with Essential Oils - Homemade Summer DIY♡ NaturallyThriftyMom,261.0,storyboard,8,63.27,71.18,7.91,https://youtu.be/fS_Y1fC39kM?t=63s,prepare_container,prep,1,0.5,An empty glass readied; a hand at the vessel.,,0,0.0,0.012,0.151,0.546,0.056,"#b4b1b4,#9a9494,#39201e",1,,
fS_Y1fC39kM,https://www.youtube.com/watch?v=fS_Y1fC39kM,How to Make Candles with Essential Oils - Homemade Summer DIY♡ NaturallyThriftyMom,261.0,storyboard,9,71.18,79.09,7.91,https://youtu.be/fS_Y1fC39kM?t=71s,pour_wax,assemble,1,0.55,Melted wax poured into the glass.,ff- Caan,1,0.0,0.015,0.108,0.509,0.081,"#afaaac,#7c6662,#41231f",1,,
fS_Y1fC39kM,https://www.youtube.com/watch?v=fS_Y1fC39kM,How to Make Candles with Essential Oils - Homemade Summer DIY♡ NaturallyThriftyMom,261.0,storyboard,10,79.09,87.0,7.91,https://youtu.be/fS_Y1fC39kM?t=79s,pour_wax,assemble,1,0.5,Melting pot beside the glass.,ue,0,0.0,0.046,0.206,0.531,0.096,"#bebaba,#451f1c,#91645a",1,,
fS_Y1fC39kM,https://www.youtube.com/watch?v=fS_Y1fC39kM,How to Make Candles with Essential Oils - Homemade Summer DIY♡ NaturallyThriftyMom,261.0,storyboard,11,87.0,94.91,7.91,https://youtu.be/fS_Y1fC39kM?t=87s,pour_wax,assemble,1,0.5,Glass with wax; hand at work.,,0,0.0,0.017,0.169,0.516,0.105,"#afabac,#786965,#3e1a19",1,,
fS_Y1fC39kM,https://www.youtube.com/watch?v=fS_Y1fC39kM,How to Make Candles with Essential Oils - Homemade Summer DIY♡ NaturallyThriftyMom,261.0,storyboard,12,94.91,102.82,7.91,https://youtu.be/fS_Y1fC39kM?t=95s,prepare_container,prep,1,0.45,Empty glasses readied with hands.,,0,0.0,0.057,0.214,0.517,0.082,"#bab6b7,#2e1614,#8a7875",1,,
fS_Y1fC39kM,https://www.youtube.com/watch?v=fS_Y1fC39kM,How to Make Candles with Essential Oils - Homemade Summer DIY♡ NaturallyThriftyMom,261.0,storyboard,13,102.82,110.73,7.91,https://youtu.be/fS_Y1fC39kM?t=103s,add_fragrance,process,1,0.45,Pot of wax with dark spices/botanicals for scent.,on,0,0.0,0.022,0.171,0.527,0.085,"#c6c4c5,#90817d,#3b2221",1,,
fS_Y1fC39kM,https://www.youtube.com/watch?v=fS_Y1fC39kM,How to Make Candles with Essential Oils - Homemade Summer DIY♡ NaturallyThriftyMom,261.0,storyboard,14,110.73,118.64,7.91,https://youtu.be/fS_Y1fC39kM?t=111s,add_fragrance,process,1,0.45,Dark beads/spices added to the wax.,Ce,0,0.0,0.047,0.192,0.534,0.083,"#bdbaba,#321e19,#7c6760",1,,
fS_Y1fC39kM,https://www.youtube.com/watch?v=fS_Y1fC39kM,How to Make Candles with Essential Oils - Homemade Summer DIY♡ NaturallyThriftyMom,261.0,storyboard,15,118.64,126.55,7.91,https://youtu.be/fS_Y1fC39kM?t=119s,pour_wax,assemble,1,0.55,Wax poured into a glass.,,0,0.0,0.028,0.115,0.55,0.093,"#b9b6b6,#2d1d17,#786859",1,,
fS_Y1fC39kM,https://www.youtube.com/watch?v=fS_Y1fC39kM,How to Make Candles with Essential Oils - Homemade Summer DIY♡ NaturallyThriftyMom,261.0,storyboard,16,126.55,134.45,7.9,https://youtu.be/fS_Y1fC39kM?t=127s,pour_wax,assemble,1,0.5,Glass with wax; stirring.,om,0,0.0,0.067,0.121,0.578,0.096,"#c6c5c6,#37211a,#877568",1,,
fS_Y1fC39kM,https://www.youtube.com/watch?v=fS_Y1fC39kM,How to Make Candles with Essential Oils - Homemade Summer DIY♡ NaturallyThriftyMom,261.0,storyboard,17,134.45,142.36,7.91,https://youtu.be/fS_Y1fC39kM?t=134s,melt_wax,process,1,0.5,Pot of melted wax.,Gx,0,0.333,0.053,0.211,0.557,0.111,"#c6c9cf,#2c2426,#6d717c",1,,
fS_Y1fC39kM,https://www.youtube.com/watch?v=fS_Y1fC39kM,How to Make Candles with Essential Oils - Homemade Summer DIY♡ NaturallyThriftyMom,261.0,storyboard,18,142.36,150.27,7.91,https://youtu.be/fS_Y1fC39kM?t=142s,melt_wax,process,1,0.5,Melting wax in the pot.,co,0,0.0,0.045,0.207,0.529,0.12,"#bfbbbb,#90695a,#4a271e",1,,
fS_Y1fC39kM,https://www.youtube.com/watch?v=fS_Y1fC39kM,How to Make Candles with Essential Oils - Homemade Summer DIY♡ NaturallyThriftyMom,261.0,storyboard,19,150.27,158.18,7.91,https://youtu.be/fS_Y1fC39kM?t=150s,pour_wax,assemble,1,0.5,Glass being filled with wax.,Sy fa 4 fey fs,1,0.0,0.073,0.261,0.48,0.15,"#887a6e,#beb8b5,#3d201c",1,,
fS_Y1fC39kM,https://www.youtube.com/watch?v=fS_Y1fC39kM,How to Make Candles with Essential Oils - Homemade Summer DIY♡ NaturallyThriftyMom,261.0,storyboard,20,158.18,166.09,7.91,https://youtu.be/fS_Y1fC39kM?t=158s,pour_wax,assemble,1,0.5,Wax poured; orange zest nearby.,ey,0,0.0,0.069,0.18,0.498,0.138,"#896b4f,#bdb9bd,#38201a",1,,
fS_Y1fC39kM,https://www.youtube.com/watch?v=fS_Y1fC39kM,How to Make Candles with Essential Oils - Homemade Summer DIY♡ NaturallyThriftyMom,261.0,storyboard,21,166.09,174.0,7.91,https://youtu.be/fS_Y1fC39kM?t=166s,decorate_finish,finish,1,0.5,Orange zest topping added to the candle surface.,Ae ek Ay Pe dd,1,0.0,0.089,0.194,0.528,0.107,"#6c5443,#969187,#c2c6d8",1,,
fS_Y1fC39kM,https://www.youtube.com/watch?v=fS_Y1fC39kM,How to Make Candles with Essential Oils - Homemade Summer DIY♡ NaturallyThriftyMom,261.0,storyboard,22,174.0,181.91,7.91,https://youtu.be/fS_Y1fC39kM?t=174s,decorate_finish,finish,1,0.5,Dried citrus/cranberry arranged on the candles.,cig,0,0.0,0.092,0.172,0.562,0.083,"#c1c0c1,#857167,#3b2422",1,,
fS_Y1fC39kM,https://www.youtube.com/watch?v=fS_Y1fC39kM,How to Make Candles with Essential Oils - Homemade Summer DIY♡ NaturallyThriftyMom,261.0,storyboard,23,181.91,189.82,7.91,https://youtu.be/fS_Y1fC39kM?t=182s,decorate_finish,finish,1,0.5,Glasses with embedded citrus garnish.,,0,0.0,0.065,0.22,0.549,0.089,"#c3c1c8,#795f53,#361b15",1,,
fS_Y1fC39kM,https://www.youtube.com/watch?v=fS_Y1fC39kM,How to Make Candles with Essential Oils - Homemade Summer DIY♡ NaturallyThriftyMom,261.0,storyboard,24,189.82,197.73,7.91,https://youtu.be/fS_Y1fC39kM?t=190s,decorate_finish,finish,1,0.45,"Candle topped with orange zest, shown overhead.",,0,0.0,0.053,0.17,0.55,0.085,"#b2b0b8,#544c41,#8c847a",1,,
fS_Y1fC39kM,https://www.youtube.com/watch?v=fS_Y1fC39kM,How to Make Candles with Essential Oils - Homemade Summer DIY♡ NaturallyThriftyMom,261.0,storyboard,25,197.73,205.64,7.91,https://youtu.be/fS_Y1fC39kM?t=198s,reveal_result,finish,1,0.55,"Finished zest-topped candle, lit, with a finger near the flame.",7,0,0.0,0.035,0.198,0.563,0.075,"#adacb1,#7a6e68,#37191b",1,,
fS_Y1fC39kM,https://www.youtube.com/watch?v=fS_Y1fC39kM,How to Make Candles with Essential Oils - Homemade Summer DIY♡ NaturallyThriftyMom,261.0,storyboard,26,205.64,213.55,7.91,https://youtu.be/fS_Y1fC39kM?t=206s,reveal_result,finish,1,0.55,Lighting the finished candle.,Aw,0,0.333,0.071,0.358,0.573,0.086,"#313533,#9ea4aa,#696e70",1,,
fhuTHnPrqIM,https://www.youtube.com/watch?v=fhuTHnPrqIM,The candle that never goes out and lasts  FOREVER,170.0,storyboard,1,8.1,16.19,8.09,https://youtu.be/fhuTHnPrqIM?t=8s,gather_materials,prep,1,0.5,"Hands lay out materials (cork, foil, wick, oil) on a wooden table.","Sy, 6 you can use any type of pebbles you hz EAs any type of pebbles you have at home iS ae Ae",1,0.0,0.079,0.077,0.55,0.17,"#c99a6f,#9f7859,#6e5132",1,,
fhuTHnPrqIM,https://www.youtube.com/watch?v=fhuTHnPrqIM,The candle that never goes out and lasts  FOREVER,170.0,storyboard,2,16.19,24.29,8.1,https://youtu.be/fhuTHnPrqIM?t=16s,prepare_container,prep,1,0.5,Hands cut and assemble the cork/foil float for the wick.,"ee ry 4 par oe now we are going toadd the water, itis very ier Nes TE Sree Oe important to.cover everything decoration with water 7 Tyee. 4 eh, mmm ene BS ay se 7",1,0.0,0.102,0.068,0.571,0.161,"#b38b5e,#cea779,#74613b",1,,
fhuTHnPrqIM,https://www.youtube.com/watch?v=fhuTHnPrqIM,The candle that never goes out and lasts  FOREVER,170.0,storyboard,3,24.29,32.38,8.09,https://youtu.be/fhuTHnPrqIM?t=24s,prepare_container,prep,1,0.5,Building the floating-wick disc.,4 you can use olive 1 orsunflower oil or ee yahiteve youWwant 5 eee mee ae? wee or ts Fat Sy 7.,1,0.0,0.065,0.031,0.57,0.17,"#a9804d,#d3a671,#7f6632",1,,
fhuTHnPrqIM,https://www.youtube.com/watch?v=fhuTHnPrqIM,The candle that never goes out and lasts  FOREVER,170.0,storyboard,4,32.38,40.48,8.1,https://youtu.be/fhuTHnPrqIM?t=32s,prepare_container,prep,1,0.5,Fitting the wick into the float.,"ty, 4 ee mer. 7 4 ry 129 wes but Trecommend that youuse the cheapestone 9 Fo ie cnn edge rt we et dn om iz Me, ny sah rs",1,0.0,0.052,0.05,0.564,0.172,"#d2a572,#a37d4f,#7a5e28",1,,
fhuTHnPrqIM,https://www.youtube.com/watch?v=fhuTHnPrqIM,The candle that never goes out and lasts  FOREVER,170.0,storyboard,5,40.48,48.57,8.09,https://youtu.be/fhuTHnPrqIM?t=40s,prepare_container,prep,1,0.5,Assembling the float beside the glass of oil.,th ox 7 ee and this is how the decoration of the candle looks Ze siege es RE ee ce Sn 7 oO 2 Get Bes et we Ps os atl rs ts ee EE,1,0.0,0.066,0.167,0.537,0.181,"#9b874e,#cdaf84,#5e4d34",1,,
fhuTHnPrqIM,https://www.youtube.com/watch?v=fhuTHnPrqIM,The candle that never goes out and lasts  FOREVER,170.0,storyboard,6,48.57,56.67,8.1,https://youtu.be/fhuTHnPrqIM?t=49s,prepare_container,prep,1,0.5,Threading the wick through the cork/foil float.,rs os 4 ry BY ea es,1,0.0,0.085,0.081,0.54,0.164,"#a98158,#d3a87d,#694827",1,,
fhuTHnPrqIM,https://www.youtube.com/watch?v=fhuTHnPrqIM,The candle that never goes out and lasts  FOREVER,170.0,storyboard,7,56.67,64.76,8.09,https://youtu.be/fhuTHnPrqIM?t=57s,set_wick,assemble,1,0.45,Hands work at the oil-filled glass with the wick.,hel Dy oo,1,0.0,0.067,0.119,0.542,0.183,"#d2a475,#9e734c,#4e321f",1,,
fhuTHnPrqIM,https://www.youtube.com/watch?v=fhuTHnPrqIM,The candle that never goes out and lasts  FOREVER,170.0,storyboard,8,64.76,72.86,8.1,https://youtu.be/fhuTHnPrqIM?t=65s,set_wick,assemble,1,0.5,The float wick is placed on the surface of the oil.,3 1 es SS oa,1,0.0,0.063,0.071,0.563,0.168,"#ac8356,#cea26f,#735831",1,,
fhuTHnPrqIM,https://www.youtube.com/watch?v=fhuTHnPrqIM,The candle that never goes out and lasts  FOREVER,170.0,storyboard,9,72.86,80.95,8.09,https://youtu.be/fhuTHnPrqIM?t=73s,set_wick,assemble,1,0.45,Adjusting the floating wick in the oil glass.,ne so Lrecommend you drill ity ith hot Pin late tng ee. ae 4,1,0.0,0.074,0.047,0.557,0.175,"#cca06f,#9d774e,#58351c",1,,
fhuTHnPrqIM,https://www.youtube.com/watch?v=fhuTHnPrqIM,The candle that never goes out and lasts  FOREVER,170.0,storyboard,10,80.95,89.05,8.1,https://youtu.be/fhuTHnPrqIM?t=81s,prepare_container,prep,1,0.45,More float assembly on a white cloth.,"6 and'this is how it urnedout, 7 4 4 atts pers oe ATILed fO MaAKSeie Ww 7 im Pa",1,0.0,0.057,0.118,0.568,0.168,"#b9996d,#725738,#e4d6cf",1,,
fhuTHnPrqIM,https://www.youtube.com/watch?v=fhuTHnPrqIM,The candle that never goes out and lasts  FOREVER,170.0,storyboard,11,89.05,97.14,8.09,https://youtu.be/fhuTHnPrqIM?t=89s,prepare_container,prep,1,0.45,Hands finish the float wick.,ga 3 ot 2 oy eel te,1,0.0,0.035,0.09,0.557,0.171,"#d8ad7d,#ab7f58,#684624",1,,
fhuTHnPrqIM,https://www.youtube.com/watch?v=fhuTHnPrqIM,The candle that never goes out and lasts  FOREVER,170.0,storyboard,12,97.14,105.24,8.1,https://youtu.be/fhuTHnPrqIM?t=97s,set_wick,assemble,1,0.45,The float wick floats on the yellow oil.,5 3 br AY,1,0.0,0.037,0.114,0.541,0.177,"#d5a478,#9b6e4c,#6b361e",1,,
fhuTHnPrqIM,https://www.youtube.com/watch?v=fhuTHnPrqIM,The candle that never goes out and lasts  FOREVER,170.0,storyboard,13,105.24,113.33,8.09,https://youtu.be/fhuTHnPrqIM?t=105s,reveal_result,finish,1,0.5,Hands light the floating wick.,now we are go ig to the bottom wart OF the Gay rE Hlck sossial ays re in the oil,1,0.333,0.071,0.109,0.554,0.172,"#d2a277,#9b6f4b,#623b1f",1,,
fhuTHnPrqIM,https://www.youtube.com/watch?v=fhuTHnPrqIM,The candle that never goes out and lasts  FOREVER,170.0,storyboard,14,113.33,121.43,8.1,https://youtu.be/fhuTHnPrqIM?t=113s,reveal_result,finish,1,0.55,The float wick ignites on the oil.,gpoisten the tip of the Wieea litle wi ee. fF. Sn yy,1,0.0,0.092,0.079,0.555,0.175,"#d4a67b,#ac835c,#76552b",1,,
fhuTHnPrqIM,https://www.youtube.com/watch?v=fhuTHnPrqIM,The candle that never goes out and lasts  FOREVER,170.0,storyboard,15,121.43,129.52,8.09,https://youtu.be/fhuTHnPrqIM?t=121s,reveal_result,finish,1,0.6,The oil candle burns steadily in the glass.,Tae ae Ry and We are zoing. olet th awick rest for few en ae jn conds so lat it Sartp: -Eraved: Sis ES Dat Ur ae ee,1,0.0,0.086,0.144,0.559,0.219,"#d7ae80,#725222,#aa814b",1,,
fhuTHnPrqIM,https://www.youtube.com/watch?v=fhuTHnPrqIM,The candle that never goes out and lasts  FOREVER,170.0,storyboard,16,129.52,137.62,8.1,https://youtu.be/fhuTHnPrqIM?t=130s,reveal_result,finish,1,0.6,Lit oil candle glass.,"ay Mme Bebnisetty tuitsnot going to light us, ey ee ra: Sa Ons eM bs VS eres snes it's ne Dede ST ys ee 8 Se SS",1,0.0,0.117,0.037,0.568,0.277,"#d7ba88,#a49125,#1c1a1c",1,,
fhuTHnPrqIM,https://www.youtube.com/watch?v=fhuTHnPrqIM,The candle that never goes out and lasts  FOREVER,170.0,storyboard,17,137.62,145.71,8.09,https://youtu.be/fhuTHnPrqIM?t=138s,reveal_result,finish,1,0.6,The eternal oil candle burning.,Sed diifinite canglle is ready mat vA LEk Bs ae. yatta this is howstt vaio Sa ee pee 8,1,0.0,0.082,0.022,0.557,0.28,"#d5b884,#a49022,#1f1d1d",1,,
hFXp2bgxQh8,https://www.youtube.com/watch?v=hFXp2bgxQh8,how to easily set up a wooden wick 🕯️ candle making tips,107.0,storyboard,1,8.23,16.46,8.23,https://youtu.be/hFXp2bgxQh8?t=8s,gather_materials,prep,1,0.55,Close-up on white marble of wooden-wick clips and a green dish; caption 'WOODEN WICK CLIPS'.,4 7 WOODEN WICK CLIPS,1,0.0,0.042,0.202,0.716,0.073,"#d5d7ea,#b6afb9,#6a574e",1,,
hFXp2bgxQh8,https://www.youtube.com/watch?v=hFXp2bgxQh8,how to easily set up a wooden wick 🕯️ candle making tips,107.0,storyboard,2,16.46,24.69,8.23,https://youtu.be/hFXp2bgxQh8?t=16s,prepare_container,prep,1,0.55,A wooden wick height is measured against a vessel with a ruler before trimming.,Ss Fae ae 7 PR ne sg uf Ps is 7 we mf at th as Ye oe 7 7,1,0.333,0.049,0.202,0.691,0.086,"#bbacac,#dcd7e6,#90746b",1,,
hFXp2bgxQh8,https://www.youtube.com/watch?v=hFXp2bgxQh8,how to easily set up a wooden wick 🕯️ candle making tips,107.0,storyboard,3,24.69,32.92,8.23,https://youtu.be/hFXp2bgxQh8?t=25s,prepare_container,prep,1,0.6,Hands handle a wick sticker and the glass vessel; captions 'WICK STICKERS' and 'CANDLE VESSEL'.,oe 2 WICK STICKERS,1,0.0,0.035,0.165,0.76,0.064,"#d6d8ec,#b1a9b3,#463a28",1,,
hFXp2bgxQh8,https://www.youtube.com/watch?v=hFXp2bgxQh8,how to easily set up a wooden wick 🕯️ candle making tips,107.0,storyboard,4,32.92,41.15,8.23,https://youtu.be/hFXp2bgxQh8?t=33s,prepare_container,prep,1,0.6,A wooden wick is seated into its metal clip; captions 'CANDLE VESSEL' / 'WOODEN WICKS'.,WOODEN WICKS,1,0.0,0.034,0.151,0.762,0.066,"#d5d7ea,#afa4ad,#564437",1,,
hFXp2bgxQh8,https://www.youtube.com/watch?v=hFXp2bgxQh8,how to easily set up a wooden wick 🕯️ candle making tips,107.0,storyboard,5,41.15,49.38,8.23,https://youtu.be/hFXp2bgxQh8?t=41s,prepare_container,prep,1,0.6,Hands assemble the wooden wick into the metal base clip on the marble surface.,ral,0,0.0,0.028,0.13,0.726,0.072,"#cecdda,#b0a9b2,#876863",1,,
hFXp2bgxQh8,https://www.youtube.com/watch?v=hFXp2bgxQh8,how to easily set up a wooden wick 🕯️ candle making tips,107.0,storyboard,6,49.38,57.62,8.24,https://youtu.be/hFXp2bgxQh8?t=49s,prepare_container,prep,1,0.6,The wick-and-clip assembly is positioned and pressed toward the glass vessel.,9,0,0.0,0.017,0.148,0.751,0.068,"#d5d6e8,#a18d91,#473927",1,,
hFXp2bgxQh8,https://www.youtube.com/watch?v=hFXp2bgxQh8,how to easily set up a wooden wick 🕯️ candle making tips,107.0,storyboard,7,57.62,65.85,8.23,https://youtu.be/hFXp2bgxQh8?t=58s,prepare_container,prep,1,0.6,Hands press the wick sticker/clip onto the inside base of the empty glass vessel.,,0,0.0,0.019,0.111,0.757,0.066,"#daddf0,#bebece,#6a574f",1,,
hFXp2bgxQh8,https://www.youtube.com/watch?v=hFXp2bgxQh8,how to easily set up a wooden wick 🕯️ candle making tips,107.0,storyboard,8,65.85,74.08,8.23,https://youtu.be/hFXp2bgxQh8?t=66s,prepare_container,prep,1,0.6,The wooden wick is fixed to the bottom of the glass; a green dish of supplies nearby.,ae 4 7. 3 aun Se ti,1,0.0,0.016,0.214,0.751,0.066,"#dddce1,#a69e97,#665b47",1,,
hFXp2bgxQh8,https://www.youtube.com/watch?v=hFXp2bgxQh8,how to easily set up a wooden wick 🕯️ candle making tips,107.0,storyboard,9,74.08,82.31,8.23,https://youtu.be/hFXp2bgxQh8?t=74s,set_wick,assemble,1,0.55,Hands centre and adjust the wooden wick upright in the empty glass vessel.,,0,0.0,0.01,0.115,0.749,0.064,"#d7d9ed,#bab6c1,#775f5c",1,,
i64JEKLWiz0,https://www.youtube.com/watch?v=i64JEKLWiz0,How to Make Flexible Wax Sheets for Stunning Handmade Candles (Easy & Quick Tutorial),167.0,storyboard,0,0.0,7.95,7.95,https://youtu.be/i64JEKLWiz0?t=0s,reveal_result,finish,1,0.4,Teaser: hands shaping finished pink wax-flower petals amid white decor.,,0,0.0,0.03,0.21,0.598,0.188,"#e1d0d1,#a58b9f,#7b2742",1,,
i64JEKLWiz0,https://www.youtube.com/watch?v=i64JEKLWiz0,How to Make Flexible Wax Sheets for Stunning Handmade Candles (Easy & Quick Tutorial),167.0,storyboard,2,15.9,23.86,7.96,https://youtu.be/i64JEKLWiz0?t=16s,decorate_finish,finish,1,0.45,Hands shape a pink wax rose petal.,fi,0,0.0,0.013,0.104,0.632,0.268,"#f1d4e1,#cf5e7c,#8e223b",1,,
i64JEKLWiz0,https://www.youtube.com/watch?v=i64JEKLWiz0,How to Make Flexible Wax Sheets for Stunning Handmade Candles (Easy & Quick Tutorial),167.0,storyboard,3,23.86,31.81,7.95,https://youtu.be/i64JEKLWiz0?t=24s,decorate_finish,finish,1,0.45,Rolling/forming pink wax petals.,PIN nN,0,0.0,0.022,0.361,0.421,0.2,"#de7f8f,#f1dae6,#99314a",1,,
i64JEKLWiz0,https://www.youtube.com/watch?v=i64JEKLWiz0,How to Make Flexible Wax Sheets for Stunning Handmade Candles (Easy & Quick Tutorial),167.0,storyboard,4,31.81,39.76,7.95,https://youtu.be/i64JEKLWiz0?t=32s,melt_wax,process,1,0.55,Wax melting in a black pan on a pink induction hob.,7. an,0,0.0,0.028,0.067,0.554,0.218,"#ebafce,#352930,#99615b",1,,
i64JEKLWiz0,https://www.youtube.com/watch?v=i64JEKLWiz0,How to Make Flexible Wax Sheets for Stunning Handmade Candles (Easy & Quick Tutorial),167.0,storyboard,5,39.76,47.71,7.95,https://youtu.be/i64JEKLWiz0?t=40s,melt_wax,process,1,0.5,Melting wax in the bowl on the hob.,24 Ee 7,0,0.0,0.049,0.226,0.539,0.222,"#edbbd5,#3b2a31,#a77475",1,,
i64JEKLWiz0,https://www.youtube.com/watch?v=i64JEKLWiz0,How to Make Flexible Wax Sheets for Stunning Handmade Candles (Easy & Quick Tutorial),167.0,storyboard,6,47.71,55.67,7.96,https://youtu.be/i64JEKLWiz0?t=48s,pour_wax,assemble,1,0.45,Molten wax poured onto a tray to form a flexible sheet.,Se ee 2 Fi,1,0.0,0.085,0.074,0.544,0.256,"#ebadb3,#7f6559,#2b181b",1,,
i64JEKLWiz0,https://www.youtube.com/watch?v=i64JEKLWiz0,How to Make Flexible Wax Sheets for Stunning Handmade Candles (Easy & Quick Tutorial),167.0,storyboard,7,55.67,63.62,7.95,https://youtu.be/i64JEKLWiz0?t=56s,pour_wax,assemble,1,0.4,Spreading the wax into a thin flexible sheet.,SN ae,0,0.0,0.076,0.068,0.529,0.249,"#eba6b3,#906259,#312020",1,,
i64JEKLWiz0,https://www.youtube.com/watch?v=i64JEKLWiz0,How to Make Flexible Wax Sheets for Stunning Handmade Candles (Easy & Quick Tutorial),167.0,storyboard,8,63.62,71.57,7.95,https://youtu.be/i64JEKLWiz0?t=64s,melt_wax,process,1,0.45,Black pan with melting wax.,eet eee 4,1,0.0,0.063,0.025,0.533,0.238,"#e8a4b7,#786458,#2e2021",1,,
i64JEKLWiz0,https://www.youtube.com/watch?v=i64JEKLWiz0,How to Make Flexible Wax Sheets for Stunning Handmade Candles (Easy & Quick Tutorial),167.0,storyboard,9,71.57,79.52,7.95,https://youtu.be/i64JEKLWiz0?t=72s,melt_wax,process,1,0.45,Hands tend the melting wax in the pan.,ae 7 if,0,0.0,0.072,0.134,0.539,0.239,"#eaa4b7,#7c665c,#291c1e",1,,
i64JEKLWiz0,https://www.youtube.com/watch?v=i64JEKLWiz0,How to Make Flexible Wax Sheets for Stunning Handmade Candles (Easy & Quick Tutorial),167.0,storyboard,10,79.52,87.48,7.96,https://youtu.be/i64JEKLWiz0?t=80s,decorate_finish,finish,1,0.45,Hands handle a formed yellow wax sheet/disc.,4,0,0.333,0.076,0.162,0.559,0.225,"#eaa8ba,#463736,#867262",1,,
i64JEKLWiz0,https://www.youtube.com/watch?v=i64JEKLWiz0,How to Make Flexible Wax Sheets for Stunning Handmade Candles (Easy & Quick Tutorial),167.0,storyboard,11,87.48,95.43,7.95,https://youtu.be/i64JEKLWiz0?t=87s,decorate_finish,finish,1,0.5,Cutting the wax sheet into petal shapes.,oN Sfp SS,1,0.0,0.033,0.036,0.547,0.237,"#f1a6ce,#32272d,#a9726e",1,,
i64JEKLWiz0,https://www.youtube.com/watch?v=i64JEKLWiz0,How to Make Flexible Wax Sheets for Stunning Handmade Candles (Easy & Quick Tutorial),167.0,storyboard,12,95.43,103.38,7.95,https://youtu.be/i64JEKLWiz0?t=95s,decorate_finish,finish,1,0.5,Shaping the cut wax into petals.,oa,0,0.0,0.027,0.033,0.557,0.233,"#f2a7cd,#31262b,#9e6c70",1,,
i64JEKLWiz0,https://www.youtube.com/watch?v=i64JEKLWiz0,How to Make Flexible Wax Sheets for Stunning Handmade Candles (Easy & Quick Tutorial),167.0,storyboard,13,103.38,111.33,7.95,https://youtu.be/i64JEKLWiz0?t=103s,decorate_finish,finish,1,0.5,Forming petals into a flower.,Ay,0,0.0,0.029,0.048,0.546,0.243,"#f0a7c6,#36272b,#a86972",1,,
i64JEKLWiz0,https://www.youtube.com/watch?v=i64JEKLWiz0,How to Make Flexible Wax Sheets for Stunning Handmade Candles (Easy & Quick Tutorial),167.0,storyboard,14,111.33,119.29,7.96,https://youtu.be/i64JEKLWiz0?t=111s,decorate_finish,finish,1,0.5,Hands work pink wax petals.,wy Oe,0,0.0,0.042,0.056,0.594,0.228,"#f1b2cc,#2c1e20,#a0746b",1,,
i64JEKLWiz0,https://www.youtube.com/watch?v=i64JEKLWiz0,How to Make Flexible Wax Sheets for Stunning Handmade Candles (Easy & Quick Tutorial),167.0,storyboard,15,119.29,127.24,7.95,https://youtu.be/i64JEKLWiz0?t=119s,decorate_finish,finish,1,0.5,Shaping the pink wax flower.,ye Se nee ORE,1,0.0,0.042,0.079,0.578,0.227,"#f0b3ca,#a36665,#2f1e1f",1,,
i64JEKLWiz0,https://www.youtube.com/watch?v=i64JEKLWiz0,How to Make Flexible Wax Sheets for Stunning Handmade Candles (Easy & Quick Tutorial),167.0,storyboard,16,127.24,135.19,7.95,https://youtu.be/i64JEKLWiz0?t=127s,decorate_finish,finish,1,0.5,Assembling petals into the rose.,eo wa art,1,0.0,0.042,0.082,0.588,0.225,"#f1c1c3,#2c1f1e,#966a60",1,,
i64JEKLWiz0,https://www.youtube.com/watch?v=i64JEKLWiz0,How to Make Flexible Wax Sheets for Stunning Handmade Candles (Easy & Quick Tutorial),167.0,storyboard,17,135.19,143.14,7.95,https://youtu.be/i64JEKLWiz0?t=135s,decorate_finish,finish,1,0.45,Hands form white wax discs/petals.,4 iy BRAS Gy svescriseo Fu,1,0.0,0.043,0.16,0.631,0.227,"#f3c1cc,#2d2022,#a17b70",1,,
i64JEKLWiz0,https://www.youtube.com/watch?v=i64JEKLWiz0,How to Make Flexible Wax Sheets for Stunning Handmade Candles (Easy & Quick Tutorial),167.0,storyboard,18,143.14,151.1,7.96,https://youtu.be/i64JEKLWiz0?t=143s,decorate_finish,finish,1,0.5,Shaping the finished pink rose.,,0,0.0,0.019,0.15,0.593,0.27,"#892539,#f4dbe4,#d99e93",1,,
i64JEKLWiz0,https://www.youtube.com/watch?v=i64JEKLWiz0,How to Make Flexible Wax Sheets for Stunning Handmade Candles (Easy & Quick Tutorial),167.0,storyboard,19,151.1,159.05,7.95,https://youtu.be/i64JEKLWiz0?t=151s,reveal_result,finish,1,0.5,Finished pink wax roses beside the melting pan.,5,0,0.0,0.013,0.326,0.38,0.191,"#f2d7e0,#7b172f,#d27787",1,,
imxg0XoPkmg,https://www.youtube.com/watch?v=imxg0XoPkmg,DIY Coconut and Beezwax Candle,74.0,storyboard,0,0.0,8.22,8.22,https://youtu.be/imxg0XoPkmg?t=0s,gather_materials,prep,1,0.5,An empty glass mixing bowl sits ready on the counter at the start of the recipe.,Dla init aati eS 4 oe et poe as Mtge Nar APY 7 4 es,1,0.333,0.062,0.076,0.683,0.15,"#c6ab8e,#ab8a54,#e6d1b9",1,,
imxg0XoPkmg,https://www.youtube.com/watch?v=imxg0XoPkmg,DIY Coconut and Beezwax Candle,74.0,storyboard,1,8.22,16.44,8.22,https://youtu.be/imxg0XoPkmg?t=8s,melt_wax,process,1,0.6,Yellow beeswax pellets in the glass bowl; caption 'Melt 2 cups of beeswax as directed' as a hand begins melting them.,,0,0.0,0.038,0.107,0.658,0.193,"#e7d1b2,#c1a67a,#935b0f",1,,description references on-screen text but OCR found none
imxg0XoPkmg,https://www.youtube.com/watch?v=imxg0XoPkmg,DIY Coconut and Beezwax Candle,74.0,storyboard,2,16.44,24.67,8.23,https://youtu.be/imxg0XoPkmg?t=16s,melt_wax,process,1,0.5,Amber molten oil is whisked; caption 'Mix 1 cup of coconut oil' — coconut oil blended into the melted beeswax base.,NS,0,0.0,0.044,0.055,0.652,0.178,"#e5ceac,#baa078,#8a4e0f",1,,description references on-screen text but OCR found none
imxg0XoPkmg,https://www.youtube.com/watch?v=imxg0XoPkmg,DIY Coconut and Beezwax Candle,74.0,storyboard,3,24.67,32.89,8.22,https://youtu.be/imxg0XoPkmg?t=25s,add_fragrance,process,1,0.65,Caption 'Add in essential oils and mix'; the amber liquid is whisked to blend in the fragrance.,"we,",0,0.0,0.113,0.113,0.66,0.154,"#e1ccaf,#b59b78,#7f5221",1,,description references on-screen text but OCR found none
imxg0XoPkmg,https://www.youtube.com/watch?v=imxg0XoPkmg,DIY Coconut and Beezwax Candle,74.0,storyboard,4,32.89,41.11,8.22,https://youtu.be/imxg0XoPkmg?t=33s,prepare_container,prep,1,0.6,Caption 'Tie a piece of string onto chopsticks'; hands tie a wick string to a chopstick to suspend it across the jar.,,0,0.0,0.104,0.114,0.688,0.093,"#b9a288,#95725e,#d6c4b1",1,,description references on-screen text but OCR found none
imxg0XoPkmg,https://www.youtube.com/watch?v=imxg0XoPkmg,DIY Coconut and Beezwax Candle,74.0,storyboard,5,41.11,49.33,8.22,https://youtu.be/imxg0XoPkmg?t=41s,pour_wax,assemble,1,0.65,"An empty mason jar, then the amber wax is poured in; caption 'Pour into jar and let it cool'.",Ne,0,0.0,0.092,0.081,0.702,0.105,"#ad9f88,#d7d5cf,#7c643c",1,,description references on-screen text but OCR found none
imxg0XoPkmg,https://www.youtube.com/watch?v=imxg0XoPkmg,DIY Coconut and Beezwax Candle,74.0,storyboard,6,49.33,57.56,8.23,https://youtu.be/imxg0XoPkmg?t=49s,cure_cool,assemble,1,0.6,Filled jar with the wick chopstick laid across the rim; caption 'let it cool' as the wax begins turning opaque.,,0,0.0,0.1,0.077,0.715,0.123,"#e1ded8,#b3a38c,#7f6b41",1,,description references on-screen text but OCR found none
imxg0XoPkmg,https://www.youtube.com/watch?v=imxg0XoPkmg,DIY Coconut and Beezwax Candle,74.0,storyboard,7,57.56,65.78,8.22,https://youtu.be/imxg0XoPkmg?t=58s,cure_cool,assemble,1,0.55,The wax solidifies to an opaque pale-green; caption transitions toward 'Light your candle'.,,0,0.0,0.059,0.044,0.747,0.132,"#e0dbdd,#beab95,#9b8845",1,,description references on-screen text but OCR found none
imxg0XoPkmg,https://www.youtube.com/watch?v=imxg0XoPkmg,DIY Coconut and Beezwax Candle,74.0,storyboard,8,65.78,74.0,8.22,https://youtu.be/imxg0XoPkmg?t=66s,reveal_result,finish,1,0.6,Finished opaque beeswax-coconut candle in the jar; caption 'Light your candle'.,pe,0,0.0,0.028,0.02,0.738,0.135,"#dedadc,#bcaa92,#998744",1,,description references on-screen text but OCR found none
jJWl9Kpwbno,https://www.youtube.com/watch?v=jJWl9Kpwbno,How to Make Candles in 5 Minutes (Crash Course) | DIY Candle Making for Beginners,442.0,storyboard,22,176.8,184.84,8.04,https://youtu.be/jJWl9Kpwbno?t=177s,gather_materials,prep,1,0.4,bowls of dye / materials,,0,0.0,0.062,0.182,0.153,0.142,"#020104,#082c6b,#829fd3",1,,
jJWl9Kpwbno,https://www.youtube.com/watch?v=jJWl9Kpwbno,How to Make Candles in 5 Minutes (Crash Course) | DIY Candle Making for Beginners,442.0,storyboard,24,192.87,200.91,8.04,https://youtu.be/jJWl9Kpwbno?t=193s,gather_materials,prep,1,0.45,row of jars b-roll,ey nen aun,1,0.0,0.102,0.0,0.548,0.082,"#949491,#33322f,#dee0e3",1,,
jJWl9Kpwbno,https://www.youtube.com/watch?v=jJWl9Kpwbno,How to Make Candles in 5 Minutes (Crash Course) | DIY Candle Making for Beginners,442.0,storyboard,26,208.95,216.98,8.03,https://youtu.be/jJWl9Kpwbno?t=209s,gather_materials,prep,1,0.4,containers b-roll,"Vawe wo Ce, Vib 4",1,0.0,0.141,0.289,0.363,0.069,"#1e1b19,#42433f,#988983",1,,
jJWl9Kpwbno,https://www.youtube.com/watch?v=jJWl9Kpwbno,How to Make Candles in 5 Minutes (Crash Course) | DIY Candle Making for Beginners,442.0,storyboard,35,281.27,289.31,8.04,https://youtu.be/jJWl9Kpwbno?t=281s,gather_materials,prep,1,0.4,coloured wax pile b-roll,Ser Srein,1,0.0,0.332,0.0,0.437,0.145,"#8d5d5a,#c3a796,#4b201b",1,,
k4UzRUgCPZw,https://www.youtube.com/watch?v=k4UzRUgCPZw,How to Make Stronger Smelling Candles // Candle Making 101: Hot Throw,187.0,storyboard,3,24.39,32.52,8.13,https://youtu.be/k4UzRUgCPZw?t=24s,measure_wax,prep,1,0.5,Caption 'temperature'; overhead bowl/scale being set up.,See,0,0.0,0.012,0.069,0.602,0.262,"#de7569,#b4aba1,#6f6356",1,,description references on-screen text but OCR found none
k4UzRUgCPZw,https://www.youtube.com/watch?v=k4UzRUgCPZw,How to Make Stronger Smelling Candles // Candle Making 101: Hot Throw,187.0,storyboard,4,32.52,40.65,8.13,https://youtu.be/k4UzRUgCPZw?t=33s,measure_wax,prep,1,0.5,Hands work the black pot on the scale.,eo aa 4 hy GX he eS NG 7 ae,1,0.0,0.062,0.176,0.451,0.065,"#726d68,#4d4439,#0c0a09",1,,
k4UzRUgCPZw,https://www.youtube.com/watch?v=k4UzRUgCPZw,How to Make Stronger Smelling Candles // Candle Making 101: Hot Throw,187.0,storyboard,5,40.65,48.78,8.13,https://youtu.be/k4UzRUgCPZw?t=41s,add_fragrance,process,1,0.5,Caption 'mixing'; the molten wax is stirred to blend fragrance.,,0,0.0,0.043,0.038,0.586,0.266,"#df776b,#c0b3ac,#25221c",1,,description references on-screen text but OCR found none
k4UzRUgCPZw,https://www.youtube.com/watch?v=k4UzRUgCPZw,How to Make Stronger Smelling Candles // Candle Making 101: Hot Throw,187.0,storyboard,6,48.78,56.91,8.13,https://youtu.be/k4UzRUgCPZw?t=49s,add_fragrance,process,1,0.55,Caption 'let fragrance heat'; fragrance oil poured from a bottle.,eee. lin before pouring,1,0.0,0.044,0.116,0.513,0.233,"#9b5c4b,#b79256,#e5cebf",1,,
k4UzRUgCPZw,https://www.youtube.com/watch?v=k4UzRUgCPZw,How to Make Stronger Smelling Candles // Candle Making 101: Hot Throw,187.0,storyboard,7,56.91,65.04,8.13,https://youtu.be/k4UzRUgCPZw?t=57s,add_fragrance,process,1,0.55,Yellow fragrance bottle; caption 'let fragrance heat'.,TIP 3 test fragrance load,1,0.0,0.05,0.05,0.605,0.236,"#de7266,#e67d72,#eecdc3",1,,
k4UzRUgCPZw,https://www.youtube.com/watch?v=k4UzRUgCPZw,How to Make Stronger Smelling Candles // Candle Making 101: Hot Throw,187.0,storyboard,8,65.04,73.17,8.13,https://youtu.be/k4UzRUgCPZw?t=65s,melt_wax,process,1,0.45,Caption 'let liquid heat before pouring'; the pot of wax heats.,7 7 4 an mf aa start lower than the max fragrance load,1,0.0,0.059,0.07,0.616,0.247,"#dd786d,#d8d9d9,#5f6365",1,,
k4UzRUgCPZw,https://www.youtube.com/watch?v=k4UzRUgCPZw,How to Make Stronger Smelling Candles // Candle Making 101: Hot Throw,187.0,storyboard,9,73.17,81.3,8.13,https://youtu.be/k4UzRUgCPZw?t=73s,measure_wax,prep,1,0.5,Caption 'weigh your supplies for proper fragrance load'; weighing supplies.,Te el don't! 5 land lecicho -se,1,0.0,0.054,0.049,0.605,0.166,"#bf9990,#ac725e,#eaddd6",1,,
k4UzRUgCPZw,https://www.youtube.com/watch?v=k4UzRUgCPZw,How to Make Stronger Smelling Candles // Candle Making 101: Hot Throw,187.0,storyboard,10,81.3,89.43,8.13,https://youtu.be/k4UzRUgCPZw?t=81s,add_fragrance,process,1,0.5,Fragrance oil poured to hit the proper load (caption).,use scale for accuracy al cme. Vaid,1,0.0,0.056,0.044,0.628,0.274,"#e0766b,#dad1ca,#c69188",1,,
k4UzRUgCPZw,https://www.youtube.com/watch?v=k4UzRUgCPZw,How to Make Stronger Smelling Candles // Candle Making 101: Hot Throw,187.0,storyboard,11,89.43,97.57,8.14,https://youtu.be/k4UzRUgCPZw?t=89s,add_fragrance,process,1,0.45,Scented liquid in the pouring jug.,7 nw hdl 7 APA aR CIIeS: fsced2 hc 1 adined Ne neh ial 3 make sure units are co BCL. at Pe ww Ets ml,1,0.0,0.043,0.1,0.636,0.207,"#d7a199,#ca8f85,#f1d4cd",1,,
k4UzRUgCPZw,https://www.youtube.com/watch?v=k4UzRUgCPZw,How to Make Stronger Smelling Candles // Candle Making 101: Hot Throw,187.0,storyboard,12,97.57,105.7,8.13,https://youtu.be/k4UzRUgCPZw?t=98s,measure_wax,prep,1,0.4,A purple candle shown; caption about the scale.,Fe BAe Meaty eee crtty pr come but dont use volume of oF 4. if Al,1,0.0,0.025,0.078,0.523,0.16,"#a97571,#995653,#e2c1b9",1,,
kdQH8hAYZ38,https://www.youtube.com/watch?v=kdQH8hAYZ38,how to make candles with essential oils 💐,179.0,storyboard,14,113.91,122.05,8.14,https://youtu.be/kdQH8hAYZ38?t=114s,pour_wax,assemble,1,0.4,Hands pour/work white wax in a cutaway demo.,Pere AoA 2 4 er Biar lee,1,0.0,0.048,0.095,0.717,0.074,"#e3e5e8,#aaa39a,#696255",1,,
kdQH8hAYZ38,https://www.youtube.com/watch?v=kdQH8hAYZ38,how to make candles with essential oils 💐,179.0,storyboard,15,122.05,130.18,8.13,https://youtu.be/kdQH8hAYZ38?t=122s,set_wick,assemble,1,0.4,Hands work the wick/candle in a cutaway.,,0,0.0,0.05,0.009,0.715,0.073,"#e3e5e8,#a8a097,#615b4d",1,,
lTMszYRbm84,https://www.youtube.com/watch?v=lTMszYRbm84,Candle Making Tutorial | DIY Candle Pouring for Beginners,174.0,storyboard,4,31.64,39.55,7.91,https://youtu.be/lTMszYRbm84?t=32s,measure_wax,prep,1,0.65,Caption 'MEASURE THE WAX'; host pours wax into the pot on the scale.,LG.,0,0.0,0.036,0.031,0.611,0.13,"#bba27e,#ded1c1,#3e3223",1,,description references on-screen text but OCR found none
lTMszYRbm84,https://www.youtube.com/watch?v=lTMszYRbm84,Candle Making Tutorial | DIY Candle Pouring for Beginners,174.0,storyboard,5,39.55,47.45,7.9,https://youtu.be/lTMszYRbm84?t=40s,measure_wax,prep,1,0.6,Weighing the wax (caption 'MEASURE THE WAX').,ean boa szhl Ww 7 VP xX 4 ti og,1,0.0,0.034,0.088,0.616,0.126,"#ae977a,#d8cebb,#7f6543",1,,
lTMszYRbm84,https://www.youtube.com/watch?v=lTMszYRbm84,Candle Making Tutorial | DIY Candle Pouring for Beginners,174.0,storyboard,6,47.45,55.36,7.91,https://youtu.be/lTMszYRbm84?t=47s,melt_wax,process,1,0.65,Caption 'USE STEAM TO MELT'; the wax melts over a steam/double-boiler setup.,EK,0,0.0,0.037,0.08,0.627,0.13,"#b09b7e,#896c49,#d9cebc",1,,description references on-screen text but OCR found none
lTMszYRbm84,https://www.youtube.com/watch?v=lTMszYRbm84,Candle Making Tutorial | DIY Candle Pouring for Beginners,174.0,storyboard,7,55.36,63.27,7.91,https://youtu.be/lTMszYRbm84?t=55s,melt_wax,process,1,0.65,Continued steam-melting of the wax.,Oo Wh Ss oy YV 9.. lr ttttt,1,0.0,0.049,0.076,0.63,0.13,"#ab9475,#d9cebc,#7a6344",1,,
lTMszYRbm84,https://www.youtube.com/watch?v=lTMszYRbm84,Candle Making Tutorial | DIY Candle Pouring for Beginners,174.0,storyboard,8,63.27,71.18,7.91,https://youtu.be/lTMszYRbm84?t=63s,melt_wax,process,1,0.6,Wax melting (caption 'USE STEAM TO MELT').,Poehertice teh tre nt sTick NICK oy ey ea SSEL 7 4 rs Le 4,1,0.0,0.057,0.027,0.635,0.13,"#b19d81,#8c714c,#d9cfbf",1,,
lTMszYRbm84,https://www.youtube.com/watch?v=lTMszYRbm84,Candle Making Tutorial | DIY Candle Pouring for Beginners,174.0,storyboard,9,71.18,79.09,7.91,https://youtu.be/lTMszYRbm84?t=71s,melt_wax,process,1,0.6,Melted wax in the green pot; host intercut.,Ac,0,0.0,0.025,0.097,0.578,0.129,"#a68c6b,#705839,#c4baa8",1,,
lTMszYRbm84,https://www.youtube.com/watch?v=lTMszYRbm84,Candle Making Tutorial | DIY Candle Pouring for Beginners,174.0,storyboard,10,79.09,87.0,7.91,https://youtu.be/lTMszYRbm84?t=79s,melt_wax,process,1,0.55,The green pot of molten wax.,4 io oe ie ee WEIGH YOUR FRAGRANCE OIL ee Se,1,0.0,0.053,0.075,0.566,0.126,"#9b8467,#c4beae,#57492b",1,,
lTMszYRbm84,https://www.youtube.com/watch?v=lTMszYRbm84,Candle Making Tutorial | DIY Candle Pouring for Beginners,174.0,storyboard,11,87.0,94.91,7.91,https://youtu.be/lTMszYRbm84?t=87s,melt_wax,process,1,0.5,Pot of wax; host talks.,3 Whi WEIGH OUT OF YOUR WAX WEIGHT,1,0.0,0.058,0.021,0.566,0.129,"#9c8567,#c5bfae,#5d4c2d",1,,
lTMszYRbm84,https://www.youtube.com/watch?v=lTMszYRbm84,Candle Making Tutorial | DIY Candle Pouring for Beginners,174.0,storyboard,12,94.91,102.82,7.91,https://youtu.be/lTMszYRbm84?t=95s,add_fragrance,process,1,0.55,Host adds fragrance (caption) to the melted wax.,FE Sa 2 ro 2,1,0.333,0.035,0.099,0.585,0.122,"#9c8465,#c3beaf,#5b4c2c",1,,
lTMszYRbm84,https://www.youtube.com/watch?v=lTMszYRbm84,Candle Making Tutorial | DIY Candle Pouring for Beginners,174.0,storyboard,13,102.82,110.73,7.91,https://youtu.be/lTMszYRbm84?t=103s,add_fragrance,process,1,0.55,Fragrance added/stirred into the pot.,7,0,0.0,0.034,0.095,0.601,0.108,"#bfb3a0,#a3916d,#161911",1,,
lTMszYRbm84,https://www.youtube.com/watch?v=lTMszYRbm84,Candle Making Tutorial | DIY Candle Pouring for Beginners,174.0,storyboard,14,110.73,118.64,7.91,https://youtu.be/lTMszYRbm84?t=111s,add_fragrance,process,1,0.5,Caption 'USING SMALL CUP'; blending fragrance in a small cup.,7. Cua,0,0.0,0.029,0.097,0.592,0.111,"#bbae9b,#988460,#191a11",1,,description references on-screen text but OCR found none
lTMszYRbm84,https://www.youtube.com/watch?v=lTMszYRbm84,Candle Making Tutorial | DIY Candle Pouring for Beginners,174.0,storyboard,15,118.64,126.55,7.91,https://youtu.be/lTMszYRbm84?t=119s,add_fragrance,process,1,0.5,Caption 'MIXING SMALL CUP'; mixing the scented wax.,co,0,0.0,0.046,0.043,0.603,0.109,"#bfb4a5,#a8936e,#1a1a16",1,,description references on-screen text but OCR found none
lTMszYRbm84,https://www.youtube.com/watch?v=lTMszYRbm84,Candle Making Tutorial | DIY Candle Pouring for Beginners,174.0,storyboard,16,126.55,134.45,7.9,https://youtu.be/lTMszYRbm84?t=127s,pour_wax,assemble,1,0.65,Caption 'POUR INTO CUP'; wax poured into the container.,3 pl ras,1,0.0,0.041,0.164,0.589,0.115,"#b6a68e,#8f7455,#2f2d18",1,,
lTMszYRbm84,https://www.youtube.com/watch?v=lTMszYRbm84,Candle Making Tutorial | DIY Candle Pouring for Beginners,174.0,storyboard,17,134.45,142.36,7.91,https://youtu.be/lTMszYRbm84?t=134s,pour_wax,assemble,1,0.6,Continued pour into the cup.,7 aie 7,0,0.0,0.043,0.111,0.597,0.117,"#b09b79,#c7b59b,#4c3e2d",1,,
lTMszYRbm84,https://www.youtube.com/watch?v=lTMszYRbm84,Candle Making Tutorial | DIY Candle Pouring for Beginners,174.0,storyboard,18,142.36,150.27,7.91,https://youtu.be/lTMszYRbm84?t=142s,set_wick,assemble,1,0.55,Caption 'WICK CYCLE'; centring/securing the wick in the poured candle.,He os,0,0.0,0.029,0.276,0.72,0.083,"#bca98b,#2b211a,#7f6a4e",1,,description references on-screen text but OCR found none
lTMszYRbm84,https://www.youtube.com/watch?v=lTMszYRbm84,Candle Making Tutorial | DIY Candle Pouring for Beginners,174.0,storyboard,19,150.27,158.18,7.91,https://youtu.be/lTMszYRbm84?t=150s,cure_cool,assemble,1,0.45,Candle left to set; host intercut.,CHICK OUT hiv ap SUBSCRIBE FOLLOW US ees cones 9 seraeatise Laetw nd cron amend ale,1,0.0,0.056,0.038,0.933,0.071,"#fafcfb,#dfedea,#b3b1a1",1,,
lyN8MQxg4Uw,https://www.youtube.com/watch?v=lyN8MQxg4Uw,How I soak my wood wicks in 2023.,184.0,storyboard,1,8.0,16.0,8.0,https://youtu.be/lyN8MQxg4Uw?t=8s,prepare_container,prep,1,0.5,Hands dip wooden wicks into a dark dish of oil to soak them.,aA,0,0.0,0.087,0.154,0.525,0.116,"#a5b1ae,#6d786e,#3a262d",1,,
lyN8MQxg4Uw,https://www.youtube.com/watch?v=lyN8MQxg4Uw,How I soak my wood wicks in 2023.,184.0,storyboard,2,16.0,24.0,8.0,https://youtu.be/lyN8MQxg4Uw?t=16s,prepare_container,prep,1,0.5,Wooden wicks arranged and submerged in the oil dish.,my AS,0,0.0,0.067,0.067,0.549,0.136,"#aab5b5,#4f392f,#7e8f7c",1,,
lyN8MQxg4Uw,https://www.youtube.com/watch?v=lyN8MQxg4Uw,How I soak my wood wicks in 2023.,184.0,storyboard,3,24.0,32.0,8.0,https://youtu.be/lyN8MQxg4Uw?t=24s,prepare_container,prep,1,0.5,Continued soaking/handling of the wooden wicks.,"ty, rT",0,0.0,0.061,0.182,0.505,0.104,"#b8b6b8,#7e6b69,#493232",1,,
lyN8MQxg4Uw,https://www.youtube.com/watch?v=lyN8MQxg4Uw,How I soak my wood wicks in 2023.,184.0,storyboard,4,32.0,40.0,8.0,https://youtu.be/lyN8MQxg4Uw?t=32s,prepare_container,prep,1,0.5,Wooden wicks dipped in the oil bath.,on,0,0.0,0.074,0.058,0.533,0.121,"#a8b4b4,#4e3937,#7c8573",1,,
lyN8MQxg4Uw,https://www.youtube.com/watch?v=lyN8MQxg4Uw,How I soak my wood wicks in 2023.,184.0,storyboard,5,40.0,48.0,8.0,https://youtu.be/lyN8MQxg4Uw?t=40s,prepare_container,prep,1,0.5,Soaking the wooden wicks overhead.,te,0,0.0,0.075,0.049,0.535,0.123,"#a6b3b3,#483736,#758d7f",1,,
lyN8MQxg4Uw,https://www.youtube.com/watch?v=lyN8MQxg4Uw,How I soak my wood wicks in 2023.,184.0,storyboard,6,48.0,56.0,8.0,https://youtu.be/lyN8MQxg4Uw?t=48s,prepare_container,prep,1,0.5,Arranging soaked wooden wicks in the dish.,,0,0.0,0.127,0.056,0.535,0.104,"#aeb5b2,#7e7f7a,#493637",1,,
lyN8MQxg4Uw,https://www.youtube.com/watch?v=lyN8MQxg4Uw,How I soak my wood wicks in 2023.,184.0,storyboard,7,56.0,64.0,8.0,https://youtu.be/lyN8MQxg4Uw?t=56s,prepare_container,prep,1,0.5,Hands turn the wicks in the oil.,,0,0.333,0.099,0.073,0.544,0.113,"#b3b7b7,#839586,#4c3935",1,,
lyN8MQxg4Uw,https://www.youtube.com/watch?v=lyN8MQxg4Uw,How I soak my wood wicks in 2023.,184.0,storyboard,8,64.0,72.0,8.0,https://youtu.be/lyN8MQxg4Uw?t=64s,prepare_container,prep,1,0.5,Wooden wicks soaking in the red dish.,7 cs,0,0.0,0.097,0.073,0.534,0.114,"#a8b4b2,#7b817c,#433537",1,,
lyN8MQxg4Uw,https://www.youtube.com/watch?v=lyN8MQxg4Uw,How I soak my wood wicks in 2023.,184.0,storyboard,9,72.0,80.0,8.0,https://youtu.be/lyN8MQxg4Uw?t=72s,prepare_container,prep,1,0.5,Continued wick soaking.,,0,0.0,0.079,0.051,0.554,0.119,"#b1b9b7,#4a3c39,#7e9488",1,,
lyN8MQxg4Uw,https://www.youtube.com/watch?v=lyN8MQxg4Uw,How I soak my wood wicks in 2023.,184.0,storyboard,10,80.0,88.0,8.0,https://youtu.be/lyN8MQxg4Uw?t=80s,prepare_container,prep,1,0.5,Soaked wicks handled overhead.,,0,0.0,0.082,0.02,0.549,0.123,"#a9b6b6,#3e3131,#768b82",1,,
lyN8MQxg4Uw,https://www.youtube.com/watch?v=lyN8MQxg4Uw,How I soak my wood wicks in 2023.,184.0,storyboard,11,88.0,96.0,8.0,https://youtu.be/lyN8MQxg4Uw?t=88s,prepare_container,prep,1,0.5,Wooden wicks in the oil bath.,2,0,0.0,0.054,0.047,0.559,0.107,"#aab8b8,#3f3436,#748b84",1,,
lyN8MQxg4Uw,https://www.youtube.com/watch?v=lyN8MQxg4Uw,How I soak my wood wicks in 2023.,184.0,storyboard,12,96.0,104.0,8.0,https://youtu.be/lyN8MQxg4Uw?t=96s,prepare_container,prep,1,0.5,Arranging the soaking wicks.,,0,0.0,0.03,0.068,0.594,0.091,"#b0b8b8,#8d9c93,#51373b",1,,
lyN8MQxg4Uw,https://www.youtube.com/watch?v=lyN8MQxg4Uw,How I soak my wood wicks in 2023.,184.0,storyboard,13,104.0,112.0,8.0,https://youtu.be/lyN8MQxg4Uw?t=104s,prepare_container,prep,1,0.5,Soaking process continues.,9 4 EX,0,0.0,0.062,0.088,0.556,0.111,"#a5aead,#654c4a,#171021",1,,
lyN8MQxg4Uw,https://www.youtube.com/watch?v=lyN8MQxg4Uw,How I soak my wood wicks in 2023.,184.0,storyboard,14,112.0,120.0,8.0,https://youtu.be/lyN8MQxg4Uw?t=112s,prepare_container,prep,1,0.5,Hands work the wooden wicks in the dish.,,0,0.333,0.097,0.022,0.564,0.108,"#abb6b6,#48393a,#7f918c",1,,
lyN8MQxg4Uw,https://www.youtube.com/watch?v=lyN8MQxg4Uw,How I soak my wood wicks in 2023.,184.0,storyboard,15,120.0,128.0,8.0,https://youtu.be/lyN8MQxg4Uw?t=120s,prepare_container,prep,1,0.5,Soaked wicks overhead.,,0,0.0,0.076,0.021,0.557,0.106,"#acb6b6,#87958f,#43373a",1,,
lyN8MQxg4Uw,https://www.youtube.com/watch?v=lyN8MQxg4Uw,How I soak my wood wicks in 2023.,184.0,storyboard,16,128.0,136.0,8.0,https://youtu.be/lyN8MQxg4Uw?t=128s,prepare_container,prep,1,0.5,Continued wick soaking.,Bte7,0,0.0,0.1,0.081,0.553,0.098,"#a8b2af,#4c3a3b,#767a7b",1,,
lyN8MQxg4Uw,https://www.youtube.com/watch?v=lyN8MQxg4Uw,How I soak my wood wicks in 2023.,184.0,storyboard,17,136.0,144.0,8.0,https://youtu.be/lyN8MQxg4Uw?t=136s,prepare_container,prep,1,0.5,Wooden wicks in oil.,ie,0,0.0,0.053,0.061,0.572,0.072,"#adafab,#7a6d6b,#3f262e",1,,
lyN8MQxg4Uw,https://www.youtube.com/watch?v=lyN8MQxg4Uw,How I soak my wood wicks in 2023.,184.0,storyboard,18,144.0,152.0,8.0,https://youtu.be/lyN8MQxg4Uw?t=144s,prepare_container,prep,1,0.5,Handling the soaking wicks.,ae,0,0.0,0.042,0.069,0.595,0.077,"#adb1ae,#838478,#2b242c",1,,
lyN8MQxg4Uw,https://www.youtube.com/watch?v=lyN8MQxg4Uw,How I soak my wood wicks in 2023.,184.0,storyboard,19,152.0,160.0,8.0,https://youtu.be/lyN8MQxg4Uw?t=152s,prepare_container,prep,1,0.5,Soaked wicks arranged.,Ss ETS Pa,1,0.0,0.093,0.026,0.578,0.077,"#a8b2b4,#869085,#384242",1,,
lyN8MQxg4Uw,https://www.youtube.com/watch?v=lyN8MQxg4Uw,How I soak my wood wicks in 2023.,184.0,storyboard,20,160.0,168.0,8.0,https://youtu.be/lyN8MQxg4Uw?t=160s,reveal_result,finish,1,0.4,Soaked wooden wicks laid out to drain.,Pee,0,0.0,0.082,0.021,0.569,0.088,"#a9b3b6,#7f887c,#3a3f3c",1,,
lyN8MQxg4Uw,https://www.youtube.com/watch?v=lyN8MQxg4Uw,How I soak my wood wicks in 2023.,184.0,storyboard,21,168.0,176.0,8.0,https://youtu.be/lyN8MQxg4Uw?t=168s,reveal_result,finish,1,0.4,The prepared soaked wicks shown.,7,0,0.0,0.023,0.284,0.19,0.03,"#000000,#010102,#030306",1,,
m2fZmJ8RmZM,https://www.youtube.com/watch?v=m2fZmJ8RmZM,Candle Making at Home for Beginners | Candle Business,304.0,storyboard,28,224.0,232.0,8.0,https://youtu.be/m2fZmJ8RmZM?t=224s,measure_wax,prep,1,0.5,Orange jug filling with molten wax from the tank.,wl ATL 7 4 mel ad 5 ic wee,1,0.0,0.109,0.065,0.615,0.099,"#978d85,#cfcecf,#53463e",1,,
m2fZmJ8RmZM,https://www.youtube.com/watch?v=m2fZmJ8RmZM,Candle Making at Home for Beginners | Candle Business,304.0,storyboard,29,232.0,240.0,8.0,https://youtu.be/m2fZmJ8RmZM?t=232s,add_fragrance,process,1,0.45,Pouring/blending near the fragrance bottles.,VY TAAL Se cp eee he ESS Shai im,1,0.0,0.129,0.057,0.633,0.103,"#9a938c,#d0d0d1,#54473d",1,,
m2fZmJ8RmZM,https://www.youtube.com/watch?v=m2fZmJ8RmZM,Candle Making at Home for Beginners | Candle Business,304.0,storyboard,31,248.0,256.0,8.0,https://youtu.be/m2fZmJ8RmZM?t=248s,melt_wax,process,1,0.45,Working the melter; hands.,pe ra pink 1,1,0.0,0.141,0.037,0.643,0.08,"#cccbcd,#958e88,#55473c",1,,
m2fZmJ8RmZM,https://www.youtube.com/watch?v=m2fZmJ8RmZM,Candle Making at Home for Beginners | Candle Business,304.0,storyboard,32,256.0,264.0,8.0,https://youtu.be/m2fZmJ8RmZM?t=256s,pour_wax,assemble,1,0.55,Cream wax poured into champagne-style glasses.,ya Pi Le ot ay we ve ae,1,0.0,0.122,0.1,0.628,0.074,"#d7d7d9,#9b9893,#574c42",1,,
m2fZmJ8RmZM,https://www.youtube.com/watch?v=m2fZmJ8RmZM,Candle Making at Home for Beginners | Candle Business,304.0,storyboard,34,272.0,280.0,8.0,https://youtu.be/m2fZmJ8RmZM?t=272s,pour_wax,assemble,1,0.55,Filling a row of glasses with wax.,SS ar fs 7 Le tid 7 ae LH ein Ayr. 1. La Ay Te SS So he eae 7 er,1,0.0,0.132,0.089,0.61,0.089,"#9a978d,#d4d4d1,#564b3f",1,,
m2fZmJ8RmZM,https://www.youtube.com/watch?v=m2fZmJ8RmZM,Candle Making at Home for Beginners | Candle Business,304.0,storyboard,35,280.0,288.0,8.0,https://youtu.be/m2fZmJ8RmZM?t=280s,pour_wax,assemble,1,0.5,Pouring into glasses; bottles behind.,SS ae oe al Ke Ea es eo 3 7 7 1 ay sr nth,1,0.0,0.12,0.118,0.601,0.109,"#968371,#cacac9,#4f3d30",1,,
m2fZmJ8RmZM,https://www.youtube.com/watch?v=m2fZmJ8RmZM,Candle Making at Home for Beginners | Candle Business,304.0,storyboard,36,288.0,296.0,8.0,https://youtu.be/m2fZmJ8RmZM?t=288s,cure_cool,assemble,1,0.45,Tray of white candles with wooden wicks setting.,Beucs Saggy,1,0.0,0.068,0.0,0.592,0.097,"#8a7e73,#c7c5bc,#312c26",1,,
m2fZmJ8RmZM,https://www.youtube.com/watch?v=m2fZmJ8RmZM,Candle Making at Home for Beginners | Candle Business,304.0,storyboard,37,296.0,304.0,8.0,https://youtu.be/m2fZmJ8RmZM?t=296s,reveal_result,finish,1,0.5,Tray of finished white candles.,FR,0,0.0,0.027,0.597,0.298,0.04,"#000000,#000003,#010100",1,,
nVrWdGYHQkc,https://www.youtube.com/watch?v=nVrWdGYHQkc,Easy DIY Candle Making Tutorial for Beginners || Step-By-Step Guide || GIVEAWAY OVER,511.0,storyboard,6,47.91,55.89,7.98,https://youtu.be/nVrWdGYHQkc?t=48s,prepare_container,prep,1,0.45,Overhead dark vessels prepared.,ae uu FS VP op was 4 aya 4 Sahin,1,0.0,0.097,0.271,0.58,0.154,"#d6d1ca,#9f846d,#2c1f1e",1,,
nVrWdGYHQkc,https://www.youtube.com/watch?v=nVrWdGYHQkc,Easy DIY Candle Making Tutorial for Beginners || Step-By-Step Guide || GIVEAWAY OVER,511.0,storyboard,7,55.89,63.88,7.99,https://youtu.be/nVrWdGYHQkc?t=56s,prepare_container,prep,1,0.45,Overhead vessel prep.,ay ul ro aa,1,0.0,0.093,0.0,0.539,0.164,"#a3856b,#d9d4ce,#271a1b",1,,
nVrWdGYHQkc,https://www.youtube.com/watch?v=nVrWdGYHQkc,Easy DIY Candle Making Tutorial for Beginners || Step-By-Step Guide || GIVEAWAY OVER,511.0,storyboard,30,239.53,247.52,7.99,https://youtu.be/nVrWdGYHQkc?t=240s,melt_wax,process,1,0.5,Metal pitcher of wax melting.,youuu Giese ae Fr al 3,1,0.0,0.038,0.0,0.547,0.153,"#dccfc3,#231a1b,#977f6f",1,,
nVrWdGYHQkc,https://www.youtube.com/watch?v=nVrWdGYHQkc,Easy DIY Candle Making Tutorial for Beginners || Step-By-Step Guide || GIVEAWAY OVER,511.0,storyboard,34,271.47,279.45,7.98,https://youtu.be/nVrWdGYHQkc?t=271s,add_fragrance,process,1,0.5,An amber fragrance bottle.,0 Coane: eer Aa ac inuey Were PSR WAT te SF aoe soneren Ph WES TOF Lilt teciniellss Thal vw clean teers Sa,1,0.0,0.054,0.28,0.648,0.232,"#f4d28a,#d5a159,#462c1d",1,,
nVrWdGYHQkc,https://www.youtube.com/watch?v=nVrWdGYHQkc,Easy DIY Candle Making Tutorial for Beginners || Step-By-Step Guide || GIVEAWAY OVER,511.0,storyboard,35,279.45,287.44,7.99,https://youtu.be/nVrWdGYHQkc?t=279s,add_fragrance,process,1,0.5,'Orange Espresso' fragrance added to the pitcher.,Orange Creamsicle 16 oz 454 Approved for: Candies indies. Flashpoint: ndiesScience Claan Gcents Je,1,0.0,0.127,0.243,0.714,0.224,"#e5e5ea,#d0b799,#53372c",1,,
nVrWdGYHQkc,https://www.youtube.com/watch?v=nVrWdGYHQkc,Easy DIY Candle Making Tutorial for Beginners || Step-By-Step Guide || GIVEAWAY OVER,511.0,storyboard,39,311.39,319.38,7.99,https://youtu.be/nVrWdGYHQkc?t=311s,add_fragrance,process,1,0.45,Blending the scented wax.,Live ee ae fe,1,0.0,0.039,0.0,0.536,0.149,"#dad2c8,#9e8876,#312322",1,,
nVrWdGYHQkc,https://www.youtube.com/watch?v=nVrWdGYHQkc,Easy DIY Candle Making Tutorial for Beginners || Step-By-Step Guide || GIVEAWAY OVER,511.0,storyboard,40,319.38,327.36,7.98,https://youtu.be/nVrWdGYHQkc?t=319s,add_fragrance,process,1,0.45,Pitcher of wax.,ss ue it ee oat -ae EES,1,0.0,0.06,0.141,0.54,0.154,"#a28b79,#d7d1c6,#2b2428",1,,
nVrWdGYHQkc,https://www.youtube.com/watch?v=nVrWdGYHQkc,Easy DIY Candle Making Tutorial for Beginners || Step-By-Step Guide || GIVEAWAY OVER,511.0,storyboard,41,327.36,335.34,7.98,https://youtu.be/nVrWdGYHQkc?t=327s,add_fragrance,process,1,0.45,Stirring the wax.,iy vieet al,1,0.0,0.07,0.103,0.549,0.167,"#dad1c1,#2d2a2f,#9c8470",1,,
nVrWdGYHQkc,https://www.youtube.com/watch?v=nVrWdGYHQkc,Easy DIY Candle Making Tutorial for Beginners || Step-By-Step Guide || GIVEAWAY OVER,511.0,storyboard,42,335.34,343.33,7.99,https://youtu.be/nVrWdGYHQkc?t=335s,melt_wax,process,1,0.45,Amber wax ready.,ue aw NS,1,0.0,0.071,0.037,0.562,0.172,"#e1ceb9,#937764,#231c1c",1,,
nVrWdGYHQkc,https://www.youtube.com/watch?v=nVrWdGYHQkc,Easy DIY Candle Making Tutorial for Beginners || Step-By-Step Guide || GIVEAWAY OVER,511.0,storyboard,43,343.33,351.31,7.98,https://youtu.be/nVrWdGYHQkc?t=343s,melt_wax,process,1,0.45,Pitcher of molten wax.,ame Co Sie. Ke eo Ke,1,0.0,0.071,0.0,0.529,0.191,"#e1ccb6,#241d1f,#976f5b",1,,
nVrWdGYHQkc,https://www.youtube.com/watch?v=nVrWdGYHQkc,Easy DIY Candle Making Tutorial for Beginners || Step-By-Step Guide || GIVEAWAY OVER,511.0,storyboard,44,351.31,359.3,7.99,https://youtu.be/nVrWdGYHQkc?t=351s,melt_wax,process,1,0.45,Wax in the pitcher.,Za by Sj LOVe at Wet GO ret Pr,1,0.0,0.077,0.079,0.536,0.204,"#dfcdb9,#201c1e,#946d5e",1,,
nVrWdGYHQkc,https://www.youtube.com/watch?v=nVrWdGYHQkc,Easy DIY Candle Making Tutorial for Beginners || Step-By-Step Guide || GIVEAWAY OVER,511.0,storyboard,45,359.3,367.28,7.98,https://youtu.be/nVrWdGYHQkc?t=359s,melt_wax,process,1,0.45,Molten wax.,4 7 eo sii eres ye ale ee,1,0.0,0.058,0.164,0.548,0.154,"#d3c7b9,#7d695e,#191517",1,,
nVrWdGYHQkc,https://www.youtube.com/watch?v=nVrWdGYHQkc,Easy DIY Candle Making Tutorial for Beginners || Step-By-Step Guide || GIVEAWAY OVER,511.0,storyboard,46,367.28,375.27,7.99,https://youtu.be/nVrWdGYHQkc?t=367s,melt_wax,process,1,0.45,Pitcher of wax.,"ey 4 me Aa, ae ia",1,0.0,0.057,0.0,0.543,0.146,"#d1c2b3,#7c6355,#171316",1,,
nVrWdGYHQkc,https://www.youtube.com/watch?v=nVrWdGYHQkc,Easy DIY Candle Making Tutorial for Beginners || Step-By-Step Guide || GIVEAWAY OVER,511.0,storyboard,47,375.27,383.25,7.98,https://youtu.be/nVrWdGYHQkc?t=375s,melt_wax,process,1,0.45,Wax ready to pour.,LOVE 4 aS By Re ey An ro,1,0.0,0.062,0.184,0.57,0.162,"#ddcbb7,#8c7262,#231b1a",1,,
nVrWdGYHQkc,https://www.youtube.com/watch?v=nVrWdGYHQkc,Easy DIY Candle Making Tutorial for Beginners || Step-By-Step Guide || GIVEAWAY OVER,511.0,storyboard,48,383.25,391.23,7.98,https://youtu.be/nVrWdGYHQkc?t=383s,pour_wax,assemble,1,0.55,Wax poured from the pitcher into a brown/kraft vessel.,il al ro OYE co 4 st Toa,1,0.0,0.072,0.196,0.547,0.149,"#d7d3cc,#2a2427,#a4826b",1,,
nVrWdGYHQkc,https://www.youtube.com/watch?v=nVrWdGYHQkc,Easy DIY Candle Making Tutorial for Beginners || Step-By-Step Guide || GIVEAWAY OVER,511.0,storyboard,50,399.22,407.2,7.98,https://youtu.be/nVrWdGYHQkc?t=399s,pour_wax,assemble,1,0.5,Kraft vessel filled with wax; wick stick.,al LOVe SS ex CO ls es ms Lf,1,0.0,0.048,0.262,0.603,0.166,"#dcd2c6,#2a2323,#a7846a",1,,
nVrWdGYHQkc,https://www.youtube.com/watch?v=nVrWdGYHQkc,Easy DIY Candle Making Tutorial for Beginners || Step-By-Step Guide || GIVEAWAY OVER,511.0,storyboard,51,407.2,415.19,7.99,https://youtu.be/nVrWdGYHQkc?t=407s,set_wick,assemble,1,0.5,Brown vessel with wax; centring the wick.,"itty ry, es anal 7",1,0.0,0.053,0.274,0.596,0.189,"#ded4c6,#211c1d,#a2816a",1,,
nVrWdGYHQkc,https://www.youtube.com/watch?v=nVrWdGYHQkc,Easy DIY Candle Making Tutorial for Beginners || Step-By-Step Guide || GIVEAWAY OVER,511.0,storyboard,53,423.17,431.16,7.99,https://youtu.be/nVrWdGYHQkc?t=423s,set_wick,assemble,1,0.5,Centring the wick in the candle.,oe Huu 4 on rae yo Oa,1,0.0,0.065,0.077,0.547,0.153,"#dacec2,#1d1719,#96725e",1,,
nVrWdGYHQkc,https://www.youtube.com/watch?v=nVrWdGYHQkc,Easy DIY Candle Making Tutorial for Beginners || Step-By-Step Guide || GIVEAWAY OVER,511.0,storyboard,54,431.16,439.14,7.98,https://youtu.be/nVrWdGYHQkc?t=431s,reveal_result,finish,1,0.45,Holding the finished candle; wick.,us. Bs 0 FE ace ek Fr 2,1,0.0,0.045,0.274,0.597,0.19,"#dbcfc1,#1d191a,#97745f",1,,
nVrWdGYHQkc,https://www.youtube.com/watch?v=nVrWdGYHQkc,Easy DIY Candle Making Tutorial for Beginners || Step-By-Step Guide || GIVEAWAY OVER,511.0,storyboard,55,439.14,447.12,7.98,https://youtu.be/nVrWdGYHQkc?t=439s,trim_wick,finish,1,0.5,Trimming the wick on the set candle.,Hu 4 Ove rg,1,0.0,0.084,0.0,0.546,0.162,"#dacfc0,#231d1f,#9b745e",1,,
nVrWdGYHQkc,https://www.youtube.com/watch?v=nVrWdGYHQkc,Easy DIY Candle Making Tutorial for Beginners || Step-By-Step Guide || GIVEAWAY OVER,511.0,storyboard,56,447.12,455.11,7.99,https://youtu.be/nVrWdGYHQkc?t=447s,set_wick,assemble,1,0.45,Wick clip on the vessel.,,0,0.0,0.052,0.293,0.611,0.179,"#f5d2a8,#cf8f6e,#493937",1,,
nVrWdGYHQkc,https://www.youtube.com/watch?v=nVrWdGYHQkc,Easy DIY Candle Making Tutorial for Beginners || Step-By-Step Guide || GIVEAWAY OVER,511.0,storyboard,57,455.11,463.09,7.98,https://youtu.be/nVrWdGYHQkc?t=455s,decorate_finish,finish,1,0.45,Placing a lid on the brown vessel candle.,,0,0.0,0.004,0.409,0.527,0.138,"#706659,#635446,#221d20",1,,
nnm8jirkn64,https://www.youtube.com/watch?v=nnm8jirkn64,5 Things I Don't Like About Wood Wicks (But Still Use Them!),431.0,storyboard,4,31.93,39.91,7.98,https://youtu.be/nnm8jirkn64?t=32s,reveal_result,finish,1,0.4,Wood-wick candle b-roll; host.,,0,0.0,0.01,0.0,0.13,0.092,"#020101,#634b44,#ae9482",1,,
nnm8jirkn64,https://www.youtube.com/watch?v=nnm8jirkn64,5 Things I Don't Like About Wood Wicks (But Still Use Them!),431.0,storyboard,6,47.89,55.87,7.98,https://youtu.be/nnm8jirkn64?t=48s,reveal_result,finish,1,0.5,Lit wood-wick candle close-up; caption 'CON 1: wood wicks can be trickier to light'.,hye ys 2 4 2 VY,1,0.0,0.032,0.035,0.52,0.169,"#555b37,#9da087,#e9f0f0",1,,
nnm8jirkn64,https://www.youtube.com/watch?v=nnm8jirkn64,5 Things I Don't Like About Wood Wicks (But Still Use Them!),431.0,storyboard,12,95.78,103.76,7.98,https://youtu.be/nnm8jirkn64?t=96s,reveal_result,finish,1,0.5,Lit wood-wick candle close-up.,4 4,0,0.0,0.023,0.045,0.567,0.23,"#655e38,#c3b281,#eae9e2",1,,
nnm8jirkn64,https://www.youtube.com/watch?v=nnm8jirkn64,5 Things I Don't Like About Wood Wicks (But Still Use Them!),431.0,storyboard,13,103.76,111.74,7.98,https://youtu.be/nnm8jirkn64?t=104s,reveal_result,finish,1,0.5,Lit wood-wick candle close-up.,te,0,0.0,0.024,0.0,0.569,0.239,"#5f5b3b,#caaf6f,#e5e6e2",1,,
nnm8jirkn64,https://www.youtube.com/watch?v=nnm8jirkn64,5 Things I Don't Like About Wood Wicks (But Still Use Them!),431.0,storyboard,24,191.56,199.54,7.98,https://youtu.be/nnm8jirkn64?t=192s,gather_materials,prep,1,0.4,Hands work at the table (b-roll).,see 2 ae Vit ran Sy,1,0.0,0.035,0.216,0.655,0.149,"#ba9d86,#714d3d,#ebe6df",1,,
nnm8jirkn64,https://www.youtube.com/watch?v=nnm8jirkn64,5 Things I Don't Like About Wood Wicks (But Still Use Them!),431.0,storyboard,25,199.54,207.52,7.98,https://youtu.be/nnm8jirkn64?t=200s,gather_materials,prep,1,0.4,Overhead supplies.,ey ts ay 4 4 Ne,1,0.0,0.066,0.0,0.6,0.136,"#ba9b82,#44342b,#eae6df",1,,
nnm8jirkn64,https://www.youtube.com/watch?v=nnm8jirkn64,5 Things I Don't Like About Wood Wicks (But Still Use Them!),431.0,storyboard,35,279.35,287.33,7.98,https://youtu.be/nnm8jirkn64?t=279s,reveal_result,finish,1,0.5,Lit wood-wick candle close-up.,ah EEE EEOeeerereerrr,1,0.0,0.014,0.143,0.751,0.126,"#cbbba0,#e2dac7,#7b715e",1,,
o4YzLSxaahk,https://www.youtube.com/watch?v=o4YzLSxaahk,🥥 How to Make Coconut Apricot Wax Candles | *my process* summer edition :) 🏝️,455.0,storyboard,0,0.0,7.98,7.98,https://youtu.be/o4YzLSxaahk?t=0s,measure_wax,prep,1,0.5,Gloved hands measure amber coconut-apricot wax.,1 ie wena ot fl ft,1,0.0,0.035,0.192,0.505,0.227,"#c4b39d,#9d836d,#553e34",1,,
o4YzLSxaahk,https://www.youtube.com/watch?v=o4YzLSxaahk,🥥 How to Make Coconut Apricot Wax Candles | *my process* summer edition :) 🏝️,455.0,storyboard,2,15.96,23.95,7.99,https://youtu.be/o4YzLSxaahk?t=16s,pour_wax,assemble,1,0.45,Amber wax in cups from a lidded pot.,eS we 4 jy AY NS RG,1,0.0,0.091,0.372,0.382,0.139,"#9a917b,#b2c5ca,#2f3951",1,,
o4YzLSxaahk,https://www.youtube.com/watch?v=o4YzLSxaahk,🥥 How to Make Coconut Apricot Wax Candles | *my process* summer edition :) 🏝️,455.0,storyboard,3,23.95,31.93,7.98,https://youtu.be/o4YzLSxaahk?t=24s,melt_wax,process,1,0.45,Amber molten wax.,,0,0.0,0.01,0.191,0.565,0.111,"#9e987f,#b2d0e0,#555349",1,,
o4YzLSxaahk,https://www.youtube.com/watch?v=o4YzLSxaahk,🥥 How to Make Coconut Apricot Wax Candles | *my process* summer edition :) 🏝️,455.0,storyboard,4,31.93,39.91,7.98,https://youtu.be/o4YzLSxaahk?t=32s,measure_wax,prep,1,0.4,Phone timer; amber cups.,,0,0.0,0.011,0.076,0.583,0.122,"#ac9c81,#b1bdc2,#534c4d",1,,
o4YzLSxaahk,https://www.youtube.com/watch?v=o4YzLSxaahk,🥥 How to Make Coconut Apricot Wax Candles | *my process* summer edition :) 🏝️,455.0,storyboard,6,47.89,55.88,7.99,https://youtu.be/o4YzLSxaahk?t=48s,cure_cool,assemble,1,0.4,Rows of poured cups on the table cooling.,,0,0.0,0.038,0.369,0.482,0.174,"#8d9888,#444e3c,#c1e0e3",1,,
o4YzLSxaahk,https://www.youtube.com/watch?v=o4YzLSxaahk,🥥 How to Make Coconut Apricot Wax Candles | *my process* summer edition :) 🏝️,455.0,storyboard,8,63.86,71.84,7.98,https://youtu.be/o4YzLSxaahk?t=64s,measure_wax,prep,1,0.45,White wax/powder in a tub measured.,HIVE AND HONE ANDI eco jee god Maney anctie OM sy 109 rcs ovengtes on Pe Bo cme ano oAre 7,1,0.0,0.064,0.204,0.551,0.133,"#a1896e,#4d443a,#e0d0bb",1,,
o4YzLSxaahk,https://www.youtube.com/watch?v=o4YzLSxaahk,🥥 How to Make Coconut Apricot Wax Candles | *my process* summer edition :) 🏝️,455.0,storyboard,11,87.81,95.79,7.98,https://youtu.be/o4YzLSxaahk?t=88s,measure_wax,prep,1,0.45,White wax tub and supplies.,Se ess fs es es 2 Zs 2 4 eo 2 Se ey,1,0.0,0.11,0.406,0.354,0.101,"#978b75,#dfd0bc,#36292d",1,,
o4YzLSxaahk,https://www.youtube.com/watch?v=o4YzLSxaahk,🥥 How to Make Coconut Apricot Wax Candles | *my process* summer edition :) 🏝️,455.0,storyboard,12,95.79,103.77,7.98,https://youtu.be/o4YzLSxaahk?t=96s,melt_wax,process,1,0.5,Gloved hands tend the melting pot.,lap fd 7,1,0.0,0.017,0.148,0.658,0.114,"#e5d3c1,#1b1b1d,#9d7152",1,,
o4YzLSxaahk,https://www.youtube.com/watch?v=o4YzLSxaahk,🥥 How to Make Coconut Apricot Wax Candles | *my process* summer edition :) 🏝️,455.0,storyboard,13,103.77,111.75,7.98,https://youtu.be/o4YzLSxaahk?t=104s,melt_wax,process,1,0.55,Gloved hand stirs the black melting pot.,4,0,0.0,0.024,0.0,0.576,0.12,"#e5d3be,#323336,#ad8a5f",1,,
o4YzLSxaahk,https://www.youtube.com/watch?v=o4YzLSxaahk,🥥 How to Make Coconut Apricot Wax Candles | *my process* summer edition :) 🏝️,455.0,storyboard,14,111.75,119.74,7.99,https://youtu.be/o4YzLSxaahk?t=112s,melt_wax,process,1,0.5,Working the wax pot in gloves.,"wy,",0,0.0,0.035,0.27,0.563,0.182,"#9e8079,#d2bbab,#764d3e",1,,
o4YzLSxaahk,https://www.youtube.com/watch?v=o4YzLSxaahk,🥥 How to Make Coconut Apricot Wax Candles | *my process* summer edition :) 🏝️,455.0,storyboard,15,119.74,127.72,7.98,https://youtu.be/o4YzLSxaahk?t=120s,melt_wax,process,1,0.45,Wrist watch; amber wax — fragrance stage.,,0,0.0,0.009,0.118,0.643,0.13,"#b29f89,#968777,#d6c1b0",1,,
o4YzLSxaahk,https://www.youtube.com/watch?v=o4YzLSxaahk,🥥 How to Make Coconut Apricot Wax Candles | *my process* summer edition :) 🏝️,455.0,storyboard,16,127.72,135.7,7.98,https://youtu.be/o4YzLSxaahk?t=128s,melt_wax,process,1,0.55,Gloved hand stirs the amber wax.,,0,0.0,0.012,0.196,0.604,0.254,"#d1b594,#da7c61,#7d4537",1,,
o4YzLSxaahk,https://www.youtube.com/watch?v=o4YzLSxaahk,🥥 How to Make Coconut Apricot Wax Candles | *my process* summer edition :) 🏝️,455.0,storyboard,17,135.7,143.68,7.98,https://youtu.be/o4YzLSxaahk?t=136s,melt_wax,process,1,0.5,Amber wax in the container.,3 7 7 GIO,1,0.0,0.046,0.0,0.465,0.177,"#4f4230,#e0c9b1,#a38768",1,,
o4YzLSxaahk,https://www.youtube.com/watch?v=o4YzLSxaahk,🥥 How to Make Coconut Apricot Wax Candles | *my process* summer edition :) 🏝️,455.0,storyboard,18,143.68,151.67,7.99,https://youtu.be/o4YzLSxaahk?t=144s,add_fragrance,process,1,0.5,Blue scale and fragrance bottles.,at tue Ge oe ie OF yuenh,1,0.0,0.019,0.349,0.492,0.323,"#947c66,#dbbf84,#df9910",1,,
o4YzLSxaahk,https://www.youtube.com/watch?v=o4YzLSxaahk,🥥 How to Make Coconut Apricot Wax Candles | *my process* summer edition :) 🏝️,455.0,storyboard,19,151.67,159.65,7.98,https://youtu.be/o4YzLSxaahk?t=152s,add_fragrance,process,1,0.5,Amber wax with a fragrance bottle.,az oa hast 1 ig SUMMmeT SCL 4 Wis PS iieamnOW.. Fein kee On eyes Ucksle,1,0.0,0.076,0.086,0.491,0.239,"#735424,#ba8e60,#ecd4c1",1,,
o4YzLSxaahk,https://www.youtube.com/watch?v=o4YzLSxaahk,🥥 How to Make Coconut Apricot Wax Candles | *my process* summer edition :) 🏝️,455.0,storyboard,20,159.65,167.63,7.98,https://youtu.be/o4YzLSxaahk?t=160s,melt_wax,process,1,0.5,Pot of amber wax.,"FO, Ce",0,0.0,0.044,0.0,0.492,0.287,"#735724,#bf8e37,#e3c08e",1,,
o4YzLSxaahk,https://www.youtube.com/watch?v=o4YzLSxaahk,🥥 How to Make Coconut Apricot Wax Candles | *my process* summer edition :) 🏝️,455.0,storyboard,21,167.63,175.61,7.98,https://youtu.be/o4YzLSxaahk?t=168s,melt_wax,process,1,0.5,Amber wax pot (close-up).,me,0,0.0,0.026,0.131,0.483,0.28,"#6a502b,#ba8f4f,#eed3aa",1,,
o4YzLSxaahk,https://www.youtube.com/watch?v=o4YzLSxaahk,🥥 How to Make Coconut Apricot Wax Candles | *my process* summer edition :) 🏝️,455.0,storyboard,22,175.61,183.6,7.99,https://youtu.be/o4YzLSxaahk?t=176s,melt_wax,process,1,0.5,Molten amber wax in the pot.,ee SoS Pa tee,1,0.0,0.025,0.081,0.523,0.303,"#7b5b28,#c68e2d,#ead4bd",1,,
o4YzLSxaahk,https://www.youtube.com/watch?v=o4YzLSxaahk,🥥 How to Make Coconut Apricot Wax Candles | *my process* summer edition :) 🏝️,455.0,storyboard,23,183.6,191.58,7.98,https://youtu.be/o4YzLSxaahk?t=184s,melt_wax,process,1,0.5,Amber wax ready to pour.,PRBS PO eS Op ar,1,0.0,0.117,0.267,0.519,0.258,"#dfcebd,#3a282d,#9d7d63",1,,
o4YzLSxaahk,https://www.youtube.com/watch?v=o4YzLSxaahk,🥥 How to Make Coconut Apricot Wax Candles | *my process* summer edition :) 🏝️,455.0,storyboard,25,199.56,207.54,7.98,https://youtu.be/o4YzLSxaahk?t=200s,pour_wax,assemble,1,0.5,Pouring amber wax into rows of cups.,ZS eu,0,0.0,0.237,0.046,0.508,0.189,"#3f2d2e,#e1d1c0,#9b7f66",1,,
o4YzLSxaahk,https://www.youtube.com/watch?v=o4YzLSxaahk,🥥 How to Make Coconut Apricot Wax Candles | *my process* summer edition :) 🏝️,455.0,storyboard,26,207.54,215.53,7.99,https://youtu.be/o4YzLSxaahk?t=208s,pour_wax,assemble,1,0.5,Rows of amber cups being filled.,"pee WE, Se gS Se Ss We OS ne, Be",1,0.0,0.215,0.035,0.503,0.204,"#3f2f33,#ab8065,#ded4c6",1,,
o4YzLSxaahk,https://www.youtube.com/watch?v=o4YzLSxaahk,🥥 How to Make Coconut Apricot Wax Candles | *my process* summer edition :) 🏝️,455.0,storyboard,27,215.53,223.51,7.98,https://youtu.be/o4YzLSxaahk?t=216s,set_wick,assemble,1,0.5,Centring wicks across the rows of cups.,"BS, Ee SS 7 pes Spt LE SSS Sees Taw. ti 7 4 BS qe we, aE Se 4 SS eaSSES",1,0.0,0.218,0.087,0.503,0.215,"#ad795d,#3a2a30,#daccbe",1,,
o4YzLSxaahk,https://www.youtube.com/watch?v=o4YzLSxaahk,🥥 How to Make Coconut Apricot Wax Candles | *my process* summer edition :) 🏝️,455.0,storyboard,28,223.51,231.49,7.98,https://youtu.be/o4YzLSxaahk?t=224s,set_wick,assemble,1,0.45,Rows of poured cups cooling.,5SEN Sooke Dok,1,0.0,0.197,0.0,0.473,0.161,"#2d212c,#8d786d,#dfd8ca",1,,
o4YzLSxaahk,https://www.youtube.com/watch?v=o4YzLSxaahk,🥥 How to Make Coconut Apricot Wax Candles | *my process* summer edition :) 🏝️,455.0,storyboard,29,231.49,239.47,7.98,https://youtu.be/o4YzLSxaahk?t=231s,set_wick,assemble,1,0.5,Adjusting wicks in the cup rows.,Ss gx Vee ve Sa ae,1,0.0,0.205,0.036,0.499,0.22,"#ae7d5e,#3e2d37,#dcd3c5",1,,
o4YzLSxaahk,https://www.youtube.com/watch?v=o4YzLSxaahk,🥥 How to Make Coconut Apricot Wax Candles | *my process* summer edition :) 🏝️,455.0,storyboard,30,239.47,247.46,7.99,https://youtu.be/o4YzLSxaahk?t=239s,cure_cool,assemble,1,0.45,Rows of cups setting.,SE IG ee,1,0.0,0.22,0.027,0.504,0.226,"#ae7c5d,#3d2b30,#ded9cc",1,,
o4YzLSxaahk,https://www.youtube.com/watch?v=o4YzLSxaahk,🥥 How to Make Coconut Apricot Wax Candles | *my process* summer edition :) 🏝️,455.0,storyboard,31,247.46,255.44,7.98,https://youtu.be/o4YzLSxaahk?t=247s,pour_wax,assemble,1,0.5,Pouring wax into more cups.,PDO Pe,0,0.0,0.2,0.059,0.504,0.224,"#a97c61,#392934,#ded8cd",1,,
o4YzLSxaahk,https://www.youtube.com/watch?v=o4YzLSxaahk,🥥 How to Make Coconut Apricot Wax Candles | *my process* summer edition :) 🏝️,455.0,storyboard,32,255.44,263.42,7.98,https://youtu.be/o4YzLSxaahk?t=255s,pour_wax,assemble,1,0.5,Rows of filled cups.,ler mS ros Oe,1,0.0,0.198,0.0,0.502,0.225,"#a97a5e,#362733,#ddd7cc",1,,
o4YzLSxaahk,https://www.youtube.com/watch?v=o4YzLSxaahk,🥥 How to Make Coconut Apricot Wax Candles | *my process* summer edition :) 🏝️,455.0,storyboard,33,263.42,271.4,7.98,https://youtu.be/o4YzLSxaahk?t=263s,cure_cool,assemble,1,0.45,Rows of cups cooling.,4 fd 7 Ga ot ete AA 7 ay me re ee SR ee wy ara Ne hia wl og oe 59 Ww ff,1,0.0,0.128,0.138,0.393,0.213,"#3d333e,#a96e51,#c3b49b",1,,
o4YzLSxaahk,https://www.youtube.com/watch?v=o4YzLSxaahk,🥥 How to Make Coconut Apricot Wax Candles | *my process* summer edition :) 🏝️,455.0,storyboard,34,271.4,279.39,7.99,https://youtu.be/o4YzLSxaahk?t=271s,cure_cool,assemble,1,0.5,Hand adjusts wicks in the cups.,"vo Za LP LY PN ve Oe ww, WL Se sf",1,0.0,0.145,0.132,0.424,0.197,"#987253,#31303d,#d0b393",1,,
o4YzLSxaahk,https://www.youtube.com/watch?v=o4YzLSxaahk,🥥 How to Make Coconut Apricot Wax Candles | *my process* summer edition :) 🏝️,455.0,storyboard,35,279.39,287.37,7.98,https://youtu.be/o4YzLSxaahk?t=279s,cure_cool,assemble,1,0.45,Rows of cups setting.,"Tem aSS at ro,",1,0.0,0.138,0.265,0.359,0.162,"#322f40,#ccbca4,#8d7256",1,,
o4YzLSxaahk,https://www.youtube.com/watch?v=o4YzLSxaahk,🥥 How to Make Coconut Apricot Wax Candles | *my process* summer edition :) 🏝️,455.0,storyboard,37,295.35,303.33,7.98,https://youtu.be/o4YzLSxaahk?t=295s,cure_cool,assemble,1,0.45,Rows of dark candles setting.,See! ae,0,0.0,0.196,0.208,0.506,0.106,"#c7c0b1,#888780,#31272c",1,,
o4YzLSxaahk,https://www.youtube.com/watch?v=o4YzLSxaahk,🥥 How to Make Coconut Apricot Wax Candles | *my process* summer edition :) 🏝️,455.0,storyboard,38,303.33,311.32,7.99,https://youtu.be/o4YzLSxaahk?t=303s,cure_cool,assemble,1,0.45,Rows of finished candles.,7 as 72 on we ss beg eo Sei ES on Sa S/e OB,1,0.0,0.197,0.135,0.495,0.128,"#ccc2b1,#312b33,#8b857b",1,,
o4YzLSxaahk,https://www.youtube.com/watch?v=o4YzLSxaahk,🥥 How to Make Coconut Apricot Wax Candles | *my process* summer edition :) 🏝️,455.0,storyboard,40,319.3,327.28,7.98,https://youtu.be/o4YzLSxaahk?t=319s,decorate_finish,finish,1,0.4,Pastel colour swatches/labels for the candles.,oats ry,0,0.0,0.106,0.311,0.663,0.237,"#e4e4e3,#67f16f,#6e97e7",1,,
o4YzLSxaahk,https://www.youtube.com/watch?v=o4YzLSxaahk,🥥 How to Make Coconut Apricot Wax Candles | *my process* summer edition :) 🏝️,455.0,storyboard,41,327.28,335.26,7.98,https://youtu.be/o4YzLSxaahk?t=327s,decorate_finish,finish,1,0.4,Labelling the candle (green-screen label).,dey ein,0,0.0,0.05,0.274,0.362,0.181,"#765a5d,#c5bdb3,#221f3a",1,,
o4YzLSxaahk,https://www.youtube.com/watch?v=o4YzLSxaahk,🥥 How to Make Coconut Apricot Wax Candles | *my process* summer edition :) 🏝️,455.0,storyboard,44,351.23,359.21,7.98,https://youtu.be/o4YzLSxaahk?t=351s,reveal_result,finish,1,0.4,Trays of candles; phone.,Ralls eel aed een WC bee etas Vth hm nn own tag he me Ciba mee we Whe own hee blues tie as may fin nee te Wa teen Em aaeec th Tos eUMH ele on ota eK in. Ue eee he ake He UMMIhle as raise ae paren Ga o,1,0.0,0.087,0.169,0.497,0.272,"#bb870e,#b9b3a8,#453b41",1,,
o4YzLSxaahk,https://www.youtube.com/watch?v=o4YzLSxaahk,🥥 How to Make Coconut Apricot Wax Candles | *my process* summer edition :) 🏝️,455.0,storyboard,45,359.21,367.19,7.98,https://youtu.be/o4YzLSxaahk?t=359s,reveal_result,finish,1,0.4,Packed shipping boxes.,aa,0,0.0,0.053,0.223,0.484,0.206,"#c1916e,#8f5624,#362d32",1,,
o4YzLSxaahk,https://www.youtube.com/watch?v=o4YzLSxaahk,🥥 How to Make Coconut Apricot Wax Candles | *my process* summer edition :) 🏝️,455.0,storyboard,46,367.19,375.18,7.99,https://youtu.be/o4YzLSxaahk?t=367s,reveal_result,finish,1,0.45,Rows of finished candles.,silico gonne toss in free wax eee thas Muumminelts chosen specifically by me for you and made especially os for july sary Bee ew ee et,1,0.0,0.069,0.317,0.456,0.228,"#d2ab8b,#795956,#211327",1,,
oMSta9suaQ8,https://www.youtube.com/watch?v=oMSta9suaQ8,How to make marble candles // Marble candle tutorial // DIY marbled candles,115.0,storyboard,2,16.43,24.64,8.21,https://youtu.be/oMSta9suaQ8?t=16s,gather_materials,prep,1,0.5,"Host talks, then overhead view of small glass dishes and supplies on the bench.",,0,0.0,0.011,0.066,0.673,0.118,"#d4bea9,#c5a68c,#b38b70",1,,
oMSta9suaQ8,https://www.youtube.com/watch?v=oMSta9suaQ8,How to make marble candles // Marble candle tutorial // DIY marbled candles,115.0,storyboard,3,24.64,32.86,8.22,https://youtu.be/oMSta9suaQ8?t=25s,add_dye_color,process,1,0.5,Overhead: wax poured from a metal pitcher into dishes with blue dye to make the marble colour.,,0,0.0,0.011,0.053,0.681,0.132,"#d9bea7,#bf9676,#3d2d25",1,,
oMSta9suaQ8,https://www.youtube.com/watch?v=oMSta9suaQ8,How to make marble candles // Marble candle tutorial // DIY marbled candles,115.0,storyboard,4,32.86,41.07,8.21,https://youtu.be/oMSta9suaQ8?t=33s,add_dye_color,process,1,0.5,"Blue tinted wax in a dish, mixed by hand.",,0,0.0,0.01,0.046,0.695,0.127,"#d9beaa,#c2997c,#876359",1,,
oMSta9suaQ8,https://www.youtube.com/watch?v=oMSta9suaQ8,How to make marble candles // Marble candle tutorial // DIY marbled candles,115.0,storyboard,5,41.07,49.29,8.22,https://youtu.be/oMSta9suaQ8?t=41s,pour_wax,assemble,1,0.55,"Hands tilt and rotate a glass, swirling blue wax around the inside to create the marble pattern.",,0,0.0,0.01,0.044,0.692,0.128,"#d9bea8,#bc9377,#6a8cb2",1,,
oMSta9suaQ8,https://www.youtube.com/watch?v=oMSta9suaQ8,How to make marble candles // Marble candle tutorial // DIY marbled candles,115.0,storyboard,6,49.29,57.5,8.21,https://youtu.be/oMSta9suaQ8?t=49s,pour_wax,assemble,1,0.55,Continued swirling/tilting of the glass to marble the blue wax up the walls.,"8 ica SS me yy th ia Yd ee nf oo nis 2 LT ek PD REE, OE en: Ta ees ee ry",1,0.0,0.023,0.129,0.654,0.113,"#dbc3ad,#c6a181,#868785",1,,
oMSta9suaQ8,https://www.youtube.com/watch?v=oMSta9suaQ8,How to make marble candles // Marble candle tutorial // DIY marbled candles,115.0,storyboard,7,57.5,65.71,8.21,https://youtu.be/oMSta9suaQ8?t=58s,pour_wax,assemble,1,0.5,"Host reacts, then overhead pouring from the metal pitcher; a timer is shown.",ce,0,0.0,0.021,0.159,0.651,0.118,"#dec6b0,#be997c,#756b61",1,,
oMSta9suaQ8,https://www.youtube.com/watch?v=oMSta9suaQ8,How to make marble candles // Marble candle tutorial // DIY marbled candles,115.0,storyboard,8,65.71,73.93,8.22,https://youtu.be/oMSta9suaQ8?t=66s,pour_wax,assemble,1,0.5,The marbled glass rests with a timer to let the pattern set before the fill.,ee 17,0,0.0,0.017,0.094,0.725,0.12,"#e1d5cb,#c2ab97,#39322e",1,,
oMSta9suaQ8,https://www.youtube.com/watch?v=oMSta9suaQ8,How to make marble candles // Marble candle tutorial // DIY marbled candles,115.0,storyboard,9,73.93,82.14,8.21,https://youtu.be/oMSta9suaQ8?t=74s,pour_wax,assemble,1,0.6,Clear/white wax poured into the marbled glass over a centring stick to fill it.,4 ere mw es,1,0.0,0.034,0.146,0.658,0.109,"#ded2c9,#beac9e,#3f3a38",1,,
oMSta9suaQ8,https://www.youtube.com/watch?v=oMSta9suaQ8,How to make marble candles // Marble candle tutorial // DIY marbled candles,115.0,storyboard,11,90.36,98.57,8.21,https://youtu.be/oMSta9suaQ8?t=90s,reveal_result,finish,1,0.65,Two finished blue-marble candles shown lit.,Sa 7. corer Lo AS,1,0.0,0.034,0.189,0.59,0.116,"#ccc0b9,#959498,#33312b",1,,
p3X85tRiKRc,https://www.youtube.com/watch?v=p3X85tRiKRc,How To Make Soy Candles | Beginners Candle Making Tutorial,532.0,storyboard,8,64.48,72.55,8.07,https://youtu.be/p3X85tRiKRc?t=64s,measure_wax,prep,1,0.45,White wax bag/sheet.,ate MEE 1 pis os 5 im 7 oan,1,0.0,0.146,0.099,0.512,0.067,"#848b7e,#2a2c29,#c6ccc8",1,,
p3X85tRiKRc,https://www.youtube.com/watch?v=p3X85tRiKRc,How To Make Soy Candles | Beginners Candle Making Tutorial,532.0,storyboard,9,72.55,80.61,8.06,https://youtu.be/p3X85tRiKRc?t=73s,melt_wax,process,1,0.55,White wax melting in a metal pitcher.,4 Coe eS Sa,1,0.0,0.134,0.269,0.581,0.057,"#939a8a,#3e4039,#ccd4c6",1,,
p3X85tRiKRc,https://www.youtube.com/watch?v=p3X85tRiKRc,How To Make Soy Candles | Beginners Candle Making Tutorial,532.0,storyboard,10,80.61,88.67,8.06,https://youtu.be/p3X85tRiKRc?t=81s,melt_wax,process,1,0.55,Wax melting in the pitcher.,we,0,0.0,0.053,0.088,0.478,0.069,"#393932,#cccbbb,#797671",1,,
p3X85tRiKRc,https://www.youtube.com/watch?v=p3X85tRiKRc,How To Make Soy Candles | Beginners Candle Making Tutorial,532.0,storyboard,11,88.67,96.73,8.06,https://youtu.be/p3X85tRiKRc?t=89s,melt_wax,process,1,0.5,Melting the wax.,er,0,0.0,0.055,0.229,0.468,0.079,"#c1bdaa,#6d644f,#17150f",1,,
p3X85tRiKRc,https://www.youtube.com/watch?v=p3X85tRiKRc,How To Make Soy Candles | Beginners Candle Making Tutorial,532.0,storyboard,13,104.79,112.85,8.06,https://youtu.be/p3X85tRiKRc?t=105s,pour_wax,assemble,1,0.55,White wax poured into grey ceramic cups.,"om. ae Le SS es,",1,0.0,0.093,0.072,0.48,0.118,"#7e6e57,#c3bcaf,#1a1610",1,,
p3X85tRiKRc,https://www.youtube.com/watch?v=p3X85tRiKRc,How To Make Soy Candles | Beginners Candle Making Tutorial,532.0,storyboard,14,112.85,120.91,8.06,https://youtu.be/p3X85tRiKRc?t=113s,pour_wax,assemble,1,0.5,Grey cups filled with wax; hands.,ea re,0,0.0,0.117,0.0,0.492,0.125,"#c1b5a7,#756650,#191611",1,,
p3X85tRiKRc,https://www.youtube.com/watch?v=p3X85tRiKRc,How To Make Soy Candles | Beginners Candle Making Tutorial,532.0,storyboard,15,120.91,128.97,8.06,https://youtu.be/p3X85tRiKRc?t=121s,set_wick,assemble,1,0.45,Overhead grey cups; centring wicks.,ps ca,0,0.0,0.077,0.048,0.463,0.113,"#8b7a60,#c7c3b6,#27251f",1,,
p3X85tRiKRc,https://www.youtube.com/watch?v=p3X85tRiKRc,How To Make Soy Candles | Beginners Candle Making Tutorial,532.0,storyboard,16,128.97,137.03,8.06,https://youtu.be/p3X85tRiKRc?t=129s,set_wick,assemble,1,0.45,Grey cups with wooden wicks set.,So,0,0.0,0.054,0.086,0.582,0.05,"#c2bfb9,#8c8880,#26291f",1,,
p3X85tRiKRc,https://www.youtube.com/watch?v=p3X85tRiKRc,How To Make Soy Candles | Beginners Candle Making Tutorial,532.0,storyboard,17,137.03,145.09,8.06,https://youtu.be/p3X85tRiKRc?t=137s,set_wick,assemble,1,0.45,Adjusting wicks in the grey cups.,So,0,0.0,0.087,0.108,0.551,0.072,"#c0bbb4,#908880,#272922",1,,
p3X85tRiKRc,https://www.youtube.com/watch?v=p3X85tRiKRc,How To Make Soy Candles | Beginners Candle Making Tutorial,532.0,storyboard,18,145.09,153.15,8.06,https://youtu.be/p3X85tRiKRc?t=145s,pour_wax,assemble,1,0.45,Grey cups with wax.,eam by og,1,0.0,0.052,0.067,0.564,0.067,"#c4c2bc,#9a9289,#2b2d26",1,,
p3X85tRiKRc,https://www.youtube.com/watch?v=p3X85tRiKRc,How To Make Soy Candles | Beginners Candle Making Tutorial,532.0,storyboard,20,161.21,169.27,8.06,https://youtu.be/p3X85tRiKRc?t=161s,cure_cool,assemble,1,0.45,Grey cups with white wax.,,0,0.0,0.102,0.12,0.517,0.103,"#c4c0b8,#887c6f,#30271e",1,,
p3X85tRiKRc,https://www.youtube.com/watch?v=p3X85tRiKRc,How To Make Soy Candles | Beginners Candle Making Tutorial,532.0,storyboard,21,169.27,177.33,8.06,https://youtu.be/p3X85tRiKRc?t=169s,cure_cool,assemble,1,0.45,Adjusting wicks in the cups.,eter 4,0,0.0,0.063,0.139,0.502,0.09,"#877a6e,#c2beb8,#30271e",1,,
p3X85tRiKRc,https://www.youtube.com/watch?v=p3X85tRiKRc,How To Make Soy Candles | Beginners Candle Making Tutorial,532.0,storyboard,22,177.33,185.39,8.06,https://youtu.be/p3X85tRiKRc?t=177s,cure_cool,assemble,1,0.45,Grey cups setting.,foo:,0,0.0,0.098,0.144,0.494,0.101,"#897668,#c3bfb5,#221e1a",1,,
p3X85tRiKRc,https://www.youtube.com/watch?v=p3X85tRiKRc,How To Make Soy Candles | Beginners Candle Making Tutorial,532.0,storyboard,23,185.39,193.45,8.06,https://youtu.be/p3X85tRiKRc?t=185s,cure_cool,assemble,1,0.45,Grey cups of white wax setting.,lk 1 Na 1,1,0.0,0.088,0.0,0.51,0.095,"#c4bdb3,#8a7b6c,#362c23",1,,
p3X85tRiKRc,https://www.youtube.com/watch?v=p3X85tRiKRc,How To Make Soy Candles | Beginners Candle Making Tutorial,532.0,storyboard,25,201.52,209.58,8.06,https://youtu.be/p3X85tRiKRc?t=202s,melt_wax,process,1,0.45,Stirring/melting amber scented wax in the pot.,KP,0,0.0,0.214,0.059,0.437,0.199,"#816d48,#bfb3a0,#2a2314",1,,
p3X85tRiKRc,https://www.youtube.com/watch?v=p3X85tRiKRc,How To Make Soy Candles | Beginners Candle Making Tutorial,532.0,storyboard,26,209.58,217.64,8.06,https://youtu.be/p3X85tRiKRc?t=210s,melt_wax,process,1,0.45,Stirring/melting amber scented wax in the pot.,,0,0.0,0.15,0.096,0.434,0.189,"#7d6e4b,#231f13,#c0beae",1,,
p3X85tRiKRc,https://www.youtube.com/watch?v=p3X85tRiKRc,How To Make Soy Candles | Beginners Candle Making Tutorial,532.0,storyboard,28,225.7,233.76,8.06,https://youtu.be/p3X85tRiKRc?t=226s,melt_wax,process,1,0.45,Stirring/melting amber scented wax in the pot.,,0,0.0,0.168,0.107,0.459,0.167,"#c7b5a7,#826950,#292010",1,,
p3X85tRiKRc,https://www.youtube.com/watch?v=p3X85tRiKRc,How To Make Soy Candles | Beginners Candle Making Tutorial,532.0,storyboard,29,233.76,241.82,8.06,https://youtu.be/p3X85tRiKRc?t=234s,melt_wax,process,1,0.45,Stirring/melting amber scented wax in the pot.,eS,0,0.0,0.137,0.131,0.455,0.158,"#79694c,#bfbfb5,#211c11",1,,
p3X85tRiKRc,https://www.youtube.com/watch?v=p3X85tRiKRc,How To Make Soy Candles | Beginners Candle Making Tutorial,532.0,storyboard,30,241.82,249.88,8.06,https://youtu.be/p3X85tRiKRc?t=242s,melt_wax,process,1,0.45,Stirring/melting amber scented wax in the pot.,Jes,0,0.0,0.162,0.058,0.469,0.159,"#3d2b1d,#937860,#c6c2b8",1,,
p3X85tRiKRc,https://www.youtube.com/watch?v=p3X85tRiKRc,How To Make Soy Candles | Beginners Candle Making Tutorial,532.0,storyboard,31,249.88,257.94,8.06,https://youtu.be/p3X85tRiKRc?t=250s,melt_wax,process,1,0.45,Stirring/melting amber scented wax in the pot.,te 4 2 yy Siva Ny sig ie 1 Ss.,1,0.0,0.092,0.094,0.463,0.172,"#3f2d20,#917157,#c4c2b9",1,,
p3X85tRiKRc,https://www.youtube.com/watch?v=p3X85tRiKRc,How To Make Soy Candles | Beginners Candle Making Tutorial,532.0,storyboard,32,257.94,266.0,8.06,https://youtu.be/p3X85tRiKRc?t=258s,melt_wax,process,1,0.45,Stirring/melting amber scented wax in the pot.,he,0,0.0,0.118,0.0,0.457,0.146,"#463c31,#847660,#bbc6c9",1,,
p3X85tRiKRc,https://www.youtube.com/watch?v=p3X85tRiKRc,How To Make Soy Candles | Beginners Candle Making Tutorial,532.0,storyboard,33,266.0,274.06,8.06,https://youtu.be/p3X85tRiKRc?t=266s,melt_wax,process,1,0.45,Stirring/melting amber scented wax in the pot.,,0,0.0,0.076,0.079,0.45,0.155,"#41352a,#887060,#c8c5c4",1,,
p3X85tRiKRc,https://www.youtube.com/watch?v=p3X85tRiKRc,How To Make Soy Candles | Beginners Candle Making Tutorial,532.0,storyboard,34,274.06,282.12,8.06,https://youtu.be/p3X85tRiKRc?t=274s,melt_wax,process,1,0.45,Stirring/melting amber scented wax in the pot.,7 CE ah,0,0.0,0.099,0.08,0.453,0.152,"#7e6a59,#363128,#c3c7c7",1,,
p3X85tRiKRc,https://www.youtube.com/watch?v=p3X85tRiKRc,How To Make Soy Candles | Beginners Candle Making Tutorial,532.0,storyboard,35,282.12,290.18,8.06,https://youtu.be/p3X85tRiKRc?t=282s,melt_wax,process,1,0.45,Stirring/melting amber scented wax in the pot.,re Sy Cs Sil,1,0.0,0.084,0.069,0.464,0.165,"#4d4033,#9d886e,#c9c7c0",1,,
p3X85tRiKRc,https://www.youtube.com/watch?v=p3X85tRiKRc,How To Make Soy Candles | Beginners Candle Making Tutorial,532.0,storyboard,36,290.18,298.24,8.06,https://youtu.be/p3X85tRiKRc?t=290s,melt_wax,process,1,0.45,Stirring/melting amber scented wax in the pot.,DR,0,0.0,0.168,0.089,0.455,0.161,"#47382b,#9c846b,#c9bab0",1,,
p3X85tRiKRc,https://www.youtube.com/watch?v=p3X85tRiKRc,How To Make Soy Candles | Beginners Candle Making Tutorial,532.0,storyboard,37,298.24,306.3,8.06,https://youtu.be/p3X85tRiKRc?t=298s,melt_wax,process,1,0.45,Stirring/melting amber scented wax in the pot.,of Be,0,0.0,0.079,0.155,0.44,0.159,"#3b2f24,#806959,#bdbfc1",1,,
p3X85tRiKRc,https://www.youtube.com/watch?v=p3X85tRiKRc,How To Make Soy Candles | Beginners Candle Making Tutorial,532.0,storyboard,38,306.3,314.36,8.06,https://youtu.be/p3X85tRiKRc?t=306s,melt_wax,process,1,0.45,Stirring/melting amber scented wax in the pot.,ae Db,0,0.0,0.238,0.042,0.431,0.155,"#382e24,#89725f,#bdbcbe",1,,
p3X85tRiKRc,https://www.youtube.com/watch?v=p3X85tRiKRc,How To Make Soy Candles | Beginners Candle Making Tutorial,532.0,storyboard,39,314.36,322.42,8.06,https://youtu.be/p3X85tRiKRc?t=314s,melt_wax,process,1,0.45,Stirring/melting amber scented wax in the pot.,,0,0.0,0.271,0.182,0.422,0.143,"#80705e,#2c2a24,#bdbdb8",1,,
p3X85tRiKRc,https://www.youtube.com/watch?v=p3X85tRiKRc,How To Make Soy Candles | Beginners Candle Making Tutorial,532.0,storyboard,40,322.42,330.48,8.06,https://youtu.be/p3X85tRiKRc?t=322s,melt_wax,process,1,0.45,Stirring/melting amber scented wax in the pot.,wo ie fed ty,1,0.0,0.06,0.102,0.47,0.082,"#c1bdb3,#3a2b1e,#7d7564",1,,
p3X85tRiKRc,https://www.youtube.com/watch?v=p3X85tRiKRc,How To Make Soy Candles | Beginners Candle Making Tutorial,532.0,storyboard,41,330.48,338.55,8.07,https://youtu.be/p3X85tRiKRc?t=330s,melt_wax,process,1,0.45,Stirring/melting amber scented wax in the pot.,6,0,0.0,0.09,0.089,0.47,0.093,"#372e23,#c2bdb3,#837868",1,,
p3X85tRiKRc,https://www.youtube.com/watch?v=p3X85tRiKRc,How To Make Soy Candles | Beginners Candle Making Tutorial,532.0,storyboard,42,338.55,346.61,8.06,https://youtu.be/p3X85tRiKRc?t=339s,melt_wax,process,1,0.45,Stirring/melting amber scented wax in the pot.,eN COR,0,0.0,0.094,0.0,0.426,0.116,"#302019,#b8b5ac,#817662",1,,
p3X85tRiKRc,https://www.youtube.com/watch?v=p3X85tRiKRc,How To Make Soy Candles | Beginners Candle Making Tutorial,532.0,storyboard,43,346.61,354.67,8.06,https://youtu.be/p3X85tRiKRc?t=347s,melt_wax,process,1,0.45,Stirring/melting amber scented wax in the pot.,fomy,0,0.0,0.081,0.154,0.473,0.106,"#bbb8ae,#817461,#2a1e14",1,,
p3X85tRiKRc,https://www.youtube.com/watch?v=p3X85tRiKRc,How To Make Soy Candles | Beginners Candle Making Tutorial,532.0,storyboard,45,362.73,370.79,8.06,https://youtu.be/p3X85tRiKRc?t=363s,pour_wax,assemble,1,0.5,Grey cups being filled with wax.,,0,0.0,0.091,0.047,0.544,0.066,"#bbb9b2,#848074,#352f25",1,,
p3X85tRiKRc,https://www.youtube.com/watch?v=p3X85tRiKRc,How To Make Soy Candles | Beginners Candle Making Tutorial,532.0,storyboard,46,370.79,378.85,8.06,https://youtu.be/p3X85tRiKRc?t=371s,pour_wax,assemble,1,0.5,Grey cups with wax; wicks.,3 355 aed C.D 2 oe,1,0.0,0.132,0.092,0.532,0.084,"#837b6e,#c1beb4,#312a20",1,,
p3X85tRiKRc,https://www.youtube.com/watch?v=p3X85tRiKRc,How To Make Soy Candles | Beginners Candle Making Tutorial,532.0,storyboard,47,378.85,386.91,8.06,https://youtu.be/p3X85tRiKRc?t=379s,pour_wax,assemble,1,0.5,Filling the grey cups.,,0,0.0,0.074,0.078,0.509,0.092,"#b9b5aa,#756b59,#221710",1,,
p3X85tRiKRc,https://www.youtube.com/watch?v=p3X85tRiKRc,How To Make Soy Candles | Beginners Candle Making Tutorial,532.0,storyboard,48,386.91,394.97,8.06,https://youtu.be/p3X85tRiKRc?t=387s,pour_wax,assemble,1,0.55,Pouring wax into grey cups with wooden wicks.,4 eo in An,1,0.0,0.105,0.054,0.513,0.104,"#847861,#c3c1b9,#32291c",1,,
p3X85tRiKRc,https://www.youtube.com/watch?v=p3X85tRiKRc,How To Make Soy Candles | Beginners Candle Making Tutorial,532.0,storyboard,49,394.97,403.03,8.06,https://youtu.be/p3X85tRiKRc?t=395s,pour_wax,assemble,1,0.55,Pouring into the grey cups.,Bee,0,0.0,0.083,0.056,0.537,0.12,"#bab9b1,#7d6f54,#0a0a08",1,,
p3X85tRiKRc,https://www.youtube.com/watch?v=p3X85tRiKRc,How To Make Soy Candles | Beginners Candle Making Tutorial,532.0,storyboard,50,403.03,411.09,8.06,https://youtu.be/p3X85tRiKRc?t=403s,set_wick,assemble,1,0.5,White candles in grey cups; centring the wooden wicks.,oe,0,0.0,0.089,0.076,0.451,0.101,"#b5b0a8,#24201d,#7a6c5c",1,,
p3X85tRiKRc,https://www.youtube.com/watch?v=p3X85tRiKRc,How To Make Soy Candles | Beginners Candle Making Tutorial,532.0,storyboard,51,411.09,419.15,8.06,https://youtu.be/p3X85tRiKRc?t=411s,set_wick,assemble,1,0.5,Setting wicks in the white candles.,Se oO,0,0.0,0.05,0.0,0.449,0.106,"#b5aea4,#6d584d,#1a1a19",1,,
p3X85tRiKRc,https://www.youtube.com/watch?v=p3X85tRiKRc,How To Make Soy Candles | Beginners Candle Making Tutorial,532.0,storyboard,52,419.15,427.21,8.06,https://youtu.be/p3X85tRiKRc?t=419s,set_wick,assemble,1,0.5,Grey cups of white wax; wicks adjusted.,ae is,0,0.0,0.088,0.156,0.463,0.099,"#b7b4ab,#2b2723,#7d7567",1,,
p3X85tRiKRc,https://www.youtube.com/watch?v=p3X85tRiKRc,How To Make Soy Candles | Beginners Candle Making Tutorial,532.0,storyboard,53,427.21,435.27,8.06,https://youtu.be/p3X85tRiKRc?t=427s,set_wick,assemble,1,0.5,White candles in cups; wick set.,pe,0,0.0,0.076,0.199,0.488,0.108,"#b6afa4,#6e5042,#1c1914",1,,
p3X85tRiKRc,https://www.youtube.com/watch?v=p3X85tRiKRc,How To Make Soy Candles | Beginners Candle Making Tutorial,532.0,storyboard,54,435.27,443.33,8.06,https://youtu.be/p3X85tRiKRc?t=435s,set_wick,assemble,1,0.5,Trimming the wooden wick on a finished candle.,Bes. io,0,0.0,0.075,0.21,0.467,0.104,"#bbb6ac,#7a6b61,#33251c",1,,
p3X85tRiKRc,https://www.youtube.com/watch?v=p3X85tRiKRc,How To Make Soy Candles | Beginners Candle Making Tutorial,532.0,storyboard,55,443.33,451.39,8.06,https://youtu.be/p3X85tRiKRc?t=443s,set_wick,assemble,1,0.45,Adjusting wicks on the grey-cup candles.,fr,0,0.0,0.083,0.281,0.488,0.114,"#9b866f,#594129,#d2cdc5",1,,
p9iuqnq99o8,https://www.youtube.com/watch?v=p9iuqnq99o8,Simple Beeswax Candles Using Essential Oils,454.0,storyboard,9,71.68,79.65,7.97,https://youtu.be/p9iuqnq99o8?t=72s,melt_wax,process,1,0.55,Overhead bowl of beeswax melted with a whisk.,am ty orp ae gene it we rab 3 Ae 5,1,0.0,0.136,0.246,0.46,0.089,"#2f2e2b,#8d8275,#d4c8bd",1,,
p9iuqnq99o8,https://www.youtube.com/watch?v=p9iuqnq99o8,Simple Beeswax Candles Using Essential Oils,454.0,storyboard,10,79.65,87.61,7.96,https://youtu.be/p9iuqnq99o8?t=80s,pour_wax,assemble,1,0.55,Melted beeswax poured into a grey jar.,seo ye Se BL! ame Bi,1,0.0,0.136,0.0,0.459,0.107,"#272829,#8b897d,#cbc7c3",1,,
p9iuqnq99o8,https://www.youtube.com/watch?v=p9iuqnq99o8,Simple Beeswax Candles Using Essential Oils,454.0,storyboard,11,87.61,95.58,7.97,https://youtu.be/p9iuqnq99o8?t=88s,add_fragrance,process,1,0.5,Pouring into the grey jar; 'fragrance oil' caption.,ee Ta,0,0.0,0.201,0.195,0.451,0.091,"#89837e,#35322e,#ceccce",1,,description references on-screen text but OCR found none
p9iuqnq99o8,https://www.youtube.com/watch?v=p9iuqnq99o8,Simple Beeswax Candles Using Essential Oils,454.0,storyboard,47,374.35,382.32,7.97,https://youtu.be/p9iuqnq99o8?t=374s,reveal_result,finish,1,0.45,Grey jar candle close-up.,ae,0,0.0,0.076,0.175,0.506,0.111,"#9e8670,#bca898,#4f4134",1,,
p9iuqnq99o8,https://www.youtube.com/watch?v=p9iuqnq99o8,Simple Beeswax Candles Using Essential Oils,454.0,storyboard,48,382.32,390.28,7.96,https://youtu.be/p9iuqnq99o8?t=382s,set_wick,assemble,1,0.5,Hands fit a wooden wick clip into the grey jar candle.,ae,0,0.0,0.036,0.123,0.57,0.155,"#c8b3a4,#ac8369,#6e4230",1,,
p9iuqnq99o8,https://www.youtube.com/watch?v=p9iuqnq99o8,Simple Beeswax Candles Using Essential Oils,454.0,storyboard,49,390.28,398.25,7.97,https://youtu.be/p9iuqnq99o8?t=390s,decorate_finish,finish,1,0.5,Trimming the wooden wick and tying twine around the jar.,Ay,0,0.0,0.065,0.159,0.517,0.126,"#c4ada0,#633d30,#a08676",1,,
p9iuqnq99o8,https://www.youtube.com/watch?v=p9iuqnq99o8,Simple Beeswax Candles Using Essential Oils,454.0,storyboard,50,398.25,406.21,7.96,https://youtu.be/p9iuqnq99o8?t=398s,reveal_result,finish,1,0.55,Grey jar candle shown lit with a twine bow.,5 te,0,0.0,0.027,0.0,0.545,0.137,"#b29b8a,#8e736a,#543f36",1,,
p9iuqnq99o8,https://www.youtube.com/watch?v=p9iuqnq99o8,Simple Beeswax Candles Using Essential Oils,454.0,storyboard,51,406.21,414.18,7.97,https://youtu.be/p9iuqnq99o8?t=406s,reveal_result,finish,1,0.55,Holding the lit grey jar candle; 'This Ohio Farmhouse' logo.,oFig THIS OHIO FARMUHOUSE,1,0.0,0.128,0.497,0.329,0.083,"#060505,#c9c9c9,#616161",1,,
qavzkjldNdE,https://www.youtube.com/watch?v=qavzkjldNdE,DIY dessert candle | How to make candles at home | handmade freedom coconut soy wax wood wick gifts,760.0,storyboard,1,8.0,16.0,8.0,https://youtu.be/qavzkjldNdE?t=8s,gather_materials,prep,1,0.45,Pink silicone shape moulds shown.,wi se SA eo 2 oe oa,1,0.0,0.153,0.0,0.693,0.126,"#baabbd,#8f637d,#fcf5f2",1,,
qavzkjldNdE,https://www.youtube.com/watch?v=qavzkjldNdE,DIY dessert candle | How to make candles at home | handmade freedom coconut soy wax wood wick gifts,760.0,storyboard,2,16.0,24.0,8.0,https://youtu.be/qavzkjldNdE?t=16s,decorate_finish,finish,1,0.45,A pink dessert/cone candle being made (teaser).,zm 7 TSF ee Lg es 1 ae,1,0.0,0.043,0.17,0.675,0.062,"#dbe0dc,#9b9c9a,#5a5448",1,,
qavzkjldNdE,https://www.youtube.com/watch?v=qavzkjldNdE,DIY dessert candle | How to make candles at home | handmade freedom coconut soy wax wood wick gifts,760.0,storyboard,6,48.0,56.0,8.0,https://youtu.be/qavzkjldNdE?t=48s,gather_materials,prep,1,0.45,Kit supplies and a measuring cup.,,0,0.0,0.02,0.0,0.636,0.113,"#c2bbc6,#a1808c,#714350",1,,
qavzkjldNdE,https://www.youtube.com/watch?v=qavzkjldNdE,DIY dessert candle | How to make candles at home | handmade freedom coconut soy wax wood wick gifts,760.0,storyboard,7,56.0,64.0,8.0,https://youtu.be/qavzkjldNdE?t=56s,gather_materials,prep,1,0.45,Glasses and a 'Village' wax bag.,7 ae: ft ve yo FG ly Sam 4 VILLAGE asese 4,1,0.0,0.057,0.18,0.61,0.072,"#c6c2ce,#a2959a,#725f5f",1,,
qavzkjldNdE,https://www.youtube.com/watch?v=qavzkjldNdE,DIY dessert candle | How to make candles at home | handmade freedom coconut soy wax wood wick gifts,760.0,storyboard,9,72.0,80.0,8.0,https://youtu.be/qavzkjldNdE?t=72s,prepare_container,prep,1,0.45,Glasses and candy decor prepared.,oe Innuce ooking louhie Sain ne eomea tt tah tie ae bY Peeutiveredinrend theamotm sot ee Tet Iyet Sherr. Eas 144 ial,1,0.0,0.025,0.146,0.643,0.069,"#c7c1cb,#a59da1,#5b484c",1,,
qavzkjldNdE,https://www.youtube.com/watch?v=qavzkjldNdE,DIY dessert candle | How to make candles at home | handmade freedom coconut soy wax wood wick gifts,760.0,storyboard,10,80.0,88.0,8.0,https://youtu.be/qavzkjldNdE?t=80s,prepare_container,prep,1,0.45,Pouring wax into a glass from the melter.,,0,0.0,0.062,0.142,0.632,0.072,"#a39695,#ccc9c7,#70625a",1,,
qavzkjldNdE,https://www.youtube.com/watch?v=qavzkjldNdE,DIY dessert candle | How to make candles at home | handmade freedom coconut soy wax wood wick gifts,760.0,storyboard,11,88.0,96.0,8.0,https://youtu.be/qavzkjldNdE?t=88s,prepare_container,prep,1,0.45,Heat gun used on a glass.,,0,0.0,0.007,0.0,0.618,0.089,"#c8bfcb,#a19398,#55383a",1,,
qavzkjldNdE,https://www.youtube.com/watch?v=qavzkjldNdE,DIY dessert candle | How to make candles at home | handmade freedom coconut soy wax wood wick gifts,760.0,storyboard,12,96.0,104.0,8.0,https://youtu.be/qavzkjldNdE?t=96s,measure_wax,prep,1,0.45,Glass with white wax; hand.,JS 4 rN 4 as,1,0.0,0.018,0.136,0.636,0.065,"#bfb8c2,#9f9393,#6c3d40",1,,
qavzkjldNdE,https://www.youtube.com/watch?v=qavzkjldNdE,DIY dessert candle | How to make candles at home | handmade freedom coconut soy wax wood wick gifts,760.0,storyboard,14,112.0,120.0,8.0,https://youtu.be/qavzkjldNdE?t=112s,melt_wax,process,1,0.5,Pink crockpot melter heating wax.,eS fF? 3 ra iv ee,1,0.0,0.02,0.0,0.553,0.066,"#948083,#c9c3cf,#404347",1,,
qavzkjldNdE,https://www.youtube.com/watch?v=qavzkjldNdE,DIY dessert candle | How to make candles at home | handmade freedom coconut soy wax wood wick gifts,760.0,storyboard,15,120.0,128.0,8.0,https://youtu.be/qavzkjldNdE?t=120s,melt_wax,process,1,0.45,"Melter; 'heat to 180F, stir fragrance, pour' directions.",Pi ma MREG TIONS. PP MEAT 10180 72... er pO cary 4 ELY 110 YOUR CANDY siines NS Ss,1,0.0,0.083,0.229,0.603,0.063,"#c8c2cf,#a3979e,#725959",1,,
qavzkjldNdE,https://www.youtube.com/watch?v=qavzkjldNdE,DIY dessert candle | How to make candles at home | handmade freedom coconut soy wax wood wick gifts,760.0,storyboard,17,136.0,144.0,8.0,https://youtu.be/qavzkjldNdE?t=136s,melt_wax,process,1,0.45,'Freedom Coconut Wax'; glasses.,Lar yo cay,1,0.0,0.083,0.186,0.617,0.058,"#c8c1cd,#a1989c,#615852",1,,
qavzkjldNdE,https://www.youtube.com/watch?v=qavzkjldNdE,DIY dessert candle | How to make candles at home | handmade freedom coconut soy wax wood wick gifts,760.0,storyboard,18,144.0,152.0,8.0,https://youtu.be/qavzkjldNdE?t=144s,melt_wax,process,1,0.45,Stirring melted wax; glasses.,ae 7 aE. 4 vl gen eos ge wy,1,0.0,0.04,0.098,0.624,0.065,"#c3bbc4,#a59597,#745d5a",1,,
qavzkjldNdE,https://www.youtube.com/watch?v=qavzkjldNdE,DIY dessert candle | How to make candles at home | handmade freedom coconut soy wax wood wick gifts,760.0,storyboard,19,152.0,160.0,8.0,https://youtu.be/qavzkjldNdE?t=152s,measure_wax,prep,1,0.45,Glasses; coconut wax.,Loa SS os Neen,1,0.0,0.047,0.0,0.621,0.046,"#bbb3bc,#96898c,#6f605e",1,,
qavzkjldNdE,https://www.youtube.com/watch?v=qavzkjldNdE,DIY dessert candle | How to make candles at home | handmade freedom coconut soy wax wood wick gifts,760.0,storyboard,20,160.0,168.0,8.0,https://youtu.be/qavzkjldNdE?t=160s,pour_wax,assemble,1,0.5,Pouring clear wax into a glass.,ny 4 eee,1,0.0,0.041,0.131,0.609,0.061,"#aca1a7,#806969,#c9c2cc",1,,
qavzkjldNdE,https://www.youtube.com/watch?v=qavzkjldNdE,DIY dessert candle | How to make candles at home | handmade freedom coconut soy wax wood wick gifts,760.0,storyboard,21,168.0,176.0,8.0,https://youtu.be/qavzkjldNdE?t=168s,pour_wax,assemble,1,0.45,Glasses being filled; hands.,,0,0.0,0.015,0.0,0.659,0.052,"#ccc5d2,#a99da2,#847171",1,,
qavzkjldNdE,https://www.youtube.com/watch?v=qavzkjldNdE,DIY dessert candle | How to make candles at home | handmade freedom coconut soy wax wood wick gifts,760.0,storyboard,22,176.0,184.0,8.0,https://youtu.be/qavzkjldNdE?t=176s,measure_wax,prep,1,0.45,Weighing on a scale.,1 ae,0,0.0,0.024,0.19,0.662,0.058,"#aca2a8,#857069,#d1cad6",1,,
qavzkjldNdE,https://www.youtube.com/watch?v=qavzkjldNdE,DIY dessert candle | How to make candles at home | handmade freedom coconut soy wax wood wick gifts,760.0,storyboard,23,184.0,192.0,8.0,https://youtu.be/qavzkjldNdE?t=184s,add_fragrance,process,1,0.45,Yellow scented wax in a bowl on the scale.,Per ai 7 Bod 4 2 ei ys 7 af Se 2 fa 2 Zs,1,0.0,0.07,0.242,0.549,0.082,"#908483,#c2bbc6,#514a43",1,,
qavzkjldNdE,https://www.youtube.com/watch?v=qavzkjldNdE,DIY dessert candle | How to make candles at home | handmade freedom coconut soy wax wood wick gifts,760.0,storyboard,24,192.0,200.0,8.0,https://youtu.be/qavzkjldNdE?t=192s,melt_wax,process,1,0.45,Melting wax / chocolate-bar wax in moulds.,"YY... ae Ss fs SZ VS,",1,0.0,0.056,0.0,0.517,0.102,"#4f483f,#928687,#c2bac4",1,,
qavzkjldNdE,https://www.youtube.com/watch?v=qavzkjldNdE,DIY dessert candle | How to make candles at home | handmade freedom coconut soy wax wood wick gifts,760.0,storyboard,25,200.0,208.0,8.0,https://youtu.be/qavzkjldNdE?t=200s,add_dye_color,process,1,0.45,Pink/brown colour mixed into the dessert wax.,ow SS ea SS,1,0.0,0.046,0.22,0.558,0.133,"#cac1cc,#988f93,#545050",1,,
qavzkjldNdE,https://www.youtube.com/watch?v=qavzkjldNdE,DIY dessert candle | How to make candles at home | handmade freedom coconut soy wax wood wick gifts,760.0,storyboard,27,216.0,224.0,8.0,https://youtu.be/qavzkjldNdE?t=216s,decorate_finish,finish,1,0.45,"Shaping dessert components (chocolate bars, toppings).",gt ee Ta Co Whe tag isp ai tio ory et oa iP athe Fe 4 ww?,1,0.0,0.085,0.077,0.578,0.11,"#969179,#c2beb3,#444342",1,,
qavzkjldNdE,https://www.youtube.com/watch?v=qavzkjldNdE,DIY dessert candle | How to make candles at home | handmade freedom coconut soy wax wood wick gifts,760.0,storyboard,28,224.0,232.0,8.0,https://youtu.be/qavzkjldNdE?t=224s,melt_wax,process,1,0.45,Melting wax / chocolate-bar wax in moulds.,Sg,0,0.0,0.056,0.203,0.57,0.088,"#c6c4cf,#8a7d7e,#413b3e",1,,
qavzkjldNdE,https://www.youtube.com/watch?v=qavzkjldNdE,DIY dessert candle | How to make candles at home | handmade freedom coconut soy wax wood wick gifts,760.0,storyboard,29,232.0,240.0,8.0,https://youtu.be/qavzkjldNdE?t=232s,add_dye_color,process,1,0.45,Pink/brown colour mixed into the dessert wax.,,0,0.0,0.013,0.0,0.593,0.118,"#c5c3d6,#978583,#473e44",1,,
qavzkjldNdE,https://www.youtube.com/watch?v=qavzkjldNdE,DIY dessert candle | How to make candles at home | handmade freedom coconut soy wax wood wick gifts,760.0,storyboard,30,240.0,248.0,8.0,https://youtu.be/qavzkjldNdE?t=240s,pour_wax,assemble,1,0.45,Pouring wax into glasses for the dessert candle.,Dt,0,0.0,0.019,0.184,0.587,0.103,"#98878f,#c4becb,#584950",1,,
qavzkjldNdE,https://www.youtube.com/watch?v=qavzkjldNdE,DIY dessert candle | How to make candles at home | handmade freedom coconut soy wax wood wick gifts,760.0,storyboard,31,248.0,256.0,8.0,https://youtu.be/qavzkjldNdE?t=248s,decorate_finish,finish,1,0.45,"Shaping dessert components (chocolate bars, toppings).",on te SS Sees,1,0.0,0.046,0.142,0.594,0.112,"#c8bdd4,#9e8994,#463f49",1,,
qavzkjldNdE,https://www.youtube.com/watch?v=qavzkjldNdE,DIY dessert candle | How to make candles at home | handmade freedom coconut soy wax wood wick gifts,760.0,storyboard,33,264.0,272.0,8.0,https://youtu.be/qavzkjldNdE?t=264s,add_dye_color,process,1,0.45,Pink/brown colour mixed into the dessert wax.,woahy ly AN eyTOAule if 7. Cn,1,0.0,0.056,0.225,0.553,0.115,"#af8e9f,#464559,#c0b3cf",1,,
qavzkjldNdE,https://www.youtube.com/watch?v=qavzkjldNdE,DIY dessert candle | How to make candles at home | handmade freedom coconut soy wax wood wick gifts,760.0,storyboard,35,280.0,288.0,8.0,https://youtu.be/qavzkjldNdE?t=280s,decorate_finish,finish,1,0.45,"Shaping dessert components (chocolate bars, toppings).",We Sy OS 2 aos lim,1,0.0,0.013,0.168,0.657,0.076,"#c3c0d3,#a89ca9,#7d6d68",1,,
qavzkjldNdE,https://www.youtube.com/watch?v=qavzkjldNdE,DIY dessert candle | How to make candles at home | handmade freedom coconut soy wax wood wick gifts,760.0,storyboard,37,296.0,304.0,8.0,https://youtu.be/qavzkjldNdE?t=296s,add_dye_color,process,1,0.45,Pink/brown colour mixed into the dessert wax.,ES,0,0.0,0.039,0.0,0.554,0.111,"#c2c2c9,#563c41,#958d96",1,,
qavzkjldNdE,https://www.youtube.com/watch?v=qavzkjldNdE,DIY dessert candle | How to make candles at home | handmade freedom coconut soy wax wood wick gifts,760.0,storyboard,38,304.0,312.0,8.0,https://youtu.be/qavzkjldNdE?t=304s,pour_wax,assemble,1,0.45,Pouring wax into glasses for the dessert candle.,xy 4 5,0,0.0,0.018,0.201,0.646,0.114,"#c9c8d8,#a3909c,#5d393b",1,,
qavzkjldNdE,https://www.youtube.com/watch?v=qavzkjldNdE,DIY dessert candle | How to make candles at home | handmade freedom coconut soy wax wood wick gifts,760.0,storyboard,39,312.0,320.0,8.0,https://youtu.be/qavzkjldNdE?t=312s,decorate_finish,finish,1,0.45,"Shaping dessert components (chocolate bars, toppings).",ZA Lai,0,0.0,0.037,0.0,0.598,0.089,"#c2c3cf,#574342,#988e99",1,,
qavzkjldNdE,https://www.youtube.com/watch?v=qavzkjldNdE,DIY dessert candle | How to make candles at home | handmade freedom coconut soy wax wood wick gifts,760.0,storyboard,40,320.0,328.0,8.0,https://youtu.be/qavzkjldNdE?t=320s,melt_wax,process,1,0.45,Melting wax / chocolate-bar wax in moulds.,VS Se eo 4 aA LL,1,0.0,0.074,0.203,0.589,0.147,"#c5c3d1,#684548,#9f959e",1,,
qavzkjldNdE,https://www.youtube.com/watch?v=qavzkjldNdE,DIY dessert candle | How to make candles at home | handmade freedom coconut soy wax wood wick gifts,760.0,storyboard,41,328.0,336.0,8.0,https://youtu.be/qavzkjldNdE?t=328s,add_dye_color,process,1,0.45,Pink/brown colour mixed into the dessert wax.,"we My,",0,0.0,0.031,0.169,0.622,0.107,"#d0b2c4,#a37282,#413438",1,,
qavzkjldNdE,https://www.youtube.com/watch?v=qavzkjldNdE,DIY dessert candle | How to make candles at home | handmade freedom coconut soy wax wood wick gifts,760.0,storyboard,43,344.0,352.0,8.0,https://youtu.be/qavzkjldNdE?t=344s,decorate_finish,finish,1,0.45,"Shaping dessert components (chocolate bars, toppings).",2 and sz 4 2 Gy LE fs aS,1,0.0,0.094,0.228,0.629,0.122,"#d9d5eb,#ab96af,#644f52",1,,
qavzkjldNdE,https://www.youtube.com/watch?v=qavzkjldNdE,DIY dessert candle | How to make candles at home | handmade freedom coconut soy wax wood wick gifts,760.0,storyboard,45,360.0,368.0,8.0,https://youtu.be/qavzkjldNdE?t=360s,add_dye_color,process,1,0.45,Pink/brown colour mixed into the dessert wax.,mn Oia,0,0.0,0.119,0.059,0.636,0.094,"#d2cae0,#645454,#a388a4",1,,
qavzkjldNdE,https://www.youtube.com/watch?v=qavzkjldNdE,DIY dessert candle | How to make candles at home | handmade freedom coconut soy wax wood wick gifts,760.0,storyboard,46,368.0,376.0,8.0,https://youtu.be/qavzkjldNdE?t=368s,pour_wax,assemble,1,0.45,Pouring wax into glasses for the dessert candle.,"ee at ee ee pe oP yu So ike ss Ye 7 oS. nN oe 4 an sj,",1,0.0,0.099,0.189,0.619,0.119,"#cec2d6,#9e87a3,#524347",1,,
qavzkjldNdE,https://www.youtube.com/watch?v=qavzkjldNdE,DIY dessert candle | How to make candles at home | handmade freedom coconut soy wax wood wick gifts,760.0,storyboard,48,384.0,392.0,8.0,https://youtu.be/qavzkjldNdE?t=384s,decorate_finish,finish,1,0.5,Piping whipped wax 'cream' and decorating the parfait candles with sprinkles.,Lewes ae 7 ya Oe ae ef New 7 be an 7,1,0.0,0.117,0.136,0.606,0.129,"#c8b8cd,#947f91,#534646",1,,
qavzkjldNdE,https://www.youtube.com/watch?v=qavzkjldNdE,DIY dessert candle | How to make candles at home | handmade freedom coconut soy wax wood wick gifts,760.0,storyboard,49,392.0,400.0,8.0,https://youtu.be/qavzkjldNdE?t=392s,decorate_finish,finish,1,0.5,Piping whipped wax 'cream' and decorating the parfait candles with sprinkles.,"ee ee, re Pull IN ava RS",1,0.0,0.08,0.263,0.536,0.092,"#c0a9b6,#987781,#4a3b3b",1,,
qavzkjldNdE,https://www.youtube.com/watch?v=qavzkjldNdE,DIY dessert candle | How to make candles at home | handmade freedom coconut soy wax wood wick gifts,760.0,storyboard,50,400.0,408.0,8.0,https://youtu.be/qavzkjldNdE?t=400s,decorate_finish,finish,1,0.5,Piping whipped wax 'cream' and decorating the parfait candles with sprinkles.,BS os hu eS rs or. Ms,1,0.0,0.042,0.0,0.577,0.115,"#c2a8b5,#926b7b,#443935",1,,
qavzkjldNdE,https://www.youtube.com/watch?v=qavzkjldNdE,DIY dessert candle | How to make candles at home | handmade freedom coconut soy wax wood wick gifts,760.0,storyboard,53,424.0,432.0,8.0,https://youtu.be/qavzkjldNdE?t=424s,decorate_finish,finish,1,0.5,Piping whipped wax 'cream' and decorating the parfait candles with sprinkles.,oe as eS Pa. OO at,1,0.0,0.025,0.084,0.603,0.091,"#bfb8c1,#a18591,#453638",1,,
qavzkjldNdE,https://www.youtube.com/watch?v=qavzkjldNdE,DIY dessert candle | How to make candles at home | handmade freedom coconut soy wax wood wick gifts,760.0,storyboard,54,432.0,440.0,8.0,https://youtu.be/qavzkjldNdE?t=432s,decorate_finish,finish,1,0.5,Piping whipped wax 'cream' and decorating the parfait candles with sprinkles.,basis he Ss 7 NO. ZS,1,0.0,0.054,0.14,0.562,0.084,"#c4bfc9,#55403f,#927a84",1,,
qavzkjldNdE,https://www.youtube.com/watch?v=qavzkjldNdE,DIY dessert candle | How to make candles at home | handmade freedom coconut soy wax wood wick gifts,760.0,storyboard,56,448.0,456.0,8.0,https://youtu.be/qavzkjldNdE?t=448s,decorate_finish,finish,1,0.5,Piping whipped wax 'cream' and decorating the parfait candles with sprinkles.,ce 3 SE Sesh so MS ao ey Jee ae aS,1,0.0,0.07,0.097,0.615,0.09,"#bfb8c0,#8e818f,#5b3844",1,,
qavzkjldNdE,https://www.youtube.com/watch?v=qavzkjldNdE,DIY dessert candle | How to make candles at home | handmade freedom coconut soy wax wood wick gifts,760.0,storyboard,57,456.0,464.0,8.0,https://youtu.be/qavzkjldNdE?t=456s,decorate_finish,finish,1,0.5,Piping whipped wax 'cream' and decorating the parfait candles with sprinkles.,,0,0.0,0.007,0.0,0.547,0.176,"#cab1b0,#9d6871,#5e3739",1,,description references on-screen text but OCR found none
qavzkjldNdE,https://www.youtube.com/watch?v=qavzkjldNdE,DIY dessert candle | How to make candles at home | handmade freedom coconut soy wax wood wick gifts,760.0,storyboard,58,464.0,472.0,8.0,https://youtu.be/qavzkjldNdE?t=464s,decorate_finish,finish,1,0.5,Piping whipped wax 'cream' and decorating the parfait candles with sprinkles.,aa,0,0.0,0.047,0.189,0.659,0.09,"#c5cdcd,#9d9b99,#5d4e50",1,,description references on-screen text but OCR found none
qavzkjldNdE,https://www.youtube.com/watch?v=qavzkjldNdE,DIY dessert candle | How to make candles at home | handmade freedom coconut soy wax wood wick gifts,760.0,storyboard,59,472.0,480.0,8.0,https://youtu.be/qavzkjldNdE?t=472s,decorate_finish,finish,1,0.5,Piping whipped wax 'cream' and decorating the parfait candles with sprinkles.,am ai at we,1,0.0,0.044,0.246,0.649,0.121,"#bebdbb,#828184,#394141",1,,
qavzkjldNdE,https://www.youtube.com/watch?v=qavzkjldNdE,DIY dessert candle | How to make candles at home | handmade freedom coconut soy wax wood wick gifts,760.0,storyboard,61,488.0,496.0,8.0,https://youtu.be/qavzkjldNdE?t=488s,decorate_finish,finish,1,0.5,Piping whipped wax 'cream' and decorating the parfait candles with sprinkles.,os,0,0.0,0.034,0.164,0.615,0.089,"#aba5a2,#cfd7d5,#5f5d4c",1,,description references on-screen text but OCR found none
qavzkjldNdE,https://www.youtube.com/watch?v=qavzkjldNdE,DIY dessert candle | How to make candles at home | handmade freedom coconut soy wax wood wick gifts,760.0,storyboard,62,496.0,504.0,8.0,https://youtu.be/qavzkjldNdE?t=496s,decorate_finish,finish,1,0.5,Piping whipped wax 'cream' and decorating the parfait candles with sprinkles.,"eo eal iat My 7 hat ia,",1,0.0,0.092,0.0,0.638,0.077,"#aba4a0,#cfd6d5,#625e4e",1,,
qavzkjldNdE,https://www.youtube.com/watch?v=qavzkjldNdE,DIY dessert candle | How to make candles at home | handmade freedom coconut soy wax wood wick gifts,760.0,storyboard,63,504.0,512.0,8.0,https://youtu.be/qavzkjldNdE?t=504s,decorate_finish,finish,1,0.5,Piping whipped wax 'cream' and decorating the parfait candles with sprinkles.,SI,0,0.0,0.032,0.099,0.637,0.069,"#cfdad7,#a8a8a5,#5a5544",1,,description references on-screen text but OCR found none
qavzkjldNdE,https://www.youtube.com/watch?v=qavzkjldNdE,DIY dessert candle | How to make candles at home | handmade freedom coconut soy wax wood wick gifts,760.0,storyboard,64,512.0,520.0,8.0,https://youtu.be/qavzkjldNdE?t=512s,decorate_finish,finish,1,0.5,Piping whipped wax 'cream' and decorating the parfait candles with sprinkles.,,0,0.0,0.019,0.141,0.671,0.066,"#cdd4d1,#a09592,#5f4745",1,,description references on-screen text but OCR found none
qavzkjldNdE,https://www.youtube.com/watch?v=qavzkjldNdE,DIY dessert candle | How to make candles at home | handmade freedom coconut soy wax wood wick gifts,760.0,storyboard,65,520.0,528.0,8.0,https://youtu.be/qavzkjldNdE?t=520s,decorate_finish,finish,1,0.5,Piping whipped wax 'cream' and decorating the parfait candles with sprinkles.,iek ie 3,1,0.0,0.048,0.0,0.656,0.072,"#cbd1cf,#9f9491,#604946",1,,
qavzkjldNdE,https://www.youtube.com/watch?v=qavzkjldNdE,DIY dessert candle | How to make candles at home | handmade freedom coconut soy wax wood wick gifts,760.0,storyboard,66,528.0,536.0,8.0,https://youtu.be/qavzkjldNdE?t=528s,decorate_finish,finish,1,0.5,Piping whipped wax 'cream' and decorating the parfait candles with sprinkles.,Ay Bats ee if 5 sO es,1,0.0,0.059,0.133,0.643,0.087,"#d3d8d7,#a59b99,#6d5350",1,,
qavzkjldNdE,https://www.youtube.com/watch?v=qavzkjldNdE,DIY dessert candle | How to make candles at home | handmade freedom coconut soy wax wood wick gifts,760.0,storyboard,67,536.0,544.0,8.0,https://youtu.be/qavzkjldNdE?t=536s,decorate_finish,finish,1,0.5,Piping whipped wax 'cream' and decorating the parfait candles with sprinkles.,ya 2 ey ee ed sa Sl,1,0.0,0.054,0.168,0.66,0.109,"#d0d5d5,#9d8585,#65443e",1,,
qavzkjldNdE,https://www.youtube.com/watch?v=qavzkjldNdE,DIY dessert candle | How to make candles at home | handmade freedom coconut soy wax wood wick gifts,760.0,storyboard,68,544.0,552.0,8.0,https://youtu.be/qavzkjldNdE?t=544s,decorate_finish,finish,1,0.5,Piping whipped wax 'cream' and decorating the parfait candles with sprinkles.,Oat ee avd ary,1,0.0,0.058,0.0,0.654,0.125,"#cfd4d4,#61443e,#a48a8b",1,,
qavzkjldNdE,https://www.youtube.com/watch?v=qavzkjldNdE,DIY dessert candle | How to make candles at home | handmade freedom coconut soy wax wood wick gifts,760.0,storyboard,69,552.0,560.0,8.0,https://youtu.be/qavzkjldNdE?t=552s,decorate_finish,finish,1,0.5,Piping whipped wax 'cream' and decorating the parfait candles with sprinkles.,iva of din 4,1,0.0,0.049,0.22,0.616,0.109,"#cec7ca,#a5898c,#6d4649",1,,
qavzkjldNdE,https://www.youtube.com/watch?v=qavzkjldNdE,DIY dessert candle | How to make candles at home | handmade freedom coconut soy wax wood wick gifts,760.0,storyboard,70,560.0,568.0,8.0,https://youtu.be/qavzkjldNdE?t=560s,decorate_finish,finish,1,0.5,Piping whipped wax 'cream' and decorating the parfait candles with sprinkles.,pe,0,0.0,0.038,0.0,0.658,0.12,"#d4d0d2,#ae8b8f,#74484d",1,,description references on-screen text but OCR found none
qavzkjldNdE,https://www.youtube.com/watch?v=qavzkjldNdE,DIY dessert candle | How to make candles at home | handmade freedom coconut soy wax wood wick gifts,760.0,storyboard,71,568.0,576.0,8.0,https://youtu.be/qavzkjldNdE?t=568s,decorate_finish,finish,1,0.5,Piping whipped wax 'cream' and decorating the parfait candles with sprinkles.,im Ss PS,1,0.0,0.038,0.22,0.563,0.204,"#c9cfcf,#575451,#969897",1,,
qavzkjldNdE,https://www.youtube.com/watch?v=qavzkjldNdE,DIY dessert candle | How to make candles at home | handmade freedom coconut soy wax wood wick gifts,760.0,storyboard,72,576.0,584.0,8.0,https://youtu.be/qavzkjldNdE?t=576s,decorate_finish,finish,1,0.5,"Assembling the dessert candles - cones, whipped topping, sprinkles, chocolate sticks.",,0,0.0,0.006,0.112,0.682,0.039,"#cfd6d7,#b0b3b1,#817d76",1,,
qavzkjldNdE,https://www.youtube.com/watch?v=qavzkjldNdE,DIY dessert candle | How to make candles at home | handmade freedom coconut soy wax wood wick gifts,760.0,storyboard,73,584.0,592.0,8.0,https://youtu.be/qavzkjldNdE?t=584s,decorate_finish,finish,1,0.5,"Assembling the dessert candles - cones, whipped topping, sprinkles, chocolate sticks.",,0,0.0,0.026,0.0,0.67,0.07,"#cad2d1,#ababa8,#776461",1,,
qavzkjldNdE,https://www.youtube.com/watch?v=qavzkjldNdE,DIY dessert candle | How to make candles at home | handmade freedom coconut soy wax wood wick gifts,760.0,storyboard,74,592.0,600.0,8.0,https://youtu.be/qavzkjldNdE?t=592s,decorate_finish,finish,1,0.5,"Assembling the dessert candles - cones, whipped topping, sprinkles, chocolate sticks.",,0,0.0,0.017,0.101,0.637,0.067,"#c4d0d1,#a6a7a6,#766865",1,,
qavzkjldNdE,https://www.youtube.com/watch?v=qavzkjldNdE,DIY dessert candle | How to make candles at home | handmade freedom coconut soy wax wood wick gifts,760.0,storyboard,75,600.0,608.0,8.0,https://youtu.be/qavzkjldNdE?t=600s,decorate_finish,finish,1,0.5,"Assembling the dessert candles - cones, whipped topping, sprinkles, chocolate sticks.",ae me 1 Gs UW 4,1,0.0,0.035,0.0,0.625,0.08,"#c3cbcc,#6f5b58,#a29694",1,,
qavzkjldNdE,https://www.youtube.com/watch?v=qavzkjldNdE,DIY dessert candle | How to make candles at home | handmade freedom coconut soy wax wood wick gifts,760.0,storyboard,76,608.0,616.0,8.0,https://youtu.be/qavzkjldNdE?t=608s,decorate_finish,finish,1,0.5,"Assembling the dessert candles - cones, whipped topping, sprinkles, chocolate sticks.",ae. opt dnyun 7,1,0.0,0.046,0.139,0.634,0.082,"#cad1d0,#aaa8a6,#79625f",1,,
qavzkjldNdE,https://www.youtube.com/watch?v=qavzkjldNdE,DIY dessert candle | How to make candles at home | handmade freedom coconut soy wax wood wick gifts,760.0,storyboard,78,624.0,632.0,8.0,https://youtu.be/qavzkjldNdE?t=624s,decorate_finish,finish,1,0.5,"Assembling the dessert candles - cones, whipped topping, sprinkles, chocolate sticks.",ss ae,0,0.0,0.033,0.0,0.67,0.068,"#d2dadc,#aaa4a2,#605a4c",1,,
qavzkjldNdE,https://www.youtube.com/watch?v=qavzkjldNdE,DIY dessert candle | How to make candles at home | handmade freedom coconut soy wax wood wick gifts,760.0,storyboard,79,632.0,640.0,8.0,https://youtu.be/qavzkjldNdE?t=632s,decorate_finish,finish,1,0.5,"Assembling the dessert candles - cones, whipped topping, sprinkles, chocolate sticks.",Ua,0,0.0,0.036,0.073,0.677,0.06,"#d0dad9,#a9a8a3,#575444",1,,
qavzkjldNdE,https://www.youtube.com/watch?v=qavzkjldNdE,DIY dessert candle | How to make candles at home | handmade freedom coconut soy wax wood wick gifts,760.0,storyboard,80,640.0,648.0,8.0,https://youtu.be/qavzkjldNdE?t=640s,decorate_finish,finish,1,0.5,"Assembling the dessert candles - cones, whipped topping, sprinkles, chocolate sticks.",,0,0.0,0.042,0.0,0.664,0.063,"#cdd9d8,#9a9890,#51503e",1,,
qavzkjldNdE,https://www.youtube.com/watch?v=qavzkjldNdE,DIY dessert candle | How to make candles at home | handmade freedom coconut soy wax wood wick gifts,760.0,storyboard,81,648.0,656.0,8.0,https://youtu.be/qavzkjldNdE?t=648s,decorate_finish,finish,1,0.5,"Assembling the dessert candles - cones, whipped topping, sprinkles, chocolate sticks.",oad,0,0.0,0.04,0.116,0.657,0.074,"#ccd8d8,#5d5346,#9d9895",1,,
qavzkjldNdE,https://www.youtube.com/watch?v=qavzkjldNdE,DIY dessert candle | How to make candles at home | handmade freedom coconut soy wax wood wick gifts,760.0,storyboard,82,656.0,664.0,8.0,https://youtu.be/qavzkjldNdE?t=656s,decorate_finish,finish,1,0.5,"Assembling the dessert candles - cones, whipped topping, sprinkles, chocolate sticks.",4 ve 1 ty eee nn ae Make Birindagieandie az,1,0.0,0.038,0.108,0.634,0.069,"#c8d7d7,#61564b,#98938f",1,,
qavzkjldNdE,https://www.youtube.com/watch?v=qavzkjldNdE,DIY dessert candle | How to make candles at home | handmade freedom coconut soy wax wood wick gifts,760.0,storyboard,83,664.0,672.0,8.0,https://youtu.be/qavzkjldNdE?t=664s,decorate_finish,finish,1,0.5,"Assembling the dessert candles - cones, whipped topping, sprinkles, chocolate sticks.",,0,0.0,0.054,0.0,0.626,0.074,"#c9d7d6,#5f584c,#9c938f",1,,
qavzkjldNdE,https://www.youtube.com/watch?v=qavzkjldNdE,DIY dessert candle | How to make candles at home | handmade freedom coconut soy wax wood wick gifts,760.0,storyboard,85,680.0,688.0,8.0,https://youtu.be/qavzkjldNdE?t=680s,decorate_finish,finish,1,0.5,"Assembling the dessert candles - cones, whipped topping, sprinkles, chocolate sticks.",gt ft Seentinie's Day of Nottie: mo STislin ea 1,1,0.0,0.03,0.171,0.625,0.074,"#c3cfce,#95928e,#59554a",1,,
qavzkjldNdE,https://www.youtube.com/watch?v=qavzkjldNdE,DIY dessert candle | How to make candles at home | handmade freedom coconut soy wax wood wick gifts,760.0,storyboard,86,688.0,696.0,8.0,https://youtu.be/qavzkjldNdE?t=688s,decorate_finish,finish,1,0.5,"Assembling the dessert candles - cones, whipped topping, sprinkles, chocolate sticks.",GE ss 4 7 dreven aS,1,0.0,0.039,0.0,0.629,0.082,"#c5d1d1,#978f8e,#5e4e4b",1,,
qavzkjldNdE,https://www.youtube.com/watch?v=qavzkjldNdE,DIY dessert candle | How to make candles at home | handmade freedom coconut soy wax wood wick gifts,760.0,storyboard,87,696.0,704.0,8.0,https://youtu.be/qavzkjldNdE?t=696s,decorate_finish,finish,1,0.5,"Assembling the dessert candles - cones, whipped topping, sprinkles, chocolate sticks.",,0,0.0,0.035,0.136,0.62,0.077,"#97908d,#c6cecf,#60574d",1,,
qavzkjldNdE,https://www.youtube.com/watch?v=qavzkjldNdE,DIY dessert candle | How to make candles at home | handmade freedom coconut soy wax wood wick gifts,760.0,storyboard,88,704.0,712.0,8.0,https://youtu.be/qavzkjldNdE?t=704s,decorate_finish,finish,1,0.5,"Assembling the dessert candles - cones, whipped topping, sprinkles, chocolate sticks.",,0,0.0,0.019,0.0,0.606,0.088,"#bfcbcd,#573f3c,#8b7877",1,,
qavzkjldNdE,https://www.youtube.com/watch?v=qavzkjldNdE,DIY dessert candle | How to make candles at home | handmade freedom coconut soy wax wood wick gifts,760.0,storyboard,89,712.0,720.0,8.0,https://youtu.be/qavzkjldNdE?t=712s,decorate_finish,finish,1,0.5,"Assembling the dessert candles - cones, whipped topping, sprinkles, chocolate sticks.",,0,0.0,0.005,0.615,0.307,0.047,"#000000,#000001,#000100",1,,
qavzkjldNdE,https://www.youtube.com/watch?v=qavzkjldNdE,DIY dessert candle | How to make candles at home | handmade freedom coconut soy wax wood wick gifts,760.0,storyboard,90,720.0,728.0,8.0,https://youtu.be/qavzkjldNdE?t=720s,decorate_finish,finish,1,0.5,"Assembling the dessert candles - cones, whipped topping, sprinkles, chocolate sticks.",rie oe ee ij 4,1,0.0,0.097,0.188,0.55,0.108,"#9c8c8c,#5b4d49,#c5c1c7",1,,
qavzkjldNdE,https://www.youtube.com/watch?v=qavzkjldNdE,DIY dessert candle | How to make candles at home | handmade freedom coconut soy wax wood wick gifts,760.0,storyboard,91,728.0,736.0,8.0,https://youtu.be/qavzkjldNdE?t=728s,decorate_finish,finish,1,0.5,"Assembling the dessert candles - cones, whipped topping, sprinkles, chocolate sticks.",int WP ae BpY te VW. tee,1,0.0,0.088,0.0,0.515,0.128,"#998082,#50423a,#ccbdb9",1,,
qavzkjldNdE,https://www.youtube.com/watch?v=qavzkjldNdE,DIY dessert candle | How to make candles at home | handmade freedom coconut soy wax wood wick gifts,760.0,storyboard,92,736.0,744.0,8.0,https://youtu.be/qavzkjldNdE?t=736s,reveal_result,finish,1,0.5,Finished dessert candle styled with greenery.,erJ x's be 8 Ca 4,1,0.0,0.076,0.019,0.502,0.134,"#494b2c,#c5bcba,#9a8c7e",1,,
qlyYdhfU5nA,https://www.youtube.com/watch?v=qlyYdhfU5nA,🎥 Beginner’s Guide to Candle Making | Step-by-Step Tutorial 🕯️,204.0,storyboard,7,54.92,62.77,7.85,https://youtu.be/qlyYdhfU5nA?t=55s,gather_materials,prep,1,0.5,supplies/product showcase grid,Oem eo ie ev 1 meee eee oe ee ee ee te Ape oun oreeinwat Rita Guewees eee all,1,0.0,0.027,0.088,0.926,0.089,"#fcfdfc,#d6dce7,#8b9376",1,,
qlyYdhfU5nA,https://www.youtube.com/watch?v=qlyYdhfU5nA,🎥 Beginner’s Guide to Candle Making | Step-by-Step Tutorial 🕯️,204.0,storyboard,8,62.77,70.62,7.85,https://youtu.be/qlyYdhfU5nA?t=63s,gather_materials,prep,1,0.5,"host holding supply box, product shots",Bea Sta,0,0.0,0.031,0.156,0.732,0.08,"#cfcacb,#251e17,#837361",1,,
qlyYdhfU5nA,https://www.youtube.com/watch?v=qlyYdhfU5nA,🎥 Beginner’s Guide to Candle Making | Step-by-Step Tutorial 🕯️,204.0,storyboard,9,70.62,78.46,7.84,https://youtu.be/qlyYdhfU5nA?t=71s,gather_materials,prep,1,0.6,host talking at desk,aa CS 4 mn 4,1,0.0,0.031,0.124,0.656,0.074,"#cfcbcb,#837463,#251f18",1,,
qlyYdhfU5nA,https://www.youtube.com/watch?v=qlyYdhfU5nA,🎥 Beginner’s Guide to Candle Making | Step-by-Step Tutorial 🕯️,204.0,storyboard,10,78.46,86.31,7.85,https://youtu.be/qlyYdhfU5nA?t=78s,gather_materials,prep,1,0.45,wax bag close-up,ea.,0,0.0,0.034,0.127,0.654,0.073,"#d1cdce,#28211a,#8d8070",1,,
qlyYdhfU5nA,https://www.youtube.com/watch?v=qlyYdhfU5nA,🎥 Beginner’s Guide to Candle Making | Step-by-Step Tutorial 🕯️,204.0,storyboard,12,94.15,102.0,7.85,https://youtu.be/qlyYdhfU5nA?t=94s,prepare_container,prep,1,0.4,white container close-up,cf vo et ts Li,1,0.0,0.046,0.23,0.563,0.067,"#d2ced1,#2b241e,#918578",1,,
qlyYdhfU5nA,https://www.youtube.com/watch?v=qlyYdhfU5nA,🎥 Beginner’s Guide to Candle Making | Step-by-Step Tutorial 🕯️,204.0,storyboard,15,117.69,125.54,7.85,https://youtu.be/qlyYdhfU5nA?t=118s,measure_wax,prep,1,0.45,white pitcher/bowl close-up,Bea mu,0,0.0,0.021,0.159,0.747,0.051,"#d2cfd1,#2e261e,#9a9186",1,,
qlyYdhfU5nA,https://www.youtube.com/watch?v=qlyYdhfU5nA,🎥 Beginner’s Guide to Candle Making | Step-by-Step Tutorial 🕯️,204.0,storyboard,19,149.08,156.92,7.84,https://youtu.be/qlyYdhfU5nA?t=149s,add_dye_color,process,1,0.4,hands working pink/red wax,oD.,0,0.0,0.026,0.143,0.633,0.057,"#a8a8a6,#c8cdce,#68625c",1,,
qlyYdhfU5nA,https://www.youtube.com/watch?v=qlyYdhfU5nA,🎥 Beginner’s Guide to Candle Making | Step-by-Step Tutorial 🕯️,204.0,storyboard,20,156.92,164.77,7.85,https://youtu.be/qlyYdhfU5nA?t=157s,melt_wax,process,1,0.6,crockpot melter close-up,,0,0.0,0.017,0.02,0.668,0.043,"#a7a7a6,#ccd1d2,#68645f",1,,
qlyYdhfU5nA,https://www.youtube.com/watch?v=qlyYdhfU5nA,🎥 Beginner’s Guide to Candle Making | Step-by-Step Tutorial 🕯️,204.0,storyboard,21,164.77,172.62,7.85,https://youtu.be/qlyYdhfU5nA?t=165s,melt_wax,process,1,0.6,crockpot melter close-up,Be 3 of aie 4 NY yi Ae,1,0.333,0.028,0.125,0.63,0.059,"#d1cdce,#231d17,#857c6e",1,,
qlyYdhfU5nA,https://www.youtube.com/watch?v=qlyYdhfU5nA,🎥 Beginner’s Guide to Candle Making | Step-by-Step Tutorial 🕯️,204.0,storyboard,22,172.62,180.46,7.84,https://youtu.be/qlyYdhfU5nA?t=173s,melt_wax,process,1,0.55,crockpot melter close-up,ae 3 oa im,1,0.0,0.028,0.023,0.578,0.078,"#d2cece,#201b15,#7f6e5b",1,,
r11QpNzEYqY,https://www.youtube.com/watch?v=r11QpNzEYqY,How to Start a Profitable Candle Business in 2026,776.0,storyboard,18,144.0,152.0,8.0,https://youtu.be/r11QpNzEYqY?t=144s,reveal_result,finish,1,0.4,Lit candles b-roll.,cea.,0,0.0,0.034,0.243,0.257,0.2,"#1a1828,#70b0d1,#914727",1,,
r11QpNzEYqY,https://www.youtube.com/watch?v=r11QpNzEYqY,How to Start a Profitable Candle Business in 2026,776.0,storyboard,19,152.0,160.0,8.0,https://youtu.be/r11QpNzEYqY?t=152s,reveal_result,finish,1,0.4,Floral/candle b-roll.,BEESWVANX 3 Bo Ger,1,0.0,0.073,0.0,0.3,0.137,"#2f2827,#71554f,#b39d95",1,,
r11QpNzEYqY,https://www.youtube.com/watch?v=r11QpNzEYqY,How to Start a Profitable Candle Business in 2026,776.0,storyboard,48,384.0,392.0,8.0,https://youtu.be/r11QpNzEYqY?t=384s,reveal_result,finish,1,0.4,Guest interview cutaway.,ES IMSPOKETOIMY SOUL! be,1,0.0,0.026,0.377,0.445,0.133,"#e1bdc5,#28201c,#7a696a",1,,
rFGerjaJG40,https://www.youtube.com/watch?v=rFGerjaJG40,DIY Candle #craft #creative #shortvideo #candlemaking #marbleeffect #scentedcandle #handmade,71.0,storyboard,0,0.0,7.89,7.89,https://youtu.be/rFGerjaJG40?t=0s,measure_wax,prep,1,0.55,Overhead on a purple swirl cloth: a metal saucepan holds white wax chunks.,on ge Tae ie Sa UO! FEARS MES yf op,1,0.0,0.156,0.063,0.257,0.073,"#25231a,#695c59,#a29b9b",1,,
rFGerjaJG40,https://www.youtube.com/watch?v=rFGerjaJG40,DIY Candle #craft #creative #shortvideo #candlemaking #marbleeffect #scentedcandle #handmade,71.0,storyboard,1,7.89,15.78,7.89,https://youtu.be/rFGerjaJG40?t=8s,melt_wax,process,1,0.6,"The saucepan of white wax sits on a blue induction burner, melting.",LI SRS Ny SS pr 2 es VON ALMA SK SV Gj ELO7751. OK YHA ey. FEC OVTA COS St 4 es la 4,1,0.333,0.196,0.169,0.293,0.083,"#222119,#695959,#9f979d",1,,
rFGerjaJG40,https://www.youtube.com/watch?v=rFGerjaJG40,DIY Candle #craft #creative #shortvideo #candlemaking #marbleeffect #scentedcandle #handmade,71.0,storyboard,2,15.78,23.67,7.89,https://youtu.be/rFGerjaJG40?t=16s,prepare_container,prep,1,0.55,"Hands lay out a wick/sticker, small glass cups and supply packets.","7 Hg ah WA PINS 6 Gees Ie CPI MCC Te Ph 7 fi ma ALS ley sar CAT Oo Wile Ogey Eig Cue Ge pot yee BAT, TO oe Ce is Se",1,0.0,0.233,0.133,0.315,0.092,"#1b1c17,#999086,#5f5250",1,,
rFGerjaJG40,https://www.youtube.com/watch?v=rFGerjaJG40,DIY Candle #craft #creative #shortvideo #candlemaking #marbleeffect #scentedcandle #handmade,71.0,storyboard,3,23.67,31.56,7.89,https://youtu.be/rFGerjaJG40?t=24s,prepare_container,prep,1,0.55,A wick is fixed into a small glass cup while the wax pot is stirred.,"AC Fie vat VO Me, oe 7 CP Fe Fi7o fe San 4 ff mM sr erp OOOO ie KIO ig fo Le oy aie im,",1,0.0,0.232,0.092,0.304,0.098,"#1a1913,#5f504b,#9a8e85",1,,
rFGerjaJG40,https://www.youtube.com/watch?v=rFGerjaJG40,DIY Candle #craft #creative #shortvideo #candlemaking #marbleeffect #scentedcandle #handmade,71.0,storyboard,4,31.56,39.44,7.88,https://youtu.be/rFGerjaJG40?t=32s,melt_wax,process,1,0.6,A hand stirs the melting wax in the saucepan with a stick.,"bs Te 7 Lai 7 MONO OC wy, tie oo SN oF war me SAO VA rae. 7 af ta aes ey",1,0.0,0.242,0.079,0.31,0.098,"#1b1c17,#9f928b,#5f524e",1,,
rFGerjaJG40,https://www.youtube.com/watch?v=rFGerjaJG40,DIY Candle #craft #creative #shortvideo #candlemaking #marbleeffect #scentedcandle #handmade,71.0,storyboard,5,39.44,47.33,7.89,https://youtu.be/rFGerjaJG40?t=39s,melt_wax,process,1,0.5,Continued stirring of the melting wax; a wicked glass cup waits.,"en ee SN OA CA ee, oe 3 WO OY, ay Lena PSD Oya YH 7 Ce te ae NG, Wey ba Ss ANG WZ 2 in. mr ma ee 5",1,0.0,0.286,0.131,0.301,0.09,"#201e1a,#605050,#958e94",1,,
rFGerjaJG40,https://www.youtube.com/watch?v=rFGerjaJG40,DIY Candle #craft #creative #shortvideo #candlemaking #marbleeffect #scentedcandle #handmade,71.0,storyboard,6,47.33,55.22,7.89,https://youtu.be/rFGerjaJG40?t=47s,pour_wax,assemble,1,0.6,Purple-tinted melted wax is poured into a small cup.,SFT OGL OP CLG VEZ OOT eg vo oii 54 tes,1,0.0,0.312,0.094,0.307,0.092,"#1c1a16,#65585b,#a79789",1,,
rFGerjaJG40,https://www.youtube.com/watch?v=rFGerjaJG40,DIY Candle #craft #creative #shortvideo #candlemaking #marbleeffect #scentedcandle #handmade,71.0,storyboard,7,55.22,63.11,7.89,https://youtu.be/rFGerjaJG40?t=55s,pour_wax,assemble,1,0.55,Pouring purple wax into cups; finished purple candles with pink tulips appear.,4 Ke COVE CS ied CEE OU OLe SLEEVE FG ps Ras io ee tJ ay wr IQ aN Ge OSs ciel NS ag Te SP OFT ZR wl fT 2,1,0.0,0.272,0.158,0.24,0.086,"#24221c,#665559,#968a8e",1,,
rjhYJgEVFMw,https://www.youtube.com/watch?v=rjhYJgEVFMw,How to Make a Container Candle | Hobbycraft,185.0,storyboard,5,40.22,48.26,8.04,https://youtu.be/rjhYJgEVFMw?t=40s,measure_wax,prep,1,0.55,Overhead: wax measured into the pot.,,0,0.0,0.126,0.026,0.582,0.062,"#a89f95,#e2e0db,#463b39",1,,
rjhYJgEVFMw,https://www.youtube.com/watch?v=rjhYJgEVFMw,How to Make a Container Candle | Hobbycraft,185.0,storyboard,6,48.26,56.3,8.04,https://youtu.be/rjhYJgEVFMw?t=48s,melt_wax,process,1,0.55,Host tends the melting pot of wax.,7,0,0.0,0.139,0.022,0.586,0.06,"#a9a097,#453b38,#e5e1de",1,,
rjhYJgEVFMw,https://www.youtube.com/watch?v=rjhYJgEVFMw,How to Make a Container Candle | Hobbycraft,185.0,storyboard,7,56.3,64.35,8.05,https://youtu.be/rjhYJgEVFMw?t=56s,melt_wax,process,1,0.6,Host talks to camera.,3,0,0.0,0.106,0.1,0.548,0.066,"#a0958b,#493d3a,#dcd8d2",1,,
rjhYJgEVFMw,https://www.youtube.com/watch?v=rjhYJgEVFMw,How to Make a Container Candle | Hobbycraft,185.0,storyboard,8,64.35,72.39,8.04,https://youtu.be/rjhYJgEVFMw?t=64s,melt_wax,process,1,0.5,The melting pot on the table; host intercut.,1,0,0.0,0.06,0.039,0.515,0.07,"#9c9087,#463a37,#ddd8d3",1,,
rjhYJgEVFMw,https://www.youtube.com/watch?v=rjhYJgEVFMw,How to Make a Container Candle | Hobbycraft,185.0,storyboard,12,96.52,104.57,8.05,https://youtu.be/rjhYJgEVFMw?t=97s,measure_wax,prep,1,0.5,Overhead hands measure/pour wax.,,0,0.0,0.159,0.153,0.486,0.111,"#c8c0b6,#8a796f,#3e3431",1,,
rjhYJgEVFMw,https://www.youtube.com/watch?v=rjhYJgEVFMw,How to Make a Container Candle | Hobbycraft,185.0,storyboard,13,104.57,112.61,8.04,https://youtu.be/rjhYJgEVFMw?t=105s,pour_wax,assemble,1,0.5,Overhead pouring wax into the pot/jar.,ee 4 te Ss eg eS ke 2 Sls ee ie ke rege,1,0.0,0.209,0.167,0.451,0.146,"#836850,#49382c,#c09d7c",1,,
rjhYJgEVFMw,https://www.youtube.com/watch?v=rjhYJgEVFMw,How to Make a Container Candle | Hobbycraft,185.0,storyboard,14,112.61,120.65,8.04,https://youtu.be/rjhYJgEVFMw?t=113s,pour_wax,assemble,1,0.45,Overhead hands at the jar on a green cutting mat.,,0,0.0,0.102,0.015,0.575,0.078,"#d5d0c7,#a19488,#4a3e39",1,,
rjhYJgEVFMw,https://www.youtube.com/watch?v=rjhYJgEVFMw,How to Make a Container Candle | Hobbycraft,185.0,storyboard,15,120.65,128.7,8.05,https://youtu.be/rjhYJgEVFMw?t=121s,pour_wax,assemble,1,0.55,Overhead pouring wax into the container.,1,0,0.0,0.153,0.159,0.538,0.122,"#d6cfc6,#a29589,#4c3e3a",1,,
rjhYJgEVFMw,https://www.youtube.com/watch?v=rjhYJgEVFMw,How to Make a Container Candle | Hobbycraft,185.0,storyboard,16,128.7,136.74,8.04,https://youtu.be/rjhYJgEVFMw?t=129s,set_wick,assemble,1,0.5,Overhead hands centring the wick in the jar.,ee RS fag xe. ot Nile,1,0.0,0.184,0.158,0.46,0.196,"#987658,#332b28,#f1ece9",1,,
rjhYJgEVFMw,https://www.youtube.com/watch?v=rjhYJgEVFMw,How to Make a Container Candle | Hobbycraft,185.0,storyboard,17,136.74,144.78,8.04,https://youtu.be/rjhYJgEVFMw?t=137s,set_wick,assemble,1,0.5,Overhead jar with the wick being set.,ey OP re 3,1,0.0,0.216,0.123,0.379,0.166,"#846d59,#24201c,#b8bbb7",1,,
rjhYJgEVFMw,https://www.youtube.com/watch?v=rjhYJgEVFMw,How to Make a Container Candle | Hobbycraft,185.0,storyboard,19,152.83,160.87,8.04,https://youtu.be/rjhYJgEVFMw?t=153s,pour_wax,assemble,1,0.45,Overhead jar and wax handling.,,0,0.0,0.092,0.041,0.587,0.077,"#ada399,#51423c,#e6e3dd",1,,
rjhYJgEVFMw,https://www.youtube.com/watch?v=rjhYJgEVFMw,How to Make a Container Candle | Hobbycraft,185.0,storyboard,20,160.87,168.91,8.04,https://youtu.be/rjhYJgEVFMw?t=161s,melt_wax,process,1,0.45,Close-up of the large melting pot.,wwwihobdycreft.co uk sf one 2,1,0.0,0.12,0.171,0.714,0.073,"#e7e5e2,#bab5b2,#5a3640",1,,
rltpKr2t-Bw,https://www.youtube.com/watch?v=rltpKr2t-Bw,How to Make Pillar Candles // CandleScience Tutorials,130.0,storyboard,3,24.38,32.5,8.12,https://youtu.be/rltpKr2t-Bw?t=24s,measure_wax,prep,1,0.55,Overhead BW-920 wax bag and white pellets in a pan beside a metal pillar mould.,oe,0,0.0,0.08,0.252,0.569,0.092,"#cfc9c2,#3b3b3b,#8e8882",1,,
rltpKr2t-Bw,https://www.youtube.com/watch?v=rltpKr2t-Bw,How to Make Pillar Candles // CandleScience Tutorials,130.0,storyboard,4,32.5,40.62,8.12,https://youtu.be/rltpKr2t-Bw?t=32s,measure_wax,prep,1,0.55,Wax pellets portioned; an 'LX 26' wick shown; host intercut.,an lt Oy 2 wel,1,0.0,0.088,0.241,0.588,0.094,"#cfc9c2,#3b3b3b,#8b847e",1,,
rltpKr2t-Bw,https://www.youtube.com/watch?v=rltpKr2t-Bw,How to Make Pillar Candles // CandleScience Tutorials,130.0,storyboard,5,40.62,48.75,8.13,https://youtu.be/rltpKr2t-Bw?t=41s,prepare_container,prep,1,0.6,Hands handle the metal pillar mould; caption 'the bottom of the mould becomes the top of the candle'.,Gee Lert of thes erate Dercrreet Me tee of fw comet,1,0.0,0.021,0.066,0.621,0.104,"#baa189,#93745c,#f8f7f4",1,,
rltpKr2t-Bw,https://www.youtube.com/watch?v=rltpKr2t-Bw,How to Make Pillar Candles // CandleScience Tutorials,130.0,storyboard,6,48.75,56.88,8.13,https://youtu.be/rltpKr2t-Bw?t=49s,prepare_container,prep,1,0.6,The wick is threaded through the base hole of the pillar mould.,,0,0.0,0.0,0.046,0.602,0.098,"#ae9378,#c3ad96,#9a785a",1,,
rltpKr2t-Bw,https://www.youtube.com/watch?v=rltpKr2t-Bw,How to Make Pillar Candles // CandleScience Tutorials,130.0,storyboard,7,56.88,65.0,8.12,https://youtu.be/rltpKr2t-Bw?t=57s,prepare_container,prep,1,0.6,The mould base is sealed around the wick with putty.,,0,0.0,0.004,0.053,0.597,0.1,"#af947c,#c4af9a,#8d6e56",1,,
rltpKr2t-Bw,https://www.youtube.com/watch?v=rltpKr2t-Bw,How to Make Pillar Candles // CandleScience Tutorials,130.0,storyboard,8,65.0,73.12,8.12,https://youtu.be/rltpKr2t-Bw?t=65s,prepare_container,prep,1,0.55,Hands continue sealing the wick hole and securing the mould.,,0,0.0,0.009,0.04,0.6,0.095,"#ab8f76,#c2ab96,#86664e",1,,
rltpKr2t-Bw,https://www.youtube.com/watch?v=rltpKr2t-Bw,How to Make Pillar Candles // CandleScience Tutorials,130.0,storyboard,9,73.12,81.25,8.13,https://youtu.be/rltpKr2t-Bw?t=73s,prepare_container,prep,1,0.55,Pillar mould stood upright; caption 'tip: use play-doh or putty'.,ll,0,0.0,0.027,0.049,0.613,0.1,"#b39980,#9f7d60,#c6b19c",1,,description references on-screen text but OCR found none
rltpKr2t-Bw,https://www.youtube.com/watch?v=rltpKr2t-Bw,How to Make Pillar Candles // CandleScience Tutorials,130.0,storyboard,10,81.25,89.38,8.13,https://youtu.be/rltpKr2t-Bw?t=81s,pour_wax,assemble,1,0.65,Molten wax poured into the metal pillar mould.,Xa,0,0.0,0.042,0.117,0.597,0.105,"#b8a189,#8d725a,#191412",1,,
rltpKr2t-Bw,https://www.youtube.com/watch?v=rltpKr2t-Bw,How to Make Pillar Candles // CandleScience Tutorials,130.0,storyboard,11,89.38,97.5,8.12,https://youtu.be/rltpKr2t-Bw?t=89s,cure_cool,assemble,1,0.5,Filled mould left to set; host intercut.,ef pp Xl! ike oo,1,0.0,0.13,0.156,0.563,0.088,"#c6bfb8,#666465,#201c1b",1,,
rltpKr2t-Bw,https://www.youtube.com/watch?v=rltpKr2t-Bw,How to Make Pillar Candles // CandleScience Tutorials,130.0,storyboard,12,97.5,105.62,8.12,https://youtu.be/rltpKr2t-Bw?t=98s,decorate_finish,finish,1,0.45,"Host talks, then the pillar candle is released from the mould.",ae,0,0.0,0.07,0.205,0.625,0.101,"#c1a994,#997961,#f7f4ee",1,,
rltpKr2t-Bw,https://www.youtube.com/watch?v=rltpKr2t-Bw,How to Make Pillar Candles // CandleScience Tutorials,130.0,storyboard,13,105.62,113.75,8.13,https://youtu.be/rltpKr2t-Bw?t=106s,reveal_result,finish,1,0.6,Finished pillar candles in several colours lined up; wick trimmed.,THANKS FOR WATCHING!,1,0.0,0.064,0.146,0.849,0.058,"#f8f4ea,#1d1a14,#949087",1,,
v9z-JiqGX1U,https://www.youtube.com/watch?v=v9z-JiqGX1U,Candle Making Instructions - Candle Craft Club DIY Candle Making Kit - How to make Soy Wax candles,184.0,storyboard,0,0.0,8.0,8.0,https://youtu.be/v9z-JiqGX1U?t=0s,prepare_container,prep,1,0.55,"hands at table by empty glass, 'prepare candle container' caption",oe,0,0.0,0.009,0.038,0.966,0.041,"#fdfdfe,#f6f0f8,#e6dfe6",1,,description references on-screen text but OCR found none
v9z-JiqGX1U,https://www.youtube.com/watch?v=v9z-JiqGX1U,Candle Making Instructions - Candle Craft Club DIY Candle Making Kit - How to make Soy Wax candles,184.0,storyboard,1,8.0,16.0,8.0,https://youtu.be/v9z-JiqGX1U?t=8s,prepare_container,prep,1,0.8,pressing wick into bottom of glass jar,3,0,0.0,0.04,0.094,0.875,0.138,"#f8f3f8,#e6a7ae,#b47c80",1,,
v9z-JiqGX1U,https://www.youtube.com/watch?v=v9z-JiqGX1U,Candle Making Instructions - Candle Craft Club DIY Candle Making Kit - How to make Soy Wax candles,184.0,storyboard,2,16.0,24.0,8.0,https://youtu.be/v9z-JiqGX1U?t=16s,measure_wax,prep,1,0.7,"pouring wax flakes into measuring cup, 'melt wax using double boiler'",oO,0,0.0,0.064,0.057,0.937,0.05,"#fcfbfc,#d0cbcb,#807676",1,,description references on-screen text but OCR found none
v9z-JiqGX1U,https://www.youtube.com/watch?v=v9z-JiqGX1U,Candle Making Instructions - Candle Craft Club DIY Candle Making Kit - How to make Soy Wax candles,184.0,storyboard,3,24.0,32.0,8.0,https://youtu.be/v9z-JiqGX1U?t=24s,measure_wax,prep,1,0.55,metal pouring pitcher with flakes,Zz 7 ri Ve,1,0.333,0.037,0.159,0.869,0.096,"#f5eced,#d6b8ba,#8b7475",1,,
v9z-JiqGX1U,https://www.youtube.com/watch?v=v9z-JiqGX1U,Candle Making Instructions - Candle Craft Club DIY Candle Making Kit - How to make Soy Wax candles,184.0,storyboard,4,32.0,40.0,8.0,https://youtu.be/v9z-JiqGX1U?t=32s,melt_wax,process,1,0.8,"pitcher in pot of water on heat, 'melt wax using double boiler'",oO,0,0.0,0.081,0.182,0.871,0.024,"#fbf9fb,#b5afad,#4c4647",1,,description references on-screen text but OCR found none
v9z-JiqGX1U,https://www.youtube.com/watch?v=v9z-JiqGX1U,Candle Making Instructions - Candle Craft Club DIY Candle Making Kit - How to make Soy Wax candles,184.0,storyboard,5,40.0,48.0,8.0,https://youtu.be/v9z-JiqGX1U?t=40s,melt_wax,process,1,0.8,wax melting in double boiler,Zi is,0,0.0,0.138,0.127,0.652,0.102,"#a48782,#ebdee0,#443b3a",1,,
v9z-JiqGX1U,https://www.youtube.com/watch?v=v9z-JiqGX1U,Candle Making Instructions - Candle Craft Club DIY Candle Making Kit - How to make Soy Wax candles,184.0,storyboard,6,48.0,56.0,8.0,https://youtu.be/v9z-JiqGX1U?t=48s,melt_wax,process,1,0.75,continued melting in pot,,0,0.0,0.076,0.072,0.839,0.087,"#f8f4f9,#574f4c,#b7a5a3",1,,
v9z-JiqGX1U,https://www.youtube.com/watch?v=v9z-JiqGX1U,Candle Making Instructions - Candle Craft Club DIY Candle Making Kit - How to make Soy Wax candles,184.0,storyboard,7,56.0,64.0,8.0,https://youtu.be/v9z-JiqGX1U?t=56s,melt_wax,process,1,0.55,"pot on heat, liquefying",eo,0,0.0,0.11,0.157,0.795,0.074,"#faf8fa,#4c4746,#96918c",1,,
v9z-JiqGX1U,https://www.youtube.com/watch?v=v9z-JiqGX1U,Candle Making Instructions - Candle Craft Club DIY Candle Making Kit - How to make Soy Wax candles,184.0,storyboard,8,64.0,72.0,8.0,https://youtu.be/v9z-JiqGX1U?t=64s,melt_wax,process,1,0.7,blue dye being added/stirred into wax,,0,0.0,0.065,0.155,0.783,0.076,"#fbf9fb,#48494d,#9d9da1",1,,
v9z-JiqGX1U,https://www.youtube.com/watch?v=v9z-JiqGX1U,Candle Making Instructions - Candle Craft Club DIY Candle Making Kit - How to make Soy Wax candles,184.0,storyboard,9,72.0,80.0,8.0,https://youtu.be/v9z-JiqGX1U?t=72s,melt_wax,process,1,0.4,"honeycomb tray + caption, ambiguous",os,0,0.0,0.053,0.114,0.897,0.077,"#f9f5f8,#d6a099,#af8072",1,,description references on-screen text but OCR found none
v9z-JiqGX1U,https://www.youtube.com/watch?v=v9z-JiqGX1U,Candle Making Instructions - Candle Craft Club DIY Candle Making Kit - How to make Soy Wax candles,184.0,storyboard,10,80.0,88.0,8.0,https://youtu.be/v9z-JiqGX1U?t=80s,add_fragrance,process,1,0.7,"pouring fragrance oil from bottle, 'add fragrance'",Ad4 0.5 os fragrance,1,0.0,0.083,0.189,0.812,0.11,"#f8f4f7,#d4a09f,#4e3834",1,,
v9z-JiqGX1U,https://www.youtube.com/watch?v=v9z-JiqGX1U,Candle Making Instructions - Candle Craft Club DIY Candle Making Kit - How to make Soy Wax candles,184.0,storyboard,11,88.0,96.0,8.0,https://youtu.be/v9z-JiqGX1U?t=88s,add_fragrance,process,1,0.55,stirring fragrance into pot,,0,0.0,0.072,0.024,0.904,0.088,"#faf7fa,#c4998e,#574a4c",1,,
v9z-JiqGX1U,https://www.youtube.com/watch?v=v9z-JiqGX1U,Candle Making Instructions - Candle Craft Club DIY Candle Making Kit - How to make Soy Wax candles,184.0,storyboard,12,96.0,104.0,8.0,https://youtu.be/v9z-JiqGX1U?t=96s,add_fragrance,process,1,0.4,"tray + 'stir' caption, ambiguous",,0,0.0,0.061,0.021,0.923,0.067,"#fbfafb,#b1917e,#4e4e58",1,,description references on-screen text but OCR found none
v9z-JiqGX1U,https://www.youtube.com/watch?v=v9z-JiqGX1U,Candle Making Instructions - Candle Craft Club DIY Candle Making Kit - How to make Soy Wax candles,184.0,storyboard,13,104.0,112.0,8.0,https://youtu.be/v9z-JiqGX1U?t=104s,pour_wax,assemble,1,0.8,teal liquid wax poured into containers,ab,0,0.0,0.061,0.152,0.902,0.073,"#f9f6f8,#d3cfcb,#34444b",1,,
v9z-JiqGX1U,https://www.youtube.com/watch?v=v9z-JiqGX1U,Candle Making Instructions - Candle Craft Club DIY Candle Making Kit - How to make Soy Wax candles,184.0,storyboard,14,112.0,120.0,8.0,https://youtu.be/v9z-JiqGX1U?t=112s,pour_wax,assemble,1,0.8,pouring colored wax into cups,29,0,0.0,0.054,0.078,0.919,0.071,"#fbf9fb,#dcb6bd,#93747a",1,,
v9z-JiqGX1U,https://www.youtube.com/watch?v=v9z-JiqGX1U,Candle Making Instructions - Candle Craft Club DIY Candle Making Kit - How to make Soy Wax candles,184.0,storyboard,15,120.0,128.0,8.0,https://youtu.be/v9z-JiqGX1U?t=120s,pour_wax,assemble,1,0.6,blue cups filled,so ew te ware for on.,1,0.0,0.056,0.102,0.908,0.066,"#fcfcfd,#95abb7,#4c6170",1,,
v9z-JiqGX1U,https://www.youtube.com/watch?v=v9z-JiqGX1U,Candle Making Instructions - Candle Craft Club DIY Candle Making Kit - How to make Soy Wax candles,184.0,storyboard,16,128.0,136.0,8.0,https://youtu.be/v9z-JiqGX1U?t=128s,pour_wax,assemble,1,0.5,filled cups sitting to set,Trim wick to inch,1,0.0,0.032,0.145,0.868,0.131,"#f9f6f9,#d2b3be,#9d7c82",1,,
v9z-JiqGX1U,https://www.youtube.com/watch?v=v9z-JiqGX1U,Candle Making Instructions - Candle Craft Club DIY Candle Making Kit - How to make Soy Wax candles,184.0,storyboard,17,136.0,144.0,8.0,https://youtu.be/v9z-JiqGX1U?t=136s,pour_wax,assemble,1,0.6,second color (pink) poured into cups,oa eu,0,0.0,0.044,0.089,0.897,0.163,"#f7f7fa,#deb8c1,#ad757b",1,,
v9z-JiqGX1U,https://www.youtube.com/watch?v=v9z-JiqGX1U,Candle Making Instructions - Candle Craft Club DIY Candle Making Kit - How to make Soy Wax candles,184.0,storyboard,18,144.0,152.0,8.0,https://youtu.be/v9z-JiqGX1U?t=144s,cure_cool,assemble,1,0.5,colored cups setting,,0,0.0,0.024,0.175,0.847,0.171,"#f7fafc,#c292e2,#d7e97a",1,,
v9z-JiqGX1U,https://www.youtube.com/watch?v=v9z-JiqGX1U,Candle Making Instructions - Candle Craft Club DIY Candle Making Kit - How to make Soy Wax candles,184.0,storyboard,19,152.0,160.0,8.0,https://youtu.be/v9z-JiqGX1U?t=152s,set_wick,assemble,1,0.45,hands adjusting wicks in cups,er,0,0.0,0.036,0.152,0.846,0.17,"#f8f5fa,#d3b5cd,#ab79a1",1,,
v9z-JiqGX1U,https://www.youtube.com/watch?v=v9z-JiqGX1U,Candle Making Instructions - Candle Craft Club DIY Candle Making Kit - How to make Soy Wax candles,184.0,storyboard,20,160.0,168.0,8.0,https://youtu.be/v9z-JiqGX1U?t=160s,reveal_result,finish,1,0.8,finished colorful candles with fragrance bottles,Lafae 43 ay se by ot,1,0.0,0.155,0.097,0.835,0.168,"#f6f3f8,#dabab2,#9a746a",1,,
v9z-JiqGX1U,https://www.youtube.com/watch?v=v9z-JiqGX1U,Candle Making Instructions - Candle Craft Club DIY Candle Making Kit - How to make Soy Wax candles,184.0,storyboard,21,168.0,176.0,8.0,https://youtu.be/v9z-JiqGX1U?t=168s,reveal_result,finish,1,0.8,arranged finished candles beauty shot,eVSO ee,0,0.0,0.074,0.409,0.273,0.061,"#000000,#000002,#000000",1,,
vVlmkfF_PRk,https://www.youtube.com/watch?v=vVlmkfF_PRk,How to Make Soy Candles | Easy DIY Tutorial,456.0,storyboard,37,296.0,304.0,8.0,https://youtu.be/vVlmkfF_PRk?t=296s,add_dye_color,process,1,0.45,overhead green liquid stirred in pot,ie YW ae ae As adsl,1,0.0,0.103,0.187,0.44,0.098,"#797474,#332b29,#c9c6bf",1,,
vVlmkfF_PRk,https://www.youtube.com/watch?v=vVlmkfF_PRk,How to Make Soy Candles | Easy DIY Tutorial,456.0,storyboard,38,304.0,312.0,8.0,https://youtu.be/vVlmkfF_PRk?t=304s,pour_wax,assemble,1,0.45,overhead pouring/working,1 Dai fe,1,0.0,0.109,0.0,0.426,0.078,"#7f7a79,#39312f,#d6d2cb",1,,
vVlmkfF_PRk,https://www.youtube.com/watch?v=vVlmkfF_PRk,How to Make Soy Candles | Easy DIY Tutorial,456.0,storyboard,50,400.0,408.0,8.0,https://youtu.be/vVlmkfF_PRk?t=400s,reveal_result,finish,1,0.5,host showing finished candles,XY Ex ee Ae Le,1,0.0,0.087,0.0,0.438,0.081,"#827c7b,#39312f,#d6d5ce",1,,
vVlmkfF_PRk,https://www.youtube.com/watch?v=vVlmkfF_PRk,How to Make Soy Candles | Easy DIY Tutorial,456.0,storyboard,51,408.0,416.0,8.0,https://youtu.be/vVlmkfF_PRk?t=408s,reveal_result,finish,1,0.75,lit candle beauty shot,wie an Wa tee cS ee,1,0.0,0.02,0.454,0.621,0.082,"#d6d3d0,#e8e7e6,#b9b7b5",1,,
vWsjYBvP3aE,https://www.youtube.com/watch?v=vWsjYBvP3aE,how to make scented beeswax candles 🐝,468.0,storyboard,9,72.62,80.69,8.07,https://youtu.be/vWsjYBvP3aE?t=73s,gather_materials,prep,1,0.45,Overhead beeswax discs (copper/brown).,Bis Ty aa STEP St HEAT THINGS uP ij 7 il Ea oe. 36 to,1,0.0,0.08,0.187,0.693,0.099,"#ada08d,#e4e1db,#665942",1,,
vWsjYBvP3aE,https://www.youtube.com/watch?v=vWsjYBvP3aE,how to make scented beeswax candles 🐝,468.0,storyboard,10,80.69,88.76,8.07,https://youtu.be/vWsjYBvP3aE?t=81s,measure_wax,prep,1,0.45,Overhead white surface with beeswax discs.,ll CLEAN THE iusiO Or YOUR vessei TS 7 3,1,0.0,0.099,0.045,0.912,0.046,"#faf3fc,#ded5db,#9f908e",1,,
vWsjYBvP3aE,https://www.youtube.com/watch?v=vWsjYBvP3aE,how to make scented beeswax candles 🐝,468.0,storyboard,50,403.45,411.52,8.07,https://youtu.be/vWsjYBvP3aE?t=403s,reveal_result,finish,1,0.45,Lit candle; 'never burn more than 4 hours' caption.,7 NEVER LET YOUR CANDLE BURN FOR MORE THAN 4 HOURS,1,0.0,0.065,0.259,0.746,0.079,"#e5dfe4,#b8aaa5,#6d5849",1,,
vWsjYBvP3aE,https://www.youtube.com/watch?v=vWsjYBvP3aE,how to make scented beeswax candles 🐝,468.0,storyboard,51,411.52,419.59,8.07,https://youtu.be/vWsjYBvP3aE?t=412s,measure_wax,prep,1,0.45,Wax block scraped into a cup (b-roll).,Ae SS Ys hh ee. rd Nees: SF 6,1,0.0,0.058,0.272,0.664,0.108,"#dbd5d5,#9f9073,#483a18",1,,
vWsjYBvP3aE,https://www.youtube.com/watch?v=vWsjYBvP3aE,how to make scented beeswax candles 🐝,468.0,storyboard,55,443.79,451.86,8.07,https://youtu.be/vWsjYBvP3aE?t=444s,pour_wax,assemble,1,0.5,Ceramic cups filled with wax.,,0,0.0,0.004,0.742,0.371,0.017,"#000000,#000002,#020005",1,,
vnL7IzFaKUY,https://www.youtube.com/watch?v=vnL7IzFaKUY,What is candle frosting and how to prevent it? | Soy Candles,299.0,storyboard,30,242.43,250.51,8.08,https://youtu.be/vnL7IzFaKUY?t=242s,trim_wick,finish,1,0.4,Scissors trim the wooden wick on the candle.,4 aes ws,1,0.0,0.02,0.096,0.556,0.156,"#c9b495,#a88267,#6d4628",1,,
vnL7IzFaKUY,https://www.youtube.com/watch?v=vnL7IzFaKUY,What is candle frosting and how to prevent it? | Soy Candles,299.0,storyboard,31,250.51,258.59,8.08,https://youtu.be/vnL7IzFaKUY?t=251s,reveal_result,finish,1,0.45,Host holds up the green wooden-wick candle.,"Aa ih 7 mt is Lo wy, 4",1,0.0,0.024,0.074,0.557,0.172,"#c3af96,#9f6645,#412613",1,,
vnL7IzFaKUY,https://www.youtube.com/watch?v=vnL7IzFaKUY,What is candle frosting and how to prevent it? | Soy Candles,299.0,storyboard,32,258.59,266.68,8.09,https://youtu.be/vnL7IzFaKUY?t=259s,reveal_result,finish,1,0.45,Turning the finished green candle to camera.,ha mm yy 2 5,1,0.0,0.021,0.076,0.56,0.176,"#bfae92,#94623d,#3f1e0e",1,,
vnL7IzFaKUY,https://www.youtube.com/watch?v=vnL7IzFaKUY,What is candle frosting and how to prevent it? | Soy Candles,299.0,storyboard,33,266.68,274.76,8.08,https://youtu.be/vnL7IzFaKUY?t=267s,reveal_result,finish,1,0.45,Showing the green candle.,ase aa 1 Sa. ie BX. Dy,1,0.0,0.017,0.061,0.548,0.178,"#bfad92,#986842,#4d2b17",1,,
vnL7IzFaKUY,https://www.youtube.com/watch?v=vnL7IzFaKUY,What is candle frosting and how to prevent it? | Soy Candles,299.0,storyboard,34,274.76,282.84,8.08,https://youtu.be/vnL7IzFaKUY?t=275s,reveal_result,finish,1,0.45,The finished green candle presented.,ae,0,0.0,0.015,0.074,0.58,0.183,"#c1af93,#95663e,#492512",1,,
vnL7IzFaKUY,https://www.youtube.com/watch?v=vnL7IzFaKUY,What is candle frosting and how to prevent it? | Soy Candles,299.0,storyboard,35,282.84,290.92,8.08,https://youtu.be/vnL7IzFaKUY?t=283s,reveal_result,finish,1,0.5,Finished candle styled with greenery; Cosy Owl card.,cosy,0,0.0,0.03,0.131,0.709,0.094,"#cfcecc,#a5ac9b,#625858",1,,
wrGN0qeWyPk,https://www.youtube.com/watch?v=wrGN0qeWyPk,How to Make Your Candles Smell Stronger (Without Using More Fragrance Oil),421.0,storyboard,4,31.77,39.72,7.95,https://youtu.be/wrGN0qeWyPk?t=32s,reveal_result,finish,1,0.4,Finished candle b-roll.,"ie, tt ik. KOs Pe",1,0.0,0.04,0.0,0.144,0.083,"#0a0a05,#4d4a32,#9d9074",1,,
wrGN0qeWyPk,https://www.youtube.com/watch?v=wrGN0qeWyPk,How to Make Your Candles Smell Stronger (Without Using More Fragrance Oil),421.0,storyboard,6,47.66,55.6,7.94,https://youtu.be/wrGN0qeWyPk?t=48s,gather_materials,prep,1,0.45,Overhead bowl of wax and pot.,wo rw,0,0.0,0.047,0.336,0.501,0.137,"#292019,#ccab8c,#8f6253",1,,
wrGN0qeWyPk,https://www.youtube.com/watch?v=wrGN0qeWyPk,How to Make Your Candles Smell Stronger (Without Using More Fragrance Oil),421.0,storyboard,25,198.58,206.53,7.95,https://youtu.be/wrGN0qeWyPk?t=199s,pour_wax,assemble,1,0.45,Wax poured into a jug (b-roll).,whi os 1 ths,1,0.0,0.035,0.358,0.544,0.098,"#ede8dd,#302924,#b7a187",1,,
wrGN0qeWyPk,https://www.youtube.com/watch?v=wrGN0qeWyPk,How to Make Your Candles Smell Stronger (Without Using More Fragrance Oil),421.0,storyboard,26,206.53,214.47,7.94,https://youtu.be/wrGN0qeWyPk?t=207s,measure_wax,prep,1,0.45,Wax scooped from a black tub; jars.,ee at,0,0.0,0.027,0.335,0.587,0.108,"#c1bcb5,#97816d,#503d32",1,,
wrGN0qeWyPk,https://www.youtube.com/watch?v=wrGN0qeWyPk,How to Make Your Candles Smell Stronger (Without Using More Fragrance Oil),421.0,storyboard,31,246.25,254.19,7.94,https://youtu.be/wrGN0qeWyPk?t=246s,decorate_finish,finish,1,0.4,Hands label/finish candles.,,0,0.0,0.003,0.0,0.738,0.112,"#cbbca0,#e2dac7,#897860",1,,
