video_id,video_url,video_title,video_duration_s,source,window_index,start_s,end_s,duration_s,window_url,action_label,phase,is_step,confidence,description
1V3hfxo7OtE,https://www.youtube.com/watch?v=1V3hfxo7OtE,Candle Making | How to Make Scented Candles,508.0,storyboard,0,0.0,7.94,7.94,https://youtu.be/1V3hfxo7OtE?t=0s,intro_titlecard,intro,0,0.55,"opening, two hosts"
1V3hfxo7OtE,https://www.youtube.com/watch?v=1V3hfxo7OtE,Candle Making | How to Make Scented Candles,508.0,storyboard,1,7.94,15.88,7.94,https://youtu.be/1V3hfxo7OtE?t=8s,talking_head,aux,0,0.6,two hosts introducing at table
1V3hfxo7OtE,https://www.youtube.com/watch?v=1V3hfxo7OtE,Candle Making | How to Make Scented Candles,508.0,storyboard,2,15.88,23.81,7.93,https://youtu.be/1V3hfxo7OtE?t=16s,talking_head,aux,0,0.6,two hosts talking
1V3hfxo7OtE,https://www.youtube.com/watch?v=1V3hfxo7OtE,Candle Making | How to Make Scented Candles,508.0,storyboard,3,23.81,31.75,7.94,https://youtu.be/1V3hfxo7OtE?t=24s,gather_materials,prep,1,0.65,'Materials' title card + overhead supplies
1V3hfxo7OtE,https://www.youtube.com/watch?v=1V3hfxo7OtE,Candle Making | How to Make Scented Candles,508.0,storyboard,4,31.75,39.69,7.94,https://youtu.be/1V3hfxo7OtE?t=32s,gather_materials,prep,1,0.6,overhead supplies laid out
1V3hfxo7OtE,https://www.youtube.com/watch?v=1V3hfxo7OtE,Candle Making | How to Make Scented Candles,508.0,storyboard,5,39.69,47.62,7.93,https://youtu.be/1V3hfxo7OtE?t=40s,measure_wax,prep,1,0.5,overhead hands with jars/wax
1V3hfxo7OtE,https://www.youtube.com/watch?v=1V3hfxo7OtE,Candle Making | How to Make Scented Candles,508.0,storyboard,6,47.62,55.56,7.94,https://youtu.be/1V3hfxo7OtE?t=48s,measure_wax,prep,1,0.5,overhead measuring
1V3hfxo7OtE,https://www.youtube.com/watch?v=1V3hfxo7OtE,Candle Making | How to Make Scented Candles,508.0,storyboard,7,55.56,63.5,7.94,https://youtu.be/1V3hfxo7OtE?t=56s,measure_wax,prep,1,0.5,overhead bench work
1V3hfxo7OtE,https://www.youtube.com/watch?v=1V3hfxo7OtE,Candle Making | How to Make Scented Candles,508.0,storyboard,8,63.5,71.44,7.94,https://youtu.be/1V3hfxo7OtE?t=64s,measure_wax,prep,1,0.5,overhead bench work
1V3hfxo7OtE,https://www.youtube.com/watch?v=1V3hfxo7OtE,Candle Making | How to Make Scented Candles,508.0,storyboard,9,71.44,79.38,7.94,https://youtu.be/1V3hfxo7OtE?t=71s,measure_wax,prep,1,0.5,overhead bench work
1V3hfxo7OtE,https://www.youtube.com/watch?v=1V3hfxo7OtE,Candle Making | How to Make Scented Candles,508.0,storyboard,10,79.38,87.31,7.93,https://youtu.be/1V3hfxo7OtE?t=79s,measure_wax,prep,1,0.5,overhead bench work
1V3hfxo7OtE,https://www.youtube.com/watch?v=1V3hfxo7OtE,Candle Making | How to Make Scented Candles,508.0,storyboard,11,87.31,95.25,7.94,https://youtu.be/1V3hfxo7OtE?t=87s,measure_wax,prep,1,0.5,overhead bench work
1V3hfxo7OtE,https://www.youtube.com/watch?v=1V3hfxo7OtE,Candle Making | How to Make Scented Candles,508.0,storyboard,12,95.25,103.19,7.94,https://youtu.be/1V3hfxo7OtE?t=95s,measure_wax,prep,1,0.5,overhead hands measuring
1V3hfxo7OtE,https://www.youtube.com/watch?v=1V3hfxo7OtE,Candle Making | How to Make Scented Candles,508.0,storyboard,13,103.19,111.12,7.93,https://youtu.be/1V3hfxo7OtE?t=103s,measure_wax,prep,1,0.5,overhead bench work
1V3hfxo7OtE,https://www.youtube.com/watch?v=1V3hfxo7OtE,Candle Making | How to Make Scented Candles,508.0,storyboard,14,111.12,119.06,7.94,https://youtu.be/1V3hfxo7OtE?t=111s,measure_wax,prep,1,0.5,overhead bench work
1V3hfxo7OtE,https://www.youtube.com/watch?v=1V3hfxo7OtE,Candle Making | How to Make Scented Candles,508.0,storyboard,15,119.06,127.0,7.94,https://youtu.be/1V3hfxo7OtE?t=119s,measure_wax,prep,1,0.5,overhead pitcher
1V3hfxo7OtE,https://www.youtube.com/watch?v=1V3hfxo7OtE,Candle Making | How to Make Scented Candles,508.0,storyboard,16,127.0,134.94,7.94,https://youtu.be/1V3hfxo7OtE?t=127s,measure_wax,prep,1,0.5,overhead hands
1V3hfxo7OtE,https://www.youtube.com/watch?v=1V3hfxo7OtE,Candle Making | How to Make Scented Candles,508.0,storyboard,17,134.94,142.88,7.94,https://youtu.be/1V3hfxo7OtE?t=135s,measure_wax,prep,1,0.5,overhead bench work
1V3hfxo7OtE,https://www.youtube.com/watch?v=1V3hfxo7OtE,Candle Making | How to Make Scented Candles,508.0,storyboard,18,142.88,150.81,7.93,https://youtu.be/1V3hfxo7OtE?t=143s,measure_wax,prep,1,0.5,overhead bench work
1V3hfxo7OtE,https://www.youtube.com/watch?v=1V3hfxo7OtE,Candle Making | How to Make Scented Candles,508.0,storyboard,19,150.81,158.75,7.94,https://youtu.be/1V3hfxo7OtE?t=151s,measure_wax,prep,1,0.55,'Measure Wax & Scent' section card
1V3hfxo7OtE,https://www.youtube.com/watch?v=1V3hfxo7OtE,Candle Making | How to Make Scented Candles,508.0,storyboard,20,158.75,166.69,7.94,https://youtu.be/1V3hfxo7OtE?t=159s,measure_wax,prep,1,0.5,overhead bowls/scale
1V3hfxo7OtE,https://www.youtube.com/watch?v=1V3hfxo7OtE,Candle Making | How to Make Scented Candles,508.0,storyboard,21,166.69,174.62,7.93,https://youtu.be/1V3hfxo7OtE?t=167s,measure_wax,prep,1,0.5,overhead measuring
1V3hfxo7OtE,https://www.youtube.com/watch?v=1V3hfxo7OtE,Candle Making | How to Make Scented Candles,508.0,storyboard,22,174.62,182.56,7.94,https://youtu.be/1V3hfxo7OtE?t=175s,measure_wax,prep,1,0.5,overhead hands with bowl
1V3hfxo7OtE,https://www.youtube.com/watch?v=1V3hfxo7OtE,Candle Making | How to Make Scented Candles,508.0,storyboard,23,182.56,190.5,7.94,https://youtu.be/1V3hfxo7OtE?t=183s,add_fragrance,process,1,0.45,overhead adding scent
1V3hfxo7OtE,https://www.youtube.com/watch?v=1V3hfxo7OtE,Candle Making | How to Make Scented Candles,508.0,storyboard,24,190.5,198.44,7.94,https://youtu.be/1V3hfxo7OtE?t=190s,add_fragrance,process,1,0.45,overhead bench work
1V3hfxo7OtE,https://www.youtube.com/watch?v=1V3hfxo7OtE,Candle Making | How to Make Scented Candles,508.0,storyboard,25,198.44,206.38,7.94,https://youtu.be/1V3hfxo7OtE?t=198s,add_fragrance,process,1,0.45,overhead adding scent
1V3hfxo7OtE,https://www.youtube.com/watch?v=1V3hfxo7OtE,Candle Making | How to Make Scented Candles,508.0,storyboard,26,206.38,214.31,7.93,https://youtu.be/1V3hfxo7OtE?t=206s,add_fragrance,process,1,0.5,overhead hands with bottle
1V3hfxo7OtE,https://www.youtube.com/watch?v=1V3hfxo7OtE,Candle Making | How to Make Scented Candles,508.0,storyboard,27,214.31,222.25,7.94,https://youtu.be/1V3hfxo7OtE?t=214s,add_fragrance,process,1,0.45,overhead bench work
1V3hfxo7OtE,https://www.youtube.com/watch?v=1V3hfxo7OtE,Candle Making | How to Make Scented Candles,508.0,storyboard,28,222.25,230.19,7.94,https://youtu.be/1V3hfxo7OtE?t=222s,measure_wax,prep,1,0.45,overhead bench work
1V3hfxo7OtE,https://www.youtube.com/watch?v=1V3hfxo7OtE,Candle Making | How to Make Scented Candles,508.0,storyboard,29,230.19,238.12,7.93,https://youtu.be/1V3hfxo7OtE?t=230s,measure_wax,prep,1,0.45,overhead hand
1V3hfxo7OtE,https://www.youtube.com/watch?v=1V3hfxo7OtE,Candle Making | How to Make Scented Candles,508.0,storyboard,30,238.12,246.06,7.94,https://youtu.be/1V3hfxo7OtE?t=238s,melt_wax,process,1,0.65,'Melt the Wax' card + pot on stove
1V3hfxo7OtE,https://www.youtube.com/watch?v=1V3hfxo7OtE,Candle Making | How to Make Scented Candles,508.0,storyboard,31,246.06,254.0,7.94,https://youtu.be/1V3hfxo7OtE?t=246s,melt_wax,process,1,0.65,pot melting on stove
1V3hfxo7OtE,https://www.youtube.com/watch?v=1V3hfxo7OtE,Candle Making | How to Make Scented Candles,508.0,storyboard,32,254.0,261.94,7.94,https://youtu.be/1V3hfxo7OtE?t=254s,melt_wax,process,1,0.6,pot melting on stove
1V3hfxo7OtE,https://www.youtube.com/watch?v=1V3hfxo7OtE,Candle Making | How to Make Scented Candles,508.0,storyboard,33,261.94,269.88,7.94,https://youtu.be/1V3hfxo7OtE?t=262s,prepare_container,prep,1,0.65,'Prep the Containers' title card
1V3hfxo7OtE,https://www.youtube.com/watch?v=1V3hfxo7OtE,Candle Making | How to Make Scented Candles,508.0,storyboard,34,269.88,277.81,7.93,https://youtu.be/1V3hfxo7OtE?t=270s,prepare_container,prep,1,0.6,overhead containers with wicks
1V3hfxo7OtE,https://www.youtube.com/watch?v=1V3hfxo7OtE,Candle Making | How to Make Scented Candles,508.0,storyboard,35,277.81,285.75,7.94,https://youtu.be/1V3hfxo7OtE?t=278s,prepare_container,prep,1,0.55,overhead prepping containers
1V3hfxo7OtE,https://www.youtube.com/watch?v=1V3hfxo7OtE,Candle Making | How to Make Scented Candles,508.0,storyboard,36,285.75,293.69,7.94,https://youtu.be/1V3hfxo7OtE?t=286s,prepare_container,prep,1,0.55,overhead prepping containers
1V3hfxo7OtE,https://www.youtube.com/watch?v=1V3hfxo7OtE,Candle Making | How to Make Scented Candles,508.0,storyboard,37,293.69,301.62,7.93,https://youtu.be/1V3hfxo7OtE?t=294s,prepare_container,prep,1,0.5,overhead bags/wax + containers
1V3hfxo7OtE,https://www.youtube.com/watch?v=1V3hfxo7OtE,Candle Making | How to Make Scented Candles,508.0,storyboard,38,301.62,309.56,7.94,https://youtu.be/1V3hfxo7OtE?t=302s,prepare_container,prep,1,0.55,overhead prepping containers
1V3hfxo7OtE,https://www.youtube.com/watch?v=1V3hfxo7OtE,Candle Making | How to Make Scented Candles,508.0,storyboard,39,309.56,317.5,7.94,https://youtu.be/1V3hfxo7OtE?t=310s,prepare_container,prep,1,0.55,overhead hands at jars
1V3hfxo7OtE,https://www.youtube.com/watch?v=1V3hfxo7OtE,Candle Making | How to Make Scented Candles,508.0,storyboard,40,317.5,325.44,7.94,https://youtu.be/1V3hfxo7OtE?t=318s,prepare_container,prep,1,0.5,overhead prepping containers
1V3hfxo7OtE,https://www.youtube.com/watch?v=1V3hfxo7OtE,Candle Making | How to Make Scented Candles,508.0,storyboard,41,325.44,333.38,7.94,https://youtu.be/1V3hfxo7OtE?t=325s,prepare_container,prep,1,0.4,overhead wax bags
1V3hfxo7OtE,https://www.youtube.com/watch?v=1V3hfxo7OtE,Candle Making | How to Make Scented Candles,508.0,storyboard,42,333.38,341.31,7.93,https://youtu.be/1V3hfxo7OtE?t=333s,prepare_container,prep,1,0.5,overhead hands at containers
1V3hfxo7OtE,https://www.youtube.com/watch?v=1V3hfxo7OtE,Candle Making | How to Make Scented Candles,508.0,storyboard,43,341.31,349.25,7.94,https://youtu.be/1V3hfxo7OtE?t=341s,prepare_container,prep,1,0.5,overhead prepping containers
1V3hfxo7OtE,https://www.youtube.com/watch?v=1V3hfxo7OtE,Candle Making | How to Make Scented Candles,508.0,storyboard,44,349.25,357.19,7.94,https://youtu.be/1V3hfxo7OtE?t=349s,transition,aux,0,0.45,brand logo card
1V3hfxo7OtE,https://www.youtube.com/watch?v=1V3hfxo7OtE,Candle Making | How to Make Scented Candles,508.0,storyboard,45,357.19,365.12,7.93,https://youtu.be/1V3hfxo7OtE?t=357s,pour_wax,assemble,1,0.5,overhead pouring setup
1V3hfxo7OtE,https://www.youtube.com/watch?v=1V3hfxo7OtE,Candle Making | How to Make Scented Candles,508.0,storyboard,46,365.12,373.06,7.94,https://youtu.be/1V3hfxo7OtE?t=365s,pour_wax,assemble,1,0.6,overhead red pot pouring wax
1V3hfxo7OtE,https://www.youtube.com/watch?v=1V3hfxo7OtE,Candle Making | How to Make Scented Candles,508.0,storyboard,47,373.06,381.0,7.94,https://youtu.be/1V3hfxo7OtE?t=373s,pour_wax,assemble,1,0.6,overhead pouring into containers
1V3hfxo7OtE,https://www.youtube.com/watch?v=1V3hfxo7OtE,Candle Making | How to Make Scented Candles,508.0,storyboard,48,381.0,388.94,7.94,https://youtu.be/1V3hfxo7OtE?t=381s,cure_cool,assemble,1,0.5,overhead jars on cooling rack
1V3hfxo7OtE,https://www.youtube.com/watch?v=1V3hfxo7OtE,Candle Making | How to Make Scented Candles,508.0,storyboard,49,388.94,396.88,7.94,https://youtu.be/1V3hfxo7OtE?t=389s,cure_cool,assemble,1,0.5,overhead jars cooling
1V3hfxo7OtE,https://www.youtube.com/watch?v=1V3hfxo7OtE,Candle Making | How to Make Scented Candles,508.0,storyboard,50,396.88,404.81,7.93,https://youtu.be/1V3hfxo7OtE?t=397s,cure_cool,assemble,1,0.45,"overhead jars cooling, hands"
1V3hfxo7OtE,https://www.youtube.com/watch?v=1V3hfxo7OtE,Candle Making | How to Make Scented Candles,508.0,storyboard,51,404.81,412.75,7.94,https://youtu.be/1V3hfxo7OtE?t=405s,pour_wax,assemble,1,0.45,"overhead pouring, oven mitt"
1V3hfxo7OtE,https://www.youtube.com/watch?v=1V3hfxo7OtE,Candle Making | How to Make Scented Candles,508.0,storyboard,52,412.75,420.69,7.94,https://youtu.be/1V3hfxo7OtE?t=413s,trim_wick,finish,1,0.6,'Cut the Wick' title card
1V3hfxo7OtE,https://www.youtube.com/watch?v=1V3hfxo7OtE,Candle Making | How to Make Scented Candles,508.0,storyboard,53,420.69,428.62,7.93,https://youtu.be/1V3hfxo7OtE?t=421s,trim_wick,finish,1,0.55,two hosts trimming wicks on candles
1V3hfxo7OtE,https://www.youtube.com/watch?v=1V3hfxo7OtE,Candle Making | How to Make Scented Candles,508.0,storyboard,54,428.62,436.56,7.94,https://youtu.be/1V3hfxo7OtE?t=429s,trim_wick,finish,1,0.55,two hosts trimming wicks
1V3hfxo7OtE,https://www.youtube.com/watch?v=1V3hfxo7OtE,Candle Making | How to Make Scented Candles,508.0,storyboard,55,436.56,444.5,7.94,https://youtu.be/1V3hfxo7OtE?t=437s,talking_head,aux,0,0.5,two hosts at table with candles
1V3hfxo7OtE,https://www.youtube.com/watch?v=1V3hfxo7OtE,Candle Making | How to Make Scented Candles,508.0,storyboard,56,444.5,452.44,7.94,https://youtu.be/1V3hfxo7OtE?t=444s,talking_head,aux,0,0.5,two hosts talking
1V3hfxo7OtE,https://www.youtube.com/watch?v=1V3hfxo7OtE,Candle Making | How to Make Scented Candles,508.0,storyboard,57,452.44,460.38,7.94,https://youtu.be/1V3hfxo7OtE?t=452s,talking_head,aux,0,0.55,two hosts with finished candles
1V3hfxo7OtE,https://www.youtube.com/watch?v=1V3hfxo7OtE,Candle Making | How to Make Scented Candles,508.0,storyboard,58,460.38,468.31,7.93,https://youtu.be/1V3hfxo7OtE?t=460s,talking_head,aux,0,0.55,two hosts talking
1V3hfxo7OtE,https://www.youtube.com/watch?v=1V3hfxo7OtE,Candle Making | How to Make Scented Candles,508.0,storyboard,59,468.31,476.25,7.94,https://youtu.be/1V3hfxo7OtE?t=468s,talking_head,aux,0,0.55,two hosts talking
1V3hfxo7OtE,https://www.youtube.com/watch?v=1V3hfxo7OtE,Candle Making | How to Make Scented Candles,508.0,storyboard,60,476.25,484.19,7.94,https://youtu.be/1V3hfxo7OtE?t=476s,outro_cta,aux,0,0.65,'THANK YOU!' end card
1V3hfxo7OtE,https://www.youtube.com/watch?v=1V3hfxo7OtE,Candle Making | How to Make Scented Candles,508.0,storyboard,61,484.19,492.12,7.93,https://youtu.be/1V3hfxo7OtE?t=484s,transition,aux,0,0.4,blank/black padding
1V3hfxo7OtE,https://www.youtube.com/watch?v=1V3hfxo7OtE,Candle Making | How to Make Scented Candles,508.0,storyboard,62,492.12,500.06,7.94,https://youtu.be/1V3hfxo7OtE?t=492s,transition,aux,0,0.4,blank/black padding
1V3hfxo7OtE,https://www.youtube.com/watch?v=1V3hfxo7OtE,Candle Making | How to Make Scented Candles,508.0,storyboard,63,500.06,508.0,7.94,https://youtu.be/1V3hfxo7OtE?t=500s,transition,aux,0,0.4,blank/black padding
5SulILZNPEI,https://www.youtube.com/watch?v=5SulILZNPEI,How To Make Soy Candles DIY Candle Making Tutorial,453.0,storyboard,0,0.0,7.95,7.95,https://youtu.be/5SulILZNPEI?t=0s,intro_titlecard,intro,0,0.55,host opening at table with melter
5SulILZNPEI,https://www.youtube.com/watch?v=5SulILZNPEI,How To Make Soy Candles DIY Candle Making Tutorial,453.0,storyboard,1,7.95,15.89,7.94,https://youtu.be/5SulILZNPEI?t=8s,talking_head,aux,0,0.65,host talking to camera
5SulILZNPEI,https://www.youtube.com/watch?v=5SulILZNPEI,How To Make Soy Candles DIY Candle Making Tutorial,453.0,storyboard,2,15.89,23.84,7.95,https://youtu.be/5SulILZNPEI?t=16s,talking_head,aux,0,0.65,host talking to camera
5SulILZNPEI,https://www.youtube.com/watch?v=5SulILZNPEI,How To Make Soy Candles DIY Candle Making Tutorial,453.0,storyboard,3,23.84,31.79,7.95,https://youtu.be/5SulILZNPEI?t=24s,talking_head,aux,0,0.65,host talking to camera
5SulILZNPEI,https://www.youtube.com/watch?v=5SulILZNPEI,How To Make Soy Candles DIY Candle Making Tutorial,453.0,storyboard,4,31.79,39.74,7.95,https://youtu.be/5SulILZNPEI?t=32s,talking_head,aux,0,0.6,host talking to camera
5SulILZNPEI,https://www.youtube.com/watch?v=5SulILZNPEI,How To Make Soy Candles DIY Candle Making Tutorial,453.0,storyboard,5,39.74,47.68,7.94,https://youtu.be/5SulILZNPEI?t=40s,gather_materials,prep,1,0.45,ProCandleSupply materials card
5SulILZNPEI,https://www.youtube.com/watch?v=5SulILZNPEI,How To Make Soy Candles DIY Candle Making Tutorial,453.0,storyboard,6,47.68,55.63,7.95,https://youtu.be/5SulILZNPEI?t=48s,gather_materials,prep,1,0.6,pouring flakes into pitcher
5SulILZNPEI,https://www.youtube.com/watch?v=5SulILZNPEI,How To Make Soy Candles DIY Candle Making Tutorial,453.0,storyboard,7,55.63,63.58,7.95,https://youtu.be/5SulILZNPEI?t=56s,gather_materials,prep,1,0.45,reaching for materials
5SulILZNPEI,https://www.youtube.com/watch?v=5SulILZNPEI,How To Make Soy Candles DIY Candle Making Tutorial,453.0,storyboard,8,63.58,71.53,7.95,https://youtu.be/5SulILZNPEI?t=64s,melt_wax,process,1,0.45,at melter pot
5SulILZNPEI,https://www.youtube.com/watch?v=5SulILZNPEI,How To Make Soy Candles DIY Candle Making Tutorial,453.0,storyboard,9,71.53,79.47,7.94,https://youtu.be/5SulILZNPEI?t=72s,melt_wax,process,1,0.5,tending melter
5SulILZNPEI,https://www.youtube.com/watch?v=5SulILZNPEI,How To Make Soy Candles DIY Candle Making Tutorial,453.0,storyboard,10,79.47,87.42,7.95,https://youtu.be/5SulILZNPEI?t=79s,talking_head,aux,0,0.6,host talking to camera
5SulILZNPEI,https://www.youtube.com/watch?v=5SulILZNPEI,How To Make Soy Candles DIY Candle Making Tutorial,453.0,storyboard,11,87.42,95.37,7.95,https://youtu.be/5SulILZNPEI?t=87s,talking_head,aux,0,0.5,host gesturing
5SulILZNPEI,https://www.youtube.com/watch?v=5SulILZNPEI,How To Make Soy Candles DIY Candle Making Tutorial,453.0,storyboard,12,95.37,103.32,7.95,https://youtu.be/5SulILZNPEI?t=95s,prepare_container,prep,1,0.45,handling wick/container item
5SulILZNPEI,https://www.youtube.com/watch?v=5SulILZNPEI,How To Make Soy Candles DIY Candle Making Tutorial,453.0,storyboard,13,103.32,111.26,7.94,https://youtu.be/5SulILZNPEI?t=103s,melt_wax,process,1,0.5,at melter pot
5SulILZNPEI,https://www.youtube.com/watch?v=5SulILZNPEI,How To Make Soy Candles DIY Candle Making Tutorial,453.0,storyboard,14,111.26,119.21,7.95,https://youtu.be/5SulILZNPEI?t=111s,melt_wax,process,1,0.45,tending melter
5SulILZNPEI,https://www.youtube.com/watch?v=5SulILZNPEI,How To Make Soy Candles DIY Candle Making Tutorial,453.0,storyboard,15,119.21,127.16,7.95,https://youtu.be/5SulILZNPEI?t=119s,melt_wax,process,1,0.4,reaching to side
5SulILZNPEI,https://www.youtube.com/watch?v=5SulILZNPEI,How To Make Soy Candles DIY Candle Making Tutorial,453.0,storyboard,16,127.16,135.11,7.95,https://youtu.be/5SulILZNPEI?t=127s,melt_wax,process,1,0.55,stirring melter
5SulILZNPEI,https://www.youtube.com/watch?v=5SulILZNPEI,How To Make Soy Candles DIY Candle Making Tutorial,453.0,storyboard,17,135.11,143.05,7.94,https://youtu.be/5SulILZNPEI?t=135s,melt_wax,process,1,0.55,tending melter
5SulILZNPEI,https://www.youtube.com/watch?v=5SulILZNPEI,How To Make Soy Candles DIY Candle Making Tutorial,453.0,storyboard,18,143.05,151.0,7.95,https://youtu.be/5SulILZNPEI?t=143s,melt_wax,process,1,0.5,hands in melter
5SulILZNPEI,https://www.youtube.com/watch?v=5SulILZNPEI,How To Make Soy Candles DIY Candle Making Tutorial,453.0,storyboard,19,151.0,158.95,7.95,https://youtu.be/5SulILZNPEI?t=151s,add_fragrance,process,1,0.45,adding/stirring into melter
5SulILZNPEI,https://www.youtube.com/watch?v=5SulILZNPEI,How To Make Soy Candles DIY Candle Making Tutorial,453.0,storyboard,20,158.95,166.89,7.94,https://youtu.be/5SulILZNPEI?t=159s,talking_head,aux,0,0.6,host talking to camera
5SulILZNPEI,https://www.youtube.com/watch?v=5SulILZNPEI,How To Make Soy Candles DIY Candle Making Tutorial,453.0,storyboard,21,166.89,174.84,7.95,https://youtu.be/5SulILZNPEI?t=167s,talking_head,aux,0,0.6,host talking to camera
5SulILZNPEI,https://www.youtube.com/watch?v=5SulILZNPEI,How To Make Soy Candles DIY Candle Making Tutorial,453.0,storyboard,22,174.84,182.79,7.95,https://youtu.be/5SulILZNPEI?t=175s,talking_head,aux,0,0.6,host talking to camera
5SulILZNPEI,https://www.youtube.com/watch?v=5SulILZNPEI,How To Make Soy Candles DIY Candle Making Tutorial,453.0,storyboard,23,182.79,190.74,7.95,https://youtu.be/5SulILZNPEI?t=183s,talking_head,aux,0,0.45,overhead pouring into pot
5SulILZNPEI,https://www.youtube.com/watch?v=5SulILZNPEI,How To Make Soy Candles DIY Candle Making Tutorial,453.0,storyboard,24,190.74,198.68,7.94,https://youtu.be/5SulILZNPEI?t=191s,talking_head,aux,0,0.55,host talking to camera
5SulILZNPEI,https://www.youtube.com/watch?v=5SulILZNPEI,How To Make Soy Candles DIY Candle Making Tutorial,453.0,storyboard,25,198.68,206.63,7.95,https://youtu.be/5SulILZNPEI?t=199s,talking_head,aux,0,0.6,host talking to camera
5SulILZNPEI,https://www.youtube.com/watch?v=5SulILZNPEI,How To Make Soy Candles DIY Candle Making Tutorial,453.0,storyboard,26,206.63,214.58,7.95,https://youtu.be/5SulILZNPEI?t=207s,talking_head,aux,0,0.6,host talking to camera
5SulILZNPEI,https://www.youtube.com/watch?v=5SulILZNPEI,How To Make Soy Candles DIY Candle Making Tutorial,453.0,storyboard,27,214.58,222.53,7.95,https://youtu.be/5SulILZNPEI?t=215s,talking_head,aux,0,0.6,host talking to camera
5SulILZNPEI,https://www.youtube.com/watch?v=5SulILZNPEI,How To Make Soy Candles DIY Candle Making Tutorial,453.0,storyboard,28,222.53,230.47,7.94,https://youtu.be/5SulILZNPEI?t=223s,talking_head,aux,0,0.45,at melter pot
5SulILZNPEI,https://www.youtube.com/watch?v=5SulILZNPEI,How To Make Soy Candles DIY Candle Making Tutorial,453.0,storyboard,29,230.47,238.42,7.95,https://youtu.be/5SulILZNPEI?t=230s,talking_head,aux,0,0.6,host talking to camera
5SulILZNPEI,https://www.youtube.com/watch?v=5SulILZNPEI,How To Make Soy Candles DIY Candle Making Tutorial,453.0,storyboard,30,238.42,246.37,7.95,https://youtu.be/5SulILZNPEI?t=238s,talking_head,aux,0,0.6,host talking to camera
5SulILZNPEI,https://www.youtube.com/watch?v=5SulILZNPEI,How To Make Soy Candles DIY Candle Making Tutorial,453.0,storyboard,31,246.37,254.32,7.95,https://youtu.be/5SulILZNPEI?t=246s,talking_head,aux,0,0.6,host talking to camera
5SulILZNPEI,https://www.youtube.com/watch?v=5SulILZNPEI,How To Make Soy Candles DIY Candle Making Tutorial,453.0,storyboard,32,254.32,262.26,7.94,https://youtu.be/5SulILZNPEI?t=254s,pour_wax,assemble,1,0.45,overhead hands at tins
5SulILZNPEI,https://www.youtube.com/watch?v=5SulILZNPEI,How To Make Soy Candles DIY Candle Making Tutorial,453.0,storyboard,33,262.26,270.21,7.95,https://youtu.be/5SulILZNPEI?t=262s,pour_wax,assemble,1,0.45,overhead pouring into tins
5SulILZNPEI,https://www.youtube.com/watch?v=5SulILZNPEI,How To Make Soy Candles DIY Candle Making Tutorial,453.0,storyboard,34,270.21,278.16,7.95,https://youtu.be/5SulILZNPEI?t=270s,set_wick,assemble,1,0.4,overhead working tins
5SulILZNPEI,https://www.youtube.com/watch?v=5SulILZNPEI,How To Make Soy Candles DIY Candle Making Tutorial,453.0,storyboard,35,278.16,286.11,7.95,https://youtu.be/5SulILZNPEI?t=278s,set_wick,assemble,1,0.6,host talking to camera
5SulILZNPEI,https://www.youtube.com/watch?v=5SulILZNPEI,How To Make Soy Candles DIY Candle Making Tutorial,453.0,storyboard,36,286.11,294.05,7.94,https://youtu.be/5SulILZNPEI?t=286s,set_wick,assemble,1,0.4,overhead adjusting wicks
5SulILZNPEI,https://www.youtube.com/watch?v=5SulILZNPEI,How To Make Soy Candles DIY Candle Making Tutorial,453.0,storyboard,37,294.05,302.0,7.95,https://youtu.be/5SulILZNPEI?t=294s,pour_wax,assemble,1,0.45,overhead pouring
5SulILZNPEI,https://www.youtube.com/watch?v=5SulILZNPEI,How To Make Soy Candles DIY Candle Making Tutorial,453.0,storyboard,38,302.0,309.95,7.95,https://youtu.be/5SulILZNPEI?t=302s,talking_head,aux,0,0.6,host talking to camera
5SulILZNPEI,https://www.youtube.com/watch?v=5SulILZNPEI,How To Make Soy Candles DIY Candle Making Tutorial,453.0,storyboard,39,309.95,317.89,7.94,https://youtu.be/5SulILZNPEI?t=310s,talking_head,aux,0,0.4,overhead working tins
5SulILZNPEI,https://www.youtube.com/watch?v=5SulILZNPEI,How To Make Soy Candles DIY Candle Making Tutorial,453.0,storyboard,40,317.89,325.84,7.95,https://youtu.be/5SulILZNPEI?t=318s,talking_head,aux,0,0.6,host talking to camera
5SulILZNPEI,https://www.youtube.com/watch?v=5SulILZNPEI,How To Make Soy Candles DIY Candle Making Tutorial,453.0,storyboard,41,325.84,333.79,7.95,https://youtu.be/5SulILZNPEI?t=326s,talking_head,aux,0,0.6,host talking to camera
5SulILZNPEI,https://www.youtube.com/watch?v=5SulILZNPEI,How To Make Soy Candles DIY Candle Making Tutorial,453.0,storyboard,42,333.79,341.74,7.95,https://youtu.be/5SulILZNPEI?t=334s,talking_head,aux,0,0.6,host talking to camera
5SulILZNPEI,https://www.youtube.com/watch?v=5SulILZNPEI,How To Make Soy Candles DIY Candle Making Tutorial,453.0,storyboard,43,341.74,349.68,7.94,https://youtu.be/5SulILZNPEI?t=342s,talking_head,aux,0,0.4,overhead pouring/working
5SulILZNPEI,https://www.youtube.com/watch?v=5SulILZNPEI,How To Make Soy Candles DIY Candle Making Tutorial,453.0,storyboard,44,349.68,357.63,7.95,https://youtu.be/5SulILZNPEI?t=350s,talking_head,aux,0,0.6,host talking to camera
5SulILZNPEI,https://www.youtube.com/watch?v=5SulILZNPEI,How To Make Soy Candles DIY Candle Making Tutorial,453.0,storyboard,45,357.63,365.58,7.95,https://youtu.be/5SulILZNPEI?t=358s,talking_head,aux,0,0.6,host talking to camera
5SulILZNPEI,https://www.youtube.com/watch?v=5SulILZNPEI,How To Make Soy Candles DIY Candle Making Tutorial,453.0,storyboard,46,365.58,373.53,7.95,https://youtu.be/5SulILZNPEI?t=366s,talking_head,aux,0,0.6,host talking to camera
5SulILZNPEI,https://www.youtube.com/watch?v=5SulILZNPEI,How To Make Soy Candles DIY Candle Making Tutorial,453.0,storyboard,47,373.53,381.47,7.94,https://youtu.be/5SulILZNPEI?t=374s,transition,aux,0,0.4,transition/overhead frame
5SulILZNPEI,https://www.youtube.com/watch?v=5SulILZNPEI,How To Make Soy Candles DIY Candle Making Tutorial,453.0,storyboard,48,381.47,389.42,7.95,https://youtu.be/5SulILZNPEI?t=381s,reveal_result,finish,1,0.5,host holding finished tin candle
5SulILZNPEI,https://www.youtube.com/watch?v=5SulILZNPEI,How To Make Soy Candles DIY Candle Making Tutorial,453.0,storyboard,49,389.42,397.37,7.95,https://youtu.be/5SulILZNPEI?t=389s,reveal_result,finish,1,0.6,showing finished candle
5SulILZNPEI,https://www.youtube.com/watch?v=5SulILZNPEI,How To Make Soy Candles DIY Candle Making Tutorial,453.0,storyboard,50,397.37,405.32,7.95,https://youtu.be/5SulILZNPEI?t=397s,reveal_result,finish,1,0.6,showing finished candle
5SulILZNPEI,https://www.youtube.com/watch?v=5SulILZNPEI,How To Make Soy Candles DIY Candle Making Tutorial,453.0,storyboard,51,405.32,413.26,7.94,https://youtu.be/5SulILZNPEI?t=405s,reveal_result,finish,1,0.55,showing finished candle
5SulILZNPEI,https://www.youtube.com/watch?v=5SulILZNPEI,How To Make Soy Candles DIY Candle Making Tutorial,453.0,storyboard,52,413.26,421.21,7.95,https://youtu.be/5SulILZNPEI?t=413s,outro_cta,aux,0,0.55,branded 'Order' supply flat-lay
5SulILZNPEI,https://www.youtube.com/watch?v=5SulILZNPEI,How To Make Soy Candles DIY Candle Making Tutorial,453.0,storyboard,53,421.21,429.16,7.95,https://youtu.be/5SulILZNPEI?t=421s,outro_cta,aux,0,0.55,branded supply flat-lay end card
5SulILZNPEI,https://www.youtube.com/watch?v=5SulILZNPEI,How To Make Soy Candles DIY Candle Making Tutorial,453.0,storyboard,54,429.16,437.11,7.95,https://youtu.be/5SulILZNPEI?t=429s,outro_cta,aux,0,0.55,branded supply flat-lay end card
5SulILZNPEI,https://www.youtube.com/watch?v=5SulILZNPEI,How To Make Soy Candles DIY Candle Making Tutorial,453.0,storyboard,55,437.11,445.05,7.94,https://youtu.be/5SulILZNPEI?t=437s,outro_cta,aux,0,0.55,branded supply flat-lay end card
5SulILZNPEI,https://www.youtube.com/watch?v=5SulILZNPEI,How To Make Soy Candles DIY Candle Making Tutorial,453.0,storyboard,56,445.05,453.0,7.95,https://youtu.be/5SulILZNPEI?t=445s,outro_cta,aux,0,0.55,branded supply flat-lay end card
5mCtnH6K4u0,https://www.youtube.com/watch?v=5mCtnH6K4u0,Candle Care Series [Ribbonwick Candles],70.0,storyboard,0,0.0,7.78,7.78,https://youtu.be/5mCtnH6K4u0?t=0s,intro_titlecard,intro,0,0.5,"White screen transitions to a blonde host standing in a kitchen, opening a candle-care segment (not a build)."
5mCtnH6K4u0,https://www.youtube.com/watch?v=5mCtnH6K4u0,Candle Care Series [Ribbonwick Candles],70.0,storyboard,1,7.78,15.56,7.78,https://youtu.be/5mCtnH6K4u0?t=8s,talking_head,aux,0,0.6,Host talks to camera explaining how to care for a RibbonWick candle.
5mCtnH6K4u0,https://www.youtube.com/watch?v=5mCtnH6K4u0,Candle Care Series [Ribbonwick Candles],70.0,storyboard,2,15.56,23.33,7.77,https://youtu.be/5mCtnH6K4u0?t=16s,other_unclear,aux,0,0.45,"Close-up of a lit rectangular RibbonWick candle in a dish; caption 'Extinguish if flame is over 1 inch high' — candle-use guidance, off the making taxonomy."
5mCtnH6K4u0,https://www.youtube.com/watch?v=5mCtnH6K4u0,Candle Care Series [Ribbonwick Candles],70.0,storyboard,3,23.33,31.11,7.78,https://youtu.be/5mCtnH6K4u0?t=23s,other_unclear,aux,0,0.45,"A card/paper is slid under the wick area; caption 'After wax has cooled, gently run index finger over wick' — wick maintenance."
5mCtnH6K4u0,https://www.youtube.com/watch?v=5mCtnH6K4u0,Candle Care Series [Ribbonwick Candles],70.0,storyboard,4,31.11,38.89,7.78,https://youtu.be/5mCtnH6K4u0?t=31s,other_unclear,aux,0,0.45,Hands work over the cooled candle; caption 'Gently use index finger to remove loose wick material'.
5mCtnH6K4u0,https://www.youtube.com/watch?v=5mCtnH6K4u0,Candle Care Series [Ribbonwick Candles],70.0,storyboard,5,38.89,46.67,7.78,https://youtu.be/5mCtnH6K4u0?t=39s,other_unclear,aux,0,0.45,Hands remove loose wick debris from the ribbon wick before relighting.
5mCtnH6K4u0,https://www.youtube.com/watch?v=5mCtnH6K4u0,Candle Care Series [Ribbonwick Candles],70.0,storyboard,6,46.67,54.44,7.77,https://youtu.be/5mCtnH6K4u0?t=47s,other_unclear,aux,0,0.45,Close-up of the ribbon wick; caption 'Allow wax to melt fully to the edge of container' — burn guidance.
5mCtnH6K4u0,https://www.youtube.com/watch?v=5mCtnH6K4u0,Candle Care Series [Ribbonwick Candles],70.0,storyboard,7,54.44,62.22,7.78,https://youtu.be/5mCtnH6K4u0?t=54s,talking_head,aux,0,0.55,Host returns to camera to wrap up the care tips.
5mCtnH6K4u0,https://www.youtube.com/watch?v=5mCtnH6K4u0,Candle Care Series [Ribbonwick Candles],70.0,storyboard,8,62.22,70.0,7.78,https://youtu.be/5mCtnH6K4u0?t=62s,outro_cta,aux,0,0.65,End card 'For More Information Visit www.ribbonwick.com'.
6jN6A8RVyWw,https://www.youtube.com/watch?v=6jN6A8RVyWw,DIY - Candle making kit tutorial,117.0,storyboard,0,0.0,7.8,7.8,https://youtu.be/6jN6A8RVyWw?t=0s,intro_titlecard,intro,0,0.55,Title card 'How to make CANDLE MAKING KIT' with the pink-themed supplies shown.
6jN6A8RVyWw,https://www.youtube.com/watch?v=6jN6A8RVyWw,DIY - Candle making kit tutorial,117.0,storyboard,1,7.8,15.6,7.8,https://youtu.be/6jN6A8RVyWw?t=8s,measure_wax,prep,1,0.55,Overhead: white wax pieces portioned into a metal bowl.
6jN6A8RVyWw,https://www.youtube.com/watch?v=6jN6A8RVyWw,DIY - Candle making kit tutorial,117.0,storyboard,2,15.6,23.4,7.8,https://youtu.be/6jN6A8RVyWw?t=16s,melt_wax,process,1,0.6,The metal bowl of white wax is placed on a pink induction hob to melt.
6jN6A8RVyWw,https://www.youtube.com/watch?v=6jN6A8RVyWw,DIY - Candle making kit tutorial,117.0,storyboard,3,23.4,31.2,7.8,https://youtu.be/6jN6A8RVyWw?t=23s,melt_wax,process,1,0.65,"Wax melts in the pot on the hob, stirred by hand."
6jN6A8RVyWw,https://www.youtube.com/watch?v=6jN6A8RVyWw,DIY - Candle making kit tutorial,117.0,storyboard,4,31.2,39.0,7.8,https://youtu.be/6jN6A8RVyWw?t=31s,melt_wax,process,1,0.65,Continued stirring of the melting wax.
6jN6A8RVyWw,https://www.youtube.com/watch?v=6jN6A8RVyWw,DIY - Candle making kit tutorial,117.0,storyboard,5,39.0,46.8,7.8,https://youtu.be/6jN6A8RVyWw?t=39s,melt_wax,process,1,0.6,Pot on the pink hob with a pink spatula stirring the molten wax.
6jN6A8RVyWw,https://www.youtube.com/watch?v=6jN6A8RVyWw,DIY - Candle making kit tutorial,117.0,storyboard,6,46.8,54.6,7.8,https://youtu.be/6jN6A8RVyWw?t=47s,add_fragrance,process,1,0.45,Stirring continues; an additive (fragrance) is worked into the wax.
6jN6A8RVyWw,https://www.youtube.com/watch?v=6jN6A8RVyWw,DIY - Candle making kit tutorial,117.0,storyboard,7,54.6,62.4,7.8,https://youtu.be/6jN6A8RVyWw?t=55s,add_dye_color,process,1,0.55,"Pink colourant is mixed into the wax, tinting it pink."
6jN6A8RVyWw,https://www.youtube.com/watch?v=6jN6A8RVyWw,DIY - Candle making kit tutorial,117.0,storyboard,8,62.4,70.2,7.8,https://youtu.be/6jN6A8RVyWw?t=62s,add_dye_color,process,1,0.55,Pink molten wax stirred in the pot.
6jN6A8RVyWw,https://www.youtube.com/watch?v=6jN6A8RVyWw,DIY - Candle making kit tutorial,117.0,storyboard,9,70.2,78.0,7.8,https://youtu.be/6jN6A8RVyWw?t=70s,pour_wax,assemble,1,0.5,Pink wax readied for pouring; hands at the pot.
6jN6A8RVyWw,https://www.youtube.com/watch?v=6jN6A8RVyWw,DIY - Candle making kit tutorial,117.0,storyboard,10,78.0,85.8,7.8,https://youtu.be/6jN6A8RVyWw?t=78s,pour_wax,assemble,1,0.6,Pink wax poured into the container; caption about adding salt for a textured effect.
6jN6A8RVyWw,https://www.youtube.com/watch?v=6jN6A8RVyWw,DIY - Candle making kit tutorial,117.0,storyboard,11,85.8,93.6,7.8,https://youtu.be/6jN6A8RVyWw?t=86s,set_wick,assemble,1,0.45,Hands work the wick/top of the filled pink candle.
6jN6A8RVyWw,https://www.youtube.com/watch?v=6jN6A8RVyWw,DIY - Candle making kit tutorial,117.0,storyboard,12,93.6,101.4,7.8,https://youtu.be/6jN6A8RVyWw?t=94s,reveal_result,finish,1,0.6,"Hands handle the pink wax, then a finished candle is shown lit on the table."
6jN6A8RVyWw,https://www.youtube.com/watch?v=6jN6A8RVyWw,DIY - Candle making kit tutorial,117.0,storyboard,13,101.4,109.2,7.8,https://youtu.be/6jN6A8RVyWw?t=101s,reveal_result,finish,1,0.6,Finished pink candle displayed on the table.
6jN6A8RVyWw,https://www.youtube.com/watch?v=6jN6A8RVyWw,DIY - Candle making kit tutorial,117.0,storyboard,14,109.2,117.0,7.8,https://youtu.be/6jN6A8RVyWw?t=109s,outro_cta,aux,0,0.45,Closing panels with the caption 'Add salt to get creations'.
8PZQhTp_67E,https://www.youtube.com/watch?v=8PZQhTp_67E,WoodWick® Candle Care - Tips for burning candles with Pluswick® Innovation,109.0,storyboard,0,0.0,7.79,7.79,https://youtu.be/8PZQhTp_67E?t=0s,intro_titlecard,intro,0,0.5,Opens from black to a host standing by a counter with a lit green WoodWick candle — a candle-care/usage segment.
8PZQhTp_67E,https://www.youtube.com/watch?v=8PZQhTp_67E,WoodWick® Candle Care - Tips for burning candles with Pluswick® Innovation,109.0,storyboard,1,7.79,15.57,7.78,https://youtu.be/8PZQhTp_67E?t=8s,talking_head,aux,0,0.55,Host talks to camera; close-up of the crackling wooden-wick flame.
8PZQhTp_67E,https://www.youtube.com/watch?v=8PZQhTp_67E,WoodWick® Candle Care - Tips for burning candles with Pluswick® Innovation,109.0,storyboard,2,15.57,23.36,7.79,https://youtu.be/8PZQhTp_67E?t=16s,talking_head,aux,0,0.55,Host talks to camera; hands rest on the green candle.
8PZQhTp_67E,https://www.youtube.com/watch?v=8PZQhTp_67E,WoodWick® Candle Care - Tips for burning candles with Pluswick® Innovation,109.0,storyboard,3,23.36,31.14,7.78,https://youtu.be/8PZQhTp_67E?t=23s,other_unclear,aux,0,0.45,Hands gently break off burnt wick on the cooled candle; care caption about the wick (not a making step).
8PZQhTp_67E,https://www.youtube.com/watch?v=8PZQhTp_67E,WoodWick® Candle Care - Tips for burning candles with Pluswick® Innovation,109.0,storyboard,4,31.14,38.93,7.79,https://youtu.be/8PZQhTp_67E?t=31s,other_unclear,aux,0,0.45,Caption 'Remove and discard wick trimmings before relighting'; hands clear debris from the candle.
8PZQhTp_67E,https://www.youtube.com/watch?v=8PZQhTp_67E,WoodWick® Candle Care - Tips for burning candles with Pluswick® Innovation,109.0,storyboard,5,38.93,46.71,7.78,https://youtu.be/8PZQhTp_67E?t=39s,other_unclear,aux,0,0.45,Burn guidance: 'Burn until wax is melted to all edges'; hands beside the candle.
8PZQhTp_67E,https://www.youtube.com/watch?v=8PZQhTp_67E,WoodWick® Candle Care - Tips for burning candles with Pluswick® Innovation,109.0,storyboard,6,46.71,54.5,7.79,https://youtu.be/8PZQhTp_67E?t=47s,other_unclear,aux,0,0.45,Safety guidance about not moving a lit candle / using a heat-resistant surface.
8PZQhTp_67E,https://www.youtube.com/watch?v=8PZQhTp_67E,WoodWick® Candle Care - Tips for burning candles with Pluswick® Innovation,109.0,storyboard,7,54.5,62.29,7.79,https://youtu.be/8PZQhTp_67E?t=54s,talking_head,aux,0,0.55,Host to camera; caption 'Trim the wick'.
8PZQhTp_67E,https://www.youtube.com/watch?v=8PZQhTp_67E,WoodWick® Candle Care - Tips for burning candles with Pluswick® Innovation,109.0,storyboard,8,62.29,70.07,7.78,https://youtu.be/8PZQhTp_67E?t=62s,talking_head,aux,0,0.55,Host to camera presenting safety notes panel.
8PZQhTp_67E,https://www.youtube.com/watch?v=8PZQhTp_67E,WoodWick® Candle Care - Tips for burning candles with Pluswick® Innovation,109.0,storyboard,9,70.07,77.86,7.79,https://youtu.be/8PZQhTp_67E?t=70s,talking_head,aux,0,0.55,Host continues talking to camera.
8PZQhTp_67E,https://www.youtube.com/watch?v=8PZQhTp_67E,WoodWick® Candle Care - Tips for burning candles with Pluswick® Innovation,109.0,storyboard,10,77.86,85.64,7.78,https://youtu.be/8PZQhTp_67E?t=78s,talking_head,aux,0,0.55,Host continues talking to camera.
8PZQhTp_67E,https://www.youtube.com/watch?v=8PZQhTp_67E,WoodWick® Candle Care - Tips for burning candles with Pluswick® Innovation,109.0,storyboard,11,85.64,93.43,7.79,https://youtu.be/8PZQhTp_67E?t=86s,outro_cta,aux,0,0.6,'Thank You' end card with contact phone number over a lit candle.
8PZQhTp_67E,https://www.youtube.com/watch?v=8PZQhTp_67E,WoodWick® Candle Care - Tips for burning candles with Pluswick® Innovation,109.0,storyboard,12,93.43,101.21,7.78,https://youtu.be/8PZQhTp_67E?t=93s,outro_cta,aux,0,0.6,'Thank You' end card with contact details.
8PZQhTp_67E,https://www.youtube.com/watch?v=8PZQhTp_67E,WoodWick® Candle Care - Tips for burning candles with Pluswick® Innovation,109.0,storyboard,13,101.21,109.0,7.79,https://youtu.be/8PZQhTp_67E?t=101s,outro_cta,aux,0,0.6,'Thank You' end card fading out.
DSj_ZcxHB2w,https://www.youtube.com/watch?v=DSj_ZcxHB2w,Candle Making Kit - How-to - Crafts&Co,92.0,storyboard,0,0.0,7.67,7.67,https://youtu.be/DSj_ZcxHB2w?t=0s,gather_materials,prep,1,0.55,Product display of the Crafts&Co candle kit — finished sample candles and supplies arranged on a tiered stand.
DSj_ZcxHB2w,https://www.youtube.com/watch?v=DSj_ZcxHB2w,Candle Making Kit - How-to - Crafts&Co,92.0,storyboard,1,7.67,15.33,7.66,https://youtu.be/DSj_ZcxHB2w?t=8s,measure_wax,prep,1,0.55,Wax flakes are poured from a bag onto a pan on an induction hob; a phone timer is set.
DSj_ZcxHB2w,https://www.youtube.com/watch?v=DSj_ZcxHB2w,Candle Making Kit - How-to - Crafts&Co,92.0,storyboard,2,15.33,23.0,7.67,https://youtu.be/DSj_ZcxHB2w?t=15s,melt_wax,process,1,0.65,"White wax melts in a metal bowl over the induction pan, stirred with a spatula; '2 MIN' timer."
DSj_ZcxHB2w,https://www.youtube.com/watch?v=DSj_ZcxHB2w,Candle Making Kit - How-to - Crafts&Co,92.0,storyboard,3,23.0,30.67,7.67,https://youtu.be/DSj_ZcxHB2w?t=23s,melt_wax,process,1,0.55,"Continued stirring of the molten wax in the bowl, something added; '3 MIN' timer."
DSj_ZcxHB2w,https://www.youtube.com/watch?v=DSj_ZcxHB2w,Candle Making Kit - How-to - Crafts&Co,92.0,storyboard,4,30.67,38.33,7.66,https://youtu.be/DSj_ZcxHB2w?t=31s,pour_wax,assemble,1,0.65,Molten wax is poured from the bowl into a silicone mould resting on a wooden board.
DSj_ZcxHB2w,https://www.youtube.com/watch?v=DSj_ZcxHB2w,Candle Making Kit - How-to - Crafts&Co,92.0,storyboard,5,38.33,46.0,7.67,https://youtu.be/DSj_ZcxHB2w?t=38s,pour_wax,assemble,1,0.55,The silicone mould fills; hands steady and squeeze the flexible white mould.
DSj_ZcxHB2w,https://www.youtube.com/watch?v=DSj_ZcxHB2w,Candle Making Kit - How-to - Crafts&Co,92.0,storyboard,6,46.0,53.67,7.67,https://youtu.be/DSj_ZcxHB2w?t=46s,cure_cool,assemble,1,0.5,Filled white silicone mould (shaped cavities) sits on the board to set; a hand presses it.
DSj_ZcxHB2w,https://www.youtube.com/watch?v=DSj_ZcxHB2w,Candle Making Kit - How-to - Crafts&Co,92.0,storyboard,7,53.67,61.33,7.66,https://youtu.be/DSj_ZcxHB2w?t=54s,cure_cool,assemble,1,0.5,The filled mould is held/inspected as the wax cools.
DSj_ZcxHB2w,https://www.youtube.com/watch?v=DSj_ZcxHB2w,Candle Making Kit - How-to - Crafts&Co,92.0,storyboard,8,61.33,69.0,7.67,https://youtu.be/DSj_ZcxHB2w?t=61s,cure_cool,assemble,1,0.5,Wait captions ('23H'); the mould is placed in a bowl of water to speed cooling.
DSj_ZcxHB2w,https://www.youtube.com/watch?v=DSj_ZcxHB2w,Candle Making Kit - How-to - Crafts&Co,92.0,storyboard,9,69.0,76.67,7.67,https://youtu.be/DSj_ZcxHB2w?t=69s,decorate_finish,finish,1,0.55,Caption 'TIP'; the set candle is flexed out of the silicone mould ('2.5H').
DSj_ZcxHB2w,https://www.youtube.com/watch?v=DSj_ZcxHB2w,Candle Making Kit - How-to - Crafts&Co,92.0,storyboard,10,76.67,84.33,7.66,https://youtu.be/DSj_ZcxHB2w?t=77s,decorate_finish,finish,1,0.55,The white moulded candle is peeled fully from the silicone mould.
DSj_ZcxHB2w,https://www.youtube.com/watch?v=DSj_ZcxHB2w,Candle Making Kit - How-to - Crafts&Co,92.0,storyboard,11,84.33,92.0,7.67,https://youtu.be/DSj_ZcxHB2w?t=84s,reveal_result,finish,1,0.6,"Finished moulded candles displayed beside a vase, then shown lit."
FhVukBUHls0,https://www.youtube.com/watch?v=FhVukBUHls0,"Candle Making Kit with Electronic Hot Plate for Beginners, Adults, and Kids",110.0,storyboard,0,0.0,7.86,7.86,https://youtu.be/FhVukBUHls0?t=0s,gather_materials,prep,1,0.55,"Overhead: hands unpack the candle kit — a wax block, vacuum-packed wax, and supply packets laid on the bench."
FhVukBUHls0,https://www.youtube.com/watch?v=FhVukBUHls0,"Candle Making Kit with Electronic Hot Plate for Beginners, Adults, and Kids",110.0,storyboard,1,7.86,15.71,7.85,https://youtu.be/FhVukBUHls0?t=8s,gather_materials,prep,1,0.5,"Kit packets, the electronic hotplate and a metal melting pan are arranged for the build."
FhVukBUHls0,https://www.youtube.com/watch?v=FhVukBUHls0,"Candle Making Kit with Electronic Hot Plate for Beginners, Adults, and Kids",110.0,storyboard,2,15.71,23.57,7.86,https://youtu.be/FhVukBUHls0?t=16s,measure_wax,prep,1,0.55,Vacuum-packed white wax bricks are laid out and portioned into the pan.
FhVukBUHls0,https://www.youtube.com/watch?v=FhVukBUHls0,"Candle Making Kit with Electronic Hot Plate for Beginners, Adults, and Kids",110.0,storyboard,3,23.57,31.43,7.86,https://youtu.be/FhVukBUHls0?t=24s,melt_wax,process,1,0.65,"White wax melts in the metal pan on the electronic hotplate, stirred with a stick."
FhVukBUHls0,https://www.youtube.com/watch?v=FhVukBUHls0,"Candle Making Kit with Electronic Hot Plate for Beginners, Adults, and Kids",110.0,storyboard,4,31.43,39.29,7.86,https://youtu.be/FhVukBUHls0?t=31s,melt_wax,process,1,0.65,Continued stirring of the melting white wax in the pan.
FhVukBUHls0,https://www.youtube.com/watch?v=FhVukBUHls0,"Candle Making Kit with Electronic Hot Plate for Beginners, Adults, and Kids",110.0,storyboard,5,39.29,47.14,7.85,https://youtu.be/FhVukBUHls0?t=39s,pour_wax,assemble,1,0.6,Molten wax is poured into a glass and stirred with a stick.
FhVukBUHls0,https://www.youtube.com/watch?v=FhVukBUHls0,"Candle Making Kit with Electronic Hot Plate for Beginners, Adults, and Kids",110.0,storyboard,6,47.14,55.0,7.86,https://youtu.be/FhVukBUHls0?t=47s,pour_wax,assemble,1,0.5,The glass holds poured wax; hands work with the pan alongside.
FhVukBUHls0,https://www.youtube.com/watch?v=FhVukBUHls0,"Candle Making Kit with Electronic Hot Plate for Beginners, Adults, and Kids",110.0,storyboard,7,55.0,62.86,7.86,https://youtu.be/FhVukBUHls0?t=55s,add_dye_color,process,1,0.5,Green colour is introduced — a metal pitcher of wax turns green.
FhVukBUHls0,https://www.youtube.com/watch?v=FhVukBUHls0,"Candle Making Kit with Electronic Hot Plate for Beginners, Adults, and Kids",110.0,storyboard,8,62.86,70.71,7.85,https://youtu.be/FhVukBUHls0?t=63s,add_dye_color,process,1,0.5,Green molten wax is stirred in the pitcher.
FhVukBUHls0,https://www.youtube.com/watch?v=FhVukBUHls0,"Candle Making Kit with Electronic Hot Plate for Beginners, Adults, and Kids",110.0,storyboard,9,70.71,78.57,7.86,https://youtu.be/FhVukBUHls0?t=71s,pour_wax,assemble,1,0.6,Green wax is poured into the glass; a clip holds the wick centred.
FhVukBUHls0,https://www.youtube.com/watch?v=FhVukBUHls0,"Candle Making Kit with Electronic Hot Plate for Beginners, Adults, and Kids",110.0,storyboard,10,78.57,86.43,7.86,https://youtu.be/FhVukBUHls0?t=79s,set_wick,assemble,1,0.55,Hands adjust the wick peg/clip on the glass rim as the wax sets.
FhVukBUHls0,https://www.youtube.com/watch?v=FhVukBUHls0,"Candle Making Kit with Electronic Hot Plate for Beginners, Adults, and Kids",110.0,storyboard,11,86.43,94.29,7.86,https://youtu.be/FhVukBUHls0?t=86s,decorate_finish,finish,1,0.45,Hands smooth/finish the candle top on a tray.
FhVukBUHls0,https://www.youtube.com/watch?v=FhVukBUHls0,"Candle Making Kit with Electronic Hot Plate for Beginners, Adults, and Kids",110.0,storyboard,12,94.29,102.14,7.85,https://youtu.be/FhVukBUHls0?t=94s,outro_cta,aux,0,0.55,Decorative branded end card ('PERFECT REVIEW').
FhVukBUHls0,https://www.youtube.com/watch?v=FhVukBUHls0,"Candle Making Kit with Electronic Hot Plate for Beginners, Adults, and Kids",110.0,storyboard,13,102.14,110.0,7.86,https://youtu.be/FhVukBUHls0?t=102s,outro_cta,aux,0,0.55,Branded end card.
FxW5eR7Uv3o,https://www.youtube.com/watch?v=FxW5eR7Uv3o,How to Make Candles at Home - Candle Making Step by Step,522.0,storyboard,0,0.0,8.03,8.03,https://youtu.be/FxW5eR7Uv3o?t=0s,intro_titlecard,intro,0,0.5,host opening in front of fragrance shelf
FxW5eR7Uv3o,https://www.youtube.com/watch?v=FxW5eR7Uv3o,How to Make Candles at Home - Candle Making Step by Step,522.0,storyboard,1,8.03,16.06,8.03,https://youtu.be/FxW5eR7Uv3o?t=8s,talking_head,aux,0,0.6,host presenting to camera
FxW5eR7Uv3o,https://www.youtube.com/watch?v=FxW5eR7Uv3o,How to Make Candles at Home - Candle Making Step by Step,522.0,storyboard,2,16.06,24.09,8.03,https://youtu.be/FxW5eR7Uv3o?t=16s,talking_head,aux,0,0.6,host presenting to camera
FxW5eR7Uv3o,https://www.youtube.com/watch?v=FxW5eR7Uv3o,How to Make Candles at Home - Candle Making Step by Step,522.0,storyboard,3,24.09,32.12,8.03,https://youtu.be/FxW5eR7Uv3o?t=24s,talking_head,aux,0,0.6,host presenting to camera
FxW5eR7Uv3o,https://www.youtube.com/watch?v=FxW5eR7Uv3o,How to Make Candles at Home - Candle Making Step by Step,522.0,storyboard,4,32.12,40.15,8.03,https://youtu.be/FxW5eR7Uv3o?t=32s,talking_head,aux,0,0.6,host presenting to camera
FxW5eR7Uv3o,https://www.youtube.com/watch?v=FxW5eR7Uv3o,How to Make Candles at Home - Candle Making Step by Step,522.0,storyboard,5,40.15,48.18,8.03,https://youtu.be/FxW5eR7Uv3o?t=40s,talking_head,aux,0,0.6,host presenting to camera
FxW5eR7Uv3o,https://www.youtube.com/watch?v=FxW5eR7Uv3o,How to Make Candles at Home - Candle Making Step by Step,522.0,storyboard,6,48.18,56.22,8.04,https://youtu.be/FxW5eR7Uv3o?t=48s,talking_head,aux,0,0.6,"host presenting, holding item"
FxW5eR7Uv3o,https://www.youtube.com/watch?v=FxW5eR7Uv3o,How to Make Candles at Home - Candle Making Step by Step,522.0,storyboard,7,56.22,64.25,8.03,https://youtu.be/FxW5eR7Uv3o?t=56s,talking_head,aux,0,0.6,host presenting to camera
FxW5eR7Uv3o,https://www.youtube.com/watch?v=FxW5eR7Uv3o,How to Make Candles at Home - Candle Making Step by Step,522.0,storyboard,8,64.25,72.28,8.03,https://youtu.be/FxW5eR7Uv3o?t=64s,talking_head,aux,0,0.6,host presenting to camera
FxW5eR7Uv3o,https://www.youtube.com/watch?v=FxW5eR7Uv3o,How to Make Candles at Home - Candle Making Step by Step,522.0,storyboard,9,72.28,80.31,8.03,https://youtu.be/FxW5eR7Uv3o?t=72s,talking_head,aux,0,0.6,host presenting to camera
FxW5eR7Uv3o,https://www.youtube.com/watch?v=FxW5eR7Uv3o,How to Make Candles at Home - Candle Making Step by Step,522.0,storyboard,10,80.31,88.34,8.03,https://youtu.be/FxW5eR7Uv3o?t=80s,talking_head,aux,0,0.6,host presenting to camera
FxW5eR7Uv3o,https://www.youtube.com/watch?v=FxW5eR7Uv3o,How to Make Candles at Home - Candle Making Step by Step,522.0,storyboard,11,88.34,96.37,8.03,https://youtu.be/FxW5eR7Uv3o?t=88s,talking_head,aux,0,0.6,"host presenting, holding item"
FxW5eR7Uv3o,https://www.youtube.com/watch?v=FxW5eR7Uv3o,How to Make Candles at Home - Candle Making Step by Step,522.0,storyboard,12,96.37,104.4,8.03,https://youtu.be/FxW5eR7Uv3o?t=96s,talking_head,aux,0,0.6,host presenting to camera
FxW5eR7Uv3o,https://www.youtube.com/watch?v=FxW5eR7Uv3o,How to Make Candles at Home - Candle Making Step by Step,522.0,storyboard,13,104.4,112.43,8.03,https://youtu.be/FxW5eR7Uv3o?t=104s,talking_head,aux,0,0.6,host presenting to camera
FxW5eR7Uv3o,https://www.youtube.com/watch?v=FxW5eR7Uv3o,How to Make Candles at Home - Candle Making Step by Step,522.0,storyboard,14,112.43,120.46,8.03,https://youtu.be/FxW5eR7Uv3o?t=112s,talking_head,aux,0,0.6,"host presenting, holding item"
FxW5eR7Uv3o,https://www.youtube.com/watch?v=FxW5eR7Uv3o,How to Make Candles at Home - Candle Making Step by Step,522.0,storyboard,15,120.46,128.49,8.03,https://youtu.be/FxW5eR7Uv3o?t=120s,talking_head,aux,0,0.6,host presenting to camera
FxW5eR7Uv3o,https://www.youtube.com/watch?v=FxW5eR7Uv3o,How to Make Candles at Home - Candle Making Step by Step,522.0,storyboard,16,128.49,136.52,8.03,https://youtu.be/FxW5eR7Uv3o?t=128s,talking_head,aux,0,0.6,host presenting to camera
FxW5eR7Uv3o,https://www.youtube.com/watch?v=FxW5eR7Uv3o,How to Make Candles at Home - Candle Making Step by Step,522.0,storyboard,17,136.52,144.55,8.03,https://youtu.be/FxW5eR7Uv3o?t=137s,talking_head,aux,0,0.6,host presenting to camera
FxW5eR7Uv3o,https://www.youtube.com/watch?v=FxW5eR7Uv3o,How to Make Candles at Home - Candle Making Step by Step,522.0,storyboard,18,144.55,152.58,8.03,https://youtu.be/FxW5eR7Uv3o?t=145s,talking_head,aux,0,0.6,host presenting to camera
FxW5eR7Uv3o,https://www.youtube.com/watch?v=FxW5eR7Uv3o,How to Make Candles at Home - Candle Making Step by Step,522.0,storyboard,19,152.58,160.62,8.04,https://youtu.be/FxW5eR7Uv3o?t=153s,talking_head,aux,0,0.6,host presenting to camera
FxW5eR7Uv3o,https://www.youtube.com/watch?v=FxW5eR7Uv3o,How to Make Candles at Home - Candle Making Step by Step,522.0,storyboard,20,160.62,168.65,8.03,https://youtu.be/FxW5eR7Uv3o?t=161s,talking_head,aux,0,0.6,host presenting to camera
FxW5eR7Uv3o,https://www.youtube.com/watch?v=FxW5eR7Uv3o,How to Make Candles at Home - Candle Making Step by Step,522.0,storyboard,21,168.65,176.68,8.03,https://youtu.be/FxW5eR7Uv3o?t=169s,talking_head,aux,0,0.6,host presenting to camera
FxW5eR7Uv3o,https://www.youtube.com/watch?v=FxW5eR7Uv3o,How to Make Candles at Home - Candle Making Step by Step,522.0,storyboard,22,176.68,184.71,8.03,https://youtu.be/FxW5eR7Uv3o?t=177s,talking_head,aux,0,0.6,host presenting to camera
FxW5eR7Uv3o,https://www.youtube.com/watch?v=FxW5eR7Uv3o,How to Make Candles at Home - Candle Making Step by Step,522.0,storyboard,23,184.71,192.74,8.03,https://youtu.be/FxW5eR7Uv3o?t=185s,talking_head,aux,0,0.6,host presenting to camera
FxW5eR7Uv3o,https://www.youtube.com/watch?v=FxW5eR7Uv3o,How to Make Candles at Home - Candle Making Step by Step,522.0,storyboard,24,192.74,200.77,8.03,https://youtu.be/FxW5eR7Uv3o?t=193s,talking_head,aux,0,0.6,host presenting to camera
FxW5eR7Uv3o,https://www.youtube.com/watch?v=FxW5eR7Uv3o,How to Make Candles at Home - Candle Making Step by Step,522.0,storyboard,25,200.77,208.8,8.03,https://youtu.be/FxW5eR7Uv3o?t=201s,talking_head,aux,0,0.6,host presenting to camera
FxW5eR7Uv3o,https://www.youtube.com/watch?v=FxW5eR7Uv3o,How to Make Candles at Home - Candle Making Step by Step,522.0,storyboard,26,208.8,216.83,8.03,https://youtu.be/FxW5eR7Uv3o?t=209s,talking_head,aux,0,0.6,host presenting to camera
FxW5eR7Uv3o,https://www.youtube.com/watch?v=FxW5eR7Uv3o,How to Make Candles at Home - Candle Making Step by Step,522.0,storyboard,27,216.83,224.86,8.03,https://youtu.be/FxW5eR7Uv3o?t=217s,talking_head,aux,0,0.6,host presenting to camera
FxW5eR7Uv3o,https://www.youtube.com/watch?v=FxW5eR7Uv3o,How to Make Candles at Home - Candle Making Step by Step,522.0,storyboard,28,224.86,232.89,8.03,https://youtu.be/FxW5eR7Uv3o?t=225s,talking_head,aux,0,0.6,host presenting to camera
FxW5eR7Uv3o,https://www.youtube.com/watch?v=FxW5eR7Uv3o,How to Make Candles at Home - Candle Making Step by Step,522.0,storyboard,29,232.89,240.92,8.03,https://youtu.be/FxW5eR7Uv3o?t=233s,talking_head,aux,0,0.6,host presenting to camera
FxW5eR7Uv3o,https://www.youtube.com/watch?v=FxW5eR7Uv3o,How to Make Candles at Home - Candle Making Step by Step,522.0,storyboard,30,240.92,248.95,8.03,https://youtu.be/FxW5eR7Uv3o?t=241s,talking_head,aux,0,0.4,overhead bench with scale
FxW5eR7Uv3o,https://www.youtube.com/watch?v=FxW5eR7Uv3o,How to Make Candles at Home - Candle Making Step by Step,522.0,storyboard,31,248.95,256.98,8.03,https://youtu.be/FxW5eR7Uv3o?t=249s,talking_head,aux,0,0.6,host presenting to camera
FxW5eR7Uv3o,https://www.youtube.com/watch?v=FxW5eR7Uv3o,How to Make Candles at Home - Candle Making Step by Step,522.0,storyboard,32,256.98,265.02,8.04,https://youtu.be/FxW5eR7Uv3o?t=257s,talking_head,aux,0,0.5,overhead melter pot with green/liquid
FxW5eR7Uv3o,https://www.youtube.com/watch?v=FxW5eR7Uv3o,How to Make Candles at Home - Candle Making Step by Step,522.0,storyboard,33,265.02,273.05,8.03,https://youtu.be/FxW5eR7Uv3o?t=265s,talking_head,aux,0,0.6,host presenting to camera
FxW5eR7Uv3o,https://www.youtube.com/watch?v=FxW5eR7Uv3o,How to Make Candles at Home - Candle Making Step by Step,522.0,storyboard,34,273.05,281.08,8.03,https://youtu.be/FxW5eR7Uv3o?t=273s,talking_head,aux,0,0.6,host presenting to camera
FxW5eR7Uv3o,https://www.youtube.com/watch?v=FxW5eR7Uv3o,How to Make Candles at Home - Candle Making Step by Step,522.0,storyboard,35,281.08,289.11,8.03,https://youtu.be/FxW5eR7Uv3o?t=281s,talking_head,aux,0,0.6,host presenting to camera
FxW5eR7Uv3o,https://www.youtube.com/watch?v=FxW5eR7Uv3o,How to Make Candles at Home - Candle Making Step by Step,522.0,storyboard,36,289.11,297.14,8.03,https://youtu.be/FxW5eR7Uv3o?t=289s,talking_head,aux,0,0.6,host presenting to camera
FxW5eR7Uv3o,https://www.youtube.com/watch?v=FxW5eR7Uv3o,How to Make Candles at Home - Candle Making Step by Step,522.0,storyboard,37,297.14,305.17,8.03,https://youtu.be/FxW5eR7Uv3o?t=297s,talking_head,aux,0,0.6,host presenting to camera
FxW5eR7Uv3o,https://www.youtube.com/watch?v=FxW5eR7Uv3o,How to Make Candles at Home - Candle Making Step by Step,522.0,storyboard,38,305.17,313.2,8.03,https://youtu.be/FxW5eR7Uv3o?t=305s,talking_head,aux,0,0.6,host presenting to camera
FxW5eR7Uv3o,https://www.youtube.com/watch?v=FxW5eR7Uv3o,How to Make Candles at Home - Candle Making Step by Step,522.0,storyboard,39,313.2,321.23,8.03,https://youtu.be/FxW5eR7Uv3o?t=313s,talking_head,aux,0,0.6,host presenting to camera
FxW5eR7Uv3o,https://www.youtube.com/watch?v=FxW5eR7Uv3o,How to Make Candles at Home - Candle Making Step by Step,522.0,storyboard,40,321.23,329.26,8.03,https://youtu.be/FxW5eR7Uv3o?t=321s,talking_head,aux,0,0.6,host presenting to camera
FxW5eR7Uv3o,https://www.youtube.com/watch?v=FxW5eR7Uv3o,How to Make Candles at Home - Candle Making Step by Step,522.0,storyboard,41,329.26,337.29,8.03,https://youtu.be/FxW5eR7Uv3o?t=329s,talking_head,aux,0,0.6,host presenting to camera
FxW5eR7Uv3o,https://www.youtube.com/watch?v=FxW5eR7Uv3o,How to Make Candles at Home - Candle Making Step by Step,522.0,storyboard,42,337.29,345.32,8.03,https://youtu.be/FxW5eR7Uv3o?t=337s,talking_head,aux,0,0.6,host presenting to camera
FxW5eR7Uv3o,https://www.youtube.com/watch?v=FxW5eR7Uv3o,How to Make Candles at Home - Candle Making Step by Step,522.0,storyboard,43,345.32,353.35,8.03,https://youtu.be/FxW5eR7Uv3o?t=345s,talking_head,aux,0,0.6,host presenting to camera
FxW5eR7Uv3o,https://www.youtube.com/watch?v=FxW5eR7Uv3o,How to Make Candles at Home - Candle Making Step by Step,522.0,storyboard,44,353.35,361.38,8.03,https://youtu.be/FxW5eR7Uv3o?t=353s,talking_head,aux,0,0.6,host presenting to camera
FxW5eR7Uv3o,https://www.youtube.com/watch?v=FxW5eR7Uv3o,How to Make Candles at Home - Candle Making Step by Step,522.0,storyboard,45,361.38,369.42,8.04,https://youtu.be/FxW5eR7Uv3o?t=361s,talking_head,aux,0,0.6,host presenting to camera
FxW5eR7Uv3o,https://www.youtube.com/watch?v=FxW5eR7Uv3o,How to Make Candles at Home - Candle Making Step by Step,522.0,storyboard,46,369.42,377.45,8.03,https://youtu.be/FxW5eR7Uv3o?t=369s,talking_head,aux,0,0.6,host presenting to camera
FxW5eR7Uv3o,https://www.youtube.com/watch?v=FxW5eR7Uv3o,How to Make Candles at Home - Candle Making Step by Step,522.0,storyboard,47,377.45,385.48,8.03,https://youtu.be/FxW5eR7Uv3o?t=377s,talking_head,aux,0,0.6,host presenting to camera
FxW5eR7Uv3o,https://www.youtube.com/watch?v=FxW5eR7Uv3o,How to Make Candles at Home - Candle Making Step by Step,522.0,storyboard,48,385.48,393.51,8.03,https://youtu.be/FxW5eR7Uv3o?t=385s,measure_wax,prep,1,0.45,overhead scale with dye pots
FxW5eR7Uv3o,https://www.youtube.com/watch?v=FxW5eR7Uv3o,How to Make Candles at Home - Candle Making Step by Step,522.0,storyboard,49,393.51,401.54,8.03,https://youtu.be/FxW5eR7Uv3o?t=394s,melt_wax,process,1,0.45,overhead melter pot
FxW5eR7Uv3o,https://www.youtube.com/watch?v=FxW5eR7Uv3o,How to Make Candles at Home - Candle Making Step by Step,522.0,storyboard,50,401.54,409.57,8.03,https://youtu.be/FxW5eR7Uv3o?t=402s,talking_head,aux,0,0.6,"host presenting, holding items"
FxW5eR7Uv3o,https://www.youtube.com/watch?v=FxW5eR7Uv3o,How to Make Candles at Home - Candle Making Step by Step,522.0,storyboard,51,409.57,417.6,8.03,https://youtu.be/FxW5eR7Uv3o?t=410s,talking_head,aux,0,0.6,host presenting to camera
FxW5eR7Uv3o,https://www.youtube.com/watch?v=FxW5eR7Uv3o,How to Make Candles at Home - Candle Making Step by Step,522.0,storyboard,52,417.6,425.63,8.03,https://youtu.be/FxW5eR7Uv3o?t=418s,talking_head,aux,0,0.55,host presenting with scale+pitcher
FxW5eR7Uv3o,https://www.youtube.com/watch?v=FxW5eR7Uv3o,How to Make Candles at Home - Candle Making Step by Step,522.0,storyboard,53,425.63,433.66,8.03,https://youtu.be/FxW5eR7Uv3o?t=426s,talking_head,aux,0,0.6,host presenting to camera
FxW5eR7Uv3o,https://www.youtube.com/watch?v=FxW5eR7Uv3o,How to Make Candles at Home - Candle Making Step by Step,522.0,storyboard,54,433.66,441.69,8.03,https://youtu.be/FxW5eR7Uv3o?t=434s,talking_head,aux,0,0.45,host with pouring pitcher
FxW5eR7Uv3o,https://www.youtube.com/watch?v=FxW5eR7Uv3o,How to Make Candles at Home - Candle Making Step by Step,522.0,storyboard,55,441.69,449.72,8.03,https://youtu.be/FxW5eR7Uv3o?t=442s,talking_head,aux,0,0.55,host presenting to camera
FxW5eR7Uv3o,https://www.youtube.com/watch?v=FxW5eR7Uv3o,How to Make Candles at Home - Candle Making Step by Step,522.0,storyboard,56,449.72,457.75,8.03,https://youtu.be/FxW5eR7Uv3o?t=450s,talking_head,aux,0,0.5,pouring from metal pitcher
FxW5eR7Uv3o,https://www.youtube.com/watch?v=FxW5eR7Uv3o,How to Make Candles at Home - Candle Making Step by Step,522.0,storyboard,57,457.75,465.78,8.03,https://youtu.be/FxW5eR7Uv3o?t=458s,talking_head,aux,0,0.6,host presenting to camera
FxW5eR7Uv3o,https://www.youtube.com/watch?v=FxW5eR7Uv3o,How to Make Candles at Home - Candle Making Step by Step,522.0,storyboard,58,465.78,473.82,8.04,https://youtu.be/FxW5eR7Uv3o?t=466s,talking_head,aux,0,0.55,"host presenting, holding wick/item"
FxW5eR7Uv3o,https://www.youtube.com/watch?v=FxW5eR7Uv3o,How to Make Candles at Home - Candle Making Step by Step,522.0,storyboard,59,473.82,481.85,8.03,https://youtu.be/FxW5eR7Uv3o?t=474s,reveal_result,finish,1,0.45,host holding finished candle disc
FxW5eR7Uv3o,https://www.youtube.com/watch?v=FxW5eR7Uv3o,How to Make Candles at Home - Candle Making Step by Step,522.0,storyboard,60,481.85,489.88,8.03,https://youtu.be/FxW5eR7Uv3o?t=482s,reveal_result,finish,1,0.5,host showing finished candle
FxW5eR7Uv3o,https://www.youtube.com/watch?v=FxW5eR7Uv3o,How to Make Candles at Home - Candle Making Step by Step,522.0,storyboard,61,489.88,497.91,8.03,https://youtu.be/FxW5eR7Uv3o?t=490s,talking_head,aux,0,0.6,host presenting to camera
FxW5eR7Uv3o,https://www.youtube.com/watch?v=FxW5eR7Uv3o,How to Make Candles at Home - Candle Making Step by Step,522.0,storyboard,62,497.91,505.94,8.03,https://youtu.be/FxW5eR7Uv3o?t=498s,outro_cta,aux,0,0.5,"closing remarks, ProCandleSupply.com"
FxW5eR7Uv3o,https://www.youtube.com/watch?v=FxW5eR7Uv3o,How to Make Candles at Home - Candle Making Step by Step,522.0,storyboard,63,505.94,513.97,8.03,https://youtu.be/FxW5eR7Uv3o?t=506s,transition,aux,0,0.4,blank/black padding
FxW5eR7Uv3o,https://www.youtube.com/watch?v=FxW5eR7Uv3o,How to Make Candles at Home - Candle Making Step by Step,522.0,storyboard,64,513.97,522.0,8.03,https://youtu.be/FxW5eR7Uv3o?t=514s,transition,aux,0,0.4,blank/black padding
GAh9lQmaEvI,https://www.youtube.com/watch?v=GAh9lQmaEvI,How to make scented candles at home step by step,135.0,storyboard,0,0.0,7.94,7.94,https://youtu.be/GAh9lQmaEvI?t=0s,intro_titlecard,intro,0,0.7,channel 'U' logo + finished candles teaser
GAh9lQmaEvI,https://www.youtube.com/watch?v=GAh9lQmaEvI,How to make scented candles at home step by step,135.0,storyboard,1,7.94,15.88,7.94,https://youtu.be/GAh9lQmaEvI?t=8s,prepare_container,prep,1,0.7,step 1: washing jars under tap
GAh9lQmaEvI,https://www.youtube.com/watch?v=GAh9lQmaEvI,How to make scented candles at home step by step,135.0,storyboard,2,15.88,23.82,7.94,https://youtu.be/GAh9lQmaEvI?t=16s,prepare_container,prep,1,0.65,"step 2: drying jars in oven, 'preheat'"
GAh9lQmaEvI,https://www.youtube.com/watch?v=GAh9lQmaEvI,How to make scented candles at home step by step,135.0,storyboard,3,23.82,31.76,7.94,https://youtu.be/GAh9lQmaEvI?t=24s,prepare_container,prep,1,0.6,step 3: wicks laid out
GAh9lQmaEvI,https://www.youtube.com/watch?v=GAh9lQmaEvI,How to make scented candles at home step by step,135.0,storyboard,4,31.76,39.71,7.95,https://youtu.be/GAh9lQmaEvI?t=32s,prepare_container,prep,1,0.7,step 4: glue + stick wick inside jar
GAh9lQmaEvI,https://www.youtube.com/watch?v=GAh9lQmaEvI,How to make scented candles at home step by step,135.0,storyboard,5,39.71,47.65,7.94,https://youtu.be/GAh9lQmaEvI?t=40s,measure_wax,prep,1,0.55,step 5: measuring in bowls
GAh9lQmaEvI,https://www.youtube.com/watch?v=GAh9lQmaEvI,How to make scented candles at home step by step,135.0,storyboard,6,47.65,55.59,7.94,https://youtu.be/GAh9lQmaEvI?t=48s,measure_wax,prep,1,0.75,"step 6: 'Measure out the wax', flakes in cup"
GAh9lQmaEvI,https://www.youtube.com/watch?v=GAh9lQmaEvI,How to make scented candles at home step by step,135.0,storyboard,7,55.59,63.53,7.94,https://youtu.be/GAh9lQmaEvI?t=56s,melt_wax,process,1,0.75,step 7: wax cup in double boiler pot
GAh9lQmaEvI,https://www.youtube.com/watch?v=GAh9lQmaEvI,How to make scented candles at home step by step,135.0,storyboard,8,63.53,71.47,7.94,https://youtu.be/GAh9lQmaEvI?t=64s,monitor_temperature,process,1,0.7,step 8: 'Test the temperature of the wax'
GAh9lQmaEvI,https://www.youtube.com/watch?v=GAh9lQmaEvI,How to make scented candles at home step by step,135.0,storyboard,9,71.47,79.41,7.94,https://youtu.be/GAh9lQmaEvI?t=71s,add_fragrance,process,1,0.4,hands working in bowl
GAh9lQmaEvI,https://www.youtube.com/watch?v=GAh9lQmaEvI,How to make scented candles at home step by step,135.0,storyboard,10,79.41,87.35,7.94,https://youtu.be/GAh9lQmaEvI?t=79s,add_fragrance,process,1,0.6,dropper adding essential oils
GAh9lQmaEvI,https://www.youtube.com/watch?v=GAh9lQmaEvI,How to make scented candles at home step by step,135.0,storyboard,11,87.35,95.29,7.94,https://youtu.be/GAh9lQmaEvI?t=87s,add_fragrance,process,1,0.5,"green wax, dropper, thermometer"
GAh9lQmaEvI,https://www.youtube.com/watch?v=GAh9lQmaEvI,How to make scented candles at home step by step,135.0,storyboard,12,95.29,103.24,7.95,https://youtu.be/GAh9lQmaEvI?t=95s,pour_wax,assemble,1,0.75,'Pour the wax into your container'
GAh9lQmaEvI,https://www.youtube.com/watch?v=GAh9lQmaEvI,How to make scented candles at home step by step,135.0,storyboard,13,103.24,111.18,7.94,https://youtu.be/GAh9lQmaEvI?t=103s,pour_wax,assemble,1,0.7,"pouring green wax, 'leave space at top'"
GAh9lQmaEvI,https://www.youtube.com/watch?v=GAh9lQmaEvI,How to make scented candles at home step by step,135.0,storyboard,14,111.18,119.12,7.94,https://youtu.be/GAh9lQmaEvI?t=111s,pour_wax,assemble,1,0.55,"'Top off the candle', green+blue jars"
GAh9lQmaEvI,https://www.youtube.com/watch?v=GAh9lQmaEvI,How to make scented candles at home step by step,135.0,storyboard,15,119.12,127.06,7.94,https://youtu.be/GAh9lQmaEvI?t=119s,trim_wick,finish,1,0.5,'Trim the wick' + finished candles
GAh9lQmaEvI,https://www.youtube.com/watch?v=GAh9lQmaEvI,How to make scented candles at home step by step,135.0,storyboard,16,127.06,135.0,7.94,https://youtu.be/GAh9lQmaEvI?t=127s,outro_cta,aux,0,0.7,channel 'U' links outro card
Hir66vEC2MI,https://www.youtube.com/watch?v=Hir66vEC2MI,Learn How to Make Scented Soy Wax Candles for Beginners | CandleScience Guides,323.0,storyboard,0,0.0,8.07,8.07,https://youtu.be/Hir66vEC2MI?t=0s,intro_titlecard,intro,0,0.6,host in lab coat opening at table
Hir66vEC2MI,https://www.youtube.com/watch?v=Hir66vEC2MI,Learn How to Make Scented Soy Wax Candles for Beginners | CandleScience Guides,323.0,storyboard,1,8.07,16.15,8.08,https://youtu.be/Hir66vEC2MI?t=8s,talking_head,aux,0,0.55,host talking with materials on table
Hir66vEC2MI,https://www.youtube.com/watch?v=Hir66vEC2MI,Learn How to Make Scented Soy Wax Candles for Beginners | CandleScience Guides,323.0,storyboard,2,16.15,24.22,8.07,https://youtu.be/Hir66vEC2MI?t=16s,gather_materials,prep,1,0.6,jars and supplies laid out
Hir66vEC2MI,https://www.youtube.com/watch?v=Hir66vEC2MI,Learn How to Make Scented Soy Wax Candles for Beginners | CandleScience Guides,323.0,storyboard,3,24.22,32.3,8.08,https://youtu.be/Hir66vEC2MI?t=24s,measure_wax,prep,1,0.45,metal pitcher with white wax
Hir66vEC2MI,https://www.youtube.com/watch?v=Hir66vEC2MI,Learn How to Make Scented Soy Wax Candles for Beginners | CandleScience Guides,323.0,storyboard,4,32.3,40.38,8.08,https://youtu.be/Hir66vEC2MI?t=32s,talking_head,aux,0,0.6,host talking to camera
Hir66vEC2MI,https://www.youtube.com/watch?v=Hir66vEC2MI,Learn How to Make Scented Soy Wax Candles for Beginners | CandleScience Guides,323.0,storyboard,5,40.38,48.45,8.07,https://youtu.be/Hir66vEC2MI?t=40s,gather_materials,prep,1,0.6,row of fragrance bottles
Hir66vEC2MI,https://www.youtube.com/watch?v=Hir66vEC2MI,Learn How to Make Scented Soy Wax Candles for Beginners | CandleScience Guides,323.0,storyboard,6,48.45,56.53,8.08,https://youtu.be/Hir66vEC2MI?t=48s,gather_materials,prep,1,0.5,holding fragrance bottle
Hir66vEC2MI,https://www.youtube.com/watch?v=Hir66vEC2MI,Learn How to Make Scented Soy Wax Candles for Beginners | CandleScience Guides,323.0,storyboard,7,56.53,64.6,8.07,https://youtu.be/Hir66vEC2MI?t=57s,gather_materials,prep,1,0.5,fragrance bottle close-up
Hir66vEC2MI,https://www.youtube.com/watch?v=Hir66vEC2MI,Learn How to Make Scented Soy Wax Candles for Beginners | CandleScience Guides,323.0,storyboard,8,64.6,72.68,8.08,https://youtu.be/Hir66vEC2MI?t=65s,gather_materials,prep,1,0.55,labelled bottles lined up
Hir66vEC2MI,https://www.youtube.com/watch?v=Hir66vEC2MI,Learn How to Make Scented Soy Wax Candles for Beginners | CandleScience Guides,323.0,storyboard,9,72.68,80.75,8.07,https://youtu.be/Hir66vEC2MI?t=73s,gather_materials,prep,1,0.6,host talking to camera
Hir66vEC2MI,https://www.youtube.com/watch?v=Hir66vEC2MI,Learn How to Make Scented Soy Wax Candles for Beginners | CandleScience Guides,323.0,storyboard,10,80.75,88.83,8.08,https://youtu.be/Hir66vEC2MI?t=81s,gather_materials,prep,1,0.45,holding small bottle
Hir66vEC2MI,https://www.youtube.com/watch?v=Hir66vEC2MI,Learn How to Make Scented Soy Wax Candles for Beginners | CandleScience Guides,323.0,storyboard,11,88.83,96.9,8.07,https://youtu.be/Hir66vEC2MI?t=89s,gather_materials,prep,1,0.4,handling fragrance bottle
Hir66vEC2MI,https://www.youtube.com/watch?v=Hir66vEC2MI,Learn How to Make Scented Soy Wax Candles for Beginners | CandleScience Guides,323.0,storyboard,12,96.9,104.98,8.08,https://youtu.be/Hir66vEC2MI?t=97s,gather_materials,prep,1,0.5,supply boxes shown
Hir66vEC2MI,https://www.youtube.com/watch?v=Hir66vEC2MI,Learn How to Make Scented Soy Wax Candles for Beginners | CandleScience Guides,323.0,storyboard,13,104.98,113.05,8.07,https://youtu.be/Hir66vEC2MI?t=105s,talking_head,aux,0,0.6,host talking to camera
Hir66vEC2MI,https://www.youtube.com/watch?v=Hir66vEC2MI,Learn How to Make Scented Soy Wax Candles for Beginners | CandleScience Guides,323.0,storyboard,14,113.05,121.13,8.08,https://youtu.be/Hir66vEC2MI?t=113s,measure_wax,prep,1,0.6,pouring wax flakes into pitcher
Hir66vEC2MI,https://www.youtube.com/watch?v=Hir66vEC2MI,Learn How to Make Scented Soy Wax Candles for Beginners | CandleScience Guides,323.0,storyboard,15,121.13,129.2,8.07,https://youtu.be/Hir66vEC2MI?t=121s,measure_wax,prep,1,0.4,dark/black frame
Hir66vEC2MI,https://www.youtube.com/watch?v=Hir66vEC2MI,Learn How to Make Scented Soy Wax Candles for Beginners | CandleScience Guides,323.0,storyboard,16,129.2,137.28,8.08,https://youtu.be/Hir66vEC2MI?t=129s,measure_wax,prep,1,0.5,pitcher of flakes
Hir66vEC2MI,https://www.youtube.com/watch?v=Hir66vEC2MI,Learn How to Make Scented Soy Wax Candles for Beginners | CandleScience Guides,323.0,storyboard,17,137.28,145.35,8.07,https://youtu.be/Hir66vEC2MI?t=137s,measure_wax,prep,1,0.5,measuring wax flakes
Hir66vEC2MI,https://www.youtube.com/watch?v=Hir66vEC2MI,Learn How to Make Scented Soy Wax Candles for Beginners | CandleScience Guides,323.0,storyboard,18,145.35,153.42,8.07,https://youtu.be/Hir66vEC2MI?t=145s,talking_head,aux,0,0.6,host talking to camera
Hir66vEC2MI,https://www.youtube.com/watch?v=Hir66vEC2MI,Learn How to Make Scented Soy Wax Candles for Beginners | CandleScience Guides,323.0,storyboard,19,153.42,161.5,8.08,https://youtu.be/Hir66vEC2MI?t=153s,melt_wax,process,1,0.55,pot of melting wax
Hir66vEC2MI,https://www.youtube.com/watch?v=Hir66vEC2MI,Learn How to Make Scented Soy Wax Candles for Beginners | CandleScience Guides,323.0,storyboard,20,161.5,169.57,8.07,https://youtu.be/Hir66vEC2MI?t=162s,measure_wax,prep,1,0.6,Escali digital scale with pitcher
Hir66vEC2MI,https://www.youtube.com/watch?v=Hir66vEC2MI,Learn How to Make Scented Soy Wax Candles for Beginners | CandleScience Guides,323.0,storyboard,21,169.57,177.65,8.08,https://youtu.be/Hir66vEC2MI?t=170s,measure_wax,prep,1,0.6,weighing pitcher of flakes on scale
Hir66vEC2MI,https://www.youtube.com/watch?v=Hir66vEC2MI,Learn How to Make Scented Soy Wax Candles for Beginners | CandleScience Guides,323.0,storyboard,22,177.65,185.72,8.07,https://youtu.be/Hir66vEC2MI?t=178s,melt_wax,process,1,0.5,metal pitcher heating
Hir66vEC2MI,https://www.youtube.com/watch?v=Hir66vEC2MI,Learn How to Make Scented Soy Wax Candles for Beginners | CandleScience Guides,323.0,storyboard,23,185.72,193.8,8.08,https://youtu.be/Hir66vEC2MI?t=186s,melt_wax,process,1,0.6,yellow melted wax liquid
Hir66vEC2MI,https://www.youtube.com/watch?v=Hir66vEC2MI,Learn How to Make Scented Soy Wax Candles for Beginners | CandleScience Guides,323.0,storyboard,24,193.8,201.87,8.07,https://youtu.be/Hir66vEC2MI?t=194s,add_fragrance,process,1,0.45,fragrance bottles next to tin
Hir66vEC2MI,https://www.youtube.com/watch?v=Hir66vEC2MI,Learn How to Make Scented Soy Wax Candles for Beginners | CandleScience Guides,323.0,storyboard,25,201.87,209.95,8.08,https://youtu.be/Hir66vEC2MI?t=202s,monitor_temperature,process,1,0.65,"thermometer in wax, 'Pour at 135F' caption"
Hir66vEC2MI,https://www.youtube.com/watch?v=Hir66vEC2MI,Learn How to Make Scented Soy Wax Candles for Beginners | CandleScience Guides,323.0,storyboard,26,209.95,218.02,8.07,https://youtu.be/Hir66vEC2MI?t=210s,pour_wax,assemble,1,0.45,"tin of liquid wax with wick, pour-temp note"
Hir66vEC2MI,https://www.youtube.com/watch?v=Hir66vEC2MI,Learn How to Make Scented Soy Wax Candles for Beginners | CandleScience Guides,323.0,storyboard,27,218.02,226.1,8.08,https://youtu.be/Hir66vEC2MI?t=218s,add_fragrance,process,1,0.4,stirring yellow liquid in tin
Hir66vEC2MI,https://www.youtube.com/watch?v=Hir66vEC2MI,Learn How to Make Scented Soy Wax Candles for Beginners | CandleScience Guides,323.0,storyboard,28,226.1,234.17,8.07,https://youtu.be/Hir66vEC2MI?t=226s,set_wick,assemble,1,0.45,tins with wick bar
Hir66vEC2MI,https://www.youtube.com/watch?v=Hir66vEC2MI,Learn How to Make Scented Soy Wax Candles for Beginners | CandleScience Guides,323.0,storyboard,29,234.17,242.25,8.08,https://youtu.be/Hir66vEC2MI?t=234s,set_wick,assemble,1,0.6,host talking to camera
Hir66vEC2MI,https://www.youtube.com/watch?v=Hir66vEC2MI,Learn How to Make Scented Soy Wax Candles for Beginners | CandleScience Guides,323.0,storyboard,30,242.25,250.32,8.07,https://youtu.be/Hir66vEC2MI?t=242s,set_wick,assemble,1,0.55,"centering wick in tin, lid in hand"
Hir66vEC2MI,https://www.youtube.com/watch?v=Hir66vEC2MI,Learn How to Make Scented Soy Wax Candles for Beginners | CandleScience Guides,323.0,storyboard,31,250.32,258.4,8.08,https://youtu.be/Hir66vEC2MI?t=250s,talking_head,aux,0,0.6,host talking to camera
Hir66vEC2MI,https://www.youtube.com/watch?v=Hir66vEC2MI,Learn How to Make Scented Soy Wax Candles for Beginners | CandleScience Guides,323.0,storyboard,32,258.4,266.47,8.07,https://youtu.be/Hir66vEC2MI?t=258s,talking_head,aux,0,0.6,host talking to camera
Hir66vEC2MI,https://www.youtube.com/watch?v=Hir66vEC2MI,Learn How to Make Scented Soy Wax Candles for Beginners | CandleScience Guides,323.0,storyboard,33,266.47,274.55,8.08,https://youtu.be/Hir66vEC2MI?t=266s,talking_head,aux,0,0.6,host talking to camera
Hir66vEC2MI,https://www.youtube.com/watch?v=Hir66vEC2MI,Learn How to Make Scented Soy Wax Candles for Beginners | CandleScience Guides,323.0,storyboard,34,274.55,282.62,8.07,https://youtu.be/Hir66vEC2MI?t=275s,outro_cta,aux,0,0.7,'Visit us at candlescience.com' card
Hir66vEC2MI,https://www.youtube.com/watch?v=Hir66vEC2MI,Learn How to Make Scented Soy Wax Candles for Beginners | CandleScience Guides,323.0,storyboard,35,282.62,290.7,8.08,https://youtu.be/Hir66vEC2MI?t=283s,transition,aux,0,0.4,blank/black frame
Hir66vEC2MI,https://www.youtube.com/watch?v=Hir66vEC2MI,Learn How to Make Scented Soy Wax Candles for Beginners | CandleScience Guides,323.0,storyboard,36,290.7,298.77,8.07,https://youtu.be/Hir66vEC2MI?t=291s,transition,aux,0,0.4,blank/black padding
Hir66vEC2MI,https://www.youtube.com/watch?v=Hir66vEC2MI,Learn How to Make Scented Soy Wax Candles for Beginners | CandleScience Guides,323.0,storyboard,37,298.77,306.85,8.08,https://youtu.be/Hir66vEC2MI?t=299s,transition,aux,0,0.4,blank/black padding
Hir66vEC2MI,https://www.youtube.com/watch?v=Hir66vEC2MI,Learn How to Make Scented Soy Wax Candles for Beginners | CandleScience Guides,323.0,storyboard,38,306.85,314.92,8.07,https://youtu.be/Hir66vEC2MI?t=307s,transition,aux,0,0.4,blank/black padding
Hir66vEC2MI,https://www.youtube.com/watch?v=Hir66vEC2MI,Learn How to Make Scented Soy Wax Candles for Beginners | CandleScience Guides,323.0,storyboard,39,314.92,323.0,8.08,https://youtu.be/Hir66vEC2MI?t=315s,transition,aux,0,0.4,blank/black padding
NGgDIEY_R40,https://www.youtube.com/watch?v=NGgDIEY_R40,How to Add Scent to a Candle : Basic Candle Making,111.0,storyboard,0,0.0,7.93,7.93,https://youtu.be/NGgDIEY_R40?t=0s,intro_titlecard,intro,0,0.5,Intro flashes (white/green) to a finished Pure Integrity candle as a teaser.
NGgDIEY_R40,https://www.youtube.com/watch?v=NGgDIEY_R40,How to Add Scent to a Candle : Basic Candle Making,111.0,storyboard,1,7.93,15.86,7.93,https://youtu.be/NGgDIEY_R40?t=8s,talking_head,aux,0,0.6,Bald host in a candle store talks to camera; a finished candle on the counter.
NGgDIEY_R40,https://www.youtube.com/watch?v=NGgDIEY_R40,How to Add Scent to a Candle : Basic Candle Making,111.0,storyboard,2,15.86,23.79,7.93,https://youtu.be/NGgDIEY_R40?t=16s,talking_head,aux,0,0.55,Host talks; a large metal melting pot sits on a scale beside him.
NGgDIEY_R40,https://www.youtube.com/watch?v=NGgDIEY_R40,How to Add Scent to a Candle : Basic Candle Making,111.0,storyboard,3,23.79,31.71,7.92,https://youtu.be/NGgDIEY_R40?t=24s,melt_wax,process,1,0.5,Hands hold a wooden stir stick over the large metal melting pot of wax.
NGgDIEY_R40,https://www.youtube.com/watch?v=NGgDIEY_R40,How to Add Scent to a Candle : Basic Candle Making,111.0,storyboard,4,31.71,39.64,7.93,https://youtu.be/NGgDIEY_R40?t=32s,melt_wax,process,1,0.5,The big metal pot with a wick clip on the rim and a wooden stir stick; wax inside.
NGgDIEY_R40,https://www.youtube.com/watch?v=NGgDIEY_R40,How to Add Scent to a Candle : Basic Candle Making,111.0,storyboard,5,39.64,47.57,7.93,https://youtu.be/NGgDIEY_R40?t=40s,melt_wax,process,1,0.45,Hands measure depth/level in the pot with a stick and point things out.
NGgDIEY_R40,https://www.youtube.com/watch?v=NGgDIEY_R40,How to Add Scent to a Candle : Basic Candle Making,111.0,storyboard,6,47.57,55.5,7.93,https://youtu.be/NGgDIEY_R40?t=48s,melt_wax,process,1,0.45,Host points at the pot rim and wick as the wax stands ready.
NGgDIEY_R40,https://www.youtube.com/watch?v=NGgDIEY_R40,How to Add Scent to a Candle : Basic Candle Making,111.0,storyboard,7,55.5,63.43,7.93,https://youtu.be/NGgDIEY_R40?t=56s,add_fragrance,process,1,0.5,A stick/probe is inserted into the pot to stir in scent (the video's topic is adding fragrance).
NGgDIEY_R40,https://www.youtube.com/watch?v=NGgDIEY_R40,How to Add Scent to a Candle : Basic Candle Making,111.0,storyboard,8,63.43,71.36,7.93,https://youtu.be/NGgDIEY_R40?t=63s,add_fragrance,process,1,0.5,Hands stir the pot to blend fragrance into the wax.
NGgDIEY_R40,https://www.youtube.com/watch?v=NGgDIEY_R40,How to Add Scent to a Candle : Basic Candle Making,111.0,storyboard,9,71.36,79.29,7.93,https://youtu.be/NGgDIEY_R40?t=71s,pour_wax,assemble,1,0.5,Work at a glass jar with a wick — wax being poured/handled.
NGgDIEY_R40,https://www.youtube.com/watch?v=NGgDIEY_R40,How to Add Scent to a Candle : Basic Candle Making,111.0,storyboard,10,79.29,87.21,7.92,https://youtu.be/NGgDIEY_R40?t=79s,set_wick,assemble,1,0.5,The glass jar holds wax with a centred wick; hands adjust it.
NGgDIEY_R40,https://www.youtube.com/watch?v=NGgDIEY_R40,How to Add Scent to a Candle : Basic Candle Making,111.0,storyboard,11,87.21,95.14,7.93,https://youtu.be/NGgDIEY_R40?t=87s,reveal_result,finish,1,0.55,Finished Pure Integrity candle in the glass with its wick shown.
NGgDIEY_R40,https://www.youtube.com/watch?v=NGgDIEY_R40,How to Add Scent to a Candle : Basic Candle Making,111.0,storyboard,12,95.14,103.07,7.93,https://youtu.be/NGgDIEY_R40?t=95s,outro_cta,aux,0,0.6,End card over the finished candle; 'filmed by Bad Ferret Films'.
NGgDIEY_R40,https://www.youtube.com/watch?v=NGgDIEY_R40,How to Add Scent to a Candle : Basic Candle Making,111.0,storyboard,13,103.07,111.0,7.93,https://youtu.be/NGgDIEY_R40?t=103s,outro_cta,aux,0,0.6,'filmed by Bad Ferret Films / Pure Integrity Candles' credits card.
Pj9yYzFvpFA,https://www.youtube.com/watch?v=Pj9yYzFvpFA,DIY Transparent Candle Without Gel | Elegant and Easy Tutorial,63.0,storyboard,0,0.0,7.88,7.88,https://youtu.be/Pj9yYzFvpFA?t=0s,prepare_container,prep,1,0.55,"Hands position a clear glass tumbler on a table strewn with decorative beads and fairy lights, prepping the transparent vessel for a gel-look candle."
Pj9yYzFvpFA,https://www.youtube.com/watch?v=Pj9yYzFvpFA,DIY Transparent Candle Without Gel | Elegant and Easy Tutorial,63.0,storyboard,1,7.88,15.75,7.87,https://youtu.be/Pj9yYzFvpFA?t=8s,measure_wax,prep,1,0.55,White wax pellets are scooped/poured into a small metal pouring pitcher; a tealight and supplies sit on the table.
Pj9yYzFvpFA,https://www.youtube.com/watch?v=Pj9yYzFvpFA,DIY Transparent Candle Without Gel | Elegant and Easy Tutorial,63.0,storyboard,2,15.75,23.62,7.87,https://youtu.be/Pj9yYzFvpFA?t=16s,melt_wax,process,1,0.6,"The metal pitcher sits on a small burner; the wax melts into a clear, colourless liquid."
Pj9yYzFvpFA,https://www.youtube.com/watch?v=Pj9yYzFvpFA,DIY Transparent Candle Without Gel | Elegant and Easy Tutorial,63.0,storyboard,3,23.62,31.5,7.88,https://youtu.be/Pj9yYzFvpFA?t=24s,melt_wax,process,1,0.55,The clear molten wax is stirred in the pitcher with a wooden stick to fully liquefy it.
Pj9yYzFvpFA,https://www.youtube.com/watch?v=Pj9yYzFvpFA,DIY Transparent Candle Without Gel | Elegant and Easy Tutorial,63.0,storyboard,4,31.5,39.38,7.88,https://youtu.be/Pj9yYzFvpFA?t=32s,pour_wax,assemble,1,0.65,Clear molten wax is poured from the pitcher into the decorated glass; a wick is held upright on a stick laid across the rim.
Pj9yYzFvpFA,https://www.youtube.com/watch?v=Pj9yYzFvpFA,DIY Transparent Candle Without Gel | Elegant and Easy Tutorial,63.0,storyboard,5,39.38,47.25,7.87,https://youtu.be/Pj9yYzFvpFA?t=39s,pour_wax,assemble,1,0.6,The glass fills with transparent wax around the centred wick; embedded beads and glitter settle in the clear body.
Pj9yYzFvpFA,https://www.youtube.com/watch?v=Pj9yYzFvpFA,DIY Transparent Candle Without Gel | Elegant and Easy Tutorial,63.0,storyboard,6,47.25,55.12,7.87,https://youtu.be/Pj9yYzFvpFA?t=47s,reveal_result,finish,1,0.65,"A hand holds up the finished glittery transparent candle, then it is shown lit."
Pj9yYzFvpFA,https://www.youtube.com/watch?v=Pj9yYzFvpFA,DIY Transparent Candle Without Gel | Elegant and Easy Tutorial,63.0,storyboard,7,55.12,63.0,7.88,https://youtu.be/Pj9yYzFvpFA?t=55s,reveal_result,finish,1,0.7,Beauty shot of the finished lit transparent candles arranged among the bead-and-light decor.
Rl8O7K9RvMA,https://www.youtube.com/watch?v=Rl8O7K9RvMA,How To Make A Layered Candle 🕯️| Supplies For Candles,114.0,storyboard,0,0.0,8.14,8.14,https://youtu.be/Rl8O7K9RvMA?t=0s,intro_titlecard,intro,0,0.55,Opens to a 'SUPPLIES FOR CANDLES' branded title card.
Rl8O7K9RvMA,https://www.youtube.com/watch?v=Rl8O7K9RvMA,How To Make A Layered Candle 🕯️| Supplies For Candles,114.0,storyboard,1,8.14,16.29,8.15,https://youtu.be/Rl8O7K9RvMA?t=8s,prepare_container,prep,1,0.65,"Finished blue layered candle teaser, then hands peel a wick sticker; caption 'Peel off the wick stick and place it onto the end of the candle wick'."
Rl8O7K9RvMA,https://www.youtube.com/watch?v=Rl8O7K9RvMA,How To Make A Layered Candle 🕯️| Supplies For Candles,114.0,storyboard,2,16.29,24.43,8.14,https://youtu.be/Rl8O7K9RvMA?t=16s,prepare_container,prep,1,0.65,Caption 'Peel off the other side and place the wick in the middle of your candle glass'; wick fixed into the glass.
Rl8O7K9RvMA,https://www.youtube.com/watch?v=Rl8O7K9RvMA,How To Make A Layered Candle 🕯️| Supplies For Candles,114.0,storyboard,3,24.43,32.57,8.14,https://youtu.be/Rl8O7K9RvMA?t=24s,measure_wax,prep,1,0.6,White wax flakes in a metal bowl; captions 'split your measured wax into three separate bowls' and 'Fill your pan halfway with boiling water'.
Rl8O7K9RvMA,https://www.youtube.com/watch?v=Rl8O7K9RvMA,How To Make A Layered Candle 🕯️| Supplies For Candles,114.0,storyboard,4,32.57,40.71,8.14,https://youtu.be/Rl8O7K9RvMA?t=33s,melt_wax,process,1,0.65,Caption 'Melt your first wax layer ... and stir until melted'; wax melting in the bowl over the water bath.
Rl8O7K9RvMA,https://www.youtube.com/watch?v=Rl8O7K9RvMA,How To Make A Layered Candle 🕯️| Supplies For Candles,114.0,storyboard,5,40.71,48.86,8.15,https://youtu.be/Rl8O7K9RvMA?t=41s,add_dye_color,process,1,0.65,Dark blue dye added and stirred in; caption 'For your dark colour add around ten drops of your chosen dye and stir'.
Rl8O7K9RvMA,https://www.youtube.com/watch?v=Rl8O7K9RvMA,How To Make A Layered Candle 🕯️| Supplies For Candles,114.0,storyboard,6,48.86,57.0,8.14,https://youtu.be/Rl8O7K9RvMA?t=49s,add_fragrance,process,1,0.6,Caption 'Wait until your wax has cooled to 61°C then add your chosen fragrance'; stirring the blue wax.
Rl8O7K9RvMA,https://www.youtube.com/watch?v=Rl8O7K9RvMA,How To Make A Layered Candle 🕯️| Supplies For Candles,114.0,storyboard,7,57.0,65.14,8.14,https://youtu.be/Rl8O7K9RvMA?t=57s,pour_wax,assemble,1,0.7,Caption 'Transfer your wax into a pouring jug then slowly pour your mix into your glass'; first dark layer poured.
Rl8O7K9RvMA,https://www.youtube.com/watch?v=Rl8O7K9RvMA,How To Make A Layered Candle 🕯️| Supplies For Candles,114.0,storyboard,8,65.14,73.29,8.15,https://youtu.be/Rl8O7K9RvMA?t=65s,pour_wax,assemble,1,0.55,"Second layer prepared; captions about adding the wick-centering tool, waiting ~2 hours, and adding ~5 dye drops for the mid colour."
Rl8O7K9RvMA,https://www.youtube.com/watch?v=Rl8O7K9RvMA,How To Make A Layered Candle 🕯️| Supplies For Candles,114.0,storyboard,9,73.29,81.43,8.14,https://youtu.be/Rl8O7K9RvMA?t=73s,pour_wax,assemble,1,0.7,Caption 'Slowly pour your next layer and wait around 2 hours before pouring the next layer'; second blue layer poured.
Rl8O7K9RvMA,https://www.youtube.com/watch?v=Rl8O7K9RvMA,How To Make A Layered Candle 🕯️| Supplies For Candles,114.0,storyboard,10,81.43,89.57,8.14,https://youtu.be/Rl8O7K9RvMA?t=81s,pour_wax,assemble,1,0.55,Caption 'Melt the wax for your last layer and add one drop for your light colour'; lightest layer tinted.
Rl8O7K9RvMA,https://www.youtube.com/watch?v=Rl8O7K9RvMA,How To Make A Layered Candle 🕯️| Supplies For Candles,114.0,storyboard,11,89.57,97.71,8.14,https://youtu.be/Rl8O7K9RvMA?t=90s,pour_wax,assemble,1,0.65,Caption 'Slowly pour your last layer'; the final light-blue layer poured into the glass.
Rl8O7K9RvMA,https://www.youtube.com/watch?v=Rl8O7K9RvMA,How To Make A Layered Candle 🕯️| Supplies For Candles,114.0,storyboard,12,97.71,105.86,8.15,https://youtu.be/Rl8O7K9RvMA?t=98s,cure_cool,assemble,1,0.55,Finished blue ombre layered candle with white flowers; caption 'Leave your candle to set overnight before lighting'.
Rl8O7K9RvMA,https://www.youtube.com/watch?v=Rl8O7K9RvMA,How To Make A Layered Candle 🕯️| Supplies For Candles,114.0,storyboard,13,105.86,114.0,8.14,https://youtu.be/Rl8O7K9RvMA?t=106s,outro_cta,aux,0,0.6,'THANK YOU FOR WATCHING' end card with flowers.
ZQk9l2ttcIA,https://www.youtube.com/watch?v=ZQk9l2ttcIA,A Beginners Guide To Making A Candle,256.0,storyboard,0,0.0,8.0,8.0,https://youtu.be/ZQk9l2ttcIA?t=0s,intro_titlecard,intro,0,0.7,Cosy Owl branded title card + host
ZQk9l2ttcIA,https://www.youtube.com/watch?v=ZQk9l2ttcIA,A Beginners Guide To Making A Candle,256.0,storyboard,1,8.0,16.0,8.0,https://youtu.be/ZQk9l2ttcIA?t=8s,talking_head,aux,0,0.6,host talking to camera
ZQk9l2ttcIA,https://www.youtube.com/watch?v=ZQk9l2ttcIA,A Beginners Guide To Making A Candle,256.0,storyboard,2,16.0,24.0,8.0,https://youtu.be/ZQk9l2ttcIA?t=16s,gather_materials,prep,1,0.55,host with supplies laid on table
ZQk9l2ttcIA,https://www.youtube.com/watch?v=ZQk9l2ttcIA,A Beginners Guide To Making A Candle,256.0,storyboard,3,24.0,32.0,8.0,https://youtu.be/ZQk9l2ttcIA?t=24s,prepare_container,prep,1,0.5,handling wick/sticker on table
ZQk9l2ttcIA,https://www.youtube.com/watch?v=ZQk9l2ttcIA,A Beginners Guide To Making A Candle,256.0,storyboard,4,32.0,40.0,8.0,https://youtu.be/ZQk9l2ttcIA?t=32s,prepare_container,prep,1,0.55,host explaining to camera
ZQk9l2ttcIA,https://www.youtube.com/watch?v=ZQk9l2ttcIA,A Beginners Guide To Making A Candle,256.0,storyboard,5,40.0,48.0,8.0,https://youtu.be/ZQk9l2ttcIA?t=40s,prepare_container,prep,1,0.55,preparing jars at table
ZQk9l2ttcIA,https://www.youtube.com/watch?v=ZQk9l2ttcIA,A Beginners Guide To Making A Candle,256.0,storyboard,6,48.0,56.0,8.0,https://youtu.be/ZQk9l2ttcIA?t=48s,measure_wax,prep,1,0.65,tin on scale
ZQk9l2ttcIA,https://www.youtube.com/watch?v=ZQk9l2ttcIA,A Beginners Guide To Making A Candle,256.0,storyboard,7,56.0,64.0,8.0,https://youtu.be/ZQk9l2ttcIA?t=56s,measure_wax,prep,1,0.75,pouring wax flakes into tin on scale
ZQk9l2ttcIA,https://www.youtube.com/watch?v=ZQk9l2ttcIA,A Beginners Guide To Making A Candle,256.0,storyboard,8,64.0,72.0,8.0,https://youtu.be/ZQk9l2ttcIA?t=64s,measure_wax,prep,1,0.45,metal pot with flakes
ZQk9l2ttcIA,https://www.youtube.com/watch?v=ZQk9l2ttcIA,A Beginners Guide To Making A Candle,256.0,storyboard,9,72.0,80.0,8.0,https://youtu.be/ZQk9l2ttcIA?t=72s,melt_wax,process,1,0.8,pot on gas stove melting
ZQk9l2ttcIA,https://www.youtube.com/watch?v=ZQk9l2ttcIA,A Beginners Guide To Making A Candle,256.0,storyboard,10,80.0,88.0,8.0,https://youtu.be/ZQk9l2ttcIA?t=80s,melt_wax,process,1,0.8,melting wax on stove
ZQk9l2ttcIA,https://www.youtube.com/watch?v=ZQk9l2ttcIA,A Beginners Guide To Making A Candle,256.0,storyboard,11,88.0,96.0,8.0,https://youtu.be/ZQk9l2ttcIA?t=88s,melt_wax,process,1,0.65,stirring melting pot
ZQk9l2ttcIA,https://www.youtube.com/watch?v=ZQk9l2ttcIA,A Beginners Guide To Making A Candle,256.0,storyboard,12,96.0,104.0,8.0,https://youtu.be/ZQk9l2ttcIA?t=96s,add_fragrance,process,1,0.45,handling bottle near pot
ZQk9l2ttcIA,https://www.youtube.com/watch?v=ZQk9l2ttcIA,A Beginners Guide To Making A Candle,256.0,storyboard,13,104.0,112.0,8.0,https://youtu.be/ZQk9l2ttcIA?t=104s,add_fragrance,process,1,0.6,pouring oil into pot
ZQk9l2ttcIA,https://www.youtube.com/watch?v=ZQk9l2ttcIA,A Beginners Guide To Making A Candle,256.0,storyboard,14,112.0,120.0,8.0,https://youtu.be/ZQk9l2ttcIA?t=112s,add_fragrance,process,1,0.55,stirring fragrance into amber liquid
ZQk9l2ttcIA,https://www.youtube.com/watch?v=ZQk9l2ttcIA,A Beginners Guide To Making A Candle,256.0,storyboard,15,120.0,128.0,8.0,https://youtu.be/ZQk9l2ttcIA?t=120s,monitor_temperature,process,1,0.4,"pot of amber liquid, checking"
ZQk9l2ttcIA,https://www.youtube.com/watch?v=ZQk9l2ttcIA,A Beginners Guide To Making A Candle,256.0,storyboard,16,128.0,136.0,8.0,https://youtu.be/ZQk9l2ttcIA?t=128s,pour_wax,assemble,1,0.75,pouring wax into glass
ZQk9l2ttcIA,https://www.youtube.com/watch?v=ZQk9l2ttcIA,A Beginners Guide To Making A Candle,256.0,storyboard,17,136.0,144.0,8.0,https://youtu.be/ZQk9l2ttcIA?t=136s,pour_wax,assemble,1,0.8,pouring into glasses
ZQk9l2ttcIA,https://www.youtube.com/watch?v=ZQk9l2ttcIA,A Beginners Guide To Making A Candle,256.0,storyboard,18,144.0,152.0,8.0,https://youtu.be/ZQk9l2ttcIA?t=144s,pour_wax,assemble,1,0.4,pink/red colour appears
ZQk9l2ttcIA,https://www.youtube.com/watch?v=ZQk9l2ttcIA,A Beginners Guide To Making A Candle,256.0,storyboard,19,152.0,160.0,8.0,https://youtu.be/ZQk9l2ttcIA?t=152s,pour_wax,assemble,1,0.7,pouring pink wax into glasses
ZQk9l2ttcIA,https://www.youtube.com/watch?v=ZQk9l2ttcIA,A Beginners Guide To Making A Candle,256.0,storyboard,20,160.0,168.0,8.0,https://youtu.be/ZQk9l2ttcIA?t=160s,pour_wax,assemble,1,0.55,pink glasses filled
ZQk9l2ttcIA,https://www.youtube.com/watch?v=ZQk9l2ttcIA,A Beginners Guide To Making A Candle,256.0,storyboard,21,168.0,176.0,8.0,https://youtu.be/ZQk9l2ttcIA?t=168s,cure_cool,assemble,1,0.6,row of filled glasses setting
ZQk9l2ttcIA,https://www.youtube.com/watch?v=ZQk9l2ttcIA,A Beginners Guide To Making A Candle,256.0,storyboard,22,176.0,184.0,8.0,https://youtu.be/ZQk9l2ttcIA?t=176s,cure_cool,assemble,1,0.6,pink candles cooling
ZQk9l2ttcIA,https://www.youtube.com/watch?v=ZQk9l2ttcIA,A Beginners Guide To Making A Candle,256.0,storyboard,23,184.0,192.0,8.0,https://youtu.be/ZQk9l2ttcIA?t=184s,set_wick,assemble,1,0.45,hands adjusting wicks
ZQk9l2ttcIA,https://www.youtube.com/watch?v=ZQk9l2ttcIA,A Beginners Guide To Making A Candle,256.0,storyboard,24,192.0,200.0,8.0,https://youtu.be/ZQk9l2ttcIA?t=192s,decorate_finish,finish,1,0.5,sprinkling petals on top
ZQk9l2ttcIA,https://www.youtube.com/watch?v=ZQk9l2ttcIA,A Beginners Guide To Making A Candle,256.0,storyboard,25,200.0,208.0,8.0,https://youtu.be/ZQk9l2ttcIA?t=200s,decorate_finish,finish,1,0.6,decorating candle tops with petals
ZQk9l2ttcIA,https://www.youtube.com/watch?v=ZQk9l2ttcIA,A Beginners Guide To Making A Candle,256.0,storyboard,26,208.0,216.0,8.0,https://youtu.be/ZQk9l2ttcIA?t=208s,reveal_result,finish,1,0.75,finished pink candles beauty shot
ZQk9l2ttcIA,https://www.youtube.com/watch?v=ZQk9l2ttcIA,A Beginners Guide To Making A Candle,256.0,storyboard,27,216.0,224.0,8.0,https://youtu.be/ZQk9l2ttcIA?t=216s,outro_cta,aux,0,0.7,Cosy Owl outro end card
ZQk9l2ttcIA,https://www.youtube.com/watch?v=ZQk9l2ttcIA,A Beginners Guide To Making A Candle,256.0,storyboard,28,224.0,232.0,8.0,https://youtu.be/ZQk9l2ttcIA?t=224s,transition,aux,0,0.4,blank/black padding frame
ZQk9l2ttcIA,https://www.youtube.com/watch?v=ZQk9l2ttcIA,A Beginners Guide To Making A Candle,256.0,storyboard,29,232.0,240.0,8.0,https://youtu.be/ZQk9l2ttcIA?t=232s,transition,aux,0,0.4,blank/black padding frame
ZQk9l2ttcIA,https://www.youtube.com/watch?v=ZQk9l2ttcIA,A Beginners Guide To Making A Candle,256.0,storyboard,30,240.0,248.0,8.0,https://youtu.be/ZQk9l2ttcIA?t=240s,transition,aux,0,0.4,blank/black padding frame
ZQk9l2ttcIA,https://www.youtube.com/watch?v=ZQk9l2ttcIA,A Beginners Guide To Making A Candle,256.0,storyboard,31,248.0,256.0,8.0,https://youtu.be/ZQk9l2ttcIA?t=248s,transition,aux,0,0.4,blank/black padding frame
bOutp9y0oxE,https://www.youtube.com/watch?v=bOutp9y0oxE,Tealight Candle Making At Home 😱/ Tea Light Candles Holder / diwali decoration Idea 2025/DIY Candle🥰,83.0,storyboard,0,0.0,8.3,8.3,https://youtu.be/bOutp9y0oxE?t=0s,gather_materials,prep,1,0.5,A metal tin holds white wax/old-candle pieces on a table; hands begin to handle them (SUBSCRIBE overlay present).
bOutp9y0oxE,https://www.youtube.com/watch?v=bOutp9y0oxE,Tealight Candle Making At Home 😱/ Tea Light Candles Holder / diwali decoration Idea 2025/DIY Candle🥰,83.0,storyboard,1,8.3,16.6,8.3,https://youtu.be/bOutp9y0oxE?t=8s,measure_wax,prep,1,0.5,"White wax chunks in the tin are arranged with a tool, prepping the wax to melt."
bOutp9y0oxE,https://www.youtube.com/watch?v=bOutp9y0oxE,Tealight Candle Making At Home 😱/ Tea Light Candles Holder / diwali decoration Idea 2025/DIY Candle🥰,83.0,storyboard,2,16.6,24.9,8.3,https://youtu.be/bOutp9y0oxE?t=17s,melt_wax,process,1,0.55,The wax has melted to a pink liquid in the tin (colourant already added); caption 'Use to Paper Cup'.
bOutp9y0oxE,https://www.youtube.com/watch?v=bOutp9y0oxE,Tealight Candle Making At Home 😱/ Tea Light Candles Holder / diwali decoration Idea 2025/DIY Candle🥰,83.0,storyboard,3,24.9,33.2,8.3,https://youtu.be/bOutp9y0oxE?t=25s,add_dye_color,process,1,0.45,Pink molten wax with a dropper; a paper cup mould is readied beside it.
bOutp9y0oxE,https://www.youtube.com/watch?v=bOutp9y0oxE,Tealight Candle Making At Home 😱/ Tea Light Candles Holder / diwali decoration Idea 2025/DIY Candle🥰,83.0,storyboard,4,33.2,41.5,8.3,https://youtu.be/bOutp9y0oxE?t=33s,pour_wax,assemble,1,0.65,The pink molten wax is poured from the tin into a small paper cup mould.
bOutp9y0oxE,https://www.youtube.com/watch?v=bOutp9y0oxE,Tealight Candle Making At Home 😱/ Tea Light Candles Holder / diwali decoration Idea 2025/DIY Candle🥰,83.0,storyboard,5,41.5,49.8,8.3,https://youtu.be/bOutp9y0oxE?t=42s,set_wick,assemble,1,0.55,A white wick is inserted into the centre of the pink-filled cup; scissors nearby.
bOutp9y0oxE,https://www.youtube.com/watch?v=bOutp9y0oxE,Tealight Candle Making At Home 😱/ Tea Light Candles Holder / diwali decoration Idea 2025/DIY Candle🥰,83.0,storyboard,6,49.8,58.1,8.3,https://youtu.be/bOutp9y0oxE?t=50s,decorate_finish,finish,1,0.5,Hands hold the set candle and begin peeling the paper cup away from the moulded pink wax.
bOutp9y0oxE,https://www.youtube.com/watch?v=bOutp9y0oxE,Tealight Candle Making At Home 😱/ Tea Light Candles Holder / diwali decoration Idea 2025/DIY Candle🥰,83.0,storyboard,7,58.1,66.4,8.3,https://youtu.be/bOutp9y0oxE?t=58s,decorate_finish,finish,1,0.55,"The paper cup is peeled off and trimmed with scissors, unmoulding the pink candle."
bOutp9y0oxE,https://www.youtube.com/watch?v=bOutp9y0oxE,Tealight Candle Making At Home 😱/ Tea Light Candles Holder / diwali decoration Idea 2025/DIY Candle🥰,83.0,storyboard,8,66.4,74.7,8.3,https://youtu.be/bOutp9y0oxE?t=66s,reveal_result,finish,1,0.6,A hand holds up the demoulded pink moulded candle.
bOutp9y0oxE,https://www.youtube.com/watch?v=bOutp9y0oxE,Tealight Candle Making At Home 😱/ Tea Light Candles Holder / diwali decoration Idea 2025/DIY Candle🥰,83.0,storyboard,9,74.7,83.0,8.3,https://youtu.be/bOutp9y0oxE?t=75s,reveal_result,finish,1,0.65,Final shot of the finished pink tealight-style candle held to camera.
dFPnxVWvd6A,https://www.youtube.com/watch?v=dFPnxVWvd6A,DIY Color Block Candles,76.0,storyboard,0,0.0,7.6,7.6,https://youtu.be/dFPnxVWvd6A?t=0s,intro_titlecard,intro,0,0.5,"A finished diagonally-layered colour-block candle is teased, then a hand sets out white supplies on a table."
dFPnxVWvd6A,https://www.youtube.com/watch?v=dFPnxVWvd6A,DIY Color Block Candles,76.0,storyboard,1,7.6,15.2,7.6,https://youtu.be/dFPnxVWvd6A?t=8s,prepare_container,prep,1,0.6,A hot-glue gun fixes a wick to the base of a clear glass; hands centre the wick.
dFPnxVWvd6A,https://www.youtube.com/watch?v=dFPnxVWvd6A,DIY Color Block Candles,76.0,storyboard,2,15.2,22.8,7.6,https://youtu.be/dFPnxVWvd6A?t=15s,add_dye_color,process,1,0.5,Four small dishes of crayon pieces (caption 'CRAYONS') are set up as colourant for the wax.
dFPnxVWvd6A,https://www.youtube.com/watch?v=dFPnxVWvd6A,DIY Color Block Candles,76.0,storyboard,3,22.8,30.4,7.6,https://youtu.be/dFPnxVWvd6A?t=23s,melt_wax,process,1,0.55,Captions 'HEAT 10 MINS' and 'ESSENTIAL OIL OPTIONAL'; the coloured crayon-wax dishes melt.
dFPnxVWvd6A,https://www.youtube.com/watch?v=dFPnxVWvd6A,DIY Color Block Candles,76.0,storyboard,4,30.4,38.0,7.6,https://youtu.be/dFPnxVWvd6A?t=30s,pour_wax,assemble,1,0.6,First coloured layer poured into the glass held at a tilt (caption 'ESSENTIAL OIL OPTIONAL'); a chopstick supports the angle.
dFPnxVWvd6A,https://www.youtube.com/watch?v=dFPnxVWvd6A,DIY Color Block Candles,76.0,storyboard,5,38.0,45.6,7.6,https://youtu.be/dFPnxVWvd6A?t=38s,pour_wax,assemble,1,0.7,Blue layer set; teal molten wax is poured into the tilted glass to build a diagonal stripe.
dFPnxVWvd6A,https://www.youtube.com/watch?v=dFPnxVWvd6A,DIY Color Block Candles,76.0,storyboard,6,45.6,53.2,7.6,https://youtu.be/dFPnxVWvd6A?t=46s,pour_wax,assemble,1,0.7,"Successive teal/green layers poured into the tilted glass, forming angled colour blocks."
dFPnxVWvd6A,https://www.youtube.com/watch?v=dFPnxVWvd6A,DIY Color Block Candles,76.0,storyboard,7,53.2,60.8,7.6,https://youtu.be/dFPnxVWvd6A?t=53s,pour_wax,assemble,1,0.65,Green layer poured; the glass now shows diagonal blue/teal/green bands.
dFPnxVWvd6A,https://www.youtube.com/watch?v=dFPnxVWvd6A,DIY Color Block Candles,76.0,storyboard,8,60.8,68.4,7.6,https://youtu.be/dFPnxVWvd6A?t=61s,reveal_result,finish,1,0.55,"Hands level the glass, then a finished multicolour layered candle is shown lit."
dFPnxVWvd6A,https://www.youtube.com/watch?v=dFPnxVWvd6A,DIY Color Block Candles,76.0,storyboard,9,68.4,76.0,7.6,https://youtu.be/dFPnxVWvd6A?t=68s,reveal_result,finish,1,0.6,Beauty shot of the finished colour-block candle burning; 'DIY PROJECTS' logo.
hFXp2bgxQh8,https://www.youtube.com/watch?v=hFXp2bgxQh8,how to easily set up a wooden wick 🕯️ candle making tips,107.0,storyboard,0,0.0,8.23,8.23,https://youtu.be/hFXp2bgxQh8?t=0s,intro_titlecard,intro,0,0.55,"Host (long braid, white outfit) stands in a bright studio with candle shelves, introducing a wooden-wick setup tutorial."
hFXp2bgxQh8,https://www.youtube.com/watch?v=hFXp2bgxQh8,how to easily set up a wooden wick 🕯️ candle making tips,107.0,storyboard,1,8.23,16.46,8.23,https://youtu.be/hFXp2bgxQh8?t=8s,gather_materials,prep,1,0.55,Close-up on white marble of wooden-wick clips and a green dish; caption 'WOODEN WICK CLIPS'.
hFXp2bgxQh8,https://www.youtube.com/watch?v=hFXp2bgxQh8,how to easily set up a wooden wick 🕯️ candle making tips,107.0,storyboard,2,16.46,24.69,8.23,https://youtu.be/hFXp2bgxQh8?t=16s,prepare_container,prep,1,0.55,A wooden wick height is measured against a vessel with a ruler before trimming.
hFXp2bgxQh8,https://www.youtube.com/watch?v=hFXp2bgxQh8,how to easily set up a wooden wick 🕯️ candle making tips,107.0,storyboard,3,24.69,32.92,8.23,https://youtu.be/hFXp2bgxQh8?t=25s,prepare_container,prep,1,0.6,Hands handle a wick sticker and the glass vessel; captions 'WICK STICKERS' and 'CANDLE VESSEL'.
hFXp2bgxQh8,https://www.youtube.com/watch?v=hFXp2bgxQh8,how to easily set up a wooden wick 🕯️ candle making tips,107.0,storyboard,4,32.92,41.15,8.23,https://youtu.be/hFXp2bgxQh8?t=33s,prepare_container,prep,1,0.6,A wooden wick is seated into its metal clip; captions 'CANDLE VESSEL' / 'WOODEN WICKS'.
hFXp2bgxQh8,https://www.youtube.com/watch?v=hFXp2bgxQh8,how to easily set up a wooden wick 🕯️ candle making tips,107.0,storyboard,5,41.15,49.38,8.23,https://youtu.be/hFXp2bgxQh8?t=41s,prepare_container,prep,1,0.6,Hands assemble the wooden wick into the metal base clip on the marble surface.
hFXp2bgxQh8,https://www.youtube.com/watch?v=hFXp2bgxQh8,how to easily set up a wooden wick 🕯️ candle making tips,107.0,storyboard,6,49.38,57.62,8.24,https://youtu.be/hFXp2bgxQh8?t=49s,prepare_container,prep,1,0.6,The wick-and-clip assembly is positioned and pressed toward the glass vessel.
hFXp2bgxQh8,https://www.youtube.com/watch?v=hFXp2bgxQh8,how to easily set up a wooden wick 🕯️ candle making tips,107.0,storyboard,7,57.62,65.85,8.23,https://youtu.be/hFXp2bgxQh8?t=58s,prepare_container,prep,1,0.6,Hands press the wick sticker/clip onto the inside base of the empty glass vessel.
hFXp2bgxQh8,https://www.youtube.com/watch?v=hFXp2bgxQh8,how to easily set up a wooden wick 🕯️ candle making tips,107.0,storyboard,8,65.85,74.08,8.23,https://youtu.be/hFXp2bgxQh8?t=66s,prepare_container,prep,1,0.6,The wooden wick is fixed to the bottom of the glass; a green dish of supplies nearby.
hFXp2bgxQh8,https://www.youtube.com/watch?v=hFXp2bgxQh8,how to easily set up a wooden wick 🕯️ candle making tips,107.0,storyboard,9,74.08,82.31,8.23,https://youtu.be/hFXp2bgxQh8?t=74s,set_wick,assemble,1,0.55,Hands centre and adjust the wooden wick upright in the empty glass vessel.
hFXp2bgxQh8,https://www.youtube.com/watch?v=hFXp2bgxQh8,how to easily set up a wooden wick 🕯️ candle making tips,107.0,storyboard,10,82.31,90.54,8.23,https://youtu.be/hFXp2bgxQh8?t=82s,talking_head,aux,0,0.6,Host returns to camera in the studio to explain the setup.
hFXp2bgxQh8,https://www.youtube.com/watch?v=hFXp2bgxQh8,how to easily set up a wooden wick 🕯️ candle making tips,107.0,storyboard,11,90.54,98.77,8.23,https://youtu.be/hFXp2bgxQh8?t=91s,talking_head,aux,0,0.6,Host continues talking to camera about wooden wicks.
hFXp2bgxQh8,https://www.youtube.com/watch?v=hFXp2bgxQh8,how to easily set up a wooden wick 🕯️ candle making tips,107.0,storyboard,12,98.77,107.0,8.23,https://youtu.be/hFXp2bgxQh8?t=99s,outro_cta,aux,0,0.5,Host wraps up the tutorial to camera.
imxg0XoPkmg,https://www.youtube.com/watch?v=imxg0XoPkmg,DIY Coconut and Beezwax Candle,74.0,storyboard,0,0.0,8.22,8.22,https://youtu.be/imxg0XoPkmg?t=0s,gather_materials,prep,1,0.5,An empty glass mixing bowl sits ready on the counter at the start of the recipe.
imxg0XoPkmg,https://www.youtube.com/watch?v=imxg0XoPkmg,DIY Coconut and Beezwax Candle,74.0,storyboard,1,8.22,16.44,8.22,https://youtu.be/imxg0XoPkmg?t=8s,melt_wax,process,1,0.6,Yellow beeswax pellets in the glass bowl; caption 'Melt 2 cups of beeswax as directed' as a hand begins melting them.
imxg0XoPkmg,https://www.youtube.com/watch?v=imxg0XoPkmg,DIY Coconut and Beezwax Candle,74.0,storyboard,2,16.44,24.67,8.23,https://youtu.be/imxg0XoPkmg?t=16s,melt_wax,process,1,0.5,Amber molten oil is whisked; caption 'Mix 1 cup of coconut oil' — coconut oil blended into the melted beeswax base.
imxg0XoPkmg,https://www.youtube.com/watch?v=imxg0XoPkmg,DIY Coconut and Beezwax Candle,74.0,storyboard,3,24.67,32.89,8.22,https://youtu.be/imxg0XoPkmg?t=25s,add_fragrance,process,1,0.65,Caption 'Add in essential oils and mix'; the amber liquid is whisked to blend in the fragrance.
imxg0XoPkmg,https://www.youtube.com/watch?v=imxg0XoPkmg,DIY Coconut and Beezwax Candle,74.0,storyboard,4,32.89,41.11,8.22,https://youtu.be/imxg0XoPkmg?t=33s,prepare_container,prep,1,0.6,Caption 'Tie a piece of string onto chopsticks'; hands tie a wick string to a chopstick to suspend it across the jar.
imxg0XoPkmg,https://www.youtube.com/watch?v=imxg0XoPkmg,DIY Coconut and Beezwax Candle,74.0,storyboard,5,41.11,49.33,8.22,https://youtu.be/imxg0XoPkmg?t=41s,pour_wax,assemble,1,0.65,"An empty mason jar, then the amber wax is poured in; caption 'Pour into jar and let it cool'."
imxg0XoPkmg,https://www.youtube.com/watch?v=imxg0XoPkmg,DIY Coconut and Beezwax Candle,74.0,storyboard,6,49.33,57.56,8.23,https://youtu.be/imxg0XoPkmg?t=49s,cure_cool,assemble,1,0.6,Filled jar with the wick chopstick laid across the rim; caption 'let it cool' as the wax begins turning opaque.
imxg0XoPkmg,https://www.youtube.com/watch?v=imxg0XoPkmg,DIY Coconut and Beezwax Candle,74.0,storyboard,7,57.56,65.78,8.22,https://youtu.be/imxg0XoPkmg?t=58s,cure_cool,assemble,1,0.55,The wax solidifies to an opaque pale-green; caption transitions toward 'Light your candle'.
imxg0XoPkmg,https://www.youtube.com/watch?v=imxg0XoPkmg,DIY Coconut and Beezwax Candle,74.0,storyboard,8,65.78,74.0,8.22,https://youtu.be/imxg0XoPkmg?t=66s,reveal_result,finish,1,0.6,Finished opaque beeswax-coconut candle in the jar; caption 'Light your candle'.
jJWl9Kpwbno,https://www.youtube.com/watch?v=jJWl9Kpwbno,How to Make Candles in 5 Minutes (Crash Course) | DIY Candle Making for Beginners,442.0,storyboard,0,0.0,8.04,8.04,https://youtu.be/jJWl9Kpwbno?t=0s,intro_titlecard,intro,0,0.55,host opening to camera
jJWl9Kpwbno,https://www.youtube.com/watch?v=jJWl9Kpwbno,How to Make Candles in 5 Minutes (Crash Course) | DIY Candle Making for Beginners,442.0,storyboard,1,8.04,16.07,8.03,https://youtu.be/jJWl9Kpwbno?t=8s,talking_head,aux,0,0.7,host talking to camera
jJWl9Kpwbno,https://www.youtube.com/watch?v=jJWl9Kpwbno,How to Make Candles in 5 Minutes (Crash Course) | DIY Candle Making for Beginners,442.0,storyboard,2,16.07,24.11,8.04,https://youtu.be/jJWl9Kpwbno?t=16s,talking_head,aux,0,0.7,host talking to camera
jJWl9Kpwbno,https://www.youtube.com/watch?v=jJWl9Kpwbno,How to Make Candles in 5 Minutes (Crash Course) | DIY Candle Making for Beginners,442.0,storyboard,3,24.11,32.15,8.04,https://youtu.be/jJWl9Kpwbno?t=24s,talking_head,aux,0,0.7,host talking to camera
jJWl9Kpwbno,https://www.youtube.com/watch?v=jJWl9Kpwbno,How to Make Candles in 5 Minutes (Crash Course) | DIY Candle Making for Beginners,442.0,storyboard,4,32.15,40.18,8.03,https://youtu.be/jJWl9Kpwbno?t=32s,talking_head,aux,0,0.7,host talking to camera
jJWl9Kpwbno,https://www.youtube.com/watch?v=jJWl9Kpwbno,How to Make Candles in 5 Minutes (Crash Course) | DIY Candle Making for Beginners,442.0,storyboard,5,40.18,48.22,8.04,https://youtu.be/jJWl9Kpwbno?t=40s,talking_head,aux,0,0.6,"host talking, subscribe button overlay"
jJWl9Kpwbno,https://www.youtube.com/watch?v=jJWl9Kpwbno,How to Make Candles in 5 Minutes (Crash Course) | DIY Candle Making for Beginners,442.0,storyboard,6,48.22,56.25,8.03,https://youtu.be/jJWl9Kpwbno?t=48s,talking_head,aux,0,0.6,"host talking, on-screen card"
jJWl9Kpwbno,https://www.youtube.com/watch?v=jJWl9Kpwbno,How to Make Candles in 5 Minutes (Crash Course) | DIY Candle Making for Beginners,442.0,storyboard,7,56.25,64.29,8.04,https://youtu.be/jJWl9Kpwbno?t=56s,talking_head,aux,0,0.7,host talking to camera
jJWl9Kpwbno,https://www.youtube.com/watch?v=jJWl9Kpwbno,How to Make Candles in 5 Minutes (Crash Course) | DIY Candle Making for Beginners,442.0,storyboard,8,64.29,72.33,8.04,https://youtu.be/jJWl9Kpwbno?t=64s,talking_head,aux,0,0.6,"host talking, overlay"
jJWl9Kpwbno,https://www.youtube.com/watch?v=jJWl9Kpwbno,How to Make Candles in 5 Minutes (Crash Course) | DIY Candle Making for Beginners,442.0,storyboard,9,72.33,80.36,8.03,https://youtu.be/jJWl9Kpwbno?t=72s,talking_head,aux,0,0.7,host talking to camera
jJWl9Kpwbno,https://www.youtube.com/watch?v=jJWl9Kpwbno,How to Make Candles in 5 Minutes (Crash Course) | DIY Candle Making for Beginners,442.0,storyboard,10,80.36,88.4,8.04,https://youtu.be/jJWl9Kpwbno?t=80s,talking_head,aux,0,0.7,host talking to camera
jJWl9Kpwbno,https://www.youtube.com/watch?v=jJWl9Kpwbno,How to Make Candles in 5 Minutes (Crash Course) | DIY Candle Making for Beginners,442.0,storyboard,11,88.4,96.44,8.04,https://youtu.be/jJWl9Kpwbno?t=88s,talking_head,aux,0,0.7,host talking to camera
jJWl9Kpwbno,https://www.youtube.com/watch?v=jJWl9Kpwbno,How to Make Candles in 5 Minutes (Crash Course) | DIY Candle Making for Beginners,442.0,storyboard,12,96.44,104.47,8.03,https://youtu.be/jJWl9Kpwbno?t=96s,talking_head,aux,0,0.7,host talking to camera
jJWl9Kpwbno,https://www.youtube.com/watch?v=jJWl9Kpwbno,How to Make Candles in 5 Minutes (Crash Course) | DIY Candle Making for Beginners,442.0,storyboard,13,104.47,112.51,8.04,https://youtu.be/jJWl9Kpwbno?t=104s,transition,aux,0,0.55,'About Wicks' educational graphic insert
jJWl9Kpwbno,https://www.youtube.com/watch?v=jJWl9Kpwbno,How to Make Candles in 5 Minutes (Crash Course) | DIY Candle Making for Beginners,442.0,storyboard,14,112.51,120.55,8.04,https://youtu.be/jJWl9Kpwbno?t=113s,transition,aux,0,0.5,animated graphic insert
jJWl9Kpwbno,https://www.youtube.com/watch?v=jJWl9Kpwbno,How to Make Candles in 5 Minutes (Crash Course) | DIY Candle Making for Beginners,442.0,storyboard,15,120.55,128.58,8.03,https://youtu.be/jJWl9Kpwbno?t=121s,transition,aux,0,0.5,pile of wax flakes b-roll
jJWl9Kpwbno,https://www.youtube.com/watch?v=jJWl9Kpwbno,How to Make Candles in 5 Minutes (Crash Course) | DIY Candle Making for Beginners,442.0,storyboard,16,128.58,136.62,8.04,https://youtu.be/jJWl9Kpwbno?t=129s,transition,aux,0,0.6,'NEW CANDLE MAKER WATCH THIS FIRST' card
jJWl9Kpwbno,https://www.youtube.com/watch?v=jJWl9Kpwbno,How to Make Candles in 5 Minutes (Crash Course) | DIY Candle Making for Beginners,442.0,storyboard,17,136.62,144.65,8.03,https://youtu.be/jJWl9Kpwbno?t=137s,gather_materials,prep,1,0.45,host at workbench with materials
jJWl9Kpwbno,https://www.youtube.com/watch?v=jJWl9Kpwbno,How to Make Candles in 5 Minutes (Crash Course) | DIY Candle Making for Beginners,442.0,storyboard,18,144.65,152.69,8.04,https://youtu.be/jJWl9Kpwbno?t=145s,measure_wax,prep,1,0.55,pouring pitcher with flakes
jJWl9Kpwbno,https://www.youtube.com/watch?v=jJWl9Kpwbno,How to Make Candles in 5 Minutes (Crash Course) | DIY Candle Making for Beginners,442.0,storyboard,19,152.69,160.73,8.04,https://youtu.be/jJWl9Kpwbno?t=153s,melt_wax,process,1,0.45,liquid wax b-roll
jJWl9Kpwbno,https://www.youtube.com/watch?v=jJWl9Kpwbno,How to Make Candles in 5 Minutes (Crash Course) | DIY Candle Making for Beginners,442.0,storyboard,20,160.73,168.76,8.03,https://youtu.be/jJWl9Kpwbno?t=161s,talking_head,aux,0,0.7,host talking to camera
jJWl9Kpwbno,https://www.youtube.com/watch?v=jJWl9Kpwbno,How to Make Candles in 5 Minutes (Crash Course) | DIY Candle Making for Beginners,442.0,storyboard,21,168.76,176.8,8.04,https://youtu.be/jJWl9Kpwbno?t=169s,talking_head,aux,0,0.7,host talking to camera
jJWl9Kpwbno,https://www.youtube.com/watch?v=jJWl9Kpwbno,How to Make Candles in 5 Minutes (Crash Course) | DIY Candle Making for Beginners,442.0,storyboard,22,176.8,184.84,8.04,https://youtu.be/jJWl9Kpwbno?t=177s,gather_materials,prep,1,0.4,bowls of dye / materials
jJWl9Kpwbno,https://www.youtube.com/watch?v=jJWl9Kpwbno,How to Make Candles in 5 Minutes (Crash Course) | DIY Candle Making for Beginners,442.0,storyboard,23,184.84,192.87,8.03,https://youtu.be/jJWl9Kpwbno?t=185s,gather_materials,prep,1,0.6,'Fragrance Oils' card with bottles
jJWl9Kpwbno,https://www.youtube.com/watch?v=jJWl9Kpwbno,How to Make Candles in 5 Minutes (Crash Course) | DIY Candle Making for Beginners,442.0,storyboard,24,192.87,200.91,8.04,https://youtu.be/jJWl9Kpwbno?t=193s,gather_materials,prep,1,0.45,row of jars b-roll
jJWl9Kpwbno,https://www.youtube.com/watch?v=jJWl9Kpwbno,How to Make Candles in 5 Minutes (Crash Course) | DIY Candle Making for Beginners,442.0,storyboard,25,200.91,208.95,8.04,https://youtu.be/jJWl9Kpwbno?t=201s,gather_materials,prep,1,0.4,metal pot b-roll
jJWl9Kpwbno,https://www.youtube.com/watch?v=jJWl9Kpwbno,How to Make Candles in 5 Minutes (Crash Course) | DIY Candle Making for Beginners,442.0,storyboard,26,208.95,216.98,8.03,https://youtu.be/jJWl9Kpwbno?t=209s,gather_materials,prep,1,0.4,containers b-roll
jJWl9Kpwbno,https://www.youtube.com/watch?v=jJWl9Kpwbno,How to Make Candles in 5 Minutes (Crash Course) | DIY Candle Making for Beginners,442.0,storyboard,27,216.98,225.02,8.04,https://youtu.be/jJWl9Kpwbno?t=217s,talking_head,aux,0,0.7,host talking to camera
jJWl9Kpwbno,https://www.youtube.com/watch?v=jJWl9Kpwbno,How to Make Candles in 5 Minutes (Crash Course) | DIY Candle Making for Beginners,442.0,storyboard,28,225.02,233.05,8.03,https://youtu.be/jJWl9Kpwbno?t=225s,transition,aux,0,0.6,fragrance-ratio text caption
jJWl9Kpwbno,https://www.youtube.com/watch?v=jJWl9Kpwbno,How to Make Candles in 5 Minutes (Crash Course) | DIY Candle Making for Beginners,442.0,storyboard,29,233.05,241.09,8.04,https://youtu.be/jJWl9Kpwbno?t=233s,transition,aux,0,0.6,fragrance-ratio text caption
jJWl9Kpwbno,https://www.youtube.com/watch?v=jJWl9Kpwbno,How to Make Candles in 5 Minutes (Crash Course) | DIY Candle Making for Beginners,442.0,storyboard,30,241.09,249.13,8.04,https://youtu.be/jJWl9Kpwbno?t=241s,transition,aux,0,0.4,shelf of jars b-roll
jJWl9Kpwbno,https://www.youtube.com/watch?v=jJWl9Kpwbno,How to Make Candles in 5 Minutes (Crash Course) | DIY Candle Making for Beginners,442.0,storyboard,31,249.13,257.16,8.03,https://youtu.be/jJWl9Kpwbno?t=249s,transition,aux,0,0.5,blank/black frame
jJWl9Kpwbno,https://www.youtube.com/watch?v=jJWl9Kpwbno,How to Make Candles in 5 Minutes (Crash Course) | DIY Candle Making for Beginners,442.0,storyboard,32,257.16,265.2,8.04,https://youtu.be/jJWl9Kpwbno?t=257s,talking_head,aux,0,0.7,host talking to camera
jJWl9Kpwbno,https://www.youtube.com/watch?v=jJWl9Kpwbno,How to Make Candles in 5 Minutes (Crash Course) | DIY Candle Making for Beginners,442.0,storyboard,33,265.2,273.24,8.04,https://youtu.be/jJWl9Kpwbno?t=265s,talking_head,aux,0,0.6,host talking to camera
jJWl9Kpwbno,https://www.youtube.com/watch?v=jJWl9Kpwbno,How to Make Candles in 5 Minutes (Crash Course) | DIY Candle Making for Beginners,442.0,storyboard,34,273.24,281.27,8.03,https://youtu.be/jJWl9Kpwbno?t=273s,transition,aux,0,0.6,'Keep Wicks Centered' diagram insert
jJWl9Kpwbno,https://www.youtube.com/watch?v=jJWl9Kpwbno,How to Make Candles in 5 Minutes (Crash Course) | DIY Candle Making for Beginners,442.0,storyboard,35,281.27,289.31,8.04,https://youtu.be/jJWl9Kpwbno?t=281s,gather_materials,prep,1,0.4,coloured wax pile b-roll
jJWl9Kpwbno,https://www.youtube.com/watch?v=jJWl9Kpwbno,How to Make Candles in 5 Minutes (Crash Course) | DIY Candle Making for Beginners,442.0,storyboard,36,289.31,297.35,8.04,https://youtu.be/jJWl9Kpwbno?t=289s,talking_head,aux,0,0.7,host talking to camera
jJWl9Kpwbno,https://www.youtube.com/watch?v=jJWl9Kpwbno,How to Make Candles in 5 Minutes (Crash Course) | DIY Candle Making for Beginners,442.0,storyboard,37,297.35,305.38,8.03,https://youtu.be/jJWl9Kpwbno?t=297s,cure_cool,assemble,1,0.5,'Let candles cool/cure' caption
jJWl9Kpwbno,https://www.youtube.com/watch?v=jJWl9Kpwbno,How to Make Candles in 5 Minutes (Crash Course) | DIY Candle Making for Beginners,442.0,storyboard,38,305.38,313.42,8.04,https://youtu.be/jJWl9Kpwbno?t=305s,gather_materials,prep,1,0.45,honeycomb wax pile b-roll
jJWl9Kpwbno,https://www.youtube.com/watch?v=jJWl9Kpwbno,How to Make Candles in 5 Minutes (Crash Course) | DIY Candle Making for Beginners,442.0,storyboard,39,313.42,321.45,8.03,https://youtu.be/jJWl9Kpwbno?t=313s,talking_head,aux,0,0.7,host talking to camera
jJWl9Kpwbno,https://www.youtube.com/watch?v=jJWl9Kpwbno,How to Make Candles in 5 Minutes (Crash Course) | DIY Candle Making for Beginners,442.0,storyboard,40,321.45,329.49,8.04,https://youtu.be/jJWl9Kpwbno?t=321s,talking_head,aux,0,0.5,graphic insert
jJWl9Kpwbno,https://www.youtube.com/watch?v=jJWl9Kpwbno,How to Make Candles in 5 Minutes (Crash Course) | DIY Candle Making for Beginners,442.0,storyboard,41,329.49,337.53,8.04,https://youtu.be/jJWl9Kpwbno?t=329s,talking_head,aux,0,0.7,host talking to camera
jJWl9Kpwbno,https://www.youtube.com/watch?v=jJWl9Kpwbno,How to Make Candles in 5 Minutes (Crash Course) | DIY Candle Making for Beginners,442.0,storyboard,42,337.53,345.56,8.03,https://youtu.be/jJWl9Kpwbno?t=338s,talking_head,aux,0,0.7,host talking to camera
jJWl9Kpwbno,https://www.youtube.com/watch?v=jJWl9Kpwbno,How to Make Candles in 5 Minutes (Crash Course) | DIY Candle Making for Beginners,442.0,storyboard,43,345.56,353.6,8.04,https://youtu.be/jJWl9Kpwbno?t=346s,talking_head,aux,0,0.7,host talking to camera
jJWl9Kpwbno,https://www.youtube.com/watch?v=jJWl9Kpwbno,How to Make Candles in 5 Minutes (Crash Course) | DIY Candle Making for Beginners,442.0,storyboard,44,353.6,361.64,8.04,https://youtu.be/jJWl9Kpwbno?t=354s,talking_head,aux,0,0.7,host talking to camera
jJWl9Kpwbno,https://www.youtube.com/watch?v=jJWl9Kpwbno,How to Make Candles in 5 Minutes (Crash Course) | DIY Candle Making for Beginners,442.0,storyboard,45,361.64,369.67,8.03,https://youtu.be/jJWl9Kpwbno?t=362s,talking_head,aux,0,0.7,host talking to camera
jJWl9Kpwbno,https://www.youtube.com/watch?v=jJWl9Kpwbno,How to Make Candles in 5 Minutes (Crash Course) | DIY Candle Making for Beginners,442.0,storyboard,46,369.67,377.71,8.04,https://youtu.be/jJWl9Kpwbno?t=370s,talking_head,aux,0,0.7,host talking to camera
jJWl9Kpwbno,https://www.youtube.com/watch?v=jJWl9Kpwbno,How to Make Candles in 5 Minutes (Crash Course) | DIY Candle Making for Beginners,442.0,storyboard,47,377.71,385.75,8.04,https://youtu.be/jJWl9Kpwbno?t=378s,talking_head,aux,0,0.7,host talking to camera
jJWl9Kpwbno,https://www.youtube.com/watch?v=jJWl9Kpwbno,How to Make Candles in 5 Minutes (Crash Course) | DIY Candle Making for Beginners,442.0,storyboard,48,385.75,393.78,8.03,https://youtu.be/jJWl9Kpwbno?t=386s,talking_head,aux,0,0.7,host talking to camera
jJWl9Kpwbno,https://www.youtube.com/watch?v=jJWl9Kpwbno,How to Make Candles in 5 Minutes (Crash Course) | DIY Candle Making for Beginners,442.0,storyboard,49,393.78,401.82,8.04,https://youtu.be/jJWl9Kpwbno?t=394s,talking_head,aux,0,0.7,host talking to camera
jJWl9Kpwbno,https://www.youtube.com/watch?v=jJWl9Kpwbno,How to Make Candles in 5 Minutes (Crash Course) | DIY Candle Making for Beginners,442.0,storyboard,50,401.82,409.85,8.03,https://youtu.be/jJWl9Kpwbno?t=402s,talking_head,aux,0,0.7,host talking to camera
jJWl9Kpwbno,https://www.youtube.com/watch?v=jJWl9Kpwbno,How to Make Candles in 5 Minutes (Crash Course) | DIY Candle Making for Beginners,442.0,storyboard,51,409.85,417.89,8.04,https://youtu.be/jJWl9Kpwbno?t=410s,talking_head,aux,0,0.7,host talking to camera
jJWl9Kpwbno,https://www.youtube.com/watch?v=jJWl9Kpwbno,How to Make Candles in 5 Minutes (Crash Course) | DIY Candle Making for Beginners,442.0,storyboard,52,417.89,425.93,8.04,https://youtu.be/jJWl9Kpwbno?t=418s,talking_head,aux,0,0.7,host talking to camera
jJWl9Kpwbno,https://www.youtube.com/watch?v=jJWl9Kpwbno,How to Make Candles in 5 Minutes (Crash Course) | DIY Candle Making for Beginners,442.0,storyboard,53,425.93,433.96,8.03,https://youtu.be/jJWl9Kpwbno?t=426s,talking_head,aux,0,0.7,host talking to camera
jJWl9Kpwbno,https://www.youtube.com/watch?v=jJWl9Kpwbno,How to Make Candles in 5 Minutes (Crash Course) | DIY Candle Making for Beginners,442.0,storyboard,54,433.96,442.0,8.04,https://youtu.be/jJWl9Kpwbno?t=434s,outro_cta,aux,0,0.5,closing remarks to camera
oMSta9suaQ8,https://www.youtube.com/watch?v=oMSta9suaQ8,How to make marble candles // Marble candle tutorial // DIY marbled candles,115.0,storyboard,0,0.0,8.21,8.21,https://youtu.be/oMSta9suaQ8?t=0s,intro_titlecard,intro,0,0.5,Opens from black to a host at a pegboard studio with a blue marbled candle teased alongside.
oMSta9suaQ8,https://www.youtube.com/watch?v=oMSta9suaQ8,How to make marble candles // Marble candle tutorial // DIY marbled candles,115.0,storyboard,1,8.21,16.43,8.22,https://youtu.be/oMSta9suaQ8?t=8s,talking_head,aux,0,0.55,Host talks to camera; close-up of the blue-swirl marble candle as a preview.
oMSta9suaQ8,https://www.youtube.com/watch?v=oMSta9suaQ8,How to make marble candles // Marble candle tutorial // DIY marbled candles,115.0,storyboard,2,16.43,24.64,8.21,https://youtu.be/oMSta9suaQ8?t=16s,gather_materials,prep,1,0.5,"Host talks, then overhead view of small glass dishes and supplies on the bench."
oMSta9suaQ8,https://www.youtube.com/watch?v=oMSta9suaQ8,How to make marble candles // Marble candle tutorial // DIY marbled candles,115.0,storyboard,3,24.64,32.86,8.22,https://youtu.be/oMSta9suaQ8?t=25s,add_dye_color,process,1,0.5,Overhead: wax poured from a metal pitcher into dishes with blue dye to make the marble colour.
oMSta9suaQ8,https://www.youtube.com/watch?v=oMSta9suaQ8,How to make marble candles // Marble candle tutorial // DIY marbled candles,115.0,storyboard,4,32.86,41.07,8.21,https://youtu.be/oMSta9suaQ8?t=33s,add_dye_color,process,1,0.5,"Blue tinted wax in a dish, mixed by hand."
oMSta9suaQ8,https://www.youtube.com/watch?v=oMSta9suaQ8,How to make marble candles // Marble candle tutorial // DIY marbled candles,115.0,storyboard,5,41.07,49.29,8.22,https://youtu.be/oMSta9suaQ8?t=41s,pour_wax,assemble,1,0.55,"Hands tilt and rotate a glass, swirling blue wax around the inside to create the marble pattern."
oMSta9suaQ8,https://www.youtube.com/watch?v=oMSta9suaQ8,How to make marble candles // Marble candle tutorial // DIY marbled candles,115.0,storyboard,6,49.29,57.5,8.21,https://youtu.be/oMSta9suaQ8?t=49s,pour_wax,assemble,1,0.55,Continued swirling/tilting of the glass to marble the blue wax up the walls.
oMSta9suaQ8,https://www.youtube.com/watch?v=oMSta9suaQ8,How to make marble candles // Marble candle tutorial // DIY marbled candles,115.0,storyboard,7,57.5,65.71,8.21,https://youtu.be/oMSta9suaQ8?t=58s,pour_wax,assemble,1,0.5,"Host reacts, then overhead pouring from the metal pitcher; a timer is shown."
oMSta9suaQ8,https://www.youtube.com/watch?v=oMSta9suaQ8,How to make marble candles // Marble candle tutorial // DIY marbled candles,115.0,storyboard,8,65.71,73.93,8.22,https://youtu.be/oMSta9suaQ8?t=66s,pour_wax,assemble,1,0.5,The marbled glass rests with a timer to let the pattern set before the fill.
oMSta9suaQ8,https://www.youtube.com/watch?v=oMSta9suaQ8,How to make marble candles // Marble candle tutorial // DIY marbled candles,115.0,storyboard,9,73.93,82.14,8.21,https://youtu.be/oMSta9suaQ8?t=74s,pour_wax,assemble,1,0.6,Clear/white wax poured into the marbled glass over a centring stick to fill it.
oMSta9suaQ8,https://www.youtube.com/watch?v=oMSta9suaQ8,How to make marble candles // Marble candle tutorial // DIY marbled candles,115.0,storyboard,10,82.14,90.36,8.22,https://youtu.be/oMSta9suaQ8?t=82s,pour_wax,assemble,1,0.55,The fill wax rises in the marbled glass; host reacts to the result.
oMSta9suaQ8,https://www.youtube.com/watch?v=oMSta9suaQ8,How to make marble candles // Marble candle tutorial // DIY marbled candles,115.0,storyboard,11,90.36,98.57,8.21,https://youtu.be/oMSta9suaQ8?t=90s,reveal_result,finish,1,0.65,Two finished blue-marble candles shown lit.
oMSta9suaQ8,https://www.youtube.com/watch?v=oMSta9suaQ8,How to make marble candles // Marble candle tutorial // DIY marbled candles,115.0,storyboard,12,98.57,106.79,8.22,https://youtu.be/oMSta9suaQ8?t=99s,talking_head,aux,0,0.55,Host wraps up at the pegboard.
oMSta9suaQ8,https://www.youtube.com/watch?v=oMSta9suaQ8,How to make marble candles // Marble candle tutorial // DIY marbled candles,115.0,storyboard,13,106.79,115.0,8.21,https://youtu.be/oMSta9suaQ8?t=107s,outro_cta,aux,0,0.6,'THANKS FOR WATCHING / SUBSCRIBE' end card.
qlyYdhfU5nA,https://www.youtube.com/watch?v=qlyYdhfU5nA,🎥 Beginner’s Guide to Candle Making | Step-by-Step Tutorial 🕯️,204.0,storyboard,0,0.0,7.85,7.85,https://youtu.be/qlyYdhfU5nA?t=0s,intro_titlecard,intro,0,0.5,black/opening frame into host
qlyYdhfU5nA,https://www.youtube.com/watch?v=qlyYdhfU5nA,🎥 Beginner’s Guide to Candle Making | Step-by-Step Tutorial 🕯️,204.0,storyboard,1,7.85,15.69,7.84,https://youtu.be/qlyYdhfU5nA?t=8s,talking_head,aux,0,0.65,host talking at desk
qlyYdhfU5nA,https://www.youtube.com/watch?v=qlyYdhfU5nA,🎥 Beginner’s Guide to Candle Making | Step-by-Step Tutorial 🕯️,204.0,storyboard,2,15.69,23.54,7.85,https://youtu.be/qlyYdhfU5nA?t=16s,talking_head,aux,0,0.65,host talking at desk
qlyYdhfU5nA,https://www.youtube.com/watch?v=qlyYdhfU5nA,🎥 Beginner’s Guide to Candle Making | Step-by-Step Tutorial 🕯️,204.0,storyboard,3,23.54,31.38,7.84,https://youtu.be/qlyYdhfU5nA?t=24s,talking_head,aux,0,0.65,host talking at desk
qlyYdhfU5nA,https://www.youtube.com/watch?v=qlyYdhfU5nA,🎥 Beginner’s Guide to Candle Making | Step-by-Step Tutorial 🕯️,204.0,storyboard,4,31.38,39.23,7.85,https://youtu.be/qlyYdhfU5nA?t=31s,talking_head,aux,0,0.65,host talking at desk
qlyYdhfU5nA,https://www.youtube.com/watch?v=qlyYdhfU5nA,🎥 Beginner’s Guide to Candle Making | Step-by-Step Tutorial 🕯️,204.0,storyboard,5,39.23,47.08,7.85,https://youtu.be/qlyYdhfU5nA?t=39s,talking_head,aux,0,0.65,host talking at desk
qlyYdhfU5nA,https://www.youtube.com/watch?v=qlyYdhfU5nA,🎥 Beginner’s Guide to Candle Making | Step-by-Step Tutorial 🕯️,204.0,storyboard,6,47.08,54.92,7.84,https://youtu.be/qlyYdhfU5nA?t=47s,talking_head,aux,0,0.65,host talking at desk
qlyYdhfU5nA,https://www.youtube.com/watch?v=qlyYdhfU5nA,🎥 Beginner’s Guide to Candle Making | Step-by-Step Tutorial 🕯️,204.0,storyboard,7,54.92,62.77,7.85,https://youtu.be/qlyYdhfU5nA?t=55s,gather_materials,prep,1,0.5,supplies/product showcase grid
qlyYdhfU5nA,https://www.youtube.com/watch?v=qlyYdhfU5nA,🎥 Beginner’s Guide to Candle Making | Step-by-Step Tutorial 🕯️,204.0,storyboard,8,62.77,70.62,7.85,https://youtu.be/qlyYdhfU5nA?t=63s,gather_materials,prep,1,0.5,"host holding supply box, product shots"
qlyYdhfU5nA,https://www.youtube.com/watch?v=qlyYdhfU5nA,🎥 Beginner’s Guide to Candle Making | Step-by-Step Tutorial 🕯️,204.0,storyboard,9,70.62,78.46,7.84,https://youtu.be/qlyYdhfU5nA?t=71s,gather_materials,prep,1,0.6,host talking at desk
qlyYdhfU5nA,https://www.youtube.com/watch?v=qlyYdhfU5nA,🎥 Beginner’s Guide to Candle Making | Step-by-Step Tutorial 🕯️,204.0,storyboard,10,78.46,86.31,7.85,https://youtu.be/qlyYdhfU5nA?t=78s,gather_materials,prep,1,0.45,wax bag close-up
qlyYdhfU5nA,https://www.youtube.com/watch?v=qlyYdhfU5nA,🎥 Beginner’s Guide to Candle Making | Step-by-Step Tutorial 🕯️,204.0,storyboard,11,86.31,94.15,7.84,https://youtu.be/qlyYdhfU5nA?t=86s,transition,aux,0,0.5,product grid screenshot insert
qlyYdhfU5nA,https://www.youtube.com/watch?v=qlyYdhfU5nA,🎥 Beginner’s Guide to Candle Making | Step-by-Step Tutorial 🕯️,204.0,storyboard,12,94.15,102.0,7.85,https://youtu.be/qlyYdhfU5nA?t=94s,prepare_container,prep,1,0.4,white container close-up
qlyYdhfU5nA,https://www.youtube.com/watch?v=qlyYdhfU5nA,🎥 Beginner’s Guide to Candle Making | Step-by-Step Tutorial 🕯️,204.0,storyboard,13,102.0,109.85,7.85,https://youtu.be/qlyYdhfU5nA?t=102s,talking_head,aux,0,0.6,host talking at desk
qlyYdhfU5nA,https://www.youtube.com/watch?v=qlyYdhfU5nA,🎥 Beginner’s Guide to Candle Making | Step-by-Step Tutorial 🕯️,204.0,storyboard,14,109.85,117.69,7.84,https://youtu.be/qlyYdhfU5nA?t=110s,transition,aux,0,0.5,document/product screenshots insert
qlyYdhfU5nA,https://www.youtube.com/watch?v=qlyYdhfU5nA,🎥 Beginner’s Guide to Candle Making | Step-by-Step Tutorial 🕯️,204.0,storyboard,15,117.69,125.54,7.85,https://youtu.be/qlyYdhfU5nA?t=118s,measure_wax,prep,1,0.45,white pitcher/bowl close-up
qlyYdhfU5nA,https://www.youtube.com/watch?v=qlyYdhfU5nA,🎥 Beginner’s Guide to Candle Making | Step-by-Step Tutorial 🕯️,204.0,storyboard,16,125.54,133.38,7.84,https://youtu.be/qlyYdhfU5nA?t=126s,talking_head,aux,0,0.6,host talking at desk
qlyYdhfU5nA,https://www.youtube.com/watch?v=qlyYdhfU5nA,🎥 Beginner’s Guide to Candle Making | Step-by-Step Tutorial 🕯️,204.0,storyboard,17,133.38,141.23,7.85,https://youtu.be/qlyYdhfU5nA?t=133s,talking_head,aux,0,0.6,host talking at desk
qlyYdhfU5nA,https://www.youtube.com/watch?v=qlyYdhfU5nA,🎥 Beginner’s Guide to Candle Making | Step-by-Step Tutorial 🕯️,204.0,storyboard,18,141.23,149.08,7.85,https://youtu.be/qlyYdhfU5nA?t=141s,talking_head,aux,0,0.6,host talking at desk
qlyYdhfU5nA,https://www.youtube.com/watch?v=qlyYdhfU5nA,🎥 Beginner’s Guide to Candle Making | Step-by-Step Tutorial 🕯️,204.0,storyboard,19,149.08,156.92,7.84,https://youtu.be/qlyYdhfU5nA?t=149s,add_dye_color,process,1,0.4,hands working pink/red wax
qlyYdhfU5nA,https://www.youtube.com/watch?v=qlyYdhfU5nA,🎥 Beginner’s Guide to Candle Making | Step-by-Step Tutorial 🕯️,204.0,storyboard,20,156.92,164.77,7.85,https://youtu.be/qlyYdhfU5nA?t=157s,melt_wax,process,1,0.6,crockpot melter close-up
qlyYdhfU5nA,https://www.youtube.com/watch?v=qlyYdhfU5nA,🎥 Beginner’s Guide to Candle Making | Step-by-Step Tutorial 🕯️,204.0,storyboard,21,164.77,172.62,7.85,https://youtu.be/qlyYdhfU5nA?t=165s,melt_wax,process,1,0.6,crockpot melter close-up
qlyYdhfU5nA,https://www.youtube.com/watch?v=qlyYdhfU5nA,🎥 Beginner’s Guide to Candle Making | Step-by-Step Tutorial 🕯️,204.0,storyboard,22,172.62,180.46,7.84,https://youtu.be/qlyYdhfU5nA?t=173s,melt_wax,process,1,0.55,crockpot melter close-up
qlyYdhfU5nA,https://www.youtube.com/watch?v=qlyYdhfU5nA,🎥 Beginner’s Guide to Candle Making | Step-by-Step Tutorial 🕯️,204.0,storyboard,23,180.46,188.31,7.85,https://youtu.be/qlyYdhfU5nA?t=180s,outro_cta,aux,0,0.6,'Supplies & Candles' brand card
qlyYdhfU5nA,https://www.youtube.com/watch?v=qlyYdhfU5nA,🎥 Beginner’s Guide to Candle Making | Step-by-Step Tutorial 🕯️,204.0,storyboard,24,188.31,196.15,7.84,https://youtu.be/qlyYdhfU5nA?t=188s,outro_cta,aux,0,0.65,'Supplies & Candles' brand card
qlyYdhfU5nA,https://www.youtube.com/watch?v=qlyYdhfU5nA,🎥 Beginner’s Guide to Candle Making | Step-by-Step Tutorial 🕯️,204.0,storyboard,25,196.15,204.0,7.85,https://youtu.be/qlyYdhfU5nA?t=196s,transition,aux,0,0.4,blank/black padding
v9z-JiqGX1U,https://www.youtube.com/watch?v=v9z-JiqGX1U,Candle Making Instructions - Candle Craft Club DIY Candle Making Kit - How to make Soy Wax candles,184.0,storyboard,0,0.0,8.0,8.0,https://youtu.be/v9z-JiqGX1U?t=0s,prepare_container,prep,1,0.55,"hands at table by empty glass, 'prepare candle container' caption"
v9z-JiqGX1U,https://www.youtube.com/watch?v=v9z-JiqGX1U,Candle Making Instructions - Candle Craft Club DIY Candle Making Kit - How to make Soy Wax candles,184.0,storyboard,1,8.0,16.0,8.0,https://youtu.be/v9z-JiqGX1U?t=8s,prepare_container,prep,1,0.8,pressing wick into bottom of glass jar
v9z-JiqGX1U,https://www.youtube.com/watch?v=v9z-JiqGX1U,Candle Making Instructions - Candle Craft Club DIY Candle Making Kit - How to make Soy Wax candles,184.0,storyboard,2,16.0,24.0,8.0,https://youtu.be/v9z-JiqGX1U?t=16s,measure_wax,prep,1,0.7,"pouring wax flakes into measuring cup, 'melt wax using double boiler'"
v9z-JiqGX1U,https://www.youtube.com/watch?v=v9z-JiqGX1U,Candle Making Instructions - Candle Craft Club DIY Candle Making Kit - How to make Soy Wax candles,184.0,storyboard,3,24.0,32.0,8.0,https://youtu.be/v9z-JiqGX1U?t=24s,measure_wax,prep,1,0.55,metal pouring pitcher with flakes
v9z-JiqGX1U,https://www.youtube.com/watch?v=v9z-JiqGX1U,Candle Making Instructions - Candle Craft Club DIY Candle Making Kit - How to make Soy Wax candles,184.0,storyboard,4,32.0,40.0,8.0,https://youtu.be/v9z-JiqGX1U?t=32s,melt_wax,process,1,0.8,"pitcher in pot of water on heat, 'melt wax using double boiler'"
v9z-JiqGX1U,https://www.youtube.com/watch?v=v9z-JiqGX1U,Candle Making Instructions - Candle Craft Club DIY Candle Making Kit - How to make Soy Wax candles,184.0,storyboard,5,40.0,48.0,8.0,https://youtu.be/v9z-JiqGX1U?t=40s,melt_wax,process,1,0.8,wax melting in double boiler
v9z-JiqGX1U,https://www.youtube.com/watch?v=v9z-JiqGX1U,Candle Making Instructions - Candle Craft Club DIY Candle Making Kit - How to make Soy Wax candles,184.0,storyboard,6,48.0,56.0,8.0,https://youtu.be/v9z-JiqGX1U?t=48s,melt_wax,process,1,0.75,continued melting in pot
v9z-JiqGX1U,https://www.youtube.com/watch?v=v9z-JiqGX1U,Candle Making Instructions - Candle Craft Club DIY Candle Making Kit - How to make Soy Wax candles,184.0,storyboard,7,56.0,64.0,8.0,https://youtu.be/v9z-JiqGX1U?t=56s,melt_wax,process,1,0.55,"pot on heat, liquefying"
v9z-JiqGX1U,https://www.youtube.com/watch?v=v9z-JiqGX1U,Candle Making Instructions - Candle Craft Club DIY Candle Making Kit - How to make Soy Wax candles,184.0,storyboard,8,64.0,72.0,8.0,https://youtu.be/v9z-JiqGX1U?t=64s,melt_wax,process,1,0.7,blue dye being added/stirred into wax
v9z-JiqGX1U,https://www.youtube.com/watch?v=v9z-JiqGX1U,Candle Making Instructions - Candle Craft Club DIY Candle Making Kit - How to make Soy Wax candles,184.0,storyboard,9,72.0,80.0,8.0,https://youtu.be/v9z-JiqGX1U?t=72s,melt_wax,process,1,0.4,"honeycomb tray + caption, ambiguous"
v9z-JiqGX1U,https://www.youtube.com/watch?v=v9z-JiqGX1U,Candle Making Instructions - Candle Craft Club DIY Candle Making Kit - How to make Soy Wax candles,184.0,storyboard,10,80.0,88.0,8.0,https://youtu.be/v9z-JiqGX1U?t=80s,add_fragrance,process,1,0.7,"pouring fragrance oil from bottle, 'add fragrance'"
v9z-JiqGX1U,https://www.youtube.com/watch?v=v9z-JiqGX1U,Candle Making Instructions - Candle Craft Club DIY Candle Making Kit - How to make Soy Wax candles,184.0,storyboard,11,88.0,96.0,8.0,https://youtu.be/v9z-JiqGX1U?t=88s,add_fragrance,process,1,0.55,stirring fragrance into pot
v9z-JiqGX1U,https://www.youtube.com/watch?v=v9z-JiqGX1U,Candle Making Instructions - Candle Craft Club DIY Candle Making Kit - How to make Soy Wax candles,184.0,storyboard,12,96.0,104.0,8.0,https://youtu.be/v9z-JiqGX1U?t=96s,add_fragrance,process,1,0.4,"tray + 'stir' caption, ambiguous"
v9z-JiqGX1U,https://www.youtube.com/watch?v=v9z-JiqGX1U,Candle Making Instructions - Candle Craft Club DIY Candle Making Kit - How to make Soy Wax candles,184.0,storyboard,13,104.0,112.0,8.0,https://youtu.be/v9z-JiqGX1U?t=104s,pour_wax,assemble,1,0.8,teal liquid wax poured into containers
v9z-JiqGX1U,https://www.youtube.com/watch?v=v9z-JiqGX1U,Candle Making Instructions - Candle Craft Club DIY Candle Making Kit - How to make Soy Wax candles,184.0,storyboard,14,112.0,120.0,8.0,https://youtu.be/v9z-JiqGX1U?t=112s,pour_wax,assemble,1,0.8,pouring colored wax into cups
v9z-JiqGX1U,https://www.youtube.com/watch?v=v9z-JiqGX1U,Candle Making Instructions - Candle Craft Club DIY Candle Making Kit - How to make Soy Wax candles,184.0,storyboard,15,120.0,128.0,8.0,https://youtu.be/v9z-JiqGX1U?t=120s,pour_wax,assemble,1,0.6,blue cups filled
v9z-JiqGX1U,https://www.youtube.com/watch?v=v9z-JiqGX1U,Candle Making Instructions - Candle Craft Club DIY Candle Making Kit - How to make Soy Wax candles,184.0,storyboard,16,128.0,136.0,8.0,https://youtu.be/v9z-JiqGX1U?t=128s,pour_wax,assemble,1,0.5,filled cups sitting to set
v9z-JiqGX1U,https://www.youtube.com/watch?v=v9z-JiqGX1U,Candle Making Instructions - Candle Craft Club DIY Candle Making Kit - How to make Soy Wax candles,184.0,storyboard,17,136.0,144.0,8.0,https://youtu.be/v9z-JiqGX1U?t=136s,pour_wax,assemble,1,0.6,second color (pink) poured into cups
v9z-JiqGX1U,https://www.youtube.com/watch?v=v9z-JiqGX1U,Candle Making Instructions - Candle Craft Club DIY Candle Making Kit - How to make Soy Wax candles,184.0,storyboard,18,144.0,152.0,8.0,https://youtu.be/v9z-JiqGX1U?t=144s,cure_cool,assemble,1,0.5,colored cups setting
v9z-JiqGX1U,https://www.youtube.com/watch?v=v9z-JiqGX1U,Candle Making Instructions - Candle Craft Club DIY Candle Making Kit - How to make Soy Wax candles,184.0,storyboard,19,152.0,160.0,8.0,https://youtu.be/v9z-JiqGX1U?t=152s,set_wick,assemble,1,0.45,hands adjusting wicks in cups
v9z-JiqGX1U,https://www.youtube.com/watch?v=v9z-JiqGX1U,Candle Making Instructions - Candle Craft Club DIY Candle Making Kit - How to make Soy Wax candles,184.0,storyboard,20,160.0,168.0,8.0,https://youtu.be/v9z-JiqGX1U?t=160s,reveal_result,finish,1,0.8,finished colorful candles with fragrance bottles
v9z-JiqGX1U,https://www.youtube.com/watch?v=v9z-JiqGX1U,Candle Making Instructions - Candle Craft Club DIY Candle Making Kit - How to make Soy Wax candles,184.0,storyboard,21,168.0,176.0,8.0,https://youtu.be/v9z-JiqGX1U?t=168s,reveal_result,finish,1,0.8,arranged finished candles beauty shot
v9z-JiqGX1U,https://www.youtube.com/watch?v=v9z-JiqGX1U,Candle Making Instructions - Candle Craft Club DIY Candle Making Kit - How to make Soy Wax candles,184.0,storyboard,22,176.0,184.0,8.0,https://youtu.be/v9z-JiqGX1U?t=176s,outro_cta,aux,0,0.45,fade to black / end
vVlmkfF_PRk,https://www.youtube.com/watch?v=vVlmkfF_PRk,How to Make Soy Candles | Easy DIY Tutorial,456.0,storyboard,0,0.0,8.0,8.0,https://youtu.be/vVlmkfF_PRk?t=0s,intro_titlecard,intro,0,0.55,host opening in kitchen
vVlmkfF_PRk,https://www.youtube.com/watch?v=vVlmkfF_PRk,How to Make Soy Candles | Easy DIY Tutorial,456.0,storyboard,1,8.0,16.0,8.0,https://youtu.be/vVlmkfF_PRk?t=8s,talking_head,aux,0,0.6,host talking to camera
vVlmkfF_PRk,https://www.youtube.com/watch?v=vVlmkfF_PRk,How to Make Soy Candles | Easy DIY Tutorial,456.0,storyboard,2,16.0,24.0,8.0,https://youtu.be/vVlmkfF_PRk?t=16s,talking_head,aux,0,0.6,host talking to camera
vVlmkfF_PRk,https://www.youtube.com/watch?v=vVlmkfF_PRk,How to Make Soy Candles | Easy DIY Tutorial,456.0,storyboard,3,24.0,32.0,8.0,https://youtu.be/vVlmkfF_PRk?t=24s,talking_head,aux,0,0.6,host talking to camera
vVlmkfF_PRk,https://www.youtube.com/watch?v=vVlmkfF_PRk,How to Make Soy Candles | Easy DIY Tutorial,456.0,storyboard,4,32.0,40.0,8.0,https://youtu.be/vVlmkfF_PRk?t=32s,talking_head,aux,0,0.6,host talking to camera
vVlmkfF_PRk,https://www.youtube.com/watch?v=vVlmkfF_PRk,How to Make Soy Candles | Easy DIY Tutorial,456.0,storyboard,5,40.0,48.0,8.0,https://youtu.be/vVlmkfF_PRk?t=40s,talking_head,aux,0,0.6,host talking to camera
vVlmkfF_PRk,https://www.youtube.com/watch?v=vVlmkfF_PRk,How to Make Soy Candles | Easy DIY Tutorial,456.0,storyboard,6,48.0,56.0,8.0,https://youtu.be/vVlmkfF_PRk?t=48s,talking_head,aux,0,0.6,host talking to camera
vVlmkfF_PRk,https://www.youtube.com/watch?v=vVlmkfF_PRk,How to Make Soy Candles | Easy DIY Tutorial,456.0,storyboard,7,56.0,64.0,8.0,https://youtu.be/vVlmkfF_PRk?t=56s,talking_head,aux,0,0.6,host talking to camera
vVlmkfF_PRk,https://www.youtube.com/watch?v=vVlmkfF_PRk,How to Make Soy Candles | Easy DIY Tutorial,456.0,storyboard,8,64.0,72.0,8.0,https://youtu.be/vVlmkfF_PRk?t=64s,talking_head,aux,0,0.6,host talking to camera
vVlmkfF_PRk,https://www.youtube.com/watch?v=vVlmkfF_PRk,How to Make Soy Candles | Easy DIY Tutorial,456.0,storyboard,9,72.0,80.0,8.0,https://youtu.be/vVlmkfF_PRk?t=72s,talking_head,aux,0,0.6,host talking to camera
vVlmkfF_PRk,https://www.youtube.com/watch?v=vVlmkfF_PRk,How to Make Soy Candles | Easy DIY Tutorial,456.0,storyboard,10,80.0,88.0,8.0,https://youtu.be/vVlmkfF_PRk?t=80s,talking_head,aux,0,0.6,host talking to camera
vVlmkfF_PRk,https://www.youtube.com/watch?v=vVlmkfF_PRk,How to Make Soy Candles | Easy DIY Tutorial,456.0,storyboard,11,88.0,96.0,8.0,https://youtu.be/vVlmkfF_PRk?t=88s,talking_head,aux,0,0.6,host talking to camera
vVlmkfF_PRk,https://www.youtube.com/watch?v=vVlmkfF_PRk,How to Make Soy Candles | Easy DIY Tutorial,456.0,storyboard,12,96.0,104.0,8.0,https://youtu.be/vVlmkfF_PRk?t=96s,talking_head,aux,0,0.6,host talking to camera
vVlmkfF_PRk,https://www.youtube.com/watch?v=vVlmkfF_PRk,How to Make Soy Candles | Easy DIY Tutorial,456.0,storyboard,13,104.0,112.0,8.0,https://youtu.be/vVlmkfF_PRk?t=104s,talking_head,aux,0,0.6,host talking to camera
vVlmkfF_PRk,https://www.youtube.com/watch?v=vVlmkfF_PRk,How to Make Soy Candles | Easy DIY Tutorial,456.0,storyboard,14,112.0,120.0,8.0,https://youtu.be/vVlmkfF_PRk?t=112s,talking_head,aux,0,0.6,host talking to camera
vVlmkfF_PRk,https://www.youtube.com/watch?v=vVlmkfF_PRk,How to Make Soy Candles | Easy DIY Tutorial,456.0,storyboard,15,120.0,128.0,8.0,https://youtu.be/vVlmkfF_PRk?t=120s,talking_head,aux,0,0.6,host talking to camera
vVlmkfF_PRk,https://www.youtube.com/watch?v=vVlmkfF_PRk,How to Make Soy Candles | Easy DIY Tutorial,456.0,storyboard,16,128.0,136.0,8.0,https://youtu.be/vVlmkfF_PRk?t=128s,talking_head,aux,0,0.6,host talking to camera
vVlmkfF_PRk,https://www.youtube.com/watch?v=vVlmkfF_PRk,How to Make Soy Candles | Easy DIY Tutorial,456.0,storyboard,17,136.0,144.0,8.0,https://youtu.be/vVlmkfF_PRk?t=136s,talking_head,aux,0,0.6,host talking to camera
vVlmkfF_PRk,https://www.youtube.com/watch?v=vVlmkfF_PRk,How to Make Soy Candles | Easy DIY Tutorial,456.0,storyboard,18,144.0,152.0,8.0,https://youtu.be/vVlmkfF_PRk?t=144s,talking_head,aux,0,0.6,host talking to camera
vVlmkfF_PRk,https://www.youtube.com/watch?v=vVlmkfF_PRk,How to Make Soy Candles | Easy DIY Tutorial,456.0,storyboard,19,152.0,160.0,8.0,https://youtu.be/vVlmkfF_PRk?t=152s,talking_head,aux,0,0.5,close-up pot of liquid on stove
vVlmkfF_PRk,https://www.youtube.com/watch?v=vVlmkfF_PRk,How to Make Soy Candles | Easy DIY Tutorial,456.0,storyboard,20,160.0,168.0,8.0,https://youtu.be/vVlmkfF_PRk?t=160s,talking_head,aux,0,0.6,host talking to camera
vVlmkfF_PRk,https://www.youtube.com/watch?v=vVlmkfF_PRk,How to Make Soy Candles | Easy DIY Tutorial,456.0,storyboard,21,168.0,176.0,8.0,https://youtu.be/vVlmkfF_PRk?t=168s,talking_head,aux,0,0.6,host talking to camera
vVlmkfF_PRk,https://www.youtube.com/watch?v=vVlmkfF_PRk,How to Make Soy Candles | Easy DIY Tutorial,456.0,storyboard,22,176.0,184.0,8.0,https://youtu.be/vVlmkfF_PRk?t=176s,talking_head,aux,0,0.6,host talking to camera
vVlmkfF_PRk,https://www.youtube.com/watch?v=vVlmkfF_PRk,How to Make Soy Candles | Easy DIY Tutorial,456.0,storyboard,23,184.0,192.0,8.0,https://youtu.be/vVlmkfF_PRk?t=184s,talking_head,aux,0,0.45,overhead pot pouring/melting
vVlmkfF_PRk,https://www.youtube.com/watch?v=vVlmkfF_PRk,How to Make Soy Candles | Easy DIY Tutorial,456.0,storyboard,24,192.0,200.0,8.0,https://youtu.be/vVlmkfF_PRk?t=192s,talking_head,aux,0,0.6,host talking to camera
vVlmkfF_PRk,https://www.youtube.com/watch?v=vVlmkfF_PRk,How to Make Soy Candles | Easy DIY Tutorial,456.0,storyboard,25,200.0,208.0,8.0,https://youtu.be/vVlmkfF_PRk?t=200s,talking_head,aux,0,0.6,host talking to camera
vVlmkfF_PRk,https://www.youtube.com/watch?v=vVlmkfF_PRk,How to Make Soy Candles | Easy DIY Tutorial,456.0,storyboard,26,208.0,216.0,8.0,https://youtu.be/vVlmkfF_PRk?t=208s,talking_head,aux,0,0.6,host talking to camera
vVlmkfF_PRk,https://www.youtube.com/watch?v=vVlmkfF_PRk,How to Make Soy Candles | Easy DIY Tutorial,456.0,storyboard,27,216.0,224.0,8.0,https://youtu.be/vVlmkfF_PRk?t=216s,talking_head,aux,0,0.6,host talking to camera
vVlmkfF_PRk,https://www.youtube.com/watch?v=vVlmkfF_PRk,How to Make Soy Candles | Easy DIY Tutorial,456.0,storyboard,28,224.0,232.0,8.0,https://youtu.be/vVlmkfF_PRk?t=224s,talking_head,aux,0,0.6,host talking to camera
vVlmkfF_PRk,https://www.youtube.com/watch?v=vVlmkfF_PRk,How to Make Soy Candles | Easy DIY Tutorial,456.0,storyboard,29,232.0,240.0,8.0,https://youtu.be/vVlmkfF_PRk?t=232s,talking_head,aux,0,0.6,host talking to camera
vVlmkfF_PRk,https://www.youtube.com/watch?v=vVlmkfF_PRk,How to Make Soy Candles | Easy DIY Tutorial,456.0,storyboard,30,240.0,248.0,8.0,https://youtu.be/vVlmkfF_PRk?t=240s,talking_head,aux,0,0.6,host talking to camera
vVlmkfF_PRk,https://www.youtube.com/watch?v=vVlmkfF_PRk,How to Make Soy Candles | Easy DIY Tutorial,456.0,storyboard,31,248.0,256.0,8.0,https://youtu.be/vVlmkfF_PRk?t=248s,talking_head,aux,0,0.6,host talking to camera
vVlmkfF_PRk,https://www.youtube.com/watch?v=vVlmkfF_PRk,How to Make Soy Candles | Easy DIY Tutorial,456.0,storyboard,32,256.0,264.0,8.0,https://youtu.be/vVlmkfF_PRk?t=256s,talking_head,aux,0,0.6,host talking to camera
vVlmkfF_PRk,https://www.youtube.com/watch?v=vVlmkfF_PRk,How to Make Soy Candles | Easy DIY Tutorial,456.0,storyboard,33,264.0,272.0,8.0,https://youtu.be/vVlmkfF_PRk?t=264s,talking_head,aux,0,0.6,host talking to camera
vVlmkfF_PRk,https://www.youtube.com/watch?v=vVlmkfF_PRk,How to Make Soy Candles | Easy DIY Tutorial,456.0,storyboard,34,272.0,280.0,8.0,https://youtu.be/vVlmkfF_PRk?t=272s,talking_head,aux,0,0.6,host talking to camera
vVlmkfF_PRk,https://www.youtube.com/watch?v=vVlmkfF_PRk,How to Make Soy Candles | Easy DIY Tutorial,456.0,storyboard,35,280.0,288.0,8.0,https://youtu.be/vVlmkfF_PRk?t=280s,talking_head,aux,0,0.55,"host talking, handling items"
vVlmkfF_PRk,https://www.youtube.com/watch?v=vVlmkfF_PRk,How to Make Soy Candles | Easy DIY Tutorial,456.0,storyboard,36,288.0,296.0,8.0,https://youtu.be/vVlmkfF_PRk?t=288s,talking_head,aux,0,0.6,host talking to camera
vVlmkfF_PRk,https://www.youtube.com/watch?v=vVlmkfF_PRk,How to Make Soy Candles | Easy DIY Tutorial,456.0,storyboard,37,296.0,304.0,8.0,https://youtu.be/vVlmkfF_PRk?t=296s,add_dye_color,process,1,0.45,overhead green liquid stirred in pot
vVlmkfF_PRk,https://www.youtube.com/watch?v=vVlmkfF_PRk,How to Make Soy Candles | Easy DIY Tutorial,456.0,storyboard,38,304.0,312.0,8.0,https://youtu.be/vVlmkfF_PRk?t=304s,pour_wax,assemble,1,0.45,overhead pouring/working
vVlmkfF_PRk,https://www.youtube.com/watch?v=vVlmkfF_PRk,How to Make Soy Candles | Easy DIY Tutorial,456.0,storyboard,39,312.0,320.0,8.0,https://youtu.be/vVlmkfF_PRk?t=312s,pour_wax,assemble,1,0.45,overhead hands at jars
vVlmkfF_PRk,https://www.youtube.com/watch?v=vVlmkfF_PRk,How to Make Soy Candles | Easy DIY Tutorial,456.0,storyboard,40,320.0,328.0,8.0,https://youtu.be/vVlmkfF_PRk?t=320s,talking_head,aux,0,0.6,host talking to camera
vVlmkfF_PRk,https://www.youtube.com/watch?v=vVlmkfF_PRk,How to Make Soy Candles | Easy DIY Tutorial,456.0,storyboard,41,328.0,336.0,8.0,https://youtu.be/vVlmkfF_PRk?t=328s,talking_head,aux,0,0.6,host talking to camera
vVlmkfF_PRk,https://www.youtube.com/watch?v=vVlmkfF_PRk,How to Make Soy Candles | Easy DIY Tutorial,456.0,storyboard,42,336.0,344.0,8.0,https://youtu.be/vVlmkfF_PRk?t=336s,talking_head,aux,0,0.6,host talking to camera
vVlmkfF_PRk,https://www.youtube.com/watch?v=vVlmkfF_PRk,How to Make Soy Candles | Easy DIY Tutorial,456.0,storyboard,43,344.0,352.0,8.0,https://youtu.be/vVlmkfF_PRk?t=344s,talking_head,aux,0,0.4,overhead bottles and white jars
vVlmkfF_PRk,https://www.youtube.com/watch?v=vVlmkfF_PRk,How to Make Soy Candles | Easy DIY Tutorial,456.0,storyboard,44,352.0,360.0,8.0,https://youtu.be/vVlmkfF_PRk?t=352s,talking_head,aux,0,0.6,host talking to camera
vVlmkfF_PRk,https://www.youtube.com/watch?v=vVlmkfF_PRk,How to Make Soy Candles | Easy DIY Tutorial,456.0,storyboard,45,360.0,368.0,8.0,https://youtu.be/vVlmkfF_PRk?t=360s,talking_head,aux,0,0.6,host talking to camera
vVlmkfF_PRk,https://www.youtube.com/watch?v=vVlmkfF_PRk,How to Make Soy Candles | Easy DIY Tutorial,456.0,storyboard,46,368.0,376.0,8.0,https://youtu.be/vVlmkfF_PRk?t=368s,talking_head,aux,0,0.6,host talking to camera
vVlmkfF_PRk,https://www.youtube.com/watch?v=vVlmkfF_PRk,How to Make Soy Candles | Easy DIY Tutorial,456.0,storyboard,47,376.0,384.0,8.0,https://youtu.be/vVlmkfF_PRk?t=376s,talking_head,aux,0,0.55,host talking to camera
vVlmkfF_PRk,https://www.youtube.com/watch?v=vVlmkfF_PRk,How to Make Soy Candles | Easy DIY Tutorial,456.0,storyboard,48,384.0,392.0,8.0,https://youtu.be/vVlmkfF_PRk?t=384s,talking_head,aux,0,0.5,host with finished candles and bottles
vVlmkfF_PRk,https://www.youtube.com/watch?v=vVlmkfF_PRk,How to Make Soy Candles | Easy DIY Tutorial,456.0,storyboard,49,392.0,400.0,8.0,https://youtu.be/vVlmkfF_PRk?t=392s,talking_head,aux,0,0.6,host talking to camera
vVlmkfF_PRk,https://www.youtube.com/watch?v=vVlmkfF_PRk,How to Make Soy Candles | Easy DIY Tutorial,456.0,storyboard,50,400.0,408.0,8.0,https://youtu.be/vVlmkfF_PRk?t=400s,reveal_result,finish,1,0.5,host showing finished candles
vVlmkfF_PRk,https://www.youtube.com/watch?v=vVlmkfF_PRk,How to Make Soy Candles | Easy DIY Tutorial,456.0,storyboard,51,408.0,416.0,8.0,https://youtu.be/vVlmkfF_PRk?t=408s,reveal_result,finish,1,0.75,lit candle beauty shot
vVlmkfF_PRk,https://www.youtube.com/watch?v=vVlmkfF_PRk,How to Make Soy Candles | Easy DIY Tutorial,456.0,storyboard,52,416.0,424.0,8.0,https://youtu.be/vVlmkfF_PRk?t=416s,outro_cta,aux,0,0.7,'Subscribe / Watch More' end card
vVlmkfF_PRk,https://www.youtube.com/watch?v=vVlmkfF_PRk,How to Make Soy Candles | Easy DIY Tutorial,456.0,storyboard,53,424.0,432.0,8.0,https://youtu.be/vVlmkfF_PRk?t=424s,transition,aux,0,0.4,blank/black padding
vVlmkfF_PRk,https://www.youtube.com/watch?v=vVlmkfF_PRk,How to Make Soy Candles | Easy DIY Tutorial,456.0,storyboard,54,432.0,440.0,8.0,https://youtu.be/vVlmkfF_PRk?t=432s,transition,aux,0,0.4,blank/black padding
vVlmkfF_PRk,https://www.youtube.com/watch?v=vVlmkfF_PRk,How to Make Soy Candles | Easy DIY Tutorial,456.0,storyboard,55,440.0,448.0,8.0,https://youtu.be/vVlmkfF_PRk?t=440s,transition,aux,0,0.4,blank/black padding
vVlmkfF_PRk,https://www.youtube.com/watch?v=vVlmkfF_PRk,How to Make Soy Candles | Easy DIY Tutorial,456.0,storyboard,56,448.0,456.0,8.0,https://youtu.be/vVlmkfF_PRk?t=448s,transition,aux,0,0.4,blank/black padding
