video_id,video_url,video_title,video_duration_s,source,window_index,start_s,end_s,duration_s,window_url,action_label,phase,is_step,confidence,description,description_detailed,ocr_text,has_caption,keep,filter_reason,validation_flags
-pjWKo7zgrs,https://www.youtube.com/watch?v=-pjWKo7zgrs,DIY Candle Jars with Jesmonite and Boowannite | Nicole Molds jar mold diy handmade gift ideas,481.0,storyboard,53,424.88,432.9,8.02,https://youtu.be/-pjWKo7zgrs?t=425s,decorate_finish,finish,1,0.5,Demoulding the rose / lidding the jar.,"Demoulding the rose / lidding the jar. finish phase, ~88% in, 7:04–7:12.",,0,1,,
-pjWKo7zgrs,https://www.youtube.com/watch?v=-pjWKo7zgrs,DIY Candle Jars with Jesmonite and Boowannite | Nicole Molds jar mold diy handmade gift ideas,481.0,storyboard,54,432.9,440.92,8.02,https://youtu.be/-pjWKo7zgrs?t=433s,decorate_finish,finish,1,0.5,Demoulding the rose / lidding the jar.,"Demoulding the rose / lidding the jar. finish phase, ~90% in, 7:12–7:20.",,0,1,,
-pjWKo7zgrs,https://www.youtube.com/watch?v=-pjWKo7zgrs,DIY Candle Jars with Jesmonite and Boowannite | Nicole Molds jar mold diy handmade gift ideas,481.0,storyboard,55,440.92,448.93,8.01,https://youtu.be/-pjWKo7zgrs?t=441s,decorate_finish,finish,1,0.5,Demoulding the rose / lidding the jar.,"Demoulding the rose / lidding the jar. finish phase, ~92% in, 7:20–7:28.",,0,1,,
-pjWKo7zgrs,https://www.youtube.com/watch?v=-pjWKo7zgrs,DIY Candle Jars with Jesmonite and Boowannite | Nicole Molds jar mold diy handmade gift ideas,481.0,storyboard,56,448.93,456.95,8.02,https://youtu.be/-pjWKo7zgrs?t=449s,decorate_finish,finish,1,0.5,Demoulding the rose / lidding the jar.,"Demoulding the rose / lidding the jar. finish phase, ~93% in, 7:28–7:36.",,0,1,,
0HfXl244xc4,https://www.youtube.com/watch?v=0HfXl244xc4,Sinkholes in Candles? Here’s How to Fix Them FAST!,750.0,storyboard,41,327.13,335.11,7.98,https://youtu.be/0HfXl244xc4?t=327s,decorate_finish,finish,1,0.5,"Overhead: fixing candle sinkholes (poking holes, heat-gun on the top).","Overhead: fixing candle sinkholes (poking holes, heat-gun on the top). finish phase, ~44% in, 5:27–5:35.",,0,1,,
0HfXl244xc4,https://www.youtube.com/watch?v=0HfXl244xc4,Sinkholes in Candles? Here’s How to Fix Them FAST!,750.0,storyboard,42,335.11,343.09,7.98,https://youtu.be/0HfXl244xc4?t=335s,decorate_finish,finish,1,0.5,"Overhead: fixing candle sinkholes (poking holes, heat-gun on the top).","Overhead: fixing candle sinkholes (poking holes, heat-gun on the top). finish phase, ~45% in, 5:35–5:43.",,0,1,,
0HfXl244xc4,https://www.youtube.com/watch?v=0HfXl244xc4,Sinkholes in Candles? Here’s How to Fix Them FAST!,750.0,storyboard,43,343.09,351.06,7.97,https://youtu.be/0HfXl244xc4?t=343s,decorate_finish,finish,1,0.5,"Overhead: fixing candle sinkholes (poking holes, heat-gun on the top).","Overhead: fixing candle sinkholes (poking holes, heat-gun on the top). finish phase, ~46% in, 5:43–5:51.",,0,1,,
0HfXl244xc4,https://www.youtube.com/watch?v=0HfXl244xc4,Sinkholes in Candles? Here’s How to Fix Them FAST!,750.0,storyboard,44,351.06,359.04,7.98,https://youtu.be/0HfXl244xc4?t=351s,decorate_finish,finish,1,0.5,"Overhead: fixing candle sinkholes (poking holes, heat-gun on the top).","Overhead: fixing candle sinkholes (poking holes, heat-gun on the top). finish phase, ~47% in, 5:51–5:59.",,0,1,,
0HfXl244xc4,https://www.youtube.com/watch?v=0HfXl244xc4,Sinkholes in Candles? Here’s How to Fix Them FAST!,750.0,storyboard,45,359.04,367.02,7.98,https://youtu.be/0HfXl244xc4?t=359s,decorate_finish,finish,1,0.5,"Overhead: fixing candle sinkholes (poking holes, heat-gun on the top).","Overhead: fixing candle sinkholes (poking holes, heat-gun on the top). finish phase, ~48% in, 5:59–6:07.",,0,1,,
0HfXl244xc4,https://www.youtube.com/watch?v=0HfXl244xc4,Sinkholes in Candles? Here’s How to Fix Them FAST!,750.0,storyboard,46,367.02,375.0,7.98,https://youtu.be/0HfXl244xc4?t=367s,decorate_finish,finish,1,0.5,"Overhead: fixing candle sinkholes (poking holes, heat-gun on the top).","Overhead: fixing candle sinkholes (poking holes, heat-gun on the top). finish phase, ~49% in, 6:07–6:15.",,0,1,,
0HfXl244xc4,https://www.youtube.com/watch?v=0HfXl244xc4,Sinkholes in Candles? Here’s How to Fix Them FAST!,750.0,storyboard,47,375.0,382.98,7.98,https://youtu.be/0HfXl244xc4?t=375s,decorate_finish,finish,1,0.5,"Overhead: fixing candle sinkholes (poking holes, heat-gun on the top).","Overhead: fixing candle sinkholes (poking holes, heat-gun on the top). finish phase, ~50% in, 6:15–6:22.",,0,1,,
0HfXl244xc4,https://www.youtube.com/watch?v=0HfXl244xc4,Sinkholes in Candles? Here’s How to Fix Them FAST!,750.0,storyboard,48,382.98,390.96,7.98,https://youtu.be/0HfXl244xc4?t=383s,decorate_finish,finish,1,0.5,"Overhead: fixing candle sinkholes (poking holes, heat-gun on the top).","Overhead: fixing candle sinkholes (poking holes, heat-gun on the top). finish phase, ~51% in, 6:22–6:30.",,0,1,,
0HfXl244xc4,https://www.youtube.com/watch?v=0HfXl244xc4,Sinkholes in Candles? Here’s How to Fix Them FAST!,750.0,storyboard,49,390.96,398.94,7.98,https://youtu.be/0HfXl244xc4?t=391s,decorate_finish,finish,1,0.5,"Overhead: fixing candle sinkholes (poking holes, heat-gun on the top).","Overhead: fixing candle sinkholes (poking holes, heat-gun on the top). finish phase, ~52% in, 6:30–6:38.",,0,1,,
0HfXl244xc4,https://www.youtube.com/watch?v=0HfXl244xc4,Sinkholes in Candles? Here’s How to Fix Them FAST!,750.0,storyboard,50,398.94,406.91,7.97,https://youtu.be/0HfXl244xc4?t=399s,decorate_finish,finish,1,0.5,"Overhead: fixing candle sinkholes (poking holes, heat-gun on the top).","Overhead: fixing candle sinkholes (poking holes, heat-gun on the top). finish phase, ~53% in, 6:38–6:46.",,0,1,,
0HfXl244xc4,https://www.youtube.com/watch?v=0HfXl244xc4,Sinkholes in Candles? Here’s How to Fix Them FAST!,750.0,storyboard,51,406.91,414.89,7.98,https://youtu.be/0HfXl244xc4?t=407s,decorate_finish,finish,1,0.5,"Overhead: fixing candle sinkholes (poking holes, heat-gun on the top).","Overhead: fixing candle sinkholes (poking holes, heat-gun on the top). finish phase, ~54% in, 6:46–6:54.",,0,1,,
0HfXl244xc4,https://www.youtube.com/watch?v=0HfXl244xc4,Sinkholes in Candles? Here’s How to Fix Them FAST!,750.0,storyboard,52,414.89,422.87,7.98,https://youtu.be/0HfXl244xc4?t=415s,decorate_finish,finish,1,0.5,"Overhead: fixing candle sinkholes (poking holes, heat-gun on the top).","Overhead: fixing candle sinkholes (poking holes, heat-gun on the top). finish phase, ~55% in, 6:54–7:02.",,0,1,,
0HfXl244xc4,https://www.youtube.com/watch?v=0HfXl244xc4,Sinkholes in Candles? Here’s How to Fix Them FAST!,750.0,storyboard,53,422.87,430.85,7.98,https://youtu.be/0HfXl244xc4?t=423s,decorate_finish,finish,1,0.5,"Overhead: fixing candle sinkholes (poking holes, heat-gun on the top).","Overhead: fixing candle sinkholes (poking holes, heat-gun on the top). finish phase, ~56% in, 7:02–7:10.",,0,1,,
0HfXl244xc4,https://www.youtube.com/watch?v=0HfXl244xc4,Sinkholes in Candles? Here’s How to Fix Them FAST!,750.0,storyboard,54,430.85,438.83,7.98,https://youtu.be/0HfXl244xc4?t=431s,decorate_finish,finish,1,0.5,"Overhead: fixing candle sinkholes (poking holes, heat-gun on the top).","Overhead: fixing candle sinkholes (poking holes, heat-gun on the top). finish phase, ~57% in, 7:10–7:18.",,0,1,,
0HfXl244xc4,https://www.youtube.com/watch?v=0HfXl244xc4,Sinkholes in Candles? Here’s How to Fix Them FAST!,750.0,storyboard,55,438.83,446.81,7.98,https://youtu.be/0HfXl244xc4?t=439s,decorate_finish,finish,1,0.5,"Overhead: fixing candle sinkholes (poking holes, heat-gun on the top).","Overhead: fixing candle sinkholes (poking holes, heat-gun on the top). finish phase, ~59% in, 7:18–7:26.",,0,1,,
0HfXl244xc4,https://www.youtube.com/watch?v=0HfXl244xc4,Sinkholes in Candles? Here’s How to Fix Them FAST!,750.0,storyboard,56,446.81,454.79,7.98,https://youtu.be/0HfXl244xc4?t=447s,decorate_finish,finish,1,0.5,"Overhead: fixing candle sinkholes (poking holes, heat-gun on the top).","Overhead: fixing candle sinkholes (poking holes, heat-gun on the top). finish phase, ~60% in, 7:26–7:34.",,0,1,,
0HfXl244xc4,https://www.youtube.com/watch?v=0HfXl244xc4,Sinkholes in Candles? Here’s How to Fix Them FAST!,750.0,storyboard,57,454.79,462.77,7.98,https://youtu.be/0HfXl244xc4?t=455s,decorate_finish,finish,1,0.5,"Overhead: fixing candle sinkholes (poking holes, heat-gun on the top).","Overhead: fixing candle sinkholes (poking holes, heat-gun on the top). finish phase, ~61% in, 7:34–7:42.",,0,1,,
0HfXl244xc4,https://www.youtube.com/watch?v=0HfXl244xc4,Sinkholes in Candles? Here’s How to Fix Them FAST!,750.0,storyboard,58,462.77,470.74,7.97,https://youtu.be/0HfXl244xc4?t=463s,decorate_finish,finish,1,0.5,Waiting/curing (on-screen timer).,"Waiting/curing (on-screen timer). finish phase, ~62% in, 7:42–7:50.",,0,1,,
0HfXl244xc4,https://www.youtube.com/watch?v=0HfXl244xc4,Sinkholes in Candles? Here’s How to Fix Them FAST!,750.0,storyboard,59,470.74,478.72,7.98,https://youtu.be/0HfXl244xc4?t=471s,decorate_finish,finish,1,0.5,"Overhead: fixing candle sinkholes (poking holes, heat-gun on the top).","Overhead: fixing candle sinkholes (poking holes, heat-gun on the top). finish phase, ~63% in, 7:50–7:58.",,0,1,,
0HfXl244xc4,https://www.youtube.com/watch?v=0HfXl244xc4,Sinkholes in Candles? Here’s How to Fix Them FAST!,750.0,storyboard,60,478.72,486.7,7.98,https://youtu.be/0HfXl244xc4?t=479s,decorate_finish,finish,1,0.5,"Overhead: fixing candle sinkholes (poking holes, heat-gun on the top).","Overhead: fixing candle sinkholes (poking holes, heat-gun on the top). finish phase, ~64% in, 7:58–8:06.",,0,1,,
0HfXl244xc4,https://www.youtube.com/watch?v=0HfXl244xc4,Sinkholes in Candles? Here’s How to Fix Them FAST!,750.0,storyboard,61,486.7,494.68,7.98,https://youtu.be/0HfXl244xc4?t=487s,decorate_finish,finish,1,0.5,"Overhead: fixing candle sinkholes (poking holes, heat-gun on the top).","Overhead: fixing candle sinkholes (poking holes, heat-gun on the top). finish phase, ~65% in, 8:06–8:14.",,0,1,,
0HfXl244xc4,https://www.youtube.com/watch?v=0HfXl244xc4,Sinkholes in Candles? Here’s How to Fix Them FAST!,750.0,storyboard,62,494.68,502.66,7.98,https://youtu.be/0HfXl244xc4?t=495s,decorate_finish,finish,1,0.5,"Overhead: fixing candle sinkholes (poking holes, heat-gun on the top).","Overhead: fixing candle sinkholes (poking holes, heat-gun on the top). finish phase, ~66% in, 8:14–8:22.",,0,1,,
0HfXl244xc4,https://www.youtube.com/watch?v=0HfXl244xc4,Sinkholes in Candles? Here’s How to Fix Them FAST!,750.0,storyboard,63,502.66,510.64,7.98,https://youtu.be/0HfXl244xc4?t=503s,decorate_finish,finish,1,0.5,"Overhead: fixing candle sinkholes (poking holes, heat-gun on the top).","Overhead: fixing candle sinkholes (poking holes, heat-gun on the top). finish phase, ~67% in, 8:22–8:30.",,0,1,,
0HfXl244xc4,https://www.youtube.com/watch?v=0HfXl244xc4,Sinkholes in Candles? Here’s How to Fix Them FAST!,750.0,storyboard,64,510.64,518.62,7.98,https://youtu.be/0HfXl244xc4?t=511s,decorate_finish,finish,1,0.5,"Overhead: fixing candle sinkholes (poking holes, heat-gun on the top).","Overhead: fixing candle sinkholes (poking holes, heat-gun on the top). finish phase, ~68% in, 8:30–8:38.",,0,1,,
0HfXl244xc4,https://www.youtube.com/watch?v=0HfXl244xc4,Sinkholes in Candles? Here’s How to Fix Them FAST!,750.0,storyboard,65,518.62,526.6,7.98,https://youtu.be/0HfXl244xc4?t=519s,decorate_finish,finish,1,0.5,"Overhead: fixing candle sinkholes (poking holes, heat-gun on the top).","Overhead: fixing candle sinkholes (poking holes, heat-gun on the top). finish phase, ~69% in, 8:38–8:46.",,0,1,,
0HfXl244xc4,https://www.youtube.com/watch?v=0HfXl244xc4,Sinkholes in Candles? Here’s How to Fix Them FAST!,750.0,storyboard,66,526.6,534.57,7.97,https://youtu.be/0HfXl244xc4?t=527s,decorate_finish,finish,1,0.5,Waiting/curing (on-screen timer).,"Waiting/curing (on-screen timer). finish phase, ~70% in, 8:46–8:54.",,0,1,,
0HfXl244xc4,https://www.youtube.com/watch?v=0HfXl244xc4,Sinkholes in Candles? Here’s How to Fix Them FAST!,750.0,storyboard,67,534.57,542.55,7.98,https://youtu.be/0HfXl244xc4?t=535s,decorate_finish,finish,1,0.5,"Overhead: fixing candle sinkholes (poking holes, heat-gun on the top).","Overhead: fixing candle sinkholes (poking holes, heat-gun on the top). finish phase, ~71% in, 8:54–9:02.",,0,1,,
0HfXl244xc4,https://www.youtube.com/watch?v=0HfXl244xc4,Sinkholes in Candles? Here’s How to Fix Them FAST!,750.0,storyboard,68,542.55,550.53,7.98,https://youtu.be/0HfXl244xc4?t=543s,decorate_finish,finish,1,0.5,"Overhead: fixing candle sinkholes (poking holes, heat-gun on the top).","Overhead: fixing candle sinkholes (poking holes, heat-gun on the top). finish phase, ~72% in, 9:02–9:10.",,0,1,,
0HfXl244xc4,https://www.youtube.com/watch?v=0HfXl244xc4,Sinkholes in Candles? Here’s How to Fix Them FAST!,750.0,storyboard,69,550.53,558.51,7.98,https://youtu.be/0HfXl244xc4?t=551s,decorate_finish,finish,1,0.5,"Overhead: fixing candle sinkholes (poking holes, heat-gun on the top).","Overhead: fixing candle sinkholes (poking holes, heat-gun on the top). finish phase, ~73% in, 9:10–9:18.",,0,1,,
0HfXl244xc4,https://www.youtube.com/watch?v=0HfXl244xc4,Sinkholes in Candles? Here’s How to Fix Them FAST!,750.0,storyboard,70,558.51,566.49,7.98,https://youtu.be/0HfXl244xc4?t=559s,decorate_finish,finish,1,0.5,"Overhead: fixing candle sinkholes (poking holes, heat-gun on the top).","Overhead: fixing candle sinkholes (poking holes, heat-gun on the top). finish phase, ~74% in, 9:18–9:26.",,0,1,,
0HfXl244xc4,https://www.youtube.com/watch?v=0HfXl244xc4,Sinkholes in Candles? Here’s How to Fix Them FAST!,750.0,storyboard,71,566.49,574.47,7.98,https://youtu.be/0HfXl244xc4?t=566s,decorate_finish,finish,1,0.5,"Overhead: fixing candle sinkholes (poking holes, heat-gun on the top).","Overhead: fixing candle sinkholes (poking holes, heat-gun on the top). finish phase, ~76% in, 9:26–9:34.",,0,1,,
0HfXl244xc4,https://www.youtube.com/watch?v=0HfXl244xc4,Sinkholes in Candles? Here’s How to Fix Them FAST!,750.0,storyboard,72,574.47,582.45,7.98,https://youtu.be/0HfXl244xc4?t=574s,decorate_finish,finish,1,0.5,"Overhead: fixing candle sinkholes (poking holes, heat-gun on the top).","Overhead: fixing candle sinkholes (poking holes, heat-gun on the top). finish phase, ~77% in, 9:34–9:42.",,0,1,,
0HfXl244xc4,https://www.youtube.com/watch?v=0HfXl244xc4,Sinkholes in Candles? Here’s How to Fix Them FAST!,750.0,storyboard,73,582.45,590.43,7.98,https://youtu.be/0HfXl244xc4?t=582s,decorate_finish,finish,1,0.5,"Overhead: fixing candle sinkholes (poking holes, heat-gun on the top).","Overhead: fixing candle sinkholes (poking holes, heat-gun on the top). finish phase, ~78% in, 9:42–9:50.",,0,1,,
0HfXl244xc4,https://www.youtube.com/watch?v=0HfXl244xc4,Sinkholes in Candles? Here’s How to Fix Them FAST!,750.0,storyboard,74,590.43,598.4,7.97,https://youtu.be/0HfXl244xc4?t=590s,decorate_finish,finish,1,0.5,Waiting/curing (on-screen timer).,"Waiting/curing (on-screen timer). finish phase, ~79% in, 9:50–9:58.",,0,1,,
0HfXl244xc4,https://www.youtube.com/watch?v=0HfXl244xc4,Sinkholes in Candles? Here’s How to Fix Them FAST!,750.0,storyboard,75,598.4,606.38,7.98,https://youtu.be/0HfXl244xc4?t=598s,decorate_finish,finish,1,0.5,"Overhead: fixing candle sinkholes (poking holes, heat-gun on the top).","Overhead: fixing candle sinkholes (poking holes, heat-gun on the top). finish phase, ~80% in, 9:58–10:06.",,0,1,,
0HfXl244xc4,https://www.youtube.com/watch?v=0HfXl244xc4,Sinkholes in Candles? Here’s How to Fix Them FAST!,750.0,storyboard,76,606.38,614.36,7.98,https://youtu.be/0HfXl244xc4?t=606s,decorate_finish,finish,1,0.5,"Overhead: fixing candle sinkholes (poking holes, heat-gun on the top).","Overhead: fixing candle sinkholes (poking holes, heat-gun on the top). finish phase, ~81% in, 10:06–10:14.",,0,1,,
0HfXl244xc4,https://www.youtube.com/watch?v=0HfXl244xc4,Sinkholes in Candles? Here’s How to Fix Them FAST!,750.0,storyboard,77,614.36,622.34,7.98,https://youtu.be/0HfXl244xc4?t=614s,decorate_finish,finish,1,0.5,"Overhead: fixing candle sinkholes (poking holes, heat-gun on the top).","Overhead: fixing candle sinkholes (poking holes, heat-gun on the top). finish phase, ~82% in, 10:14–10:22.",,0,1,,
0HfXl244xc4,https://www.youtube.com/watch?v=0HfXl244xc4,Sinkholes in Candles? Here’s How to Fix Them FAST!,750.0,storyboard,78,622.34,630.32,7.98,https://youtu.be/0HfXl244xc4?t=622s,decorate_finish,finish,1,0.5,Waiting/curing (on-screen timer).,"Waiting/curing (on-screen timer). finish phase, ~83% in, 10:22–10:30.",,0,1,,
0HfXl244xc4,https://www.youtube.com/watch?v=0HfXl244xc4,Sinkholes in Candles? Here’s How to Fix Them FAST!,750.0,storyboard,79,630.32,638.3,7.98,https://youtu.be/0HfXl244xc4?t=630s,decorate_finish,finish,1,0.5,"Overhead: fixing candle sinkholes (poking holes, heat-gun on the top).","Overhead: fixing candle sinkholes (poking holes, heat-gun on the top). finish phase, ~84% in, 10:30–10:38.",,0,1,,
0gk3NsmJa7k,https://www.youtube.com/watch?v=0gk3NsmJa7k,Make Candles with me | ❄️Winter Wonderland Edition ❄️,794.0,storyboard,2,16.04,24.06,8.02,https://youtu.be/0gk3NsmJa7k?t=16s,decorate_finish,finish,1,0.5,Decorating the candles with pine sprigs/berries.,"Decorating the candles with pine sprigs/berries. finish phase, ~2% in, 0:16–0:24.",,0,1,,
0gk3NsmJa7k,https://www.youtube.com/watch?v=0gk3NsmJa7k,Make Candles with me | ❄️Winter Wonderland Edition ❄️,794.0,storyboard,10,80.2,88.22,8.02,https://youtu.be/0gk3NsmJa7k?t=80s,decorate_finish,finish,1,0.5,Decorating the candles with pine sprigs/berries.,"Decorating the candles with pine sprigs/berries. finish phase, ~10% in, 1:20–1:28.",,0,1,,
0gk3NsmJa7k,https://www.youtube.com/watch?v=0gk3NsmJa7k,Make Candles with me | ❄️Winter Wonderland Edition ❄️,794.0,storyboard,14,112.28,120.3,8.02,https://youtu.be/0gk3NsmJa7k?t=112s,decorate_finish,finish,1,0.5,Decorating the candles with pine sprigs/berries.,"Decorating the candles with pine sprigs/berries. finish phase, ~14% in, 1:52–2:00.",,0,1,,
0gk3NsmJa7k,https://www.youtube.com/watch?v=0gk3NsmJa7k,Make Candles with me | ❄️Winter Wonderland Edition ❄️,794.0,storyboard,18,144.36,152.38,8.02,https://youtu.be/0gk3NsmJa7k?t=144s,decorate_finish,finish,1,0.5,Decorating the candles with pine sprigs/berries.,"Decorating the candles with pine sprigs/berries. finish phase, ~18% in, 2:24–2:32.",,0,1,,
0gk3NsmJa7k,https://www.youtube.com/watch?v=0gk3NsmJa7k,Make Candles with me | ❄️Winter Wonderland Edition ❄️,794.0,storyboard,22,176.44,184.46,8.02,https://youtu.be/0gk3NsmJa7k?t=176s,decorate_finish,finish,1,0.5,Decorating the candles with pine sprigs/berries.,"Decorating the candles with pine sprigs/berries. finish phase, ~22% in, 2:56–3:04.",,0,1,,
0gk3NsmJa7k,https://www.youtube.com/watch?v=0gk3NsmJa7k,Make Candles with me | ❄️Winter Wonderland Edition ❄️,794.0,storyboard,37,296.75,304.77,8.02,https://youtu.be/0gk3NsmJa7k?t=297s,decorate_finish,finish,1,0.5,Decorating the candle tops with pine sprigs / botanicals.,"Decorating the candle tops with pine sprigs / botanicals. finish phase, ~37% in, 4:56–5:04.",,0,1,,
0gk3NsmJa7k,https://www.youtube.com/watch?v=0gk3NsmJa7k,Make Candles with me | ❄️Winter Wonderland Edition ❄️,794.0,storyboard,38,304.77,312.79,8.02,https://youtu.be/0gk3NsmJa7k?t=305s,decorate_finish,finish,1,0.5,Decorating the candle tops with pine sprigs / botanicals.,"Decorating the candle tops with pine sprigs / botanicals. finish phase, ~38% in, 5:04–5:12.",,0,1,,
0gk3NsmJa7k,https://www.youtube.com/watch?v=0gk3NsmJa7k,Make Candles with me | ❄️Winter Wonderland Edition ❄️,794.0,storyboard,39,312.79,320.81,8.02,https://youtu.be/0gk3NsmJa7k?t=313s,decorate_finish,finish,1,0.5,Rows of winter candles setting.,"Rows of winter candles setting. finish phase, ~39% in, 5:12–5:20.",,0,1,,
0gk3NsmJa7k,https://www.youtube.com/watch?v=0gk3NsmJa7k,Make Candles with me | ❄️Winter Wonderland Edition ❄️,794.0,storyboard,40,320.81,328.83,8.02,https://youtu.be/0gk3NsmJa7k?t=321s,decorate_finish,finish,1,0.5,Decorating the candle tops with pine sprigs / botanicals.,"Decorating the candle tops with pine sprigs / botanicals. finish phase, ~40% in, 5:20–5:28.",,0,1,,
0gk3NsmJa7k,https://www.youtube.com/watch?v=0gk3NsmJa7k,Make Candles with me | ❄️Winter Wonderland Edition ❄️,794.0,storyboard,41,328.83,336.85,8.02,https://youtu.be/0gk3NsmJa7k?t=329s,decorate_finish,finish,1,0.5,Decorating the candle tops with pine sprigs / botanicals.,"Decorating the candle tops with pine sprigs / botanicals. finish phase, ~41% in, 5:28–5:36.",,0,1,,
0gk3NsmJa7k,https://www.youtube.com/watch?v=0gk3NsmJa7k,Make Candles with me | ❄️Winter Wonderland Edition ❄️,794.0,storyboard,50,401.01,409.03,8.02,https://youtu.be/0gk3NsmJa7k?t=401s,decorate_finish,finish,1,0.5,Decorating the candle tops with pine sprigs / botanicals.,"Decorating the candle tops with pine sprigs / botanicals. finish phase, ~51% in, 6:41–6:49.",,0,1,,
0gk3NsmJa7k,https://www.youtube.com/watch?v=0gk3NsmJa7k,Make Candles with me | ❄️Winter Wonderland Edition ❄️,794.0,storyboard,51,409.03,417.05,8.02,https://youtu.be/0gk3NsmJa7k?t=409s,decorate_finish,finish,1,0.5,Decorating the candle tops with pine sprigs / botanicals.,"Decorating the candle tops with pine sprigs / botanicals. finish phase, ~52% in, 6:49–6:57.",,0,1,,
0tS8V3Gj9C0,https://www.youtube.com/watch?v=0tS8V3Gj9C0,"make 1000 candles with me | balancing work & life, browsing markets, small business vlog",845.0,storyboard,33,263.07,271.04,7.97,https://youtu.be/0tS8V3Gj9C0?t=263s,decorate_finish,finish,1,0.5,Working the rows of candles (filling/labelling).,"Working the rows of candles (filling/labelling). finish phase, ~31% in, 4:23–4:31.",,0,1,,
0tS8V3Gj9C0,https://www.youtube.com/watch?v=0tS8V3Gj9C0,"make 1000 candles with me | balancing work & life, browsing markets, small business vlog",845.0,storyboard,34,271.04,279.01,7.97,https://youtu.be/0tS8V3Gj9C0?t=271s,decorate_finish,finish,1,0.5,Working the rows of candles (filling/labelling).,"Working the rows of candles (filling/labelling). finish phase, ~32% in, 4:31–4:39.",,0,1,,
0tS8V3Gj9C0,https://www.youtube.com/watch?v=0tS8V3Gj9C0,"make 1000 candles with me | balancing work & life, browsing markets, small business vlog",845.0,storyboard,40,318.87,326.84,7.97,https://youtu.be/0tS8V3Gj9C0?t=319s,decorate_finish,finish,1,0.5,Working the rows of candles (filling/labelling).,"Working the rows of candles (filling/labelling). finish phase, ~38% in, 5:18–5:26.",,0,1,,
0tS8V3Gj9C0,https://www.youtube.com/watch?v=0tS8V3Gj9C0,"make 1000 candles with me | balancing work & life, browsing markets, small business vlog",845.0,storyboard,88,701.51,709.48,7.97,https://youtu.be/0tS8V3Gj9C0?t=702s,decorate_finish,finish,1,0.5,Working the rows of candles (filling/labelling).,"Working the rows of candles (filling/labelling). finish phase, ~83% in, 11:41–11:49.",,0,1,,
0tS8V3Gj9C0,https://www.youtube.com/watch?v=0tS8V3Gj9C0,"make 1000 candles with me | balancing work & life, browsing markets, small business vlog",845.0,storyboard,92,733.4,741.37,7.97,https://youtu.be/0tS8V3Gj9C0?t=733s,decorate_finish,finish,1,0.5,Working the rows of candles (filling/labelling).,"Working the rows of candles (filling/labelling). finish phase, ~87% in, 12:13–12:21.",,0,1,,
0vn32fue7lg,https://www.youtube.com/watch?v=0vn32fue7lg,Make candles in any vessel | Easy candle math,330.0,storyboard,6,48.29,56.34,8.05,https://youtu.be/0vn32fue7lg?t=48s,decorate_finish,finish,1,0.4,Mixing in colourful sprinkles; scale.,"Mixing in colourful sprinkles; scale. finish phase, ~15% in, 0:48–0:56.",,0,1,,
0vn32fue7lg,https://www.youtube.com/watch?v=0vn32fue7lg,Make candles in any vessel | Easy candle math,330.0,storyboard,7,56.34,64.39,8.05,https://youtu.be/0vn32fue7lg?t=56s,decorate_finish,finish,1,0.4,White mixture in a bowl.,"White mixture in a bowl. Final touches - labels, lids, ribbon, cleaning the glass. finish phase, ~17% in, 0:56–1:04.",,0,1,,
0vn32fue7lg,https://www.youtube.com/watch?v=0vn32fue7lg,Make candles in any vessel | Easy candle math,330.0,storyboard,8,64.39,72.44,8.05,https://youtu.be/0vn32fue7lg?t=64s,decorate_finish,finish,1,0.45,A white candle with colourful sprinkles (overhead).,"A white candle with colourful sprinkles (overhead). finish phase, ~20% in, 1:04–1:12.",,0,1,,
0vn32fue7lg,https://www.youtube.com/watch?v=0vn32fue7lg,Make candles in any vessel | Easy candle math,330.0,storyboard,23,185.12,193.17,8.05,https://youtu.be/0vn32fue7lg?t=185s,decorate_finish,finish,1,0.4,Hands with the finished vessel.,"Hands with the finished vessel. finish phase, ~56% in, 3:05–3:13.",,0,1,,
1-44rrfu7kc,https://www.youtube.com/watch?v=1-44rrfu7kc,Satisfying Candle Making Process |DIY Christmas Candle 🎄| Learn Candle Making at Home,162.0,storyboard,2,16.2,24.3,8.1,https://youtu.be/1-44rrfu7kc?t=16s,decorate_finish,finish,1,0.5,Painting a Christmas design (a house) onto the white wax surface.,"Painting a Christmas design (a house) onto the white wax surface. finish phase, ~10% in, 0:16–0:24.",,0,1,,
1-44rrfu7kc,https://www.youtube.com/watch?v=1-44rrfu7kc,Satisfying Candle Making Process |DIY Christmas Candle 🎄| Learn Candle Making at Home,162.0,storyboard,3,24.3,32.4,8.1,https://youtu.be/1-44rrfu7kc?t=24s,decorate_finish,finish,1,0.5,Decorating/painting the white candle surface.,"Decorating/painting the white candle surface. finish phase, ~15% in, 0:24–0:32.",,0,1,,
1-44rrfu7kc,https://www.youtube.com/watch?v=1-44rrfu7kc,Satisfying Candle Making Process |DIY Christmas Candle 🎄| Learn Candle Making at Home,162.0,storyboard,4,32.4,40.5,8.1,https://youtu.be/1-44rrfu7kc?t=32s,decorate_finish,finish,1,0.5,A painted design on the candle.,"A painted design on the candle. finish phase, ~20% in, 0:32–0:40.",,0,1,,
1-44rrfu7kc,https://www.youtube.com/watch?v=1-44rrfu7kc,Satisfying Candle Making Process |DIY Christmas Candle 🎄| Learn Candle Making at Home,162.0,storyboard,5,40.5,48.6,8.1,https://youtu.be/1-44rrfu7kc?t=40s,decorate_finish,finish,1,0.45,Gold bowl and a metal bowl of melted wax.,"Gold bowl and a metal bowl of melted wax. finish phase, ~25% in, 0:40–0:48.",,0,1,,
1-44rrfu7kc,https://www.youtube.com/watch?v=1-44rrfu7kc,Satisfying Candle Making Process |DIY Christmas Candle 🎄| Learn Candle Making at Home,162.0,storyboard,6,48.6,56.7,8.1,https://youtu.be/1-44rrfu7kc?t=49s,decorate_finish,finish,1,0.5,"Adding coloured-wax designs (house, tree).","Adding coloured-wax designs (house, tree). finish phase, ~30% in, 0:48–0:56.",,0,1,,
1-44rrfu7kc,https://www.youtube.com/watch?v=1-44rrfu7kc,Satisfying Candle Making Process |DIY Christmas Candle 🎄| Learn Candle Making at Home,162.0,storyboard,7,56.7,64.8,8.1,https://youtu.be/1-44rrfu7kc?t=57s,decorate_finish,finish,1,0.5,Painting designs onto the candle.,"Painting designs onto the candle. finish phase, ~35% in, 0:56–1:04.",,0,1,,
1-44rrfu7kc,https://www.youtube.com/watch?v=1-44rrfu7kc,Satisfying Candle Making Process |DIY Christmas Candle 🎄| Learn Candle Making at Home,162.0,storyboard,8,64.8,72.9,8.1,https://youtu.be/1-44rrfu7kc?t=65s,decorate_finish,finish,1,0.4,Gold bowl; metal bowl of wax.,"Gold bowl; metal bowl of wax. finish phase, ~40% in, 1:04–1:12.",,0,1,,
1-44rrfu7kc,https://www.youtube.com/watch?v=1-44rrfu7kc,Satisfying Candle Making Process |DIY Christmas Candle 🎄| Learn Candle Making at Home,162.0,storyboard,9,72.9,81.0,8.1,https://youtu.be/1-44rrfu7kc?t=73s,decorate_finish,finish,1,0.5,Decorating the white wax surface with a tool.,"Decorating the white wax surface with a tool. finish phase, ~45% in, 1:12–1:21.",,0,1,,
1-44rrfu7kc,https://www.youtube.com/watch?v=1-44rrfu7kc,Satisfying Candle Making Process |DIY Christmas Candle 🎄| Learn Candle Making at Home,162.0,storyboard,10,81.0,89.1,8.1,https://youtu.be/1-44rrfu7kc?t=81s,decorate_finish,finish,1,0.5,Continuing the decoration.,"Continuing the decoration. finish phase, ~50% in, 1:21–1:29.",,0,1,,
1-44rrfu7kc,https://www.youtube.com/watch?v=1-44rrfu7kc,Satisfying Candle Making Process |DIY Christmas Candle 🎄| Learn Candle Making at Home,162.0,storyboard,11,89.1,97.2,8.1,https://youtu.be/1-44rrfu7kc?t=89s,decorate_finish,finish,1,0.5,Decorating the candle.,"Decorating the candle. Final touches - labels, lids, ribbon, cleaning the glass. finish phase, ~55% in, 1:29–1:37.",,0,1,,
1-44rrfu7kc,https://www.youtube.com/watch?v=1-44rrfu7kc,Satisfying Candle Making Process |DIY Christmas Candle 🎄| Learn Candle Making at Home,162.0,storyboard,12,97.2,105.3,8.1,https://youtu.be/1-44rrfu7kc?t=97s,decorate_finish,finish,1,0.5,Gold-bowl candle with the painted design.,"Gold-bowl candle with the painted design. finish phase, ~60% in, 1:37–1:45.",,0,1,,
1-44rrfu7kc,https://www.youtube.com/watch?v=1-44rrfu7kc,Satisfying Candle Making Process |DIY Christmas Candle 🎄| Learn Candle Making at Home,162.0,storyboard,13,105.3,113.4,8.1,https://youtu.be/1-44rrfu7kc?t=105s,decorate_finish,finish,1,0.5,Adding red rose decorations.,"Adding red rose decorations. finish phase, ~65% in, 1:45–1:53.",,0,1,,
3RNr0rflCUU,https://www.youtube.com/watch?v=3RNr0rflCUU,"BUSINESS VLOG 🧸 preparing for shop launch, making 400 candles & my studio tour",834.0,storyboard,24,192.46,200.48,8.02,https://youtu.be/3RNr0rflCUU?t=192s,decorate_finish,finish,1,0.5,Packing/wrapping & stamping candles.,"Packing/wrapping & stamping candles. finish phase, ~23% in, 3:12–3:20.",,0,1,,
3RNr0rflCUU,https://www.youtube.com/watch?v=3RNr0rflCUU,"BUSINESS VLOG 🧸 preparing for shop launch, making 400 candles & my studio tour",834.0,storyboard,50,400.96,408.98,8.02,https://youtu.be/3RNr0rflCUU?t=401s,decorate_finish,finish,1,0.5,Packing/wrapping & stamping candles.,"Packing/wrapping & stamping candles. finish phase, ~48% in, 6:40–6:48.",,0,1,,
3RNr0rflCUU,https://www.youtube.com/watch?v=3RNr0rflCUU,"BUSINESS VLOG 🧸 preparing for shop launch, making 400 candles & my studio tour",834.0,storyboard,53,425.02,433.04,8.02,https://youtu.be/3RNr0rflCUU?t=425s,decorate_finish,finish,1,0.5,Packing/wrapping & stamping candles.,"Packing/wrapping & stamping candles. finish phase, ~51% in, 7:05–7:13.",,0,1,,
3RNr0rflCUU,https://www.youtube.com/watch?v=3RNr0rflCUU,"BUSINESS VLOG 🧸 preparing for shop launch, making 400 candles & my studio tour",834.0,storyboard,54,433.04,441.06,8.02,https://youtu.be/3RNr0rflCUU?t=433s,decorate_finish,finish,1,0.5,Packing/wrapping & stamping candles.,"Packing/wrapping & stamping candles. finish phase, ~52% in, 7:13–7:21.",,0,1,,
3RNr0rflCUU,https://www.youtube.com/watch?v=3RNr0rflCUU,"BUSINESS VLOG 🧸 preparing for shop launch, making 400 candles & my studio tour",834.0,storyboard,60,481.15,489.17,8.02,https://youtu.be/3RNr0rflCUU?t=481s,decorate_finish,finish,1,0.5,Packing/wrapping & stamping candles.,"Packing/wrapping & stamping candles. finish phase, ~58% in, 8:01–8:09.",,0,1,,
3RNr0rflCUU,https://www.youtube.com/watch?v=3RNr0rflCUU,"BUSINESS VLOG 🧸 preparing for shop launch, making 400 candles & my studio tour",834.0,storyboard,61,489.17,497.19,8.02,https://youtu.be/3RNr0rflCUU?t=489s,decorate_finish,finish,1,0.5,Packing/wrapping & stamping candles.,"Packing/wrapping & stamping candles. finish phase, ~59% in, 8:09–8:17.",,0,1,,
3RNr0rflCUU,https://www.youtube.com/watch?v=3RNr0rflCUU,"BUSINESS VLOG 🧸 preparing for shop launch, making 400 candles & my studio tour",834.0,storyboard,66,529.27,537.29,8.02,https://youtu.be/3RNr0rflCUU?t=529s,decorate_finish,finish,1,0.5,Packing/wrapping & stamping candles.,"Packing/wrapping & stamping candles. finish phase, ~63% in, 8:49–8:57.",,0,1,,
3RNr0rflCUU,https://www.youtube.com/watch?v=3RNr0rflCUU,"BUSINESS VLOG 🧸 preparing for shop launch, making 400 candles & my studio tour",834.0,storyboard,67,537.29,545.31,8.02,https://youtu.be/3RNr0rflCUU?t=537s,decorate_finish,finish,1,0.5,Packing/wrapping & stamping candles.,"Packing/wrapping & stamping candles. finish phase, ~64% in, 8:57–9:05.",,0,1,,
3RNr0rflCUU,https://www.youtube.com/watch?v=3RNr0rflCUU,"BUSINESS VLOG 🧸 preparing for shop launch, making 400 candles & my studio tour",834.0,storyboard,68,545.31,553.33,8.02,https://youtu.be/3RNr0rflCUU?t=545s,decorate_finish,finish,1,0.6,B-roll (concert/food/floor/packing).,"B-roll (concert/food/floor/packing). finish phase, ~65% in, 9:05–9:13.",,0,1,,
3RNr0rflCUU,https://www.youtube.com/watch?v=3RNr0rflCUU,"BUSINESS VLOG 🧸 preparing for shop launch, making 400 candles & my studio tour",834.0,storyboard,69,553.33,561.35,8.02,https://youtu.be/3RNr0rflCUU?t=553s,decorate_finish,finish,1,0.5,Packing/wrapping & stamping candles.,"Packing/wrapping & stamping candles. finish phase, ~66% in, 9:13–9:21.",,0,1,,
3RNr0rflCUU,https://www.youtube.com/watch?v=3RNr0rflCUU,"BUSINESS VLOG 🧸 preparing for shop launch, making 400 candles & my studio tour",834.0,storyboard,70,561.35,569.37,8.02,https://youtu.be/3RNr0rflCUU?t=561s,decorate_finish,finish,1,0.5,Packing/wrapping & stamping candles.,"Packing/wrapping & stamping candles. finish phase, ~67% in, 9:21–9:29.",,0,1,,
3RNr0rflCUU,https://www.youtube.com/watch?v=3RNr0rflCUU,"BUSINESS VLOG 🧸 preparing for shop launch, making 400 candles & my studio tour",834.0,storyboard,71,569.37,577.38,8.01,https://youtu.be/3RNr0rflCUU?t=569s,decorate_finish,finish,1,0.5,Packing/wrapping & stamping candles.,"Packing/wrapping & stamping candles. finish phase, ~68% in, 9:29–9:37.",,0,1,,
3RNr0rflCUU,https://www.youtube.com/watch?v=3RNr0rflCUU,"BUSINESS VLOG 🧸 preparing for shop launch, making 400 candles & my studio tour",834.0,storyboard,94,753.81,761.83,8.02,https://youtu.be/3RNr0rflCUU?t=754s,decorate_finish,finish,1,0.5,Packing/wrapping & stamping candles.,"Packing/wrapping & stamping candles. finish phase, ~90% in, 12:33–12:41.",,0,1,,
3RNr0rflCUU,https://www.youtube.com/watch?v=3RNr0rflCUU,"BUSINESS VLOG 🧸 preparing for shop launch, making 400 candles & my studio tour",834.0,storyboard,95,761.83,769.85,8.02,https://youtu.be/3RNr0rflCUU?t=762s,decorate_finish,finish,1,0.5,Packing/wrapping & stamping candles.,"Packing/wrapping & stamping candles. finish phase, ~91% in, 12:41–12:49.",,0,1,,
3RNr0rflCUU,https://www.youtube.com/watch?v=3RNr0rflCUU,"BUSINESS VLOG 🧸 preparing for shop launch, making 400 candles & my studio tour",834.0,storyboard,96,769.85,777.87,8.02,https://youtu.be/3RNr0rflCUU?t=770s,decorate_finish,finish,1,0.5,Packing/wrapping & stamping candles.,"Packing/wrapping & stamping candles. finish phase, ~92% in, 12:49–12:57.",,0,1,,
3RNr0rflCUU,https://www.youtube.com/watch?v=3RNr0rflCUU,"BUSINESS VLOG 🧸 preparing for shop launch, making 400 candles & my studio tour",834.0,storyboard,97,777.87,785.88,8.01,https://youtu.be/3RNr0rflCUU?t=778s,decorate_finish,finish,1,0.5,Packing/wrapping & stamping candles.,"Packing/wrapping & stamping candles. finish phase, ~93% in, 12:57–13:05.",,0,1,,
6HKMsobiG74,https://www.youtube.com/watch?v=6HKMsobiG74,Most Satisfying Ocean Jelly Candle | Water Candle DIY ASMR,158.0,storyboard,2,15.8,23.7,7.9,https://youtu.be/6HKMsobiG74?t=16s,decorate_finish,finish,1,0.4,Decorations are placed into the bottom of the glass.,"Decorations are placed into the bottom of the glass. finish phase, ~10% in, 0:15–0:23.",,0,1,,
6Y1FERoGUSo,https://www.youtube.com/watch?v=6Y1FERoGUSo,Aesthetic Flower Candle - 4 K Free Video Process Tutorial - Celebrating Spring,776.0,storyboard,6,48.0,56.0,8.0,https://youtu.be/6Y1FERoGUSo?t=48s,decorate_finish,finish,1,0.5,Shaping the pink wax sheet/blob.,"Shaping the pink wax sheet/blob. finish phase, ~6% in, 0:48–0:56.",,0,1,,
6Y1FERoGUSo,https://www.youtube.com/watch?v=6Y1FERoGUSo,Aesthetic Flower Candle - 4 K Free Video Process Tutorial - Celebrating Spring,776.0,storyboard,7,56.0,64.0,8.0,https://youtu.be/6Y1FERoGUSo?t=56s,decorate_finish,finish,1,0.5,Forming the pink wax sheet.,"Forming the pink wax sheet. finish phase, ~7% in, 0:56–1:04.",,0,1,,
6Y1FERoGUSo,https://www.youtube.com/watch?v=6Y1FERoGUSo,Aesthetic Flower Candle - 4 K Free Video Process Tutorial - Celebrating Spring,776.0,storyboard,8,64.0,72.0,8.0,https://youtu.be/6Y1FERoGUSo?t=64s,decorate_finish,finish,1,0.4,Hand-cream bottle / prep.,"Hand-cream bottle / prep. finish phase, ~8% in, 1:04–1:12.",,0,1,,
6Y1FERoGUSo,https://www.youtube.com/watch?v=6Y1FERoGUSo,Aesthetic Flower Candle - 4 K Free Video Process Tutorial - Celebrating Spring,776.0,storyboard,9,72.0,80.0,8.0,https://youtu.be/6Y1FERoGUSo?t=72s,decorate_finish,finish,1,0.55,Hand-sculpting pink wax into rose petals and assembling the flower candle.,"Hand-sculpting pink wax into rose petals and assembling the flower candle. finish phase, ~9% in, 1:12–1:20.",,0,1,,
6Y1FERoGUSo,https://www.youtube.com/watch?v=6Y1FERoGUSo,Aesthetic Flower Candle - 4 K Free Video Process Tutorial - Celebrating Spring,776.0,storyboard,10,80.0,88.0,8.0,https://youtu.be/6Y1FERoGUSo?t=80s,decorate_finish,finish,1,0.55,Hand-sculpting pink wax into rose petals and assembling the flower candle.,"Hand-sculpting pink wax into rose petals and assembling the flower candle. finish phase, ~10% in, 1:20–1:28.",,0,1,,
6Y1FERoGUSo,https://www.youtube.com/watch?v=6Y1FERoGUSo,Aesthetic Flower Candle - 4 K Free Video Process Tutorial - Celebrating Spring,776.0,storyboard,11,88.0,96.0,8.0,https://youtu.be/6Y1FERoGUSo?t=88s,decorate_finish,finish,1,0.55,Hand-sculpting pink wax into rose petals and assembling the flower candle.,"Hand-sculpting pink wax into rose petals and assembling the flower candle. finish phase, ~11% in, 1:28–1:36.",,0,1,,
6Y1FERoGUSo,https://www.youtube.com/watch?v=6Y1FERoGUSo,Aesthetic Flower Candle - 4 K Free Video Process Tutorial - Celebrating Spring,776.0,storyboard,12,96.0,104.0,8.0,https://youtu.be/6Y1FERoGUSo?t=96s,decorate_finish,finish,1,0.55,Hand-sculpting pink wax into rose petals and assembling the flower candle.,"Hand-sculpting pink wax into rose petals and assembling the flower candle. finish phase, ~12% in, 1:36–1:44.",,0,1,,
6Y1FERoGUSo,https://www.youtube.com/watch?v=6Y1FERoGUSo,Aesthetic Flower Candle - 4 K Free Video Process Tutorial - Celebrating Spring,776.0,storyboard,13,104.0,112.0,8.0,https://youtu.be/6Y1FERoGUSo?t=104s,decorate_finish,finish,1,0.55,Hand-sculpting pink wax into rose petals and assembling the flower candle.,"Hand-sculpting pink wax into rose petals and assembling the flower candle. finish phase, ~13% in, 1:44–1:52.",,0,1,,
6Y1FERoGUSo,https://www.youtube.com/watch?v=6Y1FERoGUSo,Aesthetic Flower Candle - 4 K Free Video Process Tutorial - Celebrating Spring,776.0,storyboard,14,112.0,120.0,8.0,https://youtu.be/6Y1FERoGUSo?t=112s,decorate_finish,finish,1,0.55,Hand-sculpting pink wax into rose petals and assembling the flower candle.,"Hand-sculpting pink wax into rose petals and assembling the flower candle. finish phase, ~14% in, 1:52–2:00.",,0,1,,
6Y1FERoGUSo,https://www.youtube.com/watch?v=6Y1FERoGUSo,Aesthetic Flower Candle - 4 K Free Video Process Tutorial - Celebrating Spring,776.0,storyboard,15,120.0,128.0,8.0,https://youtu.be/6Y1FERoGUSo?t=120s,decorate_finish,finish,1,0.55,Hand-sculpting pink wax into rose petals and assembling the flower candle.,"Hand-sculpting pink wax into rose petals and assembling the flower candle. finish phase, ~15% in, 2:00–2:08.",,0,1,,
6Y1FERoGUSo,https://www.youtube.com/watch?v=6Y1FERoGUSo,Aesthetic Flower Candle - 4 K Free Video Process Tutorial - Celebrating Spring,776.0,storyboard,16,128.0,136.0,8.0,https://youtu.be/6Y1FERoGUSo?t=128s,decorate_finish,finish,1,0.55,Hand-sculpting pink wax into rose petals and assembling the flower candle.,"Hand-sculpting pink wax into rose petals and assembling the flower candle. finish phase, ~16% in, 2:08–2:16.",,0,1,,
6Y1FERoGUSo,https://www.youtube.com/watch?v=6Y1FERoGUSo,Aesthetic Flower Candle - 4 K Free Video Process Tutorial - Celebrating Spring,776.0,storyboard,17,136.0,144.0,8.0,https://youtu.be/6Y1FERoGUSo?t=136s,decorate_finish,finish,1,0.55,Hand-sculpting pink wax into rose petals and assembling the flower candle.,"Hand-sculpting pink wax into rose petals and assembling the flower candle. finish phase, ~18% in, 2:16–2:24.",,0,1,,
6Y1FERoGUSo,https://www.youtube.com/watch?v=6Y1FERoGUSo,Aesthetic Flower Candle - 4 K Free Video Process Tutorial - Celebrating Spring,776.0,storyboard,18,144.0,152.0,8.0,https://youtu.be/6Y1FERoGUSo?t=144s,decorate_finish,finish,1,0.5,Forming the rose centre on a stick.,"Forming the rose centre on a stick. finish phase, ~19% in, 2:24–2:32.",,0,1,,
6Y1FERoGUSo,https://www.youtube.com/watch?v=6Y1FERoGUSo,Aesthetic Flower Candle - 4 K Free Video Process Tutorial - Celebrating Spring,776.0,storyboard,19,152.0,160.0,8.0,https://youtu.be/6Y1FERoGUSo?t=152s,decorate_finish,finish,1,0.5,Pink wax sheet with cut petal shapes.,"Pink wax sheet with cut petal shapes. finish phase, ~20% in, 2:32–2:40.",,0,1,,
6Y1FERoGUSo,https://www.youtube.com/watch?v=6Y1FERoGUSo,Aesthetic Flower Candle - 4 K Free Video Process Tutorial - Celebrating Spring,776.0,storyboard,20,160.0,168.0,8.0,https://youtu.be/6Y1FERoGUSo?t=160s,decorate_finish,finish,1,0.5,Cutting petal shapes from the wax sheet.,"Cutting petal shapes from the wax sheet. finish phase, ~21% in, 2:40–2:48.",,0,1,,
6Y1FERoGUSo,https://www.youtube.com/watch?v=6Y1FERoGUSo,Aesthetic Flower Candle - 4 K Free Video Process Tutorial - Celebrating Spring,776.0,storyboard,21,168.0,176.0,8.0,https://youtu.be/6Y1FERoGUSo?t=168s,decorate_finish,finish,1,0.55,Hand-sculpting pink wax into rose petals and assembling the flower candle.,"Hand-sculpting pink wax into rose petals and assembling the flower candle. finish phase, ~22% in, 2:48–2:56.",,0,1,,
6Y1FERoGUSo,https://www.youtube.com/watch?v=6Y1FERoGUSo,Aesthetic Flower Candle - 4 K Free Video Process Tutorial - Celebrating Spring,776.0,storyboard,22,176.0,184.0,8.0,https://youtu.be/6Y1FERoGUSo?t=176s,decorate_finish,finish,1,0.55,Hand-sculpting pink wax into rose petals and assembling the flower candle.,"Hand-sculpting pink wax into rose petals and assembling the flower candle. finish phase, ~23% in, 2:56–3:04.",,0,1,,
6Y1FERoGUSo,https://www.youtube.com/watch?v=6Y1FERoGUSo,Aesthetic Flower Candle - 4 K Free Video Process Tutorial - Celebrating Spring,776.0,storyboard,23,184.0,192.0,8.0,https://youtu.be/6Y1FERoGUSo?t=184s,decorate_finish,finish,1,0.55,Hand-sculpting pink wax into rose petals and assembling the flower candle.,"Hand-sculpting pink wax into rose petals and assembling the flower candle. finish phase, ~24% in, 3:04–3:12.",,0,1,,
6Y1FERoGUSo,https://www.youtube.com/watch?v=6Y1FERoGUSo,Aesthetic Flower Candle - 4 K Free Video Process Tutorial - Celebrating Spring,776.0,storyboard,24,192.0,200.0,8.0,https://youtu.be/6Y1FERoGUSo?t=192s,decorate_finish,finish,1,0.55,Hand-sculpting pink wax into rose petals and assembling the flower candle.,"Hand-sculpting pink wax into rose petals and assembling the flower candle. finish phase, ~25% in, 3:12–3:20.",,0,1,,
6Y1FERoGUSo,https://www.youtube.com/watch?v=6Y1FERoGUSo,Aesthetic Flower Candle - 4 K Free Video Process Tutorial - Celebrating Spring,776.0,storyboard,25,200.0,208.0,8.0,https://youtu.be/6Y1FERoGUSo?t=200s,decorate_finish,finish,1,0.55,Hand-sculpting pink wax into rose petals and assembling the flower candle.,"Hand-sculpting pink wax into rose petals and assembling the flower candle. finish phase, ~26% in, 3:20–3:28.",,0,1,,
6Y1FERoGUSo,https://www.youtube.com/watch?v=6Y1FERoGUSo,Aesthetic Flower Candle - 4 K Free Video Process Tutorial - Celebrating Spring,776.0,storyboard,26,208.0,216.0,8.0,https://youtu.be/6Y1FERoGUSo?t=208s,decorate_finish,finish,1,0.55,Hand-sculpting pink wax into rose petals and assembling the flower candle.,"Hand-sculpting pink wax into rose petals and assembling the flower candle. finish phase, ~27% in, 3:28–3:36.",,0,1,,
6Y1FERoGUSo,https://www.youtube.com/watch?v=6Y1FERoGUSo,Aesthetic Flower Candle - 4 K Free Video Process Tutorial - Celebrating Spring,776.0,storyboard,27,216.0,224.0,8.0,https://youtu.be/6Y1FERoGUSo?t=216s,decorate_finish,finish,1,0.55,Hand-sculpting pink wax into rose petals and assembling the flower candle.,"Hand-sculpting pink wax into rose petals and assembling the flower candle. finish phase, ~28% in, 3:36–3:44.",,0,1,,
6Y1FERoGUSo,https://www.youtube.com/watch?v=6Y1FERoGUSo,Aesthetic Flower Candle - 4 K Free Video Process Tutorial - Celebrating Spring,776.0,storyboard,28,224.0,232.0,8.0,https://youtu.be/6Y1FERoGUSo?t=224s,decorate_finish,finish,1,0.55,Hand-sculpting pink wax into rose petals and assembling the flower candle.,"Hand-sculpting pink wax into rose petals and assembling the flower candle. finish phase, ~29% in, 3:44–3:52.",,0,1,,
6Y1FERoGUSo,https://www.youtube.com/watch?v=6Y1FERoGUSo,Aesthetic Flower Candle - 4 K Free Video Process Tutorial - Celebrating Spring,776.0,storyboard,29,232.0,240.0,8.0,https://youtu.be/6Y1FERoGUSo?t=232s,decorate_finish,finish,1,0.55,Hand-sculpting pink wax into rose petals and assembling the flower candle.,"Hand-sculpting pink wax into rose petals and assembling the flower candle. finish phase, ~30% in, 3:52–4:00.",,0,1,,
6Y1FERoGUSo,https://www.youtube.com/watch?v=6Y1FERoGUSo,Aesthetic Flower Candle - 4 K Free Video Process Tutorial - Celebrating Spring,776.0,storyboard,30,240.0,248.0,8.0,https://youtu.be/6Y1FERoGUSo?t=240s,decorate_finish,finish,1,0.55,Hand-sculpting pink wax into rose petals and assembling the flower candle.,"Hand-sculpting pink wax into rose petals and assembling the flower candle. finish phase, ~31% in, 4:00–4:08.",,0,1,,
6Y1FERoGUSo,https://www.youtube.com/watch?v=6Y1FERoGUSo,Aesthetic Flower Candle - 4 K Free Video Process Tutorial - Celebrating Spring,776.0,storyboard,31,248.0,256.0,8.0,https://youtu.be/6Y1FERoGUSo?t=248s,decorate_finish,finish,1,0.55,Hand-sculpting pink wax into rose petals and assembling the flower candle.,"Hand-sculpting pink wax into rose petals and assembling the flower candle. finish phase, ~32% in, 4:08–4:16.",,0,1,,
6Y1FERoGUSo,https://www.youtube.com/watch?v=6Y1FERoGUSo,Aesthetic Flower Candle - 4 K Free Video Process Tutorial - Celebrating Spring,776.0,storyboard,32,256.0,264.0,8.0,https://youtu.be/6Y1FERoGUSo?t=256s,decorate_finish,finish,1,0.55,Hand-sculpting pink wax into rose petals and assembling the flower candle.,"Hand-sculpting pink wax into rose petals and assembling the flower candle. finish phase, ~33% in, 4:16–4:24.",,0,1,,
6Y1FERoGUSo,https://www.youtube.com/watch?v=6Y1FERoGUSo,Aesthetic Flower Candle - 4 K Free Video Process Tutorial - Celebrating Spring,776.0,storyboard,33,264.0,272.0,8.0,https://youtu.be/6Y1FERoGUSo?t=264s,decorate_finish,finish,1,0.55,Hand-sculpting pink wax into rose petals and assembling the flower candle.,"Hand-sculpting pink wax into rose petals and assembling the flower candle. finish phase, ~34% in, 4:24–4:32.",,0,1,,
6Y1FERoGUSo,https://www.youtube.com/watch?v=6Y1FERoGUSo,Aesthetic Flower Candle - 4 K Free Video Process Tutorial - Celebrating Spring,776.0,storyboard,34,272.0,280.0,8.0,https://youtu.be/6Y1FERoGUSo?t=272s,decorate_finish,finish,1,0.55,Hand-sculpting pink wax into rose petals and assembling the flower candle.,"Hand-sculpting pink wax into rose petals and assembling the flower candle. finish phase, ~35% in, 4:32–4:40.",,0,1,,
6Y1FERoGUSo,https://www.youtube.com/watch?v=6Y1FERoGUSo,Aesthetic Flower Candle - 4 K Free Video Process Tutorial - Celebrating Spring,776.0,storyboard,35,280.0,288.0,8.0,https://youtu.be/6Y1FERoGUSo?t=280s,decorate_finish,finish,1,0.55,Hand-sculpting pink wax into rose petals and assembling the flower candle.,"Hand-sculpting pink wax into rose petals and assembling the flower candle. finish phase, ~36% in, 4:40–4:48.",,0,1,,
6Y1FERoGUSo,https://www.youtube.com/watch?v=6Y1FERoGUSo,Aesthetic Flower Candle - 4 K Free Video Process Tutorial - Celebrating Spring,776.0,storyboard,36,288.0,296.0,8.0,https://youtu.be/6Y1FERoGUSo?t=288s,decorate_finish,finish,1,0.55,Hand-sculpting pink wax into rose petals and assembling the flower candle.,"Hand-sculpting pink wax into rose petals and assembling the flower candle. finish phase, ~37% in, 4:48–4:56.",,0,1,,
6Y1FERoGUSo,https://www.youtube.com/watch?v=6Y1FERoGUSo,Aesthetic Flower Candle - 4 K Free Video Process Tutorial - Celebrating Spring,776.0,storyboard,37,296.0,304.0,8.0,https://youtu.be/6Y1FERoGUSo?t=296s,decorate_finish,finish,1,0.55,Hand-sculpting pink wax into rose petals and assembling the flower candle.,"Hand-sculpting pink wax into rose petals and assembling the flower candle. finish phase, ~38% in, 4:56–5:04.",,0,1,,
6Y1FERoGUSo,https://www.youtube.com/watch?v=6Y1FERoGUSo,Aesthetic Flower Candle - 4 K Free Video Process Tutorial - Celebrating Spring,776.0,storyboard,38,304.0,312.0,8.0,https://youtu.be/6Y1FERoGUSo?t=304s,decorate_finish,finish,1,0.55,Hand-sculpting pink wax into rose petals and assembling the flower candle.,"Hand-sculpting pink wax into rose petals and assembling the flower candle. finish phase, ~39% in, 5:04–5:12.",,0,1,,
6Y1FERoGUSo,https://www.youtube.com/watch?v=6Y1FERoGUSo,Aesthetic Flower Candle - 4 K Free Video Process Tutorial - Celebrating Spring,776.0,storyboard,39,312.0,320.0,8.0,https://youtu.be/6Y1FERoGUSo?t=312s,decorate_finish,finish,1,0.55,Hand-sculpting pink wax into rose petals and assembling the flower candle.,"Hand-sculpting pink wax into rose petals and assembling the flower candle. finish phase, ~40% in, 5:12–5:20.",,0,1,,
6Y1FERoGUSo,https://www.youtube.com/watch?v=6Y1FERoGUSo,Aesthetic Flower Candle - 4 K Free Video Process Tutorial - Celebrating Spring,776.0,storyboard,40,320.0,328.0,8.0,https://youtu.be/6Y1FERoGUSo?t=320s,decorate_finish,finish,1,0.55,Hand-sculpting pink wax into rose petals and assembling the flower candle.,"Hand-sculpting pink wax into rose petals and assembling the flower candle. finish phase, ~41% in, 5:20–5:28.",,0,1,,
6Y1FERoGUSo,https://www.youtube.com/watch?v=6Y1FERoGUSo,Aesthetic Flower Candle - 4 K Free Video Process Tutorial - Celebrating Spring,776.0,storyboard,41,328.0,336.0,8.0,https://youtu.be/6Y1FERoGUSo?t=328s,decorate_finish,finish,1,0.55,Hand-sculpting pink wax into rose petals and assembling the flower candle.,"Hand-sculpting pink wax into rose petals and assembling the flower candle. finish phase, ~42% in, 5:28–5:36.",,0,1,,
6Y1FERoGUSo,https://www.youtube.com/watch?v=6Y1FERoGUSo,Aesthetic Flower Candle - 4 K Free Video Process Tutorial - Celebrating Spring,776.0,storyboard,42,336.0,344.0,8.0,https://youtu.be/6Y1FERoGUSo?t=336s,decorate_finish,finish,1,0.55,Hand-sculpting pink wax into rose petals and assembling the flower candle.,"Hand-sculpting pink wax into rose petals and assembling the flower candle. finish phase, ~43% in, 5:36–5:44.",,0,1,,
6Y1FERoGUSo,https://www.youtube.com/watch?v=6Y1FERoGUSo,Aesthetic Flower Candle - 4 K Free Video Process Tutorial - Celebrating Spring,776.0,storyboard,43,344.0,352.0,8.0,https://youtu.be/6Y1FERoGUSo?t=344s,decorate_finish,finish,1,0.55,Hand-sculpting pink wax into rose petals and assembling the flower candle.,"Hand-sculpting pink wax into rose petals and assembling the flower candle. finish phase, ~44% in, 5:44–5:52.",,0,1,,
6Y1FERoGUSo,https://www.youtube.com/watch?v=6Y1FERoGUSo,Aesthetic Flower Candle - 4 K Free Video Process Tutorial - Celebrating Spring,776.0,storyboard,44,352.0,360.0,8.0,https://youtu.be/6Y1FERoGUSo?t=352s,decorate_finish,finish,1,0.55,Hand-sculpting pink wax into rose petals and assembling the flower candle.,"Hand-sculpting pink wax into rose petals and assembling the flower candle. finish phase, ~45% in, 5:52–6:00.",,0,1,,
6Y1FERoGUSo,https://www.youtube.com/watch?v=6Y1FERoGUSo,Aesthetic Flower Candle - 4 K Free Video Process Tutorial - Celebrating Spring,776.0,storyboard,45,360.0,368.0,8.0,https://youtu.be/6Y1FERoGUSo?t=360s,decorate_finish,finish,1,0.55,Hand-sculpting pink wax into rose petals and assembling the flower candle.,"Hand-sculpting pink wax into rose petals and assembling the flower candle. finish phase, ~46% in, 6:00–6:08.",,0,1,,
6Y1FERoGUSo,https://www.youtube.com/watch?v=6Y1FERoGUSo,Aesthetic Flower Candle - 4 K Free Video Process Tutorial - Celebrating Spring,776.0,storyboard,46,368.0,376.0,8.0,https://youtu.be/6Y1FERoGUSo?t=368s,decorate_finish,finish,1,0.55,Hand-sculpting pink wax into rose petals and assembling the flower candle.,"Hand-sculpting pink wax into rose petals and assembling the flower candle. finish phase, ~47% in, 6:08–6:16.",,0,1,,
6Y1FERoGUSo,https://www.youtube.com/watch?v=6Y1FERoGUSo,Aesthetic Flower Candle - 4 K Free Video Process Tutorial - Celebrating Spring,776.0,storyboard,47,376.0,384.0,8.0,https://youtu.be/6Y1FERoGUSo?t=376s,decorate_finish,finish,1,0.55,Hand-sculpting pink wax into rose petals and assembling the flower candle.,"Hand-sculpting pink wax into rose petals and assembling the flower candle. finish phase, ~48% in, 6:16–6:24.",,0,1,,
6Y1FERoGUSo,https://www.youtube.com/watch?v=6Y1FERoGUSo,Aesthetic Flower Candle - 4 K Free Video Process Tutorial - Celebrating Spring,776.0,storyboard,48,384.0,392.0,8.0,https://youtu.be/6Y1FERoGUSo?t=384s,decorate_finish,finish,1,0.55,Hand-sculpting pink wax into rose petals and assembling the flower candle.,"Hand-sculpting pink wax into rose petals and assembling the flower candle. finish phase, ~49% in, 6:24–6:32.",,0,1,,
6Y1FERoGUSo,https://www.youtube.com/watch?v=6Y1FERoGUSo,Aesthetic Flower Candle - 4 K Free Video Process Tutorial - Celebrating Spring,776.0,storyboard,49,392.0,400.0,8.0,https://youtu.be/6Y1FERoGUSo?t=392s,decorate_finish,finish,1,0.55,Hand-sculpting pink wax into rose petals and assembling the flower candle.,"Hand-sculpting pink wax into rose petals and assembling the flower candle. finish phase, ~51% in, 6:32–6:40.",,0,1,,
6Y1FERoGUSo,https://www.youtube.com/watch?v=6Y1FERoGUSo,Aesthetic Flower Candle - 4 K Free Video Process Tutorial - Celebrating Spring,776.0,storyboard,50,400.0,408.0,8.0,https://youtu.be/6Y1FERoGUSo?t=400s,decorate_finish,finish,1,0.55,Hand-sculpting pink wax into rose petals and assembling the flower candle.,"Hand-sculpting pink wax into rose petals and assembling the flower candle. finish phase, ~52% in, 6:40–6:48.",,0,1,,
6Y1FERoGUSo,https://www.youtube.com/watch?v=6Y1FERoGUSo,Aesthetic Flower Candle - 4 K Free Video Process Tutorial - Celebrating Spring,776.0,storyboard,51,408.0,416.0,8.0,https://youtu.be/6Y1FERoGUSo?t=408s,decorate_finish,finish,1,0.55,Hand-sculpting pink wax into rose petals and assembling the flower candle.,"Hand-sculpting pink wax into rose petals and assembling the flower candle. finish phase, ~53% in, 6:48–6:56.",,0,1,,
6Y1FERoGUSo,https://www.youtube.com/watch?v=6Y1FERoGUSo,Aesthetic Flower Candle - 4 K Free Video Process Tutorial - Celebrating Spring,776.0,storyboard,52,416.0,424.0,8.0,https://youtu.be/6Y1FERoGUSo?t=416s,decorate_finish,finish,1,0.55,Hand-sculpting pink wax into rose petals and assembling the flower candle.,"Hand-sculpting pink wax into rose petals and assembling the flower candle. finish phase, ~54% in, 6:56–7:04.",,0,1,,
6Y1FERoGUSo,https://www.youtube.com/watch?v=6Y1FERoGUSo,Aesthetic Flower Candle - 4 K Free Video Process Tutorial - Celebrating Spring,776.0,storyboard,53,424.0,432.0,8.0,https://youtu.be/6Y1FERoGUSo?t=424s,decorate_finish,finish,1,0.55,Hand-sculpting pink wax into rose petals and assembling the flower candle.,"Hand-sculpting pink wax into rose petals and assembling the flower candle. finish phase, ~55% in, 7:04–7:12.",,0,1,,
6Y1FERoGUSo,https://www.youtube.com/watch?v=6Y1FERoGUSo,Aesthetic Flower Candle - 4 K Free Video Process Tutorial - Celebrating Spring,776.0,storyboard,54,432.0,440.0,8.0,https://youtu.be/6Y1FERoGUSo?t=432s,decorate_finish,finish,1,0.55,Hand-sculpting pink wax into rose petals and assembling the flower candle.,"Hand-sculpting pink wax into rose petals and assembling the flower candle. finish phase, ~56% in, 7:12–7:20.",,0,1,,
6Y1FERoGUSo,https://www.youtube.com/watch?v=6Y1FERoGUSo,Aesthetic Flower Candle - 4 K Free Video Process Tutorial - Celebrating Spring,776.0,storyboard,55,440.0,448.0,8.0,https://youtu.be/6Y1FERoGUSo?t=440s,decorate_finish,finish,1,0.55,Hand-sculpting pink wax into rose petals and assembling the flower candle.,"Hand-sculpting pink wax into rose petals and assembling the flower candle. finish phase, ~57% in, 7:20–7:28.",,0,1,,
6Y1FERoGUSo,https://www.youtube.com/watch?v=6Y1FERoGUSo,Aesthetic Flower Candle - 4 K Free Video Process Tutorial - Celebrating Spring,776.0,storyboard,56,448.0,456.0,8.0,https://youtu.be/6Y1FERoGUSo?t=448s,decorate_finish,finish,1,0.55,Hand-sculpting pink wax into rose petals and assembling the flower candle.,"Hand-sculpting pink wax into rose petals and assembling the flower candle. finish phase, ~58% in, 7:28–7:36.",,0,1,,
6Y1FERoGUSo,https://www.youtube.com/watch?v=6Y1FERoGUSo,Aesthetic Flower Candle - 4 K Free Video Process Tutorial - Celebrating Spring,776.0,storyboard,57,456.0,464.0,8.0,https://youtu.be/6Y1FERoGUSo?t=456s,decorate_finish,finish,1,0.55,Hand-sculpting pink wax into rose petals and assembling the flower candle.,"Hand-sculpting pink wax into rose petals and assembling the flower candle. finish phase, ~59% in, 7:36–7:44.",,0,1,,
6Y1FERoGUSo,https://www.youtube.com/watch?v=6Y1FERoGUSo,Aesthetic Flower Candle - 4 K Free Video Process Tutorial - Celebrating Spring,776.0,storyboard,58,464.0,472.0,8.0,https://youtu.be/6Y1FERoGUSo?t=464s,decorate_finish,finish,1,0.55,Hand-sculpting pink wax into rose petals and assembling the flower candle.,"Hand-sculpting pink wax into rose petals and assembling the flower candle. finish phase, ~60% in, 7:44–7:52.",,0,1,,
6Y1FERoGUSo,https://www.youtube.com/watch?v=6Y1FERoGUSo,Aesthetic Flower Candle - 4 K Free Video Process Tutorial - Celebrating Spring,776.0,storyboard,59,472.0,480.0,8.0,https://youtu.be/6Y1FERoGUSo?t=472s,decorate_finish,finish,1,0.55,Hand-sculpting pink wax into rose petals and assembling the flower candle.,"Hand-sculpting pink wax into rose petals and assembling the flower candle. finish phase, ~61% in, 7:52–8:00.",,0,1,,
6Y1FERoGUSo,https://www.youtube.com/watch?v=6Y1FERoGUSo,Aesthetic Flower Candle - 4 K Free Video Process Tutorial - Celebrating Spring,776.0,storyboard,60,480.0,488.0,8.0,https://youtu.be/6Y1FERoGUSo?t=480s,decorate_finish,finish,1,0.55,Hand-sculpting pink wax into rose petals and assembling the flower candle.,"Hand-sculpting pink wax into rose petals and assembling the flower candle. finish phase, ~62% in, 8:00–8:08.",,0,1,,
6Y1FERoGUSo,https://www.youtube.com/watch?v=6Y1FERoGUSo,Aesthetic Flower Candle - 4 K Free Video Process Tutorial - Celebrating Spring,776.0,storyboard,61,488.0,496.0,8.0,https://youtu.be/6Y1FERoGUSo?t=488s,decorate_finish,finish,1,0.55,Hand-sculpting pink wax into rose petals and assembling the flower candle.,"Hand-sculpting pink wax into rose petals and assembling the flower candle. finish phase, ~63% in, 8:08–8:16.",,0,1,,
6Y1FERoGUSo,https://www.youtube.com/watch?v=6Y1FERoGUSo,Aesthetic Flower Candle - 4 K Free Video Process Tutorial - Celebrating Spring,776.0,storyboard,62,496.0,504.0,8.0,https://youtu.be/6Y1FERoGUSo?t=496s,decorate_finish,finish,1,0.55,Hand-sculpting pink wax into rose petals and assembling the flower candle.,"Hand-sculpting pink wax into rose petals and assembling the flower candle. finish phase, ~64% in, 8:16–8:24.",,0,1,,
6Y1FERoGUSo,https://www.youtube.com/watch?v=6Y1FERoGUSo,Aesthetic Flower Candle - 4 K Free Video Process Tutorial - Celebrating Spring,776.0,storyboard,63,504.0,512.0,8.0,https://youtu.be/6Y1FERoGUSo?t=504s,decorate_finish,finish,1,0.55,Hand-sculpting pink wax into rose petals and assembling the flower candle.,"Hand-sculpting pink wax into rose petals and assembling the flower candle. finish phase, ~65% in, 8:24–8:32.",,0,1,,
6Y1FERoGUSo,https://www.youtube.com/watch?v=6Y1FERoGUSo,Aesthetic Flower Candle - 4 K Free Video Process Tutorial - Celebrating Spring,776.0,storyboard,64,512.0,520.0,8.0,https://youtu.be/6Y1FERoGUSo?t=512s,decorate_finish,finish,1,0.55,Hand-sculpting pink wax into rose petals and assembling the flower candle.,"Hand-sculpting pink wax into rose petals and assembling the flower candle. finish phase, ~66% in, 8:32–8:40.",,0,1,,
6Y1FERoGUSo,https://www.youtube.com/watch?v=6Y1FERoGUSo,Aesthetic Flower Candle - 4 K Free Video Process Tutorial - Celebrating Spring,776.0,storyboard,65,520.0,528.0,8.0,https://youtu.be/6Y1FERoGUSo?t=520s,decorate_finish,finish,1,0.55,Hand-sculpting pink wax into rose petals and assembling the flower candle.,"Hand-sculpting pink wax into rose petals and assembling the flower candle. finish phase, ~67% in, 8:40–8:48.",,0,1,,
6Y1FERoGUSo,https://www.youtube.com/watch?v=6Y1FERoGUSo,Aesthetic Flower Candle - 4 K Free Video Process Tutorial - Celebrating Spring,776.0,storyboard,66,528.0,536.0,8.0,https://youtu.be/6Y1FERoGUSo?t=528s,decorate_finish,finish,1,0.55,Hand-sculpting pink wax into rose petals and assembling the flower candle.,"Hand-sculpting pink wax into rose petals and assembling the flower candle. finish phase, ~68% in, 8:48–8:56.",,0,1,,
6Y1FERoGUSo,https://www.youtube.com/watch?v=6Y1FERoGUSo,Aesthetic Flower Candle - 4 K Free Video Process Tutorial - Celebrating Spring,776.0,storyboard,67,536.0,544.0,8.0,https://youtu.be/6Y1FERoGUSo?t=536s,decorate_finish,finish,1,0.55,Hand-sculpting pink wax into rose petals and assembling the flower candle.,"Hand-sculpting pink wax into rose petals and assembling the flower candle. finish phase, ~69% in, 8:56–9:04.",,0,1,,
6Y1FERoGUSo,https://www.youtube.com/watch?v=6Y1FERoGUSo,Aesthetic Flower Candle - 4 K Free Video Process Tutorial - Celebrating Spring,776.0,storyboard,68,544.0,552.0,8.0,https://youtu.be/6Y1FERoGUSo?t=544s,decorate_finish,finish,1,0.55,Hand-sculpting pink wax into rose petals and assembling the flower candle.,"Hand-sculpting pink wax into rose petals and assembling the flower candle. finish phase, ~70% in, 9:04–9:12.",,0,1,,
6Y1FERoGUSo,https://www.youtube.com/watch?v=6Y1FERoGUSo,Aesthetic Flower Candle - 4 K Free Video Process Tutorial - Celebrating Spring,776.0,storyboard,69,552.0,560.0,8.0,https://youtu.be/6Y1FERoGUSo?t=552s,decorate_finish,finish,1,0.55,Hand-sculpting pink wax into rose petals and assembling the flower candle.,"Hand-sculpting pink wax into rose petals and assembling the flower candle. finish phase, ~71% in, 9:12–9:20.",,0,1,,
6Y1FERoGUSo,https://www.youtube.com/watch?v=6Y1FERoGUSo,Aesthetic Flower Candle - 4 K Free Video Process Tutorial - Celebrating Spring,776.0,storyboard,70,560.0,568.0,8.0,https://youtu.be/6Y1FERoGUSo?t=560s,decorate_finish,finish,1,0.55,Hand-sculpting pink wax into rose petals and assembling the flower candle.,"Hand-sculpting pink wax into rose petals and assembling the flower candle. finish phase, ~72% in, 9:20–9:28.",,0,1,,
6Y1FERoGUSo,https://www.youtube.com/watch?v=6Y1FERoGUSo,Aesthetic Flower Candle - 4 K Free Video Process Tutorial - Celebrating Spring,776.0,storyboard,71,568.0,576.0,8.0,https://youtu.be/6Y1FERoGUSo?t=568s,decorate_finish,finish,1,0.55,Hand-sculpting pink wax into rose petals and assembling the flower candle.,"Hand-sculpting pink wax into rose petals and assembling the flower candle. finish phase, ~73% in, 9:28–9:36.",,0,1,,
6Y1FERoGUSo,https://www.youtube.com/watch?v=6Y1FERoGUSo,Aesthetic Flower Candle - 4 K Free Video Process Tutorial - Celebrating Spring,776.0,storyboard,72,576.0,584.0,8.0,https://youtu.be/6Y1FERoGUSo?t=576s,decorate_finish,finish,1,0.55,Hand-sculpting pink wax into rose petals and assembling the flower candle.,"Hand-sculpting pink wax into rose petals and assembling the flower candle. finish phase, ~74% in, 9:36–9:44.",,0,1,,
6Y1FERoGUSo,https://www.youtube.com/watch?v=6Y1FERoGUSo,Aesthetic Flower Candle - 4 K Free Video Process Tutorial - Celebrating Spring,776.0,storyboard,73,584.0,592.0,8.0,https://youtu.be/6Y1FERoGUSo?t=584s,decorate_finish,finish,1,0.55,Hand-sculpting pink wax into rose petals and assembling the flower candle.,"Hand-sculpting pink wax into rose petals and assembling the flower candle. finish phase, ~75% in, 9:44–9:52.",,0,1,,
6Y1FERoGUSo,https://www.youtube.com/watch?v=6Y1FERoGUSo,Aesthetic Flower Candle - 4 K Free Video Process Tutorial - Celebrating Spring,776.0,storyboard,74,592.0,600.0,8.0,https://youtu.be/6Y1FERoGUSo?t=592s,decorate_finish,finish,1,0.55,Hand-sculpting pink wax into rose petals and assembling the flower candle.,"Hand-sculpting pink wax into rose petals and assembling the flower candle. finish phase, ~76% in, 9:52–10:00.",,0,1,,
6Y1FERoGUSo,https://www.youtube.com/watch?v=6Y1FERoGUSo,Aesthetic Flower Candle - 4 K Free Video Process Tutorial - Celebrating Spring,776.0,storyboard,75,600.0,608.0,8.0,https://youtu.be/6Y1FERoGUSo?t=600s,decorate_finish,finish,1,0.55,Hand-sculpting pink wax into rose petals and assembling the flower candle.,"Hand-sculpting pink wax into rose petals and assembling the flower candle. finish phase, ~77% in, 10:00–10:08.",,0,1,,
6Y1FERoGUSo,https://www.youtube.com/watch?v=6Y1FERoGUSo,Aesthetic Flower Candle - 4 K Free Video Process Tutorial - Celebrating Spring,776.0,storyboard,76,608.0,616.0,8.0,https://youtu.be/6Y1FERoGUSo?t=608s,decorate_finish,finish,1,0.55,Hand-sculpting pink wax into rose petals and assembling the flower candle.,"Hand-sculpting pink wax into rose petals and assembling the flower candle. finish phase, ~78% in, 10:08–10:16.",,0,1,,
6Y1FERoGUSo,https://www.youtube.com/watch?v=6Y1FERoGUSo,Aesthetic Flower Candle - 4 K Free Video Process Tutorial - Celebrating Spring,776.0,storyboard,77,616.0,624.0,8.0,https://youtu.be/6Y1FERoGUSo?t=616s,decorate_finish,finish,1,0.55,Hand-sculpting pink wax into rose petals and assembling the flower candle.,"Hand-sculpting pink wax into rose petals and assembling the flower candle. finish phase, ~79% in, 10:16–10:24.",,0,1,,
6Y1FERoGUSo,https://www.youtube.com/watch?v=6Y1FERoGUSo,Aesthetic Flower Candle - 4 K Free Video Process Tutorial - Celebrating Spring,776.0,storyboard,78,624.0,632.0,8.0,https://youtu.be/6Y1FERoGUSo?t=624s,decorate_finish,finish,1,0.55,Hand-sculpting pink wax into rose petals and assembling the flower candle.,"Hand-sculpting pink wax into rose petals and assembling the flower candle. finish phase, ~80% in, 10:24–10:32.",,0,1,,
6Y1FERoGUSo,https://www.youtube.com/watch?v=6Y1FERoGUSo,Aesthetic Flower Candle - 4 K Free Video Process Tutorial - Celebrating Spring,776.0,storyboard,79,632.0,640.0,8.0,https://youtu.be/6Y1FERoGUSo?t=632s,decorate_finish,finish,1,0.55,Hand-sculpting pink wax into rose petals and assembling the flower candle.,"Hand-sculpting pink wax into rose petals and assembling the flower candle. finish phase, ~81% in, 10:32–10:40.",,0,1,,
6Y1FERoGUSo,https://www.youtube.com/watch?v=6Y1FERoGUSo,Aesthetic Flower Candle - 4 K Free Video Process Tutorial - Celebrating Spring,776.0,storyboard,80,640.0,648.0,8.0,https://youtu.be/6Y1FERoGUSo?t=640s,decorate_finish,finish,1,0.55,Hand-sculpting pink wax into rose petals and assembling the flower candle.,"Hand-sculpting pink wax into rose petals and assembling the flower candle. finish phase, ~82% in, 10:40–10:48.",,0,1,,
6Y1FERoGUSo,https://www.youtube.com/watch?v=6Y1FERoGUSo,Aesthetic Flower Candle - 4 K Free Video Process Tutorial - Celebrating Spring,776.0,storyboard,81,648.0,656.0,8.0,https://youtu.be/6Y1FERoGUSo?t=648s,decorate_finish,finish,1,0.55,Hand-sculpting pink wax into rose petals and assembling the flower candle.,"Hand-sculpting pink wax into rose petals and assembling the flower candle. finish phase, ~84% in, 10:48–10:56.",,0,1,,
6Y1FERoGUSo,https://www.youtube.com/watch?v=6Y1FERoGUSo,Aesthetic Flower Candle - 4 K Free Video Process Tutorial - Celebrating Spring,776.0,storyboard,82,656.0,664.0,8.0,https://youtu.be/6Y1FERoGUSo?t=656s,decorate_finish,finish,1,0.55,Hand-sculpting pink wax into rose petals and assembling the flower candle.,"Hand-sculpting pink wax into rose petals and assembling the flower candle. finish phase, ~85% in, 10:56–11:04.",,0,1,,
6Y1FERoGUSo,https://www.youtube.com/watch?v=6Y1FERoGUSo,Aesthetic Flower Candle - 4 K Free Video Process Tutorial - Celebrating Spring,776.0,storyboard,83,664.0,672.0,8.0,https://youtu.be/6Y1FERoGUSo?t=664s,decorate_finish,finish,1,0.55,Hand-sculpting pink wax into rose petals and assembling the flower candle.,"Hand-sculpting pink wax into rose petals and assembling the flower candle. finish phase, ~86% in, 11:04–11:12.",,0,1,,
6Y1FERoGUSo,https://www.youtube.com/watch?v=6Y1FERoGUSo,Aesthetic Flower Candle - 4 K Free Video Process Tutorial - Celebrating Spring,776.0,storyboard,88,704.0,712.0,8.0,https://youtu.be/6Y1FERoGUSo?t=704s,decorate_finish,finish,1,0.5,Finishing the rose candle.,"Finishing the rose candle. finish phase, ~91% in, 11:44–11:52.",,0,1,,
7Nf-01syKuo,https://www.youtube.com/watch?v=7Nf-01syKuo,How to make Pillar Floral CANDLES 2 different ways #flowercandles,768.0,storyboard,46,368.0,376.0,8.0,https://youtu.be/7Nf-01syKuo?t=368s,decorate_finish,finish,1,0.5,Applying pressed flowers to the pillar candle.,"Applying pressed flowers to the pillar candle. finish phase, ~48% in, 6:08–6:16.",,0,1,,
7Nf-01syKuo,https://www.youtube.com/watch?v=7Nf-01syKuo,How to make Pillar Floral CANDLES 2 different ways #flowercandles,768.0,storyboard,47,376.0,384.0,8.0,https://youtu.be/7Nf-01syKuo?t=376s,decorate_finish,finish,1,0.5,Applying pressed flowers to the pillar candle.,"Applying pressed flowers to the pillar candle. finish phase, ~49% in, 6:16–6:24.",,0,1,,
7Nf-01syKuo,https://www.youtube.com/watch?v=7Nf-01syKuo,How to make Pillar Floral CANDLES 2 different ways #flowercandles,768.0,storyboard,53,424.0,432.0,8.0,https://youtu.be/7Nf-01syKuo?t=424s,decorate_finish,finish,1,0.5,Applying pressed flowers to the pillar candle.,"Applying pressed flowers to the pillar candle. finish phase, ~55% in, 7:04–7:12.",,0,1,,
7Nf-01syKuo,https://www.youtube.com/watch?v=7Nf-01syKuo,How to make Pillar Floral CANDLES 2 different ways #flowercandles,768.0,storyboard,54,432.0,440.0,8.0,https://youtu.be/7Nf-01syKuo?t=432s,decorate_finish,finish,1,0.5,Applying pressed flowers to the pillar candle.,"Applying pressed flowers to the pillar candle. finish phase, ~56% in, 7:12–7:20.",,0,1,,
7Nf-01syKuo,https://www.youtube.com/watch?v=7Nf-01syKuo,How to make Pillar Floral CANDLES 2 different ways #flowercandles,768.0,storyboard,55,440.0,448.0,8.0,https://youtu.be/7Nf-01syKuo?t=440s,decorate_finish,finish,1,0.5,Applying pressed flowers to the pillar candle.,"Applying pressed flowers to the pillar candle. finish phase, ~57% in, 7:20–7:28.",,0,1,,
7Nf-01syKuo,https://www.youtube.com/watch?v=7Nf-01syKuo,How to make Pillar Floral CANDLES 2 different ways #flowercandles,768.0,storyboard,56,448.0,456.0,8.0,https://youtu.be/7Nf-01syKuo?t=448s,decorate_finish,finish,1,0.5,Applying pressed flowers to the pillar candle.,"Applying pressed flowers to the pillar candle. finish phase, ~58% in, 7:28–7:36.",,0,1,,
7Nf-01syKuo,https://www.youtube.com/watch?v=7Nf-01syKuo,How to make Pillar Floral CANDLES 2 different ways #flowercandles,768.0,storyboard,57,456.0,464.0,8.0,https://youtu.be/7Nf-01syKuo?t=456s,decorate_finish,finish,1,0.5,Applying pressed flowers to the pillar candle.,"Applying pressed flowers to the pillar candle. finish phase, ~59% in, 7:36–7:44.",,0,1,,
7Nf-01syKuo,https://www.youtube.com/watch?v=7Nf-01syKuo,How to make Pillar Floral CANDLES 2 different ways #flowercandles,768.0,storyboard,58,464.0,472.0,8.0,https://youtu.be/7Nf-01syKuo?t=464s,decorate_finish,finish,1,0.5,Pouring wax into the cylinder pillar mould.,"Pouring wax into the cylinder pillar mould. finish phase, ~60% in, 7:44–7:52. Terminology: pillar candle.",,0,1,,
7Nf-01syKuo,https://www.youtube.com/watch?v=7Nf-01syKuo,How to make Pillar Floral CANDLES 2 different ways #flowercandles,768.0,storyboard,59,472.0,480.0,8.0,https://youtu.be/7Nf-01syKuo?t=472s,decorate_finish,finish,1,0.5,Applying pressed flowers to the pillar candle.,"Applying pressed flowers to the pillar candle. finish phase, ~61% in, 7:52–8:00.",,0,1,,
7Nf-01syKuo,https://www.youtube.com/watch?v=7Nf-01syKuo,How to make Pillar Floral CANDLES 2 different ways #flowercandles,768.0,storyboard,60,480.0,488.0,8.0,https://youtu.be/7Nf-01syKuo?t=480s,decorate_finish,finish,1,0.5,Finished pressed-floral pillar candle shown.,"Finished pressed-floral pillar candle shown. finish phase, ~62% in, 8:00–8:08.",,0,1,,
7Nf-01syKuo,https://www.youtube.com/watch?v=7Nf-01syKuo,How to make Pillar Floral CANDLES 2 different ways #flowercandles,768.0,storyboard,61,488.0,496.0,8.0,https://youtu.be/7Nf-01syKuo?t=488s,decorate_finish,finish,1,0.5,Applying pressed flowers to the pillar candle.,"Applying pressed flowers to the pillar candle. finish phase, ~64% in, 8:08–8:16.",,0,1,,
7Nf-01syKuo,https://www.youtube.com/watch?v=7Nf-01syKuo,How to make Pillar Floral CANDLES 2 different ways #flowercandles,768.0,storyboard,62,496.0,504.0,8.0,https://youtu.be/7Nf-01syKuo?t=496s,decorate_finish,finish,1,0.5,Pouring wax into the cylinder pillar mould.,"Pouring wax into the cylinder pillar mould. finish phase, ~65% in, 8:16–8:24. Terminology: pillar candle.",,0,1,,
7Nf-01syKuo,https://www.youtube.com/watch?v=7Nf-01syKuo,How to make Pillar Floral CANDLES 2 different ways #flowercandles,768.0,storyboard,63,504.0,512.0,8.0,https://youtu.be/7Nf-01syKuo?t=504s,decorate_finish,finish,1,0.5,Applying pressed flowers to the pillar candle.,"Applying pressed flowers to the pillar candle. finish phase, ~66% in, 8:24–8:32.",,0,1,,
7Nf-01syKuo,https://www.youtube.com/watch?v=7Nf-01syKuo,How to make Pillar Floral CANDLES 2 different ways #flowercandles,768.0,storyboard,64,512.0,520.0,8.0,https://youtu.be/7Nf-01syKuo?t=512s,decorate_finish,finish,1,0.5,Applying pressed flowers to the pillar candle.,"Applying pressed flowers to the pillar candle. finish phase, ~67% in, 8:32–8:40.",,0,1,,
7Nf-01syKuo,https://www.youtube.com/watch?v=7Nf-01syKuo,How to make Pillar Floral CANDLES 2 different ways #flowercandles,768.0,storyboard,65,520.0,528.0,8.0,https://youtu.be/7Nf-01syKuo?t=520s,decorate_finish,finish,1,0.5,Applying pressed flowers to the pillar candle.,"Applying pressed flowers to the pillar candle. finish phase, ~68% in, 8:40–8:48.",,0,1,,
7Nf-01syKuo,https://www.youtube.com/watch?v=7Nf-01syKuo,How to make Pillar Floral CANDLES 2 different ways #flowercandles,768.0,storyboard,66,528.0,536.0,8.0,https://youtu.be/7Nf-01syKuo?t=528s,decorate_finish,finish,1,0.5,Applying pressed flowers to the pillar candle.,"Applying pressed flowers to the pillar candle. finish phase, ~69% in, 8:48–8:56.",,0,1,,
7Nf-01syKuo,https://www.youtube.com/watch?v=7Nf-01syKuo,How to make Pillar Floral CANDLES 2 different ways #flowercandles,768.0,storyboard,71,568.0,576.0,8.0,https://youtu.be/7Nf-01syKuo?t=568s,decorate_finish,finish,1,0.5,Applying pressed flowers to the pillar candle.,"Applying pressed flowers to the pillar candle. finish phase, ~74% in, 9:28–9:36.",,0,1,,
7Nf-01syKuo,https://www.youtube.com/watch?v=7Nf-01syKuo,How to make Pillar Floral CANDLES 2 different ways #flowercandles,768.0,storyboard,72,576.0,584.0,8.0,https://youtu.be/7Nf-01syKuo?t=576s,decorate_finish,finish,1,0.5,Applying pressed flowers to the pillar candle.,"Applying pressed flowers to the pillar candle. finish phase, ~75% in, 9:36–9:44.",,0,1,,
7Nf-01syKuo,https://www.youtube.com/watch?v=7Nf-01syKuo,How to make Pillar Floral CANDLES 2 different ways #flowercandles,768.0,storyboard,73,584.0,592.0,8.0,https://youtu.be/7Nf-01syKuo?t=584s,decorate_finish,finish,1,0.5,Applying pressed flowers to the pillar candle.,"Applying pressed flowers to the pillar candle. finish phase, ~76% in, 9:44–9:52.",,0,1,,
7Nf-01syKuo,https://www.youtube.com/watch?v=7Nf-01syKuo,How to make Pillar Floral CANDLES 2 different ways #flowercandles,768.0,storyboard,76,608.0,616.0,8.0,https://youtu.be/7Nf-01syKuo?t=608s,decorate_finish,finish,1,0.5,Applying pressed flowers to the pillar candle.,"Applying pressed flowers to the pillar candle. finish phase, ~79% in, 10:08–10:16.",,0,1,,
7Nf-01syKuo,https://www.youtube.com/watch?v=7Nf-01syKuo,How to make Pillar Floral CANDLES 2 different ways #flowercandles,768.0,storyboard,77,616.0,624.0,8.0,https://youtu.be/7Nf-01syKuo?t=616s,decorate_finish,finish,1,0.5,Applying pressed flowers to the pillar candle.,"Applying pressed flowers to the pillar candle. finish phase, ~80% in, 10:16–10:24.",,0,1,,
7Nf-01syKuo,https://www.youtube.com/watch?v=7Nf-01syKuo,How to make Pillar Floral CANDLES 2 different ways #flowercandles,768.0,storyboard,78,624.0,632.0,8.0,https://youtu.be/7Nf-01syKuo?t=624s,decorate_finish,finish,1,0.5,Applying pressed flowers to the pillar candle.,"Applying pressed flowers to the pillar candle. finish phase, ~81% in, 10:24–10:32.",,0,1,,
7fFf-gtesH4,https://www.youtube.com/watch?v=7fFf-gtesH4,5 Homemade Candles For Emergencies,879.0,storyboard,13,103.88,111.87,7.99,https://youtu.be/7fFf-gtesH4?t=104s,decorate_finish,finish,1,0.45,Inserting a wick into a butter/cheese block candle.,"Inserting a wick into a butter/cheese block candle. finish phase, ~12% in, 1:43–1:51.",,0,1,,
7fFf-gtesH4,https://www.youtube.com/watch?v=7fFf-gtesH4,5 Homemade Candles For Emergencies,879.0,storyboard,16,127.85,135.85,8.0,https://youtu.be/7fFf-gtesH4?t=128s,decorate_finish,finish,1,0.45,Inserting a wick into a butter/cheese block candle.,"Inserting a wick into a butter/cheese block candle. finish phase, ~15% in, 2:07–2:15.",,0,1,,
7fFf-gtesH4,https://www.youtube.com/watch?v=7fFf-gtesH4,5 Homemade Candles For Emergencies,879.0,storyboard,19,151.83,159.82,7.99,https://youtu.be/7fFf-gtesH4?t=152s,decorate_finish,finish,1,0.45,Inserting a wick into a butter/cheese block candle.,"Inserting a wick into a butter/cheese block candle. finish phase, ~17% in, 2:31–2:39.",,0,1,,
7fFf-gtesH4,https://www.youtube.com/watch?v=7fFf-gtesH4,5 Homemade Candles For Emergencies,879.0,storyboard,22,175.8,183.79,7.99,https://youtu.be/7fFf-gtesH4?t=176s,decorate_finish,finish,1,0.45,Inserting a wick into a butter/cheese block candle.,"Inserting a wick into a butter/cheese block candle. finish phase, ~20% in, 2:55–3:03.",,0,1,,
7fFf-gtesH4,https://www.youtube.com/watch?v=7fFf-gtesH4,5 Homemade Candles For Emergencies,879.0,storyboard,33,263.7,271.69,7.99,https://youtu.be/7fFf-gtesH4?t=264s,decorate_finish,finish,1,0.5,Working the candle by hand (rolling a wax sheet / shaping).,"Working the candle by hand (rolling a wax sheet / shaping). finish phase, ~30% in, 4:23–4:31.",,0,1,,
7fFf-gtesH4,https://www.youtube.com/watch?v=7fFf-gtesH4,5 Homemade Candles For Emergencies,879.0,storyboard,70,559.36,567.35,7.99,https://youtu.be/7fFf-gtesH4?t=559s,decorate_finish,finish,1,0.5,Working the candle by hand (rolling a wax sheet / shaping).,"Working the candle by hand (rolling a wax sheet / shaping). finish phase, ~64% in, 9:19–9:27.",,0,1,,
7fFf-gtesH4,https://www.youtube.com/watch?v=7fFf-gtesH4,5 Homemade Candles For Emergencies,879.0,storyboard,71,567.35,575.35,8.0,https://youtu.be/7fFf-gtesH4?t=567s,decorate_finish,finish,1,0.5,Working the candle by hand (rolling a wax sheet / shaping).,"Working the candle by hand (rolling a wax sheet / shaping). finish phase, ~65% in, 9:27–9:35.",,0,1,,
7j6uypARXW4,https://www.youtube.com/watch?v=7j6uypARXW4,DIY Water candles | Making candles with WATER!?,414.0,storyboard,20,159.23,167.19,7.96,https://youtu.be/7j6uypARXW4?t=159s,decorate_finish,finish,1,0.4,Red beads placed at the bottom of the cup.,"Red beads placed at the bottom of the cup. finish phase, ~38% in, 2:39–2:47.",,0,1,,
7j6uypARXW4,https://www.youtube.com/watch?v=7j6uypARXW4,DIY Water candles | Making candles with WATER!?,414.0,storyboard,26,207.0,214.96,7.96,https://youtu.be/7j6uypARXW4?t=207s,decorate_finish,finish,1,0.4,Silver glitter/beads placed in the globe.,"Silver glitter/beads placed in the globe. finish phase, ~50% in, 3:27–3:34.",,0,1,,
7j6uypARXW4,https://www.youtube.com/watch?v=7j6uypARXW4,DIY Water candles | Making candles with WATER!?,414.0,storyboard,27,214.96,222.92,7.96,https://youtu.be/7j6uypARXW4?t=215s,decorate_finish,finish,1,0.4,Globe filled with glitter.,"Globe filled with glitter. finish phase, ~52% in, 3:34–3:42.",,0,1,,
7j6uypARXW4,https://www.youtube.com/watch?v=7j6uypARXW4,DIY Water candles | Making candles with WATER!?,414.0,storyboard,38,302.54,310.5,7.96,https://youtu.be/7j6uypARXW4?t=303s,decorate_finish,finish,1,0.4,Beads placed at the bottom of a clear glass.,"Beads placed at the bottom of a clear glass. finish phase, ~73% in, 5:02–5:10.",,0,1,,
7j6uypARXW4,https://www.youtube.com/watch?v=7j6uypARXW4,DIY Water candles | Making candles with WATER!?,414.0,storyboard,39,310.5,318.46,7.96,https://youtu.be/7j6uypARXW4?t=310s,decorate_finish,finish,1,0.4,Arranging beads in the glass.,"Arranging beads in the glass. finish phase, ~75% in, 5:10–5:18.",,0,1,,
7j6uypARXW4,https://www.youtube.com/watch?v=7j6uypARXW4,DIY Water candles | Making candles with WATER!?,414.0,storyboard,40,318.46,326.42,7.96,https://youtu.be/7j6uypARXW4?t=318s,decorate_finish,finish,1,0.45,Yellow water with a pink flower in the glass.,"Yellow water with a pink flower in the glass. finish phase, ~77% in, 5:18–5:26.",,0,1,,
7j6uypARXW4,https://www.youtube.com/watch?v=7j6uypARXW4,DIY Water candles | Making candles with WATER!?,414.0,storyboard,41,326.42,334.38,7.96,https://youtu.be/7j6uypARXW4?t=326s,decorate_finish,finish,1,0.4,Pink flower water candle finished.,"Pink flower water candle finished. finish phase, ~79% in, 5:26–5:34.",,0,1,,
8V_WyGLS5Zo,https://www.youtube.com/watch?v=8V_WyGLS5Zo,Candle Making Tutorial for Beginners | DIY Candle Tutorial,375.0,storyboard,29,231.38,239.36,7.98,https://youtu.be/8V_WyGLS5Zo?t=231s,decorate_finish,finish,1,0.5,A red swirl is added to the white candle surface.,"A red swirl is added to the white candle surface. finish phase, ~62% in, 3:51–3:59.",,0,1,,
8V_WyGLS5Zo,https://www.youtube.com/watch?v=8V_WyGLS5Zo,Candle Making Tutorial for Beginners | DIY Candle Tutorial,375.0,storyboard,30,239.36,247.34,7.98,https://youtu.be/8V_WyGLS5Zo?t=239s,decorate_finish,finish,1,0.5,Swirling red dye into the candle top to marble it.,"Swirling red dye into the candle top to marble it. finish phase, ~64% in, 3:59–4:07.",,0,1,,
8V_WyGLS5Zo,https://www.youtube.com/watch?v=8V_WyGLS5Zo,Candle Making Tutorial for Beginners | DIY Candle Tutorial,375.0,storyboard,31,247.34,255.32,7.98,https://youtu.be/8V_WyGLS5Zo?t=247s,decorate_finish,finish,1,0.5,Red marble pattern formed on the candle.,"Red marble pattern formed on the candle. finish phase, ~66% in, 4:07–4:15.",,0,1,,
8V_WyGLS5Zo,https://www.youtube.com/watch?v=8V_WyGLS5Zo,Candle Making Tutorial for Beginners | DIY Candle Tutorial,375.0,storyboard,32,255.32,263.3,7.98,https://youtu.be/8V_WyGLS5Zo?t=255s,decorate_finish,finish,1,0.5,Caption 'wipe off excess dye'; finishing the red swirl.,"Caption 'wipe off excess dye'; finishing the red swirl. finish phase, ~68% in, 4:15–4:23.",,0,1,,
8_vXTepQRI8,https://www.youtube.com/watch?v=8_vXTepQRI8,DIY Homemade Tea Tin Candle - A Great Gift Idea!,424.0,storyboard,37,296.0,304.0,8.0,https://youtu.be/8_vXTepQRI8?t=296s,decorate_finish,finish,1,0.5,Finishing the tin candle.,"Finishing the tin candle. finish phase, ~70% in, 4:56–5:04.",,0,1,,
8_vXTepQRI8,https://www.youtube.com/watch?v=8_vXTepQRI8,DIY Homemade Tea Tin Candle - A Great Gift Idea!,424.0,storyboard,40,320.0,328.0,8.0,https://youtu.be/8_vXTepQRI8?t=320s,decorate_finish,finish,1,0.5,Finishing the tin candle.,"Finishing the tin candle. finish phase, ~75% in, 5:20–5:28.",,0,1,,
8_vXTepQRI8,https://www.youtube.com/watch?v=8_vXTepQRI8,DIY Homemade Tea Tin Candle - A Great Gift Idea!,424.0,storyboard,43,344.0,352.0,8.0,https://youtu.be/8_vXTepQRI8?t=344s,decorate_finish,finish,1,0.5,Finishing the tin candle.,"Finishing the tin candle. finish phase, ~81% in, 5:44–5:52.",,0,1,,
999EQfNvuds,https://www.youtube.com/watch?v=999EQfNvuds,DIY Matcha Candle | Viral Iced Drinks Candle | Realistic Candle | Candle Making Tutorial,649.0,storyboard,8,64.1,72.11,8.01,https://youtu.be/999EQfNvuds?t=64s,decorate_finish,finish,1,0.45,Whipping white wax into a creamy 'milk foam' texture.,"Whipping white wax into a creamy 'milk foam' texture. finish phase, ~10% in, 1:04–1:12.",,0,1,,
999EQfNvuds,https://www.youtube.com/watch?v=999EQfNvuds,DIY Matcha Candle | Viral Iced Drinks Candle | Realistic Candle | Candle Making Tutorial,649.0,storyboard,9,72.11,80.12,8.01,https://youtu.be/999EQfNvuds?t=72s,decorate_finish,finish,1,0.4,Glasses and the pot of whipped white wax.,"Glasses and the pot of whipped white wax. finish phase, ~11% in, 1:12–1:20.",,0,1,,
999EQfNvuds,https://www.youtube.com/watch?v=999EQfNvuds,DIY Matcha Candle | Viral Iced Drinks Candle | Realistic Candle | Candle Making Tutorial,649.0,storyboard,10,80.12,88.14,8.02,https://youtu.be/999EQfNvuds?t=80s,decorate_finish,finish,1,0.45,Pot of whipped white wax (foam).,"Pot of whipped white wax (foam). finish phase, ~12% in, 1:20–1:28.",,0,1,,
999EQfNvuds,https://www.youtube.com/watch?v=999EQfNvuds,DIY Matcha Candle | Viral Iced Drinks Candle | Realistic Candle | Candle Making Tutorial,649.0,storyboard,11,88.14,96.15,8.01,https://youtu.be/999EQfNvuds?t=88s,decorate_finish,finish,1,0.45,Bowl of whipped white wax.,"Bowl of whipped white wax. finish phase, ~14% in, 1:28–1:36.",,0,1,,
999EQfNvuds,https://www.youtube.com/watch?v=999EQfNvuds,DIY Matcha Candle | Viral Iced Drinks Candle | Realistic Candle | Candle Making Tutorial,649.0,storyboard,12,96.15,104.16,8.01,https://youtu.be/999EQfNvuds?t=96s,decorate_finish,finish,1,0.45,Holding the pot of whipped wax.,"Holding the pot of whipped wax. finish phase, ~15% in, 1:36–1:44.",,0,1,,
999EQfNvuds,https://www.youtube.com/watch?v=999EQfNvuds,DIY Matcha Candle | Viral Iced Drinks Candle | Realistic Candle | Candle Making Tutorial,649.0,storyboard,48,384.59,392.6,8.01,https://youtu.be/999EQfNvuds?t=385s,decorate_finish,finish,1,0.45,Heat gun/torch blends the matcha-green wax layer.,"Heat gun/torch blends the matcha-green wax layer. finish phase, ~59% in, 6:24–6:32.",,0,1,,
999EQfNvuds,https://www.youtube.com/watch?v=999EQfNvuds,DIY Matcha Candle | Viral Iced Drinks Candle | Realistic Candle | Candle Making Tutorial,649.0,storyboard,51,408.63,416.64,8.01,https://youtu.be/999EQfNvuds?t=409s,decorate_finish,finish,1,0.45,Heat gun/torch blends the matcha-green wax layer.,"Heat gun/torch blends the matcha-green wax layer. finish phase, ~63% in, 6:48–6:56.",,0,1,,
999EQfNvuds,https://www.youtube.com/watch?v=999EQfNvuds,DIY Matcha Candle | Viral Iced Drinks Candle | Realistic Candle | Candle Making Tutorial,649.0,storyboard,54,432.67,440.68,8.01,https://youtu.be/999EQfNvuds?t=433s,decorate_finish,finish,1,0.45,Heat gun/torch blends the matcha-green wax layer.,"Heat gun/torch blends the matcha-green wax layer. finish phase, ~67% in, 7:12–7:20.",,0,1,,
999EQfNvuds,https://www.youtube.com/watch?v=999EQfNvuds,DIY Matcha Candle | Viral Iced Drinks Candle | Realistic Candle | Candle Making Tutorial,649.0,storyboard,57,456.7,464.72,8.02,https://youtu.be/999EQfNvuds?t=457s,decorate_finish,finish,1,0.45,Heat gun/torch blends the matcha-green wax layer.,"Heat gun/torch blends the matcha-green wax layer. finish phase, ~70% in, 7:36–7:44.",,0,1,,
999EQfNvuds,https://www.youtube.com/watch?v=999EQfNvuds,DIY Matcha Candle | Viral Iced Drinks Candle | Realistic Candle | Candle Making Tutorial,649.0,storyboard,60,480.74,488.75,8.01,https://youtu.be/999EQfNvuds?t=481s,decorate_finish,finish,1,0.45,Heat gun/torch blends the matcha-green wax layer.,"Heat gun/torch blends the matcha-green wax layer. finish phase, ~74% in, 8:00–8:08.",,0,1,,
999EQfNvuds,https://www.youtube.com/watch?v=999EQfNvuds,DIY Matcha Candle | Viral Iced Drinks Candle | Realistic Candle | Candle Making Tutorial,649.0,storyboard,63,504.78,512.79,8.01,https://youtu.be/999EQfNvuds?t=505s,decorate_finish,finish,1,0.45,Heat gun/torch blends the matcha-green wax layer.,"Heat gun/torch blends the matcha-green wax layer. finish phase, ~78% in, 8:24–8:32.",,0,1,,
999EQfNvuds,https://www.youtube.com/watch?v=999EQfNvuds,DIY Matcha Candle | Viral Iced Drinks Candle | Realistic Candle | Candle Making Tutorial,649.0,storyboard,66,528.81,536.83,8.02,https://youtu.be/999EQfNvuds?t=529s,decorate_finish,finish,1,0.45,Heat gun/torch blends the matcha-green wax layer.,"Heat gun/torch blends the matcha-green wax layer. finish phase, ~81% in, 8:48–8:56.",,0,1,,
999EQfNvuds,https://www.youtube.com/watch?v=999EQfNvuds,DIY Matcha Candle | Viral Iced Drinks Candle | Realistic Candle | Candle Making Tutorial,649.0,storyboard,69,552.85,560.86,8.01,https://youtu.be/999EQfNvuds?t=553s,decorate_finish,finish,1,0.45,Heat gun/torch blends the matcha-green wax layer.,"Heat gun/torch blends the matcha-green wax layer. finish phase, ~85% in, 9:12–9:20.",,0,1,,
999EQfNvuds,https://www.youtube.com/watch?v=999EQfNvuds,DIY Matcha Candle | Viral Iced Drinks Candle | Realistic Candle | Candle Making Tutorial,649.0,storyboard,72,576.89,584.9,8.01,https://youtu.be/999EQfNvuds?t=577s,decorate_finish,finish,1,0.5,Adding clear wax 'ice cubes' to the iced-matcha candle.,"Adding clear wax 'ice cubes' to the iced-matcha candle. finish phase, ~89% in, 9:36–9:44.",,0,1,,
999EQfNvuds,https://www.youtube.com/watch?v=999EQfNvuds,DIY Matcha Candle | Viral Iced Drinks Candle | Realistic Candle | Candle Making Tutorial,649.0,storyboard,73,584.9,592.91,8.01,https://youtu.be/999EQfNvuds?t=585s,decorate_finish,finish,1,0.5,Finishing the matcha-latte look in the glass.,"Finishing the matcha-latte look in the glass. finish phase, ~90% in, 9:44–9:52.",,0,1,,
AoypdYVB82A,https://www.youtube.com/watch?v=AoypdYVB82A,How to Make Pillar Candles at Home =),568.0,storyboard,5,40.0,48.0,8.0,https://youtu.be/AoypdYVB82A?t=40s,decorate_finish,finish,1,0.5,Demoulding and hand-carving the pillar candle.,"Demoulding and hand-carving the pillar candle. finish phase, ~7% in, 0:40–0:48.",,0,1,,
AoypdYVB82A,https://www.youtube.com/watch?v=AoypdYVB82A,How to Make Pillar Candles at Home =),568.0,storyboard,8,64.0,72.0,8.0,https://youtu.be/AoypdYVB82A?t=64s,decorate_finish,finish,1,0.5,Demoulding and hand-carving the pillar candle.,"Demoulding and hand-carving the pillar candle. finish phase, ~11% in, 1:04–1:12.",,0,1,,
AoypdYVB82A,https://www.youtube.com/watch?v=AoypdYVB82A,How to Make Pillar Candles at Home =),568.0,storyboard,11,88.0,96.0,8.0,https://youtu.be/AoypdYVB82A?t=88s,decorate_finish,finish,1,0.5,Demoulding and hand-carving the pillar candle.,"Demoulding and hand-carving the pillar candle. finish phase, ~15% in, 1:28–1:36.",,0,1,,
AoypdYVB82A,https://www.youtube.com/watch?v=AoypdYVB82A,How to Make Pillar Candles at Home =),568.0,storyboard,14,112.0,120.0,8.0,https://youtu.be/AoypdYVB82A?t=112s,decorate_finish,finish,1,0.5,Demoulding and hand-carving the pillar candle.,"Demoulding and hand-carving the pillar candle. finish phase, ~20% in, 1:52–2:00.",,0,1,,
AoypdYVB82A,https://www.youtube.com/watch?v=AoypdYVB82A,How to Make Pillar Candles at Home =),568.0,storyboard,17,136.0,144.0,8.0,https://youtu.be/AoypdYVB82A?t=136s,decorate_finish,finish,1,0.5,Demoulding and hand-carving the pillar candle.,"Demoulding and hand-carving the pillar candle. finish phase, ~24% in, 2:16–2:24.",,0,1,,
AoypdYVB82A,https://www.youtube.com/watch?v=AoypdYVB82A,How to Make Pillar Candles at Home =),568.0,storyboard,20,160.0,168.0,8.0,https://youtu.be/AoypdYVB82A?t=160s,decorate_finish,finish,1,0.5,Demoulding and hand-carving the pillar candle.,"Demoulding and hand-carving the pillar candle. finish phase, ~28% in, 2:40–2:48.",,0,1,,
AoypdYVB82A,https://www.youtube.com/watch?v=AoypdYVB82A,How to Make Pillar Candles at Home =),568.0,storyboard,23,184.0,192.0,8.0,https://youtu.be/AoypdYVB82A?t=184s,decorate_finish,finish,1,0.5,Demoulding and hand-carving the pillar candle.,"Demoulding and hand-carving the pillar candle. finish phase, ~32% in, 3:04–3:12.",,0,1,,
AoypdYVB82A,https://www.youtube.com/watch?v=AoypdYVB82A,How to Make Pillar Candles at Home =),568.0,storyboard,32,256.0,264.0,8.0,https://youtu.be/AoypdYVB82A?t=256s,decorate_finish,finish,1,0.5,Demoulding/carving & rolling the candles.,"Demoulding/carving & rolling the candles. finish phase, ~45% in, 4:16–4:24.",,0,1,,
AoypdYVB82A,https://www.youtube.com/watch?v=AoypdYVB82A,How to Make Pillar Candles at Home =),568.0,storyboard,33,264.0,272.0,8.0,https://youtu.be/AoypdYVB82A?t=264s,decorate_finish,finish,1,0.5,Demoulding/carving & rolling the candles.,"Demoulding/carving & rolling the candles. finish phase, ~46% in, 4:24–4:32.",,0,1,,
AoypdYVB82A,https://www.youtube.com/watch?v=AoypdYVB82A,How to Make Pillar Candles at Home =),568.0,storyboard,34,272.0,280.0,8.0,https://youtu.be/AoypdYVB82A?t=272s,decorate_finish,finish,1,0.5,Prepping paper/carton moulds.,"Prepping paper/carton moulds. finish phase, ~48% in, 4:32–4:40.",,0,1,,
AoypdYVB82A,https://www.youtube.com/watch?v=AoypdYVB82A,How to Make Pillar Candles at Home =),568.0,storyboard,35,280.0,288.0,8.0,https://youtu.be/AoypdYVB82A?t=280s,decorate_finish,finish,1,0.5,Demoulding/carving & rolling the candles.,"Demoulding/carving & rolling the candles. finish phase, ~49% in, 4:40–4:48.",,0,1,,
AoypdYVB82A,https://www.youtube.com/watch?v=AoypdYVB82A,How to Make Pillar Candles at Home =),568.0,storyboard,36,288.0,296.0,8.0,https://youtu.be/AoypdYVB82A?t=288s,decorate_finish,finish,1,0.5,Demoulding/carving & rolling the candles.,"Demoulding/carving & rolling the candles. finish phase, ~51% in, 4:48–4:56.",,0,1,,
AoypdYVB82A,https://www.youtube.com/watch?v=AoypdYVB82A,How to Make Pillar Candles at Home =),568.0,storyboard,37,296.0,304.0,8.0,https://youtu.be/AoypdYVB82A?t=296s,decorate_finish,finish,1,0.5,Setting wicks.,"Setting wicks. Final touches - labels, lids, ribbon, cleaning the glass. finish phase, ~52% in, 4:56–5:04.",,0,1,,
AoypdYVB82A,https://www.youtube.com/watch?v=AoypdYVB82A,How to Make Pillar Candles at Home =),568.0,storyboard,38,304.0,312.0,8.0,https://youtu.be/AoypdYVB82A?t=304s,decorate_finish,finish,1,0.5,Demoulding/carving & rolling the candles.,"Demoulding/carving & rolling the candles. finish phase, ~54% in, 5:04–5:12.",,0,1,,
AoypdYVB82A,https://www.youtube.com/watch?v=AoypdYVB82A,How to Make Pillar Candles at Home =),568.0,storyboard,39,312.0,320.0,8.0,https://youtu.be/AoypdYVB82A?t=312s,decorate_finish,finish,1,0.5,Prepping paper/carton moulds.,"Prepping paper/carton moulds. finish phase, ~55% in, 5:12–5:20.",,0,1,,
AoypdYVB82A,https://www.youtube.com/watch?v=AoypdYVB82A,How to Make Pillar Candles at Home =),568.0,storyboard,40,320.0,328.0,8.0,https://youtu.be/AoypdYVB82A?t=320s,decorate_finish,finish,1,0.5,Demoulding/carving & rolling the candles.,"Demoulding/carving & rolling the candles. finish phase, ~56% in, 5:20–5:28.",,0,1,,
AoypdYVB82A,https://www.youtube.com/watch?v=AoypdYVB82A,How to Make Pillar Candles at Home =),568.0,storyboard,41,328.0,336.0,8.0,https://youtu.be/AoypdYVB82A?t=328s,decorate_finish,finish,1,0.5,Setting wicks.,"Setting wicks. Final touches - labels, lids, ribbon, cleaning the glass. finish phase, ~58% in, 5:28–5:36.",,0,1,,
AoypdYVB82A,https://www.youtube.com/watch?v=AoypdYVB82A,How to Make Pillar Candles at Home =),568.0,storyboard,42,336.0,344.0,8.0,https://youtu.be/AoypdYVB82A?t=336s,decorate_finish,finish,1,0.5,Demoulding/carving & rolling the candles.,"Demoulding/carving & rolling the candles. finish phase, ~59% in, 5:36–5:44.",,0,1,,
AoypdYVB82A,https://www.youtube.com/watch?v=AoypdYVB82A,How to Make Pillar Candles at Home =),568.0,storyboard,43,344.0,352.0,8.0,https://youtu.be/AoypdYVB82A?t=344s,decorate_finish,finish,1,0.5,Setting wicks.,"Setting wicks. Final touches - labels, lids, ribbon, cleaning the glass. finish phase, ~61% in, 5:44–5:52.",,0,1,,
AoypdYVB82A,https://www.youtube.com/watch?v=AoypdYVB82A,How to Make Pillar Candles at Home =),568.0,storyboard,44,352.0,360.0,8.0,https://youtu.be/AoypdYVB82A?t=352s,decorate_finish,finish,1,0.5,Demoulding/carving & rolling the candles.,"Demoulding/carving & rolling the candles. finish phase, ~62% in, 5:52–6:00.",,0,1,,
AoypdYVB82A,https://www.youtube.com/watch?v=AoypdYVB82A,How to Make Pillar Candles at Home =),568.0,storyboard,51,408.0,416.0,8.0,https://youtu.be/AoypdYVB82A?t=408s,decorate_finish,finish,1,0.5,Demoulding/carving & rolling the candles.,"Demoulding/carving & rolling the candles. finish phase, ~72% in, 6:48–6:56.",,0,1,,
AoypdYVB82A,https://www.youtube.com/watch?v=AoypdYVB82A,How to Make Pillar Candles at Home =),568.0,storyboard,52,416.0,424.0,8.0,https://youtu.be/AoypdYVB82A?t=416s,decorate_finish,finish,1,0.5,Demoulding/carving & rolling the candles.,"Demoulding/carving & rolling the candles. finish phase, ~73% in, 6:56–7:04.",,0,1,,
AoypdYVB82A,https://www.youtube.com/watch?v=AoypdYVB82A,How to Make Pillar Candles at Home =),568.0,storyboard,53,424.0,432.0,8.0,https://youtu.be/AoypdYVB82A?t=424s,decorate_finish,finish,1,0.5,Demoulding/carving & rolling the candles.,"Demoulding/carving & rolling the candles. finish phase, ~75% in, 7:04–7:12.",,0,1,,
AoypdYVB82A,https://www.youtube.com/watch?v=AoypdYVB82A,How to Make Pillar Candles at Home =),568.0,storyboard,54,432.0,440.0,8.0,https://youtu.be/AoypdYVB82A?t=432s,decorate_finish,finish,1,0.5,Demoulding/carving & rolling the candles.,"Demoulding/carving & rolling the candles. finish phase, ~76% in, 7:12–7:20.",,0,1,,
AoypdYVB82A,https://www.youtube.com/watch?v=AoypdYVB82A,How to Make Pillar Candles at Home =),568.0,storyboard,55,440.0,448.0,8.0,https://youtu.be/AoypdYVB82A?t=440s,decorate_finish,finish,1,0.5,Demoulding/carving & rolling the candles.,"Demoulding/carving & rolling the candles. finish phase, ~77% in, 7:20–7:28.",,0,1,,
AoypdYVB82A,https://www.youtube.com/watch?v=AoypdYVB82A,How to Make Pillar Candles at Home =),568.0,storyboard,56,448.0,456.0,8.0,https://youtu.be/AoypdYVB82A?t=448s,decorate_finish,finish,1,0.5,Demoulding/carving & rolling the candles.,"Demoulding/carving & rolling the candles. finish phase, ~79% in, 7:28–7:36.",,0,1,,
AoypdYVB82A,https://www.youtube.com/watch?v=AoypdYVB82A,How to Make Pillar Candles at Home =),568.0,storyboard,57,456.0,464.0,8.0,https://youtu.be/AoypdYVB82A?t=456s,decorate_finish,finish,1,0.5,Demoulding/carving & rolling the candles.,"Demoulding/carving & rolling the candles. finish phase, ~80% in, 7:36–7:44.",,0,1,,
AoypdYVB82A,https://www.youtube.com/watch?v=AoypdYVB82A,How to Make Pillar Candles at Home =),568.0,storyboard,58,464.0,472.0,8.0,https://youtu.be/AoypdYVB82A?t=464s,decorate_finish,finish,1,0.5,Finished/lit candles shown.,"Finished/lit candles shown. finish phase, ~82% in, 7:44–7:52.",,0,1,,
AoypdYVB82A,https://www.youtube.com/watch?v=AoypdYVB82A,How to Make Pillar Candles at Home =),568.0,storyboard,59,472.0,480.0,8.0,https://youtu.be/AoypdYVB82A?t=472s,decorate_finish,finish,1,0.5,Demoulding/carving & rolling the candles.,"Demoulding/carving & rolling the candles. finish phase, ~83% in, 7:52–8:00.",,0,1,,
B1E0xc9O7ZM,https://www.youtube.com/watch?v=B1E0xc9O7ZM,How to Roll Beeswax Candles with Kids {VIDEO},333.0,storyboard,1,7.93,15.86,7.93,https://youtu.be/B1E0xc9O7ZM?t=8s,decorate_finish,finish,1,0.5,Rolling a yellow honeycomb beeswax sheet around a wick to form a candle.,"Rolling a yellow honeycomb beeswax sheet around a wick to form a candle. finish phase, ~2% in, 0:07–0:15. Terminology: sinkhole.",,0,1,,
B1E0xc9O7ZM,https://www.youtube.com/watch?v=B1E0xc9O7ZM,How to Roll Beeswax Candles with Kids {VIDEO},333.0,storyboard,2,15.86,23.79,7.93,https://youtu.be/B1E0xc9O7ZM?t=16s,decorate_finish,finish,1,0.45,Laying a wick along the edge of a fresh beeswax sheet.,"Laying a wick along the edge of a fresh beeswax sheet. finish phase, ~5% in, 0:15–0:23.",,0,1,,
B1E0xc9O7ZM,https://www.youtube.com/watch?v=B1E0xc9O7ZM,How to Roll Beeswax Candles with Kids {VIDEO},333.0,storyboard,3,23.79,31.71,7.92,https://youtu.be/B1E0xc9O7ZM?t=24s,decorate_finish,finish,1,0.5,Rolling a yellow honeycomb beeswax sheet around a wick to form a candle.,"Rolling a yellow honeycomb beeswax sheet around a wick to form a candle. finish phase, ~7% in, 0:23–0:31. Terminology: sinkhole.",,0,1,,
B1E0xc9O7ZM,https://www.youtube.com/watch?v=B1E0xc9O7ZM,How to Roll Beeswax Candles with Kids {VIDEO},333.0,storyboard,4,31.71,39.64,7.93,https://youtu.be/B1E0xc9O7ZM?t=32s,decorate_finish,finish,1,0.5,Rolling a yellow honeycomb beeswax sheet around a wick to form a candle.,"Rolling a yellow honeycomb beeswax sheet around a wick to form a candle. finish phase, ~10% in, 0:31–0:39. Terminology: sinkhole.",,0,1,,
B1E0xc9O7ZM,https://www.youtube.com/watch?v=B1E0xc9O7ZM,How to Roll Beeswax Candles with Kids {VIDEO},333.0,storyboard,5,39.64,47.57,7.93,https://youtu.be/B1E0xc9O7ZM?t=40s,decorate_finish,finish,1,0.5,Rolling a yellow honeycomb beeswax sheet around a wick to form a candle.,"Rolling a yellow honeycomb beeswax sheet around a wick to form a candle. finish phase, ~12% in, 0:39–0:47. Terminology: sinkhole.",,0,1,,
B1E0xc9O7ZM,https://www.youtube.com/watch?v=B1E0xc9O7ZM,How to Roll Beeswax Candles with Kids {VIDEO},333.0,storyboard,6,47.57,55.5,7.93,https://youtu.be/B1E0xc9O7ZM?t=48s,decorate_finish,finish,1,0.5,Rolling a yellow honeycomb beeswax sheet around a wick to form a candle.,"Rolling a yellow honeycomb beeswax sheet around a wick to form a candle. finish phase, ~14% in, 0:47–0:55. Terminology: sinkhole.",,0,1,,
B1E0xc9O7ZM,https://www.youtube.com/watch?v=B1E0xc9O7ZM,How to Roll Beeswax Candles with Kids {VIDEO},333.0,storyboard,7,55.5,63.43,7.93,https://youtu.be/B1E0xc9O7ZM?t=56s,decorate_finish,finish,1,0.5,Rolling a yellow honeycomb beeswax sheet around a wick to form a candle.,"Rolling a yellow honeycomb beeswax sheet around a wick to form a candle. finish phase, ~17% in, 0:55–1:03. Terminology: sinkhole.",,0,1,,
B1E0xc9O7ZM,https://www.youtube.com/watch?v=B1E0xc9O7ZM,How to Roll Beeswax Candles with Kids {VIDEO},333.0,storyboard,10,79.29,87.21,7.92,https://youtu.be/B1E0xc9O7ZM?t=79s,decorate_finish,finish,1,0.5,Rolling a yellow honeycomb beeswax sheet around a wick to form a candle.,"Rolling a yellow honeycomb beeswax sheet around a wick to form a candle. finish phase, ~24% in, 1:19–1:27. Terminology: sinkhole.",,0,1,,
B1E0xc9O7ZM,https://www.youtube.com/watch?v=B1E0xc9O7ZM,How to Roll Beeswax Candles with Kids {VIDEO},333.0,storyboard,11,87.21,95.14,7.93,https://youtu.be/B1E0xc9O7ZM?t=87s,decorate_finish,finish,1,0.5,Rolling a yellow honeycomb beeswax sheet around a wick to form a candle.,"Rolling a yellow honeycomb beeswax sheet around a wick to form a candle. finish phase, ~26% in, 1:27–1:35. Terminology: sinkhole.",,0,1,,
B1E0xc9O7ZM,https://www.youtube.com/watch?v=B1E0xc9O7ZM,How to Roll Beeswax Candles with Kids {VIDEO},333.0,storyboard,12,95.14,103.07,7.93,https://youtu.be/B1E0xc9O7ZM?t=95s,decorate_finish,finish,0,0.7,Presenter talking to camera (auto-detected: frontal face).,"Presenter talking to camera (auto-detected: frontal face). Final touches - labels, lids, ribbon, cleaning the glass. finish phase, ~29% in, 1:35–1:43.",,0,1,desc_talking_head,
B1E0xc9O7ZM,https://www.youtube.com/watch?v=B1E0xc9O7ZM,How to Roll Beeswax Candles with Kids {VIDEO},333.0,storyboard,13,103.07,111.0,7.93,https://youtu.be/B1E0xc9O7ZM?t=103s,decorate_finish,finish,1,0.5,Rolling a yellow honeycomb beeswax sheet around a wick to form a candle.,"Rolling a yellow honeycomb beeswax sheet around a wick to form a candle. finish phase, ~31% in, 1:43–1:51. Terminology: sinkhole.",,0,1,,
B1E0xc9O7ZM,https://www.youtube.com/watch?v=B1E0xc9O7ZM,How to Roll Beeswax Candles with Kids {VIDEO},333.0,storyboard,14,111.0,118.93,7.93,https://youtu.be/B1E0xc9O7ZM?t=111s,decorate_finish,finish,1,0.45,Laying a wick along the edge of a fresh beeswax sheet.,"Laying a wick along the edge of a fresh beeswax sheet. finish phase, ~33% in, 1:51–1:58.",,0,1,,
B1E0xc9O7ZM,https://www.youtube.com/watch?v=B1E0xc9O7ZM,How to Roll Beeswax Candles with Kids {VIDEO},333.0,storyboard,15,118.93,126.86,7.93,https://youtu.be/B1E0xc9O7ZM?t=119s,decorate_finish,finish,1,0.5,Rolling a yellow honeycomb beeswax sheet around a wick to form a candle.,"Rolling a yellow honeycomb beeswax sheet around a wick to form a candle. finish phase, ~36% in, 1:58–2:06. Terminology: sinkhole.",,0,1,,
B1E0xc9O7ZM,https://www.youtube.com/watch?v=B1E0xc9O7ZM,How to Roll Beeswax Candles with Kids {VIDEO},333.0,storyboard,16,126.86,134.79,7.93,https://youtu.be/B1E0xc9O7ZM?t=127s,decorate_finish,finish,1,0.5,Rolling a yellow honeycomb beeswax sheet around a wick to form a candle.,"Rolling a yellow honeycomb beeswax sheet around a wick to form a candle. finish phase, ~38% in, 2:06–2:14. Terminology: sinkhole.",,0,1,,
B1E0xc9O7ZM,https://www.youtube.com/watch?v=B1E0xc9O7ZM,How to Roll Beeswax Candles with Kids {VIDEO},333.0,storyboard,17,134.79,142.71,7.92,https://youtu.be/B1E0xc9O7ZM?t=135s,decorate_finish,finish,1,0.5,Rolling a yellow honeycomb beeswax sheet around a wick to form a candle.,"Rolling a yellow honeycomb beeswax sheet around a wick to form a candle. finish phase, ~40% in, 2:14–2:22. Terminology: sinkhole.",,0,1,,
B1E0xc9O7ZM,https://www.youtube.com/watch?v=B1E0xc9O7ZM,How to Roll Beeswax Candles with Kids {VIDEO},333.0,storyboard,18,142.71,150.64,7.93,https://youtu.be/B1E0xc9O7ZM?t=143s,decorate_finish,finish,0,0.7,Presenter talking to camera (auto-detected: frontal face).,"Presenter talking to camera (auto-detected: frontal face). Final touches - labels, lids, ribbon, cleaning the glass. finish phase, ~43% in, 2:22–2:30.",,0,1,desc_talking_head,
B1E0xc9O7ZM,https://www.youtube.com/watch?v=B1E0xc9O7ZM,How to Roll Beeswax Candles with Kids {VIDEO},333.0,storyboard,19,150.64,158.57,7.93,https://youtu.be/B1E0xc9O7ZM?t=151s,decorate_finish,finish,1,0.5,Rolling a yellow honeycomb beeswax sheet around a wick to form a candle.,"Rolling a yellow honeycomb beeswax sheet around a wick to form a candle. finish phase, ~45% in, 2:30–2:38. Terminology: sinkhole.",,0,1,,
B1E0xc9O7ZM,https://www.youtube.com/watch?v=B1E0xc9O7ZM,How to Roll Beeswax Candles with Kids {VIDEO},333.0,storyboard,20,158.57,166.5,7.93,https://youtu.be/B1E0xc9O7ZM?t=159s,decorate_finish,finish,1,0.45,Laying a wick along the edge of a fresh beeswax sheet.,"Laying a wick along the edge of a fresh beeswax sheet. finish phase, ~48% in, 2:38–2:46.",,0,1,,
B1E0xc9O7ZM,https://www.youtube.com/watch?v=B1E0xc9O7ZM,How to Roll Beeswax Candles with Kids {VIDEO},333.0,storyboard,21,166.5,174.43,7.93,https://youtu.be/B1E0xc9O7ZM?t=166s,decorate_finish,finish,1,0.5,Rolling a yellow honeycomb beeswax sheet around a wick to form a candle.,"Rolling a yellow honeycomb beeswax sheet around a wick to form a candle. finish phase, ~50% in, 2:46–2:54. Terminology: sinkhole.",,0,1,,
B1E0xc9O7ZM,https://www.youtube.com/watch?v=B1E0xc9O7ZM,How to Roll Beeswax Candles with Kids {VIDEO},333.0,storyboard,22,174.43,182.36,7.93,https://youtu.be/B1E0xc9O7ZM?t=174s,decorate_finish,finish,1,0.5,Rolling a yellow honeycomb beeswax sheet around a wick to form a candle.,"Rolling a yellow honeycomb beeswax sheet around a wick to form a candle. finish phase, ~52% in, 2:54–3:02. Terminology: sinkhole.",,0,1,,
B1E0xc9O7ZM,https://www.youtube.com/watch?v=B1E0xc9O7ZM,How to Roll Beeswax Candles with Kids {VIDEO},333.0,storyboard,23,182.36,190.29,7.93,https://youtu.be/B1E0xc9O7ZM?t=182s,decorate_finish,finish,1,0.5,Rolling a yellow honeycomb beeswax sheet around a wick to form a candle.,"Rolling a yellow honeycomb beeswax sheet around a wick to form a candle. finish phase, ~55% in, 3:02–3:10. Terminology: sinkhole.",,0,1,,
B1E0xc9O7ZM,https://www.youtube.com/watch?v=B1E0xc9O7ZM,How to Roll Beeswax Candles with Kids {VIDEO},333.0,storyboard,24,190.29,198.21,7.92,https://youtu.be/B1E0xc9O7ZM?t=190s,decorate_finish,finish,1,0.5,Rolling a yellow honeycomb beeswax sheet around a wick to form a candle.,"Rolling a yellow honeycomb beeswax sheet around a wick to form a candle. finish phase, ~57% in, 3:10–3:18. Terminology: sinkhole.",,0,1,,
B1E0xc9O7ZM,https://www.youtube.com/watch?v=B1E0xc9O7ZM,How to Roll Beeswax Candles with Kids {VIDEO},333.0,storyboard,25,198.21,206.14,7.93,https://youtu.be/B1E0xc9O7ZM?t=198s,decorate_finish,finish,1,0.5,Rolling a yellow honeycomb beeswax sheet around a wick to form a candle.,"Rolling a yellow honeycomb beeswax sheet around a wick to form a candle. finish phase, ~60% in, 3:18–3:26. Terminology: sinkhole.",,0,1,,
B1E0xc9O7ZM,https://www.youtube.com/watch?v=B1E0xc9O7ZM,How to Roll Beeswax Candles with Kids {VIDEO},333.0,storyboard,26,206.14,214.07,7.93,https://youtu.be/B1E0xc9O7ZM?t=206s,decorate_finish,finish,1,0.45,Laying a wick along the edge of a fresh beeswax sheet.,"Laying a wick along the edge of a fresh beeswax sheet. finish phase, ~62% in, 3:26–3:34.",,0,1,,
B1E0xc9O7ZM,https://www.youtube.com/watch?v=B1E0xc9O7ZM,How to Roll Beeswax Candles with Kids {VIDEO},333.0,storyboard,27,214.07,222.0,7.93,https://youtu.be/B1E0xc9O7ZM?t=214s,decorate_finish,finish,1,0.5,Rolling a yellow honeycomb beeswax sheet around a wick to form a candle.,"Rolling a yellow honeycomb beeswax sheet around a wick to form a candle. finish phase, ~64% in, 3:34–3:42. Terminology: sinkhole.",,0,1,,
B1E0xc9O7ZM,https://www.youtube.com/watch?v=B1E0xc9O7ZM,How to Roll Beeswax Candles with Kids {VIDEO},333.0,storyboard,28,222.0,229.93,7.93,https://youtu.be/B1E0xc9O7ZM?t=222s,decorate_finish,finish,1,0.5,Rolling a yellow honeycomb beeswax sheet around a wick to form a candle.,"Rolling a yellow honeycomb beeswax sheet around a wick to form a candle. finish phase, ~67% in, 3:42–3:49. Terminology: sinkhole.",,0,1,,
B1E0xc9O7ZM,https://www.youtube.com/watch?v=B1E0xc9O7ZM,How to Roll Beeswax Candles with Kids {VIDEO},333.0,storyboard,29,229.93,237.86,7.93,https://youtu.be/B1E0xc9O7ZM?t=230s,decorate_finish,finish,1,0.5,Rolling a yellow honeycomb beeswax sheet around a wick to form a candle.,"Rolling a yellow honeycomb beeswax sheet around a wick to form a candle. finish phase, ~69% in, 3:49–3:57. Terminology: sinkhole.",,0,1,,
B1E0xc9O7ZM,https://www.youtube.com/watch?v=B1E0xc9O7ZM,How to Roll Beeswax Candles with Kids {VIDEO},333.0,storyboard,30,237.86,245.79,7.93,https://youtu.be/B1E0xc9O7ZM?t=238s,decorate_finish,finish,1,0.5,Rolling a yellow honeycomb beeswax sheet around a wick to form a candle.,"Rolling a yellow honeycomb beeswax sheet around a wick to form a candle. finish phase, ~71% in, 3:57–4:05. Terminology: sinkhole.",,0,1,,
B1E0xc9O7ZM,https://www.youtube.com/watch?v=B1E0xc9O7ZM,How to Roll Beeswax Candles with Kids {VIDEO},333.0,storyboard,33,261.64,269.57,7.93,https://youtu.be/B1E0xc9O7ZM?t=262s,decorate_finish,finish,1,0.5,Rolling a yellow honeycomb beeswax sheet around a wick to form a candle.,"Rolling a yellow honeycomb beeswax sheet around a wick to form a candle. finish phase, ~79% in, 4:21–4:29. Terminology: sinkhole.",,0,1,,
B1E0xc9O7ZM,https://www.youtube.com/watch?v=B1E0xc9O7ZM,How to Roll Beeswax Candles with Kids {VIDEO},333.0,storyboard,34,269.57,277.5,7.93,https://youtu.be/B1E0xc9O7ZM?t=270s,decorate_finish,finish,1,0.5,Rolling a yellow honeycomb beeswax sheet around a wick to form a candle.,"Rolling a yellow honeycomb beeswax sheet around a wick to form a candle. finish phase, ~81% in, 4:29–4:37. Terminology: sinkhole.",,0,1,,
B1E0xc9O7ZM,https://www.youtube.com/watch?v=B1E0xc9O7ZM,How to Roll Beeswax Candles with Kids {VIDEO},333.0,storyboard,35,277.5,285.43,7.93,https://youtu.be/B1E0xc9O7ZM?t=278s,decorate_finish,finish,1,0.5,Rolling a yellow honeycomb beeswax sheet around a wick to form a candle.,"Rolling a yellow honeycomb beeswax sheet around a wick to form a candle. finish phase, ~83% in, 4:37–4:45. Terminology: sinkhole.",,0,1,,
B1E0xc9O7ZM,https://www.youtube.com/watch?v=B1E0xc9O7ZM,How to Roll Beeswax Candles with Kids {VIDEO},333.0,storyboard,36,285.43,293.36,7.93,https://youtu.be/B1E0xc9O7ZM?t=285s,decorate_finish,finish,1,0.5,Rolling a yellow honeycomb beeswax sheet around a wick to form a candle.,"Rolling a yellow honeycomb beeswax sheet around a wick to form a candle. finish phase, ~86% in, 4:45–4:53. Terminology: sinkhole.",,0,1,,
B1E0xc9O7ZM,https://www.youtube.com/watch?v=B1E0xc9O7ZM,How to Roll Beeswax Candles with Kids {VIDEO},333.0,storyboard,37,293.36,301.29,7.93,https://youtu.be/B1E0xc9O7ZM?t=293s,decorate_finish,finish,1,0.5,Rolling a yellow honeycomb beeswax sheet around a wick to form a candle.,"Rolling a yellow honeycomb beeswax sheet around a wick to form a candle. finish phase, ~88% in, 4:53–5:01. Terminology: sinkhole.",,0,1,,
B2AFuHYg_Io,https://www.youtube.com/watch?v=B2AFuHYg_Io,Coconut Soy wax candle making for beginners,507.0,storyboard,25,201.19,209.24,8.05,https://youtu.be/B2AFuHYg_Io?t=201s,decorate_finish,finish,1,0.45,Heat gun smooths the candle top.,"Heat gun smooths the candle top. finish phase, ~40% in, 3:21–3:29.",,0,1,,
B2AFuHYg_Io,https://www.youtube.com/watch?v=B2AFuHYg_Io,Coconut Soy wax candle making for beginners,507.0,storyboard,28,225.33,233.38,8.05,https://youtu.be/B2AFuHYg_Io?t=225s,decorate_finish,finish,1,0.4,Shipping/square label prepared.,"Shipping/square label prepared. finish phase, ~44% in, 3:45–3:53.",,0,1,,
B2AFuHYg_Io,https://www.youtube.com/watch?v=B2AFuHYg_Io,Coconut Soy wax candle making for beginners,507.0,storyboard,51,410.43,418.48,8.05,https://youtu.be/B2AFuHYg_Io?t=410s,decorate_finish,finish,1,0.45,Printer with the 'Mahogany Vanilla' labels.,"Printer with the 'Mahogany Vanilla' labels. finish phase, ~81% in, 6:50–6:58.",,0,1,,
B2AFuHYg_Io,https://www.youtube.com/watch?v=B2AFuHYg_Io,Coconut Soy wax candle making for beginners,507.0,storyboard,52,418.48,426.52,8.04,https://youtu.be/B2AFuHYg_Io?t=418s,decorate_finish,finish,1,0.5,Applying the label to the black jar candle.,"Applying the label to the black jar candle. finish phase, ~83% in, 6:58–7:06. Terminology: container candle.",,0,1,,
B2AFuHYg_Io,https://www.youtube.com/watch?v=B2AFuHYg_Io,Coconut Soy wax candle making for beginners,507.0,storyboard,53,426.52,434.57,8.05,https://youtu.be/B2AFuHYg_Io?t=427s,decorate_finish,finish,1,0.5,Labelled black jar; hands.,"Labelled black jar; hands. finish phase, ~84% in, 7:06–7:14.",,0,1,,
BbGnbTIz7_s,https://www.youtube.com/watch?v=BbGnbTIz7_s,Ombre 5 layers gradient candle tutorial | Step by step | Advanced candle making | POV (no talking),505.0,storyboard,54,432.86,440.87,8.01,https://youtu.be/BbGnbTIz7_s?t=433s,decorate_finish,finish,1,0.5,Demoulding the cube candle from the silicone.,"Demoulding the cube candle from the silicone. finish phase, ~86% in, 7:12–7:20. Terminology: pillar candle.",,0,1,,
BbGnbTIz7_s,https://www.youtube.com/watch?v=BbGnbTIz7_s,Ombre 5 layers gradient candle tutorial | Step by step | Advanced candle making | POV (no talking),505.0,storyboard,55,440.87,448.89,8.02,https://youtu.be/BbGnbTIz7_s?t=441s,decorate_finish,finish,1,0.5,Peeling the silicone mould off the cube.,"Peeling the silicone mould off the cube. finish phase, ~87% in, 7:20–7:28.",,0,1,,
BbGnbTIz7_s,https://www.youtube.com/watch?v=BbGnbTIz7_s,Ombre 5 layers gradient candle tutorial | Step by step | Advanced candle making | POV (no talking),505.0,storyboard,56,448.89,456.9,8.01,https://youtu.be/BbGnbTIz7_s?t=449s,decorate_finish,finish,1,0.5,Releasing the ombre cube candle.,"Releasing the ombre cube candle. finish phase, ~89% in, 7:28–7:36.",,0,1,,
BskHsZWNhRw,https://www.youtube.com/watch?v=BskHsZWNhRw,DIY WATER CANDLES // Easy DIY CANDLES AT HOME,300.0,storyboard,2,15.79,23.68,7.89,https://youtu.be/BskHsZWNhRw?t=16s,decorate_finish,finish,1,0.4,Flowers/decor placed into the round glass.,"Flowers/decor placed into the round glass. finish phase, ~5% in, 0:15–0:23.",,0,1,,
BskHsZWNhRw,https://www.youtube.com/watch?v=BskHsZWNhRw,DIY WATER CANDLES // Easy DIY CANDLES AT HOME,300.0,storyboard,3,23.68,31.58,7.9,https://youtu.be/BskHsZWNhRw?t=24s,decorate_finish,finish,1,0.4,Pink wax/gel added into the glass.,"Pink wax/gel added into the glass. finish phase, ~8% in, 0:23–0:31.",,0,1,,
BskHsZWNhRw,https://www.youtube.com/watch?v=BskHsZWNhRw,DIY WATER CANDLES // Easy DIY CANDLES AT HOME,300.0,storyboard,4,31.58,39.47,7.89,https://youtu.be/BskHsZWNhRw?t=32s,decorate_finish,finish,1,0.4,Arranging flowers and glitter in the glass.,"Arranging flowers and glitter in the glass. finish phase, ~11% in, 0:31–0:39.",,0,1,,
BskHsZWNhRw,https://www.youtube.com/watch?v=BskHsZWNhRw,DIY WATER CANDLES // Easy DIY CANDLES AT HOME,300.0,storyboard,17,134.21,142.11,7.9,https://youtu.be/BskHsZWNhRw?t=134s,decorate_finish,finish,1,0.4,Final decor placed in the pink candle.,"Final decor placed in the pink candle. finish phase, ~45% in, 2:14–2:22.",,0,1,,
CQ3SYeqOP8Y,https://www.youtube.com/watch?v=CQ3SYeqOP8Y,How to Make Rolled beeswax Candles,483.0,storyboard,12,96.6,104.65,8.05,https://youtu.be/CQ3SYeqOP8Y?t=97s,decorate_finish,finish,1,0.5,Rolling/shaping a beeswax sheet to build the candle.,"Rolling/shaping a beeswax sheet to build the candle. finish phase, ~20% in, 1:36–1:44.",,0,1,,
CQ3SYeqOP8Y,https://www.youtube.com/watch?v=CQ3SYeqOP8Y,How to Make Rolled beeswax Candles,483.0,storyboard,13,104.65,112.7,8.05,https://youtu.be/CQ3SYeqOP8Y?t=105s,decorate_finish,finish,1,0.5,Rolling/shaping a beeswax sheet to build the candle.,"Rolling/shaping a beeswax sheet to build the candle. finish phase, ~22% in, 1:44–1:52.",,0,1,,
CQ3SYeqOP8Y,https://www.youtube.com/watch?v=CQ3SYeqOP8Y,How to Make Rolled beeswax Candles,483.0,storyboard,14,112.7,120.75,8.05,https://youtu.be/CQ3SYeqOP8Y?t=113s,decorate_finish,finish,1,0.5,Rolling/shaping a beeswax sheet to build the candle.,"Rolling/shaping a beeswax sheet to build the candle. finish phase, ~23% in, 1:52–2:00.",,0,1,,
CQ3SYeqOP8Y,https://www.youtube.com/watch?v=CQ3SYeqOP8Y,How to Make Rolled beeswax Candles,483.0,storyboard,15,120.75,128.8,8.05,https://youtu.be/CQ3SYeqOP8Y?t=121s,decorate_finish,finish,1,0.5,Rolling/shaping a beeswax sheet to build the candle.,"Rolling/shaping a beeswax sheet to build the candle. finish phase, ~25% in, 2:00–2:08.",,0,1,,
CQ3SYeqOP8Y,https://www.youtube.com/watch?v=CQ3SYeqOP8Y,How to Make Rolled beeswax Candles,483.0,storyboard,16,128.8,136.85,8.05,https://youtu.be/CQ3SYeqOP8Y?t=129s,decorate_finish,finish,1,0.5,Rolling/shaping a beeswax sheet to build the candle.,"Rolling/shaping a beeswax sheet to build the candle. finish phase, ~27% in, 2:08–2:16.",,0,1,,
CQ3SYeqOP8Y,https://www.youtube.com/watch?v=CQ3SYeqOP8Y,How to Make Rolled beeswax Candles,483.0,storyboard,17,136.85,144.9,8.05,https://youtu.be/CQ3SYeqOP8Y?t=137s,decorate_finish,finish,1,0.5,Rolling/shaping a beeswax sheet to build the candle.,"Rolling/shaping a beeswax sheet to build the candle. finish phase, ~28% in, 2:16–2:24.",,0,1,,
CQ3SYeqOP8Y,https://www.youtube.com/watch?v=CQ3SYeqOP8Y,How to Make Rolled beeswax Candles,483.0,storyboard,18,144.9,152.95,8.05,https://youtu.be/CQ3SYeqOP8Y?t=145s,decorate_finish,finish,1,0.5,Rolling/shaping a beeswax sheet to build the candle.,"Rolling/shaping a beeswax sheet to build the candle. finish phase, ~30% in, 2:24–2:32.",,0,1,,
CQ3SYeqOP8Y,https://www.youtube.com/watch?v=CQ3SYeqOP8Y,How to Make Rolled beeswax Candles,483.0,storyboard,19,152.95,161.0,8.05,https://youtu.be/CQ3SYeqOP8Y?t=153s,decorate_finish,finish,1,0.5,Rolling/shaping a beeswax sheet to build the candle.,"Rolling/shaping a beeswax sheet to build the candle. finish phase, ~32% in, 2:32–2:41.",,0,1,,
CQ3SYeqOP8Y,https://www.youtube.com/watch?v=CQ3SYeqOP8Y,How to Make Rolled beeswax Candles,483.0,storyboard,20,161.0,169.05,8.05,https://youtu.be/CQ3SYeqOP8Y?t=161s,decorate_finish,finish,1,0.5,Rolling/shaping a beeswax sheet to build the candle.,"Rolling/shaping a beeswax sheet to build the candle. finish phase, ~33% in, 2:41–2:49.",,0,1,,
CQ3SYeqOP8Y,https://www.youtube.com/watch?v=CQ3SYeqOP8Y,How to Make Rolled beeswax Candles,483.0,storyboard,21,169.05,177.1,8.05,https://youtu.be/CQ3SYeqOP8Y?t=169s,decorate_finish,finish,1,0.5,Rolling/shaping a beeswax sheet to build the candle.,"Rolling/shaping a beeswax sheet to build the candle. finish phase, ~35% in, 2:49–2:57.",,0,1,,
CQ3SYeqOP8Y,https://www.youtube.com/watch?v=CQ3SYeqOP8Y,How to Make Rolled beeswax Candles,483.0,storyboard,22,177.1,185.15,8.05,https://youtu.be/CQ3SYeqOP8Y?t=177s,decorate_finish,finish,1,0.5,Rolling/shaping a beeswax sheet to build the candle.,"Rolling/shaping a beeswax sheet to build the candle. finish phase, ~37% in, 2:57–3:05.",,0,1,,
CQ3SYeqOP8Y,https://www.youtube.com/watch?v=CQ3SYeqOP8Y,How to Make Rolled beeswax Candles,483.0,storyboard,23,185.15,193.2,8.05,https://youtu.be/CQ3SYeqOP8Y?t=185s,decorate_finish,finish,1,0.5,Rolling/shaping a beeswax sheet to build the candle.,"Rolling/shaping a beeswax sheet to build the candle. finish phase, ~38% in, 3:05–3:13.",,0,1,,
CQ3SYeqOP8Y,https://www.youtube.com/watch?v=CQ3SYeqOP8Y,How to Make Rolled beeswax Candles,483.0,storyboard,24,193.2,201.25,8.05,https://youtu.be/CQ3SYeqOP8Y?t=193s,decorate_finish,finish,1,0.5,Rolling/shaping a beeswax sheet to build the candle.,"Rolling/shaping a beeswax sheet to build the candle. finish phase, ~40% in, 3:13–3:21.",,0,1,,
CQ3SYeqOP8Y,https://www.youtube.com/watch?v=CQ3SYeqOP8Y,How to Make Rolled beeswax Candles,483.0,storyboard,25,201.25,209.3,8.05,https://youtu.be/CQ3SYeqOP8Y?t=201s,decorate_finish,finish,1,0.5,Rolling/shaping a beeswax sheet to build the candle.,"Rolling/shaping a beeswax sheet to build the candle. finish phase, ~42% in, 3:21–3:29.",,0,1,,
CQ3SYeqOP8Y,https://www.youtube.com/watch?v=CQ3SYeqOP8Y,How to Make Rolled beeswax Candles,483.0,storyboard,26,209.3,217.35,8.05,https://youtu.be/CQ3SYeqOP8Y?t=209s,decorate_finish,finish,1,0.5,Rolling/shaping a beeswax sheet to build the candle.,"Rolling/shaping a beeswax sheet to build the candle. finish phase, ~43% in, 3:29–3:37.",,0,1,,
CQ3SYeqOP8Y,https://www.youtube.com/watch?v=CQ3SYeqOP8Y,How to Make Rolled beeswax Candles,483.0,storyboard,27,217.35,225.4,8.05,https://youtu.be/CQ3SYeqOP8Y?t=217s,decorate_finish,finish,1,0.5,Rolling/shaping a beeswax sheet to build the candle.,"Rolling/shaping a beeswax sheet to build the candle. finish phase, ~45% in, 3:37–3:45.",,0,1,,
CQ3SYeqOP8Y,https://www.youtube.com/watch?v=CQ3SYeqOP8Y,How to Make Rolled beeswax Candles,483.0,storyboard,28,225.4,233.45,8.05,https://youtu.be/CQ3SYeqOP8Y?t=225s,decorate_finish,finish,1,0.5,Rolling/shaping a beeswax sheet to build the candle.,"Rolling/shaping a beeswax sheet to build the candle. finish phase, ~47% in, 3:45–3:53.",,0,1,,
CQ3SYeqOP8Y,https://www.youtube.com/watch?v=CQ3SYeqOP8Y,How to Make Rolled beeswax Candles,483.0,storyboard,29,233.45,241.5,8.05,https://youtu.be/CQ3SYeqOP8Y?t=233s,decorate_finish,finish,1,0.5,Rolling/shaping a beeswax sheet to build the candle.,"Rolling/shaping a beeswax sheet to build the candle. finish phase, ~48% in, 3:53–4:01.",,0,1,,
CQ3SYeqOP8Y,https://www.youtube.com/watch?v=CQ3SYeqOP8Y,How to Make Rolled beeswax Candles,483.0,storyboard,30,241.5,249.55,8.05,https://youtu.be/CQ3SYeqOP8Y?t=242s,decorate_finish,finish,1,0.5,Rolling/shaping a beeswax sheet to build the candle.,"Rolling/shaping a beeswax sheet to build the candle. finish phase, ~50% in, 4:01–4:09.",,0,1,,
CQ3SYeqOP8Y,https://www.youtube.com/watch?v=CQ3SYeqOP8Y,How to Make Rolled beeswax Candles,483.0,storyboard,31,249.55,257.6,8.05,https://youtu.be/CQ3SYeqOP8Y?t=250s,decorate_finish,finish,1,0.5,Rolling/shaping a beeswax sheet to build the candle.,"Rolling/shaping a beeswax sheet to build the candle. finish phase, ~52% in, 4:09–4:17.",,0,1,,
CQ3SYeqOP8Y,https://www.youtube.com/watch?v=CQ3SYeqOP8Y,How to Make Rolled beeswax Candles,483.0,storyboard,32,257.6,265.65,8.05,https://youtu.be/CQ3SYeqOP8Y?t=258s,decorate_finish,finish,1,0.5,Rolling/shaping a beeswax sheet to build the candle.,"Rolling/shaping a beeswax sheet to build the candle. finish phase, ~53% in, 4:17–4:25.",,0,1,,
CQ3SYeqOP8Y,https://www.youtube.com/watch?v=CQ3SYeqOP8Y,How to Make Rolled beeswax Candles,483.0,storyboard,33,265.65,273.7,8.05,https://youtu.be/CQ3SYeqOP8Y?t=266s,decorate_finish,finish,1,0.5,Rolling/shaping a beeswax sheet to build the candle.,"Rolling/shaping a beeswax sheet to build the candle. finish phase, ~55% in, 4:25–4:33.",,0,1,,
CQ3SYeqOP8Y,https://www.youtube.com/watch?v=CQ3SYeqOP8Y,How to Make Rolled beeswax Candles,483.0,storyboard,34,273.7,281.75,8.05,https://youtu.be/CQ3SYeqOP8Y?t=274s,decorate_finish,finish,1,0.5,Rolling/shaping a beeswax sheet to build the candle.,"Rolling/shaping a beeswax sheet to build the candle. finish phase, ~57% in, 4:33–4:41.",,0,1,,
CQ3SYeqOP8Y,https://www.youtube.com/watch?v=CQ3SYeqOP8Y,How to Make Rolled beeswax Candles,483.0,storyboard,35,281.75,289.8,8.05,https://youtu.be/CQ3SYeqOP8Y?t=282s,decorate_finish,finish,1,0.5,Rolling/shaping a beeswax sheet to build the candle.,"Rolling/shaping a beeswax sheet to build the candle. finish phase, ~58% in, 4:41–4:49.",,0,1,,
CQ3SYeqOP8Y,https://www.youtube.com/watch?v=CQ3SYeqOP8Y,How to Make Rolled beeswax Candles,483.0,storyboard,36,289.8,297.85,8.05,https://youtu.be/CQ3SYeqOP8Y?t=290s,decorate_finish,finish,1,0.5,Green rolled candle; heat gun and pink wax decor.,"Green rolled candle; heat gun and pink wax decor. finish phase, ~60% in, 4:49–4:57.",,0,1,,
CQ3SYeqOP8Y,https://www.youtube.com/watch?v=CQ3SYeqOP8Y,How to Make Rolled beeswax Candles,483.0,storyboard,37,297.85,305.9,8.05,https://youtu.be/CQ3SYeqOP8Y?t=298s,decorate_finish,finish,1,0.4,Pink/green beeswax sheets.,"Pink/green beeswax sheets. finish phase, ~62% in, 4:57–5:05.",,0,1,,
CQ3SYeqOP8Y,https://www.youtube.com/watch?v=CQ3SYeqOP8Y,How to Make Rolled beeswax Candles,483.0,storyboard,38,305.9,313.95,8.05,https://youtu.be/CQ3SYeqOP8Y?t=306s,decorate_finish,finish,1,0.5,Rolling/shaping a beeswax sheet to build the candle.,"Rolling/shaping a beeswax sheet to build the candle. finish phase, ~63% in, 5:05–5:13.",,0,1,,
CQ3SYeqOP8Y,https://www.youtube.com/watch?v=CQ3SYeqOP8Y,How to Make Rolled beeswax Candles,483.0,storyboard,39,313.95,322.0,8.05,https://youtu.be/CQ3SYeqOP8Y?t=314s,decorate_finish,finish,1,0.5,Forming a beeswax flower decoration.,"Forming a beeswax flower decoration. finish phase, ~65% in, 5:13–5:22.",,0,1,,
CQ3SYeqOP8Y,https://www.youtube.com/watch?v=CQ3SYeqOP8Y,How to Make Rolled beeswax Candles,483.0,storyboard,40,322.0,330.05,8.05,https://youtu.be/CQ3SYeqOP8Y?t=322s,decorate_finish,finish,1,0.5,Attaching the flower to the rolled candle.,"Attaching the flower to the rolled candle. finish phase, ~67% in, 5:22–5:30.",,0,1,,
CQ3SYeqOP8Y,https://www.youtube.com/watch?v=CQ3SYeqOP8Y,How to Make Rolled beeswax Candles,483.0,storyboard,41,330.05,338.1,8.05,https://youtu.be/CQ3SYeqOP8Y?t=330s,decorate_finish,finish,1,0.5,Pink flower and green leaves added to the candle.,"Pink flower and green leaves added to the candle. finish phase, ~68% in, 5:30–5:38.",,0,1,,
CQ3SYeqOP8Y,https://www.youtube.com/watch?v=CQ3SYeqOP8Y,How to Make Rolled beeswax Candles,483.0,storyboard,42,338.1,346.15,8.05,https://youtu.be/CQ3SYeqOP8Y?t=338s,decorate_finish,finish,1,0.5,Making a green beeswax leaf.,"Making a green beeswax leaf. finish phase, ~70% in, 5:38–5:46.",,0,1,,
CQ3SYeqOP8Y,https://www.youtube.com/watch?v=CQ3SYeqOP8Y,How to Make Rolled beeswax Candles,483.0,storyboard,43,346.15,354.2,8.05,https://youtu.be/CQ3SYeqOP8Y?t=346s,decorate_finish,finish,1,0.5,Attaching the pink flower to the candle.,"Attaching the pink flower to the candle. finish phase, ~72% in, 5:46–5:54.",,0,1,,
CQ3SYeqOP8Y,https://www.youtube.com/watch?v=CQ3SYeqOP8Y,How to Make Rolled beeswax Candles,483.0,storyboard,44,354.2,362.25,8.05,https://youtu.be/CQ3SYeqOP8Y?t=354s,decorate_finish,finish,1,0.5,Green rolled candle with the pink flower.,"Green rolled candle with the pink flower. finish phase, ~73% in, 5:54–6:02.",,0,1,,
CQ3SYeqOP8Y,https://www.youtube.com/watch?v=CQ3SYeqOP8Y,How to Make Rolled beeswax Candles,483.0,storyboard,45,362.25,370.3,8.05,https://youtu.be/CQ3SYeqOP8Y?t=362s,decorate_finish,finish,1,0.5,Decorating the candle with flowers.,"Decorating the candle with flowers. finish phase, ~75% in, 6:02–6:10.",,0,1,,
CQ3SYeqOP8Y,https://www.youtube.com/watch?v=CQ3SYeqOP8Y,How to Make Rolled beeswax Candles,483.0,storyboard,46,370.3,378.35,8.05,https://youtu.be/CQ3SYeqOP8Y?t=370s,decorate_finish,finish,1,0.5,Yellow/green flower candle finished.,"Yellow/green flower candle finished. finish phase, ~77% in, 6:10–6:18.",,0,1,,
CQ3SYeqOP8Y,https://www.youtube.com/watch?v=CQ3SYeqOP8Y,How to Make Rolled beeswax Candles,483.0,storyboard,47,378.35,386.4,8.05,https://youtu.be/CQ3SYeqOP8Y?t=378s,decorate_finish,finish,1,0.5,Adding a green leaf to the candle.,"Adding a green leaf to the candle. finish phase, ~78% in, 6:18–6:26.",,0,1,,
CkI6M8naWvY,https://www.youtube.com/watch?v=CkI6M8naWvY,How to Make Water Candles at Home | Beginner Candle Making Tutorial,264.0,storyboard,0,0.0,8.0,8.0,https://youtu.be/CkI6M8naWvY?t=0s,decorate_finish,finish,1,0.45,Overhead: dried flowers arranged in a glass of water for a floating water candle.,"Overhead: dried flowers arranged in a glass of water for a floating water candle. finish phase, ~0% in, 0:00–0:08.",,0,1,,
CkI6M8naWvY,https://www.youtube.com/watch?v=CkI6M8naWvY,How to Make Water Candles at Home | Beginner Candle Making Tutorial,264.0,storyboard,3,24.0,32.0,8.0,https://youtu.be/CkI6M8naWvY?t=24s,decorate_finish,finish,1,0.45,Arranging dried flowers in a glass of water (water candle).,"Arranging dried flowers in a glass of water (water candle). finish phase, ~9% in, 0:24–0:32.",,0,1,,
CkI6M8naWvY,https://www.youtube.com/watch?v=CkI6M8naWvY,How to Make Water Candles at Home | Beginner Candle Making Tutorial,264.0,storyboard,6,48.0,56.0,8.0,https://youtu.be/CkI6M8naWvY?t=48s,decorate_finish,finish,1,0.45,Arranging dried flowers in a glass of water (water candle).,"Arranging dried flowers in a glass of water (water candle). finish phase, ~18% in, 0:48–0:56.",,0,1,,
CkI6M8naWvY,https://www.youtube.com/watch?v=CkI6M8naWvY,How to Make Water Candles at Home | Beginner Candle Making Tutorial,264.0,storyboard,9,72.0,80.0,8.0,https://youtu.be/CkI6M8naWvY?t=72s,decorate_finish,finish,1,0.45,Arranging dried flowers in a glass of water (water candle).,"Arranging dried flowers in a glass of water (water candle). finish phase, ~27% in, 1:12–1:20.",,0,1,,
CkI6M8naWvY,https://www.youtube.com/watch?v=CkI6M8naWvY,How to Make Water Candles at Home | Beginner Candle Making Tutorial,264.0,storyboard,12,96.0,104.0,8.0,https://youtu.be/CkI6M8naWvY?t=96s,decorate_finish,finish,1,0.45,Arranging dried flowers in a glass of water (water candle).,"Arranging dried flowers in a glass of water (water candle). finish phase, ~36% in, 1:36–1:44.",,0,1,,
CrJ9UE6Nihw,https://www.youtube.com/watch?v=CrJ9UE6Nihw,FULL & easy beginners guide to Candle Making,601.0,storyboard,49,392.65,400.67,8.02,https://youtu.be/CrJ9UE6Nihw?t=393s,decorate_finish,finish,1,0.4,Bowl rim; decorative dots.,"Bowl rim; decorative dots. finish phase, ~65% in, 6:32–6:40.",,0,1,,
CrJ9UE6Nihw,https://www.youtube.com/watch?v=CrJ9UE6Nihw,FULL & easy beginners guide to Candle Making,601.0,storyboard,66,528.88,536.89,8.01,https://youtu.be/CrJ9UE6Nihw?t=529s,decorate_finish,finish,1,0.4,Marbled/blue top finished on the bowl candle.,"Marbled/blue top finished on the bowl candle. finish phase, ~88% in, 8:48–8:56.",,0,1,,
D2TTNZkVMMM,https://www.youtube.com/watch?v=D2TTNZkVMMM,How to Make Layered Scented Candles | DIY Candle Making,250.0,storyboard,27,217.74,225.81,8.07,https://youtu.be/D2TTNZkVMMM?t=218s,decorate_finish,finish,1,0.45,Hands hold/wipe the finished jar; host intercut.,"Hands hold/wipe the finished jar; host intercut. finish phase, ~87% in, 3:37–3:45.",,0,1,,
DIdrbQREtns,https://www.youtube.com/watch?v=DIdrbQREtns,Beginners Guide to Make Soy Wax Pillar Candles  Tips and Tricks,694.0,storyboard,45,358.97,366.94,7.97,https://youtu.be/DIdrbQREtns?t=359s,decorate_finish,finish,1,0.5,Demoulding / heat-gun finishing the textured pillar candle.,"Demoulding / heat-gun finishing the textured pillar candle. finish phase, ~52% in, 5:58–6:06.",,0,1,,
DIdrbQREtns,https://www.youtube.com/watch?v=DIdrbQREtns,Beginners Guide to Make Soy Wax Pillar Candles  Tips and Tricks,694.0,storyboard,46,366.94,374.92,7.98,https://youtu.be/DIdrbQREtns?t=367s,decorate_finish,finish,1,0.5,Demoulding / heat-gun finishing the textured pillar candle.,"Demoulding / heat-gun finishing the textured pillar candle. finish phase, ~53% in, 6:06–6:14.",,0,1,,
DIdrbQREtns,https://www.youtube.com/watch?v=DIdrbQREtns,Beginners Guide to Make Soy Wax Pillar Candles  Tips and Tricks,694.0,storyboard,47,374.92,382.9,7.98,https://youtu.be/DIdrbQREtns?t=375s,decorate_finish,finish,1,0.5,Finished burgundy knit-pillar candles shown.,"Finished burgundy knit-pillar candles shown. finish phase, ~54% in, 6:14–6:22.",,0,1,,
DIdrbQREtns,https://www.youtube.com/watch?v=DIdrbQREtns,Beginners Guide to Make Soy Wax Pillar Candles  Tips and Tricks,694.0,storyboard,48,382.9,390.87,7.97,https://youtu.be/DIdrbQREtns?t=383s,decorate_finish,finish,1,0.5,Demoulding / heat-gun finishing the textured pillar candle.,"Demoulding / heat-gun finishing the textured pillar candle. finish phase, ~55% in, 6:22–6:30.",,0,1,,
DIdrbQREtns,https://www.youtube.com/watch?v=DIdrbQREtns,Beginners Guide to Make Soy Wax Pillar Candles  Tips and Tricks,694.0,storyboard,51,406.83,414.8,7.97,https://youtu.be/DIdrbQREtns?t=407s,decorate_finish,finish,1,0.5,Demoulding / heat-gun finishing the textured pillar candle.,"Demoulding / heat-gun finishing the textured pillar candle. finish phase, ~59% in, 6:46–6:54.",,0,1,,
DIdrbQREtns,https://www.youtube.com/watch?v=DIdrbQREtns,Beginners Guide to Make Soy Wax Pillar Candles  Tips and Tricks,694.0,storyboard,52,414.8,422.78,7.98,https://youtu.be/DIdrbQREtns?t=415s,decorate_finish,finish,1,0.5,Demoulding / heat-gun finishing the textured pillar candle.,"Demoulding / heat-gun finishing the textured pillar candle. finish phase, ~60% in, 6:54–7:02.",,0,1,,
DIdrbQREtns,https://www.youtube.com/watch?v=DIdrbQREtns,Beginners Guide to Make Soy Wax Pillar Candles  Tips and Tricks,694.0,storyboard,75,598.28,606.25,7.97,https://youtu.be/DIdrbQREtns?t=598s,decorate_finish,finish,1,0.5,Demoulding / heat-gun finishing the textured pillar candle.,"Demoulding / heat-gun finishing the textured pillar candle. finish phase, ~86% in, 9:58–10:06.",,0,1,,
DIdrbQREtns,https://www.youtube.com/watch?v=DIdrbQREtns,Beginners Guide to Make Soy Wax Pillar Candles  Tips and Tricks,694.0,storyboard,76,606.25,614.23,7.98,https://youtu.be/DIdrbQREtns?t=606s,decorate_finish,finish,1,0.5,Demoulding / heat-gun finishing the textured pillar candle.,"Demoulding / heat-gun finishing the textured pillar candle. finish phase, ~87% in, 10:06–10:14.",,0,1,,
DSj_ZcxHB2w,https://www.youtube.com/watch?v=DSj_ZcxHB2w,Candle Making Kit - How-to - Crafts&Co,92.0,storyboard,9,69.0,76.67,7.67,https://youtu.be/DSj_ZcxHB2w?t=69s,decorate_finish,finish,1,0.55,Caption 'TIP'; the set candle is flexed out of the silicone mould ('2.5H').,"Caption 'TIP'; the set candle is flexed out of the silicone mould ('2.5H'). finish phase, ~75% in, 1:09–1:16.",,0,1,,
DSj_ZcxHB2w,https://www.youtube.com/watch?v=DSj_ZcxHB2w,Candle Making Kit - How-to - Crafts&Co,92.0,storyboard,10,76.67,84.33,7.66,https://youtu.be/DSj_ZcxHB2w?t=77s,decorate_finish,finish,1,0.55,The white moulded candle is peeled fully from the silicone mould.,"The white moulded candle is peeled fully from the silicone mould. finish phase, ~83% in, 1:16–1:24. Terminology: pillar candle.",,0,1,,
DkMEPKu4fLw,https://www.youtube.com/watch?v=DkMEPKu4fLw,How to Pipe Candle Wax (Whipped Soy Wax - Candle Frosting),545.0,storyboard,1,8.01,16.03,8.02,https://youtu.be/DkMEPKu4fLw?t=8s,decorate_finish,finish,1,0.5,Whipping wax and piping it like frosting onto the candle.,"Whipping wax and piping it like frosting onto the candle. finish phase, ~1% in, 0:08–0:16.",,0,1,,
DkMEPKu4fLw,https://www.youtube.com/watch?v=DkMEPKu4fLw,How to Pipe Candle Wax (Whipped Soy Wax - Candle Frosting),545.0,storyboard,4,32.06,40.07,8.01,https://youtu.be/DkMEPKu4fLw?t=32s,decorate_finish,finish,1,0.5,Whipping wax and piping it like frosting onto the candle.,"Whipping wax and piping it like frosting onto the candle. finish phase, ~6% in, 0:32–0:40.",,0,1,,
DkMEPKu4fLw,https://www.youtube.com/watch?v=DkMEPKu4fLw,How to Pipe Candle Wax (Whipped Soy Wax - Candle Frosting),545.0,storyboard,7,56.1,64.12,8.02,https://youtu.be/DkMEPKu4fLw?t=56s,decorate_finish,finish,1,0.5,Whipping wax and piping it like frosting onto the candle.,"Whipping wax and piping it like frosting onto the candle. finish phase, ~10% in, 0:56–1:04.",,0,1,,
DkMEPKu4fLw,https://www.youtube.com/watch?v=DkMEPKu4fLw,How to Pipe Candle Wax (Whipped Soy Wax - Candle Frosting),545.0,storyboard,10,80.15,88.16,8.01,https://youtu.be/DkMEPKu4fLw?t=80s,decorate_finish,finish,1,0.5,Whipping wax and piping it like frosting onto the candle.,"Whipping wax and piping it like frosting onto the candle. finish phase, ~15% in, 1:20–1:28.",,0,1,,
DkMEPKu4fLw,https://www.youtube.com/watch?v=DkMEPKu4fLw,How to Pipe Candle Wax (Whipped Soy Wax - Candle Frosting),545.0,storyboard,22,176.32,184.34,8.02,https://youtu.be/DkMEPKu4fLw?t=176s,decorate_finish,finish,1,0.5,Whipping wax and piping it like frosting onto the candle.,"Whipping wax and piping it like frosting onto the candle. finish phase, ~32% in, 2:56–3:04.",,0,1,,
DkMEPKu4fLw,https://www.youtube.com/watch?v=DkMEPKu4fLw,How to Pipe Candle Wax (Whipped Soy Wax - Candle Frosting),545.0,storyboard,23,184.34,192.35,8.01,https://youtu.be/DkMEPKu4fLw?t=184s,decorate_finish,finish,1,0.45,Pouring the base wax into the glass.,"Pouring the base wax into the glass. finish phase, ~34% in, 3:04–3:12.",,0,1,,
DkMEPKu4fLw,https://www.youtube.com/watch?v=DkMEPKu4fLw,How to Pipe Candle Wax (Whipped Soy Wax - Candle Frosting),545.0,storyboard,24,192.35,200.37,8.02,https://youtu.be/DkMEPKu4fLw?t=192s,decorate_finish,finish,1,0.5,Piping whipped wax & adding strawberry decor to the candle.,"Piping whipped wax & adding strawberry decor to the candle. finish phase, ~35% in, 3:12–3:20.",,0,1,,
DkMEPKu4fLw,https://www.youtube.com/watch?v=DkMEPKu4fLw,How to Pipe Candle Wax (Whipped Soy Wax - Candle Frosting),545.0,storyboard,25,200.37,208.38,8.01,https://youtu.be/DkMEPKu4fLw?t=200s,decorate_finish,finish,1,0.5,Piping whipped wax & adding strawberry decor to the candle.,"Piping whipped wax & adding strawberry decor to the candle. finish phase, ~37% in, 3:20–3:28.",,0,1,,
DkMEPKu4fLw,https://www.youtube.com/watch?v=DkMEPKu4fLw,How to Pipe Candle Wax (Whipped Soy Wax - Candle Frosting),545.0,storyboard,26,208.38,216.4,8.02,https://youtu.be/DkMEPKu4fLw?t=208s,decorate_finish,finish,1,0.5,Piping whipped wax & adding strawberry decor to the candle.,"Piping whipped wax & adding strawberry decor to the candle. finish phase, ~38% in, 3:28–3:36.",,0,1,,
DkMEPKu4fLw,https://www.youtube.com/watch?v=DkMEPKu4fLw,How to Pipe Candle Wax (Whipped Soy Wax - Candle Frosting),545.0,storyboard,27,216.4,224.41,8.01,https://youtu.be/DkMEPKu4fLw?t=216s,decorate_finish,finish,1,0.5,Piping whipped wax & adding strawberry decor to the candle.,"Piping whipped wax & adding strawberry decor to the candle. finish phase, ~40% in, 3:36–3:44.",,0,1,,
DkMEPKu4fLw,https://www.youtube.com/watch?v=DkMEPKu4fLw,How to Pipe Candle Wax (Whipped Soy Wax - Candle Frosting),545.0,storyboard,28,224.41,232.43,8.02,https://youtu.be/DkMEPKu4fLw?t=224s,decorate_finish,finish,1,0.5,Piping whipped wax & adding strawberry decor to the candle.,"Piping whipped wax & adding strawberry decor to the candle. finish phase, ~41% in, 3:44–3:52.",,0,1,,
DkMEPKu4fLw,https://www.youtube.com/watch?v=DkMEPKu4fLw,How to Pipe Candle Wax (Whipped Soy Wax - Candle Frosting),545.0,storyboard,29,232.43,240.44,8.01,https://youtu.be/DkMEPKu4fLw?t=232s,decorate_finish,finish,1,0.5,Piping whipped wax & adding strawberry decor to the candle.,"Piping whipped wax & adding strawberry decor to the candle. finish phase, ~43% in, 3:52–4:00.",,0,1,,
DkMEPKu4fLw,https://www.youtube.com/watch?v=DkMEPKu4fLw,How to Pipe Candle Wax (Whipped Soy Wax - Candle Frosting),545.0,storyboard,30,240.44,248.46,8.02,https://youtu.be/DkMEPKu4fLw?t=240s,decorate_finish,finish,1,0.5,Piping whipped wax & adding strawberry decor to the candle.,"Piping whipped wax & adding strawberry decor to the candle. finish phase, ~44% in, 4:00–4:08.",,0,1,,
DkMEPKu4fLw,https://www.youtube.com/watch?v=DkMEPKu4fLw,How to Pipe Candle Wax (Whipped Soy Wax - Candle Frosting),545.0,storyboard,35,280.51,288.53,8.02,https://youtu.be/DkMEPKu4fLw?t=281s,decorate_finish,finish,1,0.5,Piping whipped wax & adding strawberry decor to the candle.,"Piping whipped wax & adding strawberry decor to the candle. finish phase, ~51% in, 4:40–4:48.",,0,1,,
DkMEPKu4fLw,https://www.youtube.com/watch?v=DkMEPKu4fLw,How to Pipe Candle Wax (Whipped Soy Wax - Candle Frosting),545.0,storyboard,36,288.53,296.54,8.01,https://youtu.be/DkMEPKu4fLw?t=289s,decorate_finish,finish,1,0.5,Piping whipped wax & adding strawberry decor to the candle.,"Piping whipped wax & adding strawberry decor to the candle. finish phase, ~53% in, 4:48–4:56.",,0,1,,
DkMEPKu4fLw,https://www.youtube.com/watch?v=DkMEPKu4fLw,How to Pipe Candle Wax (Whipped Soy Wax - Candle Frosting),545.0,storyboard,37,296.54,304.56,8.02,https://youtu.be/DkMEPKu4fLw?t=297s,decorate_finish,finish,1,0.5,Piping whipped wax & adding strawberry decor to the candle.,"Piping whipped wax & adding strawberry decor to the candle. finish phase, ~54% in, 4:56–5:04.",,0,1,,
DkMEPKu4fLw,https://www.youtube.com/watch?v=DkMEPKu4fLw,How to Pipe Candle Wax (Whipped Soy Wax - Candle Frosting),545.0,storyboard,38,304.56,312.57,8.01,https://youtu.be/DkMEPKu4fLw?t=305s,decorate_finish,finish,1,0.5,Piping whipped wax & adding strawberry decor to the candle.,"Piping whipped wax & adding strawberry decor to the candle. finish phase, ~56% in, 5:04–5:12.",,0,1,,
DkMEPKu4fLw,https://www.youtube.com/watch?v=DkMEPKu4fLw,How to Pipe Candle Wax (Whipped Soy Wax - Candle Frosting),545.0,storyboard,39,312.57,320.59,8.02,https://youtu.be/DkMEPKu4fLw?t=313s,decorate_finish,finish,1,0.5,Piping whipped wax & adding strawberry decor to the candle.,"Piping whipped wax & adding strawberry decor to the candle. finish phase, ~57% in, 5:12–5:20.",,0,1,,
DkMEPKu4fLw,https://www.youtube.com/watch?v=DkMEPKu4fLw,How to Pipe Candle Wax (Whipped Soy Wax - Candle Frosting),545.0,storyboard,42,336.62,344.63,8.01,https://youtu.be/DkMEPKu4fLw?t=337s,decorate_finish,finish,1,0.5,Piping whipped wax & adding strawberry decor to the candle.,"Piping whipped wax & adding strawberry decor to the candle. finish phase, ~62% in, 5:36–5:44.",,0,1,,
DkMEPKu4fLw,https://www.youtube.com/watch?v=DkMEPKu4fLw,How to Pipe Candle Wax (Whipped Soy Wax - Candle Frosting),545.0,storyboard,43,344.63,352.65,8.02,https://youtu.be/DkMEPKu4fLw?t=345s,decorate_finish,finish,1,0.5,Piping whipped wax & adding strawberry decor to the candle.,"Piping whipped wax & adding strawberry decor to the candle. finish phase, ~63% in, 5:44–5:52.",,0,1,,
DkMEPKu4fLw,https://www.youtube.com/watch?v=DkMEPKu4fLw,How to Pipe Candle Wax (Whipped Soy Wax - Candle Frosting),545.0,storyboard,44,352.65,360.66,8.01,https://youtu.be/DkMEPKu4fLw?t=353s,decorate_finish,finish,1,0.5,Piping whipped wax & adding strawberry decor to the candle.,"Piping whipped wax & adding strawberry decor to the candle. finish phase, ~65% in, 5:52–6:00.",,0,1,,
DkMEPKu4fLw,https://www.youtube.com/watch?v=DkMEPKu4fLw,How to Pipe Candle Wax (Whipped Soy Wax - Candle Frosting),545.0,storyboard,45,360.66,368.68,8.02,https://youtu.be/DkMEPKu4fLw?t=361s,decorate_finish,finish,1,0.5,Piping whipped wax & adding strawberry decor to the candle.,"Piping whipped wax & adding strawberry decor to the candle. finish phase, ~66% in, 6:00–6:08.",,0,1,,
DkMEPKu4fLw,https://www.youtube.com/watch?v=DkMEPKu4fLw,How to Pipe Candle Wax (Whipped Soy Wax - Candle Frosting),545.0,storyboard,46,368.68,376.69,8.01,https://youtu.be/DkMEPKu4fLw?t=369s,decorate_finish,finish,1,0.5,Piping whipped wax & adding strawberry decor to the candle.,"Piping whipped wax & adding strawberry decor to the candle. finish phase, ~68% in, 6:08–6:16.",,0,1,,
DkMEPKu4fLw,https://www.youtube.com/watch?v=DkMEPKu4fLw,How to Pipe Candle Wax (Whipped Soy Wax - Candle Frosting),545.0,storyboard,47,376.69,384.71,8.02,https://youtu.be/DkMEPKu4fLw?t=377s,decorate_finish,finish,1,0.5,Piping whipped wax & adding strawberry decor to the candle.,"Piping whipped wax & adding strawberry decor to the candle. finish phase, ~69% in, 6:16–6:24.",,0,1,,
DkMEPKu4fLw,https://www.youtube.com/watch?v=DkMEPKu4fLw,How to Pipe Candle Wax (Whipped Soy Wax - Candle Frosting),545.0,storyboard,48,384.71,392.72,8.01,https://youtu.be/DkMEPKu4fLw?t=385s,decorate_finish,finish,1,0.5,Piping whipped wax & adding strawberry decor to the candle.,"Piping whipped wax & adding strawberry decor to the candle. finish phase, ~71% in, 6:24–6:32.",,0,1,,
DkMEPKu4fLw,https://www.youtube.com/watch?v=DkMEPKu4fLw,How to Pipe Candle Wax (Whipped Soy Wax - Candle Frosting),545.0,storyboard,49,392.72,400.74,8.02,https://youtu.be/DkMEPKu4fLw?t=393s,decorate_finish,finish,0,0.6,Host talks to camera.,"Host talks to camera. Final touches - labels, lids, ribbon, cleaning the glass. finish phase, ~72% in, 6:32–6:40.",,0,1,desc_talking_head,
DkMEPKu4fLw,https://www.youtube.com/watch?v=DkMEPKu4fLw,How to Pipe Candle Wax (Whipped Soy Wax - Candle Frosting),545.0,storyboard,50,400.74,408.75,8.01,https://youtu.be/DkMEPKu4fLw?t=401s,decorate_finish,finish,1,0.5,Piping whipped wax & adding strawberry decor to the candle.,"Piping whipped wax & adding strawberry decor to the candle. finish phase, ~74% in, 6:40–6:48.",,0,1,,
DkMEPKu4fLw,https://www.youtube.com/watch?v=DkMEPKu4fLw,How to Pipe Candle Wax (Whipped Soy Wax - Candle Frosting),545.0,storyboard,51,408.75,416.76,8.01,https://youtu.be/DkMEPKu4fLw?t=409s,decorate_finish,finish,1,0.5,Piping whipped wax & adding strawberry decor to the candle.,"Piping whipped wax & adding strawberry decor to the candle. finish phase, ~75% in, 6:48–6:56.",,0,1,,
DkMEPKu4fLw,https://www.youtube.com/watch?v=DkMEPKu4fLw,How to Pipe Candle Wax (Whipped Soy Wax - Candle Frosting),545.0,storyboard,52,416.76,424.78,8.02,https://youtu.be/DkMEPKu4fLw?t=417s,decorate_finish,finish,1,0.5,Piping whipped wax & adding strawberry decor to the candle.,"Piping whipped wax & adding strawberry decor to the candle. finish phase, ~76% in, 6:56–7:04.",,0,1,,
DkMEPKu4fLw,https://www.youtube.com/watch?v=DkMEPKu4fLw,How to Pipe Candle Wax (Whipped Soy Wax - Candle Frosting),545.0,storyboard,53,424.78,432.79,8.01,https://youtu.be/DkMEPKu4fLw?t=425s,decorate_finish,finish,1,0.5,Piping whipped wax & adding strawberry decor to the candle.,"Piping whipped wax & adding strawberry decor to the candle. finish phase, ~78% in, 7:04–7:12.",,0,1,,
DkMEPKu4fLw,https://www.youtube.com/watch?v=DkMEPKu4fLw,How to Pipe Candle Wax (Whipped Soy Wax - Candle Frosting),545.0,storyboard,54,432.79,440.81,8.02,https://youtu.be/DkMEPKu4fLw?t=433s,decorate_finish,finish,1,0.5,Piping whipped wax & adding strawberry decor to the candle.,"Piping whipped wax & adding strawberry decor to the candle. finish phase, ~79% in, 7:12–7:20.",,0,1,,
DkMEPKu4fLw,https://www.youtube.com/watch?v=DkMEPKu4fLw,How to Pipe Candle Wax (Whipped Soy Wax - Candle Frosting),545.0,storyboard,55,440.81,448.82,8.01,https://youtu.be/DkMEPKu4fLw?t=441s,decorate_finish,finish,1,0.5,Piping whipped wax & adding strawberry decor to the candle.,"Piping whipped wax & adding strawberry decor to the candle. finish phase, ~81% in, 7:20–7:28.",,0,1,,
DkMEPKu4fLw,https://www.youtube.com/watch?v=DkMEPKu4fLw,How to Pipe Candle Wax (Whipped Soy Wax - Candle Frosting),545.0,storyboard,56,448.82,456.84,8.02,https://youtu.be/DkMEPKu4fLw?t=449s,decorate_finish,finish,1,0.5,Piping whipped wax & adding strawberry decor to the candle.,"Piping whipped wax & adding strawberry decor to the candle. finish phase, ~82% in, 7:28–7:36.",,0,1,,
DkMEPKu4fLw,https://www.youtube.com/watch?v=DkMEPKu4fLw,How to Pipe Candle Wax (Whipped Soy Wax - Candle Frosting),545.0,storyboard,57,456.84,464.85,8.01,https://youtu.be/DkMEPKu4fLw?t=457s,decorate_finish,finish,1,0.5,Piping whipped wax & adding strawberry decor to the candle.,"Piping whipped wax & adding strawberry decor to the candle. finish phase, ~84% in, 7:36–7:44.",,0,1,,
DkMEPKu4fLw,https://www.youtube.com/watch?v=DkMEPKu4fLw,How to Pipe Candle Wax (Whipped Soy Wax - Candle Frosting),545.0,storyboard,58,464.85,472.87,8.02,https://youtu.be/DkMEPKu4fLw?t=465s,decorate_finish,finish,1,0.5,Piping whipped wax & adding strawberry decor to the candle.,"Piping whipped wax & adding strawberry decor to the candle. finish phase, ~85% in, 7:44–7:52.",,0,1,,
DkMEPKu4fLw,https://www.youtube.com/watch?v=DkMEPKu4fLw,How to Pipe Candle Wax (Whipped Soy Wax - Candle Frosting),545.0,storyboard,59,472.87,480.88,8.01,https://youtu.be/DkMEPKu4fLw?t=473s,decorate_finish,finish,1,0.5,Piping whipped wax & adding strawberry decor to the candle.,"Piping whipped wax & adding strawberry decor to the candle. finish phase, ~87% in, 7:52–8:00.",,0,1,,
DkMEPKu4fLw,https://www.youtube.com/watch?v=DkMEPKu4fLw,How to Pipe Candle Wax (Whipped Soy Wax - Candle Frosting),545.0,storyboard,60,480.88,488.9,8.02,https://youtu.be/DkMEPKu4fLw?t=481s,decorate_finish,finish,1,0.5,Piping whipped wax & adding strawberry decor to the candle.,"Piping whipped wax & adding strawberry decor to the candle. finish phase, ~88% in, 8:00–8:08.",,0,1,,
DpgV20P8bVc,https://www.youtube.com/watch?v=DpgV20P8bVc,Small candle business from home | holiday launch studio vlog New paint can candles | Amazon handmade,820.0,storyboard,13,104.51,112.55,8.04,https://youtu.be/DpgV20P8bVc?t=105s,decorate_finish,finish,1,0.4,Labelling/packing the candles.,"Labelling/packing the candles. finish phase, ~13% in, 1:44–1:52.",,0,1,,
DpgV20P8bVc,https://www.youtube.com/watch?v=DpgV20P8bVc,Small candle business from home | holiday launch studio vlog New paint can candles | Amazon handmade,820.0,storyboard,19,152.75,160.78,8.03,https://youtu.be/DpgV20P8bVc?t=153s,decorate_finish,finish,1,0.4,Labelling/packing the candles.,"Labelling/packing the candles. finish phase, ~19% in, 2:32–2:40.",,0,1,,
DpgV20P8bVc,https://www.youtube.com/watch?v=DpgV20P8bVc,Small candle business from home | holiday launch studio vlog New paint can candles | Amazon handmade,820.0,storyboard,22,176.86,184.9,8.04,https://youtu.be/DpgV20P8bVc?t=177s,decorate_finish,finish,1,0.4,Labelling/packing the candles.,"Labelling/packing the candles. finish phase, ~22% in, 2:56–3:04.",,0,1,,
DpgV20P8bVc,https://www.youtube.com/watch?v=DpgV20P8bVc,Small candle business from home | holiday launch studio vlog New paint can candles | Amazon handmade,820.0,storyboard,48,385.88,393.92,8.04,https://youtu.be/DpgV20P8bVc?t=386s,decorate_finish,finish,1,0.5,Torch/heat-gun smoothing the tin tops; labelling.,"Torch/heat-gun smoothing the tin tops; labelling. finish phase, ~47% in, 6:25–6:33.",,0,1,,
DpgV20P8bVc,https://www.youtube.com/watch?v=DpgV20P8bVc,Small candle business from home | holiday launch studio vlog New paint can candles | Amazon handmade,820.0,storyboard,49,393.92,401.96,8.04,https://youtu.be/DpgV20P8bVc?t=394s,decorate_finish,finish,1,0.5,Pouring wax into the rows of tins.,"Pouring wax into the rows of tins. finish phase, ~48% in, 6:33–6:41.",,0,1,,
DpgV20P8bVc,https://www.youtube.com/watch?v=DpgV20P8bVc,Small candle business from home | holiday launch studio vlog New paint can candles | Amazon handmade,820.0,storyboard,50,401.96,410.0,8.04,https://youtu.be/DpgV20P8bVc?t=402s,decorate_finish,finish,1,0.5,Torch/heat-gun smoothing the tin tops; labelling.,"Torch/heat-gun smoothing the tin tops; labelling. finish phase, ~49% in, 6:41–6:50.",,0,1,,
DpgV20P8bVc,https://www.youtube.com/watch?v=DpgV20P8bVc,Small candle business from home | holiday launch studio vlog New paint can candles | Amazon handmade,820.0,storyboard,53,426.08,434.12,8.04,https://youtu.be/DpgV20P8bVc?t=426s,decorate_finish,finish,1,0.5,Torch/heat-gun smoothing the tin tops; labelling.,"Torch/heat-gun smoothing the tin tops; labelling. finish phase, ~52% in, 7:06–7:14.",,0,1,,
DpgV20P8bVc,https://www.youtube.com/watch?v=DpgV20P8bVc,Small candle business from home | holiday launch studio vlog New paint can candles | Amazon handmade,820.0,storyboard,54,434.12,442.16,8.04,https://youtu.be/DpgV20P8bVc?t=434s,decorate_finish,finish,1,0.5,Overhead rows of candle tins setting (large batch).,"Overhead rows of candle tins setting (large batch). finish phase, ~53% in, 7:14–7:22.",,0,1,,
DpgV20P8bVc,https://www.youtube.com/watch?v=DpgV20P8bVc,Small candle business from home | holiday launch studio vlog New paint can candles | Amazon handmade,820.0,storyboard,55,442.16,450.2,8.04,https://youtu.be/DpgV20P8bVc?t=442s,decorate_finish,finish,1,0.5,Torch/heat-gun smoothing the tin tops; labelling.,"Torch/heat-gun smoothing the tin tops; labelling. finish phase, ~54% in, 7:22–7:30.",,0,1,,
DpgV20P8bVc,https://www.youtube.com/watch?v=DpgV20P8bVc,Small candle business from home | holiday launch studio vlog New paint can candles | Amazon handmade,820.0,storyboard,56,450.2,458.24,8.04,https://youtu.be/DpgV20P8bVc?t=450s,decorate_finish,finish,1,0.5,Overhead rows of candle tins setting (large batch).,"Overhead rows of candle tins setting (large batch). finish phase, ~55% in, 7:30–7:38.",,0,1,,
DpgV20P8bVc,https://www.youtube.com/watch?v=DpgV20P8bVc,Small candle business from home | holiday launch studio vlog New paint can candles | Amazon handmade,820.0,storyboard,57,458.24,466.27,8.03,https://youtu.be/DpgV20P8bVc?t=458s,decorate_finish,finish,1,0.5,Torch/heat-gun smoothing the tin tops; labelling.,"Torch/heat-gun smoothing the tin tops; labelling. finish phase, ~56% in, 7:38–7:46.",,0,1,,
DpgV20P8bVc,https://www.youtube.com/watch?v=DpgV20P8bVc,Small candle business from home | holiday launch studio vlog New paint can candles | Amazon handmade,820.0,storyboard,63,506.47,514.51,8.04,https://youtu.be/DpgV20P8bVc?t=506s,decorate_finish,finish,1,0.5,Torch/heat-gun smoothing the tin tops; labelling.,"Torch/heat-gun smoothing the tin tops; labelling. finish phase, ~62% in, 8:26–8:34.",,0,1,,
DpgV20P8bVc,https://www.youtube.com/watch?v=DpgV20P8bVc,Small candle business from home | holiday launch studio vlog New paint can candles | Amazon handmade,820.0,storyboard,64,514.51,522.55,8.04,https://youtu.be/DpgV20P8bVc?t=515s,decorate_finish,finish,1,0.5,Torch/heat-gun smoothing the tin tops; labelling.,"Torch/heat-gun smoothing the tin tops; labelling. finish phase, ~63% in, 8:34–8:42.",,0,1,,
DpgV20P8bVc,https://www.youtube.com/watch?v=DpgV20P8bVc,Small candle business from home | holiday launch studio vlog New paint can candles | Amazon handmade,820.0,storyboard,65,522.55,530.59,8.04,https://youtu.be/DpgV20P8bVc?t=523s,decorate_finish,finish,1,0.5,Torch/heat-gun smoothing the tin tops; labelling.,"Torch/heat-gun smoothing the tin tops; labelling. finish phase, ~64% in, 8:42–8:50.",,0,1,,
DpgV20P8bVc,https://www.youtube.com/watch?v=DpgV20P8bVc,Small candle business from home | holiday launch studio vlog New paint can candles | Amazon handmade,820.0,storyboard,66,530.59,538.63,8.04,https://youtu.be/DpgV20P8bVc?t=531s,decorate_finish,finish,1,0.5,Overhead rows of candle tins setting (large batch).,"Overhead rows of candle tins setting (large batch). finish phase, ~65% in, 8:50–8:58.",,0,1,,
DpgV20P8bVc,https://www.youtube.com/watch?v=DpgV20P8bVc,Small candle business from home | holiday launch studio vlog New paint can candles | Amazon handmade,820.0,storyboard,67,538.63,546.67,8.04,https://youtu.be/DpgV20P8bVc?t=539s,decorate_finish,finish,1,0.5,Torch/heat-gun smoothing the tin tops; labelling.,"Torch/heat-gun smoothing the tin tops; labelling. finish phase, ~66% in, 8:58–9:06.",,0,1,,
DpgV20P8bVc,https://www.youtube.com/watch?v=DpgV20P8bVc,Small candle business from home | holiday launch studio vlog New paint can candles | Amazon handmade,820.0,storyboard,68,546.67,554.71,8.04,https://youtu.be/DpgV20P8bVc?t=547s,decorate_finish,finish,1,0.5,Torch/heat-gun smoothing the tin tops; labelling.,"Torch/heat-gun smoothing the tin tops; labelling. finish phase, ~67% in, 9:06–9:14.",,0,1,,
DpgV20P8bVc,https://www.youtube.com/watch?v=DpgV20P8bVc,Small candle business from home | holiday launch studio vlog New paint can candles | Amazon handmade,820.0,storyboard,71,570.78,578.82,8.04,https://youtu.be/DpgV20P8bVc?t=571s,decorate_finish,finish,1,0.5,Torch/heat-gun smoothing the tin tops; labelling.,"Torch/heat-gun smoothing the tin tops; labelling. finish phase, ~70% in, 9:30–9:38.",,0,1,,
DpgV20P8bVc,https://www.youtube.com/watch?v=DpgV20P8bVc,Small candle business from home | holiday launch studio vlog New paint can candles | Amazon handmade,820.0,storyboard,72,578.82,586.86,8.04,https://youtu.be/DpgV20P8bVc?t=579s,decorate_finish,finish,1,0.5,Rows of finished labelled candles on the shelves.,"Rows of finished labelled candles on the shelves. finish phase, ~71% in, 9:38–9:46.",,0,1,,
DpgV20P8bVc,https://www.youtube.com/watch?v=DpgV20P8bVc,Small candle business from home | holiday launch studio vlog New paint can candles | Amazon handmade,820.0,storyboard,73,586.86,594.9,8.04,https://youtu.be/DpgV20P8bVc?t=587s,decorate_finish,finish,1,0.5,Torch/heat-gun smoothing the tin tops; labelling.,"Torch/heat-gun smoothing the tin tops; labelling. finish phase, ~72% in, 9:46–9:54.",,0,1,,
E27yUdPTNEU,https://www.youtube.com/watch?v=E27yUdPTNEU,How To Make Perfect Dipped Beeswax Taper Candles (In An Old Tin Can),245.0,storyboard,22,173.87,181.77,7.9,https://youtu.be/E27yUdPTNEU?t=174s,decorate_finish,finish,1,0.4,Tapers smoothed; final shaping.,"Tapers smoothed; final shaping. finish phase, ~71% in, 2:53–3:01.",,0,1,,
E27yUdPTNEU,https://www.youtube.com/watch?v=E27yUdPTNEU,How To Make Perfect Dipped Beeswax Taper Candles (In An Old Tin Can),245.0,storyboard,23,181.77,189.68,7.91,https://youtu.be/E27yUdPTNEU?t=182s,decorate_finish,finish,1,0.4,Rolling/straightening the warm tapers.,"Rolling/straightening the warm tapers. finish phase, ~74% in, 3:01–3:09.",,0,1,,
E27yUdPTNEU,https://www.youtube.com/watch?v=E27yUdPTNEU,How To Make Perfect Dipped Beeswax Taper Candles (In An Old Tin Can),245.0,storyboard,24,189.68,197.58,7.9,https://youtu.be/E27yUdPTNEU?t=190s,decorate_finish,finish,1,0.45,A taper rolled flat/straight on a board to finish it.,"A taper rolled flat/straight on a board to finish it. finish phase, ~77% in, 3:09–3:17.",,0,1,,
EBZGgxpf3Ho,https://www.youtube.com/watch?v=EBZGgxpf3Ho,How to make perfect scented soy wax tin candles every time. DIY tutorial 7oz coco soy wax candles,667.0,storyboard,60,482.17,490.2,8.03,https://youtu.be/EBZGgxpf3Ho?t=482s,decorate_finish,finish,1,0.5,Heat-gun smoothing tops / applying labels.,"Heat-gun smoothing tops / applying labels. finish phase, ~72% in, 8:02–8:10.",,0,1,,
EBZGgxpf3Ho,https://www.youtube.com/watch?v=EBZGgxpf3Ho,How to make perfect scented soy wax tin candles every time. DIY tutorial 7oz coco soy wax candles,667.0,storyboard,61,490.2,498.24,8.04,https://youtu.be/EBZGgxpf3Ho?t=490s,decorate_finish,finish,1,0.5,Heat-gun smoothing tops / applying labels.,"Heat-gun smoothing tops / applying labels. finish phase, ~73% in, 8:10–8:18.",,0,1,,
EBZGgxpf3Ho,https://www.youtube.com/watch?v=EBZGgxpf3Ho,How to make perfect scented soy wax tin candles every time. DIY tutorial 7oz coco soy wax candles,667.0,storyboard,72,578.6,586.64,8.04,https://youtu.be/EBZGgxpf3Ho?t=579s,decorate_finish,finish,1,0.5,Heat-gun smoothing tops / applying labels.,"Heat-gun smoothing tops / applying labels. finish phase, ~87% in, 9:38–9:46.",,0,1,,
EBZGgxpf3Ho,https://www.youtube.com/watch?v=EBZGgxpf3Ho,How to make perfect scented soy wax tin candles every time. DIY tutorial 7oz coco soy wax candles,667.0,storyboard,73,586.64,594.67,8.03,https://youtu.be/EBZGgxpf3Ho?t=587s,decorate_finish,finish,1,0.5,Heat-gun smoothing tops / applying labels.,"Heat-gun smoothing tops / applying labels. finish phase, ~88% in, 9:46–9:54.",,0,1,,
EBZGgxpf3Ho,https://www.youtube.com/watch?v=EBZGgxpf3Ho,How to make perfect scented soy wax tin candles every time. DIY tutorial 7oz coco soy wax candles,667.0,storyboard,74,594.67,602.71,8.04,https://youtu.be/EBZGgxpf3Ho?t=595s,decorate_finish,finish,1,0.5,Heat-gun smoothing tops / applying labels.,"Heat-gun smoothing tops / applying labels. finish phase, ~89% in, 9:54–10:02.",,0,1,,
EBZGgxpf3Ho,https://www.youtube.com/watch?v=EBZGgxpf3Ho,How to make perfect scented soy wax tin candles every time. DIY tutorial 7oz coco soy wax candles,667.0,storyboard,75,602.71,610.75,8.04,https://youtu.be/EBZGgxpf3Ho?t=603s,decorate_finish,finish,1,0.5,Heat-gun smoothing tops / applying labels.,"Heat-gun smoothing tops / applying labels. finish phase, ~90% in, 10:02–10:10.",,0,1,,
FhVukBUHls0,https://www.youtube.com/watch?v=FhVukBUHls0,"Candle Making Kit with Electronic Hot Plate for Beginners, Adults, and Kids",110.0,storyboard,11,86.43,94.29,7.86,https://youtu.be/FhVukBUHls0?t=86s,decorate_finish,finish,1,0.45,Hands smooth/finish the candle top on a tray.,"Hands smooth/finish the candle top on a tray. finish phase, ~79% in, 1:26–1:34.",,0,1,,
HPD1k0lhDCU,https://www.youtube.com/watch?v=HPD1k0lhDCU,How to Make Luxury Coconut Apricot Wax Candles | Step-by-Step Tutorial,687.0,storyboard,82,655.05,663.03,7.98,https://youtu.be/HPD1k0lhDCU?t=655s,decorate_finish,finish,1,0.45,Holding a labelled 'Willow's Pip Palo Santo + Moss' jar.,"Holding a labelled 'Willow's Pip Palo Santo + Moss' jar. finish phase, ~95% in, 10:55–11:03.",,0,1,,
HXX8_QF8jcE,https://www.youtube.com/watch?v=HXX8_QF8jcE,Gradient candle making full tutorial ( soy wax & beeswax ) DIY at home | handmade | craft | layer,160.0,storyboard,11,88.0,96.0,8.0,https://youtu.be/HXX8_QF8jcE?t=88s,decorate_finish,finish,1,0.4,Tan wax tablets/melts shaped by hand.,"Tan wax tablets/melts shaped by hand. finish phase, ~55% in, 1:28–1:36.",,0,1,,
HXX8_QF8jcE,https://www.youtube.com/watch?v=HXX8_QF8jcE,Gradient candle making full tutorial ( soy wax & beeswax ) DIY at home | handmade | craft | layer,160.0,storyboard,12,96.0,104.0,8.0,https://youtu.be/HXX8_QF8jcE?t=96s,decorate_finish,finish,1,0.4,Metal pot; tan wax pieces.,"Metal pot; tan wax pieces. finish phase, ~60% in, 1:36–1:44.",,0,1,,
HXX8_QF8jcE,https://www.youtube.com/watch?v=HXX8_QF8jcE,Gradient candle making full tutorial ( soy wax & beeswax ) DIY at home | handmade | craft | layer,160.0,storyboard,13,104.0,112.0,8.0,https://youtu.be/HXX8_QF8jcE?t=104s,decorate_finish,finish,1,0.4,Tan wax tablets on a plate.,"Tan wax tablets on a plate. finish phase, ~65% in, 1:44–1:52.",,0,1,,
J3yQxymkFak,https://www.youtube.com/watch?v=J3yQxymkFak,Simple dessert candle tutorial to make at home,386.0,storyboard,18,144.75,152.79,8.04,https://youtu.be/J3yQxymkFak?t=145s,decorate_finish,finish,1,0.5,"Decorating the dessert candles (colour, piped whipped wax).","Decorating the dessert candles (colour, piped whipped wax). finish phase, ~38% in, 2:24–2:32.",,0,1,,
J3yQxymkFak,https://www.youtube.com/watch?v=J3yQxymkFak,Simple dessert candle tutorial to make at home,386.0,storyboard,19,152.79,160.83,8.04,https://youtu.be/J3yQxymkFak?t=153s,decorate_finish,finish,1,0.5,"Decorating the dessert candles (colour, piped whipped wax).","Decorating the dessert candles (colour, piped whipped wax). finish phase, ~40% in, 2:32–2:40.",,0,1,,
J3yQxymkFak,https://www.youtube.com/watch?v=J3yQxymkFak,Simple dessert candle tutorial to make at home,386.0,storyboard,20,160.83,168.87,8.04,https://youtu.be/J3yQxymkFak?t=161s,decorate_finish,finish,0,0.5,"On-screen text card (auto-detected: static frame, OCR text). Text reads: 'onan rc 3 Pesoe Wie 7 7 ji th ee Co Vina? Pr'.","On-screen text card (auto-detected: static frame, OCR text). Text reads: 'onan rc 3 Pesoe Wie 7 7 ji th ee Co Vina? Pr'. finish phase, ~42% in, 2:40–2:48.",,0,1,desc_text_card,
J3yQxymkFak,https://www.youtube.com/watch?v=J3yQxymkFak,Simple dessert candle tutorial to make at home,386.0,storyboard,21,168.87,176.92,8.05,https://youtu.be/J3yQxymkFak?t=169s,decorate_finish,finish,1,0.5,"Decorating the dessert candles (colour, piped whipped wax).","Decorating the dessert candles (colour, piped whipped wax). finish phase, ~44% in, 2:48–2:56.",,0,1,,
J3yQxymkFak,https://www.youtube.com/watch?v=J3yQxymkFak,Simple dessert candle tutorial to make at home,386.0,storyboard,22,176.92,184.96,8.04,https://youtu.be/J3yQxymkFak?t=177s,decorate_finish,finish,1,0.5,"Decorating the dessert candles (colour, piped whipped wax).","Decorating the dessert candles (colour, piped whipped wax). finish phase, ~46% in, 2:56–3:04.",,0,1,,
J3yQxymkFak,https://www.youtube.com/watch?v=J3yQxymkFak,Simple dessert candle tutorial to make at home,386.0,storyboard,23,184.96,193.0,8.04,https://youtu.be/J3yQxymkFak?t=185s,decorate_finish,finish,0,0.5,"On-screen text card (auto-detected: static frame, OCR text). Text reads: 'Rett Ye Sa By Ane ee oe 5 Dey Se, Hh ip ar XY Bed Py LETf'.","On-screen text card (auto-detected: static frame, OCR text). Text reads: 'Rett Ye Sa By Ane ee oe 5 Dey Se, Hh ip ar XY Bed Py LETf'. finish phase, ~48% in, 3:04–3:13.",,0,1,desc_text_card,
J3yQxymkFak,https://www.youtube.com/watch?v=J3yQxymkFak,Simple dessert candle tutorial to make at home,386.0,storyboard,24,193.0,201.04,8.04,https://youtu.be/J3yQxymkFak?t=193s,decorate_finish,finish,1,0.5,"Decorating the dessert candles (colour, piped whipped wax).","Decorating the dessert candles (colour, piped whipped wax). finish phase, ~50% in, 3:13–3:21.",,0,1,,
J3yQxymkFak,https://www.youtube.com/watch?v=J3yQxymkFak,Simple dessert candle tutorial to make at home,386.0,storyboard,25,201.04,209.08,8.04,https://youtu.be/J3yQxymkFak?t=201s,decorate_finish,finish,1,0.5,"Decorating the dessert candles (colour, piped whipped wax).","Decorating the dessert candles (colour, piped whipped wax). finish phase, ~52% in, 3:21–3:29.",,0,1,,
J3yQxymkFak,https://www.youtube.com/watch?v=J3yQxymkFak,Simple dessert candle tutorial to make at home,386.0,storyboard,26,209.08,217.12,8.04,https://youtu.be/J3yQxymkFak?t=209s,decorate_finish,finish,1,0.5,"Decorating the dessert candles (colour, piped whipped wax).","Decorating the dessert candles (colour, piped whipped wax). finish phase, ~54% in, 3:29–3:37.",,0,1,,
J3yQxymkFak,https://www.youtube.com/watch?v=J3yQxymkFak,Simple dessert candle tutorial to make at home,386.0,storyboard,27,217.12,225.17,8.05,https://youtu.be/J3yQxymkFak?t=217s,decorate_finish,finish,0,0.5,"On-screen text card (auto-detected: static frame, OCR text). Text reads: 'cen si 4 ye ov RY 4 and finally strawberry'.","On-screen text card (auto-detected: static frame, OCR text). Text reads: 'cen si 4 ye ov RY 4 and finally strawberry'. finish phase, ~56% in, 3:37–3:45.",,0,1,desc_text_card,
J3yQxymkFak,https://www.youtube.com/watch?v=J3yQxymkFak,Simple dessert candle tutorial to make at home,386.0,storyboard,28,225.17,233.21,8.04,https://youtu.be/J3yQxymkFak?t=225s,decorate_finish,finish,1,0.5,"Decorating the dessert candles (colour, piped whipped wax).","Decorating the dessert candles (colour, piped whipped wax). finish phase, ~58% in, 3:45–3:53.",,0,1,,
J3yQxymkFak,https://www.youtube.com/watch?v=J3yQxymkFak,Simple dessert candle tutorial to make at home,386.0,storyboard,29,233.21,241.25,8.04,https://youtu.be/J3yQxymkFak?t=233s,decorate_finish,finish,1,0.5,"Decorating the dessert candles (colour, piped whipped wax).","Decorating the dessert candles (colour, piped whipped wax). finish phase, ~60% in, 3:53–4:01.",,0,1,,
J3yQxymkFak,https://www.youtube.com/watch?v=J3yQxymkFak,Simple dessert candle tutorial to make at home,386.0,storyboard,30,241.25,249.29,8.04,https://youtu.be/J3yQxymkFak?t=241s,decorate_finish,finish,0,0.5,"On-screen text card (auto-detected: static frame, OCR text). Text reads: 'Se ae ee ae eg Fee aa ieee: ae Nae Br er ie So yy To eo'.","On-screen text card (auto-detected: static frame, OCR text). Text reads: 'Se ae ee ae eg Fee aa ieee: ae Nae Br er ie So yy To eo'. finish phase, ~62% in, 4:01–4:09.",,0,1,desc_text_card,
J3yQxymkFak,https://www.youtube.com/watch?v=J3yQxymkFak,Simple dessert candle tutorial to make at home,386.0,storyboard,31,249.29,257.33,8.04,https://youtu.be/J3yQxymkFak?t=249s,decorate_finish,finish,1,0.5,"Decorating the dessert candles (colour, piped whipped wax).","Decorating the dessert candles (colour, piped whipped wax). finish phase, ~65% in, 4:09–4:17.",,0,1,,
J3yQxymkFak,https://www.youtube.com/watch?v=J3yQxymkFak,Simple dessert candle tutorial to make at home,386.0,storyboard,32,257.33,265.37,8.04,https://youtu.be/J3yQxymkFak?t=257s,decorate_finish,finish,1,0.5,"Decorating the dessert candles (colour, piped whipped wax).","Decorating the dessert candles (colour, piped whipped wax). finish phase, ~67% in, 4:17–4:25.",,0,1,,
Jap03OmOhXU,https://www.youtube.com/watch?v=Jap03OmOhXU,15 BRILLIANT Dollar Tree Candle HACKS 🕯️ (gift ideas galore!),388.0,storyboard,8,64.67,72.75,8.08,https://youtu.be/Jap03OmOhXU?t=65s,decorate_finish,finish,1,0.4,A Dollar Tree candle hack: decorating/gluing on a candle.,"A Dollar Tree candle hack: decorating/gluing on a candle. finish phase, ~17% in, 1:04–1:12.",,0,1,,
Jap03OmOhXU,https://www.youtube.com/watch?v=Jap03OmOhXU,15 BRILLIANT Dollar Tree Candle HACKS 🕯️ (gift ideas galore!),388.0,storyboard,12,97.0,105.08,8.08,https://youtu.be/Jap03OmOhXU?t=97s,decorate_finish,finish,1,0.4,A Dollar Tree candle hack: decorating/gluing on a candle.,"A Dollar Tree candle hack: decorating/gluing on a candle. finish phase, ~25% in, 1:37–1:45.",,0,1,,
Jap03OmOhXU,https://www.youtube.com/watch?v=Jap03OmOhXU,15 BRILLIANT Dollar Tree Candle HACKS 🕯️ (gift ideas galore!),388.0,storyboard,16,129.33,137.42,8.09,https://youtu.be/Jap03OmOhXU?t=129s,decorate_finish,finish,1,0.4,A Dollar Tree candle hack: decorating/gluing on a candle.,"A Dollar Tree candle hack: decorating/gluing on a candle. finish phase, ~33% in, 2:09–2:17.",,0,1,,
Jap03OmOhXU,https://www.youtube.com/watch?v=Jap03OmOhXU,15 BRILLIANT Dollar Tree Candle HACKS 🕯️ (gift ideas galore!),388.0,storyboard,20,161.67,169.75,8.08,https://youtu.be/Jap03OmOhXU?t=162s,decorate_finish,finish,1,0.4,A Dollar Tree candle hack: decorating/gluing on a candle.,"A Dollar Tree candle hack: decorating/gluing on a candle. finish phase, ~42% in, 2:41–2:49.",,0,1,,
Jap03OmOhXU,https://www.youtube.com/watch?v=Jap03OmOhXU,15 BRILLIANT Dollar Tree Candle HACKS 🕯️ (gift ideas galore!),388.0,storyboard,28,226.33,234.42,8.09,https://youtu.be/Jap03OmOhXU?t=226s,decorate_finish,finish,1,0.4,A Dollar Tree candle hack: decorating/gluing on a candle.,"A Dollar Tree candle hack: decorating/gluing on a candle. finish phase, ~58% in, 3:46–3:54.",,0,1,,
Jap03OmOhXU,https://www.youtube.com/watch?v=Jap03OmOhXU,15 BRILLIANT Dollar Tree Candle HACKS 🕯️ (gift ideas galore!),388.0,storyboard,32,258.67,266.75,8.08,https://youtu.be/Jap03OmOhXU?t=259s,decorate_finish,finish,1,0.4,A Dollar Tree candle hack: decorating/gluing on a candle.,"A Dollar Tree candle hack: decorating/gluing on a candle. finish phase, ~67% in, 4:18–4:26.",,0,1,,
Jg1nhsDBtsQ,https://www.youtube.com/watch?v=Jg1nhsDBtsQ,Dollar Tree Candle Hacks That Will SHOCK You (2024) Krafts by Katelyn,665.0,storyboard,1,8.01,16.02,8.01,https://youtu.be/Jg1nhsDBtsQ?t=8s,decorate_finish,finish,1,0.5,Decorating LED pillar candles with printed napkins (heat-sealed).,"Decorating LED pillar candles with printed napkins (heat-sealed). finish phase, ~1% in, 0:08–0:16.",,0,1,,
Jg1nhsDBtsQ,https://www.youtube.com/watch?v=Jg1nhsDBtsQ,Dollar Tree Candle Hacks That Will SHOCK You (2024) Krafts by Katelyn,665.0,storyboard,2,16.02,24.04,8.02,https://youtu.be/Jg1nhsDBtsQ?t=16s,decorate_finish,finish,0,0.7,Presenter talking to camera (auto-detected: frontal face).,"Presenter talking to camera (auto-detected: frontal face). Final touches - labels, lids, ribbon, cleaning the glass. finish phase, ~2% in, 0:16–0:24.",,0,1,desc_talking_head,
Jg1nhsDBtsQ,https://www.youtube.com/watch?v=Jg1nhsDBtsQ,Dollar Tree Candle Hacks That Will SHOCK You (2024) Krafts by Katelyn,665.0,storyboard,3,24.04,32.05,8.01,https://youtu.be/Jg1nhsDBtsQ?t=24s,decorate_finish,finish,1,0.5,Decorating LED pillar candles with printed napkins (heat-sealed).,"Decorating LED pillar candles with printed napkins (heat-sealed). finish phase, ~4% in, 0:24–0:32.",,0,1,,
Jg1nhsDBtsQ,https://www.youtube.com/watch?v=Jg1nhsDBtsQ,Dollar Tree Candle Hacks That Will SHOCK You (2024) Krafts by Katelyn,665.0,storyboard,4,32.05,40.06,8.01,https://youtu.be/Jg1nhsDBtsQ?t=32s,decorate_finish,finish,1,0.5,Decorating LED pillar candles with printed napkins (heat-sealed).,"Decorating LED pillar candles with printed napkins (heat-sealed). finish phase, ~5% in, 0:32–0:40.",,0,1,,
Jg1nhsDBtsQ,https://www.youtube.com/watch?v=Jg1nhsDBtsQ,Dollar Tree Candle Hacks That Will SHOCK You (2024) Krafts by Katelyn,665.0,storyboard,5,40.06,48.07,8.01,https://youtu.be/Jg1nhsDBtsQ?t=40s,decorate_finish,finish,1,0.5,Decorating LED pillar candles with printed napkins (heat-sealed).,"Decorating LED pillar candles with printed napkins (heat-sealed). finish phase, ~6% in, 0:40–0:48.",,0,1,,
Jg1nhsDBtsQ,https://www.youtube.com/watch?v=Jg1nhsDBtsQ,Dollar Tree Candle Hacks That Will SHOCK You (2024) Krafts by Katelyn,665.0,storyboard,6,48.07,56.08,8.01,https://youtu.be/Jg1nhsDBtsQ?t=48s,decorate_finish,finish,0,0.5,"On-screen text card (auto-detected: static frame, OCR text). Text reads: 'eS SB Foye ep AL nee LD so 4 bas NE eee sy ws'.","On-screen text card (auto-detected: static frame, OCR text). Text reads: 'eS SB Foye ep AL nee LD so 4 bas NE eee sy ws'. finish phase, ~7% in, 0:48–0:56.",,0,1,desc_text_card,
Jg1nhsDBtsQ,https://www.youtube.com/watch?v=Jg1nhsDBtsQ,Dollar Tree Candle Hacks That Will SHOCK You (2024) Krafts by Katelyn,665.0,storyboard,7,56.08,64.1,8.02,https://youtu.be/Jg1nhsDBtsQ?t=56s,decorate_finish,finish,1,0.5,Decorating LED pillar candles with printed napkins (heat-sealed).,"Decorating LED pillar candles with printed napkins (heat-sealed). finish phase, ~8% in, 0:56–1:04.",,0,1,,
Jg1nhsDBtsQ,https://www.youtube.com/watch?v=Jg1nhsDBtsQ,Dollar Tree Candle Hacks That Will SHOCK You (2024) Krafts by Katelyn,665.0,storyboard,8,64.1,72.11,8.01,https://youtu.be/Jg1nhsDBtsQ?t=64s,decorate_finish,finish,1,0.5,Decorating LED pillar candles with printed napkins (heat-sealed).,"Decorating LED pillar candles with printed napkins (heat-sealed). finish phase, ~10% in, 1:04–1:12.",,0,1,,
Jg1nhsDBtsQ,https://www.youtube.com/watch?v=Jg1nhsDBtsQ,Dollar Tree Candle Hacks That Will SHOCK You (2024) Krafts by Katelyn,665.0,storyboard,9,72.11,80.12,8.01,https://youtu.be/Jg1nhsDBtsQ?t=72s,decorate_finish,finish,1,0.5,Decorating LED pillar candles with printed napkins (heat-sealed).,"Decorating LED pillar candles with printed napkins (heat-sealed). finish phase, ~11% in, 1:12–1:20.",,0,1,,
Jg1nhsDBtsQ,https://www.youtube.com/watch?v=Jg1nhsDBtsQ,Dollar Tree Candle Hacks That Will SHOCK You (2024) Krafts by Katelyn,665.0,storyboard,10,80.12,88.13,8.01,https://youtu.be/Jg1nhsDBtsQ?t=80s,decorate_finish,finish,1,0.5,Decorating LED pillar candles with printed napkins (heat-sealed).,"Decorating LED pillar candles with printed napkins (heat-sealed). finish phase, ~12% in, 1:20–1:28.",,0,1,,
Jg1nhsDBtsQ,https://www.youtube.com/watch?v=Jg1nhsDBtsQ,Dollar Tree Candle Hacks That Will SHOCK You (2024) Krafts by Katelyn,665.0,storyboard,11,88.13,96.14,8.01,https://youtu.be/Jg1nhsDBtsQ?t=88s,decorate_finish,finish,1,0.5,Decorating LED pillar candles with printed napkins (heat-sealed).,"Decorating LED pillar candles with printed napkins (heat-sealed). finish phase, ~13% in, 1:28–1:36.",,0,1,,
Jg1nhsDBtsQ,https://www.youtube.com/watch?v=Jg1nhsDBtsQ,Dollar Tree Candle Hacks That Will SHOCK You (2024) Krafts by Katelyn,665.0,storyboard,12,96.14,104.16,8.02,https://youtu.be/Jg1nhsDBtsQ?t=96s,decorate_finish,finish,1,0.5,Decorating LED pillar candles with printed napkins (heat-sealed).,"Decorating LED pillar candles with printed napkins (heat-sealed). finish phase, ~14% in, 1:36–1:44.",,0,1,,
Jg1nhsDBtsQ,https://www.youtube.com/watch?v=Jg1nhsDBtsQ,Dollar Tree Candle Hacks That Will SHOCK You (2024) Krafts by Katelyn,665.0,storyboard,13,104.16,112.17,8.01,https://youtu.be/Jg1nhsDBtsQ?t=104s,decorate_finish,finish,1,0.5,Decorating LED pillar candles with printed napkins (heat-sealed).,"Decorating LED pillar candles with printed napkins (heat-sealed). finish phase, ~16% in, 1:44–1:52.",,0,1,,
Jg1nhsDBtsQ,https://www.youtube.com/watch?v=Jg1nhsDBtsQ,Dollar Tree Candle Hacks That Will SHOCK You (2024) Krafts by Katelyn,665.0,storyboard,14,112.17,120.18,8.01,https://youtu.be/Jg1nhsDBtsQ?t=112s,decorate_finish,finish,1,0.5,Decorating LED pillar candles with printed napkins (heat-sealed).,"Decorating LED pillar candles with printed napkins (heat-sealed). finish phase, ~17% in, 1:52–2:00.",,0,1,,
Jg1nhsDBtsQ,https://www.youtube.com/watch?v=Jg1nhsDBtsQ,Dollar Tree Candle Hacks That Will SHOCK You (2024) Krafts by Katelyn,665.0,storyboard,15,120.18,128.19,8.01,https://youtu.be/Jg1nhsDBtsQ?t=120s,decorate_finish,finish,1,0.5,Decorating LED pillar candles with printed napkins (heat-sealed).,"Decorating LED pillar candles with printed napkins (heat-sealed). finish phase, ~18% in, 2:00–2:08.",,0,1,,
Jg1nhsDBtsQ,https://www.youtube.com/watch?v=Jg1nhsDBtsQ,Dollar Tree Candle Hacks That Will SHOCK You (2024) Krafts by Katelyn,665.0,storyboard,16,128.19,136.2,8.01,https://youtu.be/Jg1nhsDBtsQ?t=128s,decorate_finish,finish,1,0.5,Decorating LED pillar candles with printed napkins (heat-sealed).,"Decorating LED pillar candles with printed napkins (heat-sealed). finish phase, ~19% in, 2:08–2:16.",,0,1,,
Jg1nhsDBtsQ,https://www.youtube.com/watch?v=Jg1nhsDBtsQ,Dollar Tree Candle Hacks That Will SHOCK You (2024) Krafts by Katelyn,665.0,storyboard,17,136.2,144.22,8.02,https://youtu.be/Jg1nhsDBtsQ?t=136s,decorate_finish,finish,1,0.5,Decorating LED pillar candles with printed napkins (heat-sealed).,"Decorating LED pillar candles with printed napkins (heat-sealed). finish phase, ~20% in, 2:16–2:24.",,0,1,,
Jg1nhsDBtsQ,https://www.youtube.com/watch?v=Jg1nhsDBtsQ,Dollar Tree Candle Hacks That Will SHOCK You (2024) Krafts by Katelyn,665.0,storyboard,18,144.22,152.23,8.01,https://youtu.be/Jg1nhsDBtsQ?t=144s,decorate_finish,finish,1,0.5,Decorating LED pillar candles with printed napkins (heat-sealed).,"Decorating LED pillar candles with printed napkins (heat-sealed). finish phase, ~22% in, 2:24–2:32.",,0,1,,
Jg1nhsDBtsQ,https://www.youtube.com/watch?v=Jg1nhsDBtsQ,Dollar Tree Candle Hacks That Will SHOCK You (2024) Krafts by Katelyn,665.0,storyboard,19,152.23,160.24,8.01,https://youtu.be/Jg1nhsDBtsQ?t=152s,decorate_finish,finish,1,0.5,Decorating LED pillar candles with printed napkins (heat-sealed).,"Decorating LED pillar candles with printed napkins (heat-sealed). finish phase, ~23% in, 2:32–2:40.",,0,1,,
Jg1nhsDBtsQ,https://www.youtube.com/watch?v=Jg1nhsDBtsQ,Dollar Tree Candle Hacks That Will SHOCK You (2024) Krafts by Katelyn,665.0,storyboard,21,168.25,176.27,8.02,https://youtu.be/Jg1nhsDBtsQ?t=168s,decorate_finish,finish,1,0.5,Decorating LED pillar candles with printed napkins (heat-sealed).,"Decorating LED pillar candles with printed napkins (heat-sealed). finish phase, ~25% in, 2:48–2:56.",,0,1,,
Jg1nhsDBtsQ,https://www.youtube.com/watch?v=Jg1nhsDBtsQ,Dollar Tree Candle Hacks That Will SHOCK You (2024) Krafts by Katelyn,665.0,storyboard,22,176.27,184.28,8.01,https://youtu.be/Jg1nhsDBtsQ?t=176s,decorate_finish,finish,1,0.5,Decorating LED pillar candles with printed napkins (heat-sealed).,"Decorating LED pillar candles with printed napkins (heat-sealed). finish phase, ~27% in, 2:56–3:04.",,0,1,,
Jg1nhsDBtsQ,https://www.youtube.com/watch?v=Jg1nhsDBtsQ,Dollar Tree Candle Hacks That Will SHOCK You (2024) Krafts by Katelyn,665.0,storyboard,23,184.28,192.29,8.01,https://youtu.be/Jg1nhsDBtsQ?t=184s,decorate_finish,finish,1,0.5,Decorating LED pillar candles with printed napkins (heat-sealed).,"Decorating LED pillar candles with printed napkins (heat-sealed). finish phase, ~28% in, 3:04–3:12.",,0,1,,
Jg1nhsDBtsQ,https://www.youtube.com/watch?v=Jg1nhsDBtsQ,Dollar Tree Candle Hacks That Will SHOCK You (2024) Krafts by Katelyn,665.0,storyboard,24,192.29,200.3,8.01,https://youtu.be/Jg1nhsDBtsQ?t=192s,decorate_finish,finish,1,0.5,Pouring wax into the vessel.,"Pouring wax into the vessel. finish phase, ~29% in, 3:12–3:20.",,0,1,,
Jg1nhsDBtsQ,https://www.youtube.com/watch?v=Jg1nhsDBtsQ,Dollar Tree Candle Hacks That Will SHOCK You (2024) Krafts by Katelyn,665.0,storyboard,25,200.3,208.31,8.01,https://youtu.be/Jg1nhsDBtsQ?t=200s,decorate_finish,finish,1,0.5,"Decorating/assembling the fall candle (glue, shaping, arranging).","Decorating/assembling the fall candle (glue, shaping, arranging). finish phase, ~30% in, 3:20–3:28.",,0,1,,
Jg1nhsDBtsQ,https://www.youtube.com/watch?v=Jg1nhsDBtsQ,Dollar Tree Candle Hacks That Will SHOCK You (2024) Krafts by Katelyn,665.0,storyboard,26,208.31,216.33,8.02,https://youtu.be/Jg1nhsDBtsQ?t=208s,decorate_finish,finish,1,0.5,Finished/lit decorated candle shown.,"Finished/lit decorated candle shown. finish phase, ~31% in, 3:28–3:36.",,0,1,,
Jg1nhsDBtsQ,https://www.youtube.com/watch?v=Jg1nhsDBtsQ,Dollar Tree Candle Hacks That Will SHOCK You (2024) Krafts by Katelyn,665.0,storyboard,27,216.33,224.34,8.01,https://youtu.be/Jg1nhsDBtsQ?t=216s,decorate_finish,finish,1,0.5,"Decorating/assembling the fall candle (glue, shaping, arranging).","Decorating/assembling the fall candle (glue, shaping, arranging). finish phase, ~33% in, 3:36–3:44.",,0,1,,
Jg1nhsDBtsQ,https://www.youtube.com/watch?v=Jg1nhsDBtsQ,Dollar Tree Candle Hacks That Will SHOCK You (2024) Krafts by Katelyn,665.0,storyboard,33,264.4,272.41,8.01,https://youtu.be/Jg1nhsDBtsQ?t=264s,decorate_finish,finish,1,0.5,"Decorating/assembling the fall candle (glue, shaping, arranging).","Decorating/assembling the fall candle (glue, shaping, arranging). finish phase, ~40% in, 4:24–4:32.",,0,1,,
Jg1nhsDBtsQ,https://www.youtube.com/watch?v=Jg1nhsDBtsQ,Dollar Tree Candle Hacks That Will SHOCK You (2024) Krafts by Katelyn,665.0,storyboard,34,272.41,280.42,8.01,https://youtu.be/Jg1nhsDBtsQ?t=272s,decorate_finish,finish,1,0.5,"Decorating/assembling the fall candle (glue, shaping, arranging).","Decorating/assembling the fall candle (glue, shaping, arranging). finish phase, ~41% in, 4:32–4:40.",,0,1,,
Jg1nhsDBtsQ,https://www.youtube.com/watch?v=Jg1nhsDBtsQ,Dollar Tree Candle Hacks That Will SHOCK You (2024) Krafts by Katelyn,665.0,storyboard,35,280.42,288.43,8.01,https://youtu.be/Jg1nhsDBtsQ?t=280s,decorate_finish,finish,1,0.5,"Decorating/assembling the fall candle (glue, shaping, arranging).","Decorating/assembling the fall candle (glue, shaping, arranging). finish phase, ~42% in, 4:40–4:48.",,0,1,,
Jg1nhsDBtsQ,https://www.youtube.com/watch?v=Jg1nhsDBtsQ,Dollar Tree Candle Hacks That Will SHOCK You (2024) Krafts by Katelyn,665.0,storyboard,36,288.43,296.45,8.02,https://youtu.be/Jg1nhsDBtsQ?t=288s,decorate_finish,finish,1,0.5,"Decorating/assembling the fall candle (glue, shaping, arranging).","Decorating/assembling the fall candle (glue, shaping, arranging). finish phase, ~43% in, 4:48–4:56.",,0,1,,
Jg1nhsDBtsQ,https://www.youtube.com/watch?v=Jg1nhsDBtsQ,Dollar Tree Candle Hacks That Will SHOCK You (2024) Krafts by Katelyn,665.0,storyboard,47,376.57,384.58,8.01,https://youtu.be/Jg1nhsDBtsQ?t=377s,decorate_finish,finish,1,0.5,"Decorating/assembling the fall candle (glue, shaping, arranging).","Decorating/assembling the fall candle (glue, shaping, arranging). finish phase, ~57% in, 6:16–6:24.",,0,1,,
Jg1nhsDBtsQ,https://www.youtube.com/watch?v=Jg1nhsDBtsQ,Dollar Tree Candle Hacks That Will SHOCK You (2024) Krafts by Katelyn,665.0,storyboard,51,408.61,416.63,8.02,https://youtu.be/Jg1nhsDBtsQ?t=409s,decorate_finish,finish,1,0.5,"Decorating/assembling the fall candle (glue, shaping, arranging).","Decorating/assembling the fall candle (glue, shaping, arranging). finish phase, ~61% in, 6:48–6:56.",,0,1,,
Jg1nhsDBtsQ,https://www.youtube.com/watch?v=Jg1nhsDBtsQ,Dollar Tree Candle Hacks That Will SHOCK You (2024) Krafts by Katelyn,665.0,storyboard,52,416.63,424.64,8.01,https://youtu.be/Jg1nhsDBtsQ?t=417s,decorate_finish,finish,1,0.5,"Decorating/assembling the fall candle (glue, shaping, arranging).","Decorating/assembling the fall candle (glue, shaping, arranging). finish phase, ~63% in, 6:56–7:04.",,0,1,,
Jg1nhsDBtsQ,https://www.youtube.com/watch?v=Jg1nhsDBtsQ,Dollar Tree Candle Hacks That Will SHOCK You (2024) Krafts by Katelyn,665.0,storyboard,55,440.66,448.67,8.01,https://youtu.be/Jg1nhsDBtsQ?t=441s,decorate_finish,finish,1,0.5,"Decorating/assembling the fall candle (glue, shaping, arranging).","Decorating/assembling the fall candle (glue, shaping, arranging). finish phase, ~66% in, 7:20–7:28.",,0,1,,
Jg1nhsDBtsQ,https://www.youtube.com/watch?v=Jg1nhsDBtsQ,Dollar Tree Candle Hacks That Will SHOCK You (2024) Krafts by Katelyn,665.0,storyboard,56,448.67,456.69,8.02,https://youtu.be/Jg1nhsDBtsQ?t=449s,decorate_finish,finish,1,0.5,"Decorating/assembling the fall candle (glue, shaping, arranging).","Decorating/assembling the fall candle (glue, shaping, arranging). finish phase, ~67% in, 7:28–7:36.",,0,1,,
Jg1nhsDBtsQ,https://www.youtube.com/watch?v=Jg1nhsDBtsQ,Dollar Tree Candle Hacks That Will SHOCK You (2024) Krafts by Katelyn,665.0,storyboard,57,456.69,464.7,8.01,https://youtu.be/Jg1nhsDBtsQ?t=457s,decorate_finish,finish,1,0.5,Pouring wax into the vessel.,"Pouring wax into the vessel. finish phase, ~69% in, 7:36–7:44.",,0,1,,
Jg1nhsDBtsQ,https://www.youtube.com/watch?v=Jg1nhsDBtsQ,Dollar Tree Candle Hacks That Will SHOCK You (2024) Krafts by Katelyn,665.0,storyboard,58,464.7,472.71,8.01,https://youtu.be/Jg1nhsDBtsQ?t=465s,decorate_finish,finish,1,0.5,"Decorating/assembling the fall candle (glue, shaping, arranging).","Decorating/assembling the fall candle (glue, shaping, arranging). finish phase, ~70% in, 7:44–7:52.",,0,1,,
Jg1nhsDBtsQ,https://www.youtube.com/watch?v=Jg1nhsDBtsQ,Dollar Tree Candle Hacks That Will SHOCK You (2024) Krafts by Katelyn,665.0,storyboard,59,472.71,480.72,8.01,https://youtu.be/Jg1nhsDBtsQ?t=473s,decorate_finish,finish,1,0.5,"Decorating/assembling the fall candle (glue, shaping, arranging).","Decorating/assembling the fall candle (glue, shaping, arranging). finish phase, ~71% in, 7:52–8:00.",,0,1,,
Jg1nhsDBtsQ,https://www.youtube.com/watch?v=Jg1nhsDBtsQ,Dollar Tree Candle Hacks That Will SHOCK You (2024) Krafts by Katelyn,665.0,storyboard,60,480.72,488.73,8.01,https://youtu.be/Jg1nhsDBtsQ?t=481s,decorate_finish,finish,1,0.5,"Decorating/assembling the fall candle (glue, shaping, arranging).","Decorating/assembling the fall candle (glue, shaping, arranging). finish phase, ~72% in, 8:00–8:08.",,0,1,,
Jg1nhsDBtsQ,https://www.youtube.com/watch?v=Jg1nhsDBtsQ,Dollar Tree Candle Hacks That Will SHOCK You (2024) Krafts by Katelyn,665.0,storyboard,61,488.73,496.75,8.02,https://youtu.be/Jg1nhsDBtsQ?t=489s,decorate_finish,finish,1,0.5,"Decorating/assembling the fall candle (glue, shaping, arranging).","Decorating/assembling the fall candle (glue, shaping, arranging). finish phase, ~73% in, 8:08–8:16.",,0,1,,
Jg1nhsDBtsQ,https://www.youtube.com/watch?v=Jg1nhsDBtsQ,Dollar Tree Candle Hacks That Will SHOCK You (2024) Krafts by Katelyn,665.0,storyboard,62,496.75,504.76,8.01,https://youtu.be/Jg1nhsDBtsQ?t=497s,decorate_finish,finish,1,0.5,"Decorating/assembling the fall candle (glue, shaping, arranging).","Decorating/assembling the fall candle (glue, shaping, arranging). finish phase, ~75% in, 8:16–8:24.",,0,1,,
Jg1nhsDBtsQ,https://www.youtube.com/watch?v=Jg1nhsDBtsQ,Dollar Tree Candle Hacks That Will SHOCK You (2024) Krafts by Katelyn,665.0,storyboard,63,504.76,512.77,8.01,https://youtu.be/Jg1nhsDBtsQ?t=505s,decorate_finish,finish,1,0.5,"Decorating/assembling the fall candle (glue, shaping, arranging).","Decorating/assembling the fall candle (glue, shaping, arranging). finish phase, ~76% in, 8:24–8:32.",,0,1,,
Jg1nhsDBtsQ,https://www.youtube.com/watch?v=Jg1nhsDBtsQ,Dollar Tree Candle Hacks That Will SHOCK You (2024) Krafts by Katelyn,665.0,storyboard,64,512.77,520.78,8.01,https://youtu.be/Jg1nhsDBtsQ?t=513s,decorate_finish,finish,1,0.5,"Decorating/assembling the fall candle (glue, shaping, arranging).","Decorating/assembling the fall candle (glue, shaping, arranging). finish phase, ~77% in, 8:32–8:40.",,0,1,,
Jg1nhsDBtsQ,https://www.youtube.com/watch?v=Jg1nhsDBtsQ,Dollar Tree Candle Hacks That Will SHOCK You (2024) Krafts by Katelyn,665.0,storyboard,65,520.78,528.8,8.02,https://youtu.be/Jg1nhsDBtsQ?t=521s,decorate_finish,finish,1,0.5,"Decorating/assembling the fall candle (glue, shaping, arranging).","Decorating/assembling the fall candle (glue, shaping, arranging). finish phase, ~78% in, 8:40–8:48.",,0,1,,
Jg1nhsDBtsQ,https://www.youtube.com/watch?v=Jg1nhsDBtsQ,Dollar Tree Candle Hacks That Will SHOCK You (2024) Krafts by Katelyn,665.0,storyboard,66,528.8,536.81,8.01,https://youtu.be/Jg1nhsDBtsQ?t=529s,decorate_finish,finish,1,0.5,"Decorating/assembling the fall candle (glue, shaping, arranging).","Decorating/assembling the fall candle (glue, shaping, arranging). finish phase, ~80% in, 8:48–8:56.",,0,1,,
Jg1nhsDBtsQ,https://www.youtube.com/watch?v=Jg1nhsDBtsQ,Dollar Tree Candle Hacks That Will SHOCK You (2024) Krafts by Katelyn,665.0,storyboard,67,536.81,544.82,8.01,https://youtu.be/Jg1nhsDBtsQ?t=537s,decorate_finish,finish,1,0.5,"Decorating/assembling the fall candle (glue, shaping, arranging).","Decorating/assembling the fall candle (glue, shaping, arranging). finish phase, ~81% in, 8:56–9:04.",,0,1,,
Jg1nhsDBtsQ,https://www.youtube.com/watch?v=Jg1nhsDBtsQ,Dollar Tree Candle Hacks That Will SHOCK You (2024) Krafts by Katelyn,665.0,storyboard,68,544.82,552.83,8.01,https://youtu.be/Jg1nhsDBtsQ?t=545s,decorate_finish,finish,1,0.5,"Decorating/assembling the fall candle (glue, shaping, arranging).","Decorating/assembling the fall candle (glue, shaping, arranging). finish phase, ~82% in, 9:04–9:12.",,0,1,,
Jg1nhsDBtsQ,https://www.youtube.com/watch?v=Jg1nhsDBtsQ,Dollar Tree Candle Hacks That Will SHOCK You (2024) Krafts by Katelyn,665.0,storyboard,69,552.83,560.84,8.01,https://youtu.be/Jg1nhsDBtsQ?t=553s,decorate_finish,finish,1,0.5,"Decorating/assembling the fall candle (glue, shaping, arranging).","Decorating/assembling the fall candle (glue, shaping, arranging). finish phase, ~83% in, 9:12–9:20.",,0,1,,
Jg1nhsDBtsQ,https://www.youtube.com/watch?v=Jg1nhsDBtsQ,Dollar Tree Candle Hacks That Will SHOCK You (2024) Krafts by Katelyn,665.0,storyboard,70,560.84,568.86,8.02,https://youtu.be/Jg1nhsDBtsQ?t=561s,decorate_finish,finish,1,0.5,"Decorating/assembling the fall candle (glue, shaping, arranging).","Decorating/assembling the fall candle (glue, shaping, arranging). finish phase, ~84% in, 9:20–9:28.",,0,1,,
Jg1nhsDBtsQ,https://www.youtube.com/watch?v=Jg1nhsDBtsQ,Dollar Tree Candle Hacks That Will SHOCK You (2024) Krafts by Katelyn,665.0,storyboard,71,568.86,576.87,8.01,https://youtu.be/Jg1nhsDBtsQ?t=569s,decorate_finish,finish,1,0.5,"Decorating/assembling the fall candle (glue, shaping, arranging).","Decorating/assembling the fall candle (glue, shaping, arranging). finish phase, ~86% in, 9:28–9:36.",,0,1,,
Jg1nhsDBtsQ,https://www.youtube.com/watch?v=Jg1nhsDBtsQ,Dollar Tree Candle Hacks That Will SHOCK You (2024) Krafts by Katelyn,665.0,storyboard,72,576.87,584.88,8.01,https://youtu.be/Jg1nhsDBtsQ?t=577s,decorate_finish,finish,1,0.5,"Decorating/assembling the fall candle (glue, shaping, arranging).","Decorating/assembling the fall candle (glue, shaping, arranging). finish phase, ~87% in, 9:36–9:44.",,0,1,,
Jg1nhsDBtsQ,https://www.youtube.com/watch?v=Jg1nhsDBtsQ,Dollar Tree Candle Hacks That Will SHOCK You (2024) Krafts by Katelyn,665.0,storyboard,73,584.88,592.89,8.01,https://youtu.be/Jg1nhsDBtsQ?t=585s,decorate_finish,finish,1,0.5,"Decorating/assembling the fall candle (glue, shaping, arranging).","Decorating/assembling the fall candle (glue, shaping, arranging). finish phase, ~88% in, 9:44–9:52.",,0,1,,
Jg1nhsDBtsQ,https://www.youtube.com/watch?v=Jg1nhsDBtsQ,Dollar Tree Candle Hacks That Will SHOCK You (2024) Krafts by Katelyn,665.0,storyboard,74,592.89,600.9,8.01,https://youtu.be/Jg1nhsDBtsQ?t=593s,decorate_finish,finish,1,0.5,Finished/lit decorated candle shown.,"Finished/lit decorated candle shown. finish phase, ~89% in, 9:52–10:00.",,0,1,,
Jg1nhsDBtsQ,https://www.youtube.com/watch?v=Jg1nhsDBtsQ,Dollar Tree Candle Hacks That Will SHOCK You (2024) Krafts by Katelyn,665.0,storyboard,75,600.9,608.92,8.02,https://youtu.be/Jg1nhsDBtsQ?t=601s,decorate_finish,finish,1,0.5,"Decorating/assembling the fall candle (glue, shaping, arranging).","Decorating/assembling the fall candle (glue, shaping, arranging). finish phase, ~90% in, 10:00–10:08.",,0,1,,
JiisPUkcnSs,https://www.youtube.com/watch?v=JiisPUkcnSs,Satisfying Process of Mass Producing Candles. Korean Candle Factory,796.0,storyboard,74,589.04,597.0,7.96,https://youtu.be/JiisPUkcnSs?t=589s,decorate_finish,finish,1,0.45,"Machine finishing the candles (stamping Korean text, cutting, rolling).","Machine finishing the candles (stamping Korean text, cutting, rolling). finish phase, ~74% in, 9:49–9:57.",,0,1,,
JiisPUkcnSs,https://www.youtube.com/watch?v=JiisPUkcnSs,Satisfying Process of Mass Producing Candles. Korean Candle Factory,796.0,storyboard,75,597.0,604.96,7.96,https://youtu.be/JiisPUkcnSs?t=597s,decorate_finish,finish,1,0.45,"Machine finishing the candles (stamping Korean text, cutting, rolling).","Machine finishing the candles (stamping Korean text, cutting, rolling). finish phase, ~75% in, 9:57–10:04.",,0,1,,
JiisPUkcnSs,https://www.youtube.com/watch?v=JiisPUkcnSs,Satisfying Process of Mass Producing Candles. Korean Candle Factory,796.0,storyboard,76,604.96,612.92,7.96,https://youtu.be/JiisPUkcnSs?t=605s,decorate_finish,finish,1,0.45,"Machine finishing the candles (stamping Korean text, cutting, rolling).","Machine finishing the candles (stamping Korean text, cutting, rolling). finish phase, ~76% in, 10:04–10:12.",,0,1,,
JiisPUkcnSs,https://www.youtube.com/watch?v=JiisPUkcnSs,Satisfying Process of Mass Producing Candles. Korean Candle Factory,796.0,storyboard,77,612.92,620.88,7.96,https://youtu.be/JiisPUkcnSs?t=613s,decorate_finish,finish,1,0.45,"Machine finishing the candles (stamping Korean text, cutting, rolling).","Machine finishing the candles (stamping Korean text, cutting, rolling). finish phase, ~77% in, 10:12–10:20.",,0,1,,
JiisPUkcnSs,https://www.youtube.com/watch?v=JiisPUkcnSs,Satisfying Process of Mass Producing Candles. Korean Candle Factory,796.0,storyboard,81,644.76,652.72,7.96,https://youtu.be/JiisPUkcnSs?t=645s,decorate_finish,finish,1,0.45,"Machine finishing the candles (stamping Korean text, cutting, rolling).","Machine finishing the candles (stamping Korean text, cutting, rolling). finish phase, ~81% in, 10:44–10:52.",,0,1,,
JiisPUkcnSs,https://www.youtube.com/watch?v=JiisPUkcnSs,Satisfying Process of Mass Producing Candles. Korean Candle Factory,796.0,storyboard,82,652.72,660.68,7.96,https://youtu.be/JiisPUkcnSs?t=653s,decorate_finish,finish,1,0.45,"Machine finishing the candles (stamping Korean text, cutting, rolling).","Machine finishing the candles (stamping Korean text, cutting, rolling). finish phase, ~82% in, 10:52–11:00.",,0,1,,
JiisPUkcnSs,https://www.youtube.com/watch?v=JiisPUkcnSs,Satisfying Process of Mass Producing Candles. Korean Candle Factory,796.0,storyboard,83,660.68,668.64,7.96,https://youtu.be/JiisPUkcnSs?t=661s,decorate_finish,finish,1,0.45,Demoulded finished candles on the line / in bins.,"Demoulded finished candles on the line / in bins. finish phase, ~83% in, 11:00–11:08. Terminology: pillar candle.",,0,1,,
JiisPUkcnSs,https://www.youtube.com/watch?v=JiisPUkcnSs,Satisfying Process of Mass Producing Candles. Korean Candle Factory,796.0,storyboard,84,668.64,676.6,7.96,https://youtu.be/JiisPUkcnSs?t=669s,decorate_finish,finish,1,0.45,"Machine finishing the candles (stamping Korean text, cutting, rolling).","Machine finishing the candles (stamping Korean text, cutting, rolling). finish phase, ~84% in, 11:08–11:16.",,0,1,,
JiisPUkcnSs,https://www.youtube.com/watch?v=JiisPUkcnSs,Satisfying Process of Mass Producing Candles. Korean Candle Factory,796.0,storyboard,85,676.6,684.56,7.96,https://youtu.be/JiisPUkcnSs?t=677s,decorate_finish,finish,1,0.45,"Machine finishing the candles (stamping Korean text, cutting, rolling).","Machine finishing the candles (stamping Korean text, cutting, rolling). finish phase, ~85% in, 11:16–11:24.",,0,1,,
JiisPUkcnSs,https://www.youtube.com/watch?v=JiisPUkcnSs,Satisfying Process of Mass Producing Candles. Korean Candle Factory,796.0,storyboard,86,684.56,692.52,7.96,https://youtu.be/JiisPUkcnSs?t=685s,decorate_finish,finish,1,0.45,"Machine finishing the candles (stamping Korean text, cutting, rolling).","Machine finishing the candles (stamping Korean text, cutting, rolling). finish phase, ~86% in, 11:24–11:32.",,0,1,,
JiisPUkcnSs,https://www.youtube.com/watch?v=JiisPUkcnSs,Satisfying Process of Mass Producing Candles. Korean Candle Factory,796.0,storyboard,87,692.52,700.48,7.96,https://youtu.be/JiisPUkcnSs?t=693s,decorate_finish,finish,1,0.45,"Machine finishing the candles (stamping Korean text, cutting, rolling).","Machine finishing the candles (stamping Korean text, cutting, rolling). finish phase, ~87% in, 11:32–11:40.",,0,1,,
JiisPUkcnSs,https://www.youtube.com/watch?v=JiisPUkcnSs,Satisfying Process of Mass Producing Candles. Korean Candle Factory,796.0,storyboard,88,700.48,708.44,7.96,https://youtu.be/JiisPUkcnSs?t=700s,decorate_finish,finish,1,0.45,"Machine finishing the candles (stamping Korean text, cutting, rolling).","Machine finishing the candles (stamping Korean text, cutting, rolling). finish phase, ~88% in, 11:40–11:48.",,0,1,,
JiisPUkcnSs,https://www.youtube.com/watch?v=JiisPUkcnSs,Satisfying Process of Mass Producing Candles. Korean Candle Factory,796.0,storyboard,89,708.44,716.4,7.96,https://youtu.be/JiisPUkcnSs?t=708s,decorate_finish,finish,1,0.45,"Machine finishing the candles (stamping Korean text, cutting, rolling).","Machine finishing the candles (stamping Korean text, cutting, rolling). finish phase, ~89% in, 11:48–11:56.",,0,1,,
JiisPUkcnSs,https://www.youtube.com/watch?v=JiisPUkcnSs,Satisfying Process of Mass Producing Candles. Korean Candle Factory,796.0,storyboard,90,716.4,724.36,7.96,https://youtu.be/JiisPUkcnSs?t=716s,decorate_finish,finish,1,0.45,"Machine finishing the candles (stamping Korean text, cutting, rolling).","Machine finishing the candles (stamping Korean text, cutting, rolling). finish phase, ~90% in, 11:56–12:04.",,0,1,,
JrRekRMu7bQ,https://www.youtube.com/watch?v=JrRekRMu7bQ,How To Make Concrete Candle Jars : Step-by-step Tutorial,368.0,storyboard,33,264.0,272.0,8.0,https://youtu.be/JrRekRMu7bQ?t=264s,decorate_finish,finish,1,0.45,"Caption 'Apply 1 Coat, Wait 30-60 Mins'; sealing the jar on a rack.","Caption 'Apply 1 Coat, Wait 30-60 Mins'; sealing the jar on a rack. finish phase, ~72% in, 4:24–4:32.",,0,1,,
JrRekRMu7bQ,https://www.youtube.com/watch?v=JrRekRMu7bQ,How To Make Concrete Candle Jars : Step-by-step Tutorial,368.0,storyboard,34,272.0,280.0,8.0,https://youtu.be/JrRekRMu7bQ?t=272s,decorate_finish,finish,1,0.45,Applying a sealer coat to the concrete jar.,"Applying a sealer coat to the concrete jar. finish phase, ~74% in, 4:32–4:40.",,0,1,,
JrRekRMu7bQ,https://www.youtube.com/watch?v=JrRekRMu7bQ,How To Make Concrete Candle Jars : Step-by-step Tutorial,368.0,storyboard,35,280.0,288.0,8.0,https://youtu.be/JrRekRMu7bQ?t=280s,decorate_finish,finish,1,0.45,Matte sealing the vessel ('The Forbidden Milk').,"Matte sealing the vessel ('The Forbidden Milk'). finish phase, ~76% in, 4:40–4:48.",,0,1,,
JrRekRMu7bQ,https://www.youtube.com/watch?v=JrRekRMu7bQ,How To Make Concrete Candle Jars : Step-by-step Tutorial,368.0,storyboard,36,288.0,296.0,8.0,https://youtu.be/JrRekRMu7bQ?t=288s,decorate_finish,finish,1,0.45,"Caption about sealing the outside, not inside; coating the jar.","Caption about sealing the outside, not inside; coating the jar. finish phase, ~78% in, 4:48–4:56.",,0,1,,
JrRekRMu7bQ,https://www.youtube.com/watch?v=JrRekRMu7bQ,How To Make Concrete Candle Jars : Step-by-step Tutorial,368.0,storyboard,37,296.0,304.0,8.0,https://youtu.be/JrRekRMu7bQ?t=296s,decorate_finish,finish,1,0.45,Applying another coat to the jar.,"Applying another coat to the jar. finish phase, ~80% in, 4:56–5:04.",,0,1,,
JxJVzdPJexE,https://www.youtube.com/watch?v=JxJVzdPJexE,Amazing Process of Making Hand Carved Candles,721.0,storyboard,32,256.36,264.37,8.01,https://youtu.be/JxJVzdPJexE?t=256s,decorate_finish,finish,1,0.5,Hand-carving the warm multi-colour candle into ornate petal patterns.,"Hand-carving the warm multi-colour candle into ornate petal patterns. finish phase, ~36% in, 4:16–4:24.",,0,1,,
JxJVzdPJexE,https://www.youtube.com/watch?v=JxJVzdPJexE,Amazing Process of Making Hand Carved Candles,721.0,storyboard,33,264.37,272.38,8.01,https://youtu.be/JxJVzdPJexE?t=264s,decorate_finish,finish,1,0.5,Hand-carving the warm multi-colour candle into ornate petal patterns.,"Hand-carving the warm multi-colour candle into ornate petal patterns. finish phase, ~37% in, 4:24–4:32.",,0,1,,
JxJVzdPJexE,https://www.youtube.com/watch?v=JxJVzdPJexE,Amazing Process of Making Hand Carved Candles,721.0,storyboard,34,272.38,280.39,8.01,https://youtu.be/JxJVzdPJexE?t=272s,decorate_finish,finish,1,0.5,Hand-carving the warm multi-colour candle into ornate petal patterns.,"Hand-carving the warm multi-colour candle into ornate petal patterns. finish phase, ~38% in, 4:32–4:40.",,0,1,,
JxJVzdPJexE,https://www.youtube.com/watch?v=JxJVzdPJexE,Amazing Process of Making Hand Carved Candles,721.0,storyboard,35,280.39,288.4,8.01,https://youtu.be/JxJVzdPJexE?t=280s,decorate_finish,finish,1,0.5,Hand-carving the warm multi-colour candle into ornate petal patterns.,"Hand-carving the warm multi-colour candle into ornate petal patterns. finish phase, ~39% in, 4:40–4:48.",,0,1,,
JxJVzdPJexE,https://www.youtube.com/watch?v=JxJVzdPJexE,Amazing Process of Making Hand Carved Candles,721.0,storyboard,36,288.4,296.41,8.01,https://youtu.be/JxJVzdPJexE?t=288s,decorate_finish,finish,1,0.5,Hand-carving the warm multi-colour candle into ornate petal patterns.,"Hand-carving the warm multi-colour candle into ornate petal patterns. finish phase, ~40% in, 4:48–4:56.",,0,1,,
JxJVzdPJexE,https://www.youtube.com/watch?v=JxJVzdPJexE,Amazing Process of Making Hand Carved Candles,721.0,storyboard,37,296.41,304.42,8.01,https://youtu.be/JxJVzdPJexE?t=296s,decorate_finish,finish,1,0.5,Hand-carving the warm multi-colour candle into ornate petal patterns.,"Hand-carving the warm multi-colour candle into ornate petal patterns. finish phase, ~41% in, 4:56–5:04.",,0,1,,
JxJVzdPJexE,https://www.youtube.com/watch?v=JxJVzdPJexE,Amazing Process of Making Hand Carved Candles,721.0,storyboard,38,304.42,312.43,8.01,https://youtu.be/JxJVzdPJexE?t=304s,decorate_finish,finish,1,0.5,Hand-carving the warm multi-colour candle into ornate petal patterns.,"Hand-carving the warm multi-colour candle into ornate petal patterns. finish phase, ~42% in, 5:04–5:12.",,0,1,,
JxJVzdPJexE,https://www.youtube.com/watch?v=JxJVzdPJexE,Amazing Process of Making Hand Carved Candles,721.0,storyboard,39,312.43,320.44,8.01,https://youtu.be/JxJVzdPJexE?t=312s,decorate_finish,finish,1,0.5,Hand-carving the warm multi-colour candle into ornate petal patterns.,"Hand-carving the warm multi-colour candle into ornate petal patterns. finish phase, ~43% in, 5:12–5:20.",,0,1,,
JxJVzdPJexE,https://www.youtube.com/watch?v=JxJVzdPJexE,Amazing Process of Making Hand Carved Candles,721.0,storyboard,40,320.44,328.46,8.02,https://youtu.be/JxJVzdPJexE?t=320s,decorate_finish,finish,1,0.5,Hand-carving the warm multi-colour candle into ornate petal patterns.,"Hand-carving the warm multi-colour candle into ornate petal patterns. finish phase, ~44% in, 5:20–5:28.",,0,1,,
JxJVzdPJexE,https://www.youtube.com/watch?v=JxJVzdPJexE,Amazing Process of Making Hand Carved Candles,721.0,storyboard,41,328.46,336.47,8.01,https://youtu.be/JxJVzdPJexE?t=328s,decorate_finish,finish,1,0.5,Hand-carving the warm multi-colour candle into ornate petal patterns.,"Hand-carving the warm multi-colour candle into ornate petal patterns. finish phase, ~46% in, 5:28–5:36.",,0,1,,
JxJVzdPJexE,https://www.youtube.com/watch?v=JxJVzdPJexE,Amazing Process of Making Hand Carved Candles,721.0,storyboard,42,336.47,344.48,8.01,https://youtu.be/JxJVzdPJexE?t=336s,decorate_finish,finish,1,0.5,Hand-carving the warm multi-colour candle into ornate petal patterns.,"Hand-carving the warm multi-colour candle into ornate petal patterns. finish phase, ~47% in, 5:36–5:44.",,0,1,,
JxJVzdPJexE,https://www.youtube.com/watch?v=JxJVzdPJexE,Amazing Process of Making Hand Carved Candles,721.0,storyboard,43,344.48,352.49,8.01,https://youtu.be/JxJVzdPJexE?t=344s,decorate_finish,finish,1,0.5,Hand-carving the warm multi-colour candle into ornate petal patterns.,"Hand-carving the warm multi-colour candle into ornate petal patterns. finish phase, ~48% in, 5:44–5:52.",,0,1,,
JxJVzdPJexE,https://www.youtube.com/watch?v=JxJVzdPJexE,Amazing Process of Making Hand Carved Candles,721.0,storyboard,44,352.49,360.5,8.01,https://youtu.be/JxJVzdPJexE?t=352s,decorate_finish,finish,1,0.5,Hand-carving the warm multi-colour candle into ornate petal patterns.,"Hand-carving the warm multi-colour candle into ornate petal patterns. finish phase, ~49% in, 5:52–6:00.",,0,1,,
JxJVzdPJexE,https://www.youtube.com/watch?v=JxJVzdPJexE,Amazing Process of Making Hand Carved Candles,721.0,storyboard,45,360.5,368.51,8.01,https://youtu.be/JxJVzdPJexE?t=360s,decorate_finish,finish,1,0.5,Hand-carving the warm multi-colour candle into ornate petal patterns.,"Hand-carving the warm multi-colour candle into ornate petal patterns. finish phase, ~50% in, 6:00–6:08.",,0,1,,
JxJVzdPJexE,https://www.youtube.com/watch?v=JxJVzdPJexE,Amazing Process of Making Hand Carved Candles,721.0,storyboard,46,368.51,376.52,8.01,https://youtu.be/JxJVzdPJexE?t=369s,decorate_finish,finish,1,0.5,Hand-carving the warm multi-colour candle into ornate petal patterns.,"Hand-carving the warm multi-colour candle into ornate petal patterns. finish phase, ~51% in, 6:08–6:16.",,0,1,,
JxJVzdPJexE,https://www.youtube.com/watch?v=JxJVzdPJexE,Amazing Process of Making Hand Carved Candles,721.0,storyboard,47,376.52,384.53,8.01,https://youtu.be/JxJVzdPJexE?t=377s,decorate_finish,finish,1,0.5,Hand-carving the warm multi-colour candle into ornate petal patterns.,"Hand-carving the warm multi-colour candle into ornate petal patterns. finish phase, ~52% in, 6:16–6:24.",,0,1,,
JxJVzdPJexE,https://www.youtube.com/watch?v=JxJVzdPJexE,Amazing Process of Making Hand Carved Candles,721.0,storyboard,48,384.53,392.54,8.01,https://youtu.be/JxJVzdPJexE?t=385s,decorate_finish,finish,1,0.5,Hand-carving the warm multi-colour candle into ornate petal patterns.,"Hand-carving the warm multi-colour candle into ornate petal patterns. finish phase, ~53% in, 6:24–6:32.",,0,1,,
JxJVzdPJexE,https://www.youtube.com/watch?v=JxJVzdPJexE,Amazing Process of Making Hand Carved Candles,721.0,storyboard,49,392.54,400.56,8.02,https://youtu.be/JxJVzdPJexE?t=393s,decorate_finish,finish,1,0.5,Hand-carving the warm multi-colour candle into ornate petal patterns.,"Hand-carving the warm multi-colour candle into ornate petal patterns. finish phase, ~54% in, 6:32–6:40.",,0,1,,
JxJVzdPJexE,https://www.youtube.com/watch?v=JxJVzdPJexE,Amazing Process of Making Hand Carved Candles,721.0,storyboard,50,400.56,408.57,8.01,https://youtu.be/JxJVzdPJexE?t=401s,decorate_finish,finish,1,0.5,Hand-carving the warm multi-colour candle into ornate petal patterns.,"Hand-carving the warm multi-colour candle into ornate petal patterns. finish phase, ~56% in, 6:40–6:48.",,0,1,,
JxJVzdPJexE,https://www.youtube.com/watch?v=JxJVzdPJexE,Amazing Process of Making Hand Carved Candles,721.0,storyboard,51,408.57,416.58,8.01,https://youtu.be/JxJVzdPJexE?t=409s,decorate_finish,finish,1,0.5,Hand-carving the warm multi-colour candle into ornate petal patterns.,"Hand-carving the warm multi-colour candle into ornate petal patterns. finish phase, ~57% in, 6:48–6:56.",,0,1,,
JxJVzdPJexE,https://www.youtube.com/watch?v=JxJVzdPJexE,Amazing Process of Making Hand Carved Candles,721.0,storyboard,52,416.58,424.59,8.01,https://youtu.be/JxJVzdPJexE?t=417s,decorate_finish,finish,1,0.5,Hand-carving the warm multi-colour candle into ornate petal patterns.,"Hand-carving the warm multi-colour candle into ornate petal patterns. finish phase, ~58% in, 6:56–7:04.",,0,1,,
JxJVzdPJexE,https://www.youtube.com/watch?v=JxJVzdPJexE,Amazing Process of Making Hand Carved Candles,721.0,storyboard,53,424.59,432.6,8.01,https://youtu.be/JxJVzdPJexE?t=425s,decorate_finish,finish,1,0.5,Hand-carving the warm multi-colour candle into ornate petal patterns.,"Hand-carving the warm multi-colour candle into ornate petal patterns. finish phase, ~59% in, 7:04–7:12.",,0,1,,
JxJVzdPJexE,https://www.youtube.com/watch?v=JxJVzdPJexE,Amazing Process of Making Hand Carved Candles,721.0,storyboard,54,432.6,440.61,8.01,https://youtu.be/JxJVzdPJexE?t=433s,decorate_finish,finish,1,0.5,Hand-carving the warm multi-colour candle into ornate petal patterns.,"Hand-carving the warm multi-colour candle into ornate petal patterns. finish phase, ~60% in, 7:12–7:20.",,0,1,,
JxJVzdPJexE,https://www.youtube.com/watch?v=JxJVzdPJexE,Amazing Process of Making Hand Carved Candles,721.0,storyboard,55,440.61,448.62,8.01,https://youtu.be/JxJVzdPJexE?t=441s,decorate_finish,finish,1,0.5,Hand-carving the warm multi-colour candle into ornate petal patterns.,"Hand-carving the warm multi-colour candle into ornate petal patterns. finish phase, ~61% in, 7:20–7:28.",,0,1,,
JxJVzdPJexE,https://www.youtube.com/watch?v=JxJVzdPJexE,Amazing Process of Making Hand Carved Candles,721.0,storyboard,56,448.62,456.63,8.01,https://youtu.be/JxJVzdPJexE?t=449s,decorate_finish,finish,1,0.5,Hand-carving the warm multi-colour candle into ornate petal patterns.,"Hand-carving the warm multi-colour candle into ornate petal patterns. finish phase, ~62% in, 7:28–7:36.",,0,1,,
JxJVzdPJexE,https://www.youtube.com/watch?v=JxJVzdPJexE,Amazing Process of Making Hand Carved Candles,721.0,storyboard,57,456.63,464.64,8.01,https://youtu.be/JxJVzdPJexE?t=457s,decorate_finish,finish,1,0.5,Hand-carving the warm multi-colour candle into ornate petal patterns.,"Hand-carving the warm multi-colour candle into ornate petal patterns. finish phase, ~63% in, 7:36–7:44.",,0,1,,
JxJVzdPJexE,https://www.youtube.com/watch?v=JxJVzdPJexE,Amazing Process of Making Hand Carved Candles,721.0,storyboard,58,464.64,472.66,8.02,https://youtu.be/JxJVzdPJexE?t=465s,decorate_finish,finish,1,0.5,Hand-carving the warm multi-colour candle into ornate petal patterns.,"Hand-carving the warm multi-colour candle into ornate petal patterns. finish phase, ~64% in, 7:44–7:52.",,0,1,,
JxJVzdPJexE,https://www.youtube.com/watch?v=JxJVzdPJexE,Amazing Process of Making Hand Carved Candles,721.0,storyboard,59,472.66,480.67,8.01,https://youtu.be/JxJVzdPJexE?t=473s,decorate_finish,finish,1,0.5,Hand-carving the warm multi-colour candle into ornate petal patterns.,"Hand-carving the warm multi-colour candle into ornate petal patterns. finish phase, ~66% in, 7:52–8:00.",,0,1,,
JxJVzdPJexE,https://www.youtube.com/watch?v=JxJVzdPJexE,Amazing Process of Making Hand Carved Candles,721.0,storyboard,60,480.67,488.68,8.01,https://youtu.be/JxJVzdPJexE?t=481s,decorate_finish,finish,1,0.5,Hand-carving the warm multi-colour candle into ornate petal patterns.,"Hand-carving the warm multi-colour candle into ornate petal patterns. finish phase, ~67% in, 8:00–8:08.",,0,1,,
JxJVzdPJexE,https://www.youtube.com/watch?v=JxJVzdPJexE,Amazing Process of Making Hand Carved Candles,721.0,storyboard,61,488.68,496.69,8.01,https://youtu.be/JxJVzdPJexE?t=489s,decorate_finish,finish,1,0.5,Hand-carving the warm multi-colour candle into ornate petal patterns.,"Hand-carving the warm multi-colour candle into ornate petal patterns. finish phase, ~68% in, 8:08–8:16.",,0,1,,
JxJVzdPJexE,https://www.youtube.com/watch?v=JxJVzdPJexE,Amazing Process of Making Hand Carved Candles,721.0,storyboard,62,496.69,504.7,8.01,https://youtu.be/JxJVzdPJexE?t=497s,decorate_finish,finish,1,0.5,Hand-carving the warm multi-colour candle into ornate petal patterns.,"Hand-carving the warm multi-colour candle into ornate petal patterns. finish phase, ~69% in, 8:16–8:24.",,0,1,,
JxJVzdPJexE,https://www.youtube.com/watch?v=JxJVzdPJexE,Amazing Process of Making Hand Carved Candles,721.0,storyboard,63,504.7,512.71,8.01,https://youtu.be/JxJVzdPJexE?t=505s,decorate_finish,finish,1,0.5,Hand-carving the warm multi-colour candle into ornate petal patterns.,"Hand-carving the warm multi-colour candle into ornate petal patterns. finish phase, ~70% in, 8:24–8:32.",,0,1,,
JxJVzdPJexE,https://www.youtube.com/watch?v=JxJVzdPJexE,Amazing Process of Making Hand Carved Candles,721.0,storyboard,64,512.71,520.72,8.01,https://youtu.be/JxJVzdPJexE?t=513s,decorate_finish,finish,1,0.5,Hand-carving the warm multi-colour candle into ornate petal patterns.,"Hand-carving the warm multi-colour candle into ornate petal patterns. finish phase, ~71% in, 8:32–8:40.",,0,1,,
JxJVzdPJexE,https://www.youtube.com/watch?v=JxJVzdPJexE,Amazing Process of Making Hand Carved Candles,721.0,storyboard,65,520.72,528.73,8.01,https://youtu.be/JxJVzdPJexE?t=521s,decorate_finish,finish,1,0.5,Hand-carving the warm multi-colour candle into ornate petal patterns.,"Hand-carving the warm multi-colour candle into ornate petal patterns. finish phase, ~72% in, 8:40–8:48.",,0,1,,
JxJVzdPJexE,https://www.youtube.com/watch?v=JxJVzdPJexE,Amazing Process of Making Hand Carved Candles,721.0,storyboard,66,528.73,536.74,8.01,https://youtu.be/JxJVzdPJexE?t=529s,decorate_finish,finish,1,0.5,Hand-carving the warm multi-colour candle into ornate petal patterns.,"Hand-carving the warm multi-colour candle into ornate petal patterns. finish phase, ~73% in, 8:48–8:56.",,0,1,,
JxJVzdPJexE,https://www.youtube.com/watch?v=JxJVzdPJexE,Amazing Process of Making Hand Carved Candles,721.0,storyboard,67,536.74,544.76,8.02,https://youtu.be/JxJVzdPJexE?t=537s,decorate_finish,finish,1,0.5,Hand-carving the warm multi-colour candle into ornate petal patterns.,"Hand-carving the warm multi-colour candle into ornate petal patterns. finish phase, ~74% in, 8:56–9:04.",,0,1,,
JxJVzdPJexE,https://www.youtube.com/watch?v=JxJVzdPJexE,Amazing Process of Making Hand Carved Candles,721.0,storyboard,68,544.76,552.77,8.01,https://youtu.be/JxJVzdPJexE?t=545s,decorate_finish,finish,1,0.5,Hand-carving the warm multi-colour candle into ornate petal patterns.,"Hand-carving the warm multi-colour candle into ornate petal patterns. finish phase, ~76% in, 9:04–9:12.",,0,1,,
JxJVzdPJexE,https://www.youtube.com/watch?v=JxJVzdPJexE,Amazing Process of Making Hand Carved Candles,721.0,storyboard,69,552.77,560.78,8.01,https://youtu.be/JxJVzdPJexE?t=553s,decorate_finish,finish,1,0.5,Hand-carving the warm multi-colour candle into ornate petal patterns.,"Hand-carving the warm multi-colour candle into ornate petal patterns. finish phase, ~77% in, 9:12–9:20.",,0,1,,
JxJVzdPJexE,https://www.youtube.com/watch?v=JxJVzdPJexE,Amazing Process of Making Hand Carved Candles,721.0,storyboard,70,560.78,568.79,8.01,https://youtu.be/JxJVzdPJexE?t=561s,decorate_finish,finish,1,0.5,Hand-carving the warm multi-colour candle into ornate petal patterns.,"Hand-carving the warm multi-colour candle into ornate petal patterns. finish phase, ~78% in, 9:20–9:28.",,0,1,,
JxJVzdPJexE,https://www.youtube.com/watch?v=JxJVzdPJexE,Amazing Process of Making Hand Carved Candles,721.0,storyboard,71,568.79,576.8,8.01,https://youtu.be/JxJVzdPJexE?t=569s,decorate_finish,finish,1,0.5,Hand-carving the warm multi-colour candle into ornate petal patterns.,"Hand-carving the warm multi-colour candle into ornate petal patterns. finish phase, ~79% in, 9:28–9:36.",,0,1,,
LN1wnj9UClo,https://www.youtube.com/watch?v=LN1wnj9UClo,Satisfying process of candle making ✨🕯#candlebusiness #scentedcandles #soywaxcandle,221.0,storyboard,0,0.0,7.89,7.89,https://youtu.be/LN1wnj9UClo?t=0s,decorate_finish,finish,1,0.45,Overhead: a small white candle with a green leaf is decorated by hand.,"Overhead: a small white candle with a green leaf is decorated by hand. finish phase, ~0% in, 0:00–0:07.",,0,1,,
LN1wnj9UClo,https://www.youtube.com/watch?v=LN1wnj9UClo,Satisfying process of candle making ✨🕯#candlebusiness #scentedcandles #soywaxcandle,221.0,storyboard,1,7.89,15.79,7.9,https://youtu.be/LN1wnj9UClo?t=8s,decorate_finish,finish,1,0.5,Embedding dried flowers / green leaves into the small candle surface.,"Embedding dried flowers / green leaves into the small candle surface. finish phase, ~4% in, 0:07–0:15.",,0,1,,
LN1wnj9UClo,https://www.youtube.com/watch?v=LN1wnj9UClo,Satisfying process of candle making ✨🕯#candlebusiness #scentedcandles #soywaxcandle,221.0,storyboard,2,15.79,23.68,7.89,https://youtu.be/LN1wnj9UClo?t=16s,decorate_finish,finish,1,0.45,Decorating the small candle by hand.,"Decorating the small candle by hand. finish phase, ~7% in, 0:15–0:23.",,0,1,,
LN1wnj9UClo,https://www.youtube.com/watch?v=LN1wnj9UClo,Satisfying process of candle making ✨🕯#candlebusiness #scentedcandles #soywaxcandle,221.0,storyboard,5,39.46,47.36,7.9,https://youtu.be/LN1wnj9UClo?t=39s,decorate_finish,finish,1,0.5,Embedding dried flowers / green leaves into the small candle surface.,"Embedding dried flowers / green leaves into the small candle surface. finish phase, ~18% in, 0:39–0:47.",,0,1,,
LN1wnj9UClo,https://www.youtube.com/watch?v=LN1wnj9UClo,Satisfying process of candle making ✨🕯#candlebusiness #scentedcandles #soywaxcandle,221.0,storyboard,6,47.36,55.25,7.89,https://youtu.be/LN1wnj9UClo?t=47s,decorate_finish,finish,1,0.45,Decorating the small candle by hand.,"Decorating the small candle by hand. finish phase, ~21% in, 0:47–0:55.",,0,1,,
LN1wnj9UClo,https://www.youtube.com/watch?v=LN1wnj9UClo,Satisfying process of candle making ✨🕯#candlebusiness #scentedcandles #soywaxcandle,221.0,storyboard,9,71.04,78.93,7.89,https://youtu.be/LN1wnj9UClo?t=71s,decorate_finish,finish,1,0.5,Embedding dried flowers / green leaves into the small candle surface.,"Embedding dried flowers / green leaves into the small candle surface. finish phase, ~32% in, 1:11–1:18.",,0,1,,
LN1wnj9UClo,https://www.youtube.com/watch?v=LN1wnj9UClo,Satisfying process of candle making ✨🕯#candlebusiness #scentedcandles #soywaxcandle,221.0,storyboard,10,78.93,86.82,7.89,https://youtu.be/LN1wnj9UClo?t=79s,decorate_finish,finish,1,0.45,Decorating the small candle by hand.,"Decorating the small candle by hand. finish phase, ~36% in, 1:18–1:26.",,0,1,,
LN1wnj9UClo,https://www.youtube.com/watch?v=LN1wnj9UClo,Satisfying process of candle making ✨🕯#candlebusiness #scentedcandles #soywaxcandle,221.0,storyboard,13,102.61,110.5,7.89,https://youtu.be/LN1wnj9UClo?t=103s,decorate_finish,finish,1,0.5,Embedding dried flowers / green leaves into the small candle surface.,"Embedding dried flowers / green leaves into the small candle surface. finish phase, ~46% in, 1:42–1:50.",,0,1,,
LN1wnj9UClo,https://www.youtube.com/watch?v=LN1wnj9UClo,Satisfying process of candle making ✨🕯#candlebusiness #scentedcandles #soywaxcandle,221.0,storyboard,14,110.5,118.39,7.89,https://youtu.be/LN1wnj9UClo?t=110s,decorate_finish,finish,1,0.45,Decorating the small candle by hand.,"Decorating the small candle by hand. finish phase, ~50% in, 1:50–1:58.",,0,1,,
LN1wnj9UClo,https://www.youtube.com/watch?v=LN1wnj9UClo,Satisfying process of candle making ✨🕯#candlebusiness #scentedcandles #soywaxcandle,221.0,storyboard,17,134.18,142.07,7.89,https://youtu.be/LN1wnj9UClo?t=134s,decorate_finish,finish,1,0.5,Embedding dried flowers / green leaves into the small candle surface.,"Embedding dried flowers / green leaves into the small candle surface. finish phase, ~61% in, 2:14–2:22.",,0,1,,
LN1wnj9UClo,https://www.youtube.com/watch?v=LN1wnj9UClo,Satisfying process of candle making ✨🕯#candlebusiness #scentedcandles #soywaxcandle,221.0,storyboard,18,142.07,149.96,7.89,https://youtu.be/LN1wnj9UClo?t=142s,decorate_finish,finish,1,0.45,Decorating the small candle by hand.,"Decorating the small candle by hand. finish phase, ~64% in, 2:22–2:29.",,0,1,,
LN1wnj9UClo,https://www.youtube.com/watch?v=LN1wnj9UClo,Satisfying process of candle making ✨🕯#candlebusiness #scentedcandles #soywaxcandle,221.0,storyboard,21,165.75,173.64,7.89,https://youtu.be/LN1wnj9UClo?t=166s,decorate_finish,finish,1,0.5,Embedding dried flowers / green leaves into the small candle surface.,"Embedding dried flowers / green leaves into the small candle surface. finish phase, ~75% in, 2:45–2:53.",,0,1,,
LN1wnj9UClo,https://www.youtube.com/watch?v=LN1wnj9UClo,Satisfying process of candle making ✨🕯#candlebusiness #scentedcandles #soywaxcandle,221.0,storyboard,22,173.64,181.54,7.9,https://youtu.be/LN1wnj9UClo?t=174s,decorate_finish,finish,1,0.45,Decorating the small candle by hand.,"Decorating the small candle by hand. finish phase, ~79% in, 2:53–3:01.",,0,1,,
LN1wnj9UClo,https://www.youtube.com/watch?v=LN1wnj9UClo,Satisfying process of candle making ✨🕯#candlebusiness #scentedcandles #soywaxcandle,221.0,storyboard,25,197.32,205.21,7.89,https://youtu.be/LN1wnj9UClo?t=197s,decorate_finish,finish,1,0.5,Embedding dried flowers / green leaves into the small candle surface.,"Embedding dried flowers / green leaves into the small candle surface. finish phase, ~89% in, 3:17–3:25.",,0,1,,
LN1wnj9UClo,https://www.youtube.com/watch?v=LN1wnj9UClo,Satisfying process of candle making ✨🕯#candlebusiness #scentedcandles #soywaxcandle,221.0,storyboard,26,205.21,213.11,7.9,https://youtu.be/LN1wnj9UClo?t=205s,decorate_finish,finish,1,0.45,Decorating the small candle by hand.,"Decorating the small candle by hand. finish phase, ~93% in, 3:25–3:33.",,0,1,,
Lg_fGA7jd4A,https://www.youtube.com/watch?v=Lg_fGA7jd4A,How to Make Whipped Wax?✨｜Candle Tutorial♥ Candle Making with English Subtitles,199.0,storyboard,8,63.68,71.64,7.96,https://youtu.be/Lg_fGA7jd4A?t=64s,decorate_finish,finish,1,0.45,Stand mixer whips the cooling wax into a fluffy texture.,"Stand mixer whips the cooling wax into a fluffy texture. finish phase, ~32% in, 1:03–1:11.",,0,1,,
Lg_fGA7jd4A,https://www.youtube.com/watch?v=Lg_fGA7jd4A,How to Make Whipped Wax?✨｜Candle Tutorial♥ Candle Making with English Subtitles,199.0,storyboard,13,103.48,111.44,7.96,https://youtu.be/Lg_fGA7jd4A?t=103s,decorate_finish,finish,1,0.45,The mixer whips the wax to a whipped-cream consistency.,"The mixer whips the wax to a whipped-cream consistency. finish phase, ~52% in, 1:43–1:51.",,0,1,,
Lg_fGA7jd4A,https://www.youtube.com/watch?v=Lg_fGA7jd4A,How to Make Whipped Wax?✨｜Candle Tutorial♥ Candle Making with English Subtitles,199.0,storyboard,14,111.44,119.4,7.96,https://youtu.be/Lg_fGA7jd4A?t=111s,decorate_finish,finish,1,0.45,Whipped white wax in the bowl.,"Whipped white wax in the bowl. finish phase, ~56% in, 1:51–1:59.",,0,1,,
Lg_fGA7jd4A,https://www.youtube.com/watch?v=Lg_fGA7jd4A,How to Make Whipped Wax?✨｜Candle Tutorial♥ Candle Making with English Subtitles,199.0,storyboard,15,119.4,127.36,7.96,https://youtu.be/Lg_fGA7jd4A?t=119s,decorate_finish,finish,1,0.45,The whipped wax texture is checked.,"The whipped wax texture is checked. finish phase, ~60% in, 1:59–2:07.",,0,1,,
Lg_fGA7jd4A,https://www.youtube.com/watch?v=Lg_fGA7jd4A,How to Make Whipped Wax?✨｜Candle Tutorial♥ Candle Making with English Subtitles,199.0,storyboard,16,127.36,135.32,7.96,https://youtu.be/Lg_fGA7jd4A?t=127s,decorate_finish,finish,1,0.45,Continued whipping of the wax.,"Continued whipping of the wax. finish phase, ~64% in, 2:07–2:15.",,0,1,,
Lg_fGA7jd4A,https://www.youtube.com/watch?v=Lg_fGA7jd4A,How to Make Whipped Wax?✨｜Candle Tutorial♥ Candle Making with English Subtitles,199.0,storyboard,17,135.32,143.28,7.96,https://youtu.be/Lg_fGA7jd4A?t=135s,decorate_finish,finish,1,0.55,Whipped wax is piped like frosting onto a candle.,"Whipped wax is piped like frosting onto a candle. finish phase, ~68% in, 2:15–2:23.",,0,1,,
Lg_fGA7jd4A,https://www.youtube.com/watch?v=Lg_fGA7jd4A,How to Make Whipped Wax?✨｜Candle Tutorial♥ Candle Making with English Subtitles,199.0,storyboard,18,143.28,151.24,7.96,https://youtu.be/Lg_fGA7jd4A?t=143s,decorate_finish,finish,1,0.55,Piping the whipped wax topping.,"Piping the whipped wax topping. finish phase, ~72% in, 2:23–2:31.",,0,1,,
Lg_fGA7jd4A,https://www.youtube.com/watch?v=Lg_fGA7jd4A,How to Make Whipped Wax?✨｜Candle Tutorial♥ Candle Making with English Subtitles,199.0,storyboard,19,151.24,159.2,7.96,https://youtu.be/Lg_fGA7jd4A?t=151s,decorate_finish,finish,1,0.55,Whipped wax piped onto the candles.,"Whipped wax piped onto the candles. finish phase, ~76% in, 2:31–2:39.",,0,1,,
Lg_fGA7jd4A,https://www.youtube.com/watch?v=Lg_fGA7jd4A,How to Make Whipped Wax?✨｜Candle Tutorial♥ Candle Making with English Subtitles,199.0,storyboard,20,159.2,167.16,7.96,https://youtu.be/Lg_fGA7jd4A?t=159s,decorate_finish,finish,1,0.5,Finishing the whipped wax topping; wax balls in frame.,"Finishing the whipped wax topping; wax balls in frame. finish phase, ~80% in, 2:39–2:47.",,0,1,,
LiLrIjz_2ac,https://www.youtube.com/watch?v=LiLrIjz_2ac,Beginners Guide - How to Make a Scented Candle at Home,211.0,storyboard,21,170.42,178.54,8.12,https://youtu.be/LiLrIjz_2ac?t=170s,decorate_finish,finish,1,0.4,A dropper finishes the candle.,"A dropper finishes the candle. finish phase, ~81% in, 2:50–2:58.",,0,1,,
NKgSlA79S78,https://www.youtube.com/watch?v=NKgSlA79S78,HOW TO MAKE ROLLED BEESWAX CANDLES | Easy Tutorial,430.0,storyboard,3,23.89,31.85,7.96,https://youtu.be/NKgSlA79S78?t=24s,decorate_finish,finish,1,0.5,Rolling the warm beeswax sheet around the wick to form the candle.,"Rolling the warm beeswax sheet around the wick to form the candle. finish phase, ~6% in, 0:23–0:31. Terminology: sinkhole.",,0,1,,
NKgSlA79S78,https://www.youtube.com/watch?v=NKgSlA79S78,HOW TO MAKE ROLLED BEESWAX CANDLES | Easy Tutorial,430.0,storyboard,4,31.85,39.81,7.96,https://youtu.be/NKgSlA79S78?t=32s,decorate_finish,finish,1,0.5,Rolling the warm beeswax sheet around the wick to form the candle.,"Rolling the warm beeswax sheet around the wick to form the candle. finish phase, ~7% in, 0:31–0:39. Terminology: sinkhole.",,0,1,,
NKgSlA79S78,https://www.youtube.com/watch?v=NKgSlA79S78,HOW TO MAKE ROLLED BEESWAX CANDLES | Easy Tutorial,430.0,storyboard,5,39.81,47.78,7.97,https://youtu.be/NKgSlA79S78?t=40s,decorate_finish,finish,1,0.5,Rolling the warm beeswax sheet around the wick to form the candle.,"Rolling the warm beeswax sheet around the wick to form the candle. finish phase, ~9% in, 0:39–0:47. Terminology: sinkhole.",,0,1,,
NKgSlA79S78,https://www.youtube.com/watch?v=NKgSlA79S78,HOW TO MAKE ROLLED BEESWAX CANDLES | Easy Tutorial,430.0,storyboard,6,47.78,55.74,7.96,https://youtu.be/NKgSlA79S78?t=48s,decorate_finish,finish,1,0.5,Rolling the warm beeswax sheet around the wick to form the candle.,"Rolling the warm beeswax sheet around the wick to form the candle. finish phase, ~11% in, 0:47–0:55. Terminology: sinkhole.",,0,1,,
NKgSlA79S78,https://www.youtube.com/watch?v=NKgSlA79S78,HOW TO MAKE ROLLED BEESWAX CANDLES | Easy Tutorial,430.0,storyboard,7,55.74,63.7,7.96,https://youtu.be/NKgSlA79S78?t=56s,decorate_finish,finish,1,0.5,Rolling the warm beeswax sheet around the wick to form the candle.,"Rolling the warm beeswax sheet around the wick to form the candle. finish phase, ~13% in, 0:55–1:03. Terminology: sinkhole.",,0,1,,
NKgSlA79S78,https://www.youtube.com/watch?v=NKgSlA79S78,HOW TO MAKE ROLLED BEESWAX CANDLES | Easy Tutorial,430.0,storyboard,8,63.7,71.67,7.97,https://youtu.be/NKgSlA79S78?t=64s,decorate_finish,finish,1,0.5,Rolling the warm beeswax sheet around the wick to form the candle.,"Rolling the warm beeswax sheet around the wick to form the candle. finish phase, ~15% in, 1:03–1:11. Terminology: sinkhole.",,0,1,,
NKgSlA79S78,https://www.youtube.com/watch?v=NKgSlA79S78,HOW TO MAKE ROLLED BEESWAX CANDLES | Easy Tutorial,430.0,storyboard,9,71.67,79.63,7.96,https://youtu.be/NKgSlA79S78?t=72s,decorate_finish,finish,1,0.5,Rolling the warm beeswax sheet around the wick to form the candle.,"Rolling the warm beeswax sheet around the wick to form the candle. finish phase, ~17% in, 1:11–1:19. Terminology: sinkhole.",,0,1,,
NKgSlA79S78,https://www.youtube.com/watch?v=NKgSlA79S78,HOW TO MAKE ROLLED BEESWAX CANDLES | Easy Tutorial,430.0,storyboard,10,79.63,87.59,7.96,https://youtu.be/NKgSlA79S78?t=80s,decorate_finish,finish,1,0.5,Rolling the warm beeswax sheet around the wick to form the candle.,"Rolling the warm beeswax sheet around the wick to form the candle. finish phase, ~19% in, 1:19–1:27. Terminology: sinkhole.",,0,1,,
NKgSlA79S78,https://www.youtube.com/watch?v=NKgSlA79S78,HOW TO MAKE ROLLED BEESWAX CANDLES | Easy Tutorial,430.0,storyboard,11,87.59,95.56,7.97,https://youtu.be/NKgSlA79S78?t=88s,decorate_finish,finish,1,0.5,Rolling the warm beeswax sheet around the wick to form the candle.,"Rolling the warm beeswax sheet around the wick to form the candle. finish phase, ~20% in, 1:27–1:35. Terminology: sinkhole.",,0,1,,
NKgSlA79S78,https://www.youtube.com/watch?v=NKgSlA79S78,HOW TO MAKE ROLLED BEESWAX CANDLES | Easy Tutorial,430.0,storyboard,12,95.56,103.52,7.96,https://youtu.be/NKgSlA79S78?t=96s,decorate_finish,finish,1,0.5,Rolling the warm beeswax sheet around the wick to form the candle.,"Rolling the warm beeswax sheet around the wick to form the candle. finish phase, ~22% in, 1:35–1:43. Terminology: sinkhole.",,0,1,,
NKgSlA79S78,https://www.youtube.com/watch?v=NKgSlA79S78,HOW TO MAKE ROLLED BEESWAX CANDLES | Easy Tutorial,430.0,storyboard,13,103.52,111.48,7.96,https://youtu.be/NKgSlA79S78?t=104s,decorate_finish,finish,1,0.5,Rolling the warm beeswax sheet around the wick to form the candle.,"Rolling the warm beeswax sheet around the wick to form the candle. finish phase, ~24% in, 1:43–1:51. Terminology: sinkhole.",,0,1,,
NKgSlA79S78,https://www.youtube.com/watch?v=NKgSlA79S78,HOW TO MAKE ROLLED BEESWAX CANDLES | Easy Tutorial,430.0,storyboard,14,111.48,119.44,7.96,https://youtu.be/NKgSlA79S78?t=111s,decorate_finish,finish,1,0.5,Rolling the warm beeswax sheet around the wick to form the candle.,"Rolling the warm beeswax sheet around the wick to form the candle. finish phase, ~26% in, 1:51–1:59. Terminology: sinkhole.",,0,1,,
NKgSlA79S78,https://www.youtube.com/watch?v=NKgSlA79S78,HOW TO MAKE ROLLED BEESWAX CANDLES | Easy Tutorial,430.0,storyboard,15,119.44,127.41,7.97,https://youtu.be/NKgSlA79S78?t=119s,decorate_finish,finish,1,0.5,Rolling the warm beeswax sheet around the wick to form the candle.,"Rolling the warm beeswax sheet around the wick to form the candle. finish phase, ~28% in, 1:59–2:07. Terminology: sinkhole.",,0,1,,
NKgSlA79S78,https://www.youtube.com/watch?v=NKgSlA79S78,HOW TO MAKE ROLLED BEESWAX CANDLES | Easy Tutorial,430.0,storyboard,16,127.41,135.37,7.96,https://youtu.be/NKgSlA79S78?t=127s,decorate_finish,finish,1,0.5,Rolling the warm beeswax sheet around the wick to form the candle.,"Rolling the warm beeswax sheet around the wick to form the candle. finish phase, ~30% in, 2:07–2:15. Terminology: sinkhole.",,0,1,,
NKgSlA79S78,https://www.youtube.com/watch?v=NKgSlA79S78,HOW TO MAKE ROLLED BEESWAX CANDLES | Easy Tutorial,430.0,storyboard,17,135.37,143.33,7.96,https://youtu.be/NKgSlA79S78?t=135s,decorate_finish,finish,1,0.5,Rolling the warm beeswax sheet around the wick to form the candle.,"Rolling the warm beeswax sheet around the wick to form the candle. finish phase, ~31% in, 2:15–2:23. Terminology: sinkhole.",,0,1,,
NKgSlA79S78,https://www.youtube.com/watch?v=NKgSlA79S78,HOW TO MAKE ROLLED BEESWAX CANDLES | Easy Tutorial,430.0,storyboard,18,143.33,151.3,7.97,https://youtu.be/NKgSlA79S78?t=143s,decorate_finish,finish,1,0.5,Rolling the warm beeswax sheet around the wick to form the candle.,"Rolling the warm beeswax sheet around the wick to form the candle. finish phase, ~33% in, 2:23–2:31. Terminology: sinkhole.",,0,1,,
NKgSlA79S78,https://www.youtube.com/watch?v=NKgSlA79S78,HOW TO MAKE ROLLED BEESWAX CANDLES | Easy Tutorial,430.0,storyboard,19,151.3,159.26,7.96,https://youtu.be/NKgSlA79S78?t=151s,decorate_finish,finish,1,0.5,Rolling the warm beeswax sheet around the wick to form the candle.,"Rolling the warm beeswax sheet around the wick to form the candle. finish phase, ~35% in, 2:31–2:39. Terminology: sinkhole.",,0,1,,
NKgSlA79S78,https://www.youtube.com/watch?v=NKgSlA79S78,HOW TO MAKE ROLLED BEESWAX CANDLES | Easy Tutorial,430.0,storyboard,24,191.11,199.07,7.96,https://youtu.be/NKgSlA79S78?t=191s,decorate_finish,finish,1,0.5,Rolling a beeswax sheet into a candle.,"Rolling a beeswax sheet into a candle. finish phase, ~44% in, 3:11–3:19.",,0,1,,
NKgSlA79S78,https://www.youtube.com/watch?v=NKgSlA79S78,HOW TO MAKE ROLLED BEESWAX CANDLES | Easy Tutorial,430.0,storyboard,25,199.07,207.04,7.97,https://youtu.be/NKgSlA79S78?t=199s,decorate_finish,finish,1,0.5,Rolling a beeswax sheet into a candle.,"Rolling a beeswax sheet into a candle. finish phase, ~46% in, 3:19–3:27.",,0,1,,
NKgSlA79S78,https://www.youtube.com/watch?v=NKgSlA79S78,HOW TO MAKE ROLLED BEESWAX CANDLES | Easy Tutorial,430.0,storyboard,26,207.04,215.0,7.96,https://youtu.be/NKgSlA79S78?t=207s,decorate_finish,finish,1,0.5,Rolling a beeswax sheet into a candle.,"Rolling a beeswax sheet into a candle. finish phase, ~48% in, 3:27–3:35.",,0,1,,
NKgSlA79S78,https://www.youtube.com/watch?v=NKgSlA79S78,HOW TO MAKE ROLLED BEESWAX CANDLES | Easy Tutorial,430.0,storyboard,27,215.0,222.96,7.96,https://youtu.be/NKgSlA79S78?t=215s,decorate_finish,finish,1,0.5,Rolling a beeswax sheet into a candle.,"Rolling a beeswax sheet into a candle. finish phase, ~50% in, 3:35–3:42.",,0,1,,
NKgSlA79S78,https://www.youtube.com/watch?v=NKgSlA79S78,HOW TO MAKE ROLLED BEESWAX CANDLES | Easy Tutorial,430.0,storyboard,28,222.96,230.93,7.97,https://youtu.be/NKgSlA79S78?t=223s,decorate_finish,finish,1,0.5,Rolling a beeswax sheet into a candle.,"Rolling a beeswax sheet into a candle. finish phase, ~52% in, 3:42–3:50.",,0,1,,
NKgSlA79S78,https://www.youtube.com/watch?v=NKgSlA79S78,HOW TO MAKE ROLLED BEESWAX CANDLES | Easy Tutorial,430.0,storyboard,29,230.93,238.89,7.96,https://youtu.be/NKgSlA79S78?t=231s,decorate_finish,finish,1,0.5,Rolling a beeswax sheet into a candle.,"Rolling a beeswax sheet into a candle. finish phase, ~54% in, 3:50–3:58.",,0,1,,
NKgSlA79S78,https://www.youtube.com/watch?v=NKgSlA79S78,HOW TO MAKE ROLLED BEESWAX CANDLES | Easy Tutorial,430.0,storyboard,30,238.89,246.85,7.96,https://youtu.be/NKgSlA79S78?t=239s,decorate_finish,finish,1,0.5,Rolling a beeswax sheet into a candle.,"Rolling a beeswax sheet into a candle. finish phase, ~56% in, 3:58–4:06.",,0,1,,
NKgSlA79S78,https://www.youtube.com/watch?v=NKgSlA79S78,HOW TO MAKE ROLLED BEESWAX CANDLES | Easy Tutorial,430.0,storyboard,31,246.85,254.81,7.96,https://youtu.be/NKgSlA79S78?t=247s,decorate_finish,finish,1,0.5,Rolling a beeswax sheet into a candle.,"Rolling a beeswax sheet into a candle. finish phase, ~57% in, 4:06–4:14.",,0,1,,
NKgSlA79S78,https://www.youtube.com/watch?v=NKgSlA79S78,HOW TO MAKE ROLLED BEESWAX CANDLES | Easy Tutorial,430.0,storyboard,32,254.81,262.78,7.97,https://youtu.be/NKgSlA79S78?t=255s,decorate_finish,finish,1,0.5,Rolling a beeswax sheet into a candle.,"Rolling a beeswax sheet into a candle. finish phase, ~59% in, 4:14–4:22.",,0,1,,
NKgSlA79S78,https://www.youtube.com/watch?v=NKgSlA79S78,HOW TO MAKE ROLLED BEESWAX CANDLES | Easy Tutorial,430.0,storyboard,33,262.78,270.74,7.96,https://youtu.be/NKgSlA79S78?t=263s,decorate_finish,finish,1,0.5,Rolling a beeswax sheet into a candle.,"Rolling a beeswax sheet into a candle. finish phase, ~61% in, 4:22–4:30.",,0,1,,
NKgSlA79S78,https://www.youtube.com/watch?v=NKgSlA79S78,HOW TO MAKE ROLLED BEESWAX CANDLES | Easy Tutorial,430.0,storyboard,34,270.74,278.7,7.96,https://youtu.be/NKgSlA79S78?t=271s,decorate_finish,finish,1,0.5,Rolling a beeswax sheet into a candle.,"Rolling a beeswax sheet into a candle. finish phase, ~63% in, 4:30–4:38.",,0,1,,
NKgSlA79S78,https://www.youtube.com/watch?v=NKgSlA79S78,HOW TO MAKE ROLLED BEESWAX CANDLES | Easy Tutorial,430.0,storyboard,35,278.7,286.67,7.97,https://youtu.be/NKgSlA79S78?t=279s,decorate_finish,finish,1,0.5,Rolling a beeswax sheet into a candle.,"Rolling a beeswax sheet into a candle. finish phase, ~65% in, 4:38–4:46.",,0,1,,
NKgSlA79S78,https://www.youtube.com/watch?v=NKgSlA79S78,HOW TO MAKE ROLLED BEESWAX CANDLES | Easy Tutorial,430.0,storyboard,36,286.67,294.63,7.96,https://youtu.be/NKgSlA79S78?t=287s,decorate_finish,finish,1,0.5,Rolling a beeswax sheet into a candle.,"Rolling a beeswax sheet into a candle. finish phase, ~67% in, 4:46–4:54.",,0,1,,
NKgSlA79S78,https://www.youtube.com/watch?v=NKgSlA79S78,HOW TO MAKE ROLLED BEESWAX CANDLES | Easy Tutorial,430.0,storyboard,37,294.63,302.59,7.96,https://youtu.be/NKgSlA79S78?t=295s,decorate_finish,finish,1,0.5,Rolling a beeswax sheet into a candle.,"Rolling a beeswax sheet into a candle. finish phase, ~69% in, 4:54–5:02.",,0,1,,
NKgSlA79S78,https://www.youtube.com/watch?v=NKgSlA79S78,HOW TO MAKE ROLLED BEESWAX CANDLES | Easy Tutorial,430.0,storyboard,38,302.59,310.56,7.97,https://youtu.be/NKgSlA79S78?t=303s,decorate_finish,finish,1,0.5,Rolling a beeswax sheet into a candle.,"Rolling a beeswax sheet into a candle. finish phase, ~70% in, 5:02–5:10.",,0,1,,
NKgSlA79S78,https://www.youtube.com/watch?v=NKgSlA79S78,HOW TO MAKE ROLLED BEESWAX CANDLES | Easy Tutorial,430.0,storyboard,39,310.56,318.52,7.96,https://youtu.be/NKgSlA79S78?t=311s,decorate_finish,finish,1,0.5,Rolling a beeswax sheet into a candle.,"Rolling a beeswax sheet into a candle. finish phase, ~72% in, 5:10–5:18.",,0,1,,
NKgSlA79S78,https://www.youtube.com/watch?v=NKgSlA79S78,HOW TO MAKE ROLLED BEESWAX CANDLES | Easy Tutorial,430.0,storyboard,40,318.52,326.48,7.96,https://youtu.be/NKgSlA79S78?t=319s,decorate_finish,finish,1,0.5,Rolling a beeswax sheet into a candle.,"Rolling a beeswax sheet into a candle. finish phase, ~74% in, 5:18–5:26.",,0,1,,
NKgSlA79S78,https://www.youtube.com/watch?v=NKgSlA79S78,HOW TO MAKE ROLLED BEESWAX CANDLES | Easy Tutorial,430.0,storyboard,41,326.48,334.44,7.96,https://youtu.be/NKgSlA79S78?t=326s,decorate_finish,finish,1,0.5,Rolling a beeswax sheet into a candle.,"Rolling a beeswax sheet into a candle. finish phase, ~76% in, 5:26–5:34.",,0,1,,
NKgSlA79S78,https://www.youtube.com/watch?v=NKgSlA79S78,HOW TO MAKE ROLLED BEESWAX CANDLES | Easy Tutorial,430.0,storyboard,42,334.44,342.41,7.97,https://youtu.be/NKgSlA79S78?t=334s,decorate_finish,finish,1,0.5,Rolling a beeswax sheet into a candle.,"Rolling a beeswax sheet into a candle. finish phase, ~78% in, 5:34–5:42.",,0,1,,
NKgSlA79S78,https://www.youtube.com/watch?v=NKgSlA79S78,HOW TO MAKE ROLLED BEESWAX CANDLES | Easy Tutorial,430.0,storyboard,43,342.41,350.37,7.96,https://youtu.be/NKgSlA79S78?t=342s,decorate_finish,finish,1,0.5,Rolling a beeswax sheet into a candle.,"Rolling a beeswax sheet into a candle. finish phase, ~80% in, 5:42–5:50.",,0,1,,
OvIwqhcWF6o,https://www.youtube.com/watch?v=OvIwqhcWF6o,How to remove soy wax pillar candle from plastic mould? | The easiest method | DIY,70.0,storyboard,0,0.0,7.78,7.78,https://youtu.be/OvIwqhcWF6o?t=0s,decorate_finish,finish,1,0.5,White surface: a white ribbed pillar candle beside a cork mould base.,"White surface: a white ribbed pillar candle beside a cork mould base. finish phase, ~0% in, 0:00–0:07.",,0,1,,
OvIwqhcWF6o,https://www.youtube.com/watch?v=OvIwqhcWF6o,How to remove soy wax pillar candle from plastic mould? | The easiest method | DIY,70.0,storyboard,1,7.78,15.56,7.78,https://youtu.be/OvIwqhcWF6o?t=8s,decorate_finish,finish,0,0.5,Hands hold the fluted pillar candle; on-screen text about the wick.,"Hands hold the fluted pillar candle; on-screen text about the wick. finish phase, ~11% in, 0:07–0:15.",,0,1,desc_text_card,
OvIwqhcWF6o,https://www.youtube.com/watch?v=OvIwqhcWF6o,How to remove soy wax pillar candle from plastic mould? | The easiest method | DIY,70.0,storyboard,6,46.67,54.44,7.77,https://youtu.be/OvIwqhcWF6o?t=47s,decorate_finish,finish,1,0.55,Hands unmould the white fluted pillar candle from the polycarbonate mould.,"Hands unmould the white fluted pillar candle from the polycarbonate mould. finish phase, ~67% in, 0:46–0:54.",,0,1,,
OvIwqhcWF6o,https://www.youtube.com/watch?v=OvIwqhcWF6o,How to remove soy wax pillar candle from plastic mould? | The easiest method | DIY,70.0,storyboard,7,54.44,62.22,7.78,https://youtu.be/OvIwqhcWF6o?t=54s,decorate_finish,finish,1,0.55,The ribbed pillar candle is pulled free of the mould.,"The ribbed pillar candle is pulled free of the mould. finish phase, ~78% in, 0:54–1:02.",,0,1,,
Q9hV47GYsYI,https://www.youtube.com/watch?v=Q9hV47GYsYI,How to Make Perfect Candles  | SOY Candle Making | Scented Candle Making,650.0,storyboard,3,24.07,32.1,8.03,https://youtu.be/Q9hV47GYsYI?t=24s,decorate_finish,finish,1,0.5,Demoulding white candles from the silicone bubble moulds.,"Demoulding white candles from the silicone bubble moulds. finish phase, ~4% in, 0:24–0:32. Terminology: pillar candle.",,0,1,,
Q9hV47GYsYI,https://www.youtube.com/watch?v=Q9hV47GYsYI,How to Make Perfect Candles  | SOY Candle Making | Scented Candle Making,650.0,storyboard,6,48.15,56.17,8.02,https://youtu.be/Q9hV47GYsYI?t=48s,decorate_finish,finish,1,0.5,Demoulding white candles from the silicone bubble moulds.,"Demoulding white candles from the silicone bubble moulds. finish phase, ~7% in, 0:48–0:56. Terminology: pillar candle.",,0,1,,
Q9hV47GYsYI,https://www.youtube.com/watch?v=Q9hV47GYsYI,How to Make Perfect Candles  | SOY Candle Making | Scented Candle Making,650.0,storyboard,9,72.22,80.25,8.03,https://youtu.be/Q9hV47GYsYI?t=72s,decorate_finish,finish,1,0.5,Demoulding white candles from the silicone bubble moulds.,"Demoulding white candles from the silicone bubble moulds. finish phase, ~11% in, 1:12–1:20. Terminology: pillar candle.",,0,1,,
Q9hV47GYsYI,https://www.youtube.com/watch?v=Q9hV47GYsYI,How to Make Perfect Candles  | SOY Candle Making | Scented Candle Making,650.0,storyboard,12,96.3,104.32,8.02,https://youtu.be/Q9hV47GYsYI?t=96s,decorate_finish,finish,1,0.5,Demoulding white candles from the silicone bubble moulds.,"Demoulding white candles from the silicone bubble moulds. finish phase, ~15% in, 1:36–1:44. Terminology: pillar candle.",,0,1,,
Q9hV47GYsYI,https://www.youtube.com/watch?v=Q9hV47GYsYI,How to Make Perfect Candles  | SOY Candle Making | Scented Candle Making,650.0,storyboard,15,120.37,128.4,8.03,https://youtu.be/Q9hV47GYsYI?t=120s,decorate_finish,finish,1,0.5,Demoulding white candles from the silicone bubble moulds.,"Demoulding white candles from the silicone bubble moulds. finish phase, ~19% in, 2:00–2:08. Terminology: pillar candle.",,0,1,,
Q9hV47GYsYI,https://www.youtube.com/watch?v=Q9hV47GYsYI,How to Make Perfect Candles  | SOY Candle Making | Scented Candle Making,650.0,storyboard,18,144.44,152.47,8.03,https://youtu.be/Q9hV47GYsYI?t=144s,decorate_finish,finish,1,0.5,Demoulding white candles from the silicone bubble moulds.,"Demoulding white candles from the silicone bubble moulds. finish phase, ~22% in, 2:24–2:32. Terminology: pillar candle.",,0,1,,
Q9hV47GYsYI,https://www.youtube.com/watch?v=Q9hV47GYsYI,How to Make Perfect Candles  | SOY Candle Making | Scented Candle Making,650.0,storyboard,21,168.52,176.54,8.02,https://youtu.be/Q9hV47GYsYI?t=169s,decorate_finish,finish,1,0.5,Demoulding white candles from the silicone bubble moulds.,"Demoulding white candles from the silicone bubble moulds. finish phase, ~26% in, 2:48–2:56. Terminology: pillar candle.",,0,1,,
Q9hV47GYsYI,https://www.youtube.com/watch?v=Q9hV47GYsYI,How to Make Perfect Candles  | SOY Candle Making | Scented Candle Making,650.0,storyboard,48,385.19,393.21,8.02,https://youtu.be/Q9hV47GYsYI?t=385s,decorate_finish,finish,1,0.5,Demoulding the bubble/rose/cylinder candles.,"Demoulding the bubble/rose/cylinder candles. finish phase, ~59% in, 6:25–6:33.",,0,1,,
Q9hV47GYsYI,https://www.youtube.com/watch?v=Q9hV47GYsYI,How to Make Perfect Candles  | SOY Candle Making | Scented Candle Making,650.0,storyboard,51,409.26,417.28,8.02,https://youtu.be/Q9hV47GYsYI?t=409s,decorate_finish,finish,1,0.5,Demoulding the bubble/rose/cylinder candles.,"Demoulding the bubble/rose/cylinder candles. finish phase, ~63% in, 6:49–6:57.",,0,1,,
Q9hV47GYsYI,https://www.youtube.com/watch?v=Q9hV47GYsYI,How to Make Perfect Candles  | SOY Candle Making | Scented Candle Making,650.0,storyboard,52,417.28,425.31,8.03,https://youtu.be/Q9hV47GYsYI?t=417s,decorate_finish,finish,1,0.5,Tinting the wax (pink/purple/red).,"Tinting the wax (pink/purple/red). finish phase, ~64% in, 6:57–7:05.",,0,1,,
Q9hV47GYsYI,https://www.youtube.com/watch?v=Q9hV47GYsYI,How to Make Perfect Candles  | SOY Candle Making | Scented Candle Making,650.0,storyboard,53,425.31,433.33,8.02,https://youtu.be/Q9hV47GYsYI?t=425s,decorate_finish,finish,1,0.5,Demoulding the bubble/rose/cylinder candles.,"Demoulding the bubble/rose/cylinder candles. finish phase, ~65% in, 7:05–7:13.",,0,1,,
Q9hV47GYsYI,https://www.youtube.com/watch?v=Q9hV47GYsYI,How to Make Perfect Candles  | SOY Candle Making | Scented Candle Making,650.0,storyboard,54,433.33,441.36,8.03,https://youtu.be/Q9hV47GYsYI?t=433s,decorate_finish,finish,1,0.5,Pouring wax into the silicone moulds.,"Pouring wax into the silicone moulds. finish phase, ~67% in, 7:13–7:21.",,0,1,,
Q9hV47GYsYI,https://www.youtube.com/watch?v=Q9hV47GYsYI,How to Make Perfect Candles  | SOY Candle Making | Scented Candle Making,650.0,storyboard,55,441.36,449.38,8.02,https://youtu.be/Q9hV47GYsYI?t=441s,decorate_finish,finish,1,0.5,Demoulding the bubble/rose/cylinder candles.,"Demoulding the bubble/rose/cylinder candles. finish phase, ~68% in, 7:21–7:29.",,0,1,,
Q9hV47GYsYI,https://www.youtube.com/watch?v=Q9hV47GYsYI,How to Make Perfect Candles  | SOY Candle Making | Scented Candle Making,650.0,storyboard,56,449.38,457.41,8.03,https://youtu.be/Q9hV47GYsYI?t=449s,decorate_finish,finish,1,0.5,Tinting the wax (pink/purple/red).,"Tinting the wax (pink/purple/red). finish phase, ~69% in, 7:29–7:37.",,0,1,,
Q9hV47GYsYI,https://www.youtube.com/watch?v=Q9hV47GYsYI,How to Make Perfect Candles  | SOY Candle Making | Scented Candle Making,650.0,storyboard,57,457.41,465.43,8.02,https://youtu.be/Q9hV47GYsYI?t=457s,decorate_finish,finish,1,0.5,Demoulding the bubble/rose/cylinder candles.,"Demoulding the bubble/rose/cylinder candles. finish phase, ~70% in, 7:37–7:45.",,0,1,,
Q9hV47GYsYI,https://www.youtube.com/watch?v=Q9hV47GYsYI,How to Make Perfect Candles  | SOY Candle Making | Scented Candle Making,650.0,storyboard,58,465.43,473.46,8.03,https://youtu.be/Q9hV47GYsYI?t=465s,decorate_finish,finish,1,0.5,Demoulding the bubble/rose/cylinder candles.,"Demoulding the bubble/rose/cylinder candles. finish phase, ~72% in, 7:45–7:53.",,0,1,,
Q9hV47GYsYI,https://www.youtube.com/watch?v=Q9hV47GYsYI,How to Make Perfect Candles  | SOY Candle Making | Scented Candle Making,650.0,storyboard,59,473.46,481.48,8.02,https://youtu.be/Q9hV47GYsYI?t=473s,decorate_finish,finish,1,0.5,Tinting the wax (pink/purple/red).,"Tinting the wax (pink/purple/red). finish phase, ~73% in, 7:53–8:01.",,0,1,,
Q9hV47GYsYI,https://www.youtube.com/watch?v=Q9hV47GYsYI,How to Make Perfect Candles  | SOY Candle Making | Scented Candle Making,650.0,storyboard,60,481.48,489.51,8.03,https://youtu.be/Q9hV47GYsYI?t=481s,decorate_finish,finish,1,0.5,Demoulding the bubble/rose/cylinder candles.,"Demoulding the bubble/rose/cylinder candles. finish phase, ~74% in, 8:01–8:09.",,0,1,,
Q9hV47GYsYI,https://www.youtube.com/watch?v=Q9hV47GYsYI,How to Make Perfect Candles  | SOY Candle Making | Scented Candle Making,650.0,storyboard,61,489.51,497.53,8.02,https://youtu.be/Q9hV47GYsYI?t=490s,decorate_finish,finish,1,0.5,Pouring wax into the silicone moulds.,"Pouring wax into the silicone moulds. finish phase, ~75% in, 8:09–8:17.",,0,1,,
Q9hV47GYsYI,https://www.youtube.com/watch?v=Q9hV47GYsYI,How to Make Perfect Candles  | SOY Candle Making | Scented Candle Making,650.0,storyboard,62,497.53,505.56,8.03,https://youtu.be/Q9hV47GYsYI?t=498s,decorate_finish,finish,1,0.5,Demoulding the bubble/rose/cylinder candles.,"Demoulding the bubble/rose/cylinder candles. finish phase, ~77% in, 8:17–8:25.",,0,1,,
Q9hV47GYsYI,https://www.youtube.com/watch?v=Q9hV47GYsYI,How to Make Perfect Candles  | SOY Candle Making | Scented Candle Making,650.0,storyboard,63,505.56,513.58,8.02,https://youtu.be/Q9hV47GYsYI?t=506s,decorate_finish,finish,1,0.5,Demoulding the bubble/rose/cylinder candles.,"Demoulding the bubble/rose/cylinder candles. finish phase, ~78% in, 8:25–8:33.",,0,1,,
Q9hV47GYsYI,https://www.youtube.com/watch?v=Q9hV47GYsYI,How to Make Perfect Candles  | SOY Candle Making | Scented Candle Making,650.0,storyboard,64,513.58,521.6,8.02,https://youtu.be/Q9hV47GYsYI?t=514s,decorate_finish,finish,1,0.5,Tinting the wax (pink/purple/red).,"Tinting the wax (pink/purple/red). finish phase, ~79% in, 8:33–8:41.",,0,1,,
Q9hV47GYsYI,https://www.youtube.com/watch?v=Q9hV47GYsYI,How to Make Perfect Candles  | SOY Candle Making | Scented Candle Making,650.0,storyboard,65,521.6,529.63,8.03,https://youtu.be/Q9hV47GYsYI?t=522s,decorate_finish,finish,1,0.5,Demoulding the bubble/rose/cylinder candles.,"Demoulding the bubble/rose/cylinder candles. finish phase, ~80% in, 8:41–8:49.",,0,1,,
Q9hV47GYsYI,https://www.youtube.com/watch?v=Q9hV47GYsYI,How to Make Perfect Candles  | SOY Candle Making | Scented Candle Making,650.0,storyboard,66,529.63,537.65,8.02,https://youtu.be/Q9hV47GYsYI?t=530s,decorate_finish,finish,1,0.5,Demoulding the bubble/rose/cylinder candles.,"Demoulding the bubble/rose/cylinder candles. finish phase, ~81% in, 8:49–8:57.",,0,1,,
Q9hV47GYsYI,https://www.youtube.com/watch?v=Q9hV47GYsYI,How to Make Perfect Candles  | SOY Candle Making | Scented Candle Making,650.0,storyboard,67,537.65,545.68,8.03,https://youtu.be/Q9hV47GYsYI?t=538s,decorate_finish,finish,1,0.5,Demoulding the bubble/rose/cylinder candles.,"Demoulding the bubble/rose/cylinder candles. finish phase, ~83% in, 8:57–9:05.",,0,1,,
Q9hV47GYsYI,https://www.youtube.com/watch?v=Q9hV47GYsYI,How to Make Perfect Candles  | SOY Candle Making | Scented Candle Making,650.0,storyboard,68,545.68,553.7,8.02,https://youtu.be/Q9hV47GYsYI?t=546s,decorate_finish,finish,1,0.5,Demoulding the bubble/rose/cylinder candles.,"Demoulding the bubble/rose/cylinder candles. finish phase, ~84% in, 9:05–9:13.",,0,1,,
Q9hV47GYsYI,https://www.youtube.com/watch?v=Q9hV47GYsYI,How to Make Perfect Candles  | SOY Candle Making | Scented Candle Making,650.0,storyboard,69,553.7,561.73,8.03,https://youtu.be/Q9hV47GYsYI?t=554s,decorate_finish,finish,1,0.5,Demoulding the bubble/rose/cylinder candles.,"Demoulding the bubble/rose/cylinder candles. finish phase, ~85% in, 9:13–9:21.",,0,1,,
Q9hV47GYsYI,https://www.youtube.com/watch?v=Q9hV47GYsYI,How to Make Perfect Candles  | SOY Candle Making | Scented Candle Making,650.0,storyboard,70,561.73,569.75,8.02,https://youtu.be/Q9hV47GYsYI?t=562s,decorate_finish,finish,1,0.5,Demoulding the bubble/rose/cylinder candles.,"Demoulding the bubble/rose/cylinder candles. finish phase, ~86% in, 9:21–9:29.",,0,1,,
Q9hV47GYsYI,https://www.youtube.com/watch?v=Q9hV47GYsYI,How to Make Perfect Candles  | SOY Candle Making | Scented Candle Making,650.0,storyboard,71,569.75,577.78,8.03,https://youtu.be/Q9hV47GYsYI?t=570s,decorate_finish,finish,1,0.5,Demoulding the bubble/rose/cylinder candles.,"Demoulding the bubble/rose/cylinder candles. finish phase, ~88% in, 9:29–9:37.",,0,1,,
Q9hV47GYsYI,https://www.youtube.com/watch?v=Q9hV47GYsYI,How to Make Perfect Candles  | SOY Candle Making | Scented Candle Making,650.0,storyboard,72,577.78,585.8,8.02,https://youtu.be/Q9hV47GYsYI?t=578s,decorate_finish,finish,1,0.5,Demoulding the bubble/rose/cylinder candles.,"Demoulding the bubble/rose/cylinder candles. finish phase, ~89% in, 9:37–9:45.",,0,1,,
Q9hV47GYsYI,https://www.youtube.com/watch?v=Q9hV47GYsYI,How to Make Perfect Candles  | SOY Candle Making | Scented Candle Making,650.0,storyboard,73,585.8,593.83,8.03,https://youtu.be/Q9hV47GYsYI?t=586s,decorate_finish,finish,1,0.5,Holding up the finished moulded candle.,"Holding up the finished moulded candle. finish phase, ~90% in, 9:45–9:53. Terminology: pillar candle.",,0,1,,
Q9hV47GYsYI,https://www.youtube.com/watch?v=Q9hV47GYsYI,How to Make Perfect Candles  | SOY Candle Making | Scented Candle Making,650.0,storyboard,74,593.83,601.85,8.02,https://youtu.be/Q9hV47GYsYI?t=594s,decorate_finish,finish,1,0.5,Demoulding the bubble/rose/cylinder candles.,"Demoulding the bubble/rose/cylinder candles. finish phase, ~91% in, 9:53–10:01.",,0,1,,
Q9hV47GYsYI,https://www.youtube.com/watch?v=Q9hV47GYsYI,How to Make Perfect Candles  | SOY Candle Making | Scented Candle Making,650.0,storyboard,75,601.85,609.88,8.03,https://youtu.be/Q9hV47GYsYI?t=602s,decorate_finish,finish,1,0.5,Demoulding the bubble/rose/cylinder candles.,"Demoulding the bubble/rose/cylinder candles. finish phase, ~93% in, 10:01–10:09.",,0,1,,
R2huvJ4Cy2c,https://www.youtube.com/watch?v=R2huvJ4Cy2c,CARVED CANDLES | How It's Made,302.0,storyboard,13,103.32,111.26,7.94,https://youtu.be/R2huvJ4Cy2c?t=103s,decorate_finish,finish,1,0.5,Hand-carving the warm multi-colour candle into ornate patterns.,"Hand-carving the warm multi-colour candle into ornate patterns. finish phase, ~34% in, 1:43–1:51.",,0,1,,
R2huvJ4Cy2c,https://www.youtube.com/watch?v=R2huvJ4Cy2c,CARVED CANDLES | How It's Made,302.0,storyboard,14,111.26,119.21,7.95,https://youtu.be/R2huvJ4Cy2c?t=111s,decorate_finish,finish,1,0.5,Hand-carving the warm multi-colour candle into ornate patterns.,"Hand-carving the warm multi-colour candle into ornate patterns. finish phase, ~37% in, 1:51–1:59.",,0,1,,
R2huvJ4Cy2c,https://www.youtube.com/watch?v=R2huvJ4Cy2c,CARVED CANDLES | How It's Made,302.0,storyboard,15,119.21,127.16,7.95,https://youtu.be/R2huvJ4Cy2c?t=119s,decorate_finish,finish,1,0.5,Hand-carving the warm multi-colour candle into ornate patterns.,"Hand-carving the warm multi-colour candle into ornate patterns. finish phase, ~39% in, 1:59–2:07.",,0,1,,
R2huvJ4Cy2c,https://www.youtube.com/watch?v=R2huvJ4Cy2c,CARVED CANDLES | How It's Made,302.0,storyboard,16,127.16,135.11,7.95,https://youtu.be/R2huvJ4Cy2c?t=127s,decorate_finish,finish,1,0.5,Hand-carving the warm multi-colour candle into ornate patterns.,"Hand-carving the warm multi-colour candle into ornate patterns. finish phase, ~42% in, 2:07–2:15.",,0,1,,
R2huvJ4Cy2c,https://www.youtube.com/watch?v=R2huvJ4Cy2c,CARVED CANDLES | How It's Made,302.0,storyboard,17,135.11,143.05,7.94,https://youtu.be/R2huvJ4Cy2c?t=135s,decorate_finish,finish,1,0.5,Hand-carving the warm multi-colour candle into ornate patterns.,"Hand-carving the warm multi-colour candle into ornate patterns. finish phase, ~45% in, 2:15–2:23.",,0,1,,
R2huvJ4Cy2c,https://www.youtube.com/watch?v=R2huvJ4Cy2c,CARVED CANDLES | How It's Made,302.0,storyboard,18,143.05,151.0,7.95,https://youtu.be/R2huvJ4Cy2c?t=143s,decorate_finish,finish,1,0.5,Hand-carving the warm multi-colour candle into ornate patterns.,"Hand-carving the warm multi-colour candle into ornate patterns. finish phase, ~47% in, 2:23–2:31.",,0,1,,
R2huvJ4Cy2c,https://www.youtube.com/watch?v=R2huvJ4Cy2c,CARVED CANDLES | How It's Made,302.0,storyboard,19,151.0,158.95,7.95,https://youtu.be/R2huvJ4Cy2c?t=151s,decorate_finish,finish,1,0.5,Hand-carving the warm multi-colour candle into ornate patterns.,"Hand-carving the warm multi-colour candle into ornate patterns. finish phase, ~50% in, 2:31–2:38.",,0,1,,
R2huvJ4Cy2c,https://www.youtube.com/watch?v=R2huvJ4Cy2c,CARVED CANDLES | How It's Made,302.0,storyboard,20,158.95,166.89,7.94,https://youtu.be/R2huvJ4Cy2c?t=159s,decorate_finish,finish,1,0.5,Hand-carving the warm multi-colour candle into ornate patterns.,"Hand-carving the warm multi-colour candle into ornate patterns. finish phase, ~53% in, 2:38–2:46.",,0,1,,
R2huvJ4Cy2c,https://www.youtube.com/watch?v=R2huvJ4Cy2c,CARVED CANDLES | How It's Made,302.0,storyboard,21,166.89,174.84,7.95,https://youtu.be/R2huvJ4Cy2c?t=167s,decorate_finish,finish,1,0.5,Hand-carving the warm multi-colour candle into ornate patterns.,"Hand-carving the warm multi-colour candle into ornate patterns. finish phase, ~55% in, 2:46–2:54.",,0,1,,
R2huvJ4Cy2c,https://www.youtube.com/watch?v=R2huvJ4Cy2c,CARVED CANDLES | How It's Made,302.0,storyboard,22,174.84,182.79,7.95,https://youtu.be/R2huvJ4Cy2c?t=175s,decorate_finish,finish,1,0.5,Hand-carving the warm multi-colour candle into ornate patterns.,"Hand-carving the warm multi-colour candle into ornate patterns. finish phase, ~58% in, 2:54–3:02.",,0,1,,
R2huvJ4Cy2c,https://www.youtube.com/watch?v=R2huvJ4Cy2c,CARVED CANDLES | How It's Made,302.0,storyboard,23,182.79,190.74,7.95,https://youtu.be/R2huvJ4Cy2c?t=183s,decorate_finish,finish,0,0.7,Presenter talking to camera (auto-detected: frontal face).,"Presenter talking to camera (auto-detected: frontal face). Final touches - labels, lids, ribbon, cleaning the glass. finish phase, ~61% in, 3:02–3:10.",,0,1,desc_talking_head,
R2huvJ4Cy2c,https://www.youtube.com/watch?v=R2huvJ4Cy2c,CARVED CANDLES | How It's Made,302.0,storyboard,24,190.74,198.68,7.94,https://youtu.be/R2huvJ4Cy2c?t=191s,decorate_finish,finish,1,0.5,Hand-carving the warm multi-colour candle into ornate patterns.,"Hand-carving the warm multi-colour candle into ornate patterns. finish phase, ~63% in, 3:10–3:18.",,0,1,,
R2huvJ4Cy2c,https://www.youtube.com/watch?v=R2huvJ4Cy2c,CARVED CANDLES | How It's Made,302.0,storyboard,25,198.68,206.63,7.95,https://youtu.be/R2huvJ4Cy2c?t=199s,decorate_finish,finish,1,0.5,Hand-carving the warm multi-colour candle into ornate patterns.,"Hand-carving the warm multi-colour candle into ornate patterns. finish phase, ~66% in, 3:18–3:26.",,0,1,,
R2huvJ4Cy2c,https://www.youtube.com/watch?v=R2huvJ4Cy2c,CARVED CANDLES | How It's Made,302.0,storyboard,26,206.63,214.58,7.95,https://youtu.be/R2huvJ4Cy2c?t=207s,decorate_finish,finish,1,0.5,Hand-carving the warm multi-colour candle into ornate patterns.,"Hand-carving the warm multi-colour candle into ornate patterns. finish phase, ~68% in, 3:26–3:34.",,0,1,,
R2huvJ4Cy2c,https://www.youtube.com/watch?v=R2huvJ4Cy2c,CARVED CANDLES | How It's Made,302.0,storyboard,27,214.58,222.53,7.95,https://youtu.be/R2huvJ4Cy2c?t=215s,decorate_finish,finish,1,0.5,Hand-carving the warm multi-colour candle into ornate patterns.,"Hand-carving the warm multi-colour candle into ornate patterns. finish phase, ~71% in, 3:34–3:42.",,0,1,,
R2huvJ4Cy2c,https://www.youtube.com/watch?v=R2huvJ4Cy2c,CARVED CANDLES | How It's Made,302.0,storyboard,28,222.53,230.47,7.94,https://youtu.be/R2huvJ4Cy2c?t=223s,decorate_finish,finish,1,0.5,Hand-carving the warm multi-colour candle into ornate patterns.,"Hand-carving the warm multi-colour candle into ornate patterns. finish phase, ~74% in, 3:42–3:50.",,0,1,,
R2huvJ4Cy2c,https://www.youtube.com/watch?v=R2huvJ4Cy2c,CARVED CANDLES | How It's Made,302.0,storyboard,29,230.47,238.42,7.95,https://youtu.be/R2huvJ4Cy2c?t=230s,decorate_finish,finish,1,0.5,Hand-carving the warm multi-colour candle into ornate patterns.,"Hand-carving the warm multi-colour candle into ornate patterns. finish phase, ~76% in, 3:50–3:58.",,0,1,,
Sxy3vnXEe6I,https://www.youtube.com/watch?v=Sxy3vnXEe6I,Studio Vlog | Bulk Order Iced Coffee Candle | Make Candles with Me,533.0,storyboard,26,206.84,214.79,7.95,https://youtu.be/Sxy3vnXEe6I?t=207s,decorate_finish,finish,1,0.5,Finishing/sorting the iced-coffee candles.,"Finishing/sorting the iced-coffee candles. finish phase, ~39% in, 3:26–3:34.",,0,1,,
Sxy3vnXEe6I,https://www.youtube.com/watch?v=Sxy3vnXEe6I,Studio Vlog | Bulk Order Iced Coffee Candle | Make Candles with Me,533.0,storyboard,27,214.79,222.75,7.96,https://youtu.be/Sxy3vnXEe6I?t=215s,decorate_finish,finish,1,0.5,Finishing/sorting the iced-coffee candles.,"Finishing/sorting the iced-coffee candles. finish phase, ~40% in, 3:34–3:42.",,0,1,,
Sxy3vnXEe6I,https://www.youtube.com/watch?v=Sxy3vnXEe6I,Studio Vlog | Bulk Order Iced Coffee Candle | Make Candles with Me,533.0,storyboard,30,238.66,246.61,7.95,https://youtu.be/Sxy3vnXEe6I?t=239s,decorate_finish,finish,1,0.5,Finishing/sorting the iced-coffee candles.,"Finishing/sorting the iced-coffee candles. finish phase, ~45% in, 3:58–4:06.",,0,1,,
Sxy3vnXEe6I,https://www.youtube.com/watch?v=Sxy3vnXEe6I,Studio Vlog | Bulk Order Iced Coffee Candle | Make Candles with Me,533.0,storyboard,31,246.61,254.57,7.96,https://youtu.be/Sxy3vnXEe6I?t=247s,decorate_finish,finish,1,0.5,Finishing/sorting the iced-coffee candles.,"Finishing/sorting the iced-coffee candles. finish phase, ~46% in, 4:06–4:14.",,0,1,,
Sxy3vnXEe6I,https://www.youtube.com/watch?v=Sxy3vnXEe6I,Studio Vlog | Bulk Order Iced Coffee Candle | Make Candles with Me,533.0,storyboard,32,254.57,262.52,7.95,https://youtu.be/Sxy3vnXEe6I?t=255s,decorate_finish,finish,1,0.5,Rows of iced-coffee candles set.,"Rows of iced-coffee candles set. finish phase, ~48% in, 4:14–4:22.",,0,1,,
Sxy3vnXEe6I,https://www.youtube.com/watch?v=Sxy3vnXEe6I,Studio Vlog | Bulk Order Iced Coffee Candle | Make Candles with Me,533.0,storyboard,33,262.52,270.48,7.96,https://youtu.be/Sxy3vnXEe6I?t=263s,decorate_finish,finish,1,0.5,Finishing/sorting the iced-coffee candles.,"Finishing/sorting the iced-coffee candles. finish phase, ~49% in, 4:22–4:30.",,0,1,,
T5dzL3dyfeU,https://www.youtube.com/watch?v=T5dzL3dyfeU,"candle studio vlog | organizing inventory, packing orders, new candle molds, candle-making",643.0,storyboard,5,40.19,48.23,8.04,https://youtu.be/T5dzL3dyfeU?t=40s,decorate_finish,finish,1,0.45,Adding cream foam / ice to the iced-coffee candle.,"Adding cream foam / ice to the iced-coffee candle. finish phase, ~6% in, 0:40–0:48.",,0,1,,
T5dzL3dyfeU,https://www.youtube.com/watch?v=T5dzL3dyfeU,"candle studio vlog | organizing inventory, packing orders, new candle molds, candle-making",643.0,storyboard,8,64.3,72.34,8.04,https://youtu.be/T5dzL3dyfeU?t=64s,decorate_finish,finish,1,0.45,Adding cream foam / ice to the iced-coffee candle.,"Adding cream foam / ice to the iced-coffee candle. finish phase, ~10% in, 1:04–1:12.",,0,1,,
T5dzL3dyfeU,https://www.youtube.com/watch?v=T5dzL3dyfeU,"candle studio vlog | organizing inventory, packing orders, new candle molds, candle-making",643.0,storyboard,11,88.41,96.45,8.04,https://youtu.be/T5dzL3dyfeU?t=88s,decorate_finish,finish,1,0.45,Adding cream foam / ice to the iced-coffee candle.,"Adding cream foam / ice to the iced-coffee candle. finish phase, ~14% in, 1:28–1:36.",,0,1,,
T5dzL3dyfeU,https://www.youtube.com/watch?v=T5dzL3dyfeU,"candle studio vlog | organizing inventory, packing orders, new candle molds, candle-making",643.0,storyboard,14,112.52,120.56,8.04,https://youtu.be/T5dzL3dyfeU?t=113s,decorate_finish,finish,1,0.45,Adding cream foam / ice to the iced-coffee candle.,"Adding cream foam / ice to the iced-coffee candle. finish phase, ~17% in, 1:52–2:00.",,0,1,,
TU_QJim1WkU,https://www.youtube.com/watch?v=TU_QJim1WkU,How to make artisan candle | Full tutorial | geometry | feather palm wax | DIY Craft | handmade,97.0,storyboard,4,32.33,40.42,8.09,https://youtu.be/TU_QJim1WkU?t=32s,decorate_finish,finish,1,0.5,Layering coloured sand into the diamond mould with chopsticks.,"Layering coloured sand into the diamond mould with chopsticks. finish phase, ~33% in, 0:32–0:40.",,0,1,,
TU_QJim1WkU,https://www.youtube.com/watch?v=TU_QJim1WkU,How to make artisan candle | Full tutorial | geometry | feather palm wax | DIY Craft | handmade,97.0,storyboard,5,40.42,48.5,8.08,https://youtu.be/TU_QJim1WkU?t=40s,decorate_finish,finish,1,0.5,Adding more coloured sand layers into the mould.,"Adding more coloured sand layers into the mould. finish phase, ~42% in, 0:40–0:48.",,0,1,,
TU_QJim1WkU,https://www.youtube.com/watch?v=TU_QJim1WkU,How to make artisan candle | Full tutorial | geometry | feather palm wax | DIY Craft | handmade,97.0,storyboard,6,48.5,56.58,8.08,https://youtu.be/TU_QJim1WkU?t=48s,decorate_finish,finish,1,0.55,Clear gel wax poured into the faceted mould.,"Clear gel wax poured into the faceted mould. finish phase, ~50% in, 0:48–0:56.",,0,1,,
TU_QJim1WkU,https://www.youtube.com/watch?v=TU_QJim1WkU,How to make artisan candle | Full tutorial | geometry | feather palm wax | DIY Craft | handmade,97.0,storyboard,7,56.58,64.67,8.09,https://youtu.be/TU_QJim1WkU?t=57s,decorate_finish,finish,1,0.5,Demoulding: peeling the clear mould off the candle; a ladle nearby.,"Demoulding: peeling the clear mould off the candle; a ladle nearby. finish phase, ~58% in, 0:56–1:04.",,0,1,,
TU_QJim1WkU,https://www.youtube.com/watch?v=TU_QJim1WkU,How to make artisan candle | Full tutorial | geometry | feather palm wax | DIY Craft | handmade,97.0,storyboard,8,64.67,72.75,8.08,https://youtu.be/TU_QJim1WkU?t=65s,decorate_finish,finish,1,0.5,Handling the clear faceted pyramid candle.,"Handling the clear faceted pyramid candle. finish phase, ~67% in, 1:04–1:12.",,0,1,,
TYdTLOd4q4Y,https://www.youtube.com/watch?v=TYdTLOd4q4Y,Start Your Own Profitable Candle Making Business! How to make Candles at home #businessideas #candle,553.0,storyboard,1,8.01,16.03,8.02,https://youtu.be/TYdTLOd4q4Y?t=8s,decorate_finish,finish,1,0.4,Bubble candle b-roll.,"Bubble candle b-roll. Final touches - labels, lids, ribbon, cleaning the glass. finish phase, ~1% in, 0:08–0:16.",,0,1,,
TYdTLOd4q4Y,https://www.youtube.com/watch?v=TYdTLOd4q4Y,Start Your Own Profitable Candle Making Business! How to make Candles at home #businessideas #candle,553.0,storyboard,5,40.07,48.09,8.02,https://youtu.be/TYdTLOd4q4Y?t=40s,decorate_finish,finish,1,0.4,Hand applying a wick sticker / hot glue.,"Hand applying a wick sticker / hot glue. finish phase, ~7% in, 0:40–0:48. Terminology: wick priming.",,0,1,,
TYdTLOd4q4Y,https://www.youtube.com/watch?v=TYdTLOd4q4Y,Start Your Own Profitable Candle Making Business! How to make Candles at home #businessideas #candle,553.0,storyboard,8,64.12,72.13,8.01,https://youtu.be/TYdTLOd4q4Y?t=64s,decorate_finish,finish,1,0.4,Embedding berries/flowers in a candle top.,"Embedding berries/flowers in a candle top. finish phase, ~12% in, 1:04–1:12.",,0,1,,
TYdTLOd4q4Y,https://www.youtube.com/watch?v=TYdTLOd4q4Y,Start Your Own Profitable Candle Making Business! How to make Candles at home #businessideas #candle,553.0,storyboard,9,72.13,80.14,8.01,https://youtu.be/TYdTLOd4q4Y?t=72s,decorate_finish,finish,1,0.4,Flower candle being shaped.,"Flower candle being shaped. finish phase, ~13% in, 1:12–1:20.",,0,1,,
TYdTLOd4q4Y,https://www.youtube.com/watch?v=TYdTLOd4q4Y,Start Your Own Profitable Candle Making Business! How to make Candles at home #businessideas #candle,553.0,storyboard,12,96.17,104.19,8.02,https://youtu.be/TYdTLOd4q4Y?t=96s,decorate_finish,finish,1,0.4,Colourful pastel candles montage.,"Colourful pastel candles montage. finish phase, ~17% in, 1:36–1:44.",,0,1,,
TYdTLOd4q4Y,https://www.youtube.com/watch?v=TYdTLOd4q4Y,Start Your Own Profitable Candle Making Business! How to make Candles at home #businessideas #candle,553.0,storyboard,13,104.19,112.2,8.01,https://youtu.be/TYdTLOd4q4Y?t=104s,decorate_finish,finish,1,0.4,Melting wax in a pan (b-roll).,"Melting wax in a pan (b-roll). finish phase, ~19% in, 1:44–1:52.",,0,1,,
TYdTLOd4q4Y,https://www.youtube.com/watch?v=TYdTLOd4q4Y,Start Your Own Profitable Candle Making Business! How to make Candles at home #businessideas #candle,553.0,storyboard,14,112.2,120.22,8.02,https://youtu.be/TYdTLOd4q4Y?t=112s,decorate_finish,finish,1,0.4,Flower-shaped candle close-up.,"Flower-shaped candle close-up. finish phase, ~20% in, 1:52–2:00.",,0,1,,
TYdTLOd4q4Y,https://www.youtube.com/watch?v=TYdTLOd4q4Y,Start Your Own Profitable Candle Making Business! How to make Candles at home #businessideas #candle,553.0,storyboard,15,120.22,128.23,8.01,https://youtu.be/TYdTLOd4q4Y?t=120s,decorate_finish,finish,1,0.4,Green oil added to melted wax.,"Green oil added to melted wax. finish phase, ~22% in, 2:00–2:08.",,0,1,,
TYdTLOd4q4Y,https://www.youtube.com/watch?v=TYdTLOd4q4Y,Start Your Own Profitable Candle Making Business! How to make Candles at home #businessideas #candle,553.0,storyboard,16,128.23,136.25,8.02,https://youtu.be/TYdTLOd4q4Y?t=128s,decorate_finish,finish,1,0.4,Bubble-cube candles b-roll.,"Bubble-cube candles b-roll. finish phase, ~23% in, 2:08–2:16.",,0,1,,
TYdTLOd4q4Y,https://www.youtube.com/watch?v=TYdTLOd4q4Y,Start Your Own Profitable Candle Making Business! How to make Candles at home #businessideas #candle,553.0,storyboard,17,136.25,144.26,8.01,https://youtu.be/TYdTLOd4q4Y?t=136s,decorate_finish,finish,1,0.4,Demoulding a moulded candle.,"Demoulding a moulded candle. finish phase, ~25% in, 2:16–2:24. Terminology: pillar candle.",,0,1,,
TYdTLOd4q4Y,https://www.youtube.com/watch?v=TYdTLOd4q4Y,Start Your Own Profitable Candle Making Business! How to make Candles at home #businessideas #candle,553.0,storyboard,18,144.26,152.28,8.02,https://youtu.be/TYdTLOd4q4Y?t=144s,decorate_finish,finish,1,0.4,Twisted taper candle b-roll.,"Twisted taper candle b-roll. finish phase, ~26% in, 2:24–2:32.",,0,1,,
TYdTLOd4q4Y,https://www.youtube.com/watch?v=TYdTLOd4q4Y,Start Your Own Profitable Candle Making Business! How to make Candles at home #businessideas #candle,553.0,storyboard,22,176.32,184.33,8.01,https://youtu.be/TYdTLOd4q4Y?t=176s,decorate_finish,finish,1,0.4,Pressed-flower candle b-roll.,"Pressed-flower candle b-roll. finish phase, ~32% in, 2:56–3:04.",,0,1,,
TYdTLOd4q4Y,https://www.youtube.com/watch?v=TYdTLOd4q4Y,Start Your Own Profitable Candle Making Business! How to make Candles at home #businessideas #candle,553.0,storyboard,23,184.33,192.35,8.02,https://youtu.be/TYdTLOd4q4Y?t=184s,decorate_finish,finish,1,0.4,Finished decorated candles.,"Finished decorated candles. finish phase, ~33% in, 3:04–3:12.",,0,1,,
TYdTLOd4q4Y,https://www.youtube.com/watch?v=TYdTLOd4q4Y,Start Your Own Profitable Candle Making Business! How to make Candles at home #businessideas #candle,553.0,storyboard,24,192.35,200.36,8.01,https://youtu.be/TYdTLOd4q4Y?t=192s,decorate_finish,finish,1,0.4,Photo frame / flower candle b-roll.,"Photo frame / flower candle b-roll. finish phase, ~35% in, 3:12–3:20.",,0,1,,
TYdTLOd4q4Y,https://www.youtube.com/watch?v=TYdTLOd4q4Y,Start Your Own Profitable Candle Making Business! How to make Candles at home #businessideas #candle,553.0,storyboard,25,200.36,208.38,8.02,https://youtu.be/TYdTLOd4q4Y?t=200s,decorate_finish,finish,1,0.4,Twisted taper candles on a table.,"Twisted taper candles on a table. finish phase, ~36% in, 3:20–3:28.",,0,1,,
TYdTLOd4q4Y,https://www.youtube.com/watch?v=TYdTLOd4q4Y,Start Your Own Profitable Candle Making Business! How to make Candles at home #businessideas #candle,553.0,storyboard,26,208.38,216.39,8.01,https://youtu.be/TYdTLOd4q4Y?t=208s,decorate_finish,finish,1,0.4,Twisted candles b-roll.,"Twisted candles b-roll. Final touches - labels, lids, ribbon, cleaning the glass. finish phase, ~38% in, 3:28–3:36.",,0,1,,
TYdTLOd4q4Y,https://www.youtube.com/watch?v=TYdTLOd4q4Y,Start Your Own Profitable Candle Making Business! How to make Candles at home #businessideas #candle,553.0,storyboard,31,248.45,256.46,8.01,https://youtu.be/TYdTLOd4q4Y?t=248s,decorate_finish,finish,1,0.4,Pink flower candles b-roll.,"Pink flower candles b-roll. finish phase, ~45% in, 4:08–4:16.",,0,1,,
TYdTLOd4q4Y,https://www.youtube.com/watch?v=TYdTLOd4q4Y,Start Your Own Profitable Candle Making Business! How to make Candles at home #businessideas #candle,553.0,storyboard,32,256.46,264.48,8.02,https://youtu.be/TYdTLOd4q4Y?t=256s,decorate_finish,finish,1,0.4,Twisted pink tapers being shaped.,"Twisted pink tapers being shaped. finish phase, ~46% in, 4:16–4:24.",,0,1,,
TYdTLOd4q4Y,https://www.youtube.com/watch?v=TYdTLOd4q4Y,Start Your Own Profitable Candle Making Business! How to make Candles at home #businessideas #candle,553.0,storyboard,33,264.48,272.49,8.01,https://youtu.be/TYdTLOd4q4Y?t=264s,decorate_finish,finish,1,0.4,Rolling/shaping candles on a board.,"Rolling/shaping candles on a board. finish phase, ~48% in, 4:24–4:32.",,0,1,,
TYdTLOd4q4Y,https://www.youtube.com/watch?v=TYdTLOd4q4Y,Start Your Own Profitable Candle Making Business! How to make Candles at home #businessideas #candle,553.0,storyboard,34,272.49,280.51,8.02,https://youtu.be/TYdTLOd4q4Y?t=272s,decorate_finish,finish,1,0.4,Twisted taper candles.,"Twisted taper candles. Final touches - labels, lids, ribbon, cleaning the glass. finish phase, ~49% in, 4:32–4:40.",,0,1,,
TYdTLOd4q4Y,https://www.youtube.com/watch?v=TYdTLOd4q4Y,Start Your Own Profitable Candle Making Business! How to make Candles at home #businessideas #candle,553.0,storyboard,35,280.51,288.52,8.01,https://youtu.be/TYdTLOd4q4Y?t=281s,decorate_finish,finish,1,0.4,Colourful twisted candles b-roll.,"Colourful twisted candles b-roll. finish phase, ~51% in, 4:40–4:48.",,0,1,,
TYdTLOd4q4Y,https://www.youtube.com/watch?v=TYdTLOd4q4Y,Start Your Own Profitable Candle Making Business! How to make Candles at home #businessideas #candle,553.0,storyboard,36,288.52,296.54,8.02,https://youtu.be/TYdTLOd4q4Y?t=289s,decorate_finish,finish,1,0.4,Bubble cube candle with red dots.,"Bubble cube candle with red dots. finish phase, ~52% in, 4:48–4:56.",,0,1,,
TYdTLOd4q4Y,https://www.youtube.com/watch?v=TYdTLOd4q4Y,Start Your Own Profitable Candle Making Business! How to make Candles at home #businessideas #candle,553.0,storyboard,37,296.54,304.55,8.01,https://youtu.be/TYdTLOd4q4Y?t=297s,decorate_finish,finish,1,0.4,Pink bubble candles display.,"Pink bubble candles display. finish phase, ~54% in, 4:56–5:04.",,0,1,,
TYdTLOd4q4Y,https://www.youtube.com/watch?v=TYdTLOd4q4Y,Start Your Own Profitable Candle Making Business! How to make Candles at home #businessideas #candle,553.0,storyboard,38,304.55,312.57,8.02,https://youtu.be/TYdTLOd4q4Y?t=305s,decorate_finish,finish,1,0.4,Flower/heart candle b-roll.,"Flower/heart candle b-roll. finish phase, ~55% in, 5:04–5:12.",,0,1,,
TYdTLOd4q4Y,https://www.youtube.com/watch?v=TYdTLOd4q4Y,Start Your Own Profitable Candle Making Business! How to make Candles at home #businessideas #candle,553.0,storyboard,39,312.57,320.58,8.01,https://youtu.be/TYdTLOd4q4Y?t=313s,decorate_finish,finish,1,0.4,Bubble candle close-up.,"Bubble candle close-up. Final touches - labels, lids, ribbon, cleaning the glass. finish phase, ~57% in, 5:12–5:20.",,0,1,,
TYdTLOd4q4Y,https://www.youtube.com/watch?v=TYdTLOd4q4Y,Start Your Own Profitable Candle Making Business! How to make Candles at home #businessideas #candle,553.0,storyboard,40,320.58,328.59,8.01,https://youtu.be/TYdTLOd4q4Y?t=321s,decorate_finish,finish,1,0.4,Cutting/working a candle.,"Cutting/working a candle. finish phase, ~58% in, 5:20–5:28.",,0,1,,
TYdTLOd4q4Y,https://www.youtube.com/watch?v=TYdTLOd4q4Y,Start Your Own Profitable Candle Making Business! How to make Candles at home #businessideas #candle,553.0,storyboard,41,328.59,336.61,8.02,https://youtu.be/TYdTLOd4q4Y?t=329s,decorate_finish,finish,1,0.4,Text caption over pink background.,"Text caption over pink background. finish phase, ~59% in, 5:28–5:36.",,0,1,,
TYdTLOd4q4Y,https://www.youtube.com/watch?v=TYdTLOd4q4Y,Start Your Own Profitable Candle Making Business! How to make Candles at home #businessideas #candle,553.0,storyboard,42,336.61,344.62,8.01,https://youtu.be/TYdTLOd4q4Y?t=337s,decorate_finish,finish,1,0.4,Piping whipped wax (the hot tip).,"Piping whipped wax (the hot tip). finish phase, ~61% in, 5:36–5:44.",,0,1,,
TYdTLOd4q4Y,https://www.youtube.com/watch?v=TYdTLOd4q4Y,Start Your Own Profitable Candle Making Business! How to make Candles at home #businessideas #candle,553.0,storyboard,43,344.62,352.64,8.02,https://youtu.be/TYdTLOd4q4Y?t=345s,decorate_finish,finish,1,0.4,Finishing a candle.,"Finishing a candle. Final touches - labels, lids, ribbon, cleaning the glass. finish phase, ~62% in, 5:44–5:52.",,0,1,,
TYdTLOd4q4Y,https://www.youtube.com/watch?v=TYdTLOd4q4Y,Start Your Own Profitable Candle Making Business! How to make Candles at home #businessideas #candle,553.0,storyboard,44,352.64,360.65,8.01,https://youtu.be/TYdTLOd4q4Y?t=353s,decorate_finish,finish,1,0.4,Gloved hands finishing a candle.,"Gloved hands finishing a candle. finish phase, ~64% in, 5:52–6:00.",,0,1,,
TYdTLOd4q4Y,https://www.youtube.com/watch?v=TYdTLOd4q4Y,Start Your Own Profitable Candle Making Business! How to make Candles at home #businessideas #candle,553.0,storyboard,50,400.72,408.74,8.02,https://youtu.be/TYdTLOd4q4Y?t=401s,decorate_finish,finish,1,0.4,Pink moulded candle / packaging.,"Pink moulded candle / packaging. finish phase, ~72% in, 6:40–6:48. Terminology: pillar candle.",,0,1,,
TYdTLOd4q4Y,https://www.youtube.com/watch?v=TYdTLOd4q4Y,Start Your Own Profitable Candle Making Business! How to make Candles at home #businessideas #candle,553.0,storyboard,51,408.74,416.75,8.01,https://youtu.be/TYdTLOd4q4Y?t=409s,decorate_finish,finish,1,0.4,Labelled candle b-roll.,"Labelled candle b-roll. Final touches - labels, lids, ribbon, cleaning the glass. finish phase, ~74% in, 6:48–6:56.",,0,1,,
TYdTLOd4q4Y,https://www.youtube.com/watch?v=TYdTLOd4q4Y,Start Your Own Profitable Candle Making Business! How to make Candles at home #businessideas #candle,553.0,storyboard,58,464.84,472.86,8.02,https://youtu.be/TYdTLOd4q4Y?t=465s,decorate_finish,finish,1,0.4,Finishing a concrete/grey candle.,"Finishing a concrete/grey candle. finish phase, ~84% in, 7:44–7:52.",,0,1,,
TYdTLOd4q4Y,https://www.youtube.com/watch?v=TYdTLOd4q4Y,Start Your Own Profitable Candle Making Business! How to make Candles at home #businessideas #candle,553.0,storyboard,59,472.86,480.87,8.01,https://youtu.be/TYdTLOd4q4Y?t=473s,decorate_finish,finish,1,0.4,Labelling/finishing a candle.,"Labelling/finishing a candle. finish phase, ~86% in, 7:52–8:00.",,0,1,,
TYdTLOd4q4Y,https://www.youtube.com/watch?v=TYdTLOd4q4Y,Start Your Own Profitable Candle Making Business! How to make Candles at home #businessideas #candle,553.0,storyboard,60,480.87,488.88,8.01,https://youtu.be/TYdTLOd4q4Y?t=481s,decorate_finish,finish,1,0.4,Pouring wax into a vessel.,"Pouring wax into a vessel. finish phase, ~87% in, 8:00–8:08.",,0,1,,
TYdTLOd4q4Y,https://www.youtube.com/watch?v=TYdTLOd4q4Y,Start Your Own Profitable Candle Making Business! How to make Candles at home #businessideas #candle,553.0,storyboard,61,488.88,496.9,8.02,https://youtu.be/TYdTLOd4q4Y?t=489s,decorate_finish,finish,1,0.4,Final touches on a candle.,"Final touches on a candle. finish phase, ~88% in, 8:08–8:16.",,0,1,,
Tr8qDI6L2aA,https://www.youtube.com/watch?v=Tr8qDI6L2aA,How to Make Palm Wax Candles,679.0,storyboard,26,207.69,215.68,7.99,https://youtu.be/Tr8qDI6L2aA?t=208s,decorate_finish,finish,1,0.5,Blue-gloved hands demould/handle the pink palm-wax pillars.,"Blue-gloved hands demould/handle the pink palm-wax pillars. finish phase, ~31% in, 3:27–3:35.",,0,1,,
Tr8qDI6L2aA,https://www.youtube.com/watch?v=Tr8qDI6L2aA,How to Make Palm Wax Candles,679.0,storyboard,27,215.68,223.67,7.99,https://youtu.be/Tr8qDI6L2aA?t=216s,decorate_finish,finish,1,0.5,Blue-gloved hands demould/handle the pink palm-wax pillars.,"Blue-gloved hands demould/handle the pink palm-wax pillars. finish phase, ~32% in, 3:35–3:43.",,0,1,,
Tr8qDI6L2aA,https://www.youtube.com/watch?v=Tr8qDI6L2aA,How to Make Palm Wax Candles,679.0,storyboard,28,223.67,231.66,7.99,https://youtu.be/Tr8qDI6L2aA?t=224s,decorate_finish,finish,0,0.6,AFI host (green apron) talks to camera.,"AFI host (green apron) talks to camera. finish phase, ~33% in, 3:43–3:51.",,0,1,desc_talking_head,
Tr8qDI6L2aA,https://www.youtube.com/watch?v=Tr8qDI6L2aA,How to Make Palm Wax Candles,679.0,storyboard,29,231.66,239.65,7.99,https://youtu.be/Tr8qDI6L2aA?t=232s,decorate_finish,finish,1,0.5,Blue-gloved hands demould/handle the pink palm-wax pillars.,"Blue-gloved hands demould/handle the pink palm-wax pillars. finish phase, ~34% in, 3:51–3:59.",,0,1,,
Tr8qDI6L2aA,https://www.youtube.com/watch?v=Tr8qDI6L2aA,How to Make Palm Wax Candles,679.0,storyboard,30,239.65,247.64,7.99,https://youtu.be/Tr8qDI6L2aA?t=240s,decorate_finish,finish,1,0.5,Pouring palm wax into the vessels.,"Pouring palm wax into the vessels. finish phase, ~35% in, 3:59–4:07.",,0,1,,
Tr8qDI6L2aA,https://www.youtube.com/watch?v=Tr8qDI6L2aA,How to Make Palm Wax Candles,679.0,storyboard,31,247.64,255.62,7.98,https://youtu.be/Tr8qDI6L2aA?t=248s,decorate_finish,finish,1,0.5,Blue-gloved hands demould/handle the pink palm-wax pillars.,"Blue-gloved hands demould/handle the pink palm-wax pillars. finish phase, ~36% in, 4:07–4:15.",,0,1,,
Tr8qDI6L2aA,https://www.youtube.com/watch?v=Tr8qDI6L2aA,How to Make Palm Wax Candles,679.0,storyboard,32,255.62,263.61,7.99,https://youtu.be/Tr8qDI6L2aA?t=256s,decorate_finish,finish,0,0.6,AFI host (green apron) talks to camera.,"AFI host (green apron) talks to camera. finish phase, ~38% in, 4:15–4:23.",,0,1,desc_talking_head,
Tr8qDI6L2aA,https://www.youtube.com/watch?v=Tr8qDI6L2aA,How to Make Palm Wax Candles,679.0,storyboard,33,263.61,271.6,7.99,https://youtu.be/Tr8qDI6L2aA?t=264s,decorate_finish,finish,1,0.5,Blue-gloved hands demould/handle the pink palm-wax pillars.,"Blue-gloved hands demould/handle the pink palm-wax pillars. finish phase, ~39% in, 4:23–4:31.",,0,1,,
Tr8qDI6L2aA,https://www.youtube.com/watch?v=Tr8qDI6L2aA,How to Make Palm Wax Candles,679.0,storyboard,37,295.56,303.55,7.99,https://youtu.be/Tr8qDI6L2aA?t=296s,decorate_finish,finish,1,0.5,Blue-gloved hands demould/handle the pink palm-wax pillars.,"Blue-gloved hands demould/handle the pink palm-wax pillars. finish phase, ~44% in, 4:55–5:03.",,0,1,,
Tr8qDI6L2aA,https://www.youtube.com/watch?v=Tr8qDI6L2aA,How to Make Palm Wax Candles,679.0,storyboard,38,303.55,311.54,7.99,https://youtu.be/Tr8qDI6L2aA?t=304s,decorate_finish,finish,1,0.5,Blue-gloved hands demould/handle the pink palm-wax pillars.,"Blue-gloved hands demould/handle the pink palm-wax pillars. finish phase, ~45% in, 5:03–5:11.",,0,1,,
Tr8qDI6L2aA,https://www.youtube.com/watch?v=Tr8qDI6L2aA,How to Make Palm Wax Candles,679.0,storyboard,39,311.54,319.53,7.99,https://youtu.be/Tr8qDI6L2aA?t=312s,decorate_finish,finish,1,0.5,Blue-gloved hands demould/handle the pink palm-wax pillars.,"Blue-gloved hands demould/handle the pink palm-wax pillars. finish phase, ~46% in, 5:11–5:19.",,0,1,,
Tr8qDI6L2aA,https://www.youtube.com/watch?v=Tr8qDI6L2aA,How to Make Palm Wax Candles,679.0,storyboard,40,319.53,327.52,7.99,https://youtu.be/Tr8qDI6L2aA?t=320s,decorate_finish,finish,0,0.6,AFI host (green apron) talks to camera.,"AFI host (green apron) talks to camera. finish phase, ~47% in, 5:19–5:27.",,0,1,desc_talking_head,
Tr8qDI6L2aA,https://www.youtube.com/watch?v=Tr8qDI6L2aA,How to Make Palm Wax Candles,679.0,storyboard,41,327.52,335.51,7.99,https://youtu.be/Tr8qDI6L2aA?t=328s,decorate_finish,finish,1,0.5,Blue-gloved hands demould/handle the pink palm-wax pillars.,"Blue-gloved hands demould/handle the pink palm-wax pillars. finish phase, ~48% in, 5:27–5:35.",,0,1,,
Tr8qDI6L2aA,https://www.youtube.com/watch?v=Tr8qDI6L2aA,How to Make Palm Wax Candles,679.0,storyboard,42,335.51,343.49,7.98,https://youtu.be/Tr8qDI6L2aA?t=336s,decorate_finish,finish,1,0.5,Blue-gloved hands demould/handle the pink palm-wax pillars.,"Blue-gloved hands demould/handle the pink palm-wax pillars. finish phase, ~49% in, 5:35–5:43.",,0,1,,
Tr8qDI6L2aA,https://www.youtube.com/watch?v=Tr8qDI6L2aA,How to Make Palm Wax Candles,679.0,storyboard,43,343.49,351.48,7.99,https://youtu.be/Tr8qDI6L2aA?t=343s,decorate_finish,finish,1,0.5,Blue-gloved hands demould/handle the pink palm-wax pillars.,"Blue-gloved hands demould/handle the pink palm-wax pillars. finish phase, ~51% in, 5:43–5:51.",,0,1,,
Tr8qDI6L2aA,https://www.youtube.com/watch?v=Tr8qDI6L2aA,How to Make Palm Wax Candles,679.0,storyboard,55,439.35,447.34,7.99,https://youtu.be/Tr8qDI6L2aA?t=439s,decorate_finish,finish,1,0.5,Blue-gloved hands demould/handle the pink palm-wax pillars.,"Blue-gloved hands demould/handle the pink palm-wax pillars. finish phase, ~65% in, 7:19–7:27.",,0,1,,
Tr8qDI6L2aA,https://www.youtube.com/watch?v=Tr8qDI6L2aA,How to Make Palm Wax Candles,679.0,storyboard,69,551.19,559.18,7.99,https://youtu.be/Tr8qDI6L2aA?t=551s,decorate_finish,finish,1,0.5,Blue-gloved hands demould/handle the pink palm-wax pillars.,"Blue-gloved hands demould/handle the pink palm-wax pillars. finish phase, ~81% in, 9:11–9:19.",,0,1,,
Tr8qDI6L2aA,https://www.youtube.com/watch?v=Tr8qDI6L2aA,How to Make Palm Wax Candles,679.0,storyboard,70,559.18,567.16,7.98,https://youtu.be/Tr8qDI6L2aA?t=559s,decorate_finish,finish,1,0.5,Blue-gloved hands demould/handle the pink palm-wax pillars.,"Blue-gloved hands demould/handle the pink palm-wax pillars. finish phase, ~82% in, 9:19–9:27.",,0,1,,
UH-OmRowiak,https://www.youtube.com/watch?v=UH-OmRowiak,Candle Making Process In Factory || How Candle Is Made,363.0,storyboard,6,48.4,56.47,8.07,https://youtu.be/UH-OmRowiak?t=48s,decorate_finish,finish,1,0.4,Workers demoulding/finishing the candles.,"Workers demoulding/finishing the candles. finish phase, ~13% in, 0:48–0:56.",,0,1,,
UH-OmRowiak,https://www.youtube.com/watch?v=UH-OmRowiak,Candle Making Process In Factory || How Candle Is Made,363.0,storyboard,10,80.67,88.73,8.06,https://youtu.be/UH-OmRowiak?t=81s,decorate_finish,finish,1,0.4,Workers demoulding/finishing the candles.,"Workers demoulding/finishing the candles. finish phase, ~22% in, 1:20–1:28.",,0,1,,
UH-OmRowiak,https://www.youtube.com/watch?v=UH-OmRowiak,Candle Making Process In Factory || How Candle Is Made,363.0,storyboard,14,112.93,121.0,8.07,https://youtu.be/UH-OmRowiak?t=113s,decorate_finish,finish,1,0.4,Workers demoulding/finishing the candles.,"Workers demoulding/finishing the candles. finish phase, ~31% in, 1:52–2:01.",,0,1,,
UH-OmRowiak,https://www.youtube.com/watch?v=UH-OmRowiak,Candle Making Process In Factory || How Candle Is Made,363.0,storyboard,26,209.73,217.8,8.07,https://youtu.be/UH-OmRowiak?t=210s,decorate_finish,finish,1,0.4,Workers demoulding/finishing the candles.,"Workers demoulding/finishing the candles. finish phase, ~58% in, 3:29–3:37.",,0,1,,
UH-OmRowiak,https://www.youtube.com/watch?v=UH-OmRowiak,Candle Making Process In Factory || How Candle Is Made,363.0,storyboard,30,242.0,250.07,8.07,https://youtu.be/UH-OmRowiak?t=242s,decorate_finish,finish,1,0.4,Workers demoulding/finishing the candles.,"Workers demoulding/finishing the candles. finish phase, ~67% in, 4:02–4:10.",,0,1,,
UH-OmRowiak,https://www.youtube.com/watch?v=UH-OmRowiak,Candle Making Process In Factory || How Candle Is Made,363.0,storyboard,34,274.27,282.33,8.06,https://youtu.be/UH-OmRowiak?t=274s,decorate_finish,finish,1,0.4,Workers demoulding/finishing the candles.,"Workers demoulding/finishing the candles. finish phase, ~76% in, 4:34–4:42.",,0,1,,
UrFrR3p0B3A,https://www.youtube.com/watch?v=UrFrR3p0B3A,"DIY Candle Jars with Jesmonite | aesthetic candle vessels, Boowan Nicole molds | handmade gift ideas",399.0,storyboard,33,263.34,271.32,7.98,https://youtu.be/UrFrR3p0B3A?t=263s,decorate_finish,finish,1,0.5,A pink wax rose placed on the candle top as decoration.,"A pink wax rose placed on the candle top as decoration. finish phase, ~66% in, 4:23–4:31.",,0,1,,
UrFrR3p0B3A,https://www.youtube.com/watch?v=UrFrR3p0B3A,"DIY Candle Jars with Jesmonite | aesthetic candle vessels, Boowan Nicole molds | handmade gift ideas",399.0,storyboard,34,271.32,279.3,7.98,https://youtu.be/UrFrR3p0B3A?t=271s,decorate_finish,finish,1,0.5,Candle decorated with the pink wax rose.,"Candle decorated with the pink wax rose. finish phase, ~68% in, 4:31–4:39.",,0,1,,
UrFrR3p0B3A,https://www.youtube.com/watch?v=UrFrR3p0B3A,"DIY Candle Jars with Jesmonite | aesthetic candle vessels, Boowan Nicole molds | handmade gift ideas",399.0,storyboard,35,279.3,287.28,7.98,https://youtu.be/UrFrR3p0B3A?t=279s,decorate_finish,finish,1,0.5,Arranging the rose on the candle surface.,"Arranging the rose on the candle surface. finish phase, ~70% in, 4:39–4:47.",,0,1,,
UrFrR3p0B3A,https://www.youtube.com/watch?v=UrFrR3p0B3A,"DIY Candle Jars with Jesmonite | aesthetic candle vessels, Boowan Nicole molds | handmade gift ideas",399.0,storyboard,36,287.28,295.26,7.98,https://youtu.be/UrFrR3p0B3A?t=287s,decorate_finish,finish,1,0.45,Melting wax / heat gun for the decorative topping.,"Melting wax / heat gun for the decorative topping. finish phase, ~72% in, 4:47–4:55.",,0,1,,
UrFrR3p0B3A,https://www.youtube.com/watch?v=UrFrR3p0B3A,"DIY Candle Jars with Jesmonite | aesthetic candle vessels, Boowan Nicole molds | handmade gift ideas",399.0,storyboard,37,295.26,303.24,7.98,https://youtu.be/UrFrR3p0B3A?t=295s,decorate_finish,finish,1,0.5,Heat gun smooths around the rose on the candle top.,"Heat gun smooths around the rose on the candle top. finish phase, ~74% in, 4:55–5:03.",,0,1,,
UrFrR3p0B3A,https://www.youtube.com/watch?v=UrFrR3p0B3A,"DIY Candle Jars with Jesmonite | aesthetic candle vessels, Boowan Nicole molds | handmade gift ideas",399.0,storyboard,41,327.18,335.16,7.98,https://youtu.be/UrFrR3p0B3A?t=327s,decorate_finish,finish,1,0.5,Pink rose placed on the candle.,"Pink rose placed on the candle. finish phase, ~82% in, 5:27–5:35.",,0,1,,
V50SgBW1bRM,https://www.youtube.com/watch?v=V50SgBW1bRM,🔥 Watch Me Make Luxury Pillar Candles! | Get My Exact Recipe in the Ultimate Candle-Making eBook! 🔥,546.0,storyboard,8,64.24,72.26,8.02,https://youtu.be/V50SgBW1bRM?t=64s,decorate_finish,finish,1,0.5,Decorating the yellow pillars with pink wax flowers.,"Decorating the yellow pillars with pink wax flowers. finish phase, ~12% in, 1:04–1:12.",,0,1,,
V50SgBW1bRM,https://www.youtube.com/watch?v=V50SgBW1bRM,🔥 Watch Me Make Luxury Pillar Candles! | Get My Exact Recipe in the Ultimate Candle-Making eBook! 🔥,546.0,storyboard,9,72.26,80.29,8.03,https://youtu.be/V50SgBW1bRM?t=72s,decorate_finish,finish,0,0.7,Presenter talking to camera (auto-detected: frontal face).,"Presenter talking to camera (auto-detected: frontal face). Final touches - labels, lids, ribbon, cleaning the glass. finish phase, ~13% in, 1:12–1:20.",,0,1,desc_talking_head,
V50SgBW1bRM,https://www.youtube.com/watch?v=V50SgBW1bRM,🔥 Watch Me Make Luxury Pillar Candles! | Get My Exact Recipe in the Ultimate Candle-Making eBook! 🔥,546.0,storyboard,10,80.29,88.32,8.03,https://youtu.be/V50SgBW1bRM?t=80s,decorate_finish,finish,1,0.5,Decorating the yellow pillars with pink wax flowers.,"Decorating the yellow pillars with pink wax flowers. finish phase, ~15% in, 1:20–1:28.",,0,1,,
V50SgBW1bRM,https://www.youtube.com/watch?v=V50SgBW1bRM,🔥 Watch Me Make Luxury Pillar Candles! | Get My Exact Recipe in the Ultimate Candle-Making eBook! 🔥,546.0,storyboard,11,88.32,96.35,8.03,https://youtu.be/V50SgBW1bRM?t=88s,decorate_finish,finish,1,0.5,Decorating the yellow pillars with pink wax flowers.,"Decorating the yellow pillars with pink wax flowers. finish phase, ~16% in, 1:28–1:36.",,0,1,,
V50SgBW1bRM,https://www.youtube.com/watch?v=V50SgBW1bRM,🔥 Watch Me Make Luxury Pillar Candles! | Get My Exact Recipe in the Ultimate Candle-Making eBook! 🔥,546.0,storyboard,17,136.5,144.53,8.03,https://youtu.be/V50SgBW1bRM?t=136s,decorate_finish,finish,1,0.5,Decorating the yellow pillars with pink wax flowers.,"Decorating the yellow pillars with pink wax flowers. finish phase, ~25% in, 2:16–2:24.",,0,1,,
V50SgBW1bRM,https://www.youtube.com/watch?v=V50SgBW1bRM,🔥 Watch Me Make Luxury Pillar Candles! | Get My Exact Recipe in the Ultimate Candle-Making eBook! 🔥,546.0,storyboard,20,160.59,168.62,8.03,https://youtu.be/V50SgBW1bRM?t=161s,decorate_finish,finish,1,0.5,Decorating the yellow pillars with pink wax flowers.,"Decorating the yellow pillars with pink wax flowers. finish phase, ~29% in, 2:40–2:48.",,0,1,,
V50SgBW1bRM,https://www.youtube.com/watch?v=V50SgBW1bRM,🔥 Watch Me Make Luxury Pillar Candles! | Get My Exact Recipe in the Ultimate Candle-Making eBook! 🔥,546.0,storyboard,21,168.62,176.65,8.03,https://youtu.be/V50SgBW1bRM?t=169s,decorate_finish,finish,1,0.4,Trimming the wicks on the pillars.,"Trimming the wicks on the pillars. finish phase, ~31% in, 2:48–2:56.",,0,1,,
V50SgBW1bRM,https://www.youtube.com/watch?v=V50SgBW1bRM,🔥 Watch Me Make Luxury Pillar Candles! | Get My Exact Recipe in the Ultimate Candle-Making eBook! 🔥,546.0,storyboard,22,176.65,184.68,8.03,https://youtu.be/V50SgBW1bRM?t=177s,decorate_finish,finish,1,0.5,Decorating the yellow pillars with pink wax flowers.,"Decorating the yellow pillars with pink wax flowers. finish phase, ~32% in, 2:56–3:04.",,0,1,,
V50SgBW1bRM,https://www.youtube.com/watch?v=V50SgBW1bRM,🔥 Watch Me Make Luxury Pillar Candles! | Get My Exact Recipe in the Ultimate Candle-Making eBook! 🔥,546.0,storyboard,48,385.41,393.44,8.03,https://youtu.be/V50SgBW1bRM?t=385s,decorate_finish,finish,1,0.5,Demoulding/trimming the ribbed & bubble pillar candles.,"Demoulding/trimming the ribbed & bubble pillar candles. finish phase, ~71% in, 6:25–6:33.",,0,1,,
V50SgBW1bRM,https://www.youtube.com/watch?v=V50SgBW1bRM,🔥 Watch Me Make Luxury Pillar Candles! | Get My Exact Recipe in the Ultimate Candle-Making eBook! 🔥,546.0,storyboard,49,393.44,401.47,8.03,https://youtu.be/V50SgBW1bRM?t=393s,decorate_finish,finish,1,0.5,Demoulding/trimming the ribbed & bubble pillar candles.,"Demoulding/trimming the ribbed & bubble pillar candles. finish phase, ~72% in, 6:33–6:41.",,0,1,,
V50SgBW1bRM,https://www.youtube.com/watch?v=V50SgBW1bRM,🔥 Watch Me Make Luxury Pillar Candles! | Get My Exact Recipe in the Ultimate Candle-Making eBook! 🔥,546.0,storyboard,50,401.47,409.5,8.03,https://youtu.be/V50SgBW1bRM?t=401s,decorate_finish,finish,1,0.5,Demoulding/trimming the ribbed & bubble pillar candles.,"Demoulding/trimming the ribbed & bubble pillar candles. finish phase, ~74% in, 6:41–6:49.",,0,1,,
V50SgBW1bRM,https://www.youtube.com/watch?v=V50SgBW1bRM,🔥 Watch Me Make Luxury Pillar Candles! | Get My Exact Recipe in the Ultimate Candle-Making eBook! 🔥,546.0,storyboard,51,409.5,417.53,8.03,https://youtu.be/V50SgBW1bRM?t=410s,decorate_finish,finish,1,0.5,Demoulding/trimming the ribbed & bubble pillar candles.,"Demoulding/trimming the ribbed & bubble pillar candles. finish phase, ~75% in, 6:49–6:57.",,0,1,,
V50SgBW1bRM,https://www.youtube.com/watch?v=V50SgBW1bRM,🔥 Watch Me Make Luxury Pillar Candles! | Get My Exact Recipe in the Ultimate Candle-Making eBook! 🔥,546.0,storyboard,52,417.53,425.56,8.03,https://youtu.be/V50SgBW1bRM?t=418s,decorate_finish,finish,1,0.5,Demoulding/trimming the ribbed & bubble pillar candles.,"Demoulding/trimming the ribbed & bubble pillar candles. finish phase, ~76% in, 6:57–7:05.",,0,1,,
V50SgBW1bRM,https://www.youtube.com/watch?v=V50SgBW1bRM,🔥 Watch Me Make Luxury Pillar Candles! | Get My Exact Recipe in the Ultimate Candle-Making eBook! 🔥,546.0,storyboard,53,425.56,433.59,8.03,https://youtu.be/V50SgBW1bRM?t=426s,decorate_finish,finish,1,0.5,Demoulding/trimming the ribbed & bubble pillar candles.,"Demoulding/trimming the ribbed & bubble pillar candles. finish phase, ~78% in, 7:05–7:13.",,0,1,,
V50SgBW1bRM,https://www.youtube.com/watch?v=V50SgBW1bRM,🔥 Watch Me Make Luxury Pillar Candles! | Get My Exact Recipe in the Ultimate Candle-Making eBook! 🔥,546.0,storyboard,54,433.59,441.62,8.03,https://youtu.be/V50SgBW1bRM?t=434s,decorate_finish,finish,1,0.5,Demoulding/trimming the ribbed & bubble pillar candles.,"Demoulding/trimming the ribbed & bubble pillar candles. finish phase, ~79% in, 7:13–7:21.",,0,1,,
V50SgBW1bRM,https://www.youtube.com/watch?v=V50SgBW1bRM,🔥 Watch Me Make Luxury Pillar Candles! | Get My Exact Recipe in the Ultimate Candle-Making eBook! 🔥,546.0,storyboard,55,441.62,449.65,8.03,https://youtu.be/V50SgBW1bRM?t=442s,decorate_finish,finish,1,0.5,Demoulding/trimming the ribbed & bubble pillar candles.,"Demoulding/trimming the ribbed & bubble pillar candles. finish phase, ~81% in, 7:21–7:29.",,0,1,,
V50SgBW1bRM,https://www.youtube.com/watch?v=V50SgBW1bRM,🔥 Watch Me Make Luxury Pillar Candles! | Get My Exact Recipe in the Ultimate Candle-Making eBook! 🔥,546.0,storyboard,56,449.65,457.68,8.03,https://youtu.be/V50SgBW1bRM?t=450s,decorate_finish,finish,1,0.5,Demoulding/trimming the ribbed & bubble pillar candles.,"Demoulding/trimming the ribbed & bubble pillar candles. finish phase, ~82% in, 7:29–7:37.",,0,1,,
V50SgBW1bRM,https://www.youtube.com/watch?v=V50SgBW1bRM,🔥 Watch Me Make Luxury Pillar Candles! | Get My Exact Recipe in the Ultimate Candle-Making eBook! 🔥,546.0,storyboard,57,457.68,465.71,8.03,https://youtu.be/V50SgBW1bRM?t=458s,decorate_finish,finish,1,0.5,Demoulding/trimming the ribbed & bubble pillar candles.,"Demoulding/trimming the ribbed & bubble pillar candles. finish phase, ~84% in, 7:37–7:45.",,0,1,,
V50SgBW1bRM,https://www.youtube.com/watch?v=V50SgBW1bRM,🔥 Watch Me Make Luxury Pillar Candles! | Get My Exact Recipe in the Ultimate Candle-Making eBook! 🔥,546.0,storyboard,58,465.71,473.74,8.03,https://youtu.be/V50SgBW1bRM?t=466s,decorate_finish,finish,1,0.5,Demoulding/trimming the ribbed & bubble pillar candles.,"Demoulding/trimming the ribbed & bubble pillar candles. finish phase, ~85% in, 7:45–7:53.",,0,1,,
V50SgBW1bRM,https://www.youtube.com/watch?v=V50SgBW1bRM,🔥 Watch Me Make Luxury Pillar Candles! | Get My Exact Recipe in the Ultimate Candle-Making eBook! 🔥,546.0,storyboard,59,473.74,481.76,8.02,https://youtu.be/V50SgBW1bRM?t=474s,decorate_finish,finish,1,0.5,Demoulding/trimming the ribbed & bubble pillar candles.,"Demoulding/trimming the ribbed & bubble pillar candles. finish phase, ~87% in, 7:53–8:01.",,0,1,,
V50SgBW1bRM,https://www.youtube.com/watch?v=V50SgBW1bRM,🔥 Watch Me Make Luxury Pillar Candles! | Get My Exact Recipe in the Ultimate Candle-Making eBook! 🔥,546.0,storyboard,60,481.76,489.79,8.03,https://youtu.be/V50SgBW1bRM?t=482s,decorate_finish,finish,1,0.5,Demoulding/trimming the ribbed & bubble pillar candles.,"Demoulding/trimming the ribbed & bubble pillar candles. finish phase, ~88% in, 8:01–8:09.",,0,1,,
Vp4eR_y0Zsc,https://www.youtube.com/watch?v=Vp4eR_y0Zsc,Candle Making DIY bubble Candle | Make aesthetic candles with me! |큐브캔들 만들기,509.0,storyboard,1,7.95,15.91,7.96,https://youtu.be/Vp4eR_y0Zsc?t=8s,decorate_finish,finish,1,0.5,Demoulding the bubble candles from the silicone moulds.,"Demoulding the bubble candles from the silicone moulds. finish phase, ~2% in, 0:07–0:15. Terminology: pillar candle.",,0,1,,
Vp4eR_y0Zsc,https://www.youtube.com/watch?v=Vp4eR_y0Zsc,Candle Making DIY bubble Candle | Make aesthetic candles with me! |큐브캔들 만들기,509.0,storyboard,7,55.67,63.62,7.95,https://youtu.be/Vp4eR_y0Zsc?t=56s,decorate_finish,finish,1,0.5,Demoulding the bubble candles from the silicone moulds.,"Demoulding the bubble candles from the silicone moulds. finish phase, ~11% in, 0:55–1:03. Terminology: pillar candle.",,0,1,,
Vp4eR_y0Zsc,https://www.youtube.com/watch?v=Vp4eR_y0Zsc,Candle Making DIY bubble Candle | Make aesthetic candles with me! |큐브캔들 만들기,509.0,storyboard,10,79.53,87.48,7.95,https://youtu.be/Vp4eR_y0Zsc?t=80s,decorate_finish,finish,1,0.5,Demoulding the bubble candles from the silicone moulds.,"Demoulding the bubble candles from the silicone moulds. finish phase, ~16% in, 1:19–1:27. Terminology: pillar candle.",,0,1,,
Vp4eR_y0Zsc,https://www.youtube.com/watch?v=Vp4eR_y0Zsc,Candle Making DIY bubble Candle | Make aesthetic candles with me! |큐브캔들 만들기,509.0,storyboard,13,103.39,111.34,7.95,https://youtu.be/Vp4eR_y0Zsc?t=103s,decorate_finish,finish,1,0.5,Demoulding the bubble candles from the silicone moulds.,"Demoulding the bubble candles from the silicone moulds. finish phase, ~20% in, 1:43–1:51. Terminology: pillar candle.",,0,1,,
Vp4eR_y0Zsc,https://www.youtube.com/watch?v=Vp4eR_y0Zsc,Candle Making DIY bubble Candle | Make aesthetic candles with me! |큐브캔들 만들기,509.0,storyboard,16,127.25,135.2,7.95,https://youtu.be/Vp4eR_y0Zsc?t=127s,decorate_finish,finish,1,0.5,Demoulding the bubble candles from the silicone moulds.,"Demoulding the bubble candles from the silicone moulds. finish phase, ~25% in, 2:07–2:15. Terminology: pillar candle.",,0,1,,
Vp4eR_y0Zsc,https://www.youtube.com/watch?v=Vp4eR_y0Zsc,Candle Making DIY bubble Candle | Make aesthetic candles with me! |큐브캔들 만들기,509.0,storyboard,19,151.11,159.06,7.95,https://youtu.be/Vp4eR_y0Zsc?t=151s,decorate_finish,finish,1,0.5,Demoulding the bubble candles from the silicone moulds.,"Demoulding the bubble candles from the silicone moulds. finish phase, ~30% in, 2:31–2:39. Terminology: pillar candle.",,0,1,,
Vp4eR_y0Zsc,https://www.youtube.com/watch?v=Vp4eR_y0Zsc,Candle Making DIY bubble Candle | Make aesthetic candles with me! |큐브캔들 만들기,509.0,storyboard,22,174.97,182.92,7.95,https://youtu.be/Vp4eR_y0Zsc?t=175s,decorate_finish,finish,1,0.5,Demoulding the bubble candles from the silicone moulds.,"Demoulding the bubble candles from the silicone moulds. finish phase, ~34% in, 2:54–3:02. Terminology: pillar candle.",,0,1,,
Vp4eR_y0Zsc,https://www.youtube.com/watch?v=Vp4eR_y0Zsc,Candle Making DIY bubble Candle | Make aesthetic candles with me! |큐브캔들 만들기,509.0,storyboard,23,182.92,190.88,7.96,https://youtu.be/Vp4eR_y0Zsc?t=183s,decorate_finish,finish,1,0.4,Tinting the wax for the bubble candles.,"Tinting the wax for the bubble candles. finish phase, ~36% in, 3:02–3:10.",,0,1,,
Vp4eR_y0Zsc,https://www.youtube.com/watch?v=Vp4eR_y0Zsc,Candle Making DIY bubble Candle | Make aesthetic candles with me! |큐브캔들 만들기,509.0,storyboard,24,190.88,198.83,7.95,https://youtu.be/Vp4eR_y0Zsc?t=191s,decorate_finish,finish,1,0.5,Demoulding the white bubble-cube candles from the silicone moulds.,"Demoulding the white bubble-cube candles from the silicone moulds. finish phase, ~38% in, 3:10–3:18. Terminology: pillar candle.",,0,1,,
Vp4eR_y0Zsc,https://www.youtube.com/watch?v=Vp4eR_y0Zsc,Candle Making DIY bubble Candle | Make aesthetic candles with me! |큐브캔들 만들기,509.0,storyboard,25,198.83,206.78,7.95,https://youtu.be/Vp4eR_y0Zsc?t=199s,decorate_finish,finish,1,0.5,Demoulding the white bubble-cube candles from the silicone moulds.,"Demoulding the white bubble-cube candles from the silicone moulds. finish phase, ~39% in, 3:18–3:26. Terminology: pillar candle.",,0,1,,
Vp4eR_y0Zsc,https://www.youtube.com/watch?v=Vp4eR_y0Zsc,Candle Making DIY bubble Candle | Make aesthetic candles with me! |큐브캔들 만들기,509.0,storyboard,26,206.78,214.73,7.95,https://youtu.be/Vp4eR_y0Zsc?t=207s,decorate_finish,finish,1,0.5,Demoulding the white bubble-cube candles from the silicone moulds.,"Demoulding the white bubble-cube candles from the silicone moulds. finish phase, ~41% in, 3:26–3:34. Terminology: pillar candle.",,0,1,,
Vp4eR_y0Zsc,https://www.youtube.com/watch?v=Vp4eR_y0Zsc,Candle Making DIY bubble Candle | Make aesthetic candles with me! |큐브캔들 만들기,509.0,storyboard,27,214.73,222.69,7.96,https://youtu.be/Vp4eR_y0Zsc?t=215s,decorate_finish,finish,1,0.5,Demoulding the white bubble-cube candles from the silicone moulds.,"Demoulding the white bubble-cube candles from the silicone moulds. finish phase, ~42% in, 3:34–3:42. Terminology: pillar candle.",,0,1,,
Vp4eR_y0Zsc,https://www.youtube.com/watch?v=Vp4eR_y0Zsc,Candle Making DIY bubble Candle | Make aesthetic candles with me! |큐브캔들 만들기,509.0,storyboard,28,222.69,230.64,7.95,https://youtu.be/Vp4eR_y0Zsc?t=223s,decorate_finish,finish,1,0.5,Demoulding the white bubble-cube candles from the silicone moulds.,"Demoulding the white bubble-cube candles from the silicone moulds. finish phase, ~44% in, 3:42–3:50. Terminology: pillar candle.",,0,1,,
Vp4eR_y0Zsc,https://www.youtube.com/watch?v=Vp4eR_y0Zsc,Candle Making DIY bubble Candle | Make aesthetic candles with me! |큐브캔들 만들기,509.0,storyboard,29,230.64,238.59,7.95,https://youtu.be/Vp4eR_y0Zsc?t=231s,decorate_finish,finish,1,0.5,Demoulding the white bubble-cube candles from the silicone moulds.,"Demoulding the white bubble-cube candles from the silicone moulds. finish phase, ~45% in, 3:50–3:58. Terminology: pillar candle.",,0,1,,
Vp4eR_y0Zsc,https://www.youtube.com/watch?v=Vp4eR_y0Zsc,Candle Making DIY bubble Candle | Make aesthetic candles with me! |큐브캔들 만들기,509.0,storyboard,30,238.59,246.55,7.96,https://youtu.be/Vp4eR_y0Zsc?t=239s,decorate_finish,finish,1,0.5,Rows of bubble candles on the trays.,"Rows of bubble candles on the trays. finish phase, ~47% in, 3:58–4:06.",,0,1,,
Vp4eR_y0Zsc,https://www.youtube.com/watch?v=Vp4eR_y0Zsc,Candle Making DIY bubble Candle | Make aesthetic candles with me! |큐브캔들 만들기,509.0,storyboard,31,246.55,254.5,7.95,https://youtu.be/Vp4eR_y0Zsc?t=247s,decorate_finish,finish,1,0.5,Demoulding the white bubble-cube candles from the silicone moulds.,"Demoulding the white bubble-cube candles from the silicone moulds. finish phase, ~48% in, 4:06–4:14. Terminology: pillar candle.",,0,1,,
Vp4eR_y0Zsc,https://www.youtube.com/watch?v=Vp4eR_y0Zsc,Candle Making DIY bubble Candle | Make aesthetic candles with me! |큐브캔들 만들기,509.0,storyboard,32,254.5,262.45,7.95,https://youtu.be/Vp4eR_y0Zsc?t=254s,decorate_finish,finish,1,0.5,Demoulding the white bubble-cube candles from the silicone moulds.,"Demoulding the white bubble-cube candles from the silicone moulds. finish phase, ~50% in, 4:14–4:22. Terminology: pillar candle.",,0,1,,
Vp4eR_y0Zsc,https://www.youtube.com/watch?v=Vp4eR_y0Zsc,Candle Making DIY bubble Candle | Make aesthetic candles with me! |큐브캔들 만들기,509.0,storyboard,33,262.45,270.41,7.96,https://youtu.be/Vp4eR_y0Zsc?t=262s,decorate_finish,finish,1,0.5,Demoulding the white bubble-cube candles from the silicone moulds.,"Demoulding the white bubble-cube candles from the silicone moulds. finish phase, ~52% in, 4:22–4:30. Terminology: pillar candle.",,0,1,,
Vp4eR_y0Zsc,https://www.youtube.com/watch?v=Vp4eR_y0Zsc,Candle Making DIY bubble Candle | Make aesthetic candles with me! |큐브캔들 만들기,509.0,storyboard,34,270.41,278.36,7.95,https://youtu.be/Vp4eR_y0Zsc?t=270s,decorate_finish,finish,1,0.5,Demoulding the white bubble-cube candles from the silicone moulds.,"Demoulding the white bubble-cube candles from the silicone moulds. finish phase, ~53% in, 4:30–4:38. Terminology: pillar candle.",,0,1,,
Vp4eR_y0Zsc,https://www.youtube.com/watch?v=Vp4eR_y0Zsc,Candle Making DIY bubble Candle | Make aesthetic candles with me! |큐브캔들 만들기,509.0,storyboard,35,278.36,286.31,7.95,https://youtu.be/Vp4eR_y0Zsc?t=278s,decorate_finish,finish,1,0.5,Rows of bubble candles on the trays.,"Rows of bubble candles on the trays. finish phase, ~55% in, 4:38–4:46.",,0,1,,
Vp4eR_y0Zsc,https://www.youtube.com/watch?v=Vp4eR_y0Zsc,Candle Making DIY bubble Candle | Make aesthetic candles with me! |큐브캔들 만들기,509.0,storyboard,36,286.31,294.27,7.96,https://youtu.be/Vp4eR_y0Zsc?t=286s,decorate_finish,finish,1,0.5,Demoulding the white bubble-cube candles from the silicone moulds.,"Demoulding the white bubble-cube candles from the silicone moulds. finish phase, ~56% in, 4:46–4:54. Terminology: pillar candle.",,0,1,,
Vp4eR_y0Zsc,https://www.youtube.com/watch?v=Vp4eR_y0Zsc,Candle Making DIY bubble Candle | Make aesthetic candles with me! |큐브캔들 만들기,509.0,storyboard,37,294.27,302.22,7.95,https://youtu.be/Vp4eR_y0Zsc?t=294s,decorate_finish,finish,1,0.5,Demoulding the white bubble-cube candles from the silicone moulds.,"Demoulding the white bubble-cube candles from the silicone moulds. finish phase, ~58% in, 4:54–5:02. Terminology: pillar candle.",,0,1,,
Vp4eR_y0Zsc,https://www.youtube.com/watch?v=Vp4eR_y0Zsc,Candle Making DIY bubble Candle | Make aesthetic candles with me! |큐브캔들 만들기,509.0,storyboard,38,302.22,310.17,7.95,https://youtu.be/Vp4eR_y0Zsc?t=302s,decorate_finish,finish,1,0.5,Rows of bubble candles on the trays.,"Rows of bubble candles on the trays. finish phase, ~59% in, 5:02–5:10.",,0,1,,
Vp4eR_y0Zsc,https://www.youtube.com/watch?v=Vp4eR_y0Zsc,Candle Making DIY bubble Candle | Make aesthetic candles with me! |큐브캔들 만들기,509.0,storyboard,39,310.17,318.12,7.95,https://youtu.be/Vp4eR_y0Zsc?t=310s,decorate_finish,finish,1,0.5,Demoulding the white bubble-cube candles from the silicone moulds.,"Demoulding the white bubble-cube candles from the silicone moulds. finish phase, ~61% in, 5:10–5:18. Terminology: pillar candle.",,0,1,,
Vp4eR_y0Zsc,https://www.youtube.com/watch?v=Vp4eR_y0Zsc,Candle Making DIY bubble Candle | Make aesthetic candles with me! |큐브캔들 만들기,509.0,storyboard,40,318.12,326.08,7.96,https://youtu.be/Vp4eR_y0Zsc?t=318s,decorate_finish,finish,1,0.5,Rows of bubble candles on the trays.,"Rows of bubble candles on the trays. finish phase, ~62% in, 5:18–5:26.",,0,1,,
Vp4eR_y0Zsc,https://www.youtube.com/watch?v=Vp4eR_y0Zsc,Candle Making DIY bubble Candle | Make aesthetic candles with me! |큐브캔들 만들기,509.0,storyboard,41,326.08,334.03,7.95,https://youtu.be/Vp4eR_y0Zsc?t=326s,decorate_finish,finish,1,0.5,Demoulding the white bubble-cube candles from the silicone moulds.,"Demoulding the white bubble-cube candles from the silicone moulds. finish phase, ~64% in, 5:26–5:34. Terminology: pillar candle.",,0,1,,
Vp4eR_y0Zsc,https://www.youtube.com/watch?v=Vp4eR_y0Zsc,Candle Making DIY bubble Candle | Make aesthetic candles with me! |큐브캔들 만들기,509.0,storyboard,42,334.03,341.98,7.95,https://youtu.be/Vp4eR_y0Zsc?t=334s,decorate_finish,finish,1,0.5,Demoulding the white bubble-cube candles from the silicone moulds.,"Demoulding the white bubble-cube candles from the silicone moulds. finish phase, ~66% in, 5:34–5:41. Terminology: pillar candle.",,0,1,,
Vp4eR_y0Zsc,https://www.youtube.com/watch?v=Vp4eR_y0Zsc,Candle Making DIY bubble Candle | Make aesthetic candles with me! |큐브캔들 만들기,509.0,storyboard,43,341.98,349.94,7.96,https://youtu.be/Vp4eR_y0Zsc?t=342s,decorate_finish,finish,1,0.5,Rows of bubble candles on the trays.,"Rows of bubble candles on the trays. finish phase, ~67% in, 5:41–5:49.",,0,1,,
Vp4eR_y0Zsc,https://www.youtube.com/watch?v=Vp4eR_y0Zsc,Candle Making DIY bubble Candle | Make aesthetic candles with me! |큐브캔들 만들기,509.0,storyboard,44,349.94,357.89,7.95,https://youtu.be/Vp4eR_y0Zsc?t=350s,decorate_finish,finish,1,0.5,Demoulding the white bubble-cube candles from the silicone moulds.,"Demoulding the white bubble-cube candles from the silicone moulds. finish phase, ~69% in, 5:49–5:57. Terminology: pillar candle.",,0,1,,
Vp4eR_y0Zsc,https://www.youtube.com/watch?v=Vp4eR_y0Zsc,Candle Making DIY bubble Candle | Make aesthetic candles with me! |큐브캔들 만들기,509.0,storyboard,45,357.89,365.84,7.95,https://youtu.be/Vp4eR_y0Zsc?t=358s,decorate_finish,finish,1,0.5,Rows of bubble candles on the trays.,"Rows of bubble candles on the trays. finish phase, ~70% in, 5:57–6:05.",,0,1,,
Vp4eR_y0Zsc,https://www.youtube.com/watch?v=Vp4eR_y0Zsc,Candle Making DIY bubble Candle | Make aesthetic candles with me! |큐브캔들 만들기,509.0,storyboard,46,365.84,373.8,7.96,https://youtu.be/Vp4eR_y0Zsc?t=366s,decorate_finish,finish,1,0.5,Demoulding the white bubble-cube candles from the silicone moulds.,"Demoulding the white bubble-cube candles from the silicone moulds. finish phase, ~72% in, 6:05–6:13. Terminology: pillar candle.",,0,1,,
Vp4eR_y0Zsc,https://www.youtube.com/watch?v=Vp4eR_y0Zsc,Candle Making DIY bubble Candle | Make aesthetic candles with me! |큐브캔들 만들기,509.0,storyboard,47,373.8,381.75,7.95,https://youtu.be/Vp4eR_y0Zsc?t=374s,decorate_finish,finish,1,0.5,Demoulding the white bubble-cube candles from the silicone moulds.,"Demoulding the white bubble-cube candles from the silicone moulds. finish phase, ~73% in, 6:13–6:21. Terminology: pillar candle.",,0,1,,
Vp4eR_y0Zsc,https://www.youtube.com/watch?v=Vp4eR_y0Zsc,Candle Making DIY bubble Candle | Make aesthetic candles with me! |큐브캔들 만들기,509.0,storyboard,48,381.75,389.7,7.95,https://youtu.be/Vp4eR_y0Zsc?t=382s,decorate_finish,finish,1,0.5,Demoulding the white bubble-cube candles from the silicone moulds.,"Demoulding the white bubble-cube candles from the silicone moulds. finish phase, ~75% in, 6:21–6:29. Terminology: pillar candle.",,0,1,,
Vp4eR_y0Zsc,https://www.youtube.com/watch?v=Vp4eR_y0Zsc,Candle Making DIY bubble Candle | Make aesthetic candles with me! |큐브캔들 만들기,509.0,storyboard,49,389.7,397.66,7.96,https://youtu.be/Vp4eR_y0Zsc?t=390s,decorate_finish,finish,1,0.5,Tying wicks/ribbons on the bubble candles.,"Tying wicks/ribbons on the bubble candles. finish phase, ~77% in, 6:29–6:37.",,0,1,,
Vp4eR_y0Zsc,https://www.youtube.com/watch?v=Vp4eR_y0Zsc,Candle Making DIY bubble Candle | Make aesthetic candles with me! |큐브캔들 만들기,509.0,storyboard,50,397.66,405.61,7.95,https://youtu.be/Vp4eR_y0Zsc?t=398s,decorate_finish,finish,1,0.5,Demoulding the white bubble-cube candles from the silicone moulds.,"Demoulding the white bubble-cube candles from the silicone moulds. finish phase, ~78% in, 6:37–6:45. Terminology: pillar candle.",,0,1,,
W_CSmi19gys,https://www.youtube.com/watch?v=W_CSmi19gys,"Candle Making With Coconut Wax Blends (Basics, Tips & Fragrance Testing)",546.0,storyboard,49,393.44,401.47,8.03,https://youtu.be/W_CSmi19gys?t=393s,decorate_finish,finish,1,0.4,Hands finish/brush the amber jars.,"Hands finish/brush the amber jars. finish phase, ~72% in, 6:33–6:41.",,0,1,,
WfkIQ899U7M,https://www.youtube.com/watch?v=WfkIQ899U7M,Making a Batch of Candles and Packing an Order | Silent Studio Vlog,240.0,storyboard,16,128.0,136.0,8.0,https://youtu.be/WfkIQ899U7M?t=128s,decorate_finish,finish,1,0.45,Wrapping/finishing the candles.,"Wrapping/finishing the candles. finish phase, ~53% in, 2:08–2:16.",,0,1,,
WfkIQ899U7M,https://www.youtube.com/watch?v=WfkIQ899U7M,Making a Batch of Candles and Packing an Order | Silent Studio Vlog,240.0,storyboard,17,136.0,144.0,8.0,https://youtu.be/WfkIQ899U7M?t=136s,decorate_finish,finish,1,0.4,Packing a candle into a box.,"Packing a candle into a box. finish phase, ~57% in, 2:16–2:24.",,0,1,,
WfkIQ899U7M,https://www.youtube.com/watch?v=WfkIQ899U7M,Making a Batch of Candles and Packing an Order | Silent Studio Vlog,240.0,storyboard,18,144.0,152.0,8.0,https://youtu.be/WfkIQ899U7M?t=144s,decorate_finish,finish,1,0.4,Wrapping a candle.,"Wrapping a candle. Final touches - labels, lids, ribbon, cleaning the glass. finish phase, ~60% in, 2:24–2:32.",,0,1,,
XQFs4G5sIlU,https://www.youtube.com/watch?v=XQFs4G5sIlU,Strawberry Matcha Candle 🍓🕯️ Easy beginner tutorial | Aesthetic & Trendy,407.0,storyboard,8,63.84,71.82,7.98,https://youtu.be/XQFs4G5sIlU?t=64s,decorate_finish,finish,1,0.5,"Shaping/layering the dessert drink candle (whipped wax, decorations).","Shaping/layering the dessert drink candle (whipped wax, decorations). finish phase, ~16% in, 1:03–1:11.",,0,1,,
XQFs4G5sIlU,https://www.youtube.com/watch?v=XQFs4G5sIlU,Strawberry Matcha Candle 🍓🕯️ Easy beginner tutorial | Aesthetic & Trendy,407.0,storyboard,9,71.82,79.8,7.98,https://youtu.be/XQFs4G5sIlU?t=72s,decorate_finish,finish,1,0.5,"Shaping/layering the dessert drink candle (whipped wax, decorations).","Shaping/layering the dessert drink candle (whipped wax, decorations). finish phase, ~18% in, 1:11–1:19.",,0,1,,
XQFs4G5sIlU,https://www.youtube.com/watch?v=XQFs4G5sIlU,Strawberry Matcha Candle 🍓🕯️ Easy beginner tutorial | Aesthetic & Trendy,407.0,storyboard,10,79.8,87.78,7.98,https://youtu.be/XQFs4G5sIlU?t=80s,decorate_finish,finish,1,0.5,"Shaping/layering the dessert drink candle (whipped wax, decorations).","Shaping/layering the dessert drink candle (whipped wax, decorations). finish phase, ~20% in, 1:19–1:27.",,0,1,,
XQFs4G5sIlU,https://www.youtube.com/watch?v=XQFs4G5sIlU,Strawberry Matcha Candle 🍓🕯️ Easy beginner tutorial | Aesthetic & Trendy,407.0,storyboard,11,87.78,95.76,7.98,https://youtu.be/XQFs4G5sIlU?t=88s,decorate_finish,finish,1,0.5,"Shaping/layering the dessert drink candle (whipped wax, decorations).","Shaping/layering the dessert drink candle (whipped wax, decorations). finish phase, ~22% in, 1:27–1:35.",,0,1,,
XQFs4G5sIlU,https://www.youtube.com/watch?v=XQFs4G5sIlU,Strawberry Matcha Candle 🍓🕯️ Easy beginner tutorial | Aesthetic & Trendy,407.0,storyboard,12,95.76,103.75,7.99,https://youtu.be/XQFs4G5sIlU?t=96s,decorate_finish,finish,1,0.5,"Shaping/layering the dessert drink candle (whipped wax, decorations).","Shaping/layering the dessert drink candle (whipped wax, decorations). finish phase, ~24% in, 1:35–1:43.",,0,1,,
XQFs4G5sIlU,https://www.youtube.com/watch?v=XQFs4G5sIlU,Strawberry Matcha Candle 🍓🕯️ Easy beginner tutorial | Aesthetic & Trendy,407.0,storyboard,13,103.75,111.73,7.98,https://youtu.be/XQFs4G5sIlU?t=104s,decorate_finish,finish,1,0.5,"Shaping/layering the dessert drink candle (whipped wax, decorations).","Shaping/layering the dessert drink candle (whipped wax, decorations). finish phase, ~25% in, 1:43–1:51.",,0,1,,
XQFs4G5sIlU,https://www.youtube.com/watch?v=XQFs4G5sIlU,Strawberry Matcha Candle 🍓🕯️ Easy beginner tutorial | Aesthetic & Trendy,407.0,storyboard,14,111.73,119.71,7.98,https://youtu.be/XQFs4G5sIlU?t=112s,decorate_finish,finish,0,0.5,"On-screen text card (auto-detected: static frame, OCR text). Text reads: 'fu sy 7 4 we 4 7 7 oe on ae'.","On-screen text card (auto-detected: static frame, OCR text). Text reads: 'fu sy 7 4 we 4 7 7 oe on ae'. finish phase, ~27% in, 1:51–1:59.",,0,1,desc_text_card,
XQFs4G5sIlU,https://www.youtube.com/watch?v=XQFs4G5sIlU,Strawberry Matcha Candle 🍓🕯️ Easy beginner tutorial | Aesthetic & Trendy,407.0,storyboard,15,119.71,127.69,7.98,https://youtu.be/XQFs4G5sIlU?t=120s,decorate_finish,finish,1,0.5,"Shaping/layering the dessert drink candle (whipped wax, decorations).","Shaping/layering the dessert drink candle (whipped wax, decorations). finish phase, ~29% in, 1:59–2:07.",,0,1,,
XQFs4G5sIlU,https://www.youtube.com/watch?v=XQFs4G5sIlU,Strawberry Matcha Candle 🍓🕯️ Easy beginner tutorial | Aesthetic & Trendy,407.0,storyboard,16,127.69,135.67,7.98,https://youtu.be/XQFs4G5sIlU?t=128s,decorate_finish,finish,1,0.5,"Shaping/layering the dessert drink candle (whipped wax, decorations).","Shaping/layering the dessert drink candle (whipped wax, decorations). finish phase, ~31% in, 2:07–2:15.",,0,1,,
XQFs4G5sIlU,https://www.youtube.com/watch?v=XQFs4G5sIlU,Strawberry Matcha Candle 🍓🕯️ Easy beginner tutorial | Aesthetic & Trendy,407.0,storyboard,17,135.67,143.65,7.98,https://youtu.be/XQFs4G5sIlU?t=136s,decorate_finish,finish,1,0.5,"Shaping/layering the dessert drink candle (whipped wax, decorations).","Shaping/layering the dessert drink candle (whipped wax, decorations). finish phase, ~33% in, 2:15–2:23.",,0,1,,
XQFs4G5sIlU,https://www.youtube.com/watch?v=XQFs4G5sIlU,Strawberry Matcha Candle 🍓🕯️ Easy beginner tutorial | Aesthetic & Trendy,407.0,storyboard,18,143.65,151.63,7.98,https://youtu.be/XQFs4G5sIlU?t=144s,decorate_finish,finish,1,0.5,"Shaping/layering the dessert drink candle (whipped wax, decorations).","Shaping/layering the dessert drink candle (whipped wax, decorations). finish phase, ~35% in, 2:23–2:31.",,0,1,,
XQFs4G5sIlU,https://www.youtube.com/watch?v=XQFs4G5sIlU,Strawberry Matcha Candle 🍓🕯️ Easy beginner tutorial | Aesthetic & Trendy,407.0,storyboard,19,151.63,159.61,7.98,https://youtu.be/XQFs4G5sIlU?t=152s,decorate_finish,finish,1,0.5,"Shaping/layering the dessert drink candle (whipped wax, decorations).","Shaping/layering the dessert drink candle (whipped wax, decorations). finish phase, ~37% in, 2:31–2:39.",,0,1,,
XQFs4G5sIlU,https://www.youtube.com/watch?v=XQFs4G5sIlU,Strawberry Matcha Candle 🍓🕯️ Easy beginner tutorial | Aesthetic & Trendy,407.0,storyboard,20,159.61,167.59,7.98,https://youtu.be/XQFs4G5sIlU?t=160s,decorate_finish,finish,1,0.5,"Shaping/layering the dessert drink candle (whipped wax, decorations).","Shaping/layering the dessert drink candle (whipped wax, decorations). finish phase, ~39% in, 2:39–2:47.",,0,1,,
XQFs4G5sIlU,https://www.youtube.com/watch?v=XQFs4G5sIlU,Strawberry Matcha Candle 🍓🕯️ Easy beginner tutorial | Aesthetic & Trendy,407.0,storyboard,21,167.59,175.57,7.98,https://youtu.be/XQFs4G5sIlU?t=168s,decorate_finish,finish,1,0.5,"Shaping/layering the dessert drink candle (whipped wax, decorations).","Shaping/layering the dessert drink candle (whipped wax, decorations). finish phase, ~41% in, 2:47–2:55.",,0,1,,
XQFs4G5sIlU,https://www.youtube.com/watch?v=XQFs4G5sIlU,Strawberry Matcha Candle 🍓🕯️ Easy beginner tutorial | Aesthetic & Trendy,407.0,storyboard,22,175.57,183.55,7.98,https://youtu.be/XQFs4G5sIlU?t=176s,decorate_finish,finish,1,0.5,"Shaping/layering the dessert drink candle (whipped wax, decorations).","Shaping/layering the dessert drink candle (whipped wax, decorations). finish phase, ~43% in, 2:55–3:03.",,0,1,,
XQFs4G5sIlU,https://www.youtube.com/watch?v=XQFs4G5sIlU,Strawberry Matcha Candle 🍓🕯️ Easy beginner tutorial | Aesthetic & Trendy,407.0,storyboard,26,207.49,215.47,7.98,https://youtu.be/XQFs4G5sIlU?t=207s,decorate_finish,finish,1,0.5,"Assembling/layering the drink candle (embeds, whipped cream top).","Assembling/layering the drink candle (embeds, whipped cream top). finish phase, ~51% in, 3:27–3:35.",,0,1,,
XQFs4G5sIlU,https://www.youtube.com/watch?v=XQFs4G5sIlU,Strawberry Matcha Candle 🍓🕯️ Easy beginner tutorial | Aesthetic & Trendy,407.0,storyboard,27,215.47,223.45,7.98,https://youtu.be/XQFs4G5sIlU?t=215s,decorate_finish,finish,1,0.5,Adding red strawberry-coloured wax.,"Adding red strawberry-coloured wax. finish phase, ~53% in, 3:35–3:43.",,0,1,,
XQFs4G5sIlU,https://www.youtube.com/watch?v=XQFs4G5sIlU,Strawberry Matcha Candle 🍓🕯️ Easy beginner tutorial | Aesthetic & Trendy,407.0,storyboard,28,223.45,231.43,7.98,https://youtu.be/XQFs4G5sIlU?t=223s,decorate_finish,finish,1,0.5,"Assembling/layering the drink candle (embeds, whipped cream top).","Assembling/layering the drink candle (embeds, whipped cream top). finish phase, ~55% in, 3:43–3:51.",,0,1,,
XQFs4G5sIlU,https://www.youtube.com/watch?v=XQFs4G5sIlU,Strawberry Matcha Candle 🍓🕯️ Easy beginner tutorial | Aesthetic & Trendy,407.0,storyboard,29,231.43,239.41,7.98,https://youtu.be/XQFs4G5sIlU?t=231s,decorate_finish,finish,1,0.5,"Assembling/layering the drink candle (embeds, whipped cream top).","Assembling/layering the drink candle (embeds, whipped cream top). finish phase, ~57% in, 3:51–3:59.",,0,1,,
XQFs4G5sIlU,https://www.youtube.com/watch?v=XQFs4G5sIlU,Strawberry Matcha Candle 🍓🕯️ Easy beginner tutorial | Aesthetic & Trendy,407.0,storyboard,30,239.41,247.39,7.98,https://youtu.be/XQFs4G5sIlU?t=239s,decorate_finish,finish,1,0.5,Adding red strawberry-coloured wax.,"Adding red strawberry-coloured wax. finish phase, ~59% in, 3:59–4:07.",,0,1,,
XQFs4G5sIlU,https://www.youtube.com/watch?v=XQFs4G5sIlU,Strawberry Matcha Candle 🍓🕯️ Easy beginner tutorial | Aesthetic & Trendy,407.0,storyboard,31,247.39,255.37,7.98,https://youtu.be/XQFs4G5sIlU?t=247s,decorate_finish,finish,1,0.5,"Assembling/layering the drink candle (embeds, whipped cream top).","Assembling/layering the drink candle (embeds, whipped cream top). finish phase, ~61% in, 4:07–4:15.",,0,1,,
XQFs4G5sIlU,https://www.youtube.com/watch?v=XQFs4G5sIlU,Strawberry Matcha Candle 🍓🕯️ Easy beginner tutorial | Aesthetic & Trendy,407.0,storyboard,32,255.37,263.35,7.98,https://youtu.be/XQFs4G5sIlU?t=255s,decorate_finish,finish,1,0.5,"Assembling/layering the drink candle (embeds, whipped cream top).","Assembling/layering the drink candle (embeds, whipped cream top). finish phase, ~63% in, 4:15–4:23.",,0,1,,
XQFs4G5sIlU,https://www.youtube.com/watch?v=XQFs4G5sIlU,Strawberry Matcha Candle 🍓🕯️ Easy beginner tutorial | Aesthetic & Trendy,407.0,storyboard,33,263.35,271.33,7.98,https://youtu.be/XQFs4G5sIlU?t=263s,decorate_finish,finish,1,0.5,"Assembling/layering the drink candle (embeds, whipped cream top).","Assembling/layering the drink candle (embeds, whipped cream top). finish phase, ~65% in, 4:23–4:31.",,0,1,,
XQFs4G5sIlU,https://www.youtube.com/watch?v=XQFs4G5sIlU,Strawberry Matcha Candle 🍓🕯️ Easy beginner tutorial | Aesthetic & Trendy,407.0,storyboard,34,271.33,279.31,7.98,https://youtu.be/XQFs4G5sIlU?t=271s,decorate_finish,finish,1,0.5,"Assembling/layering the drink candle (embeds, whipped cream top).","Assembling/layering the drink candle (embeds, whipped cream top). finish phase, ~67% in, 4:31–4:39.",,0,1,,
XQFs4G5sIlU,https://www.youtube.com/watch?v=XQFs4G5sIlU,Strawberry Matcha Candle 🍓🕯️ Easy beginner tutorial | Aesthetic & Trendy,407.0,storyboard,35,279.31,287.29,7.98,https://youtu.be/XQFs4G5sIlU?t=279s,decorate_finish,finish,1,0.5,Pouring the green matcha wax layer into the glass.,"Pouring the green matcha wax layer into the glass. finish phase, ~69% in, 4:39–4:47.",,0,1,,
XQFs4G5sIlU,https://www.youtube.com/watch?v=XQFs4G5sIlU,Strawberry Matcha Candle 🍓🕯️ Easy beginner tutorial | Aesthetic & Trendy,407.0,storyboard,36,287.29,295.27,7.98,https://youtu.be/XQFs4G5sIlU?t=287s,decorate_finish,finish,1,0.5,"Assembling/layering the drink candle (embeds, whipped cream top).","Assembling/layering the drink candle (embeds, whipped cream top). finish phase, ~71% in, 4:47–4:55.",,0,1,,
XQFs4G5sIlU,https://www.youtube.com/watch?v=XQFs4G5sIlU,Strawberry Matcha Candle 🍓🕯️ Easy beginner tutorial | Aesthetic & Trendy,407.0,storyboard,37,295.27,303.25,7.98,https://youtu.be/XQFs4G5sIlU?t=295s,decorate_finish,finish,1,0.5,"Assembling/layering the drink candle (embeds, whipped cream top).","Assembling/layering the drink candle (embeds, whipped cream top). finish phase, ~73% in, 4:55–5:03.",,0,1,,
XQFs4G5sIlU,https://www.youtube.com/watch?v=XQFs4G5sIlU,Strawberry Matcha Candle 🍓🕯️ Easy beginner tutorial | Aesthetic & Trendy,407.0,storyboard,38,303.25,311.24,7.99,https://youtu.be/XQFs4G5sIlU?t=303s,decorate_finish,finish,1,0.5,"Assembling/layering the drink candle (embeds, whipped cream top).","Assembling/layering the drink candle (embeds, whipped cream top). finish phase, ~75% in, 5:03–5:11.",,0,1,,
XQFs4G5sIlU,https://www.youtube.com/watch?v=XQFs4G5sIlU,Strawberry Matcha Candle 🍓🕯️ Easy beginner tutorial | Aesthetic & Trendy,407.0,storyboard,39,311.24,319.22,7.98,https://youtu.be/XQFs4G5sIlU?t=311s,decorate_finish,finish,1,0.5,"Assembling/layering the drink candle (embeds, whipped cream top).","Assembling/layering the drink candle (embeds, whipped cream top). finish phase, ~76% in, 5:11–5:19.",,0,1,,
XQFs4G5sIlU,https://www.youtube.com/watch?v=XQFs4G5sIlU,Strawberry Matcha Candle 🍓🕯️ Easy beginner tutorial | Aesthetic & Trendy,407.0,storyboard,40,319.22,327.2,7.98,https://youtu.be/XQFs4G5sIlU?t=319s,decorate_finish,finish,1,0.5,"Assembling/layering the drink candle (embeds, whipped cream top).","Assembling/layering the drink candle (embeds, whipped cream top). finish phase, ~78% in, 5:19–5:27.",,0,1,,
XQFs4G5sIlU,https://www.youtube.com/watch?v=XQFs4G5sIlU,Strawberry Matcha Candle 🍓🕯️ Easy beginner tutorial | Aesthetic & Trendy,407.0,storyboard,41,327.2,335.18,7.98,https://youtu.be/XQFs4G5sIlU?t=327s,decorate_finish,finish,1,0.5,"Assembling/layering the drink candle (embeds, whipped cream top).","Assembling/layering the drink candle (embeds, whipped cream top). finish phase, ~80% in, 5:27–5:35.",,0,1,,
XQFs4G5sIlU,https://www.youtube.com/watch?v=XQFs4G5sIlU,Strawberry Matcha Candle 🍓🕯️ Easy beginner tutorial | Aesthetic & Trendy,407.0,storyboard,42,335.18,343.16,7.98,https://youtu.be/XQFs4G5sIlU?t=335s,decorate_finish,finish,1,0.5,"Assembling/layering the drink candle (embeds, whipped cream top).","Assembling/layering the drink candle (embeds, whipped cream top). finish phase, ~82% in, 5:35–5:43.",,0,1,,
XQFs4G5sIlU,https://www.youtube.com/watch?v=XQFs4G5sIlU,Strawberry Matcha Candle 🍓🕯️ Easy beginner tutorial | Aesthetic & Trendy,407.0,storyboard,43,343.16,351.14,7.98,https://youtu.be/XQFs4G5sIlU?t=343s,decorate_finish,finish,1,0.5,"Assembling/layering the drink candle (embeds, whipped cream top).","Assembling/layering the drink candle (embeds, whipped cream top). finish phase, ~84% in, 5:43–5:51.",,0,1,,
XQFs4G5sIlU,https://www.youtube.com/watch?v=XQFs4G5sIlU,Strawberry Matcha Candle 🍓🕯️ Easy beginner tutorial | Aesthetic & Trendy,407.0,storyboard,44,351.14,359.12,7.98,https://youtu.be/XQFs4G5sIlU?t=351s,decorate_finish,finish,1,0.5,"Assembling/layering the drink candle (embeds, whipped cream top).","Assembling/layering the drink candle (embeds, whipped cream top). finish phase, ~86% in, 5:51–5:59.",,0,1,,
XQFs4G5sIlU,https://www.youtube.com/watch?v=XQFs4G5sIlU,Strawberry Matcha Candle 🍓🕯️ Easy beginner tutorial | Aesthetic & Trendy,407.0,storyboard,45,359.12,367.1,7.98,https://youtu.be/XQFs4G5sIlU?t=359s,decorate_finish,finish,1,0.5,"Assembling/layering the drink candle (embeds, whipped cream top).","Assembling/layering the drink candle (embeds, whipped cream top). finish phase, ~88% in, 5:59–6:07.",,0,1,,
XQFs4G5sIlU,https://www.youtube.com/watch?v=XQFs4G5sIlU,Strawberry Matcha Candle 🍓🕯️ Easy beginner tutorial | Aesthetic & Trendy,407.0,storyboard,46,367.1,375.08,7.98,https://youtu.be/XQFs4G5sIlU?t=367s,decorate_finish,finish,1,0.5,"Assembling/layering the drink candle (embeds, whipped cream top).","Assembling/layering the drink candle (embeds, whipped cream top). finish phase, ~90% in, 6:07–6:15.",,0,1,,
XQFs4G5sIlU,https://www.youtube.com/watch?v=XQFs4G5sIlU,Strawberry Matcha Candle 🍓🕯️ Easy beginner tutorial | Aesthetic & Trendy,407.0,storyboard,47,375.08,383.06,7.98,https://youtu.be/XQFs4G5sIlU?t=375s,decorate_finish,finish,1,0.5,"Assembling/layering the drink candle (embeds, whipped cream top).","Assembling/layering the drink candle (embeds, whipped cream top). finish phase, ~92% in, 6:15–6:23.",,0,1,,
XZlZJW9EBbI,https://www.youtube.com/watch?v=XZlZJW9EBbI,DIY Water Candle / NO WAX Candles / PAANI se banaye candle / Diwali Special / Homemade Candles / How,121.0,storyboard,2,16.13,24.2,8.07,https://youtu.be/XZlZJW9EBbI?t=16s,decorate_finish,finish,1,0.45,Decorations placed into the blue water bowl.,"Decorations placed into the blue water bowl. finish phase, ~13% in, 0:16–0:24.",,0,1,,
XZlZJW9EBbI,https://www.youtube.com/watch?v=XZlZJW9EBbI,DIY Water Candle / NO WAX Candles / PAANI se banaye candle / Diwali Special / Homemade Candles / How,121.0,storyboard,3,24.2,32.27,8.07,https://youtu.be/XZlZJW9EBbI?t=24s,decorate_finish,finish,1,0.45,Arranging floating decor in the blue water.,"Arranging floating decor in the blue water. finish phase, ~20% in, 0:24–0:32.",,0,1,,
YspjuWix8TM,https://www.youtube.com/watch?v=YspjuWix8TM,DIY LUXURY CANDLES | STEP BY STEP CANDLE MAKING,483.0,storyboard,27,217.35,225.4,8.05,https://youtu.be/YspjuWix8TM?t=217s,decorate_finish,finish,1,0.5,Torch-finishing & labelling the candle.,"Torch-finishing & labelling the candle. finish phase, ~45% in, 3:37–3:45.",,0,1,,
YspjuWix8TM,https://www.youtube.com/watch?v=YspjuWix8TM,DIY LUXURY CANDLES | STEP BY STEP CANDLE MAKING,483.0,storyboard,28,225.4,233.45,8.05,https://youtu.be/YspjuWix8TM?t=225s,decorate_finish,finish,1,0.5,Torch-finishing & labelling the candle.,"Torch-finishing & labelling the candle. finish phase, ~47% in, 3:45–3:53.",,0,1,,
YspjuWix8TM,https://www.youtube.com/watch?v=YspjuWix8TM,DIY LUXURY CANDLES | STEP BY STEP CANDLE MAKING,483.0,storyboard,44,354.2,362.25,8.05,https://youtu.be/YspjuWix8TM?t=354s,decorate_finish,finish,1,0.5,Torch-finishing & labelling the candle.,"Torch-finishing & labelling the candle. finish phase, ~73% in, 5:54–6:02.",,0,1,,
YspjuWix8TM,https://www.youtube.com/watch?v=YspjuWix8TM,DIY LUXURY CANDLES | STEP BY STEP CANDLE MAKING,483.0,storyboard,45,362.25,370.3,8.05,https://youtu.be/YspjuWix8TM?t=362s,decorate_finish,finish,1,0.5,Torch-finishing & labelling the candle.,"Torch-finishing & labelling the candle. finish phase, ~75% in, 6:02–6:10.",,0,1,,
YspjuWix8TM,https://www.youtube.com/watch?v=YspjuWix8TM,DIY LUXURY CANDLES | STEP BY STEP CANDLE MAKING,483.0,storyboard,46,370.3,378.35,8.05,https://youtu.be/YspjuWix8TM?t=370s,decorate_finish,finish,1,0.5,Torch-finishing & labelling the candle.,"Torch-finishing & labelling the candle. finish phase, ~77% in, 6:10–6:18.",,0,1,,
YspjuWix8TM,https://www.youtube.com/watch?v=YspjuWix8TM,DIY LUXURY CANDLES | STEP BY STEP CANDLE MAKING,483.0,storyboard,47,378.35,386.4,8.05,https://youtu.be/YspjuWix8TM?t=378s,decorate_finish,finish,1,0.5,Torch-finishing & labelling the candle.,"Torch-finishing & labelling the candle. finish phase, ~78% in, 6:18–6:26.",,0,1,,
YspjuWix8TM,https://www.youtube.com/watch?v=YspjuWix8TM,DIY LUXURY CANDLES | STEP BY STEP CANDLE MAKING,483.0,storyboard,48,386.4,394.45,8.05,https://youtu.be/YspjuWix8TM?t=386s,decorate_finish,finish,1,0.5,Torch-finishing & labelling the candle.,"Torch-finishing & labelling the candle. finish phase, ~80% in, 6:26–6:34.",,0,1,,
ZQk9l2ttcIA,https://www.youtube.com/watch?v=ZQk9l2ttcIA,A Beginners Guide To Making A Candle,256.0,storyboard,24,192.0,200.0,8.0,https://youtu.be/ZQk9l2ttcIA?t=192s,decorate_finish,finish,1,0.5,sprinkling petals on top,"sprinkling petals on top. finish phase, ~75% in, 3:12–3:20.",,0,1,,
ZQk9l2ttcIA,https://www.youtube.com/watch?v=ZQk9l2ttcIA,A Beginners Guide To Making A Candle,256.0,storyboard,25,200.0,208.0,8.0,https://youtu.be/ZQk9l2ttcIA?t=200s,decorate_finish,finish,1,0.6,decorating candle tops with petals,"decorating candle tops with petals. finish phase, ~78% in, 3:20–3:28.",,0,1,,
_80ogF_zHkE,https://www.youtube.com/watch?v=_80ogF_zHkE,oddly satisfying candle making!,302.0,storyboard,12,95.37,103.32,7.95,https://youtu.be/_80ogF_zHkE?t=95s,decorate_finish,finish,1,0.5,Shaping a tall green crystalline candle by hand.,"Shaping a tall green crystalline candle by hand. finish phase, ~32% in, 1:35–1:43.",,0,1,,
_80ogF_zHkE,https://www.youtube.com/watch?v=_80ogF_zHkE,oddly satisfying candle making!,302.0,storyboard,13,103.32,111.26,7.94,https://youtu.be/_80ogF_zHkE?t=103s,decorate_finish,finish,1,0.5,Shaping a tall green crystalline candle by hand.,"Shaping a tall green crystalline candle by hand. finish phase, ~34% in, 1:43–1:51.",,0,1,,
_80ogF_zHkE,https://www.youtube.com/watch?v=_80ogF_zHkE,oddly satisfying candle making!,302.0,storyboard,14,111.26,119.21,7.95,https://youtu.be/_80ogF_zHkE?t=111s,decorate_finish,finish,1,0.5,Shaping a tall green crystalline candle by hand.,"Shaping a tall green crystalline candle by hand. finish phase, ~37% in, 1:51–1:59.",,0,1,,
_80ogF_zHkE,https://www.youtube.com/watch?v=_80ogF_zHkE,oddly satisfying candle making!,302.0,storyboard,15,119.21,127.16,7.95,https://youtu.be/_80ogF_zHkE?t=119s,decorate_finish,finish,1,0.5,Shaping a tall green crystalline candle by hand.,"Shaping a tall green crystalline candle by hand. finish phase, ~39% in, 1:59–2:07.",,0,1,,
_80ogF_zHkE,https://www.youtube.com/watch?v=_80ogF_zHkE,oddly satisfying candle making!,302.0,storyboard,16,127.16,135.11,7.95,https://youtu.be/_80ogF_zHkE?t=127s,decorate_finish,finish,1,0.5,Shaping a tall green crystalline candle by hand.,"Shaping a tall green crystalline candle by hand. finish phase, ~42% in, 2:07–2:15.",,0,1,,
_80ogF_zHkE,https://www.youtube.com/watch?v=_80ogF_zHkE,oddly satisfying candle making!,302.0,storyboard,17,135.11,143.05,7.94,https://youtu.be/_80ogF_zHkE?t=135s,decorate_finish,finish,1,0.5,Shaping a tall green crystalline candle by hand.,"Shaping a tall green crystalline candle by hand. finish phase, ~45% in, 2:15–2:23.",,0,1,,
_80ogF_zHkE,https://www.youtube.com/watch?v=_80ogF_zHkE,oddly satisfying candle making!,302.0,storyboard,18,143.05,151.0,7.95,https://youtu.be/_80ogF_zHkE?t=143s,decorate_finish,finish,1,0.5,Shaping a tall green crystalline candle by hand.,"Shaping a tall green crystalline candle by hand. finish phase, ~47% in, 2:23–2:31.",,0,1,,
_80ogF_zHkE,https://www.youtube.com/watch?v=_80ogF_zHkE,oddly satisfying candle making!,302.0,storyboard,19,151.0,158.95,7.95,https://youtu.be/_80ogF_zHkE?t=151s,decorate_finish,finish,1,0.5,Shaping a tall green crystalline candle by hand.,"Shaping a tall green crystalline candle by hand. finish phase, ~50% in, 2:31–2:38.",,0,1,,
_80ogF_zHkE,https://www.youtube.com/watch?v=_80ogF_zHkE,oddly satisfying candle making!,302.0,storyboard,20,158.95,166.89,7.94,https://youtu.be/_80ogF_zHkE?t=159s,decorate_finish,finish,1,0.5,Shaping a tall green crystalline candle by hand.,"Shaping a tall green crystalline candle by hand. finish phase, ~53% in, 2:38–2:46.",,0,1,,
_80ogF_zHkE,https://www.youtube.com/watch?v=_80ogF_zHkE,oddly satisfying candle making!,302.0,storyboard,21,166.89,174.84,7.95,https://youtu.be/_80ogF_zHkE?t=167s,decorate_finish,finish,1,0.5,Shaping a tall green crystalline candle by hand.,"Shaping a tall green crystalline candle by hand. finish phase, ~55% in, 2:46–2:54.",,0,1,,
_80ogF_zHkE,https://www.youtube.com/watch?v=_80ogF_zHkE,oddly satisfying candle making!,302.0,storyboard,22,174.84,182.79,7.95,https://youtu.be/_80ogF_zHkE?t=175s,decorate_finish,finish,1,0.5,Shaping a tall green crystalline candle by hand.,"Shaping a tall green crystalline candle by hand. finish phase, ~58% in, 2:54–3:02.",,0,1,,
_80ogF_zHkE,https://www.youtube.com/watch?v=_80ogF_zHkE,oddly satisfying candle making!,302.0,storyboard,23,182.79,190.74,7.95,https://youtu.be/_80ogF_zHkE?t=183s,decorate_finish,finish,1,0.5,Shaping a tall green crystalline candle by hand.,"Shaping a tall green crystalline candle by hand. finish phase, ~61% in, 3:02–3:10.",,0,1,,
_80ogF_zHkE,https://www.youtube.com/watch?v=_80ogF_zHkE,oddly satisfying candle making!,302.0,storyboard,24,190.74,198.68,7.94,https://youtu.be/_80ogF_zHkE?t=191s,decorate_finish,finish,1,0.5,Shaping a tall green crystalline candle by hand.,"Shaping a tall green crystalline candle by hand. finish phase, ~63% in, 3:10–3:18.",,0,1,,
_80ogF_zHkE,https://www.youtube.com/watch?v=_80ogF_zHkE,oddly satisfying candle making!,302.0,storyboard,25,198.68,206.63,7.95,https://youtu.be/_80ogF_zHkE?t=199s,decorate_finish,finish,1,0.5,Shaping a tall green crystalline candle by hand.,"Shaping a tall green crystalline candle by hand. finish phase, ~66% in, 3:18–3:26.",,0,1,,
_80ogF_zHkE,https://www.youtube.com/watch?v=_80ogF_zHkE,oddly satisfying candle making!,302.0,storyboard,26,206.63,214.58,7.95,https://youtu.be/_80ogF_zHkE?t=207s,decorate_finish,finish,1,0.5,Shaping a tall green crystalline candle by hand.,"Shaping a tall green crystalline candle by hand. finish phase, ~68% in, 3:26–3:34.",,0,1,,
_80ogF_zHkE,https://www.youtube.com/watch?v=_80ogF_zHkE,oddly satisfying candle making!,302.0,storyboard,27,214.58,222.53,7.95,https://youtu.be/_80ogF_zHkE?t=215s,decorate_finish,finish,1,0.5,Shaping a tall green crystalline candle by hand.,"Shaping a tall green crystalline candle by hand. finish phase, ~71% in, 3:34–3:42.",,0,1,,
_80ogF_zHkE,https://www.youtube.com/watch?v=_80ogF_zHkE,oddly satisfying candle making!,302.0,storyboard,28,222.53,230.47,7.94,https://youtu.be/_80ogF_zHkE?t=223s,decorate_finish,finish,1,0.5,Shaping a tall green crystalline candle by hand.,"Shaping a tall green crystalline candle by hand. finish phase, ~74% in, 3:42–3:50.",,0,1,,
_80ogF_zHkE,https://www.youtube.com/watch?v=_80ogF_zHkE,oddly satisfying candle making!,302.0,storyboard,29,230.47,238.42,7.95,https://youtu.be/_80ogF_zHkE?t=230s,decorate_finish,finish,1,0.5,Shaping a tall green crystalline candle by hand.,"Shaping a tall green crystalline candle by hand. finish phase, ~76% in, 3:50–3:58.",,0,1,,
_au1ji8rMkM,https://www.youtube.com/watch?v=_au1ji8rMkM,DIY Ice Candle // Candle Making at Home for Beginners // DIY Candle Making,102.0,storyboard,7,54.92,62.77,7.85,https://youtu.be/_au1ji8rMkM?t=55s,decorate_finish,finish,1,0.45,Trimming/finishing the ice candle on a green plate.,"Trimming/finishing the ice candle on a green plate. finish phase, ~54% in, 0:54–1:02.",,0,1,,
_au1ji8rMkM,https://www.youtube.com/watch?v=_au1ji8rMkM,DIY Ice Candle // Candle Making at Home for Beginners // DIY Candle Making,102.0,storyboard,8,62.77,70.62,7.85,https://youtu.be/_au1ji8rMkM?t=63s,decorate_finish,finish,1,0.45,Demoulding/breaking out the holey candle by hand.,"Demoulding/breaking out the holey candle by hand. finish phase, ~62% in, 1:02–1:10.",,0,1,,
_au1ji8rMkM,https://www.youtube.com/watch?v=_au1ji8rMkM,DIY Ice Candle // Candle Making at Home for Beginners // DIY Candle Making,102.0,storyboard,9,70.62,78.46,7.84,https://youtu.be/_au1ji8rMkM?t=71s,decorate_finish,finish,1,0.45,Holey candle disc finished with a tool.,"Holey candle disc finished with a tool. finish phase, ~69% in, 1:10–1:18.",,0,1,,
_jGWnnoQu_U,https://www.youtube.com/watch?v=_jGWnnoQu_U,How To Make Gel Candles - DIY Gel Candle Making For Beginners,737.0,storyboard,70,560.76,568.77,8.01,https://youtu.be/_jGWnnoQu_U?t=561s,decorate_finish,finish,1,0.5,Adding embeds/decor to the gel candle.,"Adding embeds/decor to the gel candle. finish phase, ~76% in, 9:20–9:28.",,0,1,,
aKCPK0mXICI,https://www.youtube.com/watch?v=aKCPK0mXICI,🌹DIY Valentine’s Day Designer Candle | Step-by-Step Candle Making Tutorial,531.0,storyboard,1,8.05,16.09,8.04,https://youtu.be/aKCPK0mXICI?t=8s,decorate_finish,finish,1,0.5,Placing moulded white wax shapes into the clear glass.,"Placing moulded white wax shapes into the clear glass. finish phase, ~2% in, 0:08–0:16.",,0,1,,
aKCPK0mXICI,https://www.youtube.com/watch?v=aKCPK0mXICI,🌹DIY Valentine’s Day Designer Candle | Step-by-Step Candle Making Tutorial,531.0,storyboard,4,32.18,40.23,8.05,https://youtu.be/aKCPK0mXICI?t=32s,decorate_finish,finish,1,0.5,Placing moulded white wax shapes into the clear glass.,"Placing moulded white wax shapes into the clear glass. finish phase, ~6% in, 0:32–0:40.",,0,1,,
aKCPK0mXICI,https://www.youtube.com/watch?v=aKCPK0mXICI,🌹DIY Valentine’s Day Designer Candle | Step-by-Step Candle Making Tutorial,531.0,storyboard,7,56.32,64.36,8.04,https://youtu.be/aKCPK0mXICI?t=56s,decorate_finish,finish,1,0.5,Placing moulded white wax shapes into the clear glass.,"Placing moulded white wax shapes into the clear glass. finish phase, ~11% in, 0:56–1:04.",,0,1,,
aKCPK0mXICI,https://www.youtube.com/watch?v=aKCPK0mXICI,🌹DIY Valentine’s Day Designer Candle | Step-by-Step Candle Making Tutorial,531.0,storyboard,10,80.45,88.5,8.05,https://youtu.be/aKCPK0mXICI?t=80s,decorate_finish,finish,1,0.5,Placing moulded white wax shapes into the clear glass.,"Placing moulded white wax shapes into the clear glass. finish phase, ~15% in, 1:20–1:28.",,0,1,,
aKCPK0mXICI,https://www.youtube.com/watch?v=aKCPK0mXICI,🌹DIY Valentine’s Day Designer Candle | Step-by-Step Candle Making Tutorial,531.0,storyboard,13,104.59,112.64,8.05,https://youtu.be/aKCPK0mXICI?t=105s,decorate_finish,finish,1,0.5,Placing moulded white wax shapes into the clear glass.,"Placing moulded white wax shapes into the clear glass. finish phase, ~20% in, 1:44–1:52.",,0,1,,
aKCPK0mXICI,https://www.youtube.com/watch?v=aKCPK0mXICI,🌹DIY Valentine’s Day Designer Candle | Step-by-Step Candle Making Tutorial,531.0,storyboard,16,128.73,136.77,8.04,https://youtu.be/aKCPK0mXICI?t=129s,decorate_finish,finish,1,0.5,Placing moulded white wax shapes into the clear glass.,"Placing moulded white wax shapes into the clear glass. finish phase, ~24% in, 2:08–2:16.",,0,1,,
aKCPK0mXICI,https://www.youtube.com/watch?v=aKCPK0mXICI,🌹DIY Valentine’s Day Designer Candle | Step-by-Step Candle Making Tutorial,531.0,storyboard,19,152.86,160.91,8.05,https://youtu.be/aKCPK0mXICI?t=153s,decorate_finish,finish,1,0.5,Placing moulded white wax shapes into the clear glass.,"Placing moulded white wax shapes into the clear glass. finish phase, ~29% in, 2:32–2:40.",,0,1,,
aKCPK0mXICI,https://www.youtube.com/watch?v=aKCPK0mXICI,🌹DIY Valentine’s Day Designer Candle | Step-by-Step Candle Making Tutorial,531.0,storyboard,22,177.0,185.05,8.05,https://youtu.be/aKCPK0mXICI?t=177s,decorate_finish,finish,1,0.5,Placing moulded white wax shapes into the clear glass.,"Placing moulded white wax shapes into the clear glass. finish phase, ~33% in, 2:57–3:05.",,0,1,,
aKCPK0mXICI,https://www.youtube.com/watch?v=aKCPK0mXICI,🌹DIY Valentine’s Day Designer Candle | Step-by-Step Candle Making Tutorial,531.0,storyboard,30,241.36,249.41,8.05,https://youtu.be/aKCPK0mXICI?t=241s,decorate_finish,finish,1,0.5,"Decorating the Valentine candle (hearts, white shapes, red decor).","Decorating the Valentine candle (hearts, white shapes, red decor). finish phase, ~45% in, 4:01–4:09.",,0,1,,
aKCPK0mXICI,https://www.youtube.com/watch?v=aKCPK0mXICI,🌹DIY Valentine’s Day Designer Candle | Step-by-Step Candle Making Tutorial,531.0,storyboard,31,249.41,257.45,8.04,https://youtu.be/aKCPK0mXICI?t=249s,decorate_finish,finish,1,0.5,Prepping the glass / arranging shapes.,"Prepping the glass / arranging shapes. finish phase, ~47% in, 4:09–4:17.",,0,1,,
aKCPK0mXICI,https://www.youtube.com/watch?v=aKCPK0mXICI,🌹DIY Valentine’s Day Designer Candle | Step-by-Step Candle Making Tutorial,531.0,storyboard,32,257.45,265.5,8.05,https://youtu.be/aKCPK0mXICI?t=257s,decorate_finish,finish,1,0.5,"Decorating the Valentine candle (hearts, white shapes, red decor).","Decorating the Valentine candle (hearts, white shapes, red decor). finish phase, ~48% in, 4:17–4:25.",,0,1,,
aKCPK0mXICI,https://www.youtube.com/watch?v=aKCPK0mXICI,🌹DIY Valentine’s Day Designer Candle | Step-by-Step Candle Making Tutorial,531.0,storyboard,33,265.5,273.55,8.05,https://youtu.be/aKCPK0mXICI?t=266s,decorate_finish,finish,1,0.5,"Decorating the Valentine candle (hearts, white shapes, red decor).","Decorating the Valentine candle (hearts, white shapes, red decor). finish phase, ~50% in, 4:25–4:33.",,0,1,,
aKCPK0mXICI,https://www.youtube.com/watch?v=aKCPK0mXICI,🌹DIY Valentine’s Day Designer Candle | Step-by-Step Candle Making Tutorial,531.0,storyboard,34,273.55,281.59,8.04,https://youtu.be/aKCPK0mXICI?t=274s,decorate_finish,finish,1,0.5,"Decorating the Valentine candle (hearts, white shapes, red decor).","Decorating the Valentine candle (hearts, white shapes, red decor). finish phase, ~52% in, 4:33–4:41.",,0,1,,
aKCPK0mXICI,https://www.youtube.com/watch?v=aKCPK0mXICI,🌹DIY Valentine’s Day Designer Candle | Step-by-Step Candle Making Tutorial,531.0,storyboard,35,281.59,289.64,8.05,https://youtu.be/aKCPK0mXICI?t=282s,decorate_finish,finish,1,0.5,Prepping the glass / arranging shapes.,"Prepping the glass / arranging shapes. finish phase, ~53% in, 4:41–4:49.",,0,1,,
aKCPK0mXICI,https://www.youtube.com/watch?v=aKCPK0mXICI,🌹DIY Valentine’s Day Designer Candle | Step-by-Step Candle Making Tutorial,531.0,storyboard,36,289.64,297.68,8.04,https://youtu.be/aKCPK0mXICI?t=290s,decorate_finish,finish,1,0.5,"Decorating the Valentine candle (hearts, white shapes, red decor).","Decorating the Valentine candle (hearts, white shapes, red decor). finish phase, ~55% in, 4:49–4:57.",,0,1,,
aKCPK0mXICI,https://www.youtube.com/watch?v=aKCPK0mXICI,🌹DIY Valentine’s Day Designer Candle | Step-by-Step Candle Making Tutorial,531.0,storyboard,37,297.68,305.73,8.05,https://youtu.be/aKCPK0mXICI?t=298s,decorate_finish,finish,1,0.5,"Decorating the Valentine candle (hearts, white shapes, red decor).","Decorating the Valentine candle (hearts, white shapes, red decor). finish phase, ~56% in, 4:57–5:05.",,0,1,,
aKCPK0mXICI,https://www.youtube.com/watch?v=aKCPK0mXICI,🌹DIY Valentine’s Day Designer Candle | Step-by-Step Candle Making Tutorial,531.0,storyboard,38,305.73,313.77,8.04,https://youtu.be/aKCPK0mXICI?t=306s,decorate_finish,finish,1,0.5,"Decorating the Valentine candle (hearts, white shapes, red decor).","Decorating the Valentine candle (hearts, white shapes, red decor). finish phase, ~58% in, 5:05–5:13.",,0,1,,
aKCPK0mXICI,https://www.youtube.com/watch?v=aKCPK0mXICI,🌹DIY Valentine’s Day Designer Candle | Step-by-Step Candle Making Tutorial,531.0,storyboard,39,313.77,321.82,8.05,https://youtu.be/aKCPK0mXICI?t=314s,decorate_finish,finish,1,0.5,"Decorating the Valentine candle (hearts, white shapes, red decor).","Decorating the Valentine candle (hearts, white shapes, red decor). finish phase, ~59% in, 5:13–5:21.",,0,1,,
aKCPK0mXICI,https://www.youtube.com/watch?v=aKCPK0mXICI,🌹DIY Valentine’s Day Designer Candle | Step-by-Step Candle Making Tutorial,531.0,storyboard,40,321.82,329.86,8.04,https://youtu.be/aKCPK0mXICI?t=322s,decorate_finish,finish,1,0.5,"Decorating the Valentine candle (hearts, white shapes, red decor).","Decorating the Valentine candle (hearts, white shapes, red decor). finish phase, ~61% in, 5:21–5:29.",,0,1,,
aKCPK0mXICI,https://www.youtube.com/watch?v=aKCPK0mXICI,🌹DIY Valentine’s Day Designer Candle | Step-by-Step Candle Making Tutorial,531.0,storyboard,41,329.86,337.91,8.05,https://youtu.be/aKCPK0mXICI?t=330s,decorate_finish,finish,1,0.5,"Decorating the Valentine candle (hearts, white shapes, red decor).","Decorating the Valentine candle (hearts, white shapes, red decor). finish phase, ~62% in, 5:29–5:37.",,0,1,,
aKCPK0mXICI,https://www.youtube.com/watch?v=aKCPK0mXICI,🌹DIY Valentine’s Day Designer Candle | Step-by-Step Candle Making Tutorial,531.0,storyboard,42,337.91,345.95,8.04,https://youtu.be/aKCPK0mXICI?t=338s,decorate_finish,finish,1,0.5,"Decorating the Valentine candle (hearts, white shapes, red decor).","Decorating the Valentine candle (hearts, white shapes, red decor). finish phase, ~64% in, 5:37–5:45.",,0,1,,
aKCPK0mXICI,https://www.youtube.com/watch?v=aKCPK0mXICI,🌹DIY Valentine’s Day Designer Candle | Step-by-Step Candle Making Tutorial,531.0,storyboard,43,345.95,354.0,8.05,https://youtu.be/aKCPK0mXICI?t=346s,decorate_finish,finish,1,0.5,"Decorating the Valentine candle (hearts, white shapes, red decor).","Decorating the Valentine candle (hearts, white shapes, red decor). finish phase, ~65% in, 5:45–5:54.",,0,1,,
aKCPK0mXICI,https://www.youtube.com/watch?v=aKCPK0mXICI,🌹DIY Valentine’s Day Designer Candle | Step-by-Step Candle Making Tutorial,531.0,storyboard,44,354.0,362.05,8.05,https://youtu.be/aKCPK0mXICI?t=354s,decorate_finish,finish,1,0.5,"Decorating the Valentine candle (hearts, white shapes, red decor).","Decorating the Valentine candle (hearts, white shapes, red decor). finish phase, ~67% in, 5:54–6:02.",,0,1,,
aKCPK0mXICI,https://www.youtube.com/watch?v=aKCPK0mXICI,🌹DIY Valentine’s Day Designer Candle | Step-by-Step Candle Making Tutorial,531.0,storyboard,50,402.27,410.32,8.05,https://youtu.be/aKCPK0mXICI?t=402s,decorate_finish,finish,1,0.5,"Decorating the Valentine candle (hearts, white shapes, red decor).","Decorating the Valentine candle (hearts, white shapes, red decor). finish phase, ~76% in, 6:42–6:50.",,0,1,,
aKCPK0mXICI,https://www.youtube.com/watch?v=aKCPK0mXICI,🌹DIY Valentine’s Day Designer Candle | Step-by-Step Candle Making Tutorial,531.0,storyboard,51,410.32,418.36,8.04,https://youtu.be/aKCPK0mXICI?t=410s,decorate_finish,finish,1,0.5,"Decorating the Valentine candle (hearts, white shapes, red decor).","Decorating the Valentine candle (hearts, white shapes, red decor). finish phase, ~77% in, 6:50–6:58.",,0,1,,
aKCPK0mXICI,https://www.youtube.com/watch?v=aKCPK0mXICI,🌹DIY Valentine’s Day Designer Candle | Step-by-Step Candle Making Tutorial,531.0,storyboard,52,418.36,426.41,8.05,https://youtu.be/aKCPK0mXICI?t=418s,decorate_finish,finish,1,0.5,"Decorating the Valentine candle (hearts, white shapes, red decor).","Decorating the Valentine candle (hearts, white shapes, red decor). finish phase, ~79% in, 6:58–7:06.",,0,1,,
aKCPK0mXICI,https://www.youtube.com/watch?v=aKCPK0mXICI,🌹DIY Valentine’s Day Designer Candle | Step-by-Step Candle Making Tutorial,531.0,storyboard,53,426.41,434.45,8.04,https://youtu.be/aKCPK0mXICI?t=426s,decorate_finish,finish,1,0.5,"Decorating the Valentine candle (hearts, white shapes, red decor).","Decorating the Valentine candle (hearts, white shapes, red decor). finish phase, ~80% in, 7:06–7:14.",,0,1,,
aKCPK0mXICI,https://www.youtube.com/watch?v=aKCPK0mXICI,🌹DIY Valentine’s Day Designer Candle | Step-by-Step Candle Making Tutorial,531.0,storyboard,54,434.45,442.5,8.05,https://youtu.be/aKCPK0mXICI?t=434s,decorate_finish,finish,1,0.5,"Decorating the Valentine candle (hearts, white shapes, red decor).","Decorating the Valentine candle (hearts, white shapes, red decor). finish phase, ~82% in, 7:14–7:22.",,0,1,,
aKCPK0mXICI,https://www.youtube.com/watch?v=aKCPK0mXICI,🌹DIY Valentine’s Day Designer Candle | Step-by-Step Candle Making Tutorial,531.0,storyboard,55,442.5,450.55,8.05,https://youtu.be/aKCPK0mXICI?t=442s,decorate_finish,finish,1,0.5,"Decorating the Valentine candle (hearts, white shapes, red decor).","Decorating the Valentine candle (hearts, white shapes, red decor). finish phase, ~83% in, 7:22–7:30.",,0,1,,
aKCPK0mXICI,https://www.youtube.com/watch?v=aKCPK0mXICI,🌹DIY Valentine’s Day Designer Candle | Step-by-Step Candle Making Tutorial,531.0,storyboard,56,450.55,458.59,8.04,https://youtu.be/aKCPK0mXICI?t=451s,decorate_finish,finish,1,0.5,"Decorating the Valentine candle (hearts, white shapes, red decor).","Decorating the Valentine candle (hearts, white shapes, red decor). finish phase, ~85% in, 7:30–7:38.",,0,1,,
aKCPK0mXICI,https://www.youtube.com/watch?v=aKCPK0mXICI,🌹DIY Valentine’s Day Designer Candle | Step-by-Step Candle Making Tutorial,531.0,storyboard,57,458.59,466.64,8.05,https://youtu.be/aKCPK0mXICI?t=459s,decorate_finish,finish,1,0.5,"Decorating the Valentine candle (hearts, white shapes, red decor).","Decorating the Valentine candle (hearts, white shapes, red decor). finish phase, ~86% in, 7:38–7:46.",,0,1,,
aKCPK0mXICI,https://www.youtube.com/watch?v=aKCPK0mXICI,🌹DIY Valentine’s Day Designer Candle | Step-by-Step Candle Making Tutorial,531.0,storyboard,58,466.64,474.68,8.04,https://youtu.be/aKCPK0mXICI?t=467s,decorate_finish,finish,1,0.5,"Decorating the Valentine candle (hearts, white shapes, red decor).","Decorating the Valentine candle (hearts, white shapes, red decor). finish phase, ~88% in, 7:46–7:54.",,0,1,,
aKCPK0mXICI,https://www.youtube.com/watch?v=aKCPK0mXICI,🌹DIY Valentine’s Day Designer Candle | Step-by-Step Candle Making Tutorial,531.0,storyboard,59,474.68,482.73,8.05,https://youtu.be/aKCPK0mXICI?t=475s,decorate_finish,finish,1,0.5,"Decorating the Valentine candle (hearts, white shapes, red decor).","Decorating the Valentine candle (hearts, white shapes, red decor). finish phase, ~89% in, 7:54–8:02.",,0,1,,
aKCPK0mXICI,https://www.youtube.com/watch?v=aKCPK0mXICI,🌹DIY Valentine’s Day Designer Candle | Step-by-Step Candle Making Tutorial,531.0,storyboard,60,482.73,490.77,8.04,https://youtu.be/aKCPK0mXICI?t=483s,decorate_finish,finish,1,0.5,"Decorating the Valentine candle (hearts, white shapes, red decor).","Decorating the Valentine candle (hearts, white shapes, red decor). finish phase, ~91% in, 8:02–8:10.",,0,1,,
aKCPK0mXICI,https://www.youtube.com/watch?v=aKCPK0mXICI,🌹DIY Valentine’s Day Designer Candle | Step-by-Step Candle Making Tutorial,531.0,storyboard,61,490.77,498.82,8.05,https://youtu.be/aKCPK0mXICI?t=491s,decorate_finish,finish,1,0.5,"Decorating the Valentine candle (hearts, white shapes, red decor).","Decorating the Valentine candle (hearts, white shapes, red decor). finish phase, ~92% in, 8:10–8:18.",,0,1,,
aKCPK0mXICI,https://www.youtube.com/watch?v=aKCPK0mXICI,🌹DIY Valentine’s Day Designer Candle | Step-by-Step Candle Making Tutorial,531.0,storyboard,62,498.82,506.86,8.04,https://youtu.be/aKCPK0mXICI?t=499s,decorate_finish,finish,1,0.5,"Decorating the Valentine candle (hearts, white shapes, red decor).","Decorating the Valentine candle (hearts, white shapes, red decor). finish phase, ~94% in, 8:18–8:26.",,0,1,,
aKCPK0mXICI,https://www.youtube.com/watch?v=aKCPK0mXICI,🌹DIY Valentine’s Day Designer Candle | Step-by-Step Candle Making Tutorial,531.0,storyboard,63,506.86,514.91,8.05,https://youtu.be/aKCPK0mXICI?t=507s,decorate_finish,finish,1,0.5,"Decorating the Valentine candle (hearts, white shapes, red decor).","Decorating the Valentine candle (hearts, white shapes, red decor). finish phase, ~95% in, 8:26–8:34.",,0,1,,
b1S_cWpGUbM,https://www.youtube.com/watch?v=b1S_cWpGUbM,DIY ALL NATURAL & NON TOXIC CANDLES,563.0,storyboard,51,410.19,418.23,8.04,https://youtu.be/b1S_cWpGUbM?t=410s,decorate_finish,finish,1,0.5,Lidding/labelling & cleaning the jars.,"Lidding/labelling & cleaning the jars. finish phase, ~73% in, 6:50–6:58.",,0,1,,
b1S_cWpGUbM,https://www.youtube.com/watch?v=b1S_cWpGUbM,DIY ALL NATURAL & NON TOXIC CANDLES,563.0,storyboard,52,418.23,426.27,8.04,https://youtu.be/b1S_cWpGUbM?t=418s,decorate_finish,finish,1,0.5,Lidding/labelling & cleaning the jars.,"Lidding/labelling & cleaning the jars. finish phase, ~74% in, 6:58–7:06.",,0,1,,
b1S_cWpGUbM,https://www.youtube.com/watch?v=b1S_cWpGUbM,DIY ALL NATURAL & NON TOXIC CANDLES,563.0,storyboard,53,426.27,434.31,8.04,https://youtu.be/b1S_cWpGUbM?t=426s,decorate_finish,finish,1,0.5,Lidding/labelling & cleaning the jars.,"Lidding/labelling & cleaning the jars. finish phase, ~76% in, 7:06–7:14.",,0,1,,
b1S_cWpGUbM,https://www.youtube.com/watch?v=b1S_cWpGUbM,DIY ALL NATURAL & NON TOXIC CANDLES,563.0,storyboard,54,434.31,442.36,8.05,https://youtu.be/b1S_cWpGUbM?t=434s,decorate_finish,finish,1,0.5,Lidding/labelling & cleaning the jars.,"Lidding/labelling & cleaning the jars. finish phase, ~77% in, 7:14–7:22.",,0,1,,
b1S_cWpGUbM,https://www.youtube.com/watch?v=b1S_cWpGUbM,DIY ALL NATURAL & NON TOXIC CANDLES,563.0,storyboard,55,442.36,450.4,8.04,https://youtu.be/b1S_cWpGUbM?t=442s,decorate_finish,finish,1,0.5,Lidding/labelling & cleaning the jars.,"Lidding/labelling & cleaning the jars. finish phase, ~79% in, 7:22–7:30.",,0,1,,
b1S_cWpGUbM,https://www.youtube.com/watch?v=b1S_cWpGUbM,DIY ALL NATURAL & NON TOXIC CANDLES,563.0,storyboard,56,450.4,458.44,8.04,https://youtu.be/b1S_cWpGUbM?t=450s,decorate_finish,finish,1,0.5,Lidding/labelling & cleaning the jars.,"Lidding/labelling & cleaning the jars. finish phase, ~80% in, 7:30–7:38.",,0,1,,
b1S_cWpGUbM,https://www.youtube.com/watch?v=b1S_cWpGUbM,DIY ALL NATURAL & NON TOXIC CANDLES,563.0,storyboard,57,458.44,466.49,8.05,https://youtu.be/b1S_cWpGUbM?t=458s,decorate_finish,finish,1,0.5,Prepping the jars.,"Prepping the jars. Final touches - labels, lids, ribbon, cleaning the glass. finish phase, ~81% in, 7:38–7:46.",,0,1,,
b1S_cWpGUbM,https://www.youtube.com/watch?v=b1S_cWpGUbM,DIY ALL NATURAL & NON TOXIC CANDLES,563.0,storyboard,58,466.49,474.53,8.04,https://youtu.be/b1S_cWpGUbM?t=466s,decorate_finish,finish,1,0.5,Lidding/labelling & cleaning the jars.,"Lidding/labelling & cleaning the jars. finish phase, ~83% in, 7:46–7:54.",,0,1,,
bOutp9y0oxE,https://www.youtube.com/watch?v=bOutp9y0oxE,Tealight Candle Making At Home 😱/ Tea Light Candles Holder / diwali decoration Idea 2025/DIY Candle🥰,83.0,storyboard,6,49.8,58.1,8.3,https://youtu.be/bOutp9y0oxE?t=50s,decorate_finish,finish,1,0.5,Hands hold the set candle and begin peeling the paper cup away from the moulded pink wax.,"Hands hold the set candle and begin peeling the paper cup away from the moulded pink wax. finish phase, ~60% in, 0:49–0:58. Terminology: pillar candle.",,0,1,,
bOutp9y0oxE,https://www.youtube.com/watch?v=bOutp9y0oxE,Tealight Candle Making At Home 😱/ Tea Light Candles Holder / diwali decoration Idea 2025/DIY Candle🥰,83.0,storyboard,7,58.1,66.4,8.3,https://youtu.be/bOutp9y0oxE?t=58s,decorate_finish,finish,1,0.55,"The paper cup is peeled off and trimmed with scissors, unmoulding the pink candle.","The paper cup is peeled off and trimmed with scissors, unmoulding the pink candle. finish phase, ~70% in, 0:58–1:06.",,0,1,,
brD2ddLQmmY,https://www.youtube.com/watch?v=brD2ddLQmmY,satisfying candle making full process,303.0,storyboard,12,95.68,103.66,7.98,https://youtu.be/brD2ddLQmmY?t=96s,decorate_finish,finish,1,0.5,Shaping/dipping a tall purple draped candle by hand.,"Shaping/dipping a tall purple draped candle by hand. finish phase, ~32% in, 1:35–1:43.",,0,1,,
brD2ddLQmmY,https://www.youtube.com/watch?v=brD2ddLQmmY,satisfying candle making full process,303.0,storyboard,13,103.66,111.63,7.97,https://youtu.be/brD2ddLQmmY?t=104s,decorate_finish,finish,0,0.5,"On-screen text card (auto-detected: static frame, OCR text). Text reads: 'ES. hoe Wt El nn eal meet hs. 7 seit 4 1 yy'.","On-screen text card (auto-detected: static frame, OCR text). Text reads: 'ES. hoe Wt El nn eal meet hs. 7 seit 4 1 yy'. finish phase, ~34% in, 1:43–1:51.",,0,1,desc_text_card,
brD2ddLQmmY,https://www.youtube.com/watch?v=brD2ddLQmmY,satisfying candle making full process,303.0,storyboard,14,111.63,119.61,7.98,https://youtu.be/brD2ddLQmmY?t=112s,decorate_finish,finish,1,0.5,Shaping/dipping a tall purple draped candle by hand.,"Shaping/dipping a tall purple draped candle by hand. finish phase, ~37% in, 1:51–1:59.",,0,1,,
brD2ddLQmmY,https://www.youtube.com/watch?v=brD2ddLQmmY,satisfying candle making full process,303.0,storyboard,15,119.61,127.58,7.97,https://youtu.be/brD2ddLQmmY?t=120s,decorate_finish,finish,1,0.5,Shaping/dipping a tall purple draped candle by hand.,"Shaping/dipping a tall purple draped candle by hand. finish phase, ~39% in, 1:59–2:07.",,0,1,,
brD2ddLQmmY,https://www.youtube.com/watch?v=brD2ddLQmmY,satisfying candle making full process,303.0,storyboard,16,127.58,135.55,7.97,https://youtu.be/brD2ddLQmmY?t=128s,decorate_finish,finish,1,0.5,Shaping/dipping a tall purple draped candle by hand.,"Shaping/dipping a tall purple draped candle by hand. finish phase, ~42% in, 2:07–2:15.",,0,1,,
brD2ddLQmmY,https://www.youtube.com/watch?v=brD2ddLQmmY,satisfying candle making full process,303.0,storyboard,17,135.55,143.53,7.98,https://youtu.be/brD2ddLQmmY?t=136s,decorate_finish,finish,1,0.5,Shaping/dipping a tall purple draped candle by hand.,"Shaping/dipping a tall purple draped candle by hand. finish phase, ~45% in, 2:15–2:23.",,0,1,,
brD2ddLQmmY,https://www.youtube.com/watch?v=brD2ddLQmmY,satisfying candle making full process,303.0,storyboard,18,143.53,151.5,7.97,https://youtu.be/brD2ddLQmmY?t=144s,decorate_finish,finish,1,0.5,Shaping/dipping a tall purple draped candle by hand.,"Shaping/dipping a tall purple draped candle by hand. finish phase, ~47% in, 2:23–2:31.",,0,1,,
brD2ddLQmmY,https://www.youtube.com/watch?v=brD2ddLQmmY,satisfying candle making full process,303.0,storyboard,19,151.5,159.47,7.97,https://youtu.be/brD2ddLQmmY?t=152s,decorate_finish,finish,1,0.5,Shaping/dipping a tall purple draped candle by hand.,"Shaping/dipping a tall purple draped candle by hand. finish phase, ~50% in, 2:31–2:39.",,0,1,,
brD2ddLQmmY,https://www.youtube.com/watch?v=brD2ddLQmmY,satisfying candle making full process,303.0,storyboard,20,159.47,167.45,7.98,https://youtu.be/brD2ddLQmmY?t=159s,decorate_finish,finish,1,0.5,Shaping/dipping a tall purple draped candle by hand.,"Shaping/dipping a tall purple draped candle by hand. finish phase, ~53% in, 2:39–2:47.",,0,1,,
brD2ddLQmmY,https://www.youtube.com/watch?v=brD2ddLQmmY,satisfying candle making full process,303.0,storyboard,21,167.45,175.42,7.97,https://youtu.be/brD2ddLQmmY?t=167s,decorate_finish,finish,1,0.5,Shaping/dipping a tall purple draped candle by hand.,"Shaping/dipping a tall purple draped candle by hand. finish phase, ~55% in, 2:47–2:55.",,0,1,,
brD2ddLQmmY,https://www.youtube.com/watch?v=brD2ddLQmmY,satisfying candle making full process,303.0,storyboard,22,175.42,183.39,7.97,https://youtu.be/brD2ddLQmmY?t=175s,decorate_finish,finish,1,0.5,Shaping/dipping a tall purple draped candle by hand.,"Shaping/dipping a tall purple draped candle by hand. finish phase, ~58% in, 2:55–3:03.",,0,1,,
brD2ddLQmmY,https://www.youtube.com/watch?v=brD2ddLQmmY,satisfying candle making full process,303.0,storyboard,23,183.39,191.37,7.98,https://youtu.be/brD2ddLQmmY?t=183s,decorate_finish,finish,1,0.5,Shaping/dipping a tall purple draped candle by hand.,"Shaping/dipping a tall purple draped candle by hand. finish phase, ~61% in, 3:03–3:11.",,0,1,,
brD2ddLQmmY,https://www.youtube.com/watch?v=brD2ddLQmmY,satisfying candle making full process,303.0,storyboard,24,191.37,199.34,7.97,https://youtu.be/brD2ddLQmmY?t=191s,decorate_finish,finish,1,0.5,Shaping/dipping a tall purple draped candle by hand.,"Shaping/dipping a tall purple draped candle by hand. finish phase, ~63% in, 3:11–3:19.",,0,1,,
brD2ddLQmmY,https://www.youtube.com/watch?v=brD2ddLQmmY,satisfying candle making full process,303.0,storyboard,25,199.34,207.32,7.98,https://youtu.be/brD2ddLQmmY?t=199s,decorate_finish,finish,1,0.5,Shaping/dipping a tall purple draped candle by hand.,"Shaping/dipping a tall purple draped candle by hand. finish phase, ~66% in, 3:19–3:27.",,0,1,,
brD2ddLQmmY,https://www.youtube.com/watch?v=brD2ddLQmmY,satisfying candle making full process,303.0,storyboard,26,207.32,215.29,7.97,https://youtu.be/brD2ddLQmmY?t=207s,decorate_finish,finish,1,0.5,Shaping/dipping a tall purple draped candle by hand.,"Shaping/dipping a tall purple draped candle by hand. finish phase, ~68% in, 3:27–3:35.",,0,1,,
brD2ddLQmmY,https://www.youtube.com/watch?v=brD2ddLQmmY,satisfying candle making full process,303.0,storyboard,27,215.29,223.26,7.97,https://youtu.be/brD2ddLQmmY?t=215s,decorate_finish,finish,1,0.5,Shaping/dipping a tall purple draped candle by hand.,"Shaping/dipping a tall purple draped candle by hand. finish phase, ~71% in, 3:35–3:43.",,0,1,,
brD2ddLQmmY,https://www.youtube.com/watch?v=brD2ddLQmmY,satisfying candle making full process,303.0,storyboard,28,223.26,231.24,7.98,https://youtu.be/brD2ddLQmmY?t=223s,decorate_finish,finish,1,0.5,Shaping/dipping a tall purple draped candle by hand.,"Shaping/dipping a tall purple draped candle by hand. finish phase, ~74% in, 3:43–3:51.",,0,1,,
brD2ddLQmmY,https://www.youtube.com/watch?v=brD2ddLQmmY,satisfying candle making full process,303.0,storyboard,29,231.24,239.21,7.97,https://youtu.be/brD2ddLQmmY?t=231s,decorate_finish,finish,1,0.5,Shaping/dipping a tall purple draped candle by hand.,"Shaping/dipping a tall purple draped candle by hand. finish phase, ~76% in, 3:51–3:59.",,0,1,,
c2l0eQnhwiE,https://www.youtube.com/watch?v=c2l0eQnhwiE,Candle making ASMR | small business TikTok compilation,603.0,storyboard,6,48.24,56.28,8.04,https://youtu.be/c2l0eQnhwiE?t=48s,decorate_finish,finish,1,0.4,Whipping/piping or embedding decor on a candle (ASMR clip).,"Whipping/piping or embedding decor on a candle (ASMR clip). finish phase, ~8% in, 0:48–0:56.",,0,1,,
c2l0eQnhwiE,https://www.youtube.com/watch?v=c2l0eQnhwiE,Candle making ASMR | small business TikTok compilation,603.0,storyboard,12,96.48,104.52,8.04,https://youtu.be/c2l0eQnhwiE?t=96s,decorate_finish,finish,1,0.4,Whipping/piping or embedding decor on a candle (ASMR clip).,"Whipping/piping or embedding decor on a candle (ASMR clip). finish phase, ~16% in, 1:36–1:44.",,0,1,,
c2l0eQnhwiE,https://www.youtube.com/watch?v=c2l0eQnhwiE,Candle making ASMR | small business TikTok compilation,603.0,storyboard,18,144.72,152.76,8.04,https://youtu.be/c2l0eQnhwiE?t=145s,decorate_finish,finish,1,0.4,Whipping/piping or embedding decor on a candle (ASMR clip).,"Whipping/piping or embedding decor on a candle (ASMR clip). finish phase, ~24% in, 2:24–2:32.",,0,1,,
c2l0eQnhwiE,https://www.youtube.com/watch?v=c2l0eQnhwiE,Candle making ASMR | small business TikTok compilation,603.0,storyboard,24,192.96,201.0,8.04,https://youtu.be/c2l0eQnhwiE?t=193s,decorate_finish,finish,1,0.4,Whipping/piping or embedding decor on a candle (ASMR clip).,"Whipping/piping or embedding decor on a candle (ASMR clip). finish phase, ~32% in, 3:12–3:21.",,0,1,,
c2l0eQnhwiE,https://www.youtube.com/watch?v=c2l0eQnhwiE,Candle making ASMR | small business TikTok compilation,603.0,storyboard,30,241.2,249.24,8.04,https://youtu.be/c2l0eQnhwiE?t=241s,decorate_finish,finish,1,0.4,Whipping/piping or embedding decor on a candle (ASMR clip).,"Whipping/piping or embedding decor on a candle (ASMR clip). finish phase, ~40% in, 4:01–4:09.",,0,1,,
c2l0eQnhwiE,https://www.youtube.com/watch?v=c2l0eQnhwiE,Candle making ASMR | small business TikTok compilation,603.0,storyboard,36,289.44,297.48,8.04,https://youtu.be/c2l0eQnhwiE?t=289s,decorate_finish,finish,1,0.4,Whipping/piping or embedding decor on a candle (ASMR clip).,"Whipping/piping or embedding decor on a candle (ASMR clip). finish phase, ~48% in, 4:49–4:57.",,0,1,,
c2l0eQnhwiE,https://www.youtube.com/watch?v=c2l0eQnhwiE,Candle making ASMR | small business TikTok compilation,603.0,storyboard,42,337.68,345.72,8.04,https://youtu.be/c2l0eQnhwiE?t=338s,decorate_finish,finish,1,0.4,Whipping/piping or embedding decor on a candle (ASMR clip).,"Whipping/piping or embedding decor on a candle (ASMR clip). finish phase, ~56% in, 5:37–5:45.",,0,1,,
c2l0eQnhwiE,https://www.youtube.com/watch?v=c2l0eQnhwiE,Candle making ASMR | small business TikTok compilation,603.0,storyboard,48,385.92,393.96,8.04,https://youtu.be/c2l0eQnhwiE?t=386s,decorate_finish,finish,1,0.4,Whipping/piping or embedding decor on a candle (ASMR clip).,"Whipping/piping or embedding decor on a candle (ASMR clip). finish phase, ~64% in, 6:25–6:33.",,0,1,,
c2l0eQnhwiE,https://www.youtube.com/watch?v=c2l0eQnhwiE,Candle making ASMR | small business TikTok compilation,603.0,storyboard,54,434.16,442.2,8.04,https://youtu.be/c2l0eQnhwiE?t=434s,decorate_finish,finish,1,0.4,Whipping/piping or embedding decor on a candle (ASMR clip).,"Whipping/piping or embedding decor on a candle (ASMR clip). finish phase, ~72% in, 7:14–7:22.",,0,1,,
c2l0eQnhwiE,https://www.youtube.com/watch?v=c2l0eQnhwiE,Candle making ASMR | small business TikTok compilation,603.0,storyboard,60,482.4,490.44,8.04,https://youtu.be/c2l0eQnhwiE?t=482s,decorate_finish,finish,1,0.4,Whipping/piping or embedding decor on a candle (ASMR clip).,"Whipping/piping or embedding decor on a candle (ASMR clip). finish phase, ~80% in, 8:02–8:10.",,0,1,,
c2l0eQnhwiE,https://www.youtube.com/watch?v=c2l0eQnhwiE,Candle making ASMR | small business TikTok compilation,603.0,storyboard,66,530.64,538.68,8.04,https://youtu.be/c2l0eQnhwiE?t=531s,decorate_finish,finish,1,0.4,Whipping/piping or embedding decor on a candle (ASMR clip).,"Whipping/piping or embedding decor on a candle (ASMR clip). finish phase, ~88% in, 8:50–8:58.",,0,1,,
cVJ98lkY3D4,https://www.youtube.com/watch?v=cVJ98lkY3D4,How To Make A Beeswax Candle | Beeswax Candle Making Tutorial,391.0,storyboard,14,111.71,119.69,7.98,https://youtu.be/cVJ98lkY3D4?t=112s,decorate_finish,finish,1,0.45,Shaping/rolling beeswax on the white surface.,"Shaping/rolling beeswax on the white surface. finish phase, ~29% in, 1:51–1:59.",,0,1,,
cVJ98lkY3D4,https://www.youtube.com/watch?v=cVJ98lkY3D4,How To Make A Beeswax Candle | Beeswax Candle Making Tutorial,391.0,storyboard,15,119.69,127.67,7.98,https://youtu.be/cVJ98lkY3D4?t=120s,decorate_finish,finish,1,0.45,Shaping/rolling beeswax on the white surface.,"Shaping/rolling beeswax on the white surface. finish phase, ~31% in, 1:59–2:07.",,0,1,,
cVJ98lkY3D4,https://www.youtube.com/watch?v=cVJ98lkY3D4,How To Make A Beeswax Candle | Beeswax Candle Making Tutorial,391.0,storyboard,16,127.67,135.65,7.98,https://youtu.be/cVJ98lkY3D4?t=128s,decorate_finish,finish,1,0.45,Shaping/rolling beeswax on the white surface.,"Shaping/rolling beeswax on the white surface. finish phase, ~33% in, 2:07–2:15.",,0,1,,
cVJ98lkY3D4,https://www.youtube.com/watch?v=cVJ98lkY3D4,How To Make A Beeswax Candle | Beeswax Candle Making Tutorial,391.0,storyboard,17,135.65,143.63,7.98,https://youtu.be/cVJ98lkY3D4?t=136s,decorate_finish,finish,1,0.45,Shaping/rolling beeswax on the white surface.,"Shaping/rolling beeswax on the white surface. finish phase, ~35% in, 2:15–2:23.",,0,1,,
cVJ98lkY3D4,https://www.youtube.com/watch?v=cVJ98lkY3D4,How To Make A Beeswax Candle | Beeswax Candle Making Tutorial,391.0,storyboard,18,143.63,151.61,7.98,https://youtu.be/cVJ98lkY3D4?t=144s,decorate_finish,finish,1,0.45,Shaping/rolling beeswax on the white surface.,"Shaping/rolling beeswax on the white surface. finish phase, ~37% in, 2:23–2:31.",,0,1,,
cVJ98lkY3D4,https://www.youtube.com/watch?v=cVJ98lkY3D4,How To Make A Beeswax Candle | Beeswax Candle Making Tutorial,391.0,storyboard,19,151.61,159.59,7.98,https://youtu.be/cVJ98lkY3D4?t=152s,decorate_finish,finish,1,0.45,Shaping/rolling beeswax on the white surface.,"Shaping/rolling beeswax on the white surface. finish phase, ~39% in, 2:31–2:39.",,0,1,,
cVJ98lkY3D4,https://www.youtube.com/watch?v=cVJ98lkY3D4,How To Make A Beeswax Candle | Beeswax Candle Making Tutorial,391.0,storyboard,20,159.59,167.57,7.98,https://youtu.be/cVJ98lkY3D4?t=160s,decorate_finish,finish,1,0.45,Shaping/rolling beeswax on the white surface.,"Shaping/rolling beeswax on the white surface. finish phase, ~41% in, 2:39–2:47.",,0,1,,
cVJ98lkY3D4,https://www.youtube.com/watch?v=cVJ98lkY3D4,How To Make A Beeswax Candle | Beeswax Candle Making Tutorial,391.0,storyboard,21,167.57,175.55,7.98,https://youtu.be/cVJ98lkY3D4?t=168s,decorate_finish,finish,1,0.45,Shaping/rolling beeswax on the white surface.,"Shaping/rolling beeswax on the white surface. finish phase, ~43% in, 2:47–2:55.",,0,1,,
cVJ98lkY3D4,https://www.youtube.com/watch?v=cVJ98lkY3D4,How To Make A Beeswax Candle | Beeswax Candle Making Tutorial,391.0,storyboard,22,175.55,183.53,7.98,https://youtu.be/cVJ98lkY3D4?t=176s,decorate_finish,finish,1,0.45,Shaping/rolling beeswax on the white surface.,"Shaping/rolling beeswax on the white surface. finish phase, ~45% in, 2:55–3:03.",,0,1,,
cVJ98lkY3D4,https://www.youtube.com/watch?v=cVJ98lkY3D4,How To Make A Beeswax Candle | Beeswax Candle Making Tutorial,391.0,storyboard,23,183.53,191.51,7.98,https://youtu.be/cVJ98lkY3D4?t=184s,decorate_finish,finish,1,0.45,Shaping/rolling beeswax on the white surface.,"Shaping/rolling beeswax on the white surface. finish phase, ~47% in, 3:03–3:11.",,0,1,,
cYCW1wpPtr4,https://www.youtube.com/watch?v=cYCW1wpPtr4,"Big Candle Making | Full Process, Wax Pour & ASMR 🕯✨ | Handmade Scented Candle",62.0,storyboard,0,0.0,7.75,7.75,https://youtu.be/cYCW1wpPtr4?t=0s,decorate_finish,finish,1,0.55,"Mauve background; hands lift a white moulded rose/peony candle out of its silicone mould (phone-edited, 'InShot').","Mauve background; hands lift a white moulded rose/peony candle out of its silicone mould (phone-edited, 'InShot'). finish phase, ~0% in, 0:00–0:07. Terminology: pillar candle.",,0,1,,
cYCW1wpPtr4,https://www.youtube.com/watch?v=cYCW1wpPtr4,"Big Candle Making | Full Process, Wax Pour & ASMR 🕯✨ | Handmade Scented Candle",62.0,storyboard,3,23.25,31.0,7.75,https://youtu.be/cYCW1wpPtr4?t=23s,decorate_finish,finish,1,0.55,Peeling a white silicone mould off a textured honeycomb candle; rose candles around.,"Peeling a white silicone mould off a textured honeycomb candle; rose candles around. finish phase, ~38% in, 0:23–0:31.",,0,1,,
cYCW1wpPtr4,https://www.youtube.com/watch?v=cYCW1wpPtr4,"Big Candle Making | Full Process, Wax Pour & ASMR 🕯✨ | Handmade Scented Candle",62.0,storyboard,4,31.0,38.75,7.75,https://youtu.be/cYCW1wpPtr4?t=31s,decorate_finish,finish,1,0.55,A demoulded bubble candle and a pink rose candle; the wick is handled.,"A demoulded bubble candle and a pink rose candle; the wick is handled. finish phase, ~50% in, 0:31–0:38. Terminology: pillar candle.",,0,1,,
cYCW1wpPtr4,https://www.youtube.com/watch?v=cYCW1wpPtr4,"Big Candle Making | Full Process, Wax Pour & ASMR 🕯✨ | Handmade Scented Candle",62.0,storyboard,5,38.75,46.5,7.75,https://youtu.be/cYCW1wpPtr4?t=39s,decorate_finish,finish,1,0.6,"Finished pink rose, white peony and bubble candles displayed.","Finished pink rose, white peony and bubble candles displayed. finish phase, ~62% in, 0:38–0:46.",,0,1,,
cYCW1wpPtr4,https://www.youtube.com/watch?v=cYCW1wpPtr4,"Big Candle Making | Full Process, Wax Pour & ASMR 🕯✨ | Handmade Scented Candle",62.0,storyboard,6,46.5,54.25,7.75,https://youtu.be/cYCW1wpPtr4?t=46s,decorate_finish,finish,1,0.55,A teal rose candle is demoulded from a white silicone mould on a plate.,"A teal rose candle is demoulded from a white silicone mould on a plate. finish phase, ~75% in, 0:46–0:54. Terminology: pillar candle.",,0,1,,
f1l30y3gm84,https://www.youtube.com/watch?v=f1l30y3gm84,"all things wax! | asmr, cleaning, candle making…",525.0,storyboard,29,230.68,238.64,7.96,https://youtu.be/f1l30y3gm84?t=231s,decorate_finish,finish,1,0.5,Shaping/whipping the coloured wax candle.,"Shaping/whipping the coloured wax candle. finish phase, ~44% in, 3:50–3:58.",,0,1,,
f1l30y3gm84,https://www.youtube.com/watch?v=f1l30y3gm84,"all things wax! | asmr, cleaning, candle making…",525.0,storyboard,30,238.64,246.59,7.95,https://youtu.be/f1l30y3gm84?t=239s,decorate_finish,finish,1,0.5,Shaping/whipping the coloured wax candle.,"Shaping/whipping the coloured wax candle. finish phase, ~45% in, 3:58–4:06.",,0,1,,
f1l30y3gm84,https://www.youtube.com/watch?v=f1l30y3gm84,"all things wax! | asmr, cleaning, candle making…",525.0,storyboard,34,270.45,278.41,7.96,https://youtu.be/f1l30y3gm84?t=270s,decorate_finish,finish,1,0.5,Shaping/whipping the coloured wax candle.,"Shaping/whipping the coloured wax candle. finish phase, ~52% in, 4:30–4:38.",,0,1,,
f1l30y3gm84,https://www.youtube.com/watch?v=f1l30y3gm84,"all things wax! | asmr, cleaning, candle making…",525.0,storyboard,35,278.41,286.36,7.95,https://youtu.be/f1l30y3gm84?t=278s,decorate_finish,finish,1,0.5,Vivid coloured wax added.,"Vivid coloured wax added. finish phase, ~53% in, 4:38–4:46.",,0,1,,
f1l30y3gm84,https://www.youtube.com/watch?v=f1l30y3gm84,"all things wax! | asmr, cleaning, candle making…",525.0,storyboard,36,286.36,294.32,7.96,https://youtu.be/f1l30y3gm84?t=286s,decorate_finish,finish,1,0.5,Shaping/whipping the coloured wax candle.,"Shaping/whipping the coloured wax candle. finish phase, ~55% in, 4:46–4:54.",,0,1,,
f1l30y3gm84,https://www.youtube.com/watch?v=f1l30y3gm84,"all things wax! | asmr, cleaning, candle making…",525.0,storyboard,37,294.32,302.27,7.95,https://youtu.be/f1l30y3gm84?t=294s,decorate_finish,finish,1,0.5,Shaping/whipping the coloured wax candle.,"Shaping/whipping the coloured wax candle. finish phase, ~56% in, 4:54–5:02.",,0,1,,
f1l30y3gm84,https://www.youtube.com/watch?v=f1l30y3gm84,"all things wax! | asmr, cleaning, candle making…",525.0,storyboard,41,326.14,334.09,7.95,https://youtu.be/f1l30y3gm84?t=326s,decorate_finish,finish,1,0.5,Shaping/whipping the coloured wax candle.,"Shaping/whipping the coloured wax candle. finish phase, ~62% in, 5:26–5:34.",,0,1,,
f1l30y3gm84,https://www.youtube.com/watch?v=f1l30y3gm84,"all things wax! | asmr, cleaning, candle making…",525.0,storyboard,45,357.95,365.91,7.96,https://youtu.be/f1l30y3gm84?t=358s,decorate_finish,finish,1,0.5,Shaping/whipping the coloured wax candle.,"Shaping/whipping the coloured wax candle. finish phase, ~68% in, 5:57–6:05.",,0,1,,
f1l30y3gm84,https://www.youtube.com/watch?v=f1l30y3gm84,"all things wax! | asmr, cleaning, candle making…",525.0,storyboard,57,453.41,461.36,7.95,https://youtu.be/f1l30y3gm84?t=453s,decorate_finish,finish,1,0.5,Shaping/whipping the coloured wax candle.,"Shaping/whipping the coloured wax candle. finish phase, ~86% in, 7:33–7:41.",,0,1,,
f1l30y3gm84,https://www.youtube.com/watch?v=f1l30y3gm84,"all things wax! | asmr, cleaning, candle making…",525.0,storyboard,58,461.36,469.32,7.96,https://youtu.be/f1l30y3gm84?t=461s,decorate_finish,finish,1,0.5,Shaping/whipping the coloured wax candle.,"Shaping/whipping the coloured wax candle. finish phase, ~88% in, 7:41–7:49.",,0,1,,
f1l30y3gm84,https://www.youtube.com/watch?v=f1l30y3gm84,"all things wax! | asmr, cleaning, candle making…",525.0,storyboard,59,469.32,477.27,7.95,https://youtu.be/f1l30y3gm84?t=469s,decorate_finish,finish,1,0.5,Shaping/whipping the coloured wax candle.,"Shaping/whipping the coloured wax candle. finish phase, ~89% in, 7:49–7:57.",,0,1,,
f1l30y3gm84,https://www.youtube.com/watch?v=f1l30y3gm84,"all things wax! | asmr, cleaning, candle making…",525.0,storyboard,60,477.27,485.23,7.96,https://youtu.be/f1l30y3gm84?t=477s,decorate_finish,finish,1,0.5,Shaping/whipping the coloured wax candle.,"Shaping/whipping the coloured wax candle. finish phase, ~91% in, 7:57–8:05.",,0,1,,
f1l30y3gm84,https://www.youtube.com/watch?v=f1l30y3gm84,"all things wax! | asmr, cleaning, candle making…",525.0,storyboard,61,485.23,493.18,7.95,https://youtu.be/f1l30y3gm84?t=485s,decorate_finish,finish,1,0.5,Shaping/whipping the coloured wax candle.,"Shaping/whipping the coloured wax candle. finish phase, ~92% in, 8:05–8:13.",,0,1,,
f1l30y3gm84,https://www.youtube.com/watch?v=f1l30y3gm84,"all things wax! | asmr, cleaning, candle making…",525.0,storyboard,62,493.18,501.14,7.96,https://youtu.be/f1l30y3gm84?t=493s,decorate_finish,finish,1,0.5,Shaping/whipping the coloured wax candle.,"Shaping/whipping the coloured wax candle. finish phase, ~94% in, 8:13–8:21.",,0,1,,
fS_Y1fC39kM,https://www.youtube.com/watch?v=fS_Y1fC39kM,How to Make Candles with Essential Oils - Homemade Summer DIY♡ NaturallyThriftyMom,261.0,storyboard,21,166.09,174.0,7.91,https://youtu.be/fS_Y1fC39kM?t=166s,decorate_finish,finish,1,0.5,Orange zest topping added to the candle surface.,"Orange zest topping added to the candle surface. finish phase, ~64% in, 2:46–2:54.",,0,1,,
fS_Y1fC39kM,https://www.youtube.com/watch?v=fS_Y1fC39kM,How to Make Candles with Essential Oils - Homemade Summer DIY♡ NaturallyThriftyMom,261.0,storyboard,22,174.0,181.91,7.91,https://youtu.be/fS_Y1fC39kM?t=174s,decorate_finish,finish,1,0.5,Dried citrus/cranberry arranged on the candles.,"Dried citrus/cranberry arranged on the candles. finish phase, ~67% in, 2:54–3:01.",,0,1,,
fS_Y1fC39kM,https://www.youtube.com/watch?v=fS_Y1fC39kM,How to Make Candles with Essential Oils - Homemade Summer DIY♡ NaturallyThriftyMom,261.0,storyboard,23,181.91,189.82,7.91,https://youtu.be/fS_Y1fC39kM?t=182s,decorate_finish,finish,1,0.5,Glasses with embedded citrus garnish.,"Glasses with embedded citrus garnish. finish phase, ~70% in, 3:01–3:09.",,0,1,,
fS_Y1fC39kM,https://www.youtube.com/watch?v=fS_Y1fC39kM,How to Make Candles with Essential Oils - Homemade Summer DIY♡ NaturallyThriftyMom,261.0,storyboard,24,189.82,197.73,7.91,https://youtu.be/fS_Y1fC39kM?t=190s,decorate_finish,finish,1,0.45,"Candle topped with orange zest, shown overhead.","Candle topped with orange zest, shown overhead. finish phase, ~73% in, 3:09–3:17.",,0,1,,
gUmo_4_EhuI,https://www.youtube.com/watch?v=gUmo_4_EhuI,Make DIY Aesthetic Candles with Me | DIY cute candles handmade candle gift ideas | Temu molds review,529.0,storyboard,5,40.08,48.09,8.01,https://youtu.be/gUmo_4_EhuI?t=40s,decorate_finish,finish,1,0.5,Demoulding the aesthetic moulded candles.,"Demoulding the aesthetic moulded candles. finish phase, ~8% in, 0:40–0:48. Terminology: pillar candle.",,0,1,,
gUmo_4_EhuI,https://www.youtube.com/watch?v=gUmo_4_EhuI,Make DIY Aesthetic Candles with Me | DIY cute candles handmade candle gift ideas | Temu molds review,529.0,storyboard,8,64.12,72.14,8.02,https://youtu.be/gUmo_4_EhuI?t=64s,decorate_finish,finish,1,0.5,Demoulding the aesthetic moulded candles.,"Demoulding the aesthetic moulded candles. finish phase, ~12% in, 1:04–1:12. Terminology: pillar candle.",,0,1,,
gUmo_4_EhuI,https://www.youtube.com/watch?v=gUmo_4_EhuI,Make DIY Aesthetic Candles with Me | DIY cute candles handmade candle gift ideas | Temu molds review,529.0,storyboard,11,88.17,96.18,8.01,https://youtu.be/gUmo_4_EhuI?t=88s,decorate_finish,finish,1,0.5,Demoulding the aesthetic moulded candles.,"Demoulding the aesthetic moulded candles. finish phase, ~17% in, 1:28–1:36. Terminology: pillar candle.",,0,1,,
gUmo_4_EhuI,https://www.youtube.com/watch?v=gUmo_4_EhuI,Make DIY Aesthetic Candles with Me | DIY cute candles handmade candle gift ideas | Temu molds review,529.0,storyboard,14,112.21,120.23,8.02,https://youtu.be/gUmo_4_EhuI?t=112s,decorate_finish,finish,1,0.5,Demoulding the aesthetic moulded candles.,"Demoulding the aesthetic moulded candles. finish phase, ~21% in, 1:52–2:00. Terminology: pillar candle.",,0,1,,
gUmo_4_EhuI,https://www.youtube.com/watch?v=gUmo_4_EhuI,Make DIY Aesthetic Candles with Me | DIY cute candles handmade candle gift ideas | Temu molds review,529.0,storyboard,17,136.26,144.27,8.01,https://youtu.be/gUmo_4_EhuI?t=136s,decorate_finish,finish,1,0.5,Demoulding the aesthetic moulded candles.,"Demoulding the aesthetic moulded candles. finish phase, ~26% in, 2:16–2:24. Terminology: pillar candle.",,0,1,,
gUmo_4_EhuI,https://www.youtube.com/watch?v=gUmo_4_EhuI,Make DIY Aesthetic Candles with Me | DIY cute candles handmade candle gift ideas | Temu molds review,529.0,storyboard,20,160.3,168.32,8.02,https://youtu.be/gUmo_4_EhuI?t=160s,decorate_finish,finish,1,0.5,Demoulding the aesthetic moulded candles.,"Demoulding the aesthetic moulded candles. finish phase, ~30% in, 2:40–2:48. Terminology: pillar candle.",,0,1,,
gUmo_4_EhuI,https://www.youtube.com/watch?v=gUmo_4_EhuI,Make DIY Aesthetic Candles with Me | DIY cute candles handmade candle gift ideas | Temu molds review,529.0,storyboard,23,184.35,192.36,8.01,https://youtu.be/gUmo_4_EhuI?t=184s,decorate_finish,finish,1,0.5,Demoulding the aesthetic moulded candles.,"Demoulding the aesthetic moulded candles. finish phase, ~35% in, 3:04–3:12. Terminology: pillar candle.",,0,1,,
gUmo_4_EhuI,https://www.youtube.com/watch?v=gUmo_4_EhuI,Make DIY Aesthetic Candles with Me | DIY cute candles handmade candle gift ideas | Temu molds review,529.0,storyboard,27,216.41,224.42,8.01,https://youtu.be/gUmo_4_EhuI?t=216s,decorate_finish,finish,1,0.5,Demoulding & decorating the aesthetic flower/ball candles.,"Demoulding & decorating the aesthetic flower/ball candles. finish phase, ~41% in, 3:36–3:44.",,0,1,,
gUmo_4_EhuI,https://www.youtube.com/watch?v=gUmo_4_EhuI,Make DIY Aesthetic Candles with Me | DIY cute candles handmade candle gift ideas | Temu molds review,529.0,storyboard,28,224.42,232.44,8.02,https://youtu.be/gUmo_4_EhuI?t=224s,decorate_finish,finish,1,0.5,Demoulding & decorating the aesthetic flower/ball candles.,"Demoulding & decorating the aesthetic flower/ball candles. finish phase, ~42% in, 3:44–3:52.",,0,1,,
gUmo_4_EhuI,https://www.youtube.com/watch?v=gUmo_4_EhuI,Make DIY Aesthetic Candles with Me | DIY cute candles handmade candle gift ideas | Temu molds review,529.0,storyboard,29,232.44,240.45,8.01,https://youtu.be/gUmo_4_EhuI?t=232s,decorate_finish,finish,1,0.6,Checkered-tray b-roll.,"Checkered-tray b-roll. Final touches - labels, lids, ribbon, cleaning the glass. finish phase, ~44% in, 3:52–4:00.",,0,1,,
gUmo_4_EhuI,https://www.youtube.com/watch?v=gUmo_4_EhuI,Make DIY Aesthetic Candles with Me | DIY cute candles handmade candle gift ideas | Temu molds review,529.0,storyboard,30,240.45,248.47,8.02,https://youtu.be/gUmo_4_EhuI?t=240s,decorate_finish,finish,1,0.5,Demoulding & decorating the aesthetic flower/ball candles.,"Demoulding & decorating the aesthetic flower/ball candles. finish phase, ~45% in, 4:00–4:08.",,0,1,,
gUmo_4_EhuI,https://www.youtube.com/watch?v=gUmo_4_EhuI,Make DIY Aesthetic Candles with Me | DIY cute candles handmade candle gift ideas | Temu molds review,529.0,storyboard,31,248.47,256.48,8.01,https://youtu.be/gUmo_4_EhuI?t=248s,decorate_finish,finish,1,0.5,Tinting the wax.,"Tinting the wax. Final touches - labels, lids, ribbon, cleaning the glass. finish phase, ~47% in, 4:08–4:16.",,0,1,,
gUmo_4_EhuI,https://www.youtube.com/watch?v=gUmo_4_EhuI,Make DIY Aesthetic Candles with Me | DIY cute candles handmade candle gift ideas | Temu molds review,529.0,storyboard,32,256.48,264.5,8.02,https://youtu.be/gUmo_4_EhuI?t=256s,decorate_finish,finish,1,0.5,Demoulding & decorating the aesthetic flower/ball candles.,"Demoulding & decorating the aesthetic flower/ball candles. finish phase, ~48% in, 4:16–4:24.",,0,1,,
gUmo_4_EhuI,https://www.youtube.com/watch?v=gUmo_4_EhuI,Make DIY Aesthetic Candles with Me | DIY cute candles handmade candle gift ideas | Temu molds review,529.0,storyboard,33,264.5,272.52,8.02,https://youtu.be/gUmo_4_EhuI?t=264s,decorate_finish,finish,1,0.5,Demoulding & decorating the aesthetic flower/ball candles.,"Demoulding & decorating the aesthetic flower/ball candles. finish phase, ~50% in, 4:24–4:32.",,0,1,,
gUmo_4_EhuI,https://www.youtube.com/watch?v=gUmo_4_EhuI,Make DIY Aesthetic Candles with Me | DIY cute candles handmade candle gift ideas | Temu molds review,529.0,storyboard,34,272.52,280.53,8.01,https://youtu.be/gUmo_4_EhuI?t=273s,decorate_finish,finish,1,0.5,Demoulding & decorating the aesthetic flower/ball candles.,"Demoulding & decorating the aesthetic flower/ball candles. finish phase, ~52% in, 4:32–4:40.",,0,1,,
gUmo_4_EhuI,https://www.youtube.com/watch?v=gUmo_4_EhuI,Make DIY Aesthetic Candles with Me | DIY cute candles handmade candle gift ideas | Temu molds review,529.0,storyboard,35,280.53,288.55,8.02,https://youtu.be/gUmo_4_EhuI?t=281s,decorate_finish,finish,1,0.5,Demoulding & decorating the aesthetic flower/ball candles.,"Demoulding & decorating the aesthetic flower/ball candles. finish phase, ~53% in, 4:40–4:48.",,0,1,,
gUmo_4_EhuI,https://www.youtube.com/watch?v=gUmo_4_EhuI,Make DIY Aesthetic Candles with Me | DIY cute candles handmade candle gift ideas | Temu molds review,529.0,storyboard,36,288.55,296.56,8.01,https://youtu.be/gUmo_4_EhuI?t=289s,decorate_finish,finish,1,0.5,Demoulding & decorating the aesthetic flower/ball candles.,"Demoulding & decorating the aesthetic flower/ball candles. finish phase, ~55% in, 4:48–4:56.",,0,1,,
gUmo_4_EhuI,https://www.youtube.com/watch?v=gUmo_4_EhuI,Make DIY Aesthetic Candles with Me | DIY cute candles handmade candle gift ideas | Temu molds review,529.0,storyboard,37,296.56,304.58,8.02,https://youtu.be/gUmo_4_EhuI?t=297s,decorate_finish,finish,1,0.5,Demoulding & decorating the aesthetic flower/ball candles.,"Demoulding & decorating the aesthetic flower/ball candles. finish phase, ~56% in, 4:56–5:04.",,0,1,,
gUmo_4_EhuI,https://www.youtube.com/watch?v=gUmo_4_EhuI,Make DIY Aesthetic Candles with Me | DIY cute candles handmade candle gift ideas | Temu molds review,529.0,storyboard,38,304.58,312.59,8.01,https://youtu.be/gUmo_4_EhuI?t=305s,decorate_finish,finish,1,0.5,Demoulding & decorating the aesthetic flower/ball candles.,"Demoulding & decorating the aesthetic flower/ball candles. finish phase, ~58% in, 5:04–5:12.",,0,1,,
gUmo_4_EhuI,https://www.youtube.com/watch?v=gUmo_4_EhuI,Make DIY Aesthetic Candles with Me | DIY cute candles handmade candle gift ideas | Temu molds review,529.0,storyboard,39,312.59,320.61,8.02,https://youtu.be/gUmo_4_EhuI?t=313s,decorate_finish,finish,1,0.5,Tinting the wax.,"Tinting the wax. Final touches - labels, lids, ribbon, cleaning the glass. finish phase, ~59% in, 5:12–5:20.",,0,1,,
gUmo_4_EhuI,https://www.youtube.com/watch?v=gUmo_4_EhuI,Make DIY Aesthetic Candles with Me | DIY cute candles handmade candle gift ideas | Temu molds review,529.0,storyboard,40,320.61,328.62,8.01,https://youtu.be/gUmo_4_EhuI?t=321s,decorate_finish,finish,1,0.5,Demoulding & decorating the aesthetic flower/ball candles.,"Demoulding & decorating the aesthetic flower/ball candles. finish phase, ~61% in, 5:20–5:28.",,0,1,,
gUmo_4_EhuI,https://www.youtube.com/watch?v=gUmo_4_EhuI,Make DIY Aesthetic Candles with Me | DIY cute candles handmade candle gift ideas | Temu molds review,529.0,storyboard,41,328.62,336.64,8.02,https://youtu.be/gUmo_4_EhuI?t=329s,decorate_finish,finish,1,0.5,Demoulding & decorating the aesthetic flower/ball candles.,"Demoulding & decorating the aesthetic flower/ball candles. finish phase, ~62% in, 5:28–5:36.",,0,1,,
gUmo_4_EhuI,https://www.youtube.com/watch?v=gUmo_4_EhuI,Make DIY Aesthetic Candles with Me | DIY cute candles handmade candle gift ideas | Temu molds review,529.0,storyboard,42,336.64,344.65,8.01,https://youtu.be/gUmo_4_EhuI?t=337s,decorate_finish,finish,1,0.5,Demoulding & decorating the aesthetic flower/ball candles.,"Demoulding & decorating the aesthetic flower/ball candles. finish phase, ~64% in, 5:36–5:44.",,0,1,,
gUmo_4_EhuI,https://www.youtube.com/watch?v=gUmo_4_EhuI,Make DIY Aesthetic Candles with Me | DIY cute candles handmade candle gift ideas | Temu molds review,529.0,storyboard,43,344.65,352.67,8.02,https://youtu.be/gUmo_4_EhuI?t=345s,decorate_finish,finish,1,0.5,Demoulding & decorating the aesthetic flower/ball candles.,"Demoulding & decorating the aesthetic flower/ball candles. finish phase, ~65% in, 5:44–5:52.",,0,1,,
gUmo_4_EhuI,https://www.youtube.com/watch?v=gUmo_4_EhuI,Make DIY Aesthetic Candles with Me | DIY cute candles handmade candle gift ideas | Temu molds review,529.0,storyboard,44,352.67,360.68,8.01,https://youtu.be/gUmo_4_EhuI?t=353s,decorate_finish,finish,1,0.5,Demoulding & decorating the aesthetic flower/ball candles.,"Demoulding & decorating the aesthetic flower/ball candles. finish phase, ~67% in, 5:52–6:00.",,0,1,,
gUmo_4_EhuI,https://www.youtube.com/watch?v=gUmo_4_EhuI,Make DIY Aesthetic Candles with Me | DIY cute candles handmade candle gift ideas | Temu molds review,529.0,storyboard,45,360.68,368.7,8.02,https://youtu.be/gUmo_4_EhuI?t=361s,decorate_finish,finish,1,0.5,Demoulding & decorating the aesthetic flower/ball candles.,"Demoulding & decorating the aesthetic flower/ball candles. finish phase, ~68% in, 6:00–6:08.",,0,1,,
gUmo_4_EhuI,https://www.youtube.com/watch?v=gUmo_4_EhuI,Make DIY Aesthetic Candles with Me | DIY cute candles handmade candle gift ideas | Temu molds review,529.0,storyboard,46,368.7,376.71,8.01,https://youtu.be/gUmo_4_EhuI?t=369s,decorate_finish,finish,1,0.5,Demoulding & decorating the aesthetic flower/ball candles.,"Demoulding & decorating the aesthetic flower/ball candles. finish phase, ~70% in, 6:08–6:16.",,0,1,,
gUmo_4_EhuI,https://www.youtube.com/watch?v=gUmo_4_EhuI,Make DIY Aesthetic Candles with Me | DIY cute candles handmade candle gift ideas | Temu molds review,529.0,storyboard,47,376.71,384.73,8.02,https://youtu.be/gUmo_4_EhuI?t=377s,decorate_finish,finish,1,0.5,Demoulding & decorating the aesthetic flower/ball candles.,"Demoulding & decorating the aesthetic flower/ball candles. finish phase, ~71% in, 6:16–6:24.",,0,1,,
gUmo_4_EhuI,https://www.youtube.com/watch?v=gUmo_4_EhuI,Make DIY Aesthetic Candles with Me | DIY cute candles handmade candle gift ideas | Temu molds review,529.0,storyboard,48,384.73,392.74,8.01,https://youtu.be/gUmo_4_EhuI?t=385s,decorate_finish,finish,1,0.5,Demoulding & decorating the aesthetic flower/ball candles.,"Demoulding & decorating the aesthetic flower/ball candles. finish phase, ~73% in, 6:24–6:32.",,0,1,,
gUmo_4_EhuI,https://www.youtube.com/watch?v=gUmo_4_EhuI,Make DIY Aesthetic Candles with Me | DIY cute candles handmade candle gift ideas | Temu molds review,529.0,storyboard,49,392.74,400.76,8.02,https://youtu.be/gUmo_4_EhuI?t=393s,decorate_finish,finish,1,0.5,Demoulding & decorating the aesthetic flower/ball candles.,"Demoulding & decorating the aesthetic flower/ball candles. finish phase, ~74% in, 6:32–6:40.",,0,1,,
gUmo_4_EhuI,https://www.youtube.com/watch?v=gUmo_4_EhuI,Make DIY Aesthetic Candles with Me | DIY cute candles handmade candle gift ideas | Temu molds review,529.0,storyboard,50,400.76,408.77,8.01,https://youtu.be/gUmo_4_EhuI?t=401s,decorate_finish,finish,1,0.5,Tinting the wax.,"Tinting the wax. Final touches - labels, lids, ribbon, cleaning the glass. finish phase, ~76% in, 6:40–6:48.",,0,1,,
gUmo_4_EhuI,https://www.youtube.com/watch?v=gUmo_4_EhuI,Make DIY Aesthetic Candles with Me | DIY cute candles handmade candle gift ideas | Temu molds review,529.0,storyboard,51,408.77,416.79,8.02,https://youtu.be/gUmo_4_EhuI?t=409s,decorate_finish,finish,1,0.5,Demoulding & decorating the aesthetic flower/ball candles.,"Demoulding & decorating the aesthetic flower/ball candles. finish phase, ~77% in, 6:48–6:56.",,0,1,,
gUmo_4_EhuI,https://www.youtube.com/watch?v=gUmo_4_EhuI,Make DIY Aesthetic Candles with Me | DIY cute candles handmade candle gift ideas | Temu molds review,529.0,storyboard,52,416.79,424.8,8.01,https://youtu.be/gUmo_4_EhuI?t=417s,decorate_finish,finish,1,0.5,Demoulding & decorating the aesthetic flower/ball candles.,"Demoulding & decorating the aesthetic flower/ball candles. finish phase, ~79% in, 6:56–7:04.",,0,1,,
gUmo_4_EhuI,https://www.youtube.com/watch?v=gUmo_4_EhuI,Make DIY Aesthetic Candles with Me | DIY cute candles handmade candle gift ideas | Temu molds review,529.0,storyboard,53,424.8,432.82,8.02,https://youtu.be/gUmo_4_EhuI?t=425s,decorate_finish,finish,1,0.5,Finished aesthetic candles shown.,"Finished aesthetic candles shown. finish phase, ~80% in, 7:04–7:12.",,0,1,,
gUmo_4_EhuI,https://www.youtube.com/watch?v=gUmo_4_EhuI,Make DIY Aesthetic Candles with Me | DIY cute candles handmade candle gift ideas | Temu molds review,529.0,storyboard,54,432.82,440.83,8.01,https://youtu.be/gUmo_4_EhuI?t=433s,decorate_finish,finish,1,0.5,Demoulding & decorating the aesthetic flower/ball candles.,"Demoulding & decorating the aesthetic flower/ball candles. finish phase, ~82% in, 7:12–7:20.",,0,1,,
hHOzUDG8Upg,https://www.youtube.com/watch?v=hHOzUDG8Upg,Mass Production Process of Candle. A day in a Candle Factory.,796.0,storyboard,74,589.04,597.0,7.96,https://youtu.be/hHOzUDG8Upg?t=589s,decorate_finish,finish,1,0.45,"Machine finishing the candles (stamping Korean text, cutting, rolling).","Machine finishing the candles (stamping Korean text, cutting, rolling). finish phase, ~74% in, 9:49–9:57.",,0,1,,
hHOzUDG8Upg,https://www.youtube.com/watch?v=hHOzUDG8Upg,Mass Production Process of Candle. A day in a Candle Factory.,796.0,storyboard,75,597.0,604.96,7.96,https://youtu.be/hHOzUDG8Upg?t=597s,decorate_finish,finish,1,0.45,"Machine finishing the candles (stamping Korean text, cutting, rolling).","Machine finishing the candles (stamping Korean text, cutting, rolling). finish phase, ~75% in, 9:57–10:04.",,0,1,,
hHOzUDG8Upg,https://www.youtube.com/watch?v=hHOzUDG8Upg,Mass Production Process of Candle. A day in a Candle Factory.,796.0,storyboard,76,604.96,612.92,7.96,https://youtu.be/hHOzUDG8Upg?t=605s,decorate_finish,finish,1,0.45,"Machine finishing the candles (stamping Korean text, cutting, rolling).","Machine finishing the candles (stamping Korean text, cutting, rolling). finish phase, ~76% in, 10:04–10:12.",,0,1,,
hHOzUDG8Upg,https://www.youtube.com/watch?v=hHOzUDG8Upg,Mass Production Process of Candle. A day in a Candle Factory.,796.0,storyboard,77,612.92,620.88,7.96,https://youtu.be/hHOzUDG8Upg?t=613s,decorate_finish,finish,1,0.45,"Machine finishing the candles (stamping Korean text, cutting, rolling).","Machine finishing the candles (stamping Korean text, cutting, rolling). finish phase, ~77% in, 10:12–10:20.",,0,1,,
hHOzUDG8Upg,https://www.youtube.com/watch?v=hHOzUDG8Upg,Mass Production Process of Candle. A day in a Candle Factory.,796.0,storyboard,81,644.76,652.72,7.96,https://youtu.be/hHOzUDG8Upg?t=645s,decorate_finish,finish,1,0.45,"Machine finishing the candles (stamping Korean text, cutting, rolling).","Machine finishing the candles (stamping Korean text, cutting, rolling). finish phase, ~81% in, 10:44–10:52.",,0,1,,
hHOzUDG8Upg,https://www.youtube.com/watch?v=hHOzUDG8Upg,Mass Production Process of Candle. A day in a Candle Factory.,796.0,storyboard,82,652.72,660.68,7.96,https://youtu.be/hHOzUDG8Upg?t=653s,decorate_finish,finish,1,0.45,"Machine finishing the candles (stamping Korean text, cutting, rolling).","Machine finishing the candles (stamping Korean text, cutting, rolling). finish phase, ~82% in, 10:52–11:00.",,0,1,,
hHOzUDG8Upg,https://www.youtube.com/watch?v=hHOzUDG8Upg,Mass Production Process of Candle. A day in a Candle Factory.,796.0,storyboard,83,660.68,668.64,7.96,https://youtu.be/hHOzUDG8Upg?t=661s,decorate_finish,finish,1,0.45,Demoulded finished candles on the line / in bins.,"Demoulded finished candles on the line / in bins. finish phase, ~83% in, 11:00–11:08. Terminology: pillar candle.",,0,1,,
hHOzUDG8Upg,https://www.youtube.com/watch?v=hHOzUDG8Upg,Mass Production Process of Candle. A day in a Candle Factory.,796.0,storyboard,84,668.64,676.6,7.96,https://youtu.be/hHOzUDG8Upg?t=669s,decorate_finish,finish,1,0.45,"Machine finishing the candles (stamping Korean text, cutting, rolling).","Machine finishing the candles (stamping Korean text, cutting, rolling). finish phase, ~84% in, 11:08–11:16.",,0,1,,
hHOzUDG8Upg,https://www.youtube.com/watch?v=hHOzUDG8Upg,Mass Production Process of Candle. A day in a Candle Factory.,796.0,storyboard,85,676.6,684.56,7.96,https://youtu.be/hHOzUDG8Upg?t=677s,decorate_finish,finish,1,0.45,"Machine finishing the candles (stamping Korean text, cutting, rolling).","Machine finishing the candles (stamping Korean text, cutting, rolling). finish phase, ~85% in, 11:16–11:24.",,0,1,,
hHOzUDG8Upg,https://www.youtube.com/watch?v=hHOzUDG8Upg,Mass Production Process of Candle. A day in a Candle Factory.,796.0,storyboard,86,684.56,692.52,7.96,https://youtu.be/hHOzUDG8Upg?t=685s,decorate_finish,finish,1,0.45,"Machine finishing the candles (stamping Korean text, cutting, rolling).","Machine finishing the candles (stamping Korean text, cutting, rolling). finish phase, ~86% in, 11:24–11:32.",,0,1,,
hHOzUDG8Upg,https://www.youtube.com/watch?v=hHOzUDG8Upg,Mass Production Process of Candle. A day in a Candle Factory.,796.0,storyboard,87,692.52,700.48,7.96,https://youtu.be/hHOzUDG8Upg?t=693s,decorate_finish,finish,1,0.45,"Machine finishing the candles (stamping Korean text, cutting, rolling).","Machine finishing the candles (stamping Korean text, cutting, rolling). finish phase, ~87% in, 11:32–11:40.",,0,1,,
hHOzUDG8Upg,https://www.youtube.com/watch?v=hHOzUDG8Upg,Mass Production Process of Candle. A day in a Candle Factory.,796.0,storyboard,88,700.48,708.44,7.96,https://youtu.be/hHOzUDG8Upg?t=700s,decorate_finish,finish,1,0.45,"Machine finishing the candles (stamping Korean text, cutting, rolling).","Machine finishing the candles (stamping Korean text, cutting, rolling). finish phase, ~88% in, 11:40–11:48.",,0,1,,
hHOzUDG8Upg,https://www.youtube.com/watch?v=hHOzUDG8Upg,Mass Production Process of Candle. A day in a Candle Factory.,796.0,storyboard,89,708.44,716.4,7.96,https://youtu.be/hHOzUDG8Upg?t=708s,decorate_finish,finish,1,0.45,"Machine finishing the candles (stamping Korean text, cutting, rolling).","Machine finishing the candles (stamping Korean text, cutting, rolling). finish phase, ~89% in, 11:48–11:56.",,0,1,,
hHOzUDG8Upg,https://www.youtube.com/watch?v=hHOzUDG8Upg,Mass Production Process of Candle. A day in a Candle Factory.,796.0,storyboard,90,716.4,724.36,7.96,https://youtu.be/hHOzUDG8Upg?t=716s,decorate_finish,finish,1,0.45,"Machine finishing the candles (stamping Korean text, cutting, rolling).","Machine finishing the candles (stamping Korean text, cutting, rolling). finish phase, ~90% in, 11:56–12:04.",,0,1,,
hHRi4I1mWuU,https://www.youtube.com/watch?v=hHRi4I1mWuU,Everyone’s freaking out over these Candle HACKS using Dollar Tree Candles,883.0,storyboard,6,48.16,56.19,8.03,https://youtu.be/hHRi4I1mWuU?t=48s,decorate_finish,finish,1,0.5,Adding whipped-cream foam and coffee-bean decor.,"Adding whipped-cream foam and coffee-bean decor. finish phase, ~5% in, 0:48–0:56.",,0,1,,
hHRi4I1mWuU,https://www.youtube.com/watch?v=hHRi4I1mWuU,Everyone’s freaking out over these Candle HACKS using Dollar Tree Candles,883.0,storyboard,10,80.27,88.3,8.03,https://youtu.be/hHRi4I1mWuU?t=80s,decorate_finish,finish,1,0.5,Adding whipped-cream foam and coffee-bean decor.,"Adding whipped-cream foam and coffee-bean decor. finish phase, ~9% in, 1:20–1:28.",,0,1,,
hHRi4I1mWuU,https://www.youtube.com/watch?v=hHRi4I1mWuU,Everyone’s freaking out over these Candle HACKS using Dollar Tree Candles,883.0,storyboard,14,112.38,120.41,8.03,https://youtu.be/hHRi4I1mWuU?t=112s,decorate_finish,finish,1,0.5,Adding whipped-cream foam and coffee-bean decor.,"Adding whipped-cream foam and coffee-bean decor. finish phase, ~13% in, 1:52–2:00.",,0,1,,
hHRi4I1mWuU,https://www.youtube.com/watch?v=hHRi4I1mWuU,Everyone’s freaking out over these Candle HACKS using Dollar Tree Candles,883.0,storyboard,22,176.6,184.63,8.03,https://youtu.be/hHRi4I1mWuU?t=177s,decorate_finish,finish,1,0.5,Adding whipped-cream foam and coffee-bean decor.,"Adding whipped-cream foam and coffee-bean decor. finish phase, ~20% in, 2:56–3:04.",,0,1,,
hHRi4I1mWuU,https://www.youtube.com/watch?v=hHRi4I1mWuU,Everyone’s freaking out over these Candle HACKS using Dollar Tree Candles,883.0,storyboard,26,208.71,216.74,8.03,https://youtu.be/hHRi4I1mWuU?t=209s,decorate_finish,finish,1,0.6,Whipping green wax with an immersion blender + whisk in the Pyrex.,"Whipping green wax with an immersion blender + whisk in the Pyrex. finish phase, ~24% in, 3:28–3:36.",,0,1,,
hHRi4I1mWuU,https://www.youtube.com/watch?v=hHRi4I1mWuU,Everyone’s freaking out over these Candle HACKS using Dollar Tree Candles,883.0,storyboard,27,216.74,224.76,8.02,https://youtu.be/hHRi4I1mWuU?t=217s,decorate_finish,finish,1,0.6,Whipping green wax with the immersion blender.,"Whipping green wax with the immersion blender. finish phase, ~25% in, 3:36–3:44.",,0,1,,
hHRi4I1mWuU,https://www.youtube.com/watch?v=hHRi4I1mWuU,Everyone’s freaking out over these Candle HACKS using Dollar Tree Candles,883.0,storyboard,28,224.76,232.79,8.03,https://youtu.be/hHRi4I1mWuU?t=225s,decorate_finish,finish,1,0.6,Whipping green wax with the immersion blender.,"Whipping green wax with the immersion blender. finish phase, ~25% in, 3:44–3:52.",,0,1,,
hHRi4I1mWuU,https://www.youtube.com/watch?v=hHRi4I1mWuU,Everyone’s freaking out over these Candle HACKS using Dollar Tree Candles,883.0,storyboard,29,232.79,240.82,8.03,https://youtu.be/hHRi4I1mWuU?t=233s,decorate_finish,finish,1,0.6,Whipping green wax with the immersion blender.,"Whipping green wax with the immersion blender. finish phase, ~26% in, 3:52–4:00.",,0,1,,
hHRi4I1mWuU,https://www.youtube.com/watch?v=hHRi4I1mWuU,Everyone’s freaking out over these Candle HACKS using Dollar Tree Candles,883.0,storyboard,30,240.82,248.85,8.03,https://youtu.be/hHRi4I1mWuU?t=241s,decorate_finish,finish,1,0.6,Whipping green wax with the immersion blender.,"Whipping green wax with the immersion blender. finish phase, ~27% in, 4:00–4:08.",,0,1,,
hHRi4I1mWuU,https://www.youtube.com/watch?v=hHRi4I1mWuU,Everyone’s freaking out over these Candle HACKS using Dollar Tree Candles,883.0,storyboard,31,248.85,256.87,8.02,https://youtu.be/hHRi4I1mWuU?t=249s,decorate_finish,finish,1,0.6,Whipping green wax to a creamy consistency.,"Whipping green wax to a creamy consistency. finish phase, ~28% in, 4:08–4:16.",,0,1,,
hHRi4I1mWuU,https://www.youtube.com/watch?v=hHRi4I1mWuU,Everyone’s freaking out over these Candle HACKS using Dollar Tree Candles,883.0,storyboard,32,256.87,264.9,8.03,https://youtu.be/hHRi4I1mWuU?t=257s,decorate_finish,finish,1,0.6,Whipped green wax in the Pyrex.,"Whipped green wax in the Pyrex. finish phase, ~29% in, 4:16–4:24.",,0,1,,
hHRi4I1mWuU,https://www.youtube.com/watch?v=hHRi4I1mWuU,Everyone’s freaking out over these Candle HACKS using Dollar Tree Candles,883.0,storyboard,33,264.9,272.93,8.03,https://youtu.be/hHRi4I1mWuU?t=265s,decorate_finish,finish,1,0.6,Whipped cream-coloured wax; spooning into a cup.,"Whipped cream-coloured wax; spooning into a cup. finish phase, ~30% in, 4:24–4:32.",,0,1,,
hHRi4I1mWuU,https://www.youtube.com/watch?v=hHRi4I1mWuU,Everyone’s freaking out over these Candle HACKS using Dollar Tree Candles,883.0,storyboard,34,272.93,280.95,8.02,https://youtu.be/hHRi4I1mWuU?t=273s,decorate_finish,finish,1,0.55,Whipped white wax in the cup.,"Whipped white wax in the cup. finish phase, ~31% in, 4:32–4:40.",,0,1,,
hHRi4I1mWuU,https://www.youtube.com/watch?v=hHRi4I1mWuU,Everyone’s freaking out over these Candle HACKS using Dollar Tree Candles,883.0,storyboard,35,280.95,288.98,8.03,https://youtu.be/hHRi4I1mWuU?t=281s,decorate_finish,finish,1,0.5,Red colourant in a small dish.,"Red colourant in a small dish. finish phase, ~32% in, 4:40–4:48.",,0,1,,
hHRi4I1mWuU,https://www.youtube.com/watch?v=hHRi4I1mWuU,Everyone’s freaking out over these Candle HACKS using Dollar Tree Candles,883.0,storyboard,36,288.98,297.01,8.03,https://youtu.be/hHRi4I1mWuU?t=289s,decorate_finish,finish,1,0.55,Whipped white wax.,"Whipped white wax. Final touches - labels, lids, ribbon, cleaning the glass. finish phase, ~33% in, 4:48–4:57.",,0,1,,
hHRi4I1mWuU,https://www.youtube.com/watch?v=hHRi4I1mWuU,Everyone’s freaking out over these Candle HACKS using Dollar Tree Candles,883.0,storyboard,37,297.01,305.04,8.03,https://youtu.be/hHRi4I1mWuU?t=297s,decorate_finish,finish,1,0.55,Piping/placing whipped white wax by hand.,"Piping/placing whipped white wax by hand. finish phase, ~34% in, 4:57–5:05.",,0,1,,
hHRi4I1mWuU,https://www.youtube.com/watch?v=hHRi4I1mWuU,Everyone’s freaking out over these Candle HACKS using Dollar Tree Candles,883.0,storyboard,44,353.2,361.23,8.03,https://youtu.be/hHRi4I1mWuU?t=353s,decorate_finish,finish,1,0.55,Piping green wax rosettes onto the surface.,"Piping green wax rosettes onto the surface. finish phase, ~40% in, 5:53–6:01.",,0,1,,
hHRi4I1mWuU,https://www.youtube.com/watch?v=hHRi4I1mWuU,Everyone’s freaking out over these Candle HACKS using Dollar Tree Candles,883.0,storyboard,45,361.23,369.25,8.02,https://youtu.be/hHRi4I1mWuU?t=361s,decorate_finish,finish,1,0.55,Piped green/red wax rosettes; ice-cube mould.,"Piped green/red wax rosettes; ice-cube mould. finish phase, ~41% in, 6:01–6:09.",,0,1,,
hHRi4I1mWuU,https://www.youtube.com/watch?v=hHRi4I1mWuU,Everyone’s freaking out over these Candle HACKS using Dollar Tree Candles,883.0,storyboard,46,369.25,377.28,8.03,https://youtu.be/hHRi4I1mWuU?t=369s,decorate_finish,finish,1,0.55,Demoulding red/green wax trees from the silicone mould.,"Demoulding red/green wax trees from the silicone mould. finish phase, ~42% in, 6:09–6:17.",,0,1,,
hHRi4I1mWuU,https://www.youtube.com/watch?v=hHRi4I1mWuU,Everyone’s freaking out over these Candle HACKS using Dollar Tree Candles,883.0,storyboard,60,481.64,489.66,8.02,https://youtu.be/hHRi4I1mWuU?t=482s,decorate_finish,finish,1,0.5,"Decorating a parfait/drink dessert candle (cream, red toppings).","Decorating a parfait/drink dessert candle (cream, red toppings). finish phase, ~55% in, 8:01–8:09.",,0,1,,
hHRi4I1mWuU,https://www.youtube.com/watch?v=hHRi4I1mWuU,Everyone’s freaking out over these Candle HACKS using Dollar Tree Candles,883.0,storyboard,61,489.66,497.69,8.03,https://youtu.be/hHRi4I1mWuU?t=490s,decorate_finish,finish,1,0.5,"Decorating a parfait/drink dessert candle (cream, red toppings).","Decorating a parfait/drink dessert candle (cream, red toppings). finish phase, ~55% in, 8:09–8:17.",,0,1,,
hHRi4I1mWuU,https://www.youtube.com/watch?v=hHRi4I1mWuU,Everyone’s freaking out over these Candle HACKS using Dollar Tree Candles,883.0,storyboard,71,569.94,577.96,8.02,https://youtu.be/hHRi4I1mWuU?t=570s,decorate_finish,finish,1,0.5,"Decorating a parfait/drink dessert candle (cream, red toppings).","Decorating a parfait/drink dessert candle (cream, red toppings). finish phase, ~65% in, 9:29–9:37.",,0,1,,
hHRi4I1mWuU,https://www.youtube.com/watch?v=hHRi4I1mWuU,Everyone’s freaking out over these Candle HACKS using Dollar Tree Candles,883.0,storyboard,72,577.96,585.99,8.03,https://youtu.be/hHRi4I1mWuU?t=578s,decorate_finish,finish,1,0.5,Decorating a pink drink candle.,"Decorating a pink drink candle. finish phase, ~65% in, 9:37–9:45.",,0,1,,
hHRi4I1mWuU,https://www.youtube.com/watch?v=hHRi4I1mWuU,Everyone’s freaking out over these Candle HACKS using Dollar Tree Candles,883.0,storyboard,73,585.99,594.02,8.03,https://youtu.be/hHRi4I1mWuU?t=586s,decorate_finish,finish,1,0.5,Decorating a candle by hand.,"Decorating a candle by hand. finish phase, ~66% in, 9:45–9:54.",,0,1,,
hHRi4I1mWuU,https://www.youtube.com/watch?v=hHRi4I1mWuU,Everyone’s freaking out over these Candle HACKS using Dollar Tree Candles,883.0,storyboard,74,594.02,602.05,8.03,https://youtu.be/hHRi4I1mWuU?t=594s,decorate_finish,finish,1,0.5,Finished candle shown.,"Finished candle shown. Final touches - labels, lids, ribbon, cleaning the glass. finish phase, ~67% in, 9:54–10:02.",,0,1,,
hHRi4I1mWuU,https://www.youtube.com/watch?v=hHRi4I1mWuU,Everyone’s freaking out over these Candle HACKS using Dollar Tree Candles,883.0,storyboard,75,602.05,610.07,8.02,https://youtu.be/hHRi4I1mWuU?t=602s,decorate_finish,finish,1,0.5,Decorating a candle.,"Decorating a candle. Final touches - labels, lids, ribbon, cleaning the glass. finish phase, ~68% in, 10:02–10:10.",,0,1,,
hHRi4I1mWuU,https://www.youtube.com/watch?v=hHRi4I1mWuU,Everyone’s freaking out over these Candle HACKS using Dollar Tree Candles,883.0,storyboard,88,706.4,714.43,8.03,https://youtu.be/hHRi4I1mWuU?t=706s,decorate_finish,finish,1,0.5,Demoulding cookie candles.,"Demoulding cookie candles. finish phase, ~80% in, 11:46–11:54.",,0,1,,
hHRi4I1mWuU,https://www.youtube.com/watch?v=hHRi4I1mWuU,Everyone’s freaking out over these Candle HACKS using Dollar Tree Candles,883.0,storyboard,89,714.43,722.45,8.02,https://youtu.be/hHRi4I1mWuU?t=714s,decorate_finish,finish,1,0.5,Demoulding/assembling cookie candles.,"Demoulding/assembling cookie candles. finish phase, ~81% in, 11:54–12:02.",,0,1,,
hHRi4I1mWuU,https://www.youtube.com/watch?v=hHRi4I1mWuU,Everyone’s freaking out over these Candle HACKS using Dollar Tree Candles,883.0,storyboard,92,738.51,746.54,8.03,https://youtu.be/hHRi4I1mWuU?t=739s,decorate_finish,finish,1,0.5,Piping whipped-cream wax onto cupcake candles.,"Piping whipped-cream wax onto cupcake candles. finish phase, ~84% in, 12:18–12:26.",,0,1,,
hHRi4I1mWuU,https://www.youtube.com/watch?v=hHRi4I1mWuU,Everyone’s freaking out over these Candle HACKS using Dollar Tree Candles,883.0,storyboard,93,746.54,754.56,8.02,https://youtu.be/hHRi4I1mWuU?t=747s,decorate_finish,finish,1,0.5,Decorating cupcake candles.,"Decorating cupcake candles. finish phase, ~85% in, 12:26–12:34.",,0,1,,
i64JEKLWiz0,https://www.youtube.com/watch?v=i64JEKLWiz0,How to Make Flexible Wax Sheets for Stunning Handmade Candles (Easy & Quick Tutorial),167.0,storyboard,2,15.9,23.86,7.96,https://youtu.be/i64JEKLWiz0?t=16s,decorate_finish,finish,1,0.45,Hands shape a pink wax rose petal.,"Hands shape a pink wax rose petal. finish phase, ~10% in, 0:15–0:23.",,0,1,,
i64JEKLWiz0,https://www.youtube.com/watch?v=i64JEKLWiz0,How to Make Flexible Wax Sheets for Stunning Handmade Candles (Easy & Quick Tutorial),167.0,storyboard,3,23.86,31.81,7.95,https://youtu.be/i64JEKLWiz0?t=24s,decorate_finish,finish,1,0.45,Rolling/forming pink wax petals.,"Rolling/forming pink wax petals. finish phase, ~14% in, 0:23–0:31.",,0,1,,
i64JEKLWiz0,https://www.youtube.com/watch?v=i64JEKLWiz0,How to Make Flexible Wax Sheets for Stunning Handmade Candles (Easy & Quick Tutorial),167.0,storyboard,10,79.52,87.48,7.96,https://youtu.be/i64JEKLWiz0?t=80s,decorate_finish,finish,1,0.45,Hands handle a formed yellow wax sheet/disc.,"Hands handle a formed yellow wax sheet/disc. finish phase, ~48% in, 1:19–1:27.",,0,1,,
i64JEKLWiz0,https://www.youtube.com/watch?v=i64JEKLWiz0,How to Make Flexible Wax Sheets for Stunning Handmade Candles (Easy & Quick Tutorial),167.0,storyboard,11,87.48,95.43,7.95,https://youtu.be/i64JEKLWiz0?t=87s,decorate_finish,finish,1,0.5,Cutting the wax sheet into petal shapes.,"Cutting the wax sheet into petal shapes. finish phase, ~52% in, 1:27–1:35.",,0,1,,
i64JEKLWiz0,https://www.youtube.com/watch?v=i64JEKLWiz0,How to Make Flexible Wax Sheets for Stunning Handmade Candles (Easy & Quick Tutorial),167.0,storyboard,12,95.43,103.38,7.95,https://youtu.be/i64JEKLWiz0?t=95s,decorate_finish,finish,1,0.5,Shaping the cut wax into petals.,"Shaping the cut wax into petals. finish phase, ~57% in, 1:35–1:43.",,0,1,,
i64JEKLWiz0,https://www.youtube.com/watch?v=i64JEKLWiz0,How to Make Flexible Wax Sheets for Stunning Handmade Candles (Easy & Quick Tutorial),167.0,storyboard,13,103.38,111.33,7.95,https://youtu.be/i64JEKLWiz0?t=103s,decorate_finish,finish,1,0.5,Forming petals into a flower.,"Forming petals into a flower. finish phase, ~62% in, 1:43–1:51.",,0,1,,
i64JEKLWiz0,https://www.youtube.com/watch?v=i64JEKLWiz0,How to Make Flexible Wax Sheets for Stunning Handmade Candles (Easy & Quick Tutorial),167.0,storyboard,14,111.33,119.29,7.96,https://youtu.be/i64JEKLWiz0?t=111s,decorate_finish,finish,1,0.5,Hands work pink wax petals.,"Hands work pink wax petals. finish phase, ~67% in, 1:51–1:59.",,0,1,,
i64JEKLWiz0,https://www.youtube.com/watch?v=i64JEKLWiz0,How to Make Flexible Wax Sheets for Stunning Handmade Candles (Easy & Quick Tutorial),167.0,storyboard,15,119.29,127.24,7.95,https://youtu.be/i64JEKLWiz0?t=119s,decorate_finish,finish,1,0.5,Shaping the pink wax flower.,"Shaping the pink wax flower. finish phase, ~71% in, 1:59–2:07.",,0,1,,
i64JEKLWiz0,https://www.youtube.com/watch?v=i64JEKLWiz0,How to Make Flexible Wax Sheets for Stunning Handmade Candles (Easy & Quick Tutorial),167.0,storyboard,16,127.24,135.19,7.95,https://youtu.be/i64JEKLWiz0?t=127s,decorate_finish,finish,1,0.5,Assembling petals into the rose.,"Assembling petals into the rose. finish phase, ~76% in, 2:07–2:15.",,0,1,,
i64JEKLWiz0,https://www.youtube.com/watch?v=i64JEKLWiz0,How to Make Flexible Wax Sheets for Stunning Handmade Candles (Easy & Quick Tutorial),167.0,storyboard,17,135.19,143.14,7.95,https://youtu.be/i64JEKLWiz0?t=135s,decorate_finish,finish,1,0.45,Hands form white wax discs/petals.,"Hands form white wax discs/petals. finish phase, ~81% in, 2:15–2:23.",,0,1,,
i64JEKLWiz0,https://www.youtube.com/watch?v=i64JEKLWiz0,How to Make Flexible Wax Sheets for Stunning Handmade Candles (Easy & Quick Tutorial),167.0,storyboard,18,143.14,151.1,7.96,https://youtu.be/i64JEKLWiz0?t=143s,decorate_finish,finish,1,0.5,Shaping the finished pink rose.,"Shaping the finished pink rose. finish phase, ~86% in, 2:23–2:31.",,0,1,,
ixtOL_gQNEQ,https://www.youtube.com/watch?v=ixtOL_gQNEQ,What's the BEST Flower Candle WAX? 9 Wax casts tests with silicone mold,854.0,storyboard,3,23.94,31.93,7.99,https://youtu.be/ixtOL_gQNEQ?t=24s,decorate_finish,finish,1,0.5,Demoulding pink rose/flower pillar candles from the silicone moulds.,"Demoulding pink rose/flower pillar candles from the silicone moulds. finish phase, ~3% in, 0:23–0:31.",,0,1,,
ixtOL_gQNEQ,https://www.youtube.com/watch?v=ixtOL_gQNEQ,What's the BEST Flower Candle WAX? 9 Wax casts tests with silicone mold,854.0,storyboard,5,39.91,47.89,7.98,https://youtu.be/ixtOL_gQNEQ?t=40s,decorate_finish,finish,1,0.5,Demoulding pink rose/flower pillar candles from the silicone moulds.,"Demoulding pink rose/flower pillar candles from the silicone moulds. finish phase, ~5% in, 0:39–0:47.",,0,1,,
ixtOL_gQNEQ,https://www.youtube.com/watch?v=ixtOL_gQNEQ,What's the BEST Flower Candle WAX? 9 Wax casts tests with silicone mold,854.0,storyboard,13,103.76,111.74,7.98,https://youtu.be/ixtOL_gQNEQ?t=104s,decorate_finish,finish,1,0.5,Demoulding pink rose/flower pillar candles from the silicone moulds.,"Demoulding pink rose/flower pillar candles from the silicone moulds. finish phase, ~12% in, 1:43–1:51.",,0,1,,
ixtOL_gQNEQ,https://www.youtube.com/watch?v=ixtOL_gQNEQ,What's the BEST Flower Candle WAX? 9 Wax casts tests with silicone mold,854.0,storyboard,23,183.57,191.55,7.98,https://youtu.be/ixtOL_gQNEQ?t=184s,decorate_finish,finish,1,0.5,Demoulding pink rose/flower pillar candles from the silicone moulds.,"Demoulding pink rose/flower pillar candles from the silicone moulds. finish phase, ~21% in, 3:03–3:11.",,0,1,,
ixtOL_gQNEQ,https://www.youtube.com/watch?v=ixtOL_gQNEQ,What's the BEST Flower Candle WAX? 9 Wax casts tests with silicone mold,854.0,storyboard,24,191.55,199.53,7.98,https://youtu.be/ixtOL_gQNEQ?t=192s,decorate_finish,finish,1,0.5,Demoulding/flexing a pink silicone mould to release a wax disc/rose candle (wax test).,"Demoulding/flexing a pink silicone mould to release a wax disc/rose candle (wax test). finish phase, ~22% in, 3:11–3:19.",,0,1,,
ixtOL_gQNEQ,https://www.youtube.com/watch?v=ixtOL_gQNEQ,What's the BEST Flower Candle WAX? 9 Wax casts tests with silicone mold,854.0,storyboard,25,199.53,207.51,7.98,https://youtu.be/ixtOL_gQNEQ?t=200s,decorate_finish,finish,1,0.5,Demoulding/flexing a pink silicone mould to release a wax disc/rose candle (wax test).,"Demoulding/flexing a pink silicone mould to release a wax disc/rose candle (wax test). finish phase, ~23% in, 3:19–3:27.",,0,1,,
ixtOL_gQNEQ,https://www.youtube.com/watch?v=ixtOL_gQNEQ,What's the BEST Flower Candle WAX? 9 Wax casts tests with silicone mold,854.0,storyboard,26,207.51,215.5,7.99,https://youtu.be/ixtOL_gQNEQ?t=208s,decorate_finish,finish,1,0.5,Holding up the demoulded flower/disc candle to show the result.,"Holding up the demoulded flower/disc candle to show the result. finish phase, ~24% in, 3:27–3:35. Terminology: pillar candle.",,0,1,,
ixtOL_gQNEQ,https://www.youtube.com/watch?v=ixtOL_gQNEQ,What's the BEST Flower Candle WAX? 9 Wax casts tests with silicone mold,854.0,storyboard,27,215.5,223.48,7.98,https://youtu.be/ixtOL_gQNEQ?t=216s,decorate_finish,finish,1,0.5,Demoulding/flexing a pink silicone mould to release a wax disc/rose candle (wax test).,"Demoulding/flexing a pink silicone mould to release a wax disc/rose candle (wax test). finish phase, ~25% in, 3:35–3:43.",,0,1,,
ixtOL_gQNEQ,https://www.youtube.com/watch?v=ixtOL_gQNEQ,What's the BEST Flower Candle WAX? 9 Wax casts tests with silicone mold,854.0,storyboard,28,223.48,231.46,7.98,https://youtu.be/ixtOL_gQNEQ?t=223s,decorate_finish,finish,1,0.5,Demoulding/flexing a pink silicone mould to release a wax disc/rose candle (wax test).,"Demoulding/flexing a pink silicone mould to release a wax disc/rose candle (wax test). finish phase, ~26% in, 3:43–3:51.",,0,1,,
ixtOL_gQNEQ,https://www.youtube.com/watch?v=ixtOL_gQNEQ,What's the BEST Flower Candle WAX? 9 Wax casts tests with silicone mold,854.0,storyboard,29,231.46,239.44,7.98,https://youtu.be/ixtOL_gQNEQ?t=231s,decorate_finish,finish,1,0.5,Demoulding/flexing a pink silicone mould to release a wax disc/rose candle (wax test).,"Demoulding/flexing a pink silicone mould to release a wax disc/rose candle (wax test). finish phase, ~27% in, 3:51–3:59.",,0,1,,
ixtOL_gQNEQ,https://www.youtube.com/watch?v=ixtOL_gQNEQ,What's the BEST Flower Candle WAX? 9 Wax casts tests with silicone mold,854.0,storyboard,30,239.44,247.42,7.98,https://youtu.be/ixtOL_gQNEQ?t=239s,decorate_finish,finish,1,0.5,Demoulding/flexing a pink silicone mould to release a wax disc/rose candle (wax test).,"Demoulding/flexing a pink silicone mould to release a wax disc/rose candle (wax test). finish phase, ~28% in, 3:59–4:07.",,0,1,,
ixtOL_gQNEQ,https://www.youtube.com/watch?v=ixtOL_gQNEQ,What's the BEST Flower Candle WAX? 9 Wax casts tests with silicone mold,854.0,storyboard,31,247.42,255.4,7.98,https://youtu.be/ixtOL_gQNEQ?t=247s,decorate_finish,finish,1,0.5,Holding up the demoulded flower/disc candle to show the result.,"Holding up the demoulded flower/disc candle to show the result. finish phase, ~29% in, 4:07–4:15. Terminology: pillar candle.",,0,1,,
ixtOL_gQNEQ,https://www.youtube.com/watch?v=ixtOL_gQNEQ,What's the BEST Flower Candle WAX? 9 Wax casts tests with silicone mold,854.0,storyboard,32,255.4,263.38,7.98,https://youtu.be/ixtOL_gQNEQ?t=255s,decorate_finish,finish,1,0.5,Demoulding/flexing a pink silicone mould to release a wax disc/rose candle (wax test).,"Demoulding/flexing a pink silicone mould to release a wax disc/rose candle (wax test). finish phase, ~30% in, 4:15–4:23.",,0,1,,
ixtOL_gQNEQ,https://www.youtube.com/watch?v=ixtOL_gQNEQ,What's the BEST Flower Candle WAX? 9 Wax casts tests with silicone mold,854.0,storyboard,35,279.35,287.33,7.98,https://youtu.be/ixtOL_gQNEQ?t=279s,decorate_finish,finish,1,0.5,Demoulding/flexing a pink silicone mould to release a wax disc/rose candle (wax test).,"Demoulding/flexing a pink silicone mould to release a wax disc/rose candle (wax test). finish phase, ~33% in, 4:39–4:47.",,0,1,,
ixtOL_gQNEQ,https://www.youtube.com/watch?v=ixtOL_gQNEQ,What's the BEST Flower Candle WAX? 9 Wax casts tests with silicone mold,854.0,storyboard,36,287.33,295.31,7.98,https://youtu.be/ixtOL_gQNEQ?t=287s,decorate_finish,finish,1,0.5,Demoulding/flexing a pink silicone mould to release a wax disc/rose candle (wax test).,"Demoulding/flexing a pink silicone mould to release a wax disc/rose candle (wax test). finish phase, ~34% in, 4:47–4:55.",,0,1,,
ixtOL_gQNEQ,https://www.youtube.com/watch?v=ixtOL_gQNEQ,What's the BEST Flower Candle WAX? 9 Wax casts tests with silicone mold,854.0,storyboard,37,295.31,303.29,7.98,https://youtu.be/ixtOL_gQNEQ?t=295s,decorate_finish,finish,1,0.5,Demoulding/flexing a pink silicone mould to release a wax disc/rose candle (wax test).,"Demoulding/flexing a pink silicone mould to release a wax disc/rose candle (wax test). finish phase, ~35% in, 4:55–5:03.",,0,1,,
ixtOL_gQNEQ,https://www.youtube.com/watch?v=ixtOL_gQNEQ,What's the BEST Flower Candle WAX? 9 Wax casts tests with silicone mold,854.0,storyboard,38,303.29,311.27,7.98,https://youtu.be/ixtOL_gQNEQ?t=303s,decorate_finish,finish,1,0.5,Holding up the demoulded flower/disc candle to show the result.,"Holding up the demoulded flower/disc candle to show the result. finish phase, ~36% in, 5:03–5:11. Terminology: pillar candle.",,0,1,,
ixtOL_gQNEQ,https://www.youtube.com/watch?v=ixtOL_gQNEQ,What's the BEST Flower Candle WAX? 9 Wax casts tests with silicone mold,854.0,storyboard,39,311.27,319.25,7.98,https://youtu.be/ixtOL_gQNEQ?t=311s,decorate_finish,finish,1,0.5,Demoulding/flexing a pink silicone mould to release a wax disc/rose candle (wax test).,"Demoulding/flexing a pink silicone mould to release a wax disc/rose candle (wax test). finish phase, ~36% in, 5:11–5:19.",,0,1,,
ixtOL_gQNEQ,https://www.youtube.com/watch?v=ixtOL_gQNEQ,What's the BEST Flower Candle WAX? 9 Wax casts tests with silicone mold,854.0,storyboard,40,319.25,327.23,7.98,https://youtu.be/ixtOL_gQNEQ?t=319s,decorate_finish,finish,1,0.5,Holding up the demoulded flower/disc candle to show the result.,"Holding up the demoulded flower/disc candle to show the result. finish phase, ~37% in, 5:19–5:27. Terminology: pillar candle.",,0,1,,
ixtOL_gQNEQ,https://www.youtube.com/watch?v=ixtOL_gQNEQ,What's the BEST Flower Candle WAX? 9 Wax casts tests with silicone mold,854.0,storyboard,41,327.23,335.21,7.98,https://youtu.be/ixtOL_gQNEQ?t=327s,decorate_finish,finish,1,0.5,Demoulding/flexing a pink silicone mould to release a wax disc/rose candle (wax test).,"Demoulding/flexing a pink silicone mould to release a wax disc/rose candle (wax test). finish phase, ~38% in, 5:27–5:35.",,0,1,,
ixtOL_gQNEQ,https://www.youtube.com/watch?v=ixtOL_gQNEQ,What's the BEST Flower Candle WAX? 9 Wax casts tests with silicone mold,854.0,storyboard,42,335.21,343.2,7.99,https://youtu.be/ixtOL_gQNEQ?t=335s,decorate_finish,finish,1,0.5,Demoulding/flexing a pink silicone mould to release a wax disc/rose candle (wax test).,"Demoulding/flexing a pink silicone mould to release a wax disc/rose candle (wax test). finish phase, ~39% in, 5:35–5:43.",,0,1,,
ixtOL_gQNEQ,https://www.youtube.com/watch?v=ixtOL_gQNEQ,What's the BEST Flower Candle WAX? 9 Wax casts tests with silicone mold,854.0,storyboard,43,343.2,351.18,7.98,https://youtu.be/ixtOL_gQNEQ?t=343s,decorate_finish,finish,1,0.5,Holding up the demoulded flower/disc candle to show the result.,"Holding up the demoulded flower/disc candle to show the result. finish phase, ~40% in, 5:43–5:51. Terminology: pillar candle.",,0,1,,
ixtOL_gQNEQ,https://www.youtube.com/watch?v=ixtOL_gQNEQ,What's the BEST Flower Candle WAX? 9 Wax casts tests with silicone mold,854.0,storyboard,44,351.18,359.16,7.98,https://youtu.be/ixtOL_gQNEQ?t=351s,decorate_finish,finish,1,0.5,Demoulding/flexing a pink silicone mould to release a wax disc/rose candle (wax test).,"Demoulding/flexing a pink silicone mould to release a wax disc/rose candle (wax test). finish phase, ~41% in, 5:51–5:59.",,0,1,,
ixtOL_gQNEQ,https://www.youtube.com/watch?v=ixtOL_gQNEQ,What's the BEST Flower Candle WAX? 9 Wax casts tests with silicone mold,854.0,storyboard,45,359.16,367.14,7.98,https://youtu.be/ixtOL_gQNEQ?t=359s,decorate_finish,finish,1,0.5,Holding up the demoulded flower/disc candle to show the result.,"Holding up the demoulded flower/disc candle to show the result. finish phase, ~42% in, 5:59–6:07. Terminology: pillar candle.",,0,1,,
ixtOL_gQNEQ,https://www.youtube.com/watch?v=ixtOL_gQNEQ,What's the BEST Flower Candle WAX? 9 Wax casts tests with silicone mold,854.0,storyboard,46,367.14,375.12,7.98,https://youtu.be/ixtOL_gQNEQ?t=367s,decorate_finish,finish,1,0.5,Demoulding/flexing a pink silicone mould to release a wax disc/rose candle (wax test).,"Demoulding/flexing a pink silicone mould to release a wax disc/rose candle (wax test). finish phase, ~43% in, 6:07–6:15.",,0,1,,
ixtOL_gQNEQ,https://www.youtube.com/watch?v=ixtOL_gQNEQ,What's the BEST Flower Candle WAX? 9 Wax casts tests with silicone mold,854.0,storyboard,49,391.08,399.07,7.99,https://youtu.be/ixtOL_gQNEQ?t=391s,decorate_finish,finish,1,0.5,Demoulding/flexing a pink silicone mould to release a wax disc/rose candle (wax test).,"Demoulding/flexing a pink silicone mould to release a wax disc/rose candle (wax test). finish phase, ~46% in, 6:31–6:39.",,0,1,,
ixtOL_gQNEQ,https://www.youtube.com/watch?v=ixtOL_gQNEQ,What's the BEST Flower Candle WAX? 9 Wax casts tests with silicone mold,854.0,storyboard,50,399.07,407.05,7.98,https://youtu.be/ixtOL_gQNEQ?t=399s,decorate_finish,finish,1,0.5,Demoulding/flexing a pink silicone mould to release a wax disc/rose candle (wax test).,"Demoulding/flexing a pink silicone mould to release a wax disc/rose candle (wax test). finish phase, ~47% in, 6:39–6:47.",,0,1,,
ixtOL_gQNEQ,https://www.youtube.com/watch?v=ixtOL_gQNEQ,What's the BEST Flower Candle WAX? 9 Wax casts tests with silicone mold,854.0,storyboard,51,407.05,415.03,7.98,https://youtu.be/ixtOL_gQNEQ?t=407s,decorate_finish,finish,1,0.5,Holding up the demoulded flower/disc candle to show the result.,"Holding up the demoulded flower/disc candle to show the result. finish phase, ~48% in, 6:47–6:55. Terminology: pillar candle.",,0,1,,
ixtOL_gQNEQ,https://www.youtube.com/watch?v=ixtOL_gQNEQ,What's the BEST Flower Candle WAX? 9 Wax casts tests with silicone mold,854.0,storyboard,52,415.03,423.01,7.98,https://youtu.be/ixtOL_gQNEQ?t=415s,decorate_finish,finish,1,0.5,Demoulding/flexing a pink silicone mould to release a wax disc/rose candle (wax test).,"Demoulding/flexing a pink silicone mould to release a wax disc/rose candle (wax test). finish phase, ~49% in, 6:55–7:03.",,0,1,,
ixtOL_gQNEQ,https://www.youtube.com/watch?v=ixtOL_gQNEQ,What's the BEST Flower Candle WAX? 9 Wax casts tests with silicone mold,854.0,storyboard,53,423.01,430.99,7.98,https://youtu.be/ixtOL_gQNEQ?t=423s,decorate_finish,finish,1,0.5,Demoulding/flexing a pink silicone mould to release a wax disc/rose candle (wax test).,"Demoulding/flexing a pink silicone mould to release a wax disc/rose candle (wax test). finish phase, ~50% in, 7:03–7:10.",,0,1,,
ixtOL_gQNEQ,https://www.youtube.com/watch?v=ixtOL_gQNEQ,What's the BEST Flower Candle WAX? 9 Wax casts tests with silicone mold,854.0,storyboard,54,430.99,438.97,7.98,https://youtu.be/ixtOL_gQNEQ?t=431s,decorate_finish,finish,1,0.5,Demoulding/flexing a pink silicone mould to release a wax disc/rose candle (wax test).,"Demoulding/flexing a pink silicone mould to release a wax disc/rose candle (wax test). finish phase, ~50% in, 7:10–7:18.",,0,1,,
ixtOL_gQNEQ,https://www.youtube.com/watch?v=ixtOL_gQNEQ,What's the BEST Flower Candle WAX? 9 Wax casts tests with silicone mold,854.0,storyboard,55,438.97,446.95,7.98,https://youtu.be/ixtOL_gQNEQ?t=439s,decorate_finish,finish,1,0.5,Holding up the demoulded flower/disc candle to show the result.,"Holding up the demoulded flower/disc candle to show the result. finish phase, ~51% in, 7:18–7:26. Terminology: pillar candle.",,0,1,,
ixtOL_gQNEQ,https://www.youtube.com/watch?v=ixtOL_gQNEQ,What's the BEST Flower Candle WAX? 9 Wax casts tests with silicone mold,854.0,storyboard,56,446.95,454.93,7.98,https://youtu.be/ixtOL_gQNEQ?t=447s,decorate_finish,finish,1,0.5,Demoulding/flexing a pink silicone mould to release a wax disc/rose candle (wax test).,"Demoulding/flexing a pink silicone mould to release a wax disc/rose candle (wax test). finish phase, ~52% in, 7:26–7:34.",,0,1,,
ixtOL_gQNEQ,https://www.youtube.com/watch?v=ixtOL_gQNEQ,What's the BEST Flower Candle WAX? 9 Wax casts tests with silicone mold,854.0,storyboard,57,454.93,462.92,7.99,https://youtu.be/ixtOL_gQNEQ?t=455s,decorate_finish,finish,1,0.5,Holding up the demoulded flower/disc candle to show the result.,"Holding up the demoulded flower/disc candle to show the result. finish phase, ~53% in, 7:34–7:42. Terminology: pillar candle.",,0,1,,
ixtOL_gQNEQ,https://www.youtube.com/watch?v=ixtOL_gQNEQ,What's the BEST Flower Candle WAX? 9 Wax casts tests with silicone mold,854.0,storyboard,58,462.92,470.9,7.98,https://youtu.be/ixtOL_gQNEQ?t=463s,decorate_finish,finish,1,0.5,Demoulding/flexing a pink silicone mould to release a wax disc/rose candle (wax test).,"Demoulding/flexing a pink silicone mould to release a wax disc/rose candle (wax test). finish phase, ~54% in, 7:42–7:50.",,0,1,,
ixtOL_gQNEQ,https://www.youtube.com/watch?v=ixtOL_gQNEQ,What's the BEST Flower Candle WAX? 9 Wax casts tests with silicone mold,854.0,storyboard,59,470.9,478.88,7.98,https://youtu.be/ixtOL_gQNEQ?t=471s,decorate_finish,finish,1,0.5,Holding up the demoulded flower/disc candle to show the result.,"Holding up the demoulded flower/disc candle to show the result. finish phase, ~55% in, 7:50–7:58. Terminology: pillar candle.",,0,1,,
ixtOL_gQNEQ,https://www.youtube.com/watch?v=ixtOL_gQNEQ,What's the BEST Flower Candle WAX? 9 Wax casts tests with silicone mold,854.0,storyboard,60,478.88,486.86,7.98,https://youtu.be/ixtOL_gQNEQ?t=479s,decorate_finish,finish,1,0.5,Demoulding/flexing a pink silicone mould to release a wax disc/rose candle (wax test).,"Demoulding/flexing a pink silicone mould to release a wax disc/rose candle (wax test). finish phase, ~56% in, 7:58–8:06.",,0,1,,
ixtOL_gQNEQ,https://www.youtube.com/watch?v=ixtOL_gQNEQ,What's the BEST Flower Candle WAX? 9 Wax casts tests with silicone mold,854.0,storyboard,61,486.86,494.84,7.98,https://youtu.be/ixtOL_gQNEQ?t=487s,decorate_finish,finish,1,0.5,Holding up the demoulded flower/disc candle to show the result.,"Holding up the demoulded flower/disc candle to show the result. finish phase, ~57% in, 8:06–8:14. Terminology: pillar candle.",,0,1,,
ixtOL_gQNEQ,https://www.youtube.com/watch?v=ixtOL_gQNEQ,What's the BEST Flower Candle WAX? 9 Wax casts tests with silicone mold,854.0,storyboard,62,494.84,502.82,7.98,https://youtu.be/ixtOL_gQNEQ?t=495s,decorate_finish,finish,1,0.5,Demoulding/flexing a pink silicone mould to release a wax disc/rose candle (wax test).,"Demoulding/flexing a pink silicone mould to release a wax disc/rose candle (wax test). finish phase, ~58% in, 8:14–8:22.",,0,1,,
ixtOL_gQNEQ,https://www.youtube.com/watch?v=ixtOL_gQNEQ,What's the BEST Flower Candle WAX? 9 Wax casts tests with silicone mold,854.0,storyboard,63,502.82,510.8,7.98,https://youtu.be/ixtOL_gQNEQ?t=503s,decorate_finish,finish,1,0.5,Holding up the demoulded flower/disc candle to show the result.,"Holding up the demoulded flower/disc candle to show the result. finish phase, ~59% in, 8:22–8:30. Terminology: pillar candle.",,0,1,,
ixtOL_gQNEQ,https://www.youtube.com/watch?v=ixtOL_gQNEQ,What's the BEST Flower Candle WAX? 9 Wax casts tests with silicone mold,854.0,storyboard,64,510.8,518.79,7.99,https://youtu.be/ixtOL_gQNEQ?t=511s,decorate_finish,finish,1,0.5,Demoulding/flexing a pink silicone mould to release a wax disc/rose candle (wax test).,"Demoulding/flexing a pink silicone mould to release a wax disc/rose candle (wax test). finish phase, ~60% in, 8:30–8:38.",,0,1,,
ixtOL_gQNEQ,https://www.youtube.com/watch?v=ixtOL_gQNEQ,What's the BEST Flower Candle WAX? 9 Wax casts tests with silicone mold,854.0,storyboard,65,518.79,526.77,7.98,https://youtu.be/ixtOL_gQNEQ?t=519s,decorate_finish,finish,1,0.5,Demoulding/flexing a pink silicone mould to release a wax disc/rose candle (wax test).,"Demoulding/flexing a pink silicone mould to release a wax disc/rose candle (wax test). finish phase, ~61% in, 8:38–8:46.",,0,1,,
ixtOL_gQNEQ,https://www.youtube.com/watch?v=ixtOL_gQNEQ,What's the BEST Flower Candle WAX? 9 Wax casts tests with silicone mold,854.0,storyboard,68,542.73,550.71,7.98,https://youtu.be/ixtOL_gQNEQ?t=543s,decorate_finish,finish,1,0.5,Demoulding/flexing a pink silicone mould to release a wax disc/rose candle (wax test).,"Demoulding/flexing a pink silicone mould to release a wax disc/rose candle (wax test). finish phase, ~64% in, 9:02–9:10.",,0,1,,
ixtOL_gQNEQ,https://www.youtube.com/watch?v=ixtOL_gQNEQ,What's the BEST Flower Candle WAX? 9 Wax casts tests with silicone mold,854.0,storyboard,69,550.71,558.69,7.98,https://youtu.be/ixtOL_gQNEQ?t=551s,decorate_finish,finish,1,0.5,Demoulding/flexing a pink silicone mould to release a wax disc/rose candle (wax test).,"Demoulding/flexing a pink silicone mould to release a wax disc/rose candle (wax test). finish phase, ~64% in, 9:10–9:18.",,0,1,,
ixtOL_gQNEQ,https://www.youtube.com/watch?v=ixtOL_gQNEQ,What's the BEST Flower Candle WAX? 9 Wax casts tests with silicone mold,854.0,storyboard,70,558.69,566.67,7.98,https://youtu.be/ixtOL_gQNEQ?t=559s,decorate_finish,finish,1,0.5,Demoulding/flexing a pink silicone mould to release a wax disc/rose candle (wax test).,"Demoulding/flexing a pink silicone mould to release a wax disc/rose candle (wax test). finish phase, ~65% in, 9:18–9:26.",,0,1,,
ixtOL_gQNEQ,https://www.youtube.com/watch?v=ixtOL_gQNEQ,What's the BEST Flower Candle WAX? 9 Wax casts tests with silicone mold,854.0,storyboard,71,566.67,574.65,7.98,https://youtu.be/ixtOL_gQNEQ?t=567s,decorate_finish,finish,1,0.5,Holding up the demoulded flower/disc candle to show the result.,"Holding up the demoulded flower/disc candle to show the result. finish phase, ~66% in, 9:26–9:34. Terminology: pillar candle.",,0,1,,
ixtOL_gQNEQ,https://www.youtube.com/watch?v=ixtOL_gQNEQ,What's the BEST Flower Candle WAX? 9 Wax casts tests with silicone mold,854.0,storyboard,72,574.65,582.64,7.99,https://youtu.be/ixtOL_gQNEQ?t=575s,decorate_finish,finish,1,0.5,Demoulding/flexing a pink silicone mould to release a wax disc/rose candle (wax test).,"Demoulding/flexing a pink silicone mould to release a wax disc/rose candle (wax test). finish phase, ~67% in, 9:34–9:42.",,0,1,,
ixtOL_gQNEQ,https://www.youtube.com/watch?v=ixtOL_gQNEQ,What's the BEST Flower Candle WAX? 9 Wax casts tests with silicone mold,854.0,storyboard,73,582.64,590.62,7.98,https://youtu.be/ixtOL_gQNEQ?t=583s,decorate_finish,finish,1,0.5,Holding up the demoulded flower/disc candle to show the result.,"Holding up the demoulded flower/disc candle to show the result. finish phase, ~68% in, 9:42–9:50. Terminology: pillar candle.",,0,1,,
ixtOL_gQNEQ,https://www.youtube.com/watch?v=ixtOL_gQNEQ,What's the BEST Flower Candle WAX? 9 Wax casts tests with silicone mold,854.0,storyboard,74,590.62,598.6,7.98,https://youtu.be/ixtOL_gQNEQ?t=591s,decorate_finish,finish,1,0.5,Demoulding/flexing a pink silicone mould to release a wax disc/rose candle (wax test).,"Demoulding/flexing a pink silicone mould to release a wax disc/rose candle (wax test). finish phase, ~69% in, 9:50–9:58.",,0,1,,
ixtOL_gQNEQ,https://www.youtube.com/watch?v=ixtOL_gQNEQ,What's the BEST Flower Candle WAX? 9 Wax casts tests with silicone mold,854.0,storyboard,75,598.6,606.58,7.98,https://youtu.be/ixtOL_gQNEQ?t=599s,decorate_finish,finish,1,0.5,Demoulding/flexing a pink silicone mould to release a wax disc/rose candle (wax test).,"Demoulding/flexing a pink silicone mould to release a wax disc/rose candle (wax test). finish phase, ~70% in, 9:58–10:06.",,0,1,,
ixtOL_gQNEQ,https://www.youtube.com/watch?v=ixtOL_gQNEQ,What's the BEST Flower Candle WAX? 9 Wax casts tests with silicone mold,854.0,storyboard,76,606.58,614.56,7.98,https://youtu.be/ixtOL_gQNEQ?t=607s,decorate_finish,finish,1,0.5,Demoulding/flexing a pink silicone mould to release a wax disc/rose candle (wax test).,"Demoulding/flexing a pink silicone mould to release a wax disc/rose candle (wax test). finish phase, ~71% in, 10:06–10:14.",,0,1,,
ixtOL_gQNEQ,https://www.youtube.com/watch?v=ixtOL_gQNEQ,What's the BEST Flower Candle WAX? 9 Wax casts tests with silicone mold,854.0,storyboard,77,614.56,622.54,7.98,https://youtu.be/ixtOL_gQNEQ?t=615s,decorate_finish,finish,1,0.5,Demoulding/flexing a pink silicone mould to release a wax disc/rose candle (wax test).,"Demoulding/flexing a pink silicone mould to release a wax disc/rose candle (wax test). finish phase, ~72% in, 10:14–10:22.",,0,1,,
ixtOL_gQNEQ,https://www.youtube.com/watch?v=ixtOL_gQNEQ,What's the BEST Flower Candle WAX? 9 Wax casts tests with silicone mold,854.0,storyboard,78,622.54,630.52,7.98,https://youtu.be/ixtOL_gQNEQ?t=623s,decorate_finish,finish,1,0.5,Demoulding/flexing a pink silicone mould to release a wax disc/rose candle (wax test).,"Demoulding/flexing a pink silicone mould to release a wax disc/rose candle (wax test). finish phase, ~73% in, 10:22–10:30.",,0,1,,
ixtOL_gQNEQ,https://www.youtube.com/watch?v=ixtOL_gQNEQ,What's the BEST Flower Candle WAX? 9 Wax casts tests with silicone mold,854.0,storyboard,81,646.49,654.47,7.98,https://youtu.be/ixtOL_gQNEQ?t=646s,decorate_finish,finish,1,0.5,Demoulding/flexing a pink silicone mould to release a wax disc/rose candle (wax test).,"Demoulding/flexing a pink silicone mould to release a wax disc/rose candle (wax test). finish phase, ~76% in, 10:46–10:54.",,0,1,,
ixtOL_gQNEQ,https://www.youtube.com/watch?v=ixtOL_gQNEQ,What's the BEST Flower Candle WAX? 9 Wax casts tests with silicone mold,854.0,storyboard,82,654.47,662.45,7.98,https://youtu.be/ixtOL_gQNEQ?t=654s,decorate_finish,finish,1,0.5,Demoulding/flexing a pink silicone mould to release a wax disc/rose candle (wax test).,"Demoulding/flexing a pink silicone mould to release a wax disc/rose candle (wax test). finish phase, ~77% in, 10:54–11:02.",,0,1,,
ixtOL_gQNEQ,https://www.youtube.com/watch?v=ixtOL_gQNEQ,What's the BEST Flower Candle WAX? 9 Wax casts tests with silicone mold,854.0,storyboard,83,662.45,670.43,7.98,https://youtu.be/ixtOL_gQNEQ?t=662s,decorate_finish,finish,1,0.5,Holding up the demoulded flower/disc candle to show the result.,"Holding up the demoulded flower/disc candle to show the result. finish phase, ~78% in, 11:02–11:10. Terminology: pillar candle.",,0,1,,
ixtOL_gQNEQ,https://www.youtube.com/watch?v=ixtOL_gQNEQ,What's the BEST Flower Candle WAX? 9 Wax casts tests with silicone mold,854.0,storyboard,84,670.43,678.41,7.98,https://youtu.be/ixtOL_gQNEQ?t=670s,decorate_finish,finish,1,0.5,Demoulding/flexing a pink silicone mould to release a wax disc/rose candle (wax test).,"Demoulding/flexing a pink silicone mould to release a wax disc/rose candle (wax test). finish phase, ~79% in, 11:10–11:18.",,0,1,,
ixtOL_gQNEQ,https://www.youtube.com/watch?v=ixtOL_gQNEQ,What's the BEST Flower Candle WAX? 9 Wax casts tests with silicone mold,854.0,storyboard,85,678.41,686.39,7.98,https://youtu.be/ixtOL_gQNEQ?t=678s,decorate_finish,finish,1,0.5,Demoulding/flexing a pink silicone mould to release a wax disc/rose candle (wax test).,"Demoulding/flexing a pink silicone mould to release a wax disc/rose candle (wax test). finish phase, ~79% in, 11:18–11:26.",,0,1,,
ixtOL_gQNEQ,https://www.youtube.com/watch?v=ixtOL_gQNEQ,What's the BEST Flower Candle WAX? 9 Wax casts tests with silicone mold,854.0,storyboard,86,686.39,694.37,7.98,https://youtu.be/ixtOL_gQNEQ?t=686s,decorate_finish,finish,1,0.5,Demoulding/flexing a pink silicone mould to release a wax disc/rose candle (wax test).,"Demoulding/flexing a pink silicone mould to release a wax disc/rose candle (wax test). finish phase, ~80% in, 11:26–11:34.",,0,1,,
ixtOL_gQNEQ,https://www.youtube.com/watch?v=ixtOL_gQNEQ,What's the BEST Flower Candle WAX? 9 Wax casts tests with silicone mold,854.0,storyboard,87,694.37,702.36,7.99,https://youtu.be/ixtOL_gQNEQ?t=694s,decorate_finish,finish,1,0.5,Holding up the demoulded flower/disc candle to show the result.,"Holding up the demoulded flower/disc candle to show the result. finish phase, ~81% in, 11:34–11:42. Terminology: pillar candle.",,0,1,,
ixtOL_gQNEQ,https://www.youtube.com/watch?v=ixtOL_gQNEQ,What's the BEST Flower Candle WAX? 9 Wax casts tests with silicone mold,854.0,storyboard,88,702.36,710.34,7.98,https://youtu.be/ixtOL_gQNEQ?t=702s,decorate_finish,finish,1,0.5,Demoulding/flexing a pink silicone mould to release a wax disc/rose candle (wax test).,"Demoulding/flexing a pink silicone mould to release a wax disc/rose candle (wax test). finish phase, ~82% in, 11:42–11:50.",,0,1,,
ixtOL_gQNEQ,https://www.youtube.com/watch?v=ixtOL_gQNEQ,What's the BEST Flower Candle WAX? 9 Wax casts tests with silicone mold,854.0,storyboard,92,734.28,742.26,7.98,https://youtu.be/ixtOL_gQNEQ?t=734s,decorate_finish,finish,1,0.5,Demoulding/flexing a pink silicone mould to release a wax disc/rose candle (wax test).,"Demoulding/flexing a pink silicone mould to release a wax disc/rose candle (wax test). finish phase, ~86% in, 12:14–12:22.",,0,1,,
ixtOL_gQNEQ,https://www.youtube.com/watch?v=ixtOL_gQNEQ,What's the BEST Flower Candle WAX? 9 Wax casts tests with silicone mold,854.0,storyboard,93,742.26,750.24,7.98,https://youtu.be/ixtOL_gQNEQ?t=742s,decorate_finish,finish,1,0.5,Demoulding/flexing a pink silicone mould to release a wax disc/rose candle (wax test).,"Demoulding/flexing a pink silicone mould to release a wax disc/rose candle (wax test). finish phase, ~87% in, 12:22–12:30.",,0,1,,
ixtOL_gQNEQ,https://www.youtube.com/watch?v=ixtOL_gQNEQ,What's the BEST Flower Candle WAX? 9 Wax casts tests with silicone mold,854.0,storyboard,94,750.24,758.22,7.98,https://youtu.be/ixtOL_gQNEQ?t=750s,decorate_finish,finish,1,0.5,Demoulding/flexing a pink silicone mould to release a wax disc/rose candle (wax test).,"Demoulding/flexing a pink silicone mould to release a wax disc/rose candle (wax test). finish phase, ~88% in, 12:30–12:38.",,0,1,,
ixtOL_gQNEQ,https://www.youtube.com/watch?v=ixtOL_gQNEQ,What's the BEST Flower Candle WAX? 9 Wax casts tests with silicone mold,854.0,storyboard,95,758.22,766.21,7.99,https://youtu.be/ixtOL_gQNEQ?t=758s,decorate_finish,finish,1,0.5,Demoulding/flexing a pink silicone mould to release a wax disc/rose candle (wax test).,"Demoulding/flexing a pink silicone mould to release a wax disc/rose candle (wax test). finish phase, ~89% in, 12:38–12:46.",,0,1,,
ixtOL_gQNEQ,https://www.youtube.com/watch?v=ixtOL_gQNEQ,What's the BEST Flower Candle WAX? 9 Wax casts tests with silicone mold,854.0,storyboard,96,766.21,774.19,7.98,https://youtu.be/ixtOL_gQNEQ?t=766s,decorate_finish,finish,1,0.5,Demoulding/flexing a pink silicone mould to release a wax disc/rose candle (wax test).,"Demoulding/flexing a pink silicone mould to release a wax disc/rose candle (wax test). finish phase, ~90% in, 12:46–12:54.",,0,1,,
jVRtUAY0SpI,https://www.youtube.com/watch?v=jVRtUAY0SpI,The candle that made me go VIRAL ✨ Studio Vlog No. 1 ✨ The making of Cloud Nine,569.0,storyboard,51,408.72,416.73,8.01,https://youtu.be/jVRtUAY0SpI?t=409s,decorate_finish,finish,1,0.5,Making/placing white cloud embeds & labelling.,"Making/placing white cloud embeds & labelling. finish phase, ~72% in, 6:48–6:56.",,0,1,,
jVRtUAY0SpI,https://www.youtube.com/watch?v=jVRtUAY0SpI,The candle that made me go VIRAL ✨ Studio Vlog No. 1 ✨ The making of Cloud Nine,569.0,storyboard,52,416.73,424.75,8.02,https://youtu.be/jVRtUAY0SpI?t=417s,decorate_finish,finish,1,0.5,Making/placing white cloud embeds & labelling.,"Making/placing white cloud embeds & labelling. finish phase, ~73% in, 6:56–7:04.",,0,1,,
jVRtUAY0SpI,https://www.youtube.com/watch?v=jVRtUAY0SpI,The candle that made me go VIRAL ✨ Studio Vlog No. 1 ✨ The making of Cloud Nine,569.0,storyboard,53,424.75,432.76,8.01,https://youtu.be/jVRtUAY0SpI?t=425s,decorate_finish,finish,1,0.5,Making/placing white cloud embeds & labelling.,"Making/placing white cloud embeds & labelling. finish phase, ~75% in, 7:04–7:12.",,0,1,,
jVRtUAY0SpI,https://www.youtube.com/watch?v=jVRtUAY0SpI,The candle that made me go VIRAL ✨ Studio Vlog No. 1 ✨ The making of Cloud Nine,569.0,storyboard,54,432.76,440.77,8.01,https://youtu.be/jVRtUAY0SpI?t=433s,decorate_finish,finish,1,0.5,Making/placing white cloud embeds & labelling.,"Making/placing white cloud embeds & labelling. finish phase, ~76% in, 7:12–7:20.",,0,1,,
jVRtUAY0SpI,https://www.youtube.com/watch?v=jVRtUAY0SpI,The candle that made me go VIRAL ✨ Studio Vlog No. 1 ✨ The making of Cloud Nine,569.0,storyboard,55,440.77,448.79,8.02,https://youtu.be/jVRtUAY0SpI?t=441s,decorate_finish,finish,1,0.5,Making/placing white cloud embeds & labelling.,"Making/placing white cloud embeds & labelling. finish phase, ~77% in, 7:20–7:28.",,0,1,,
jVRtUAY0SpI,https://www.youtube.com/watch?v=jVRtUAY0SpI,The candle that made me go VIRAL ✨ Studio Vlog No. 1 ✨ The making of Cloud Nine,569.0,storyboard,56,448.79,456.8,8.01,https://youtu.be/jVRtUAY0SpI?t=449s,decorate_finish,finish,1,0.5,Making/placing white cloud embeds & labelling.,"Making/placing white cloud embeds & labelling. finish phase, ~79% in, 7:28–7:36.",,0,1,,
l4-8dPDeC80,https://www.youtube.com/watch?v=l4-8dPDeC80,Turn the Ocean into a Candle🌊😍 Easy DIY Gel Candle Tutorial🕯️,121.0,storyboard,4,32.27,40.33,8.06,https://youtu.be/l4-8dPDeC80?t=32s,decorate_finish,finish,1,0.5,Shaping white 'foam' wax for the wave crest.,"Shaping white 'foam' wax for the wave crest. finish phase, ~27% in, 0:32–0:40.",,0,1,,
l4-8dPDeC80,https://www.youtube.com/watch?v=l4-8dPDeC80,Turn the Ocean into a Candle🌊😍 Easy DIY Gel Candle Tutorial🕯️,121.0,storyboard,5,40.33,48.4,8.07,https://youtu.be/l4-8dPDeC80?t=40s,decorate_finish,finish,1,0.5,Adding white foam wax on top of the blue gel.,"Adding white foam wax on top of the blue gel. finish phase, ~33% in, 0:40–0:48.",,0,1,,
l4-8dPDeC80,https://www.youtube.com/watch?v=l4-8dPDeC80,Turn the Ocean into a Candle🌊😍 Easy DIY Gel Candle Tutorial🕯️,121.0,storyboard,6,48.4,56.47,8.07,https://youtu.be/l4-8dPDeC80?t=48s,decorate_finish,finish,1,0.45,Glass with blue gel and a white foam wave.,"Glass with blue gel and a white foam wave. finish phase, ~40% in, 0:48–0:56.",,0,1,,
lwiqFbJa51w,https://www.youtube.com/watch?v=lwiqFbJa51w,Small Business Packaging Ideas | Packing candles tips and hacks on a budget | DIY cheap & cute ideas,444.0,storyboard,15,118.93,126.86,7.93,https://youtu.be/lwiqFbJa51w?t=119s,decorate_finish,finish,1,0.4,"Packaging candles (stamping the JOOLIE logo, wrapping in tissue, cork coasters).","Packaging candles (stamping the JOOLIE logo, wrapping in tissue, cork coasters). finish phase, ~27% in, 1:58–2:06.",,0,1,,
lwiqFbJa51w,https://www.youtube.com/watch?v=lwiqFbJa51w,Small Business Packaging Ideas | Packing candles tips and hacks on a budget | DIY cheap & cute ideas,444.0,storyboard,17,134.79,142.71,7.92,https://youtu.be/lwiqFbJa51w?t=135s,decorate_finish,finish,1,0.4,"Packaging candles (stamping the JOOLIE logo, wrapping in tissue, cork coasters).","Packaging candles (stamping the JOOLIE logo, wrapping in tissue, cork coasters). finish phase, ~30% in, 2:14–2:22.",,0,1,,
lwiqFbJa51w,https://www.youtube.com/watch?v=lwiqFbJa51w,Small Business Packaging Ideas | Packing candles tips and hacks on a budget | DIY cheap & cute ideas,444.0,storyboard,18,142.71,150.64,7.93,https://youtu.be/lwiqFbJa51w?t=143s,decorate_finish,finish,1,0.4,Packing the candles into boxes for shipping.,"Packing the candles into boxes for shipping. finish phase, ~32% in, 2:22–2:30.",,0,1,,
lwiqFbJa51w,https://www.youtube.com/watch?v=lwiqFbJa51w,Small Business Packaging Ideas | Packing candles tips and hacks on a budget | DIY cheap & cute ideas,444.0,storyboard,19,150.64,158.57,7.93,https://youtu.be/lwiqFbJa51w?t=151s,decorate_finish,finish,1,0.4,"Packaging candles (stamping the JOOLIE logo, wrapping in tissue, cork coasters).","Packaging candles (stamping the JOOLIE logo, wrapping in tissue, cork coasters). finish phase, ~34% in, 2:30–2:38.",,0,1,,
lwiqFbJa51w,https://www.youtube.com/watch?v=lwiqFbJa51w,Small Business Packaging Ideas | Packing candles tips and hacks on a budget | DIY cheap & cute ideas,444.0,storyboard,20,158.57,166.5,7.93,https://youtu.be/lwiqFbJa51w?t=159s,decorate_finish,finish,1,0.4,Packing the candles into boxes for shipping.,"Packing the candles into boxes for shipping. finish phase, ~36% in, 2:38–2:46.",,0,1,,
lwiqFbJa51w,https://www.youtube.com/watch?v=lwiqFbJa51w,Small Business Packaging Ideas | Packing candles tips and hacks on a budget | DIY cheap & cute ideas,444.0,storyboard,21,166.5,174.43,7.93,https://youtu.be/lwiqFbJa51w?t=166s,decorate_finish,finish,1,0.4,"Packaging candles (stamping the JOOLIE logo, wrapping in tissue, cork coasters).","Packaging candles (stamping the JOOLIE logo, wrapping in tissue, cork coasters). finish phase, ~38% in, 2:46–2:54.",,0,1,,
lwiqFbJa51w,https://www.youtube.com/watch?v=lwiqFbJa51w,Small Business Packaging Ideas | Packing candles tips and hacks on a budget | DIY cheap & cute ideas,444.0,storyboard,22,174.43,182.36,7.93,https://youtu.be/lwiqFbJa51w?t=174s,decorate_finish,finish,1,0.4,Packing the candles into boxes for shipping.,"Packing the candles into boxes for shipping. finish phase, ~39% in, 2:54–3:02.",,0,1,,
lwiqFbJa51w,https://www.youtube.com/watch?v=lwiqFbJa51w,Small Business Packaging Ideas | Packing candles tips and hacks on a budget | DIY cheap & cute ideas,444.0,storyboard,23,182.36,190.29,7.93,https://youtu.be/lwiqFbJa51w?t=182s,decorate_finish,finish,1,0.4,"Packaging candles (stamping the JOOLIE logo, wrapping in tissue, cork coasters).","Packaging candles (stamping the JOOLIE logo, wrapping in tissue, cork coasters). finish phase, ~41% in, 3:02–3:10.",,0,1,,
m6PpWgz7YGM,https://www.youtube.com/watch?v=m6PpWgz7YGM,The Satisfying Process of Candle Making | Inside a Modern Candle Factory,665.0,storyboard,34,272.41,280.42,8.01,https://youtu.be/m6PpWgz7YGM?t=272s,decorate_finish,finish,1,0.45,Decorating/assembling/finishing a candle or box.,"Decorating/assembling/finishing a candle or box. finish phase, ~41% in, 4:32–4:40.",,0,1,,
m6PpWgz7YGM,https://www.youtube.com/watch?v=m6PpWgz7YGM,The Satisfying Process of Candle Making | Inside a Modern Candle Factory,665.0,storyboard,37,296.45,304.46,8.01,https://youtu.be/m6PpWgz7YGM?t=296s,decorate_finish,finish,1,0.45,Decorating/assembling/finishing a candle or box.,"Decorating/assembling/finishing a candle or box. finish phase, ~45% in, 4:56–5:04.",,0,1,,
m6PpWgz7YGM,https://www.youtube.com/watch?v=m6PpWgz7YGM,The Satisfying Process of Candle Making | Inside a Modern Candle Factory,665.0,storyboard,49,392.59,400.6,8.01,https://youtu.be/m6PpWgz7YGM?t=393s,decorate_finish,finish,1,0.45,Decorating/assembling/finishing a candle or box.,"Decorating/assembling/finishing a candle or box. finish phase, ~59% in, 6:32–6:40.",,0,1,,
m6PpWgz7YGM,https://www.youtube.com/watch?v=m6PpWgz7YGM,The Satisfying Process of Candle Making | Inside a Modern Candle Factory,665.0,storyboard,74,592.89,600.9,8.01,https://youtu.be/m6PpWgz7YGM?t=593s,decorate_finish,finish,1,0.45,Decorating/assembling/finishing a candle or box.,"Decorating/assembling/finishing a candle or box. finish phase, ~89% in, 9:52–10:00.",,0,1,,
m6PpWgz7YGM,https://www.youtube.com/watch?v=m6PpWgz7YGM,The Satisfying Process of Candle Making | Inside a Modern Candle Factory,665.0,storyboard,78,624.94,632.95,8.01,https://youtu.be/m6PpWgz7YGM?t=625s,decorate_finish,finish,1,0.45,Decorating/assembling/finishing a candle or box.,"Decorating/assembling/finishing a candle or box. finish phase, ~94% in, 10:24–10:32.",,0,1,,
m8gO36sLIfo,https://www.youtube.com/watch?v=m8gO36sLIfo,Easy Candle Making for Kids | Fun DIY Candle Tutorial at Home,214.0,storyboard,18,142.67,150.59,7.92,https://youtu.be/m8gO36sLIfo?t=143s,decorate_finish,finish,1,0.45,A blue star candle handled.,"A blue star candle handled. finish phase, ~67% in, 2:22–2:30.",,0,1,,
mC1pCHJluzE,https://www.youtube.com/watch?v=mC1pCHJluzE,Testing new silicone moulds - Candle making tips for beginners,418.0,storyboard,4,32.15,40.19,8.04,https://youtu.be/mC1pCHJluzE?t=32s,decorate_finish,finish,1,0.5,Overhead: demoulding/handling pink rose candles from silicone moulds.,"Overhead: demoulding/handling pink rose candles from silicone moulds. finish phase, ~8% in, 0:32–0:40. Terminology: pillar candle.",,0,1,,
mC1pCHJluzE,https://www.youtube.com/watch?v=mC1pCHJluzE,Testing new silicone moulds - Candle making tips for beginners,418.0,storyboard,5,40.19,48.23,8.04,https://youtu.be/mC1pCHJluzE?t=40s,decorate_finish,finish,1,0.5,Overhead: demoulding/handling pink rose candles from silicone moulds.,"Overhead: demoulding/handling pink rose candles from silicone moulds. finish phase, ~10% in, 0:40–0:48. Terminology: pillar candle.",,0,1,,
mC1pCHJluzE,https://www.youtube.com/watch?v=mC1pCHJluzE,Testing new silicone moulds - Candle making tips for beginners,418.0,storyboard,6,48.23,56.27,8.04,https://youtu.be/mC1pCHJluzE?t=48s,decorate_finish,finish,1,0.5,Overhead: demoulding/handling pink rose candles from silicone moulds.,"Overhead: demoulding/handling pink rose candles from silicone moulds. finish phase, ~12% in, 0:48–0:56. Terminology: pillar candle.",,0,1,,
mC1pCHJluzE,https://www.youtube.com/watch?v=mC1pCHJluzE,Testing new silicone moulds - Candle making tips for beginners,418.0,storyboard,7,56.27,64.31,8.04,https://youtu.be/mC1pCHJluzE?t=56s,decorate_finish,finish,1,0.5,Overhead: demoulding/handling pink rose candles from silicone moulds.,"Overhead: demoulding/handling pink rose candles from silicone moulds. finish phase, ~13% in, 0:56–1:04. Terminology: pillar candle.",,0,1,,
mC1pCHJluzE,https://www.youtube.com/watch?v=mC1pCHJluzE,Testing new silicone moulds - Candle making tips for beginners,418.0,storyboard,8,64.31,72.35,8.04,https://youtu.be/mC1pCHJluzE?t=64s,decorate_finish,finish,1,0.5,Overhead: demoulding/handling pink rose candles from silicone moulds.,"Overhead: demoulding/handling pink rose candles from silicone moulds. finish phase, ~15% in, 1:04–1:12. Terminology: pillar candle.",,0,1,,
mC1pCHJluzE,https://www.youtube.com/watch?v=mC1pCHJluzE,Testing new silicone moulds - Candle making tips for beginners,418.0,storyboard,9,72.35,80.38,8.03,https://youtu.be/mC1pCHJluzE?t=72s,decorate_finish,finish,1,0.5,Overhead: demoulding/handling pink rose candles from silicone moulds.,"Overhead: demoulding/handling pink rose candles from silicone moulds. finish phase, ~17% in, 1:12–1:20. Terminology: pillar candle.",,0,1,,
mC1pCHJluzE,https://www.youtube.com/watch?v=mC1pCHJluzE,Testing new silicone moulds - Candle making tips for beginners,418.0,storyboard,10,80.38,88.42,8.04,https://youtu.be/mC1pCHJluzE?t=80s,decorate_finish,finish,1,0.5,Overhead: demoulding/handling pink rose candles from silicone moulds.,"Overhead: demoulding/handling pink rose candles from silicone moulds. finish phase, ~19% in, 1:20–1:28. Terminology: pillar candle.",,0,1,,
mC1pCHJluzE,https://www.youtube.com/watch?v=mC1pCHJluzE,Testing new silicone moulds - Candle making tips for beginners,418.0,storyboard,11,88.42,96.46,8.04,https://youtu.be/mC1pCHJluzE?t=88s,decorate_finish,finish,1,0.5,Overhead: demoulding/handling pink rose candles from silicone moulds.,"Overhead: demoulding/handling pink rose candles from silicone moulds. finish phase, ~21% in, 1:28–1:36. Terminology: pillar candle.",,0,1,,
mC1pCHJluzE,https://www.youtube.com/watch?v=mC1pCHJluzE,Testing new silicone moulds - Candle making tips for beginners,418.0,storyboard,12,96.46,104.5,8.04,https://youtu.be/mC1pCHJluzE?t=96s,decorate_finish,finish,1,0.5,Overhead: demoulding/handling pink rose candles from silicone moulds.,"Overhead: demoulding/handling pink rose candles from silicone moulds. finish phase, ~23% in, 1:36–1:44. Terminology: pillar candle.",,0,1,,
mC1pCHJluzE,https://www.youtube.com/watch?v=mC1pCHJluzE,Testing new silicone moulds - Candle making tips for beginners,418.0,storyboard,13,104.5,112.54,8.04,https://youtu.be/mC1pCHJluzE?t=104s,decorate_finish,finish,1,0.5,Overhead: demoulding/handling pink rose candles from silicone moulds.,"Overhead: demoulding/handling pink rose candles from silicone moulds. finish phase, ~25% in, 1:44–1:52. Terminology: pillar candle.",,0,1,,
mC1pCHJluzE,https://www.youtube.com/watch?v=mC1pCHJluzE,Testing new silicone moulds - Candle making tips for beginners,418.0,storyboard,14,112.54,120.58,8.04,https://youtu.be/mC1pCHJluzE?t=113s,decorate_finish,finish,1,0.5,Overhead: demoulding/handling pink rose candles from silicone moulds.,"Overhead: demoulding/handling pink rose candles from silicone moulds. finish phase, ~27% in, 1:52–2:00. Terminology: pillar candle.",,0,1,,
mC1pCHJluzE,https://www.youtube.com/watch?v=mC1pCHJluzE,Testing new silicone moulds - Candle making tips for beginners,418.0,storyboard,15,120.58,128.62,8.04,https://youtu.be/mC1pCHJluzE?t=121s,decorate_finish,finish,1,0.5,Overhead: demoulding/handling pink rose candles from silicone moulds.,"Overhead: demoulding/handling pink rose candles from silicone moulds. finish phase, ~29% in, 2:00–2:08. Terminology: pillar candle.",,0,1,,
mC1pCHJluzE,https://www.youtube.com/watch?v=mC1pCHJluzE,Testing new silicone moulds - Candle making tips for beginners,418.0,storyboard,16,128.62,136.65,8.03,https://youtu.be/mC1pCHJluzE?t=129s,decorate_finish,finish,1,0.5,Overhead: demoulding/handling pink rose candles from silicone moulds.,"Overhead: demoulding/handling pink rose candles from silicone moulds. finish phase, ~31% in, 2:08–2:16. Terminology: pillar candle.",,0,1,,
mC1pCHJluzE,https://www.youtube.com/watch?v=mC1pCHJluzE,Testing new silicone moulds - Candle making tips for beginners,418.0,storyboard,17,136.65,144.69,8.04,https://youtu.be/mC1pCHJluzE?t=137s,decorate_finish,finish,1,0.5,Overhead: demoulding/handling pink rose candles from silicone moulds.,"Overhead: demoulding/handling pink rose candles from silicone moulds. finish phase, ~33% in, 2:16–2:24. Terminology: pillar candle.",,0,1,,
mC1pCHJluzE,https://www.youtube.com/watch?v=mC1pCHJluzE,Testing new silicone moulds - Candle making tips for beginners,418.0,storyboard,18,144.69,152.73,8.04,https://youtu.be/mC1pCHJluzE?t=145s,decorate_finish,finish,1,0.5,Overhead: demoulding/handling pink rose candles from silicone moulds.,"Overhead: demoulding/handling pink rose candles from silicone moulds. finish phase, ~35% in, 2:24–2:32. Terminology: pillar candle.",,0,1,,
mC1pCHJluzE,https://www.youtube.com/watch?v=mC1pCHJluzE,Testing new silicone moulds - Candle making tips for beginners,418.0,storyboard,19,152.73,160.77,8.04,https://youtu.be/mC1pCHJluzE?t=153s,decorate_finish,finish,1,0.5,Overhead: demoulding/handling pink rose candles from silicone moulds.,"Overhead: demoulding/handling pink rose candles from silicone moulds. finish phase, ~37% in, 2:32–2:40. Terminology: pillar candle.",,0,1,,
mC1pCHJluzE,https://www.youtube.com/watch?v=mC1pCHJluzE,Testing new silicone moulds - Candle making tips for beginners,418.0,storyboard,20,160.77,168.81,8.04,https://youtu.be/mC1pCHJluzE?t=161s,decorate_finish,finish,1,0.5,Overhead: demoulding/handling pink rose candles from silicone moulds.,"Overhead: demoulding/handling pink rose candles from silicone moulds. finish phase, ~38% in, 2:40–2:48. Terminology: pillar candle.",,0,1,,
mC1pCHJluzE,https://www.youtube.com/watch?v=mC1pCHJluzE,Testing new silicone moulds - Candle making tips for beginners,418.0,storyboard,21,168.81,176.85,8.04,https://youtu.be/mC1pCHJluzE?t=169s,decorate_finish,finish,1,0.5,Overhead: demoulding/handling pink rose candles from silicone moulds.,"Overhead: demoulding/handling pink rose candles from silicone moulds. finish phase, ~40% in, 2:48–2:56. Terminology: pillar candle.",,0,1,,
mC1pCHJluzE,https://www.youtube.com/watch?v=mC1pCHJluzE,Testing new silicone moulds - Candle making tips for beginners,418.0,storyboard,22,176.85,184.88,8.03,https://youtu.be/mC1pCHJluzE?t=177s,decorate_finish,finish,1,0.5,Overhead: demoulding/handling pink rose candles from silicone moulds.,"Overhead: demoulding/handling pink rose candles from silicone moulds. finish phase, ~42% in, 2:56–3:04. Terminology: pillar candle.",,0,1,,
mC1pCHJluzE,https://www.youtube.com/watch?v=mC1pCHJluzE,Testing new silicone moulds - Candle making tips for beginners,418.0,storyboard,23,184.88,192.92,8.04,https://youtu.be/mC1pCHJluzE?t=185s,decorate_finish,finish,1,0.5,Overhead: demoulding/handling pink rose candles from silicone moulds.,"Overhead: demoulding/handling pink rose candles from silicone moulds. finish phase, ~44% in, 3:04–3:12. Terminology: pillar candle.",,0,1,,
mC1pCHJluzE,https://www.youtube.com/watch?v=mC1pCHJluzE,Testing new silicone moulds - Candle making tips for beginners,418.0,storyboard,24,192.92,200.96,8.04,https://youtu.be/mC1pCHJluzE?t=193s,decorate_finish,finish,1,0.5,Demoulding purple/pink rose & peony candles from the silicone moulds.,"Demoulding purple/pink rose & peony candles from the silicone moulds. finish phase, ~46% in, 3:12–3:20. Terminology: pillar candle.",,0,1,,
mC1pCHJluzE,https://www.youtube.com/watch?v=mC1pCHJluzE,Testing new silicone moulds - Candle making tips for beginners,418.0,storyboard,25,200.96,209.0,8.04,https://youtu.be/mC1pCHJluzE?t=201s,decorate_finish,finish,1,0.5,Demoulding purple/pink rose & peony candles from the silicone moulds.,"Demoulding purple/pink rose & peony candles from the silicone moulds. finish phase, ~48% in, 3:20–3:29. Terminology: pillar candle.",,0,1,,
mC1pCHJluzE,https://www.youtube.com/watch?v=mC1pCHJluzE,Testing new silicone moulds - Candle making tips for beginners,418.0,storyboard,26,209.0,217.04,8.04,https://youtu.be/mC1pCHJluzE?t=209s,decorate_finish,finish,1,0.5,Demoulding purple/pink rose & peony candles from the silicone moulds.,"Demoulding purple/pink rose & peony candles from the silicone moulds. finish phase, ~50% in, 3:29–3:37. Terminology: pillar candle.",,0,1,,
mC1pCHJluzE,https://www.youtube.com/watch?v=mC1pCHJluzE,Testing new silicone moulds - Candle making tips for beginners,418.0,storyboard,27,217.04,225.08,8.04,https://youtu.be/mC1pCHJluzE?t=217s,decorate_finish,finish,1,0.5,Demoulding purple/pink rose & peony candles from the silicone moulds.,"Demoulding purple/pink rose & peony candles from the silicone moulds. finish phase, ~52% in, 3:37–3:45. Terminology: pillar candle.",,0,1,,
mC1pCHJluzE,https://www.youtube.com/watch?v=mC1pCHJluzE,Testing new silicone moulds - Candle making tips for beginners,418.0,storyboard,28,225.08,233.12,8.04,https://youtu.be/mC1pCHJluzE?t=225s,decorate_finish,finish,1,0.5,Demoulding purple/pink rose & peony candles from the silicone moulds.,"Demoulding purple/pink rose & peony candles from the silicone moulds. finish phase, ~54% in, 3:45–3:53. Terminology: pillar candle.",,0,1,,
mC1pCHJluzE,https://www.youtube.com/watch?v=mC1pCHJluzE,Testing new silicone moulds - Candle making tips for beginners,418.0,storyboard,29,233.12,241.15,8.03,https://youtu.be/mC1pCHJluzE?t=233s,decorate_finish,finish,1,0.5,Demoulding purple/pink rose & peony candles from the silicone moulds.,"Demoulding purple/pink rose & peony candles from the silicone moulds. finish phase, ~56% in, 3:53–4:01. Terminology: pillar candle.",,0,1,,
mC1pCHJluzE,https://www.youtube.com/watch?v=mC1pCHJluzE,Testing new silicone moulds - Candle making tips for beginners,418.0,storyboard,30,241.15,249.19,8.04,https://youtu.be/mC1pCHJluzE?t=241s,decorate_finish,finish,1,0.5,Demoulding purple/pink rose & peony candles from the silicone moulds.,"Demoulding purple/pink rose & peony candles from the silicone moulds. finish phase, ~58% in, 4:01–4:09. Terminology: pillar candle.",,0,1,,
mC1pCHJluzE,https://www.youtube.com/watch?v=mC1pCHJluzE,Testing new silicone moulds - Candle making tips for beginners,418.0,storyboard,31,249.19,257.23,8.04,https://youtu.be/mC1pCHJluzE?t=249s,decorate_finish,finish,1,0.5,Demoulding purple/pink rose & peony candles from the silicone moulds.,"Demoulding purple/pink rose & peony candles from the silicone moulds. finish phase, ~60% in, 4:09–4:17. Terminology: pillar candle.",,0,1,,
mC1pCHJluzE,https://www.youtube.com/watch?v=mC1pCHJluzE,Testing new silicone moulds - Candle making tips for beginners,418.0,storyboard,32,257.23,265.27,8.04,https://youtu.be/mC1pCHJluzE?t=257s,decorate_finish,finish,1,0.5,Demoulding purple/pink rose & peony candles from the silicone moulds.,"Demoulding purple/pink rose & peony candles from the silicone moulds. finish phase, ~62% in, 4:17–4:25. Terminology: pillar candle.",,0,1,,
mC1pCHJluzE,https://www.youtube.com/watch?v=mC1pCHJluzE,Testing new silicone moulds - Candle making tips for beginners,418.0,storyboard,33,265.27,273.31,8.04,https://youtu.be/mC1pCHJluzE?t=265s,decorate_finish,finish,1,0.5,Demoulding purple/pink rose & peony candles from the silicone moulds.,"Demoulding purple/pink rose & peony candles from the silicone moulds. finish phase, ~63% in, 4:25–4:33. Terminology: pillar candle.",,0,1,,
mC1pCHJluzE,https://www.youtube.com/watch?v=mC1pCHJluzE,Testing new silicone moulds - Candle making tips for beginners,418.0,storyboard,34,273.31,281.35,8.04,https://youtu.be/mC1pCHJluzE?t=273s,decorate_finish,finish,1,0.5,Demoulding purple/pink rose & peony candles from the silicone moulds.,"Demoulding purple/pink rose & peony candles from the silicone moulds. finish phase, ~65% in, 4:33–4:41. Terminology: pillar candle.",,0,1,,
mC1pCHJluzE,https://www.youtube.com/watch?v=mC1pCHJluzE,Testing new silicone moulds - Candle making tips for beginners,418.0,storyboard,35,281.35,289.38,8.03,https://youtu.be/mC1pCHJluzE?t=281s,decorate_finish,finish,1,0.5,Demoulding purple/pink rose & peony candles from the silicone moulds.,"Demoulding purple/pink rose & peony candles from the silicone moulds. finish phase, ~67% in, 4:41–4:49. Terminology: pillar candle.",,0,1,,
mC1pCHJluzE,https://www.youtube.com/watch?v=mC1pCHJluzE,Testing new silicone moulds - Candle making tips for beginners,418.0,storyboard,36,289.38,297.42,8.04,https://youtu.be/mC1pCHJluzE?t=289s,decorate_finish,finish,1,0.5,Demoulding purple/pink rose & peony candles from the silicone moulds.,"Demoulding purple/pink rose & peony candles from the silicone moulds. finish phase, ~69% in, 4:49–4:57. Terminology: pillar candle.",,0,1,,
mC1pCHJluzE,https://www.youtube.com/watch?v=mC1pCHJluzE,Testing new silicone moulds - Candle making tips for beginners,418.0,storyboard,37,297.42,305.46,8.04,https://youtu.be/mC1pCHJluzE?t=297s,decorate_finish,finish,1,0.5,Demoulding purple/pink rose & peony candles from the silicone moulds.,"Demoulding purple/pink rose & peony candles from the silicone moulds. finish phase, ~71% in, 4:57–5:05. Terminology: pillar candle.",,0,1,,
mC1pCHJluzE,https://www.youtube.com/watch?v=mC1pCHJluzE,Testing new silicone moulds - Candle making tips for beginners,418.0,storyboard,38,305.46,313.5,8.04,https://youtu.be/mC1pCHJluzE?t=305s,decorate_finish,finish,1,0.5,Demoulding purple/pink rose & peony candles from the silicone moulds.,"Demoulding purple/pink rose & peony candles from the silicone moulds. finish phase, ~73% in, 5:05–5:13. Terminology: pillar candle.",,0,1,,
mJQTQYs_TwU,https://www.youtube.com/watch?v=mJQTQYs_TwU,🎄 🍊 Make Holiday Candles with me | Recipe Included ❄️,317.0,storyboard,3,23.77,31.7,7.93,https://youtu.be/mJQTQYs_TwU?t=24s,decorate_finish,finish,1,0.45,Decorating the candles with dried orange slices/herbs.,"Decorating the candles with dried orange slices/herbs. finish phase, ~7% in, 0:23–0:31.",,0,1,,
mJQTQYs_TwU,https://www.youtube.com/watch?v=mJQTQYs_TwU,🎄 🍊 Make Holiday Candles with me | Recipe Included ❄️,317.0,storyboard,11,87.17,95.1,7.93,https://youtu.be/mJQTQYs_TwU?t=87s,decorate_finish,finish,1,0.45,Decorating the candles with dried orange slices/herbs.,"Decorating the candles with dried orange slices/herbs. finish phase, ~27% in, 1:27–1:35.",,0,1,,
mJQTQYs_TwU,https://www.youtube.com/watch?v=mJQTQYs_TwU,🎄 🍊 Make Holiday Candles with me | Recipe Included ❄️,317.0,storyboard,15,118.87,126.8,7.93,https://youtu.be/mJQTQYs_TwU?t=119s,decorate_finish,finish,1,0.45,Decorating the candles with dried orange slices/herbs.,"Decorating the candles with dried orange slices/herbs. finish phase, ~37% in, 1:58–2:06.",,0,1,,
mJQTQYs_TwU,https://www.youtube.com/watch?v=mJQTQYs_TwU,🎄 🍊 Make Holiday Candles with me | Recipe Included ❄️,317.0,storyboard,19,150.57,158.5,7.93,https://youtu.be/mJQTQYs_TwU?t=151s,decorate_finish,finish,1,0.45,Decorating the candles with dried orange slices/herbs.,"Decorating the candles with dried orange slices/herbs. finish phase, ~47% in, 2:30–2:38.",,0,1,,
mJQTQYs_TwU,https://www.youtube.com/watch?v=mJQTQYs_TwU,🎄 🍊 Make Holiday Candles with me | Recipe Included ❄️,317.0,storyboard,23,182.28,190.2,7.92,https://youtu.be/mJQTQYs_TwU?t=182s,decorate_finish,finish,1,0.45,Decorating the candles with dried orange slices/herbs.,"Decorating the candles with dried orange slices/herbs. finish phase, ~58% in, 3:02–3:10.",,0,1,,
nVrWdGYHQkc,https://www.youtube.com/watch?v=nVrWdGYHQkc,Easy DIY Candle Making Tutorial for Beginners || Step-By-Step Guide || GIVEAWAY OVER,511.0,storyboard,57,455.11,463.09,7.98,https://youtu.be/nVrWdGYHQkc?t=455s,decorate_finish,finish,1,0.45,Placing a lid on the brown vessel candle.,"Placing a lid on the brown vessel candle. finish phase, ~89% in, 7:35–7:43. Terminology: container candle.",,0,1,,
o3oqto7AHIs,https://www.youtube.com/watch?v=o3oqto7AHIs,Why This Luxury Candle Costs $660 | So Expensive | Business Insider,621.0,storyboard,24,191.08,199.04,7.96,https://youtu.be/o3oqto7AHIs?t=191s,decorate_finish,finish,1,0.45,Workshop: sculpting/finishing the wax candles & busts.,"Workshop: sculpting/finishing the wax candles & busts. finish phase, ~31% in, 3:11–3:19.",,0,1,,
o3oqto7AHIs,https://www.youtube.com/watch?v=o3oqto7AHIs,Why This Luxury Candle Costs $660 | So Expensive | Business Insider,621.0,storyboard,28,222.92,230.88,7.96,https://youtu.be/o3oqto7AHIs?t=223s,decorate_finish,finish,1,0.45,Workshop: sculpting/finishing the wax candles & busts.,"Workshop: sculpting/finishing the wax candles & busts. finish phase, ~36% in, 3:42–3:50.",,0,1,,
o3oqto7AHIs,https://www.youtube.com/watch?v=o3oqto7AHIs,Why This Luxury Candle Costs $660 | So Expensive | Business Insider,621.0,storyboard,37,294.58,302.54,7.96,https://youtu.be/o3oqto7AHIs?t=295s,decorate_finish,finish,1,0.45,Workshop: sculpting/finishing the wax candles & busts.,"Workshop: sculpting/finishing the wax candles & busts. finish phase, ~47% in, 4:54–5:02.",,0,1,,
o3oqto7AHIs,https://www.youtube.com/watch?v=o3oqto7AHIs,Why This Luxury Candle Costs $660 | So Expensive | Business Insider,621.0,storyboard,44,350.31,358.27,7.96,https://youtu.be/o3oqto7AHIs?t=350s,decorate_finish,finish,1,0.45,Workshop: sculpting/finishing the wax candles & busts.,"Workshop: sculpting/finishing the wax candles & busts. finish phase, ~56% in, 5:50–5:58.",,0,1,,
o3oqto7AHIs,https://www.youtube.com/watch?v=o3oqto7AHIs,Why This Luxury Candle Costs $660 | So Expensive | Business Insider,621.0,storyboard,45,358.27,366.23,7.96,https://youtu.be/o3oqto7AHIs?t=358s,decorate_finish,finish,1,0.45,Workshop: sculpting/finishing the wax candles & busts.,"Workshop: sculpting/finishing the wax candles & busts. finish phase, ~58% in, 5:58–6:06.",,0,1,,
o3oqto7AHIs,https://www.youtube.com/watch?v=o3oqto7AHIs,Why This Luxury Candle Costs $660 | So Expensive | Business Insider,621.0,storyboard,46,366.23,374.19,7.96,https://youtu.be/o3oqto7AHIs?t=366s,decorate_finish,finish,1,0.45,Workshop: sculpting/finishing the wax candles & busts.,"Workshop: sculpting/finishing the wax candles & busts. finish phase, ~59% in, 6:06–6:14.",,0,1,,
o3oqto7AHIs,https://www.youtube.com/watch?v=o3oqto7AHIs,Why This Luxury Candle Costs $660 | So Expensive | Business Insider,621.0,storyboard,47,374.19,382.15,7.96,https://youtu.be/o3oqto7AHIs?t=374s,decorate_finish,finish,1,0.45,Workshop: sculpting/finishing the wax candles & busts.,"Workshop: sculpting/finishing the wax candles & busts. finish phase, ~60% in, 6:14–6:22.",,0,1,,
o3oqto7AHIs,https://www.youtube.com/watch?v=o3oqto7AHIs,Why This Luxury Candle Costs $660 | So Expensive | Business Insider,621.0,storyboard,48,382.15,390.12,7.97,https://youtu.be/o3oqto7AHIs?t=382s,decorate_finish,finish,1,0.45,Workshop: sculpting/finishing the wax candles & busts.,"Workshop: sculpting/finishing the wax candles & busts. finish phase, ~62% in, 6:22–6:30.",,0,1,,
o3oqto7AHIs,https://www.youtube.com/watch?v=o3oqto7AHIs,Why This Luxury Candle Costs $660 | So Expensive | Business Insider,621.0,storyboard,49,390.12,398.08,7.96,https://youtu.be/o3oqto7AHIs?t=390s,decorate_finish,finish,1,0.45,Workshop: sculpting/finishing the wax candles & busts.,"Workshop: sculpting/finishing the wax candles & busts. finish phase, ~63% in, 6:30–6:38.",,0,1,,
o3oqto7AHIs,https://www.youtube.com/watch?v=o3oqto7AHIs,Why This Luxury Candle Costs $660 | So Expensive | Business Insider,621.0,storyboard,50,398.08,406.04,7.96,https://youtu.be/o3oqto7AHIs?t=398s,decorate_finish,finish,1,0.45,Worker/expert interview segment.,"Worker/expert interview segment. finish phase, ~64% in, 6:38–6:46.",,0,1,,
o3oqto7AHIs,https://www.youtube.com/watch?v=o3oqto7AHIs,Why This Luxury Candle Costs $660 | So Expensive | Business Insider,621.0,storyboard,51,406.04,414.0,7.96,https://youtu.be/o3oqto7AHIs?t=406s,decorate_finish,finish,1,0.45,Workshop: sculpting/finishing the wax candles & busts.,"Workshop: sculpting/finishing the wax candles & busts. finish phase, ~65% in, 6:46–6:54.",,0,1,,
o3oqto7AHIs,https://www.youtube.com/watch?v=o3oqto7AHIs,Why This Luxury Candle Costs $660 | So Expensive | Business Insider,621.0,storyboard,52,414.0,421.96,7.96,https://youtu.be/o3oqto7AHIs?t=414s,decorate_finish,finish,1,0.45,Workshop: sculpting/finishing the wax candles & busts.,"Workshop: sculpting/finishing the wax candles & busts. finish phase, ~67% in, 6:54–7:01.",,0,1,,
o3oqto7AHIs,https://www.youtube.com/watch?v=o3oqto7AHIs,Why This Luxury Candle Costs $660 | So Expensive | Business Insider,621.0,storyboard,53,421.96,429.92,7.96,https://youtu.be/o3oqto7AHIs?t=422s,decorate_finish,finish,1,0.45,Workshop: sculpting/finishing the wax candles & busts.,"Workshop: sculpting/finishing the wax candles & busts. finish phase, ~68% in, 7:01–7:09.",,0,1,,
o3oqto7AHIs,https://www.youtube.com/watch?v=o3oqto7AHIs,Why This Luxury Candle Costs $660 | So Expensive | Business Insider,621.0,storyboard,54,429.92,437.88,7.96,https://youtu.be/o3oqto7AHIs?t=430s,decorate_finish,finish,1,0.45,Finished luxury candle / sculpted bust shown.,"Finished luxury candle / sculpted bust shown. finish phase, ~69% in, 7:09–7:17.",,0,1,,
o3oqto7AHIs,https://www.youtube.com/watch?v=o3oqto7AHIs,Why This Luxury Candle Costs $660 | So Expensive | Business Insider,621.0,storyboard,55,437.88,445.85,7.97,https://youtu.be/o3oqto7AHIs?t=438s,decorate_finish,finish,1,0.45,Workshop: sculpting/finishing the wax candles & busts.,"Workshop: sculpting/finishing the wax candles & busts. finish phase, ~71% in, 7:17–7:25.",,0,1,,
o3oqto7AHIs,https://www.youtube.com/watch?v=o3oqto7AHIs,Why This Luxury Candle Costs $660 | So Expensive | Business Insider,621.0,storyboard,56,445.85,453.81,7.96,https://youtu.be/o3oqto7AHIs?t=446s,decorate_finish,finish,1,0.45,Worker/expert interview segment.,"Worker/expert interview segment. finish phase, ~72% in, 7:25–7:33.",,0,1,,
o3oqto7AHIs,https://www.youtube.com/watch?v=o3oqto7AHIs,Why This Luxury Candle Costs $660 | So Expensive | Business Insider,621.0,storyboard,57,453.81,461.77,7.96,https://youtu.be/o3oqto7AHIs?t=454s,decorate_finish,finish,1,0.45,Workshop: sculpting/finishing the wax candles & busts.,"Workshop: sculpting/finishing the wax candles & busts. finish phase, ~73% in, 7:33–7:41.",,0,1,,
o3oqto7AHIs,https://www.youtube.com/watch?v=o3oqto7AHIs,Why This Luxury Candle Costs $660 | So Expensive | Business Insider,621.0,storyboard,66,525.46,533.42,7.96,https://youtu.be/o3oqto7AHIs?t=525s,decorate_finish,finish,1,0.45,Workshop: sculpting/finishing the wax candles & busts.,"Workshop: sculpting/finishing the wax candles & busts. finish phase, ~85% in, 8:45–8:53.",,0,1,,
o3oqto7AHIs,https://www.youtube.com/watch?v=o3oqto7AHIs,Why This Luxury Candle Costs $660 | So Expensive | Business Insider,621.0,storyboard,67,533.42,541.38,7.96,https://youtu.be/o3oqto7AHIs?t=533s,decorate_finish,finish,1,0.45,Workshop: sculpting/finishing the wax candles & busts.,"Workshop: sculpting/finishing the wax candles & busts. finish phase, ~86% in, 8:53–9:01.",,0,1,,
o3oqto7AHIs,https://www.youtube.com/watch?v=o3oqto7AHIs,Why This Luxury Candle Costs $660 | So Expensive | Business Insider,621.0,storyboard,72,573.23,581.19,7.96,https://youtu.be/o3oqto7AHIs?t=573s,decorate_finish,finish,1,0.45,Workshop: sculpting/finishing the wax candles & busts.,"Workshop: sculpting/finishing the wax candles & busts. finish phase, ~92% in, 9:33–9:41.",,0,1,,
o3oqto7AHIs,https://www.youtube.com/watch?v=o3oqto7AHIs,Why This Luxury Candle Costs $660 | So Expensive | Business Insider,621.0,storyboard,73,581.19,589.15,7.96,https://youtu.be/o3oqto7AHIs?t=581s,decorate_finish,finish,1,0.45,Worker/expert interview segment.,"Worker/expert interview segment. finish phase, ~94% in, 9:41–9:49.",,0,1,,
o3oqto7AHIs,https://www.youtube.com/watch?v=o3oqto7AHIs,Why This Luxury Candle Costs $660 | So Expensive | Business Insider,621.0,storyboard,74,589.15,597.12,7.97,https://youtu.be/o3oqto7AHIs?t=589s,decorate_finish,finish,1,0.45,Workshop: sculpting/finishing the wax candles & busts.,"Workshop: sculpting/finishing the wax candles & busts. finish phase, ~95% in, 9:49–9:57.",,0,1,,
o3oqto7AHIs,https://www.youtube.com/watch?v=o3oqto7AHIs,Why This Luxury Candle Costs $660 | So Expensive | Business Insider,621.0,storyboard,75,597.12,605.08,7.96,https://youtu.be/o3oqto7AHIs?t=597s,decorate_finish,finish,1,0.45,Workshop: sculpting/finishing the wax candles & busts.,"Workshop: sculpting/finishing the wax candles & busts. finish phase, ~96% in, 9:57–10:05.",,0,1,,
o4YzLSxaahk,https://www.youtube.com/watch?v=o4YzLSxaahk,🥥 How to Make Coconut Apricot Wax Candles | *my process* summer edition :) 🏝️,455.0,storyboard,40,319.3,327.28,7.98,https://youtu.be/o4YzLSxaahk?t=319s,decorate_finish,finish,1,0.4,Pastel colour swatches/labels for the candles.,"Pastel colour swatches/labels for the candles. finish phase, ~70% in, 5:19–5:27.",,0,1,,
o4YzLSxaahk,https://www.youtube.com/watch?v=o4YzLSxaahk,🥥 How to Make Coconut Apricot Wax Candles | *my process* summer edition :) 🏝️,455.0,storyboard,41,327.28,335.26,7.98,https://youtu.be/o4YzLSxaahk?t=327s,decorate_finish,finish,1,0.4,Labelling the candle (green-screen label).,"Labelling the candle (green-screen label). finish phase, ~72% in, 5:27–5:35.",,0,1,,
otT0f6GWasc,https://www.youtube.com/watch?v=otT0f6GWasc,DIY Luxury Iridescent Soy Candles at Home!,789.0,storyboard,2,15.94,23.91,7.97,https://youtu.be/otT0f6GWasc?t=16s,decorate_finish,finish,1,0.5,Adding the iridescent/pearl finish and decorations.,"Adding the iridescent/pearl finish and decorations. finish phase, ~2% in, 0:15–0:23.",,0,1,,
otT0f6GWasc,https://www.youtube.com/watch?v=otT0f6GWasc,DIY Luxury Iridescent Soy Candles at Home!,789.0,storyboard,6,47.82,55.79,7.97,https://youtu.be/otT0f6GWasc?t=48s,decorate_finish,finish,1,0.5,Adding the iridescent/pearl finish and decorations.,"Adding the iridescent/pearl finish and decorations. finish phase, ~6% in, 0:47–0:55.",,0,1,,
otT0f6GWasc,https://www.youtube.com/watch?v=otT0f6GWasc,DIY Luxury Iridescent Soy Candles at Home!,789.0,storyboard,10,79.7,87.67,7.97,https://youtu.be/otT0f6GWasc?t=80s,decorate_finish,finish,1,0.5,Adding the iridescent/pearl finish and decorations.,"Adding the iridescent/pearl finish and decorations. finish phase, ~10% in, 1:19–1:27.",,0,1,,
otT0f6GWasc,https://www.youtube.com/watch?v=otT0f6GWasc,DIY Luxury Iridescent Soy Candles at Home!,789.0,storyboard,14,111.58,119.55,7.97,https://youtu.be/otT0f6GWasc?t=112s,decorate_finish,finish,1,0.5,Adding the iridescent/pearl finish and decorations.,"Adding the iridescent/pearl finish and decorations. finish phase, ~14% in, 1:51–1:59.",,0,1,,
otT0f6GWasc,https://www.youtube.com/watch?v=otT0f6GWasc,DIY Luxury Iridescent Soy Candles at Home!,789.0,storyboard,18,143.45,151.42,7.97,https://youtu.be/otT0f6GWasc?t=143s,decorate_finish,finish,1,0.5,Adding the iridescent/pearl finish and decorations.,"Adding the iridescent/pearl finish and decorations. finish phase, ~18% in, 2:23–2:31.",,0,1,,
otT0f6GWasc,https://www.youtube.com/watch?v=otT0f6GWasc,DIY Luxury Iridescent Soy Candles at Home!,789.0,storyboard,22,175.33,183.3,7.97,https://youtu.be/otT0f6GWasc?t=175s,decorate_finish,finish,1,0.5,Adding the iridescent/pearl finish and decorations.,"Adding the iridescent/pearl finish and decorations. finish phase, ~22% in, 2:55–3:03.",,0,1,,
otT0f6GWasc,https://www.youtube.com/watch?v=otT0f6GWasc,DIY Luxury Iridescent Soy Candles at Home!,789.0,storyboard,48,382.55,390.52,7.97,https://youtu.be/otT0f6GWasc?t=383s,decorate_finish,finish,1,0.5,Finishing the jars (wiping rims / scraper / lids).,"Finishing the jars (wiping rims / scraper / lids). finish phase, ~48% in, 6:22–6:30.",,0,1,,
otT0f6GWasc,https://www.youtube.com/watch?v=otT0f6GWasc,DIY Luxury Iridescent Soy Candles at Home!,789.0,storyboard,49,390.52,398.48,7.96,https://youtu.be/otT0f6GWasc?t=391s,decorate_finish,finish,1,0.5,Finishing the jars (wiping rims / scraper / lids).,"Finishing the jars (wiping rims / scraper / lids). finish phase, ~49% in, 6:30–6:38.",,0,1,,
otT0f6GWasc,https://www.youtube.com/watch?v=otT0f6GWasc,DIY Luxury Iridescent Soy Candles at Home!,789.0,storyboard,50,398.48,406.45,7.97,https://youtu.be/otT0f6GWasc?t=398s,decorate_finish,finish,1,0.5,Holding up / showing the finished iridescent candle.,"Holding up / showing the finished iridescent candle. finish phase, ~51% in, 6:38–6:46.",,0,1,,
otT0f6GWasc,https://www.youtube.com/watch?v=otT0f6GWasc,DIY Luxury Iridescent Soy Candles at Home!,789.0,storyboard,51,406.45,414.42,7.97,https://youtu.be/otT0f6GWasc?t=406s,decorate_finish,finish,1,0.5,Finishing the jars (wiping rims / scraper / lids).,"Finishing the jars (wiping rims / scraper / lids). finish phase, ~52% in, 6:46–6:54.",,0,1,,
otT0f6GWasc,https://www.youtube.com/watch?v=otT0f6GWasc,DIY Luxury Iridescent Soy Candles at Home!,789.0,storyboard,52,414.42,422.39,7.97,https://youtu.be/otT0f6GWasc?t=414s,decorate_finish,finish,1,0.5,Finishing the jars (wiping rims / scraper / lids).,"Finishing the jars (wiping rims / scraper / lids). finish phase, ~53% in, 6:54–7:02.",,0,1,,
otT0f6GWasc,https://www.youtube.com/watch?v=otT0f6GWasc,DIY Luxury Iridescent Soy Candles at Home!,789.0,storyboard,55,438.33,446.3,7.97,https://youtu.be/otT0f6GWasc?t=438s,decorate_finish,finish,1,0.5,Finishing the jars (wiping rims / scraper / lids).,"Finishing the jars (wiping rims / scraper / lids). finish phase, ~56% in, 7:18–7:26.",,0,1,,
otT0f6GWasc,https://www.youtube.com/watch?v=otT0f6GWasc,DIY Luxury Iridescent Soy Candles at Home!,789.0,storyboard,56,446.3,454.27,7.97,https://youtu.be/otT0f6GWasc?t=446s,decorate_finish,finish,1,0.5,Finishing the jars (wiping rims / scraper / lids).,"Finishing the jars (wiping rims / scraper / lids). finish phase, ~57% in, 7:26–7:34.",,0,1,,
otT0f6GWasc,https://www.youtube.com/watch?v=otT0f6GWasc,DIY Luxury Iridescent Soy Candles at Home!,789.0,storyboard,57,454.27,462.24,7.97,https://youtu.be/otT0f6GWasc?t=454s,decorate_finish,finish,1,0.5,Finishing the jars (wiping rims / scraper / lids).,"Finishing the jars (wiping rims / scraper / lids). finish phase, ~58% in, 7:34–7:42.",,0,1,,
otT0f6GWasc,https://www.youtube.com/watch?v=otT0f6GWasc,DIY Luxury Iridescent Soy Candles at Home!,789.0,storyboard,58,462.24,470.21,7.97,https://youtu.be/otT0f6GWasc?t=462s,decorate_finish,finish,1,0.5,Holding up / showing the finished iridescent candle.,"Holding up / showing the finished iridescent candle. finish phase, ~59% in, 7:42–7:50.",,0,1,,
otT0f6GWasc,https://www.youtube.com/watch?v=otT0f6GWasc,DIY Luxury Iridescent Soy Candles at Home!,789.0,storyboard,59,470.21,478.18,7.97,https://youtu.be/otT0f6GWasc?t=470s,decorate_finish,finish,1,0.5,Finishing the jars (wiping rims / scraper / lids).,"Finishing the jars (wiping rims / scraper / lids). finish phase, ~60% in, 7:50–7:58.",,0,1,,
p9iuqnq99o8,https://www.youtube.com/watch?v=p9iuqnq99o8,Simple Beeswax Candles Using Essential Oils,454.0,storyboard,49,390.28,398.25,7.97,https://youtu.be/p9iuqnq99o8?t=390s,decorate_finish,finish,1,0.5,Trimming the wooden wick and tying twine around the jar.,"Trimming the wooden wick and tying twine around the jar. finish phase, ~86% in, 6:30–6:38. Terminology: sinkhole, wood wick.",,0,1,,
qFox4kyUIJA,https://www.youtube.com/watch?v=qFox4kyUIJA,Let's make Wax Melts! | Launching a new product | Small business diaries | Golden brand 494 wax,481.0,storyboard,22,176.37,184.38,8.01,https://youtu.be/qFox4kyUIJA?t=176s,decorate_finish,finish,1,0.45,Demoulding the finished wax melts.,"Demoulding the finished wax melts. finish phase, ~37% in, 2:56–3:04.",,0,1,,
qFox4kyUIJA,https://www.youtube.com/watch?v=qFox4kyUIJA,Let's make Wax Melts! | Launching a new product | Small business diaries | Golden brand 494 wax,481.0,storyboard,23,184.38,192.4,8.02,https://youtu.be/qFox4kyUIJA?t=184s,decorate_finish,finish,1,0.45,Demoulding the finished wax melts.,"Demoulding the finished wax melts. finish phase, ~38% in, 3:04–3:12.",,0,1,,
qFox4kyUIJA,https://www.youtube.com/watch?v=qFox4kyUIJA,Let's make Wax Melts! | Launching a new product | Small business diaries | Golden brand 494 wax,481.0,storyboard,36,288.6,296.62,8.02,https://youtu.be/qFox4kyUIJA?t=289s,decorate_finish,finish,1,0.5,Demoulding the wax melts.,"Demoulding the wax melts. finish phase, ~60% in, 4:48–4:56.",,0,1,,
qFox4kyUIJA,https://www.youtube.com/watch?v=qFox4kyUIJA,Let's make Wax Melts! | Launching a new product | Small business diaries | Golden brand 494 wax,481.0,storyboard,37,296.62,304.63,8.01,https://youtu.be/qFox4kyUIJA?t=297s,decorate_finish,finish,1,0.5,Tinting the wax.,"Tinting the wax. Final touches - labels, lids, ribbon, cleaning the glass. finish phase, ~62% in, 4:56–5:04.",,0,1,,
qFox4kyUIJA,https://www.youtube.com/watch?v=qFox4kyUIJA,Let's make Wax Melts! | Launching a new product | Small business diaries | Golden brand 494 wax,481.0,storyboard,38,304.63,312.65,8.02,https://youtu.be/qFox4kyUIJA?t=305s,decorate_finish,finish,1,0.5,Demoulding the wax melts.,"Demoulding the wax melts. finish phase, ~63% in, 5:04–5:12.",,0,1,,
qFox4kyUIJA,https://www.youtube.com/watch?v=qFox4kyUIJA,Let's make Wax Melts! | Launching a new product | Small business diaries | Golden brand 494 wax,481.0,storyboard,39,312.65,320.67,8.02,https://youtu.be/qFox4kyUIJA?t=313s,decorate_finish,finish,1,0.5,Tinting the wax.,"Tinting the wax. Final touches - labels, lids, ribbon, cleaning the glass. finish phase, ~65% in, 5:12–5:20.",,0,1,,
qFox4kyUIJA,https://www.youtube.com/watch?v=qFox4kyUIJA,Let's make Wax Melts! | Launching a new product | Small business diaries | Golden brand 494 wax,481.0,storyboard,40,320.67,328.68,8.01,https://youtu.be/qFox4kyUIJA?t=321s,decorate_finish,finish,1,0.5,Demoulding the wax melts.,"Demoulding the wax melts. finish phase, ~67% in, 5:20–5:28.",,0,1,,
qFox4kyUIJA,https://www.youtube.com/watch?v=qFox4kyUIJA,Let's make Wax Melts! | Launching a new product | Small business diaries | Golden brand 494 wax,481.0,storyboard,43,344.72,352.73,8.01,https://youtu.be/qFox4kyUIJA?t=345s,decorate_finish,finish,1,0.5,Demoulding the wax melts.,"Demoulding the wax melts. finish phase, ~72% in, 5:44–5:52.",,0,1,,
qFox4kyUIJA,https://www.youtube.com/watch?v=qFox4kyUIJA,Let's make Wax Melts! | Launching a new product | Small business diaries | Golden brand 494 wax,481.0,storyboard,48,384.8,392.82,8.02,https://youtu.be/qFox4kyUIJA?t=385s,decorate_finish,finish,1,0.5,Demoulding the wax melts.,"Demoulding the wax melts. finish phase, ~80% in, 6:24–6:32.",,0,1,,
qavzkjldNdE,https://www.youtube.com/watch?v=qavzkjldNdE,DIY dessert candle | How to make candles at home | handmade freedom coconut soy wax wood wick gifts,760.0,storyboard,2,16.0,24.0,8.0,https://youtu.be/qavzkjldNdE?t=16s,decorate_finish,finish,1,0.45,A pink dessert/cone candle being made (teaser).,"A pink dessert/cone candle being made (teaser). finish phase, ~2% in, 0:16–0:24.",,0,1,,
qavzkjldNdE,https://www.youtube.com/watch?v=qavzkjldNdE,DIY dessert candle | How to make candles at home | handmade freedom coconut soy wax wood wick gifts,760.0,storyboard,3,24.0,32.0,8.0,https://youtu.be/qavzkjldNdE?t=24s,decorate_finish,finish,1,0.45,Pink whipped-parfait candle teaser.,"Pink whipped-parfait candle teaser. finish phase, ~3% in, 0:24–0:32.",,0,1,,
qavzkjldNdE,https://www.youtube.com/watch?v=qavzkjldNdE,DIY dessert candle | How to make candles at home | handmade freedom coconut soy wax wood wick gifts,760.0,storyboard,27,216.0,224.0,8.0,https://youtu.be/qavzkjldNdE?t=216s,decorate_finish,finish,1,0.45,"Shaping dessert components (chocolate bars, toppings).","Shaping dessert components (chocolate bars, toppings). finish phase, ~28% in, 3:36–3:44.",,0,1,,
qavzkjldNdE,https://www.youtube.com/watch?v=qavzkjldNdE,DIY dessert candle | How to make candles at home | handmade freedom coconut soy wax wood wick gifts,760.0,storyboard,31,248.0,256.0,8.0,https://youtu.be/qavzkjldNdE?t=248s,decorate_finish,finish,1,0.45,"Shaping dessert components (chocolate bars, toppings).","Shaping dessert components (chocolate bars, toppings). finish phase, ~33% in, 4:08–4:16.",,0,1,,
qavzkjldNdE,https://www.youtube.com/watch?v=qavzkjldNdE,DIY dessert candle | How to make candles at home | handmade freedom coconut soy wax wood wick gifts,760.0,storyboard,35,280.0,288.0,8.0,https://youtu.be/qavzkjldNdE?t=280s,decorate_finish,finish,1,0.45,"Shaping dessert components (chocolate bars, toppings).","Shaping dessert components (chocolate bars, toppings). finish phase, ~37% in, 4:40–4:48.",,0,1,,
qavzkjldNdE,https://www.youtube.com/watch?v=qavzkjldNdE,DIY dessert candle | How to make candles at home | handmade freedom coconut soy wax wood wick gifts,760.0,storyboard,39,312.0,320.0,8.0,https://youtu.be/qavzkjldNdE?t=312s,decorate_finish,finish,1,0.45,"Shaping dessert components (chocolate bars, toppings).","Shaping dessert components (chocolate bars, toppings). finish phase, ~41% in, 5:12–5:20.",,0,1,,
qavzkjldNdE,https://www.youtube.com/watch?v=qavzkjldNdE,DIY dessert candle | How to make candles at home | handmade freedom coconut soy wax wood wick gifts,760.0,storyboard,43,344.0,352.0,8.0,https://youtu.be/qavzkjldNdE?t=344s,decorate_finish,finish,1,0.45,"Shaping dessert components (chocolate bars, toppings).","Shaping dessert components (chocolate bars, toppings). finish phase, ~45% in, 5:44–5:52.",,0,1,,
qavzkjldNdE,https://www.youtube.com/watch?v=qavzkjldNdE,DIY dessert candle | How to make candles at home | handmade freedom coconut soy wax wood wick gifts,760.0,storyboard,47,376.0,384.0,8.0,https://youtu.be/qavzkjldNdE?t=376s,decorate_finish,finish,1,0.45,"Shaping dessert components (chocolate bars, toppings).","Shaping dessert components (chocolate bars, toppings). finish phase, ~49% in, 6:16–6:24.",,0,1,,
qavzkjldNdE,https://www.youtube.com/watch?v=qavzkjldNdE,DIY dessert candle | How to make candles at home | handmade freedom coconut soy wax wood wick gifts,760.0,storyboard,48,384.0,392.0,8.0,https://youtu.be/qavzkjldNdE?t=384s,decorate_finish,finish,1,0.5,Piping whipped wax 'cream' and decorating the parfait candles with sprinkles.,"Piping whipped wax 'cream' and decorating the parfait candles with sprinkles. finish phase, ~51% in, 6:24–6:32.",,0,1,,
qavzkjldNdE,https://www.youtube.com/watch?v=qavzkjldNdE,DIY dessert candle | How to make candles at home | handmade freedom coconut soy wax wood wick gifts,760.0,storyboard,49,392.0,400.0,8.0,https://youtu.be/qavzkjldNdE?t=392s,decorate_finish,finish,1,0.5,Piping whipped wax 'cream' and decorating the parfait candles with sprinkles.,"Piping whipped wax 'cream' and decorating the parfait candles with sprinkles. finish phase, ~52% in, 6:32–6:40.",,0,1,,
qavzkjldNdE,https://www.youtube.com/watch?v=qavzkjldNdE,DIY dessert candle | How to make candles at home | handmade freedom coconut soy wax wood wick gifts,760.0,storyboard,50,400.0,408.0,8.0,https://youtu.be/qavzkjldNdE?t=400s,decorate_finish,finish,1,0.5,Piping whipped wax 'cream' and decorating the parfait candles with sprinkles.,"Piping whipped wax 'cream' and decorating the parfait candles with sprinkles. finish phase, ~53% in, 6:40–6:48.",,0,1,,
qavzkjldNdE,https://www.youtube.com/watch?v=qavzkjldNdE,DIY dessert candle | How to make candles at home | handmade freedom coconut soy wax wood wick gifts,760.0,storyboard,51,408.0,416.0,8.0,https://youtu.be/qavzkjldNdE?t=408s,decorate_finish,finish,1,0.5,Piping whipped wax 'cream' and decorating the parfait candles with sprinkles.,"Piping whipped wax 'cream' and decorating the parfait candles with sprinkles. finish phase, ~54% in, 6:48–6:56.",,0,1,,
qavzkjldNdE,https://www.youtube.com/watch?v=qavzkjldNdE,DIY dessert candle | How to make candles at home | handmade freedom coconut soy wax wood wick gifts,760.0,storyboard,52,416.0,424.0,8.0,https://youtu.be/qavzkjldNdE?t=416s,decorate_finish,finish,1,0.5,Piping whipped wax 'cream' and decorating the parfait candles with sprinkles.,"Piping whipped wax 'cream' and decorating the parfait candles with sprinkles. finish phase, ~55% in, 6:56–7:04.",,0,1,,
qavzkjldNdE,https://www.youtube.com/watch?v=qavzkjldNdE,DIY dessert candle | How to make candles at home | handmade freedom coconut soy wax wood wick gifts,760.0,storyboard,53,424.0,432.0,8.0,https://youtu.be/qavzkjldNdE?t=424s,decorate_finish,finish,1,0.5,Piping whipped wax 'cream' and decorating the parfait candles with sprinkles.,"Piping whipped wax 'cream' and decorating the parfait candles with sprinkles. finish phase, ~56% in, 7:04–7:12.",,0,1,,
qavzkjldNdE,https://www.youtube.com/watch?v=qavzkjldNdE,DIY dessert candle | How to make candles at home | handmade freedom coconut soy wax wood wick gifts,760.0,storyboard,54,432.0,440.0,8.0,https://youtu.be/qavzkjldNdE?t=432s,decorate_finish,finish,1,0.5,Piping whipped wax 'cream' and decorating the parfait candles with sprinkles.,"Piping whipped wax 'cream' and decorating the parfait candles with sprinkles. finish phase, ~57% in, 7:12–7:20.",,0,1,,
qavzkjldNdE,https://www.youtube.com/watch?v=qavzkjldNdE,DIY dessert candle | How to make candles at home | handmade freedom coconut soy wax wood wick gifts,760.0,storyboard,55,440.0,448.0,8.0,https://youtu.be/qavzkjldNdE?t=440s,decorate_finish,finish,1,0.5,Piping whipped wax 'cream' and decorating the parfait candles with sprinkles.,"Piping whipped wax 'cream' and decorating the parfait candles with sprinkles. finish phase, ~58% in, 7:20–7:28.",,0,1,,
qavzkjldNdE,https://www.youtube.com/watch?v=qavzkjldNdE,DIY dessert candle | How to make candles at home | handmade freedom coconut soy wax wood wick gifts,760.0,storyboard,56,448.0,456.0,8.0,https://youtu.be/qavzkjldNdE?t=448s,decorate_finish,finish,1,0.5,Piping whipped wax 'cream' and decorating the parfait candles with sprinkles.,"Piping whipped wax 'cream' and decorating the parfait candles with sprinkles. finish phase, ~59% in, 7:28–7:36.",,0,1,,
qavzkjldNdE,https://www.youtube.com/watch?v=qavzkjldNdE,DIY dessert candle | How to make candles at home | handmade freedom coconut soy wax wood wick gifts,760.0,storyboard,57,456.0,464.0,8.0,https://youtu.be/qavzkjldNdE?t=456s,decorate_finish,finish,1,0.5,Piping whipped wax 'cream' and decorating the parfait candles with sprinkles.,"Piping whipped wax 'cream' and decorating the parfait candles with sprinkles. finish phase, ~60% in, 7:36–7:44.",,0,1,,
qavzkjldNdE,https://www.youtube.com/watch?v=qavzkjldNdE,DIY dessert candle | How to make candles at home | handmade freedom coconut soy wax wood wick gifts,760.0,storyboard,58,464.0,472.0,8.0,https://youtu.be/qavzkjldNdE?t=464s,decorate_finish,finish,1,0.5,Piping whipped wax 'cream' and decorating the parfait candles with sprinkles.,"Piping whipped wax 'cream' and decorating the parfait candles with sprinkles. finish phase, ~61% in, 7:44–7:52.",,0,1,,
qavzkjldNdE,https://www.youtube.com/watch?v=qavzkjldNdE,DIY dessert candle | How to make candles at home | handmade freedom coconut soy wax wood wick gifts,760.0,storyboard,59,472.0,480.0,8.0,https://youtu.be/qavzkjldNdE?t=472s,decorate_finish,finish,1,0.5,Piping whipped wax 'cream' and decorating the parfait candles with sprinkles.,"Piping whipped wax 'cream' and decorating the parfait candles with sprinkles. finish phase, ~62% in, 7:52–8:00.",,0,1,,
qavzkjldNdE,https://www.youtube.com/watch?v=qavzkjldNdE,DIY dessert candle | How to make candles at home | handmade freedom coconut soy wax wood wick gifts,760.0,storyboard,60,480.0,488.0,8.0,https://youtu.be/qavzkjldNdE?t=480s,decorate_finish,finish,1,0.5,Piping whipped wax 'cream' and decorating the parfait candles with sprinkles.,"Piping whipped wax 'cream' and decorating the parfait candles with sprinkles. finish phase, ~63% in, 8:00–8:08.",,0,1,,
qavzkjldNdE,https://www.youtube.com/watch?v=qavzkjldNdE,DIY dessert candle | How to make candles at home | handmade freedom coconut soy wax wood wick gifts,760.0,storyboard,61,488.0,496.0,8.0,https://youtu.be/qavzkjldNdE?t=488s,decorate_finish,finish,1,0.5,Piping whipped wax 'cream' and decorating the parfait candles with sprinkles.,"Piping whipped wax 'cream' and decorating the parfait candles with sprinkles. finish phase, ~64% in, 8:08–8:16.",,0,1,,
qavzkjldNdE,https://www.youtube.com/watch?v=qavzkjldNdE,DIY dessert candle | How to make candles at home | handmade freedom coconut soy wax wood wick gifts,760.0,storyboard,62,496.0,504.0,8.0,https://youtu.be/qavzkjldNdE?t=496s,decorate_finish,finish,1,0.5,Piping whipped wax 'cream' and decorating the parfait candles with sprinkles.,"Piping whipped wax 'cream' and decorating the parfait candles with sprinkles. finish phase, ~65% in, 8:16–8:24.",,0,1,,
qavzkjldNdE,https://www.youtube.com/watch?v=qavzkjldNdE,DIY dessert candle | How to make candles at home | handmade freedom coconut soy wax wood wick gifts,760.0,storyboard,63,504.0,512.0,8.0,https://youtu.be/qavzkjldNdE?t=504s,decorate_finish,finish,1,0.5,Piping whipped wax 'cream' and decorating the parfait candles with sprinkles.,"Piping whipped wax 'cream' and decorating the parfait candles with sprinkles. finish phase, ~66% in, 8:24–8:32.",,0,1,,
qavzkjldNdE,https://www.youtube.com/watch?v=qavzkjldNdE,DIY dessert candle | How to make candles at home | handmade freedom coconut soy wax wood wick gifts,760.0,storyboard,64,512.0,520.0,8.0,https://youtu.be/qavzkjldNdE?t=512s,decorate_finish,finish,1,0.5,Piping whipped wax 'cream' and decorating the parfait candles with sprinkles.,"Piping whipped wax 'cream' and decorating the parfait candles with sprinkles. finish phase, ~67% in, 8:32–8:40.",,0,1,,
qavzkjldNdE,https://www.youtube.com/watch?v=qavzkjldNdE,DIY dessert candle | How to make candles at home | handmade freedom coconut soy wax wood wick gifts,760.0,storyboard,65,520.0,528.0,8.0,https://youtu.be/qavzkjldNdE?t=520s,decorate_finish,finish,1,0.5,Piping whipped wax 'cream' and decorating the parfait candles with sprinkles.,"Piping whipped wax 'cream' and decorating the parfait candles with sprinkles. finish phase, ~68% in, 8:40–8:48.",,0,1,,
qavzkjldNdE,https://www.youtube.com/watch?v=qavzkjldNdE,DIY dessert candle | How to make candles at home | handmade freedom coconut soy wax wood wick gifts,760.0,storyboard,66,528.0,536.0,8.0,https://youtu.be/qavzkjldNdE?t=528s,decorate_finish,finish,1,0.5,Piping whipped wax 'cream' and decorating the parfait candles with sprinkles.,"Piping whipped wax 'cream' and decorating the parfait candles with sprinkles. finish phase, ~69% in, 8:48–8:56.",,0,1,,
qavzkjldNdE,https://www.youtube.com/watch?v=qavzkjldNdE,DIY dessert candle | How to make candles at home | handmade freedom coconut soy wax wood wick gifts,760.0,storyboard,67,536.0,544.0,8.0,https://youtu.be/qavzkjldNdE?t=536s,decorate_finish,finish,1,0.5,Piping whipped wax 'cream' and decorating the parfait candles with sprinkles.,"Piping whipped wax 'cream' and decorating the parfait candles with sprinkles. finish phase, ~71% in, 8:56–9:04.",,0,1,,
qavzkjldNdE,https://www.youtube.com/watch?v=qavzkjldNdE,DIY dessert candle | How to make candles at home | handmade freedom coconut soy wax wood wick gifts,760.0,storyboard,68,544.0,552.0,8.0,https://youtu.be/qavzkjldNdE?t=544s,decorate_finish,finish,1,0.5,Piping whipped wax 'cream' and decorating the parfait candles with sprinkles.,"Piping whipped wax 'cream' and decorating the parfait candles with sprinkles. finish phase, ~72% in, 9:04–9:12.",,0,1,,
qavzkjldNdE,https://www.youtube.com/watch?v=qavzkjldNdE,DIY dessert candle | How to make candles at home | handmade freedom coconut soy wax wood wick gifts,760.0,storyboard,69,552.0,560.0,8.0,https://youtu.be/qavzkjldNdE?t=552s,decorate_finish,finish,1,0.5,Piping whipped wax 'cream' and decorating the parfait candles with sprinkles.,"Piping whipped wax 'cream' and decorating the parfait candles with sprinkles. finish phase, ~73% in, 9:12–9:20.",,0,1,,
qavzkjldNdE,https://www.youtube.com/watch?v=qavzkjldNdE,DIY dessert candle | How to make candles at home | handmade freedom coconut soy wax wood wick gifts,760.0,storyboard,70,560.0,568.0,8.0,https://youtu.be/qavzkjldNdE?t=560s,decorate_finish,finish,1,0.5,Piping whipped wax 'cream' and decorating the parfait candles with sprinkles.,"Piping whipped wax 'cream' and decorating the parfait candles with sprinkles. finish phase, ~74% in, 9:20–9:28.",,0,1,,
qavzkjldNdE,https://www.youtube.com/watch?v=qavzkjldNdE,DIY dessert candle | How to make candles at home | handmade freedom coconut soy wax wood wick gifts,760.0,storyboard,71,568.0,576.0,8.0,https://youtu.be/qavzkjldNdE?t=568s,decorate_finish,finish,1,0.5,Piping whipped wax 'cream' and decorating the parfait candles with sprinkles.,"Piping whipped wax 'cream' and decorating the parfait candles with sprinkles. finish phase, ~75% in, 9:28–9:36.",,0,1,,
qavzkjldNdE,https://www.youtube.com/watch?v=qavzkjldNdE,DIY dessert candle | How to make candles at home | handmade freedom coconut soy wax wood wick gifts,760.0,storyboard,72,576.0,584.0,8.0,https://youtu.be/qavzkjldNdE?t=576s,decorate_finish,finish,1,0.5,"Assembling the dessert candles - cones, whipped topping, sprinkles, chocolate sticks.","Assembling the dessert candles - cones, whipped topping, sprinkles, chocolate sticks. finish phase, ~76% in, 9:36–9:44.",,0,1,,
qavzkjldNdE,https://www.youtube.com/watch?v=qavzkjldNdE,DIY dessert candle | How to make candles at home | handmade freedom coconut soy wax wood wick gifts,760.0,storyboard,73,584.0,592.0,8.0,https://youtu.be/qavzkjldNdE?t=584s,decorate_finish,finish,1,0.5,"Assembling the dessert candles - cones, whipped topping, sprinkles, chocolate sticks.","Assembling the dessert candles - cones, whipped topping, sprinkles, chocolate sticks. finish phase, ~77% in, 9:44–9:52.",,0,1,,
qavzkjldNdE,https://www.youtube.com/watch?v=qavzkjldNdE,DIY dessert candle | How to make candles at home | handmade freedom coconut soy wax wood wick gifts,760.0,storyboard,74,592.0,600.0,8.0,https://youtu.be/qavzkjldNdE?t=592s,decorate_finish,finish,1,0.5,"Assembling the dessert candles - cones, whipped topping, sprinkles, chocolate sticks.","Assembling the dessert candles - cones, whipped topping, sprinkles, chocolate sticks. finish phase, ~78% in, 9:52–10:00.",,0,1,,
qavzkjldNdE,https://www.youtube.com/watch?v=qavzkjldNdE,DIY dessert candle | How to make candles at home | handmade freedom coconut soy wax wood wick gifts,760.0,storyboard,75,600.0,608.0,8.0,https://youtu.be/qavzkjldNdE?t=600s,decorate_finish,finish,1,0.5,"Assembling the dessert candles - cones, whipped topping, sprinkles, chocolate sticks.","Assembling the dessert candles - cones, whipped topping, sprinkles, chocolate sticks. finish phase, ~79% in, 10:00–10:08.",,0,1,,
qavzkjldNdE,https://www.youtube.com/watch?v=qavzkjldNdE,DIY dessert candle | How to make candles at home | handmade freedom coconut soy wax wood wick gifts,760.0,storyboard,76,608.0,616.0,8.0,https://youtu.be/qavzkjldNdE?t=608s,decorate_finish,finish,1,0.5,"Assembling the dessert candles - cones, whipped topping, sprinkles, chocolate sticks.","Assembling the dessert candles - cones, whipped topping, sprinkles, chocolate sticks. finish phase, ~80% in, 10:08–10:16.",,0,1,,
qavzkjldNdE,https://www.youtube.com/watch?v=qavzkjldNdE,DIY dessert candle | How to make candles at home | handmade freedom coconut soy wax wood wick gifts,760.0,storyboard,77,616.0,624.0,8.0,https://youtu.be/qavzkjldNdE?t=616s,decorate_finish,finish,1,0.5,"Assembling the dessert candles - cones, whipped topping, sprinkles, chocolate sticks.","Assembling the dessert candles - cones, whipped topping, sprinkles, chocolate sticks. finish phase, ~81% in, 10:16–10:24.",,0,1,,
qavzkjldNdE,https://www.youtube.com/watch?v=qavzkjldNdE,DIY dessert candle | How to make candles at home | handmade freedom coconut soy wax wood wick gifts,760.0,storyboard,78,624.0,632.0,8.0,https://youtu.be/qavzkjldNdE?t=624s,decorate_finish,finish,1,0.5,"Assembling the dessert candles - cones, whipped topping, sprinkles, chocolate sticks.","Assembling the dessert candles - cones, whipped topping, sprinkles, chocolate sticks. finish phase, ~82% in, 10:24–10:32.",,0,1,,
qavzkjldNdE,https://www.youtube.com/watch?v=qavzkjldNdE,DIY dessert candle | How to make candles at home | handmade freedom coconut soy wax wood wick gifts,760.0,storyboard,79,632.0,640.0,8.0,https://youtu.be/qavzkjldNdE?t=632s,decorate_finish,finish,1,0.5,"Assembling the dessert candles - cones, whipped topping, sprinkles, chocolate sticks.","Assembling the dessert candles - cones, whipped topping, sprinkles, chocolate sticks. finish phase, ~83% in, 10:32–10:40.",,0,1,,
qavzkjldNdE,https://www.youtube.com/watch?v=qavzkjldNdE,DIY dessert candle | How to make candles at home | handmade freedom coconut soy wax wood wick gifts,760.0,storyboard,80,640.0,648.0,8.0,https://youtu.be/qavzkjldNdE?t=640s,decorate_finish,finish,1,0.5,"Assembling the dessert candles - cones, whipped topping, sprinkles, chocolate sticks.","Assembling the dessert candles - cones, whipped topping, sprinkles, chocolate sticks. finish phase, ~84% in, 10:40–10:48.",,0,1,,
qavzkjldNdE,https://www.youtube.com/watch?v=qavzkjldNdE,DIY dessert candle | How to make candles at home | handmade freedom coconut soy wax wood wick gifts,760.0,storyboard,81,648.0,656.0,8.0,https://youtu.be/qavzkjldNdE?t=648s,decorate_finish,finish,1,0.5,"Assembling the dessert candles - cones, whipped topping, sprinkles, chocolate sticks.","Assembling the dessert candles - cones, whipped topping, sprinkles, chocolate sticks. finish phase, ~85% in, 10:48–10:56.",,0,1,,
qavzkjldNdE,https://www.youtube.com/watch?v=qavzkjldNdE,DIY dessert candle | How to make candles at home | handmade freedom coconut soy wax wood wick gifts,760.0,storyboard,82,656.0,664.0,8.0,https://youtu.be/qavzkjldNdE?t=656s,decorate_finish,finish,1,0.5,"Assembling the dessert candles - cones, whipped topping, sprinkles, chocolate sticks.","Assembling the dessert candles - cones, whipped topping, sprinkles, chocolate sticks. finish phase, ~86% in, 10:56–11:04.",,0,1,,
qavzkjldNdE,https://www.youtube.com/watch?v=qavzkjldNdE,DIY dessert candle | How to make candles at home | handmade freedom coconut soy wax wood wick gifts,760.0,storyboard,83,664.0,672.0,8.0,https://youtu.be/qavzkjldNdE?t=664s,decorate_finish,finish,1,0.5,"Assembling the dessert candles - cones, whipped topping, sprinkles, chocolate sticks.","Assembling the dessert candles - cones, whipped topping, sprinkles, chocolate sticks. finish phase, ~87% in, 11:04–11:12.",,0,1,,
qavzkjldNdE,https://www.youtube.com/watch?v=qavzkjldNdE,DIY dessert candle | How to make candles at home | handmade freedom coconut soy wax wood wick gifts,760.0,storyboard,84,672.0,680.0,8.0,https://youtu.be/qavzkjldNdE?t=672s,decorate_finish,finish,1,0.5,"Assembling the dessert candles - cones, whipped topping, sprinkles, chocolate sticks.","Assembling the dessert candles - cones, whipped topping, sprinkles, chocolate sticks. finish phase, ~88% in, 11:12–11:20.",,0,1,,
qavzkjldNdE,https://www.youtube.com/watch?v=qavzkjldNdE,DIY dessert candle | How to make candles at home | handmade freedom coconut soy wax wood wick gifts,760.0,storyboard,85,680.0,688.0,8.0,https://youtu.be/qavzkjldNdE?t=680s,decorate_finish,finish,1,0.5,"Assembling the dessert candles - cones, whipped topping, sprinkles, chocolate sticks.","Assembling the dessert candles - cones, whipped topping, sprinkles, chocolate sticks. finish phase, ~89% in, 11:20–11:28.",,0,1,,
qavzkjldNdE,https://www.youtube.com/watch?v=qavzkjldNdE,DIY dessert candle | How to make candles at home | handmade freedom coconut soy wax wood wick gifts,760.0,storyboard,86,688.0,696.0,8.0,https://youtu.be/qavzkjldNdE?t=688s,decorate_finish,finish,1,0.5,"Assembling the dessert candles - cones, whipped topping, sprinkles, chocolate sticks.","Assembling the dessert candles - cones, whipped topping, sprinkles, chocolate sticks. finish phase, ~91% in, 11:28–11:36.",,0,1,,
qavzkjldNdE,https://www.youtube.com/watch?v=qavzkjldNdE,DIY dessert candle | How to make candles at home | handmade freedom coconut soy wax wood wick gifts,760.0,storyboard,87,696.0,704.0,8.0,https://youtu.be/qavzkjldNdE?t=696s,decorate_finish,finish,1,0.5,"Assembling the dessert candles - cones, whipped topping, sprinkles, chocolate sticks.","Assembling the dessert candles - cones, whipped topping, sprinkles, chocolate sticks. finish phase, ~92% in, 11:36–11:44.",,0,1,,
qavzkjldNdE,https://www.youtube.com/watch?v=qavzkjldNdE,DIY dessert candle | How to make candles at home | handmade freedom coconut soy wax wood wick gifts,760.0,storyboard,88,704.0,712.0,8.0,https://youtu.be/qavzkjldNdE?t=704s,decorate_finish,finish,1,0.5,"Assembling the dessert candles - cones, whipped topping, sprinkles, chocolate sticks.","Assembling the dessert candles - cones, whipped topping, sprinkles, chocolate sticks. finish phase, ~93% in, 11:44–11:52.",,0,1,,
qavzkjldNdE,https://www.youtube.com/watch?v=qavzkjldNdE,DIY dessert candle | How to make candles at home | handmade freedom coconut soy wax wood wick gifts,760.0,storyboard,89,712.0,720.0,8.0,https://youtu.be/qavzkjldNdE?t=712s,decorate_finish,finish,1,0.5,"Assembling the dessert candles - cones, whipped topping, sprinkles, chocolate sticks.","Assembling the dessert candles - cones, whipped topping, sprinkles, chocolate sticks. finish phase, ~94% in, 11:52–12:00.",,0,1,,
qavzkjldNdE,https://www.youtube.com/watch?v=qavzkjldNdE,DIY dessert candle | How to make candles at home | handmade freedom coconut soy wax wood wick gifts,760.0,storyboard,90,720.0,728.0,8.0,https://youtu.be/qavzkjldNdE?t=720s,decorate_finish,finish,1,0.5,"Assembling the dessert candles - cones, whipped topping, sprinkles, chocolate sticks.","Assembling the dessert candles - cones, whipped topping, sprinkles, chocolate sticks. finish phase, ~95% in, 12:00–12:08.",,0,1,,
qavzkjldNdE,https://www.youtube.com/watch?v=qavzkjldNdE,DIY dessert candle | How to make candles at home | handmade freedom coconut soy wax wood wick gifts,760.0,storyboard,91,728.0,736.0,8.0,https://youtu.be/qavzkjldNdE?t=728s,decorate_finish,finish,1,0.5,"Assembling the dessert candles - cones, whipped topping, sprinkles, chocolate sticks.","Assembling the dessert candles - cones, whipped topping, sprinkles, chocolate sticks. finish phase, ~96% in, 12:08–12:16.",,0,1,,
qgfZSWuivvw,https://www.youtube.com/watch?v=qgfZSWuivvw,"Small Candle Business Diaries: Holiday Candle making, Preparing for my first Christmas Market",382.0,storyboard,2,15.92,23.88,7.96,https://youtu.be/qgfZSWuivvw?t=16s,decorate_finish,finish,1,0.45,Labelling/lidding the finished candles.,"Labelling/lidding the finished candles. finish phase, ~4% in, 0:15–0:23.",,0,1,,
qgfZSWuivvw,https://www.youtube.com/watch?v=qgfZSWuivvw,"Small Candle Business Diaries: Holiday Candle making, Preparing for my first Christmas Market",382.0,storyboard,6,47.75,55.71,7.96,https://youtu.be/qgfZSWuivvw?t=48s,decorate_finish,finish,1,0.45,Labelling/lidding the finished candles.,"Labelling/lidding the finished candles. finish phase, ~12% in, 0:47–0:55.",,0,1,,
qgfZSWuivvw,https://www.youtube.com/watch?v=qgfZSWuivvw,"Small Candle Business Diaries: Holiday Candle making, Preparing for my first Christmas Market",382.0,storyboard,10,79.58,87.54,7.96,https://youtu.be/qgfZSWuivvw?t=80s,decorate_finish,finish,1,0.45,Labelling/lidding the finished candles.,"Labelling/lidding the finished candles. finish phase, ~21% in, 1:19–1:27.",,0,1,,
qgfZSWuivvw,https://www.youtube.com/watch?v=qgfZSWuivvw,"Small Candle Business Diaries: Holiday Candle making, Preparing for my first Christmas Market",382.0,storyboard,18,143.25,151.21,7.96,https://youtu.be/qgfZSWuivvw?t=143s,decorate_finish,finish,1,0.45,Labelling/lidding the finished candles.,"Labelling/lidding the finished candles. finish phase, ~38% in, 2:23–2:31.",,0,1,,
qgfZSWuivvw,https://www.youtube.com/watch?v=qgfZSWuivvw,"Small Candle Business Diaries: Holiday Candle making, Preparing for my first Christmas Market",382.0,storyboard,22,175.08,183.04,7.96,https://youtu.be/qgfZSWuivvw?t=175s,decorate_finish,finish,1,0.45,Labelling/lidding the finished candles.,"Labelling/lidding the finished candles. finish phase, ~46% in, 2:55–3:03.",,0,1,,
qgfZSWuivvw,https://www.youtube.com/watch?v=qgfZSWuivvw,"Small Candle Business Diaries: Holiday Candle making, Preparing for my first Christmas Market",382.0,storyboard,26,206.92,214.88,7.96,https://youtu.be/qgfZSWuivvw?t=207s,decorate_finish,finish,1,0.45,Labelling/lidding the finished candles.,"Labelling/lidding the finished candles. finish phase, ~54% in, 3:26–3:34.",,0,1,,
qgfZSWuivvw,https://www.youtube.com/watch?v=qgfZSWuivvw,"Small Candle Business Diaries: Holiday Candle making, Preparing for my first Christmas Market",382.0,storyboard,30,238.75,246.71,7.96,https://youtu.be/qgfZSWuivvw?t=239s,decorate_finish,finish,1,0.45,Labelling/lidding the finished candles.,"Labelling/lidding the finished candles. finish phase, ~62% in, 3:58–4:06.",,0,1,,
qgfZSWuivvw,https://www.youtube.com/watch?v=qgfZSWuivvw,"Small Candle Business Diaries: Holiday Candle making, Preparing for my first Christmas Market",382.0,storyboard,38,302.42,310.38,7.96,https://youtu.be/qgfZSWuivvw?t=302s,decorate_finish,finish,1,0.45,Labelling/lidding the finished candles.,"Labelling/lidding the finished candles. finish phase, ~79% in, 5:02–5:10.",,0,1,,
qz7Nr43IJ20,https://www.youtube.com/watch?v=qz7Nr43IJ20,ICED COFFEE CANDLE TUTORIAL | DIY gel wax ice cubes #icedcoffee #coffeecandle,112.0,storyboard,5,40.0,48.0,8.0,https://youtu.be/qz7Nr43IJ20?t=40s,decorate_finish,finish,1,0.5,Adding white 'cream/foam' wax on top of the coffee.,"Adding white 'cream/foam' wax on top of the coffee. finish phase, ~36% in, 0:40–0:48.",,0,1,,
qz7Nr43IJ20,https://www.youtube.com/watch?v=qz7Nr43IJ20,ICED COFFEE CANDLE TUTORIAL | DIY gel wax ice cubes #icedcoffee #coffeecandle,112.0,storyboard,6,48.0,56.0,8.0,https://youtu.be/qz7Nr43IJ20?t=48s,decorate_finish,finish,1,0.45,Glasses with coffee gel and cream foam.,"Glasses with coffee gel and cream foam. finish phase, ~43% in, 0:48–0:56.",,0,1,,
qz7Nr43IJ20,https://www.youtube.com/watch?v=qz7Nr43IJ20,ICED COFFEE CANDLE TUTORIAL | DIY gel wax ice cubes #icedcoffee #coffeecandle,112.0,storyboard,7,56.0,64.0,8.0,https://youtu.be/qz7Nr43IJ20?t=56s,decorate_finish,finish,1,0.5,Adding clear 'ice cube' wax pieces.,"Adding clear 'ice cube' wax pieces. finish phase, ~50% in, 0:56–1:04.",,0,1,,
qz7Nr43IJ20,https://www.youtube.com/watch?v=qz7Nr43IJ20,ICED COFFEE CANDLE TUTORIAL | DIY gel wax ice cubes #icedcoffee #coffeecandle,112.0,storyboard,8,64.0,72.0,8.0,https://youtu.be/qz7Nr43IJ20?t=64s,decorate_finish,finish,1,0.45,More coffee gel poured.,"More coffee gel poured. Final touches - labels, lids, ribbon, cleaning the glass. finish phase, ~57% in, 1:04–1:12.",,0,1,,
qz7Nr43IJ20,https://www.youtube.com/watch?v=qz7Nr43IJ20,ICED COFFEE CANDLE TUTORIAL | DIY gel wax ice cubes #icedcoffee #coffeecandle,112.0,storyboard,9,72.0,80.0,8.0,https://youtu.be/qz7Nr43IJ20?t=72s,decorate_finish,finish,1,0.45,Finishing the iced-coffee candles.,"Finishing the iced-coffee candles. finish phase, ~64% in, 1:12–1:20.",,0,1,,
rZ8bNvoN7Vg,https://www.youtube.com/watch?v=rZ8bNvoN7Vg,DIY Tulip Candle Making | Stunning Tulip Candle Gift Idea,182.0,storyboard,1,7.91,15.83,7.92,https://youtu.be/rZ8bNvoN7Vg?t=8s,decorate_finish,finish,1,0.5,Hands shape a white tulip candle with red dip.,"Hands shape a white tulip candle with red dip. finish phase, ~4% in, 0:07–0:15.",,0,1,,
rZ8bNvoN7Vg,https://www.youtube.com/watch?v=rZ8bNvoN7Vg,DIY Tulip Candle Making | Stunning Tulip Candle Gift Idea,182.0,storyboard,9,71.22,79.13,7.91,https://youtu.be/rZ8bNvoN7Vg?t=71s,decorate_finish,finish,1,0.5,Shaping the red tulip petals.,"Shaping the red tulip petals. finish phase, ~39% in, 1:11–1:19.",,0,1,,
rZ8bNvoN7Vg,https://www.youtube.com/watch?v=rZ8bNvoN7Vg,DIY Tulip Candle Making | Stunning Tulip Candle Gift Idea,182.0,storyboard,10,79.13,87.04,7.91,https://youtu.be/rZ8bNvoN7Vg?t=79s,decorate_finish,finish,1,0.5,Tulip candle shaped.,"Tulip candle shaped. Final touches - labels, lids, ribbon, cleaning the glass. finish phase, ~43% in, 1:19–1:27.",,0,1,,
rZ8bNvoN7Vg,https://www.youtube.com/watch?v=rZ8bNvoN7Vg,DIY Tulip Candle Making | Stunning Tulip Candle Gift Idea,182.0,storyboard,11,87.04,94.96,7.92,https://youtu.be/rZ8bNvoN7Vg?t=87s,decorate_finish,finish,1,0.5,Red tulip candle.,"Red tulip candle. Final touches - labels, lids, ribbon, cleaning the glass. finish phase, ~48% in, 1:27–1:34.",,0,1,,
rZ8bNvoN7Vg,https://www.youtube.com/watch?v=rZ8bNvoN7Vg,DIY Tulip Candle Making | Stunning Tulip Candle Gift Idea,182.0,storyboard,12,94.96,102.87,7.91,https://youtu.be/rZ8bNvoN7Vg?t=95s,decorate_finish,finish,1,0.45,Hands with a red dye bottle; white wax.,"Hands with a red dye bottle; white wax. finish phase, ~52% in, 1:34–1:42.",,0,1,,
rZ8bNvoN7Vg,https://www.youtube.com/watch?v=rZ8bNvoN7Vg,DIY Tulip Candle Making | Stunning Tulip Candle Gift Idea,182.0,storyboard,13,102.87,110.78,7.91,https://youtu.be/rZ8bNvoN7Vg?t=103s,decorate_finish,finish,1,0.5,Shaping the tulip; red.,"Shaping the tulip; red. Final touches - labels, lids, ribbon, cleaning the glass. finish phase, ~57% in, 1:42–1:50.",,0,1,,
rZ8bNvoN7Vg,https://www.youtube.com/watch?v=rZ8bNvoN7Vg,DIY Tulip Candle Making | Stunning Tulip Candle Gift Idea,182.0,storyboard,14,110.78,118.7,7.92,https://youtu.be/rZ8bNvoN7Vg?t=111s,decorate_finish,finish,1,0.5,Forming the tulip petals.,"Forming the tulip petals. finish phase, ~61% in, 1:50–1:58.",,0,1,,
rZ8bNvoN7Vg,https://www.youtube.com/watch?v=rZ8bNvoN7Vg,DIY Tulip Candle Making | Stunning Tulip Candle Gift Idea,182.0,storyboard,15,118.7,126.61,7.91,https://youtu.be/rZ8bNvoN7Vg?t=119s,decorate_finish,finish,1,0.5,Red tulip candle.,"Red tulip candle. Final touches - labels, lids, ribbon, cleaning the glass. finish phase, ~65% in, 1:58–2:06.",,0,1,,
rZ8bNvoN7Vg,https://www.youtube.com/watch?v=rZ8bNvoN7Vg,DIY Tulip Candle Making | Stunning Tulip Candle Gift Idea,182.0,storyboard,16,126.61,134.52,7.91,https://youtu.be/rZ8bNvoN7Vg?t=127s,decorate_finish,finish,1,0.5,Shaping the red tulip petals.,"Shaping the red tulip petals. finish phase, ~70% in, 2:06–2:14.",,0,1,,
rZ8bNvoN7Vg,https://www.youtube.com/watch?v=rZ8bNvoN7Vg,DIY Tulip Candle Making | Stunning Tulip Candle Gift Idea,182.0,storyboard,17,134.52,142.43,7.91,https://youtu.be/rZ8bNvoN7Vg?t=135s,decorate_finish,finish,1,0.5,Tulip candle shaped.,"Tulip candle shaped. Final touches - labels, lids, ribbon, cleaning the glass. finish phase, ~74% in, 2:14–2:22.",,0,1,,
rZ8bNvoN7Vg,https://www.youtube.com/watch?v=rZ8bNvoN7Vg,DIY Tulip Candle Making | Stunning Tulip Candle Gift Idea,182.0,storyboard,18,142.43,150.35,7.92,https://youtu.be/rZ8bNvoN7Vg?t=142s,decorate_finish,finish,1,0.5,Hands with the red tulip.,"Hands with the red tulip. finish phase, ~78% in, 2:22–2:30.",,0,1,,
rZ8bNvoN7Vg,https://www.youtube.com/watch?v=rZ8bNvoN7Vg,DIY Tulip Candle Making | Stunning Tulip Candle Gift Idea,182.0,storyboard,19,150.35,158.26,7.91,https://youtu.be/rZ8bNvoN7Vg?t=150s,decorate_finish,finish,1,0.45,Shaping the tulip.,"Shaping the tulip. Final touches - labels, lids, ribbon, cleaning the glass. finish phase, ~83% in, 2:30–2:38.",,0,1,,
rltpKr2t-Bw,https://www.youtube.com/watch?v=rltpKr2t-Bw,How to Make Pillar Candles // CandleScience Tutorials,130.0,storyboard,12,97.5,105.62,8.12,https://youtu.be/rltpKr2t-Bw?t=98s,decorate_finish,finish,0,0.45,"Host talks, then the pillar candle is released from the mould.","Host talks, then the pillar candle is released from the mould. Final touches - labels, lids, ribbon, cleaning the glass. finish phase, ~75% in, 1:37–1:45.",,0,1,desc_talking_head,
tUXkZFNUQXI,https://www.youtube.com/watch?v=tUXkZFNUQXI,How I Make Our #1 Bestselling Market Tins | Full Recipe Included,364.0,storyboard,3,23.74,31.65,7.91,https://youtu.be/tUXkZFNUQXI?t=24s,decorate_finish,finish,1,0.45,Lidding and labelling the finished tins.,"Lidding and labelling the finished tins. finish phase, ~7% in, 0:23–0:31.",,0,1,,
tUXkZFNUQXI,https://www.youtube.com/watch?v=tUXkZFNUQXI,How I Make Our #1 Bestselling Market Tins | Full Recipe Included,364.0,storyboard,7,55.39,63.3,7.91,https://youtu.be/tUXkZFNUQXI?t=55s,decorate_finish,finish,1,0.45,Lidding and labelling the finished tins.,"Lidding and labelling the finished tins. finish phase, ~15% in, 0:55–1:03.",,0,1,,
tUXkZFNUQXI,https://www.youtube.com/watch?v=tUXkZFNUQXI,How I Make Our #1 Bestselling Market Tins | Full Recipe Included,364.0,storyboard,11,87.04,94.96,7.92,https://youtu.be/tUXkZFNUQXI?t=87s,decorate_finish,finish,1,0.45,Lidding and labelling the finished tins.,"Lidding and labelling the finished tins. finish phase, ~24% in, 1:27–1:34.",,0,1,,
tUXkZFNUQXI,https://www.youtube.com/watch?v=tUXkZFNUQXI,How I Make Our #1 Bestselling Market Tins | Full Recipe Included,364.0,storyboard,15,118.7,126.61,7.91,https://youtu.be/tUXkZFNUQXI?t=119s,decorate_finish,finish,1,0.45,Lidding and labelling the finished tins.,"Lidding and labelling the finished tins. finish phase, ~33% in, 1:58–2:06.",,0,1,,
tUXkZFNUQXI,https://www.youtube.com/watch?v=tUXkZFNUQXI,How I Make Our #1 Bestselling Market Tins | Full Recipe Included,364.0,storyboard,19,150.35,158.26,7.91,https://youtu.be/tUXkZFNUQXI?t=150s,decorate_finish,finish,1,0.45,Lidding and labelling the finished tins.,"Lidding and labelling the finished tins. finish phase, ~41% in, 2:30–2:38.",,0,1,,
tUXkZFNUQXI,https://www.youtube.com/watch?v=tUXkZFNUQXI,How I Make Our #1 Bestselling Market Tins | Full Recipe Included,364.0,storyboard,23,182.0,189.91,7.91,https://youtu.be/tUXkZFNUQXI?t=182s,decorate_finish,finish,1,0.45,Lidding and labelling the finished tins.,"Lidding and labelling the finished tins. finish phase, ~50% in, 3:02–3:09.",,0,1,,
tUXkZFNUQXI,https://www.youtube.com/watch?v=tUXkZFNUQXI,How I Make Our #1 Bestselling Market Tins | Full Recipe Included,364.0,storyboard,27,213.65,221.57,7.92,https://youtu.be/tUXkZFNUQXI?t=214s,decorate_finish,finish,1,0.45,Lidding and labelling the finished tins.,"Lidding and labelling the finished tins. finish phase, ~59% in, 3:33–3:41.",,0,1,,
tUXkZFNUQXI,https://www.youtube.com/watch?v=tUXkZFNUQXI,How I Make Our #1 Bestselling Market Tins | Full Recipe Included,364.0,storyboard,31,245.3,253.22,7.92,https://youtu.be/tUXkZFNUQXI?t=245s,decorate_finish,finish,1,0.45,Lidding and labelling the finished tins.,"Lidding and labelling the finished tins. finish phase, ~67% in, 4:05–4:13.",,0,1,,
tUXkZFNUQXI,https://www.youtube.com/watch?v=tUXkZFNUQXI,How I Make Our #1 Bestselling Market Tins | Full Recipe Included,364.0,storyboard,35,276.96,284.87,7.91,https://youtu.be/tUXkZFNUQXI?t=277s,decorate_finish,finish,1,0.45,Lidding and labelling the finished tins.,"Lidding and labelling the finished tins. finish phase, ~76% in, 4:36–4:44.",,0,1,,
upLGuIZtRdg,https://www.youtube.com/watch?v=upLGuIZtRdg,Create Candles Like a Pro: 3 Mistakes to Avoid,439.0,storyboard,38,303.31,311.29,7.98,https://youtu.be/upLGuIZtRdg?t=303s,decorate_finish,finish,1,0.5,Decorating a candle with florals.,"Decorating a candle with florals. finish phase, ~69% in, 5:03–5:11.",,0,1,,
upLGuIZtRdg,https://www.youtube.com/watch?v=upLGuIZtRdg,Create Candles Like a Pro: 3 Mistakes to Avoid,439.0,storyboard,46,367.16,375.15,7.99,https://youtu.be/upLGuIZtRdg?t=367s,decorate_finish,finish,1,0.5,Decorating a candle with florals.,"Decorating a candle with florals. finish phase, ~84% in, 6:07–6:15.",,0,1,,
upLGuIZtRdg,https://www.youtube.com/watch?v=upLGuIZtRdg,Create Candles Like a Pro: 3 Mistakes to Avoid,439.0,storyboard,47,375.15,383.13,7.98,https://youtu.be/upLGuIZtRdg?t=375s,decorate_finish,finish,1,0.5,Decorating a candle with florals.,"Decorating a candle with florals. finish phase, ~85% in, 6:15–6:23.",,0,1,,
utr9EuGsSJs,https://www.youtube.com/watch?v=utr9EuGsSJs,DIY Scented Freedom Soy Wax Candles at home |  Candle making kit review | Microwave your wax!,509.0,storyboard,36,286.31,294.27,7.96,https://youtu.be/utr9EuGsSJs?t=286s,decorate_finish,finish,1,0.5,Demoulding embeds / labelling the candle.,"Demoulding embeds / labelling the candle. finish phase, ~56% in, 4:46–4:54.",,0,1,,
utr9EuGsSJs,https://www.youtube.com/watch?v=utr9EuGsSJs,DIY Scented Freedom Soy Wax Candles at home |  Candle making kit review | Microwave your wax!,509.0,storyboard,37,294.27,302.22,7.95,https://youtu.be/utr9EuGsSJs?t=294s,decorate_finish,finish,1,0.5,Demoulding embeds / labelling the candle.,"Demoulding embeds / labelling the candle. finish phase, ~58% in, 4:54–5:02.",,0,1,,
utr9EuGsSJs,https://www.youtube.com/watch?v=utr9EuGsSJs,DIY Scented Freedom Soy Wax Candles at home |  Candle making kit review | Microwave your wax!,509.0,storyboard,38,302.22,310.17,7.95,https://youtu.be/utr9EuGsSJs?t=302s,decorate_finish,finish,1,0.5,Demoulding embeds / labelling the candle.,"Demoulding embeds / labelling the candle. finish phase, ~59% in, 5:02–5:10.",,0,1,,
utr9EuGsSJs,https://www.youtube.com/watch?v=utr9EuGsSJs,DIY Scented Freedom Soy Wax Candles at home |  Candle making kit review | Microwave your wax!,509.0,storyboard,41,326.08,334.03,7.95,https://youtu.be/utr9EuGsSJs?t=326s,decorate_finish,finish,1,0.5,Demoulding embeds / labelling the candle.,"Demoulding embeds / labelling the candle. finish phase, ~64% in, 5:26–5:34.",,0,1,,
utr9EuGsSJs,https://www.youtube.com/watch?v=utr9EuGsSJs,DIY Scented Freedom Soy Wax Candles at home |  Candle making kit review | Microwave your wax!,509.0,storyboard,47,373.8,381.75,7.95,https://youtu.be/utr9EuGsSJs?t=374s,decorate_finish,finish,1,0.5,Demoulding embeds / labelling the candle.,"Demoulding embeds / labelling the candle. finish phase, ~73% in, 6:13–6:21.",,0,1,,
utr9EuGsSJs,https://www.youtube.com/watch?v=utr9EuGsSJs,DIY Scented Freedom Soy Wax Candles at home |  Candle making kit review | Microwave your wax!,509.0,storyboard,48,381.75,389.7,7.95,https://youtu.be/utr9EuGsSJs?t=382s,decorate_finish,finish,1,0.5,Demoulding embeds / labelling the candle.,"Demoulding embeds / labelling the candle. finish phase, ~75% in, 6:21–6:29.",,0,1,,
utr9EuGsSJs,https://www.youtube.com/watch?v=utr9EuGsSJs,DIY Scented Freedom Soy Wax Candles at home |  Candle making kit review | Microwave your wax!,509.0,storyboard,49,389.7,397.66,7.96,https://youtu.be/utr9EuGsSJs?t=390s,decorate_finish,finish,1,0.5,Demoulding embeds / labelling the candle.,"Demoulding embeds / labelling the candle. finish phase, ~77% in, 6:29–6:37.",,0,1,,
utr9EuGsSJs,https://www.youtube.com/watch?v=utr9EuGsSJs,DIY Scented Freedom Soy Wax Candles at home |  Candle making kit review | Microwave your wax!,509.0,storyboard,59,469.23,477.19,7.96,https://youtu.be/utr9EuGsSJs?t=469s,decorate_finish,finish,1,0.5,Demoulding embeds / labelling the candle.,"Demoulding embeds / labelling the candle. finish phase, ~92% in, 7:49–7:57.",,0,1,,
wrGN0qeWyPk,https://www.youtube.com/watch?v=wrGN0qeWyPk,How to Make Your Candles Smell Stronger (Without Using More Fragrance Oil),421.0,storyboard,31,246.25,254.19,7.94,https://youtu.be/wrGN0qeWyPk?t=246s,decorate_finish,finish,1,0.4,Hands label/finish candles.,"Hands label/finish candles. finish phase, ~58% in, 4:06–4:14.",,0,1,,
yOvQagDwnxo,https://www.youtube.com/watch?v=yOvQagDwnxo,''How Candles Are Made  Inside a Modern Candle Factory'',113.0,storyboard,8,64.57,72.64,8.07,https://youtu.be/yOvQagDwnxo?t=65s,decorate_finish,finish,1,0.4,Workers finishing/packing coloured candles.,"Workers finishing/packing coloured candles. finish phase, ~57% in, 1:04–1:12.",,0,1,,
yOvQagDwnxo,https://www.youtube.com/watch?v=yOvQagDwnxo,''How Candles Are Made  Inside a Modern Candle Factory'',113.0,storyboard,9,72.64,80.71,8.07,https://youtu.be/yOvQagDwnxo?t=73s,decorate_finish,finish,1,0.4,Workers at a table with coloured candles.,"Workers at a table with coloured candles. finish phase, ~64% in, 1:12–1:20.",,0,1,,
