video_id,video_url,video_title,video_duration_s,source,window_index,start_s,end_s,duration_s,window_url,action_label,phase,is_step,confidence,description,description_detailed,ocr_text,has_caption,keep,filter_reason,validation_flags
-qEby8J59DA,https://www.youtube.com/watch?v=-qEby8J59DA,6 Mistakes Candle Makers Should Avoid & How To Fix Them [Updated],758.0,storyboard,7,55.85,63.83,7.98,https://youtu.be/-qEby8J59DA?t=56s,gather_materials,prep,1,0.4,Hands hold a black candle tin (close-up insert).,"Hands hold a black candle tin (close-up insert). prep phase, ~7% in, 0:55–1:03.",,0,1,,
0ERh-nj5jjw,https://www.youtube.com/watch?v=0ERh-nj5jjw,how to measure candle wax for the perfect candle pour ⚖️,117.0,storyboard,2,15.6,23.4,7.8,https://youtu.be/0ERh-nj5jjw?t=16s,gather_materials,prep,1,0.45,Overhead black candle tins/jars.,"Overhead black candle tins/jars. prep phase, ~13% in, 0:15–0:23.",,0,1,,
0ERh-nj5jjw,https://www.youtube.com/watch?v=0ERh-nj5jjw,how to measure candle wax for the perfect candle pour ⚖️,117.0,storyboard,7,54.6,62.4,7.8,https://youtu.be/0ERh-nj5jjw?t=55s,gather_materials,prep,1,0.45,Overhead tray of black candle tins.,"Overhead tray of black candle tins. prep phase, ~47% in, 0:54–1:02.",,0,1,,
0gk3NsmJa7k,https://www.youtube.com/watch?v=0gk3NsmJa7k,Make Candles with me | ❄️Winter Wonderland Edition ❄️,794.0,storyboard,0,0.0,8.02,8.02,https://youtu.be/0gk3NsmJa7k?t=0s,gather_materials,prep,1,0.4,Pine sprigs and berries for winter candles.,"Pine sprigs and berries for winter candles. prep phase, ~0% in, 0:00–0:08.",,0,1,,
1V3hfxo7OtE,https://www.youtube.com/watch?v=1V3hfxo7OtE,Candle Making | How to Make Scented Candles,508.0,storyboard,3,23.81,31.75,7.94,https://youtu.be/1V3hfxo7OtE?t=24s,gather_materials,prep,0,0.65,'Materials' title card + overhead supplies,"'Materials' title card + overhead supplies. prep phase, ~5% in, 0:23–0:31.",,0,1,desc_text_card,
1V3hfxo7OtE,https://www.youtube.com/watch?v=1V3hfxo7OtE,Candle Making | How to Make Scented Candles,508.0,storyboard,4,31.75,39.69,7.94,https://youtu.be/1V3hfxo7OtE?t=32s,gather_materials,prep,1,0.6,overhead supplies laid out,"overhead supplies laid out. prep phase, ~6% in, 0:31–0:39.",,0,1,,
2KbmlOnPJnU,https://www.youtube.com/watch?v=2KbmlOnPJnU,How To Make an INFINITE CANDLE Wick – Burns Forever!,151.0,storyboard,1,7.95,15.89,7.94,https://youtu.be/2KbmlOnPJnU?t=8s,gather_materials,prep,1,0.5,Black-gloved hands lay out the small components for the floating oil wick.,"Black-gloved hands lay out the small components for the floating oil wick. prep phase, ~5% in, 0:07–0:15.",,0,1,,
2rhZ7lzaU4Y,https://www.youtube.com/watch?v=2rhZ7lzaU4Y,4 Easy Candle Making for Beginners | DIY Candles,187.0,storyboard,1,8.13,16.26,8.13,https://youtu.be/2rhZ7lzaU4Y?t=8s,gather_materials,prep,1,0.5,Hands hold colourful round moulds (blue/pink/green).,"Hands hold colourful round moulds (blue/pink/green). prep phase, ~4% in, 0:08–0:16.",,0,1,,
2rhZ7lzaU4Y,https://www.youtube.com/watch?v=2rhZ7lzaU4Y,4 Easy Candle Making for Beginners | DIY Candles,187.0,storyboard,2,16.26,24.39,8.13,https://youtu.be/2rhZ7lzaU4Y?t=16s,gather_materials,prep,1,0.5,A wick is placed into a glass jar; YouTube branding.,"A wick is placed into a glass jar; YouTube branding. prep phase, ~9% in, 0:16–0:24.",,0,1,,
2rhZ7lzaU4Y,https://www.youtube.com/watch?v=2rhZ7lzaU4Y,4 Easy Candle Making for Beginners | DIY Candles,187.0,storyboard,3,24.39,32.52,8.13,https://youtu.be/2rhZ7lzaU4Y?t=24s,gather_materials,prep,1,0.45,Hands with coloured wax spheres.,"Hands with coloured wax spheres. prep phase, ~13% in, 0:24–0:32.",,0,1,,
2rhZ7lzaU4Y,https://www.youtube.com/watch?v=2rhZ7lzaU4Y,4 Easy Candle Making for Beginners | DIY Candles,187.0,storyboard,4,32.52,40.65,8.13,https://youtu.be/2rhZ7lzaU4Y?t=33s,gather_materials,prep,1,0.4,Hands arrange colourful wax spheres.,"Hands arrange colourful wax spheres. prep phase, ~17% in, 0:32–0:40.",,0,1,,
2rhZ7lzaU4Y,https://www.youtube.com/watch?v=2rhZ7lzaU4Y,4 Easy Candle Making for Beginners | DIY Candles,187.0,storyboard,5,40.65,48.78,8.13,https://youtu.be/2rhZ7lzaU4Y?t=41s,gather_materials,prep,1,0.4,Colourful moulds on the orange background.,"Colourful moulds on the orange background. prep phase, ~22% in, 0:40–0:48.",,0,1,,
3RNr0rflCUU,https://www.youtube.com/watch?v=3RNr0rflCUU,"BUSINESS VLOG 🧸 preparing for shop launch, making 400 candles & my studio tour",834.0,storyboard,0,0.0,8.02,8.02,https://youtu.be/3RNr0rflCUU?t=0s,gather_materials,prep,1,0.4,Rows of kraft-labelled candles on the table.,"Rows of kraft-labelled candles on the table. prep phase, ~0% in, 0:00–0:08.",,0,1,,
3RNr0rflCUU,https://www.youtube.com/watch?v=3RNr0rflCUU,"BUSINESS VLOG 🧸 preparing for shop launch, making 400 candles & my studio tour",834.0,storyboard,25,200.48,208.5,8.02,https://youtu.be/3RNr0rflCUU?t=200s,gather_materials,prep,1,0.5,Supplies laid out overhead.,"Supplies laid out overhead. prep phase, ~24% in, 3:20–3:28.",,0,1,,
40mkiCY8uMM,https://www.youtube.com/watch?v=40mkiCY8uMM,How To Make Mini 1 Oz. Soy Candles | Fall Scented Sample Candles,583.0,storyboard,49,391.33,399.32,7.99,https://youtu.be/40mkiCY8uMM?t=391s,gather_materials,prep,1,0.5,Wick-sticker product shown.,"Wick-sticker product shown. prep phase, ~67% in, 6:31–6:39.",,0,1,,
40mkiCY8uMM,https://www.youtube.com/watch?v=40mkiCY8uMM,How To Make Mini 1 Oz. Soy Candles | Fall Scented Sample Candles,583.0,storyboard,50,399.32,407.3,7.98,https://youtu.be/40mkiCY8uMM?t=399s,gather_materials,prep,1,0.5,Wick-sticker product shown.,"Wick-sticker product shown. prep phase, ~68% in, 6:39–6:47.",,0,1,,
40mkiCY8uMM,https://www.youtube.com/watch?v=40mkiCY8uMM,How To Make Mini 1 Oz. Soy Candles | Fall Scented Sample Candles,583.0,storyboard,51,407.3,415.29,7.99,https://youtu.be/40mkiCY8uMM?t=407s,gather_materials,prep,1,0.5,Wick-sticker product shown.,"Wick-sticker product shown. prep phase, ~70% in, 6:47–6:55.",,0,1,,
5SulILZNPEI,https://www.youtube.com/watch?v=5SulILZNPEI,How To Make Soy Candles DIY Candle Making Tutorial,453.0,storyboard,5,39.74,47.68,7.94,https://youtu.be/5SulILZNPEI?t=40s,gather_materials,prep,1,0.45,ProCandleSupply materials card,"ProCandleSupply materials card. prep phase, ~9% in, 0:39–0:47.",,0,1,,
5SulILZNPEI,https://www.youtube.com/watch?v=5SulILZNPEI,How To Make Soy Candles DIY Candle Making Tutorial,453.0,storyboard,6,47.68,55.63,7.95,https://youtu.be/5SulILZNPEI?t=48s,gather_materials,prep,1,0.6,pouring flakes into pitcher,"pouring flakes into pitcher. prep phase, ~11% in, 0:47–0:55.",,0,1,,
5SulILZNPEI,https://www.youtube.com/watch?v=5SulILZNPEI,How To Make Soy Candles DIY Candle Making Tutorial,453.0,storyboard,7,55.63,63.58,7.95,https://youtu.be/5SulILZNPEI?t=56s,gather_materials,prep,1,0.45,reaching for materials,"reaching for materials. Showing or laying out the supplies and tools that will be used. prep phase, ~12% in, 0:55–1:03.",,0,1,,
6DueGSsFhd8,https://www.youtube.com/watch?v=6DueGSsFhd8,CD (Stabilo) Candle Wick Series: Everything You Need To Know | CandleScience Product Guides,125.0,storyboard,2,15.62,23.44,7.82,https://youtu.be/6DueGSsFhd8?t=16s,gather_materials,prep,1,0.45,Close-up of CD-series candle wicks laid out.,"Close-up of CD-series candle wicks laid out. prep phase, ~12% in, 0:15–0:23.",,0,1,,
6HKMsobiG74,https://www.youtube.com/watch?v=6HKMsobiG74,Most Satisfying Ocean Jelly Candle | Water Candle DIY ASMR,158.0,storyboard,1,7.9,15.8,7.9,https://youtu.be/6HKMsobiG74?t=8s,gather_materials,prep,1,0.4,Decorative shells/beads and supplies gathered (low-detail).,"Decorative shells/beads and supplies gathered (low-detail). prep phase, ~5% in, 0:07–0:15.",,0,1,,
7fFf-gtesH4,https://www.youtube.com/watch?v=7fFf-gtesH4,5 Homemade Candles For Emergencies,879.0,storyboard,5,39.95,47.95,8.0,https://youtu.be/7fFf-gtesH4?t=40s,gather_materials,prep,1,0.45,"Emergency-candle supplies (butter, cheese, cans) on the table.","Emergency-candle supplies (butter, cheese, cans) on the table. prep phase, ~5% in, 0:39–0:47.",,0,1,,
7fFf-gtesH4,https://www.youtube.com/watch?v=7fFf-gtesH4,5 Homemade Candles For Emergencies,879.0,storyboard,6,47.95,55.94,7.99,https://youtu.be/7fFf-gtesH4?t=48s,gather_materials,prep,1,0.45,"Emergency-candle supplies (butter, cheese, cans) on the table.","Emergency-candle supplies (butter, cheese, cans) on the table. prep phase, ~5% in, 0:47–0:55.",,0,1,,
7fFf-gtesH4,https://www.youtube.com/watch?v=7fFf-gtesH4,5 Homemade Candles For Emergencies,879.0,storyboard,7,55.94,63.93,7.99,https://youtu.be/7fFf-gtesH4?t=56s,gather_materials,prep,1,0.45,"Emergency-candle supplies (butter, cheese, cans) on the table.","Emergency-candle supplies (butter, cheese, cans) on the table. prep phase, ~6% in, 0:55–1:03.",,0,1,,
7fFf-gtesH4,https://www.youtube.com/watch?v=7fFf-gtesH4,5 Homemade Candles For Emergencies,879.0,storyboard,26,207.76,215.75,7.99,https://youtu.be/7fFf-gtesH4?t=208s,gather_materials,prep,1,0.5,Showing emergency-candle supplies/packaging.,"Showing emergency-candle supplies/packaging. prep phase, ~24% in, 3:27–3:35.",,0,1,,
7fFf-gtesH4,https://www.youtube.com/watch?v=7fFf-gtesH4,5 Homemade Candles For Emergencies,879.0,storyboard,30,239.73,247.72,7.99,https://youtu.be/7fFf-gtesH4?t=240s,gather_materials,prep,1,0.5,Showing emergency-candle supplies/packaging.,"Showing emergency-candle supplies/packaging. prep phase, ~27% in, 3:59–4:07.",,0,1,,
7fFf-gtesH4,https://www.youtube.com/watch?v=7fFf-gtesH4,5 Homemade Candles For Emergencies,879.0,storyboard,34,271.69,279.68,7.99,https://youtu.be/7fFf-gtesH4?t=272s,gather_materials,prep,1,0.5,Showing emergency-candle supplies/packaging.,"Showing emergency-candle supplies/packaging. prep phase, ~31% in, 4:31–4:39.",,0,1,,
7fFf-gtesH4,https://www.youtube.com/watch?v=7fFf-gtesH4,5 Homemade Candles For Emergencies,879.0,storyboard,35,279.68,287.67,7.99,https://youtu.be/7fFf-gtesH4?t=280s,gather_materials,prep,1,0.5,Showing emergency-candle supplies/packaging.,"Showing emergency-candle supplies/packaging. prep phase, ~32% in, 4:39–4:47.",,0,1,,
7fFf-gtesH4,https://www.youtube.com/watch?v=7fFf-gtesH4,5 Homemade Candles For Emergencies,879.0,storyboard,42,335.62,343.61,7.99,https://youtu.be/7fFf-gtesH4?t=336s,gather_materials,prep,1,0.5,Showing emergency-candle supplies/packaging.,"Showing emergency-candle supplies/packaging. prep phase, ~38% in, 5:35–5:43.",,0,1,,
7fFf-gtesH4,https://www.youtube.com/watch?v=7fFf-gtesH4,5 Homemade Candles For Emergencies,879.0,storyboard,45,359.59,367.58,7.99,https://youtu.be/7fFf-gtesH4?t=360s,gather_materials,prep,1,0.5,Showing emergency-candle supplies/packaging.,"Showing emergency-candle supplies/packaging. prep phase, ~41% in, 5:59–6:07.",,0,1,,
7fFf-gtesH4,https://www.youtube.com/watch?v=7fFf-gtesH4,5 Homemade Candles For Emergencies,879.0,storyboard,46,367.58,375.57,7.99,https://youtu.be/7fFf-gtesH4?t=368s,gather_materials,prep,1,0.5,Showing emergency-candle supplies/packaging.,"Showing emergency-candle supplies/packaging. prep phase, ~42% in, 6:07–6:15.",,0,1,,
7j6uypARXW4,https://www.youtube.com/watch?v=7j6uypARXW4,DIY Water candles | Making candles with WATER!?,414.0,storyboard,9,71.65,79.62,7.97,https://youtu.be/7j6uypARXW4?t=72s,gather_materials,prep,1,0.4,A clear plastic sheet for making the float wick.,"A clear plastic sheet for making the float wick. prep phase, ~17% in, 1:11–1:19.",,0,1,,
7j6uypARXW4,https://www.youtube.com/watch?v=7j6uypARXW4,DIY Water candles | Making candles with WATER!?,414.0,storyboard,35,278.65,286.62,7.97,https://youtu.be/7j6uypARXW4?t=279s,gather_materials,prep,1,0.4,Black paper cutouts (craft prep).,"Black paper cutouts (craft prep). prep phase, ~67% in, 4:38–4:46.",,0,1,,
7j6uypARXW4,https://www.youtube.com/watch?v=7j6uypARXW4,DIY Water candles | Making candles with WATER!?,414.0,storyboard,36,286.62,294.58,7.96,https://youtu.be/7j6uypARXW4?t=287s,gather_materials,prep,1,0.4,Pink flowers on a branch (decorations).,"Pink flowers on a branch (decorations). prep phase, ~69% in, 4:46–4:54.",,0,1,,
7j6uypARXW4,https://www.youtube.com/watch?v=7j6uypARXW4,DIY Water candles | Making candles with WATER!?,414.0,storyboard,37,294.58,302.54,7.96,https://youtu.be/7j6uypARXW4?t=295s,gather_materials,prep,1,0.4,Hand with pink flowers.,"Hand with pink flowers. Showing or laying out the supplies and tools that will be used. prep phase, ~71% in, 4:54–5:02.",,0,1,,
8V_WyGLS5Zo,https://www.youtube.com/watch?v=8V_WyGLS5Zo,Candle Making Tutorial for Beginners | DIY Candle Tutorial,375.0,storyboard,1,7.98,15.96,7.98,https://youtu.be/8V_WyGLS5Zo?t=8s,gather_materials,prep,1,0.45,Gloved hands lay out materials in dim lighting.,"Gloved hands lay out materials in dim lighting. prep phase, ~2% in, 0:07–0:15.",,0,1,,
8V_WyGLS5Zo,https://www.youtube.com/watch?v=8V_WyGLS5Zo,Candle Making Tutorial for Beginners | DIY Candle Tutorial,375.0,storyboard,2,15.96,23.94,7.98,https://youtu.be/8V_WyGLS5Zo?t=16s,gather_materials,prep,1,0.45,Host appears at shelves to introduce the build.,"Host appears at shelves to introduce the build. prep phase, ~4% in, 0:15–0:23.",,0,1,,
8V_WyGLS5Zo,https://www.youtube.com/watch?v=8V_WyGLS5Zo,Candle Making Tutorial for Beginners | DIY Candle Tutorial,375.0,storyboard,3,23.94,31.91,7.97,https://youtu.be/8V_WyGLS5Zo?t=24s,gather_materials,prep,1,0.45,Caption card listing wax/dye/supplies.,"Caption card listing wax/dye/supplies. prep phase, ~6% in, 0:23–0:31.",,0,1,,
8_vXTepQRI8,https://www.youtube.com/watch?v=8_vXTepQRI8,DIY Homemade Tea Tin Candle - A Great Gift Idea!,424.0,storyboard,0,0.0,8.0,8.0,https://youtu.be/8_vXTepQRI8?t=0s,gather_materials,prep,1,0.45,"Supplies flat-lay for a tea-tin candle (tin, wax).","Supplies flat-lay for a tea-tin candle (tin, wax). prep phase, ~0% in, 0:00–0:08.",,0,1,,
8oA1uybG_TE,https://www.youtube.com/watch?v=8oA1uybG_TE,"Hehinton Double Boiler Wax Melter Pot, Outstanding Quality! Complete Candle Making Tool Kit!",308.0,storyboard,0,0.0,8.11,8.11,https://youtu.be/8oA1uybG_TE?t=0s,gather_materials,prep,1,0.45,Unboxing the Hehinton double-boiler wax-melter kit.,"Unboxing the Hehinton double-boiler wax-melter kit. prep phase, ~0% in, 0:00–0:08.",,0,1,,
8oA1uybG_TE,https://www.youtube.com/watch?v=8oA1uybG_TE,"Hehinton Double Boiler Wax Melter Pot, Outstanding Quality! Complete Candle Making Tool Kit!",308.0,storyboard,1,8.11,16.21,8.1,https://youtu.be/8oA1uybG_TE?t=8s,gather_materials,prep,0,0.5,"On-screen text card (auto-detected: static frame, OCR text). Text reads: 'lave: Pe eT eee APSF oe STR ESS Sed el ei eSacene date Cetes wtntabarc-esete e-e ee Se vy. CA, we ey oe iy, SS SS ni 7 ae 75 4 oe sf Ff ee ee 5 ae'.","On-screen text card (auto-detected: static frame, OCR text). Text reads: 'lave: Pe eT eee APSF oe STR ESS Sed el ei eSacene date Cetes wtntabarc-esete e-e ee Se vy. CA, we ey oe iy, SS SS ni 7 ae 75 4 oe sf Ff ee ee 5 ae'. prep phase, ~3% in, 0:08–0:16.",,0,1,desc_text_card,
8oA1uybG_TE,https://www.youtube.com/watch?v=8oA1uybG_TE,"Hehinton Double Boiler Wax Melter Pot, Outstanding Quality! Complete Candle Making Tool Kit!",308.0,storyboard,2,16.21,24.32,8.11,https://youtu.be/8oA1uybG_TE?t=16s,gather_materials,prep,1,0.45,"Unboxing the double-boiler wax-melter kit (manual, components).","Unboxing the double-boiler wax-melter kit (manual, components). prep phase, ~5% in, 0:16–0:24.",,0,1,,
8oA1uybG_TE,https://www.youtube.com/watch?v=8oA1uybG_TE,"Hehinton Double Boiler Wax Melter Pot, Outstanding Quality! Complete Candle Making Tool Kit!",308.0,storyboard,3,24.32,32.42,8.1,https://youtu.be/8oA1uybG_TE?t=24s,gather_materials,prep,1,0.45,"Unboxing the double-boiler wax-melter kit (manual, components).","Unboxing the double-boiler wax-melter kit (manual, components). prep phase, ~8% in, 0:24–0:32.",,0,1,,
8oA1uybG_TE,https://www.youtube.com/watch?v=8oA1uybG_TE,"Hehinton Double Boiler Wax Melter Pot, Outstanding Quality! Complete Candle Making Tool Kit!",308.0,storyboard,4,32.42,40.53,8.11,https://youtu.be/8oA1uybG_TE?t=32s,gather_materials,prep,1,0.45,"Unboxing the double-boiler wax-melter kit (manual, components).","Unboxing the double-boiler wax-melter kit (manual, components). prep phase, ~11% in, 0:32–0:40.",,0,1,,
8oA1uybG_TE,https://www.youtube.com/watch?v=8oA1uybG_TE,"Hehinton Double Boiler Wax Melter Pot, Outstanding Quality! Complete Candle Making Tool Kit!",308.0,storyboard,5,40.53,48.63,8.1,https://youtu.be/8oA1uybG_TE?t=41s,gather_materials,prep,1,0.45,"Unboxing the double-boiler wax-melter kit (manual, components).","Unboxing the double-boiler wax-melter kit (manual, components). prep phase, ~13% in, 0:40–0:48.",,0,1,,
8oA1uybG_TE,https://www.youtube.com/watch?v=8oA1uybG_TE,"Hehinton Double Boiler Wax Melter Pot, Outstanding Quality! Complete Candle Making Tool Kit!",308.0,storyboard,6,48.63,56.74,8.11,https://youtu.be/8oA1uybG_TE?t=49s,gather_materials,prep,1,0.45,"Unboxing the double-boiler wax-melter kit (manual, components).","Unboxing the double-boiler wax-melter kit (manual, components). prep phase, ~16% in, 0:48–0:56.",,0,1,,
8oA1uybG_TE,https://www.youtube.com/watch?v=8oA1uybG_TE,"Hehinton Double Boiler Wax Melter Pot, Outstanding Quality! Complete Candle Making Tool Kit!",308.0,storyboard,7,56.74,64.84,8.1,https://youtu.be/8oA1uybG_TE?t=57s,gather_materials,prep,1,0.45,"Unboxing the double-boiler wax-melter kit (manual, components).","Unboxing the double-boiler wax-melter kit (manual, components). prep phase, ~18% in, 0:56–1:04.",,0,1,,
B1E0xc9O7ZM,https://www.youtube.com/watch?v=B1E0xc9O7ZM,How to Roll Beeswax Candles with Kids {VIDEO},333.0,storyboard,0,0.0,7.93,7.93,https://youtu.be/B1E0xc9O7ZM?t=0s,gather_materials,prep,1,0.45,Beeswax sheets and rolled candles on the table.,"Beeswax sheets and rolled candles on the table. prep phase, ~0% in, 0:00–0:07.",,0,1,,
B2AFuHYg_Io,https://www.youtube.com/watch?v=B2AFuHYg_Io,Coconut Soy wax candle making for beginners,507.0,storyboard,7,56.33,64.38,8.05,https://youtu.be/B2AFuHYg_Io?t=56s,gather_materials,prep,1,0.45,White wax discs; pink glove.,"White wax discs; pink glove. prep phase, ~11% in, 0:56–1:04.",,0,1,,
B2AFuHYg_Io,https://www.youtube.com/watch?v=B2AFuHYg_Io,Coconut Soy wax candle making for beginners,507.0,storyboard,8,64.38,72.43,8.05,https://youtu.be/B2AFuHYg_Io?t=64s,gather_materials,prep,1,0.45,Pink-gloved hand with a fragrance bottle.,"Pink-gloved hand with a fragrance bottle. prep phase, ~13% in, 1:04–1:12.",,0,1,,
B2AFuHYg_Io,https://www.youtube.com/watch?v=B2AFuHYg_Io,Coconut Soy wax candle making for beginners,507.0,storyboard,9,72.43,80.48,8.05,https://youtu.be/B2AFuHYg_Io?t=72s,gather_materials,prep,1,0.4,Cutting/handling supplies.,"Cutting/handling supplies. prep phase, ~14% in, 1:12–1:20.",,0,1,,
B2AFuHYg_Io,https://www.youtube.com/watch?v=B2AFuHYg_Io,Coconut Soy wax candle making for beginners,507.0,storyboard,10,80.48,88.52,8.04,https://youtu.be/B2AFuHYg_Io?t=80s,gather_materials,prep,1,0.45,Two amber fragrance bottles held.,"Two amber fragrance bottles held. prep phase, ~16% in, 1:20–1:28.",,0,1,,
B2AFuHYg_Io,https://www.youtube.com/watch?v=B2AFuHYg_Io,Coconut Soy wax candle making for beginners,507.0,storyboard,26,209.24,217.29,8.05,https://youtu.be/B2AFuHYg_Io?t=209s,gather_materials,prep,1,0.4,White container and supplies.,"White container and supplies. prep phase, ~41% in, 3:29–3:37.",,0,1,,
B2AFuHYg_Io,https://www.youtube.com/watch?v=B2AFuHYg_Io,Coconut Soy wax candle making for beginners,507.0,storyboard,27,217.29,225.33,8.04,https://youtu.be/B2AFuHYg_Io?t=217s,gather_materials,prep,1,0.4,Shelves of supplies.,"Shelves of supplies. Showing or laying out the supplies and tools that will be used. prep phase, ~43% in, 3:37–3:45.",,0,1,,
BskHsZWNhRw,https://www.youtube.com/watch?v=BskHsZWNhRw,DIY WATER CANDLES // Easy DIY CANDLES AT HOME,300.0,storyboard,1,7.89,15.79,7.9,https://youtu.be/BskHsZWNhRw?t=8s,gather_materials,prep,1,0.4,Dried flowers and decorative elements gathered.,"Dried flowers and decorative elements gathered. prep phase, ~3% in, 0:07–0:15.",,0,1,,
CQ3SYeqOP8Y,https://www.youtube.com/watch?v=CQ3SYeqOP8Y,How to Make Rolled beeswax Candles,483.0,storyboard,9,72.45,80.5,8.05,https://youtu.be/CQ3SYeqOP8Y?t=72s,gather_materials,prep,1,0.4,White work cloth/sheet.,"White work cloth/sheet. Showing or laying out the supplies and tools that will be used. prep phase, ~15% in, 1:12–1:20.",,0,1,,
CQ3SYeqOP8Y,https://www.youtube.com/watch?v=CQ3SYeqOP8Y,How to Make Rolled beeswax Candles,483.0,storyboard,10,80.5,88.55,8.05,https://youtu.be/CQ3SYeqOP8Y?t=80s,gather_materials,prep,1,0.45,Colour swatches (red/green/yellow) shown.,"Colour swatches (red/green/yellow) shown. prep phase, ~17% in, 1:20–1:28.",,0,1,,
CrJ9UE6Nihw,https://www.youtube.com/watch?v=CrJ9UE6Nihw,FULL & easy beginners guide to Candle Making,601.0,storyboard,5,40.07,48.08,8.01,https://youtu.be/CrJ9UE6Nihw?t=40s,gather_materials,prep,1,0.45,Star-pattern bowl and a wax bag.,"Star-pattern bowl and a wax bag. prep phase, ~7% in, 0:40–0:48.",,0,1,,
D2TTNZkVMMM,https://www.youtube.com/watch?v=D2TTNZkVMMM,How to Make Layered Scented Candles | DIY Candle Making,250.0,storyboard,3,24.19,32.26,8.07,https://youtu.be/D2TTNZkVMMM?t=24s,gather_materials,prep,1,0.55,Row of black fragrance bottles.,"Row of black fragrance bottles. prep phase, ~10% in, 0:24–0:32.",,0,1,,
D2TTNZkVMMM,https://www.youtube.com/watch?v=D2TTNZkVMMM,How to Make Layered Scented Candles | DIY Candle Making,250.0,storyboard,4,32.26,40.32,8.06,https://youtu.be/D2TTNZkVMMM?t=32s,gather_materials,prep,1,0.6,Supplies list caption 'wax / fragrance / wicks / wick sticker'.,"Supplies list caption 'wax / fragrance / wicks / wick sticker'. prep phase, ~13% in, 0:32–0:40. Terminology: wick priming.",,0,1,,
D2TTNZkVMMM,https://www.youtube.com/watch?v=D2TTNZkVMMM,How to Make Layered Scented Candles | DIY Candle Making,250.0,storyboard,5,40.32,48.39,8.07,https://youtu.be/D2TTNZkVMMM?t=40s,gather_materials,prep,1,0.5,Supplies list with hands sorting items.,"Supplies list with hands sorting items. prep phase, ~16% in, 0:40–0:48.",,0,1,,
D2TTNZkVMMM,https://www.youtube.com/watch?v=D2TTNZkVMMM,How to Make Layered Scented Candles | DIY Candle Making,250.0,storyboard,16,129.03,137.1,8.07,https://youtu.be/D2TTNZkVMMM?t=129s,gather_materials,prep,1,0.45,A cardboard kit box of supplies; host.,"A cardboard kit box of supplies; host. prep phase, ~52% in, 2:09–2:17.",,0,1,,
D2TTNZkVMMM,https://www.youtube.com/watch?v=D2TTNZkVMMM,How to Make Layered Scented Candles | DIY Candle Making,250.0,storyboard,17,137.1,145.16,8.06,https://youtu.be/D2TTNZkVMMM?t=137s,gather_materials,prep,1,0.45,Supply kit box shown.,"Supply kit box shown. Showing or laying out the supplies and tools that will be used. prep phase, ~55% in, 2:17–2:25.",,0,1,,
DJBHjOFJBOs,https://www.youtube.com/watch?v=DJBHjOFJBOs,Choosing the Best Wax & Wicks for Your Candles,209.0,storyboard,6,48.23,56.27,8.04,https://youtu.be/DJBHjOFJBOs?t=48s,gather_materials,prep,1,0.4,Insert: white wax flakes.,"Insert: white wax flakes. prep phase, ~23% in, 0:48–0:56.",,0,1,,
DSj_ZcxHB2w,https://www.youtube.com/watch?v=DSj_ZcxHB2w,Candle Making Kit - How-to - Crafts&Co,92.0,storyboard,0,0.0,7.67,7.67,https://youtu.be/DSj_ZcxHB2w?t=0s,gather_materials,prep,1,0.55,Product display of the Crafts&Co candle kit — finished sample candles and supplies arranged on a tiered stand.,"Product display of the Crafts&Co candle kit — finished sample candles and supplies arranged on a tiered stand. prep phase, ~0% in, 0:00–0:07.",,0,1,,
EBZGgxpf3Ho,https://www.youtube.com/watch?v=EBZGgxpf3Ho,How to make perfect scented soy wax tin candles every time. DIY tutorial 7oz coco soy wax candles,667.0,storyboard,4,32.14,40.18,8.04,https://youtu.be/EBZGgxpf3Ho?t=32s,gather_materials,prep,1,0.45,"Unboxing supplies (Pro Wicks, stearic acid, jars, fragrance).","Unboxing supplies (Pro Wicks, stearic acid, jars, fragrance). prep phase, ~5% in, 0:32–0:40.",,0,1,,
EBZGgxpf3Ho,https://www.youtube.com/watch?v=EBZGgxpf3Ho,How to make perfect scented soy wax tin candles every time. DIY tutorial 7oz coco soy wax candles,667.0,storyboard,5,40.18,48.22,8.04,https://youtu.be/EBZGgxpf3Ho?t=40s,gather_materials,prep,1,0.45,"Unboxing supplies (Pro Wicks, stearic acid, jars, fragrance).","Unboxing supplies (Pro Wicks, stearic acid, jars, fragrance). prep phase, ~6% in, 0:40–0:48.",,0,1,,
EBZGgxpf3Ho,https://www.youtube.com/watch?v=EBZGgxpf3Ho,How to make perfect scented soy wax tin candles every time. DIY tutorial 7oz coco soy wax candles,667.0,storyboard,6,48.22,56.25,8.03,https://youtu.be/EBZGgxpf3Ho?t=48s,gather_materials,prep,1,0.45,"Unboxing supplies (Pro Wicks, stearic acid, jars, fragrance).","Unboxing supplies (Pro Wicks, stearic acid, jars, fragrance). prep phase, ~7% in, 0:48–0:56.",,0,1,,
EBZGgxpf3Ho,https://www.youtube.com/watch?v=EBZGgxpf3Ho,How to make perfect scented soy wax tin candles every time. DIY tutorial 7oz coco soy wax candles,667.0,storyboard,7,56.25,64.29,8.04,https://youtu.be/EBZGgxpf3Ho?t=56s,gather_materials,prep,1,0.45,"Unboxing supplies (Pro Wicks, stearic acid, jars, fragrance).","Unboxing supplies (Pro Wicks, stearic acid, jars, fragrance). prep phase, ~8% in, 0:56–1:04.",,0,1,,
EBZGgxpf3Ho,https://www.youtube.com/watch?v=EBZGgxpf3Ho,How to make perfect scented soy wax tin candles every time. DIY tutorial 7oz coco soy wax candles,667.0,storyboard,8,64.29,72.33,8.04,https://youtu.be/EBZGgxpf3Ho?t=64s,gather_materials,prep,1,0.45,"Unboxing supplies (Pro Wicks, stearic acid, jars, fragrance).","Unboxing supplies (Pro Wicks, stearic acid, jars, fragrance). prep phase, ~10% in, 1:04–1:12.",,0,1,,
EBZGgxpf3Ho,https://www.youtube.com/watch?v=EBZGgxpf3Ho,How to make perfect scented soy wax tin candles every time. DIY tutorial 7oz coco soy wax candles,667.0,storyboard,9,72.33,80.36,8.03,https://youtu.be/EBZGgxpf3Ho?t=72s,gather_materials,prep,1,0.45,"Unboxing supplies (Pro Wicks, stearic acid, jars, fragrance).","Unboxing supplies (Pro Wicks, stearic acid, jars, fragrance). prep phase, ~11% in, 1:12–1:20.",,0,1,,
EBZGgxpf3Ho,https://www.youtube.com/watch?v=EBZGgxpf3Ho,How to make perfect scented soy wax tin candles every time. DIY tutorial 7oz coco soy wax candles,667.0,storyboard,10,80.36,88.4,8.04,https://youtu.be/EBZGgxpf3Ho?t=80s,gather_materials,prep,1,0.45,"Unboxing supplies (Pro Wicks, stearic acid, jars, fragrance).","Unboxing supplies (Pro Wicks, stearic acid, jars, fragrance). prep phase, ~12% in, 1:20–1:28.",,0,1,,
EBZGgxpf3Ho,https://www.youtube.com/watch?v=EBZGgxpf3Ho,How to make perfect scented soy wax tin candles every time. DIY tutorial 7oz coco soy wax candles,667.0,storyboard,11,88.4,96.43,8.03,https://youtu.be/EBZGgxpf3Ho?t=88s,gather_materials,prep,1,0.45,"Unboxing supplies (Pro Wicks, stearic acid, jars, fragrance).","Unboxing supplies (Pro Wicks, stearic acid, jars, fragrance). prep phase, ~13% in, 1:28–1:36.",,0,1,,
EBZGgxpf3Ho,https://www.youtube.com/watch?v=EBZGgxpf3Ho,How to make perfect scented soy wax tin candles every time. DIY tutorial 7oz coco soy wax candles,667.0,storyboard,12,96.43,104.47,8.04,https://youtu.be/EBZGgxpf3Ho?t=96s,gather_materials,prep,1,0.45,"Unboxing supplies (Pro Wicks, stearic acid, jars, fragrance).","Unboxing supplies (Pro Wicks, stearic acid, jars, fragrance). prep phase, ~14% in, 1:36–1:44.",,0,1,,
EBZGgxpf3Ho,https://www.youtube.com/watch?v=EBZGgxpf3Ho,How to make perfect scented soy wax tin candles every time. DIY tutorial 7oz coco soy wax candles,667.0,storyboard,13,104.47,112.51,8.04,https://youtu.be/EBZGgxpf3Ho?t=104s,gather_materials,prep,1,0.45,"Unboxing supplies (Pro Wicks, stearic acid, jars, fragrance).","Unboxing supplies (Pro Wicks, stearic acid, jars, fragrance). prep phase, ~16% in, 1:44–1:52.",,0,1,,
FhVukBUHls0,https://www.youtube.com/watch?v=FhVukBUHls0,"Candle Making Kit with Electronic Hot Plate for Beginners, Adults, and Kids",110.0,storyboard,0,0.0,7.86,7.86,https://youtu.be/FhVukBUHls0?t=0s,gather_materials,prep,1,0.55,"Overhead: hands unpack the candle kit — a wax block, vacuum-packed wax, and supply packets laid on the bench.","Overhead: hands unpack the candle kit — a wax block, vacuum-packed wax, and supply packets laid on the bench. prep phase, ~0% in, 0:00–0:07.",,0,1,,
FhVukBUHls0,https://www.youtube.com/watch?v=FhVukBUHls0,"Candle Making Kit with Electronic Hot Plate for Beginners, Adults, and Kids",110.0,storyboard,1,7.86,15.71,7.85,https://youtu.be/FhVukBUHls0?t=8s,gather_materials,prep,1,0.5,"Kit packets, the electronic hotplate and a metal melting pan are arranged for the build.","Kit packets, the electronic hotplate and a metal melting pan are arranged for the build. prep phase, ~7% in, 0:07–0:15.",,0,1,,
G42ivbBdIHY,https://www.youtube.com/watch?v=G42ivbBdIHY,Essential Oil Candles DIY For Beginners | Step By Step Candle Making Tutorial,693.0,storyboard,15,119.48,127.45,7.97,https://youtu.be/G42ivbBdIHY?t=119s,gather_materials,prep,1,0.45,Host shows the thermometer.,"Host shows the thermometer. prep phase, ~17% in, 1:59–2:07.",,0,1,,
G42ivbBdIHY,https://www.youtube.com/watch?v=G42ivbBdIHY,Essential Oil Candles DIY For Beginners | Step By Step Candle Making Tutorial,693.0,storyboard,16,127.45,135.41,7.96,https://youtu.be/G42ivbBdIHY?t=127s,gather_materials,prep,1,0.45,Host shows the wax; 'WAX' caption.,"Host shows the wax; 'WAX' caption. prep phase, ~18% in, 2:07–2:15.",,0,1,,
G42ivbBdIHY,https://www.youtube.com/watch?v=G42ivbBdIHY,Essential Oil Candles DIY For Beginners | Step By Step Candle Making Tutorial,693.0,storyboard,17,135.41,143.38,7.97,https://youtu.be/G42ivbBdIHY?t=135s,gather_materials,prep,0,0.6,Host talks to camera.,"Host talks to camera. Showing or laying out the supplies and tools that will be used. prep phase, ~20% in, 2:15–2:23.",,0,1,desc_talking_head,
G42ivbBdIHY,https://www.youtube.com/watch?v=G42ivbBdIHY,Essential Oil Candles DIY For Beginners | Step By Step Candle Making Tutorial,693.0,storyboard,18,143.38,151.34,7.96,https://youtu.be/G42ivbBdIHY?t=143s,gather_materials,prep,1,0.45,'Karen clear 20cl' jar shown.,"'Karen clear 20cl' jar shown. prep phase, ~21% in, 2:23–2:31.",,0,1,,
G42ivbBdIHY,https://www.youtube.com/watch?v=G42ivbBdIHY,Essential Oil Candles DIY For Beginners | Step By Step Candle Making Tutorial,693.0,storyboard,19,151.34,159.31,7.97,https://youtu.be/G42ivbBdIHY?t=151s,gather_materials,prep,1,0.45,Host shows the wick.,"Host shows the wick. Showing or laying out the supplies and tools that will be used. prep phase, ~22% in, 2:31–2:39.",,0,1,,
G42ivbBdIHY,https://www.youtube.com/watch?v=G42ivbBdIHY,Essential Oil Candles DIY For Beginners | Step By Step Candle Making Tutorial,693.0,storyboard,20,159.31,167.28,7.97,https://youtu.be/G42ivbBdIHY?t=159s,gather_materials,prep,1,0.45,Host shows the wax.,"Host shows the wax. Showing or laying out the supplies and tools that will be used. prep phase, ~23% in, 2:39–2:47.",,0,1,,
Hir66vEC2MI,https://www.youtube.com/watch?v=Hir66vEC2MI,Learn How to Make Scented Soy Wax Candles for Beginners | CandleScience Guides,323.0,storyboard,2,16.15,24.22,8.07,https://youtu.be/Hir66vEC2MI?t=16s,gather_materials,prep,1,0.6,jars and supplies laid out,"jars and supplies laid out. prep phase, ~5% in, 0:16–0:24.",,0,1,,
Hir66vEC2MI,https://www.youtube.com/watch?v=Hir66vEC2MI,Learn How to Make Scented Soy Wax Candles for Beginners | CandleScience Guides,323.0,storyboard,5,40.38,48.45,8.07,https://youtu.be/Hir66vEC2MI?t=40s,gather_materials,prep,1,0.6,row of fragrance bottles,"row of fragrance bottles. prep phase, ~13% in, 0:40–0:48.",,0,1,,
Hir66vEC2MI,https://www.youtube.com/watch?v=Hir66vEC2MI,Learn How to Make Scented Soy Wax Candles for Beginners | CandleScience Guides,323.0,storyboard,6,48.45,56.53,8.08,https://youtu.be/Hir66vEC2MI?t=48s,gather_materials,prep,1,0.5,holding fragrance bottle,"holding fragrance bottle. prep phase, ~15% in, 0:48–0:56.",,0,1,,
Hir66vEC2MI,https://www.youtube.com/watch?v=Hir66vEC2MI,Learn How to Make Scented Soy Wax Candles for Beginners | CandleScience Guides,323.0,storyboard,7,56.53,64.6,8.07,https://youtu.be/Hir66vEC2MI?t=57s,gather_materials,prep,1,0.5,fragrance bottle close-up,"fragrance bottle close-up. prep phase, ~18% in, 0:56–1:04.",,0,1,,
Hir66vEC2MI,https://www.youtube.com/watch?v=Hir66vEC2MI,Learn How to Make Scented Soy Wax Candles for Beginners | CandleScience Guides,323.0,storyboard,8,64.6,72.68,8.08,https://youtu.be/Hir66vEC2MI?t=65s,gather_materials,prep,1,0.55,labelled bottles lined up,"labelled bottles lined up. prep phase, ~20% in, 1:04–1:12.",,0,1,,
Hir66vEC2MI,https://www.youtube.com/watch?v=Hir66vEC2MI,Learn How to Make Scented Soy Wax Candles for Beginners | CandleScience Guides,323.0,storyboard,9,72.68,80.75,8.07,https://youtu.be/Hir66vEC2MI?t=73s,gather_materials,prep,0,0.6,host talking to camera,"host talking to camera. Showing or laying out the supplies and tools that will be used. prep phase, ~23% in, 1:12–1:20.",,0,1,desc_talking_head,
Hir66vEC2MI,https://www.youtube.com/watch?v=Hir66vEC2MI,Learn How to Make Scented Soy Wax Candles for Beginners | CandleScience Guides,323.0,storyboard,10,80.75,88.83,8.08,https://youtu.be/Hir66vEC2MI?t=81s,gather_materials,prep,1,0.45,holding small bottle,"holding small bottle. Showing or laying out the supplies and tools that will be used. prep phase, ~25% in, 1:20–1:28.",,0,1,,
Hir66vEC2MI,https://www.youtube.com/watch?v=Hir66vEC2MI,Learn How to Make Scented Soy Wax Candles for Beginners | CandleScience Guides,323.0,storyboard,11,88.83,96.9,8.07,https://youtu.be/Hir66vEC2MI?t=89s,gather_materials,prep,1,0.4,handling fragrance bottle,"handling fragrance bottle. prep phase, ~28% in, 1:28–1:36.",,0,1,,
Hir66vEC2MI,https://www.youtube.com/watch?v=Hir66vEC2MI,Learn How to Make Scented Soy Wax Candles for Beginners | CandleScience Guides,323.0,storyboard,12,96.9,104.98,8.08,https://youtu.be/Hir66vEC2MI?t=97s,gather_materials,prep,1,0.5,supply boxes shown,"supply boxes shown. Showing or laying out the supplies and tools that will be used. prep phase, ~30% in, 1:36–1:44.",,0,1,,
Jap03OmOhXU,https://www.youtube.com/watch?v=Jap03OmOhXU,15 BRILLIANT Dollar Tree Candle HACKS 🕯️ (gift ideas galore!),388.0,storyboard,2,16.17,24.25,8.08,https://youtu.be/Jap03OmOhXU?t=16s,gather_materials,prep,1,0.4,Dollar Tree candles/supplies shown.,"Dollar Tree candles/supplies shown. prep phase, ~4% in, 0:16–0:24.",,0,1,,
Jap03OmOhXU,https://www.youtube.com/watch?v=Jap03OmOhXU,15 BRILLIANT Dollar Tree Candle HACKS 🕯️ (gift ideas galore!),388.0,storyboard,6,48.5,56.58,8.08,https://youtu.be/Jap03OmOhXU?t=48s,gather_materials,prep,1,0.4,Dollar Tree candles/supplies shown.,"Dollar Tree candles/supplies shown. prep phase, ~12% in, 0:48–0:56.",,0,1,,
Jap03OmOhXU,https://www.youtube.com/watch?v=Jap03OmOhXU,15 BRILLIANT Dollar Tree Candle HACKS 🕯️ (gift ideas galore!),388.0,storyboard,14,113.17,121.25,8.08,https://youtu.be/Jap03OmOhXU?t=113s,gather_materials,prep,1,0.4,Dollar Tree candles/supplies shown.,"Dollar Tree candles/supplies shown. prep phase, ~29% in, 1:53–2:01.",,0,1,,
Jap03OmOhXU,https://www.youtube.com/watch?v=Jap03OmOhXU,15 BRILLIANT Dollar Tree Candle HACKS 🕯️ (gift ideas galore!),388.0,storyboard,26,210.17,218.25,8.08,https://youtu.be/Jap03OmOhXU?t=210s,gather_materials,prep,1,0.4,Dollar Tree candles/supplies shown.,"Dollar Tree candles/supplies shown. prep phase, ~54% in, 3:30–3:38.",,0,1,,
Jap03OmOhXU,https://www.youtube.com/watch?v=Jap03OmOhXU,15 BRILLIANT Dollar Tree Candle HACKS 🕯️ (gift ideas galore!),388.0,storyboard,30,242.5,250.58,8.08,https://youtu.be/Jap03OmOhXU?t=242s,gather_materials,prep,1,0.4,Dollar Tree candles/supplies shown.,"Dollar Tree candles/supplies shown. prep phase, ~62% in, 4:02–4:10.",,0,1,,
Jap03OmOhXU,https://www.youtube.com/watch?v=Jap03OmOhXU,15 BRILLIANT Dollar Tree Candle HACKS 🕯️ (gift ideas galore!),388.0,storyboard,34,274.83,282.92,8.09,https://youtu.be/Jap03OmOhXU?t=275s,gather_materials,prep,1,0.4,Dollar Tree candles/supplies shown.,"Dollar Tree candles/supplies shown. prep phase, ~71% in, 4:34–4:42.",,0,1,,
Jg1nhsDBtsQ,https://www.youtube.com/watch?v=Jg1nhsDBtsQ,Dollar Tree Candle Hacks That Will SHOCK You (2024) Krafts by Katelyn,665.0,storyboard,0,0.0,8.01,8.01,https://youtu.be/Jg1nhsDBtsQ?t=0s,gather_materials,prep,1,0.4,Dollar Tree store; LED pillar candle.,"Dollar Tree store; LED pillar candle. prep phase, ~0% in, 0:00–0:08.",,0,1,,
Jg1nhsDBtsQ,https://www.youtube.com/watch?v=Jg1nhsDBtsQ,Dollar Tree Candle Hacks That Will SHOCK You (2024) Krafts by Katelyn,665.0,storyboard,28,224.34,232.35,8.01,https://youtu.be/Jg1nhsDBtsQ?t=224s,gather_materials,prep,1,0.5,Dollar Tree supplies/clamshells shown.,"Dollar Tree supplies/clamshells shown. prep phase, ~34% in, 3:44–3:52.",,0,1,,
Jg1nhsDBtsQ,https://www.youtube.com/watch?v=Jg1nhsDBtsQ,Dollar Tree Candle Hacks That Will SHOCK You (2024) Krafts by Katelyn,665.0,storyboard,46,368.55,376.57,8.02,https://youtu.be/Jg1nhsDBtsQ?t=369s,gather_materials,prep,1,0.5,Dollar Tree supplies/clamshells shown.,"Dollar Tree supplies/clamshells shown. prep phase, ~55% in, 6:08–6:16.",,0,1,,
JxJVzdPJexE,https://www.youtube.com/watch?v=JxJVzdPJexE,Amazing Process of Making Hand Carved Candles,721.0,storyboard,1,8.01,16.02,8.01,https://youtu.be/JxJVzdPJexE?t=8s,gather_materials,prep,1,0.4,Trays of coloured wax (blue/red/yellow/green) and white candle cores.,"Trays of coloured wax (blue/red/yellow/green) and white candle cores. prep phase, ~1% in, 0:08–0:16.",,0,1,,
JxJVzdPJexE,https://www.youtube.com/watch?v=JxJVzdPJexE,Amazing Process of Making Hand Carved Candles,721.0,storyboard,2,16.02,24.03,8.01,https://youtu.be/JxJVzdPJexE?t=16s,gather_materials,prep,1,0.4,Heated coloured wax baths in the workshop.,"Heated coloured wax baths in the workshop. prep phase, ~2% in, 0:16–0:24.",,0,1,,
JxJVzdPJexE,https://www.youtube.com/watch?v=JxJVzdPJexE,Amazing Process of Making Hand Carved Candles,721.0,storyboard,3,24.03,32.04,8.01,https://youtu.be/JxJVzdPJexE?t=24s,gather_materials,prep,1,0.4,White cylindrical candle cores ready for dipping.,"White cylindrical candle cores ready for dipping. prep phase, ~3% in, 0:24–0:32.",,0,1,,
K7UxM5B0FdM,https://www.youtube.com/watch?v=K7UxM5B0FdM,Making Scented Candles using Coconut Soy Wax | DIY Candle-making | Direct Candle Supply,264.0,storyboard,6,48.0,56.0,8.0,https://youtu.be/K7UxM5B0FdM?t=48s,gather_materials,prep,1,0.45,Host sets up the double-boiler on the induction hob.,"Host sets up the double-boiler on the induction hob. prep phase, ~18% in, 0:48–0:56.",,0,1,,
Ktz5Q9udtXY,https://www.youtube.com/watch?v=Ktz5Q9udtXY,How to Make Essential Oil Candles | DIY Candle Making Tutorial,316.0,storyboard,2,15.8,23.7,7.9,https://youtu.be/Ktz5Q9udtXY?t=16s,gather_materials,prep,1,0.5,A copper tin and lid handled.,"A copper tin and lid handled. prep phase, ~5% in, 0:15–0:23.",,0,1,,
Ktz5Q9udtXY,https://www.youtube.com/watch?v=Ktz5Q9udtXY,How to Make Essential Oil Candles | DIY Candle Making Tutorial,316.0,storyboard,3,23.7,31.6,7.9,https://youtu.be/Ktz5Q9udtXY?t=24s,gather_materials,prep,1,0.5,Copper tins and a dark fragrance bottle laid out.,"Copper tins and a dark fragrance bottle laid out. prep phase, ~8% in, 0:23–0:31.",,0,1,,
Lg_fGA7jd4A,https://www.youtube.com/watch?v=Lg_fGA7jd4A,How to Make Whipped Wax?✨｜Candle Tutorial♥ Candle Making with English Subtitles,199.0,storyboard,0,0.0,7.96,7.96,https://youtu.be/Lg_fGA7jd4A?t=0s,gather_materials,prep,1,0.5,White wax balls/pieces laid out on a white surface for a whipped-wax candle.,"White wax balls/pieces laid out on a white surface for a whipped-wax candle. prep phase, ~0% in, 0:00–0:07.",,0,1,,
LiLrIjz_2ac,https://www.youtube.com/watch?v=LiLrIjz_2ac,Beginners Guide - How to Make a Scented Candle at Home,211.0,storyboard,1,8.12,16.23,8.11,https://youtu.be/LiLrIjz_2ac?t=8s,gather_materials,prep,1,0.55,"Wax block, wicks, jar and a blue thermometer laid out.","Wax block, wicks, jar and a blue thermometer laid out. prep phase, ~4% in, 0:08–0:16.",,0,1,,
NKgSlA79S78,https://www.youtube.com/watch?v=NKgSlA79S78,HOW TO MAKE ROLLED BEESWAX CANDLES | Easy Tutorial,430.0,storyboard,0,0.0,7.96,7.96,https://youtu.be/NKgSlA79S78?t=0s,gather_materials,prep,1,0.5,A honeycomb beeswax sheet laid out on the table.,"A honeycomb beeswax sheet laid out on the table. prep phase, ~0% in, 0:00–0:07.",,0,1,,
NKgSlA79S78,https://www.youtube.com/watch?v=NKgSlA79S78,HOW TO MAKE ROLLED BEESWAX CANDLES | Easy Tutorial,430.0,storyboard,22,175.19,183.15,7.96,https://youtu.be/NKgSlA79S78?t=175s,gather_materials,prep,1,0.45,Another beeswax sheet readied.,"Another beeswax sheet readied. prep phase, ~41% in, 2:55–3:03.",,0,1,,
PmWPYjBXB0s,https://www.youtube.com/watch?v=PmWPYjBXB0s,Wooden Wick Candle Burning Instructions,128.0,storyboard,1,8.0,16.0,8.0,https://youtu.be/PmWPYjBXB0s?t=8s,gather_materials,prep,1,0.45,"Hands show the candle jar/box (Fir Needle & Pine, Citrus Peel & Pine).","Hands show the candle jar/box (Fir Needle & Pine, Citrus Peel & Pine). prep phase, ~6% in, 0:08–0:16.",,0,1,,
Q9hV47GYsYI,https://www.youtube.com/watch?v=Q9hV47GYsYI,How to Make Perfect Candles  | SOY Candle Making | Scented Candle Making,650.0,storyboard,0,0.0,8.02,8.02,https://youtu.be/Q9hV47GYsYI?t=0s,gather_materials,prep,1,0.4,White silicone bubble moulds and finished candles.,"White silicone bubble moulds and finished candles. prep phase, ~0% in, 0:00–0:08.",,0,1,,
RwLOuuMSrWE,https://www.youtube.com/watch?v=RwLOuuMSrWE,CANDLE MAKING FOR BEGINNERS | How To Make Woodwick Candles,423.0,storyboard,0,0.0,7.98,7.98,https://youtu.be/RwLOuuMSrWE?t=0s,gather_materials,prep,1,0.5,"Overhead supplies — fragrance bottle, scale and a candle — laid out for a wooden-wick build.","Overhead supplies — fragrance bottle, scale and a candle — laid out for a wooden-wick build. prep phase, ~0% in, 0:00–0:07.",,0,1,,
RwLOuuMSrWE,https://www.youtube.com/watch?v=RwLOuuMSrWE,CANDLE MAKING FOR BEGINNERS | How To Make Woodwick Candles,423.0,storyboard,1,7.98,15.96,7.98,https://youtu.be/RwLOuuMSrWE?t=8s,gather_materials,prep,0,0.45,Finished candle teaser / intro card.,"Finished candle teaser / intro card. prep phase, ~2% in, 0:07–0:15.",,0,1,desc_text_card,
RwLOuuMSrWE,https://www.youtube.com/watch?v=RwLOuuMSrWE,CANDLE MAKING FOR BEGINNERS | How To Make Woodwick Candles,423.0,storyboard,2,15.96,23.94,7.98,https://youtu.be/RwLOuuMSrWE?t=16s,gather_materials,prep,1,0.5,Overhead jars and supplies.,"Overhead jars and supplies. prep phase, ~4% in, 0:15–0:23.",,0,1,,
RwLOuuMSrWE,https://www.youtube.com/watch?v=RwLOuuMSrWE,CANDLE MAKING FOR BEGINNERS | How To Make Woodwick Candles,423.0,storyboard,3,23.94,31.92,7.98,https://youtu.be/RwLOuuMSrWE?t=24s,gather_materials,prep,1,0.45,Supplies arranged on the white table.,"Supplies arranged on the white table. prep phase, ~6% in, 0:23–0:31.",,0,1,,
T5dzL3dyfeU,https://www.youtube.com/watch?v=T5dzL3dyfeU,"candle studio vlog | organizing inventory, packing orders, new candle molds, candle-making",643.0,storyboard,27,217.01,225.05,8.04,https://youtu.be/T5dzL3dyfeU?t=217s,gather_materials,prep,1,0.5,Candle supplies/rolls shown.,"Candle supplies/rolls shown. prep phase, ~34% in, 3:37–3:45.",,0,1,,
T5dzL3dyfeU,https://www.youtube.com/watch?v=T5dzL3dyfeU,"candle studio vlog | organizing inventory, packing orders, new candle molds, candle-making",643.0,storyboard,28,225.05,233.09,8.04,https://youtu.be/T5dzL3dyfeU?t=225s,gather_materials,prep,1,0.5,Candle supplies/rolls shown.,"Candle supplies/rolls shown. prep phase, ~35% in, 3:45–3:53.",,0,1,,
TYdTLOd4q4Y,https://www.youtube.com/watch?v=TYdTLOd4q4Y,Start Your Own Profitable Candle Making Business! How to make Candles at home #businessideas #candle,553.0,storyboard,4,32.06,40.07,8.01,https://youtu.be/TYdTLOd4q4Y?t=32s,gather_materials,prep,1,0.4,Supplies/mould b-roll.,"Supplies/mould b-roll. Showing or laying out the supplies and tools that will be used. prep phase, ~6% in, 0:32–0:40.",,0,1,,
TYdTLOd4q4Y,https://www.youtube.com/watch?v=TYdTLOd4q4Y,Start Your Own Profitable Candle Making Business! How to make Candles at home #businessideas #candle,553.0,storyboard,11,88.16,96.17,8.01,https://youtu.be/TYdTLOd4q4Y?t=88s,gather_materials,prep,1,0.4,Coloured wax / dye palette b-roll.,"Coloured wax / dye palette b-roll. prep phase, ~16% in, 1:28–1:36.",,0,1,,
TcpmRHRmLEA,https://www.youtube.com/watch?v=TcpmRHRmLEA,DIY CRAYON CANDLE - Home Decor - How To | SoCraftastic,297.0,storyboard,4,32.11,40.14,8.03,https://youtu.be/TcpmRHRmLEA?t=32s,gather_materials,prep,1,0.45,Crayola crayon boxes shown.,"Crayola crayon boxes shown. prep phase, ~11% in, 0:32–0:40.",,0,1,,
TcpmRHRmLEA,https://www.youtube.com/watch?v=TcpmRHRmLEA,DIY CRAYON CANDLE - Home Decor - How To | SoCraftastic,297.0,storyboard,5,40.14,48.16,8.02,https://youtu.be/TcpmRHRmLEA?t=40s,gather_materials,prep,1,0.45,Crayons shown ('Like').,"Crayons shown ('Like'). Showing or laying out the supplies and tools that will be used. prep phase, ~14% in, 0:40–0:48.",,0,1,,
TcpmRHRmLEA,https://www.youtube.com/watch?v=TcpmRHRmLEA,DIY CRAYON CANDLE - Home Decor - How To | SoCraftastic,297.0,storyboard,6,48.16,56.19,8.03,https://youtu.be/TcpmRHRmLEA?t=48s,gather_materials,prep,1,0.45,Rainbow crayons lined up.,"Rainbow crayons lined up. prep phase, ~16% in, 0:48–0:56.",,0,1,,
TcpmRHRmLEA,https://www.youtube.com/watch?v=TcpmRHRmLEA,DIY CRAYON CANDLE - Home Decor - How To | SoCraftastic,297.0,storyboard,7,56.19,64.22,8.03,https://youtu.be/TcpmRHRmLEA?t=56s,gather_materials,prep,1,0.45,Crayons sorted by colour.,"Crayons sorted by colour. prep phase, ~19% in, 0:56–1:04.",,0,1,,
ToGNCotyDeE,https://www.youtube.com/watch?v=ToGNCotyDeE,How to Make Candles With ToAuto New 15L Wax Melting Furnace - Start Your Candle Business Easily,246.0,storyboard,0,0.0,7.94,7.94,https://youtu.be/ToGNCotyDeE?t=0s,gather_materials,prep,1,0.45,ToAuto wax melter tank and supplies.,"ToAuto wax melter tank and supplies. prep phase, ~0% in, 0:00–0:07.",,0,1,,
Ucr1PgqwuCU,https://www.youtube.com/watch?v=Ucr1PgqwuCU,How to Make Coconut Oil Scented Candles | Thrive Market,230.0,storyboard,7,55.52,63.45,7.93,https://youtu.be/Ucr1PgqwuCU?t=56s,gather_materials,prep,1,0.5,Row of black fragrance bottles shown.,"Row of black fragrance bottles shown. prep phase, ~24% in, 0:55–1:03.",,0,1,,
Ucr1PgqwuCU,https://www.youtube.com/watch?v=Ucr1PgqwuCU,How to Make Coconut Oil Scented Candles | Thrive Market,230.0,storyboard,8,63.45,71.38,7.93,https://youtu.be/Ucr1PgqwuCU?t=63s,gather_materials,prep,1,0.5,Host holds the coconut oil jar.,"Host holds the coconut oil jar. prep phase, ~28% in, 1:03–1:11.",,0,1,,
UrFrR3p0B3A,https://www.youtube.com/watch?v=UrFrR3p0B3A,"DIY Candle Jars with Jesmonite | aesthetic candle vessels, Boowan Nicole molds | handmade gift ideas",399.0,storyboard,0,0.0,7.98,7.98,https://youtu.be/UrFrR3p0B3A?t=0s,gather_materials,prep,1,0.5,Jesmonite bags and a mould laid out to make aesthetic candle jars.,"Jesmonite bags and a mould laid out to make aesthetic candle jars. prep phase, ~0% in, 0:00–0:07.",,0,1,,
UrFrR3p0B3A,https://www.youtube.com/watch?v=UrFrR3p0B3A,"DIY Candle Jars with Jesmonite | aesthetic candle vessels, Boowan Nicole molds | handmade gift ideas",399.0,storyboard,3,23.94,31.92,7.98,https://youtu.be/UrFrR3p0B3A?t=24s,gather_materials,prep,1,0.5,Jesmonite product bag shown.,"Jesmonite product bag shown. prep phase, ~6% in, 0:23–0:31.",,0,1,,
UvgHUG48cgE,https://www.youtube.com/watch?v=UvgHUG48cgE,"STEP BY STEP: How I Make My 6 oz. Tin Soy Candles | Formula, First Burn Test, Visual Demonstration",734.0,storyboard,67,534.54,542.52,7.98,https://youtu.be/UvgHUG48cgE?t=535s,gather_materials,prep,1,0.5,Supplies/fragrance shown.,"Supplies/fragrance shown. prep phase, ~73% in, 8:54–9:02.",,0,1,,
UvgHUG48cgE,https://www.youtube.com/watch?v=UvgHUG48cgE,"STEP BY STEP: How I Make My 6 oz. Tin Soy Candles | Formula, First Burn Test, Visual Demonstration",734.0,storyboard,70,558.48,566.46,7.98,https://youtu.be/UvgHUG48cgE?t=558s,gather_materials,prep,1,0.5,Supplies/fragrance shown.,"Supplies/fragrance shown. prep phase, ~76% in, 9:18–9:26.",,0,1,,
UvgHUG48cgE,https://www.youtube.com/watch?v=UvgHUG48cgE,"STEP BY STEP: How I Make My 6 oz. Tin Soy Candles | Formula, First Burn Test, Visual Demonstration",734.0,storyboard,71,566.46,574.43,7.97,https://youtu.be/UvgHUG48cgE?t=566s,gather_materials,prep,1,0.5,Supplies/fragrance shown.,"Supplies/fragrance shown. prep phase, ~77% in, 9:26–9:34.",,0,1,,
VazMrJH55Is,https://www.youtube.com/watch?v=VazMrJH55Is,Honey Vanilla Beeswax Candles | How to Make Candles,419.0,storyboard,2,16.12,24.17,8.05,https://youtu.be/VazMrJH55Is?t=16s,gather_materials,prep,1,0.5,Hands at the stove with a bottle (coconut oil).,"Hands at the stove with a bottle (coconut oil). prep phase, ~4% in, 0:16–0:24.",,0,1,,
VnrkS1tkLJk,https://www.youtube.com/watch?v=VnrkS1tkLJk,Our Must Have Candle Making Supplies & Equipment | Beginner to Advanced Candle Makers,722.0,storyboard,9,72.2,80.22,8.02,https://youtu.be/VnrkS1tkLJk?t=72s,gather_materials,prep,1,0.4,Candle-making equipment/supplies shown.,"Candle-making equipment/supplies shown. prep phase, ~10% in, 1:12–1:20.",,0,1,,
VnrkS1tkLJk,https://www.youtube.com/watch?v=VnrkS1tkLJk,Our Must Have Candle Making Supplies & Equipment | Beginner to Advanced Candle Makers,722.0,storyboard,55,441.22,449.24,8.02,https://youtu.be/VnrkS1tkLJk?t=441s,gather_materials,prep,1,0.5,Candle-making equipment/supplies shown.,"Candle-making equipment/supplies shown. prep phase, ~61% in, 7:21–7:29.",,0,1,,
Vp4eR_y0Zsc,https://www.youtube.com/watch?v=Vp4eR_y0Zsc,Candle Making DIY bubble Candle | Make aesthetic candles with me! |큐브캔들 만들기,509.0,storyboard,0,0.0,7.95,7.95,https://youtu.be/Vp4eR_y0Zsc?t=0s,gather_materials,prep,1,0.45,Bubble silicone moulds and finished bubble candles.,"Bubble silicone moulds and finished bubble candles. prep phase, ~0% in, 0:00–0:07.",,0,1,,
Vsd8r7uSDII,https://www.youtube.com/watch?v=Vsd8r7uSDII,How To Make A Wooden Wick Candle | Luxury Candle Making,288.0,storyboard,2,16.0,24.0,8.0,https://youtu.be/Vsd8r7uSDII?t=16s,gather_materials,prep,1,0.55,Host presents the supplies on the table.,"Host presents the supplies on the table. Showing or laying out the supplies and tools that will be used. prep phase, ~6% in, 0:16–0:24.",,0,1,,
Vsd8r7uSDII,https://www.youtube.com/watch?v=Vsd8r7uSDII,How To Make A Wooden Wick Candle | Luxury Candle Making,288.0,storyboard,3,24.0,32.0,8.0,https://youtu.be/Vsd8r7uSDII?t=24s,gather_materials,prep,1,0.55,Dark fragrance bottles shown; host.,"Dark fragrance bottles shown; host. prep phase, ~8% in, 0:24–0:32.",,0,1,,
WfkIQ899U7M,https://www.youtube.com/watch?v=WfkIQ899U7M,Making a Batch of Candles and Packing an Order | Silent Studio Vlog,240.0,storyboard,0,0.0,8.0,8.0,https://youtu.be/WfkIQ899U7M?t=0s,gather_materials,prep,1,0.45,Dark workspace; black jars and supplies.,"Dark workspace; black jars and supplies. prep phase, ~0% in, 0:00–0:08.",,0,1,,
ZQk9l2ttcIA,https://www.youtube.com/watch?v=ZQk9l2ttcIA,A Beginners Guide To Making A Candle,256.0,storyboard,2,16.0,24.0,8.0,https://youtu.be/ZQk9l2ttcIA?t=16s,gather_materials,prep,1,0.55,host with supplies laid on table,"host with supplies laid on table. prep phase, ~6% in, 0:16–0:24.",,0,1,,
_0gbnNLyE6k,https://www.youtube.com/watch?v=_0gbnNLyE6k,How To: Find The Right Wooden Wick! (Step by Step Guide),880.0,storyboard,82,656.0,664.0,8.0,https://youtu.be/_0gbnNLyE6k?t=656s,gather_materials,prep,1,0.5,Wooden-wick samples laid out / shown.,"Wooden-wick samples laid out / shown. prep phase, ~75% in, 10:56–11:04.",,0,1,,
_0gbnNLyE6k,https://www.youtube.com/watch?v=_0gbnNLyE6k,How To: Find The Right Wooden Wick! (Step by Step Guide),880.0,storyboard,83,664.0,672.0,8.0,https://youtu.be/_0gbnNLyE6k?t=664s,gather_materials,prep,1,0.5,Wooden-wick samples laid out / shown.,"Wooden-wick samples laid out / shown. prep phase, ~75% in, 11:04–11:12.",,0,1,,
_0gbnNLyE6k,https://www.youtube.com/watch?v=_0gbnNLyE6k,How To: Find The Right Wooden Wick! (Step by Step Guide),880.0,storyboard,84,672.0,680.0,8.0,https://youtu.be/_0gbnNLyE6k?t=672s,gather_materials,prep,1,0.5,Wooden-wick samples laid out / shown.,"Wooden-wick samples laid out / shown. prep phase, ~76% in, 11:12–11:20.",,0,1,,
_0gbnNLyE6k,https://www.youtube.com/watch?v=_0gbnNLyE6k,How To: Find The Right Wooden Wick! (Step by Step Guide),880.0,storyboard,85,680.0,688.0,8.0,https://youtu.be/_0gbnNLyE6k?t=680s,gather_materials,prep,1,0.5,Wooden-wick samples laid out / shown.,"Wooden-wick samples laid out / shown. prep phase, ~77% in, 11:20–11:28.",,0,1,,
_0gbnNLyE6k,https://www.youtube.com/watch?v=_0gbnNLyE6k,How To: Find The Right Wooden Wick! (Step by Step Guide),880.0,storyboard,86,688.0,696.0,8.0,https://youtu.be/_0gbnNLyE6k?t=688s,gather_materials,prep,1,0.5,Wooden-wick samples laid out / shown.,"Wooden-wick samples laid out / shown. prep phase, ~78% in, 11:28–11:36.",,0,1,,
_0gbnNLyE6k,https://www.youtube.com/watch?v=_0gbnNLyE6k,How To: Find The Right Wooden Wick! (Step by Step Guide),880.0,storyboard,87,696.0,704.0,8.0,https://youtu.be/_0gbnNLyE6k?t=696s,gather_materials,prep,1,0.5,Wooden-wick samples laid out / shown.,"Wooden-wick samples laid out / shown. prep phase, ~79% in, 11:36–11:44.",,0,1,,
_0gbnNLyE6k,https://www.youtube.com/watch?v=_0gbnNLyE6k,How To: Find The Right Wooden Wick! (Step by Step Guide),880.0,storyboard,88,704.0,712.0,8.0,https://youtu.be/_0gbnNLyE6k?t=704s,gather_materials,prep,1,0.5,Wooden-wick samples laid out / shown.,"Wooden-wick samples laid out / shown. prep phase, ~80% in, 11:44–11:52.",,0,1,,
_au1ji8rMkM,https://www.youtube.com/watch?v=_au1ji8rMkM,DIY Ice Candle // Candle Making at Home for Beginners // DIY Candle Making,102.0,storyboard,2,15.69,23.54,7.85,https://youtu.be/_au1ji8rMkM?t=16s,gather_materials,prep,1,0.45,'Describe in One Word' caption; soy wax bag and white wax.,"'Describe in One Word' caption; soy wax bag and white wax. prep phase, ~15% in, 0:15–0:23.",,0,1,,
_eyf0tCZzBY,https://www.youtube.com/watch?v=_eyf0tCZzBY,Non-toxic DIY Candles with Beeswax & Coconut Oil | Great for Meditation and Manifesting Practices,150.0,storyboard,1,7.89,15.79,7.9,https://youtu.be/_eyf0tCZzBY?t=8s,gather_materials,prep,1,0.55,"Overhead: beeswax block, a jar of coconut oil and metal tins laid out.","Overhead: beeswax block, a jar of coconut oil and metal tins laid out. prep phase, ~5% in, 0:07–0:15.",,0,1,,
_eyf0tCZzBY,https://www.youtube.com/watch?v=_eyf0tCZzBY,Non-toxic DIY Candles with Beeswax & Coconut Oil | Great for Meditation and Manifesting Practices,150.0,storyboard,2,15.79,23.68,7.89,https://youtu.be/_eyf0tCZzBY?t=16s,gather_materials,prep,1,0.5,Tins and ingredients arranged on the dark surface.,"Tins and ingredients arranged on the dark surface. prep phase, ~11% in, 0:15–0:23.",,0,1,,
a9IOU3fbWx0,https://www.youtube.com/watch?v=a9IOU3fbWx0,How to Make Simple Paraffin Candles | Candle Making Guides | CandleScience,221.0,storyboard,5,39.46,47.36,7.9,https://youtu.be/a9IOU3fbWx0?t=39s,gather_materials,prep,1,0.55,Row of black fragrance bottles shown.,"Row of black fragrance bottles shown. prep phase, ~18% in, 0:39–0:47.",,0,1,,
bE3cn6R9khs,https://www.youtube.com/watch?v=bE3cn6R9khs,HOW TO MAKE CANDLES THAT ACTUALLY SMELL GOOD,263.0,storyboard,6,47.82,55.79,7.97,https://youtu.be/bE3cn6R9khs?t=48s,gather_materials,prep,1,0.4,A black spoon and black pan for the double boiler.,"A black spoon and black pan for the double boiler. prep phase, ~18% in, 0:47–0:55.",,0,1,,
bEhlvggbwk8,https://www.youtube.com/watch?v=bEhlvggbwk8,Wick Candle Maker by We R Memory Keepers,82.0,storyboard,0,0.0,8.2,8.2,https://youtu.be/bEhlvggbwk8?t=0s,gather_materials,prep,1,0.5,White We R Memory Keepers 'Wick' candle machine with a teal wax ball and blue dye.,"White We R Memory Keepers 'Wick' candle machine with a teal wax ball and blue dye. prep phase, ~0% in, 0:00–0:08.",,0,1,,
bOutp9y0oxE,https://www.youtube.com/watch?v=bOutp9y0oxE,Tealight Candle Making At Home 😱/ Tea Light Candles Holder / diwali decoration Idea 2025/DIY Candle🥰,83.0,storyboard,0,0.0,8.3,8.3,https://youtu.be/bOutp9y0oxE?t=0s,gather_materials,prep,0,0.5,A metal tin holds white wax/old-candle pieces on a table; hands begin to handle them (SUBSCRIBE overlay present).,"A metal tin holds white wax/old-candle pieces on a table; hands begin to handle them (SUBSCRIBE overlay present). prep phase, ~0% in, 0:00–0:08.",,0,1,desc_text_card,
brxojqIpgH0,https://www.youtube.com/watch?v=brxojqIpgH0,How to Make Soy Tealight Candles | DIY Candle Making,171.0,storyboard,1,8.14,16.29,8.15,https://youtu.be/brxojqIpgH0?t=8s,gather_materials,prep,1,0.55,Host beside a tray of pink/red tealight cups.,"Host beside a tray of pink/red tealight cups. prep phase, ~5% in, 0:08–0:16.",,0,1,,
brxojqIpgH0,https://www.youtube.com/watch?v=brxojqIpgH0,How to Make Soy Tealight Candles | DIY Candle Making,171.0,storyboard,2,16.29,24.43,8.14,https://youtu.be/brxojqIpgH0?t=16s,gather_materials,prep,1,0.6,"Materials list caption: soy wax, tealight cups, wicks, wick stickers, fragrance, candle dye.","Materials list caption: soy wax, tealight cups, wicks, wick stickers, fragrance, candle dye. prep phase, ~10% in, 0:16–0:24.",,0,1,,
brxojqIpgH0,https://www.youtube.com/watch?v=brxojqIpgH0,How to Make Soy Tealight Candles | DIY Candle Making,171.0,storyboard,3,24.43,32.57,8.14,https://youtu.be/brxojqIpgH0?t=24s,gather_materials,prep,1,0.5,Host presents the supplies list to camera.,"Host presents the supplies list to camera. Showing or laying out the supplies and tools that will be used. prep phase, ~14% in, 0:24–0:32.",,0,1,,
brxojqIpgH0,https://www.youtube.com/watch?v=brxojqIpgH0,How to Make Soy Tealight Candles | DIY Candle Making,171.0,storyboard,4,32.57,40.71,8.14,https://youtu.be/brxojqIpgH0?t=33s,gather_materials,prep,1,0.5,Supplies list with candle dye highlighted.,"Supplies list with candle dye highlighted. prep phase, ~19% in, 0:32–0:40.",,0,1,,
e2RHQ6LVr-w,https://www.youtube.com/watch?v=e2RHQ6LVr-w,Making Candles at Home- Full Step-by-Step Tutorial,883.0,storyboard,2,16.05,24.08,8.03,https://youtu.be/e2RHQ6LVr-w?t=16s,gather_materials,prep,1,0.4,"Showing wax bag, jars and supplies.","Showing wax bag, jars and supplies. prep phase, ~2% in, 0:16–0:24.",,0,1,,
e2RHQ6LVr-w,https://www.youtube.com/watch?v=e2RHQ6LVr-w,Making Candles at Home- Full Step-by-Step Tutorial,883.0,storyboard,5,40.14,48.16,8.02,https://youtu.be/e2RHQ6LVr-w?t=40s,gather_materials,prep,1,0.4,"Showing wax bag, jars and supplies.","Showing wax bag, jars and supplies. prep phase, ~5% in, 0:40–0:48.",,0,1,,
e2RHQ6LVr-w,https://www.youtube.com/watch?v=e2RHQ6LVr-w,Making Candles at Home- Full Step-by-Step Tutorial,883.0,storyboard,8,64.22,72.25,8.03,https://youtu.be/e2RHQ6LVr-w?t=64s,gather_materials,prep,1,0.4,"Showing wax bag, jars and supplies.","Showing wax bag, jars and supplies. prep phase, ~7% in, 1:04–1:12.",,0,1,,
e2RHQ6LVr-w,https://www.youtube.com/watch?v=e2RHQ6LVr-w,Making Candles at Home- Full Step-by-Step Tutorial,883.0,storyboard,11,88.3,96.33,8.03,https://youtu.be/e2RHQ6LVr-w?t=88s,gather_materials,prep,1,0.4,"Showing wax bag, jars and supplies.","Showing wax bag, jars and supplies. prep phase, ~10% in, 1:28–1:36.",,0,1,,
e2RHQ6LVr-w,https://www.youtube.com/watch?v=e2RHQ6LVr-w,Making Candles at Home- Full Step-by-Step Tutorial,883.0,storyboard,14,112.38,120.41,8.03,https://youtu.be/e2RHQ6LVr-w?t=112s,gather_materials,prep,1,0.4,"Showing wax bag, jars and supplies.","Showing wax bag, jars and supplies. prep phase, ~13% in, 1:52–2:00.",,0,1,,
e2RHQ6LVr-w,https://www.youtube.com/watch?v=e2RHQ6LVr-w,Making Candles at Home- Full Step-by-Step Tutorial,883.0,storyboard,17,136.46,144.49,8.03,https://youtu.be/e2RHQ6LVr-w?t=136s,gather_materials,prep,1,0.4,"Showing wax bag, jars and supplies.","Showing wax bag, jars and supplies. prep phase, ~15% in, 2:16–2:24.",,0,1,,
e2RHQ6LVr-w,https://www.youtube.com/watch?v=e2RHQ6LVr-w,Making Candles at Home- Full Step-by-Step Tutorial,883.0,storyboard,20,160.55,168.57,8.02,https://youtu.be/e2RHQ6LVr-w?t=161s,gather_materials,prep,1,0.4,"Showing wax bag, jars and supplies.","Showing wax bag, jars and supplies. prep phase, ~18% in, 2:40–2:48.",,0,1,,
e2RHQ6LVr-w,https://www.youtube.com/watch?v=e2RHQ6LVr-w,Making Candles at Home- Full Step-by-Step Tutorial,883.0,storyboard,23,184.63,192.65,8.02,https://youtu.be/e2RHQ6LVr-w?t=185s,gather_materials,prep,1,0.4,"Showing wax bag, jars and supplies.","Showing wax bag, jars and supplies. prep phase, ~21% in, 3:04–3:12.",,0,1,,
ejlyZKwVMU8,https://www.youtube.com/watch?v=ejlyZKwVMU8,HOW TO MAKE WOODEN WICK SCENTED CANDLE | SOY WAX VANILLA SANDAL CANDLE DIY,117.0,storyboard,0,0.0,7.8,7.8,https://youtu.be/ejlyZKwVMU8?t=0s,gather_materials,prep,1,0.5,Overhead: a small grey handmade clay cup sits ready on a white surface.,"Overhead: a small grey handmade clay cup sits ready on a white surface. prep phase, ~0% in, 0:00–0:07.",,0,1,,
ejlyZKwVMU8,https://www.youtube.com/watch?v=ejlyZKwVMU8,HOW TO MAKE WOODEN WICK SCENTED CANDLE | SOY WAX VANILLA SANDAL CANDLE DIY,117.0,storyboard,1,7.8,15.6,7.8,https://youtu.be/ejlyZKwVMU8?t=8s,gather_materials,prep,1,0.55,A hand holds the clay vessel (caption 'handmade clay cup') beside a pile of white soy wax flakes.,"A hand holds the clay vessel (caption 'handmade clay cup') beside a pile of white soy wax flakes. prep phase, ~7% in, 0:07–0:15.",,0,1,,
eyBrs0uVjyw,https://www.youtube.com/watch?v=eyBrs0uVjyw,DIY candle making kit,549.0,storyboard,5,39.78,47.74,7.96,https://youtu.be/eyBrs0uVjyw?t=40s,gather_materials,prep,1,0.45,Unboxing/showing the candle-kit supplies.,"Unboxing/showing the candle-kit supplies. prep phase, ~7% in, 0:39–0:47.",,0,1,,
eyBrs0uVjyw,https://www.youtube.com/watch?v=eyBrs0uVjyw,DIY candle making kit,549.0,storyboard,6,47.74,55.7,7.96,https://youtu.be/eyBrs0uVjyw?t=48s,gather_materials,prep,1,0.45,Unboxing/showing the candle-kit supplies.,"Unboxing/showing the candle-kit supplies. prep phase, ~9% in, 0:47–0:55.",,0,1,,
eyBrs0uVjyw,https://www.youtube.com/watch?v=eyBrs0uVjyw,DIY candle making kit,549.0,storyboard,7,55.7,63.65,7.95,https://youtu.be/eyBrs0uVjyw?t=56s,gather_materials,prep,1,0.45,Unboxing/showing the candle-kit supplies.,"Unboxing/showing the candle-kit supplies. prep phase, ~10% in, 0:55–1:03.",,0,1,,
eyBrs0uVjyw,https://www.youtube.com/watch?v=eyBrs0uVjyw,DIY candle making kit,549.0,storyboard,8,63.65,71.61,7.96,https://youtu.be/eyBrs0uVjyw?t=64s,gather_materials,prep,1,0.45,Unboxing/showing the candle-kit supplies.,"Unboxing/showing the candle-kit supplies. prep phase, ~12% in, 1:03–1:11.",,0,1,,
eyBrs0uVjyw,https://www.youtube.com/watch?v=eyBrs0uVjyw,DIY candle making kit,549.0,storyboard,9,71.61,79.57,7.96,https://youtu.be/eyBrs0uVjyw?t=72s,gather_materials,prep,1,0.45,Unboxing/showing the candle-kit supplies.,"Unboxing/showing the candle-kit supplies. prep phase, ~13% in, 1:11–1:19.",,0,1,,
eyBrs0uVjyw,https://www.youtube.com/watch?v=eyBrs0uVjyw,DIY candle making kit,549.0,storyboard,10,79.57,87.52,7.95,https://youtu.be/eyBrs0uVjyw?t=80s,gather_materials,prep,1,0.45,Unboxing/showing the candle-kit supplies.,"Unboxing/showing the candle-kit supplies. prep phase, ~14% in, 1:19–1:27.",,0,1,,
eyBrs0uVjyw,https://www.youtube.com/watch?v=eyBrs0uVjyw,DIY candle making kit,549.0,storyboard,11,87.52,95.48,7.96,https://youtu.be/eyBrs0uVjyw?t=88s,gather_materials,prep,1,0.45,Unboxing/showing the candle-kit supplies.,"Unboxing/showing the candle-kit supplies. prep phase, ~16% in, 1:27–1:35.",,0,1,,
eyBrs0uVjyw,https://www.youtube.com/watch?v=eyBrs0uVjyw,DIY candle making kit,549.0,storyboard,12,95.48,103.43,7.95,https://youtu.be/eyBrs0uVjyw?t=95s,gather_materials,prep,1,0.45,Unboxing/showing the candle-kit supplies.,"Unboxing/showing the candle-kit supplies. prep phase, ~17% in, 1:35–1:43.",,0,1,,
eyBrs0uVjyw,https://www.youtube.com/watch?v=eyBrs0uVjyw,DIY candle making kit,549.0,storyboard,13,103.43,111.39,7.96,https://youtu.be/eyBrs0uVjyw?t=103s,gather_materials,prep,1,0.45,Unboxing/showing the candle-kit supplies.,"Unboxing/showing the candle-kit supplies. prep phase, ~19% in, 1:43–1:51.",,0,1,,
eyBrs0uVjyw,https://www.youtube.com/watch?v=eyBrs0uVjyw,DIY candle making kit,549.0,storyboard,14,111.39,119.35,7.96,https://youtu.be/eyBrs0uVjyw?t=111s,gather_materials,prep,1,0.45,Unboxing/showing the candle-kit supplies.,"Unboxing/showing the candle-kit supplies. prep phase, ~20% in, 1:51–1:59.",,0,1,,
eyBrs0uVjyw,https://www.youtube.com/watch?v=eyBrs0uVjyw,DIY candle making kit,549.0,storyboard,15,119.35,127.3,7.95,https://youtu.be/eyBrs0uVjyw?t=119s,gather_materials,prep,1,0.45,Unboxing/showing the candle-kit supplies.,"Unboxing/showing the candle-kit supplies. prep phase, ~22% in, 1:59–2:07.",,0,1,,
eyBrs0uVjyw,https://www.youtube.com/watch?v=eyBrs0uVjyw,DIY candle making kit,549.0,storyboard,16,127.3,135.26,7.96,https://youtu.be/eyBrs0uVjyw?t=127s,gather_materials,prep,1,0.45,Unboxing/showing the candle-kit supplies.,"Unboxing/showing the candle-kit supplies. prep phase, ~23% in, 2:07–2:15.",,0,1,,
eyBrs0uVjyw,https://www.youtube.com/watch?v=eyBrs0uVjyw,DIY candle making kit,549.0,storyboard,17,135.26,143.22,7.96,https://youtu.be/eyBrs0uVjyw?t=135s,gather_materials,prep,1,0.45,Unboxing/showing the candle-kit supplies.,"Unboxing/showing the candle-kit supplies. prep phase, ~25% in, 2:15–2:23.",,0,1,,
eyBrs0uVjyw,https://www.youtube.com/watch?v=eyBrs0uVjyw,DIY candle making kit,549.0,storyboard,18,143.22,151.17,7.95,https://youtu.be/eyBrs0uVjyw?t=143s,gather_materials,prep,1,0.45,Unboxing/showing the candle-kit supplies.,"Unboxing/showing the candle-kit supplies. prep phase, ~26% in, 2:23–2:31.",,0,1,,
eyBrs0uVjyw,https://www.youtube.com/watch?v=eyBrs0uVjyw,DIY candle making kit,549.0,storyboard,19,151.17,159.13,7.96,https://youtu.be/eyBrs0uVjyw?t=151s,gather_materials,prep,1,0.45,Unboxing/showing the candle-kit supplies.,"Unboxing/showing the candle-kit supplies. prep phase, ~28% in, 2:31–2:39.",,0,1,,
eyBrs0uVjyw,https://www.youtube.com/watch?v=eyBrs0uVjyw,DIY candle making kit,549.0,storyboard,20,159.13,167.09,7.96,https://youtu.be/eyBrs0uVjyw?t=159s,gather_materials,prep,1,0.45,Unboxing/showing the candle-kit supplies.,"Unboxing/showing the candle-kit supplies. prep phase, ~29% in, 2:39–2:47.",,0,1,,
eyBrs0uVjyw,https://www.youtube.com/watch?v=eyBrs0uVjyw,DIY candle making kit,549.0,storyboard,21,167.09,175.04,7.95,https://youtu.be/eyBrs0uVjyw?t=167s,gather_materials,prep,1,0.45,Unboxing/showing the candle-kit supplies.,"Unboxing/showing the candle-kit supplies. prep phase, ~30% in, 2:47–2:55.",,0,1,,
eyBrs0uVjyw,https://www.youtube.com/watch?v=eyBrs0uVjyw,DIY candle making kit,549.0,storyboard,22,175.04,183.0,7.96,https://youtu.be/eyBrs0uVjyw?t=175s,gather_materials,prep,1,0.45,Unboxing/showing the candle-kit supplies.,"Unboxing/showing the candle-kit supplies. prep phase, ~32% in, 2:55–3:03.",,0,1,,
eyBrs0uVjyw,https://www.youtube.com/watch?v=eyBrs0uVjyw,DIY candle making kit,549.0,storyboard,23,183.0,190.96,7.96,https://youtu.be/eyBrs0uVjyw?t=183s,gather_materials,prep,1,0.45,Unboxing/showing the candle-kit supplies.,"Unboxing/showing the candle-kit supplies. prep phase, ~33% in, 3:03–3:10.",,0,1,,
eyBrs0uVjyw,https://www.youtube.com/watch?v=eyBrs0uVjyw,DIY candle making kit,549.0,storyboard,24,190.96,198.91,7.95,https://youtu.be/eyBrs0uVjyw?t=191s,gather_materials,prep,1,0.45,Unboxing/showing the candle-kit supplies.,"Unboxing/showing the candle-kit supplies. prep phase, ~35% in, 3:10–3:18.",,0,1,,
eyBrs0uVjyw,https://www.youtube.com/watch?v=eyBrs0uVjyw,DIY candle making kit,549.0,storyboard,25,198.91,206.87,7.96,https://youtu.be/eyBrs0uVjyw?t=199s,gather_materials,prep,1,0.45,Unboxing/showing the candle-kit supplies.,"Unboxing/showing the candle-kit supplies. prep phase, ~36% in, 3:18–3:26.",,0,1,,
eyBrs0uVjyw,https://www.youtube.com/watch?v=eyBrs0uVjyw,DIY candle making kit,549.0,storyboard,26,206.87,214.83,7.96,https://youtu.be/eyBrs0uVjyw?t=207s,gather_materials,prep,1,0.45,Unboxing/showing the candle-kit supplies.,"Unboxing/showing the candle-kit supplies. prep phase, ~38% in, 3:26–3:34.",,0,1,,
eyBrs0uVjyw,https://www.youtube.com/watch?v=eyBrs0uVjyw,DIY candle making kit,549.0,storyboard,27,214.83,222.78,7.95,https://youtu.be/eyBrs0uVjyw?t=215s,gather_materials,prep,1,0.45,Unboxing/showing the candle-kit supplies.,"Unboxing/showing the candle-kit supplies. prep phase, ~39% in, 3:34–3:42.",,0,1,,
eyBrs0uVjyw,https://www.youtube.com/watch?v=eyBrs0uVjyw,DIY candle making kit,549.0,storyboard,28,222.78,230.74,7.96,https://youtu.be/eyBrs0uVjyw?t=223s,gather_materials,prep,1,0.45,Unboxing/showing the candle-kit supplies.,"Unboxing/showing the candle-kit supplies. prep phase, ~41% in, 3:42–3:50.",,0,1,,
eyBrs0uVjyw,https://www.youtube.com/watch?v=eyBrs0uVjyw,DIY candle making kit,549.0,storyboard,29,230.74,238.7,7.96,https://youtu.be/eyBrs0uVjyw?t=231s,gather_materials,prep,1,0.45,Unboxing/showing the candle-kit supplies.,"Unboxing/showing the candle-kit supplies. prep phase, ~42% in, 3:50–3:58.",,0,1,,
eyBrs0uVjyw,https://www.youtube.com/watch?v=eyBrs0uVjyw,DIY candle making kit,549.0,storyboard,30,238.7,246.65,7.95,https://youtu.be/eyBrs0uVjyw?t=239s,gather_materials,prep,1,0.45,Unboxing/showing the candle-kit supplies.,"Unboxing/showing the candle-kit supplies. prep phase, ~43% in, 3:58–4:06.",,0,1,,
eyBrs0uVjyw,https://www.youtube.com/watch?v=eyBrs0uVjyw,DIY candle making kit,549.0,storyboard,31,246.65,254.61,7.96,https://youtu.be/eyBrs0uVjyw?t=247s,gather_materials,prep,1,0.45,Unboxing/showing the candle-kit supplies.,"Unboxing/showing the candle-kit supplies. prep phase, ~45% in, 4:06–4:14.",,0,1,,
eyBrs0uVjyw,https://www.youtube.com/watch?v=eyBrs0uVjyw,DIY candle making kit,549.0,storyboard,32,254.61,262.57,7.96,https://youtu.be/eyBrs0uVjyw?t=255s,gather_materials,prep,1,0.45,Unboxing/showing the candle-kit supplies.,"Unboxing/showing the candle-kit supplies. prep phase, ~46% in, 4:14–4:22.",,0,1,,
eyBrs0uVjyw,https://www.youtube.com/watch?v=eyBrs0uVjyw,DIY candle making kit,549.0,storyboard,33,262.57,270.52,7.95,https://youtu.be/eyBrs0uVjyw?t=263s,gather_materials,prep,1,0.45,Unboxing/showing the candle-kit supplies.,"Unboxing/showing the candle-kit supplies. prep phase, ~48% in, 4:22–4:30.",,0,1,,
eyBrs0uVjyw,https://www.youtube.com/watch?v=eyBrs0uVjyw,DIY candle making kit,549.0,storyboard,34,270.52,278.48,7.96,https://youtu.be/eyBrs0uVjyw?t=271s,gather_materials,prep,1,0.45,Unboxing/showing the candle-kit supplies.,"Unboxing/showing the candle-kit supplies. prep phase, ~49% in, 4:30–4:38.",,0,1,,
eyBrs0uVjyw,https://www.youtube.com/watch?v=eyBrs0uVjyw,DIY candle making kit,549.0,storyboard,35,278.48,286.43,7.95,https://youtu.be/eyBrs0uVjyw?t=278s,gather_materials,prep,1,0.45,Unboxing/showing the candle-kit supplies.,"Unboxing/showing the candle-kit supplies. prep phase, ~51% in, 4:38–4:46.",,0,1,,
eyBrs0uVjyw,https://www.youtube.com/watch?v=eyBrs0uVjyw,DIY candle making kit,549.0,storyboard,36,286.43,294.39,7.96,https://youtu.be/eyBrs0uVjyw?t=286s,gather_materials,prep,1,0.45,Unboxing/showing the candle-kit supplies.,"Unboxing/showing the candle-kit supplies. prep phase, ~52% in, 4:46–4:54.",,0,1,,
eyBrs0uVjyw,https://www.youtube.com/watch?v=eyBrs0uVjyw,DIY candle making kit,549.0,storyboard,37,294.39,302.35,7.96,https://youtu.be/eyBrs0uVjyw?t=294s,gather_materials,prep,1,0.45,Unboxing/showing the candle-kit supplies.,"Unboxing/showing the candle-kit supplies. prep phase, ~54% in, 4:54–5:02.",,0,1,,
eyBrs0uVjyw,https://www.youtube.com/watch?v=eyBrs0uVjyw,DIY candle making kit,549.0,storyboard,38,302.35,310.3,7.95,https://youtu.be/eyBrs0uVjyw?t=302s,gather_materials,prep,1,0.45,Unboxing/showing the candle-kit supplies.,"Unboxing/showing the candle-kit supplies. prep phase, ~55% in, 5:02–5:10.",,0,1,,
eyBrs0uVjyw,https://www.youtube.com/watch?v=eyBrs0uVjyw,DIY candle making kit,549.0,storyboard,39,310.3,318.26,7.96,https://youtu.be/eyBrs0uVjyw?t=310s,gather_materials,prep,1,0.45,Unboxing/showing the candle-kit supplies.,"Unboxing/showing the candle-kit supplies. prep phase, ~57% in, 5:10–5:18.",,0,1,,
eyBrs0uVjyw,https://www.youtube.com/watch?v=eyBrs0uVjyw,DIY candle making kit,549.0,storyboard,40,318.26,326.22,7.96,https://youtu.be/eyBrs0uVjyw?t=318s,gather_materials,prep,1,0.45,Unboxing/showing the candle-kit supplies.,"Unboxing/showing the candle-kit supplies. prep phase, ~58% in, 5:18–5:26.",,0,1,,
eyBrs0uVjyw,https://www.youtube.com/watch?v=eyBrs0uVjyw,DIY candle making kit,549.0,storyboard,41,326.22,334.17,7.95,https://youtu.be/eyBrs0uVjyw?t=326s,gather_materials,prep,1,0.45,Unboxing/showing the candle-kit supplies.,"Unboxing/showing the candle-kit supplies. prep phase, ~59% in, 5:26–5:34.",,0,1,,
eyBrs0uVjyw,https://www.youtube.com/watch?v=eyBrs0uVjyw,DIY candle making kit,549.0,storyboard,42,334.17,342.13,7.96,https://youtu.be/eyBrs0uVjyw?t=334s,gather_materials,prep,1,0.45,Unboxing/showing the candle-kit supplies.,"Unboxing/showing the candle-kit supplies. prep phase, ~61% in, 5:34–5:42.",,0,1,,
eyBrs0uVjyw,https://www.youtube.com/watch?v=eyBrs0uVjyw,DIY candle making kit,549.0,storyboard,43,342.13,350.09,7.96,https://youtu.be/eyBrs0uVjyw?t=342s,gather_materials,prep,1,0.45,Unboxing/showing the candle-kit supplies.,"Unboxing/showing the candle-kit supplies. prep phase, ~62% in, 5:42–5:50.",,0,1,,
eyBrs0uVjyw,https://www.youtube.com/watch?v=eyBrs0uVjyw,DIY candle making kit,549.0,storyboard,44,350.09,358.04,7.95,https://youtu.be/eyBrs0uVjyw?t=350s,gather_materials,prep,1,0.45,Unboxing/showing the candle-kit supplies.,"Unboxing/showing the candle-kit supplies. prep phase, ~64% in, 5:50–5:58.",,0,1,,
eyBrs0uVjyw,https://www.youtube.com/watch?v=eyBrs0uVjyw,DIY candle making kit,549.0,storyboard,45,358.04,366.0,7.96,https://youtu.be/eyBrs0uVjyw?t=358s,gather_materials,prep,1,0.45,Unboxing/showing the candle-kit supplies.,"Unboxing/showing the candle-kit supplies. prep phase, ~65% in, 5:58–6:06.",,0,1,,
eyBrs0uVjyw,https://www.youtube.com/watch?v=eyBrs0uVjyw,DIY candle making kit,549.0,storyboard,46,366.0,373.96,7.96,https://youtu.be/eyBrs0uVjyw?t=366s,gather_materials,prep,1,0.45,Unboxing/showing the candle-kit supplies.,"Unboxing/showing the candle-kit supplies. prep phase, ~67% in, 6:06–6:13.",,0,1,,
eyBrs0uVjyw,https://www.youtube.com/watch?v=eyBrs0uVjyw,DIY candle making kit,549.0,storyboard,47,373.96,381.91,7.95,https://youtu.be/eyBrs0uVjyw?t=374s,gather_materials,prep,1,0.45,Unboxing/showing the candle-kit supplies.,"Unboxing/showing the candle-kit supplies. prep phase, ~68% in, 6:13–6:21.",,0,1,,
eyBrs0uVjyw,https://www.youtube.com/watch?v=eyBrs0uVjyw,DIY candle making kit,549.0,storyboard,48,381.91,389.87,7.96,https://youtu.be/eyBrs0uVjyw?t=382s,gather_materials,prep,1,0.45,Unboxing/showing the candle-kit supplies.,"Unboxing/showing the candle-kit supplies. prep phase, ~70% in, 6:21–6:29.",,0,1,,
eyBrs0uVjyw,https://www.youtube.com/watch?v=eyBrs0uVjyw,DIY candle making kit,549.0,storyboard,49,389.87,397.83,7.96,https://youtu.be/eyBrs0uVjyw?t=390s,gather_materials,prep,1,0.45,Unboxing/showing the candle-kit supplies.,"Unboxing/showing the candle-kit supplies. prep phase, ~71% in, 6:29–6:37.",,0,1,,
eyBrs0uVjyw,https://www.youtube.com/watch?v=eyBrs0uVjyw,DIY candle making kit,549.0,storyboard,50,397.83,405.78,7.95,https://youtu.be/eyBrs0uVjyw?t=398s,gather_materials,prep,1,0.45,Unboxing/showing the candle-kit supplies.,"Unboxing/showing the candle-kit supplies. prep phase, ~72% in, 6:37–6:45.",,0,1,,
eyBrs0uVjyw,https://www.youtube.com/watch?v=eyBrs0uVjyw,DIY candle making kit,549.0,storyboard,51,405.78,413.74,7.96,https://youtu.be/eyBrs0uVjyw?t=406s,gather_materials,prep,1,0.45,Unboxing/showing the candle-kit supplies.,"Unboxing/showing the candle-kit supplies. prep phase, ~74% in, 6:45–6:53.",,0,1,,
eyBrs0uVjyw,https://www.youtube.com/watch?v=eyBrs0uVjyw,DIY candle making kit,549.0,storyboard,52,413.74,421.7,7.96,https://youtu.be/eyBrs0uVjyw?t=414s,gather_materials,prep,1,0.45,Unboxing/showing the candle-kit supplies.,"Unboxing/showing the candle-kit supplies. prep phase, ~75% in, 6:53–7:01.",,0,1,,
eyBrs0uVjyw,https://www.youtube.com/watch?v=eyBrs0uVjyw,DIY candle making kit,549.0,storyboard,53,421.7,429.65,7.95,https://youtu.be/eyBrs0uVjyw?t=422s,gather_materials,prep,1,0.45,Unboxing/showing the candle-kit supplies.,"Unboxing/showing the candle-kit supplies. prep phase, ~77% in, 7:01–7:09.",,0,1,,
eyBrs0uVjyw,https://www.youtube.com/watch?v=eyBrs0uVjyw,DIY candle making kit,549.0,storyboard,54,429.65,437.61,7.96,https://youtu.be/eyBrs0uVjyw?t=430s,gather_materials,prep,1,0.45,Unboxing/showing the candle-kit supplies.,"Unboxing/showing the candle-kit supplies. prep phase, ~78% in, 7:09–7:17.",,0,1,,
eyBrs0uVjyw,https://www.youtube.com/watch?v=eyBrs0uVjyw,DIY candle making kit,549.0,storyboard,55,437.61,445.57,7.96,https://youtu.be/eyBrs0uVjyw?t=438s,gather_materials,prep,1,0.45,Unboxing/showing the candle-kit supplies.,"Unboxing/showing the candle-kit supplies. prep phase, ~80% in, 7:17–7:25.",,0,1,,
eyBrs0uVjyw,https://www.youtube.com/watch?v=eyBrs0uVjyw,DIY candle making kit,549.0,storyboard,56,445.57,453.52,7.95,https://youtu.be/eyBrs0uVjyw?t=446s,gather_materials,prep,1,0.45,Unboxing/showing the candle-kit supplies.,"Unboxing/showing the candle-kit supplies. prep phase, ~81% in, 7:25–7:33.",,0,1,,
eyBrs0uVjyw,https://www.youtube.com/watch?v=eyBrs0uVjyw,DIY candle making kit,549.0,storyboard,57,453.52,461.48,7.96,https://youtu.be/eyBrs0uVjyw?t=454s,gather_materials,prep,1,0.45,Unboxing/showing the candle-kit supplies.,"Unboxing/showing the candle-kit supplies. prep phase, ~83% in, 7:33–7:41.",,0,1,,
eyBrs0uVjyw,https://www.youtube.com/watch?v=eyBrs0uVjyw,DIY candle making kit,549.0,storyboard,58,461.48,469.43,7.95,https://youtu.be/eyBrs0uVjyw?t=461s,gather_materials,prep,1,0.45,Unboxing/showing the candle-kit supplies.,"Unboxing/showing the candle-kit supplies. prep phase, ~84% in, 7:41–7:49.",,0,1,,
eyBrs0uVjyw,https://www.youtube.com/watch?v=eyBrs0uVjyw,DIY candle making kit,549.0,storyboard,59,469.43,477.39,7.96,https://youtu.be/eyBrs0uVjyw?t=469s,gather_materials,prep,1,0.45,Unboxing/showing the candle-kit supplies.,"Unboxing/showing the candle-kit supplies. prep phase, ~86% in, 7:49–7:57.",,0,1,,
eyBrs0uVjyw,https://www.youtube.com/watch?v=eyBrs0uVjyw,DIY candle making kit,549.0,storyboard,60,477.39,485.35,7.96,https://youtu.be/eyBrs0uVjyw?t=477s,gather_materials,prep,1,0.45,Unboxing/showing the candle-kit supplies.,"Unboxing/showing the candle-kit supplies. prep phase, ~87% in, 7:57–8:05.",,0,1,,
eyBrs0uVjyw,https://www.youtube.com/watch?v=eyBrs0uVjyw,DIY candle making kit,549.0,storyboard,61,485.35,493.3,7.95,https://youtu.be/eyBrs0uVjyw?t=485s,gather_materials,prep,1,0.45,Unboxing/showing the candle-kit supplies.,"Unboxing/showing the candle-kit supplies. prep phase, ~88% in, 8:05–8:13.",,0,1,,
eyBrs0uVjyw,https://www.youtube.com/watch?v=eyBrs0uVjyw,DIY candle making kit,549.0,storyboard,62,493.3,501.26,7.96,https://youtu.be/eyBrs0uVjyw?t=493s,gather_materials,prep,1,0.45,Unboxing/showing the candle-kit supplies.,"Unboxing/showing the candle-kit supplies. prep phase, ~90% in, 8:13–8:21.",,0,1,,
eyBrs0uVjyw,https://www.youtube.com/watch?v=eyBrs0uVjyw,DIY candle making kit,549.0,storyboard,63,501.26,509.22,7.96,https://youtu.be/eyBrs0uVjyw?t=501s,gather_materials,prep,1,0.45,Unboxing/showing the candle-kit supplies.,"Unboxing/showing the candle-kit supplies. prep phase, ~91% in, 8:21–8:29.",,0,1,,
eyBrs0uVjyw,https://www.youtube.com/watch?v=eyBrs0uVjyw,DIY candle making kit,549.0,storyboard,64,509.22,517.17,7.95,https://youtu.be/eyBrs0uVjyw?t=509s,gather_materials,prep,1,0.45,Unboxing/showing the candle-kit supplies.,"Unboxing/showing the candle-kit supplies. prep phase, ~93% in, 8:29–8:37.",,0,1,,
f1l30y3gm84,https://www.youtube.com/watch?v=f1l30y3gm84,"all things wax! | asmr, cleaning, candle making…",525.0,storyboard,0,0.0,7.95,7.95,https://youtu.be/f1l30y3gm84?t=0s,gather_materials,prep,1,0.4,Rainbow wax build-up in a metal trough; a cactus candle.,"Rainbow wax build-up in a metal trough; a cactus candle. prep phase, ~0% in, 0:00–0:07.",,0,1,,
fPLxwt3A3pA,https://www.youtube.com/watch?v=fPLxwt3A3pA,DIY Transparent Candles – No Gel Wax Needed!Easy Tutorial,118.0,storyboard,1,7.87,15.73,7.86,https://youtu.be/fPLxwt3A3pA?t=8s,gather_materials,prep,1,0.4,Red rose/petal pieces and a metal melting pot are gathered.,"Red rose/petal pieces and a metal melting pot are gathered. prep phase, ~7% in, 0:07–0:15.",,0,1,,
fhuTHnPrqIM,https://www.youtube.com/watch?v=fhuTHnPrqIM,The candle that never goes out and lasts  FOREVER,170.0,storyboard,1,8.1,16.19,8.09,https://youtu.be/fhuTHnPrqIM?t=8s,gather_materials,prep,1,0.5,"Hands lay out materials (cork, foil, wick, oil) on a wooden table.","Hands lay out materials (cork, foil, wick, oil) on a wooden table. prep phase, ~5% in, 0:08–0:16.",,0,1,,
gUmo_4_EhuI,https://www.youtube.com/watch?v=gUmo_4_EhuI,Make DIY Aesthetic Candles with Me | DIY cute candles handmade candle gift ideas | Temu molds review,529.0,storyboard,1,8.02,16.03,8.01,https://youtu.be/gUmo_4_EhuI?t=8s,gather_materials,prep,1,0.4,"Temu silicone moulds (flowers, balls) shown.","Temu silicone moulds (flowers, balls) shown. prep phase, ~2% in, 0:08–0:16.",,0,1,,
gUmo_4_EhuI,https://www.youtube.com/watch?v=gUmo_4_EhuI,Make DIY Aesthetic Candles with Me | DIY cute candles handmade candle gift ideas | Temu molds review,529.0,storyboard,2,16.03,24.05,8.02,https://youtu.be/gUmo_4_EhuI?t=16s,gather_materials,prep,1,0.4,"Temu silicone moulds (flowers, balls) shown.","Temu silicone moulds (flowers, balls) shown. prep phase, ~3% in, 0:16–0:24.",,0,1,,
gUmo_4_EhuI,https://www.youtube.com/watch?v=gUmo_4_EhuI,Make DIY Aesthetic Candles with Me | DIY cute candles handmade candle gift ideas | Temu molds review,529.0,storyboard,3,24.05,32.06,8.01,https://youtu.be/gUmo_4_EhuI?t=24s,gather_materials,prep,1,0.4,"Temu silicone moulds (flowers, balls) shown.","Temu silicone moulds (flowers, balls) shown. prep phase, ~5% in, 0:24–0:32.",,0,1,,
hFXp2bgxQh8,https://www.youtube.com/watch?v=hFXp2bgxQh8,how to easily set up a wooden wick 🕯️ candle making tips,107.0,storyboard,1,8.23,16.46,8.23,https://youtu.be/hFXp2bgxQh8?t=8s,gather_materials,prep,1,0.55,Close-up on white marble of wooden-wick clips and a green dish; caption 'WOODEN WICK CLIPS'.,"Close-up on white marble of wooden-wick clips and a green dish; caption 'WOODEN WICK CLIPS'. prep phase, ~8% in, 0:08–0:16. Terminology: wood wick.",,0,1,,
hHRi4I1mWuU,https://www.youtube.com/watch?v=hHRi4I1mWuU,Everyone’s freaking out over these Candle HACKS using Dollar Tree Candles,883.0,storyboard,0,0.0,8.03,8.03,https://youtu.be/hHRi4I1mWuU?t=0s,gather_materials,prep,1,0.4,Kitchen setup; glasses and oven for coffee candles.,"Kitchen setup; glasses and oven for coffee candles. prep phase, ~0% in, 0:00–0:08.",,0,1,,
hHRi4I1mWuU,https://www.youtube.com/watch?v=hHRi4I1mWuU,Everyone’s freaking out over these Candle HACKS using Dollar Tree Candles,883.0,storyboard,1,8.03,16.05,8.02,https://youtu.be/hHRi4I1mWuU?t=8s,gather_materials,prep,1,0.4,Kitchen setup; glasses and oven for coffee candles.,"Kitchen setup; glasses and oven for coffee candles. prep phase, ~1% in, 0:08–0:16.",,0,1,,
hHRi4I1mWuU,https://www.youtube.com/watch?v=hHRi4I1mWuU,Everyone’s freaking out over these Candle HACKS using Dollar Tree Candles,883.0,storyboard,2,16.05,24.08,8.03,https://youtu.be/hHRi4I1mWuU?t=16s,gather_materials,prep,1,0.4,Kitchen setup; glasses and oven for coffee candles.,"Kitchen setup; glasses and oven for coffee candles. prep phase, ~2% in, 0:16–0:24.",,0,1,,
hHRi4I1mWuU,https://www.youtube.com/watch?v=hHRi4I1mWuU,Everyone’s freaking out over these Candle HACKS using Dollar Tree Candles,883.0,storyboard,3,24.08,32.11,8.03,https://youtu.be/hHRi4I1mWuU?t=24s,gather_materials,prep,1,0.4,Kitchen setup; glasses and oven for coffee candles.,"Kitchen setup; glasses and oven for coffee candles. prep phase, ~3% in, 0:24–0:32.",,0,1,,
imxg0XoPkmg,https://www.youtube.com/watch?v=imxg0XoPkmg,DIY Coconut and Beezwax Candle,74.0,storyboard,0,0.0,8.22,8.22,https://youtu.be/imxg0XoPkmg?t=0s,gather_materials,prep,1,0.5,An empty glass mixing bowl sits ready on the counter at the start of the recipe.,"An empty glass mixing bowl sits ready on the counter at the start of the recipe. prep phase, ~0% in, 0:00–0:08.",,0,1,,
ixtOL_gQNEQ,https://www.youtube.com/watch?v=ixtOL_gQNEQ,What's the BEST Flower Candle WAX? 9 Wax casts tests with silicone mold,854.0,storyboard,33,263.38,271.36,7.98,https://youtu.be/ixtOL_gQNEQ?t=263s,gather_materials,prep,1,0.5,Wax blocks/flakes for the test shown (Paraffin / Cargill NatureWax).,"Wax blocks/flakes for the test shown (Paraffin / Cargill NatureWax). prep phase, ~31% in, 4:23–4:31.",,0,1,,
ixtOL_gQNEQ,https://www.youtube.com/watch?v=ixtOL_gQNEQ,What's the BEST Flower Candle WAX? 9 Wax casts tests with silicone mold,854.0,storyboard,79,630.52,638.5,7.98,https://youtu.be/ixtOL_gQNEQ?t=631s,gather_materials,prep,1,0.5,Wax blocks/flakes for the test shown (Paraffin / Cargill NatureWax).,"Wax blocks/flakes for the test shown (Paraffin / Cargill NatureWax). prep phase, ~74% in, 10:30–10:38.",,0,1,,
jJWl9Kpwbno,https://www.youtube.com/watch?v=jJWl9Kpwbno,How to Make Candles in 5 Minutes (Crash Course) | DIY Candle Making for Beginners,442.0,storyboard,17,136.62,144.65,8.03,https://youtu.be/jJWl9Kpwbno?t=137s,gather_materials,prep,1,0.45,host at workbench with materials,"host at workbench with materials. prep phase, ~31% in, 2:16–2:24.",,0,1,,
jJWl9Kpwbno,https://www.youtube.com/watch?v=jJWl9Kpwbno,How to Make Candles in 5 Minutes (Crash Course) | DIY Candle Making for Beginners,442.0,storyboard,22,176.8,184.84,8.04,https://youtu.be/jJWl9Kpwbno?t=177s,gather_materials,prep,1,0.4,bowls of dye / materials,"bowls of dye / materials. prep phase, ~40% in, 2:56–3:04.",,0,1,,
jJWl9Kpwbno,https://www.youtube.com/watch?v=jJWl9Kpwbno,How to Make Candles in 5 Minutes (Crash Course) | DIY Candle Making for Beginners,442.0,storyboard,23,184.84,192.87,8.03,https://youtu.be/jJWl9Kpwbno?t=185s,gather_materials,prep,1,0.6,'Fragrance Oils' card with bottles,"'Fragrance Oils' card with bottles. prep phase, ~42% in, 3:04–3:12.",,0,1,,
jJWl9Kpwbno,https://www.youtube.com/watch?v=jJWl9Kpwbno,How to Make Candles in 5 Minutes (Crash Course) | DIY Candle Making for Beginners,442.0,storyboard,24,192.87,200.91,8.04,https://youtu.be/jJWl9Kpwbno?t=193s,gather_materials,prep,1,0.45,row of jars b-roll,"row of jars b-roll. Showing or laying out the supplies and tools that will be used. prep phase, ~44% in, 3:12–3:20.",,0,1,,
jJWl9Kpwbno,https://www.youtube.com/watch?v=jJWl9Kpwbno,How to Make Candles in 5 Minutes (Crash Course) | DIY Candle Making for Beginners,442.0,storyboard,25,200.91,208.95,8.04,https://youtu.be/jJWl9Kpwbno?t=201s,gather_materials,prep,1,0.4,metal pot b-roll,"metal pot b-roll. Showing or laying out the supplies and tools that will be used. prep phase, ~45% in, 3:20–3:28.",,0,1,,
jJWl9Kpwbno,https://www.youtube.com/watch?v=jJWl9Kpwbno,How to Make Candles in 5 Minutes (Crash Course) | DIY Candle Making for Beginners,442.0,storyboard,26,208.95,216.98,8.03,https://youtu.be/jJWl9Kpwbno?t=209s,gather_materials,prep,1,0.4,containers b-roll,"containers b-roll. Showing or laying out the supplies and tools that will be used. prep phase, ~47% in, 3:28–3:36.",,0,1,,
jJWl9Kpwbno,https://www.youtube.com/watch?v=jJWl9Kpwbno,How to Make Candles in 5 Minutes (Crash Course) | DIY Candle Making for Beginners,442.0,storyboard,35,281.27,289.31,8.04,https://youtu.be/jJWl9Kpwbno?t=281s,gather_materials,prep,1,0.4,coloured wax pile b-roll,"coloured wax pile b-roll. prep phase, ~64% in, 4:41–4:49.",,0,1,,
jJWl9Kpwbno,https://www.youtube.com/watch?v=jJWl9Kpwbno,How to Make Candles in 5 Minutes (Crash Course) | DIY Candle Making for Beginners,442.0,storyboard,38,305.38,313.42,8.04,https://youtu.be/jJWl9Kpwbno?t=305s,gather_materials,prep,1,0.45,honeycomb wax pile b-roll,"honeycomb wax pile b-roll. prep phase, ~69% in, 5:05–5:13.",,0,1,,
kdQH8hAYZ38,https://www.youtube.com/watch?v=kdQH8hAYZ38,how to make candles with essential oils 💐,179.0,storyboard,12,97.64,105.77,8.13,https://youtu.be/kdQH8hAYZ38?t=98s,gather_materials,prep,1,0.45,Overhead cutaway of wax discs/ingredients; caption about fragrance & essential oils.,"Overhead cutaway of wax discs/ingredients; caption about fragrance & essential oils. prep phase, ~55% in, 1:37–1:45.",,0,1,,
lTMszYRbm84,https://www.youtube.com/watch?v=lTMszYRbm84,Candle Making Tutorial | DIY Candle Pouring for Beginners,174.0,storyboard,2,15.82,23.73,7.91,https://youtu.be/lTMszYRbm84?t=16s,gather_materials,prep,1,0.5,Host at a table with a scale and a green melting pot.,"Host at a table with a scale and a green melting pot. prep phase, ~9% in, 0:15–0:23.",,0,1,,
m8gO36sLIfo,https://www.youtube.com/watch?v=m8gO36sLIfo,Easy Candle Making for Kids | Fun DIY Candle Tutorial at Home,214.0,storyboard,1,7.93,15.85,7.92,https://youtu.be/m8gO36sLIfo?t=8s,gather_materials,prep,1,0.4,Hand with wax/supplies.,"Hand with wax/supplies. Showing or laying out the supplies and tools that will be used. prep phase, ~4% in, 0:07–0:15.",,0,1,,
ni6Z78PCyVw,https://www.youtube.com/watch?v=ni6Z78PCyVw,"The MAJOR DIFFERENCES between SOY WAX, PARAFFIN WAX, & GEL WAX",235.0,storyboard,11,89.14,97.24,8.1,https://youtu.be/ni6Z78PCyVw?t=89s,gather_materials,prep,1,0.4,White wax block / candles shown.,"White wax block / candles shown. prep phase, ~38% in, 1:29–1:37.",,0,1,,
ni6Z78PCyVw,https://www.youtube.com/watch?v=ni6Z78PCyVw,"The MAJOR DIFFERENCES between SOY WAX, PARAFFIN WAX, & GEL WAX",235.0,storyboard,12,97.24,105.34,8.1,https://youtu.be/ni6Z78PCyVw?t=97s,gather_materials,prep,1,0.4,White wax and candles on a surface.,"White wax and candles on a surface. prep phase, ~41% in, 1:37–1:45.",,0,1,,
ni6Z78PCyVw,https://www.youtube.com/watch?v=ni6Z78PCyVw,"The MAJOR DIFFERENCES between SOY WAX, PARAFFIN WAX, & GEL WAX",235.0,storyboard,13,105.34,113.45,8.11,https://youtu.be/ni6Z78PCyVw?t=105s,gather_materials,prep,0,0.45,Host talks to camera.,"Host talks to camera. Showing or laying out the supplies and tools that will be used. prep phase, ~45% in, 1:45–1:53.",,0,1,desc_talking_head,
ni6Z78PCyVw,https://www.youtube.com/watch?v=ni6Z78PCyVw,"The MAJOR DIFFERENCES between SOY WAX, PARAFFIN WAX, & GEL WAX",235.0,storyboard,14,113.45,121.55,8.1,https://youtu.be/ni6Z78PCyVw?t=113s,gather_materials,prep,1,0.4,Close-up of a white wax block.,"Close-up of a white wax block. prep phase, ~48% in, 1:53–2:01.",,0,1,,
nnm8jirkn64,https://www.youtube.com/watch?v=nnm8jirkn64,5 Things I Don't Like About Wood Wicks (But Still Use Them!),431.0,storyboard,23,183.57,191.56,7.99,https://youtu.be/nnm8jirkn64?t=184s,gather_materials,prep,1,0.4,"Overhead supplies (fragrance, candle).","Overhead supplies (fragrance, candle). prep phase, ~43% in, 3:03–3:11.",,0,1,,
nnm8jirkn64,https://www.youtube.com/watch?v=nnm8jirkn64,5 Things I Don't Like About Wood Wicks (But Still Use Them!),431.0,storyboard,24,191.56,199.54,7.98,https://youtu.be/nnm8jirkn64?t=192s,gather_materials,prep,1,0.4,Hands work at the table (b-roll).,"Hands work at the table (b-roll). prep phase, ~44% in, 3:11–3:19.",,0,1,,
nnm8jirkn64,https://www.youtube.com/watch?v=nnm8jirkn64,5 Things I Don't Like About Wood Wicks (But Still Use Them!),431.0,storyboard,25,199.54,207.52,7.98,https://youtu.be/nnm8jirkn64?t=200s,gather_materials,prep,1,0.4,Overhead supplies.,"Overhead supplies. Showing or laying out the supplies and tools that will be used. prep phase, ~46% in, 3:19–3:27.",,0,1,,
o4YzLSxaahk,https://www.youtube.com/watch?v=o4YzLSxaahk,🥥 How to Make Coconut Apricot Wax Candles | *my process* summer edition :) 🏝️,455.0,storyboard,1,7.98,15.96,7.98,https://youtu.be/o4YzLSxaahk?t=8s,gather_materials,prep,1,0.4,Supplies gathered in the workspace.,"Supplies gathered in the workspace. prep phase, ~2% in, 0:07–0:15.",,0,1,,
o4YzLSxaahk,https://www.youtube.com/watch?v=o4YzLSxaahk,🥥 How to Make Coconut Apricot Wax Candles | *my process* summer edition :) 🏝️,455.0,storyboard,9,71.84,79.82,7.98,https://youtu.be/o4YzLSxaahk?t=72s,gather_materials,prep,1,0.4,Hand with supplies.,"Hand with supplies. Showing or laying out the supplies and tools that will be used. prep phase, ~16% in, 1:11–1:19.",,0,1,,
oMSta9suaQ8,https://www.youtube.com/watch?v=oMSta9suaQ8,How to make marble candles // Marble candle tutorial // DIY marbled candles,115.0,storyboard,2,16.43,24.64,8.21,https://youtu.be/oMSta9suaQ8?t=16s,gather_materials,prep,0,0.5,"Host talks, then overhead view of small glass dishes and supplies on the bench.","Host talks, then overhead view of small glass dishes and supplies on the bench. Showing or laying out the supplies and tools that will be used. prep phase, ~14% in, 0:16–0:24.",,0,1,desc_talking_head,
qavzkjldNdE,https://www.youtube.com/watch?v=qavzkjldNdE,DIY dessert candle | How to make candles at home | handmade freedom coconut soy wax wood wick gifts,760.0,storyboard,1,8.0,16.0,8.0,https://youtu.be/qavzkjldNdE?t=8s,gather_materials,prep,1,0.45,Pink silicone shape moulds shown.,"Pink silicone shape moulds shown. prep phase, ~1% in, 0:08–0:16.",,0,1,,
qavzkjldNdE,https://www.youtube.com/watch?v=qavzkjldNdE,DIY dessert candle | How to make candles at home | handmade freedom coconut soy wax wood wick gifts,760.0,storyboard,4,32.0,40.0,8.0,https://youtu.be/qavzkjldNdE?t=32s,gather_materials,prep,1,0.45,Unboxing fragrance and supplies.,"Unboxing fragrance and supplies. prep phase, ~4% in, 0:32–0:40.",,0,1,,
qavzkjldNdE,https://www.youtube.com/watch?v=qavzkjldNdE,DIY dessert candle | How to make candles at home | handmade freedom coconut soy wax wood wick gifts,760.0,storyboard,5,40.0,48.0,8.0,https://youtu.be/qavzkjldNdE?t=40s,gather_materials,prep,1,0.45,Unpacking the scented-candle kit.,"Unpacking the scented-candle kit. prep phase, ~5% in, 0:40–0:48.",,0,1,,
qavzkjldNdE,https://www.youtube.com/watch?v=qavzkjldNdE,DIY dessert candle | How to make candles at home | handmade freedom coconut soy wax wood wick gifts,760.0,storyboard,6,48.0,56.0,8.0,https://youtu.be/qavzkjldNdE?t=48s,gather_materials,prep,1,0.45,Kit supplies and a measuring cup.,"Kit supplies and a measuring cup. prep phase, ~6% in, 0:48–0:56.",,0,1,,
qavzkjldNdE,https://www.youtube.com/watch?v=qavzkjldNdE,DIY dessert candle | How to make candles at home | handmade freedom coconut soy wax wood wick gifts,760.0,storyboard,7,56.0,64.0,8.0,https://youtu.be/qavzkjldNdE?t=56s,gather_materials,prep,1,0.45,Glasses and a 'Village' wax bag.,"Glasses and a 'Village' wax bag. prep phase, ~7% in, 0:56–1:04.",,0,1,,
qavzkjldNdE,https://www.youtube.com/watch?v=qavzkjldNdE,DIY dessert candle | How to make candles at home | handmade freedom coconut soy wax wood wick gifts,760.0,storyboard,8,64.0,72.0,8.0,https://youtu.be/qavzkjldNdE?t=64s,gather_materials,prep,1,0.45,A small fragrance bottle.,"A small fragrance bottle. prep phase, ~8% in, 1:04–1:12.",,0,1,,
qlyYdhfU5nA,https://www.youtube.com/watch?v=qlyYdhfU5nA,🎥 Beginner’s Guide to Candle Making | Step-by-Step Tutorial 🕯️,204.0,storyboard,7,54.92,62.77,7.85,https://youtu.be/qlyYdhfU5nA?t=55s,gather_materials,prep,1,0.5,supplies/product showcase grid,"supplies/product showcase grid. prep phase, ~27% in, 0:54–1:02.",,0,1,,
qlyYdhfU5nA,https://www.youtube.com/watch?v=qlyYdhfU5nA,🎥 Beginner’s Guide to Candle Making | Step-by-Step Tutorial 🕯️,204.0,storyboard,8,62.77,70.62,7.85,https://youtu.be/qlyYdhfU5nA?t=63s,gather_materials,prep,1,0.5,"host holding supply box, product shots","host holding supply box, product shots. prep phase, ~31% in, 1:02–1:10.",,0,1,,
qlyYdhfU5nA,https://www.youtube.com/watch?v=qlyYdhfU5nA,🎥 Beginner’s Guide to Candle Making | Step-by-Step Tutorial 🕯️,204.0,storyboard,9,70.62,78.46,7.84,https://youtu.be/qlyYdhfU5nA?t=71s,gather_materials,prep,1,0.6,host talking at desk,"host talking at desk. Showing or laying out the supplies and tools that will be used. prep phase, ~35% in, 1:10–1:18.",,0,1,,
qlyYdhfU5nA,https://www.youtube.com/watch?v=qlyYdhfU5nA,🎥 Beginner’s Guide to Candle Making | Step-by-Step Tutorial 🕯️,204.0,storyboard,10,78.46,86.31,7.85,https://youtu.be/qlyYdhfU5nA?t=78s,gather_materials,prep,1,0.45,wax bag close-up,"wax bag close-up. Showing or laying out the supplies and tools that will be used. prep phase, ~38% in, 1:18–1:26.",,0,1,,
qz7Nr43IJ20,https://www.youtube.com/watch?v=qz7Nr43IJ20,ICED COFFEE CANDLE TUTORIAL | DIY gel wax ice cubes #icedcoffee #coffeecandle,112.0,storyboard,0,0.0,8.0,8.0,https://youtu.be/qz7Nr43IJ20?t=0s,gather_materials,prep,1,0.45,Iced-coffee candle supplies; brown gel wax.,"Iced-coffee candle supplies; brown gel wax. prep phase, ~0% in, 0:00–0:08.",,0,1,,
rUEC3rlSdCc,https://www.youtube.com/watch?v=rUEC3rlSdCc,Candle Maker Tries the Ksedcon Candle Melting Pot for the First Time | IS IT WORTH IT?!,732.0,storyboard,11,87.52,95.48,7.96,https://youtu.be/rUEC3rlSdCc?t=88s,gather_materials,prep,1,0.4,Unboxing the Ksedcon wax melter.,"Unboxing the Ksedcon wax melter. prep phase, ~12% in, 1:27–1:35.",,0,1,,
utr9EuGsSJs,https://www.youtube.com/watch?v=utr9EuGsSJs,DIY Scented Freedom Soy Wax Candles at home |  Candle making kit review | Microwave your wax!,509.0,storyboard,0,0.0,7.95,7.95,https://youtu.be/utr9EuGsSJs?t=0s,gather_materials,prep,1,0.45,"Unboxing the candle kit (Freedom soy wax, jars, wicks).","Unboxing the candle kit (Freedom soy wax, jars, wicks). prep phase, ~0% in, 0:00–0:07.",,0,1,,
utr9EuGsSJs,https://www.youtube.com/watch?v=utr9EuGsSJs,DIY Scented Freedom Soy Wax Candles at home |  Candle making kit review | Microwave your wax!,509.0,storyboard,1,7.95,15.91,7.96,https://youtu.be/utr9EuGsSJs?t=8s,gather_materials,prep,1,0.45,"Unboxing the candle kit (Freedom soy wax, jars, wicks).","Unboxing the candle kit (Freedom soy wax, jars, wicks). prep phase, ~2% in, 0:07–0:15.",,0,1,,
utr9EuGsSJs,https://www.youtube.com/watch?v=utr9EuGsSJs,DIY Scented Freedom Soy Wax Candles at home |  Candle making kit review | Microwave your wax!,509.0,storyboard,2,15.91,23.86,7.95,https://youtu.be/utr9EuGsSJs?t=16s,gather_materials,prep,1,0.45,"Unboxing the candle kit (Freedom soy wax, jars, wicks).","Unboxing the candle kit (Freedom soy wax, jars, wicks). prep phase, ~3% in, 0:15–0:23.",,0,1,,
utr9EuGsSJs,https://www.youtube.com/watch?v=utr9EuGsSJs,DIY Scented Freedom Soy Wax Candles at home |  Candle making kit review | Microwave your wax!,509.0,storyboard,3,23.86,31.81,7.95,https://youtu.be/utr9EuGsSJs?t=24s,gather_materials,prep,1,0.45,"Unboxing the candle kit (Freedom soy wax, jars, wicks).","Unboxing the candle kit (Freedom soy wax, jars, wicks). prep phase, ~5% in, 0:23–0:31.",,0,1,,
utr9EuGsSJs,https://www.youtube.com/watch?v=utr9EuGsSJs,DIY Scented Freedom Soy Wax Candles at home |  Candle making kit review | Microwave your wax!,509.0,storyboard,4,31.81,39.77,7.96,https://youtu.be/utr9EuGsSJs?t=32s,gather_materials,prep,0,0.5,"On-screen text card (auto-detected: static frame, OCR text). Text reads: 'ae eo Mrs he wt eo 4 ng Ne rm Seek cy vee CC 4 be So PP fi am ww'.","On-screen text card (auto-detected: static frame, OCR text). Text reads: 'ae eo Mrs he wt eo 4 ng Ne rm Seek cy vee CC 4 be So PP fi am ww'. prep phase, ~6% in, 0:31–0:39.",,0,1,desc_text_card,
utr9EuGsSJs,https://www.youtube.com/watch?v=utr9EuGsSJs,DIY Scented Freedom Soy Wax Candles at home |  Candle making kit review | Microwave your wax!,509.0,storyboard,5,39.77,47.72,7.95,https://youtu.be/utr9EuGsSJs?t=40s,gather_materials,prep,1,0.45,"Unboxing the candle kit (Freedom soy wax, jars, wicks).","Unboxing the candle kit (Freedom soy wax, jars, wicks). prep phase, ~8% in, 0:39–0:47.",,0,1,,
utr9EuGsSJs,https://www.youtube.com/watch?v=utr9EuGsSJs,DIY Scented Freedom Soy Wax Candles at home |  Candle making kit review | Microwave your wax!,509.0,storyboard,6,47.72,55.67,7.95,https://youtu.be/utr9EuGsSJs?t=48s,gather_materials,prep,1,0.45,"Unboxing the candle kit (Freedom soy wax, jars, wicks).","Unboxing the candle kit (Freedom soy wax, jars, wicks). prep phase, ~9% in, 0:47–0:55.",,0,1,,
utr9EuGsSJs,https://www.youtube.com/watch?v=utr9EuGsSJs,DIY Scented Freedom Soy Wax Candles at home |  Candle making kit review | Microwave your wax!,509.0,storyboard,7,55.67,63.62,7.95,https://youtu.be/utr9EuGsSJs?t=56s,gather_materials,prep,1,0.45,"Unboxing the candle kit (Freedom soy wax, jars, wicks).","Unboxing the candle kit (Freedom soy wax, jars, wicks). prep phase, ~11% in, 0:55–1:03.",,0,1,,
utr9EuGsSJs,https://www.youtube.com/watch?v=utr9EuGsSJs,DIY Scented Freedom Soy Wax Candles at home |  Candle making kit review | Microwave your wax!,509.0,storyboard,8,63.62,71.58,7.96,https://youtu.be/utr9EuGsSJs?t=64s,gather_materials,prep,1,0.45,"Unboxing the candle kit (Freedom soy wax, jars, wicks).","Unboxing the candle kit (Freedom soy wax, jars, wicks). prep phase, ~12% in, 1:03–1:11.",,0,1,,
utr9EuGsSJs,https://www.youtube.com/watch?v=utr9EuGsSJs,DIY Scented Freedom Soy Wax Candles at home |  Candle making kit review | Microwave your wax!,509.0,storyboard,9,71.58,79.53,7.95,https://youtu.be/utr9EuGsSJs?t=72s,gather_materials,prep,1,0.45,"Unboxing the candle kit (Freedom soy wax, jars, wicks).","Unboxing the candle kit (Freedom soy wax, jars, wicks). prep phase, ~14% in, 1:11–1:19.",,0,1,,
utr9EuGsSJs,https://www.youtube.com/watch?v=utr9EuGsSJs,DIY Scented Freedom Soy Wax Candles at home |  Candle making kit review | Microwave your wax!,509.0,storyboard,10,79.53,87.48,7.95,https://youtu.be/utr9EuGsSJs?t=80s,gather_materials,prep,1,0.45,"Unboxing the candle kit (Freedom soy wax, jars, wicks).","Unboxing the candle kit (Freedom soy wax, jars, wicks). prep phase, ~16% in, 1:19–1:27.",,0,1,,
utr9EuGsSJs,https://www.youtube.com/watch?v=utr9EuGsSJs,DIY Scented Freedom Soy Wax Candles at home |  Candle making kit review | Microwave your wax!,509.0,storyboard,11,87.48,95.44,7.96,https://youtu.be/utr9EuGsSJs?t=87s,gather_materials,prep,1,0.45,"Unboxing the candle kit (Freedom soy wax, jars, wicks).","Unboxing the candle kit (Freedom soy wax, jars, wicks). prep phase, ~17% in, 1:27–1:35.",,0,1,,
utr9EuGsSJs,https://www.youtube.com/watch?v=utr9EuGsSJs,DIY Scented Freedom Soy Wax Candles at home |  Candle making kit review | Microwave your wax!,509.0,storyboard,12,95.44,103.39,7.95,https://youtu.be/utr9EuGsSJs?t=95s,gather_materials,prep,1,0.45,"Unboxing the candle kit (Freedom soy wax, jars, wicks).","Unboxing the candle kit (Freedom soy wax, jars, wicks). prep phase, ~19% in, 1:35–1:43.",,0,1,,
vWsjYBvP3aE,https://www.youtube.com/watch?v=vWsjYBvP3aE,how to make scented beeswax candles 🐝,468.0,storyboard,9,72.62,80.69,8.07,https://youtu.be/vWsjYBvP3aE?t=73s,gather_materials,prep,1,0.45,Overhead beeswax discs (copper/brown).,"Overhead beeswax discs (copper/brown). prep phase, ~16% in, 1:12–1:20.",,0,1,,
wrGN0qeWyPk,https://www.youtube.com/watch?v=wrGN0qeWyPk,How to Make Your Candles Smell Stronger (Without Using More Fragrance Oil),421.0,storyboard,5,39.72,47.66,7.94,https://youtu.be/wrGN0qeWyPk?t=40s,gather_materials,prep,1,0.4,Rows of candles on a shelf (b-roll).,"Rows of candles on a shelf (b-roll). prep phase, ~9% in, 0:39–0:47.",,0,1,,
wrGN0qeWyPk,https://www.youtube.com/watch?v=wrGN0qeWyPk,How to Make Your Candles Smell Stronger (Without Using More Fragrance Oil),421.0,storyboard,6,47.66,55.6,7.94,https://youtu.be/wrGN0qeWyPk?t=48s,gather_materials,prep,1,0.45,Overhead bowl of wax and pot.,"Overhead bowl of wax and pot. prep phase, ~11% in, 0:47–0:55.",,0,1,,
wrGN0qeWyPk,https://www.youtube.com/watch?v=wrGN0qeWyPk,How to Make Your Candles Smell Stronger (Without Using More Fragrance Oil),421.0,storyboard,7,55.6,63.55,7.95,https://youtu.be/wrGN0qeWyPk?t=56s,gather_materials,prep,1,0.4,Candles on a shelf.,"Candles on a shelf. Showing or laying out the supplies and tools that will be used. prep phase, ~13% in, 0:55–1:03.",,0,1,,
wrGN0qeWyPk,https://www.youtube.com/watch?v=wrGN0qeWyPk,How to Make Your Candles Smell Stronger (Without Using More Fragrance Oil),421.0,storyboard,11,87.38,95.32,7.94,https://youtu.be/wrGN0qeWyPk?t=87s,gather_materials,prep,1,0.4,Candles on a shelf.,"Candles on a shelf. Showing or laying out the supplies and tools that will be used. prep phase, ~21% in, 1:27–1:35.",,0,1,,
yOvQagDwnxo,https://www.youtube.com/watch?v=yOvQagDwnxo,''How Candles Are Made  Inside a Modern Candle Factory'',113.0,storyboard,2,16.14,24.21,8.07,https://youtu.be/yOvQagDwnxo?t=16s,gather_materials,prep,1,0.4,Beeswax/honeycomb source; workers.,"Beeswax/honeycomb source; workers. prep phase, ~14% in, 0:16–0:24.",,0,1,,
yOvQagDwnxo,https://www.youtube.com/watch?v=yOvQagDwnxo,''How Candles Are Made  Inside a Modern Candle Factory'',113.0,storyboard,3,24.21,32.29,8.08,https://youtu.be/yOvQagDwnxo?t=24s,gather_materials,prep,1,0.4,Stacks of wax blocks; a worker.,"Stacks of wax blocks; a worker. prep phase, ~21% in, 0:24–0:32.",,0,1,,
