video_id,video_url,video_title,video_duration_s,source,window_index,start_s,end_s,duration_s,window_url,action_label,phase,is_step,confidence,description,description_detailed,ocr_text,has_caption,face_score,text_score,motion,brightness,colorfulness,dominant_colors,keep,filter_reason,validation_flags
-dVj7BYicmQ,https://www.youtube.com/watch?v=-dVj7BYicmQ,Create your own custom-scented candle at The Candle Pour | Taste and See Tampa Bay,99.0,storyboard,7,57.75,66.0,8.25,https://youtu.be/-dVj7BYicmQ?t=58s,pour_wax,assemble,1,0.45,Caption 'Narrow it down to 2-4 scents and pour your soy candle'; pouring wax.,"Caption 'Narrow it down to 2-4 scents and pour your soy candle'; pouring wax. assemble phase, ~58% in, 0:57–1:06.",,0,,,,,,,1,,
-dVj7BYicmQ,https://www.youtube.com/watch?v=-dVj7BYicmQ,Create your own custom-scented candle at The Candle Pour | Taste and See Tampa Bay,99.0,storyboard,8,66.0,74.25,8.25,https://youtu.be/-dVj7BYicmQ?t=66s,pour_wax,assemble,1,0.45,Pouring melted soy wax into the vessel.,"Pouring melted soy wax into the vessel. assemble phase, ~67% in, 1:06–1:14.",,0,,,,,,,1,,
-pjWKo7zgrs,https://www.youtube.com/watch?v=-pjWKo7zgrs,DIY Candle Jars with Jesmonite and Boowannite | Nicole Molds jar mold diy handmade gift ideas,481.0,storyboard,17,136.28,144.3,8.02,https://youtu.be/-pjWKo7zgrs?t=136s,pour_wax,assemble,1,0.45,Pouring green matcha-coloured wax into the jesmonite jars.,"Pouring green matcha-coloured wax into the jesmonite jars. assemble phase, ~28% in, 2:16–2:24.",,0,,,,,,,1,,
-pjWKo7zgrs,https://www.youtube.com/watch?v=-pjWKo7zgrs,DIY Candle Jars with Jesmonite and Boowannite | Nicole Molds jar mold diy handmade gift ideas,481.0,storyboard,18,144.3,152.32,8.02,https://youtu.be/-pjWKo7zgrs?t=144s,pour_wax,assemble,1,0.5,"On-screen text card (auto-detected: static frame, OCR text). Text reads: '0 4 ad ff 44 fr ig Ss of vi al, 7 sfound 200 dof liquid and 500 9 68 and had tte tefl over for candia hom'.","On-screen text card (auto-detected: static frame, OCR text). Text reads: '0 4 ad ff 44 fr ig Ss of vi al, 7 sfound 200 dof liquid and 500 9 68 and had tte tefl over for candia hom'. assemble phase, ~30% in, 2:24–2:32.",,0,,,,,,,1,,
-pjWKo7zgrs,https://www.youtube.com/watch?v=-pjWKo7zgrs,DIY Candle Jars with Jesmonite and Boowannite | Nicole Molds jar mold diy handmade gift ideas,481.0,storyboard,19,152.32,160.33,8.01,https://youtu.be/-pjWKo7zgrs?t=152s,pour_wax,assemble,1,0.45,Pouring green matcha-coloured wax into the jesmonite jars.,"Pouring green matcha-coloured wax into the jesmonite jars. assemble phase, ~32% in, 2:32–2:40.",,0,,,,,,,1,,
-pjWKo7zgrs,https://www.youtube.com/watch?v=-pjWKo7zgrs,DIY Candle Jars with Jesmonite and Boowannite | Nicole Molds jar mold diy handmade gift ideas,481.0,storyboard,20,160.33,168.35,8.02,https://youtu.be/-pjWKo7zgrs?t=160s,pour_wax,assemble,1,0.45,Pouring green matcha-coloured wax into the jesmonite jars.,"Pouring green matcha-coloured wax into the jesmonite jars. assemble phase, ~33% in, 2:40–2:48.",,0,,,,,,,1,,
-pjWKo7zgrs,https://www.youtube.com/watch?v=-pjWKo7zgrs,DIY Candle Jars with Jesmonite and Boowannite | Nicole Molds jar mold diy handmade gift ideas,481.0,storyboard,21,168.35,176.37,8.02,https://youtu.be/-pjWKo7zgrs?t=168s,pour_wax,assemble,1,0.5,"On-screen text card (auto-detected: static frame, OCR text). Text reads: 'always have Hinoid on hand in Cl 7'.","On-screen text card (auto-detected: static frame, OCR text). Text reads: 'always have Hinoid on hand in Cl 7'. assemble phase, ~35% in, 2:48–2:56.",,0,,,,,,,1,,
-pjWKo7zgrs,https://www.youtube.com/watch?v=-pjWKo7zgrs,DIY Candle Jars with Jesmonite and Boowannite | Nicole Molds jar mold diy handmade gift ideas,481.0,storyboard,22,176.37,184.38,8.01,https://youtu.be/-pjWKo7zgrs?t=176s,pour_wax,assemble,1,0.45,Pouring green matcha-coloured wax into the jesmonite jars.,"Pouring green matcha-coloured wax into the jesmonite jars. assemble phase, ~37% in, 2:56–3:04.",,0,,,,,,,1,,
-pjWKo7zgrs,https://www.youtube.com/watch?v=-pjWKo7zgrs,DIY Candle Jars with Jesmonite and Boowannite | Nicole Molds jar mold diy handmade gift ideas,481.0,storyboard,23,184.38,192.4,8.02,https://youtu.be/-pjWKo7zgrs?t=184s,pour_wax,assemble,1,0.45,Pouring green matcha-coloured wax into the jesmonite jars.,"Pouring green matcha-coloured wax into the jesmonite jars. assemble phase, ~38% in, 3:04–3:12.",,0,,,,,,,1,,
-pjWKo7zgrs,https://www.youtube.com/watch?v=-pjWKo7zgrs,DIY Candle Jars with Jesmonite and Boowannite | Nicole Molds jar mold diy handmade gift ideas,481.0,storyboard,43,344.72,352.73,8.01,https://youtu.be/-pjWKo7zgrs?t=345s,pour_wax,assemble,1,0.5,Pouring wax into the jar/rose mould.,"Pouring wax into the jar/rose mould. assemble phase, ~72% in, 5:44–5:52.",,0,,,,,,,1,,
-pjWKo7zgrs,https://www.youtube.com/watch?v=-pjWKo7zgrs,DIY Candle Jars with Jesmonite and Boowannite | Nicole Molds jar mold diy handmade gift ideas,481.0,storyboard,46,368.77,376.78,8.01,https://youtu.be/-pjWKo7zgrs?t=369s,pour_wax,assemble,1,0.5,Pouring wax into the jar/rose mould.,"Pouring wax into the jar/rose mould. assemble phase, ~77% in, 6:08–6:16.",,0,,,,,,,1,,
-pjWKo7zgrs,https://www.youtube.com/watch?v=-pjWKo7zgrs,DIY Candle Jars with Jesmonite and Boowannite | Nicole Molds jar mold diy handmade gift ideas,481.0,storyboard,47,376.78,384.8,8.02,https://youtu.be/-pjWKo7zgrs?t=377s,pour_wax,assemble,1,0.5,Pouring wax into the jar/rose mould.,"Pouring wax into the jar/rose mould. assemble phase, ~78% in, 6:16–6:24.",,0,,,,,,,1,,
-pjWKo7zgrs,https://www.youtube.com/watch?v=-pjWKo7zgrs,DIY Candle Jars with Jesmonite and Boowannite | Nicole Molds jar mold diy handmade gift ideas,481.0,storyboard,48,384.8,392.82,8.02,https://youtu.be/-pjWKo7zgrs?t=385s,pour_wax,assemble,1,0.5,Pouring wax into the jar/rose mould.,"Pouring wax into the jar/rose mould. assemble phase, ~80% in, 6:24–6:32.",,0,,,,,,,1,,
-pjWKo7zgrs,https://www.youtube.com/watch?v=-pjWKo7zgrs,DIY Candle Jars with Jesmonite and Boowannite | Nicole Molds jar mold diy handmade gift ideas,481.0,storyboard,49,392.82,400.83,8.01,https://youtu.be/-pjWKo7zgrs?t=393s,pour_wax,assemble,1,0.5,Pouring wax into the jar/rose mould.,"Pouring wax into the jar/rose mould. assemble phase, ~82% in, 6:32–6:40.",,0,,,,,,,1,,
-pjWKo7zgrs,https://www.youtube.com/watch?v=-pjWKo7zgrs,DIY Candle Jars with Jesmonite and Boowannite | Nicole Molds jar mold diy handmade gift ideas,481.0,storyboard,50,400.83,408.85,8.02,https://youtu.be/-pjWKo7zgrs?t=401s,pour_wax,assemble,1,0.5,Pouring wax into the jar/rose mould.,"Pouring wax into the jar/rose mould. assemble phase, ~83% in, 6:40–6:48.",,0,,,,,,,1,,
-pjWKo7zgrs,https://www.youtube.com/watch?v=-pjWKo7zgrs,DIY Candle Jars with Jesmonite and Boowannite | Nicole Molds jar mold diy handmade gift ideas,481.0,storyboard,51,408.85,416.87,8.02,https://youtu.be/-pjWKo7zgrs?t=409s,pour_wax,assemble,1,0.5,Tinting the wax (pink).,"Tinting the wax (pink). Pouring the melted wax from the pitcher into the prepared container. assemble phase, ~85% in, 6:48–6:56.",,0,,,,,,,1,,
-pjWKo7zgrs,https://www.youtube.com/watch?v=-pjWKo7zgrs,DIY Candle Jars with Jesmonite and Boowannite | Nicole Molds jar mold diy handmade gift ideas,481.0,storyboard,52,416.87,424.88,8.01,https://youtu.be/-pjWKo7zgrs?t=417s,pour_wax,assemble,1,0.5,Pouring wax into the jar/rose mould.,"Pouring wax into the jar/rose mould. assemble phase, ~87% in, 6:56–7:04.",,0,,,,,,,1,,
0gk3NsmJa7k,https://www.youtube.com/watch?v=0gk3NsmJa7k,Make Candles with me | ❄️Winter Wonderland Edition ❄️,794.0,storyboard,4,32.08,40.1,8.02,https://youtu.be/0gk3NsmJa7k?t=32s,pour_wax,assemble,1,0.5,Pouring amber wax into rows of glasses.,"Pouring amber wax into rows of glasses. assemble phase, ~4% in, 0:32–0:40.",,0,,,,,,,1,,
0gk3NsmJa7k,https://www.youtube.com/watch?v=0gk3NsmJa7k,Make Candles with me | ❄️Winter Wonderland Edition ❄️,794.0,storyboard,8,64.16,72.18,8.02,https://youtu.be/0gk3NsmJa7k?t=64s,pour_wax,assemble,1,0.5,Pouring amber wax into rows of glasses.,"Pouring amber wax into rows of glasses. assemble phase, ~8% in, 1:04–1:12.",,0,,,,,,,1,,
0gk3NsmJa7k,https://www.youtube.com/watch?v=0gk3NsmJa7k,Make Candles with me | ❄️Winter Wonderland Edition ❄️,794.0,storyboard,12,96.24,104.26,8.02,https://youtu.be/0gk3NsmJa7k?t=96s,pour_wax,assemble,1,0.5,Pouring amber wax into rows of glasses.,"Pouring amber wax into rows of glasses. assemble phase, ~12% in, 1:36–1:44.",,0,,,,,,,1,,
0gk3NsmJa7k,https://www.youtube.com/watch?v=0gk3NsmJa7k,Make Candles with me | ❄️Winter Wonderland Edition ❄️,794.0,storyboard,16,128.32,136.34,8.02,https://youtu.be/0gk3NsmJa7k?t=128s,pour_wax,assemble,1,0.5,Pouring amber wax into rows of glasses.,"Pouring amber wax into rows of glasses. assemble phase, ~16% in, 2:08–2:16.",,0,,,,,,,1,,
0gk3NsmJa7k,https://www.youtube.com/watch?v=0gk3NsmJa7k,Make Candles with me | ❄️Winter Wonderland Edition ❄️,794.0,storyboard,20,160.4,168.42,8.02,https://youtu.be/0gk3NsmJa7k?t=160s,pour_wax,assemble,1,0.5,Pouring amber wax into rows of glasses.,"Pouring amber wax into rows of glasses. assemble phase, ~20% in, 2:40–2:48.",,0,,,,,,,1,,
0gk3NsmJa7k,https://www.youtube.com/watch?v=0gk3NsmJa7k,Make Candles with me | ❄️Winter Wonderland Edition ❄️,794.0,storyboard,32,256.65,264.67,8.02,https://youtu.be/0gk3NsmJa7k?t=257s,pour_wax,assemble,1,0.5,Pouring amber wax into the jars.,"Pouring amber wax into the jars. assemble phase, ~32% in, 4:16–4:24.",,0,,,,,,,1,,
0gk3NsmJa7k,https://www.youtube.com/watch?v=0gk3NsmJa7k,Make Candles with me | ❄️Winter Wonderland Edition ❄️,794.0,storyboard,33,264.67,272.69,8.02,https://youtu.be/0gk3NsmJa7k?t=265s,pour_wax,assemble,1,0.5,Pouring amber wax into the jars.,"Pouring amber wax into the jars. assemble phase, ~33% in, 4:24–4:32.",,0,,,,,,,1,,
0gk3NsmJa7k,https://www.youtube.com/watch?v=0gk3NsmJa7k,Make Candles with me | ❄️Winter Wonderland Edition ❄️,794.0,storyboard,34,272.69,280.71,8.02,https://youtu.be/0gk3NsmJa7k?t=273s,pour_wax,assemble,1,0.5,Melting amber wax in the metal melter/pitcher (winter batch).,"Melting amber wax in the metal melter/pitcher (winter batch). assemble phase, ~34% in, 4:32–4:40.",,0,,,,,,,1,,
0gk3NsmJa7k,https://www.youtube.com/watch?v=0gk3NsmJa7k,Make Candles with me | ❄️Winter Wonderland Edition ❄️,794.0,storyboard,35,280.71,288.73,8.02,https://youtu.be/0gk3NsmJa7k?t=281s,pour_wax,assemble,1,0.5,Pouring amber wax into the jars.,"Pouring amber wax into the jars. assemble phase, ~35% in, 4:40–4:48.",,0,,,,,,,1,,
0gk3NsmJa7k,https://www.youtube.com/watch?v=0gk3NsmJa7k,Make Candles with me | ❄️Winter Wonderland Edition ❄️,794.0,storyboard,36,288.73,296.75,8.02,https://youtu.be/0gk3NsmJa7k?t=289s,pour_wax,assemble,1,0.5,Pouring amber wax into the jars.,"Pouring amber wax into the jars. assemble phase, ~36% in, 4:48–4:56.",,0,,,,,,,1,,
0pqimQlf8tQ,https://www.youtube.com/watch?v=0pqimQlf8tQ,DIY Mason Jar Candles,303.0,storyboard,10,79.74,87.71,7.97,https://youtu.be/0pqimQlf8tQ?t=80s,pour_wax,assemble,1,0.5,Pouring yellow wax into the glasses.,"Pouring yellow wax into the glasses. assemble phase, ~26% in, 1:19–1:27.",,0,,,,,,,1,,
0pqimQlf8tQ,https://www.youtube.com/watch?v=0pqimQlf8tQ,DIY Mason Jar Candles,303.0,storyboard,11,87.71,95.68,7.97,https://youtu.be/0pqimQlf8tQ?t=88s,pour_wax,assemble,1,0.5,Pouring yellow wax into the glasses.,"Pouring yellow wax into the glasses. assemble phase, ~29% in, 1:27–1:35.",,0,,,,,,,1,,
0pqimQlf8tQ,https://www.youtube.com/watch?v=0pqimQlf8tQ,DIY Mason Jar Candles,303.0,storyboard,12,95.68,103.66,7.98,https://youtu.be/0pqimQlf8tQ?t=96s,pour_wax,assemble,1,0.5,Pouring yellow wax into the glasses.,"Pouring yellow wax into the glasses. assemble phase, ~32% in, 1:35–1:43.",,0,,,,,,,1,,
0pqimQlf8tQ,https://www.youtube.com/watch?v=0pqimQlf8tQ,DIY Mason Jar Candles,303.0,storyboard,13,103.66,111.63,7.97,https://youtu.be/0pqimQlf8tQ?t=104s,pour_wax,assemble,1,0.5,Pouring yellow wax into the glasses.,"Pouring yellow wax into the glasses. assemble phase, ~34% in, 1:43–1:51.",,0,,,,,,,1,,
0pqimQlf8tQ,https://www.youtube.com/watch?v=0pqimQlf8tQ,DIY Mason Jar Candles,303.0,storyboard,14,111.63,119.61,7.98,https://youtu.be/0pqimQlf8tQ?t=112s,pour_wax,assemble,1,0.5,Pouring yellow wax into the glasses.,"Pouring yellow wax into the glasses. assemble phase, ~37% in, 1:51–1:59.",,0,,,,,,,1,,
0pqimQlf8tQ,https://www.youtube.com/watch?v=0pqimQlf8tQ,DIY Mason Jar Candles,303.0,storyboard,15,119.61,127.58,7.97,https://youtu.be/0pqimQlf8tQ?t=120s,pour_wax,assemble,1,0.5,Pouring yellow wax into the glasses.,"Pouring yellow wax into the glasses. assemble phase, ~39% in, 1:59–2:07.",,0,,,,,,,1,,
0pqimQlf8tQ,https://www.youtube.com/watch?v=0pqimQlf8tQ,DIY Mason Jar Candles,303.0,storyboard,16,127.58,135.55,7.97,https://youtu.be/0pqimQlf8tQ?t=128s,pour_wax,assemble,1,0.5,Pouring yellow wax into the glasses.,"Pouring yellow wax into the glasses. assemble phase, ~42% in, 2:07–2:15.",,0,,,,,,,1,,
0pqimQlf8tQ,https://www.youtube.com/watch?v=0pqimQlf8tQ,DIY Mason Jar Candles,303.0,storyboard,17,135.55,143.53,7.98,https://youtu.be/0pqimQlf8tQ?t=136s,pour_wax,assemble,1,0.7,Presenter talking to camera (auto-detected: frontal face).,"Presenter talking to camera (auto-detected: frontal face). Pouring the melted wax from the pitcher into the prepared container. assemble phase, ~45% in, 2:15–2:23.",,0,,,,,,,1,,
0pqimQlf8tQ,https://www.youtube.com/watch?v=0pqimQlf8tQ,DIY Mason Jar Candles,303.0,storyboard,18,143.53,151.5,7.97,https://youtu.be/0pqimQlf8tQ?t=144s,pour_wax,assemble,1,0.5,Pouring yellow wax into the glasses.,"Pouring yellow wax into the glasses. assemble phase, ~47% in, 2:23–2:31.",,0,,,,,,,1,,
0pqimQlf8tQ,https://www.youtube.com/watch?v=0pqimQlf8tQ,DIY Mason Jar Candles,303.0,storyboard,19,151.5,159.47,7.97,https://youtu.be/0pqimQlf8tQ?t=152s,pour_wax,assemble,1,0.5,Pouring yellow wax into the glasses.,"Pouring yellow wax into the glasses. assemble phase, ~50% in, 2:31–2:39.",,0,,,,,,,1,,
1NluHw-tnt0,https://www.youtube.com/watch?v=1NluHw-tnt0,Making Witchy Wax Candles - A satisfying & mystical Process of Sculpting with Wax - PATH LAB,538.0,storyboard,1,8.03,16.06,8.03,https://youtu.be/1NluHw-tnt0?t=8s,pour_wax,assemble,1,0.45,Hand-dipping wicks into yellow wax to build taper candles.,"Hand-dipping wicks into yellow wax to build taper candles. assemble phase, ~1% in, 0:08–0:16.",,0,,,,,,,1,,
1NluHw-tnt0,https://www.youtube.com/watch?v=1NluHw-tnt0,Making Witchy Wax Candles - A satisfying & mystical Process of Sculpting with Wax - PATH LAB,538.0,storyboard,2,16.06,24.09,8.03,https://youtu.be/1NluHw-tnt0?t=16s,pour_wax,assemble,1,0.45,Hand-dipping wicks into yellow wax to build taper candles.,"Hand-dipping wicks into yellow wax to build taper candles. assemble phase, ~3% in, 0:16–0:24.",,0,,,,,,,1,,
1NluHw-tnt0,https://www.youtube.com/watch?v=1NluHw-tnt0,Making Witchy Wax Candles - A satisfying & mystical Process of Sculpting with Wax - PATH LAB,538.0,storyboard,3,24.09,32.12,8.03,https://youtu.be/1NluHw-tnt0?t=24s,pour_wax,assemble,1,0.4,Dipped tapers hung to cool between coats.,"Dipped tapers hung to cool between coats. assemble phase, ~4% in, 0:24–0:32.",,0,,,,,,,1,,
1NluHw-tnt0,https://www.youtube.com/watch?v=1NluHw-tnt0,Making Witchy Wax Candles - A satisfying & mystical Process of Sculpting with Wax - PATH LAB,538.0,storyboard,4,32.12,40.15,8.03,https://youtu.be/1NluHw-tnt0?t=32s,pour_wax,assemble,1,0.45,Hand-dipping wicks into yellow wax to build taper candles.,"Hand-dipping wicks into yellow wax to build taper candles. assemble phase, ~6% in, 0:32–0:40.",,0,,,,,,,1,,
1NluHw-tnt0,https://www.youtube.com/watch?v=1NluHw-tnt0,Making Witchy Wax Candles - A satisfying & mystical Process of Sculpting with Wax - PATH LAB,538.0,storyboard,7,56.21,64.24,8.03,https://youtu.be/1NluHw-tnt0?t=56s,pour_wax,assemble,1,0.45,Hand-dipping wicks into yellow wax to build taper candles.,"Hand-dipping wicks into yellow wax to build taper candles. assemble phase, ~10% in, 0:56–1:04.",,0,,,,,,,1,,
1NluHw-tnt0,https://www.youtube.com/watch?v=1NluHw-tnt0,Making Witchy Wax Candles - A satisfying & mystical Process of Sculpting with Wax - PATH LAB,538.0,storyboard,8,64.24,72.27,8.03,https://youtu.be/1NluHw-tnt0?t=64s,pour_wax,assemble,1,0.45,Hand-dipping wicks into yellow wax to build taper candles.,"Hand-dipping wicks into yellow wax to build taper candles. assemble phase, ~12% in, 1:04–1:12.",,0,,,,,,,1,,
1NluHw-tnt0,https://www.youtube.com/watch?v=1NluHw-tnt0,Making Witchy Wax Candles - A satisfying & mystical Process of Sculpting with Wax - PATH LAB,538.0,storyboard,11,88.33,96.36,8.03,https://youtu.be/1NluHw-tnt0?t=88s,pour_wax,assemble,1,0.45,Hand-dipping wicks into yellow wax to build taper candles.,"Hand-dipping wicks into yellow wax to build taper candles. assemble phase, ~16% in, 1:28–1:36.",,0,,,,,,,1,,
1NluHw-tnt0,https://www.youtube.com/watch?v=1NluHw-tnt0,Making Witchy Wax Candles - A satisfying & mystical Process of Sculpting with Wax - PATH LAB,538.0,storyboard,14,112.42,120.45,8.03,https://youtu.be/1NluHw-tnt0?t=112s,pour_wax,assemble,1,0.45,Hand-dipping wicks into yellow wax to build taper candles.,"Hand-dipping wicks into yellow wax to build taper candles. assemble phase, ~21% in, 1:52–2:00.",,0,,,,,,,1,,
1NluHw-tnt0,https://www.youtube.com/watch?v=1NluHw-tnt0,Making Witchy Wax Candles - A satisfying & mystical Process of Sculpting with Wax - PATH LAB,538.0,storyboard,15,120.45,128.48,8.03,https://youtu.be/1NluHw-tnt0?t=120s,pour_wax,assemble,1,0.4,Dipped tapers hung to cool between coats.,"Dipped tapers hung to cool between coats. assemble phase, ~22% in, 2:00–2:08.",,0,,,,,,,1,,
1NluHw-tnt0,https://www.youtube.com/watch?v=1NluHw-tnt0,Making Witchy Wax Candles - A satisfying & mystical Process of Sculpting with Wax - PATH LAB,538.0,storyboard,16,128.48,136.51,8.03,https://youtu.be/1NluHw-tnt0?t=128s,pour_wax,assemble,1,0.45,Hand-dipping wicks into yellow wax to build taper candles.,"Hand-dipping wicks into yellow wax to build taper candles. assemble phase, ~24% in, 2:08–2:16.",,0,,,,,,,1,,
1NluHw-tnt0,https://www.youtube.com/watch?v=1NluHw-tnt0,Making Witchy Wax Candles - A satisfying & mystical Process of Sculpting with Wax - PATH LAB,538.0,storyboard,17,136.51,144.54,8.03,https://youtu.be/1NluHw-tnt0?t=137s,pour_wax,assemble,1,0.45,Hand-dipping wicks into yellow wax to build taper candles.,"Hand-dipping wicks into yellow wax to build taper candles. assemble phase, ~25% in, 2:16–2:24.",,0,,,,,,,1,,
1NluHw-tnt0,https://www.youtube.com/watch?v=1NluHw-tnt0,Making Witchy Wax Candles - A satisfying & mystical Process of Sculpting with Wax - PATH LAB,538.0,storyboard,18,144.54,152.57,8.03,https://youtu.be/1NluHw-tnt0?t=145s,pour_wax,assemble,1,0.4,Dipped tapers hung to cool between coats.,"Dipped tapers hung to cool between coats. assemble phase, ~27% in, 2:24–2:32.",,0,,,,,,,1,,
1NluHw-tnt0,https://www.youtube.com/watch?v=1NluHw-tnt0,Making Witchy Wax Candles - A satisfying & mystical Process of Sculpting with Wax - PATH LAB,538.0,storyboard,19,152.57,160.6,8.03,https://youtu.be/1NluHw-tnt0?t=153s,pour_wax,assemble,1,0.45,Hand-dipping wicks into yellow wax to build taper candles.,"Hand-dipping wicks into yellow wax to build taper candles. assemble phase, ~28% in, 2:32–2:40.",,0,,,,,,,1,,
1NluHw-tnt0,https://www.youtube.com/watch?v=1NluHw-tnt0,Making Witchy Wax Candles - A satisfying & mystical Process of Sculpting with Wax - PATH LAB,538.0,storyboard,20,160.6,168.63,8.03,https://youtu.be/1NluHw-tnt0?t=161s,pour_wax,assemble,1,0.45,Hand-dipping wicks into yellow wax to build taper candles.,"Hand-dipping wicks into yellow wax to build taper candles. assemble phase, ~30% in, 2:40–2:48.",,0,,,,,,,1,,
1NluHw-tnt0,https://www.youtube.com/watch?v=1NluHw-tnt0,Making Witchy Wax Candles - A satisfying & mystical Process of Sculpting with Wax - PATH LAB,538.0,storyboard,21,168.63,176.66,8.03,https://youtu.be/1NluHw-tnt0?t=169s,pour_wax,assemble,1,0.4,Dipped tapers hung to cool between coats.,"Dipped tapers hung to cool between coats. assemble phase, ~31% in, 2:48–2:56.",,0,,,,,,,1,,
1NluHw-tnt0,https://www.youtube.com/watch?v=1NluHw-tnt0,Making Witchy Wax Candles - A satisfying & mystical Process of Sculpting with Wax - PATH LAB,538.0,storyboard,22,176.66,184.69,8.03,https://youtu.be/1NluHw-tnt0?t=177s,pour_wax,assemble,1,0.45,Hand-dipping wicks into yellow wax to build taper candles.,"Hand-dipping wicks into yellow wax to build taper candles. assemble phase, ~33% in, 2:56–3:04.",,0,,,,,,,1,,
1NluHw-tnt0,https://www.youtube.com/watch?v=1NluHw-tnt0,Making Witchy Wax Candles - A satisfying & mystical Process of Sculpting with Wax - PATH LAB,538.0,storyboard,23,184.69,192.72,8.03,https://youtu.be/1NluHw-tnt0?t=185s,pour_wax,assemble,1,0.45,Hand-dipping wicks into yellow wax to build taper candles.,"Hand-dipping wicks into yellow wax to build taper candles. assemble phase, ~34% in, 3:04–3:12.",,0,,,,,,,1,,
1NluHw-tnt0,https://www.youtube.com/watch?v=1NluHw-tnt0,Making Witchy Wax Candles - A satisfying & mystical Process of Sculpting with Wax - PATH LAB,538.0,storyboard,24,192.72,200.75,8.03,https://youtu.be/1NluHw-tnt0?t=193s,pour_wax,assemble,1,0.5,Hand-dipping wicks into the molten-wax tank to build tapers.,"Hand-dipping wicks into the molten-wax tank to build tapers. assemble phase, ~36% in, 3:12–3:20.",,0,,,,,,,1,,
1NluHw-tnt0,https://www.youtube.com/watch?v=1NluHw-tnt0,Making Witchy Wax Candles - A satisfying & mystical Process of Sculpting with Wax - PATH LAB,538.0,storyboard,25,200.75,208.78,8.03,https://youtu.be/1NluHw-tnt0?t=201s,pour_wax,assemble,1,0.5,Hand-dipping wicks into the molten-wax tank to build tapers.,"Hand-dipping wicks into the molten-wax tank to build tapers. assemble phase, ~37% in, 3:20–3:28.",,0,,,,,,,1,,
1NluHw-tnt0,https://www.youtube.com/watch?v=1NluHw-tnt0,Making Witchy Wax Candles - A satisfying & mystical Process of Sculpting with Wax - PATH LAB,538.0,storyboard,26,208.78,216.81,8.03,https://youtu.be/1NluHw-tnt0?t=209s,pour_wax,assemble,1,0.5,Dipped tapers cooling between coats.,"Dipped tapers cooling between coats. assemble phase, ~39% in, 3:28–3:36.",,0,,,,,,,1,,
1NluHw-tnt0,https://www.youtube.com/watch?v=1NluHw-tnt0,Making Witchy Wax Candles - A satisfying & mystical Process of Sculpting with Wax - PATH LAB,538.0,storyboard,27,216.81,224.84,8.03,https://youtu.be/1NluHw-tnt0?t=217s,pour_wax,assemble,1,0.5,Hand-dipping wicks into the molten-wax tank to build tapers.,"Hand-dipping wicks into the molten-wax tank to build tapers. assemble phase, ~40% in, 3:36–3:44.",,0,,,,,,,1,,
1NluHw-tnt0,https://www.youtube.com/watch?v=1NluHw-tnt0,Making Witchy Wax Candles - A satisfying & mystical Process of Sculpting with Wax - PATH LAB,538.0,storyboard,28,224.84,232.87,8.03,https://youtu.be/1NluHw-tnt0?t=225s,pour_wax,assemble,1,0.5,Dipped tapers cooling between coats.,"Dipped tapers cooling between coats. assemble phase, ~42% in, 3:44–3:52.",,0,,,,,,,1,,
1NluHw-tnt0,https://www.youtube.com/watch?v=1NluHw-tnt0,Making Witchy Wax Candles - A satisfying & mystical Process of Sculpting with Wax - PATH LAB,538.0,storyboard,29,232.87,240.9,8.03,https://youtu.be/1NluHw-tnt0?t=233s,pour_wax,assemble,1,0.5,Hand-dipping wicks into the molten-wax tank to build tapers.,"Hand-dipping wicks into the molten-wax tank to build tapers. assemble phase, ~43% in, 3:52–4:00.",,0,,,,,,,1,,
1NluHw-tnt0,https://www.youtube.com/watch?v=1NluHw-tnt0,Making Witchy Wax Candles - A satisfying & mystical Process of Sculpting with Wax - PATH LAB,538.0,storyboard,32,256.96,264.99,8.03,https://youtu.be/1NluHw-tnt0?t=257s,pour_wax,assemble,1,0.5,Hand-dipping wicks into the molten-wax tank to build tapers.,"Hand-dipping wicks into the molten-wax tank to build tapers. assemble phase, ~48% in, 4:16–4:24.",,0,,,,,,,1,,
1NluHw-tnt0,https://www.youtube.com/watch?v=1NluHw-tnt0,Making Witchy Wax Candles - A satisfying & mystical Process of Sculpting with Wax - PATH LAB,538.0,storyboard,33,264.99,273.01,8.02,https://youtu.be/1NluHw-tnt0?t=265s,pour_wax,assemble,1,0.5,Hand-dipping wicks into the molten-wax tank to build tapers.,"Hand-dipping wicks into the molten-wax tank to build tapers. assemble phase, ~49% in, 4:24–4:33.",,0,,,,,,,1,,
1NluHw-tnt0,https://www.youtube.com/watch?v=1NluHw-tnt0,Making Witchy Wax Candles - A satisfying & mystical Process of Sculpting with Wax - PATH LAB,538.0,storyboard,34,273.01,281.04,8.03,https://youtu.be/1NluHw-tnt0?t=273s,pour_wax,assemble,1,0.5,Dipped tapers cooling between coats.,"Dipped tapers cooling between coats. assemble phase, ~51% in, 4:33–4:41.",,0,,,,,,,1,,
1NluHw-tnt0,https://www.youtube.com/watch?v=1NluHw-tnt0,Making Witchy Wax Candles - A satisfying & mystical Process of Sculpting with Wax - PATH LAB,538.0,storyboard,35,281.04,289.07,8.03,https://youtu.be/1NluHw-tnt0?t=281s,pour_wax,assemble,1,0.5,Hand-dipping wicks into the molten-wax tank to build tapers.,"Hand-dipping wicks into the molten-wax tank to build tapers. assemble phase, ~52% in, 4:41–4:49.",,0,,,,,,,1,,
1NluHw-tnt0,https://www.youtube.com/watch?v=1NluHw-tnt0,Making Witchy Wax Candles - A satisfying & mystical Process of Sculpting with Wax - PATH LAB,538.0,storyboard,36,289.07,297.1,8.03,https://youtu.be/1NluHw-tnt0?t=289s,pour_wax,assemble,1,0.5,Dipped tapers cooling between coats.,"Dipped tapers cooling between coats. assemble phase, ~54% in, 4:49–4:57.",,0,,,,,,,1,,
1NluHw-tnt0,https://www.youtube.com/watch?v=1NluHw-tnt0,Making Witchy Wax Candles - A satisfying & mystical Process of Sculpting with Wax - PATH LAB,538.0,storyboard,37,297.1,305.13,8.03,https://youtu.be/1NluHw-tnt0?t=297s,pour_wax,assemble,1,0.5,Hand-dipping wicks into the molten-wax tank to build tapers.,"Hand-dipping wicks into the molten-wax tank to build tapers. assemble phase, ~55% in, 4:57–5:05.",,0,,,,,,,1,,
1NluHw-tnt0,https://www.youtube.com/watch?v=1NluHw-tnt0,Making Witchy Wax Candles - A satisfying & mystical Process of Sculpting with Wax - PATH LAB,538.0,storyboard,38,305.13,313.16,8.03,https://youtu.be/1NluHw-tnt0?t=305s,pour_wax,assemble,1,0.5,Dipped tapers cooling between coats.,"Dipped tapers cooling between coats. assemble phase, ~57% in, 5:05–5:13.",,0,,,,,,,1,,
1NluHw-tnt0,https://www.youtube.com/watch?v=1NluHw-tnt0,Making Witchy Wax Candles - A satisfying & mystical Process of Sculpting with Wax - PATH LAB,538.0,storyboard,39,313.16,321.19,8.03,https://youtu.be/1NluHw-tnt0?t=313s,pour_wax,assemble,1,0.5,Hand-dipping wicks into the molten-wax tank to build tapers.,"Hand-dipping wicks into the molten-wax tank to build tapers. assemble phase, ~58% in, 5:13–5:21.",,0,,,,,,,1,,
1NluHw-tnt0,https://www.youtube.com/watch?v=1NluHw-tnt0,Making Witchy Wax Candles - A satisfying & mystical Process of Sculpting with Wax - PATH LAB,538.0,storyboard,40,321.19,329.22,8.03,https://youtu.be/1NluHw-tnt0?t=321s,pour_wax,assemble,1,0.5,Dipped tapers cooling between coats.,"Dipped tapers cooling between coats. assemble phase, ~60% in, 5:21–5:29.",,0,,,,,,,1,,
1NluHw-tnt0,https://www.youtube.com/watch?v=1NluHw-tnt0,Making Witchy Wax Candles - A satisfying & mystical Process of Sculpting with Wax - PATH LAB,538.0,storyboard,41,329.22,337.25,8.03,https://youtu.be/1NluHw-tnt0?t=329s,pour_wax,assemble,1,0.5,Hand-dipping wicks into the molten-wax tank to build tapers.,"Hand-dipping wicks into the molten-wax tank to build tapers. assemble phase, ~61% in, 5:29–5:37.",,0,,,,,,,1,,
1NluHw-tnt0,https://www.youtube.com/watch?v=1NluHw-tnt0,Making Witchy Wax Candles - A satisfying & mystical Process of Sculpting with Wax - PATH LAB,538.0,storyboard,42,337.25,345.28,8.03,https://youtu.be/1NluHw-tnt0?t=337s,pour_wax,assemble,1,0.5,Hand-dipping wicks into the molten-wax tank to build tapers.,"Hand-dipping wicks into the molten-wax tank to build tapers. assemble phase, ~63% in, 5:37–5:45.",,0,,,,,,,1,,
1NluHw-tnt0,https://www.youtube.com/watch?v=1NluHw-tnt0,Making Witchy Wax Candles - A satisfying & mystical Process of Sculpting with Wax - PATH LAB,538.0,storyboard,43,345.28,353.31,8.03,https://youtu.be/1NluHw-tnt0?t=345s,pour_wax,assemble,1,0.5,Dipped tapers cooling between coats.,"Dipped tapers cooling between coats. assemble phase, ~64% in, 5:45–5:53.",,0,,,,,,,1,,
1NluHw-tnt0,https://www.youtube.com/watch?v=1NluHw-tnt0,Making Witchy Wax Candles - A satisfying & mystical Process of Sculpting with Wax - PATH LAB,538.0,storyboard,44,353.31,361.34,8.03,https://youtu.be/1NluHw-tnt0?t=353s,pour_wax,assemble,1,0.5,Hand-dipping wicks into the molten-wax tank to build tapers.,"Hand-dipping wicks into the molten-wax tank to build tapers. assemble phase, ~66% in, 5:53–6:01.",,0,,,,,,,1,,
1NluHw-tnt0,https://www.youtube.com/watch?v=1NluHw-tnt0,Making Witchy Wax Candles - A satisfying & mystical Process of Sculpting with Wax - PATH LAB,538.0,storyboard,45,361.34,369.37,8.03,https://youtu.be/1NluHw-tnt0?t=361s,pour_wax,assemble,1,0.5,Hand-dipping wicks into the molten-wax tank to build tapers.,"Hand-dipping wicks into the molten-wax tank to build tapers. assemble phase, ~67% in, 6:01–6:09.",,0,,,,,,,1,,
1NluHw-tnt0,https://www.youtube.com/watch?v=1NluHw-tnt0,Making Witchy Wax Candles - A satisfying & mystical Process of Sculpting with Wax - PATH LAB,538.0,storyboard,46,369.37,377.4,8.03,https://youtu.be/1NluHw-tnt0?t=369s,pour_wax,assemble,1,0.5,Dipped tapers cooling between coats.,"Dipped tapers cooling between coats. assemble phase, ~69% in, 6:09–6:17.",,0,,,,,,,1,,
1NluHw-tnt0,https://www.youtube.com/watch?v=1NluHw-tnt0,Making Witchy Wax Candles - A satisfying & mystical Process of Sculpting with Wax - PATH LAB,538.0,storyboard,47,377.4,385.43,8.03,https://youtu.be/1NluHw-tnt0?t=377s,pour_wax,assemble,1,0.5,Hand-dipping wicks into the molten-wax tank to build tapers.,"Hand-dipping wicks into the molten-wax tank to build tapers. assemble phase, ~70% in, 6:17–6:25.",,0,,,,,,,1,,
1NluHw-tnt0,https://www.youtube.com/watch?v=1NluHw-tnt0,Making Witchy Wax Candles - A satisfying & mystical Process of Sculpting with Wax - PATH LAB,538.0,storyboard,50,401.49,409.52,8.03,https://youtu.be/1NluHw-tnt0?t=401s,pour_wax,assemble,1,0.5,Hand-dipping wicks into the molten-wax tank to build tapers.,"Hand-dipping wicks into the molten-wax tank to build tapers. assemble phase, ~75% in, 6:41–6:49.",,0,,,,,,,1,,
1NluHw-tnt0,https://www.youtube.com/watch?v=1NluHw-tnt0,Making Witchy Wax Candles - A satisfying & mystical Process of Sculpting with Wax - PATH LAB,538.0,storyboard,51,409.52,417.55,8.03,https://youtu.be/1NluHw-tnt0?t=410s,pour_wax,assemble,1,0.5,Hand-dipping wicks into the molten-wax tank to build tapers.,"Hand-dipping wicks into the molten-wax tank to build tapers. assemble phase, ~76% in, 6:49–6:57.",,0,,,,,,,1,,
1NluHw-tnt0,https://www.youtube.com/watch?v=1NluHw-tnt0,Making Witchy Wax Candles - A satisfying & mystical Process of Sculpting with Wax - PATH LAB,538.0,storyboard,52,417.55,425.58,8.03,https://youtu.be/1NluHw-tnt0?t=418s,pour_wax,assemble,1,0.5,Hand-dipping wicks into the molten-wax tank to build tapers.,"Hand-dipping wicks into the molten-wax tank to build tapers. assemble phase, ~78% in, 6:57–7:05.",,0,,,,,,,1,,
1NluHw-tnt0,https://www.youtube.com/watch?v=1NluHw-tnt0,Making Witchy Wax Candles - A satisfying & mystical Process of Sculpting with Wax - PATH LAB,538.0,storyboard,53,425.58,433.61,8.03,https://youtu.be/1NluHw-tnt0?t=426s,pour_wax,assemble,1,0.5,Hand-dipping wicks into the molten-wax tank to build tapers.,"Hand-dipping wicks into the molten-wax tank to build tapers. assemble phase, ~79% in, 7:05–7:13.",,0,,,,,,,1,,
1NluHw-tnt0,https://www.youtube.com/watch?v=1NluHw-tnt0,Making Witchy Wax Candles - A satisfying & mystical Process of Sculpting with Wax - PATH LAB,538.0,storyboard,54,433.61,441.64,8.03,https://youtu.be/1NluHw-tnt0?t=434s,pour_wax,assemble,1,0.5,Hand-dipping wicks into the molten-wax tank to build tapers.,"Hand-dipping wicks into the molten-wax tank to build tapers. assemble phase, ~81% in, 7:13–7:21.",,0,,,,,,,1,,
1NluHw-tnt0,https://www.youtube.com/watch?v=1NluHw-tnt0,Making Witchy Wax Candles - A satisfying & mystical Process of Sculpting with Wax - PATH LAB,538.0,storyboard,55,441.64,449.67,8.03,https://youtu.be/1NluHw-tnt0?t=442s,pour_wax,assemble,1,0.5,Hand-dipping wicks into the molten-wax tank to build tapers.,"Hand-dipping wicks into the molten-wax tank to build tapers. assemble phase, ~82% in, 7:21–7:29.",,0,,,,,,,1,,
1NluHw-tnt0,https://www.youtube.com/watch?v=1NluHw-tnt0,Making Witchy Wax Candles - A satisfying & mystical Process of Sculpting with Wax - PATH LAB,538.0,storyboard,56,449.67,457.7,8.03,https://youtu.be/1NluHw-tnt0?t=450s,pour_wax,assemble,1,0.5,Hand-dipping wicks into the molten-wax tank to build tapers.,"Hand-dipping wicks into the molten-wax tank to build tapers. assemble phase, ~84% in, 7:29–7:37.",,0,,,,,,,1,,
1NluHw-tnt0,https://www.youtube.com/watch?v=1NluHw-tnt0,Making Witchy Wax Candles - A satisfying & mystical Process of Sculpting with Wax - PATH LAB,538.0,storyboard,57,457.7,465.73,8.03,https://youtu.be/1NluHw-tnt0?t=458s,pour_wax,assemble,1,0.5,Hand-dipping wicks into the molten-wax tank to build tapers.,"Hand-dipping wicks into the molten-wax tank to build tapers. assemble phase, ~85% in, 7:37–7:45.",,0,,,,,,,1,,
1V3hfxo7OtE,https://www.youtube.com/watch?v=1V3hfxo7OtE,Candle Making | How to Make Scented Candles,508.0,storyboard,45,357.19,365.12,7.93,https://youtu.be/1V3hfxo7OtE?t=357s,pour_wax,assemble,1,0.5,overhead pouring setup,"overhead pouring setup. Pouring the melted wax from the pitcher into the prepared container. assemble phase, ~70% in, 5:57–6:05.",,0,,,,,,,1,,
1V3hfxo7OtE,https://www.youtube.com/watch?v=1V3hfxo7OtE,Candle Making | How to Make Scented Candles,508.0,storyboard,46,365.12,373.06,7.94,https://youtu.be/1V3hfxo7OtE?t=365s,pour_wax,assemble,1,0.6,overhead red pot pouring wax,"overhead red pot pouring wax. assemble phase, ~72% in, 6:05–6:13.",,0,,,,,,,1,,
1V3hfxo7OtE,https://www.youtube.com/watch?v=1V3hfxo7OtE,Candle Making | How to Make Scented Candles,508.0,storyboard,47,373.06,381.0,7.94,https://youtu.be/1V3hfxo7OtE?t=373s,pour_wax,assemble,1,0.6,overhead pouring into containers,"overhead pouring into containers. assemble phase, ~73% in, 6:13–6:21.",,0,,,,,,,1,,
1V3hfxo7OtE,https://www.youtube.com/watch?v=1V3hfxo7OtE,Candle Making | How to Make Scented Candles,508.0,storyboard,51,404.81,412.75,7.94,https://youtu.be/1V3hfxo7OtE?t=405s,pour_wax,assemble,1,0.45,"overhead pouring, oven mitt","overhead pouring, oven mitt. assemble phase, ~80% in, 6:44–6:52.",,0,,,,,,,1,,
1tDWhMxtEqU,https://www.youtube.com/watch?v=1tDWhMxtEqU,Easiest Beeswax Candle Recipe | How to Make a Beeswax Candle,512.0,storyboard,39,312.0,320.0,8.0,https://youtu.be/1tDWhMxtEqU?t=312s,pour_wax,assemble,1,0.5,Pouring wax into the jars.,"Pouring wax into the jars. assemble phase, ~61% in, 5:12–5:20.",,0,,,,,,,1,,
1tDWhMxtEqU,https://www.youtube.com/watch?v=1tDWhMxtEqU,Easiest Beeswax Candle Recipe | How to Make a Beeswax Candle,512.0,storyboard,43,344.0,352.0,8.0,https://youtu.be/1tDWhMxtEqU?t=344s,pour_wax,assemble,1,0.5,Pouring wax into the jars.,"Pouring wax into the jars. assemble phase, ~67% in, 5:44–5:52.",,0,,,,,,,1,,
1tDWhMxtEqU,https://www.youtube.com/watch?v=1tDWhMxtEqU,Easiest Beeswax Candle Recipe | How to Make a Beeswax Candle,512.0,storyboard,44,352.0,360.0,8.0,https://youtu.be/1tDWhMxtEqU?t=352s,pour_wax,assemble,1,0.5,Pouring wax into the jars.,"Pouring wax into the jars. assemble phase, ~69% in, 5:52–6:00.",,0,,,,,,,1,,
1tDWhMxtEqU,https://www.youtube.com/watch?v=1tDWhMxtEqU,Easiest Beeswax Candle Recipe | How to Make a Beeswax Candle,512.0,storyboard,45,360.0,368.0,8.0,https://youtu.be/1tDWhMxtEqU?t=360s,pour_wax,assemble,1,0.5,Pouring wax into the jars.,"Pouring wax into the jars. assemble phase, ~70% in, 6:00–6:08.",,0,,,,,,,1,,
2KbmlOnPJnU,https://www.youtube.com/watch?v=2KbmlOnPJnU,How To Make an INFINITE CANDLE Wick – Burns Forever!,151.0,storyboard,11,87.42,95.37,7.95,https://youtu.be/2KbmlOnPJnU?t=87s,pour_wax,assemble,1,0.4,Oil is added to the metal cup to fuel the float wick.,"Oil is added to the metal cup to fuel the float wick. assemble phase, ~58% in, 1:27–1:35.",,0,,,,,,,1,,
2ZagX6xiRog,https://www.youtube.com/watch?v=2ZagX6xiRog,How to Make Candles in Jars : Basic Candle Making,102.0,storyboard,10,78.46,86.31,7.85,https://youtu.be/2ZagX6xiRog?t=78s,pour_wax,assemble,1,0.5,Yellow wax filling the jar.,"Yellow wax filling the jar. assemble phase, ~77% in, 1:18–1:26.",,0,,,,,,,1,,
2nxGLwe1Znk,https://www.youtube.com/watch?v=2nxGLwe1Znk,DIY Mason Jar Candles | How to Make Mason Jar Candles,147.0,storyboard,12,98.0,106.17,8.17,https://youtu.be/2nxGLwe1Znk?t=98s,pour_wax,assemble,1,0.55,Pouring wax into a mason jar.,"Pouring wax into a mason jar. assemble phase, ~67% in, 1:38–1:46.",,0,,,,,,,1,,
2nxGLwe1Znk,https://www.youtube.com/watch?v=2nxGLwe1Znk,DIY Mason Jar Candles | How to Make Mason Jar Candles,147.0,storyboard,13,106.17,114.33,8.16,https://youtu.be/2nxGLwe1Znk?t=106s,pour_wax,assemble,1,0.5,Mason jar with wax; wick bar.,"Mason jar with wax; wick bar. assemble phase, ~72% in, 1:46–1:54.",,0,,,,,,,1,,
2nxGLwe1Znk,https://www.youtube.com/watch?v=2nxGLwe1Znk,DIY Mason Jar Candles | How to Make Mason Jar Candles,147.0,storyboard,14,114.33,122.5,8.17,https://youtu.be/2nxGLwe1Znk?t=114s,pour_wax,assemble,1,0.45,Mason jars filled; hands.,"Mason jars filled; hands. assemble phase, ~78% in, 1:54–2:02.",,0,,,,,,,1,,
2rhZ7lzaU4Y,https://www.youtube.com/watch?v=2rhZ7lzaU4Y,4 Easy Candle Making for Beginners | DIY Candles,187.0,storyboard,6,48.78,56.91,8.13,https://youtu.be/2rhZ7lzaU4Y?t=49s,pour_wax,assemble,1,0.55,Coloured wax poured into a glass jar around a wick.,"Coloured wax poured into a glass jar around a wick. assemble phase, ~26% in, 0:48–0:56. Terminology: sinkhole, container candle.",,0,,,,,,,1,,
2rhZ7lzaU4Y,https://www.youtube.com/watch?v=2rhZ7lzaU4Y,4 Easy Candle Making for Beginners | DIY Candles,187.0,storyboard,7,56.91,65.04,8.13,https://youtu.be/2rhZ7lzaU4Y?t=57s,pour_wax,assemble,1,0.55,A coloured layer poured into the jar.,"A coloured layer poured into the jar. assemble phase, ~30% in, 0:56–1:05.",,0,,,,,,,1,,
2rhZ7lzaU4Y,https://www.youtube.com/watch?v=2rhZ7lzaU4Y,4 Easy Candle Making for Beginners | DIY Candles,187.0,storyboard,8,65.04,73.17,8.13,https://youtu.be/2rhZ7lzaU4Y?t=65s,pour_wax,assemble,1,0.5,Blue layer in the jar; hand at work.,"Blue layer in the jar; hand at work. assemble phase, ~35% in, 1:05–1:13.",,0,,,,,,,1,,
2rhZ7lzaU4Y,https://www.youtube.com/watch?v=2rhZ7lzaU4Y,4 Easy Candle Making for Beginners | DIY Candles,187.0,storyboard,9,73.17,81.3,8.13,https://youtu.be/2rhZ7lzaU4Y?t=73s,pour_wax,assemble,1,0.5,Layered colours building in the glass jar.,"Layered colours building in the glass jar. assemble phase, ~39% in, 1:13–1:21.",,0,,,,,,,1,,
2rhZ7lzaU4Y,https://www.youtube.com/watch?v=2rhZ7lzaU4Y,4 Easy Candle Making for Beginners | DIY Candles,187.0,storyboard,10,81.3,89.43,8.13,https://youtu.be/2rhZ7lzaU4Y?t=81s,pour_wax,assemble,1,0.4,Hands with coloured wax spheres beside the jar.,"Hands with coloured wax spheres beside the jar. assemble phase, ~43% in, 1:21–1:29.",,0,,,,,,,1,,
2rhZ7lzaU4Y,https://www.youtube.com/watch?v=2rhZ7lzaU4Y,4 Easy Candle Making for Beginners | DIY Candles,187.0,storyboard,11,89.43,97.57,8.14,https://youtu.be/2rhZ7lzaU4Y?t=89s,pour_wax,assemble,1,0.5,Multicolour layers in the jar.,"Multicolour layers in the jar. assemble phase, ~48% in, 1:29–1:37.",,0,,,,,,,1,,
2rhZ7lzaU4Y,https://www.youtube.com/watch?v=2rhZ7lzaU4Y,4 Easy Candle Making for Beginners | DIY Candles,187.0,storyboard,12,97.57,105.7,8.13,https://youtu.be/2rhZ7lzaU4Y?t=98s,pour_wax,assemble,1,0.45,Hands set/centre the wick with a white disc; jar.,"Hands set/centre the wick with a white disc; jar. assemble phase, ~52% in, 1:37–1:45.",,0,,,,,,,1,,
2rhZ7lzaU4Y,https://www.youtube.com/watch?v=2rhZ7lzaU4Y,4 Easy Candle Making for Beginners | DIY Candles,187.0,storyboard,13,105.7,113.83,8.13,https://youtu.be/2rhZ7lzaU4Y?t=106s,pour_wax,assemble,1,0.5,More coloured wax poured into the jar.,"More coloured wax poured into the jar. assemble phase, ~57% in, 1:45–1:53.",,0,,,,,,,1,,
2rhZ7lzaU4Y,https://www.youtube.com/watch?v=2rhZ7lzaU4Y,4 Easy Candle Making for Beginners | DIY Candles,187.0,storyboard,14,113.83,121.96,8.13,https://youtu.be/2rhZ7lzaU4Y?t=114s,pour_wax,assemble,1,0.45,Red wax added to the layered jar.,"Red wax added to the layered jar. assemble phase, ~61% in, 1:53–2:01.",,0,,,,,,,1,,
2rhZ7lzaU4Y,https://www.youtube.com/watch?v=2rhZ7lzaU4Y,4 Easy Candle Making for Beginners | DIY Candles,187.0,storyboard,15,121.96,130.09,8.13,https://youtu.be/2rhZ7lzaU4Y?t=122s,pour_wax,assemble,1,0.5,Rainbow-layered jar taking shape.,"Rainbow-layered jar taking shape. assemble phase, ~65% in, 2:01–2:10.",,0,,,,,,,1,,
2rhZ7lzaU4Y,https://www.youtube.com/watch?v=2rhZ7lzaU4Y,4 Easy Candle Making for Beginners | DIY Candles,187.0,storyboard,16,130.09,138.22,8.13,https://youtu.be/2rhZ7lzaU4Y?t=130s,pour_wax,assemble,1,0.5,Hands pour another colour into the rainbow jar.,"Hands pour another colour into the rainbow jar. assemble phase, ~70% in, 2:10–2:18.",,0,,,,,,,1,,
2rhZ7lzaU4Y,https://www.youtube.com/watch?v=2rhZ7lzaU4Y,4 Easy Candle Making for Beginners | DIY Candles,187.0,storyboard,17,138.22,146.35,8.13,https://youtu.be/2rhZ7lzaU4Y?t=138s,pour_wax,assemble,1,0.5,Yellow layer poured into the jar.,"Yellow layer poured into the jar. assemble phase, ~74% in, 2:18–2:26.",,0,,,,,,,1,,
2rhZ7lzaU4Y,https://www.youtube.com/watch?v=2rhZ7lzaU4Y,4 Easy Candle Making for Beginners | DIY Candles,187.0,storyboard,18,146.35,154.48,8.13,https://youtu.be/2rhZ7lzaU4Y?t=146s,pour_wax,assemble,1,0.5,Red layer poured; rainbow candle nearly done.,"Red layer poured; rainbow candle nearly done. assemble phase, ~78% in, 2:26–2:34.",,0,,,,,,,1,,
3TuI66FMaRo,https://www.youtube.com/watch?v=3TuI66FMaRo,How to make a candle using our NEW ProSoy Container Wax,183.0,storyboard,11,87.52,95.48,7.96,https://youtu.be/3TuI66FMaRo?t=88s,pour_wax,assemble,1,0.5,Pouring melted wax.,"Pouring melted wax. Pouring the melted wax from the pitcher into the prepared container. assemble phase, ~48% in, 1:27–1:35.",,0,,,,,,,1,,
3TuI66FMaRo,https://www.youtube.com/watch?v=3TuI66FMaRo,How to make a candle using our NEW ProSoy Container Wax,183.0,storyboard,12,95.48,103.43,7.95,https://youtu.be/3TuI66FMaRo?t=95s,pour_wax,assemble,1,0.45,Pouring into the glass.,"Pouring into the glass. Pouring the melted wax from the pitcher into the prepared container. assemble phase, ~52% in, 1:35–1:43.",,0,,,,,,,1,,
3TuI66FMaRo,https://www.youtube.com/watch?v=3TuI66FMaRo,How to make a candle using our NEW ProSoy Container Wax,183.0,storyboard,15,119.35,127.3,7.95,https://youtu.be/3TuI66FMaRo?t=119s,pour_wax,assemble,1,0.5,Glass with white wax; pouring.,"Glass with white wax; pouring. assemble phase, ~65% in, 1:59–2:07.",,0,,,,,,,1,,
3TuI66FMaRo,https://www.youtube.com/watch?v=3TuI66FMaRo,How to make a candle using our NEW ProSoy Container Wax,183.0,storyboard,16,127.3,135.26,7.96,https://youtu.be/3TuI66FMaRo?t=127s,pour_wax,assemble,1,0.5,Pouring wax into the glass.,"Pouring wax into the glass. assemble phase, ~70% in, 2:07–2:15.",,0,,,,,,,1,,
3TuI66FMaRo,https://www.youtube.com/watch?v=3TuI66FMaRo,How to make a candle using our NEW ProSoy Container Wax,183.0,storyboard,17,135.26,143.22,7.96,https://youtu.be/3TuI66FMaRo?t=135s,pour_wax,assemble,1,0.4,Glass of wax; wick.,"Glass of wax; wick. Pouring the melted wax from the pitcher into the prepared container. assemble phase, ~74% in, 2:15–2:23.",,0,,,,,,,1,,
3TuI66FMaRo,https://www.youtube.com/watch?v=3TuI66FMaRo,How to make a candle using our NEW ProSoy Container Wax,183.0,storyboard,18,143.22,151.17,7.95,https://youtu.be/3TuI66FMaRo?t=143s,pour_wax,assemble,1,0.45,Finishing the pour.,"Finishing the pour. Pouring the melted wax from the pitcher into the prepared container. assemble phase, ~78% in, 2:23–2:31.",,0,,,,,,,1,,
40mkiCY8uMM,https://www.youtube.com/watch?v=40mkiCY8uMM,How To Make Mini 1 Oz. Soy Candles | Fall Scented Sample Candles,583.0,storyboard,0,0.0,7.99,7.99,https://youtu.be/40mkiCY8uMM?t=0s,pour_wax,assemble,1,0.45,Pouring wax into the mini tins.,"Pouring wax into the mini tins. assemble phase, ~0% in, 0:00–0:07.",,0,,,,,,,1,,
40mkiCY8uMM,https://www.youtube.com/watch?v=40mkiCY8uMM,How To Make Mini 1 Oz. Soy Candles | Fall Scented Sample Candles,583.0,storyboard,1,7.99,15.97,7.98,https://youtu.be/40mkiCY8uMM?t=8s,pour_wax,assemble,1,0.5,Weighing a mini 1oz tin on a scale.,"Weighing a mini 1oz tin on a scale. assemble phase, ~1% in, 0:07–0:15.",,0,,,,,,,1,,
40mkiCY8uMM,https://www.youtube.com/watch?v=40mkiCY8uMM,How To Make Mini 1 Oz. Soy Candles | Fall Scented Sample Candles,583.0,storyboard,2,15.97,23.96,7.99,https://youtu.be/40mkiCY8uMM?t=16s,pour_wax,assemble,1,0.45,Pouring wax into the mini tins.,"Pouring wax into the mini tins. assemble phase, ~3% in, 0:15–0:23.",,0,,,,,,,1,,
40mkiCY8uMM,https://www.youtube.com/watch?v=40mkiCY8uMM,How To Make Mini 1 Oz. Soy Candles | Fall Scented Sample Candles,583.0,storyboard,3,23.96,31.95,7.99,https://youtu.be/40mkiCY8uMM?t=24s,pour_wax,assemble,1,0.5,Weighing a mini 1oz tin on a scale.,"Weighing a mini 1oz tin on a scale. assemble phase, ~4% in, 0:23–0:31.",,0,,,,,,,1,,
40mkiCY8uMM,https://www.youtube.com/watch?v=40mkiCY8uMM,How To Make Mini 1 Oz. Soy Candles | Fall Scented Sample Candles,583.0,storyboard,4,31.95,39.93,7.98,https://youtu.be/40mkiCY8uMM?t=32s,pour_wax,assemble,1,0.45,Pouring wax into the mini tins.,"Pouring wax into the mini tins. assemble phase, ~5% in, 0:31–0:39.",,0,,,,,,,1,,
40mkiCY8uMM,https://www.youtube.com/watch?v=40mkiCY8uMM,How To Make Mini 1 Oz. Soy Candles | Fall Scented Sample Candles,583.0,storyboard,5,39.93,47.92,7.99,https://youtu.be/40mkiCY8uMM?t=40s,pour_wax,assemble,1,0.5,Weighing a mini 1oz tin on a scale.,"Weighing a mini 1oz tin on a scale. assemble phase, ~7% in, 0:39–0:47.",,0,,,,,,,1,,
40mkiCY8uMM,https://www.youtube.com/watch?v=40mkiCY8uMM,How To Make Mini 1 Oz. Soy Candles | Fall Scented Sample Candles,583.0,storyboard,6,47.92,55.9,7.98,https://youtu.be/40mkiCY8uMM?t=48s,pour_wax,assemble,1,0.45,Pouring wax into the mini tins.,"Pouring wax into the mini tins. assemble phase, ~8% in, 0:47–0:55.",,0,,,,,,,1,,
40mkiCY8uMM,https://www.youtube.com/watch?v=40mkiCY8uMM,How To Make Mini 1 Oz. Soy Candles | Fall Scented Sample Candles,583.0,storyboard,7,55.9,63.89,7.99,https://youtu.be/40mkiCY8uMM?t=56s,pour_wax,assemble,1,0.5,Weighing a mini 1oz tin on a scale.,"Weighing a mini 1oz tin on a scale. assemble phase, ~10% in, 0:55–1:03.",,0,,,,,,,1,,
40mkiCY8uMM,https://www.youtube.com/watch?v=40mkiCY8uMM,How To Make Mini 1 Oz. Soy Candles | Fall Scented Sample Candles,583.0,storyboard,8,63.89,71.88,7.99,https://youtu.be/40mkiCY8uMM?t=64s,pour_wax,assemble,1,0.45,Pouring wax into the mini tins.,"Pouring wax into the mini tins. assemble phase, ~11% in, 1:03–1:11.",,0,,,,,,,1,,
40mkiCY8uMM,https://www.youtube.com/watch?v=40mkiCY8uMM,How To Make Mini 1 Oz. Soy Candles | Fall Scented Sample Candles,583.0,storyboard,9,71.88,79.86,7.98,https://youtu.be/40mkiCY8uMM?t=72s,pour_wax,assemble,1,0.5,Weighing a mini 1oz tin on a scale.,"Weighing a mini 1oz tin on a scale. assemble phase, ~12% in, 1:11–1:19.",,0,,,,,,,1,,
40mkiCY8uMM,https://www.youtube.com/watch?v=40mkiCY8uMM,How To Make Mini 1 Oz. Soy Candles | Fall Scented Sample Candles,583.0,storyboard,10,79.86,87.85,7.99,https://youtu.be/40mkiCY8uMM?t=80s,pour_wax,assemble,1,0.45,Pouring wax into the mini tins.,"Pouring wax into the mini tins. assemble phase, ~14% in, 1:19–1:27.",,0,,,,,,,1,,
40mkiCY8uMM,https://www.youtube.com/watch?v=40mkiCY8uMM,How To Make Mini 1 Oz. Soy Candles | Fall Scented Sample Candles,583.0,storyboard,11,87.85,95.84,7.99,https://youtu.be/40mkiCY8uMM?t=88s,pour_wax,assemble,1,0.5,Weighing a mini 1oz tin on a scale.,"Weighing a mini 1oz tin on a scale. assemble phase, ~15% in, 1:27–1:35.",,0,,,,,,,1,,
40mkiCY8uMM,https://www.youtube.com/watch?v=40mkiCY8uMM,How To Make Mini 1 Oz. Soy Candles | Fall Scented Sample Candles,583.0,storyboard,12,95.84,103.82,7.98,https://youtu.be/40mkiCY8uMM?t=96s,pour_wax,assemble,1,0.45,Pouring wax into the mini tins.,"Pouring wax into the mini tins. assemble phase, ~16% in, 1:35–1:43.",,0,,,,,,,1,,
40mkiCY8uMM,https://www.youtube.com/watch?v=40mkiCY8uMM,How To Make Mini 1 Oz. Soy Candles | Fall Scented Sample Candles,583.0,storyboard,13,103.82,111.81,7.99,https://youtu.be/40mkiCY8uMM?t=104s,pour_wax,assemble,1,0.5,Weighing a mini 1oz tin on a scale.,"Weighing a mini 1oz tin on a scale. assemble phase, ~18% in, 1:43–1:51.",,0,,,,,,,1,,
40mkiCY8uMM,https://www.youtube.com/watch?v=40mkiCY8uMM,How To Make Mini 1 Oz. Soy Candles | Fall Scented Sample Candles,583.0,storyboard,14,111.81,119.79,7.98,https://youtu.be/40mkiCY8uMM?t=112s,pour_wax,assemble,1,0.45,Pouring wax into the mini tins.,"Pouring wax into the mini tins. assemble phase, ~19% in, 1:51–1:59.",,0,,,,,,,1,,
40mkiCY8uMM,https://www.youtube.com/watch?v=40mkiCY8uMM,How To Make Mini 1 Oz. Soy Candles | Fall Scented Sample Candles,583.0,storyboard,44,351.4,359.38,7.98,https://youtu.be/40mkiCY8uMM?t=351s,pour_wax,assemble,1,0.5,Pouring wax into the rows of mini tins.,"Pouring wax into the rows of mini tins. assemble phase, ~60% in, 5:51–5:59.",,0,,,,,,,1,,
40mkiCY8uMM,https://www.youtube.com/watch?v=40mkiCY8uMM,How To Make Mini 1 Oz. Soy Candles | Fall Scented Sample Candles,583.0,storyboard,45,359.38,367.37,7.99,https://youtu.be/40mkiCY8uMM?t=359s,pour_wax,assemble,1,0.5,Pouring wax into the rows of mini tins.,"Pouring wax into the rows of mini tins. assemble phase, ~62% in, 5:59–6:07.",,0,,,,,,,1,,
40mkiCY8uMM,https://www.youtube.com/watch?v=40mkiCY8uMM,How To Make Mini 1 Oz. Soy Candles | Fall Scented Sample Candles,583.0,storyboard,52,415.29,423.27,7.98,https://youtu.be/40mkiCY8uMM?t=415s,pour_wax,assemble,1,0.5,Pouring wax into the rows of mini tins.,"Pouring wax into the rows of mini tins. assemble phase, ~71% in, 6:55–7:03.",,0,,,,,,,1,,
40mkiCY8uMM,https://www.youtube.com/watch?v=40mkiCY8uMM,How To Make Mini 1 Oz. Soy Candles | Fall Scented Sample Candles,583.0,storyboard,55,439.25,447.23,7.98,https://youtu.be/40mkiCY8uMM?t=439s,pour_wax,assemble,1,0.5,Pouring wax into the rows of mini tins.,"Pouring wax into the rows of mini tins. assemble phase, ~75% in, 7:19–7:27.",,0,,,,,,,1,,
40mkiCY8uMM,https://www.youtube.com/watch?v=40mkiCY8uMM,How To Make Mini 1 Oz. Soy Candles | Fall Scented Sample Candles,583.0,storyboard,56,447.23,455.22,7.99,https://youtu.be/40mkiCY8uMM?t=447s,pour_wax,assemble,1,0.5,Pouring wax into the rows of mini tins.,"Pouring wax into the rows of mini tins. assemble phase, ~77% in, 7:27–7:35.",,0,,,,,,,1,,
4hYoRmRDBKs,https://www.youtube.com/watch?v=4hYoRmRDBKs,How To Make Candles at Home for Beginners | Step-by-Step Tutorial,420.0,storyboard,19,153.46,161.54,8.08,https://youtu.be/4hYoRmRDBKs?t=153s,pour_wax,assemble,1,0.45,Pouring melted wax.,"Pouring melted wax. Pouring the melted wax from the pitcher into the prepared container. assemble phase, ~37% in, 2:33–2:41.",,0,,,,,,,1,,
4hYoRmRDBKs,https://www.youtube.com/watch?v=4hYoRmRDBKs,How To Make Candles at Home for Beginners | Step-by-Step Tutorial,420.0,storyboard,22,177.69,185.77,8.08,https://youtu.be/4hYoRmRDBKs?t=178s,pour_wax,assemble,1,0.45,Pouring melted wax.,"Pouring melted wax. Pouring the melted wax from the pitcher into the prepared container. assemble phase, ~42% in, 2:57–3:05.",,0,,,,,,,1,,
5SulILZNPEI,https://www.youtube.com/watch?v=5SulILZNPEI,How To Make Soy Candles DIY Candle Making Tutorial,453.0,storyboard,32,254.32,262.26,7.94,https://youtu.be/5SulILZNPEI?t=254s,pour_wax,assemble,1,0.45,overhead hands at tins,"overhead hands at tins. Pouring the melted wax from the pitcher into the prepared container. assemble phase, ~56% in, 4:14–4:22.",,0,,,,,,,1,,
5SulILZNPEI,https://www.youtube.com/watch?v=5SulILZNPEI,How To Make Soy Candles DIY Candle Making Tutorial,453.0,storyboard,33,262.26,270.21,7.95,https://youtu.be/5SulILZNPEI?t=262s,pour_wax,assemble,1,0.45,overhead pouring into tins,"overhead pouring into tins. assemble phase, ~58% in, 4:22–4:30.",,0,,,,,,,1,,
5SulILZNPEI,https://www.youtube.com/watch?v=5SulILZNPEI,How To Make Soy Candles DIY Candle Making Tutorial,453.0,storyboard,37,294.05,302.0,7.95,https://youtu.be/5SulILZNPEI?t=294s,pour_wax,assemble,1,0.45,overhead pouring,"overhead pouring. Pouring the melted wax from the pitcher into the prepared container. assemble phase, ~65% in, 4:54–5:02.",,0,,,,,,,1,,
647HetRAhR0,https://www.youtube.com/watch?v=647HetRAhR0,Make Candle Tins with Me! | Small Business Vlog,172.0,storyboard,9,70.36,78.18,7.82,https://youtu.be/647HetRAhR0?t=70s,pour_wax,assemble,1,0.5,Rows of black tins poured with amber wax.,"Rows of black tins poured with amber wax. assemble phase, ~41% in, 1:10–1:18.",,0,,,,,,,1,,
647HetRAhR0,https://www.youtube.com/watch?v=647HetRAhR0,Make Candle Tins with Me! | Small Business Vlog,172.0,storyboard,10,78.18,86.0,7.82,https://youtu.be/647HetRAhR0?t=78s,pour_wax,assemble,1,0.45,Rows of poured tins setting.,"Rows of poured tins setting. assemble phase, ~45% in, 1:18–1:26.",,0,,,,,,,1,,
647HetRAhR0,https://www.youtube.com/watch?v=647HetRAhR0,Make Candle Tins with Me! | Small Business Vlog,172.0,storyboard,11,86.0,93.82,7.82,https://youtu.be/647HetRAhR0?t=86s,pour_wax,assemble,1,0.5,Amber wax filling the tins.,"Amber wax filling the tins. assemble phase, ~50% in, 1:26–1:33.",,0,,,,,,,1,,
6HKMsobiG74,https://www.youtube.com/watch?v=6HKMsobiG74,Most Satisfying Ocean Jelly Candle | Water Candle DIY ASMR,158.0,storyboard,3,23.7,31.6,7.9,https://youtu.be/6HKMsobiG74?t=24s,pour_wax,assemble,1,0.4,Clear jelly wax poured into the decorated glass.,"Clear jelly wax poured into the decorated glass. assemble phase, ~15% in, 0:23–0:31. Terminology: container candle.",,0,,,,,,,1,,
6HKMsobiG74,https://www.youtube.com/watch?v=6HKMsobiG74,Most Satisfying Ocean Jelly Candle | Water Candle DIY ASMR,158.0,storyboard,4,31.6,39.5,7.9,https://youtu.be/6HKMsobiG74?t=32s,pour_wax,assemble,1,0.4,The glass fills with transparent jelly wax.,"The glass fills with transparent jelly wax. assemble phase, ~20% in, 0:31–0:39.",,0,,,,,,,1,,
6HKMsobiG74,https://www.youtube.com/watch?v=6HKMsobiG74,Most Satisfying Ocean Jelly Candle | Water Candle DIY ASMR,158.0,storyboard,5,39.5,47.4,7.9,https://youtu.be/6HKMsobiG74?t=40s,pour_wax,assemble,1,0.4,More decorative elements added into the jelly.,"More decorative elements added into the jelly. assemble phase, ~25% in, 0:39–0:47.",,0,,,,,,,1,,
6HKMsobiG74,https://www.youtube.com/watch?v=6HKMsobiG74,Most Satisfying Ocean Jelly Candle | Water Candle DIY ASMR,158.0,storyboard,6,47.4,55.3,7.9,https://youtu.be/6HKMsobiG74?t=47s,pour_wax,assemble,1,0.4,Additional clear jelly poured to build layers.,"Additional clear jelly poured to build layers. assemble phase, ~30% in, 0:47–0:55.",,0,,,,,,,1,,
6HKMsobiG74,https://www.youtube.com/watch?v=6HKMsobiG74,Most Satisfying Ocean Jelly Candle | Water Candle DIY ASMR,158.0,storyboard,7,55.3,63.2,7.9,https://youtu.be/6HKMsobiG74?t=55s,pour_wax,assemble,1,0.4,Embedding shells/figures in the jelly layer.,"Embedding shells/figures in the jelly layer. assemble phase, ~35% in, 0:55–1:03.",,0,,,,,,,1,,
6HKMsobiG74,https://www.youtube.com/watch?v=6HKMsobiG74,Most Satisfying Ocean Jelly Candle | Water Candle DIY ASMR,158.0,storyboard,8,63.2,71.1,7.9,https://youtu.be/6HKMsobiG74?t=63s,pour_wax,assemble,1,0.4,Clear jelly poured over the embedded decor.,"Clear jelly poured over the embedded decor. assemble phase, ~40% in, 1:03–1:11.",,0,,,,,,,1,,
6HKMsobiG74,https://www.youtube.com/watch?v=6HKMsobiG74,Most Satisfying Ocean Jelly Candle | Water Candle DIY ASMR,158.0,storyboard,9,71.1,79.0,7.9,https://youtu.be/6HKMsobiG74?t=71s,pour_wax,assemble,1,0.4,Jelly fills the glass further.,"Jelly fills the glass further. assemble phase, ~45% in, 1:11–1:19.",,0,,,,,,,1,,
6HKMsobiG74,https://www.youtube.com/watch?v=6HKMsobiG74,Most Satisfying Ocean Jelly Candle | Water Candle DIY ASMR,158.0,storyboard,10,79.0,86.9,7.9,https://youtu.be/6HKMsobiG74?t=79s,pour_wax,assemble,1,0.35,A blue tint is introduced for the ocean-water effect.,"A blue tint is introduced for the ocean-water effect. assemble phase, ~50% in, 1:19–1:26.",,0,,,,,,,1,,
6HKMsobiG74,https://www.youtube.com/watch?v=6HKMsobiG74,Most Satisfying Ocean Jelly Candle | Water Candle DIY ASMR,158.0,storyboard,11,86.9,94.8,7.9,https://youtu.be/6HKMsobiG74?t=87s,pour_wax,assemble,1,0.4,Blue-tinted jelly poured into the glass.,"Blue-tinted jelly poured into the glass. assemble phase, ~55% in, 1:26–1:34. Terminology: container candle.",,0,,,,,,,1,,
6HKMsobiG74,https://www.youtube.com/watch?v=6HKMsobiG74,Most Satisfying Ocean Jelly Candle | Water Candle DIY ASMR,158.0,storyboard,12,94.8,102.7,7.9,https://youtu.be/6HKMsobiG74?t=95s,pour_wax,assemble,1,0.4,Final decorations arranged in the blue jelly.,"Final decorations arranged in the blue jelly. assemble phase, ~60% in, 1:34–1:42.",,0,,,,,,,1,,
6HKMsobiG74,https://www.youtube.com/watch?v=6HKMsobiG74,Most Satisfying Ocean Jelly Candle | Water Candle DIY ASMR,158.0,storyboard,13,102.7,110.6,7.9,https://youtu.be/6HKMsobiG74?t=103s,pour_wax,assemble,1,0.4,Top jelly layer poured.,"Top jelly layer poured. Pouring the melted wax from the pitcher into the prepared container. assemble phase, ~65% in, 1:42–1:50. Terminology: repour.",,0,,,,,,,1,,
6N1oH8pkD5Q,https://www.youtube.com/watch?v=6N1oH8pkD5Q,Make YOUR OWN Layered Gradient Soy Wax Candle!,243.0,storyboard,7,56.7,64.8,8.1,https://youtu.be/6N1oH8pkD5Q?t=57s,pour_wax,assemble,1,0.5,Pink/red wax in a clear glass on the hot plate; first layer.,"Pink/red wax in a clear glass on the hot plate; first layer. assemble phase, ~23% in, 0:56–1:04.",,0,,,,,,,1,,
6N1oH8pkD5Q,https://www.youtube.com/watch?v=6N1oH8pkD5Q,Make YOUR OWN Layered Gradient Soy Wax Candle!,243.0,storyboard,12,97.2,105.3,8.1,https://youtu.be/6N1oH8pkD5Q?t=97s,pour_wax,assemble,1,0.6,Pink wax poured into the glass; red drips.,"Pink wax poured into the glass; red drips. assemble phase, ~40% in, 1:37–1:45. Terminology: container candle.",,0,,,,,,,1,,
6N1oH8pkD5Q,https://www.youtube.com/watch?v=6N1oH8pkD5Q,Make YOUR OWN Layered Gradient Soy Wax Candle!,243.0,storyboard,13,105.3,113.4,8.1,https://youtu.be/6N1oH8pkD5Q?t=105s,pour_wax,assemble,1,0.55,Host talks to camera.,"Host talks to camera. Pouring the melted wax from the pitcher into the prepared container. assemble phase, ~43% in, 1:45–1:53.",,0,,,,,,,1,,
6N1oH8pkD5Q,https://www.youtube.com/watch?v=6N1oH8pkD5Q,Make YOUR OWN Layered Gradient Soy Wax Candle!,243.0,storyboard,14,113.4,121.5,8.1,https://youtu.be/6N1oH8pkD5Q?t=113s,pour_wax,assemble,1,0.55,Pink wax layer in the glass; hand at work.,"Pink wax layer in the glass; hand at work. assemble phase, ~47% in, 1:53–2:01.",,0,,,,,,,1,,
6N1oH8pkD5Q,https://www.youtube.com/watch?v=6N1oH8pkD5Q,Make YOUR OWN Layered Gradient Soy Wax Candle!,243.0,storyboard,15,121.5,129.6,8.1,https://youtu.be/6N1oH8pkD5Q?t=122s,pour_wax,assemble,1,0.5,"White wax in the pot, readied for the next layer.","White wax in the pot, readied for the next layer. assemble phase, ~50% in, 2:01–2:09.",,0,,,,,,,1,,
6N1oH8pkD5Q,https://www.youtube.com/watch?v=6N1oH8pkD5Q,Make YOUR OWN Layered Gradient Soy Wax Candle!,243.0,storyboard,16,129.6,137.7,8.1,https://youtu.be/6N1oH8pkD5Q?t=130s,pour_wax,assemble,1,0.6,Cream/white wax poured over the pink layer to build the gradient.,"Cream/white wax poured over the pink layer to build the gradient. assemble phase, ~53% in, 2:09–2:17.",,0,,,,,,,1,,
6N1oH8pkD5Q,https://www.youtube.com/watch?v=6N1oH8pkD5Q,Make YOUR OWN Layered Gradient Soy Wax Candle!,243.0,storyboard,17,137.7,145.8,8.1,https://youtu.be/6N1oH8pkD5Q?t=138s,pour_wax,assemble,1,0.55,Host talks to camera.,"Host talks to camera. Pouring the melted wax from the pitcher into the prepared container. assemble phase, ~57% in, 2:17–2:25.",,0,,,,,,,1,,
6N1oH8pkD5Q,https://www.youtube.com/watch?v=6N1oH8pkD5Q,Make YOUR OWN Layered Gradient Soy Wax Candle!,243.0,storyboard,18,145.8,153.9,8.1,https://youtu.be/6N1oH8pkD5Q?t=146s,pour_wax,assemble,1,0.55,Glass shows the pink-to-cream gradient; caption.,"Glass shows the pink-to-cream gradient; caption. assemble phase, ~60% in, 2:25–2:33.",,0,,,,,,,1,,
6N1oH8pkD5Q,https://www.youtube.com/watch?v=6N1oH8pkD5Q,Make YOUR OWN Layered Gradient Soy Wax Candle!,243.0,storyboard,19,153.9,162.0,8.1,https://youtu.be/6N1oH8pkD5Q?t=154s,pour_wax,assemble,1,0.5,Hot plate with the wax pot.,"Hot plate with the wax pot. assemble phase, ~63% in, 2:33–2:42.",,0,,,,,,,1,,
6N1oH8pkD5Q,https://www.youtube.com/watch?v=6N1oH8pkD5Q,Make YOUR OWN Layered Gradient Soy Wax Candle!,243.0,storyboard,20,162.0,170.1,8.1,https://youtu.be/6N1oH8pkD5Q?t=162s,pour_wax,assemble,1,0.55,The layered pink/cream candle nearly complete.,"The layered pink/cream candle nearly complete. assemble phase, ~67% in, 2:42–2:50.",,0,,,,,,,1,,
6Y1FERoGUSo,https://www.youtube.com/watch?v=6Y1FERoGUSo,Aesthetic Flower Candle - 4 K Free Video Process Tutorial - Celebrating Spring,776.0,storyboard,5,40.0,48.0,8.0,https://youtu.be/6Y1FERoGUSo?t=40s,pour_wax,assemble,1,0.5,Pouring pink wax onto the table to form a thin sheet.,"Pouring pink wax onto the table to form a thin sheet. assemble phase, ~5% in, 0:40–0:48.",,0,,,,,,,1,,
6jN6A8RVyWw,https://www.youtube.com/watch?v=6jN6A8RVyWw,DIY - Candle making kit tutorial,117.0,storyboard,9,70.2,78.0,7.8,https://youtu.be/6jN6A8RVyWw?t=70s,pour_wax,assemble,1,0.5,Pink wax readied for pouring; hands at the pot.,"Pink wax readied for pouring; hands at the pot. assemble phase, ~60% in, 1:10–1:18.",,0,,,,,,,1,,
6jN6A8RVyWw,https://www.youtube.com/watch?v=6jN6A8RVyWw,DIY - Candle making kit tutorial,117.0,storyboard,10,78.0,85.8,7.8,https://youtu.be/6jN6A8RVyWw?t=78s,pour_wax,assemble,1,0.6,Pink wax poured into the container; caption about adding salt for a textured effect.,"Pink wax poured into the container; caption about adding salt for a textured effect. assemble phase, ~67% in, 1:18–1:25.",,0,,,,,,,1,,
7Nf-01syKuo,https://www.youtube.com/watch?v=7Nf-01syKuo,How to make Pillar Floral CANDLES 2 different ways #flowercandles,768.0,storyboard,26,208.0,216.0,8.0,https://youtu.be/7Nf-01syKuo?t=208s,pour_wax,assemble,1,0.5,Pouring wax into the cylinder pillar mould.,"Pouring wax into the cylinder pillar mould. assemble phase, ~27% in, 3:28–3:36. Terminology: pillar candle.",,0,,,,,,,1,,
7Nf-01syKuo,https://www.youtube.com/watch?v=7Nf-01syKuo,How to make Pillar Floral CANDLES 2 different ways #flowercandles,768.0,storyboard,29,232.0,240.0,8.0,https://youtu.be/7Nf-01syKuo?t=232s,pour_wax,assemble,1,0.5,Pouring wax into the cylinder pillar mould.,"Pouring wax into the cylinder pillar mould. assemble phase, ~30% in, 3:52–4:00. Terminology: pillar candle.",,0,,,,,,,1,,
7Nf-01syKuo,https://www.youtube.com/watch?v=7Nf-01syKuo,How to make Pillar Floral CANDLES 2 different ways #flowercandles,768.0,storyboard,52,416.0,424.0,8.0,https://youtu.be/7Nf-01syKuo?t=416s,pour_wax,assemble,1,0.5,Pouring wax into the cylinder pillar mould.,"Pouring wax into the cylinder pillar mould. assemble phase, ~54% in, 6:56–7:04. Terminology: pillar candle.",,0,,,,,,,1,,
7j6uypARXW4,https://www.youtube.com/watch?v=7j6uypARXW4,DIY Water candles | Making candles with WATER!?,414.0,storyboard,6,47.77,55.73,7.96,https://youtu.be/7j6uypARXW4?t=48s,pour_wax,assemble,1,0.45,Clear water/gel base in the cup.,"Clear water/gel base in the cup. assemble phase, ~12% in, 0:47–0:55.",,0,,,,,,,1,,
7j6uypARXW4,https://www.youtube.com/watch?v=7j6uypARXW4,DIY Water candles | Making candles with WATER!?,414.0,storyboard,7,55.73,63.69,7.96,https://youtu.be/7j6uypARXW4?t=56s,pour_wax,assemble,1,0.45,Yellow oil poured on top of the water.,"Yellow oil poured on top of the water. assemble phase, ~13% in, 0:55–1:03.",,0,,,,,,,1,,
7j6uypARXW4,https://www.youtube.com/watch?v=7j6uypARXW4,DIY Water candles | Making candles with WATER!?,414.0,storyboard,21,167.19,175.15,7.96,https://youtu.be/7j6uypARXW4?t=167s,pour_wax,assemble,1,0.4,Oil poured over the red beads.,"Oil poured over the red beads. assemble phase, ~40% in, 2:47–2:55.",,0,,,,,,,1,,
7j6uypARXW4,https://www.youtube.com/watch?v=7j6uypARXW4,DIY Water candles | Making candles with WATER!?,414.0,storyboard,28,222.92,230.88,7.96,https://youtu.be/7j6uypARXW4?t=223s,pour_wax,assemble,1,0.45,Water poured into the glitter globe.,"Water poured into the glitter globe. assemble phase, ~54% in, 3:42–3:50.",,0,,,,,,,1,,
7j6uypARXW4,https://www.youtube.com/watch?v=7j6uypARXW4,DIY Water candles | Making candles with WATER!?,414.0,storyboard,29,230.88,238.85,7.97,https://youtu.be/7j6uypARXW4?t=231s,pour_wax,assemble,1,0.45,Glitter globe with water.,"Glitter globe with water. assemble phase, ~56% in, 3:50–3:58.",,0,,,,,,,1,,
8V_WyGLS5Zo,https://www.youtube.com/watch?v=8V_WyGLS5Zo,Candle Making Tutorial for Beginners | DIY Candle Tutorial,375.0,storyboard,9,71.81,79.79,7.98,https://youtu.be/8V_WyGLS5Zo?t=72s,pour_wax,assemble,1,0.55,Cream wax poured into a glass.,"Cream wax poured into a glass. assemble phase, ~19% in, 1:11–1:19. Terminology: container candle.",,0,,,,,,,1,,
8V_WyGLS5Zo,https://www.youtube.com/watch?v=8V_WyGLS5Zo,Candle Making Tutorial for Beginners | DIY Candle Tutorial,375.0,storyboard,10,79.79,87.77,7.98,https://youtu.be/8V_WyGLS5Zo?t=80s,pour_wax,assemble,1,0.55,Glass filled from a metal pitcher.,"Glass filled from a metal pitcher. assemble phase, ~21% in, 1:19–1:27.",,0,,,,,,,1,,
8V_WyGLS5Zo,https://www.youtube.com/watch?v=8V_WyGLS5Zo,Candle Making Tutorial for Beginners | DIY Candle Tutorial,375.0,storyboard,11,87.77,95.74,7.97,https://youtu.be/8V_WyGLS5Zo?t=88s,pour_wax,assemble,1,0.5,Pouring wax; a 60s timer shown.,"Pouring wax; a 60s timer shown. assemble phase, ~23% in, 1:27–1:35.",,0,,,,,,,1,,
8V_WyGLS5Zo,https://www.youtube.com/watch?v=8V_WyGLS5Zo,Candle Making Tutorial for Beginners | DIY Candle Tutorial,375.0,storyboard,14,111.7,119.68,7.98,https://youtu.be/8V_WyGLS5Zo?t=112s,pour_wax,assemble,1,0.55,Red wax poured into glasses; pour-temp caption.,"Red wax poured into glasses; pour-temp caption. assemble phase, ~30% in, 1:51–1:59. Terminology: container candle.",,0,,,,,,,1,,
8V_WyGLS5Zo,https://www.youtube.com/watch?v=8V_WyGLS5Zo,Candle Making Tutorial for Beginners | DIY Candle Tutorial,375.0,storyboard,15,119.68,127.66,7.98,https://youtu.be/8V_WyGLS5Zo?t=120s,pour_wax,assemble,1,0.5,Glasses with cream wax and wicks.,"Glasses with cream wax and wicks. assemble phase, ~32% in, 1:59–2:07.",,0,,,,,,,1,,
8V_WyGLS5Zo,https://www.youtube.com/watch?v=8V_WyGLS5Zo,Candle Making Tutorial for Beginners | DIY Candle Tutorial,375.0,storyboard,16,127.66,135.64,7.98,https://youtu.be/8V_WyGLS5Zo?t=128s,pour_wax,assemble,1,0.55,Pouring amber wax into a row of jars.,"Pouring amber wax into a row of jars. assemble phase, ~34% in, 2:07–2:15.",,0,,,,,,,1,,
8V_WyGLS5Zo,https://www.youtube.com/watch?v=8V_WyGLS5Zo,Candle Making Tutorial for Beginners | DIY Candle Tutorial,375.0,storyboard,17,135.64,143.62,7.98,https://youtu.be/8V_WyGLS5Zo?t=136s,pour_wax,assemble,1,0.5,Row of amber jars with wicks.,"Row of amber jars with wicks. assemble phase, ~36% in, 2:15–2:23.",,0,,,,,,,1,,
8V_WyGLS5Zo,https://www.youtube.com/watch?v=8V_WyGLS5Zo,Candle Making Tutorial for Beginners | DIY Candle Tutorial,375.0,storyboard,18,143.62,151.6,7.98,https://youtu.be/8V_WyGLS5Zo?t=144s,pour_wax,assemble,1,0.45,Amber candle jars setting.,"Amber candle jars setting. assemble phase, ~38% in, 2:23–2:31.",,0,,,,,,,1,,
8V_WyGLS5Zo,https://www.youtube.com/watch?v=8V_WyGLS5Zo,Candle Making Tutorial for Beginners | DIY Candle Tutorial,375.0,storyboard,19,151.6,159.57,7.97,https://youtu.be/8V_WyGLS5Zo?t=152s,pour_wax,assemble,1,0.5,Pouring wax into the jars.,"Pouring wax into the jars. assemble phase, ~40% in, 2:31–2:39.",,0,,,,,,,1,,
8_vXTepQRI8,https://www.youtube.com/watch?v=8_vXTepQRI8,DIY Homemade Tea Tin Candle - A Great Gift Idea!,424.0,storyboard,30,240.0,248.0,8.0,https://youtu.be/8_vXTepQRI8?t=240s,pour_wax,assemble,1,0.5,Pouring amber wax into the tea tin.,"Pouring amber wax into the tea tin. assemble phase, ~57% in, 4:00–4:08.",,0,,,,,,,1,,
8_vXTepQRI8,https://www.youtube.com/watch?v=8_vXTepQRI8,DIY Homemade Tea Tin Candle - A Great Gift Idea!,424.0,storyboard,34,272.0,280.0,8.0,https://youtu.be/8_vXTepQRI8?t=272s,pour_wax,assemble,1,0.5,Pouring amber wax into the tea tin.,"Pouring amber wax into the tea tin. assemble phase, ~64% in, 4:32–4:40.",,0,,,,,,,1,,
8_vXTepQRI8,https://www.youtube.com/watch?v=8_vXTepQRI8,DIY Homemade Tea Tin Candle - A Great Gift Idea!,424.0,storyboard,35,280.0,288.0,8.0,https://youtu.be/8_vXTepQRI8?t=280s,pour_wax,assemble,1,0.5,Pouring amber wax into the tea tin.,"Pouring amber wax into the tea tin. assemble phase, ~66% in, 4:40–4:48.",,0,,,,,,,1,,
8_vXTepQRI8,https://www.youtube.com/watch?v=8_vXTepQRI8,DIY Homemade Tea Tin Candle - A Great Gift Idea!,424.0,storyboard,41,328.0,336.0,8.0,https://youtu.be/8_vXTepQRI8?t=328s,pour_wax,assemble,1,0.5,Pouring amber wax into the tea tin.,"Pouring amber wax into the tea tin. assemble phase, ~77% in, 5:28–5:36.",,0,,,,,,,1,,
8oA1uybG_TE,https://www.youtube.com/watch?v=8oA1uybG_TE,"Hehinton Double Boiler Wax Melter Pot, Outstanding Quality! Complete Candle Making Tool Kit!",308.0,storyboard,20,162.11,170.21,8.1,https://youtu.be/8oA1uybG_TE?t=162s,pour_wax,assemble,1,0.45,Pouring melted wax into the flower silicone moulds.,"Pouring melted wax into the flower silicone moulds. assemble phase, ~53% in, 2:42–2:50.",,0,,,,,,,1,,
8oA1uybG_TE,https://www.youtube.com/watch?v=8oA1uybG_TE,"Hehinton Double Boiler Wax Melter Pot, Outstanding Quality! Complete Candle Making Tool Kit!",308.0,storyboard,21,170.21,178.32,8.11,https://youtu.be/8oA1uybG_TE?t=170s,pour_wax,assemble,1,0.5,"On-screen text card (auto-detected: static frame, OCR text). Text reads: '4 of aN me Wa ee 7 4 t's pb 4 3 4'.","On-screen text card (auto-detected: static frame, OCR text). Text reads: '4 of aN me Wa ee 7 4 t's pb 4 3 4'. assemble phase, ~55% in, 2:50–2:58.",,0,,,,,,,1,,
8oA1uybG_TE,https://www.youtube.com/watch?v=8oA1uybG_TE,"Hehinton Double Boiler Wax Melter Pot, Outstanding Quality! Complete Candle Making Tool Kit!",308.0,storyboard,22,178.32,186.42,8.1,https://youtu.be/8oA1uybG_TE?t=178s,pour_wax,assemble,1,0.45,Pouring melted wax into the flower silicone moulds.,"Pouring melted wax into the flower silicone moulds. assemble phase, ~58% in, 2:58–3:06.",,0,,,,,,,1,,
8oA1uybG_TE,https://www.youtube.com/watch?v=8oA1uybG_TE,"Hehinton Double Boiler Wax Melter Pot, Outstanding Quality! Complete Candle Making Tool Kit!",308.0,storyboard,23,186.42,194.53,8.11,https://youtu.be/8oA1uybG_TE?t=186s,pour_wax,assemble,1,0.45,Pouring melted wax into the flower silicone moulds.,"Pouring melted wax into the flower silicone moulds. assemble phase, ~61% in, 3:06–3:14.",,0,,,,,,,1,,
8oA1uybG_TE,https://www.youtube.com/watch?v=8oA1uybG_TE,"Hehinton Double Boiler Wax Melter Pot, Outstanding Quality! Complete Candle Making Tool Kit!",308.0,storyboard,24,194.53,202.63,8.1,https://youtu.be/8oA1uybG_TE?t=195s,pour_wax,assemble,1,0.5,"On-screen text card (auto-detected: static frame, OCR text). Text reads: 'ae PAX ha hy Byer Pp te DA 4 4 Ne ss. of ae ji eo'.","On-screen text card (auto-detected: static frame, OCR text). Text reads: 'ae PAX ha hy Byer Pp te DA 4 4 Ne ss. of ae ji eo'. assemble phase, ~63% in, 3:14–3:22.",,0,,,,,,,1,,
8oA1uybG_TE,https://www.youtube.com/watch?v=8oA1uybG_TE,"Hehinton Double Boiler Wax Melter Pot, Outstanding Quality! Complete Candle Making Tool Kit!",308.0,storyboard,25,202.63,210.74,8.11,https://youtu.be/8oA1uybG_TE?t=203s,pour_wax,assemble,1,0.45,Pouring melted wax into the flower silicone moulds.,"Pouring melted wax into the flower silicone moulds. assemble phase, ~66% in, 3:22–3:30.",,0,,,,,,,1,,
8oA1uybG_TE,https://www.youtube.com/watch?v=8oA1uybG_TE,"Hehinton Double Boiler Wax Melter Pot, Outstanding Quality! Complete Candle Making Tool Kit!",308.0,storyboard,26,210.74,218.84,8.1,https://youtu.be/8oA1uybG_TE?t=211s,pour_wax,assemble,1,0.45,Pouring melted wax into the flower silicone moulds.,"Pouring melted wax into the flower silicone moulds. assemble phase, ~68% in, 3:30–3:38.",,0,,,,,,,1,,
8oA1uybG_TE,https://www.youtube.com/watch?v=8oA1uybG_TE,"Hehinton Double Boiler Wax Melter Pot, Outstanding Quality! Complete Candle Making Tool Kit!",308.0,storyboard,27,218.84,226.95,8.11,https://youtu.be/8oA1uybG_TE?t=219s,pour_wax,assemble,1,0.45,Pouring melted wax into the flower silicone moulds.,"Pouring melted wax into the flower silicone moulds. assemble phase, ~71% in, 3:38–3:46.",,0,,,,,,,1,,
8oA1uybG_TE,https://www.youtube.com/watch?v=8oA1uybG_TE,"Hehinton Double Boiler Wax Melter Pot, Outstanding Quality! Complete Candle Making Tool Kit!",308.0,storyboard,28,226.95,235.05,8.1,https://youtu.be/8oA1uybG_TE?t=227s,pour_wax,assemble,1,0.45,Pouring melted wax into the flower silicone moulds.,"Pouring melted wax into the flower silicone moulds. assemble phase, ~74% in, 3:46–3:55.",,0,,,,,,,1,,
8oA1uybG_TE,https://www.youtube.com/watch?v=8oA1uybG_TE,"Hehinton Double Boiler Wax Melter Pot, Outstanding Quality! Complete Candle Making Tool Kit!",308.0,storyboard,29,235.05,243.16,8.11,https://youtu.be/8oA1uybG_TE?t=235s,pour_wax,assemble,1,0.45,Pouring melted wax into the flower silicone moulds.,"Pouring melted wax into the flower silicone moulds. assemble phase, ~76% in, 3:55–4:03.",,0,,,,,,,1,,
999EQfNvuds,https://www.youtube.com/watch?v=999EQfNvuds,DIY Matcha Candle | Viral Iced Drinks Candle | Realistic Candle | Candle Making Tutorial,649.0,storyboard,14,112.17,120.19,8.02,https://youtu.be/999EQfNvuds?t=112s,pour_wax,assemble,1,0.5,Pouring yellow wax into the glass as the 'milk' base.,"Pouring yellow wax into the glass as the 'milk' base. assemble phase, ~17% in, 1:52–2:00.",,0,,,,,,,1,,
999EQfNvuds,https://www.youtube.com/watch?v=999EQfNvuds,DIY Matcha Candle | Viral Iced Drinks Candle | Realistic Candle | Candle Making Tutorial,649.0,storyboard,15,120.19,128.2,8.01,https://youtu.be/999EQfNvuds?t=120s,pour_wax,assemble,1,0.45,Glass with yellow milk-wax; pink cloth.,"Glass with yellow milk-wax; pink cloth. assemble phase, ~19% in, 2:00–2:08.",,0,,,,,,,1,,
999EQfNvuds,https://www.youtube.com/watch?v=999EQfNvuds,DIY Matcha Candle | Viral Iced Drinks Candle | Realistic Candle | Candle Making Tutorial,649.0,storyboard,16,128.2,136.21,8.01,https://youtu.be/999EQfNvuds?t=128s,pour_wax,assemble,1,0.4,Glass with the milk-wax base.,"Glass with the milk-wax base. assemble phase, ~20% in, 2:08–2:16.",,0,,,,,,,1,,
999EQfNvuds,https://www.youtube.com/watch?v=999EQfNvuds,DIY Matcha Candle | Viral Iced Drinks Candle | Realistic Candle | Candle Making Tutorial,649.0,storyboard,17,136.21,144.22,8.01,https://youtu.be/999EQfNvuds?t=136s,pour_wax,assemble,1,0.45,Hands building up the milk layer.,"Hands building up the milk layer. assemble phase, ~21% in, 2:16–2:24.",,0,,,,,,,1,,
999EQfNvuds,https://www.youtube.com/watch?v=999EQfNvuds,DIY Matcha Candle | Viral Iced Drinks Candle | Realistic Candle | Candle Making Tutorial,649.0,storyboard,18,144.22,152.23,8.01,https://youtu.be/999EQfNvuds?t=144s,pour_wax,assemble,1,0.4,Adjusting the wick in the milk-wax glass.,"Adjusting the wick in the milk-wax glass. assemble phase, ~22% in, 2:24–2:32.",,0,,,,,,,1,,
999EQfNvuds,https://www.youtube.com/watch?v=999EQfNvuds,DIY Matcha Candle | Viral Iced Drinks Candle | Realistic Candle | Candle Making Tutorial,649.0,storyboard,19,152.23,160.25,8.02,https://youtu.be/999EQfNvuds?t=152s,pour_wax,assemble,1,0.45,Building/pouring the milk-wax base in the glass.,"Building/pouring the milk-wax base in the glass. assemble phase, ~23% in, 2:32–2:40.",,0,,,,,,,1,,
999EQfNvuds,https://www.youtube.com/watch?v=999EQfNvuds,DIY Matcha Candle | Viral Iced Drinks Candle | Realistic Candle | Candle Making Tutorial,649.0,storyboard,20,160.25,168.26,8.01,https://youtu.be/999EQfNvuds?t=160s,pour_wax,assemble,1,0.45,Building/pouring the milk-wax base in the glass.,"Building/pouring the milk-wax base in the glass. assemble phase, ~25% in, 2:40–2:48.",,0,,,,,,,1,,
999EQfNvuds,https://www.youtube.com/watch?v=999EQfNvuds,DIY Matcha Candle | Viral Iced Drinks Candle | Realistic Candle | Candle Making Tutorial,649.0,storyboard,21,168.26,176.27,8.01,https://youtu.be/999EQfNvuds?t=168s,pour_wax,assemble,1,0.45,Building/pouring the milk-wax base in the glass.,"Building/pouring the milk-wax base in the glass. assemble phase, ~26% in, 2:48–2:56.",,0,,,,,,,1,,
999EQfNvuds,https://www.youtube.com/watch?v=999EQfNvuds,DIY Matcha Candle | Viral Iced Drinks Candle | Realistic Candle | Candle Making Tutorial,649.0,storyboard,22,176.27,184.28,8.01,https://youtu.be/999EQfNvuds?t=176s,pour_wax,assemble,1,0.45,Building/pouring the milk-wax base in the glass.,"Building/pouring the milk-wax base in the glass. assemble phase, ~27% in, 2:56–3:04.",,0,,,,,,,1,,
999EQfNvuds,https://www.youtube.com/watch?v=999EQfNvuds,DIY Matcha Candle | Viral Iced Drinks Candle | Realistic Candle | Candle Making Tutorial,649.0,storyboard,23,184.28,192.3,8.02,https://youtu.be/999EQfNvuds?t=184s,pour_wax,assemble,1,0.45,Building/pouring the milk-wax base in the glass.,"Building/pouring the milk-wax base in the glass. assemble phase, ~28% in, 3:04–3:12.",,0,,,,,,,1,,
999EQfNvuds,https://www.youtube.com/watch?v=999EQfNvuds,DIY Matcha Candle | Viral Iced Drinks Candle | Realistic Candle | Candle Making Tutorial,649.0,storyboard,24,192.3,200.31,8.01,https://youtu.be/999EQfNvuds?t=192s,pour_wax,assemble,1,0.45,Pouring yellow milk-wax and foam into the iced-latte glass.,"Pouring yellow milk-wax and foam into the iced-latte glass. assemble phase, ~30% in, 3:12–3:20.",,0,,,,,,,1,,
999EQfNvuds,https://www.youtube.com/watch?v=999EQfNvuds,DIY Matcha Candle | Viral Iced Drinks Candle | Realistic Candle | Candle Making Tutorial,649.0,storyboard,25,200.31,208.32,8.01,https://youtu.be/999EQfNvuds?t=200s,pour_wax,assemble,1,0.45,Pouring yellow milk-wax and foam into the iced-latte glass.,"Pouring yellow milk-wax and foam into the iced-latte glass. assemble phase, ~31% in, 3:20–3:28.",,0,,,,,,,1,,
999EQfNvuds,https://www.youtube.com/watch?v=999EQfNvuds,DIY Matcha Candle | Viral Iced Drinks Candle | Realistic Candle | Candle Making Tutorial,649.0,storyboard,26,208.32,216.33,8.01,https://youtu.be/999EQfNvuds?t=208s,pour_wax,assemble,1,0.45,Pouring yellow milk-wax and foam into the iced-latte glass.,"Pouring yellow milk-wax and foam into the iced-latte glass. assemble phase, ~32% in, 3:28–3:36.",,0,,,,,,,1,,
999EQfNvuds,https://www.youtube.com/watch?v=999EQfNvuds,DIY Matcha Candle | Viral Iced Drinks Candle | Realistic Candle | Candle Making Tutorial,649.0,storyboard,27,216.33,224.35,8.02,https://youtu.be/999EQfNvuds?t=216s,pour_wax,assemble,1,0.45,Pouring yellow milk-wax and foam into the iced-latte glass.,"Pouring yellow milk-wax and foam into the iced-latte glass. assemble phase, ~33% in, 3:36–3:44.",,0,,,,,,,1,,
999EQfNvuds,https://www.youtube.com/watch?v=999EQfNvuds,DIY Matcha Candle | Viral Iced Drinks Candle | Realistic Candle | Candle Making Tutorial,649.0,storyboard,28,224.35,232.36,8.01,https://youtu.be/999EQfNvuds?t=224s,pour_wax,assemble,1,0.45,Pouring yellow milk-wax and foam into the iced-latte glass.,"Pouring yellow milk-wax and foam into the iced-latte glass. assemble phase, ~35% in, 3:44–3:52.",,0,,,,,,,1,,
999EQfNvuds,https://www.youtube.com/watch?v=999EQfNvuds,DIY Matcha Candle | Viral Iced Drinks Candle | Realistic Candle | Candle Making Tutorial,649.0,storyboard,29,232.36,240.37,8.01,https://youtu.be/999EQfNvuds?t=232s,pour_wax,assemble,1,0.45,Pouring yellow milk-wax and foam into the iced-latte glass.,"Pouring yellow milk-wax and foam into the iced-latte glass. assemble phase, ~36% in, 3:52–4:00.",,0,,,,,,,1,,
999EQfNvuds,https://www.youtube.com/watch?v=999EQfNvuds,DIY Matcha Candle | Viral Iced Drinks Candle | Realistic Candle | Candle Making Tutorial,649.0,storyboard,30,240.37,248.38,8.01,https://youtu.be/999EQfNvuds?t=240s,pour_wax,assemble,1,0.45,Pouring yellow milk-wax and foam into the iced-latte glass.,"Pouring yellow milk-wax and foam into the iced-latte glass. assemble phase, ~37% in, 4:00–4:08.",,0,,,,,,,1,,
999EQfNvuds,https://www.youtube.com/watch?v=999EQfNvuds,DIY Matcha Candle | Viral Iced Drinks Candle | Realistic Candle | Candle Making Tutorial,649.0,storyboard,31,248.38,256.4,8.02,https://youtu.be/999EQfNvuds?t=248s,pour_wax,assemble,1,0.45,Pouring yellow milk-wax and foam into the iced-latte glass.,"Pouring yellow milk-wax and foam into the iced-latte glass. assemble phase, ~38% in, 4:08–4:16.",,0,,,,,,,1,,
999EQfNvuds,https://www.youtube.com/watch?v=999EQfNvuds,DIY Matcha Candle | Viral Iced Drinks Candle | Realistic Candle | Candle Making Tutorial,649.0,storyboard,32,256.4,264.41,8.01,https://youtu.be/999EQfNvuds?t=256s,pour_wax,assemble,1,0.45,Pouring yellow milk-wax and foam into the iced-latte glass.,"Pouring yellow milk-wax and foam into the iced-latte glass. assemble phase, ~40% in, 4:16–4:24.",,0,,,,,,,1,,
999EQfNvuds,https://www.youtube.com/watch?v=999EQfNvuds,DIY Matcha Candle | Viral Iced Drinks Candle | Realistic Candle | Candle Making Tutorial,649.0,storyboard,33,264.41,272.42,8.01,https://youtu.be/999EQfNvuds?t=264s,pour_wax,assemble,1,0.45,Pouring yellow milk-wax and foam into the iced-latte glass.,"Pouring yellow milk-wax and foam into the iced-latte glass. assemble phase, ~41% in, 4:24–4:32.",,0,,,,,,,1,,
999EQfNvuds,https://www.youtube.com/watch?v=999EQfNvuds,DIY Matcha Candle | Viral Iced Drinks Candle | Realistic Candle | Candle Making Tutorial,649.0,storyboard,34,272.42,280.43,8.01,https://youtu.be/999EQfNvuds?t=272s,pour_wax,assemble,1,0.45,Pouring yellow milk-wax and foam into the iced-latte glass.,"Pouring yellow milk-wax and foam into the iced-latte glass. assemble phase, ~42% in, 4:32–4:40.",,0,,,,,,,1,,
999EQfNvuds,https://www.youtube.com/watch?v=999EQfNvuds,DIY Matcha Candle | Viral Iced Drinks Candle | Realistic Candle | Candle Making Tutorial,649.0,storyboard,35,280.43,288.44,8.01,https://youtu.be/999EQfNvuds?t=280s,pour_wax,assemble,1,0.45,Pouring yellow milk-wax and foam into the iced-latte glass.,"Pouring yellow milk-wax and foam into the iced-latte glass. assemble phase, ~43% in, 4:40–4:48.",,0,,,,,,,1,,
999EQfNvuds,https://www.youtube.com/watch?v=999EQfNvuds,DIY Matcha Candle | Viral Iced Drinks Candle | Realistic Candle | Candle Making Tutorial,649.0,storyboard,36,288.44,296.46,8.02,https://youtu.be/999EQfNvuds?t=288s,pour_wax,assemble,1,0.45,Pouring yellow milk-wax and foam into the iced-latte glass.,"Pouring yellow milk-wax and foam into the iced-latte glass. assemble phase, ~44% in, 4:48–4:56.",,0,,,,,,,1,,
999EQfNvuds,https://www.youtube.com/watch?v=999EQfNvuds,DIY Matcha Candle | Viral Iced Drinks Candle | Realistic Candle | Candle Making Tutorial,649.0,storyboard,37,296.46,304.47,8.01,https://youtu.be/999EQfNvuds?t=296s,pour_wax,assemble,1,0.45,Pouring yellow milk-wax and foam into the iced-latte glass.,"Pouring yellow milk-wax and foam into the iced-latte glass. assemble phase, ~46% in, 4:56–5:04.",,0,,,,,,,1,,
999EQfNvuds,https://www.youtube.com/watch?v=999EQfNvuds,DIY Matcha Candle | Viral Iced Drinks Candle | Realistic Candle | Candle Making Tutorial,649.0,storyboard,38,304.47,312.48,8.01,https://youtu.be/999EQfNvuds?t=304s,pour_wax,assemble,1,0.45,Pouring yellow milk-wax and foam into the iced-latte glass.,"Pouring yellow milk-wax and foam into the iced-latte glass. assemble phase, ~47% in, 5:04–5:12.",,0,,,,,,,1,,
999EQfNvuds,https://www.youtube.com/watch?v=999EQfNvuds,DIY Matcha Candle | Viral Iced Drinks Candle | Realistic Candle | Candle Making Tutorial,649.0,storyboard,39,312.48,320.49,8.01,https://youtu.be/999EQfNvuds?t=312s,pour_wax,assemble,1,0.45,Pouring yellow milk-wax and foam into the iced-latte glass.,"Pouring yellow milk-wax and foam into the iced-latte glass. assemble phase, ~48% in, 5:12–5:20.",,0,,,,,,,1,,
999EQfNvuds,https://www.youtube.com/watch?v=999EQfNvuds,DIY Matcha Candle | Viral Iced Drinks Candle | Realistic Candle | Candle Making Tutorial,649.0,storyboard,40,320.49,328.51,8.02,https://youtu.be/999EQfNvuds?t=320s,pour_wax,assemble,1,0.45,Pouring yellow milk-wax and foam into the iced-latte glass.,"Pouring yellow milk-wax and foam into the iced-latte glass. assemble phase, ~49% in, 5:20–5:28.",,0,,,,,,,1,,
999EQfNvuds,https://www.youtube.com/watch?v=999EQfNvuds,DIY Matcha Candle | Viral Iced Drinks Candle | Realistic Candle | Candle Making Tutorial,649.0,storyboard,41,328.51,336.52,8.01,https://youtu.be/999EQfNvuds?t=329s,pour_wax,assemble,1,0.45,Pouring yellow milk-wax and foam into the iced-latte glass.,"Pouring yellow milk-wax and foam into the iced-latte glass. assemble phase, ~51% in, 5:28–5:36.",,0,,,,,,,1,,
999EQfNvuds,https://www.youtube.com/watch?v=999EQfNvuds,DIY Matcha Candle | Viral Iced Drinks Candle | Realistic Candle | Candle Making Tutorial,649.0,storyboard,42,336.52,344.53,8.01,https://youtu.be/999EQfNvuds?t=337s,pour_wax,assemble,1,0.45,Pouring yellow milk-wax and foam into the iced-latte glass.,"Pouring yellow milk-wax and foam into the iced-latte glass. assemble phase, ~52% in, 5:36–5:44.",,0,,,,,,,1,,
999EQfNvuds,https://www.youtube.com/watch?v=999EQfNvuds,DIY Matcha Candle | Viral Iced Drinks Candle | Realistic Candle | Candle Making Tutorial,649.0,storyboard,43,344.53,352.54,8.01,https://youtu.be/999EQfNvuds?t=345s,pour_wax,assemble,1,0.45,Pouring yellow milk-wax and foam into the iced-latte glass.,"Pouring yellow milk-wax and foam into the iced-latte glass. assemble phase, ~53% in, 5:44–5:52.",,0,,,,,,,1,,
999EQfNvuds,https://www.youtube.com/watch?v=999EQfNvuds,DIY Matcha Candle | Viral Iced Drinks Candle | Realistic Candle | Candle Making Tutorial,649.0,storyboard,44,352.54,360.56,8.02,https://youtu.be/999EQfNvuds?t=353s,pour_wax,assemble,1,0.45,Pouring yellow milk-wax and foam into the iced-latte glass.,"Pouring yellow milk-wax and foam into the iced-latte glass. assemble phase, ~54% in, 5:52–6:00.",,0,,,,,,,1,,
999EQfNvuds,https://www.youtube.com/watch?v=999EQfNvuds,DIY Matcha Candle | Viral Iced Drinks Candle | Realistic Candle | Candle Making Tutorial,649.0,storyboard,45,360.56,368.57,8.01,https://youtu.be/999EQfNvuds?t=361s,pour_wax,assemble,1,0.45,Pouring yellow milk-wax and foam into the iced-latte glass.,"Pouring yellow milk-wax and foam into the iced-latte glass. assemble phase, ~56% in, 6:00–6:08.",,0,,,,,,,1,,
999EQfNvuds,https://www.youtube.com/watch?v=999EQfNvuds,DIY Matcha Candle | Viral Iced Drinks Candle | Realistic Candle | Candle Making Tutorial,649.0,storyboard,46,368.57,376.58,8.01,https://youtu.be/999EQfNvuds?t=369s,pour_wax,assemble,1,0.45,Pouring yellow milk-wax and foam into the iced-latte glass.,"Pouring yellow milk-wax and foam into the iced-latte glass. assemble phase, ~57% in, 6:08–6:16.",,0,,,,,,,1,,
999EQfNvuds,https://www.youtube.com/watch?v=999EQfNvuds,DIY Matcha Candle | Viral Iced Drinks Candle | Realistic Candle | Candle Making Tutorial,649.0,storyboard,47,376.58,384.59,8.01,https://youtu.be/999EQfNvuds?t=377s,pour_wax,assemble,1,0.45,Pouring yellow milk-wax and foam into the iced-latte glass.,"Pouring yellow milk-wax and foam into the iced-latte glass. assemble phase, ~58% in, 6:16–6:24.",,0,,,,,,,1,,
999EQfNvuds,https://www.youtube.com/watch?v=999EQfNvuds,DIY Matcha Candle | Viral Iced Drinks Candle | Realistic Candle | Candle Making Tutorial,649.0,storyboard,50,400.62,408.63,8.01,https://youtu.be/999EQfNvuds?t=401s,pour_wax,assemble,1,0.45,Pouring the green matcha wax into the glass.,"Pouring the green matcha wax into the glass. assemble phase, ~62% in, 6:40–6:48.",,0,,,,,,,1,,
999EQfNvuds,https://www.youtube.com/watch?v=999EQfNvuds,DIY Matcha Candle | Viral Iced Drinks Candle | Realistic Candle | Candle Making Tutorial,649.0,storyboard,53,424.65,432.67,8.02,https://youtu.be/999EQfNvuds?t=425s,pour_wax,assemble,1,0.45,Pouring the green matcha wax into the glass.,"Pouring the green matcha wax into the glass. assemble phase, ~65% in, 7:04–7:12.",,0,,,,,,,1,,
999EQfNvuds,https://www.youtube.com/watch?v=999EQfNvuds,DIY Matcha Candle | Viral Iced Drinks Candle | Realistic Candle | Candle Making Tutorial,649.0,storyboard,56,448.69,456.7,8.01,https://youtu.be/999EQfNvuds?t=449s,pour_wax,assemble,1,0.45,Pouring the green matcha wax into the glass.,"Pouring the green matcha wax into the glass. assemble phase, ~69% in, 7:28–7:36.",,0,,,,,,,1,,
999EQfNvuds,https://www.youtube.com/watch?v=999EQfNvuds,DIY Matcha Candle | Viral Iced Drinks Candle | Realistic Candle | Candle Making Tutorial,649.0,storyboard,59,472.73,480.74,8.01,https://youtu.be/999EQfNvuds?t=473s,pour_wax,assemble,1,0.45,Pouring the green matcha wax into the glass.,"Pouring the green matcha wax into the glass. assemble phase, ~73% in, 7:52–8:00.",,0,,,,,,,1,,
999EQfNvuds,https://www.youtube.com/watch?v=999EQfNvuds,DIY Matcha Candle | Viral Iced Drinks Candle | Realistic Candle | Candle Making Tutorial,649.0,storyboard,62,496.77,504.78,8.01,https://youtu.be/999EQfNvuds?t=497s,pour_wax,assemble,1,0.45,Pouring the green matcha wax into the glass.,"Pouring the green matcha wax into the glass. assemble phase, ~77% in, 8:16–8:24.",,0,,,,,,,1,,
999EQfNvuds,https://www.youtube.com/watch?v=999EQfNvuds,DIY Matcha Candle | Viral Iced Drinks Candle | Realistic Candle | Candle Making Tutorial,649.0,storyboard,65,520.8,528.81,8.01,https://youtu.be/999EQfNvuds?t=521s,pour_wax,assemble,1,0.45,Pouring the green matcha wax into the glass.,"Pouring the green matcha wax into the glass. assemble phase, ~80% in, 8:40–8:48.",,0,,,,,,,1,,
999EQfNvuds,https://www.youtube.com/watch?v=999EQfNvuds,DIY Matcha Candle | Viral Iced Drinks Candle | Realistic Candle | Candle Making Tutorial,649.0,storyboard,68,544.84,552.85,8.01,https://youtu.be/999EQfNvuds?t=545s,pour_wax,assemble,1,0.45,Pouring the green matcha wax into the glass.,"Pouring the green matcha wax into the glass. assemble phase, ~84% in, 9:04–9:12.",,0,,,,,,,1,,
999EQfNvuds,https://www.youtube.com/watch?v=999EQfNvuds,DIY Matcha Candle | Viral Iced Drinks Candle | Realistic Candle | Candle Making Tutorial,649.0,storyboard,71,568.88,576.89,8.01,https://youtu.be/999EQfNvuds?t=569s,pour_wax,assemble,1,0.45,Pouring the green matcha wax into the glass.,"Pouring the green matcha wax into the glass. assemble phase, ~88% in, 9:28–9:36.",,0,,,,,,,1,,
9ziN3qqHkc4,https://www.youtube.com/watch?v=9ziN3qqHkc4,How to Make a Soy Candle With 3 Layers - Multi Layer Fourth of July Candle,472.0,storyboard,19,152.0,160.0,8.0,https://youtu.be/9ziN3qqHkc4?t=152s,pour_wax,assemble,1,0.5,Red first layer poured into the rows of cups.,"Red first layer poured into the rows of cups. assemble phase, ~32% in, 2:32–2:40.",,0,,,,,,,1,,
9ziN3qqHkc4,https://www.youtube.com/watch?v=9ziN3qqHkc4,How to Make a Soy Candle With 3 Layers - Multi Layer Fourth of July Candle,472.0,storyboard,20,160.0,168.0,8.0,https://youtu.be/9ziN3qqHkc4?t=160s,pour_wax,assemble,1,0.5,Hand fills a red-layer cup.,"Hand fills a red-layer cup. assemble phase, ~34% in, 2:40–2:48.",,0,,,,,,,1,,
9ziN3qqHkc4,https://www.youtube.com/watch?v=9ziN3qqHkc4,How to Make a Soy Candle With 3 Layers - Multi Layer Fourth of July Candle,472.0,storyboard,21,168.0,176.0,8.0,https://youtu.be/9ziN3qqHkc4?t=168s,pour_wax,assemble,1,0.5,Rows of cups with the red layer.,"Rows of cups with the red layer. assemble phase, ~36% in, 2:48–2:56.",,0,,,,,,,1,,
9ziN3qqHkc4,https://www.youtube.com/watch?v=9ziN3qqHkc4,How to Make a Soy Candle With 3 Layers - Multi Layer Fourth of July Candle,472.0,storyboard,22,176.0,184.0,8.0,https://youtu.be/9ziN3qqHkc4?t=176s,pour_wax,assemble,1,0.55,Host talks; fragrance math '15 x 0.09 = 1.35'.,"Host talks; fragrance math '15 x 0.09 = 1.35'. Pouring the melted wax from the pitcher into the prepared container. assemble phase, ~37% in, 2:56–3:04.",,0,,,,,,,1,,
9ziN3qqHkc4,https://www.youtube.com/watch?v=9ziN3qqHkc4,How to Make a Soy Candle With 3 Layers - Multi Layer Fourth of July Candle,472.0,storyboard,23,184.0,192.0,8.0,https://youtu.be/9ziN3qqHkc4?t=184s,pour_wax,assemble,1,0.5,Rows of cups with the red layer.,"Rows of cups with the red layer. assemble phase, ~39% in, 3:04–3:12.",,0,,,,,,,1,,
9ziN3qqHkc4,https://www.youtube.com/watch?v=9ziN3qqHkc4,How to Make a Soy Candle With 3 Layers - Multi Layer Fourth of July Candle,472.0,storyboard,28,224.0,232.0,8.0,https://youtu.be/9ziN3qqHkc4?t=224s,pour_wax,assemble,1,0.45,Host with a pouring pitcher.,"Host with a pouring pitcher. assemble phase, ~47% in, 3:44–3:52. Terminology: double boiler.",,0,,,,,,,1,,
9ziN3qqHkc4,https://www.youtube.com/watch?v=9ziN3qqHkc4,How to Make a Soy Candle With 3 Layers - Multi Layer Fourth of July Candle,472.0,storyboard,46,368.0,376.0,8.0,https://youtu.be/9ziN3qqHkc4?t=368s,pour_wax,assemble,1,0.5,Overhead pouring on the hot plate.,"Overhead pouring on the hot plate. assemble phase, ~78% in, 6:08–6:16.",,0,,,,,,,1,,
9ziN3qqHkc4,https://www.youtube.com/watch?v=9ziN3qqHkc4,How to Make a Soy Candle With 3 Layers - Multi Layer Fourth of July Candle,472.0,storyboard,51,408.0,416.0,8.0,https://youtu.be/9ziN3qqHkc4?t=408s,pour_wax,assemble,1,0.5,Host pours the next layer into the cups.,"Host pours the next layer into the cups. assemble phase, ~86% in, 6:48–6:56.",,0,,,,,,,1,,
AoypdYVB82A,https://www.youtube.com/watch?v=AoypdYVB82A,How to Make Pillar Candles at Home =),568.0,storyboard,7,56.0,64.0,8.0,https://youtu.be/AoypdYVB82A?t=56s,pour_wax,assemble,1,0.45,Pouring molten wax into a paper/carton mould.,"Pouring molten wax into a paper/carton mould. assemble phase, ~10% in, 0:56–1:04.",,0,,,,,,,1,,
AoypdYVB82A,https://www.youtube.com/watch?v=AoypdYVB82A,How to Make Pillar Candles at Home =),568.0,storyboard,10,80.0,88.0,8.0,https://youtu.be/AoypdYVB82A?t=80s,pour_wax,assemble,1,0.45,Pouring molten wax into a paper/carton mould.,"Pouring molten wax into a paper/carton mould. assemble phase, ~14% in, 1:20–1:28.",,0,,,,,,,1,,
AoypdYVB82A,https://www.youtube.com/watch?v=AoypdYVB82A,How to Make Pillar Candles at Home =),568.0,storyboard,13,104.0,112.0,8.0,https://youtu.be/AoypdYVB82A?t=104s,pour_wax,assemble,1,0.45,Pouring molten wax into a paper/carton mould.,"Pouring molten wax into a paper/carton mould. assemble phase, ~18% in, 1:44–1:52.",,0,,,,,,,1,,
AoypdYVB82A,https://www.youtube.com/watch?v=AoypdYVB82A,How to Make Pillar Candles at Home =),568.0,storyboard,16,128.0,136.0,8.0,https://youtu.be/AoypdYVB82A?t=128s,pour_wax,assemble,1,0.45,Pouring molten wax into a paper/carton mould.,"Pouring molten wax into a paper/carton mould. assemble phase, ~23% in, 2:08–2:16.",,0,,,,,,,1,,
AoypdYVB82A,https://www.youtube.com/watch?v=AoypdYVB82A,How to Make Pillar Candles at Home =),568.0,storyboard,19,152.0,160.0,8.0,https://youtu.be/AoypdYVB82A?t=152s,pour_wax,assemble,1,0.45,Pouring molten wax into a paper/carton mould.,"Pouring molten wax into a paper/carton mould. assemble phase, ~27% in, 2:32–2:40.",,0,,,,,,,1,,
AoypdYVB82A,https://www.youtube.com/watch?v=AoypdYVB82A,How to Make Pillar Candles at Home =),568.0,storyboard,22,176.0,184.0,8.0,https://youtu.be/AoypdYVB82A?t=176s,pour_wax,assemble,1,0.45,Pouring molten wax into a paper/carton mould.,"Pouring molten wax into a paper/carton mould. assemble phase, ~31% in, 2:56–3:04.",,0,,,,,,,1,,
AoypdYVB82A,https://www.youtube.com/watch?v=AoypdYVB82A,How to Make Pillar Candles at Home =),568.0,storyboard,26,208.0,216.0,8.0,https://youtu.be/AoypdYVB82A?t=208s,pour_wax,assemble,1,0.5,Pouring wax into the moulds.,"Pouring wax into the moulds. assemble phase, ~37% in, 3:28–3:36.",,0,,,,,,,1,,
AoypdYVB82A,https://www.youtube.com/watch?v=AoypdYVB82A,How to Make Pillar Candles at Home =),568.0,storyboard,27,216.0,224.0,8.0,https://youtu.be/AoypdYVB82A?t=216s,pour_wax,assemble,1,0.5,Pouring wax into the moulds.,"Pouring wax into the moulds. assemble phase, ~38% in, 3:36–3:44.",,0,,,,,,,1,,
AoypdYVB82A,https://www.youtube.com/watch?v=AoypdYVB82A,How to Make Pillar Candles at Home =),568.0,storyboard,28,224.0,232.0,8.0,https://youtu.be/AoypdYVB82A?t=224s,pour_wax,assemble,1,0.5,Melting amber wax in the pot (double boiler).,"Melting amber wax in the pot (double boiler). assemble phase, ~39% in, 3:44–3:52.",,0,,,,,,,1,,
AoypdYVB82A,https://www.youtube.com/watch?v=AoypdYVB82A,How to Make Pillar Candles at Home =),568.0,storyboard,29,232.0,240.0,8.0,https://youtu.be/AoypdYVB82A?t=232s,pour_wax,assemble,1,0.5,Pouring wax into the moulds.,"Pouring wax into the moulds. assemble phase, ~41% in, 3:52–4:00.",,0,,,,,,,1,,
AoypdYVB82A,https://www.youtube.com/watch?v=AoypdYVB82A,How to Make Pillar Candles at Home =),568.0,storyboard,45,360.0,368.0,8.0,https://youtu.be/AoypdYVB82A?t=360s,pour_wax,assemble,1,0.5,Pouring wax into the moulds.,"Pouring wax into the moulds. assemble phase, ~63% in, 6:00–6:08.",,0,,,,,,,1,,
B2AFuHYg_Io,https://www.youtube.com/watch?v=B2AFuHYg_Io,Coconut Soy wax candle making for beginners,507.0,storyboard,22,177.05,185.1,8.05,https://youtu.be/B2AFuHYg_Io?t=177s,pour_wax,assemble,1,0.55,Yellow wax poured into a black glass jar.,"Yellow wax poured into a black glass jar. assemble phase, ~35% in, 2:57–3:05. Terminology: container candle.",,0,,,,,,,1,,
B2AFuHYg_Io,https://www.youtube.com/watch?v=B2AFuHYg_Io,Coconut Soy wax candle making for beginners,507.0,storyboard,23,185.1,193.14,8.04,https://youtu.be/B2AFuHYg_Io?t=185s,pour_wax,assemble,1,0.5,Black jar with yellow wax; wick stick.,"Black jar with yellow wax; wick stick. assemble phase, ~37% in, 3:05–3:13. Terminology: wick bar.",,0,,,,,,,1,,
BA8q74YNEHA,https://www.youtube.com/watch?v=BA8q74YNEHA,How to Make a Mold for Candles | DIY Pillar Candle Mould Using PVC Pipe,230.0,storyboard,20,158.62,166.55,7.93,https://youtu.be/BA8q74YNEHA?t=159s,pour_wax,assemble,1,0.45,Casting: pouring wax into the finished mould.,"Casting: pouring wax into the finished mould. assemble phase, ~69% in, 2:38–2:46.",,0,,,,,,,1,,
BA8q74YNEHA,https://www.youtube.com/watch?v=BA8q74YNEHA,How to Make a Mold for Candles | DIY Pillar Candle Mould Using PVC Pipe,230.0,storyboard,21,166.55,174.48,7.93,https://youtu.be/BA8q74YNEHA?t=167s,pour_wax,assemble,1,0.45,Casting: pouring wax into the finished mould.,"Casting: pouring wax into the finished mould. assemble phase, ~72% in, 2:46–2:54.",,0,,,,,,,1,,
BbGnbTIz7_s,https://www.youtube.com/watch?v=BbGnbTIz7_s,Ombre 5 layers gradient candle tutorial | Step by step | Advanced candle making | POV (no talking),505.0,storyboard,11,88.17,96.19,8.02,https://youtu.be/BbGnbTIz7_s?t=88s,pour_wax,assemble,1,0.5,Caption about pouring slowly; first pour.,"Caption about pouring slowly; first pour. assemble phase, ~17% in, 1:28–1:36.",,0,,,,,,,1,,
BbGnbTIz7_s,https://www.youtube.com/watch?v=BbGnbTIz7_s,Ombre 5 layers gradient candle tutorial | Step by step | Advanced candle making | POV (no talking),505.0,storyboard,12,96.19,104.21,8.02,https://youtu.be/BbGnbTIz7_s?t=96s,pour_wax,assemble,1,0.55,'LAYER 1 - 0 colour / natural wax'; wax melting in the pot.,"'LAYER 1 - 0 colour / natural wax'; wax melting in the pot. assemble phase, ~19% in, 1:36–1:44.",,0,,,,,,,1,,
BbGnbTIz7_s,https://www.youtube.com/watch?v=BbGnbTIz7_s,Ombre 5 layers gradient candle tutorial | Step by step | Advanced candle making | POV (no talking),505.0,storyboard,13,104.21,112.22,8.01,https://youtu.be/BbGnbTIz7_s?t=104s,pour_wax,assemble,1,0.55,Natural (uncoloured) wax poured into the mould as layer 1.,"Natural (uncoloured) wax poured into the mould as layer 1. assemble phase, ~21% in, 1:44–1:52.",,0,,,,,,,1,,
BbGnbTIz7_s,https://www.youtube.com/watch?v=BbGnbTIz7_s,Ombre 5 layers gradient candle tutorial | Step by step | Advanced candle making | POV (no talking),505.0,storyboard,20,160.32,168.33,8.01,https://youtu.be/BbGnbTIz7_s?t=160s,pour_wax,assemble,1,0.5,Pouring the next layer; caption.,"Pouring the next layer; caption. assemble phase, ~32% in, 2:40–2:48.",,0,,,,,,,1,,
BbGnbTIz7_s,https://www.youtube.com/watch?v=BbGnbTIz7_s,Ombre 5 layers gradient candle tutorial | Step by step | Advanced candle making | POV (no talking),505.0,storyboard,25,200.4,208.41,8.01,https://youtu.be/BbGnbTIz7_s?t=200s,pour_wax,assemble,1,0.5,Pouring; 'time to do the next layer'.,"Pouring; 'time to do the next layer'. assemble phase, ~40% in, 3:20–3:28.",,0,,,,,,,1,,
BbGnbTIz7_s,https://www.youtube.com/watch?v=BbGnbTIz7_s,Ombre 5 layers gradient candle tutorial | Step by step | Advanced candle making | POV (no talking),505.0,storyboard,26,208.41,216.43,8.02,https://youtu.be/BbGnbTIz7_s?t=208s,pour_wax,assemble,1,0.5,Dye chip added to the pitcher.,"Dye chip added to the pitcher. assemble phase, ~41% in, 3:28–3:36.",,0,,,,,,,1,,
BbGnbTIz7_s,https://www.youtube.com/watch?v=BbGnbTIz7_s,Ombre 5 layers gradient candle tutorial | Step by step | Advanced candle making | POV (no talking),505.0,storyboard,27,216.43,224.44,8.01,https://youtu.be/BbGnbTIz7_s?t=216s,pour_wax,assemble,1,0.55,'LAYER 2 - lightly coloured'; pouring layer 2.,"'LAYER 2 - lightly coloured'; pouring layer 2. assemble phase, ~43% in, 3:36–3:44.",,0,,,,,,,1,,
BbGnbTIz7_s,https://www.youtube.com/watch?v=BbGnbTIz7_s,Ombre 5 layers gradient candle tutorial | Step by step | Advanced candle making | POV (no talking),505.0,storyboard,28,224.44,232.46,8.02,https://youtu.be/BbGnbTIz7_s?t=224s,pour_wax,assemble,1,0.5,Pouring the second layer slowly.,"Pouring the second layer slowly. assemble phase, ~44% in, 3:44–3:52. Terminology: repour.",,0,,,,,,,1,,
BbGnbTIz7_s,https://www.youtube.com/watch?v=BbGnbTIz7_s,Ombre 5 layers gradient candle tutorial | Step by step | Advanced candle making | POV (no talking),505.0,storyboard,29,232.46,240.48,8.02,https://youtu.be/BbGnbTIz7_s?t=232s,pour_wax,assemble,1,0.5,Pouring the second layer.,"Pouring the second layer. assemble phase, ~46% in, 3:52–4:00. Terminology: repour.",,0,,,,,,,1,,
BbGnbTIz7_s,https://www.youtube.com/watch?v=BbGnbTIz7_s,Ombre 5 layers gradient candle tutorial | Step by step | Advanced candle making | POV (no talking),505.0,storyboard,30,240.48,248.49,8.01,https://youtu.be/BbGnbTIz7_s?t=240s,pour_wax,assemble,1,0.45,'Gently tap the mould to release bubbles'.,"'Gently tap the mould to release bubbles'. assemble phase, ~48% in, 4:00–4:08.",,0,,,,,,,1,,
BbGnbTIz7_s,https://www.youtube.com/watch?v=BbGnbTIz7_s,Ombre 5 layers gradient candle tutorial | Step by step | Advanced candle making | POV (no talking),505.0,storyboard,31,248.49,256.51,8.02,https://youtu.be/BbGnbTIz7_s?t=248s,pour_wax,assemble,1,0.45,Tapping the mould.,"Tapping the mould. Pouring the melted wax from the pitcher into the prepared container. assemble phase, ~49% in, 4:08–4:16.",,0,,,,,,,1,,
BbGnbTIz7_s,https://www.youtube.com/watch?v=BbGnbTIz7_s,Ombre 5 layers gradient candle tutorial | Step by step | Advanced candle making | POV (no talking),505.0,storyboard,36,288.57,296.59,8.02,https://youtu.be/BbGnbTIz7_s?t=289s,pour_wax,assemble,1,0.55,'LAYER 3 - medium colour'; the mould.,"'LAYER 3 - medium colour'; the mould. assemble phase, ~57% in, 4:48–4:56.",,0,,,,,,,1,,
BbGnbTIz7_s,https://www.youtube.com/watch?v=BbGnbTIz7_s,Ombre 5 layers gradient candle tutorial | Step by step | Advanced candle making | POV (no talking),505.0,storyboard,37,296.59,304.6,8.01,https://youtu.be/BbGnbTIz7_s?t=297s,pour_wax,assemble,1,0.5,Pouring the third layer.,"Pouring the third layer. Pouring the melted wax from the pitcher into the prepared container. assemble phase, ~59% in, 4:56–5:04. Terminology: repour.",,0,,,,,,,1,,
BbGnbTIz7_s,https://www.youtube.com/watch?v=BbGnbTIz7_s,Ombre 5 layers gradient candle tutorial | Step by step | Advanced candle making | POV (no talking),505.0,storyboard,44,352.7,360.71,8.01,https://youtu.be/BbGnbTIz7_s?t=353s,pour_wax,assemble,1,0.5,Colour/pour the next layer.,"Colour/pour the next layer. assemble phase, ~70% in, 5:52–6:00.",,0,,,,,,,1,,
BbGnbTIz7_s,https://www.youtube.com/watch?v=BbGnbTIz7_s,Ombre 5 layers gradient candle tutorial | Step by step | Advanced candle making | POV (no talking),505.0,storyboard,45,360.71,368.73,8.02,https://youtu.be/BbGnbTIz7_s?t=361s,pour_wax,assemble,1,0.5,Spoon test on the mould.,"Spoon test on the mould. Pouring the melted wax from the pitcher into the prepared container. assemble phase, ~71% in, 6:00–6:08.",,0,,,,,,,1,,
BbGnbTIz7_s,https://www.youtube.com/watch?v=BbGnbTIz7_s,Ombre 5 layers gradient candle tutorial | Step by step | Advanced candle making | POV (no talking),505.0,storyboard,46,368.73,376.75,8.02,https://youtu.be/BbGnbTIz7_s?t=369s,pour_wax,assemble,1,0.55,'LAYER 4 - dark colour'; pouring.,"'LAYER 4 - dark colour'; pouring. assemble phase, ~73% in, 6:08–6:16.",,0,,,,,,,1,,
BbGnbTIz7_s,https://www.youtube.com/watch?v=BbGnbTIz7_s,Ombre 5 layers gradient candle tutorial | Step by step | Advanced candle making | POV (no talking),505.0,storyboard,49,392.78,400.79,8.01,https://youtu.be/BbGnbTIz7_s?t=393s,pour_wax,assemble,1,0.5,Pour the last layer; 'saturate the colour'.,"Pour the last layer; 'saturate the colour'. assemble phase, ~78% in, 6:32–6:40.",,0,,,,,,,1,,
BbGnbTIz7_s,https://www.youtube.com/watch?v=BbGnbTIz7_s,Ombre 5 layers gradient candle tutorial | Step by step | Advanced candle making | POV (no talking),505.0,storyboard,50,400.79,408.81,8.02,https://youtu.be/BbGnbTIz7_s?t=401s,pour_wax,assemble,1,0.5,Pouring the dark saturated layer.,"Pouring the dark saturated layer. assemble phase, ~79% in, 6:40–6:48.",,0,,,,,,,1,,
BbGnbTIz7_s,https://www.youtube.com/watch?v=BbGnbTIz7_s,Ombre 5 layers gradient candle tutorial | Step by step | Advanced candle making | POV (no talking),505.0,storyboard,51,408.81,416.83,8.02,https://youtu.be/BbGnbTIz7_s?t=409s,pour_wax,assemble,1,0.5,Thermometer reading; mould.,"Thermometer reading; mould. assemble phase, ~81% in, 6:48–6:56.",,0,,,,,,,1,,
BbGnbTIz7_s,https://www.youtube.com/watch?v=BbGnbTIz7_s,Ombre 5 layers gradient candle tutorial | Step by step | Advanced candle making | POV (no talking),505.0,storyboard,52,416.83,424.84,8.01,https://youtu.be/BbGnbTIz7_s?t=417s,pour_wax,assemble,1,0.45,Heat gun over the mould top; pouring.,"Heat gun over the mould top; pouring. assemble phase, ~83% in, 6:56–7:04.",,0,,,,,,,1,,
BbGnbTIz7_s,https://www.youtube.com/watch?v=BbGnbTIz7_s,Ombre 5 layers gradient candle tutorial | Step by step | Advanced candle making | POV (no talking),505.0,storyboard,53,424.84,432.86,8.02,https://youtu.be/BbGnbTIz7_s?t=425s,pour_wax,assemble,1,0.55,'LAYER 5 - saturated colour'; heat gun.,"'LAYER 5 - saturated colour'; heat gun. assemble phase, ~84% in, 7:04–7:12.",,0,,,,,,,1,,
BkYBsDHjXaw,https://www.youtube.com/watch?v=BkYBsDHjXaw,"Automatic Indian wax, Candle Making Machine/ Ask Price - 09354433750  New Delhi",196.0,storyboard,0,0.0,8.17,8.17,https://youtu.be/BkYBsDHjXaw?t=0s,pour_wax,assemble,1,0.4,Automatic candle machine: rows of white candles formed in the moulds (steam).,"Automatic candle machine: rows of white candles formed in the moulds (steam). assemble phase, ~0% in, 0:00–0:08.",,0,,,,,,,1,,
BkYBsDHjXaw,https://www.youtube.com/watch?v=BkYBsDHjXaw,"Automatic Indian wax, Candle Making Machine/ Ask Price - 09354433750  New Delhi",196.0,storyboard,1,8.17,16.33,8.16,https://youtu.be/BkYBsDHjXaw?t=8s,pour_wax,assemble,1,0.4,Automatic candle machine: rows of white candles formed in the moulds (steam).,"Automatic candle machine: rows of white candles formed in the moulds (steam). assemble phase, ~4% in, 0:08–0:16.",,0,,,,,,,1,,
BkYBsDHjXaw,https://www.youtube.com/watch?v=BkYBsDHjXaw,"Automatic Indian wax, Candle Making Machine/ Ask Price - 09354433750  New Delhi",196.0,storyboard,2,16.33,24.5,8.17,https://youtu.be/BkYBsDHjXaw?t=16s,pour_wax,assemble,1,0.4,Automatic candle machine: rows of white candles formed in the moulds (steam).,"Automatic candle machine: rows of white candles formed in the moulds (steam). assemble phase, ~8% in, 0:16–0:24.",,0,,,,,,,1,,
BkYBsDHjXaw,https://www.youtube.com/watch?v=BkYBsDHjXaw,"Automatic Indian wax, Candle Making Machine/ Ask Price - 09354433750  New Delhi",196.0,storyboard,3,24.5,32.67,8.17,https://youtu.be/BkYBsDHjXaw?t=24s,pour_wax,assemble,1,0.4,Automatic candle machine: rows of white candles formed in the moulds (steam).,"Automatic candle machine: rows of white candles formed in the moulds (steam). assemble phase, ~12% in, 0:24–0:32.",,0,,,,,,,1,,
BkYBsDHjXaw,https://www.youtube.com/watch?v=BkYBsDHjXaw,"Automatic Indian wax, Candle Making Machine/ Ask Price - 09354433750  New Delhi",196.0,storyboard,4,32.67,40.83,8.16,https://youtu.be/BkYBsDHjXaw?t=33s,pour_wax,assemble,1,0.4,Automatic candle machine: rows of white candles formed in the moulds (steam).,"Automatic candle machine: rows of white candles formed in the moulds (steam). assemble phase, ~17% in, 0:32–0:40.",,0,,,,,,,1,,
BkYBsDHjXaw,https://www.youtube.com/watch?v=BkYBsDHjXaw,"Automatic Indian wax, Candle Making Machine/ Ask Price - 09354433750  New Delhi",196.0,storyboard,5,40.83,49.0,8.17,https://youtu.be/BkYBsDHjXaw?t=41s,pour_wax,assemble,1,0.4,Automatic candle machine: rows of white candles formed in the moulds (steam).,"Automatic candle machine: rows of white candles formed in the moulds (steam). assemble phase, ~21% in, 0:40–0:49.",,0,,,,,,,1,,
BkYBsDHjXaw,https://www.youtube.com/watch?v=BkYBsDHjXaw,"Automatic Indian wax, Candle Making Machine/ Ask Price - 09354433750  New Delhi",196.0,storyboard,6,49.0,57.17,8.17,https://youtu.be/BkYBsDHjXaw?t=49s,pour_wax,assemble,1,0.77,Presenter talking to camera (auto-detected: frontal face).,"Presenter talking to camera (auto-detected: frontal face). Pouring the melted wax from the pitcher into the prepared container. assemble phase, ~25% in, 0:49–0:57.",,0,,,,,,,1,,
BkYBsDHjXaw,https://www.youtube.com/watch?v=BkYBsDHjXaw,"Automatic Indian wax, Candle Making Machine/ Ask Price - 09354433750  New Delhi",196.0,storyboard,7,57.17,65.33,8.16,https://youtu.be/BkYBsDHjXaw?t=57s,pour_wax,assemble,1,0.4,Automatic candle machine: rows of white candles formed in the moulds (steam).,"Automatic candle machine: rows of white candles formed in the moulds (steam). assemble phase, ~29% in, 0:57–1:05.",,0,,,,,,,1,,
BkYBsDHjXaw,https://www.youtube.com/watch?v=BkYBsDHjXaw,"Automatic Indian wax, Candle Making Machine/ Ask Price - 09354433750  New Delhi",196.0,storyboard,8,65.33,73.5,8.17,https://youtu.be/BkYBsDHjXaw?t=65s,pour_wax,assemble,1,0.4,Automatic candle machine: rows of white candles formed in the moulds (steam).,"Automatic candle machine: rows of white candles formed in the moulds (steam). assemble phase, ~33% in, 1:05–1:13.",,0,,,,,,,1,,
BkYBsDHjXaw,https://www.youtube.com/watch?v=BkYBsDHjXaw,"Automatic Indian wax, Candle Making Machine/ Ask Price - 09354433750  New Delhi",196.0,storyboard,9,73.5,81.67,8.17,https://youtu.be/BkYBsDHjXaw?t=74s,pour_wax,assemble,1,0.4,Automatic candle machine: rows of white candles formed in the moulds (steam).,"Automatic candle machine: rows of white candles formed in the moulds (steam). assemble phase, ~38% in, 1:13–1:21.",,0,,,,,,,1,,
BkYBsDHjXaw,https://www.youtube.com/watch?v=BkYBsDHjXaw,"Automatic Indian wax, Candle Making Machine/ Ask Price - 09354433750  New Delhi",196.0,storyboard,10,81.67,89.83,8.16,https://youtu.be/BkYBsDHjXaw?t=82s,pour_wax,assemble,1,0.4,Automatic candle machine: rows of white candles formed in the moulds (steam).,"Automatic candle machine: rows of white candles formed in the moulds (steam). assemble phase, ~42% in, 1:21–1:29.",,0,,,,,,,1,,
BkYBsDHjXaw,https://www.youtube.com/watch?v=BkYBsDHjXaw,"Automatic Indian wax, Candle Making Machine/ Ask Price - 09354433750  New Delhi",196.0,storyboard,11,89.83,98.0,8.17,https://youtu.be/BkYBsDHjXaw?t=90s,pour_wax,assemble,1,0.4,Automatic candle machine: rows of white candles formed in the moulds (steam).,"Automatic candle machine: rows of white candles formed in the moulds (steam). assemble phase, ~46% in, 1:29–1:38.",,0,,,,,,,1,,
BkYBsDHjXaw,https://www.youtube.com/watch?v=BkYBsDHjXaw,"Automatic Indian wax, Candle Making Machine/ Ask Price - 09354433750  New Delhi",196.0,storyboard,12,98.0,106.17,8.17,https://youtu.be/BkYBsDHjXaw?t=98s,pour_wax,assemble,1,0.4,Automatic candle machine: rows of white candles formed in the moulds (steam).,"Automatic candle machine: rows of white candles formed in the moulds (steam). assemble phase, ~50% in, 1:38–1:46.",,0,,,,,,,1,,
BkYBsDHjXaw,https://www.youtube.com/watch?v=BkYBsDHjXaw,"Automatic Indian wax, Candle Making Machine/ Ask Price - 09354433750  New Delhi",196.0,storyboard,13,106.17,114.33,8.16,https://youtu.be/BkYBsDHjXaw?t=106s,pour_wax,assemble,1,0.4,Automatic candle machine: rows of white candles formed in the moulds (steam).,"Automatic candle machine: rows of white candles formed in the moulds (steam). assemble phase, ~54% in, 1:46–1:54.",,0,,,,,,,1,,
BkYBsDHjXaw,https://www.youtube.com/watch?v=BkYBsDHjXaw,"Automatic Indian wax, Candle Making Machine/ Ask Price - 09354433750  New Delhi",196.0,storyboard,14,114.33,122.5,8.17,https://youtu.be/BkYBsDHjXaw?t=114s,pour_wax,assemble,1,0.4,Automatic candle machine: rows of white candles formed in the moulds (steam).,"Automatic candle machine: rows of white candles formed in the moulds (steam). assemble phase, ~58% in, 1:54–2:02.",,0,,,,,,,1,,
BkYBsDHjXaw,https://www.youtube.com/watch?v=BkYBsDHjXaw,"Automatic Indian wax, Candle Making Machine/ Ask Price - 09354433750  New Delhi",196.0,storyboard,15,122.5,130.67,8.17,https://youtu.be/BkYBsDHjXaw?t=122s,pour_wax,assemble,1,0.4,Automatic candle machine: rows of white candles formed in the moulds (steam).,"Automatic candle machine: rows of white candles formed in the moulds (steam). assemble phase, ~62% in, 2:02–2:10.",,0,,,,,,,1,,
BkYBsDHjXaw,https://www.youtube.com/watch?v=BkYBsDHjXaw,"Automatic Indian wax, Candle Making Machine/ Ask Price - 09354433750  New Delhi",196.0,storyboard,16,130.67,138.83,8.16,https://youtu.be/BkYBsDHjXaw?t=131s,pour_wax,assemble,1,0.4,Automatic candle machine: rows of white candles formed in the moulds (steam).,"Automatic candle machine: rows of white candles formed in the moulds (steam). assemble phase, ~67% in, 2:10–2:18.",,0,,,,,,,1,,
BkYBsDHjXaw,https://www.youtube.com/watch?v=BkYBsDHjXaw,"Automatic Indian wax, Candle Making Machine/ Ask Price - 09354433750  New Delhi",196.0,storyboard,17,138.83,147.0,8.17,https://youtu.be/BkYBsDHjXaw?t=139s,pour_wax,assemble,1,0.4,Automatic candle machine: rows of white candles formed in the moulds (steam).,"Automatic candle machine: rows of white candles formed in the moulds (steam). assemble phase, ~71% in, 2:18–2:27.",,0,,,,,,,1,,
BkYBsDHjXaw,https://www.youtube.com/watch?v=BkYBsDHjXaw,"Automatic Indian wax, Candle Making Machine/ Ask Price - 09354433750  New Delhi",196.0,storyboard,18,147.0,155.17,8.17,https://youtu.be/BkYBsDHjXaw?t=147s,pour_wax,assemble,1,0.4,Automatic candle machine: rows of white candles formed in the moulds (steam).,"Automatic candle machine: rows of white candles formed in the moulds (steam). assemble phase, ~75% in, 2:27–2:35.",,0,,,,,,,1,,
BkYBsDHjXaw,https://www.youtube.com/watch?v=BkYBsDHjXaw,"Automatic Indian wax, Candle Making Machine/ Ask Price - 09354433750  New Delhi",196.0,storyboard,19,155.17,163.33,8.16,https://youtu.be/BkYBsDHjXaw?t=155s,pour_wax,assemble,1,0.4,Automatic candle machine: rows of white candles formed in the moulds (steam).,"Automatic candle machine: rows of white candles formed in the moulds (steam). assemble phase, ~79% in, 2:35–2:43.",,0,,,,,,,1,,
BkYBsDHjXaw,https://www.youtube.com/watch?v=BkYBsDHjXaw,"Automatic Indian wax, Candle Making Machine/ Ask Price - 09354433750  New Delhi",196.0,storyboard,20,163.33,171.5,8.17,https://youtu.be/BkYBsDHjXaw?t=163s,pour_wax,assemble,1,0.4,Automatic candle machine: rows of white candles formed in the moulds (steam).,"Automatic candle machine: rows of white candles formed in the moulds (steam). assemble phase, ~83% in, 2:43–2:51.",,0,,,,,,,1,,
BskHsZWNhRw,https://www.youtube.com/watch?v=BskHsZWNhRw,DIY WATER CANDLES // Easy DIY CANDLES AT HOME,300.0,storyboard,6,47.37,55.26,7.89,https://youtu.be/BskHsZWNhRw?t=47s,pour_wax,assemble,1,0.4,More pink gel poured into the vessel.,"More pink gel poured into the vessel. assemble phase, ~16% in, 0:47–0:55.",,0,,,,,,,1,,
BskHsZWNhRw,https://www.youtube.com/watch?v=BskHsZWNhRw,DIY WATER CANDLES // Easy DIY CANDLES AT HOME,300.0,storyboard,7,55.26,63.16,7.9,https://youtu.be/BskHsZWNhRw?t=55s,pour_wax,assemble,1,0.4,Embedding glitter and petals.,"Embedding glitter and petals. assemble phase, ~18% in, 0:55–1:03.",,0,,,,,,,1,,
BskHsZWNhRw,https://www.youtube.com/watch?v=BskHsZWNhRw,DIY WATER CANDLES // Easy DIY CANDLES AT HOME,300.0,storyboard,8,63.16,71.05,7.89,https://youtu.be/BskHsZWNhRw?t=63s,pour_wax,assemble,1,0.4,Pink gel poured into the round glass.,"Pink gel poured into the round glass. assemble phase, ~21% in, 1:03–1:11. Terminology: container candle.",,0,,,,,,,1,,
BskHsZWNhRw,https://www.youtube.com/watch?v=BskHsZWNhRw,DIY WATER CANDLES // Easy DIY CANDLES AT HOME,300.0,storyboard,9,71.05,78.95,7.9,https://youtu.be/BskHsZWNhRw?t=71s,pour_wax,assemble,1,0.4,The glass fills with pink gel.,"The glass fills with pink gel. assemble phase, ~24% in, 1:11–1:18.",,0,,,,,,,1,,
BskHsZWNhRw,https://www.youtube.com/watch?v=BskHsZWNhRw,DIY WATER CANDLES // Easy DIY CANDLES AT HOME,300.0,storyboard,10,78.95,86.84,7.89,https://youtu.be/BskHsZWNhRw?t=79s,pour_wax,assemble,1,0.4,Adding decorations to the gel.,"Adding decorations to the gel. assemble phase, ~26% in, 1:18–1:26.",,0,,,,,,,1,,
BskHsZWNhRw,https://www.youtube.com/watch?v=BskHsZWNhRw,DIY WATER CANDLES // Easy DIY CANDLES AT HOME,300.0,storyboard,11,86.84,94.74,7.9,https://youtu.be/BskHsZWNhRw?t=87s,pour_wax,assemble,1,0.4,Continued pink gel pour.,"Continued pink gel pour. Pouring the melted wax from the pitcher into the prepared container. assemble phase, ~29% in, 1:26–1:34.",,0,,,,,,,1,,
BskHsZWNhRw,https://www.youtube.com/watch?v=BskHsZWNhRw,DIY WATER CANDLES // Easy DIY CANDLES AT HOME,300.0,storyboard,12,94.74,102.63,7.89,https://youtu.be/BskHsZWNhRw?t=95s,pour_wax,assemble,1,0.4,Building the pink gel candle.,"Building the pink gel candle. assemble phase, ~32% in, 1:34–1:42.",,0,,,,,,,1,,
BskHsZWNhRw,https://www.youtube.com/watch?v=BskHsZWNhRw,DIY WATER CANDLES // Easy DIY CANDLES AT HOME,300.0,storyboard,13,102.63,110.53,7.9,https://youtu.be/BskHsZWNhRw?t=103s,pour_wax,assemble,1,0.4,Arranging embedded decor.,"Arranging embedded decor. assemble phase, ~34% in, 1:42–1:50.",,0,,,,,,,1,,
BskHsZWNhRw,https://www.youtube.com/watch?v=BskHsZWNhRw,DIY WATER CANDLES // Easy DIY CANDLES AT HOME,300.0,storyboard,14,110.53,118.42,7.89,https://youtu.be/BskHsZWNhRw?t=111s,pour_wax,assemble,1,0.4,More gel poured.,"More gel poured. Pouring the melted wax from the pitcher into the prepared container. assemble phase, ~37% in, 1:50–1:58.",,0,,,,,,,1,,
BskHsZWNhRw,https://www.youtube.com/watch?v=BskHsZWNhRw,DIY WATER CANDLES // Easy DIY CANDLES AT HOME,300.0,storyboard,15,118.42,126.32,7.9,https://youtu.be/BskHsZWNhRw?t=118s,pour_wax,assemble,1,0.4,Filling the round glass.,"Filling the round glass. Pouring the melted wax from the pitcher into the prepared container. assemble phase, ~39% in, 1:58–2:06. Terminology: repour.",,0,,,,,,,1,,
BskHsZWNhRw,https://www.youtube.com/watch?v=BskHsZWNhRw,DIY WATER CANDLES // Easy DIY CANDLES AT HOME,300.0,storyboard,18,142.11,150.0,7.89,https://youtu.be/BskHsZWNhRw?t=142s,pour_wax,assemble,1,0.4,Top gel layer poured.,"Top gel layer poured. Pouring the melted wax from the pitcher into the prepared container. assemble phase, ~47% in, 2:22–2:30. Terminology: repour.",,0,,,,,,,1,,
BskHsZWNhRw,https://www.youtube.com/watch?v=BskHsZWNhRw,DIY WATER CANDLES // Easy DIY CANDLES AT HOME,300.0,storyboard,19,150.0,157.89,7.89,https://youtu.be/BskHsZWNhRw?t=150s,pour_wax,assemble,1,0.4,Finishing the pink gel fill.,"Finishing the pink gel fill. assemble phase, ~50% in, 2:30–2:37.",,0,,,,,,,1,,
BskHsZWNhRw,https://www.youtube.com/watch?v=BskHsZWNhRw,DIY WATER CANDLES // Easy DIY CANDLES AT HOME,300.0,storyboard,20,157.89,165.79,7.9,https://youtu.be/BskHsZWNhRw?t=158s,pour_wax,assemble,1,0.4,Adjusting the embedded flowers.,"Adjusting the embedded flowers. assemble phase, ~53% in, 2:37–2:45.",,0,,,,,,,1,,
BskHsZWNhRw,https://www.youtube.com/watch?v=BskHsZWNhRw,DIY WATER CANDLES // Easy DIY CANDLES AT HOME,300.0,storyboard,21,165.79,173.68,7.89,https://youtu.be/BskHsZWNhRw?t=166s,pour_wax,assemble,1,0.4,Topping off the pink candle.,"Topping off the pink candle. assemble phase, ~55% in, 2:45–2:53. Terminology: repour.",,0,,,,,,,1,,
BskHsZWNhRw,https://www.youtube.com/watch?v=BskHsZWNhRw,DIY WATER CANDLES // Easy DIY CANDLES AT HOME,300.0,storyboard,22,173.68,181.58,7.9,https://youtu.be/BskHsZWNhRw?t=174s,pour_wax,assemble,1,0.4,Completing the pink gel candle.,"Completing the pink gel candle. assemble phase, ~58% in, 2:53–3:01.",,0,,,,,,,1,,
BskHsZWNhRw,https://www.youtube.com/watch?v=BskHsZWNhRw,DIY WATER CANDLES // Easy DIY CANDLES AT HOME,300.0,storyboard,28,221.05,228.95,7.9,https://youtu.be/BskHsZWNhRw?t=221s,pour_wax,assemble,1,0.45,Dark/purple gel poured into the glass.,"Dark/purple gel poured into the glass. assemble phase, ~74% in, 3:41–3:48. Terminology: container candle.",,0,,,,,,,1,,
BskHsZWNhRw,https://www.youtube.com/watch?v=BskHsZWNhRw,DIY WATER CANDLES // Easy DIY CANDLES AT HOME,300.0,storyboard,29,228.95,236.84,7.89,https://youtu.be/BskHsZWNhRw?t=229s,pour_wax,assemble,1,0.45,Purple gel fills the round vessel.,"Purple gel fills the round vessel. assemble phase, ~76% in, 3:48–3:56.",,0,,,,,,,1,,
BskHsZWNhRw,https://www.youtube.com/watch?v=BskHsZWNhRw,DIY WATER CANDLES // Easy DIY CANDLES AT HOME,300.0,storyboard,30,236.84,244.74,7.9,https://youtu.be/BskHsZWNhRw?t=237s,pour_wax,assemble,1,0.4,Purple colour deepens in the gel.,"Purple colour deepens in the gel. assemble phase, ~79% in, 3:56–4:04.",,0,,,,,,,1,,
BskHsZWNhRw,https://www.youtube.com/watch?v=BskHsZWNhRw,DIY WATER CANDLES // Easy DIY CANDLES AT HOME,300.0,storyboard,31,244.74,252.63,7.89,https://youtu.be/BskHsZWNhRw?t=245s,pour_wax,assemble,1,0.45,Topping the purple gel candle.,"Topping the purple gel candle. assemble phase, ~82% in, 4:04–4:12.",,0,,,,,,,1,,
CkI6M8naWvY,https://www.youtube.com/watch?v=CkI6M8naWvY,How to Make Water Candles at Home | Beginner Candle Making Tutorial,264.0,storyboard,1,8.0,16.0,8.0,https://youtu.be/CkI6M8naWvY?t=8s,pour_wax,assemble,1,0.4,Adding an oil layer over the water in the glass.,"Adding an oil layer over the water in the glass. assemble phase, ~3% in, 0:08–0:16.",,0,,,,,,,1,,
CkI6M8naWvY,https://www.youtube.com/watch?v=CkI6M8naWvY,How to Make Water Candles at Home | Beginner Candle Making Tutorial,264.0,storyboard,4,32.0,40.0,8.0,https://youtu.be/CkI6M8naWvY?t=32s,pour_wax,assemble,1,0.4,Adding an oil layer over the water in the glass.,"Adding an oil layer over the water in the glass. assemble phase, ~12% in, 0:32–0:40.",,0,,,,,,,1,,
CkI6M8naWvY,https://www.youtube.com/watch?v=CkI6M8naWvY,How to Make Water Candles at Home | Beginner Candle Making Tutorial,264.0,storyboard,7,56.0,64.0,8.0,https://youtu.be/CkI6M8naWvY?t=56s,pour_wax,assemble,1,0.4,Adding an oil layer over the water in the glass.,"Adding an oil layer over the water in the glass. assemble phase, ~21% in, 0:56–1:04.",,0,,,,,,,1,,
CkI6M8naWvY,https://www.youtube.com/watch?v=CkI6M8naWvY,How to Make Water Candles at Home | Beginner Candle Making Tutorial,264.0,storyboard,10,80.0,88.0,8.0,https://youtu.be/CkI6M8naWvY?t=80s,pour_wax,assemble,1,0.4,Adding an oil layer over the water in the glass.,"Adding an oil layer over the water in the glass. assemble phase, ~30% in, 1:20–1:28.",,0,,,,,,,1,,
CkI6M8naWvY,https://www.youtube.com/watch?v=CkI6M8naWvY,How to Make Water Candles at Home | Beginner Candle Making Tutorial,264.0,storyboard,13,104.0,112.0,8.0,https://youtu.be/CkI6M8naWvY?t=104s,pour_wax,assemble,1,0.4,Adding an oil layer over the water in the glass.,"Adding an oil layer over the water in the glass. assemble phase, ~39% in, 1:44–1:52.",,0,,,,,,,1,,
CkI6M8naWvY,https://www.youtube.com/watch?v=CkI6M8naWvY,How to Make Water Candles at Home | Beginner Candle Making Tutorial,264.0,storyboard,14,112.0,120.0,8.0,https://youtu.be/CkI6M8naWvY?t=112s,pour_wax,assemble,1,0.4,Setting a floating wick on the water candle.,"Setting a floating wick on the water candle. assemble phase, ~42% in, 1:52–2:00.",,0,,,,,,,1,,
CkI6M8naWvY,https://www.youtube.com/watch?v=CkI6M8naWvY,How to Make Water Candles at Home | Beginner Candle Making Tutorial,264.0,storyboard,15,120.0,128.0,8.0,https://youtu.be/CkI6M8naWvY?t=120s,pour_wax,assemble,1,0.45,Pink-surface segment: pouring white wax into small moulds.,"Pink-surface segment: pouring white wax into small moulds. assemble phase, ~45% in, 2:00–2:08.",,0,,,,,,,1,,
CkI6M8naWvY,https://www.youtube.com/watch?v=CkI6M8naWvY,How to Make Water Candles at Home | Beginner Candle Making Tutorial,264.0,storyboard,16,128.0,136.0,8.0,https://youtu.be/CkI6M8naWvY?t=128s,pour_wax,assemble,1,0.45,Pink-surface segment: pouring white wax into small moulds.,"Pink-surface segment: pouring white wax into small moulds. assemble phase, ~48% in, 2:08–2:16.",,0,,,,,,,1,,
CkI6M8naWvY,https://www.youtube.com/watch?v=CkI6M8naWvY,How to Make Water Candles at Home | Beginner Candle Making Tutorial,264.0,storyboard,17,136.0,144.0,8.0,https://youtu.be/CkI6M8naWvY?t=136s,pour_wax,assemble,1,0.45,Pink-surface segment: pouring white wax into small moulds.,"Pink-surface segment: pouring white wax into small moulds. assemble phase, ~52% in, 2:16–2:24.",,0,,,,,,,1,,
CkI6M8naWvY,https://www.youtube.com/watch?v=CkI6M8naWvY,How to Make Water Candles at Home | Beginner Candle Making Tutorial,264.0,storyboard,18,144.0,152.0,8.0,https://youtu.be/CkI6M8naWvY?t=144s,pour_wax,assemble,1,0.45,Pink-surface segment: pouring white wax into small moulds.,"Pink-surface segment: pouring white wax into small moulds. assemble phase, ~55% in, 2:24–2:32.",,0,,,,,,,1,,
CkI6M8naWvY,https://www.youtube.com/watch?v=CkI6M8naWvY,How to Make Water Candles at Home | Beginner Candle Making Tutorial,264.0,storyboard,19,152.0,160.0,8.0,https://youtu.be/CkI6M8naWvY?t=152s,pour_wax,assemble,1,0.45,Pink-surface segment: pouring white wax into small moulds.,"Pink-surface segment: pouring white wax into small moulds. assemble phase, ~58% in, 2:32–2:40.",,0,,,,,,,1,,
CkI6M8naWvY,https://www.youtube.com/watch?v=CkI6M8naWvY,How to Make Water Candles at Home | Beginner Candle Making Tutorial,264.0,storyboard,20,160.0,168.0,8.0,https://youtu.be/CkI6M8naWvY?t=160s,pour_wax,assemble,1,0.45,Pink-surface segment: pouring white wax into small moulds.,"Pink-surface segment: pouring white wax into small moulds. assemble phase, ~61% in, 2:40–2:48.",,0,,,,,,,1,,
CkI6M8naWvY,https://www.youtube.com/watch?v=CkI6M8naWvY,How to Make Water Candles at Home | Beginner Candle Making Tutorial,264.0,storyboard,22,176.0,184.0,8.0,https://youtu.be/CkI6M8naWvY?t=176s,pour_wax,assemble,1,0.45,Pink-surface segment: pouring white wax into small moulds.,"Pink-surface segment: pouring white wax into small moulds. assemble phase, ~67% in, 2:56–3:04.",,0,,,,,,,1,,
CkI6M8naWvY,https://www.youtube.com/watch?v=CkI6M8naWvY,How to Make Water Candles at Home | Beginner Candle Making Tutorial,264.0,storyboard,23,184.0,192.0,8.0,https://youtu.be/CkI6M8naWvY?t=184s,pour_wax,assemble,1,0.45,Pink-surface segment: pouring white wax into small moulds.,"Pink-surface segment: pouring white wax into small moulds. assemble phase, ~70% in, 3:04–3:12.",,0,,,,,,,1,,
CrJ9UE6Nihw,https://www.youtube.com/watch?v=CrJ9UE6Nihw,FULL & easy beginners guide to Candle Making,601.0,storyboard,50,400.67,408.68,8.01,https://youtu.be/CrJ9UE6Nihw?t=401s,pour_wax,assemble,1,0.5,Pouring green/olive wax into the star bowl.,"Pouring green/olive wax into the star bowl. assemble phase, ~67% in, 6:40–6:48.",,0,,,,,,,1,,
CrJ9UE6Nihw,https://www.youtube.com/watch?v=CrJ9UE6Nihw,FULL & easy beginners guide to Candle Making,601.0,storyboard,51,408.68,416.69,8.01,https://youtu.be/CrJ9UE6Nihw?t=409s,pour_wax,assemble,1,0.5,Pouring green wax.,"Pouring green wax. Pouring the melted wax from the pitcher into the prepared container. assemble phase, ~68% in, 6:48–6:56.",,0,,,,,,,1,,
CrJ9UE6Nihw,https://www.youtube.com/watch?v=CrJ9UE6Nihw,FULL & easy beginners guide to Candle Making,601.0,storyboard,52,416.69,424.71,8.02,https://youtu.be/CrJ9UE6Nihw?t=417s,pour_wax,assemble,1,0.5,Green wax in the star bowl; wicks.,"Green wax in the star bowl; wicks. assemble phase, ~69% in, 6:56–7:04.",,0,,,,,,,1,,
CrJ9UE6Nihw,https://www.youtube.com/watch?v=CrJ9UE6Nihw,FULL & easy beginners guide to Candle Making,601.0,storyboard,55,440.73,448.75,8.02,https://youtu.be/CrJ9UE6Nihw?t=441s,pour_wax,assemble,1,0.5,Pouring more green wax.,"Pouring more green wax. Pouring the melted wax from the pitcher into the prepared container. assemble phase, ~73% in, 7:20–7:28.",,0,,,,,,,1,,
CrJ9UE6Nihw,https://www.youtube.com/watch?v=CrJ9UE6Nihw,FULL & easy beginners guide to Candle Making,601.0,storyboard,59,472.79,480.8,8.01,https://youtu.be/CrJ9UE6Nihw?t=473s,pour_wax,assemble,1,0.5,Pouring white wax as a top layer.,"Pouring white wax as a top layer. assemble phase, ~79% in, 7:52–8:00.",,0,,,,,,,1,,
CrJ9UE6Nihw,https://www.youtube.com/watch?v=CrJ9UE6Nihw,FULL & easy beginners guide to Candle Making,601.0,storyboard,60,480.8,488.81,8.01,https://youtu.be/CrJ9UE6Nihw?t=481s,pour_wax,assemble,1,0.5,White wax with embedded bits poured over the green.,"White wax with embedded bits poured over the green. assemble phase, ~80% in, 8:00–8:08.",,0,,,,,,,1,,
CrJ9UE6Nihw,https://www.youtube.com/watch?v=CrJ9UE6Nihw,FULL & easy beginners guide to Candle Making,601.0,storyboard,61,488.81,496.83,8.02,https://youtu.be/CrJ9UE6Nihw?t=489s,pour_wax,assemble,1,0.5,White-wax top layer in the bowl; wicks.,"White-wax top layer in the bowl; wicks. assemble phase, ~81% in, 8:08–8:16.",,0,,,,,,,1,,
D2TTNZkVMMM,https://www.youtube.com/watch?v=D2TTNZkVMMM,How to Make Layered Scented Candles | DIY Candle Making,250.0,storyboard,14,112.9,120.97,8.07,https://youtu.be/D2TTNZkVMMM?t=113s,pour_wax,assemble,1,0.55,Wax poured into the jar.,"Wax poured into the jar. Pouring the melted wax from the pitcher into the prepared container. assemble phase, ~45% in, 1:52–2:00.",,0,,,,,,,1,,
D2TTNZkVMMM,https://www.youtube.com/watch?v=D2TTNZkVMMM,How to Make Layered Scented Candles | DIY Candle Making,250.0,storyboard,15,120.97,129.03,8.06,https://youtu.be/D2TTNZkVMMM?t=121s,pour_wax,assemble,1,0.5,Hands steady the white container during the pour.,"Hands steady the white container during the pour. assemble phase, ~48% in, 2:00–2:09.",,0,,,,,,,1,,
D2TTNZkVMMM,https://www.youtube.com/watch?v=D2TTNZkVMMM,How to Make Layered Scented Candles | DIY Candle Making,250.0,storyboard,22,177.42,185.48,8.06,https://youtu.be/D2TTNZkVMMM?t=177s,pour_wax,assemble,1,0.55,Hands pour the next wax layer into the jar.,"Hands pour the next wax layer into the jar. assemble phase, ~71% in, 2:57–3:05.",,0,,,,,,,1,,
D2TTNZkVMMM,https://www.youtube.com/watch?v=D2TTNZkVMMM,How to Make Layered Scented Candles | DIY Candle Making,250.0,storyboard,23,185.48,193.55,8.07,https://youtu.be/D2TTNZkVMMM?t=185s,pour_wax,assemble,1,0.5,Black pot melting wax for a layer.,"Black pot melting wax for a layer. assemble phase, ~74% in, 3:05–3:13.",,0,,,,,,,1,,
D2TTNZkVMMM,https://www.youtube.com/watch?v=D2TTNZkVMMM,How to Make Layered Scented Candles | DIY Candle Making,250.0,storyboard,24,193.55,201.61,8.06,https://youtu.be/D2TTNZkVMMM?t=194s,pour_wax,assemble,1,0.55,Two pots with blue wicks; pouring layers.,"Two pots with blue wicks; pouring layers. assemble phase, ~77% in, 3:13–3:21.",,0,,,,,,,1,,
D2TTNZkVMMM,https://www.youtube.com/watch?v=D2TTNZkVMMM,How to Make Layered Scented Candles | DIY Candle Making,250.0,storyboard,25,201.61,209.68,8.07,https://youtu.be/D2TTNZkVMMM?t=202s,pour_wax,assemble,1,0.6,Wax poured into the white candle jar.,"Wax poured into the white candle jar. assemble phase, ~81% in, 3:21–3:29. Terminology: container candle.",,0,,,,,,,1,,
DIdrbQREtns,https://www.youtube.com/watch?v=DIdrbQREtns,Beginners Guide to Make Soy Wax Pillar Candles  Tips and Tricks,694.0,storyboard,66,526.48,534.46,7.98,https://youtu.be/DIdrbQREtns?t=526s,pour_wax,assemble,1,0.5,Pouring wax into the pillar mould.,"Pouring wax into the pillar mould. assemble phase, ~76% in, 8:46–8:54. Terminology: pillar candle.",,0,,,,,,,1,,
DIdrbQREtns,https://www.youtube.com/watch?v=DIdrbQREtns,Beginners Guide to Make Soy Wax Pillar Candles  Tips and Tricks,694.0,storyboard,67,534.46,542.44,7.98,https://youtu.be/DIdrbQREtns?t=534s,pour_wax,assemble,1,0.5,Pouring wax into the pillar mould.,"Pouring wax into the pillar mould. assemble phase, ~77% in, 8:54–9:02. Terminology: pillar candle.",,0,,,,,,,1,,
DIdrbQREtns,https://www.youtube.com/watch?v=DIdrbQREtns,Beginners Guide to Make Soy Wax Pillar Candles  Tips and Tricks,694.0,storyboard,70,558.39,566.37,7.98,https://youtu.be/DIdrbQREtns?t=558s,pour_wax,assemble,1,0.5,Pouring wax into the pillar mould.,"Pouring wax into the pillar mould. assemble phase, ~80% in, 9:18–9:26. Terminology: pillar candle.",,0,,,,,,,1,,
DIdrbQREtns,https://www.youtube.com/watch?v=DIdrbQREtns,Beginners Guide to Make Soy Wax Pillar Candles  Tips and Tricks,694.0,storyboard,71,566.37,574.34,7.97,https://youtu.be/DIdrbQREtns?t=566s,pour_wax,assemble,1,0.5,Pouring wax into the pillar mould.,"Pouring wax into the pillar mould. assemble phase, ~82% in, 9:26–9:34. Terminology: pillar candle.",,0,,,,,,,1,,
DIdrbQREtns,https://www.youtube.com/watch?v=DIdrbQREtns,Beginners Guide to Make Soy Wax Pillar Candles  Tips and Tricks,694.0,storyboard,72,574.34,582.32,7.98,https://youtu.be/DIdrbQREtns?t=574s,pour_wax,assemble,1,0.5,Demoulding / heat-gun finishing the textured pillar candle.,"Demoulding / heat-gun finishing the textured pillar candle. assemble phase, ~83% in, 9:34–9:42.",,0,,,,,,,1,,
DIdrbQREtns,https://www.youtube.com/watch?v=DIdrbQREtns,Beginners Guide to Make Soy Wax Pillar Candles  Tips and Tricks,694.0,storyboard,73,582.32,590.3,7.98,https://youtu.be/DIdrbQREtns?t=582s,pour_wax,assemble,1,0.5,Pouring wax into the pillar mould.,"Pouring wax into the pillar mould. assemble phase, ~84% in, 9:42–9:50. Terminology: pillar candle.",,0,,,,,,,1,,
DIdrbQREtns,https://www.youtube.com/watch?v=DIdrbQREtns,Beginners Guide to Make Soy Wax Pillar Candles  Tips and Tricks,694.0,storyboard,74,590.3,598.28,7.98,https://youtu.be/DIdrbQREtns?t=590s,pour_wax,assemble,1,0.5,Pouring wax into the pillar mould.,"Pouring wax into the pillar mould. assemble phase, ~85% in, 9:50–9:58. Terminology: pillar candle.",,0,,,,,,,1,,
DSj_ZcxHB2w,https://www.youtube.com/watch?v=DSj_ZcxHB2w,Candle Making Kit - How-to - Crafts&Co,92.0,storyboard,4,30.67,38.33,7.66,https://youtu.be/DSj_ZcxHB2w?t=31s,pour_wax,assemble,1,0.65,Molten wax is poured from the bowl into a silicone mould resting on a wooden board.,"Molten wax is poured from the bowl into a silicone mould resting on a wooden board. assemble phase, ~33% in, 0:30–0:38. Terminology: curing.",,0,,,,,,,1,,
DSj_ZcxHB2w,https://www.youtube.com/watch?v=DSj_ZcxHB2w,Candle Making Kit - How-to - Crafts&Co,92.0,storyboard,5,38.33,46.0,7.67,https://youtu.be/DSj_ZcxHB2w?t=38s,pour_wax,assemble,1,0.55,The silicone mould fills; hands steady and squeeze the flexible white mould.,"The silicone mould fills; hands steady and squeeze the flexible white mould. assemble phase, ~42% in, 0:38–0:46.",,0,,,,,,,1,,
DkMEPKu4fLw,https://www.youtube.com/watch?v=DkMEPKu4fLw,How to Pipe Candle Wax (Whipped Soy Wax - Candle Frosting),545.0,storyboard,2,16.03,24.04,8.01,https://youtu.be/DkMEPKu4fLw?t=16s,pour_wax,assemble,1,0.45,Pouring the base wax into the glass.,"Pouring the base wax into the glass. assemble phase, ~3% in, 0:16–0:24.",,0,,,,,,,1,,
DkMEPKu4fLw,https://www.youtube.com/watch?v=DkMEPKu4fLw,How to Pipe Candle Wax (Whipped Soy Wax - Candle Frosting),545.0,storyboard,5,40.07,48.09,8.02,https://youtu.be/DkMEPKu4fLw?t=40s,pour_wax,assemble,1,0.45,Pouring the base wax into the glass.,"Pouring the base wax into the glass. assemble phase, ~7% in, 0:40–0:48.",,0,,,,,,,1,,
DkMEPKu4fLw,https://www.youtube.com/watch?v=DkMEPKu4fLw,How to Pipe Candle Wax (Whipped Soy Wax - Candle Frosting),545.0,storyboard,8,64.12,72.13,8.01,https://youtu.be/DkMEPKu4fLw?t=64s,pour_wax,assemble,1,0.45,Pouring the base wax into the glass.,"Pouring the base wax into the glass. assemble phase, ~12% in, 1:04–1:12.",,0,,,,,,,1,,
DpF1-sb6Adk,https://www.youtube.com/watch?v=DpF1-sb6Adk,How to Color Soy Candles Using Candle Dye - 3 Ways to DIY Candle Dye,349.0,storyboard,21,166.57,174.5,7.93,https://youtu.be/DpF1-sb6Adk?t=167s,pour_wax,assemble,1,0.45,Pouring coloured wax into a glass.,"Pouring coloured wax into a glass. assemble phase, ~48% in, 2:46–2:54.",,0,,,,,,,1,,
DpgV20P8bVc,https://www.youtube.com/watch?v=DpgV20P8bVc,Small candle business from home | holiday launch studio vlog New paint can candles | Amazon handmade,820.0,storyboard,30,241.18,249.22,8.04,https://youtu.be/DpgV20P8bVc?t=241s,pour_wax,assemble,1,0.5,Pouring wax into the rows of tins.,"Pouring wax into the rows of tins. assemble phase, ~29% in, 4:01–4:09.",,0,,,,,,,1,,
DpgV20P8bVc,https://www.youtube.com/watch?v=DpgV20P8bVc,Small candle business from home | holiday launch studio vlog New paint can candles | Amazon handmade,820.0,storyboard,35,281.37,289.41,8.04,https://youtu.be/DpgV20P8bVc?t=281s,pour_wax,assemble,1,0.5,Pouring wax into the rows of tins.,"Pouring wax into the rows of tins. assemble phase, ~34% in, 4:41–4:49.",,0,,,,,,,1,,
DpgV20P8bVc,https://www.youtube.com/watch?v=DpgV20P8bVc,Small candle business from home | holiday launch studio vlog New paint can candles | Amazon handmade,820.0,storyboard,39,313.53,321.57,8.04,https://youtu.be/DpgV20P8bVc?t=314s,pour_wax,assemble,1,0.5,Pouring wax into the rows of tins.,"Pouring wax into the rows of tins. assemble phase, ~38% in, 5:13–5:21.",,0,,,,,,,1,,
DpgV20P8bVc,https://www.youtube.com/watch?v=DpgV20P8bVc,Small candle business from home | holiday launch studio vlog New paint can candles | Amazon handmade,820.0,storyboard,52,418.04,426.08,8.04,https://youtu.be/DpgV20P8bVc?t=418s,pour_wax,assemble,1,0.5,Pouring wax into the rows of tins.,"Pouring wax into the rows of tins. assemble phase, ~51% in, 6:58–7:06.",,0,,,,,,,1,,
E27yUdPTNEU,https://www.youtube.com/watch?v=E27yUdPTNEU,How To Make Perfect Dipped Beeswax Taper Candles (In An Old Tin Can),245.0,storyboard,2,15.81,23.71,7.9,https://youtu.be/E27yUdPTNEU?t=16s,pour_wax,assemble,1,0.45,Wicks are dipped into an orange can of molten beeswax to build the tapers.,"Wicks are dipped into an orange can of molten beeswax to build the tapers. assemble phase, ~6% in, 0:15–0:23.",,0,,,,,,,1,,
E27yUdPTNEU,https://www.youtube.com/watch?v=E27yUdPTNEU,How To Make Perfect Dipped Beeswax Taper Candles (In An Old Tin Can),245.0,storyboard,3,23.71,31.61,7.9,https://youtu.be/E27yUdPTNEU?t=24s,pour_wax,assemble,1,0.45,Repeated dipping of the wick frame into the wax can.,"Repeated dipping of the wick frame into the wax can. assemble phase, ~10% in, 0:23–0:31.",,0,,,,,,,1,,
E27yUdPTNEU,https://www.youtube.com/watch?v=E27yUdPTNEU,How To Make Perfect Dipped Beeswax Taper Candles (In An Old Tin Can),245.0,storyboard,4,31.61,39.52,7.91,https://youtu.be/E27yUdPTNEU?t=32s,pour_wax,assemble,1,0.45,The tall orange dip-can of molten beeswax.,"The tall orange dip-can of molten beeswax. assemble phase, ~13% in, 0:31–0:39.",,0,,,,,,,1,,
E27yUdPTNEU,https://www.youtube.com/watch?v=E27yUdPTNEU,How To Make Perfect Dipped Beeswax Taper Candles (In An Old Tin Can),245.0,storyboard,5,39.52,47.42,7.9,https://youtu.be/E27yUdPTNEU?t=40s,pour_wax,assemble,1,0.45,Dipping the frame of tapers into the wax.,"Dipping the frame of tapers into the wax. assemble phase, ~16% in, 0:39–0:47.",,0,,,,,,,1,,
E27yUdPTNEU,https://www.youtube.com/watch?v=E27yUdPTNEU,How To Make Perfect Dipped Beeswax Taper Candles (In An Old Tin Can),245.0,storyboard,6,47.42,55.32,7.9,https://youtu.be/E27yUdPTNEU?t=47s,pour_wax,assemble,1,0.45,Another dip to thicken the tapers.,"Another dip to thicken the tapers. assemble phase, ~19% in, 0:47–0:55.",,0,,,,,,,1,,
E27yUdPTNEU,https://www.youtube.com/watch?v=E27yUdPTNEU,How To Make Perfect Dipped Beeswax Taper Candles (In An Old Tin Can),245.0,storyboard,7,55.32,63.23,7.91,https://youtu.be/E27yUdPTNEU?t=55s,pour_wax,assemble,1,0.45,Continued taper dipping.,"Continued taper dipping. Pouring the melted wax from the pitcher into the prepared container. assemble phase, ~23% in, 0:55–1:03.",,0,,,,,,,1,,
E27yUdPTNEU,https://www.youtube.com/watch?v=E27yUdPTNEU,How To Make Perfect Dipped Beeswax Taper Candles (In An Old Tin Can),245.0,storyboard,8,63.23,71.13,7.9,https://youtu.be/E27yUdPTNEU?t=63s,pour_wax,assemble,1,0.45,Dipping the wicks repeatedly to build wax layers.,"Dipping the wicks repeatedly to build wax layers. assemble phase, ~26% in, 1:03–1:11.",,0,,,,,,,1,,
E27yUdPTNEU,https://www.youtube.com/watch?v=E27yUdPTNEU,How To Make Perfect Dipped Beeswax Taper Candles (In An Old Tin Can),245.0,storyboard,9,71.13,79.03,7.9,https://youtu.be/E27yUdPTNEU?t=71s,pour_wax,assemble,1,0.45,Tapers grow thicker with each dip.,"Tapers grow thicker with each dip. assemble phase, ~29% in, 1:11–1:19.",,0,,,,,,,1,,
E27yUdPTNEU,https://www.youtube.com/watch?v=E27yUdPTNEU,How To Make Perfect Dipped Beeswax Taper Candles (In An Old Tin Can),245.0,storyboard,10,79.03,86.94,7.91,https://youtu.be/E27yUdPTNEU?t=79s,pour_wax,assemble,1,0.45,Continued dipping over the green tub.,"Continued dipping over the green tub. assemble phase, ~32% in, 1:19–1:26.",,0,,,,,,,1,,
E27yUdPTNEU,https://www.youtube.com/watch?v=E27yUdPTNEU,How To Make Perfect Dipped Beeswax Taper Candles (In An Old Tin Can),245.0,storyboard,11,86.94,94.84,7.9,https://youtu.be/E27yUdPTNEU?t=87s,pour_wax,assemble,1,0.45,Dipping the tapers into the wax.,"Dipping the tapers into the wax. assemble phase, ~35% in, 1:26–1:34.",,0,,,,,,,1,,
E27yUdPTNEU,https://www.youtube.com/watch?v=E27yUdPTNEU,How To Make Perfect Dipped Beeswax Taper Candles (In An Old Tin Can),245.0,storyboard,12,94.84,102.74,7.9,https://youtu.be/E27yUdPTNEU?t=95s,pour_wax,assemble,1,0.4,Tapers dipped into a green cooling bath between wax dips.,"Tapers dipped into a green cooling bath between wax dips. assemble phase, ~39% in, 1:34–1:42.",,0,,,,,,,1,,
E27yUdPTNEU,https://www.youtube.com/watch?v=E27yUdPTNEU,How To Make Perfect Dipped Beeswax Taper Candles (In An Old Tin Can),245.0,storyboard,13,102.74,110.65,7.91,https://youtu.be/E27yUdPTNEU?t=103s,pour_wax,assemble,1,0.45,Back into the wax for another coat.,"Back into the wax for another coat. assemble phase, ~42% in, 1:42–1:50.",,0,,,,,,,1,,
E27yUdPTNEU,https://www.youtube.com/watch?v=E27yUdPTNEU,How To Make Perfect Dipped Beeswax Taper Candles (In An Old Tin Can),245.0,storyboard,14,110.65,118.55,7.9,https://youtu.be/E27yUdPTNEU?t=111s,pour_wax,assemble,1,0.45,Continued taper building by dipping.,"Continued taper building by dipping. assemble phase, ~45% in, 1:50–1:58.",,0,,,,,,,1,,
E27yUdPTNEU,https://www.youtube.com/watch?v=E27yUdPTNEU,How To Make Perfect Dipped Beeswax Taper Candles (In An Old Tin Can),245.0,storyboard,15,118.55,126.45,7.9,https://youtu.be/E27yUdPTNEU?t=119s,pour_wax,assemble,1,0.45,Dipping the frame of tapers.,"Dipping the frame of tapers. assemble phase, ~48% in, 1:58–2:06.",,0,,,,,,,1,,
E27yUdPTNEU,https://www.youtube.com/watch?v=E27yUdPTNEU,How To Make Perfect Dipped Beeswax Taper Candles (In An Old Tin Can),245.0,storyboard,16,126.45,134.35,7.9,https://youtu.be/E27yUdPTNEU?t=126s,pour_wax,assemble,1,0.45,More dips to thicken the candles.,"More dips to thicken the candles. assemble phase, ~52% in, 2:06–2:14.",,0,,,,,,,1,,
E27yUdPTNEU,https://www.youtube.com/watch?v=E27yUdPTNEU,How To Make Perfect Dipped Beeswax Taper Candles (In An Old Tin Can),245.0,storyboard,17,134.35,142.26,7.91,https://youtu.be/E27yUdPTNEU?t=134s,pour_wax,assemble,1,0.4,Cooling dip in water between wax coats.,"Cooling dip in water between wax coats. assemble phase, ~55% in, 2:14–2:22.",,0,,,,,,,1,,
E27yUdPTNEU,https://www.youtube.com/watch?v=E27yUdPTNEU,How To Make Perfect Dipped Beeswax Taper Candles (In An Old Tin Can),245.0,storyboard,18,142.26,150.16,7.9,https://youtu.be/E27yUdPTNEU?t=142s,pour_wax,assemble,1,0.45,Final wax dips on the tapers.,"Final wax dips on the tapers. assemble phase, ~58% in, 2:22–2:30.",,0,,,,,,,1,,
E27yUdPTNEU,https://www.youtube.com/watch?v=E27yUdPTNEU,How To Make Perfect Dipped Beeswax Taper Candles (In An Old Tin Can),245.0,storyboard,25,197.58,205.48,7.9,https://youtu.be/E27yUdPTNEU?t=198s,pour_wax,assemble,1,0.4,Caption 'One last dip in the dip can'; final dip.,"Caption 'One last dip in the dip can'; final dip. assemble phase, ~81% in, 3:17–3:25.",,0,,,,,,,1,,
EBZGgxpf3Ho,https://www.youtube.com/watch?v=EBZGgxpf3Ho,How to make perfect scented soy wax tin candles every time. DIY tutorial 7oz coco soy wax candles,667.0,storyboard,43,345.55,353.59,8.04,https://youtu.be/EBZGgxpf3Ho?t=346s,pour_wax,assemble,1,0.5,Pouring wax into the tins.,"Pouring wax into the tins. assemble phase, ~52% in, 5:45–5:53.",,0,,,,,,,1,,
EBZGgxpf3Ho,https://www.youtube.com/watch?v=EBZGgxpf3Ho,How to make perfect scented soy wax tin candles every time. DIY tutorial 7oz coco soy wax candles,667.0,storyboard,44,353.59,361.63,8.04,https://youtu.be/EBZGgxpf3Ho?t=354s,pour_wax,assemble,1,0.5,Pouring wax into the tins.,"Pouring wax into the tins. assemble phase, ~53% in, 5:53–6:01.",,0,,,,,,,1,,
EBZGgxpf3Ho,https://www.youtube.com/watch?v=EBZGgxpf3Ho,How to make perfect scented soy wax tin candles every time. DIY tutorial 7oz coco soy wax candles,667.0,storyboard,45,361.63,369.66,8.03,https://youtu.be/EBZGgxpf3Ho?t=362s,pour_wax,assemble,1,0.5,Pouring wax into the tins.,"Pouring wax into the tins. assemble phase, ~54% in, 6:01–6:09.",,0,,,,,,,1,,
EBZGgxpf3Ho,https://www.youtube.com/watch?v=EBZGgxpf3Ho,How to make perfect scented soy wax tin candles every time. DIY tutorial 7oz coco soy wax candles,667.0,storyboard,46,369.66,377.7,8.04,https://youtu.be/EBZGgxpf3Ho?t=370s,pour_wax,assemble,1,0.5,Checking wax temperature (phone app).,"Checking wax temperature (phone app). assemble phase, ~55% in, 6:09–6:17.",,0,,,,,,,1,,
EBZGgxpf3Ho,https://www.youtube.com/watch?v=EBZGgxpf3Ho,How to make perfect scented soy wax tin candles every time. DIY tutorial 7oz coco soy wax candles,667.0,storyboard,47,377.7,385.73,8.03,https://youtu.be/EBZGgxpf3Ho?t=378s,pour_wax,assemble,1,0.5,Pouring wax into the tins.,"Pouring wax into the tins. assemble phase, ~57% in, 6:17–6:25.",,0,,,,,,,1,,
EBZGgxpf3Ho,https://www.youtube.com/watch?v=EBZGgxpf3Ho,How to make perfect scented soy wax tin candles every time. DIY tutorial 7oz coco soy wax candles,667.0,storyboard,50,401.81,409.84,8.03,https://youtu.be/EBZGgxpf3Ho?t=402s,pour_wax,assemble,1,0.5,Pouring wax into the tins.,"Pouring wax into the tins. assemble phase, ~60% in, 6:41–6:49.",,0,,,,,,,1,,
EBZGgxpf3Ho,https://www.youtube.com/watch?v=EBZGgxpf3Ho,How to make perfect scented soy wax tin candles every time. DIY tutorial 7oz coco soy wax candles,667.0,storyboard,51,409.84,417.88,8.04,https://youtu.be/EBZGgxpf3Ho?t=410s,pour_wax,assemble,1,0.5,Pouring wax into the tins.,"Pouring wax into the tins. assemble phase, ~61% in, 6:49–6:57.",,0,,,,,,,1,,
EBZGgxpf3Ho,https://www.youtube.com/watch?v=EBZGgxpf3Ho,How to make perfect scented soy wax tin candles every time. DIY tutorial 7oz coco soy wax candles,667.0,storyboard,52,417.88,425.92,8.04,https://youtu.be/EBZGgxpf3Ho?t=418s,pour_wax,assemble,1,0.5,Pouring wax into the tins.,"Pouring wax into the tins. assemble phase, ~63% in, 6:57–7:05.",,0,,,,,,,1,,
EBZGgxpf3Ho,https://www.youtube.com/watch?v=EBZGgxpf3Ho,How to make perfect scented soy wax tin candles every time. DIY tutorial 7oz coco soy wax candles,667.0,storyboard,53,425.92,433.95,8.03,https://youtu.be/EBZGgxpf3Ho?t=426s,pour_wax,assemble,1,0.5,Pouring wax into the tins.,"Pouring wax into the tins. assemble phase, ~64% in, 7:05–7:13.",,0,,,,,,,1,,
EBZGgxpf3Ho,https://www.youtube.com/watch?v=EBZGgxpf3Ho,How to make perfect scented soy wax tin candles every time. DIY tutorial 7oz coco soy wax candles,667.0,storyboard,54,433.95,441.99,8.04,https://youtu.be/EBZGgxpf3Ho?t=434s,pour_wax,assemble,1,0.5,Pouring wax into the tins.,"Pouring wax into the tins. assemble phase, ~65% in, 7:13–7:21.",,0,,,,,,,1,,
EBZGgxpf3Ho,https://www.youtube.com/watch?v=EBZGgxpf3Ho,How to make perfect scented soy wax tin candles every time. DIY tutorial 7oz coco soy wax candles,667.0,storyboard,55,441.99,450.02,8.03,https://youtu.be/EBZGgxpf3Ho?t=442s,pour_wax,assemble,1,0.5,Setting/centring wicks in the black tins.,"Setting/centring wicks in the black tins. assemble phase, ~66% in, 7:21–7:30.",,0,,,,,,,1,,
EBZGgxpf3Ho,https://www.youtube.com/watch?v=EBZGgxpf3Ho,How to make perfect scented soy wax tin candles every time. DIY tutorial 7oz coco soy wax candles,667.0,storyboard,56,450.02,458.06,8.04,https://youtu.be/EBZGgxpf3Ho?t=450s,pour_wax,assemble,1,0.5,Pouring wax into the tins.,"Pouring wax into the tins. assemble phase, ~67% in, 7:30–7:38.",,0,,,,,,,1,,
EBZGgxpf3Ho,https://www.youtube.com/watch?v=EBZGgxpf3Ho,How to make perfect scented soy wax tin candles every time. DIY tutorial 7oz coco soy wax candles,667.0,storyboard,59,474.13,482.17,8.04,https://youtu.be/EBZGgxpf3Ho?t=474s,pour_wax,assemble,1,0.5,Pouring wax into the tins.,"Pouring wax into the tins. assemble phase, ~71% in, 7:54–8:02.",,0,,,,,,,1,,
FhVukBUHls0,https://www.youtube.com/watch?v=FhVukBUHls0,"Candle Making Kit with Electronic Hot Plate for Beginners, Adults, and Kids",110.0,storyboard,5,39.29,47.14,7.85,https://youtu.be/FhVukBUHls0?t=39s,pour_wax,assemble,1,0.6,Molten wax is poured into a glass and stirred with a stick.,"Molten wax is poured into a glass and stirred with a stick. assemble phase, ~36% in, 0:39–0:47. Terminology: container candle.",,0,,,,,,,1,,
FhVukBUHls0,https://www.youtube.com/watch?v=FhVukBUHls0,"Candle Making Kit with Electronic Hot Plate for Beginners, Adults, and Kids",110.0,storyboard,6,47.14,55.0,7.86,https://youtu.be/FhVukBUHls0?t=47s,pour_wax,assemble,1,0.5,The glass holds poured wax; hands work with the pan alongside.,"The glass holds poured wax; hands work with the pan alongside. assemble phase, ~43% in, 0:47–0:55.",,0,,,,,,,1,,
FhVukBUHls0,https://www.youtube.com/watch?v=FhVukBUHls0,"Candle Making Kit with Electronic Hot Plate for Beginners, Adults, and Kids",110.0,storyboard,9,70.71,78.57,7.86,https://youtu.be/FhVukBUHls0?t=71s,pour_wax,assemble,1,0.6,Green wax is poured into the glass; a clip holds the wick centred.,"Green wax is poured into the glass; a clip holds the wick centred. assemble phase, ~64% in, 1:10–1:18. Terminology: container candle.",,0,,,,,,,1,,
G42ivbBdIHY,https://www.youtube.com/watch?v=G42ivbBdIHY,Essential Oil Candles DIY For Beginners | Step By Step Candle Making Tutorial,693.0,storyboard,61,485.9,493.86,7.96,https://youtu.be/G42ivbBdIHY?t=486s,pour_wax,assemble,1,0.45,Pouring wax into the clear jar.,"Pouring wax into the clear jar. assemble phase, ~70% in, 8:05–8:13.",,0,,,,,,,1,,
GAh9lQmaEvI,https://www.youtube.com/watch?v=GAh9lQmaEvI,How to make scented candles at home step by step,135.0,storyboard,12,95.29,103.24,7.95,https://youtu.be/GAh9lQmaEvI?t=95s,pour_wax,assemble,1,0.75,'Pour the wax into your container',"'Pour the wax into your container'. assemble phase, ~71% in, 1:35–1:43.",,0,,,,,,,1,,
GAh9lQmaEvI,https://www.youtube.com/watch?v=GAh9lQmaEvI,How to make scented candles at home step by step,135.0,storyboard,13,103.24,111.18,7.94,https://youtu.be/GAh9lQmaEvI?t=103s,pour_wax,assemble,1,0.7,"pouring green wax, 'leave space at top'","pouring green wax, 'leave space at top'. assemble phase, ~76% in, 1:43–1:51.",,0,,,,,,,1,,
GAh9lQmaEvI,https://www.youtube.com/watch?v=GAh9lQmaEvI,How to make scented candles at home step by step,135.0,storyboard,14,111.18,119.12,7.94,https://youtu.be/GAh9lQmaEvI?t=111s,pour_wax,assemble,1,0.55,"'Top off the candle', green+blue jars","'Top off the candle', green+blue jars. assemble phase, ~82% in, 1:51–1:59.",,0,,,,,,,1,,
HM8dpgA-bms,https://www.youtube.com/watch?v=HM8dpgA-bms,Natural Ways to Color Candles : Basic Candle Making,126.0,storyboard,9,70.88,78.75,7.87,https://youtu.be/HM8dpgA-bms?t=71s,pour_wax,assemble,1,0.45,Readying to pour from the metal melter.,"Readying to pour from the metal melter. assemble phase, ~56% in, 1:10–1:18.",,0,,,,,,,1,,
HM8dpgA-bms,https://www.youtube.com/watch?v=HM8dpgA-bms,Natural Ways to Color Candles : Basic Candle Making,126.0,storyboard,10,78.75,86.62,7.87,https://youtu.be/HM8dpgA-bms?t=79s,pour_wax,assemble,1,0.5,Pouring tan/amber wax into a jar.,"Pouring tan/amber wax into a jar. assemble phase, ~62% in, 1:18–1:26.",,0,,,,,,,1,,
HM8dpgA-bms,https://www.youtube.com/watch?v=HM8dpgA-bms,Natural Ways to Color Candles : Basic Candle Making,126.0,storyboard,11,86.62,94.5,7.88,https://youtu.be/HM8dpgA-bms?t=87s,pour_wax,assemble,1,0.45,Tan wax filling the jar; wick.,"Tan wax filling the jar; wick. assemble phase, ~69% in, 1:26–1:34.",,0,,,,,,,1,,
HPD1k0lhDCU,https://www.youtube.com/watch?v=HPD1k0lhDCU,How to Make Luxury Coconut Apricot Wax Candles | Step-by-Step Tutorial,687.0,storyboard,27,215.69,223.67,7.98,https://youtu.be/HPD1k0lhDCU?t=216s,pour_wax,assemble,1,0.45,Pouring wax into a pitcher/jar.,"Pouring wax into a pitcher/jar. assemble phase, ~31% in, 3:35–3:43.",,0,,,,,,,1,,
HPD1k0lhDCU,https://www.youtube.com/watch?v=HPD1k0lhDCU,How to Make Luxury Coconut Apricot Wax Candles | Step-by-Step Tutorial,687.0,storyboard,31,247.64,255.63,7.99,https://youtu.be/HPD1k0lhDCU?t=248s,pour_wax,assemble,1,0.45,Pouring wax into a pitcher/jar.,"Pouring wax into a pitcher/jar. assemble phase, ~36% in, 4:07–4:15.",,0,,,,,,,1,,
HPD1k0lhDCU,https://www.youtube.com/watch?v=HPD1k0lhDCU,How to Make Luxury Coconut Apricot Wax Candles | Step-by-Step Tutorial,687.0,storyboard,35,279.59,287.58,7.99,https://youtu.be/HPD1k0lhDCU?t=280s,pour_wax,assemble,1,0.45,Pouring wax into a pitcher/jar.,"Pouring wax into a pitcher/jar. assemble phase, ~41% in, 4:39–4:47.",,0,,,,,,,1,,
HPD1k0lhDCU,https://www.youtube.com/watch?v=HPD1k0lhDCU,How to Make Luxury Coconut Apricot Wax Candles | Step-by-Step Tutorial,687.0,storyboard,39,311.55,319.53,7.98,https://youtu.be/HPD1k0lhDCU?t=312s,pour_wax,assemble,1,0.45,Pouring wax into a pitcher/jar.,"Pouring wax into a pitcher/jar. assemble phase, ~45% in, 5:11–5:19.",,0,,,,,,,1,,
HPD1k0lhDCU,https://www.youtube.com/watch?v=HPD1k0lhDCU,How to Make Luxury Coconut Apricot Wax Candles | Step-by-Step Tutorial,687.0,storyboard,43,343.5,351.49,7.99,https://youtu.be/HPD1k0lhDCU?t=344s,pour_wax,assemble,1,0.45,Pouring wax into a pitcher/jar.,"Pouring wax into a pitcher/jar. assemble phase, ~50% in, 5:43–5:51.",,0,,,,,,,1,,
HPD1k0lhDCU,https://www.youtube.com/watch?v=HPD1k0lhDCU,How to Make Luxury Coconut Apricot Wax Candles | Step-by-Step Tutorial,687.0,storyboard,47,375.45,383.44,7.99,https://youtu.be/HPD1k0lhDCU?t=375s,pour_wax,assemble,1,0.45,Pouring wax into a pitcher/jar.,"Pouring wax into a pitcher/jar. assemble phase, ~55% in, 6:15–6:23.",,0,,,,,,,1,,
HPD1k0lhDCU,https://www.youtube.com/watch?v=HPD1k0lhDCU,How to Make Luxury Coconut Apricot Wax Candles | Step-by-Step Tutorial,687.0,storyboard,48,383.44,391.43,7.99,https://youtu.be/HPD1k0lhDCU?t=383s,pour_wax,assemble,1,0.5,Pouring amber wax into the rows of jars.,"Pouring amber wax into the rows of jars. assemble phase, ~56% in, 6:23–6:31.",,0,,,,,,,1,,
HPD1k0lhDCU,https://www.youtube.com/watch?v=HPD1k0lhDCU,How to Make Luxury Coconut Apricot Wax Candles | Step-by-Step Tutorial,687.0,storyboard,49,391.43,399.42,7.99,https://youtu.be/HPD1k0lhDCU?t=391s,pour_wax,assemble,1,0.5,Pouring amber wax into the rows of jars.,"Pouring amber wax into the rows of jars. assemble phase, ~57% in, 6:31–6:39.",,0,,,,,,,1,,
HPD1k0lhDCU,https://www.youtube.com/watch?v=HPD1k0lhDCU,How to Make Luxury Coconut Apricot Wax Candles | Step-by-Step Tutorial,687.0,storyboard,50,399.42,407.41,7.99,https://youtu.be/HPD1k0lhDCU?t=399s,pour_wax,assemble,1,0.5,Pouring amber wax into the rows of jars.,"Pouring amber wax into the rows of jars. assemble phase, ~58% in, 6:39–6:47.",,0,,,,,,,1,,
HPD1k0lhDCU,https://www.youtube.com/watch?v=HPD1k0lhDCU,How to Make Luxury Coconut Apricot Wax Candles | Step-by-Step Tutorial,687.0,storyboard,51,407.41,415.4,7.99,https://youtu.be/HPD1k0lhDCU?t=407s,pour_wax,assemble,1,0.5,Pouring amber wax into the rows of jars.,"Pouring amber wax into the rows of jars. assemble phase, ~59% in, 6:47–6:55.",,0,,,,,,,1,,
HPD1k0lhDCU,https://www.youtube.com/watch?v=HPD1k0lhDCU,How to Make Luxury Coconut Apricot Wax Candles | Step-by-Step Tutorial,687.0,storyboard,52,415.4,423.38,7.98,https://youtu.be/HPD1k0lhDCU?t=415s,pour_wax,assemble,1,0.5,Pouring amber wax into the rows of jars.,"Pouring amber wax into the rows of jars. assemble phase, ~60% in, 6:55–7:03.",,0,,,,,,,1,,
HPD1k0lhDCU,https://www.youtube.com/watch?v=HPD1k0lhDCU,How to Make Luxury Coconut Apricot Wax Candles | Step-by-Step Tutorial,687.0,storyboard,53,423.38,431.37,7.99,https://youtu.be/HPD1k0lhDCU?t=423s,pour_wax,assemble,1,0.5,Pouring amber wax into the rows of jars.,"Pouring amber wax into the rows of jars. assemble phase, ~62% in, 7:03–7:11.",,0,,,,,,,1,,
HPD1k0lhDCU,https://www.youtube.com/watch?v=HPD1k0lhDCU,How to Make Luxury Coconut Apricot Wax Candles | Step-by-Step Tutorial,687.0,storyboard,54,431.37,439.36,7.99,https://youtu.be/HPD1k0lhDCU?t=431s,pour_wax,assemble,1,0.5,Pouring amber wax into the rows of jars.,"Pouring amber wax into the rows of jars. assemble phase, ~63% in, 7:11–7:19.",,0,,,,,,,1,,
HPD1k0lhDCU,https://www.youtube.com/watch?v=HPD1k0lhDCU,How to Make Luxury Coconut Apricot Wax Candles | Step-by-Step Tutorial,687.0,storyboard,55,439.36,447.35,7.99,https://youtu.be/HPD1k0lhDCU?t=439s,pour_wax,assemble,1,0.5,Pouring amber wax into the rows of jars.,"Pouring amber wax into the rows of jars. assemble phase, ~64% in, 7:19–7:27.",,0,,,,,,,1,,
HPD1k0lhDCU,https://www.youtube.com/watch?v=HPD1k0lhDCU,How to Make Luxury Coconut Apricot Wax Candles | Step-by-Step Tutorial,687.0,storyboard,56,447.35,455.34,7.99,https://youtu.be/HPD1k0lhDCU?t=447s,pour_wax,assemble,1,0.5,Pouring amber wax into the rows of jars.,"Pouring amber wax into the rows of jars. assemble phase, ~65% in, 7:27–7:35.",,0,,,,,,,1,,
HPD1k0lhDCU,https://www.youtube.com/watch?v=HPD1k0lhDCU,How to Make Luxury Coconut Apricot Wax Candles | Step-by-Step Tutorial,687.0,storyboard,57,455.34,463.33,7.99,https://youtu.be/HPD1k0lhDCU?t=455s,pour_wax,assemble,1,0.5,Pouring amber wax into the rows of jars.,"Pouring amber wax into the rows of jars. assemble phase, ~66% in, 7:35–7:43.",,0,,,,,,,1,,
HPD1k0lhDCU,https://www.youtube.com/watch?v=HPD1k0lhDCU,How to Make Luxury Coconut Apricot Wax Candles | Step-by-Step Tutorial,687.0,storyboard,58,463.33,471.31,7.98,https://youtu.be/HPD1k0lhDCU?t=463s,pour_wax,assemble,1,0.5,Pouring amber wax into the rows of jars.,"Pouring amber wax into the rows of jars. assemble phase, ~67% in, 7:43–7:51.",,0,,,,,,,1,,
HPD1k0lhDCU,https://www.youtube.com/watch?v=HPD1k0lhDCU,How to Make Luxury Coconut Apricot Wax Candles | Step-by-Step Tutorial,687.0,storyboard,59,471.31,479.3,7.99,https://youtu.be/HPD1k0lhDCU?t=471s,pour_wax,assemble,1,0.5,Pouring amber wax into the rows of jars.,"Pouring amber wax into the rows of jars. assemble phase, ~69% in, 7:51–7:59.",,0,,,,,,,1,,
HPD1k0lhDCU,https://www.youtube.com/watch?v=HPD1k0lhDCU,How to Make Luxury Coconut Apricot Wax Candles | Step-by-Step Tutorial,687.0,storyboard,60,479.3,487.29,7.99,https://youtu.be/HPD1k0lhDCU?t=479s,pour_wax,assemble,1,0.5,Pouring amber wax into the rows of jars.,"Pouring amber wax into the rows of jars. assemble phase, ~70% in, 7:59–8:07.",,0,,,,,,,1,,
HPD1k0lhDCU,https://www.youtube.com/watch?v=HPD1k0lhDCU,How to Make Luxury Coconut Apricot Wax Candles | Step-by-Step Tutorial,687.0,storyboard,61,487.29,495.28,7.99,https://youtu.be/HPD1k0lhDCU?t=487s,pour_wax,assemble,1,0.5,Pouring amber wax into the rows of jars.,"Pouring amber wax into the rows of jars. assemble phase, ~71% in, 8:07–8:15.",,0,,,,,,,1,,
HPD1k0lhDCU,https://www.youtube.com/watch?v=HPD1k0lhDCU,How to Make Luxury Coconut Apricot Wax Candles | Step-by-Step Tutorial,687.0,storyboard,62,495.28,503.27,7.99,https://youtu.be/HPD1k0lhDCU?t=495s,pour_wax,assemble,1,0.5,Pouring amber wax into the rows of jars.,"Pouring amber wax into the rows of jars. assemble phase, ~72% in, 8:15–8:23.",,0,,,,,,,1,,
HPD1k0lhDCU,https://www.youtube.com/watch?v=HPD1k0lhDCU,How to Make Luxury Coconut Apricot Wax Candles | Step-by-Step Tutorial,687.0,storyboard,63,503.27,511.26,7.99,https://youtu.be/HPD1k0lhDCU?t=503s,pour_wax,assemble,1,0.5,Pouring amber wax into the rows of jars.,"Pouring amber wax into the rows of jars. assemble phase, ~73% in, 8:23–8:31.",,0,,,,,,,1,,
HPD1k0lhDCU,https://www.youtube.com/watch?v=HPD1k0lhDCU,How to Make Luxury Coconut Apricot Wax Candles | Step-by-Step Tutorial,687.0,storyboard,64,511.26,519.24,7.98,https://youtu.be/HPD1k0lhDCU?t=511s,pour_wax,assemble,1,0.5,Pouring amber wax into the rows of jars.,"Pouring amber wax into the rows of jars. assemble phase, ~74% in, 8:31–8:39.",,0,,,,,,,1,,
HPD1k0lhDCU,https://www.youtube.com/watch?v=HPD1k0lhDCU,How to Make Luxury Coconut Apricot Wax Candles | Step-by-Step Tutorial,687.0,storyboard,65,519.24,527.23,7.99,https://youtu.be/HPD1k0lhDCU?t=519s,pour_wax,assemble,1,0.5,Pouring amber wax into the rows of jars.,"Pouring amber wax into the rows of jars. assemble phase, ~76% in, 8:39–8:47.",,0,,,,,,,1,,
HPD1k0lhDCU,https://www.youtube.com/watch?v=HPD1k0lhDCU,How to Make Luxury Coconut Apricot Wax Candles | Step-by-Step Tutorial,687.0,storyboard,66,527.23,535.22,7.99,https://youtu.be/HPD1k0lhDCU?t=527s,pour_wax,assemble,1,0.5,Pouring amber wax into the rows of jars.,"Pouring amber wax into the rows of jars. assemble phase, ~77% in, 8:47–8:55.",,0,,,,,,,1,,
HPD1k0lhDCU,https://www.youtube.com/watch?v=HPD1k0lhDCU,How to Make Luxury Coconut Apricot Wax Candles | Step-by-Step Tutorial,687.0,storyboard,67,535.22,543.21,7.99,https://youtu.be/HPD1k0lhDCU?t=535s,pour_wax,assemble,1,0.5,Pouring amber wax into the rows of jars.,"Pouring amber wax into the rows of jars. assemble phase, ~78% in, 8:55–9:03.",,0,,,,,,,1,,
HPD1k0lhDCU,https://www.youtube.com/watch?v=HPD1k0lhDCU,How to Make Luxury Coconut Apricot Wax Candles | Step-by-Step Tutorial,687.0,storyboard,68,543.21,551.2,7.99,https://youtu.be/HPD1k0lhDCU?t=543s,pour_wax,assemble,1,0.5,Pouring amber wax into the rows of jars.,"Pouring amber wax into the rows of jars. assemble phase, ~79% in, 9:03–9:11.",,0,,,,,,,1,,
HPD1k0lhDCU,https://www.youtube.com/watch?v=HPD1k0lhDCU,How to Make Luxury Coconut Apricot Wax Candles | Step-by-Step Tutorial,687.0,storyboard,69,551.2,559.19,7.99,https://youtu.be/HPD1k0lhDCU?t=551s,pour_wax,assemble,1,0.5,Pouring amber wax into the rows of jars.,"Pouring amber wax into the rows of jars. assemble phase, ~80% in, 9:11–9:19.",,0,,,,,,,1,,
HPD1k0lhDCU,https://www.youtube.com/watch?v=HPD1k0lhDCU,How to Make Luxury Coconut Apricot Wax Candles | Step-by-Step Tutorial,687.0,storyboard,70,559.19,567.17,7.98,https://youtu.be/HPD1k0lhDCU?t=559s,pour_wax,assemble,1,0.5,Pouring amber wax into the rows of jars.,"Pouring amber wax into the rows of jars. assemble phase, ~81% in, 9:19–9:27.",,0,,,,,,,1,,
HPD1k0lhDCU,https://www.youtube.com/watch?v=HPD1k0lhDCU,How to Make Luxury Coconut Apricot Wax Candles | Step-by-Step Tutorial,687.0,storyboard,71,567.17,575.16,7.99,https://youtu.be/HPD1k0lhDCU?t=567s,pour_wax,assemble,1,0.5,Pouring amber wax into the rows of jars.,"Pouring amber wax into the rows of jars. assemble phase, ~83% in, 9:27–9:35.",,0,,,,,,,1,,
HXX8_QF8jcE,https://www.youtube.com/watch?v=HXX8_QF8jcE,Gradient candle making full tutorial ( soy wax & beeswax ) DIY at home | handmade | craft | layer,160.0,storyboard,8,64.0,72.0,8.0,https://youtu.be/HXX8_QF8jcE?t=64s,pour_wax,assemble,1,0.5,Pouring wax into a glass; '1 colour in centre'.,"Pouring wax into a glass; '1 colour in centre'. assemble phase, ~40% in, 1:04–1:12.",,0,,,,,,,1,,
HXX8_QF8jcE,https://www.youtube.com/watch?v=HXX8_QF8jcE,Gradient candle making full tutorial ( soy wax & beeswax ) DIY at home | handmade | craft | layer,160.0,storyboard,9,72.0,80.0,8.0,https://youtu.be/HXX8_QF8jcE?t=72s,pour_wax,assemble,1,0.5,Pouring the next layer; '2 colours in centre'.,"Pouring the next layer; '2 colours in centre'. assemble phase, ~45% in, 1:12–1:20.",,0,,,,,,,1,,
HXX8_QF8jcE,https://www.youtube.com/watch?v=HXX8_QF8jcE,Gradient candle making full tutorial ( soy wax & beeswax ) DIY at home | handmade | craft | layer,160.0,storyboard,10,80.0,88.0,8.0,https://youtu.be/HXX8_QF8jcE?t=80s,pour_wax,assemble,1,0.45,Glass with gradient layers; pot.,"Glass with gradient layers; pot. assemble phase, ~50% in, 1:20–1:28.",,0,,,,,,,1,,
HXX8_QF8jcE,https://www.youtube.com/watch?v=HXX8_QF8jcE,Gradient candle making full tutorial ( soy wax & beeswax ) DIY at home | handmade | craft | layer,160.0,storyboard,14,112.0,120.0,8.0,https://youtu.be/HXX8_QF8jcE?t=112s,pour_wax,assemble,1,0.4,Pouring/finishing the gradient candle.,"Pouring/finishing the gradient candle. assemble phase, ~70% in, 1:52–2:00.",,0,,,,,,,1,,
Hir66vEC2MI,https://www.youtube.com/watch?v=Hir66vEC2MI,Learn How to Make Scented Soy Wax Candles for Beginners | CandleScience Guides,323.0,storyboard,26,209.95,218.02,8.07,https://youtu.be/Hir66vEC2MI?t=210s,pour_wax,assemble,1,0.45,"tin of liquid wax with wick, pour-temp note","tin of liquid wax with wick, pour-temp note. assemble phase, ~65% in, 3:29–3:38.",,0,,,,,,,1,,
J3yQxymkFak,https://www.youtube.com/watch?v=J3yQxymkFak,Simple dessert candle tutorial to make at home,386.0,storyboard,10,80.42,88.46,8.04,https://youtu.be/J3yQxymkFak?t=80s,pour_wax,assemble,1,0.45,Pouring wax into round moulds for dessert (macaron) candles.,"Pouring wax into round moulds for dessert (macaron) candles. assemble phase, ~21% in, 1:20–1:28.",,0,,,,,,,1,,
J3yQxymkFak,https://www.youtube.com/watch?v=J3yQxymkFak,Simple dessert candle tutorial to make at home,386.0,storyboard,11,88.46,96.5,8.04,https://youtu.be/J3yQxymkFak?t=88s,pour_wax,assemble,1,0.5,"On-screen text card (auto-detected: static frame, OCR text). Text reads: 'whe 7 SOME. al Vee rs eS Bias ks ee ea aay ee ee: ume Pa Lips oy Continue the same way an .rT'.","On-screen text card (auto-detected: static frame, OCR text). Text reads: 'whe 7 SOME. al Vee rs eS Bias ks ee ea aay ee ee: ume Pa Lips oy Continue the same way an .rT'. assemble phase, ~23% in, 1:28–1:36.",,0,,,,,,,1,,
J3yQxymkFak,https://www.youtube.com/watch?v=J3yQxymkFak,Simple dessert candle tutorial to make at home,386.0,storyboard,12,96.5,104.54,8.04,https://youtu.be/J3yQxymkFak?t=96s,pour_wax,assemble,1,0.45,Pouring wax into round moulds for dessert (macaron) candles.,"Pouring wax into round moulds for dessert (macaron) candles. assemble phase, ~25% in, 1:36–1:44.",,0,,,,,,,1,,
J3yQxymkFak,https://www.youtube.com/watch?v=J3yQxymkFak,Simple dessert candle tutorial to make at home,386.0,storyboard,13,104.54,112.58,8.04,https://youtu.be/J3yQxymkFak?t=105s,pour_wax,assemble,1,0.45,Pouring wax into round moulds for dessert (macaron) candles.,"Pouring wax into round moulds for dessert (macaron) candles. assemble phase, ~27% in, 1:44–1:52.",,0,,,,,,,1,,
J3yQxymkFak,https://www.youtube.com/watch?v=J3yQxymkFak,Simple dessert candle tutorial to make at home,386.0,storyboard,14,112.58,120.63,8.05,https://youtu.be/J3yQxymkFak?t=113s,pour_wax,assemble,1,0.5,"On-screen text card (auto-detected: static frame, OCR text). Text reads: 'en mess Wie Ng Hh Add the wax into the silicone moulds'.","On-screen text card (auto-detected: static frame, OCR text). Text reads: 'en mess Wie Ng Hh Add the wax into the silicone moulds'. assemble phase, ~29% in, 1:52–2:00.",,0,,,,,,,1,,
J3yQxymkFak,https://www.youtube.com/watch?v=J3yQxymkFak,Simple dessert candle tutorial to make at home,386.0,storyboard,15,120.63,128.67,8.04,https://youtu.be/J3yQxymkFak?t=121s,pour_wax,assemble,1,0.45,Pouring wax into round moulds for dessert (macaron) candles.,"Pouring wax into round moulds for dessert (macaron) candles. assemble phase, ~31% in, 2:00–2:08.",,0,,,,,,,1,,
J3yQxymkFak,https://www.youtube.com/watch?v=J3yQxymkFak,Simple dessert candle tutorial to make at home,386.0,storyboard,16,128.67,136.71,8.04,https://youtu.be/J3yQxymkFak?t=129s,pour_wax,assemble,1,0.45,Pouring wax into round moulds for dessert (macaron) candles.,"Pouring wax into round moulds for dessert (macaron) candles. assemble phase, ~33% in, 2:08–2:16.",,0,,,,,,,1,,
JCVDsEKxi5I,https://www.youtube.com/watch?v=JCVDsEKxi5I,Make Your First Candle with Our London Luxury Candle Making Starter Kit!,427.0,storyboard,17,136.96,145.02,8.06,https://youtu.be/JCVDsEKxi5I?t=137s,pour_wax,assemble,1,0.45,Pouring wax into a glass.,"Pouring wax into a glass. assemble phase, ~32% in, 2:16–2:25.",,0,,,,,,,1,,
JCVDsEKxi5I,https://www.youtube.com/watch?v=JCVDsEKxi5I,Make Your First Candle with Our London Luxury Candle Making Starter Kit!,427.0,storyboard,26,209.47,217.53,8.06,https://youtu.be/JCVDsEKxi5I?t=209s,pour_wax,assemble,1,0.5,Pouring wax into the glass.,"Pouring wax into the glass. assemble phase, ~49% in, 3:29–3:37.",,0,,,,,,,1,,
JCVDsEKxi5I,https://www.youtube.com/watch?v=JCVDsEKxi5I,Make Your First Candle with Our London Luxury Candle Making Starter Kit!,427.0,storyboard,30,241.7,249.75,8.05,https://youtu.be/JCVDsEKxi5I?t=242s,pour_wax,assemble,1,0.5,Pouring wax into the glass.,"Pouring wax into the glass. assemble phase, ~57% in, 4:01–4:09.",,0,,,,,,,1,,
JCVDsEKxi5I,https://www.youtube.com/watch?v=JCVDsEKxi5I,Make Your First Candle with Our London Luxury Candle Making Starter Kit!,427.0,storyboard,31,249.75,257.81,8.06,https://youtu.be/JCVDsEKxi5I?t=250s,pour_wax,assemble,1,0.6,Host talks to camera (first-candle kit).,"Host talks to camera (first-candle kit). Pouring the melted wax from the pitcher into the prepared container. assemble phase, ~58% in, 4:09–4:17.",,0,,,,,,,1,,
JCVDsEKxi5I,https://www.youtube.com/watch?v=JCVDsEKxi5I,Make Your First Candle with Our London Luxury Candle Making Starter Kit!,427.0,storyboard,32,257.81,265.87,8.06,https://youtu.be/JCVDsEKxi5I?t=258s,pour_wax,assemble,1,0.5,Pouring wax into the glass.,"Pouring wax into the glass. assemble phase, ~60% in, 4:17–4:25.",,0,,,,,,,1,,
JCVDsEKxi5I,https://www.youtube.com/watch?v=JCVDsEKxi5I,Make Your First Candle with Our London Luxury Candle Making Starter Kit!,427.0,storyboard,36,290.04,298.09,8.05,https://youtu.be/JCVDsEKxi5I?t=290s,pour_wax,assemble,1,0.5,Pouring wax into the glass.,"Pouring wax into the glass. assemble phase, ~68% in, 4:50–4:58.",,0,,,,,,,1,,
JCVDsEKxi5I,https://www.youtube.com/watch?v=JCVDsEKxi5I,Make Your First Candle with Our London Luxury Candle Making Starter Kit!,427.0,storyboard,37,298.09,306.15,8.06,https://youtu.be/JCVDsEKxi5I?t=298s,pour_wax,assemble,1,0.5,Pouring wax into the glass.,"Pouring wax into the glass. assemble phase, ~70% in, 4:58–5:06.",,0,,,,,,,1,,
JCVDsEKxi5I,https://www.youtube.com/watch?v=JCVDsEKxi5I,Make Your First Candle with Our London Luxury Candle Making Starter Kit!,427.0,storyboard,40,322.26,330.32,8.06,https://youtu.be/JCVDsEKxi5I?t=322s,pour_wax,assemble,1,0.5,Pouring wax into the glass.,"Pouring wax into the glass. assemble phase, ~75% in, 5:22–5:30.",,0,,,,,,,1,,
JCVDsEKxi5I,https://www.youtube.com/watch?v=JCVDsEKxi5I,Make Your First Candle with Our London Luxury Candle Making Starter Kit!,427.0,storyboard,41,330.32,338.38,8.06,https://youtu.be/JCVDsEKxi5I?t=330s,pour_wax,assemble,1,0.6,Host talks to camera (first-candle kit).,"Host talks to camera (first-candle kit). Pouring the melted wax from the pitcher into the prepared container. assemble phase, ~77% in, 5:30–5:38.",,0,,,,,,,1,,
JCVDsEKxi5I,https://www.youtube.com/watch?v=JCVDsEKxi5I,Make Your First Candle with Our London Luxury Candle Making Starter Kit!,427.0,storyboard,42,338.38,346.43,8.05,https://youtu.be/JCVDsEKxi5I?t=338s,pour_wax,assemble,1,0.5,Pouring wax into the glass.,"Pouring wax into the glass. assemble phase, ~79% in, 5:38–5:46.",,0,,,,,,,1,,
JCVDsEKxi5I,https://www.youtube.com/watch?v=JCVDsEKxi5I,Make Your First Candle with Our London Luxury Candle Making Starter Kit!,427.0,storyboard,43,346.43,354.49,8.06,https://youtu.be/JCVDsEKxi5I?t=346s,pour_wax,assemble,1,0.5,Melting wax in the melter.,"Melting wax in the melter. assemble phase, ~81% in, 5:46–5:54.",,0,,,,,,,1,,
JCVDsEKxi5I,https://www.youtube.com/watch?v=JCVDsEKxi5I,Make Your First Candle with Our London Luxury Candle Making Starter Kit!,427.0,storyboard,44,354.49,362.55,8.06,https://youtu.be/JCVDsEKxi5I?t=354s,pour_wax,assemble,1,0.5,Pouring wax into the glass.,"Pouring wax into the glass. assemble phase, ~83% in, 5:54–6:02.",,0,,,,,,,1,,
JCVDsEKxi5I,https://www.youtube.com/watch?v=JCVDsEKxi5I,Make Your First Candle with Our London Luxury Candle Making Starter Kit!,427.0,storyboard,47,378.66,386.72,8.06,https://youtu.be/JCVDsEKxi5I?t=379s,pour_wax,assemble,1,0.5,Pouring wax into the glass.,"Pouring wax into the glass. assemble phase, ~89% in, 6:18–6:26.",,0,,,,,,,1,,
Jg1nhsDBtsQ,https://www.youtube.com/watch?v=Jg1nhsDBtsQ,Dollar Tree Candle Hacks That Will SHOCK You (2024) Krafts by Katelyn,665.0,storyboard,50,400.6,408.61,8.01,https://youtu.be/Jg1nhsDBtsQ?t=401s,pour_wax,assemble,1,0.5,Pouring wax into the vessel.,"Pouring wax into the vessel. assemble phase, ~60% in, 6:40–6:48.",,0,,,,,,,1,,
Jg1nhsDBtsQ,https://www.youtube.com/watch?v=Jg1nhsDBtsQ,Dollar Tree Candle Hacks That Will SHOCK You (2024) Krafts by Katelyn,665.0,storyboard,54,432.65,440.66,8.01,https://youtu.be/Jg1nhsDBtsQ?t=433s,pour_wax,assemble,1,0.5,Pouring wax into the vessel.,"Pouring wax into the vessel. assemble phase, ~65% in, 7:12–7:20.",,0,,,,,,,1,,
JiisPUkcnSs,https://www.youtube.com/watch?v=JiisPUkcnSs,Satisfying Process of Mass Producing Candles. Korean Candle Factory,796.0,storyboard,1,7.96,15.92,7.96,https://youtu.be/JiisPUkcnSs?t=8s,pour_wax,assemble,1,0.4,Wax fed into the moulding machine.,"Wax fed into the moulding machine. assemble phase, ~1% in, 0:07–0:15.",,0,,,,,,,1,,
JiisPUkcnSs,https://www.youtube.com/watch?v=JiisPUkcnSs,Satisfying Process of Mass Producing Candles. Korean Candle Factory,796.0,storyboard,5,39.8,47.76,7.96,https://youtu.be/JiisPUkcnSs?t=40s,pour_wax,assemble,1,0.4,Wax fed into the moulding machine.,"Wax fed into the moulding machine. assemble phase, ~5% in, 0:39–0:47.",,0,,,,,,,1,,
JiisPUkcnSs,https://www.youtube.com/watch?v=JiisPUkcnSs,Satisfying Process of Mass Producing Candles. Korean Candle Factory,796.0,storyboard,9,71.64,79.6,7.96,https://youtu.be/JiisPUkcnSs?t=72s,pour_wax,assemble,1,0.4,Wax fed into the moulding machine.,"Wax fed into the moulding machine. assemble phase, ~9% in, 1:11–1:19.",,0,,,,,,,1,,
JiisPUkcnSs,https://www.youtube.com/watch?v=JiisPUkcnSs,Satisfying Process of Mass Producing Candles. Korean Candle Factory,796.0,storyboard,13,103.48,111.44,7.96,https://youtu.be/JiisPUkcnSs?t=103s,pour_wax,assemble,1,0.4,Wax fed into the moulding machine.,"Wax fed into the moulding machine. assemble phase, ~13% in, 1:43–1:51.",,0,,,,,,,1,,
JiisPUkcnSs,https://www.youtube.com/watch?v=JiisPUkcnSs,Satisfying Process of Mass Producing Candles. Korean Candle Factory,796.0,storyboard,17,135.32,143.28,7.96,https://youtu.be/JiisPUkcnSs?t=135s,pour_wax,assemble,1,0.4,Wax fed into the moulding machine.,"Wax fed into the moulding machine. assemble phase, ~17% in, 2:15–2:23.",,0,,,,,,,1,,
JiisPUkcnSs,https://www.youtube.com/watch?v=JiisPUkcnSs,Satisfying Process of Mass Producing Candles. Korean Candle Factory,796.0,storyboard,21,167.16,175.12,7.96,https://youtu.be/JiisPUkcnSs?t=167s,pour_wax,assemble,1,0.4,Wax fed into the moulding machine.,"Wax fed into the moulding machine. assemble phase, ~21% in, 2:47–2:55.",,0,,,,,,,1,,
JiisPUkcnSs,https://www.youtube.com/watch?v=JiisPUkcnSs,Satisfying Process of Mass Producing Candles. Korean Candle Factory,796.0,storyboard,26,206.96,214.92,7.96,https://youtu.be/JiisPUkcnSs?t=207s,pour_wax,assemble,1,0.45,Factory: wax fed into the moulding line.,"Factory: wax fed into the moulding line. assemble phase, ~26% in, 3:26–3:34.",,0,,,,,,,1,,
JiisPUkcnSs,https://www.youtube.com/watch?v=JiisPUkcnSs,Satisfying Process of Mass Producing Candles. Korean Candle Factory,796.0,storyboard,27,214.92,222.88,7.96,https://youtu.be/JiisPUkcnSs?t=215s,pour_wax,assemble,1,0.45,Factory: wax fed into the moulding line.,"Factory: wax fed into the moulding line. assemble phase, ~27% in, 3:34–3:42.",,0,,,,,,,1,,
JiisPUkcnSs,https://www.youtube.com/watch?v=JiisPUkcnSs,Satisfying Process of Mass Producing Candles. Korean Candle Factory,796.0,storyboard,30,238.8,246.76,7.96,https://youtu.be/JiisPUkcnSs?t=239s,pour_wax,assemble,1,0.45,Factory: wax fed into the moulding line.,"Factory: wax fed into the moulding line. assemble phase, ~30% in, 3:58–4:06.",,0,,,,,,,1,,
JiisPUkcnSs,https://www.youtube.com/watch?v=JiisPUkcnSs,Satisfying Process of Mass Producing Candles. Korean Candle Factory,796.0,storyboard,35,278.6,286.56,7.96,https://youtu.be/JiisPUkcnSs?t=279s,pour_wax,assemble,1,0.45,Factory: wax fed into the moulding line.,"Factory: wax fed into the moulding line. assemble phase, ~35% in, 4:38–4:46.",,0,,,,,,,1,,
JiisPUkcnSs,https://www.youtube.com/watch?v=JiisPUkcnSs,Satisfying Process of Mass Producing Candles. Korean Candle Factory,796.0,storyboard,38,302.48,310.44,7.96,https://youtu.be/JiisPUkcnSs?t=302s,pour_wax,assemble,1,0.45,Factory: wax fed into the moulding line.,"Factory: wax fed into the moulding line. assemble phase, ~38% in, 5:02–5:10.",,0,,,,,,,1,,
JiisPUkcnSs,https://www.youtube.com/watch?v=JiisPUkcnSs,Satisfying Process of Mass Producing Candles. Korean Candle Factory,796.0,storyboard,43,342.28,350.24,7.96,https://youtu.be/JiisPUkcnSs?t=342s,pour_wax,assemble,1,0.45,Factory: wax fed into the moulding line.,"Factory: wax fed into the moulding line. assemble phase, ~43% in, 5:42–5:50.",,0,,,,,,,1,,
JiisPUkcnSs,https://www.youtube.com/watch?v=JiisPUkcnSs,Satisfying Process of Mass Producing Candles. Korean Candle Factory,796.0,storyboard,48,382.08,390.04,7.96,https://youtu.be/JiisPUkcnSs?t=382s,pour_wax,assemble,1,0.45,Factory: wax fed into the moulding line.,"Factory: wax fed into the moulding line. assemble phase, ~48% in, 6:22–6:30.",,0,,,,,,,1,,
JxJVzdPJexE,https://www.youtube.com/watch?v=JxJVzdPJexE,Amazing Process of Making Hand Carved Candles,721.0,storyboard,4,32.04,40.06,8.02,https://youtu.be/JxJVzdPJexE?t=32s,pour_wax,assemble,1,0.45,Dipping the candle core into coloured wax baths to build rainbow layers.,"Dipping the candle core into coloured wax baths to build rainbow layers. assemble phase, ~4% in, 0:32–0:40.",,0,,,,,,,1,,
JxJVzdPJexE,https://www.youtube.com/watch?v=JxJVzdPJexE,Amazing Process of Making Hand Carved Candles,721.0,storyboard,5,40.06,48.07,8.01,https://youtu.be/JxJVzdPJexE?t=40s,pour_wax,assemble,1,0.45,Dipping the candle core into coloured wax baths to build rainbow layers.,"Dipping the candle core into coloured wax baths to build rainbow layers. assemble phase, ~6% in, 0:40–0:48.",,0,,,,,,,1,,
JxJVzdPJexE,https://www.youtube.com/watch?v=JxJVzdPJexE,Amazing Process of Making Hand Carved Candles,721.0,storyboard,6,48.07,56.08,8.01,https://youtu.be/JxJVzdPJexE?t=48s,pour_wax,assemble,1,0.45,Dipping the candle core into coloured wax baths to build rainbow layers.,"Dipping the candle core into coloured wax baths to build rainbow layers. assemble phase, ~7% in, 0:48–0:56.",,0,,,,,,,1,,
JxJVzdPJexE,https://www.youtube.com/watch?v=JxJVzdPJexE,Amazing Process of Making Hand Carved Candles,721.0,storyboard,7,56.08,64.09,8.01,https://youtu.be/JxJVzdPJexE?t=56s,pour_wax,assemble,1,0.45,Dipping the candle core into coloured wax baths to build rainbow layers.,"Dipping the candle core into coloured wax baths to build rainbow layers. assemble phase, ~8% in, 0:56–1:04.",,0,,,,,,,1,,
JxJVzdPJexE,https://www.youtube.com/watch?v=JxJVzdPJexE,Amazing Process of Making Hand Carved Candles,721.0,storyboard,8,64.09,72.1,8.01,https://youtu.be/JxJVzdPJexE?t=64s,pour_wax,assemble,1,0.45,Dipping the candle core into coloured wax baths to build rainbow layers.,"Dipping the candle core into coloured wax baths to build rainbow layers. assemble phase, ~9% in, 1:04–1:12.",,0,,,,,,,1,,
JxJVzdPJexE,https://www.youtube.com/watch?v=JxJVzdPJexE,Amazing Process of Making Hand Carved Candles,721.0,storyboard,9,72.1,80.11,8.01,https://youtu.be/JxJVzdPJexE?t=72s,pour_wax,assemble,1,0.45,Dipping the candle core into coloured wax baths to build rainbow layers.,"Dipping the candle core into coloured wax baths to build rainbow layers. assemble phase, ~10% in, 1:12–1:20.",,0,,,,,,,1,,
JxJVzdPJexE,https://www.youtube.com/watch?v=JxJVzdPJexE,Amazing Process of Making Hand Carved Candles,721.0,storyboard,10,80.11,88.12,8.01,https://youtu.be/JxJVzdPJexE?t=80s,pour_wax,assemble,1,0.45,Dipping the candle core into coloured wax baths to build rainbow layers.,"Dipping the candle core into coloured wax baths to build rainbow layers. assemble phase, ~11% in, 1:20–1:28.",,0,,,,,,,1,,
JxJVzdPJexE,https://www.youtube.com/watch?v=JxJVzdPJexE,Amazing Process of Making Hand Carved Candles,721.0,storyboard,11,88.12,96.13,8.01,https://youtu.be/JxJVzdPJexE?t=88s,pour_wax,assemble,1,0.45,Dipping the candle core into coloured wax baths to build rainbow layers.,"Dipping the candle core into coloured wax baths to build rainbow layers. assemble phase, ~12% in, 1:28–1:36.",,0,,,,,,,1,,
JxJVzdPJexE,https://www.youtube.com/watch?v=JxJVzdPJexE,Amazing Process of Making Hand Carved Candles,721.0,storyboard,12,96.13,104.14,8.01,https://youtu.be/JxJVzdPJexE?t=96s,pour_wax,assemble,1,0.45,Dipping the candle core into coloured wax baths to build rainbow layers.,"Dipping the candle core into coloured wax baths to build rainbow layers. assemble phase, ~13% in, 1:36–1:44.",,0,,,,,,,1,,
JxJVzdPJexE,https://www.youtube.com/watch?v=JxJVzdPJexE,Amazing Process of Making Hand Carved Candles,721.0,storyboard,13,104.14,112.16,8.02,https://youtu.be/JxJVzdPJexE?t=104s,pour_wax,assemble,1,0.45,Dipping the candle core into coloured wax baths to build rainbow layers.,"Dipping the candle core into coloured wax baths to build rainbow layers. assemble phase, ~14% in, 1:44–1:52.",,0,,,,,,,1,,
JxJVzdPJexE,https://www.youtube.com/watch?v=JxJVzdPJexE,Amazing Process of Making Hand Carved Candles,721.0,storyboard,14,112.16,120.17,8.01,https://youtu.be/JxJVzdPJexE?t=112s,pour_wax,assemble,1,0.45,Dipping the candle core into coloured wax baths to build rainbow layers.,"Dipping the candle core into coloured wax baths to build rainbow layers. assemble phase, ~16% in, 1:52–2:00.",,0,,,,,,,1,,
JxJVzdPJexE,https://www.youtube.com/watch?v=JxJVzdPJexE,Amazing Process of Making Hand Carved Candles,721.0,storyboard,15,120.17,128.18,8.01,https://youtu.be/JxJVzdPJexE?t=120s,pour_wax,assemble,1,0.45,Dipping the candle core into coloured wax baths to build rainbow layers.,"Dipping the candle core into coloured wax baths to build rainbow layers. assemble phase, ~17% in, 2:00–2:08.",,0,,,,,,,1,,
JxJVzdPJexE,https://www.youtube.com/watch?v=JxJVzdPJexE,Amazing Process of Making Hand Carved Candles,721.0,storyboard,16,128.18,136.19,8.01,https://youtu.be/JxJVzdPJexE?t=128s,pour_wax,assemble,1,0.45,Dipping the candle core into coloured wax baths to build rainbow layers.,"Dipping the candle core into coloured wax baths to build rainbow layers. assemble phase, ~18% in, 2:08–2:16.",,0,,,,,,,1,,
JxJVzdPJexE,https://www.youtube.com/watch?v=JxJVzdPJexE,Amazing Process of Making Hand Carved Candles,721.0,storyboard,17,136.19,144.2,8.01,https://youtu.be/JxJVzdPJexE?t=136s,pour_wax,assemble,1,0.45,Dipping the candle core into coloured wax baths to build rainbow layers.,"Dipping the candle core into coloured wax baths to build rainbow layers. assemble phase, ~19% in, 2:16–2:24.",,0,,,,,,,1,,
JxJVzdPJexE,https://www.youtube.com/watch?v=JxJVzdPJexE,Amazing Process of Making Hand Carved Candles,721.0,storyboard,18,144.2,152.21,8.01,https://youtu.be/JxJVzdPJexE?t=144s,pour_wax,assemble,1,0.45,Dipping the candle core into coloured wax baths to build rainbow layers.,"Dipping the candle core into coloured wax baths to build rainbow layers. assemble phase, ~20% in, 2:24–2:32.",,0,,,,,,,1,,
JxJVzdPJexE,https://www.youtube.com/watch?v=JxJVzdPJexE,Amazing Process of Making Hand Carved Candles,721.0,storyboard,19,152.21,160.22,8.01,https://youtu.be/JxJVzdPJexE?t=152s,pour_wax,assemble,1,0.45,Dipping the candle core into coloured wax baths to build rainbow layers.,"Dipping the candle core into coloured wax baths to build rainbow layers. assemble phase, ~21% in, 2:32–2:40.",,0,,,,,,,1,,
JxJVzdPJexE,https://www.youtube.com/watch?v=JxJVzdPJexE,Amazing Process of Making Hand Carved Candles,721.0,storyboard,20,160.22,168.23,8.01,https://youtu.be/JxJVzdPJexE?t=160s,pour_wax,assemble,1,0.45,Dipping the candle core into coloured wax baths to build rainbow layers.,"Dipping the candle core into coloured wax baths to build rainbow layers. assemble phase, ~22% in, 2:40–2:48.",,0,,,,,,,1,,
JxJVzdPJexE,https://www.youtube.com/watch?v=JxJVzdPJexE,Amazing Process of Making Hand Carved Candles,721.0,storyboard,21,168.23,176.24,8.01,https://youtu.be/JxJVzdPJexE?t=168s,pour_wax,assemble,1,0.45,Dipping the candle core into coloured wax baths to build rainbow layers.,"Dipping the candle core into coloured wax baths to build rainbow layers. assemble phase, ~23% in, 2:48–2:56.",,0,,,,,,,1,,
JxJVzdPJexE,https://www.youtube.com/watch?v=JxJVzdPJexE,Amazing Process of Making Hand Carved Candles,721.0,storyboard,22,176.24,184.26,8.02,https://youtu.be/JxJVzdPJexE?t=176s,pour_wax,assemble,1,0.45,Dipping the candle core into coloured wax baths to build rainbow layers.,"Dipping the candle core into coloured wax baths to build rainbow layers. assemble phase, ~24% in, 2:56–3:04.",,0,,,,,,,1,,
JxJVzdPJexE,https://www.youtube.com/watch?v=JxJVzdPJexE,Amazing Process of Making Hand Carved Candles,721.0,storyboard,23,184.26,192.27,8.01,https://youtu.be/JxJVzdPJexE?t=184s,pour_wax,assemble,1,0.45,Dipping the candle core into coloured wax baths to build rainbow layers.,"Dipping the candle core into coloured wax baths to build rainbow layers. assemble phase, ~26% in, 3:04–3:12.",,0,,,,,,,1,,
JxJVzdPJexE,https://www.youtube.com/watch?v=JxJVzdPJexE,Amazing Process of Making Hand Carved Candles,721.0,storyboard,24,192.27,200.28,8.01,https://youtu.be/JxJVzdPJexE?t=192s,pour_wax,assemble,1,0.45,Dipping the candle core into coloured wax baths to build rainbow layers.,"Dipping the candle core into coloured wax baths to build rainbow layers. assemble phase, ~27% in, 3:12–3:20.",,0,,,,,,,1,,
JxJVzdPJexE,https://www.youtube.com/watch?v=JxJVzdPJexE,Amazing Process of Making Hand Carved Candles,721.0,storyboard,25,200.28,208.29,8.01,https://youtu.be/JxJVzdPJexE?t=200s,pour_wax,assemble,1,0.45,Dipping the candle core into coloured wax baths to build rainbow layers.,"Dipping the candle core into coloured wax baths to build rainbow layers. assemble phase, ~28% in, 3:20–3:28.",,0,,,,,,,1,,
JxJVzdPJexE,https://www.youtube.com/watch?v=JxJVzdPJexE,Amazing Process of Making Hand Carved Candles,721.0,storyboard,26,208.29,216.3,8.01,https://youtu.be/JxJVzdPJexE?t=208s,pour_wax,assemble,1,0.45,Dipping the candle core into coloured wax baths to build rainbow layers.,"Dipping the candle core into coloured wax baths to build rainbow layers. assemble phase, ~29% in, 3:28–3:36.",,0,,,,,,,1,,
JxJVzdPJexE,https://www.youtube.com/watch?v=JxJVzdPJexE,Amazing Process of Making Hand Carved Candles,721.0,storyboard,27,216.3,224.31,8.01,https://youtu.be/JxJVzdPJexE?t=216s,pour_wax,assemble,1,0.45,Dipping the candle core into coloured wax baths to build rainbow layers.,"Dipping the candle core into coloured wax baths to build rainbow layers. assemble phase, ~30% in, 3:36–3:44.",,0,,,,,,,1,,
JxJVzdPJexE,https://www.youtube.com/watch?v=JxJVzdPJexE,Amazing Process of Making Hand Carved Candles,721.0,storyboard,28,224.31,232.32,8.01,https://youtu.be/JxJVzdPJexE?t=224s,pour_wax,assemble,1,0.45,Dipping the candle core into coloured wax baths to build rainbow layers.,"Dipping the candle core into coloured wax baths to build rainbow layers. assemble phase, ~31% in, 3:44–3:52.",,0,,,,,,,1,,
JxJVzdPJexE,https://www.youtube.com/watch?v=JxJVzdPJexE,Amazing Process of Making Hand Carved Candles,721.0,storyboard,29,232.32,240.33,8.01,https://youtu.be/JxJVzdPJexE?t=232s,pour_wax,assemble,1,0.45,Dipping the candle core into coloured wax baths to build rainbow layers.,"Dipping the candle core into coloured wax baths to build rainbow layers. assemble phase, ~32% in, 3:52–4:00.",,0,,,,,,,1,,
JxJVzdPJexE,https://www.youtube.com/watch?v=JxJVzdPJexE,Amazing Process of Making Hand Carved Candles,721.0,storyboard,30,240.33,248.34,8.01,https://youtu.be/JxJVzdPJexE?t=240s,pour_wax,assemble,1,0.45,Dipping the candle core into coloured wax baths to build rainbow layers.,"Dipping the candle core into coloured wax baths to build rainbow layers. assemble phase, ~33% in, 4:00–4:08.",,0,,,,,,,1,,
JxJVzdPJexE,https://www.youtube.com/watch?v=JxJVzdPJexE,Amazing Process of Making Hand Carved Candles,721.0,storyboard,31,248.34,256.36,8.02,https://youtu.be/JxJVzdPJexE?t=248s,pour_wax,assemble,1,0.45,Dipping the candle core into coloured wax baths to build rainbow layers.,"Dipping the candle core into coloured wax baths to build rainbow layers. assemble phase, ~34% in, 4:08–4:16.",,0,,,,,,,1,,
K7UxM5B0FdM,https://www.youtube.com/watch?v=K7UxM5B0FdM,Making Scented Candles using Coconut Soy Wax | DIY Candle-making | Direct Candle Supply,264.0,storyboard,23,184.0,192.0,8.0,https://youtu.be/K7UxM5B0FdM?t=184s,pour_wax,assemble,1,0.55,Molten wax poured from the pot.,"Molten wax poured from the pot. assemble phase, ~70% in, 3:04–3:12.",,0,,,,,,,1,,
K7UxM5B0FdM,https://www.youtube.com/watch?v=K7UxM5B0FdM,Making Scented Candles using Coconut Soy Wax | DIY Candle-making | Direct Candle Supply,264.0,storyboard,24,192.0,200.0,8.0,https://youtu.be/K7UxM5B0FdM?t=192s,pour_wax,assemble,1,0.5,Host with pots; hands at the bench with cups.,"Host with pots; hands at the bench with cups. assemble phase, ~73% in, 3:12–3:20.",,0,,,,,,,1,,
K7UxM5B0FdM,https://www.youtube.com/watch?v=K7UxM5B0FdM,Making Scented Candles using Coconut Soy Wax | DIY Candle-making | Direct Candle Supply,264.0,storyboard,25,200.0,208.0,8.0,https://youtu.be/K7UxM5B0FdM?t=200s,pour_wax,assemble,1,0.55,Wax poured into a cup on the board.,"Wax poured into a cup on the board. assemble phase, ~76% in, 3:20–3:28.",,0,,,,,,,1,,
Kgf2Nhmi_IU,https://www.youtube.com/watch?v=Kgf2Nhmi_IU,How to use TOAUTO 1.5L Handheld Wax Melting Kit to Make Christmas Candles? Beginners Candle Making,85.0,storyboard,5,38.64,46.36,7.72,https://youtu.be/Kgf2Nhmi_IU?t=39s,pour_wax,assemble,1,0.55,Ladling melted wax into a cup; a scale and moulds alongside.,"Ladling melted wax into a cup; a scale and moulds alongside. assemble phase, ~45% in, 0:38–0:46.",,0,,,,,,,1,,
Kgf2Nhmi_IU,https://www.youtube.com/watch?v=Kgf2Nhmi_IU,How to use TOAUTO 1.5L Handheld Wax Melting Kit to Make Christmas Candles? Beginners Candle Making,85.0,storyboard,6,46.36,54.09,7.73,https://youtu.be/Kgf2Nhmi_IU?t=46s,pour_wax,assemble,1,0.55,Pouring red-tinted wax into a ball mould; blue dye nearby.,"Pouring red-tinted wax into a ball mould; blue dye nearby. assemble phase, ~55% in, 0:46–0:54.",,0,,,,,,,1,,
Kgf2Nhmi_IU,https://www.youtube.com/watch?v=Kgf2Nhmi_IU,How to use TOAUTO 1.5L Handheld Wax Melting Kit to Make Christmas Candles? Beginners Candle Making,85.0,storyboard,7,54.09,61.82,7.73,https://youtu.be/Kgf2Nhmi_IU?t=54s,pour_wax,assemble,1,0.55,Pouring wax into a blue ball mould; a heat gun in use.,"Pouring wax into a blue ball mould; a heat gun in use. assemble phase, ~64% in, 0:54–1:01.",,0,,,,,,,1,,
Ktz5Q9udtXY,https://www.youtube.com/watch?v=Ktz5Q9udtXY,How to Make Essential Oil Candles | DIY Candle Making Tutorial,316.0,storyboard,16,126.4,134.3,7.9,https://youtu.be/Ktz5Q9udtXY?t=126s,pour_wax,assemble,1,0.6,Amber wax poured into a copper tin.,"Amber wax poured into a copper tin. assemble phase, ~40% in, 2:06–2:14.",,0,,,,,,,1,,
Ktz5Q9udtXY,https://www.youtube.com/watch?v=Ktz5Q9udtXY,How to Make Essential Oil Candles | DIY Candle Making Tutorial,316.0,storyboard,17,134.3,142.2,7.9,https://youtu.be/Ktz5Q9udtXY?t=134s,pour_wax,assemble,1,0.6,Pouring wax into the copper tins.,"Pouring wax into the copper tins. assemble phase, ~43% in, 2:14–2:22.",,0,,,,,,,1,,
Ktz5Q9udtXY,https://www.youtube.com/watch?v=Ktz5Q9udtXY,How to Make Essential Oil Candles | DIY Candle Making Tutorial,316.0,storyboard,18,142.2,150.1,7.9,https://youtu.be/Ktz5Q9udtXY?t=142s,pour_wax,assemble,1,0.55,Copper tins filled with amber wax around the wooden wicks.,"Copper tins filled with amber wax around the wooden wicks. assemble phase, ~45% in, 2:22–2:30. Terminology: sinkhole.",,0,,,,,,,1,,
Ktz5Q9udtXY,https://www.youtube.com/watch?v=Ktz5Q9udtXY,How to Make Essential Oil Candles | DIY Candle Making Tutorial,316.0,storyboard,22,173.8,181.7,7.9,https://youtu.be/Ktz5Q9udtXY?t=174s,pour_wax,assemble,1,0.5,Topping up the copper tins with wax.,"Topping up the copper tins with wax. assemble phase, ~55% in, 2:53–3:01.",,0,,,,,,,1,,
Ktz5Q9udtXY,https://www.youtube.com/watch?v=Ktz5Q9udtXY,How to Make Essential Oil Candles | DIY Candle Making Tutorial,316.0,storyboard,23,181.7,189.6,7.9,https://youtu.be/Ktz5Q9udtXY?t=182s,pour_wax,assemble,1,0.45,Copper tins of amber wax setting.,"Copper tins of amber wax setting. assemble phase, ~58% in, 3:01–3:09.",,0,,,,,,,1,,
Ktz5Q9udtXY,https://www.youtube.com/watch?v=Ktz5Q9udtXY,How to Make Essential Oil Candles | DIY Candle Making Tutorial,316.0,storyboard,24,189.6,197.5,7.9,https://youtu.be/Ktz5Q9udtXY?t=190s,pour_wax,assemble,1,0.55,Copper tins on a tray; pouring continues.,"Copper tins on a tray; pouring continues. assemble phase, ~60% in, 3:09–3:17.",,0,,,,,,,1,,
Ktz5Q9udtXY,https://www.youtube.com/watch?v=Ktz5Q9udtXY,How to Make Essential Oil Candles | DIY Candle Making Tutorial,316.0,storyboard,25,197.5,205.4,7.9,https://youtu.be/Ktz5Q9udtXY?t=198s,pour_wax,assemble,1,0.55,Amber wax poured into the copper tins.,"Amber wax poured into the copper tins. assemble phase, ~62% in, 3:17–3:25.",,0,,,,,,,1,,
Ktz5Q9udtXY,https://www.youtube.com/watch?v=Ktz5Q9udtXY,How to Make Essential Oil Candles | DIY Candle Making Tutorial,316.0,storyboard,26,205.4,213.3,7.9,https://youtu.be/Ktz5Q9udtXY?t=205s,pour_wax,assemble,1,0.5,Filling the tins; caption 'STEP 6'.,"Filling the tins; caption 'STEP 6'. assemble phase, ~65% in, 3:25–3:33.",,0,,,,,,,1,,
Ktz5Q9udtXY,https://www.youtube.com/watch?v=Ktz5Q9udtXY,How to Make Essential Oil Candles | DIY Candle Making Tutorial,316.0,storyboard,27,213.3,221.2,7.9,https://youtu.be/Ktz5Q9udtXY?t=213s,pour_wax,assemble,1,0.5,Pouring into the copper tins.,"Pouring into the copper tins. assemble phase, ~68% in, 3:33–3:41.",,0,,,,,,,1,,
LN1wnj9UClo,https://www.youtube.com/watch?v=LN1wnj9UClo,Satisfying process of candle making ✨🕯#candlebusiness #scentedcandles #soywaxcandle,221.0,storyboard,4,31.57,39.46,7.89,https://youtu.be/LN1wnj9UClo?t=32s,pour_wax,assemble,1,0.45,Overhead: pouring white wax into a small mould/cup.,"Overhead: pouring white wax into a small mould/cup. assemble phase, ~14% in, 0:31–0:39.",,0,,,,,,,1,,
LN1wnj9UClo,https://www.youtube.com/watch?v=LN1wnj9UClo,Satisfying process of candle making ✨🕯#candlebusiness #scentedcandles #soywaxcandle,221.0,storyboard,8,63.14,71.04,7.9,https://youtu.be/LN1wnj9UClo?t=63s,pour_wax,assemble,1,0.45,Overhead: pouring white wax into a small mould/cup.,"Overhead: pouring white wax into a small mould/cup. assemble phase, ~29% in, 1:03–1:11.",,0,,,,,,,1,,
LN1wnj9UClo,https://www.youtube.com/watch?v=LN1wnj9UClo,Satisfying process of candle making ✨🕯#candlebusiness #scentedcandles #soywaxcandle,221.0,storyboard,12,94.71,102.61,7.9,https://youtu.be/LN1wnj9UClo?t=95s,pour_wax,assemble,1,0.45,Overhead: pouring white wax into a small mould/cup.,"Overhead: pouring white wax into a small mould/cup. assemble phase, ~43% in, 1:34–1:42.",,0,,,,,,,1,,
LN1wnj9UClo,https://www.youtube.com/watch?v=LN1wnj9UClo,Satisfying process of candle making ✨🕯#candlebusiness #scentedcandles #soywaxcandle,221.0,storyboard,16,126.29,134.18,7.89,https://youtu.be/LN1wnj9UClo?t=126s,pour_wax,assemble,1,0.45,Overhead: pouring white wax into a small mould/cup.,"Overhead: pouring white wax into a small mould/cup. assemble phase, ~57% in, 2:06–2:14.",,0,,,,,,,1,,
LN1wnj9UClo,https://www.youtube.com/watch?v=LN1wnj9UClo,Satisfying process of candle making ✨🕯#candlebusiness #scentedcandles #soywaxcandle,221.0,storyboard,20,157.86,165.75,7.89,https://youtu.be/LN1wnj9UClo?t=158s,pour_wax,assemble,1,0.45,Overhead: pouring white wax into a small mould/cup.,"Overhead: pouring white wax into a small mould/cup. assemble phase, ~71% in, 2:37–2:45.",,0,,,,,,,1,,
LN1wnj9UClo,https://www.youtube.com/watch?v=LN1wnj9UClo,Satisfying process of candle making ✨🕯#candlebusiness #scentedcandles #soywaxcandle,221.0,storyboard,24,189.43,197.32,7.89,https://youtu.be/LN1wnj9UClo?t=189s,pour_wax,assemble,1,0.45,Overhead: pouring white wax into a small mould/cup.,"Overhead: pouring white wax into a small mould/cup. assemble phase, ~86% in, 3:09–3:17.",,0,,,,,,,1,,
Lg_fGA7jd4A,https://www.youtube.com/watch?v=Lg_fGA7jd4A,How to Make Whipped Wax?✨｜Candle Tutorial♥ Candle Making with English Subtitles,199.0,storyboard,5,39.8,47.76,7.96,https://youtu.be/Lg_fGA7jd4A?t=40s,pour_wax,assemble,1,0.45,Molten wax transferred/poured into a white stand-mixer bowl.,"Molten wax transferred/poured into a white stand-mixer bowl. assemble phase, ~20% in, 0:39–0:47.",,0,,,,,,,1,,
Lg_fGA7jd4A,https://www.youtube.com/watch?v=Lg_fGA7jd4A,How to Make Whipped Wax?✨｜Candle Tutorial♥ Candle Making with English Subtitles,199.0,storyboard,9,71.64,79.6,7.96,https://youtu.be/Lg_fGA7jd4A?t=72s,pour_wax,assemble,1,0.4,More wax added into the mixer bowl.,"More wax added into the mixer bowl. assemble phase, ~36% in, 1:11–1:19.",,0,,,,,,,1,,
Lg_fGA7jd4A,https://www.youtube.com/watch?v=Lg_fGA7jd4A,How to Make Whipped Wax?✨｜Candle Tutorial♥ Candle Making with English Subtitles,199.0,storyboard,12,95.52,103.48,7.96,https://youtu.be/Lg_fGA7jd4A?t=96s,pour_wax,assemble,1,0.4,Wax poured into the mixer bowl.,"Wax poured into the mixer bowl. assemble phase, ~48% in, 1:35–1:43.",,0,,,,,,,1,,
LiLrIjz_2ac,https://www.youtube.com/watch?v=LiLrIjz_2ac,Beginners Guide - How to Make a Scented Candle at Home,211.0,storyboard,15,121.73,129.85,8.12,https://youtu.be/LiLrIjz_2ac?t=122s,pour_wax,assemble,1,0.6,Molten wax poured into the prepared jar.,"Molten wax poured into the prepared jar. assemble phase, ~58% in, 2:01–2:09.",,0,,,,,,,1,,
N1izApjGj2c,https://www.youtube.com/watch?v=N1izApjGj2c,How to Make a Candle | DIY Candle Making,285.0,storyboard,28,221.67,229.58,7.91,https://youtu.be/N1izApjGj2c?t=222s,pour_wax,assemble,1,0.65,Wax poured into the two prepared glasses.,"Wax poured into the two prepared glasses. assemble phase, ~78% in, 3:41–3:49. Terminology: container candle.",,0,,,,,,,1,,
NGgDIEY_R40,https://www.youtube.com/watch?v=NGgDIEY_R40,How to Add Scent to a Candle : Basic Candle Making,111.0,storyboard,9,71.36,79.29,7.93,https://youtu.be/NGgDIEY_R40?t=71s,pour_wax,assemble,1,0.5,Work at a glass jar with a wick — wax being poured/handled.,"Work at a glass jar with a wick — wax being poured/handled. assemble phase, ~64% in, 1:11–1:19.",,0,,,,,,,1,,
Pj9yYzFvpFA,https://www.youtube.com/watch?v=Pj9yYzFvpFA,DIY Transparent Candle Without Gel | Elegant and Easy Tutorial,63.0,storyboard,4,31.5,39.38,7.88,https://youtu.be/Pj9yYzFvpFA?t=32s,pour_wax,assemble,1,0.65,Clear molten wax is poured from the pitcher into the decorated glass; a wick is held upright on a stick laid across the rim.,"Clear molten wax is poured from the pitcher into the decorated glass; a wick is held upright on a stick laid across the rim. assemble phase, ~50% in, 0:31–0:39. Terminology: container candle.",,0,,,,,,,1,,
Pj9yYzFvpFA,https://www.youtube.com/watch?v=Pj9yYzFvpFA,DIY Transparent Candle Without Gel | Elegant and Easy Tutorial,63.0,storyboard,5,39.38,47.25,7.87,https://youtu.be/Pj9yYzFvpFA?t=39s,pour_wax,assemble,1,0.6,The glass fills with transparent wax around the centred wick; embedded beads and glitter settle in the clear body.,"The glass fills with transparent wax around the centred wick; embedded beads and glitter settle in the clear body. assemble phase, ~63% in, 0:39–0:47. Terminology: sinkhole.",,0,,,,,,,1,,
PmWPYjBXB0s,https://www.youtube.com/watch?v=PmWPYjBXB0s,Wooden Wick Candle Burning Instructions,128.0,storyboard,13,104.0,112.0,8.0,https://youtu.be/PmWPYjBXB0s?t=104s,pour_wax,assemble,1,0.4,Factory line: hands at the candle-filling station.,"Factory line: hands at the candle-filling station. assemble phase, ~81% in, 1:44–1:52.",,0,,,,,,,1,,
Q9hV47GYsYI,https://www.youtube.com/watch?v=Q9hV47GYsYI,How to Make Perfect Candles  | SOY Candle Making | Scented Candle Making,650.0,storyboard,2,16.05,24.07,8.02,https://youtu.be/Q9hV47GYsYI?t=16s,pour_wax,assemble,1,0.45,Pouring wax into the moulds.,"Pouring wax into the moulds. assemble phase, ~2% in, 0:16–0:24.",,0,,,,,,,1,,
Q9hV47GYsYI,https://www.youtube.com/watch?v=Q9hV47GYsYI,How to Make Perfect Candles  | SOY Candle Making | Scented Candle Making,650.0,storyboard,8,64.2,72.22,8.02,https://youtu.be/Q9hV47GYsYI?t=64s,pour_wax,assemble,1,0.45,Pouring wax into the moulds.,"Pouring wax into the moulds. assemble phase, ~10% in, 1:04–1:12.",,0,,,,,,,1,,
Q9hV47GYsYI,https://www.youtube.com/watch?v=Q9hV47GYsYI,How to Make Perfect Candles  | SOY Candle Making | Scented Candle Making,650.0,storyboard,11,88.27,96.3,8.03,https://youtu.be/Q9hV47GYsYI?t=88s,pour_wax,assemble,1,0.45,Pouring wax into the moulds.,"Pouring wax into the moulds. assemble phase, ~14% in, 1:28–1:36.",,0,,,,,,,1,,
Q9hV47GYsYI,https://www.youtube.com/watch?v=Q9hV47GYsYI,How to Make Perfect Candles  | SOY Candle Making | Scented Candle Making,650.0,storyboard,14,112.35,120.37,8.02,https://youtu.be/Q9hV47GYsYI?t=112s,pour_wax,assemble,1,0.45,Pouring wax into the moulds.,"Pouring wax into the moulds. assemble phase, ~17% in, 1:52–2:00.",,0,,,,,,,1,,
Q9hV47GYsYI,https://www.youtube.com/watch?v=Q9hV47GYsYI,How to Make Perfect Candles  | SOY Candle Making | Scented Candle Making,650.0,storyboard,17,136.42,144.44,8.02,https://youtu.be/Q9hV47GYsYI?t=136s,pour_wax,assemble,1,0.45,Pouring wax into the moulds.,"Pouring wax into the moulds. assemble phase, ~21% in, 2:16–2:24.",,0,,,,,,,1,,
Q9hV47GYsYI,https://www.youtube.com/watch?v=Q9hV47GYsYI,How to Make Perfect Candles  | SOY Candle Making | Scented Candle Making,650.0,storyboard,20,160.49,168.52,8.03,https://youtu.be/Q9hV47GYsYI?t=160s,pour_wax,assemble,1,0.45,Pouring wax into the moulds.,"Pouring wax into the moulds. assemble phase, ~25% in, 2:40–2:48.",,0,,,,,,,1,,
Q9hV47GYsYI,https://www.youtube.com/watch?v=Q9hV47GYsYI,How to Make Perfect Candles  | SOY Candle Making | Scented Candle Making,650.0,storyboard,23,184.57,192.59,8.02,https://youtu.be/Q9hV47GYsYI?t=185s,pour_wax,assemble,1,0.45,Pouring wax into the moulds.,"Pouring wax into the moulds. assemble phase, ~28% in, 3:04–3:12.",,0,,,,,,,1,,
Q9hV47GYsYI,https://www.youtube.com/watch?v=Q9hV47GYsYI,How to Make Perfect Candles  | SOY Candle Making | Scented Candle Making,650.0,storyboard,24,192.59,200.62,8.03,https://youtu.be/Q9hV47GYsYI?t=193s,pour_wax,assemble,1,0.5,Measuring/portioning wax (overhead).,"Measuring/portioning wax (overhead). assemble phase, ~30% in, 3:12–3:20.",,0,,,,,,,1,,
Q9hV47GYsYI,https://www.youtube.com/watch?v=Q9hV47GYsYI,How to Make Perfect Candles  | SOY Candle Making | Scented Candle Making,650.0,storyboard,25,200.62,208.64,8.02,https://youtu.be/Q9hV47GYsYI?t=201s,pour_wax,assemble,1,0.5,Pouring wax into the silicone moulds.,"Pouring wax into the silicone moulds. assemble phase, ~31% in, 3:20–3:28.",,0,,,,,,,1,,
Q9hV47GYsYI,https://www.youtube.com/watch?v=Q9hV47GYsYI,How to Make Perfect Candles  | SOY Candle Making | Scented Candle Making,650.0,storyboard,29,232.72,240.74,8.02,https://youtu.be/Q9hV47GYsYI?t=233s,pour_wax,assemble,1,0.5,Pouring wax into the silicone moulds.,"Pouring wax into the silicone moulds. assemble phase, ~36% in, 3:52–4:00.",,0,,,,,,,1,,
Q9hV47GYsYI,https://www.youtube.com/watch?v=Q9hV47GYsYI,How to Make Perfect Candles  | SOY Candle Making | Scented Candle Making,650.0,storyboard,33,264.81,272.84,8.03,https://youtu.be/Q9hV47GYsYI?t=265s,pour_wax,assemble,1,0.5,Pouring wax into the silicone moulds.,"Pouring wax into the silicone moulds. assemble phase, ~41% in, 4:24–4:32.",,0,,,,,,,1,,
Q9hV47GYsYI,https://www.youtube.com/watch?v=Q9hV47GYsYI,How to Make Perfect Candles  | SOY Candle Making | Scented Candle Making,650.0,storyboard,34,272.84,280.86,8.02,https://youtu.be/Q9hV47GYsYI?t=273s,pour_wax,assemble,1,0.5,Pouring wax into the silicone moulds.,"Pouring wax into the silicone moulds. assemble phase, ~42% in, 4:32–4:40.",,0,,,,,,,1,,
Q9hV47GYsYI,https://www.youtube.com/watch?v=Q9hV47GYsYI,How to Make Perfect Candles  | SOY Candle Making | Scented Candle Making,650.0,storyboard,35,280.86,288.89,8.03,https://youtu.be/Q9hV47GYsYI?t=281s,pour_wax,assemble,1,0.5,Dark molten wax in the pot.,"Dark molten wax in the pot. assemble phase, ~43% in, 4:40–4:48.",,0,,,,,,,1,,
Q9hV47GYsYI,https://www.youtube.com/watch?v=Q9hV47GYsYI,How to Make Perfect Candles  | SOY Candle Making | Scented Candle Making,650.0,storyboard,36,288.89,296.91,8.02,https://youtu.be/Q9hV47GYsYI?t=289s,pour_wax,assemble,1,0.5,Pouring wax into the silicone moulds.,"Pouring wax into the silicone moulds. assemble phase, ~44% in, 4:48–4:56.",,0,,,,,,,1,,
Q9hV47GYsYI,https://www.youtube.com/watch?v=Q9hV47GYsYI,How to Make Perfect Candles  | SOY Candle Making | Scented Candle Making,650.0,storyboard,37,296.91,304.94,8.03,https://youtu.be/Q9hV47GYsYI?t=297s,pour_wax,assemble,1,0.5,Pouring wax into the silicone moulds.,"Pouring wax into the silicone moulds. assemble phase, ~46% in, 4:56–5:04.",,0,,,,,,,1,,
Q9hV47GYsYI,https://www.youtube.com/watch?v=Q9hV47GYsYI,How to Make Perfect Candles  | SOY Candle Making | Scented Candle Making,650.0,storyboard,38,304.94,312.96,8.02,https://youtu.be/Q9hV47GYsYI?t=305s,pour_wax,assemble,1,0.5,Dark molten wax in the pot.,"Dark molten wax in the pot. assemble phase, ~47% in, 5:04–5:12.",,0,,,,,,,1,,
Q9hV47GYsYI,https://www.youtube.com/watch?v=Q9hV47GYsYI,How to Make Perfect Candles  | SOY Candle Making | Scented Candle Making,650.0,storyboard,39,312.96,320.99,8.03,https://youtu.be/Q9hV47GYsYI?t=313s,pour_wax,assemble,1,0.5,Pouring wax into the silicone moulds.,"Pouring wax into the silicone moulds. assemble phase, ~48% in, 5:12–5:20.",,0,,,,,,,1,,
Q9hV47GYsYI,https://www.youtube.com/watch?v=Q9hV47GYsYI,How to Make Perfect Candles  | SOY Candle Making | Scented Candle Making,650.0,storyboard,40,320.99,329.01,8.02,https://youtu.be/Q9hV47GYsYI?t=321s,pour_wax,assemble,1,0.5,Pouring wax into the silicone moulds.,"Pouring wax into the silicone moulds. assemble phase, ~49% in, 5:20–5:29.",,0,,,,,,,1,,
Q9hV47GYsYI,https://www.youtube.com/watch?v=Q9hV47GYsYI,How to Make Perfect Candles  | SOY Candle Making | Scented Candle Making,650.0,storyboard,41,329.01,337.04,8.03,https://youtu.be/Q9hV47GYsYI?t=329s,pour_wax,assemble,1,0.5,Pouring wax into the silicone moulds.,"Pouring wax into the silicone moulds. assemble phase, ~51% in, 5:29–5:37.",,0,,,,,,,1,,
Q9hV47GYsYI,https://www.youtube.com/watch?v=Q9hV47GYsYI,How to Make Perfect Candles  | SOY Candle Making | Scented Candle Making,650.0,storyboard,42,337.04,345.06,8.02,https://youtu.be/Q9hV47GYsYI?t=337s,pour_wax,assemble,1,0.5,Dark molten wax in the pot.,"Dark molten wax in the pot. assemble phase, ~52% in, 5:37–5:45.",,0,,,,,,,1,,
Q9hV47GYsYI,https://www.youtube.com/watch?v=Q9hV47GYsYI,How to Make Perfect Candles  | SOY Candle Making | Scented Candle Making,650.0,storyboard,43,345.06,353.09,8.03,https://youtu.be/Q9hV47GYsYI?t=345s,pour_wax,assemble,1,0.5,Pouring wax into the silicone moulds.,"Pouring wax into the silicone moulds. assemble phase, ~53% in, 5:45–5:53.",,0,,,,,,,1,,
Q9hV47GYsYI,https://www.youtube.com/watch?v=Q9hV47GYsYI,How to Make Perfect Candles  | SOY Candle Making | Scented Candle Making,650.0,storyboard,44,353.09,361.11,8.02,https://youtu.be/Q9hV47GYsYI?t=353s,pour_wax,assemble,1,0.5,Pouring wax into the silicone moulds.,"Pouring wax into the silicone moulds. assemble phase, ~54% in, 5:53–6:01.",,0,,,,,,,1,,
Q9hV47GYsYI,https://www.youtube.com/watch?v=Q9hV47GYsYI,How to Make Perfect Candles  | SOY Candle Making | Scented Candle Making,650.0,storyboard,45,361.11,369.14,8.03,https://youtu.be/Q9hV47GYsYI?t=361s,pour_wax,assemble,1,0.5,Pouring wax into the silicone moulds.,"Pouring wax into the silicone moulds. assemble phase, ~56% in, 6:01–6:09.",,0,,,,,,,1,,
Q9hV47GYsYI,https://www.youtube.com/watch?v=Q9hV47GYsYI,How to Make Perfect Candles  | SOY Candle Making | Scented Candle Making,650.0,storyboard,46,369.14,377.16,8.02,https://youtu.be/Q9hV47GYsYI?t=369s,pour_wax,assemble,1,0.5,Pouring wax into the silicone moulds.,"Pouring wax into the silicone moulds. assemble phase, ~57% in, 6:09–6:17.",,0,,,,,,,1,,
Q9hV47GYsYI,https://www.youtube.com/watch?v=Q9hV47GYsYI,How to Make Perfect Candles  | SOY Candle Making | Scented Candle Making,650.0,storyboard,47,377.16,385.19,8.03,https://youtu.be/Q9hV47GYsYI?t=377s,pour_wax,assemble,1,0.5,Pouring wax into the silicone moulds.,"Pouring wax into the silicone moulds. assemble phase, ~58% in, 6:17–6:25.",,0,,,,,,,1,,
Q9hV47GYsYI,https://www.youtube.com/watch?v=Q9hV47GYsYI,How to Make Perfect Candles  | SOY Candle Making | Scented Candle Making,650.0,storyboard,50,401.23,409.26,8.03,https://youtu.be/Q9hV47GYsYI?t=401s,pour_wax,assemble,1,0.5,Pouring wax into the silicone moulds.,"Pouring wax into the silicone moulds. assemble phase, ~62% in, 6:41–6:49.",,0,,,,,,,1,,
R2huvJ4Cy2c,https://www.youtube.com/watch?v=R2huvJ4Cy2c,CARVED CANDLES | How It's Made,302.0,storyboard,2,15.89,23.84,7.95,https://youtu.be/R2huvJ4Cy2c?t=16s,pour_wax,assemble,1,0.45,Dipping white candle cores into coloured (blue) wax baths to build layers.,"Dipping white candle cores into coloured (blue) wax baths to build layers. assemble phase, ~5% in, 0:15–0:23.",,0,,,,,,,1,,
R2huvJ4Cy2c,https://www.youtube.com/watch?v=R2huvJ4Cy2c,CARVED CANDLES | How It's Made,302.0,storyboard,3,23.84,31.79,7.95,https://youtu.be/R2huvJ4Cy2c?t=24s,pour_wax,assemble,1,0.45,Dipping white candle cores into coloured (blue) wax baths to build layers.,"Dipping white candle cores into coloured (blue) wax baths to build layers. assemble phase, ~8% in, 0:23–0:31.",,0,,,,,,,1,,
R2huvJ4Cy2c,https://www.youtube.com/watch?v=R2huvJ4Cy2c,CARVED CANDLES | How It's Made,302.0,storyboard,4,31.79,39.74,7.95,https://youtu.be/R2huvJ4Cy2c?t=32s,pour_wax,assemble,1,0.45,Dipping white candle cores into coloured (blue) wax baths to build layers.,"Dipping white candle cores into coloured (blue) wax baths to build layers. assemble phase, ~11% in, 0:31–0:39.",,0,,,,,,,1,,
R2huvJ4Cy2c,https://www.youtube.com/watch?v=R2huvJ4Cy2c,CARVED CANDLES | How It's Made,302.0,storyboard,5,39.74,47.68,7.94,https://youtu.be/R2huvJ4Cy2c?t=40s,pour_wax,assemble,1,0.45,Dipping white candle cores into coloured (blue) wax baths to build layers.,"Dipping white candle cores into coloured (blue) wax baths to build layers. assemble phase, ~13% in, 0:39–0:47.",,0,,,,,,,1,,
R2huvJ4Cy2c,https://www.youtube.com/watch?v=R2huvJ4Cy2c,CARVED CANDLES | How It's Made,302.0,storyboard,6,47.68,55.63,7.95,https://youtu.be/R2huvJ4Cy2c?t=48s,pour_wax,assemble,1,0.45,Dipping white candle cores into coloured (blue) wax baths to build layers.,"Dipping white candle cores into coloured (blue) wax baths to build layers. assemble phase, ~16% in, 0:47–0:55.",,0,,,,,,,1,,
R2huvJ4Cy2c,https://www.youtube.com/watch?v=R2huvJ4Cy2c,CARVED CANDLES | How It's Made,302.0,storyboard,7,55.63,63.58,7.95,https://youtu.be/R2huvJ4Cy2c?t=56s,pour_wax,assemble,1,0.45,Dipping white candle cores into coloured (blue) wax baths to build layers.,"Dipping white candle cores into coloured (blue) wax baths to build layers. assemble phase, ~18% in, 0:55–1:03.",,0,,,,,,,1,,
R2huvJ4Cy2c,https://www.youtube.com/watch?v=R2huvJ4Cy2c,CARVED CANDLES | How It's Made,302.0,storyboard,8,63.58,71.53,7.95,https://youtu.be/R2huvJ4Cy2c?t=64s,pour_wax,assemble,1,0.45,Dipping white candle cores into coloured (blue) wax baths to build layers.,"Dipping white candle cores into coloured (blue) wax baths to build layers. assemble phase, ~21% in, 1:03–1:11.",,0,,,,,,,1,,
R2huvJ4Cy2c,https://www.youtube.com/watch?v=R2huvJ4Cy2c,CARVED CANDLES | How It's Made,302.0,storyboard,9,71.53,79.47,7.94,https://youtu.be/R2huvJ4Cy2c?t=72s,pour_wax,assemble,1,0.45,Dipping white candle cores into coloured (blue) wax baths to build layers.,"Dipping white candle cores into coloured (blue) wax baths to build layers. assemble phase, ~24% in, 1:11–1:19.",,0,,,,,,,1,,
R2huvJ4Cy2c,https://www.youtube.com/watch?v=R2huvJ4Cy2c,CARVED CANDLES | How It's Made,302.0,storyboard,10,79.47,87.42,7.95,https://youtu.be/R2huvJ4Cy2c?t=79s,pour_wax,assemble,1,0.45,Dipping white candle cores into coloured (blue) wax baths to build layers.,"Dipping white candle cores into coloured (blue) wax baths to build layers. assemble phase, ~26% in, 1:19–1:27.",,0,,,,,,,1,,
R2huvJ4Cy2c,https://www.youtube.com/watch?v=R2huvJ4Cy2c,CARVED CANDLES | How It's Made,302.0,storyboard,11,87.42,95.37,7.95,https://youtu.be/R2huvJ4Cy2c?t=87s,pour_wax,assemble,1,0.45,Dipping white candle cores into coloured (blue) wax baths to build layers.,"Dipping white candle cores into coloured (blue) wax baths to build layers. assemble phase, ~29% in, 1:27–1:35.",,0,,,,,,,1,,
R2huvJ4Cy2c,https://www.youtube.com/watch?v=R2huvJ4Cy2c,CARVED CANDLES | How It's Made,302.0,storyboard,12,95.37,103.32,7.95,https://youtu.be/R2huvJ4Cy2c?t=95s,pour_wax,assemble,1,0.45,Dipping white candle cores into coloured (blue) wax baths to build layers.,"Dipping white candle cores into coloured (blue) wax baths to build layers. assemble phase, ~32% in, 1:35–1:43.",,0,,,,,,,1,,
Rl8O7K9RvMA,https://www.youtube.com/watch?v=Rl8O7K9RvMA,How To Make A Layered Candle 🕯️| Supplies For Candles,114.0,storyboard,7,57.0,65.14,8.14,https://youtu.be/Rl8O7K9RvMA?t=57s,pour_wax,assemble,1,0.7,Caption 'Transfer your wax into a pouring jug then slowly pour your mix into your glass'; first dark layer poured.,"Caption 'Transfer your wax into a pouring jug then slowly pour your mix into your glass'; first dark layer poured. assemble phase, ~50% in, 0:57–1:05. Terminology: container candle.",,0,,,,,,,1,,
Rl8O7K9RvMA,https://www.youtube.com/watch?v=Rl8O7K9RvMA,How To Make A Layered Candle 🕯️| Supplies For Candles,114.0,storyboard,8,65.14,73.29,8.15,https://youtu.be/Rl8O7K9RvMA?t=65s,pour_wax,assemble,1,0.55,"Second layer prepared; captions about adding the wick-centering tool, waiting ~2 hours, and adding ~5 dye drops for the mid colour.","Second layer prepared; captions about adding the wick-centering tool, waiting ~2 hours, and adding ~5 dye drops for the mid colour. assemble phase, ~57% in, 1:05–1:13.",,0,,,,,,,1,,
Rl8O7K9RvMA,https://www.youtube.com/watch?v=Rl8O7K9RvMA,How To Make A Layered Candle 🕯️| Supplies For Candles,114.0,storyboard,9,73.29,81.43,8.14,https://youtu.be/Rl8O7K9RvMA?t=73s,pour_wax,assemble,1,0.7,Caption 'Slowly pour your next layer and wait around 2 hours before pouring the next layer'; second blue layer poured.,"Caption 'Slowly pour your next layer and wait around 2 hours before pouring the next layer'; second blue layer poured. assemble phase, ~64% in, 1:13–1:21. Terminology: repour.",,0,,,,,,,1,,
Rl8O7K9RvMA,https://www.youtube.com/watch?v=Rl8O7K9RvMA,How To Make A Layered Candle 🕯️| Supplies For Candles,114.0,storyboard,10,81.43,89.57,8.14,https://youtu.be/Rl8O7K9RvMA?t=81s,pour_wax,assemble,1,0.55,Caption 'Melt the wax for your last layer and add one drop for your light colour'; lightest layer tinted.,"Caption 'Melt the wax for your last layer and add one drop for your light colour'; lightest layer tinted. assemble phase, ~71% in, 1:21–1:29.",,0,,,,,,,1,,
Rl8O7K9RvMA,https://www.youtube.com/watch?v=Rl8O7K9RvMA,How To Make A Layered Candle 🕯️| Supplies For Candles,114.0,storyboard,11,89.57,97.71,8.14,https://youtu.be/Rl8O7K9RvMA?t=90s,pour_wax,assemble,1,0.65,Caption 'Slowly pour your last layer'; the final light-blue layer poured into the glass.,"Caption 'Slowly pour your last layer'; the final light-blue layer poured into the glass. assemble phase, ~79% in, 1:29–1:37. Terminology: container candle.",,0,,,,,,,1,,
Rpu5mH5me1Y,https://www.youtube.com/watch?v=Rpu5mH5me1Y,"How It's Made, Candles.",269.0,storyboard,1,7.91,15.82,7.91,https://youtu.be/Rpu5mH5me1Y?t=8s,pour_wax,assemble,1,0.4,Factory machine dips rows of wicks into molten wax (industrial dipping).,"Factory machine dips rows of wicks into molten wax (industrial dipping). assemble phase, ~3% in, 0:07–0:15.",,0,,,,,,,1,,
Rpu5mH5me1Y,https://www.youtube.com/watch?v=Rpu5mH5me1Y,"How It's Made, Candles.",269.0,storyboard,2,15.82,23.74,7.92,https://youtu.be/Rpu5mH5me1Y?t=16s,pour_wax,assemble,1,0.4,Conveyor dips the taper wicks repeatedly.,"Conveyor dips the taper wicks repeatedly. assemble phase, ~6% in, 0:15–0:23.",,0,,,,,,,1,,
Rpu5mH5me1Y,https://www.youtube.com/watch?v=Rpu5mH5me1Y,"How It's Made, Candles.",269.0,storyboard,3,23.74,31.65,7.91,https://youtu.be/Rpu5mH5me1Y?t=24s,pour_wax,assemble,1,0.4,White wax pellets/balls fed into the machine.,"White wax pellets/balls fed into the machine. assemble phase, ~9% in, 0:23–0:31.",,0,,,,,,,1,,
Rpu5mH5me1Y,https://www.youtube.com/watch?v=Rpu5mH5me1Y,"How It's Made, Candles.",269.0,storyboard,4,31.65,39.56,7.91,https://youtu.be/Rpu5mH5me1Y?t=32s,pour_wax,assemble,1,0.4,Molten wax dispensed into moulds on the line.,"Molten wax dispensed into moulds on the line. assemble phase, ~12% in, 0:31–0:39.",,0,,,,,,,1,,
Rpu5mH5me1Y,https://www.youtube.com/watch?v=Rpu5mH5me1Y,"How It's Made, Candles.",269.0,storyboard,5,39.56,47.47,7.91,https://youtu.be/Rpu5mH5me1Y?t=40s,pour_wax,assemble,1,0.4,Industrial wax vat/melter.,"Industrial wax vat/melter. assemble phase, ~15% in, 0:39–0:47.",,0,,,,,,,1,,
Rpu5mH5me1Y,https://www.youtube.com/watch?v=Rpu5mH5me1Y,"How It's Made, Candles.",269.0,storyboard,6,47.47,55.38,7.91,https://youtu.be/Rpu5mH5me1Y?t=47s,pour_wax,assemble,1,0.4,Wax filling moulds on the conveyor.,"Wax filling moulds on the conveyor. assemble phase, ~18% in, 0:47–0:55.",,0,,,,,,,1,,
Rpu5mH5me1Y,https://www.youtube.com/watch?v=Rpu5mH5me1Y,"How It's Made, Candles.",269.0,storyboard,7,55.38,63.29,7.91,https://youtu.be/Rpu5mH5me1Y?t=55s,pour_wax,assemble,1,0.4,Continued machine pouring.,"Continued machine pouring. assemble phase, ~21% in, 0:55–1:03.",,0,,,,,,,1,,
Rpu5mH5me1Y,https://www.youtube.com/watch?v=Rpu5mH5me1Y,"How It's Made, Candles.",269.0,storyboard,8,63.29,71.21,7.92,https://youtu.be/Rpu5mH5me1Y?t=63s,pour_wax,assemble,1,0.4,Moulds threaded with wicks on the line.,"Moulds threaded with wicks on the line. assemble phase, ~24% in, 1:03–1:11.",,0,,,,,,,1,,
Rpu5mH5me1Y,https://www.youtube.com/watch?v=Rpu5mH5me1Y,"How It's Made, Candles.",269.0,storyboard,9,71.21,79.12,7.91,https://youtu.be/Rpu5mH5me1Y?t=71s,pour_wax,assemble,1,0.4,Machine fills the moulds with wax.,"Machine fills the moulds with wax. assemble phase, ~26% in, 1:11–1:19.",,0,,,,,,,1,,
Rpu5mH5me1Y,https://www.youtube.com/watch?v=Rpu5mH5me1Y,"How It's Made, Candles.",269.0,storyboard,10,79.12,87.03,7.91,https://youtu.be/Rpu5mH5me1Y?t=79s,pour_wax,assemble,1,0.4,Dipping racks coat the tapers.,"Dipping racks coat the tapers. assemble phase, ~29% in, 1:19–1:27.",,0,,,,,,,1,,
Rpu5mH5me1Y,https://www.youtube.com/watch?v=Rpu5mH5me1Y,"How It's Made, Candles.",269.0,storyboard,11,87.03,94.94,7.91,https://youtu.be/Rpu5mH5me1Y?t=87s,pour_wax,assemble,1,0.4,Industrial melter feeding the line.,"Industrial melter feeding the line. assemble phase, ~32% in, 1:27–1:34.",,0,,,,,,,1,,
Rpu5mH5me1Y,https://www.youtube.com/watch?v=Rpu5mH5me1Y,"How It's Made, Candles.",269.0,storyboard,12,94.94,102.85,7.91,https://youtu.be/Rpu5mH5me1Y?t=95s,pour_wax,assemble,1,0.4,Rows of tapers dipped on the machine.,"Rows of tapers dipped on the machine. assemble phase, ~35% in, 1:34–1:42.",,0,,,,,,,1,,
Rpu5mH5me1Y,https://www.youtube.com/watch?v=Rpu5mH5me1Y,"How It's Made, Candles.",269.0,storyboard,13,102.85,110.76,7.91,https://youtu.be/Rpu5mH5me1Y?t=103s,pour_wax,assemble,1,0.4,Continued industrial dipping.,"Continued industrial dipping. assemble phase, ~38% in, 1:42–1:50.",,0,,,,,,,1,,
Rpu5mH5me1Y,https://www.youtube.com/watch?v=Rpu5mH5me1Y,"How It's Made, Candles.",269.0,storyboard,14,110.76,118.68,7.92,https://youtu.be/Rpu5mH5me1Y?t=111s,pour_wax,assemble,1,0.4,Tapers built up by repeated machine dips.,"Tapers built up by repeated machine dips. assemble phase, ~41% in, 1:50–1:58.",,0,,,,,,,1,,
Rpu5mH5me1Y,https://www.youtube.com/watch?v=Rpu5mH5me1Y,"How It's Made, Candles.",269.0,storyboard,15,118.68,126.59,7.91,https://youtu.be/Rpu5mH5me1Y?t=119s,pour_wax,assemble,1,0.4,Moulds on the production line.,"Moulds on the production line. assemble phase, ~44% in, 1:58–2:06.",,0,,,,,,,1,,
Rpu5mH5me1Y,https://www.youtube.com/watch?v=Rpu5mH5me1Y,"How It's Made, Candles.",269.0,storyboard,16,126.59,134.5,7.91,https://youtu.be/Rpu5mH5me1Y?t=127s,pour_wax,assemble,1,0.4,Wax poured/dipped on the machine.,"Wax poured/dipped on the machine. assemble phase, ~47% in, 2:06–2:14.",,0,,,,,,,1,,
Rpu5mH5me1Y,https://www.youtube.com/watch?v=Rpu5mH5me1Y,"How It's Made, Candles.",269.0,storyboard,19,150.32,158.24,7.92,https://youtu.be/Rpu5mH5me1Y?t=150s,pour_wax,assemble,1,0.4,Machine continues dipping/filling.,"Machine continues dipping/filling. assemble phase, ~56% in, 2:30–2:38.",,0,,,,,,,1,,
Rpu5mH5me1Y,https://www.youtube.com/watch?v=Rpu5mH5me1Y,"How It's Made, Candles.",269.0,storyboard,25,197.79,205.71,7.92,https://youtu.be/Rpu5mH5me1Y?t=198s,pour_wax,assemble,1,0.4,Machine compresses/forms white wax into pillar moulds.,"Machine compresses/forms white wax into pillar moulds. assemble phase, ~74% in, 3:17–3:25. Terminology: pillar candle.",,0,,,,,,,1,,
Rpu5mH5me1Y,https://www.youtube.com/watch?v=Rpu5mH5me1Y,"How It's Made, Candles.",269.0,storyboard,26,205.71,213.62,7.91,https://youtu.be/Rpu5mH5me1Y?t=206s,pour_wax,assemble,1,0.4,Rotary machine forms pillars; a worker tends dipping racks.,"Rotary machine forms pillars; a worker tends dipping racks. assemble phase, ~76% in, 3:25–3:33.",,0,,,,,,,1,,
Rpu5mH5me1Y,https://www.youtube.com/watch?v=Rpu5mH5me1Y,"How It's Made, Candles.",269.0,storyboard,27,213.62,221.53,7.91,https://youtu.be/Rpu5mH5me1Y?t=214s,pour_wax,assemble,1,0.4,Tall dipping racks coat the tapers.,"Tall dipping racks coat the tapers. assemble phase, ~79% in, 3:33–3:41.",,0,,,,,,,1,,
Rpu5mH5me1Y,https://www.youtube.com/watch?v=Rpu5mH5me1Y,"How It's Made, Candles.",269.0,storyboard,28,221.53,229.44,7.91,https://youtu.be/Rpu5mH5me1Y?t=222s,pour_wax,assemble,1,0.4,Dipping-rack mechanism in action.,"Dipping-rack mechanism in action. assemble phase, ~82% in, 3:41–3:49.",,0,,,,,,,1,,
RwLOuuMSrWE,https://www.youtube.com/watch?v=RwLOuuMSrWE,CANDLE MAKING FOR BEGINNERS | How To Make Woodwick Candles,423.0,storyboard,29,231.45,239.43,7.98,https://youtu.be/RwLOuuMSrWE?t=231s,pour_wax,assemble,1,0.6,Wax poured into the glass around the wooden wick.,"Wax poured into the glass around the wooden wick. assemble phase, ~55% in, 3:51–3:59. Terminology: sinkhole, wood wick, container candle.",,0,,,,,,,1,,
RwLOuuMSrWE,https://www.youtube.com/watch?v=RwLOuuMSrWE,CANDLE MAKING FOR BEGINNERS | How To Make Woodwick Candles,423.0,storyboard,30,239.43,247.42,7.99,https://youtu.be/RwLOuuMSrWE?t=239s,pour_wax,assemble,1,0.6,Glass filling with yellow wax.,"Glass filling with yellow wax. assemble phase, ~57% in, 3:59–4:07.",,0,,,,,,,1,,
RwLOuuMSrWE,https://www.youtube.com/watch?v=RwLOuuMSrWE,CANDLE MAKING FOR BEGINNERS | How To Make Woodwick Candles,423.0,storyboard,31,247.42,255.4,7.98,https://youtu.be/RwLOuuMSrWE?t=247s,pour_wax,assemble,1,0.55,Glass of yellow wax with the wooden wick; bowl alongside.,"Glass of yellow wax with the wooden wick; bowl alongside. assemble phase, ~58% in, 4:07–4:15. Terminology: wood wick.",,0,,,,,,,1,,
RwLOuuMSrWE,https://www.youtube.com/watch?v=RwLOuuMSrWE,CANDLE MAKING FOR BEGINNERS | How To Make Woodwick Candles,423.0,storyboard,32,255.4,263.38,7.98,https://youtu.be/RwLOuuMSrWE?t=255s,pour_wax,assemble,1,0.5,Yellow wax in the glass.,"Yellow wax in the glass. Pouring the melted wax from the pitcher into the prepared container. assemble phase, ~60% in, 4:15–4:23.",,0,,,,,,,1,,
RwLOuuMSrWE,https://www.youtube.com/watch?v=RwLOuuMSrWE,CANDLE MAKING FOR BEGINNERS | How To Make Woodwick Candles,423.0,storyboard,33,263.38,271.36,7.98,https://youtu.be/RwLOuuMSrWE?t=263s,pour_wax,assemble,1,0.55,Pouring more wax into the glass.,"Pouring more wax into the glass. assemble phase, ~62% in, 4:23–4:31.",,0,,,,,,,1,,
Sxy3vnXEe6I,https://www.youtube.com/watch?v=Sxy3vnXEe6I,Studio Vlog | Bulk Order Iced Coffee Candle | Make Candles with Me,533.0,storyboard,0,0.0,7.96,7.96,https://youtu.be/Sxy3vnXEe6I?t=0s,pour_wax,assemble,1,0.5,Pouring brown 'coffee' gel into rows of tall glasses (bulk order).,"Pouring brown 'coffee' gel into rows of tall glasses (bulk order). assemble phase, ~0% in, 0:00–0:07.",,0,,,,,,,1,,
Sxy3vnXEe6I,https://www.youtube.com/watch?v=Sxy3vnXEe6I,Studio Vlog | Bulk Order Iced Coffee Candle | Make Candles with Me,533.0,storyboard,1,7.96,15.91,7.95,https://youtu.be/Sxy3vnXEe6I?t=8s,pour_wax,assemble,1,0.5,"On-screen text card (auto-detected: static frame, OCR text). Text reads: 'jie Xx ae 5 4 AS Va ae ct Wie 43 4'.","On-screen text card (auto-detected: static frame, OCR text). Text reads: 'jie Xx ae 5 4 AS Va ae ct Wie 43 4'. assemble phase, ~1% in, 0:07–0:15.",,0,,,,,,,1,,
Sxy3vnXEe6I,https://www.youtube.com/watch?v=Sxy3vnXEe6I,Studio Vlog | Bulk Order Iced Coffee Candle | Make Candles with Me,533.0,storyboard,2,15.91,23.87,7.96,https://youtu.be/Sxy3vnXEe6I?t=16s,pour_wax,assemble,1,0.45,Filling the glasses with the latte layers.,"Filling the glasses with the latte layers. assemble phase, ~3% in, 0:15–0:23.",,0,,,,,,,1,,
Sxy3vnXEe6I,https://www.youtube.com/watch?v=Sxy3vnXEe6I,Studio Vlog | Bulk Order Iced Coffee Candle | Make Candles with Me,533.0,storyboard,3,23.87,31.82,7.95,https://youtu.be/Sxy3vnXEe6I?t=24s,pour_wax,assemble,1,0.5,Pouring brown 'coffee' gel into rows of tall glasses (bulk order).,"Pouring brown 'coffee' gel into rows of tall glasses (bulk order). assemble phase, ~4% in, 0:23–0:31.",,0,,,,,,,1,,
Sxy3vnXEe6I,https://www.youtube.com/watch?v=Sxy3vnXEe6I,Studio Vlog | Bulk Order Iced Coffee Candle | Make Candles with Me,533.0,storyboard,4,31.82,39.78,7.96,https://youtu.be/Sxy3vnXEe6I?t=32s,pour_wax,assemble,1,0.45,Adding white 'cream' foam and ice-cube wax to the iced-coffee candles.,"Adding white 'cream' foam and ice-cube wax to the iced-coffee candles. assemble phase, ~6% in, 0:31–0:39.",,0,,,,,,,1,,
Sxy3vnXEe6I,https://www.youtube.com/watch?v=Sxy3vnXEe6I,Studio Vlog | Bulk Order Iced Coffee Candle | Make Candles with Me,533.0,storyboard,5,39.78,47.73,7.95,https://youtu.be/Sxy3vnXEe6I?t=40s,pour_wax,assemble,1,0.45,Filling the glasses with the latte layers.,"Filling the glasses with the latte layers. assemble phase, ~7% in, 0:39–0:47.",,0,,,,,,,1,,
Sxy3vnXEe6I,https://www.youtube.com/watch?v=Sxy3vnXEe6I,Studio Vlog | Bulk Order Iced Coffee Candle | Make Candles with Me,533.0,storyboard,6,47.73,55.69,7.96,https://youtu.be/Sxy3vnXEe6I?t=48s,pour_wax,assemble,1,0.5,Pouring brown 'coffee' gel into rows of tall glasses (bulk order).,"Pouring brown 'coffee' gel into rows of tall glasses (bulk order). assemble phase, ~9% in, 0:47–0:55.",,0,,,,,,,1,,
Sxy3vnXEe6I,https://www.youtube.com/watch?v=Sxy3vnXEe6I,Studio Vlog | Bulk Order Iced Coffee Candle | Make Candles with Me,533.0,storyboard,7,55.69,63.64,7.95,https://youtu.be/Sxy3vnXEe6I?t=56s,pour_wax,assemble,1,0.45,Adding white 'cream' foam and ice-cube wax to the iced-coffee candles.,"Adding white 'cream' foam and ice-cube wax to the iced-coffee candles. assemble phase, ~10% in, 0:55–1:03.",,0,,,,,,,1,,
Sxy3vnXEe6I,https://www.youtube.com/watch?v=Sxy3vnXEe6I,Studio Vlog | Bulk Order Iced Coffee Candle | Make Candles with Me,533.0,storyboard,8,63.64,71.6,7.96,https://youtu.be/Sxy3vnXEe6I?t=64s,pour_wax,assemble,1,0.45,Filling the glasses with the latte layers.,"Filling the glasses with the latte layers. assemble phase, ~12% in, 1:03–1:11.",,0,,,,,,,1,,
Sxy3vnXEe6I,https://www.youtube.com/watch?v=Sxy3vnXEe6I,Studio Vlog | Bulk Order Iced Coffee Candle | Make Candles with Me,533.0,storyboard,15,119.33,127.28,7.95,https://youtu.be/Sxy3vnXEe6I?t=119s,pour_wax,assemble,1,0.5,Pouring brown 'coffee' gel into rows of tall glasses (bulk order).,"Pouring brown 'coffee' gel into rows of tall glasses (bulk order). assemble phase, ~22% in, 1:59–2:07.",,0,,,,,,,1,,
Sxy3vnXEe6I,https://www.youtube.com/watch?v=Sxy3vnXEe6I,Studio Vlog | Bulk Order Iced Coffee Candle | Make Candles with Me,533.0,storyboard,16,127.28,135.24,7.96,https://youtu.be/Sxy3vnXEe6I?t=127s,pour_wax,assemble,1,0.45,Adding white 'cream' foam and ice-cube wax to the iced-coffee candles.,"Adding white 'cream' foam and ice-cube wax to the iced-coffee candles. assemble phase, ~24% in, 2:07–2:15.",,0,,,,,,,1,,
Sxy3vnXEe6I,https://www.youtube.com/watch?v=Sxy3vnXEe6I,Studio Vlog | Bulk Order Iced Coffee Candle | Make Candles with Me,533.0,storyboard,17,135.24,143.19,7.95,https://youtu.be/Sxy3vnXEe6I?t=135s,pour_wax,assemble,1,0.45,Filling the glasses with the latte layers.,"Filling the glasses with the latte layers. assemble phase, ~25% in, 2:15–2:23.",,0,,,,,,,1,,
Sxy3vnXEe6I,https://www.youtube.com/watch?v=Sxy3vnXEe6I,Studio Vlog | Bulk Order Iced Coffee Candle | Make Candles with Me,533.0,storyboard,18,143.19,151.15,7.96,https://youtu.be/Sxy3vnXEe6I?t=143s,pour_wax,assemble,1,0.5,Pouring brown 'coffee' gel into rows of tall glasses (bulk order).,"Pouring brown 'coffee' gel into rows of tall glasses (bulk order). assemble phase, ~27% in, 2:23–2:31.",,0,,,,,,,1,,
Sxy3vnXEe6I,https://www.youtube.com/watch?v=Sxy3vnXEe6I,Studio Vlog | Bulk Order Iced Coffee Candle | Make Candles with Me,533.0,storyboard,20,159.1,167.06,7.96,https://youtu.be/Sxy3vnXEe6I?t=159s,pour_wax,assemble,1,0.45,Filling the glasses with the latte layers.,"Filling the glasses with the latte layers. assemble phase, ~30% in, 2:39–2:47.",,0,,,,,,,1,,
Sxy3vnXEe6I,https://www.youtube.com/watch?v=Sxy3vnXEe6I,Studio Vlog | Bulk Order Iced Coffee Candle | Make Candles with Me,533.0,storyboard,21,167.06,175.01,7.95,https://youtu.be/Sxy3vnXEe6I?t=167s,pour_wax,assemble,1,0.5,Pouring brown 'coffee' gel into rows of tall glasses (bulk order).,"Pouring brown 'coffee' gel into rows of tall glasses (bulk order). assemble phase, ~31% in, 2:47–2:55.",,0,,,,,,,1,,
Sxy3vnXEe6I,https://www.youtube.com/watch?v=Sxy3vnXEe6I,Studio Vlog | Bulk Order Iced Coffee Candle | Make Candles with Me,533.0,storyboard,22,175.01,182.97,7.96,https://youtu.be/Sxy3vnXEe6I?t=175s,pour_wax,assemble,1,0.45,Adding white 'cream' foam and ice-cube wax to the iced-coffee candles.,"Adding white 'cream' foam and ice-cube wax to the iced-coffee candles. assemble phase, ~33% in, 2:55–3:02.",,0,,,,,,,1,,
Sxy3vnXEe6I,https://www.youtube.com/watch?v=Sxy3vnXEe6I,Studio Vlog | Bulk Order Iced Coffee Candle | Make Candles with Me,533.0,storyboard,23,182.97,190.93,7.96,https://youtu.be/Sxy3vnXEe6I?t=183s,pour_wax,assemble,1,0.45,Filling the glasses with the latte layers.,"Filling the glasses with the latte layers. assemble phase, ~34% in, 3:02–3:10.",,0,,,,,,,1,,
SzziH-bHCb0,https://www.youtube.com/watch?v=SzziH-bHCb0,Making Soy Wax Candles with Crackling Wooden Wicks,857.0,storyboard,3,24.03,32.04,8.01,https://youtu.be/SzziH-bHCb0?t=24s,pour_wax,assemble,1,0.45,Overhead: pouring yellow soy wax into the rows of small jars.,"Overhead: pouring yellow soy wax into the rows of small jars. assemble phase, ~3% in, 0:24–0:32.",,0,,,,,,,1,,
SzziH-bHCb0,https://www.youtube.com/watch?v=SzziH-bHCb0,Making Soy Wax Candles with Crackling Wooden Wicks,857.0,storyboard,6,48.06,56.07,8.01,https://youtu.be/SzziH-bHCb0?t=48s,pour_wax,assemble,1,0.45,Overhead: pouring yellow soy wax into the rows of small jars.,"Overhead: pouring yellow soy wax into the rows of small jars. assemble phase, ~6% in, 0:48–0:56.",,0,,,,,,,1,,
SzziH-bHCb0,https://www.youtube.com/watch?v=SzziH-bHCb0,Making Soy Wax Candles with Crackling Wooden Wicks,857.0,storyboard,9,72.08,80.09,8.01,https://youtu.be/SzziH-bHCb0?t=72s,pour_wax,assemble,1,0.45,Overhead: pouring yellow soy wax into the rows of small jars.,"Overhead: pouring yellow soy wax into the rows of small jars. assemble phase, ~8% in, 1:12–1:20.",,0,,,,,,,1,,
SzziH-bHCb0,https://www.youtube.com/watch?v=SzziH-bHCb0,Making Soy Wax Candles with Crackling Wooden Wicks,857.0,storyboard,12,96.11,104.12,8.01,https://youtu.be/SzziH-bHCb0?t=96s,pour_wax,assemble,1,0.45,Overhead: pouring yellow soy wax into the rows of small jars.,"Overhead: pouring yellow soy wax into the rows of small jars. assemble phase, ~11% in, 1:36–1:44.",,0,,,,,,,1,,
SzziH-bHCb0,https://www.youtube.com/watch?v=SzziH-bHCb0,Making Soy Wax Candles with Crackling Wooden Wicks,857.0,storyboard,15,120.14,128.15,8.01,https://youtu.be/SzziH-bHCb0?t=120s,pour_wax,assemble,1,0.45,Overhead: pouring yellow soy wax into the rows of small jars.,"Overhead: pouring yellow soy wax into the rows of small jars. assemble phase, ~14% in, 2:00–2:08.",,0,,,,,,,1,,
SzziH-bHCb0,https://www.youtube.com/watch?v=SzziH-bHCb0,Making Soy Wax Candles with Crackling Wooden Wicks,857.0,storyboard,18,144.17,152.18,8.01,https://youtu.be/SzziH-bHCb0?t=144s,pour_wax,assemble,1,0.45,Overhead: pouring yellow soy wax into the rows of small jars.,"Overhead: pouring yellow soy wax into the rows of small jars. assemble phase, ~17% in, 2:24–2:32.",,0,,,,,,,1,,
SzziH-bHCb0,https://www.youtube.com/watch?v=SzziH-bHCb0,Making Soy Wax Candles with Crackling Wooden Wicks,857.0,storyboard,21,168.2,176.21,8.01,https://youtu.be/SzziH-bHCb0?t=168s,pour_wax,assemble,1,0.45,Overhead: pouring yellow soy wax into the rows of small jars.,"Overhead: pouring yellow soy wax into the rows of small jars. assemble phase, ~20% in, 2:48–2:56.",,0,,,,,,,1,,
SzziH-bHCb0,https://www.youtube.com/watch?v=SzziH-bHCb0,Making Soy Wax Candles with Crackling Wooden Wicks,857.0,storyboard,25,200.23,208.24,8.01,https://youtu.be/SzziH-bHCb0?t=200s,pour_wax,assemble,1,0.45,Pouring wax into the jars.,"Pouring wax into the jars. assemble phase, ~23% in, 3:20–3:28.",,0,,,,,,,1,,
SzziH-bHCb0,https://www.youtube.com/watch?v=SzziH-bHCb0,Making Soy Wax Candles with Crackling Wooden Wicks,857.0,storyboard,29,232.27,240.28,8.01,https://youtu.be/SzziH-bHCb0?t=232s,pour_wax,assemble,1,0.45,Pouring wax into the jars.,"Pouring wax into the jars. assemble phase, ~27% in, 3:52–4:00.",,0,,,,,,,1,,
SzziH-bHCb0,https://www.youtube.com/watch?v=SzziH-bHCb0,Making Soy Wax Candles with Crackling Wooden Wicks,857.0,storyboard,33,264.31,272.32,8.01,https://youtu.be/SzziH-bHCb0?t=264s,pour_wax,assemble,1,0.45,Pouring wax into the jars.,"Pouring wax into the jars. assemble phase, ~31% in, 4:24–4:32.",,0,,,,,,,1,,
SzziH-bHCb0,https://www.youtube.com/watch?v=SzziH-bHCb0,Making Soy Wax Candles with Crackling Wooden Wicks,857.0,storyboard,37,296.35,304.36,8.01,https://youtu.be/SzziH-bHCb0?t=296s,pour_wax,assemble,1,0.45,Pouring wax into the jars.,"Pouring wax into the jars. assemble phase, ~35% in, 4:56–5:04.",,0,,,,,,,1,,
SzziH-bHCb0,https://www.youtube.com/watch?v=SzziH-bHCb0,Making Soy Wax Candles with Crackling Wooden Wicks,857.0,storyboard,41,328.38,336.39,8.01,https://youtu.be/SzziH-bHCb0?t=328s,pour_wax,assemble,1,0.45,Pouring wax into the jars.,"Pouring wax into the jars. assemble phase, ~38% in, 5:28–5:36.",,0,,,,,,,1,,
SzziH-bHCb0,https://www.youtube.com/watch?v=SzziH-bHCb0,Making Soy Wax Candles with Crackling Wooden Wicks,857.0,storyboard,45,360.42,368.43,8.01,https://youtu.be/SzziH-bHCb0?t=360s,pour_wax,assemble,1,0.45,Pouring wax into the jars.,"Pouring wax into the jars. assemble phase, ~42% in, 6:00–6:08.",,0,,,,,,,1,,
SzziH-bHCb0,https://www.youtube.com/watch?v=SzziH-bHCb0,Making Soy Wax Candles with Crackling Wooden Wicks,857.0,storyboard,48,384.45,392.46,8.01,https://youtu.be/SzziH-bHCb0?t=384s,pour_wax,assemble,1,0.45,Pouring wax into the rows of jars.,"Pouring wax into the rows of jars. assemble phase, ~45% in, 6:24–6:32.",,0,,,,,,,1,,
SzziH-bHCb0,https://www.youtube.com/watch?v=SzziH-bHCb0,Making Soy Wax Candles with Crackling Wooden Wicks,857.0,storyboard,51,408.48,416.49,8.01,https://youtu.be/SzziH-bHCb0?t=408s,pour_wax,assemble,1,0.45,Pouring wax into the rows of jars.,"Pouring wax into the rows of jars. assemble phase, ~48% in, 6:48–6:56.",,0,,,,,,,1,,
SzziH-bHCb0,https://www.youtube.com/watch?v=SzziH-bHCb0,Making Soy Wax Candles with Crackling Wooden Wicks,857.0,storyboard,54,432.5,440.51,8.01,https://youtu.be/SzziH-bHCb0?t=432s,pour_wax,assemble,1,0.45,Pouring wax into the rows of jars.,"Pouring wax into the rows of jars. assemble phase, ~50% in, 7:12–7:20.",,0,,,,,,,1,,
SzziH-bHCb0,https://www.youtube.com/watch?v=SzziH-bHCb0,Making Soy Wax Candles with Crackling Wooden Wicks,857.0,storyboard,57,456.53,464.54,8.01,https://youtu.be/SzziH-bHCb0?t=457s,pour_wax,assemble,1,0.45,Pouring wax into the rows of jars.,"Pouring wax into the rows of jars. assemble phase, ~53% in, 7:36–7:44.",,0,,,,,,,1,,
SzziH-bHCb0,https://www.youtube.com/watch?v=SzziH-bHCb0,Making Soy Wax Candles with Crackling Wooden Wicks,857.0,storyboard,60,480.56,488.57,8.01,https://youtu.be/SzziH-bHCb0?t=481s,pour_wax,assemble,1,0.45,Pouring wax into the rows of jars.,"Pouring wax into the rows of jars. assemble phase, ~56% in, 8:00–8:08.",,0,,,,,,,1,,
SzziH-bHCb0,https://www.youtube.com/watch?v=SzziH-bHCb0,Making Soy Wax Candles with Crackling Wooden Wicks,857.0,storyboard,63,504.59,512.6,8.01,https://youtu.be/SzziH-bHCb0?t=505s,pour_wax,assemble,1,0.45,Pouring wax into the rows of jars.,"Pouring wax into the rows of jars. assemble phase, ~59% in, 8:24–8:32.",,0,,,,,,,1,,
SzziH-bHCb0,https://www.youtube.com/watch?v=SzziH-bHCb0,Making Soy Wax Candles with Crackling Wooden Wicks,857.0,storyboard,66,528.62,536.63,8.01,https://youtu.be/SzziH-bHCb0?t=529s,pour_wax,assemble,1,0.45,Pouring wax into the rows of jars.,"Pouring wax into the rows of jars. assemble phase, ~62% in, 8:48–8:56.",,0,,,,,,,1,,
SzziH-bHCb0,https://www.youtube.com/watch?v=SzziH-bHCb0,Making Soy Wax Candles with Crackling Wooden Wicks,857.0,storyboard,69,552.64,560.65,8.01,https://youtu.be/SzziH-bHCb0?t=553s,pour_wax,assemble,1,0.45,Pouring wax into the rows of jars.,"Pouring wax into the rows of jars. assemble phase, ~64% in, 9:12–9:20.",,0,,,,,,,1,,
SzziH-bHCb0,https://www.youtube.com/watch?v=SzziH-bHCb0,Making Soy Wax Candles with Crackling Wooden Wicks,857.0,storyboard,73,584.68,592.69,8.01,https://youtu.be/SzziH-bHCb0?t=585s,pour_wax,assemble,1,0.45,Pouring/finishing the jar candles.,"Pouring/finishing the jar candles. assemble phase, ~68% in, 9:44–9:52.",,0,,,,,,,1,,
SzziH-bHCb0,https://www.youtube.com/watch?v=SzziH-bHCb0,Making Soy Wax Candles with Crackling Wooden Wicks,857.0,storyboard,74,592.69,600.7,8.01,https://youtu.be/SzziH-bHCb0?t=593s,pour_wax,assemble,1,0.45,Pouring/finishing the jar candles.,"Pouring/finishing the jar candles. assemble phase, ~69% in, 9:52–10:00.",,0,,,,,,,1,,
SzziH-bHCb0,https://www.youtube.com/watch?v=SzziH-bHCb0,Making Soy Wax Candles with Crackling Wooden Wicks,857.0,storyboard,75,600.7,608.71,8.01,https://youtu.be/SzziH-bHCb0?t=601s,pour_wax,assemble,1,0.45,Pouring/finishing the jar candles.,"Pouring/finishing the jar candles. assemble phase, ~70% in, 10:00–10:08.",,0,,,,,,,1,,
SzziH-bHCb0,https://www.youtube.com/watch?v=SzziH-bHCb0,Making Soy Wax Candles with Crackling Wooden Wicks,857.0,storyboard,76,608.71,616.72,8.01,https://youtu.be/SzziH-bHCb0?t=609s,pour_wax,assemble,1,0.5,Host talks at the counter.,"Host talks at the counter. Pouring the melted wax from the pitcher into the prepared container. assemble phase, ~71% in, 10:08–10:16.",,0,,,,,,,1,,
SzziH-bHCb0,https://www.youtube.com/watch?v=SzziH-bHCb0,Making Soy Wax Candles with Crackling Wooden Wicks,857.0,storyboard,77,616.72,624.73,8.01,https://youtu.be/SzziH-bHCb0?t=617s,pour_wax,assemble,1,0.45,Pouring/finishing the jar candles.,"Pouring/finishing the jar candles. assemble phase, ~72% in, 10:16–10:24.",,0,,,,,,,1,,
SzziH-bHCb0,https://www.youtube.com/watch?v=SzziH-bHCb0,Making Soy Wax Candles with Crackling Wooden Wicks,857.0,storyboard,78,624.73,632.74,8.01,https://youtu.be/SzziH-bHCb0?t=625s,pour_wax,assemble,1,0.45,Pouring/finishing the jar candles.,"Pouring/finishing the jar candles. assemble phase, ~73% in, 10:24–10:32.",,0,,,,,,,1,,
SzziH-bHCb0,https://www.youtube.com/watch?v=SzziH-bHCb0,Making Soy Wax Candles with Crackling Wooden Wicks,857.0,storyboard,79,632.74,640.75,8.01,https://youtu.be/SzziH-bHCb0?t=633s,pour_wax,assemble,1,0.45,Pouring/finishing the jar candles.,"Pouring/finishing the jar candles. assemble phase, ~74% in, 10:32–10:40.",,0,,,,,,,1,,
SzziH-bHCb0,https://www.youtube.com/watch?v=SzziH-bHCb0,Making Soy Wax Candles with Crackling Wooden Wicks,857.0,storyboard,80,640.75,648.76,8.01,https://youtu.be/SzziH-bHCb0?t=641s,pour_wax,assemble,1,0.5,Host talks at the counter.,"Host talks at the counter. Pouring the melted wax from the pitcher into the prepared container. assemble phase, ~75% in, 10:40–10:48.",,0,,,,,,,1,,
SzziH-bHCb0,https://www.youtube.com/watch?v=SzziH-bHCb0,Making Soy Wax Candles with Crackling Wooden Wicks,857.0,storyboard,81,648.76,656.77,8.01,https://youtu.be/SzziH-bHCb0?t=649s,pour_wax,assemble,1,0.45,Pouring/finishing the jar candles.,"Pouring/finishing the jar candles. assemble phase, ~76% in, 10:48–10:56.",,0,,,,,,,1,,
SzziH-bHCb0,https://www.youtube.com/watch?v=SzziH-bHCb0,Making Soy Wax Candles with Crackling Wooden Wicks,857.0,storyboard,82,656.77,664.78,8.01,https://youtu.be/SzziH-bHCb0?t=657s,pour_wax,assemble,1,0.45,Pouring/finishing the jar candles.,"Pouring/finishing the jar candles. assemble phase, ~77% in, 10:56–11:04.",,0,,,,,,,1,,
SzziH-bHCb0,https://www.youtube.com/watch?v=SzziH-bHCb0,Making Soy Wax Candles with Crackling Wooden Wicks,857.0,storyboard,83,664.78,672.79,8.01,https://youtu.be/SzziH-bHCb0?t=665s,pour_wax,assemble,1,0.45,Pouring/finishing the jar candles.,"Pouring/finishing the jar candles. assemble phase, ~78% in, 11:04–11:12.",,0,,,,,,,1,,
SzziH-bHCb0,https://www.youtube.com/watch?v=SzziH-bHCb0,Making Soy Wax Candles with Crackling Wooden Wicks,857.0,storyboard,84,672.79,680.79,8.0,https://youtu.be/SzziH-bHCb0?t=673s,pour_wax,assemble,1,0.5,Host talks at the counter.,"Host talks at the counter. Pouring the melted wax from the pitcher into the prepared container. assemble phase, ~79% in, 11:12–11:20.",,0,,,,,,,1,,
SzziH-bHCb0,https://www.youtube.com/watch?v=SzziH-bHCb0,Making Soy Wax Candles with Crackling Wooden Wicks,857.0,storyboard,85,680.79,688.8,8.01,https://youtu.be/SzziH-bHCb0?t=681s,pour_wax,assemble,1,0.45,Pouring/finishing the jar candles.,"Pouring/finishing the jar candles. assemble phase, ~79% in, 11:20–11:28.",,0,,,,,,,1,,
SzziH-bHCb0,https://www.youtube.com/watch?v=SzziH-bHCb0,Making Soy Wax Candles with Crackling Wooden Wicks,857.0,storyboard,86,688.8,696.81,8.01,https://youtu.be/SzziH-bHCb0?t=689s,pour_wax,assemble,1,0.45,Pouring/finishing the jar candles.,"Pouring/finishing the jar candles. assemble phase, ~80% in, 11:28–11:36.",,0,,,,,,,1,,
SzziH-bHCb0,https://www.youtube.com/watch?v=SzziH-bHCb0,Making Soy Wax Candles with Crackling Wooden Wicks,857.0,storyboard,87,696.81,704.82,8.01,https://youtu.be/SzziH-bHCb0?t=697s,pour_wax,assemble,1,0.45,Pouring/finishing the jar candles.,"Pouring/finishing the jar candles. assemble phase, ~81% in, 11:36–11:44.",,0,,,,,,,1,,
SzziH-bHCb0,https://www.youtube.com/watch?v=SzziH-bHCb0,Making Soy Wax Candles with Crackling Wooden Wicks,857.0,storyboard,88,704.82,712.83,8.01,https://youtu.be/SzziH-bHCb0?t=705s,pour_wax,assemble,1,0.5,Host talks at the counter.,"Host talks at the counter. Pouring the melted wax from the pitcher into the prepared container. assemble phase, ~82% in, 11:44–11:52.",,0,,,,,,,1,,
SzziH-bHCb0,https://www.youtube.com/watch?v=SzziH-bHCb0,Making Soy Wax Candles with Crackling Wooden Wicks,857.0,storyboard,89,712.83,720.84,8.01,https://youtu.be/SzziH-bHCb0?t=713s,pour_wax,assemble,1,0.45,Pouring/finishing the jar candles.,"Pouring/finishing the jar candles. assemble phase, ~83% in, 11:52–12:00.",,0,,,,,,,1,,
SzziH-bHCb0,https://www.youtube.com/watch?v=SzziH-bHCb0,Making Soy Wax Candles with Crackling Wooden Wicks,857.0,storyboard,90,720.84,728.85,8.01,https://youtu.be/SzziH-bHCb0?t=721s,pour_wax,assemble,1,0.45,Pouring/finishing the jar candles.,"Pouring/finishing the jar candles. assemble phase, ~84% in, 12:00–12:08.",,0,,,,,,,1,,
SzziH-bHCb0,https://www.youtube.com/watch?v=SzziH-bHCb0,Making Soy Wax Candles with Crackling Wooden Wicks,857.0,storyboard,91,728.85,736.86,8.01,https://youtu.be/SzziH-bHCb0?t=729s,pour_wax,assemble,1,0.45,Pouring/finishing the jar candles.,"Pouring/finishing the jar candles. assemble phase, ~85% in, 12:08–12:16.",,0,,,,,,,1,,
SzziH-bHCb0,https://www.youtube.com/watch?v=SzziH-bHCb0,Making Soy Wax Candles with Crackling Wooden Wicks,857.0,storyboard,92,736.86,744.87,8.01,https://youtu.be/SzziH-bHCb0?t=737s,pour_wax,assemble,1,0.5,Host talks at the counter.,"Host talks at the counter. Pouring the melted wax from the pitcher into the prepared container. assemble phase, ~86% in, 12:16–12:24.",,0,,,,,,,1,,
SzziH-bHCb0,https://www.youtube.com/watch?v=SzziH-bHCb0,Making Soy Wax Candles with Crackling Wooden Wicks,857.0,storyboard,93,744.87,752.88,8.01,https://youtu.be/SzziH-bHCb0?t=745s,pour_wax,assemble,1,0.45,Pouring/finishing the jar candles.,"Pouring/finishing the jar candles. assemble phase, ~87% in, 12:24–12:32.",,0,,,,,,,1,,
SzziH-bHCb0,https://www.youtube.com/watch?v=SzziH-bHCb0,Making Soy Wax Candles with Crackling Wooden Wicks,857.0,storyboard,94,752.88,760.89,8.01,https://youtu.be/SzziH-bHCb0?t=753s,pour_wax,assemble,1,0.45,Pouring/finishing the jar candles.,"Pouring/finishing the jar candles. assemble phase, ~88% in, 12:32–12:40.",,0,,,,,,,1,,
SzziH-bHCb0,https://www.youtube.com/watch?v=SzziH-bHCb0,Making Soy Wax Candles with Crackling Wooden Wicks,857.0,storyboard,95,760.89,768.9,8.01,https://youtu.be/SzziH-bHCb0?t=761s,pour_wax,assemble,1,0.45,Pouring/finishing the jar candles.,"Pouring/finishing the jar candles. assemble phase, ~89% in, 12:40–12:48.",,0,,,,,,,1,,
T5dzL3dyfeU,https://www.youtube.com/watch?v=T5dzL3dyfeU,"candle studio vlog | organizing inventory, packing orders, new candle molds, candle-making",643.0,storyboard,4,32.15,40.19,8.04,https://youtu.be/T5dzL3dyfeU?t=32s,pour_wax,assemble,1,0.45,Pouring the latte layers into a tall glass.,"Pouring the latte layers into a tall glass. assemble phase, ~5% in, 0:32–0:40.",,0,,,,,,,1,,
T5dzL3dyfeU,https://www.youtube.com/watch?v=T5dzL3dyfeU,"candle studio vlog | organizing inventory, packing orders, new candle molds, candle-making",643.0,storyboard,7,56.26,64.3,8.04,https://youtu.be/T5dzL3dyfeU?t=56s,pour_wax,assemble,1,0.45,Pouring the latte layers into a tall glass.,"Pouring the latte layers into a tall glass. assemble phase, ~9% in, 0:56–1:04.",,0,,,,,,,1,,
T5dzL3dyfeU,https://www.youtube.com/watch?v=T5dzL3dyfeU,"candle studio vlog | organizing inventory, packing orders, new candle molds, candle-making",643.0,storyboard,10,80.37,88.41,8.04,https://youtu.be/T5dzL3dyfeU?t=80s,pour_wax,assemble,1,0.45,Pouring the latte layers into a tall glass.,"Pouring the latte layers into a tall glass. assemble phase, ~12% in, 1:20–1:28.",,0,,,,,,,1,,
T5dzL3dyfeU,https://www.youtube.com/watch?v=T5dzL3dyfeU,"candle studio vlog | organizing inventory, packing orders, new candle molds, candle-making",643.0,storyboard,13,104.49,112.52,8.03,https://youtu.be/T5dzL3dyfeU?t=104s,pour_wax,assemble,1,0.45,Pouring the latte layers into a tall glass.,"Pouring the latte layers into a tall glass. assemble phase, ~16% in, 1:44–1:52.",,0,,,,,,,1,,
T5dzL3dyfeU,https://www.youtube.com/watch?v=T5dzL3dyfeU,"candle studio vlog | organizing inventory, packing orders, new candle molds, candle-making",643.0,storyboard,38,305.43,313.46,8.03,https://youtu.be/T5dzL3dyfeU?t=305s,pour_wax,assemble,1,0.5,Pouring brown 'coffee' wax into the cups.,"Pouring brown 'coffee' wax into the cups. assemble phase, ~48% in, 5:05–5:13.",,0,,,,,,,1,,
T5dzL3dyfeU,https://www.youtube.com/watch?v=T5dzL3dyfeU,"candle studio vlog | organizing inventory, packing orders, new candle molds, candle-making",643.0,storyboard,39,313.46,321.5,8.04,https://youtu.be/T5dzL3dyfeU?t=313s,pour_wax,assemble,1,0.5,Pouring brown 'coffee' wax into the cups.,"Pouring brown 'coffee' wax into the cups. assemble phase, ~49% in, 5:13–5:21.",,0,,,,,,,1,,
TNCR4em34hI,https://www.youtube.com/watch?v=TNCR4em34hI,DIY MINI ALTOIDS CANDLE [Prepping 365: #20],254.0,storyboard,14,111.12,119.06,7.94,https://youtu.be/TNCR4em34hI?t=111s,pour_wax,assemble,1,0.45,Amber wax poured into the open Altoids tin.,"Amber wax poured into the open Altoids tin. assemble phase, ~44% in, 1:51–1:59.",,0,,,,,,,1,,
TYdTLOd4q4Y,https://www.youtube.com/watch?v=TYdTLOd4q4Y,Start Your Own Profitable Candle Making Business! How to make Candles at home #businessideas #candle,553.0,storyboard,6,48.09,56.1,8.01,https://youtu.be/TYdTLOd4q4Y?t=48s,pour_wax,assemble,1,0.4,Rows of poured candles (b-roll).,"Rows of poured candles (b-roll). assemble phase, ~9% in, 0:48–0:56.",,0,,,,,,,1,,
TYdTLOd4q4Y,https://www.youtube.com/watch?v=TYdTLOd4q4Y,Start Your Own Profitable Candle Making Business! How to make Candles at home #businessideas #candle,553.0,storyboard,7,56.1,64.12,8.02,https://youtu.be/TYdTLOd4q4Y?t=56s,pour_wax,assemble,1,0.4,Pouring wax into a vessel.,"Pouring wax into a vessel. assemble phase, ~10% in, 0:56–1:04.",,0,,,,,,,1,,
TYdTLOd4q4Y,https://www.youtube.com/watch?v=TYdTLOd4q4Y,Start Your Own Profitable Candle Making Business! How to make Candles at home #businessideas #candle,553.0,storyboard,19,152.28,160.29,8.01,https://youtu.be/TYdTLOd4q4Y?t=152s,pour_wax,assemble,1,0.4,Pouring into a vessel (b-roll).,"Pouring into a vessel (b-roll). assemble phase, ~28% in, 2:32–2:40.",,0,,,,,,,1,,
TYdTLOd4q4Y,https://www.youtube.com/watch?v=TYdTLOd4q4Y,Start Your Own Profitable Candle Making Business! How to make Candles at home #businessideas #candle,553.0,storyboard,28,224.41,232.42,8.01,https://youtu.be/TYdTLOd4q4Y?t=224s,pour_wax,assemble,1,0.4,Pouring pink wax (b-roll).,"Pouring pink wax (b-roll). assemble phase, ~41% in, 3:44–3:52.",,0,,,,,,,1,,
TYdTLOd4q4Y,https://www.youtube.com/watch?v=TYdTLOd4q4Y,Start Your Own Profitable Candle Making Business! How to make Candles at home #businessideas #candle,553.0,storyboard,29,232.42,240.43,8.01,https://youtu.be/TYdTLOd4q4Y?t=232s,pour_wax,assemble,1,0.4,Pouring into a vessel.,"Pouring into a vessel. Pouring the melted wax from the pitcher into the prepared container. assemble phase, ~42% in, 3:52–4:00.",,0,,,,,,,1,,
TcpmRHRmLEA,https://www.youtube.com/watch?v=TcpmRHRmLEA,DIY CRAYON CANDLE - Home Decor - How To | SoCraftastic,297.0,storyboard,10,80.27,88.3,8.03,https://youtu.be/TcpmRHRmLEA?t=80s,pour_wax,assemble,1,0.5,Pouring a coloured wax layer into the glass (rainbow layers).,"Pouring a coloured wax layer into the glass (rainbow layers). assemble phase, ~27% in, 1:20–1:28.",,0,,,,,,,1,,
TcpmRHRmLEA,https://www.youtube.com/watch?v=TcpmRHRmLEA,DIY CRAYON CANDLE - Home Decor - How To | SoCraftastic,297.0,storyboard,11,88.3,96.32,8.02,https://youtu.be/TcpmRHRmLEA?t=88s,pour_wax,assemble,1,0.5,Pouring a coloured wax layer into the glass (rainbow layers).,"Pouring a coloured wax layer into the glass (rainbow layers). assemble phase, ~30% in, 1:28–1:36.",,0,,,,,,,1,,
TcpmRHRmLEA,https://www.youtube.com/watch?v=TcpmRHRmLEA,DIY CRAYON CANDLE - Home Decor - How To | SoCraftastic,297.0,storyboard,12,96.32,104.35,8.03,https://youtu.be/TcpmRHRmLEA?t=96s,pour_wax,assemble,1,0.5,Pouring a coloured wax layer into the glass (rainbow layers).,"Pouring a coloured wax layer into the glass (rainbow layers). assemble phase, ~32% in, 1:36–1:44.",,0,,,,,,,1,,
TcpmRHRmLEA,https://www.youtube.com/watch?v=TcpmRHRmLEA,DIY CRAYON CANDLE - Home Decor - How To | SoCraftastic,297.0,storyboard,13,104.35,112.38,8.03,https://youtu.be/TcpmRHRmLEA?t=104s,pour_wax,assemble,1,0.5,Pouring a coloured wax layer into the glass (rainbow layers).,"Pouring a coloured wax layer into the glass (rainbow layers). assemble phase, ~35% in, 1:44–1:52.",,0,,,,,,,1,,
TcpmRHRmLEA,https://www.youtube.com/watch?v=TcpmRHRmLEA,DIY CRAYON CANDLE - Home Decor - How To | SoCraftastic,297.0,storyboard,14,112.38,120.41,8.03,https://youtu.be/TcpmRHRmLEA?t=112s,pour_wax,assemble,1,0.5,Pouring a coloured wax layer into the glass (rainbow layers).,"Pouring a coloured wax layer into the glass (rainbow layers). assemble phase, ~38% in, 1:52–2:00.",,0,,,,,,,1,,
TcpmRHRmLEA,https://www.youtube.com/watch?v=TcpmRHRmLEA,DIY CRAYON CANDLE - Home Decor - How To | SoCraftastic,297.0,storyboard,15,120.41,128.43,8.02,https://youtu.be/TcpmRHRmLEA?t=120s,pour_wax,assemble,1,0.5,Pouring a coloured wax layer into the glass (rainbow layers).,"Pouring a coloured wax layer into the glass (rainbow layers). assemble phase, ~41% in, 2:00–2:08.",,0,,,,,,,1,,
TcpmRHRmLEA,https://www.youtube.com/watch?v=TcpmRHRmLEA,DIY CRAYON CANDLE - Home Decor - How To | SoCraftastic,297.0,storyboard,16,128.43,136.46,8.03,https://youtu.be/TcpmRHRmLEA?t=128s,pour_wax,assemble,1,0.5,Pouring a coloured wax layer into the glass (rainbow layers).,"Pouring a coloured wax layer into the glass (rainbow layers). assemble phase, ~43% in, 2:08–2:16.",,0,,,,,,,1,,
TcpmRHRmLEA,https://www.youtube.com/watch?v=TcpmRHRmLEA,DIY CRAYON CANDLE - Home Decor - How To | SoCraftastic,297.0,storyboard,17,136.46,144.49,8.03,https://youtu.be/TcpmRHRmLEA?t=136s,pour_wax,assemble,1,0.5,Pouring a coloured wax layer into the glass (rainbow layers).,"Pouring a coloured wax layer into the glass (rainbow layers). assemble phase, ~46% in, 2:16–2:24.",,0,,,,,,,1,,
TcpmRHRmLEA,https://www.youtube.com/watch?v=TcpmRHRmLEA,DIY CRAYON CANDLE - Home Decor - How To | SoCraftastic,297.0,storyboard,18,144.49,152.51,8.02,https://youtu.be/TcpmRHRmLEA?t=144s,pour_wax,assemble,1,0.5,Pouring a coloured wax layer into the glass (rainbow layers).,"Pouring a coloured wax layer into the glass (rainbow layers). assemble phase, ~49% in, 2:24–2:32.",,0,,,,,,,1,,
TcpmRHRmLEA,https://www.youtube.com/watch?v=TcpmRHRmLEA,DIY CRAYON CANDLE - Home Decor - How To | SoCraftastic,297.0,storyboard,19,152.51,160.54,8.03,https://youtu.be/TcpmRHRmLEA?t=153s,pour_wax,assemble,1,0.5,Pouring a coloured wax layer into the glass (rainbow layers).,"Pouring a coloured wax layer into the glass (rainbow layers). assemble phase, ~51% in, 2:32–2:40.",,0,,,,,,,1,,
ToGNCotyDeE,https://www.youtube.com/watch?v=ToGNCotyDeE,How to Make Candles With ToAuto New 15L Wax Melting Furnace - Start Your Candle Business Easily,246.0,storyboard,1,7.94,15.87,7.93,https://youtu.be/ToGNCotyDeE?t=8s,pour_wax,assemble,1,0.5,Pouring melted wax into rows of cups.,"Pouring melted wax into rows of cups. assemble phase, ~3% in, 0:07–0:15.",,0,,,,,,,1,,
ToGNCotyDeE,https://www.youtube.com/watch?v=ToGNCotyDeE,How to Make Candles With ToAuto New 15L Wax Melting Furnace - Start Your Candle Business Easily,246.0,storyboard,6,47.61,55.55,7.94,https://youtu.be/ToGNCotyDeE?t=48s,pour_wax,assemble,1,0.5,Pouring melted wax into rows of cups.,"Pouring melted wax into rows of cups. assemble phase, ~19% in, 0:47–0:55.",,0,,,,,,,1,,
ToGNCotyDeE,https://www.youtube.com/watch?v=ToGNCotyDeE,How to Make Candles With ToAuto New 15L Wax Melting Furnace - Start Your Candle Business Easily,246.0,storyboard,11,87.29,95.23,7.94,https://youtu.be/ToGNCotyDeE?t=87s,pour_wax,assemble,1,0.5,Pouring melted wax into rows of cups.,"Pouring melted wax into rows of cups. assemble phase, ~35% in, 1:27–1:35.",,0,,,,,,,1,,
ToGNCotyDeE,https://www.youtube.com/watch?v=ToGNCotyDeE,How to Make Candles With ToAuto New 15L Wax Melting Furnace - Start Your Candle Business Easily,246.0,storyboard,16,126.97,134.9,7.93,https://youtu.be/ToGNCotyDeE?t=127s,pour_wax,assemble,1,0.5,Pouring melted wax into rows of cups.,"Pouring melted wax into rows of cups. assemble phase, ~52% in, 2:06–2:14.",,0,,,,,,,1,,
ToGNCotyDeE,https://www.youtube.com/watch?v=ToGNCotyDeE,How to Make Candles With ToAuto New 15L Wax Melting Furnace - Start Your Candle Business Easily,246.0,storyboard,21,166.65,174.58,7.93,https://youtu.be/ToGNCotyDeE?t=167s,pour_wax,assemble,1,0.5,Pouring melted wax into rows of cups.,"Pouring melted wax into rows of cups. assemble phase, ~68% in, 2:46–2:54.",,0,,,,,,,1,,
ToGNCotyDeE,https://www.youtube.com/watch?v=ToGNCotyDeE,How to Make Candles With ToAuto New 15L Wax Melting Furnace - Start Your Candle Business Easily,246.0,storyboard,26,206.32,214.26,7.94,https://youtu.be/ToGNCotyDeE?t=206s,pour_wax,assemble,1,0.5,Pouring melted wax into rows of cups.,"Pouring melted wax into rows of cups. assemble phase, ~84% in, 3:26–3:34.",,0,,,,,,,1,,
Tr8qDI6L2aA,https://www.youtube.com/watch?v=Tr8qDI6L2aA,How to Make Palm Wax Candles,679.0,storyboard,16,127.81,135.8,7.99,https://youtu.be/Tr8qDI6L2aA?t=128s,pour_wax,assemble,1,0.45,Pouring palm wax into the glasses.,"Pouring palm wax into the glasses. assemble phase, ~19% in, 2:07–2:15.",,0,,,,,,,1,,
Tr8qDI6L2aA,https://www.youtube.com/watch?v=Tr8qDI6L2aA,How to Make Palm Wax Candles,679.0,storyboard,17,135.8,143.79,7.99,https://youtu.be/Tr8qDI6L2aA?t=136s,pour_wax,assemble,1,0.45,Pouring palm wax into the glasses.,"Pouring palm wax into the glasses. assemble phase, ~20% in, 2:15–2:23.",,0,,,,,,,1,,
Tr8qDI6L2aA,https://www.youtube.com/watch?v=Tr8qDI6L2aA,How to Make Palm Wax Candles,679.0,storyboard,18,143.79,151.78,7.99,https://youtu.be/Tr8qDI6L2aA?t=144s,pour_wax,assemble,1,0.45,Pouring palm wax into the glasses.,"Pouring palm wax into the glasses. assemble phase, ~21% in, 2:23–2:31.",,0,,,,,,,1,,
Tr8qDI6L2aA,https://www.youtube.com/watch?v=Tr8qDI6L2aA,How to Make Palm Wax Candles,679.0,storyboard,25,199.71,207.69,7.98,https://youtu.be/Tr8qDI6L2aA?t=200s,pour_wax,assemble,1,0.5,Pouring palm wax into the vessels.,"Pouring palm wax into the vessels. assemble phase, ~29% in, 3:19–3:27.",,0,,,,,,,1,,
Tr8qDI6L2aA,https://www.youtube.com/watch?v=Tr8qDI6L2aA,How to Make Palm Wax Candles,679.0,storyboard,71,567.16,575.15,7.99,https://youtu.be/Tr8qDI6L2aA?t=567s,pour_wax,assemble,1,0.5,Pouring palm wax into the vessels.,"Pouring palm wax into the vessels. assemble phase, ~84% in, 9:27–9:35.",,0,,,,,,,1,,
UH-OmRowiak,https://www.youtube.com/watch?v=UH-OmRowiak,Candle Making Process In Factory || How Candle Is Made,363.0,storyboard,4,32.27,40.33,8.06,https://youtu.be/UH-OmRowiak?t=32s,pour_wax,assemble,1,0.4,Factory: rows of white candles formed in metal moulds.,"Factory: rows of white candles formed in metal moulds. assemble phase, ~9% in, 0:32–0:40.",,0,,,,,,,1,,
UH-OmRowiak,https://www.youtube.com/watch?v=UH-OmRowiak,Candle Making Process In Factory || How Candle Is Made,363.0,storyboard,8,64.53,72.6,8.07,https://youtu.be/UH-OmRowiak?t=65s,pour_wax,assemble,1,0.4,Factory: rows of white candles formed in metal moulds.,"Factory: rows of white candles formed in metal moulds. assemble phase, ~18% in, 1:04–1:12.",,0,,,,,,,1,,
UH-OmRowiak,https://www.youtube.com/watch?v=UH-OmRowiak,Candle Making Process In Factory || How Candle Is Made,363.0,storyboard,20,161.33,169.4,8.07,https://youtu.be/UH-OmRowiak?t=161s,pour_wax,assemble,1,0.4,Factory: rows of white candles formed in metal moulds.,"Factory: rows of white candles formed in metal moulds. assemble phase, ~44% in, 2:41–2:49.",,0,,,,,,,1,,
UH-OmRowiak,https://www.youtube.com/watch?v=UH-OmRowiak,Candle Making Process In Factory || How Candle Is Made,363.0,storyboard,24,193.6,201.67,8.07,https://youtu.be/UH-OmRowiak?t=194s,pour_wax,assemble,1,0.4,Factory: rows of white candles formed in metal moulds.,"Factory: rows of white candles formed in metal moulds. assemble phase, ~53% in, 3:13–3:21.",,0,,,,,,,1,,
UH-OmRowiak,https://www.youtube.com/watch?v=UH-OmRowiak,Candle Making Process In Factory || How Candle Is Made,363.0,storyboard,28,225.87,233.93,8.06,https://youtu.be/UH-OmRowiak?t=226s,pour_wax,assemble,1,0.4,Factory: rows of white candles formed in metal moulds.,"Factory: rows of white candles formed in metal moulds. assemble phase, ~62% in, 3:45–3:53.",,0,,,,,,,1,,
Ucr1PgqwuCU,https://www.youtube.com/watch?v=Ucr1PgqwuCU,How to Make Coconut Oil Scented Candles | Thrive Market,230.0,storyboard,17,134.83,142.76,7.93,https://youtu.be/Ucr1PgqwuCU?t=135s,pour_wax,assemble,1,0.5,Pour readied from the pot.,"Pour readied from the pot. assemble phase, ~59% in, 2:14–2:22.",,0,,,,,,,1,,
Ucr1PgqwuCU,https://www.youtube.com/watch?v=Ucr1PgqwuCU,How to Make Coconut Oil Scented Candles | Thrive Market,230.0,storyboard,18,142.76,150.69,7.93,https://youtu.be/Ucr1PgqwuCU?t=143s,pour_wax,assemble,1,0.6,Molten wax poured into the jars.,"Molten wax poured into the jars. assemble phase, ~62% in, 2:22–2:30.",,0,,,,,,,1,,
Ucr1PgqwuCU,https://www.youtube.com/watch?v=Ucr1PgqwuCU,How to Make Coconut Oil Scented Candles | Thrive Market,230.0,storyboard,19,150.69,158.62,7.93,https://youtu.be/Ucr1PgqwuCU?t=151s,pour_wax,assemble,1,0.6,Jars filling with wax; host intercut.,"Jars filling with wax; host intercut. assemble phase, ~66% in, 2:30–2:38.",,0,,,,,,,1,,
UrFrR3p0B3A,https://www.youtube.com/watch?v=UrFrR3p0B3A,"DIY Candle Jars with Jesmonite | aesthetic candle vessels, Boowan Nicole molds | handmade gift ideas",399.0,storyboard,29,231.42,239.4,7.98,https://youtu.be/UrFrR3p0B3A?t=231s,pour_wax,assemble,1,0.6,Yellow wax poured into the Jesmonite jar.,"Yellow wax poured into the Jesmonite jar. assemble phase, ~58% in, 3:51–3:59.",,0,,,,,,,1,,
UrFrR3p0B3A,https://www.youtube.com/watch?v=UrFrR3p0B3A,"DIY Candle Jars with Jesmonite | aesthetic candle vessels, Boowan Nicole molds | handmade gift ideas",399.0,storyboard,30,239.4,247.38,7.98,https://youtu.be/UrFrR3p0B3A?t=239s,pour_wax,assemble,1,0.6,Pouring wax into the jars.,"Pouring wax into the jars. assemble phase, ~60% in, 3:59–4:07.",,0,,,,,,,1,,
UrFrR3p0B3A,https://www.youtube.com/watch?v=UrFrR3p0B3A,"DIY Candle Jars with Jesmonite | aesthetic candle vessels, Boowan Nicole molds | handmade gift ideas",399.0,storyboard,31,247.38,255.36,7.98,https://youtu.be/UrFrR3p0B3A?t=247s,pour_wax,assemble,1,0.55,Jars filled with wax around the wicks.,"Jars filled with wax around the wicks. assemble phase, ~62% in, 4:07–4:15. Terminology: sinkhole.",,0,,,,,,,1,,
UrFrR3p0B3A,https://www.youtube.com/watch?v=UrFrR3p0B3A,"DIY Candle Jars with Jesmonite | aesthetic candle vessels, Boowan Nicole molds | handmade gift ideas",399.0,storyboard,40,319.2,327.18,7.98,https://youtu.be/UrFrR3p0B3A?t=319s,pour_wax,assemble,1,0.55,Wax poured into a jar.,"Wax poured into a jar. Pouring the melted wax from the pitcher into the prepared container. assemble phase, ~80% in, 5:19–5:27.",,0,,,,,,,1,,
UvgHUG48cgE,https://www.youtube.com/watch?v=UvgHUG48cgE,"STEP BY STEP: How I Make My 6 oz. Tin Soy Candles | Formula, First Burn Test, Visual Demonstration",734.0,storyboard,81,646.24,654.22,7.98,https://youtu.be/UvgHUG48cgE?t=646s,pour_wax,assemble,1,0.5,Pouring wax into the grey tin.,"Pouring wax into the grey tin. assemble phase, ~88% in, 10:46–10:54.",,0,,,,,,,1,,
UvgHUG48cgE,https://www.youtube.com/watch?v=UvgHUG48cgE,"STEP BY STEP: How I Make My 6 oz. Tin Soy Candles | Formula, First Burn Test, Visual Demonstration",734.0,storyboard,82,654.22,662.2,7.98,https://youtu.be/UvgHUG48cgE?t=654s,pour_wax,assemble,1,0.5,Pouring wax into the grey tin.,"Pouring wax into the grey tin. assemble phase, ~89% in, 10:54–11:02.",,0,,,,,,,1,,
UvgHUG48cgE,https://www.youtube.com/watch?v=UvgHUG48cgE,"STEP BY STEP: How I Make My 6 oz. Tin Soy Candles | Formula, First Burn Test, Visual Demonstration",734.0,storyboard,83,662.2,670.17,7.97,https://youtu.be/UvgHUG48cgE?t=662s,pour_wax,assemble,1,0.5,Pouring wax into the grey tin.,"Pouring wax into the grey tin. assemble phase, ~90% in, 11:02–11:10.",,0,,,,,,,1,,
V50SgBW1bRM,https://www.youtube.com/watch?v=V50SgBW1bRM,🔥 Watch Me Make Luxury Pillar Candles! | Get My Exact Recipe in the Ultimate Candle-Making eBook! 🔥,546.0,storyboard,3,24.09,32.12,8.03,https://youtu.be/V50SgBW1bRM?t=24s,pour_wax,assemble,1,0.45,Black-gloved hands pour/mould yellow pillar candles.,"Black-gloved hands pour/mould yellow pillar candles. assemble phase, ~4% in, 0:24–0:32.",,0,,,,,,,1,,
V50SgBW1bRM,https://www.youtube.com/watch?v=V50SgBW1bRM,🔥 Watch Me Make Luxury Pillar Candles! | Get My Exact Recipe in the Ultimate Candle-Making eBook! 🔥,546.0,storyboard,7,56.21,64.24,8.03,https://youtu.be/V50SgBW1bRM?t=56s,pour_wax,assemble,1,0.45,Black-gloved hands pour/mould yellow pillar candles.,"Black-gloved hands pour/mould yellow pillar candles. assemble phase, ~10% in, 0:56–1:04.",,0,,,,,,,1,,
V50SgBW1bRM,https://www.youtube.com/watch?v=V50SgBW1bRM,🔥 Watch Me Make Luxury Pillar Candles! | Get My Exact Recipe in the Ultimate Candle-Making eBook! 🔥,546.0,storyboard,26,208.76,216.79,8.03,https://youtu.be/V50SgBW1bRM?t=209s,pour_wax,assemble,1,0.5,Pouring wax into the pillar moulds.,"Pouring wax into the pillar moulds. assemble phase, ~38% in, 3:28–3:36. Terminology: pillar candle.",,0,,,,,,,1,,
V50SgBW1bRM,https://www.youtube.com/watch?v=V50SgBW1bRM,🔥 Watch Me Make Luxury Pillar Candles! | Get My Exact Recipe in the Ultimate Candle-Making eBook! 🔥,546.0,storyboard,27,216.79,224.82,8.03,https://youtu.be/V50SgBW1bRM?t=217s,pour_wax,assemble,1,0.5,Pouring wax into the pillar moulds.,"Pouring wax into the pillar moulds. assemble phase, ~40% in, 3:36–3:44. Terminology: pillar candle.",,0,,,,,,,1,,
V50SgBW1bRM,https://www.youtube.com/watch?v=V50SgBW1bRM,🔥 Watch Me Make Luxury Pillar Candles! | Get My Exact Recipe in the Ultimate Candle-Making eBook! 🔥,546.0,storyboard,28,224.82,232.85,8.03,https://youtu.be/V50SgBW1bRM?t=225s,pour_wax,assemble,1,0.5,Melting yellow wax in the silver melter.,"Melting yellow wax in the silver melter. assemble phase, ~41% in, 3:44–3:52.",,0,,,,,,,1,,
V50SgBW1bRM,https://www.youtube.com/watch?v=V50SgBW1bRM,🔥 Watch Me Make Luxury Pillar Candles! | Get My Exact Recipe in the Ultimate Candle-Making eBook! 🔥,546.0,storyboard,29,232.85,240.88,8.03,https://youtu.be/V50SgBW1bRM?t=233s,pour_wax,assemble,1,0.5,Pouring wax into the pillar moulds.,"Pouring wax into the pillar moulds. assemble phase, ~43% in, 3:52–4:00. Terminology: pillar candle.",,0,,,,,,,1,,
V50SgBW1bRM,https://www.youtube.com/watch?v=V50SgBW1bRM,🔥 Watch Me Make Luxury Pillar Candles! | Get My Exact Recipe in the Ultimate Candle-Making eBook! 🔥,546.0,storyboard,30,240.88,248.91,8.03,https://youtu.be/V50SgBW1bRM?t=241s,pour_wax,assemble,1,0.5,Pouring wax into the pillar moulds.,"Pouring wax into the pillar moulds. assemble phase, ~44% in, 4:00–4:08. Terminology: pillar candle.",,0,,,,,,,1,,
V50SgBW1bRM,https://www.youtube.com/watch?v=V50SgBW1bRM,🔥 Watch Me Make Luxury Pillar Candles! | Get My Exact Recipe in the Ultimate Candle-Making eBook! 🔥,546.0,storyboard,31,248.91,256.94,8.03,https://youtu.be/V50SgBW1bRM?t=249s,pour_wax,assemble,1,0.5,Pouring wax into the pillar moulds.,"Pouring wax into the pillar moulds. assemble phase, ~46% in, 4:08–4:16. Terminology: pillar candle.",,0,,,,,,,1,,
VazMrJH55Is,https://www.youtube.com/watch?v=VazMrJH55Is,Honey Vanilla Beeswax Candles | How to Make Candles,419.0,storyboard,24,193.38,201.44,8.06,https://youtu.be/VazMrJH55Is?t=193s,pour_wax,assemble,1,0.5,Honey-coloured wax poured into a jar.,"Honey-coloured wax poured into a jar. assemble phase, ~46% in, 3:13–3:21.",,0,,,,,,,1,,
VazMrJH55Is,https://www.youtube.com/watch?v=VazMrJH55Is,Honey Vanilla Beeswax Candles | How to Make Candles,419.0,storyboard,25,201.44,209.5,8.06,https://youtu.be/VazMrJH55Is?t=201s,pour_wax,assemble,1,0.5,Host talks to camera.,"Host talks to camera. Pouring the melted wax from the pitcher into the prepared container. assemble phase, ~48% in, 3:21–3:29.",,0,,,,,,,1,,
VazMrJH55Is,https://www.youtube.com/watch?v=VazMrJH55Is,Honey Vanilla Beeswax Candles | How to Make Candles,419.0,storyboard,26,209.5,217.56,8.06,https://youtu.be/VazMrJH55Is?t=210s,pour_wax,assemble,1,0.5,Pouring wax into the jars.,"Pouring wax into the jars. assemble phase, ~50% in, 3:29–3:37.",,0,,,,,,,1,,
Vp4eR_y0Zsc,https://www.youtube.com/watch?v=Vp4eR_y0Zsc,Candle Making DIY bubble Candle | Make aesthetic candles with me! |큐브캔들 만들기,509.0,storyboard,3,23.86,31.81,7.95,https://youtu.be/Vp4eR_y0Zsc?t=24s,pour_wax,assemble,1,0.45,Pouring wax into bubble/cube silicone moulds.,"Pouring wax into bubble/cube silicone moulds. assemble phase, ~5% in, 0:23–0:31.",,0,,,,,,,1,,
Vp4eR_y0Zsc,https://www.youtube.com/watch?v=Vp4eR_y0Zsc,Candle Making DIY bubble Candle | Make aesthetic candles with me! |큐브캔들 만들기,509.0,storyboard,6,47.72,55.67,7.95,https://youtu.be/Vp4eR_y0Zsc?t=48s,pour_wax,assemble,1,0.45,Pouring wax into bubble/cube silicone moulds.,"Pouring wax into bubble/cube silicone moulds. assemble phase, ~9% in, 0:47–0:55.",,0,,,,,,,1,,
Vp4eR_y0Zsc,https://www.youtube.com/watch?v=Vp4eR_y0Zsc,Candle Making DIY bubble Candle | Make aesthetic candles with me! |큐브캔들 만들기,509.0,storyboard,9,71.58,79.53,7.95,https://youtu.be/Vp4eR_y0Zsc?t=72s,pour_wax,assemble,1,0.45,Pouring wax into bubble/cube silicone moulds.,"Pouring wax into bubble/cube silicone moulds. assemble phase, ~14% in, 1:11–1:19.",,0,,,,,,,1,,
Vp4eR_y0Zsc,https://www.youtube.com/watch?v=Vp4eR_y0Zsc,Candle Making DIY bubble Candle | Make aesthetic candles with me! |큐브캔들 만들기,509.0,storyboard,12,95.44,103.39,7.95,https://youtu.be/Vp4eR_y0Zsc?t=95s,pour_wax,assemble,1,0.45,Pouring wax into bubble/cube silicone moulds.,"Pouring wax into bubble/cube silicone moulds. assemble phase, ~19% in, 1:35–1:43.",,0,,,,,,,1,,
Vp4eR_y0Zsc,https://www.youtube.com/watch?v=Vp4eR_y0Zsc,Candle Making DIY bubble Candle | Make aesthetic candles with me! |큐브캔들 만들기,509.0,storyboard,15,119.3,127.25,7.95,https://youtu.be/Vp4eR_y0Zsc?t=119s,pour_wax,assemble,1,0.45,Pouring wax into bubble/cube silicone moulds.,"Pouring wax into bubble/cube silicone moulds. assemble phase, ~23% in, 1:59–2:07.",,0,,,,,,,1,,
Vp4eR_y0Zsc,https://www.youtube.com/watch?v=Vp4eR_y0Zsc,Candle Making DIY bubble Candle | Make aesthetic candles with me! |큐브캔들 만들기,509.0,storyboard,18,143.16,151.11,7.95,https://youtu.be/Vp4eR_y0Zsc?t=143s,pour_wax,assemble,1,0.45,Pouring wax into bubble/cube silicone moulds.,"Pouring wax into bubble/cube silicone moulds. assemble phase, ~28% in, 2:23–2:31.",,0,,,,,,,1,,
Vp4eR_y0Zsc,https://www.youtube.com/watch?v=Vp4eR_y0Zsc,Candle Making DIY bubble Candle | Make aesthetic candles with me! |큐브캔들 만들기,509.0,storyboard,21,167.02,174.97,7.95,https://youtu.be/Vp4eR_y0Zsc?t=167s,pour_wax,assemble,1,0.45,Pouring wax into bubble/cube silicone moulds.,"Pouring wax into bubble/cube silicone moulds. assemble phase, ~33% in, 2:47–2:54.",,0,,,,,,,1,,
Vsd8r7uSDII,https://www.youtube.com/watch?v=Vsd8r7uSDII,How To Make A Wooden Wick Candle | Luxury Candle Making,288.0,storyboard,24,192.0,200.0,8.0,https://youtu.be/Vsd8r7uSDII?t=192s,pour_wax,assemble,1,0.55,Pour readied from the pot on the stove.,"Pour readied from the pot on the stove. assemble phase, ~67% in, 3:12–3:20.",,0,,,,,,,1,,
Vsd8r7uSDII,https://www.youtube.com/watch?v=Vsd8r7uSDII,How To Make A Wooden Wick Candle | Luxury Candle Making,288.0,storyboard,25,200.0,208.0,8.0,https://youtu.be/Vsd8r7uSDII?t=200s,pour_wax,assemble,1,0.65,Amber wax poured into glasses fitted with wooden wicks.,"Amber wax poured into glasses fitted with wooden wicks. assemble phase, ~69% in, 3:20–3:28. Terminology: container candle.",,0,,,,,,,1,,
Vsd8r7uSDII,https://www.youtube.com/watch?v=Vsd8r7uSDII,How To Make A Wooden Wick Candle | Luxury Candle Making,288.0,storyboard,26,208.0,216.0,8.0,https://youtu.be/Vsd8r7uSDII?t=208s,pour_wax,assemble,1,0.65,Glasses with wooden wicks being filled.,"Glasses with wooden wicks being filled. assemble phase, ~72% in, 3:28–3:36.",,0,,,,,,,1,,
Vsd8r7uSDII,https://www.youtube.com/watch?v=Vsd8r7uSDII,How To Make A Wooden Wick Candle | Luxury Candle Making,288.0,storyboard,27,216.0,224.0,8.0,https://youtu.be/Vsd8r7uSDII?t=216s,pour_wax,assemble,1,0.6,Amber wax poured into the wooden-wick glasses.,"Amber wax poured into the wooden-wick glasses. assemble phase, ~75% in, 3:36–3:44. Terminology: container candle.",,0,,,,,,,1,,
Vsd8r7uSDII,https://www.youtube.com/watch?v=Vsd8r7uSDII,How To Make A Wooden Wick Candle | Luxury Candle Making,288.0,storyboard,28,224.0,232.0,8.0,https://youtu.be/Vsd8r7uSDII?t=224s,pour_wax,assemble,1,0.55,Glasses filled with amber wax around the wooden wicks.,"Glasses filled with amber wax around the wooden wicks. assemble phase, ~78% in, 3:44–3:52. Terminology: sinkhole.",,0,,,,,,,1,,
W_CSmi19gys,https://www.youtube.com/watch?v=W_CSmi19gys,"Candle Making With Coconut Wax Blends (Basics, Tips & Fragrance Testing)",546.0,storyboard,60,481.76,489.79,8.03,https://youtu.be/W_CSmi19gys?t=482s,pour_wax,assemble,1,0.45,Overhead pour into a jar (b-roll).,"Overhead pour into a jar (b-roll). assemble phase, ~88% in, 8:01–8:09.",,0,,,,,,,1,,
WfkIQ899U7M,https://www.youtube.com/watch?v=WfkIQ899U7M,Making a Batch of Candles and Packing an Order | Silent Studio Vlog,240.0,storyboard,7,56.0,64.0,8.0,https://youtu.be/WfkIQ899U7M?t=56s,pour_wax,assemble,1,0.5,Pouring amber wax into the jars.,"Pouring amber wax into the jars. assemble phase, ~23% in, 0:56–1:04.",,0,,,,,,,1,,
WfkIQ899U7M,https://www.youtube.com/watch?v=WfkIQ899U7M,Making a Batch of Candles and Packing an Order | Silent Studio Vlog,240.0,storyboard,8,64.0,72.0,8.0,https://youtu.be/WfkIQ899U7M?t=64s,pour_wax,assemble,1,0.4,Hands with a jar/lid.,"Hands with a jar/lid. Pouring the melted wax from the pitcher into the prepared container. assemble phase, ~27% in, 1:04–1:12.",,0,,,,,,,1,,
WfkIQ899U7M,https://www.youtube.com/watch?v=WfkIQ899U7M,Making a Batch of Candles and Packing an Order | Silent Studio Vlog,240.0,storyboard,9,72.0,80.0,8.0,https://youtu.be/WfkIQ899U7M?t=72s,pour_wax,assemble,1,0.5,Pouring from the melter into jars.,"Pouring from the melter into jars. assemble phase, ~30% in, 1:12–1:20.",,0,,,,,,,1,,
WfkIQ899U7M,https://www.youtube.com/watch?v=WfkIQ899U7M,Making a Batch of Candles and Packing an Order | Silent Studio Vlog,240.0,storyboard,10,80.0,88.0,8.0,https://youtu.be/WfkIQ899U7M?t=80s,pour_wax,assemble,1,0.45,Silver melter pot.,"Silver melter pot. Pouring the melted wax from the pitcher into the prepared container. assemble phase, ~33% in, 1:20–1:28.",,0,,,,,,,1,,
WfkIQ899U7M,https://www.youtube.com/watch?v=WfkIQ899U7M,Making a Batch of Candles and Packing an Order | Silent Studio Vlog,240.0,storyboard,11,88.0,96.0,8.0,https://youtu.be/WfkIQ899U7M?t=88s,pour_wax,assemble,1,0.45,Filling a jar with wax.,"Filling a jar with wax. Pouring the melted wax from the pitcher into the prepared container. assemble phase, ~37% in, 1:28–1:36. Terminology: repour.",,0,,,,,,,1,,
WfkIQ899U7M,https://www.youtube.com/watch?v=WfkIQ899U7M,Making a Batch of Candles and Packing an Order | Silent Studio Vlog,240.0,storyboard,12,96.0,104.0,8.0,https://youtu.be/WfkIQ899U7M?t=96s,pour_wax,assemble,1,0.45,Rows of amber jars poured.,"Rows of amber jars poured. assemble phase, ~40% in, 1:36–1:44.",,0,,,,,,,1,,
XQFs4G5sIlU,https://www.youtube.com/watch?v=XQFs4G5sIlU,Strawberry Matcha Candle 🍓🕯️ Easy beginner tutorial | Aesthetic & Trendy,407.0,storyboard,24,191.53,199.51,7.98,https://youtu.be/XQFs4G5sIlU?t=192s,pour_wax,assemble,1,0.5,Pouring the green matcha wax layer into the glass.,"Pouring the green matcha wax layer into the glass. assemble phase, ~47% in, 3:11–3:19.",,0,,,,,,,1,,
XQFs4G5sIlU,https://www.youtube.com/watch?v=XQFs4G5sIlU,Strawberry Matcha Candle 🍓🕯️ Easy beginner tutorial | Aesthetic & Trendy,407.0,storyboard,25,199.51,207.49,7.98,https://youtu.be/XQFs4G5sIlU?t=200s,pour_wax,assemble,1,0.5,Pouring the green matcha wax layer into the glass.,"Pouring the green matcha wax layer into the glass. assemble phase, ~49% in, 3:19–3:27.",,0,,,,,,,1,,
XZlZJW9EBbI,https://www.youtube.com/watch?v=XZlZJW9EBbI,DIY Water Candle / NO WAX Candles / PAANI se banaye candle / Diwali Special / Homemade Candles / How,121.0,storyboard,4,32.27,40.33,8.06,https://youtu.be/XZlZJW9EBbI?t=32s,pour_wax,assemble,1,0.4,An oil layer added over the blue water candle.,"An oil layer added over the blue water candle. assemble phase, ~27% in, 0:32–0:40.",,0,,,,,,,1,,
YspjuWix8TM,https://www.youtube.com/watch?v=YspjuWix8TM,DIY LUXURY CANDLES | STEP BY STEP CANDLE MAKING,483.0,storyboard,11,88.55,96.6,8.05,https://youtu.be/YspjuWix8TM?t=89s,pour_wax,assemble,1,0.45,Pouring amber wax into the glasses (orange wick bars).,"Pouring amber wax into the glasses (orange wick bars). assemble phase, ~18% in, 1:28–1:36.",,0,,,,,,,1,,
YspjuWix8TM,https://www.youtube.com/watch?v=YspjuWix8TM,DIY LUXURY CANDLES | STEP BY STEP CANDLE MAKING,483.0,storyboard,12,96.6,104.65,8.05,https://youtu.be/YspjuWix8TM?t=97s,pour_wax,assemble,1,0.45,Pouring amber wax into the glasses (orange wick bars).,"Pouring amber wax into the glasses (orange wick bars). assemble phase, ~20% in, 1:36–1:44.",,0,,,,,,,1,,
YspjuWix8TM,https://www.youtube.com/watch?v=YspjuWix8TM,DIY LUXURY CANDLES | STEP BY STEP CANDLE MAKING,483.0,storyboard,13,104.65,112.7,8.05,https://youtu.be/YspjuWix8TM?t=105s,pour_wax,assemble,1,0.45,Pouring amber wax into the glasses (orange wick bars).,"Pouring amber wax into the glasses (orange wick bars). assemble phase, ~22% in, 1:44–1:52.",,0,,,,,,,1,,
YspjuWix8TM,https://www.youtube.com/watch?v=YspjuWix8TM,DIY LUXURY CANDLES | STEP BY STEP CANDLE MAKING,483.0,storyboard,14,112.7,120.75,8.05,https://youtu.be/YspjuWix8TM?t=113s,pour_wax,assemble,1,0.45,Pouring amber wax into the glasses (orange wick bars).,"Pouring amber wax into the glasses (orange wick bars). assemble phase, ~23% in, 1:52–2:00.",,0,,,,,,,1,,
YspjuWix8TM,https://www.youtube.com/watch?v=YspjuWix8TM,DIY LUXURY CANDLES | STEP BY STEP CANDLE MAKING,483.0,storyboard,15,120.75,128.8,8.05,https://youtu.be/YspjuWix8TM?t=121s,pour_wax,assemble,1,0.45,Pouring amber wax into the glasses (orange wick bars).,"Pouring amber wax into the glasses (orange wick bars). assemble phase, ~25% in, 2:00–2:08.",,0,,,,,,,1,,
YspjuWix8TM,https://www.youtube.com/watch?v=YspjuWix8TM,DIY LUXURY CANDLES | STEP BY STEP CANDLE MAKING,483.0,storyboard,16,128.8,136.85,8.05,https://youtu.be/YspjuWix8TM?t=129s,pour_wax,assemble,1,0.45,Pouring amber wax into the glasses (orange wick bars).,"Pouring amber wax into the glasses (orange wick bars). assemble phase, ~27% in, 2:08–2:16.",,0,,,,,,,1,,
ZP19teGrsDU,https://www.youtube.com/watch?v=ZP19teGrsDU,How to make an EcoSoya Container Candle,282.0,storyboard,19,153.09,161.14,8.05,https://youtu.be/ZP19teGrsDU?t=153s,pour_wax,assemble,1,0.45,Pouring wax from a pot.,"Pouring wax from a pot. Pouring the melted wax from the pitcher into the prepared container. assemble phase, ~54% in, 2:33–2:41.",,0,,,,,,,1,,
ZQk9l2ttcIA,https://www.youtube.com/watch?v=ZQk9l2ttcIA,A Beginners Guide To Making A Candle,256.0,storyboard,16,128.0,136.0,8.0,https://youtu.be/ZQk9l2ttcIA?t=128s,pour_wax,assemble,1,0.75,pouring wax into glass,"pouring wax into glass. Pouring the melted wax from the pitcher into the prepared container. assemble phase, ~50% in, 2:08–2:16.",,0,,,,,,,1,,
ZQk9l2ttcIA,https://www.youtube.com/watch?v=ZQk9l2ttcIA,A Beginners Guide To Making A Candle,256.0,storyboard,17,136.0,144.0,8.0,https://youtu.be/ZQk9l2ttcIA?t=136s,pour_wax,assemble,1,0.8,pouring into glasses,"pouring into glasses. Pouring the melted wax from the pitcher into the prepared container. assemble phase, ~53% in, 2:16–2:24.",,0,,,,,,,1,,
ZQk9l2ttcIA,https://www.youtube.com/watch?v=ZQk9l2ttcIA,A Beginners Guide To Making A Candle,256.0,storyboard,18,144.0,152.0,8.0,https://youtu.be/ZQk9l2ttcIA?t=144s,pour_wax,assemble,1,0.4,pink/red colour appears,"pink/red colour appears. Pouring the melted wax from the pitcher into the prepared container. assemble phase, ~56% in, 2:24–2:32.",,0,,,,,,,1,,
ZQk9l2ttcIA,https://www.youtube.com/watch?v=ZQk9l2ttcIA,A Beginners Guide To Making A Candle,256.0,storyboard,19,152.0,160.0,8.0,https://youtu.be/ZQk9l2ttcIA?t=152s,pour_wax,assemble,1,0.7,pouring pink wax into glasses,"pouring pink wax into glasses. assemble phase, ~59% in, 2:32–2:40.",,0,,,,,,,1,,
ZQk9l2ttcIA,https://www.youtube.com/watch?v=ZQk9l2ttcIA,A Beginners Guide To Making A Candle,256.0,storyboard,20,160.0,168.0,8.0,https://youtu.be/ZQk9l2ttcIA?t=160s,pour_wax,assemble,1,0.55,pink glasses filled,"pink glasses filled. Pouring the melted wax from the pitcher into the prepared container. assemble phase, ~62% in, 2:40–2:48. Terminology: repour.",,0,,,,,,,1,,
_80ogF_zHkE,https://www.youtube.com/watch?v=_80ogF_zHkE,oddly satisfying candle making!,302.0,storyboard,0,0.0,7.95,7.95,https://youtu.be/_80ogF_zHkE?t=0s,pour_wax,assemble,1,0.45,Overhead: building a colourful candle in a glass with embedded decor.,"Overhead: building a colourful candle in a glass with embedded decor. assemble phase, ~0% in, 0:00–0:07.",,0,,,,,,,1,,
_80ogF_zHkE,https://www.youtube.com/watch?v=_80ogF_zHkE,oddly satisfying candle making!,302.0,storyboard,1,7.95,15.89,7.94,https://youtu.be/_80ogF_zHkE?t=8s,pour_wax,assemble,1,0.45,Overhead: coloured wax and decorations built up in a glass.,"Overhead: coloured wax and decorations built up in a glass. assemble phase, ~3% in, 0:07–0:15.",,0,,,,,,,1,,
_80ogF_zHkE,https://www.youtube.com/watch?v=_80ogF_zHkE,oddly satisfying candle making!,302.0,storyboard,2,15.89,23.84,7.95,https://youtu.be/_80ogF_zHkE?t=16s,pour_wax,assemble,1,0.45,Overhead: coloured wax and decorations built up in a glass.,"Overhead: coloured wax and decorations built up in a glass. assemble phase, ~5% in, 0:15–0:23.",,0,,,,,,,1,,
_80ogF_zHkE,https://www.youtube.com/watch?v=_80ogF_zHkE,oddly satisfying candle making!,302.0,storyboard,3,23.84,31.79,7.95,https://youtu.be/_80ogF_zHkE?t=24s,pour_wax,assemble,1,0.45,Overhead: coloured wax and decorations built up in a glass.,"Overhead: coloured wax and decorations built up in a glass. assemble phase, ~8% in, 0:23–0:31.",,0,,,,,,,1,,
_80ogF_zHkE,https://www.youtube.com/watch?v=_80ogF_zHkE,oddly satisfying candle making!,302.0,storyboard,4,31.79,39.74,7.95,https://youtu.be/_80ogF_zHkE?t=32s,pour_wax,assemble,1,0.45,Overhead: coloured wax and decorations built up in a glass.,"Overhead: coloured wax and decorations built up in a glass. assemble phase, ~11% in, 0:31–0:39.",,0,,,,,,,1,,
_80ogF_zHkE,https://www.youtube.com/watch?v=_80ogF_zHkE,oddly satisfying candle making!,302.0,storyboard,5,39.74,47.68,7.94,https://youtu.be/_80ogF_zHkE?t=40s,pour_wax,assemble,1,0.45,Overhead: coloured wax and decorations built up in a glass.,"Overhead: coloured wax and decorations built up in a glass. assemble phase, ~13% in, 0:39–0:47.",,0,,,,,,,1,,
_80ogF_zHkE,https://www.youtube.com/watch?v=_80ogF_zHkE,oddly satisfying candle making!,302.0,storyboard,6,47.68,55.63,7.95,https://youtu.be/_80ogF_zHkE?t=48s,pour_wax,assemble,1,0.7,Presenter talking to camera (auto-detected: frontal face).,"Presenter talking to camera (auto-detected: frontal face). Pouring the melted wax from the pitcher into the prepared container. assemble phase, ~16% in, 0:47–0:55.",,0,,,,,,,1,,
_80ogF_zHkE,https://www.youtube.com/watch?v=_80ogF_zHkE,oddly satisfying candle making!,302.0,storyboard,7,55.63,63.58,7.95,https://youtu.be/_80ogF_zHkE?t=56s,pour_wax,assemble,1,0.45,Overhead: coloured wax and decorations built up in a glass.,"Overhead: coloured wax and decorations built up in a glass. assemble phase, ~18% in, 0:55–1:03.",,0,,,,,,,1,,
_80ogF_zHkE,https://www.youtube.com/watch?v=_80ogF_zHkE,oddly satisfying candle making!,302.0,storyboard,8,63.58,71.53,7.95,https://youtu.be/_80ogF_zHkE?t=64s,pour_wax,assemble,1,0.45,Overhead: coloured wax and decorations built up in a glass.,"Overhead: coloured wax and decorations built up in a glass. assemble phase, ~21% in, 1:03–1:11.",,0,,,,,,,1,,
_80ogF_zHkE,https://www.youtube.com/watch?v=_80ogF_zHkE,oddly satisfying candle making!,302.0,storyboard,9,71.53,79.47,7.94,https://youtu.be/_80ogF_zHkE?t=72s,pour_wax,assemble,1,0.7,Presenter talking to camera (auto-detected: frontal face).,"Presenter talking to camera (auto-detected: frontal face). Pouring the melted wax from the pitcher into the prepared container. assemble phase, ~24% in, 1:11–1:19.",,0,,,,,,,1,,
_80ogF_zHkE,https://www.youtube.com/watch?v=_80ogF_zHkE,oddly satisfying candle making!,302.0,storyboard,10,79.47,87.42,7.95,https://youtu.be/_80ogF_zHkE?t=79s,pour_wax,assemble,1,0.45,Overhead: coloured wax and decorations built up in a glass.,"Overhead: coloured wax and decorations built up in a glass. assemble phase, ~26% in, 1:19–1:27.",,0,,,,,,,1,,
_80ogF_zHkE,https://www.youtube.com/watch?v=_80ogF_zHkE,oddly satisfying candle making!,302.0,storyboard,11,87.42,95.37,7.95,https://youtu.be/_80ogF_zHkE?t=87s,pour_wax,assemble,1,0.45,Overhead: coloured wax and decorations built up in a glass.,"Overhead: coloured wax and decorations built up in a glass. assemble phase, ~29% in, 1:27–1:35.",,0,,,,,,,1,,
_au1ji8rMkM,https://www.youtube.com/watch?v=_au1ji8rMkM,DIY Ice Candle // Candle Making at Home for Beginners // DIY Candle Making,102.0,storyboard,0,0.0,7.85,7.85,https://youtu.be/_au1ji8rMkM?t=0s,pour_wax,assemble,1,0.45,Amber wax in a cup with a wick; a holey white 'ice candle' block.,"Amber wax in a cup with a wick; a holey white 'ice candle' block. assemble phase, ~0% in, 0:00–0:07.",,0,,,,,,,1,,
_au1ji8rMkM,https://www.youtube.com/watch?v=_au1ji8rMkM,DIY Ice Candle // Candle Making at Home for Beginners // DIY Candle Making,102.0,storyboard,3,23.54,31.38,7.84,https://youtu.be/_au1ji8rMkM?t=24s,pour_wax,assemble,1,0.5,Amber wax cup with a wick; pouring.,"Amber wax cup with a wick; pouring. assemble phase, ~23% in, 0:23–0:31.",,0,,,,,,,1,,
_au1ji8rMkM,https://www.youtube.com/watch?v=_au1ji8rMkM,DIY Ice Candle // Candle Making at Home for Beginners // DIY Candle Making,102.0,storyboard,4,31.38,39.23,7.85,https://youtu.be/_au1ji8rMkM?t=31s,pour_wax,assemble,1,0.45,Demoulding the holey white ice candle (subscribe overlay).,"Demoulding the holey white ice candle (subscribe overlay). assemble phase, ~31% in, 0:31–0:39.",,0,,,,,,,1,,
_au1ji8rMkM,https://www.youtube.com/watch?v=_au1ji8rMkM,DIY Ice Candle // Candle Making at Home for Beginners // DIY Candle Making,102.0,storyboard,5,39.23,47.08,7.85,https://youtu.be/_au1ji8rMkM?t=39s,pour_wax,assemble,1,0.45,Amber wax cup; shaping the ice candle.,"Amber wax cup; shaping the ice candle. assemble phase, ~38% in, 0:39–0:47.",,0,,,,,,,1,,
_eyf0tCZzBY,https://www.youtube.com/watch?v=_eyf0tCZzBY,Non-toxic DIY Candles with Beeswax & Coconut Oil | Great for Meditation and Manifesting Practices,150.0,storyboard,9,71.05,78.95,7.9,https://youtu.be/_eyf0tCZzBY?t=71s,pour_wax,assemble,1,0.6,Molten wax poured into the metal tins.,"Molten wax poured into the metal tins. assemble phase, ~47% in, 1:11–1:18.",,0,,,,,,,1,,
_eyf0tCZzBY,https://www.youtube.com/watch?v=_eyf0tCZzBY,Non-toxic DIY Candles with Beeswax & Coconut Oil | Great for Meditation and Manifesting Practices,150.0,storyboard,10,78.95,86.84,7.89,https://youtu.be/_eyf0tCZzBY?t=79s,pour_wax,assemble,1,0.6,Tins filled with wax around their wicks.,"Tins filled with wax around their wicks. assemble phase, ~53% in, 1:18–1:26. Terminology: sinkhole.",,0,,,,,,,1,,
_jGWnnoQu_U,https://www.youtube.com/watch?v=_jGWnnoQu_U,How To Make Gel Candles - DIY Gel Candle Making For Beginners,737.0,storyboard,49,392.53,400.54,8.01,https://youtu.be/_jGWnnoQu_U?t=393s,pour_wax,assemble,1,0.5,Pouring gel into the jars.,"Pouring gel into the jars. assemble phase, ~53% in, 6:32–6:40.",,0,,,,,,,1,,
_jGWnnoQu_U,https://www.youtube.com/watch?v=_jGWnnoQu_U,How To Make Gel Candles - DIY Gel Candle Making For Beginners,737.0,storyboard,50,400.54,408.55,8.01,https://youtu.be/_jGWnnoQu_U?t=401s,pour_wax,assemble,1,0.5,Pouring gel into the jars.,"Pouring gel into the jars. assemble phase, ~54% in, 6:40–6:48.",,0,,,,,,,1,,
_jGWnnoQu_U,https://www.youtube.com/watch?v=_jGWnnoQu_U,How To Make Gel Candles - DIY Gel Candle Making For Beginners,737.0,storyboard,56,448.61,456.62,8.01,https://youtu.be/_jGWnnoQu_U?t=449s,pour_wax,assemble,1,0.5,Pouring gel into the jars.,"Pouring gel into the jars. assemble phase, ~61% in, 7:28–7:36.",,0,,,,,,,1,,
_jGWnnoQu_U,https://www.youtube.com/watch?v=_jGWnnoQu_U,How To Make Gel Candles - DIY Gel Candle Making For Beginners,737.0,storyboard,57,456.62,464.63,8.01,https://youtu.be/_jGWnnoQu_U?t=457s,pour_wax,assemble,1,0.5,Pouring gel into the jars.,"Pouring gel into the jars. assemble phase, ~62% in, 7:36–7:44.",,0,,,,,,,1,,
_jGWnnoQu_U,https://www.youtube.com/watch?v=_jGWnnoQu_U,How To Make Gel Candles - DIY Gel Candle Making For Beginners,737.0,storyboard,58,464.63,472.64,8.01,https://youtu.be/_jGWnnoQu_U?t=465s,pour_wax,assemble,1,0.5,Pouring gel into the jars.,"Pouring gel into the jars. assemble phase, ~63% in, 7:44–7:52.",,0,,,,,,,1,,
_jGWnnoQu_U,https://www.youtube.com/watch?v=_jGWnnoQu_U,How To Make Gel Candles - DIY Gel Candle Making For Beginners,737.0,storyboard,59,472.64,480.65,8.01,https://youtu.be/_jGWnnoQu_U?t=473s,pour_wax,assemble,1,0.6,Host demonstrates gel candles to camera at the table.,"Host demonstrates gel candles to camera at the table. Pouring the melted wax from the pitcher into the prepared container. assemble phase, ~64% in, 7:52–8:00.",,0,,,,,,,1,,
_jGWnnoQu_U,https://www.youtube.com/watch?v=_jGWnnoQu_U,How To Make Gel Candles - DIY Gel Candle Making For Beginners,737.0,storyboard,60,480.65,488.66,8.01,https://youtu.be/_jGWnnoQu_U?t=481s,pour_wax,assemble,1,0.5,Pouring gel into the jars.,"Pouring gel into the jars. assemble phase, ~65% in, 8:00–8:08.",,0,,,,,,,1,,
_jGWnnoQu_U,https://www.youtube.com/watch?v=_jGWnnoQu_U,How To Make Gel Candles - DIY Gel Candle Making For Beginners,737.0,storyboard,61,488.66,496.67,8.01,https://youtu.be/_jGWnnoQu_U?t=489s,pour_wax,assemble,1,0.5,Pouring gel into the jars.,"Pouring gel into the jars. assemble phase, ~66% in, 8:08–8:16.",,0,,,,,,,1,,
_jGWnnoQu_U,https://www.youtube.com/watch?v=_jGWnnoQu_U,How To Make Gel Candles - DIY Gel Candle Making For Beginners,737.0,storyboard,62,496.67,504.68,8.01,https://youtu.be/_jGWnnoQu_U?t=497s,pour_wax,assemble,1,0.6,Host demonstrates gel candles to camera at the table.,"Host demonstrates gel candles to camera at the table. Pouring the melted wax from the pitcher into the prepared container. assemble phase, ~67% in, 8:16–8:24.",,0,,,,,,,1,,
_jGWnnoQu_U,https://www.youtube.com/watch?v=_jGWnnoQu_U,How To Make Gel Candles - DIY Gel Candle Making For Beginners,737.0,storyboard,63,504.68,512.7,8.02,https://youtu.be/_jGWnnoQu_U?t=505s,pour_wax,assemble,1,0.5,Pouring gel into the jars.,"Pouring gel into the jars. assemble phase, ~68% in, 8:24–8:32.",,0,,,,,,,1,,
_jGWnnoQu_U,https://www.youtube.com/watch?v=_jGWnnoQu_U,How To Make Gel Candles - DIY Gel Candle Making For Beginners,737.0,storyboard,64,512.7,520.71,8.01,https://youtu.be/_jGWnnoQu_U?t=513s,pour_wax,assemble,1,0.6,Host demonstrates gel candles to camera at the table.,"Host demonstrates gel candles to camera at the table. Pouring the melted wax from the pitcher into the prepared container. assemble phase, ~70% in, 8:32–8:40.",,0,,,,,,,1,,
_jGWnnoQu_U,https://www.youtube.com/watch?v=_jGWnnoQu_U,How To Make Gel Candles - DIY Gel Candle Making For Beginners,737.0,storyboard,65,520.71,528.72,8.01,https://youtu.be/_jGWnnoQu_U?t=521s,pour_wax,assemble,1,0.5,Pouring gel into the jars.,"Pouring gel into the jars. assemble phase, ~71% in, 8:40–8:48.",,0,,,,,,,1,,
_jGWnnoQu_U,https://www.youtube.com/watch?v=_jGWnnoQu_U,How To Make Gel Candles - DIY Gel Candle Making For Beginners,737.0,storyboard,66,528.72,536.73,8.01,https://youtu.be/_jGWnnoQu_U?t=529s,pour_wax,assemble,1,0.5,Pouring gel into the jars.,"Pouring gel into the jars. assemble phase, ~72% in, 8:48–8:56.",,0,,,,,,,1,,
_jGWnnoQu_U,https://www.youtube.com/watch?v=_jGWnnoQu_U,How To Make Gel Candles - DIY Gel Candle Making For Beginners,737.0,storyboard,67,536.73,544.74,8.01,https://youtu.be/_jGWnnoQu_U?t=537s,pour_wax,assemble,1,0.6,Host demonstrates gel candles to camera at the table.,"Host demonstrates gel candles to camera at the table. Pouring the melted wax from the pitcher into the prepared container. assemble phase, ~73% in, 8:56–9:04.",,0,,,,,,,1,,
_jGWnnoQu_U,https://www.youtube.com/watch?v=_jGWnnoQu_U,How To Make Gel Candles - DIY Gel Candle Making For Beginners,737.0,storyboard,68,544.74,552.75,8.01,https://youtu.be/_jGWnnoQu_U?t=545s,pour_wax,assemble,1,0.5,Pouring gel into the jars.,"Pouring gel into the jars. assemble phase, ~74% in, 9:04–9:12.",,0,,,,,,,1,,
_jGWnnoQu_U,https://www.youtube.com/watch?v=_jGWnnoQu_U,How To Make Gel Candles - DIY Gel Candle Making For Beginners,737.0,storyboard,69,552.75,560.76,8.01,https://youtu.be/_jGWnnoQu_U?t=553s,pour_wax,assemble,1,0.5,Pouring gel into the jars.,"Pouring gel into the jars. assemble phase, ~75% in, 9:12–9:20.",,0,,,,,,,1,,
_jGWnnoQu_U,https://www.youtube.com/watch?v=_jGWnnoQu_U,How To Make Gel Candles - DIY Gel Candle Making For Beginners,737.0,storyboard,78,624.85,632.86,8.01,https://youtu.be/_jGWnnoQu_U?t=625s,pour_wax,assemble,1,0.5,Pouring gel into the jars.,"Pouring gel into the jars. assemble phase, ~85% in, 10:24–10:32.",,0,,,,,,,1,,
_jGWnnoQu_U,https://www.youtube.com/watch?v=_jGWnnoQu_U,How To Make Gel Candles - DIY Gel Candle Making For Beginners,737.0,storyboard,79,632.86,640.87,8.01,https://youtu.be/_jGWnnoQu_U?t=633s,pour_wax,assemble,1,0.5,Pouring gel into the jars.,"Pouring gel into the jars. assemble phase, ~86% in, 10:32–10:40.",,0,,,,,,,1,,
a9IOU3fbWx0,https://www.youtube.com/watch?v=a9IOU3fbWx0,How to Make Simple Paraffin Candles | Candle Making Guides | CandleScience,221.0,storyboard,14,110.5,118.39,7.89,https://youtu.be/a9IOU3fbWx0?t=110s,pour_wax,assemble,1,0.5,Green wax decanted into a metal pouring jug.,"Green wax decanted into a metal pouring jug. assemble phase, ~50% in, 1:50–1:58.",,0,,,,,,,1,,
a9IOU3fbWx0,https://www.youtube.com/watch?v=a9IOU3fbWx0,How to Make Simple Paraffin Candles | Candle Making Guides | CandleScience,221.0,storyboard,15,118.39,126.29,7.9,https://youtu.be/a9IOU3fbWx0?t=118s,pour_wax,assemble,1,0.6,"Green wax in the jug, jar with wick ready.","Green wax in the jug, jar with wick ready. assemble phase, ~54% in, 1:58–2:06.",,0,,,,,,,1,,
a9IOU3fbWx0,https://www.youtube.com/watch?v=a9IOU3fbWx0,How to Make Simple Paraffin Candles | Candle Making Guides | CandleScience,221.0,storyboard,16,126.29,134.18,7.89,https://youtu.be/a9IOU3fbWx0?t=126s,pour_wax,assemble,1,0.65,Green wax poured into the jar around the wick.,"Green wax poured into the jar around the wick. assemble phase, ~57% in, 2:06–2:14. Terminology: sinkhole.",,0,,,,,,,1,,
a9IOU3fbWx0,https://www.youtube.com/watch?v=a9IOU3fbWx0,How to Make Simple Paraffin Candles | Candle Making Guides | CandleScience,221.0,storyboard,17,134.18,142.07,7.89,https://youtu.be/a9IOU3fbWx0?t=134s,pour_wax,assemble,1,0.6,The jar fills with green wax.,"The jar fills with green wax. assemble phase, ~61% in, 2:14–2:22.",,0,,,,,,,1,,
aKCPK0mXICI,https://www.youtube.com/watch?v=aKCPK0mXICI,🌹DIY Valentine’s Day Designer Candle | Step-by-Step Candle Making Tutorial,531.0,storyboard,2,16.09,24.14,8.05,https://youtu.be/aKCPK0mXICI?t=16s,pour_wax,assemble,1,0.45,Pouring wax into the glass / heart silicone moulds.,"Pouring wax into the glass / heart silicone moulds. assemble phase, ~3% in, 0:16–0:24.",,0,,,,,,,1,,
aKCPK0mXICI,https://www.youtube.com/watch?v=aKCPK0mXICI,🌹DIY Valentine’s Day Designer Candle | Step-by-Step Candle Making Tutorial,531.0,storyboard,5,40.23,48.27,8.04,https://youtu.be/aKCPK0mXICI?t=40s,pour_wax,assemble,1,0.45,Pouring wax into the glass / heart silicone moulds.,"Pouring wax into the glass / heart silicone moulds. assemble phase, ~8% in, 0:40–0:48.",,0,,,,,,,1,,
aKCPK0mXICI,https://www.youtube.com/watch?v=aKCPK0mXICI,🌹DIY Valentine’s Day Designer Candle | Step-by-Step Candle Making Tutorial,531.0,storyboard,8,64.36,72.41,8.05,https://youtu.be/aKCPK0mXICI?t=64s,pour_wax,assemble,1,0.45,Pouring wax into the glass / heart silicone moulds.,"Pouring wax into the glass / heart silicone moulds. assemble phase, ~12% in, 1:04–1:12.",,0,,,,,,,1,,
aKCPK0mXICI,https://www.youtube.com/watch?v=aKCPK0mXICI,🌹DIY Valentine’s Day Designer Candle | Step-by-Step Candle Making Tutorial,531.0,storyboard,11,88.5,96.55,8.05,https://youtu.be/aKCPK0mXICI?t=88s,pour_wax,assemble,1,0.45,Pouring wax into the glass / heart silicone moulds.,"Pouring wax into the glass / heart silicone moulds. assemble phase, ~17% in, 1:28–1:36.",,0,,,,,,,1,,
aKCPK0mXICI,https://www.youtube.com/watch?v=aKCPK0mXICI,🌹DIY Valentine’s Day Designer Candle | Step-by-Step Candle Making Tutorial,531.0,storyboard,14,112.64,120.68,8.04,https://youtu.be/aKCPK0mXICI?t=113s,pour_wax,assemble,1,0.45,Pouring wax into the glass / heart silicone moulds.,"Pouring wax into the glass / heart silicone moulds. assemble phase, ~21% in, 1:52–2:00.",,0,,,,,,,1,,
aKCPK0mXICI,https://www.youtube.com/watch?v=aKCPK0mXICI,🌹DIY Valentine’s Day Designer Candle | Step-by-Step Candle Making Tutorial,531.0,storyboard,17,136.77,144.82,8.05,https://youtu.be/aKCPK0mXICI?t=137s,pour_wax,assemble,1,0.45,Pouring wax into the glass / heart silicone moulds.,"Pouring wax into the glass / heart silicone moulds. assemble phase, ~26% in, 2:16–2:24.",,0,,,,,,,1,,
aKCPK0mXICI,https://www.youtube.com/watch?v=aKCPK0mXICI,🌹DIY Valentine’s Day Designer Candle | Step-by-Step Candle Making Tutorial,531.0,storyboard,20,160.91,168.95,8.04,https://youtu.be/aKCPK0mXICI?t=161s,pour_wax,assemble,1,0.45,Pouring wax into the glass / heart silicone moulds.,"Pouring wax into the glass / heart silicone moulds. assemble phase, ~30% in, 2:40–2:48.",,0,,,,,,,1,,
aKCPK0mXICI,https://www.youtube.com/watch?v=aKCPK0mXICI,🌹DIY Valentine’s Day Designer Candle | Step-by-Step Candle Making Tutorial,531.0,storyboard,23,185.05,193.09,8.04,https://youtu.be/aKCPK0mXICI?t=185s,pour_wax,assemble,1,0.45,Pouring wax into the glass / heart silicone moulds.,"Pouring wax into the glass / heart silicone moulds. assemble phase, ~35% in, 3:05–3:13.",,0,,,,,,,1,,
aKCPK0mXICI,https://www.youtube.com/watch?v=aKCPK0mXICI,🌹DIY Valentine’s Day Designer Candle | Step-by-Step Candle Making Tutorial,531.0,storyboard,26,209.18,217.23,8.05,https://youtu.be/aKCPK0mXICI?t=209s,pour_wax,assemble,1,0.5,Pouring wax into the moulds / glass.,"Pouring wax into the moulds / glass. assemble phase, ~39% in, 3:29–3:37.",,0,,,,,,,1,,
aKCPK0mXICI,https://www.youtube.com/watch?v=aKCPK0mXICI,🌹DIY Valentine’s Day Designer Candle | Step-by-Step Candle Making Tutorial,531.0,storyboard,29,233.32,241.36,8.04,https://youtu.be/aKCPK0mXICI?t=233s,pour_wax,assemble,1,0.5,Pouring wax into the moulds / glass.,"Pouring wax into the moulds / glass. assemble phase, ~44% in, 3:53–4:01.",,0,,,,,,,1,,
aKCPK0mXICI,https://www.youtube.com/watch?v=aKCPK0mXICI,🌹DIY Valentine’s Day Designer Candle | Step-by-Step Candle Making Tutorial,531.0,storyboard,46,370.09,378.14,8.05,https://youtu.be/aKCPK0mXICI?t=370s,pour_wax,assemble,1,0.5,Pouring wax into the moulds / glass.,"Pouring wax into the moulds / glass. assemble phase, ~70% in, 6:10–6:18.",,0,,,,,,,1,,
aKCPK0mXICI,https://www.youtube.com/watch?v=aKCPK0mXICI,🌹DIY Valentine’s Day Designer Candle | Step-by-Step Candle Making Tutorial,531.0,storyboard,47,378.14,386.18,8.04,https://youtu.be/aKCPK0mXICI?t=378s,pour_wax,assemble,1,0.5,Pouring wax into the moulds / glass.,"Pouring wax into the moulds / glass. assemble phase, ~71% in, 6:18–6:26.",,0,,,,,,,1,,
aKCPK0mXICI,https://www.youtube.com/watch?v=aKCPK0mXICI,🌹DIY Valentine’s Day Designer Candle | Step-by-Step Candle Making Tutorial,531.0,storyboard,48,386.18,394.23,8.05,https://youtu.be/aKCPK0mXICI?t=386s,pour_wax,assemble,1,0.5,Pouring wax into the moulds / glass.,"Pouring wax into the moulds / glass. assemble phase, ~73% in, 6:26–6:34.",,0,,,,,,,1,,
aKCPK0mXICI,https://www.youtube.com/watch?v=aKCPK0mXICI,🌹DIY Valentine’s Day Designer Candle | Step-by-Step Candle Making Tutorial,531.0,storyboard,49,394.23,402.27,8.04,https://youtu.be/aKCPK0mXICI?t=394s,pour_wax,assemble,1,0.5,Pouring wax into the moulds / glass.,"Pouring wax into the moulds / glass. assemble phase, ~74% in, 6:34–6:42.",,0,,,,,,,1,,
b1S_cWpGUbM,https://www.youtube.com/watch?v=b1S_cWpGUbM,DIY ALL NATURAL & NON TOXIC CANDLES,563.0,storyboard,7,56.3,64.34,8.04,https://youtu.be/b1S_cWpGUbM?t=56s,pour_wax,assemble,1,0.45,Pouring wax into a metal tin/jar.,"Pouring wax into a metal tin/jar. assemble phase, ~10% in, 0:56–1:04.",,0,,,,,,,1,,
b1S_cWpGUbM,https://www.youtube.com/watch?v=b1S_cWpGUbM,DIY ALL NATURAL & NON TOXIC CANDLES,563.0,storyboard,11,88.47,96.51,8.04,https://youtu.be/b1S_cWpGUbM?t=88s,pour_wax,assemble,1,0.45,Pouring wax into a metal tin/jar.,"Pouring wax into a metal tin/jar. assemble phase, ~16% in, 1:28–1:36.",,0,,,,,,,1,,
b1S_cWpGUbM,https://www.youtube.com/watch?v=b1S_cWpGUbM,DIY ALL NATURAL & NON TOXIC CANDLES,563.0,storyboard,15,120.64,128.69,8.05,https://youtu.be/b1S_cWpGUbM?t=121s,pour_wax,assemble,1,0.45,Pouring wax into a metal tin/jar.,"Pouring wax into a metal tin/jar. assemble phase, ~21% in, 2:00–2:08.",,0,,,,,,,1,,
b1S_cWpGUbM,https://www.youtube.com/watch?v=b1S_cWpGUbM,DIY ALL NATURAL & NON TOXIC CANDLES,563.0,storyboard,19,152.81,160.86,8.05,https://youtu.be/b1S_cWpGUbM?t=153s,pour_wax,assemble,1,0.45,Pouring wax into a metal tin/jar.,"Pouring wax into a metal tin/jar. assemble phase, ~27% in, 2:32–2:40.",,0,,,,,,,1,,
b1S_cWpGUbM,https://www.youtube.com/watch?v=b1S_cWpGUbM,DIY ALL NATURAL & NON TOXIC CANDLES,563.0,storyboard,23,184.99,193.03,8.04,https://youtu.be/b1S_cWpGUbM?t=185s,pour_wax,assemble,1,0.45,Pouring wax into a metal tin/jar.,"Pouring wax into a metal tin/jar. assemble phase, ~33% in, 3:04–3:13.",,0,,,,,,,1,,
b1S_cWpGUbM,https://www.youtube.com/watch?v=b1S_cWpGUbM,DIY ALL NATURAL & NON TOXIC CANDLES,563.0,storyboard,34,273.46,281.5,8.04,https://youtu.be/b1S_cWpGUbM?t=273s,pour_wax,assemble,1,0.5,Pouring wax into the jars.,"Pouring wax into the jars. assemble phase, ~49% in, 4:33–4:41.",,0,,,,,,,1,,
b1S_cWpGUbM,https://www.youtube.com/watch?v=b1S_cWpGUbM,DIY ALL NATURAL & NON TOXIC CANDLES,563.0,storyboard,35,281.5,289.54,8.04,https://youtu.be/b1S_cWpGUbM?t=282s,pour_wax,assemble,1,0.5,Melting wax in the metal pitcher on the stove.,"Melting wax in the metal pitcher on the stove. assemble phase, ~50% in, 4:41–4:49. Terminology: double boiler.",,0,,,,,,,1,,
b1S_cWpGUbM,https://www.youtube.com/watch?v=b1S_cWpGUbM,DIY ALL NATURAL & NON TOXIC CANDLES,563.0,storyboard,36,289.54,297.59,8.05,https://youtu.be/b1S_cWpGUbM?t=290s,pour_wax,assemble,1,0.5,Pouring wax into the jars.,"Pouring wax into the jars. assemble phase, ~51% in, 4:49–4:57.",,0,,,,,,,1,,
b1S_cWpGUbM,https://www.youtube.com/watch?v=b1S_cWpGUbM,DIY ALL NATURAL & NON TOXIC CANDLES,563.0,storyboard,37,297.59,305.63,8.04,https://youtu.be/b1S_cWpGUbM?t=298s,pour_wax,assemble,1,0.5,Pouring wax into the jars.,"Pouring wax into the jars. assemble phase, ~53% in, 4:57–5:05.",,0,,,,,,,1,,
b1S_cWpGUbM,https://www.youtube.com/watch?v=b1S_cWpGUbM,DIY ALL NATURAL & NON TOXIC CANDLES,563.0,storyboard,38,305.63,313.67,8.04,https://youtu.be/b1S_cWpGUbM?t=306s,pour_wax,assemble,1,0.5,Pouring wax into the jars.,"Pouring wax into the jars. assemble phase, ~54% in, 5:05–5:13.",,0,,,,,,,1,,
b1S_cWpGUbM,https://www.youtube.com/watch?v=b1S_cWpGUbM,DIY ALL NATURAL & NON TOXIC CANDLES,563.0,storyboard,39,313.67,321.71,8.04,https://youtu.be/b1S_cWpGUbM?t=314s,pour_wax,assemble,1,0.5,Pouring wax into the jars.,"Pouring wax into the jars. assemble phase, ~56% in, 5:13–5:21.",,0,,,,,,,1,,
b1S_cWpGUbM,https://www.youtube.com/watch?v=b1S_cWpGUbM,DIY ALL NATURAL & NON TOXIC CANDLES,563.0,storyboard,40,321.71,329.76,8.05,https://youtu.be/b1S_cWpGUbM?t=322s,pour_wax,assemble,1,0.5,Pouring wax into the jars.,"Pouring wax into the jars. assemble phase, ~57% in, 5:21–5:29.",,0,,,,,,,1,,
b1S_cWpGUbM,https://www.youtube.com/watch?v=b1S_cWpGUbM,DIY ALL NATURAL & NON TOXIC CANDLES,563.0,storyboard,41,329.76,337.8,8.04,https://youtu.be/b1S_cWpGUbM?t=330s,pour_wax,assemble,1,0.5,Pouring wax into the jars.,"Pouring wax into the jars. assemble phase, ~59% in, 5:29–5:37.",,0,,,,,,,1,,
b1S_cWpGUbM,https://www.youtube.com/watch?v=b1S_cWpGUbM,DIY ALL NATURAL & NON TOXIC CANDLES,563.0,storyboard,42,337.8,345.84,8.04,https://youtu.be/b1S_cWpGUbM?t=338s,pour_wax,assemble,1,0.5,Pouring wax into the jars.,"Pouring wax into the jars. assemble phase, ~60% in, 5:37–5:45.",,0,,,,,,,1,,
b1S_cWpGUbM,https://www.youtube.com/watch?v=b1S_cWpGUbM,DIY ALL NATURAL & NON TOXIC CANDLES,563.0,storyboard,43,345.84,353.89,8.05,https://youtu.be/b1S_cWpGUbM?t=346s,pour_wax,assemble,1,0.5,Pouring wax into the jars.,"Pouring wax into the jars. assemble phase, ~61% in, 5:45–5:53.",,0,,,,,,,1,,
b1S_cWpGUbM,https://www.youtube.com/watch?v=b1S_cWpGUbM,DIY ALL NATURAL & NON TOXIC CANDLES,563.0,storyboard,44,353.89,361.93,8.04,https://youtu.be/b1S_cWpGUbM?t=354s,pour_wax,assemble,1,0.5,Pouring wax into the jars.,"Pouring wax into the jars. assemble phase, ~63% in, 5:53–6:01.",,0,,,,,,,1,,
b1S_cWpGUbM,https://www.youtube.com/watch?v=b1S_cWpGUbM,DIY ALL NATURAL & NON TOXIC CANDLES,563.0,storyboard,45,361.93,369.97,8.04,https://youtu.be/b1S_cWpGUbM?t=362s,pour_wax,assemble,1,0.5,Rows of natural candles setting.,"Rows of natural candles setting. assemble phase, ~64% in, 6:01–6:09.",,0,,,,,,,1,,
b1S_cWpGUbM,https://www.youtube.com/watch?v=b1S_cWpGUbM,DIY ALL NATURAL & NON TOXIC CANDLES,563.0,storyboard,46,369.97,378.01,8.04,https://youtu.be/b1S_cWpGUbM?t=370s,pour_wax,assemble,1,0.5,Pouring wax into the jars.,"Pouring wax into the jars. assemble phase, ~66% in, 6:09–6:18.",,0,,,,,,,1,,
bE3cn6R9khs,https://www.youtube.com/watch?v=bE3cn6R9khs,HOW TO MAKE CANDLES THAT ACTUALLY SMELL GOOD,263.0,storyboard,12,95.64,103.61,7.97,https://youtu.be/bE3cn6R9khs?t=96s,pour_wax,assemble,1,0.5,Glass with chopstick wick; wax poured in.,"Glass with chopstick wick; wax poured in. assemble phase, ~36% in, 1:35–1:43.",,0,,,,,,,1,,
bE3cn6R9khs,https://www.youtube.com/watch?v=bE3cn6R9khs,HOW TO MAKE CANDLES THAT ACTUALLY SMELL GOOD,263.0,storyboard,13,103.61,111.58,7.97,https://youtu.be/bE3cn6R9khs?t=104s,pour_wax,assemble,1,0.5,Pouring from the black pot into the glass.,"Pouring from the black pot into the glass. assemble phase, ~39% in, 1:43–1:51.",,0,,,,,,,1,,
bE3cn6R9khs,https://www.youtube.com/watch?v=bE3cn6R9khs,HOW TO MAKE CANDLES THAT ACTUALLY SMELL GOOD,263.0,storyboard,18,143.45,151.42,7.97,https://youtu.be/bE3cn6R9khs?t=143s,pour_wax,assemble,1,0.45,Black pan and glass; readying to pour.,"Black pan and glass; readying to pour. assemble phase, ~55% in, 2:23–2:31.",,0,,,,,,,1,,
bE3cn6R9khs,https://www.youtube.com/watch?v=bE3cn6R9khs,HOW TO MAKE CANDLES THAT ACTUALLY SMELL GOOD,263.0,storyboard,21,167.36,175.33,7.97,https://youtu.be/bE3cn6R9khs?t=167s,pour_wax,assemble,1,0.6,Hands pour wax into the glass.,"Hands pour wax into the glass. assemble phase, ~64% in, 2:47–2:55.",,0,,,,,,,1,,
bE3cn6R9khs,https://www.youtube.com/watch?v=bE3cn6R9khs,HOW TO MAKE CANDLES THAT ACTUALLY SMELL GOOD,263.0,storyboard,22,175.33,183.3,7.97,https://youtu.be/bE3cn6R9khs?t=175s,pour_wax,assemble,1,0.55,Glass filling with wax in the black pan.,"Glass filling with wax in the black pan. assemble phase, ~67% in, 2:55–3:03.",,0,,,,,,,1,,
bE3cn6R9khs,https://www.youtube.com/watch?v=bE3cn6R9khs,HOW TO MAKE CANDLES THAT ACTUALLY SMELL GOOD,263.0,storyboard,23,183.3,191.27,7.97,https://youtu.be/bE3cn6R9khs?t=183s,pour_wax,assemble,1,0.55,Stirring/pouring the wax into the jar.,"Stirring/pouring the wax into the jar. assemble phase, ~70% in, 3:03–3:11.",,0,,,,,,,1,,
bE3cn6R9khs,https://www.youtube.com/watch?v=bE3cn6R9khs,HOW TO MAKE CANDLES THAT ACTUALLY SMELL GOOD,263.0,storyboard,24,191.27,199.24,7.97,https://youtu.be/bE3cn6R9khs?t=191s,pour_wax,assemble,1,0.6,Two glasses with chopstick wicks filled with yellow wax.,"Two glasses with chopstick wicks filled with yellow wax. assemble phase, ~73% in, 3:11–3:19.",,0,,,,,,,1,,
bE3cn6R9khs,https://www.youtube.com/watch?v=bE3cn6R9khs,HOW TO MAKE CANDLES THAT ACTUALLY SMELL GOOD,263.0,storyboard,25,199.24,207.21,7.97,https://youtu.be/bE3cn6R9khs?t=199s,pour_wax,assemble,1,0.55,"Yellow-wax candles in glasses, chopstick wicks centred.","Yellow-wax candles in glasses, chopstick wicks centred. assemble phase, ~76% in, 3:19–3:27.",,0,,,,,,,1,,
bEhlvggbwk8,https://www.youtube.com/watch?v=bEhlvggbwk8,Wick Candle Maker by We R Memory Keepers,82.0,storyboard,5,41.0,49.2,8.2,https://youtu.be/bEhlvggbwk8?t=41s,pour_wax,assemble,1,0.55,The 'Wick' machine dispenses teal wax into a jar beneath it.,"The 'Wick' machine dispenses teal wax into a jar beneath it. assemble phase, ~50% in, 0:41–0:49.",,0,,,,,,,1,,
bEt6-L6-q3M,https://www.youtube.com/watch?v=bEt6-L6-q3M,How to make soy wax candles with essential oils,391.0,storyboard,34,271.31,279.29,7.98,https://youtu.be/bEt6-L6-q3M?t=271s,pour_wax,assemble,1,0.55,Melted wax poured into a mason jar.,"Melted wax poured into a mason jar. assemble phase, ~69% in, 4:31–4:39.",,0,,,,,,,1,,
bEt6-L6-q3M,https://www.youtube.com/watch?v=bEt6-L6-q3M,How to make soy wax candles with essential oils,391.0,storyboard,35,279.29,287.27,7.98,https://youtu.be/bEt6-L6-q3M?t=279s,pour_wax,assemble,1,0.55,Host talks to camera.,"Host talks to camera. Pouring the melted wax from the pitcher into the prepared container. assemble phase, ~71% in, 4:39–4:47.",,0,,,,,,,1,,
bEt6-L6-q3M,https://www.youtube.com/watch?v=bEt6-L6-q3M,How to make soy wax candles with essential oils,391.0,storyboard,36,287.27,295.24,7.97,https://youtu.be/bEt6-L6-q3M?t=287s,pour_wax,assemble,1,0.55,Pouring melted wax into the mason jar.,"Pouring melted wax into the mason jar. assemble phase, ~73% in, 4:47–4:55.",,0,,,,,,,1,,
bEt6-L6-q3M,https://www.youtube.com/watch?v=bEt6-L6-q3M,How to make soy wax candles with essential oils,391.0,storyboard,37,295.24,303.22,7.98,https://youtu.be/bEt6-L6-q3M?t=295s,pour_wax,assemble,1,0.5,Mason jar filled with wax.,"Mason jar filled with wax. assemble phase, ~76% in, 4:55–5:03.",,0,,,,,,,1,,
bOutp9y0oxE,https://www.youtube.com/watch?v=bOutp9y0oxE,Tealight Candle Making At Home 😱/ Tea Light Candles Holder / diwali decoration Idea 2025/DIY Candle🥰,83.0,storyboard,4,33.2,41.5,8.3,https://youtu.be/bOutp9y0oxE?t=33s,pour_wax,assemble,1,0.65,The pink molten wax is poured from the tin into a small paper cup mould.,"The pink molten wax is poured from the tin into a small paper cup mould. assemble phase, ~40% in, 0:33–0:41.",,0,,,,,,,1,,
brD2ddLQmmY,https://www.youtube.com/watch?v=brD2ddLQmmY,satisfying candle making full process,303.0,storyboard,0,0.0,7.97,7.97,https://youtu.be/brD2ddLQmmY?t=0s,pour_wax,assemble,1,0.45,Overhead: building a colourful candle in a glass.,"Overhead: building a colourful candle in a glass. assemble phase, ~0% in, 0:00–0:07.",,0,,,,,,,1,,
brD2ddLQmmY,https://www.youtube.com/watch?v=brD2ddLQmmY,satisfying candle making full process,303.0,storyboard,1,7.97,15.95,7.98,https://youtu.be/brD2ddLQmmY?t=8s,pour_wax,assemble,1,0.5,"On-screen text card (auto-detected: static frame, OCR text). Text reads: 'rs ES Sia 7 es ade as 3 ee'.","On-screen text card (auto-detected: static frame, OCR text). Text reads: 'rs ES Sia 7 es ade as 3 ee'. assemble phase, ~3% in, 0:07–0:15.",,0,,,,,,,1,,
brD2ddLQmmY,https://www.youtube.com/watch?v=brD2ddLQmmY,satisfying candle making full process,303.0,storyboard,2,15.95,23.92,7.97,https://youtu.be/brD2ddLQmmY?t=16s,pour_wax,assemble,1,0.45,Overhead: colourful wax and decorations built up in a glass.,"Overhead: colourful wax and decorations built up in a glass. assemble phase, ~5% in, 0:15–0:23.",,0,,,,,,,1,,
brD2ddLQmmY,https://www.youtube.com/watch?v=brD2ddLQmmY,satisfying candle making full process,303.0,storyboard,3,23.92,31.89,7.97,https://youtu.be/brD2ddLQmmY?t=24s,pour_wax,assemble,1,0.45,Overhead: colourful wax and decorations built up in a glass.,"Overhead: colourful wax and decorations built up in a glass. assemble phase, ~8% in, 0:23–0:31.",,0,,,,,,,1,,
brD2ddLQmmY,https://www.youtube.com/watch?v=brD2ddLQmmY,satisfying candle making full process,303.0,storyboard,4,31.89,39.87,7.98,https://youtu.be/brD2ddLQmmY?t=32s,pour_wax,assemble,1,0.45,Overhead: colourful wax and decorations built up in a glass.,"Overhead: colourful wax and decorations built up in a glass. assemble phase, ~11% in, 0:31–0:39.",,0,,,,,,,1,,
brD2ddLQmmY,https://www.youtube.com/watch?v=brD2ddLQmmY,satisfying candle making full process,303.0,storyboard,5,39.87,47.84,7.97,https://youtu.be/brD2ddLQmmY?t=40s,pour_wax,assemble,1,0.45,Overhead: colourful wax and decorations built up in a glass.,"Overhead: colourful wax and decorations built up in a glass. assemble phase, ~13% in, 0:39–0:47.",,0,,,,,,,1,,
brD2ddLQmmY,https://www.youtube.com/watch?v=brD2ddLQmmY,satisfying candle making full process,303.0,storyboard,10,79.74,87.71,7.97,https://youtu.be/brD2ddLQmmY?t=80s,pour_wax,assemble,1,0.45,Overhead: colourful wax and decorations built up in a glass.,"Overhead: colourful wax and decorations built up in a glass. assemble phase, ~26% in, 1:19–1:27.",,0,,,,,,,1,,
brD2ddLQmmY,https://www.youtube.com/watch?v=brD2ddLQmmY,satisfying candle making full process,303.0,storyboard,11,87.71,95.68,7.97,https://youtu.be/brD2ddLQmmY?t=88s,pour_wax,assemble,1,0.45,Overhead: colourful wax and decorations built up in a glass.,"Overhead: colourful wax and decorations built up in a glass. assemble phase, ~29% in, 1:27–1:35.",,0,,,,,,,1,,
brxojqIpgH0,https://www.youtube.com/watch?v=brxojqIpgH0,How to Make Soy Tealight Candles | DIY Candle Making,171.0,storyboard,11,89.57,97.71,8.14,https://youtu.be/brxojqIpgH0?t=90s,pour_wax,assemble,1,0.6,Molten wax poured from the pot into a tealight cup.,"Molten wax poured from the pot into a tealight cup. assemble phase, ~52% in, 1:29–1:37.",,0,,,,,,,1,,
brxojqIpgH0,https://www.youtube.com/watch?v=brxojqIpgH0,How to Make Soy Tealight Candles | DIY Candle Making,171.0,storyboard,12,97.71,105.86,8.15,https://youtu.be/brxojqIpgH0?t=98s,pour_wax,assemble,1,0.6,Host pours wax into the row of tealight cups.,"Host pours wax into the row of tealight cups. assemble phase, ~57% in, 1:37–1:45.",,0,,,,,,,1,,
brxojqIpgH0,https://www.youtube.com/watch?v=brxojqIpgH0,How to Make Soy Tealight Candles | DIY Candle Making,171.0,storyboard,13,105.86,114.0,8.14,https://youtu.be/brxojqIpgH0?t=106s,pour_wax,assemble,1,0.6,A tray of red tealight cups being filled.,"A tray of red tealight cups being filled. assemble phase, ~62% in, 1:45–1:54.",,0,,,,,,,1,,
brxojqIpgH0,https://www.youtube.com/watch?v=brxojqIpgH0,How to Make Soy Tealight Candles | DIY Candle Making,171.0,storyboard,14,114.0,122.14,8.14,https://youtu.be/brxojqIpgH0?t=114s,pour_wax,assemble,1,0.6,The full tray of red tealights is poured.,"The full tray of red tealights is poured. assemble phase, ~67% in, 1:54–2:02.",,0,,,,,,,1,,
c2l0eQnhwiE,https://www.youtube.com/watch?v=c2l0eQnhwiE,Candle making ASMR | small business TikTok compilation,603.0,storyboard,5,40.2,48.24,8.04,https://youtu.be/c2l0eQnhwiE?t=40s,pour_wax,assemble,1,0.4,Pouring coloured wax into cups/jars (ASMR clip).,"Pouring coloured wax into cups/jars (ASMR clip). assemble phase, ~7% in, 0:40–0:48.",,0,,,,,,,1,,
c2l0eQnhwiE,https://www.youtube.com/watch?v=c2l0eQnhwiE,Candle making ASMR | small business TikTok compilation,603.0,storyboard,11,88.44,96.48,8.04,https://youtu.be/c2l0eQnhwiE?t=88s,pour_wax,assemble,1,0.4,Pouring coloured wax into cups/jars (ASMR clip).,"Pouring coloured wax into cups/jars (ASMR clip). assemble phase, ~15% in, 1:28–1:36.",,0,,,,,,,1,,
c2l0eQnhwiE,https://www.youtube.com/watch?v=c2l0eQnhwiE,Candle making ASMR | small business TikTok compilation,603.0,storyboard,17,136.68,144.72,8.04,https://youtu.be/c2l0eQnhwiE?t=137s,pour_wax,assemble,1,0.4,Pouring coloured wax into cups/jars (ASMR clip).,"Pouring coloured wax into cups/jars (ASMR clip). assemble phase, ~23% in, 2:16–2:24.",,0,,,,,,,1,,
c2l0eQnhwiE,https://www.youtube.com/watch?v=c2l0eQnhwiE,Candle making ASMR | small business TikTok compilation,603.0,storyboard,23,184.92,192.96,8.04,https://youtu.be/c2l0eQnhwiE?t=185s,pour_wax,assemble,1,0.4,Pouring coloured wax into cups/jars (ASMR clip).,"Pouring coloured wax into cups/jars (ASMR clip). assemble phase, ~31% in, 3:04–3:12.",,0,,,,,,,1,,
c2l0eQnhwiE,https://www.youtube.com/watch?v=c2l0eQnhwiE,Candle making ASMR | small business TikTok compilation,603.0,storyboard,29,233.16,241.2,8.04,https://youtu.be/c2l0eQnhwiE?t=233s,pour_wax,assemble,1,0.4,Pouring coloured wax into cups/jars (ASMR clip).,"Pouring coloured wax into cups/jars (ASMR clip). assemble phase, ~39% in, 3:53–4:01.",,0,,,,,,,1,,
c2l0eQnhwiE,https://www.youtube.com/watch?v=c2l0eQnhwiE,Candle making ASMR | small business TikTok compilation,603.0,storyboard,35,281.4,289.44,8.04,https://youtu.be/c2l0eQnhwiE?t=281s,pour_wax,assemble,1,0.4,Pouring coloured wax into cups/jars (ASMR clip).,"Pouring coloured wax into cups/jars (ASMR clip). assemble phase, ~47% in, 4:41–4:49.",,0,,,,,,,1,,
c2l0eQnhwiE,https://www.youtube.com/watch?v=c2l0eQnhwiE,Candle making ASMR | small business TikTok compilation,603.0,storyboard,41,329.64,337.68,8.04,https://youtu.be/c2l0eQnhwiE?t=330s,pour_wax,assemble,1,0.4,Pouring coloured wax into cups/jars (ASMR clip).,"Pouring coloured wax into cups/jars (ASMR clip). assemble phase, ~55% in, 5:29–5:37.",,0,,,,,,,1,,
c2l0eQnhwiE,https://www.youtube.com/watch?v=c2l0eQnhwiE,Candle making ASMR | small business TikTok compilation,603.0,storyboard,47,377.88,385.92,8.04,https://youtu.be/c2l0eQnhwiE?t=378s,pour_wax,assemble,1,0.4,Pouring coloured wax into cups/jars (ASMR clip).,"Pouring coloured wax into cups/jars (ASMR clip). assemble phase, ~63% in, 6:17–6:25.",,0,,,,,,,1,,
c2l0eQnhwiE,https://www.youtube.com/watch?v=c2l0eQnhwiE,Candle making ASMR | small business TikTok compilation,603.0,storyboard,53,426.12,434.16,8.04,https://youtu.be/c2l0eQnhwiE?t=426s,pour_wax,assemble,1,0.4,Pouring coloured wax into cups/jars (ASMR clip).,"Pouring coloured wax into cups/jars (ASMR clip). assemble phase, ~71% in, 7:06–7:14.",,0,,,,,,,1,,
c2l0eQnhwiE,https://www.youtube.com/watch?v=c2l0eQnhwiE,Candle making ASMR | small business TikTok compilation,603.0,storyboard,59,474.36,482.4,8.04,https://youtu.be/c2l0eQnhwiE?t=474s,pour_wax,assemble,1,0.4,Pouring coloured wax into cups/jars (ASMR clip).,"Pouring coloured wax into cups/jars (ASMR clip). assemble phase, ~79% in, 7:54–8:02.",,0,,,,,,,1,,
c2l0eQnhwiE,https://www.youtube.com/watch?v=c2l0eQnhwiE,Candle making ASMR | small business TikTok compilation,603.0,storyboard,65,522.6,530.64,8.04,https://youtu.be/c2l0eQnhwiE?t=523s,pour_wax,assemble,1,0.4,Pouring coloured wax into cups/jars (ASMR clip).,"Pouring coloured wax into cups/jars (ASMR clip). assemble phase, ~87% in, 8:42–8:50.",,0,,,,,,,1,,
c2l0eQnhwiE,https://www.youtube.com/watch?v=c2l0eQnhwiE,Candle making ASMR | small business TikTok compilation,603.0,storyboard,71,570.84,578.88,8.04,https://youtu.be/c2l0eQnhwiE?t=571s,pour_wax,assemble,1,0.4,Pouring coloured wax into cups/jars (ASMR clip).,"Pouring coloured wax into cups/jars (ASMR clip). assemble phase, ~95% in, 9:30–9:38.",,0,,,,,,,1,,
cVJ98lkY3D4,https://www.youtube.com/watch?v=cVJ98lkY3D4,How To Make A Beeswax Candle | Beeswax Candle Making Tutorial,391.0,storyboard,13,103.73,111.71,7.98,https://youtu.be/cVJ98lkY3D4?t=104s,pour_wax,assemble,1,0.45,Pouring beeswax into a container.,"Pouring beeswax into a container. assemble phase, ~27% in, 1:43–1:51.",,0,,,,,,,1,,
cVJ98lkY3D4,https://www.youtube.com/watch?v=cVJ98lkY3D4,How To Make A Beeswax Candle | Beeswax Candle Making Tutorial,391.0,storyboard,24,191.51,199.49,7.98,https://youtu.be/cVJ98lkY3D4?t=192s,pour_wax,assemble,1,0.5,Pouring melted beeswax into the glasses.,"Pouring melted beeswax into the glasses. assemble phase, ~49% in, 3:11–3:19.",,0,,,,,,,1,,
cVJ98lkY3D4,https://www.youtube.com/watch?v=cVJ98lkY3D4,How To Make A Beeswax Candle | Beeswax Candle Making Tutorial,391.0,storyboard,25,199.49,207.47,7.98,https://youtu.be/cVJ98lkY3D4?t=199s,pour_wax,assemble,1,0.5,Pouring melted beeswax into the glasses.,"Pouring melted beeswax into the glasses. assemble phase, ~51% in, 3:19–3:27.",,0,,,,,,,1,,
cVJ98lkY3D4,https://www.youtube.com/watch?v=cVJ98lkY3D4,How To Make A Beeswax Candle | Beeswax Candle Making Tutorial,391.0,storyboard,26,207.47,215.45,7.98,https://youtu.be/cVJ98lkY3D4?t=207s,pour_wax,assemble,1,0.5,Melted beeswax in the jug.,"Melted beeswax in the jug. assemble phase, ~53% in, 3:27–3:35.",,0,,,,,,,1,,
cVJ98lkY3D4,https://www.youtube.com/watch?v=cVJ98lkY3D4,How To Make A Beeswax Candle | Beeswax Candle Making Tutorial,391.0,storyboard,27,215.45,223.43,7.98,https://youtu.be/cVJ98lkY3D4?t=215s,pour_wax,assemble,1,0.5,Pouring melted beeswax into the glasses.,"Pouring melted beeswax into the glasses. assemble phase, ~55% in, 3:35–3:43.",,0,,,,,,,1,,
cVJ98lkY3D4,https://www.youtube.com/watch?v=cVJ98lkY3D4,How To Make A Beeswax Candle | Beeswax Candle Making Tutorial,391.0,storyboard,28,223.43,231.41,7.98,https://youtu.be/cVJ98lkY3D4?t=223s,pour_wax,assemble,1,0.5,Setting the wicks.,"Setting the wicks. Pouring the melted wax from the pitcher into the prepared container. assemble phase, ~57% in, 3:43–3:51.",,0,,,,,,,1,,
cVJ98lkY3D4,https://www.youtube.com/watch?v=cVJ98lkY3D4,How To Make A Beeswax Candle | Beeswax Candle Making Tutorial,391.0,storyboard,29,231.41,239.39,7.98,https://youtu.be/cVJ98lkY3D4?t=231s,pour_wax,assemble,1,0.5,Pouring melted beeswax into the glasses.,"Pouring melted beeswax into the glasses. assemble phase, ~59% in, 3:51–3:59.",,0,,,,,,,1,,
cVJ98lkY3D4,https://www.youtube.com/watch?v=cVJ98lkY3D4,How To Make A Beeswax Candle | Beeswax Candle Making Tutorial,391.0,storyboard,30,239.39,247.37,7.98,https://youtu.be/cVJ98lkY3D4?t=239s,pour_wax,assemble,1,0.5,Pouring melted beeswax into the glasses.,"Pouring melted beeswax into the glasses. assemble phase, ~61% in, 3:59–4:07.",,0,,,,,,,1,,
cVJ98lkY3D4,https://www.youtube.com/watch?v=cVJ98lkY3D4,How To Make A Beeswax Candle | Beeswax Candle Making Tutorial,391.0,storyboard,31,247.37,255.35,7.98,https://youtu.be/cVJ98lkY3D4?t=247s,pour_wax,assemble,1,0.5,Pouring melted beeswax into the glasses.,"Pouring melted beeswax into the glasses. assemble phase, ~63% in, 4:07–4:15.",,0,,,,,,,1,,
cVJ98lkY3D4,https://www.youtube.com/watch?v=cVJ98lkY3D4,How To Make A Beeswax Candle | Beeswax Candle Making Tutorial,391.0,storyboard,32,255.35,263.33,7.98,https://youtu.be/cVJ98lkY3D4?t=255s,pour_wax,assemble,1,0.5,Pouring melted beeswax into the glasses.,"Pouring melted beeswax into the glasses. assemble phase, ~65% in, 4:15–4:23.",,0,,,,,,,1,,
cVJ98lkY3D4,https://www.youtube.com/watch?v=cVJ98lkY3D4,How To Make A Beeswax Candle | Beeswax Candle Making Tutorial,391.0,storyboard,33,263.33,271.31,7.98,https://youtu.be/cVJ98lkY3D4?t=263s,pour_wax,assemble,1,0.5,Setting the wicks.,"Setting the wicks. Pouring the melted wax from the pitcher into the prepared container. assemble phase, ~67% in, 4:23–4:31.",,0,,,,,,,1,,
cVJ98lkY3D4,https://www.youtube.com/watch?v=cVJ98lkY3D4,How To Make A Beeswax Candle | Beeswax Candle Making Tutorial,391.0,storyboard,34,271.31,279.29,7.98,https://youtu.be/cVJ98lkY3D4?t=271s,pour_wax,assemble,1,0.5,Pouring melted beeswax into the glasses.,"Pouring melted beeswax into the glasses. assemble phase, ~69% in, 4:31–4:39.",,0,,,,,,,1,,
cYCW1wpPtr4,https://www.youtube.com/watch?v=cYCW1wpPtr4,"Big Candle Making | Full Process, Wax Pour & ASMR 🕯✨ | Handmade Scented Candle",62.0,storyboard,1,7.75,15.5,7.75,https://youtu.be/cYCW1wpPtr4?t=8s,pour_wax,assemble,1,0.6,White melted wax is poured into a silicone rose mould.,"White melted wax is poured into a silicone rose mould. assemble phase, ~12% in, 0:07–0:15.",,0,,,,,,,1,,
dFPnxVWvd6A,https://www.youtube.com/watch?v=dFPnxVWvd6A,DIY Color Block Candles,76.0,storyboard,4,30.4,38.0,7.6,https://youtu.be/dFPnxVWvd6A?t=30s,pour_wax,assemble,1,0.6,First coloured layer poured into the glass held at a tilt (caption 'ESSENTIAL OIL OPTIONAL'); a chopstick supports the angle.,"First coloured layer poured into the glass held at a tilt (caption 'ESSENTIAL OIL OPTIONAL'); a chopstick supports the angle. assemble phase, ~40% in, 0:30–0:38. Terminology: container candle.",,0,,,,,,,1,,
dFPnxVWvd6A,https://www.youtube.com/watch?v=dFPnxVWvd6A,DIY Color Block Candles,76.0,storyboard,5,38.0,45.6,7.6,https://youtu.be/dFPnxVWvd6A?t=38s,pour_wax,assemble,1,0.7,Blue layer set; teal molten wax is poured into the tilted glass to build a diagonal stripe.,"Blue layer set; teal molten wax is poured into the tilted glass to build a diagonal stripe. assemble phase, ~50% in, 0:38–0:45. Terminology: container candle.",,0,,,,,,,1,,
dFPnxVWvd6A,https://www.youtube.com/watch?v=dFPnxVWvd6A,DIY Color Block Candles,76.0,storyboard,6,45.6,53.2,7.6,https://youtu.be/dFPnxVWvd6A?t=46s,pour_wax,assemble,1,0.7,"Successive teal/green layers poured into the tilted glass, forming angled colour blocks.","Successive teal/green layers poured into the tilted glass, forming angled colour blocks. assemble phase, ~60% in, 0:45–0:53. Terminology: container candle.",,0,,,,,,,1,,
dFPnxVWvd6A,https://www.youtube.com/watch?v=dFPnxVWvd6A,DIY Color Block Candles,76.0,storyboard,7,53.2,60.8,7.6,https://youtu.be/dFPnxVWvd6A?t=53s,pour_wax,assemble,1,0.65,Green layer poured; the glass now shows diagonal blue/teal/green bands.,"Green layer poured; the glass now shows diagonal blue/teal/green bands. assemble phase, ~70% in, 0:53–1:00.",,0,,,,,,,1,,
e2RHQ6LVr-w,https://www.youtube.com/watch?v=e2RHQ6LVr-w,Making Candles at Home- Full Step-by-Step Tutorial,883.0,storyboard,49,393.34,401.36,8.02,https://youtu.be/e2RHQ6LVr-w?t=393s,pour_wax,assemble,1,0.45,Pouring wax into the jar/plate.,"Pouring wax into the jar/plate. assemble phase, ~45% in, 6:33–6:41.",,0,,,,,,,1,,
e2RHQ6LVr-w,https://www.youtube.com/watch?v=e2RHQ6LVr-w,Making Candles at Home- Full Step-by-Step Tutorial,883.0,storyboard,52,417.42,425.45,8.03,https://youtu.be/e2RHQ6LVr-w?t=417s,pour_wax,assemble,1,0.45,Pouring wax into the jar/plate.,"Pouring wax into the jar/plate. assemble phase, ~47% in, 6:57–7:05.",,0,,,,,,,1,,
e2RHQ6LVr-w,https://www.youtube.com/watch?v=e2RHQ6LVr-w,Making Candles at Home- Full Step-by-Step Tutorial,883.0,storyboard,55,441.5,449.53,8.03,https://youtu.be/e2RHQ6LVr-w?t=442s,pour_wax,assemble,1,0.45,Pouring wax into the jar/plate.,"Pouring wax into the jar/plate. assemble phase, ~50% in, 7:21–7:29.",,0,,,,,,,1,,
e2RHQ6LVr-w,https://www.youtube.com/watch?v=e2RHQ6LVr-w,Making Candles at Home- Full Step-by-Step Tutorial,883.0,storyboard,58,465.58,473.61,8.03,https://youtu.be/e2RHQ6LVr-w?t=466s,pour_wax,assemble,1,0.45,Pouring wax into the jar/plate.,"Pouring wax into the jar/plate. assemble phase, ~53% in, 7:45–7:53.",,0,,,,,,,1,,
e2RHQ6LVr-w,https://www.youtube.com/watch?v=e2RHQ6LVr-w,Making Candles at Home- Full Step-by-Step Tutorial,883.0,storyboard,61,489.66,497.69,8.03,https://youtu.be/e2RHQ6LVr-w?t=490s,pour_wax,assemble,1,0.45,Pouring wax into the jar/plate.,"Pouring wax into the jar/plate. assemble phase, ~55% in, 8:09–8:17.",,0,,,,,,,1,,
e2RHQ6LVr-w,https://www.youtube.com/watch?v=e2RHQ6LVr-w,Making Candles at Home- Full Step-by-Step Tutorial,883.0,storyboard,64,513.75,521.77,8.02,https://youtu.be/e2RHQ6LVr-w?t=514s,pour_wax,assemble,1,0.45,Pouring wax into the jar/plate.,"Pouring wax into the jar/plate. assemble phase, ~58% in, 8:33–8:41.",,0,,,,,,,1,,
e2RHQ6LVr-w,https://www.youtube.com/watch?v=e2RHQ6LVr-w,Making Candles at Home- Full Step-by-Step Tutorial,883.0,storyboard,67,537.83,545.85,8.02,https://youtu.be/e2RHQ6LVr-w?t=538s,pour_wax,assemble,1,0.45,Pouring wax into the jar/plate.,"Pouring wax into the jar/plate. assemble phase, ~61% in, 8:57–9:05.",,0,,,,,,,1,,
e2RHQ6LVr-w,https://www.youtube.com/watch?v=e2RHQ6LVr-w,Making Candles at Home- Full Step-by-Step Tutorial,883.0,storyboard,70,561.91,569.94,8.03,https://youtu.be/e2RHQ6LVr-w?t=562s,pour_wax,assemble,1,0.45,Pouring wax into the jar/plate.,"Pouring wax into the jar/plate. assemble phase, ~64% in, 9:21–9:29.",,0,,,,,,,1,,
e2RHQ6LVr-w,https://www.youtube.com/watch?v=e2RHQ6LVr-w,Making Candles at Home- Full Step-by-Step Tutorial,883.0,storyboard,71,569.94,577.96,8.02,https://youtu.be/e2RHQ6LVr-w?t=570s,pour_wax,assemble,1,0.6,Host talks to camera.,"Host talks to camera. Pouring the melted wax from the pitcher into the prepared container. assemble phase, ~65% in, 9:29–9:37.",,0,,,,,,,1,,
e2RHQ6LVr-w,https://www.youtube.com/watch?v=e2RHQ6LVr-w,Making Candles at Home- Full Step-by-Step Tutorial,883.0,storyboard,72,577.96,585.99,8.03,https://youtu.be/e2RHQ6LVr-w?t=578s,pour_wax,assemble,1,0.45,Pouring wax into the jars.,"Pouring wax into the jars. assemble phase, ~65% in, 9:37–9:45.",,0,,,,,,,1,,
e2RHQ6LVr-w,https://www.youtube.com/watch?v=e2RHQ6LVr-w,Making Candles at Home- Full Step-by-Step Tutorial,883.0,storyboard,75,602.05,610.07,8.02,https://youtu.be/e2RHQ6LVr-w?t=602s,pour_wax,assemble,1,0.45,Pouring wax into the jars.,"Pouring wax into the jars. assemble phase, ~68% in, 10:02–10:10.",,0,,,,,,,1,,
e2RHQ6LVr-w,https://www.youtube.com/watch?v=e2RHQ6LVr-w,Making Candles at Home- Full Step-by-Step Tutorial,883.0,storyboard,78,626.13,634.15,8.02,https://youtu.be/e2RHQ6LVr-w?t=626s,pour_wax,assemble,1,0.45,Pouring wax into the jars.,"Pouring wax into the jars. assemble phase, ~71% in, 10:26–10:34.",,0,,,,,,,1,,
e2RHQ6LVr-w,https://www.youtube.com/watch?v=e2RHQ6LVr-w,Making Candles at Home- Full Step-by-Step Tutorial,883.0,storyboard,81,650.21,658.24,8.03,https://youtu.be/e2RHQ6LVr-w?t=650s,pour_wax,assemble,1,0.45,Pouring wax into the jars.,"Pouring wax into the jars. assemble phase, ~74% in, 10:50–10:58.",,0,,,,,,,1,,
e2RHQ6LVr-w,https://www.youtube.com/watch?v=e2RHQ6LVr-w,Making Candles at Home- Full Step-by-Step Tutorial,883.0,storyboard,84,674.29,682.32,8.03,https://youtu.be/e2RHQ6LVr-w?t=674s,pour_wax,assemble,1,0.45,Pouring wax into the jars.,"Pouring wax into the jars. assemble phase, ~76% in, 11:14–11:22.",,0,,,,,,,1,,
e2RHQ6LVr-w,https://www.youtube.com/watch?v=e2RHQ6LVr-w,Making Candles at Home- Full Step-by-Step Tutorial,883.0,storyboard,87,698.37,706.4,8.03,https://youtu.be/e2RHQ6LVr-w?t=698s,pour_wax,assemble,1,0.45,Pouring wax into the jars.,"Pouring wax into the jars. assemble phase, ~79% in, 11:38–11:46.",,0,,,,,,,1,,
e2RHQ6LVr-w,https://www.youtube.com/watch?v=e2RHQ6LVr-w,Making Candles at Home- Full Step-by-Step Tutorial,883.0,storyboard,90,722.45,730.48,8.03,https://youtu.be/e2RHQ6LVr-w?t=722s,pour_wax,assemble,1,0.45,Pouring wax into the jars.,"Pouring wax into the jars. assemble phase, ~82% in, 12:02–12:10.",,0,,,,,,,1,,
e2RHQ6LVr-w,https://www.youtube.com/watch?v=e2RHQ6LVr-w,Making Candles at Home- Full Step-by-Step Tutorial,883.0,storyboard,93,746.54,754.56,8.02,https://youtu.be/e2RHQ6LVr-w?t=747s,pour_wax,assemble,1,0.45,Pouring wax into the jars.,"Pouring wax into the jars. assemble phase, ~85% in, 12:26–12:34.",,0,,,,,,,1,,
e4kzTAoOkm8,https://www.youtube.com/watch?v=e4kzTAoOkm8,How to Make a Soy Wax Pillar Candle | Village Craft & Candle,275.0,storyboard,12,97.06,105.15,8.09,https://youtu.be/e4kzTAoOkm8?t=97s,pour_wax,assemble,1,0.5,'Step 5: Prep'; pink pillar silicone mould; pour begins.,"'Step 5: Prep'; pink pillar silicone mould; pour begins. assemble phase, ~35% in, 1:37–1:45. Terminology: pillar candle.",,0,,,,,,,1,,
e4kzTAoOkm8,https://www.youtube.com/watch?v=e4kzTAoOkm8,How to Make a Soy Wax Pillar Candle | Village Craft & Candle,275.0,storyboard,13,105.15,113.24,8.09,https://youtu.be/e4kzTAoOkm8?t=105s,pour_wax,assemble,1,0.5,'Step 6: Pour your candle'; pouring pink wax into the pillar mould.,"'Step 6: Pour your candle'; pouring pink wax into the pillar mould. assemble phase, ~38% in, 1:45–1:53. Terminology: pillar candle.",,0,,,,,,,1,,
e4kzTAoOkm8,https://www.youtube.com/watch?v=e4kzTAoOkm8,How to Make a Soy Wax Pillar Candle | Village Craft & Candle,275.0,storyboard,14,113.24,121.32,8.08,https://youtu.be/e4kzTAoOkm8?t=113s,pour_wax,assemble,1,0.5,'Step 6: Pour your candle'; pouring pink wax into the pillar mould.,"'Step 6: Pour your candle'; pouring pink wax into the pillar mould. assemble phase, ~41% in, 1:53–2:01. Terminology: pillar candle.",,0,,,,,,,1,,
e4kzTAoOkm8,https://www.youtube.com/watch?v=e4kzTAoOkm8,How to Make a Soy Wax Pillar Candle | Village Craft & Candle,275.0,storyboard,15,121.32,129.41,8.09,https://youtu.be/e4kzTAoOkm8?t=121s,pour_wax,assemble,1,0.5,'Step 6: Pour your candle'; pouring pink wax into the pillar mould.,"'Step 6: Pour your candle'; pouring pink wax into the pillar mould. assemble phase, ~44% in, 2:01–2:09. Terminology: pillar candle.",,0,,,,,,,1,,
e4kzTAoOkm8,https://www.youtube.com/watch?v=e4kzTAoOkm8,How to Make a Soy Wax Pillar Candle | Village Craft & Candle,275.0,storyboard,16,129.41,137.5,8.09,https://youtu.be/e4kzTAoOkm8?t=129s,pour_wax,assemble,1,0.5,'Step 6: Pour your candle'; pouring pink wax into the pillar mould.,"'Step 6: Pour your candle'; pouring pink wax into the pillar mould. assemble phase, ~47% in, 2:09–2:17. Terminology: pillar candle.",,0,,,,,,,1,,
e4kzTAoOkm8,https://www.youtube.com/watch?v=e4kzTAoOkm8,How to Make a Soy Wax Pillar Candle | Village Craft & Candle,275.0,storyboard,17,137.5,145.59,8.09,https://youtu.be/e4kzTAoOkm8?t=138s,pour_wax,assemble,1,0.5,'Step 6: Pour your candle'; pouring pink wax into the pillar mould.,"'Step 6: Pour your candle'; pouring pink wax into the pillar mould. assemble phase, ~50% in, 2:17–2:25. Terminology: pillar candle.",,0,,,,,,,1,,
e4kzTAoOkm8,https://www.youtube.com/watch?v=e4kzTAoOkm8,How to Make a Soy Wax Pillar Candle | Village Craft & Candle,275.0,storyboard,18,145.59,153.68,8.09,https://youtu.be/e4kzTAoOkm8?t=146s,pour_wax,assemble,1,0.5,'Step 6: Pour your candle'; pouring pink wax into the pillar mould.,"'Step 6: Pour your candle'; pouring pink wax into the pillar mould. assemble phase, ~53% in, 2:25–2:33. Terminology: pillar candle.",,0,,,,,,,1,,
e4kzTAoOkm8,https://www.youtube.com/watch?v=e4kzTAoOkm8,How to Make a Soy Wax Pillar Candle | Village Craft & Candle,275.0,storyboard,19,153.68,161.76,8.08,https://youtu.be/e4kzTAoOkm8?t=154s,pour_wax,assemble,1,0.5,'Step 6: Pour your candle'; pouring pink wax into the pillar mould.,"'Step 6: Pour your candle'; pouring pink wax into the pillar mould. assemble phase, ~56% in, 2:33–2:41. Terminology: pillar candle.",,0,,,,,,,1,,
e4kzTAoOkm8,https://www.youtube.com/watch?v=e4kzTAoOkm8,How to Make a Soy Wax Pillar Candle | Village Craft & Candle,275.0,storyboard,20,161.76,169.85,8.09,https://youtu.be/e4kzTAoOkm8?t=162s,pour_wax,assemble,1,0.5,'Step 6: Pour your candle'; pouring pink wax into the pillar mould.,"'Step 6: Pour your candle'; pouring pink wax into the pillar mould. assemble phase, ~59% in, 2:41–2:49. Terminology: pillar candle.",,0,,,,,,,1,,
e4kzTAoOkm8,https://www.youtube.com/watch?v=e4kzTAoOkm8,How to Make a Soy Wax Pillar Candle | Village Craft & Candle,275.0,storyboard,21,169.85,177.94,8.09,https://youtu.be/e4kzTAoOkm8?t=170s,pour_wax,assemble,1,0.5,"On-screen text card (auto-detected: static frame, OCR text). Text reads: 'Mette. au 5 4 ih AS 4 ul ror CA PUT THE YY oar be sDON Son Med iis, BRS at ROURMTHE: aN IER OOWN: Ff aN THE Wick TO FRAN PRIME IT WR ae ee ee 1 BA ed Sa'.","On-screen text card (auto-detected: static frame, OCR text). Text reads: 'Mette. au 5 4 ih AS 4 ul ror CA PUT THE YY oar be sDON Son Med iis, BRS at ROURMTHE: aN IER OOWN: Ff aN THE Wick TO FRAN PRIME IT WR ae ee ee 1 BA ed Sa'. assemble phase, ~62% in, 2:49–2:57.",,0,,,,,,,1,,
e4kzTAoOkm8,https://www.youtube.com/watch?v=e4kzTAoOkm8,How to Make a Soy Wax Pillar Candle | Village Craft & Candle,275.0,storyboard,22,177.94,186.03,8.09,https://youtu.be/e4kzTAoOkm8?t=178s,pour_wax,assemble,1,0.5,'Step 6: Pour your candle'; pouring pink wax into the pillar mould.,"'Step 6: Pour your candle'; pouring pink wax into the pillar mould. assemble phase, ~65% in, 2:57–3:06. Terminology: pillar candle.",,0,,,,,,,1,,
ejlyZKwVMU8,https://www.youtube.com/watch?v=ejlyZKwVMU8,HOW TO MAKE WOODEN WICK SCENTED CANDLE | SOY WAX VANILLA SANDAL CANDLE DIY,117.0,storyboard,9,70.2,78.0,7.8,https://youtu.be/ejlyZKwVMU8?t=70s,pour_wax,assemble,1,0.65,Caption 'pour scented wax into cup'; molten wax poured into the clay cup.,"Caption 'pour scented wax into cup'; molten wax poured into the clay cup. assemble phase, ~60% in, 1:10–1:18.",,0,,,,,,,1,,
ejlyZKwVMU8,https://www.youtube.com/watch?v=ejlyZKwVMU8,HOW TO MAKE WOODEN WICK SCENTED CANDLE | SOY WAX VANILLA SANDAL CANDLE DIY,117.0,storyboard,10,78.0,85.8,7.8,https://youtu.be/ejlyZKwVMU8?t=78s,pour_wax,assemble,1,0.6,The clay cup fills with scented wax around the wooden wick.,"The clay cup fills with scented wax around the wooden wick. assemble phase, ~67% in, 1:18–1:25. Terminology: sinkhole, wood wick.",,0,,,,,,,1,,
eyHB2gfWo_I,https://www.youtube.com/watch?v=eyHB2gfWo_I,How to make Coconut Wax Candles at home,324.0,storyboard,6,48.6,56.7,8.1,https://youtu.be/eyHB2gfWo_I?t=49s,pour_wax,assemble,1,0.5,Readying to pour from the pot.,"Readying to pour from the pot. assemble phase, ~15% in, 0:48–0:56.",,0,,,,,,,1,,
eyHB2gfWo_I,https://www.youtube.com/watch?v=eyHB2gfWo_I,How to make Coconut Wax Candles at home,324.0,storyboard,7,56.7,64.8,8.1,https://youtu.be/eyHB2gfWo_I?t=57s,pour_wax,assemble,1,0.55,Cream wax poured into glass jars on the table.,"Cream wax poured into glass jars on the table. assemble phase, ~18% in, 0:56–1:04. Terminology: container candle.",,0,,,,,,,1,,
eyHB2gfWo_I,https://www.youtube.com/watch?v=eyHB2gfWo_I,How to make Coconut Wax Candles at home,324.0,storyboard,8,64.8,72.9,8.1,https://youtu.be/eyHB2gfWo_I?t=65s,pour_wax,assemble,1,0.6,Pouring wax into the glass jars.,"Pouring wax into the glass jars. assemble phase, ~20% in, 1:04–1:12.",,0,,,,,,,1,,
eyHB2gfWo_I,https://www.youtube.com/watch?v=eyHB2gfWo_I,How to make Coconut Wax Candles at home,324.0,storyboard,9,72.9,81.0,8.1,https://youtu.be/eyHB2gfWo_I?t=73s,pour_wax,assemble,1,0.6,Jars filling with cream wax.,"Jars filling with cream wax. assemble phase, ~23% in, 1:12–1:21.",,0,,,,,,,1,,
eyHB2gfWo_I,https://www.youtube.com/watch?v=eyHB2gfWo_I,How to make Coconut Wax Candles at home,324.0,storyboard,10,81.0,89.1,8.1,https://youtu.be/eyHB2gfWo_I?t=81s,pour_wax,assemble,1,0.55,Host pours wax into more jars.,"Host pours wax into more jars. assemble phase, ~25% in, 1:21–1:29.",,0,,,,,,,1,,
eyHB2gfWo_I,https://www.youtube.com/watch?v=eyHB2gfWo_I,How to make Coconut Wax Candles at home,324.0,storyboard,11,89.1,97.2,8.1,https://youtu.be/eyHB2gfWo_I?t=89s,pour_wax,assemble,1,0.55,Continuing to fill the jars.,"Continuing to fill the jars. assemble phase, ~28% in, 1:29–1:37.",,0,,,,,,,1,,
eyHB2gfWo_I,https://www.youtube.com/watch?v=eyHB2gfWo_I,How to make Coconut Wax Candles at home,324.0,storyboard,12,97.2,105.3,8.1,https://youtu.be/eyHB2gfWo_I?t=97s,pour_wax,assemble,1,0.55,Pouring wax into the jars.,"Pouring wax into the jars. assemble phase, ~30% in, 1:37–1:45.",,0,,,,,,,1,,
eyHB2gfWo_I,https://www.youtube.com/watch?v=eyHB2gfWo_I,How to make Coconut Wax Candles at home,324.0,storyboard,13,105.3,113.4,8.1,https://youtu.be/eyHB2gfWo_I?t=105s,pour_wax,assemble,1,0.5,Row of jars being filled.,"Row of jars being filled. assemble phase, ~32% in, 1:45–1:53.",,0,,,,,,,1,,
eyHB2gfWo_I,https://www.youtube.com/watch?v=eyHB2gfWo_I,How to make Coconut Wax Candles at home,324.0,storyboard,20,162.0,170.1,8.1,https://youtu.be/eyHB2gfWo_I?t=162s,pour_wax,assemble,1,0.5,Host pours/tops up the jars.,"Host pours/tops up the jars. assemble phase, ~50% in, 2:42–2:50.",,0,,,,,,,1,,
f1l30y3gm84,https://www.youtube.com/watch?v=f1l30y3gm84,"all things wax! | asmr, cleaning, candle making…",525.0,storyboard,3,23.86,31.82,7.96,https://youtu.be/f1l30y3gm84?t=24s,pour_wax,assemble,1,0.45,Pouring colourful wax into the metal trough (ASMR).,"Pouring colourful wax into the metal trough (ASMR). assemble phase, ~5% in, 0:23–0:31.",,0,,,,,,,1,,
f1l30y3gm84,https://www.youtube.com/watch?v=f1l30y3gm84,"all things wax! | asmr, cleaning, candle making…",525.0,storyboard,6,47.73,55.68,7.95,https://youtu.be/f1l30y3gm84?t=48s,pour_wax,assemble,1,0.45,Pouring colourful wax into the metal trough (ASMR).,"Pouring colourful wax into the metal trough (ASMR). assemble phase, ~9% in, 0:47–0:55.",,0,,,,,,,1,,
f1l30y3gm84,https://www.youtube.com/watch?v=f1l30y3gm84,"all things wax! | asmr, cleaning, candle making…",525.0,storyboard,18,143.18,151.14,7.96,https://youtu.be/f1l30y3gm84?t=143s,pour_wax,assemble,1,0.45,Pouring colourful wax into the metal trough (ASMR).,"Pouring colourful wax into the metal trough (ASMR). assemble phase, ~27% in, 2:23–2:31.",,0,,,,,,,1,,
f1l30y3gm84,https://www.youtube.com/watch?v=f1l30y3gm84,"all things wax! | asmr, cleaning, candle making…",525.0,storyboard,21,167.05,175.0,7.95,https://youtu.be/f1l30y3gm84?t=167s,pour_wax,assemble,1,0.45,Pouring colourful wax into the metal trough (ASMR).,"Pouring colourful wax into the metal trough (ASMR). assemble phase, ~32% in, 2:47–2:55.",,0,,,,,,,1,,
f1l30y3gm84,https://www.youtube.com/watch?v=f1l30y3gm84,"all things wax! | asmr, cleaning, candle making…",525.0,storyboard,26,206.82,214.77,7.95,https://youtu.be/f1l30y3gm84?t=207s,pour_wax,assemble,1,0.5,Pouring colourful wax into the trough moulds.,"Pouring colourful wax into the trough moulds. assemble phase, ~39% in, 3:26–3:34.",,0,,,,,,,1,,
f1l30y3gm84,https://www.youtube.com/watch?v=f1l30y3gm84,"all things wax! | asmr, cleaning, candle making…",525.0,storyboard,27,214.77,222.73,7.96,https://youtu.be/f1l30y3gm84?t=215s,pour_wax,assemble,1,0.5,Vivid coloured wax added.,"Vivid coloured wax added. assemble phase, ~41% in, 3:34–3:42.",,0,,,,,,,1,,
f1l30y3gm84,https://www.youtube.com/watch?v=f1l30y3gm84,"all things wax! | asmr, cleaning, candle making…",525.0,storyboard,28,222.73,230.68,7.95,https://youtu.be/f1l30y3gm84?t=223s,pour_wax,assemble,1,0.5,Pouring colourful wax into the trough moulds.,"Pouring colourful wax into the trough moulds. assemble phase, ~42% in, 3:42–3:50.",,0,,,,,,,1,,
f1l30y3gm84,https://www.youtube.com/watch?v=f1l30y3gm84,"all things wax! | asmr, cleaning, candle making…",525.0,storyboard,33,262.5,270.45,7.95,https://youtu.be/f1l30y3gm84?t=262s,pour_wax,assemble,1,0.5,Pouring colourful wax into the trough moulds.,"Pouring colourful wax into the trough moulds. assemble phase, ~50% in, 4:22–4:30.",,0,,,,,,,1,,
f1l30y3gm84,https://www.youtube.com/watch?v=f1l30y3gm84,"all things wax! | asmr, cleaning, candle making…",525.0,storyboard,38,302.27,310.23,7.96,https://youtu.be/f1l30y3gm84?t=302s,pour_wax,assemble,1,0.5,Pouring colourful wax into the trough moulds.,"Pouring colourful wax into the trough moulds. assemble phase, ~58% in, 5:02–5:10.",,0,,,,,,,1,,
f1l30y3gm84,https://www.youtube.com/watch?v=f1l30y3gm84,"all things wax! | asmr, cleaning, candle making…",525.0,storyboard,39,310.23,318.18,7.95,https://youtu.be/f1l30y3gm84?t=310s,pour_wax,assemble,1,0.5,Pouring colourful wax into the trough moulds.,"Pouring colourful wax into the trough moulds. assemble phase, ~59% in, 5:10–5:18.",,0,,,,,,,1,,
f1l30y3gm84,https://www.youtube.com/watch?v=f1l30y3gm84,"all things wax! | asmr, cleaning, candle making…",525.0,storyboard,40,318.18,326.14,7.96,https://youtu.be/f1l30y3gm84?t=318s,pour_wax,assemble,1,0.5,Pouring colourful wax into the trough moulds.,"Pouring colourful wax into the trough moulds. assemble phase, ~61% in, 5:18–5:26.",,0,,,,,,,1,,
f1l30y3gm84,https://www.youtube.com/watch?v=f1l30y3gm84,"all things wax! | asmr, cleaning, candle making…",525.0,storyboard,44,350.0,357.95,7.95,https://youtu.be/f1l30y3gm84?t=350s,pour_wax,assemble,1,0.5,Pouring colourful wax into the trough moulds.,"Pouring colourful wax into the trough moulds. assemble phase, ~67% in, 5:50–5:57.",,0,,,,,,,1,,
f1l30y3gm84,https://www.youtube.com/watch?v=f1l30y3gm84,"all things wax! | asmr, cleaning, candle making…",525.0,storyboard,49,389.77,397.73,7.96,https://youtu.be/f1l30y3gm84?t=390s,pour_wax,assemble,1,0.5,Pouring colourful wax into the trough moulds.,"Pouring colourful wax into the trough moulds. assemble phase, ~74% in, 6:29–6:37.",,0,,,,,,,1,,
f1l30y3gm84,https://www.youtube.com/watch?v=f1l30y3gm84,"all things wax! | asmr, cleaning, candle making…",525.0,storyboard,50,397.73,405.68,7.95,https://youtu.be/f1l30y3gm84?t=398s,pour_wax,assemble,1,0.5,Pouring colourful wax into the trough moulds.,"Pouring colourful wax into the trough moulds. assemble phase, ~76% in, 6:37–6:45.",,0,,,,,,,1,,
f1l30y3gm84,https://www.youtube.com/watch?v=f1l30y3gm84,"all things wax! | asmr, cleaning, candle making…",525.0,storyboard,51,405.68,413.64,7.96,https://youtu.be/f1l30y3gm84?t=406s,pour_wax,assemble,1,0.5,Pouring colourful wax into the trough moulds.,"Pouring colourful wax into the trough moulds. assemble phase, ~77% in, 6:45–6:53.",,0,,,,,,,1,,
f1l30y3gm84,https://www.youtube.com/watch?v=f1l30y3gm84,"all things wax! | asmr, cleaning, candle making…",525.0,storyboard,52,413.64,421.59,7.95,https://youtu.be/f1l30y3gm84?t=414s,pour_wax,assemble,1,0.5,Vivid coloured wax added.,"Vivid coloured wax added. assemble phase, ~79% in, 6:53–7:01.",,0,,,,,,,1,,
f1l30y3gm84,https://www.youtube.com/watch?v=f1l30y3gm84,"all things wax! | asmr, cleaning, candle making…",525.0,storyboard,53,421.59,429.55,7.96,https://youtu.be/f1l30y3gm84?t=422s,pour_wax,assemble,1,0.5,Pouring colourful wax into the trough moulds.,"Pouring colourful wax into the trough moulds. assemble phase, ~80% in, 7:01–7:09.",,0,,,,,,,1,,
f1l30y3gm84,https://www.youtube.com/watch?v=f1l30y3gm84,"all things wax! | asmr, cleaning, candle making…",525.0,storyboard,54,429.55,437.5,7.95,https://youtu.be/f1l30y3gm84?t=430s,pour_wax,assemble,1,0.5,Pouring colourful wax into the trough moulds.,"Pouring colourful wax into the trough moulds. assemble phase, ~82% in, 7:09–7:17.",,0,,,,,,,1,,
f1l30y3gm84,https://www.youtube.com/watch?v=f1l30y3gm84,"all things wax! | asmr, cleaning, candle making…",525.0,storyboard,55,437.5,445.45,7.95,https://youtu.be/f1l30y3gm84?t=438s,pour_wax,assemble,1,0.5,Pouring colourful wax into the trough moulds.,"Pouring colourful wax into the trough moulds. assemble phase, ~83% in, 7:17–7:25.",,0,,,,,,,1,,
f9oNZmnsXuc,https://www.youtube.com/watch?v=f9oNZmnsXuc,Hehinton Double Boiler Candle Making Kit,114.0,storyboard,6,48.86,57.0,8.14,https://youtu.be/f9oNZmnsXuc?t=49s,pour_wax,assemble,1,0.5,Pouring melted wax into glass cups.,"Pouring melted wax into glass cups. assemble phase, ~43% in, 0:48–0:57.",,0,,,,,,,1,,
f9oNZmnsXuc,https://www.youtube.com/watch?v=f9oNZmnsXuc,Hehinton Double Boiler Candle Making Kit,114.0,storyboard,9,73.29,81.43,8.14,https://youtu.be/f9oNZmnsXuc?t=73s,pour_wax,assemble,1,0.5,Glass cup filled with wax; wick set.,"Glass cup filled with wax; wick set. assemble phase, ~64% in, 1:13–1:21.",,0,,,,,,,1,,
fPLxwt3A3pA,https://www.youtube.com/watch?v=fPLxwt3A3pA,DIY Transparent Candles – No Gel Wax Needed!Easy Tutorial,118.0,storyboard,3,23.6,31.47,7.87,https://youtu.be/fPLxwt3A3pA?t=24s,pour_wax,assemble,1,0.4,Caption 'Hot water'; clear liquid poured into the rose-filled glass.,"Caption 'Hot water'; clear liquid poured into the rose-filled glass. assemble phase, ~20% in, 0:23–0:31. Terminology: container candle.",,0,,,,,,,1,,
fPLxwt3A3pA,https://www.youtube.com/watch?v=fPLxwt3A3pA,DIY Transparent Candles – No Gel Wax Needed!Easy Tutorial,118.0,storyboard,4,31.47,39.33,7.86,https://youtu.be/fPLxwt3A3pA?t=31s,pour_wax,assemble,1,0.4,The glass fills with clear wax around embedded red roses.,"The glass fills with clear wax around embedded red roses. assemble phase, ~27% in, 0:31–0:39.",,0,,,,,,,1,,
fPLxwt3A3pA,https://www.youtube.com/watch?v=fPLxwt3A3pA,DIY Transparent Candles – No Gel Wax Needed!Easy Tutorial,118.0,storyboard,5,39.33,47.2,7.87,https://youtu.be/fPLxwt3A3pA?t=39s,pour_wax,assemble,1,0.35,A stick/wick is positioned in the clear rose candle.,"A stick/wick is positioned in the clear rose candle. assemble phase, ~33% in, 0:39–0:47.",,0,,,,,,,1,,
fPLxwt3A3pA,https://www.youtube.com/watch?v=fPLxwt3A3pA,DIY Transparent Candles – No Gel Wax Needed!Easy Tutorial,118.0,storyboard,6,47.2,55.07,7.87,https://youtu.be/fPLxwt3A3pA?t=47s,pour_wax,assemble,1,0.4,More clear wax in the glass with suspended roses.,"More clear wax in the glass with suspended roses. assemble phase, ~40% in, 0:47–0:55.",,0,,,,,,,1,,
fPLxwt3A3pA,https://www.youtube.com/watch?v=fPLxwt3A3pA,DIY Transparent Candles – No Gel Wax Needed!Easy Tutorial,118.0,storyboard,7,55.07,62.93,7.86,https://youtu.be/fPLxwt3A3pA?t=55s,pour_wax,assemble,1,0.35,Caption 'Hot water'; a hot-water technique step (blurry).,"Caption 'Hot water'; a hot-water technique step (blurry). assemble phase, ~47% in, 0:55–1:02.",,0,,,,,,,1,,
fPLxwt3A3pA,https://www.youtube.com/watch?v=fPLxwt3A3pA,DIY Transparent Candles – No Gel Wax Needed!Easy Tutorial,118.0,storyboard,8,62.93,70.8,7.87,https://youtu.be/fPLxwt3A3pA?t=63s,pour_wax,assemble,1,0.4,Clear wax poured around the roses in the glass.,"Clear wax poured around the roses in the glass. assemble phase, ~53% in, 1:02–1:10.",,0,,,,,,,1,,
fPLxwt3A3pA,https://www.youtube.com/watch?v=fPLxwt3A3pA,DIY Transparent Candles – No Gel Wax Needed!Easy Tutorial,118.0,storyboard,9,70.8,78.67,7.87,https://youtu.be/fPLxwt3A3pA?t=71s,pour_wax,assemble,1,0.4,Glass of clear wax with roses; a blue element appears.,"Glass of clear wax with roses; a blue element appears. assemble phase, ~60% in, 1:10–1:18.",,0,,,,,,,1,,
fPLxwt3A3pA,https://www.youtube.com/watch?v=fPLxwt3A3pA,DIY Transparent Candles – No Gel Wax Needed!Easy Tutorial,118.0,storyboard,10,78.67,86.53,7.86,https://youtu.be/fPLxwt3A3pA?t=79s,pour_wax,assemble,1,0.35,A blue swirl forms — a blue transparent variant being made.,"A blue swirl forms — a blue transparent variant being made. assemble phase, ~67% in, 1:18–1:26.",,0,,,,,,,1,,
fPLxwt3A3pA,https://www.youtube.com/watch?v=fPLxwt3A3pA,DIY Transparent Candles – No Gel Wax Needed!Easy Tutorial,118.0,storyboard,11,86.53,94.4,7.87,https://youtu.be/fPLxwt3A3pA?t=87s,pour_wax,assemble,1,0.4,A blue ice-like mass sits in the glass.,"A blue ice-like mass sits in the glass. assemble phase, ~73% in, 1:26–1:34.",,0,,,,,,,1,,
fS_Y1fC39kM,https://www.youtube.com/watch?v=fS_Y1fC39kM,How to Make Candles with Essential Oils - Homemade Summer DIY♡ NaturallyThriftyMom,261.0,storyboard,9,71.18,79.09,7.91,https://youtu.be/fS_Y1fC39kM?t=71s,pour_wax,assemble,1,0.55,Melted wax poured into the glass.,"Melted wax poured into the glass. assemble phase, ~27% in, 1:11–1:19. Terminology: container candle.",,0,,,,,,,1,,
fS_Y1fC39kM,https://www.youtube.com/watch?v=fS_Y1fC39kM,How to Make Candles with Essential Oils - Homemade Summer DIY♡ NaturallyThriftyMom,261.0,storyboard,10,79.09,87.0,7.91,https://youtu.be/fS_Y1fC39kM?t=79s,pour_wax,assemble,1,0.5,Melting pot beside the glass.,"Melting pot beside the glass. assemble phase, ~30% in, 1:19–1:27.",,0,,,,,,,1,,
fS_Y1fC39kM,https://www.youtube.com/watch?v=fS_Y1fC39kM,How to Make Candles with Essential Oils - Homemade Summer DIY♡ NaturallyThriftyMom,261.0,storyboard,11,87.0,94.91,7.91,https://youtu.be/fS_Y1fC39kM?t=87s,pour_wax,assemble,1,0.5,Glass with wax; hand at work.,"Glass with wax; hand at work. assemble phase, ~33% in, 1:27–1:34.",,0,,,,,,,1,,
fS_Y1fC39kM,https://www.youtube.com/watch?v=fS_Y1fC39kM,How to Make Candles with Essential Oils - Homemade Summer DIY♡ NaturallyThriftyMom,261.0,storyboard,15,118.64,126.55,7.91,https://youtu.be/fS_Y1fC39kM?t=119s,pour_wax,assemble,1,0.55,Wax poured into a glass.,"Wax poured into a glass. Pouring the melted wax from the pitcher into the prepared container. assemble phase, ~45% in, 1:58–2:06. Terminology: container candle.",,0,,,,,,,1,,
fS_Y1fC39kM,https://www.youtube.com/watch?v=fS_Y1fC39kM,How to Make Candles with Essential Oils - Homemade Summer DIY♡ NaturallyThriftyMom,261.0,storyboard,16,126.55,134.45,7.9,https://youtu.be/fS_Y1fC39kM?t=127s,pour_wax,assemble,1,0.5,Glass with wax; stirring.,"Glass with wax; stirring. assemble phase, ~48% in, 2:06–2:14.",,0,,,,,,,1,,
fS_Y1fC39kM,https://www.youtube.com/watch?v=fS_Y1fC39kM,How to Make Candles with Essential Oils - Homemade Summer DIY♡ NaturallyThriftyMom,261.0,storyboard,19,150.27,158.18,7.91,https://youtu.be/fS_Y1fC39kM?t=150s,pour_wax,assemble,1,0.5,Glass being filled with wax.,"Glass being filled with wax. assemble phase, ~58% in, 2:30–2:38.",,0,,,,,,,1,,
fS_Y1fC39kM,https://www.youtube.com/watch?v=fS_Y1fC39kM,How to Make Candles with Essential Oils - Homemade Summer DIY♡ NaturallyThriftyMom,261.0,storyboard,20,158.18,166.09,7.91,https://youtu.be/fS_Y1fC39kM?t=158s,pour_wax,assemble,1,0.5,Wax poured; orange zest nearby.,"Wax poured; orange zest nearby. assemble phase, ~61% in, 2:38–2:46.",,0,,,,,,,1,,
gUmo_4_EhuI,https://www.youtube.com/watch?v=gUmo_4_EhuI,Make DIY Aesthetic Candles with Me | DIY cute candles handmade candle gift ideas | Temu molds review,529.0,storyboard,9,72.14,80.15,8.01,https://youtu.be/gUmo_4_EhuI?t=72s,pour_wax,assemble,1,0.5,Pouring coloured wax into flower/ball silicone moulds.,"Pouring coloured wax into flower/ball silicone moulds. assemble phase, ~14% in, 1:12–1:20.",,0,,,,,,,1,,
gUmo_4_EhuI,https://www.youtube.com/watch?v=gUmo_4_EhuI,Make DIY Aesthetic Candles with Me | DIY cute candles handmade candle gift ideas | Temu molds review,529.0,storyboard,12,96.18,104.2,8.02,https://youtu.be/gUmo_4_EhuI?t=96s,pour_wax,assemble,1,0.5,Pouring coloured wax into flower/ball silicone moulds.,"Pouring coloured wax into flower/ball silicone moulds. assemble phase, ~18% in, 1:36–1:44.",,0,,,,,,,1,,
gUmo_4_EhuI,https://www.youtube.com/watch?v=gUmo_4_EhuI,Make DIY Aesthetic Candles with Me | DIY cute candles handmade candle gift ideas | Temu molds review,529.0,storyboard,15,120.23,128.24,8.01,https://youtu.be/gUmo_4_EhuI?t=120s,pour_wax,assemble,1,0.5,Pouring coloured wax into flower/ball silicone moulds.,"Pouring coloured wax into flower/ball silicone moulds. assemble phase, ~23% in, 2:00–2:08.",,0,,,,,,,1,,
gUmo_4_EhuI,https://www.youtube.com/watch?v=gUmo_4_EhuI,Make DIY Aesthetic Candles with Me | DIY cute candles handmade candle gift ideas | Temu molds review,529.0,storyboard,18,144.27,152.29,8.02,https://youtu.be/gUmo_4_EhuI?t=144s,pour_wax,assemble,1,0.5,Pouring coloured wax into flower/ball silicone moulds.,"Pouring coloured wax into flower/ball silicone moulds. assemble phase, ~27% in, 2:24–2:32.",,0,,,,,,,1,,
gUmo_4_EhuI,https://www.youtube.com/watch?v=gUmo_4_EhuI,Make DIY Aesthetic Candles with Me | DIY cute candles handmade candle gift ideas | Temu molds review,529.0,storyboard,21,168.32,176.33,8.01,https://youtu.be/gUmo_4_EhuI?t=168s,pour_wax,assemble,1,0.5,Pouring coloured wax into flower/ball silicone moulds.,"Pouring coloured wax into flower/ball silicone moulds. assemble phase, ~32% in, 2:48–2:56.",,0,,,,,,,1,,
gUmo_4_EhuI,https://www.youtube.com/watch?v=gUmo_4_EhuI,Make DIY Aesthetic Candles with Me | DIY cute candles handmade candle gift ideas | Temu molds review,529.0,storyboard,57,456.86,464.88,8.02,https://youtu.be/gUmo_4_EhuI?t=457s,pour_wax,assemble,1,0.5,Pouring wax into the jar.,"Pouring wax into the jar. assemble phase, ~86% in, 7:36–7:44.",,0,,,,,,,1,,
gUmo_4_EhuI,https://www.youtube.com/watch?v=gUmo_4_EhuI,Make DIY Aesthetic Candles with Me | DIY cute candles handmade candle gift ideas | Temu molds review,529.0,storyboard,58,464.88,472.89,8.01,https://youtu.be/gUmo_4_EhuI?t=465s,pour_wax,assemble,1,0.5,Pouring wax into the jar.,"Pouring wax into the jar. assemble phase, ~88% in, 7:44–7:52.",,0,,,,,,,1,,
gUmo_4_EhuI,https://www.youtube.com/watch?v=gUmo_4_EhuI,Make DIY Aesthetic Candles with Me | DIY cute candles handmade candle gift ideas | Temu molds review,529.0,storyboard,59,472.89,480.91,8.02,https://youtu.be/gUmo_4_EhuI?t=473s,pour_wax,assemble,1,0.5,Pouring wax into the jar.,"Pouring wax into the jar. assemble phase, ~89% in, 7:52–8:00.",,0,,,,,,,1,,
gUmo_4_EhuI,https://www.youtube.com/watch?v=gUmo_4_EhuI,Make DIY Aesthetic Candles with Me | DIY cute candles handmade candle gift ideas | Temu molds review,529.0,storyboard,60,480.91,488.92,8.01,https://youtu.be/gUmo_4_EhuI?t=481s,pour_wax,assemble,1,0.5,Pouring wax into the jar.,"Pouring wax into the jar. assemble phase, ~91% in, 8:00–8:08.",,0,,,,,,,1,,
hHOzUDG8Upg,https://www.youtube.com/watch?v=hHOzUDG8Upg,Mass Production Process of Candle. A day in a Candle Factory.,796.0,storyboard,1,7.96,15.92,7.96,https://youtu.be/hHOzUDG8Upg?t=8s,pour_wax,assemble,1,0.4,Wax fed into the moulding machine.,"Wax fed into the moulding machine. assemble phase, ~1% in, 0:07–0:15.",,0,,,,,,,1,,
hHOzUDG8Upg,https://www.youtube.com/watch?v=hHOzUDG8Upg,Mass Production Process of Candle. A day in a Candle Factory.,796.0,storyboard,5,39.8,47.76,7.96,https://youtu.be/hHOzUDG8Upg?t=40s,pour_wax,assemble,1,0.4,Wax fed into the moulding machine.,"Wax fed into the moulding machine. assemble phase, ~5% in, 0:39–0:47.",,0,,,,,,,1,,
hHOzUDG8Upg,https://www.youtube.com/watch?v=hHOzUDG8Upg,Mass Production Process of Candle. A day in a Candle Factory.,796.0,storyboard,9,71.64,79.6,7.96,https://youtu.be/hHOzUDG8Upg?t=72s,pour_wax,assemble,1,0.4,Wax fed into the moulding machine.,"Wax fed into the moulding machine. assemble phase, ~9% in, 1:11–1:19.",,0,,,,,,,1,,
hHOzUDG8Upg,https://www.youtube.com/watch?v=hHOzUDG8Upg,Mass Production Process of Candle. A day in a Candle Factory.,796.0,storyboard,13,103.48,111.44,7.96,https://youtu.be/hHOzUDG8Upg?t=103s,pour_wax,assemble,1,0.4,Wax fed into the moulding machine.,"Wax fed into the moulding machine. assemble phase, ~13% in, 1:43–1:51.",,0,,,,,,,1,,
hHOzUDG8Upg,https://www.youtube.com/watch?v=hHOzUDG8Upg,Mass Production Process of Candle. A day in a Candle Factory.,796.0,storyboard,17,135.32,143.28,7.96,https://youtu.be/hHOzUDG8Upg?t=135s,pour_wax,assemble,1,0.4,Wax fed into the moulding machine.,"Wax fed into the moulding machine. assemble phase, ~17% in, 2:15–2:23.",,0,,,,,,,1,,
hHOzUDG8Upg,https://www.youtube.com/watch?v=hHOzUDG8Upg,Mass Production Process of Candle. A day in a Candle Factory.,796.0,storyboard,21,167.16,175.12,7.96,https://youtu.be/hHOzUDG8Upg?t=167s,pour_wax,assemble,1,0.4,Wax fed into the moulding machine.,"Wax fed into the moulding machine. assemble phase, ~21% in, 2:47–2:55.",,0,,,,,,,1,,
hHOzUDG8Upg,https://www.youtube.com/watch?v=hHOzUDG8Upg,Mass Production Process of Candle. A day in a Candle Factory.,796.0,storyboard,26,206.96,214.92,7.96,https://youtu.be/hHOzUDG8Upg?t=207s,pour_wax,assemble,1,0.45,Factory: wax fed into the moulding line.,"Factory: wax fed into the moulding line. assemble phase, ~26% in, 3:26–3:34.",,0,,,,,,,1,,
hHOzUDG8Upg,https://www.youtube.com/watch?v=hHOzUDG8Upg,Mass Production Process of Candle. A day in a Candle Factory.,796.0,storyboard,27,214.92,222.88,7.96,https://youtu.be/hHOzUDG8Upg?t=215s,pour_wax,assemble,1,0.45,Factory: wax fed into the moulding line.,"Factory: wax fed into the moulding line. assemble phase, ~27% in, 3:34–3:42.",,0,,,,,,,1,,
hHOzUDG8Upg,https://www.youtube.com/watch?v=hHOzUDG8Upg,Mass Production Process of Candle. A day in a Candle Factory.,796.0,storyboard,30,238.8,246.76,7.96,https://youtu.be/hHOzUDG8Upg?t=239s,pour_wax,assemble,1,0.45,Factory: wax fed into the moulding line.,"Factory: wax fed into the moulding line. assemble phase, ~30% in, 3:58–4:06.",,0,,,,,,,1,,
hHOzUDG8Upg,https://www.youtube.com/watch?v=hHOzUDG8Upg,Mass Production Process of Candle. A day in a Candle Factory.,796.0,storyboard,35,278.6,286.56,7.96,https://youtu.be/hHOzUDG8Upg?t=279s,pour_wax,assemble,1,0.45,Factory: wax fed into the moulding line.,"Factory: wax fed into the moulding line. assemble phase, ~35% in, 4:38–4:46.",,0,,,,,,,1,,
hHOzUDG8Upg,https://www.youtube.com/watch?v=hHOzUDG8Upg,Mass Production Process of Candle. A day in a Candle Factory.,796.0,storyboard,38,302.48,310.44,7.96,https://youtu.be/hHOzUDG8Upg?t=302s,pour_wax,assemble,1,0.45,Factory: wax fed into the moulding line.,"Factory: wax fed into the moulding line. assemble phase, ~38% in, 5:02–5:10.",,0,,,,,,,1,,
hHOzUDG8Upg,https://www.youtube.com/watch?v=hHOzUDG8Upg,Mass Production Process of Candle. A day in a Candle Factory.,796.0,storyboard,43,342.28,350.24,7.96,https://youtu.be/hHOzUDG8Upg?t=342s,pour_wax,assemble,1,0.45,Factory: wax fed into the moulding line.,"Factory: wax fed into the moulding line. assemble phase, ~43% in, 5:42–5:50.",,0,,,,,,,1,,
hHOzUDG8Upg,https://www.youtube.com/watch?v=hHOzUDG8Upg,Mass Production Process of Candle. A day in a Candle Factory.,796.0,storyboard,48,382.08,390.04,7.96,https://youtu.be/hHOzUDG8Upg?t=382s,pour_wax,assemble,1,0.45,Factory: wax fed into the moulding line.,"Factory: wax fed into the moulding line. assemble phase, ~48% in, 6:22–6:30.",,0,,,,,,,1,,
hHRi4I1mWuU,https://www.youtube.com/watch?v=hHRi4I1mWuU,Everyone’s freaking out over these Candle HACKS using Dollar Tree Candles,883.0,storyboard,5,40.14,48.16,8.02,https://youtu.be/hHRi4I1mWuU?t=40s,pour_wax,assemble,1,0.5,Pouring the brown 'coffee' wax into the glass.,"Pouring the brown 'coffee' wax into the glass. assemble phase, ~5% in, 0:40–0:48.",,0,,,,,,,1,,
hHRi4I1mWuU,https://www.youtube.com/watch?v=hHRi4I1mWuU,Everyone’s freaking out over these Candle HACKS using Dollar Tree Candles,883.0,storyboard,9,72.25,80.27,8.02,https://youtu.be/hHRi4I1mWuU?t=72s,pour_wax,assemble,1,0.5,Pouring the brown 'coffee' wax into the glass.,"Pouring the brown 'coffee' wax into the glass. assemble phase, ~8% in, 1:12–1:20.",,0,,,,,,,1,,
hHRi4I1mWuU,https://www.youtube.com/watch?v=hHRi4I1mWuU,Everyone’s freaking out over these Candle HACKS using Dollar Tree Candles,883.0,storyboard,13,104.35,112.38,8.03,https://youtu.be/hHRi4I1mWuU?t=104s,pour_wax,assemble,1,0.5,Pouring the brown 'coffee' wax into the glass.,"Pouring the brown 'coffee' wax into the glass. assemble phase, ~12% in, 1:44–1:52.",,0,,,,,,,1,,
hHRi4I1mWuU,https://www.youtube.com/watch?v=hHRi4I1mWuU,Everyone’s freaking out over these Candle HACKS using Dollar Tree Candles,883.0,storyboard,17,136.46,144.49,8.03,https://youtu.be/hHRi4I1mWuU?t=136s,pour_wax,assemble,1,0.5,Pouring the brown 'coffee' wax into the glass.,"Pouring the brown 'coffee' wax into the glass. assemble phase, ~15% in, 2:16–2:24.",,0,,,,,,,1,,
hHRi4I1mWuU,https://www.youtube.com/watch?v=hHRi4I1mWuU,Everyone’s freaking out over these Candle HACKS using Dollar Tree Candles,883.0,storyboard,21,168.57,176.6,8.03,https://youtu.be/hHRi4I1mWuU?t=169s,pour_wax,assemble,1,0.5,Pouring the brown 'coffee' wax into the glass.,"Pouring the brown 'coffee' wax into the glass. assemble phase, ~19% in, 2:48–2:56.",,0,,,,,,,1,,
hHRi4I1mWuU,https://www.youtube.com/watch?v=hHRi4I1mWuU,Everyone’s freaking out over these Candle HACKS using Dollar Tree Candles,883.0,storyboard,39,313.06,321.09,8.03,https://youtu.be/hHRi4I1mWuU?t=313s,pour_wax,assemble,1,0.55,Pouring wax into a square silicone mould near the oven.,"Pouring wax into a square silicone mould near the oven. assemble phase, ~35% in, 5:13–5:21.",,0,,,,,,,1,,
hHRi4I1mWuU,https://www.youtube.com/watch?v=hHRi4I1mWuU,Everyone’s freaking out over these Candle HACKS using Dollar Tree Candles,883.0,storyboard,40,321.09,329.12,8.03,https://youtu.be/hHRi4I1mWuU?t=321s,pour_wax,assemble,1,0.5,Filling a piping bag with wax at the stove (blue gloves).,"Filling a piping bag with wax at the stove (blue gloves). assemble phase, ~36% in, 5:21–5:29.",,0,,,,,,,1,,
hHRi4I1mWuU,https://www.youtube.com/watch?v=hHRi4I1mWuU,Everyone’s freaking out over these Candle HACKS using Dollar Tree Candles,883.0,storyboard,41,329.12,337.15,8.03,https://youtu.be/hHRi4I1mWuU?t=329s,pour_wax,assemble,1,0.5,Piping-bag of wax at the stove.,"Piping-bag of wax at the stove. assemble phase, ~37% in, 5:29–5:37.",,0,,,,,,,1,,
hHRi4I1mWuU,https://www.youtube.com/watch?v=hHRi4I1mWuU,Everyone’s freaking out over these Candle HACKS using Dollar Tree Candles,883.0,storyboard,42,337.15,345.17,8.02,https://youtu.be/hHRi4I1mWuU?t=337s,pour_wax,assemble,1,0.55,Pouring coloured wax into tree/star silicone moulds.,"Pouring coloured wax into tree/star silicone moulds. assemble phase, ~38% in, 5:37–5:45.",,0,,,,,,,1,,
hHRi4I1mWuU,https://www.youtube.com/watch?v=hHRi4I1mWuU,Everyone’s freaking out over these Candle HACKS using Dollar Tree Candles,883.0,storyboard,43,345.17,353.2,8.03,https://youtu.be/hHRi4I1mWuU?t=345s,pour_wax,assemble,1,0.55,Pouring coloured wax into the silicone moulds.,"Pouring coloured wax into the silicone moulds. assemble phase, ~39% in, 5:45–5:53.",,0,,,,,,,1,,
hHRi4I1mWuU,https://www.youtube.com/watch?v=hHRi4I1mWuU,Everyone’s freaking out over these Candle HACKS using Dollar Tree Candles,883.0,storyboard,76,610.07,618.1,8.03,https://youtu.be/hHRi4I1mWuU?t=610s,pour_wax,assemble,1,0.5,Pouring wax into a mould.,"Pouring wax into a mould. assemble phase, ~69% in, 10:10–10:18.",,0,,,,,,,1,,
hHRi4I1mWuU,https://www.youtube.com/watch?v=hHRi4I1mWuU,Everyone’s freaking out over these Candle HACKS using Dollar Tree Candles,883.0,storyboard,77,618.1,626.13,8.03,https://youtu.be/hHRi4I1mWuU?t=618s,pour_wax,assemble,1,0.5,Pouring wax into a mould.,"Pouring wax into a mould. assemble phase, ~70% in, 10:18–10:26.",,0,,,,,,,1,,
hHRi4I1mWuU,https://www.youtube.com/watch?v=hHRi4I1mWuU,Everyone’s freaking out over these Candle HACKS using Dollar Tree Candles,883.0,storyboard,86,690.35,698.37,8.02,https://youtu.be/hHRi4I1mWuU?t=690s,pour_wax,assemble,1,0.5,Pouring red wax into a dome silicone mould.,"Pouring red wax into a dome silicone mould. assemble phase, ~78% in, 11:30–11:38.",,0,,,,,,,1,,
hHRi4I1mWuU,https://www.youtube.com/watch?v=hHRi4I1mWuU,Everyone’s freaking out over these Candle HACKS using Dollar Tree Candles,883.0,storyboard,87,698.37,706.4,8.03,https://youtu.be/hHRi4I1mWuU?t=698s,pour_wax,assemble,1,0.5,Pouring into the dome mould.,"Pouring into the dome mould. assemble phase, ~79% in, 11:38–11:46.",,0,,,,,,,1,,
i64JEKLWiz0,https://www.youtube.com/watch?v=i64JEKLWiz0,How to Make Flexible Wax Sheets for Stunning Handmade Candles (Easy & Quick Tutorial),167.0,storyboard,6,47.71,55.67,7.96,https://youtu.be/i64JEKLWiz0?t=48s,pour_wax,assemble,1,0.45,Molten wax poured onto a tray to form a flexible sheet.,"Molten wax poured onto a tray to form a flexible sheet. assemble phase, ~29% in, 0:47–0:55.",,0,,,,,,,1,,
i64JEKLWiz0,https://www.youtube.com/watch?v=i64JEKLWiz0,How to Make Flexible Wax Sheets for Stunning Handmade Candles (Easy & Quick Tutorial),167.0,storyboard,7,55.67,63.62,7.95,https://youtu.be/i64JEKLWiz0?t=56s,pour_wax,assemble,1,0.4,Spreading the wax into a thin flexible sheet.,"Spreading the wax into a thin flexible sheet. assemble phase, ~33% in, 0:55–1:03.",,0,,,,,,,1,,
imxg0XoPkmg,https://www.youtube.com/watch?v=imxg0XoPkmg,DIY Coconut and Beezwax Candle,74.0,storyboard,5,41.11,49.33,8.22,https://youtu.be/imxg0XoPkmg?t=41s,pour_wax,assemble,1,0.65,"An empty mason jar, then the amber wax is poured in; caption 'Pour into jar and let it cool'.","An empty mason jar, then the amber wax is poured in; caption 'Pour into jar and let it cool'. assemble phase, ~56% in, 0:41–0:49.",,0,,,,,,,1,,
ivWkG-wDrn4,https://www.youtube.com/watch?v=ivWkG-wDrn4,The automatic candle maker nobody's talking about (yet),209.0,storyboard,9,72.35,80.38,8.03,https://youtu.be/ivWkG-wDrn4?t=72s,pour_wax,assemble,1,0.4,Red moulds filled with white wax on the line.,"Red moulds filled with white wax on the line. assemble phase, ~35% in, 1:12–1:20.",,0,,,,,,,1,,
ivWkG-wDrn4,https://www.youtube.com/watch?v=ivWkG-wDrn4,The automatic candle maker nobody's talking about (yet),209.0,storyboard,15,120.58,128.62,8.04,https://youtu.be/ivWkG-wDrn4?t=121s,pour_wax,assemble,1,0.4,Candle moulds filled.,"Candle moulds filled. Pouring the melted wax from the pitcher into the prepared container. assemble phase, ~58% in, 2:00–2:08. Terminology: repour, pillar candle.",,0,,,,,,,1,,
jVRtUAY0SpI,https://www.youtube.com/watch?v=jVRtUAY0SpI,The candle that made me go VIRAL ✨ Studio Vlog No. 1 ✨ The making of Cloud Nine,569.0,storyboard,19,152.27,160.28,8.01,https://youtu.be/jVRtUAY0SpI?t=152s,pour_wax,assemble,1,0.4,Overhead: pouring wax into moulds (ice-cube tray).,"Overhead: pouring wax into moulds (ice-cube tray). assemble phase, ~27% in, 2:32–2:40.",,0,,,,,,,1,,
jVRtUAY0SpI,https://www.youtube.com/watch?v=jVRtUAY0SpI,The candle that made me go VIRAL ✨ Studio Vlog No. 1 ✨ The making of Cloud Nine,569.0,storyboard,20,160.28,168.3,8.02,https://youtu.be/jVRtUAY0SpI?t=160s,pour_wax,assemble,1,0.5,Host talks to camera (the viral candle).,"Host talks to camera (the viral candle). Pouring the melted wax from the pitcher into the prepared container. assemble phase, ~28% in, 2:40–2:48.",,0,,,,,,,1,,
jVRtUAY0SpI,https://www.youtube.com/watch?v=jVRtUAY0SpI,The candle that made me go VIRAL ✨ Studio Vlog No. 1 ✨ The making of Cloud Nine,569.0,storyboard,21,168.3,176.31,8.01,https://youtu.be/jVRtUAY0SpI?t=168s,pour_wax,assemble,1,0.4,Overhead candle-making insert (mould/pour).,"Overhead candle-making insert (mould/pour). assemble phase, ~30% in, 2:48–2:56.",,0,,,,,,,1,,
jVRtUAY0SpI,https://www.youtube.com/watch?v=jVRtUAY0SpI,The candle that made me go VIRAL ✨ Studio Vlog No. 1 ✨ The making of Cloud Nine,569.0,storyboard,22,176.31,184.32,8.01,https://youtu.be/jVRtUAY0SpI?t=176s,pour_wax,assemble,1,0.4,Overhead: pouring wax into moulds (ice-cube tray).,"Overhead: pouring wax into moulds (ice-cube tray). assemble phase, ~31% in, 2:56–3:04.",,0,,,,,,,1,,
jVRtUAY0SpI,https://www.youtube.com/watch?v=jVRtUAY0SpI,The candle that made me go VIRAL ✨ Studio Vlog No. 1 ✨ The making of Cloud Nine,569.0,storyboard,29,232.41,240.42,8.01,https://youtu.be/jVRtUAY0SpI?t=232s,pour_wax,assemble,1,0.5,Pouring wax into the cups.,"Pouring wax into the cups. assemble phase, ~41% in, 3:52–4:00.",,0,,,,,,,1,,
jVRtUAY0SpI,https://www.youtube.com/watch?v=jVRtUAY0SpI,The candle that made me go VIRAL ✨ Studio Vlog No. 1 ✨ The making of Cloud Nine,569.0,storyboard,43,344.61,352.62,8.01,https://youtu.be/jVRtUAY0SpI?t=345s,pour_wax,assemble,1,0.5,Pouring wax into the cups.,"Pouring wax into the cups. assemble phase, ~61% in, 5:44–5:52.",,0,,,,,,,1,,
jVRtUAY0SpI,https://www.youtube.com/watch?v=jVRtUAY0SpI,The candle that made me go VIRAL ✨ Studio Vlog No. 1 ✨ The making of Cloud Nine,569.0,storyboard,44,352.62,360.63,8.01,https://youtu.be/jVRtUAY0SpI?t=353s,pour_wax,assemble,1,0.5,Pouring wax into the cups.,"Pouring wax into the cups. assemble phase, ~62% in, 5:52–6:00.",,0,,,,,,,1,,
jVRtUAY0SpI,https://www.youtube.com/watch?v=jVRtUAY0SpI,The candle that made me go VIRAL ✨ Studio Vlog No. 1 ✨ The making of Cloud Nine,569.0,storyboard,45,360.63,368.65,8.02,https://youtu.be/jVRtUAY0SpI?t=361s,pour_wax,assemble,1,0.5,Making/placing white cloud embeds & labelling.,"Making/placing white cloud embeds & labelling. assemble phase, ~63% in, 6:00–6:08.",,0,,,,,,,1,,
jVRtUAY0SpI,https://www.youtube.com/watch?v=jVRtUAY0SpI,The candle that made me go VIRAL ✨ Studio Vlog No. 1 ✨ The making of Cloud Nine,569.0,storyboard,46,368.65,376.66,8.01,https://youtu.be/jVRtUAY0SpI?t=369s,pour_wax,assemble,1,0.5,Pouring wax into the cups.,"Pouring wax into the cups. assemble phase, ~65% in, 6:08–6:16.",,0,,,,,,,1,,
jVRtUAY0SpI,https://www.youtube.com/watch?v=jVRtUAY0SpI,The candle that made me go VIRAL ✨ Studio Vlog No. 1 ✨ The making of Cloud Nine,569.0,storyboard,47,376.66,384.68,8.02,https://youtu.be/jVRtUAY0SpI?t=377s,pour_wax,assemble,1,0.5,Pouring wax into the cups.,"Pouring wax into the cups. assemble phase, ~66% in, 6:16–6:24.",,0,,,,,,,1,,
jbIMRuMBGFA,https://www.youtube.com/watch?v=jbIMRuMBGFA,Tips to prevent frosting and sinkholes in candles | soy wax frosting | sinkholes in candles,269.0,storyboard,13,102.85,110.76,7.91,https://youtu.be/jbIMRuMBGFA?t=103s,pour_wax,assemble,1,0.45,Pouring wax into the jar.,"Pouring wax into the jar. assemble phase, ~38% in, 1:42–1:50.",,0,,,,,,,1,,
jbIMRuMBGFA,https://www.youtube.com/watch?v=jbIMRuMBGFA,Tips to prevent frosting and sinkholes in candles | soy wax frosting | sinkholes in candles,269.0,storyboard,16,126.59,134.5,7.91,https://youtu.be/jbIMRuMBGFA?t=127s,pour_wax,assemble,1,0.45,Jar; pouring.,"Jar; pouring. Pouring the melted wax from the pitcher into the prepared container. assemble phase, ~47% in, 2:06–2:14.",,0,,,,,,,1,,
jbIMRuMBGFA,https://www.youtube.com/watch?v=jbIMRuMBGFA,Tips to prevent frosting and sinkholes in candles | soy wax frosting | sinkholes in candles,269.0,storyboard,17,134.5,142.41,7.91,https://youtu.be/jbIMRuMBGFA?t=134s,pour_wax,assemble,1,0.5,Pouring wax into the jar.,"Pouring wax into the jar. assemble phase, ~50% in, 2:14–2:22.",,0,,,,,,,1,,
jbIMRuMBGFA,https://www.youtube.com/watch?v=jbIMRuMBGFA,Tips to prevent frosting and sinkholes in candles | soy wax frosting | sinkholes in candles,269.0,storyboard,18,142.41,150.32,7.91,https://youtu.be/jbIMRuMBGFA?t=142s,pour_wax,assemble,1,0.45,Jar filled with wax.,"Jar filled with wax. Pouring the melted wax from the pitcher into the prepared container. assemble phase, ~53% in, 2:22–2:30. Terminology: repour.",,0,,,,,,,1,,
jbIMRuMBGFA,https://www.youtube.com/watch?v=jbIMRuMBGFA,Tips to prevent frosting and sinkholes in candles | soy wax frosting | sinkholes in candles,269.0,storyboard,19,150.32,158.24,7.92,https://youtu.be/jbIMRuMBGFA?t=150s,pour_wax,assemble,1,0.5,'4. Wax pouring issues'; pouring.,"'4. Wax pouring issues'; pouring. assemble phase, ~56% in, 2:30–2:38.",,0,,,,,,,1,,
k0tHC2jZLwk,https://www.youtube.com/watch?v=k0tHC2jZLwk,How to make a glitter gel candle ✨| Supplies For Candles,146.0,storyboard,10,81.11,89.22,8.11,https://youtu.be/k0tHC2jZLwk?t=81s,pour_wax,assemble,1,0.55,Pouring blue gel into a glass.,"Pouring blue gel into a glass. assemble phase, ~56% in, 1:21–1:29.",,0,,,,,,,1,,
k0tHC2jZLwk,https://www.youtube.com/watch?v=k0tHC2jZLwk,How to make a glitter gel candle ✨| Supplies For Candles,146.0,storyboard,11,89.22,97.33,8.11,https://youtu.be/k0tHC2jZLwk?t=89s,pour_wax,assemble,1,0.5,Pouring from the metal pot.,"Pouring from the metal pot. assemble phase, ~61% in, 1:29–1:37.",,0,,,,,,,1,,
k0tHC2jZLwk,https://www.youtube.com/watch?v=k0tHC2jZLwk,How to make a glitter gel candle ✨| Supplies For Candles,146.0,storyboard,12,97.33,105.44,8.11,https://youtu.be/k0tHC2jZLwk?t=97s,pour_wax,assemble,1,0.4,Pot of blue gel.,"Pot of blue gel. Pouring the melted wax from the pitcher into the prepared container. assemble phase, ~67% in, 1:37–1:45.",,0,,,,,,,1,,
k0tHC2jZLwk,https://www.youtube.com/watch?v=k0tHC2jZLwk,How to make a glitter gel candle ✨| Supplies For Candles,146.0,storyboard,13,105.44,113.56,8.12,https://youtu.be/k0tHC2jZLwk?t=105s,pour_wax,assemble,1,0.5,Pouring blue gel into the glass around the wick.,"Pouring blue gel into the glass around the wick. assemble phase, ~72% in, 1:45–1:53. Terminology: sinkhole.",,0,,,,,,,1,,
kdQH8hAYZ38,https://www.youtube.com/watch?v=kdQH8hAYZ38,how to make candles with essential oils 💐,179.0,storyboard,14,113.91,122.05,8.14,https://youtu.be/kdQH8hAYZ38?t=114s,pour_wax,assemble,1,0.4,Hands pour/work white wax in a cutaway demo.,"Hands pour/work white wax in a cutaway demo. assemble phase, ~64% in, 1:53–2:02.",,0,,,,,,,1,,
l4-8dPDeC80,https://www.youtube.com/watch?v=l4-8dPDeC80,Turn the Ocean into a Candle🌊😍 Easy DIY Gel Candle Tutorial🕯️,121.0,storyboard,0,0.0,8.07,8.07,https://youtu.be/l4-8dPDeC80?t=0s,pour_wax,assemble,1,0.45,Glass with blue/clear gel layers; starfish decor.,"Glass with blue/clear gel layers; starfish decor. assemble phase, ~0% in, 0:00–0:08.",,0,,,,,,,1,,
l4-8dPDeC80,https://www.youtube.com/watch?v=l4-8dPDeC80,Turn the Ocean into a Candle🌊😍 Easy DIY Gel Candle Tutorial🕯️,121.0,storyboard,3,24.2,32.27,8.07,https://youtu.be/l4-8dPDeC80?t=24s,pour_wax,assemble,1,0.5,Clear gel poured into the glass.,"Clear gel poured into the glass. assemble phase, ~20% in, 0:24–0:32. Terminology: container candle.",,0,,,,,,,1,,
l4-8dPDeC80,https://www.youtube.com/watch?v=l4-8dPDeC80,Turn the Ocean into a Candle🌊😍 Easy DIY Gel Candle Tutorial🕯️,121.0,storyboard,7,56.47,64.53,8.06,https://youtu.be/l4-8dPDeC80?t=56s,pour_wax,assemble,1,0.5,Blue ocean gel poured into the glass.,"Blue ocean gel poured into the glass. assemble phase, ~47% in, 0:56–1:04. Terminology: container candle.",,0,,,,,,,1,,
l4-8dPDeC80,https://www.youtube.com/watch?v=l4-8dPDeC80,Turn the Ocean into a Candle🌊😍 Easy DIY Gel Candle Tutorial🕯️,121.0,storyboard,8,64.53,72.6,8.07,https://youtu.be/l4-8dPDeC80?t=65s,pour_wax,assemble,1,0.45,Blue gel fills the glass.,"Blue gel fills the glass. assemble phase, ~53% in, 1:04–1:12.",,0,,,,,,,1,,
l4-8dPDeC80,https://www.youtube.com/watch?v=l4-8dPDeC80,Turn the Ocean into a Candle🌊😍 Easy DIY Gel Candle Tutorial🕯️,121.0,storyboard,9,72.6,80.67,8.07,https://youtu.be/l4-8dPDeC80?t=73s,pour_wax,assemble,1,0.45,Finishing the foam wave on the ocean candle.,"Finishing the foam wave on the ocean candle. assemble phase, ~60% in, 1:12–1:20.",,0,,,,,,,1,,
l4-8dPDeC80,https://www.youtube.com/watch?v=l4-8dPDeC80,Turn the Ocean into a Candle🌊😍 Easy DIY Gel Candle Tutorial🕯️,121.0,storyboard,10,80.67,88.73,8.06,https://youtu.be/l4-8dPDeC80?t=81s,pour_wax,assemble,1,0.45,More blue gel poured.,"More blue gel poured. Pouring the melted wax from the pitcher into the prepared container. assemble phase, ~67% in, 1:20–1:28.",,0,,,,,,,1,,
lTMszYRbm84,https://www.youtube.com/watch?v=lTMszYRbm84,Candle Making Tutorial | DIY Candle Pouring for Beginners,174.0,storyboard,16,126.55,134.45,7.9,https://youtu.be/lTMszYRbm84?t=127s,pour_wax,assemble,1,0.65,Caption 'POUR INTO CUP'; wax poured into the container.,"Caption 'POUR INTO CUP'; wax poured into the container. assemble phase, ~73% in, 2:06–2:14.",,0,,,,,,,1,,
lTMszYRbm84,https://www.youtube.com/watch?v=lTMszYRbm84,Candle Making Tutorial | DIY Candle Pouring for Beginners,174.0,storyboard,17,134.45,142.36,7.91,https://youtu.be/lTMszYRbm84?t=134s,pour_wax,assemble,1,0.6,Continued pour into the cup.,"Continued pour into the cup. assemble phase, ~77% in, 2:14–2:22.",,0,,,,,,,1,,
m2fZmJ8RmZM,https://www.youtube.com/watch?v=m2fZmJ8RmZM,Candle Making at Home for Beginners | Candle Business,304.0,storyboard,32,256.0,264.0,8.0,https://youtu.be/m2fZmJ8RmZM?t=256s,pour_wax,assemble,1,0.55,Cream wax poured into champagne-style glasses.,"Cream wax poured into champagne-style glasses. assemble phase, ~84% in, 4:16–4:24. Terminology: container candle.",,0,,,,,,,1,,
m2fZmJ8RmZM,https://www.youtube.com/watch?v=m2fZmJ8RmZM,Candle Making at Home for Beginners | Candle Business,304.0,storyboard,33,264.0,272.0,8.0,https://youtu.be/m2fZmJ8RmZM?t=264s,pour_wax,assemble,1,0.55,Pouring wax into the glasses.,"Pouring wax into the glasses. assemble phase, ~87% in, 4:24–4:32.",,0,,,,,,,1,,
m2fZmJ8RmZM,https://www.youtube.com/watch?v=m2fZmJ8RmZM,Candle Making at Home for Beginners | Candle Business,304.0,storyboard,34,272.0,280.0,8.0,https://youtu.be/m2fZmJ8RmZM?t=272s,pour_wax,assemble,1,0.55,Filling a row of glasses with wax.,"Filling a row of glasses with wax. assemble phase, ~89% in, 4:32–4:40.",,0,,,,,,,1,,
m2fZmJ8RmZM,https://www.youtube.com/watch?v=m2fZmJ8RmZM,Candle Making at Home for Beginners | Candle Business,304.0,storyboard,35,280.0,288.0,8.0,https://youtu.be/m2fZmJ8RmZM?t=280s,pour_wax,assemble,1,0.5,Pouring into glasses; bottles behind.,"Pouring into glasses; bottles behind. assemble phase, ~92% in, 4:40–4:48.",,0,,,,,,,1,,
m6PpWgz7YGM,https://www.youtube.com/watch?v=m6PpWgz7YGM,The Satisfying Process of Candle Making | Inside a Modern Candle Factory,665.0,storyboard,4,32.05,40.06,8.01,https://youtu.be/m6PpWgz7YGM?t=32s,pour_wax,assemble,1,0.45,Pouring wax into the candle moulds on the line.,"Pouring wax into the candle moulds on the line. assemble phase, ~5% in, 0:32–0:40.",,0,,,,,,,1,,
m6PpWgz7YGM,https://www.youtube.com/watch?v=m6PpWgz7YGM,The Satisfying Process of Candle Making | Inside a Modern Candle Factory,665.0,storyboard,13,104.16,112.17,8.01,https://youtu.be/m6PpWgz7YGM?t=104s,pour_wax,assemble,1,0.45,Pouring wax into the candle moulds on the line.,"Pouring wax into the candle moulds on the line. assemble phase, ~16% in, 1:44–1:52.",,0,,,,,,,1,,
m6PpWgz7YGM,https://www.youtube.com/watch?v=m6PpWgz7YGM,The Satisfying Process of Candle Making | Inside a Modern Candle Factory,665.0,storyboard,16,128.19,136.2,8.01,https://youtu.be/m6PpWgz7YGM?t=128s,pour_wax,assemble,1,0.45,Pouring wax into the candle moulds on the line.,"Pouring wax into the candle moulds on the line. assemble phase, ~19% in, 2:08–2:16.",,0,,,,,,,1,,
m6PpWgz7YGM,https://www.youtube.com/watch?v=m6PpWgz7YGM,The Satisfying Process of Candle Making | Inside a Modern Candle Factory,665.0,storyboard,22,176.27,184.28,8.01,https://youtu.be/m6PpWgz7YGM?t=176s,pour_wax,assemble,1,0.45,Pouring wax into the candle moulds on the line.,"Pouring wax into the candle moulds on the line. assemble phase, ~27% in, 2:56–3:04.",,0,,,,,,,1,,
m6PpWgz7YGM,https://www.youtube.com/watch?v=m6PpWgz7YGM,The Satisfying Process of Candle Making | Inside a Modern Candle Factory,665.0,storyboard,30,240.36,248.37,8.01,https://youtu.be/m6PpWgz7YGM?t=240s,pour_wax,assemble,1,0.45,Pouring wax into moulds on the line.,"Pouring wax into moulds on the line. assemble phase, ~36% in, 4:00–4:08.",,0,,,,,,,1,,
m6PpWgz7YGM,https://www.youtube.com/watch?v=m6PpWgz7YGM,The Satisfying Process of Candle Making | Inside a Modern Candle Factory,665.0,storyboard,31,248.37,256.39,8.02,https://youtu.be/m6PpWgz7YGM?t=248s,pour_wax,assemble,1,0.45,Pouring wax into moulds on the line.,"Pouring wax into moulds on the line. assemble phase, ~37% in, 4:08–4:16.",,0,,,,,,,1,,
m6PpWgz7YGM,https://www.youtube.com/watch?v=m6PpWgz7YGM,The Satisfying Process of Candle Making | Inside a Modern Candle Factory,665.0,storyboard,32,256.39,264.4,8.01,https://youtu.be/m6PpWgz7YGM?t=256s,pour_wax,assemble,1,0.45,Molten wax vats/channels.,"Molten wax vats/channels. assemble phase, ~39% in, 4:16–4:24.",,0,,,,,,,1,,
m6PpWgz7YGM,https://www.youtube.com/watch?v=m6PpWgz7YGM,The Satisfying Process of Candle Making | Inside a Modern Candle Factory,665.0,storyboard,33,264.4,272.41,8.01,https://youtu.be/m6PpWgz7YGM?t=264s,pour_wax,assemble,1,0.45,Pouring wax into moulds on the line.,"Pouring wax into moulds on the line. assemble phase, ~40% in, 4:24–4:32.",,0,,,,,,,1,,
m6PpWgz7YGM,https://www.youtube.com/watch?v=m6PpWgz7YGM,The Satisfying Process of Candle Making | Inside a Modern Candle Factory,665.0,storyboard,48,384.58,392.59,8.01,https://youtu.be/m6PpWgz7YGM?t=385s,pour_wax,assemble,1,0.45,Pouring wax into moulds on the line.,"Pouring wax into moulds on the line. assemble phase, ~58% in, 6:24–6:32.",,0,,,,,,,1,,
m6PpWgz7YGM,https://www.youtube.com/watch?v=m6PpWgz7YGM,The Satisfying Process of Candle Making | Inside a Modern Candle Factory,665.0,storyboard,56,448.67,456.69,8.02,https://youtu.be/m6PpWgz7YGM?t=449s,pour_wax,assemble,1,0.45,Pouring wax into moulds on the line.,"Pouring wax into moulds on the line. assemble phase, ~67% in, 7:28–7:36.",,0,,,,,,,1,,
m6PpWgz7YGM,https://www.youtube.com/watch?v=m6PpWgz7YGM,The Satisfying Process of Candle Making | Inside a Modern Candle Factory,665.0,storyboard,59,472.71,480.72,8.01,https://youtu.be/m6PpWgz7YGM?t=473s,pour_wax,assemble,1,0.45,Pouring wax into moulds on the line.,"Pouring wax into moulds on the line. assemble phase, ~71% in, 7:52–8:00.",,0,,,,,,,1,,
m6PpWgz7YGM,https://www.youtube.com/watch?v=m6PpWgz7YGM,The Satisfying Process of Candle Making | Inside a Modern Candle Factory,665.0,storyboard,62,496.75,504.76,8.01,https://youtu.be/m6PpWgz7YGM?t=497s,pour_wax,assemble,1,0.45,Pouring wax into moulds on the line.,"Pouring wax into moulds on the line. assemble phase, ~75% in, 8:16–8:24.",,0,,,,,,,1,,
m6PpWgz7YGM,https://www.youtube.com/watch?v=m6PpWgz7YGM,The Satisfying Process of Candle Making | Inside a Modern Candle Factory,665.0,storyboard,66,528.8,536.81,8.01,https://youtu.be/m6PpWgz7YGM?t=529s,pour_wax,assemble,1,0.45,Pouring wax into moulds on the line.,"Pouring wax into moulds on the line. assemble phase, ~80% in, 8:48–8:56.",,0,,,,,,,1,,
m6PpWgz7YGM,https://www.youtube.com/watch?v=m6PpWgz7YGM,The Satisfying Process of Candle Making | Inside a Modern Candle Factory,665.0,storyboard,73,584.88,592.89,8.01,https://youtu.be/m6PpWgz7YGM?t=585s,pour_wax,assemble,1,0.45,Pouring wax into moulds on the line.,"Pouring wax into moulds on the line. assemble phase, ~88% in, 9:44–9:52.",,0,,,,,,,1,,
m8gO36sLIfo,https://www.youtube.com/watch?v=m8gO36sLIfo,Easy Candle Making for Kids | Fun DIY Candle Tutorial at Home,214.0,storyboard,5,39.63,47.56,7.93,https://youtu.be/m8gO36sLIfo?t=40s,pour_wax,assemble,1,0.5,Pouring green wax.,"Pouring green wax. Pouring the melted wax from the pitcher into the prepared container. assemble phase, ~19% in, 0:39–0:47.",,0,,,,,,,1,,
m8gO36sLIfo,https://www.youtube.com/watch?v=m8gO36sLIfo,Easy Candle Making for Kids | Fun DIY Candle Tutorial at Home,214.0,storyboard,6,47.56,55.48,7.92,https://youtu.be/m8gO36sLIfo?t=48s,pour_wax,assemble,1,0.45,Bowl of yellow melted wax.,"Bowl of yellow melted wax. assemble phase, ~22% in, 0:47–0:55.",,0,,,,,,,1,,
m8gO36sLIfo,https://www.youtube.com/watch?v=m8gO36sLIfo,Easy Candle Making for Kids | Fun DIY Candle Tutorial at Home,214.0,storyboard,7,55.48,63.41,7.93,https://youtu.be/m8gO36sLIfo?t=55s,pour_wax,assemble,1,0.5,Pouring wax into moulds.,"Pouring wax into moulds. Pouring the melted wax from the pitcher into the prepared container. assemble phase, ~26% in, 0:55–1:03.",,0,,,,,,,1,,
m8gO36sLIfo,https://www.youtube.com/watch?v=m8gO36sLIfo,Easy Candle Making for Kids | Fun DIY Candle Tutorial at Home,214.0,storyboard,8,63.41,71.33,7.92,https://youtu.be/m8gO36sLIfo?t=63s,pour_wax,assemble,1,0.5,Pouring green wax into the moulds.,"Pouring green wax into the moulds. assemble phase, ~30% in, 1:03–1:11.",,0,,,,,,,1,,
m8gO36sLIfo,https://www.youtube.com/watch?v=m8gO36sLIfo,Easy Candle Making for Kids | Fun DIY Candle Tutorial at Home,214.0,storyboard,9,71.33,79.26,7.93,https://youtu.be/m8gO36sLIfo?t=71s,pour_wax,assemble,1,0.5,Filling the moulds with coloured wax.,"Filling the moulds with coloured wax. assemble phase, ~33% in, 1:11–1:19.",,0,,,,,,,1,,
m8gO36sLIfo,https://www.youtube.com/watch?v=m8gO36sLIfo,Easy Candle Making for Kids | Fun DIY Candle Tutorial at Home,214.0,storyboard,10,79.26,87.19,7.93,https://youtu.be/m8gO36sLIfo?t=79s,pour_wax,assemble,1,0.5,Pink wax in square moulds.,"Pink wax in square moulds. assemble phase, ~37% in, 1:19–1:27.",,0,,,,,,,1,,
m8gO36sLIfo,https://www.youtube.com/watch?v=m8gO36sLIfo,Easy Candle Making for Kids | Fun DIY Candle Tutorial at Home,214.0,storyboard,11,87.19,95.11,7.92,https://youtu.be/m8gO36sLIfo?t=87s,pour_wax,assemble,1,0.5,Red/pink wax moulds.,"Red/pink wax moulds. Pouring the melted wax from the pitcher into the prepared container. assemble phase, ~41% in, 1:27–1:35.",,0,,,,,,,1,,
m8gO36sLIfo,https://www.youtube.com/watch?v=m8gO36sLIfo,Easy Candle Making for Kids | Fun DIY Candle Tutorial at Home,214.0,storyboard,12,95.11,103.04,7.93,https://youtu.be/m8gO36sLIfo?t=95s,pour_wax,assemble,1,0.45,Bowl; red moulds.,"Bowl; red moulds. Pouring the melted wax from the pitcher into the prepared container. assemble phase, ~44% in, 1:35–1:43.",,0,,,,,,,1,,
m8gO36sLIfo,https://www.youtube.com/watch?v=m8gO36sLIfo,Easy Candle Making for Kids | Fun DIY Candle Tutorial at Home,214.0,storyboard,13,103.04,110.96,7.92,https://youtu.be/m8gO36sLIfo?t=103s,pour_wax,assemble,1,0.45,Red wax in the square moulds.,"Red wax in the square moulds. assemble phase, ~48% in, 1:43–1:50.",,0,,,,,,,1,,
m8gO36sLIfo,https://www.youtube.com/watch?v=m8gO36sLIfo,Easy Candle Making for Kids | Fun DIY Candle Tutorial at Home,214.0,storyboard,14,110.96,118.89,7.93,https://youtu.be/m8gO36sLIfo?t=111s,pour_wax,assemble,1,0.5,Pouring into the moulds.,"Pouring into the moulds. Pouring the melted wax from the pitcher into the prepared container. assemble phase, ~52% in, 1:50–1:58.",,0,,,,,,,1,,
m8gO36sLIfo,https://www.youtube.com/watch?v=m8gO36sLIfo,Easy Candle Making for Kids | Fun DIY Candle Tutorial at Home,214.0,storyboard,15,118.89,126.81,7.92,https://youtu.be/m8gO36sLIfo?t=119s,pour_wax,assemble,1,0.5,Blue/green star moulds filled.,"Blue/green star moulds filled. assemble phase, ~56% in, 1:58–2:06.",,0,,,,,,,1,,
m8gO36sLIfo,https://www.youtube.com/watch?v=m8gO36sLIfo,Easy Candle Making for Kids | Fun DIY Candle Tutorial at Home,214.0,storyboard,16,126.81,134.74,7.93,https://youtu.be/m8gO36sLIfo?t=127s,pour_wax,assemble,1,0.45,Blue wax poured.,"Blue wax poured. Pouring the melted wax from the pitcher into the prepared container. assemble phase, ~59% in, 2:06–2:14.",,0,,,,,,,1,,
m8gO36sLIfo,https://www.youtube.com/watch?v=m8gO36sLIfo,Easy Candle Making for Kids | Fun DIY Candle Tutorial at Home,214.0,storyboard,17,134.74,142.67,7.93,https://youtu.be/m8gO36sLIfo?t=135s,pour_wax,assemble,1,0.45,White/blue moulds.,"White/blue moulds. Pouring the melted wax from the pitcher into the prepared container. assemble phase, ~63% in, 2:14–2:22.",,0,,,,,,,1,,
mHXvtRqE-u0,https://www.youtube.com/watch?v=mHXvtRqE-u0,Palm Wax Candle Experiment | Part One,570.0,storyboard,3,24.08,32.11,8.03,https://youtu.be/mHXvtRqE-u0?t=24s,pour_wax,assemble,1,0.45,Pouring wax into the glasses; wicks set.,"Pouring wax into the glasses; wicks set. assemble phase, ~4% in, 0:24–0:32.",,0,,,,,,,1,,
mHXvtRqE-u0,https://www.youtube.com/watch?v=mHXvtRqE-u0,Palm Wax Candle Experiment | Part One,570.0,storyboard,7,56.2,64.23,8.03,https://youtu.be/mHXvtRqE-u0?t=56s,pour_wax,assemble,1,0.45,Pouring wax into the glasses; wicks set.,"Pouring wax into the glasses; wicks set. assemble phase, ~10% in, 0:56–1:04.",,0,,,,,,,1,,
mHXvtRqE-u0,https://www.youtube.com/watch?v=mHXvtRqE-u0,Palm Wax Candle Experiment | Part One,570.0,storyboard,11,88.31,96.34,8.03,https://youtu.be/mHXvtRqE-u0?t=88s,pour_wax,assemble,1,0.45,Pouring wax into the glasses; wicks set.,"Pouring wax into the glasses; wicks set. assemble phase, ~15% in, 1:28–1:36.",,0,,,,,,,1,,
mHXvtRqE-u0,https://www.youtube.com/watch?v=mHXvtRqE-u0,Palm Wax Candle Experiment | Part One,570.0,storyboard,15,120.42,128.45,8.03,https://youtu.be/mHXvtRqE-u0?t=120s,pour_wax,assemble,1,0.45,Pouring wax into the glasses; wicks set.,"Pouring wax into the glasses; wicks set. assemble phase, ~21% in, 2:00–2:08.",,0,,,,,,,1,,
mHXvtRqE-u0,https://www.youtube.com/watch?v=mHXvtRqE-u0,Palm Wax Candle Experiment | Part One,570.0,storyboard,19,152.54,160.56,8.02,https://youtu.be/mHXvtRqE-u0?t=153s,pour_wax,assemble,1,0.45,Pouring wax into the glasses; wicks set.,"Pouring wax into the glasses; wicks set. assemble phase, ~27% in, 2:32–2:40.",,0,,,,,,,1,,
mHXvtRqE-u0,https://www.youtube.com/watch?v=mHXvtRqE-u0,Palm Wax Candle Experiment | Part One,570.0,storyboard,42,337.18,345.21,8.03,https://youtu.be/mHXvtRqE-u0?t=337s,pour_wax,assemble,1,0.5,Pouring molten palm wax into the glasses.,"Pouring molten palm wax into the glasses. assemble phase, ~59% in, 5:37–5:45.",,0,,,,,,,1,,
mHXvtRqE-u0,https://www.youtube.com/watch?v=mHXvtRqE-u0,Palm Wax Candle Experiment | Part One,570.0,storyboard,43,345.21,353.24,8.03,https://youtu.be/mHXvtRqE-u0?t=345s,pour_wax,assemble,1,0.5,Pouring molten palm wax into the glasses.,"Pouring molten palm wax into the glasses. assemble phase, ~61% in, 5:45–5:53.",,0,,,,,,,1,,
mHXvtRqE-u0,https://www.youtube.com/watch?v=mHXvtRqE-u0,Palm Wax Candle Experiment | Part One,570.0,storyboard,44,353.24,361.27,8.03,https://youtu.be/mHXvtRqE-u0?t=353s,pour_wax,assemble,1,0.5,Pouring molten palm wax into the glasses.,"Pouring molten palm wax into the glasses. assemble phase, ~62% in, 5:53–6:01.",,0,,,,,,,1,,
mHXvtRqE-u0,https://www.youtube.com/watch?v=mHXvtRqE-u0,Palm Wax Candle Experiment | Part One,570.0,storyboard,45,361.27,369.3,8.03,https://youtu.be/mHXvtRqE-u0?t=361s,pour_wax,assemble,1,0.5,Pouring molten palm wax into the glasses.,"Pouring molten palm wax into the glasses. assemble phase, ~63% in, 6:01–6:09.",,0,,,,,,,1,,
mHXvtRqE-u0,https://www.youtube.com/watch?v=mHXvtRqE-u0,Palm Wax Candle Experiment | Part One,570.0,storyboard,59,473.66,481.69,8.03,https://youtu.be/mHXvtRqE-u0?t=474s,pour_wax,assemble,1,0.5,Pouring molten palm wax into the glasses.,"Pouring molten palm wax into the glasses. assemble phase, ~83% in, 7:53–8:01.",,0,,,,,,,1,,
mJQTQYs_TwU,https://www.youtube.com/watch?v=mJQTQYs_TwU,🎄 🍊 Make Holiday Candles with me | Recipe Included ❄️,317.0,storyboard,2,15.85,23.77,7.92,https://youtu.be/mJQTQYs_TwU?t=16s,pour_wax,assemble,1,0.5,Pouring amber wax into rows of jars.,"Pouring amber wax into rows of jars. assemble phase, ~5% in, 0:15–0:23.",,0,,,,,,,1,,
mJQTQYs_TwU,https://www.youtube.com/watch?v=mJQTQYs_TwU,🎄 🍊 Make Holiday Candles with me | Recipe Included ❄️,317.0,storyboard,6,47.55,55.47,7.92,https://youtu.be/mJQTQYs_TwU?t=48s,pour_wax,assemble,1,0.5,Pouring amber wax into rows of jars.,"Pouring amber wax into rows of jars. assemble phase, ~15% in, 0:47–0:55.",,0,,,,,,,1,,
mJQTQYs_TwU,https://www.youtube.com/watch?v=mJQTQYs_TwU,🎄 🍊 Make Holiday Candles with me | Recipe Included ❄️,317.0,storyboard,10,79.25,87.17,7.92,https://youtu.be/mJQTQYs_TwU?t=79s,pour_wax,assemble,1,0.5,Pouring amber wax into rows of jars.,"Pouring amber wax into rows of jars. assemble phase, ~25% in, 1:19–1:27.",,0,,,,,,,1,,
mJQTQYs_TwU,https://www.youtube.com/watch?v=mJQTQYs_TwU,🎄 🍊 Make Holiday Candles with me | Recipe Included ❄️,317.0,storyboard,14,110.95,118.87,7.92,https://youtu.be/mJQTQYs_TwU?t=111s,pour_wax,assemble,1,0.5,Pouring amber wax into rows of jars.,"Pouring amber wax into rows of jars. assemble phase, ~35% in, 1:50–1:58.",,0,,,,,,,1,,
mJQTQYs_TwU,https://www.youtube.com/watch?v=mJQTQYs_TwU,🎄 🍊 Make Holiday Candles with me | Recipe Included ❄️,317.0,storyboard,18,142.65,150.57,7.92,https://youtu.be/mJQTQYs_TwU?t=143s,pour_wax,assemble,1,0.5,Pouring amber wax into rows of jars.,"Pouring amber wax into rows of jars. assemble phase, ~45% in, 2:22–2:30.",,0,,,,,,,1,,
mJQTQYs_TwU,https://www.youtube.com/watch?v=mJQTQYs_TwU,🎄 🍊 Make Holiday Candles with me | Recipe Included ❄️,317.0,storyboard,26,206.05,213.98,7.93,https://youtu.be/mJQTQYs_TwU?t=206s,pour_wax,assemble,1,0.5,Pouring amber wax into rows of jars.,"Pouring amber wax into rows of jars. assemble phase, ~65% in, 3:26–3:33.",,0,,,,,,,1,,
mLCG_JXJPvg,https://www.youtube.com/watch?v=mLCG_JXJPvg,How To Make Candles Using A Double Boiler | BEGINNERS WELCOME,314.0,storyboard,18,144.92,152.97,8.05,https://youtu.be/mLCG_JXJPvg?t=145s,pour_wax,assemble,1,0.5,Pouring wax into a metal pitcher.,"Pouring wax into a metal pitcher. assemble phase, ~46% in, 2:24–2:32.",,0,,,,,,,1,,
mLCG_JXJPvg,https://www.youtube.com/watch?v=mLCG_JXJPvg,How To Make Candles Using A Double Boiler | BEGINNERS WELCOME,314.0,storyboard,19,152.97,161.03,8.06,https://youtu.be/mLCG_JXJPvg?t=153s,pour_wax,assemble,1,0.4,Pot of wax; hands.,"Pot of wax; hands. Pouring the melted wax from the pitcher into the prepared container. assemble phase, ~49% in, 2:32–2:41.",,0,,,,,,,1,,
mLCG_JXJPvg,https://www.youtube.com/watch?v=mLCG_JXJPvg,How To Make Candles Using A Double Boiler | BEGINNERS WELCOME,314.0,storyboard,20,161.03,169.08,8.05,https://youtu.be/mLCG_JXJPvg?t=161s,pour_wax,assemble,1,0.5,Pouring the wax.,"Pouring the wax. Pouring the melted wax from the pitcher into the prepared container. assemble phase, ~51% in, 2:41–2:49.",,0,,,,,,,1,,
mLCG_JXJPvg,https://www.youtube.com/watch?v=mLCG_JXJPvg,How To Make Candles Using A Double Boiler | BEGINNERS WELCOME,314.0,storyboard,21,169.08,177.13,8.05,https://youtu.be/mLCG_JXJPvg?t=169s,pour_wax,assemble,1,0.5,Pouring from the metal pot.,"Pouring from the metal pot. assemble phase, ~54% in, 2:49–2:57.",,0,,,,,,,1,,
mLCG_JXJPvg,https://www.youtube.com/watch?v=mLCG_JXJPvg,How To Make Candles Using A Double Boiler | BEGINNERS WELCOME,314.0,storyboard,22,177.13,185.18,8.05,https://youtu.be/mLCG_JXJPvg?t=177s,pour_wax,assemble,1,0.4,Pot of wax.,"Pot of wax. Pouring the melted wax from the pitcher into the prepared container. assemble phase, ~56% in, 2:57–3:05.",,0,,,,,,,1,,
mLCG_JXJPvg,https://www.youtube.com/watch?v=mLCG_JXJPvg,How To Make Candles Using A Double Boiler | BEGINNERS WELCOME,314.0,storyboard,23,185.18,193.23,8.05,https://youtu.be/mLCG_JXJPvg?t=185s,pour_wax,assemble,1,0.5,Pouring wax into a jar.,"Pouring wax into a jar. Pouring the melted wax from the pitcher into the prepared container. assemble phase, ~59% in, 3:05–3:13.",,0,,,,,,,1,,
nVrWdGYHQkc,https://www.youtube.com/watch?v=nVrWdGYHQkc,Easy DIY Candle Making Tutorial for Beginners || Step-By-Step Guide || GIVEAWAY OVER,511.0,storyboard,48,383.25,391.23,7.98,https://youtu.be/nVrWdGYHQkc?t=383s,pour_wax,assemble,1,0.55,Wax poured from the pitcher into a brown/kraft vessel.,"Wax poured from the pitcher into a brown/kraft vessel. assemble phase, ~75% in, 6:23–6:31.",,0,,,,,,,1,,
nVrWdGYHQkc,https://www.youtube.com/watch?v=nVrWdGYHQkc,Easy DIY Candle Making Tutorial for Beginners || Step-By-Step Guide || GIVEAWAY OVER,511.0,storyboard,49,391.23,399.22,7.99,https://youtu.be/nVrWdGYHQkc?t=391s,pour_wax,assemble,1,0.55,Pouring wax into the vessel.,"Pouring wax into the vessel. assemble phase, ~77% in, 6:31–6:39.",,0,,,,,,,1,,
nVrWdGYHQkc,https://www.youtube.com/watch?v=nVrWdGYHQkc,Easy DIY Candle Making Tutorial for Beginners || Step-By-Step Guide || GIVEAWAY OVER,511.0,storyboard,50,399.22,407.2,7.98,https://youtu.be/nVrWdGYHQkc?t=399s,pour_wax,assemble,1,0.5,Kraft vessel filled with wax; wick stick.,"Kraft vessel filled with wax; wick stick. assemble phase, ~78% in, 6:39–6:47. Terminology: wick bar.",,0,,,,,,,1,,
o3oqto7AHIs,https://www.youtube.com/watch?v=o3oqto7AHIs,Why This Luxury Candle Costs $660 | So Expensive | Business Insider,621.0,storyboard,4,31.85,39.81,7.96,https://youtu.be/o3oqto7AHIs?t=32s,pour_wax,assemble,1,0.4,Pouring wax into the luxury candle vessels.,"Pouring wax into the luxury candle vessels. assemble phase, ~5% in, 0:31–0:39.",,0,,,,,,,1,,
o3oqto7AHIs,https://www.youtube.com/watch?v=o3oqto7AHIs,Why This Luxury Candle Costs $660 | So Expensive | Business Insider,621.0,storyboard,7,55.73,63.69,7.96,https://youtu.be/o3oqto7AHIs?t=56s,pour_wax,assemble,1,0.4,Pouring wax into the luxury candle vessels.,"Pouring wax into the luxury candle vessels. assemble phase, ~9% in, 0:55–1:03.",,0,,,,,,,1,,
o3oqto7AHIs,https://www.youtube.com/watch?v=o3oqto7AHIs,Why This Luxury Candle Costs $660 | So Expensive | Business Insider,621.0,storyboard,10,79.62,87.58,7.96,https://youtu.be/o3oqto7AHIs?t=80s,pour_wax,assemble,1,0.4,Pouring wax into the luxury candle vessels.,"Pouring wax into the luxury candle vessels. assemble phase, ~13% in, 1:19–1:27.",,0,,,,,,,1,,
o3oqto7AHIs,https://www.youtube.com/watch?v=o3oqto7AHIs,Why This Luxury Candle Costs $660 | So Expensive | Business Insider,621.0,storyboard,13,103.5,111.46,7.96,https://youtu.be/o3oqto7AHIs?t=104s,pour_wax,assemble,1,0.4,Pouring wax into the luxury candle vessels.,"Pouring wax into the luxury candle vessels. assemble phase, ~17% in, 1:43–1:51.",,0,,,,,,,1,,
o3oqto7AHIs,https://www.youtube.com/watch?v=o3oqto7AHIs,Why This Luxury Candle Costs $660 | So Expensive | Business Insider,621.0,storyboard,29,230.88,238.85,7.97,https://youtu.be/o3oqto7AHIs?t=231s,pour_wax,assemble,1,0.45,Pouring wax into the moulds.,"Pouring wax into the moulds. assemble phase, ~37% in, 3:50–3:58.",,0,,,,,,,1,,
o4YzLSxaahk,https://www.youtube.com/watch?v=o4YzLSxaahk,🥥 How to Make Coconut Apricot Wax Candles | *my process* summer edition :) 🏝️,455.0,storyboard,2,15.96,23.95,7.99,https://youtu.be/o4YzLSxaahk?t=16s,pour_wax,assemble,1,0.45,Amber wax in cups from a lidded pot.,"Amber wax in cups from a lidded pot. assemble phase, ~4% in, 0:15–0:23.",,0,,,,,,,1,,
o4YzLSxaahk,https://www.youtube.com/watch?v=o4YzLSxaahk,🥥 How to Make Coconut Apricot Wax Candles | *my process* summer edition :) 🏝️,455.0,storyboard,5,39.91,47.89,7.98,https://youtu.be/o4YzLSxaahk?t=40s,pour_wax,assemble,1,0.45,Rows of cups filled with amber wax.,"Rows of cups filled with amber wax. assemble phase, ~9% in, 0:39–0:47.",,0,,,,,,,1,,
o4YzLSxaahk,https://www.youtube.com/watch?v=o4YzLSxaahk,🥥 How to Make Coconut Apricot Wax Candles | *my process* summer edition :) 🏝️,455.0,storyboard,25,199.56,207.54,7.98,https://youtu.be/o4YzLSxaahk?t=200s,pour_wax,assemble,1,0.5,Pouring amber wax into rows of cups.,"Pouring amber wax into rows of cups. assemble phase, ~44% in, 3:19–3:27.",,0,,,,,,,1,,
o4YzLSxaahk,https://www.youtube.com/watch?v=o4YzLSxaahk,🥥 How to Make Coconut Apricot Wax Candles | *my process* summer edition :) 🏝️,455.0,storyboard,26,207.54,215.53,7.99,https://youtu.be/o4YzLSxaahk?t=208s,pour_wax,assemble,1,0.5,Rows of amber cups being filled.,"Rows of amber cups being filled. assemble phase, ~46% in, 3:27–3:35.",,0,,,,,,,1,,
o4YzLSxaahk,https://www.youtube.com/watch?v=o4YzLSxaahk,🥥 How to Make Coconut Apricot Wax Candles | *my process* summer edition :) 🏝️,455.0,storyboard,31,247.46,255.44,7.98,https://youtu.be/o4YzLSxaahk?t=247s,pour_wax,assemble,1,0.5,Pouring wax into more cups.,"Pouring wax into more cups. assemble phase, ~54% in, 4:07–4:15.",,0,,,,,,,1,,
o4YzLSxaahk,https://www.youtube.com/watch?v=o4YzLSxaahk,🥥 How to Make Coconut Apricot Wax Candles | *my process* summer edition :) 🏝️,455.0,storyboard,32,255.44,263.42,7.98,https://youtu.be/o4YzLSxaahk?t=255s,pour_wax,assemble,1,0.5,Rows of filled cups.,"Rows of filled cups. Pouring the melted wax from the pitcher into the prepared container. assemble phase, ~56% in, 4:15–4:23. Terminology: repour.",,0,,,,,,,1,,
oMSta9suaQ8,https://www.youtube.com/watch?v=oMSta9suaQ8,How to make marble candles // Marble candle tutorial // DIY marbled candles,115.0,storyboard,5,41.07,49.29,8.22,https://youtu.be/oMSta9suaQ8?t=41s,pour_wax,assemble,1,0.55,"Hands tilt and rotate a glass, swirling blue wax around the inside to create the marble pattern.","Hands tilt and rotate a glass, swirling blue wax around the inside to create the marble pattern. assemble phase, ~36% in, 0:41–0:49.",,0,,,,,,,1,,
oMSta9suaQ8,https://www.youtube.com/watch?v=oMSta9suaQ8,How to make marble candles // Marble candle tutorial // DIY marbled candles,115.0,storyboard,6,49.29,57.5,8.21,https://youtu.be/oMSta9suaQ8?t=49s,pour_wax,assemble,1,0.55,Continued swirling/tilting of the glass to marble the blue wax up the walls.,"Continued swirling/tilting of the glass to marble the blue wax up the walls. assemble phase, ~43% in, 0:49–0:57.",,0,,,,,,,1,,
oMSta9suaQ8,https://www.youtube.com/watch?v=oMSta9suaQ8,How to make marble candles // Marble candle tutorial // DIY marbled candles,115.0,storyboard,7,57.5,65.71,8.21,https://youtu.be/oMSta9suaQ8?t=58s,pour_wax,assemble,1,0.5,"Host reacts, then overhead pouring from the metal pitcher; a timer is shown.","Host reacts, then overhead pouring from the metal pitcher; a timer is shown. assemble phase, ~50% in, 0:57–1:05.",,0,,,,,,,1,,
oMSta9suaQ8,https://www.youtube.com/watch?v=oMSta9suaQ8,How to make marble candles // Marble candle tutorial // DIY marbled candles,115.0,storyboard,8,65.71,73.93,8.22,https://youtu.be/oMSta9suaQ8?t=66s,pour_wax,assemble,1,0.5,The marbled glass rests with a timer to let the pattern set before the fill.,"The marbled glass rests with a timer to let the pattern set before the fill. assemble phase, ~57% in, 1:05–1:13.",,0,,,,,,,1,,
oMSta9suaQ8,https://www.youtube.com/watch?v=oMSta9suaQ8,How to make marble candles // Marble candle tutorial // DIY marbled candles,115.0,storyboard,9,73.93,82.14,8.21,https://youtu.be/oMSta9suaQ8?t=74s,pour_wax,assemble,1,0.6,Clear/white wax poured into the marbled glass over a centring stick to fill it.,"Clear/white wax poured into the marbled glass over a centring stick to fill it. assemble phase, ~64% in, 1:13–1:22. Terminology: container candle.",,0,,,,,,,1,,
oMSta9suaQ8,https://www.youtube.com/watch?v=oMSta9suaQ8,How to make marble candles // Marble candle tutorial // DIY marbled candles,115.0,storyboard,10,82.14,90.36,8.22,https://youtu.be/oMSta9suaQ8?t=82s,pour_wax,assemble,1,0.55,The fill wax rises in the marbled glass; host reacts to the result.,"The fill wax rises in the marbled glass; host reacts to the result. assemble phase, ~71% in, 1:22–1:30.",,0,,,,,,,1,,
otT0f6GWasc,https://www.youtube.com/watch?v=otT0f6GWasc,DIY Luxury Iridescent Soy Candles at Home!,789.0,storyboard,1,7.97,15.94,7.97,https://youtu.be/otT0f6GWasc?t=8s,pour_wax,assemble,1,0.5,Pouring wax into the containers.,"Pouring wax into the containers. assemble phase, ~1% in, 0:07–0:15.",,0,,,,,,,1,,
otT0f6GWasc,https://www.youtube.com/watch?v=otT0f6GWasc,DIY Luxury Iridescent Soy Candles at Home!,789.0,storyboard,9,71.73,79.7,7.97,https://youtu.be/otT0f6GWasc?t=72s,pour_wax,assemble,1,0.5,Pouring wax into the containers.,"Pouring wax into the containers. assemble phase, ~9% in, 1:11–1:19.",,0,,,,,,,1,,
otT0f6GWasc,https://www.youtube.com/watch?v=otT0f6GWasc,DIY Luxury Iridescent Soy Candles at Home!,789.0,storyboard,13,103.61,111.58,7.97,https://youtu.be/otT0f6GWasc?t=104s,pour_wax,assemble,1,0.5,Pouring wax into the containers.,"Pouring wax into the containers. assemble phase, ~13% in, 1:43–1:51.",,0,,,,,,,1,,
otT0f6GWasc,https://www.youtube.com/watch?v=otT0f6GWasc,DIY Luxury Iridescent Soy Candles at Home!,789.0,storyboard,17,135.48,143.45,7.97,https://youtu.be/otT0f6GWasc?t=135s,pour_wax,assemble,1,0.5,Pouring wax into the containers.,"Pouring wax into the containers. assemble phase, ~17% in, 2:15–2:23.",,0,,,,,,,1,,
otT0f6GWasc,https://www.youtube.com/watch?v=otT0f6GWasc,DIY Luxury Iridescent Soy Candles at Home!,789.0,storyboard,21,167.36,175.33,7.97,https://youtu.be/otT0f6GWasc?t=167s,pour_wax,assemble,1,0.5,Pouring wax into the containers.,"Pouring wax into the containers. assemble phase, ~21% in, 2:47–2:55.",,0,,,,,,,1,,
otT0f6GWasc,https://www.youtube.com/watch?v=otT0f6GWasc,DIY Luxury Iridescent Soy Candles at Home!,789.0,storyboard,33,263.0,270.97,7.97,https://youtu.be/otT0f6GWasc?t=263s,pour_wax,assemble,1,0.5,Pouring the wax into the iridescent glass jars.,"Pouring the wax into the iridescent glass jars. assemble phase, ~33% in, 4:23–4:30.",,0,,,,,,,1,,
otT0f6GWasc,https://www.youtube.com/watch?v=otT0f6GWasc,DIY Luxury Iridescent Soy Candles at Home!,789.0,storyboard,34,270.97,278.94,7.97,https://youtu.be/otT0f6GWasc?t=271s,pour_wax,assemble,1,0.5,Pouring the wax into the iridescent glass jars.,"Pouring the wax into the iridescent glass jars. assemble phase, ~34% in, 4:30–4:38.",,0,,,,,,,1,,
otT0f6GWasc,https://www.youtube.com/watch?v=otT0f6GWasc,DIY Luxury Iridescent Soy Candles at Home!,789.0,storyboard,35,278.94,286.91,7.97,https://youtu.be/otT0f6GWasc?t=279s,pour_wax,assemble,1,0.5,Pouring the wax into the iridescent glass jars.,"Pouring the wax into the iridescent glass jars. assemble phase, ~35% in, 4:38–4:46.",,0,,,,,,,1,,
otT0f6GWasc,https://www.youtube.com/watch?v=otT0f6GWasc,DIY Luxury Iridescent Soy Candles at Home!,789.0,storyboard,36,286.91,294.88,7.97,https://youtu.be/otT0f6GWasc?t=287s,pour_wax,assemble,1,0.5,Melting/stirring mint-green wax in the metal melter (production).,"Melting/stirring mint-green wax in the metal melter (production). assemble phase, ~36% in, 4:46–4:54.",,0,,,,,,,1,,
otT0f6GWasc,https://www.youtube.com/watch?v=otT0f6GWasc,DIY Luxury Iridescent Soy Candles at Home!,789.0,storyboard,37,294.88,302.85,7.97,https://youtu.be/otT0f6GWasc?t=295s,pour_wax,assemble,1,0.5,Pouring the wax into the iridescent glass jars.,"Pouring the wax into the iridescent glass jars. assemble phase, ~37% in, 4:54–5:02.",,0,,,,,,,1,,
otT0f6GWasc,https://www.youtube.com/watch?v=otT0f6GWasc,DIY Luxury Iridescent Soy Candles at Home!,789.0,storyboard,38,302.85,310.82,7.97,https://youtu.be/otT0f6GWasc?t=303s,pour_wax,assemble,1,0.5,Pouring the wax into the iridescent glass jars.,"Pouring the wax into the iridescent glass jars. assemble phase, ~38% in, 5:02–5:10.",,0,,,,,,,1,,
otT0f6GWasc,https://www.youtube.com/watch?v=otT0f6GWasc,DIY Luxury Iridescent Soy Candles at Home!,789.0,storyboard,39,310.82,318.79,7.97,https://youtu.be/otT0f6GWasc?t=311s,pour_wax,assemble,1,0.5,Pouring the wax into the iridescent glass jars.,"Pouring the wax into the iridescent glass jars. assemble phase, ~39% in, 5:10–5:18.",,0,,,,,,,1,,
otT0f6GWasc,https://www.youtube.com/watch?v=otT0f6GWasc,DIY Luxury Iridescent Soy Candles at Home!,789.0,storyboard,40,318.79,326.76,7.97,https://youtu.be/otT0f6GWasc?t=319s,pour_wax,assemble,1,0.5,Pouring the wax into the iridescent glass jars.,"Pouring the wax into the iridescent glass jars. assemble phase, ~40% in, 5:18–5:26.",,0,,,,,,,1,,
otT0f6GWasc,https://www.youtube.com/watch?v=otT0f6GWasc,DIY Luxury Iridescent Soy Candles at Home!,789.0,storyboard,41,326.76,334.73,7.97,https://youtu.be/otT0f6GWasc?t=327s,pour_wax,assemble,1,0.5,Rows of poured pastel candles setting.,"Rows of poured pastel candles setting. assemble phase, ~41% in, 5:26–5:34.",,0,,,,,,,1,,
otT0f6GWasc,https://www.youtube.com/watch?v=otT0f6GWasc,DIY Luxury Iridescent Soy Candles at Home!,789.0,storyboard,42,334.73,342.7,7.97,https://youtu.be/otT0f6GWasc?t=335s,pour_wax,assemble,1,0.5,Pouring the wax into the iridescent glass jars.,"Pouring the wax into the iridescent glass jars. assemble phase, ~42% in, 5:34–5:42.",,0,,,,,,,1,,
otT0f6GWasc,https://www.youtube.com/watch?v=otT0f6GWasc,DIY Luxury Iridescent Soy Candles at Home!,789.0,storyboard,43,342.7,350.67,7.97,https://youtu.be/otT0f6GWasc?t=343s,pour_wax,assemble,1,0.5,Pouring the wax into the iridescent glass jars.,"Pouring the wax into the iridescent glass jars. assemble phase, ~43% in, 5:42–5:50.",,0,,,,,,,1,,
otT0f6GWasc,https://www.youtube.com/watch?v=otT0f6GWasc,DIY Luxury Iridescent Soy Candles at Home!,789.0,storyboard,44,350.67,358.64,7.97,https://youtu.be/otT0f6GWasc?t=351s,pour_wax,assemble,1,0.5,Pouring the wax into the iridescent glass jars.,"Pouring the wax into the iridescent glass jars. assemble phase, ~44% in, 5:50–5:58.",,0,,,,,,,1,,
otT0f6GWasc,https://www.youtube.com/watch?v=otT0f6GWasc,DIY Luxury Iridescent Soy Candles at Home!,789.0,storyboard,45,358.64,366.61,7.97,https://youtu.be/otT0f6GWasc?t=359s,pour_wax,assemble,1,0.5,Rows of poured pastel candles setting.,"Rows of poured pastel candles setting. assemble phase, ~45% in, 5:58–6:06.",,0,,,,,,,1,,
otT0f6GWasc,https://www.youtube.com/watch?v=otT0f6GWasc,DIY Luxury Iridescent Soy Candles at Home!,789.0,storyboard,46,366.61,374.58,7.97,https://youtu.be/otT0f6GWasc?t=367s,pour_wax,assemble,1,0.5,Pouring the wax into the iridescent glass jars.,"Pouring the wax into the iridescent glass jars. assemble phase, ~46% in, 6:06–6:14.",,0,,,,,,,1,,
p3X85tRiKRc,https://www.youtube.com/watch?v=p3X85tRiKRc,How To Make Soy Candles | Beginners Candle Making Tutorial,532.0,storyboard,13,104.79,112.85,8.06,https://youtu.be/p3X85tRiKRc?t=105s,pour_wax,assemble,1,0.55,White wax poured into grey ceramic cups.,"White wax poured into grey ceramic cups. assemble phase, ~20% in, 1:44–1:52.",,0,,,,,,,1,,
p3X85tRiKRc,https://www.youtube.com/watch?v=p3X85tRiKRc,How To Make Soy Candles | Beginners Candle Making Tutorial,532.0,storyboard,14,112.85,120.91,8.06,https://youtu.be/p3X85tRiKRc?t=113s,pour_wax,assemble,1,0.5,Grey cups filled with wax; hands.,"Grey cups filled with wax; hands. assemble phase, ~21% in, 1:52–2:00.",,0,,,,,,,1,,
p3X85tRiKRc,https://www.youtube.com/watch?v=p3X85tRiKRc,How To Make Soy Candles | Beginners Candle Making Tutorial,532.0,storyboard,18,145.09,153.15,8.06,https://youtu.be/p3X85tRiKRc?t=145s,pour_wax,assemble,1,0.45,Grey cups with wax.,"Grey cups with wax. Pouring the melted wax from the pitcher into the prepared container. assemble phase, ~27% in, 2:25–2:33.",,0,,,,,,,1,,
p3X85tRiKRc,https://www.youtube.com/watch?v=p3X85tRiKRc,How To Make Soy Candles | Beginners Candle Making Tutorial,532.0,storyboard,44,354.67,362.73,8.06,https://youtu.be/p3X85tRiKRc?t=355s,pour_wax,assemble,1,0.5,Pouring wax into the grey cups.,"Pouring wax into the grey cups. assemble phase, ~67% in, 5:54–6:02.",,0,,,,,,,1,,
p3X85tRiKRc,https://www.youtube.com/watch?v=p3X85tRiKRc,How To Make Soy Candles | Beginners Candle Making Tutorial,532.0,storyboard,45,362.73,370.79,8.06,https://youtu.be/p3X85tRiKRc?t=363s,pour_wax,assemble,1,0.5,Grey cups being filled with wax.,"Grey cups being filled with wax. assemble phase, ~68% in, 6:02–6:10.",,0,,,,,,,1,,
p3X85tRiKRc,https://www.youtube.com/watch?v=p3X85tRiKRc,How To Make Soy Candles | Beginners Candle Making Tutorial,532.0,storyboard,46,370.79,378.85,8.06,https://youtu.be/p3X85tRiKRc?t=371s,pour_wax,assemble,1,0.5,Grey cups with wax; wicks.,"Grey cups with wax; wicks. assemble phase, ~70% in, 6:10–6:18.",,0,,,,,,,1,,
p3X85tRiKRc,https://www.youtube.com/watch?v=p3X85tRiKRc,How To Make Soy Candles | Beginners Candle Making Tutorial,532.0,storyboard,47,378.85,386.91,8.06,https://youtu.be/p3X85tRiKRc?t=379s,pour_wax,assemble,1,0.5,Filling the grey cups.,"Filling the grey cups. Pouring the melted wax from the pitcher into the prepared container. assemble phase, ~71% in, 6:18–6:26. Terminology: repour.",,0,,,,,,,1,,
p3X85tRiKRc,https://www.youtube.com/watch?v=p3X85tRiKRc,How To Make Soy Candles | Beginners Candle Making Tutorial,532.0,storyboard,48,386.91,394.97,8.06,https://youtu.be/p3X85tRiKRc?t=387s,pour_wax,assemble,1,0.55,Pouring wax into grey cups with wooden wicks.,"Pouring wax into grey cups with wooden wicks. assemble phase, ~73% in, 6:26–6:34.",,0,,,,,,,1,,
p3X85tRiKRc,https://www.youtube.com/watch?v=p3X85tRiKRc,How To Make Soy Candles | Beginners Candle Making Tutorial,532.0,storyboard,49,394.97,403.03,8.06,https://youtu.be/p3X85tRiKRc?t=395s,pour_wax,assemble,1,0.55,Pouring into the grey cups.,"Pouring into the grey cups. assemble phase, ~74% in, 6:34–6:43.",,0,,,,,,,1,,
p9iuqnq99o8,https://www.youtube.com/watch?v=p9iuqnq99o8,Simple Beeswax Candles Using Essential Oils,454.0,storyboard,10,79.65,87.61,7.96,https://youtu.be/p9iuqnq99o8?t=80s,pour_wax,assemble,1,0.55,Melted beeswax poured into a grey jar.,"Melted beeswax poured into a grey jar. assemble phase, ~18% in, 1:19–1:27.",,0,,,,,,,1,,
qFox4kyUIJA,https://www.youtube.com/watch?v=qFox4kyUIJA,Let's make Wax Melts! | Launching a new product | Small business diaries | Golden brand 494 wax,481.0,storyboard,13,104.22,112.23,8.01,https://youtu.be/qFox4kyUIJA?t=104s,pour_wax,assemble,1,0.5,Pouring yellow wax into clamshell wax-melt moulds.,"Pouring yellow wax into clamshell wax-melt moulds. assemble phase, ~22% in, 1:44–1:52.",,0,,,,,,,1,,
qFox4kyUIJA,https://www.youtube.com/watch?v=qFox4kyUIJA,Let's make Wax Melts! | Launching a new product | Small business diaries | Golden brand 494 wax,481.0,storyboard,14,112.23,120.25,8.02,https://youtu.be/qFox4kyUIJA?t=112s,pour_wax,assemble,1,0.5,Pouring yellow wax into clamshell wax-melt moulds.,"Pouring yellow wax into clamshell wax-melt moulds. assemble phase, ~23% in, 1:52–2:00.",,0,,,,,,,1,,
qFox4kyUIJA,https://www.youtube.com/watch?v=qFox4kyUIJA,Let's make Wax Melts! | Launching a new product | Small business diaries | Golden brand 494 wax,481.0,storyboard,15,120.25,128.27,8.02,https://youtu.be/qFox4kyUIJA?t=120s,pour_wax,assemble,1,0.5,"On-screen text card (auto-detected: static frame, OCR text). Text reads: 'Se ir ee yes Ps ee ae ae Sete Cy Ge ae is Bey as ae Pp Ag Plt 7 3. 7. ff ow ig ie eee Ba 4 7 5 ae gt yi ey 4'.","On-screen text card (auto-detected: static frame, OCR text). Text reads: 'Se ir ee yes Ps ee ae ae Sete Cy Ge ae is Bey as ae Pp Ag Plt 7 3. 7. ff ow ig ie eee Ba 4 7 5 ae gt yi ey 4'. assemble phase, ~25% in, 2:00–2:08.",,0,,,,,,,1,,
qFox4kyUIJA,https://www.youtube.com/watch?v=qFox4kyUIJA,Let's make Wax Melts! | Launching a new product | Small business diaries | Golden brand 494 wax,481.0,storyboard,16,128.27,136.28,8.01,https://youtu.be/qFox4kyUIJA?t=128s,pour_wax,assemble,1,0.5,Pouring yellow wax into clamshell wax-melt moulds.,"Pouring yellow wax into clamshell wax-melt moulds. assemble phase, ~27% in, 2:08–2:16.",,0,,,,,,,1,,
qFox4kyUIJA,https://www.youtube.com/watch?v=qFox4kyUIJA,Let's make Wax Melts! | Launching a new product | Small business diaries | Golden brand 494 wax,481.0,storyboard,17,136.28,144.3,8.02,https://youtu.be/qFox4kyUIJA?t=136s,pour_wax,assemble,1,0.5,Pouring yellow wax into clamshell wax-melt moulds.,"Pouring yellow wax into clamshell wax-melt moulds. assemble phase, ~28% in, 2:16–2:24.",,0,,,,,,,1,,
qFox4kyUIJA,https://www.youtube.com/watch?v=qFox4kyUIJA,Let's make Wax Melts! | Launching a new product | Small business diaries | Golden brand 494 wax,481.0,storyboard,18,144.3,152.32,8.02,https://youtu.be/qFox4kyUIJA?t=144s,pour_wax,assemble,1,0.5,"On-screen text card (auto-detected: static frame, OCR text). Text reads: '7 Se ge Be at al er SNe re 8 SewW eet. ah Pe ih tie aT ee oe ae aay ae 2 er es es bh ee Oe aS ee oe Sees IW fh BPE Bi. oe Se ae 7 an 7 ilZ rae hy or'.","On-screen text card (auto-detected: static frame, OCR text). Text reads: '7 Se ge Be at al er SNe re 8 SewW eet. ah Pe ih tie aT ee oe ae aay ae 2 er es es bh ee Oe aS ee oe Sees IW fh BPE Bi. oe Se ae 7 an 7 ilZ rae hy or'. assemble phase, ~30% in, 2:24–2:32.",,0,,,,,,,1,,
qFox4kyUIJA,https://www.youtube.com/watch?v=qFox4kyUIJA,Let's make Wax Melts! | Launching a new product | Small business diaries | Golden brand 494 wax,481.0,storyboard,19,152.32,160.33,8.01,https://youtu.be/qFox4kyUIJA?t=152s,pour_wax,assemble,1,0.5,Pouring yellow wax into clamshell wax-melt moulds.,"Pouring yellow wax into clamshell wax-melt moulds. assemble phase, ~32% in, 2:32–2:40.",,0,,,,,,,1,,
qFox4kyUIJA,https://www.youtube.com/watch?v=qFox4kyUIJA,Let's make Wax Melts! | Launching a new product | Small business diaries | Golden brand 494 wax,481.0,storyboard,20,160.33,168.35,8.02,https://youtu.be/qFox4kyUIJA?t=160s,pour_wax,assemble,1,0.5,Pouring yellow wax into clamshell wax-melt moulds.,"Pouring yellow wax into clamshell wax-melt moulds. assemble phase, ~33% in, 2:40–2:48.",,0,,,,,,,1,,
qFox4kyUIJA,https://www.youtube.com/watch?v=qFox4kyUIJA,Let's make Wax Melts! | Launching a new product | Small business diaries | Golden brand 494 wax,481.0,storyboard,24,192.4,200.42,8.02,https://youtu.be/qFox4kyUIJA?t=192s,pour_wax,assemble,1,0.5,Pouring wax into clamshell wax-melt moulds.,"Pouring wax into clamshell wax-melt moulds. assemble phase, ~40% in, 3:12–3:20.",,0,,,,,,,1,,
qFox4kyUIJA,https://www.youtube.com/watch?v=qFox4kyUIJA,Let's make Wax Melts! | Launching a new product | Small business diaries | Golden brand 494 wax,481.0,storyboard,25,200.42,208.43,8.01,https://youtu.be/qFox4kyUIJA?t=200s,pour_wax,assemble,1,0.5,Pouring wax into clamshell wax-melt moulds.,"Pouring wax into clamshell wax-melt moulds. assemble phase, ~42% in, 3:20–3:28.",,0,,,,,,,1,,
qFox4kyUIJA,https://www.youtube.com/watch?v=qFox4kyUIJA,Let's make Wax Melts! | Launching a new product | Small business diaries | Golden brand 494 wax,481.0,storyboard,26,208.43,216.45,8.02,https://youtu.be/qFox4kyUIJA?t=208s,pour_wax,assemble,1,0.5,Pouring wax into clamshell wax-melt moulds.,"Pouring wax into clamshell wax-melt moulds. assemble phase, ~43% in, 3:28–3:36.",,0,,,,,,,1,,
qFox4kyUIJA,https://www.youtube.com/watch?v=qFox4kyUIJA,Let's make Wax Melts! | Launching a new product | Small business diaries | Golden brand 494 wax,481.0,storyboard,27,216.45,224.47,8.02,https://youtu.be/qFox4kyUIJA?t=216s,pour_wax,assemble,1,0.5,Pouring wax into clamshell wax-melt moulds.,"Pouring wax into clamshell wax-melt moulds. assemble phase, ~45% in, 3:36–3:44.",,0,,,,,,,1,,
qFox4kyUIJA,https://www.youtube.com/watch?v=qFox4kyUIJA,Let's make Wax Melts! | Launching a new product | Small business diaries | Golden brand 494 wax,481.0,storyboard,28,224.47,232.48,8.01,https://youtu.be/qFox4kyUIJA?t=224s,pour_wax,assemble,1,0.5,Demoulding the wax melts.,"Demoulding the wax melts. assemble phase, ~47% in, 3:44–3:52.",,0,,,,,,,1,,
qFox4kyUIJA,https://www.youtube.com/watch?v=qFox4kyUIJA,Let's make Wax Melts! | Launching a new product | Small business diaries | Golden brand 494 wax,481.0,storyboard,29,232.48,240.5,8.02,https://youtu.be/qFox4kyUIJA?t=232s,pour_wax,assemble,1,0.5,Pouring wax into clamshell wax-melt moulds.,"Pouring wax into clamshell wax-melt moulds. assemble phase, ~48% in, 3:52–4:00.",,0,,,,,,,1,,
qFox4kyUIJA,https://www.youtube.com/watch?v=qFox4kyUIJA,Let's make Wax Melts! | Launching a new product | Small business diaries | Golden brand 494 wax,481.0,storyboard,35,280.58,288.6,8.02,https://youtu.be/qFox4kyUIJA?t=281s,pour_wax,assemble,1,0.5,Pouring wax into clamshell wax-melt moulds.,"Pouring wax into clamshell wax-melt moulds. assemble phase, ~58% in, 4:40–4:48.",,0,,,,,,,1,,
qavzkjldNdE,https://www.youtube.com/watch?v=qavzkjldNdE,DIY dessert candle | How to make candles at home | handmade freedom coconut soy wax wood wick gifts,760.0,storyboard,20,160.0,168.0,8.0,https://youtu.be/qavzkjldNdE?t=160s,pour_wax,assemble,1,0.5,Pouring clear wax into a glass.,"Pouring clear wax into a glass. assemble phase, ~21% in, 2:40–2:48.",,0,,,,,,,1,,
qavzkjldNdE,https://www.youtube.com/watch?v=qavzkjldNdE,DIY dessert candle | How to make candles at home | handmade freedom coconut soy wax wood wick gifts,760.0,storyboard,21,168.0,176.0,8.0,https://youtu.be/qavzkjldNdE?t=168s,pour_wax,assemble,1,0.45,Glasses being filled; hands.,"Glasses being filled; hands. assemble phase, ~22% in, 2:48–2:56.",,0,,,,,,,1,,
qavzkjldNdE,https://www.youtube.com/watch?v=qavzkjldNdE,DIY dessert candle | How to make candles at home | handmade freedom coconut soy wax wood wick gifts,760.0,storyboard,26,208.0,216.0,8.0,https://youtu.be/qavzkjldNdE?t=208s,pour_wax,assemble,1,0.45,Pouring wax into glasses for the dessert candle.,"Pouring wax into glasses for the dessert candle. assemble phase, ~27% in, 3:28–3:36. Terminology: container candle.",,0,,,,,,,1,,
qavzkjldNdE,https://www.youtube.com/watch?v=qavzkjldNdE,DIY dessert candle | How to make candles at home | handmade freedom coconut soy wax wood wick gifts,760.0,storyboard,30,240.0,248.0,8.0,https://youtu.be/qavzkjldNdE?t=240s,pour_wax,assemble,1,0.45,Pouring wax into glasses for the dessert candle.,"Pouring wax into glasses for the dessert candle. assemble phase, ~32% in, 4:00–4:08. Terminology: container candle.",,0,,,,,,,1,,
qavzkjldNdE,https://www.youtube.com/watch?v=qavzkjldNdE,DIY dessert candle | How to make candles at home | handmade freedom coconut soy wax wood wick gifts,760.0,storyboard,34,272.0,280.0,8.0,https://youtu.be/qavzkjldNdE?t=272s,pour_wax,assemble,1,0.45,Pouring wax into glasses for the dessert candle.,"Pouring wax into glasses for the dessert candle. assemble phase, ~36% in, 4:32–4:40. Terminology: container candle.",,0,,,,,,,1,,
qavzkjldNdE,https://www.youtube.com/watch?v=qavzkjldNdE,DIY dessert candle | How to make candles at home | handmade freedom coconut soy wax wood wick gifts,760.0,storyboard,38,304.0,312.0,8.0,https://youtu.be/qavzkjldNdE?t=304s,pour_wax,assemble,1,0.45,Pouring wax into glasses for the dessert candle.,"Pouring wax into glasses for the dessert candle. assemble phase, ~40% in, 5:04–5:12. Terminology: container candle.",,0,,,,,,,1,,
qavzkjldNdE,https://www.youtube.com/watch?v=qavzkjldNdE,DIY dessert candle | How to make candles at home | handmade freedom coconut soy wax wood wick gifts,760.0,storyboard,42,336.0,344.0,8.0,https://youtu.be/qavzkjldNdE?t=336s,pour_wax,assemble,1,0.45,Pouring wax into glasses for the dessert candle.,"Pouring wax into glasses for the dessert candle. assemble phase, ~44% in, 5:36–5:44. Terminology: container candle.",,0,,,,,,,1,,
qavzkjldNdE,https://www.youtube.com/watch?v=qavzkjldNdE,DIY dessert candle | How to make candles at home | handmade freedom coconut soy wax wood wick gifts,760.0,storyboard,46,368.0,376.0,8.0,https://youtu.be/qavzkjldNdE?t=368s,pour_wax,assemble,1,0.45,Pouring wax into glasses for the dessert candle.,"Pouring wax into glasses for the dessert candle. assemble phase, ~48% in, 6:08–6:16. Terminology: container candle.",,0,,,,,,,1,,
qgfZSWuivvw,https://www.youtube.com/watch?v=qgfZSWuivvw,"Small Candle Business Diaries: Holiday Candle making, Preparing for my first Christmas Market",382.0,storyboard,1,7.96,15.92,7.96,https://youtu.be/qgfZSWuivvw?t=8s,pour_wax,assemble,1,0.45,Pouring wax into the containers.,"Pouring wax into the containers. assemble phase, ~2% in, 0:07–0:15.",,0,,,,,,,1,,
qgfZSWuivvw,https://www.youtube.com/watch?v=qgfZSWuivvw,"Small Candle Business Diaries: Holiday Candle making, Preparing for my first Christmas Market",382.0,storyboard,5,39.79,47.75,7.96,https://youtu.be/qgfZSWuivvw?t=40s,pour_wax,assemble,1,0.45,Pouring wax into the containers.,"Pouring wax into the containers. assemble phase, ~10% in, 0:39–0:47.",,0,,,,,,,1,,
qgfZSWuivvw,https://www.youtube.com/watch?v=qgfZSWuivvw,"Small Candle Business Diaries: Holiday Candle making, Preparing for my first Christmas Market",382.0,storyboard,9,71.62,79.58,7.96,https://youtu.be/qgfZSWuivvw?t=72s,pour_wax,assemble,1,0.45,Pouring wax into the containers.,"Pouring wax into the containers. assemble phase, ~19% in, 1:11–1:19.",,0,,,,,,,1,,
qgfZSWuivvw,https://www.youtube.com/watch?v=qgfZSWuivvw,"Small Candle Business Diaries: Holiday Candle making, Preparing for my first Christmas Market",382.0,storyboard,13,103.46,111.42,7.96,https://youtu.be/qgfZSWuivvw?t=103s,pour_wax,assemble,1,0.45,Pouring wax into the containers.,"Pouring wax into the containers. assemble phase, ~27% in, 1:43–1:51.",,0,,,,,,,1,,
qgfZSWuivvw,https://www.youtube.com/watch?v=qgfZSWuivvw,"Small Candle Business Diaries: Holiday Candle making, Preparing for my first Christmas Market",382.0,storyboard,17,135.29,143.25,7.96,https://youtu.be/qgfZSWuivvw?t=135s,pour_wax,assemble,1,0.45,Pouring wax into the containers.,"Pouring wax into the containers. assemble phase, ~35% in, 2:15–2:23.",,0,,,,,,,1,,
qgfZSWuivvw,https://www.youtube.com/watch?v=qgfZSWuivvw,"Small Candle Business Diaries: Holiday Candle making, Preparing for my first Christmas Market",382.0,storyboard,21,167.12,175.08,7.96,https://youtu.be/qgfZSWuivvw?t=167s,pour_wax,assemble,1,0.45,Pouring wax into the containers.,"Pouring wax into the containers. assemble phase, ~44% in, 2:47–2:55.",,0,,,,,,,1,,
qgfZSWuivvw,https://www.youtube.com/watch?v=qgfZSWuivvw,"Small Candle Business Diaries: Holiday Candle making, Preparing for my first Christmas Market",382.0,storyboard,29,230.79,238.75,7.96,https://youtu.be/qgfZSWuivvw?t=231s,pour_wax,assemble,1,0.45,Pouring wax into the containers.,"Pouring wax into the containers. assemble phase, ~60% in, 3:50–3:58.",,0,,,,,,,1,,
qgfZSWuivvw,https://www.youtube.com/watch?v=qgfZSWuivvw,"Small Candle Business Diaries: Holiday Candle making, Preparing for my first Christmas Market",382.0,storyboard,37,294.46,302.42,7.96,https://youtu.be/qgfZSWuivvw?t=294s,pour_wax,assemble,1,0.45,Pouring wax into the containers.,"Pouring wax into the containers. assemble phase, ~77% in, 4:54–5:02.",,0,,,,,,,1,,
qz7Nr43IJ20,https://www.youtube.com/watch?v=qz7Nr43IJ20,ICED COFFEE CANDLE TUTORIAL | DIY gel wax ice cubes #icedcoffee #coffeecandle,112.0,storyboard,1,8.0,16.0,8.0,https://youtu.be/qz7Nr43IJ20?t=8s,pour_wax,assemble,1,0.5,Glasses with a white cream-wax base.,"Glasses with a white cream-wax base. assemble phase, ~7% in, 0:08–0:16.",,0,,,,,,,1,,
qz7Nr43IJ20,https://www.youtube.com/watch?v=qz7Nr43IJ20,ICED COFFEE CANDLE TUTORIAL | DIY gel wax ice cubes #icedcoffee #coffeecandle,112.0,storyboard,2,16.0,24.0,8.0,https://youtu.be/qz7Nr43IJ20?t=16s,pour_wax,assemble,1,0.5,Pouring brown 'coffee' gel into the glasses.,"Pouring brown 'coffee' gel into the glasses. assemble phase, ~14% in, 0:16–0:24.",,0,,,,,,,1,,
qz7Nr43IJ20,https://www.youtube.com/watch?v=qz7Nr43IJ20,ICED COFFEE CANDLE TUTORIAL | DIY gel wax ice cubes #icedcoffee #coffeecandle,112.0,storyboard,3,24.0,32.0,8.0,https://youtu.be/qz7Nr43IJ20?t=24s,pour_wax,assemble,1,0.5,Brown coffee gel filling the glasses.,"Brown coffee gel filling the glasses. assemble phase, ~21% in, 0:24–0:32.",,0,,,,,,,1,,
qz7Nr43IJ20,https://www.youtube.com/watch?v=qz7Nr43IJ20,ICED COFFEE CANDLE TUTORIAL | DIY gel wax ice cubes #icedcoffee #coffeecandle,112.0,storyboard,4,32.0,40.0,8.0,https://youtu.be/qz7Nr43IJ20?t=32s,pour_wax,assemble,1,0.5,Pouring coffee gel; white foam on top.,"Pouring coffee gel; white foam on top. assemble phase, ~29% in, 0:32–0:40.",,0,,,,,,,1,,
rFGerjaJG40,https://www.youtube.com/watch?v=rFGerjaJG40,DIY Candle #craft #creative #shortvideo #candlemaking #marbleeffect #scentedcandle #handmade,71.0,storyboard,6,47.33,55.22,7.89,https://youtu.be/rFGerjaJG40?t=47s,pour_wax,assemble,1,0.6,Purple-tinted melted wax is poured into a small cup.,"Purple-tinted melted wax is poured into a small cup. assemble phase, ~67% in, 0:47–0:55.",,0,,,,,,,1,,
rFGerjaJG40,https://www.youtube.com/watch?v=rFGerjaJG40,DIY Candle #craft #creative #shortvideo #candlemaking #marbleeffect #scentedcandle #handmade,71.0,storyboard,7,55.22,63.11,7.89,https://youtu.be/rFGerjaJG40?t=55s,pour_wax,assemble,1,0.55,Pouring purple wax into cups; finished purple candles with pink tulips appear.,"Pouring purple wax into cups; finished purple candles with pink tulips appear. assemble phase, ~78% in, 0:55–1:03.",,0,,,,,,,1,,
rUEC3rlSdCc,https://www.youtube.com/watch?v=rUEC3rlSdCc,Candle Maker Tries the Ksedcon Candle Melting Pot for the First Time | IS IT WORTH IT?!,732.0,storyboard,14,111.39,119.35,7.96,https://youtu.be/rUEC3rlSdCc?t=111s,pour_wax,assemble,1,0.45,Pouring wax from the melter into a jar.,"Pouring wax from the melter into a jar. assemble phase, ~15% in, 1:51–1:59.",,0,,,,,,,1,,
rUEC3rlSdCc,https://www.youtube.com/watch?v=rUEC3rlSdCc,Candle Maker Tries the Ksedcon Candle Melting Pot for the First Time | IS IT WORTH IT?!,732.0,storyboard,17,135.26,143.22,7.96,https://youtu.be/rUEC3rlSdCc?t=135s,pour_wax,assemble,1,0.45,Pouring wax from the melter into a jar.,"Pouring wax from the melter into a jar. assemble phase, ~18% in, 2:15–2:23.",,0,,,,,,,1,,
rUEC3rlSdCc,https://www.youtube.com/watch?v=rUEC3rlSdCc,Candle Maker Tries the Ksedcon Candle Melting Pot for the First Time | IS IT WORTH IT?!,732.0,storyboard,20,159.13,167.09,7.96,https://youtu.be/rUEC3rlSdCc?t=159s,pour_wax,assemble,1,0.45,Pouring wax from the melter into a jar.,"Pouring wax from the melter into a jar. assemble phase, ~22% in, 2:39–2:47.",,0,,,,,,,1,,
rUEC3rlSdCc,https://www.youtube.com/watch?v=rUEC3rlSdCc,Candle Maker Tries the Ksedcon Candle Melting Pot for the First Time | IS IT WORTH IT?!,732.0,storyboard,23,183.0,190.96,7.96,https://youtu.be/rUEC3rlSdCc?t=183s,pour_wax,assemble,1,0.45,Pouring wax from the melter into a jar.,"Pouring wax from the melter into a jar. assemble phase, ~25% in, 3:03–3:10.",,0,,,,,,,1,,
rUEC3rlSdCc,https://www.youtube.com/watch?v=rUEC3rlSdCc,Candle Maker Tries the Ksedcon Candle Melting Pot for the First Time | IS IT WORTH IT?!,732.0,storyboard,32,254.61,262.57,7.96,https://youtu.be/rUEC3rlSdCc?t=255s,pour_wax,assemble,1,0.5,Pouring wax from the melter into a jar.,"Pouring wax from the melter into a jar. assemble phase, ~35% in, 4:14–4:22.",,0,,,,,,,1,,
rUEC3rlSdCc,https://www.youtube.com/watch?v=rUEC3rlSdCc,Candle Maker Tries the Ksedcon Candle Melting Pot for the First Time | IS IT WORTH IT?!,732.0,storyboard,71,564.91,572.87,7.96,https://youtu.be/rUEC3rlSdCc?t=565s,pour_wax,assemble,1,0.5,Pouring wax from the melter into a jar.,"Pouring wax from the melter into a jar. assemble phase, ~77% in, 9:24–9:32.",,0,,,,,,,1,,
rZ8bNvoN7Vg,https://www.youtube.com/watch?v=rZ8bNvoN7Vg,DIY Tulip Candle Making | Stunning Tulip Candle Gift Idea,182.0,storyboard,3,23.74,31.65,7.91,https://youtu.be/rZ8bNvoN7Vg?t=24s,pour_wax,assemble,1,0.5,Dipping the white tulip candle into red wax.,"Dipping the white tulip candle into red wax. assemble phase, ~13% in, 0:23–0:31.",,0,,,,,,,1,,
rZ8bNvoN7Vg,https://www.youtube.com/watch?v=rZ8bNvoN7Vg,DIY Tulip Candle Making | Stunning Tulip Candle Gift Idea,182.0,storyboard,4,31.65,39.57,7.92,https://youtu.be/rZ8bNvoN7Vg?t=32s,pour_wax,assemble,1,0.5,Red-tipped tulip candle shaped.,"Red-tipped tulip candle shaped. assemble phase, ~17% in, 0:31–0:39.",,0,,,,,,,1,,
rZ8bNvoN7Vg,https://www.youtube.com/watch?v=rZ8bNvoN7Vg,DIY Tulip Candle Making | Stunning Tulip Candle Gift Idea,182.0,storyboard,5,39.57,47.48,7.91,https://youtu.be/rZ8bNvoN7Vg?t=40s,pour_wax,assemble,1,0.45,Dipping the tulip into the wax.,"Dipping the tulip into the wax. assemble phase, ~22% in, 0:39–0:47.",,0,,,,,,,1,,
rZ8bNvoN7Vg,https://www.youtube.com/watch?v=rZ8bNvoN7Vg,DIY Tulip Candle Making | Stunning Tulip Candle Gift Idea,182.0,storyboard,6,47.48,55.39,7.91,https://youtu.be/rZ8bNvoN7Vg?t=47s,pour_wax,assemble,1,0.5,Red/white tulip candle shaped by hand.,"Red/white tulip candle shaped by hand. assemble phase, ~26% in, 0:47–0:55.",,0,,,,,,,1,,
rZ8bNvoN7Vg,https://www.youtube.com/watch?v=rZ8bNvoN7Vg,DIY Tulip Candle Making | Stunning Tulip Candle Gift Idea,182.0,storyboard,7,55.39,63.3,7.91,https://youtu.be/rZ8bNvoN7Vg?t=55s,pour_wax,assemble,1,0.45,Dipping the tulip in red wax.,"Dipping the tulip in red wax. assemble phase, ~30% in, 0:55–1:03.",,0,,,,,,,1,,
rjhYJgEVFMw,https://www.youtube.com/watch?v=rjhYJgEVFMw,How to Make a Container Candle | Hobbycraft,185.0,storyboard,13,104.57,112.61,8.04,https://youtu.be/rjhYJgEVFMw?t=105s,pour_wax,assemble,1,0.5,Overhead pouring wax into the pot/jar.,"Overhead pouring wax into the pot/jar. assemble phase, ~57% in, 1:44–1:52.",,0,,,,,,,1,,
rjhYJgEVFMw,https://www.youtube.com/watch?v=rjhYJgEVFMw,How to Make a Container Candle | Hobbycraft,185.0,storyboard,14,112.61,120.65,8.04,https://youtu.be/rjhYJgEVFMw?t=113s,pour_wax,assemble,1,0.45,Overhead hands at the jar on a green cutting mat.,"Overhead hands at the jar on a green cutting mat. assemble phase, ~61% in, 1:52–2:00.",,0,,,,,,,1,,
rjhYJgEVFMw,https://www.youtube.com/watch?v=rjhYJgEVFMw,How to Make a Container Candle | Hobbycraft,185.0,storyboard,15,120.65,128.7,8.05,https://youtu.be/rjhYJgEVFMw?t=121s,pour_wax,assemble,1,0.55,Overhead pouring wax into the container.,"Overhead pouring wax into the container. assemble phase, ~65% in, 2:00–2:08.",,0,,,,,,,1,,
rjhYJgEVFMw,https://www.youtube.com/watch?v=rjhYJgEVFMw,How to Make a Container Candle | Hobbycraft,185.0,storyboard,19,152.83,160.87,8.04,https://youtu.be/rjhYJgEVFMw?t=153s,pour_wax,assemble,1,0.45,Overhead jar and wax handling.,"Overhead jar and wax handling. assemble phase, ~83% in, 2:32–2:40.",,0,,,,,,,1,,
rltpKr2t-Bw,https://www.youtube.com/watch?v=rltpKr2t-Bw,How to Make Pillar Candles // CandleScience Tutorials,130.0,storyboard,10,81.25,89.38,8.13,https://youtu.be/rltpKr2t-Bw?t=81s,pour_wax,assemble,1,0.65,Molten wax poured into the metal pillar mould.,"Molten wax poured into the metal pillar mould. assemble phase, ~62% in, 1:21–1:29. Terminology: pillar candle.",,0,,,,,,,1,,
tUXkZFNUQXI,https://www.youtube.com/watch?v=tUXkZFNUQXI,How I Make Our #1 Bestselling Market Tins | Full Recipe Included,364.0,storyboard,5,39.57,47.48,7.91,https://youtu.be/tUXkZFNUQXI?t=40s,pour_wax,assemble,1,0.45,Pouring amber wax into the tins from the melter.,"Pouring amber wax into the tins from the melter. assemble phase, ~11% in, 0:39–0:47.",,0,,,,,,,1,,
tUXkZFNUQXI,https://www.youtube.com/watch?v=tUXkZFNUQXI,How I Make Our #1 Bestselling Market Tins | Full Recipe Included,364.0,storyboard,9,71.22,79.13,7.91,https://youtu.be/tUXkZFNUQXI?t=71s,pour_wax,assemble,1,0.45,Pouring amber wax into the tins from the melter.,"Pouring amber wax into the tins from the melter. assemble phase, ~20% in, 1:11–1:19.",,0,,,,,,,1,,
tUXkZFNUQXI,https://www.youtube.com/watch?v=tUXkZFNUQXI,How I Make Our #1 Bestselling Market Tins | Full Recipe Included,364.0,storyboard,13,102.87,110.78,7.91,https://youtu.be/tUXkZFNUQXI?t=103s,pour_wax,assemble,1,0.45,Pouring amber wax into the tins from the melter.,"Pouring amber wax into the tins from the melter. assemble phase, ~28% in, 1:42–1:50.",,0,,,,,,,1,,
tUXkZFNUQXI,https://www.youtube.com/watch?v=tUXkZFNUQXI,How I Make Our #1 Bestselling Market Tins | Full Recipe Included,364.0,storyboard,17,134.52,142.43,7.91,https://youtu.be/tUXkZFNUQXI?t=135s,pour_wax,assemble,1,0.45,Pouring amber wax into the tins from the melter.,"Pouring amber wax into the tins from the melter. assemble phase, ~37% in, 2:14–2:22.",,0,,,,,,,1,,
tUXkZFNUQXI,https://www.youtube.com/watch?v=tUXkZFNUQXI,How I Make Our #1 Bestselling Market Tins | Full Recipe Included,364.0,storyboard,21,166.17,174.09,7.92,https://youtu.be/tUXkZFNUQXI?t=166s,pour_wax,assemble,1,0.45,Pouring amber wax into the tins from the melter.,"Pouring amber wax into the tins from the melter. assemble phase, ~46% in, 2:46–2:54.",,0,,,,,,,1,,
tUXkZFNUQXI,https://www.youtube.com/watch?v=tUXkZFNUQXI,How I Make Our #1 Bestselling Market Tins | Full Recipe Included,364.0,storyboard,25,197.83,205.74,7.91,https://youtu.be/tUXkZFNUQXI?t=198s,pour_wax,assemble,1,0.45,Pouring amber wax into the tins from the melter.,"Pouring amber wax into the tins from the melter. assemble phase, ~54% in, 3:17–3:25.",,0,,,,,,,1,,
tUXkZFNUQXI,https://www.youtube.com/watch?v=tUXkZFNUQXI,How I Make Our #1 Bestselling Market Tins | Full Recipe Included,364.0,storyboard,29,229.48,237.39,7.91,https://youtu.be/tUXkZFNUQXI?t=229s,pour_wax,assemble,1,0.45,Pouring amber wax into the tins from the melter.,"Pouring amber wax into the tins from the melter. assemble phase, ~63% in, 3:49–3:57.",,0,,,,,,,1,,
tUXkZFNUQXI,https://www.youtube.com/watch?v=tUXkZFNUQXI,How I Make Our #1 Bestselling Market Tins | Full Recipe Included,364.0,storyboard,33,261.13,269.04,7.91,https://youtu.be/tUXkZFNUQXI?t=261s,pour_wax,assemble,1,0.45,Pouring amber wax into the tins from the melter.,"Pouring amber wax into the tins from the melter. assemble phase, ~72% in, 4:21–4:29.",,0,,,,,,,1,,
tUXkZFNUQXI,https://www.youtube.com/watch?v=tUXkZFNUQXI,How I Make Our #1 Bestselling Market Tins | Full Recipe Included,364.0,storyboard,37,292.78,300.7,7.92,https://youtu.be/tUXkZFNUQXI?t=293s,pour_wax,assemble,1,0.45,Pouring amber wax into the tins from the melter.,"Pouring amber wax into the tins from the melter. assemble phase, ~80% in, 4:52–5:00.",,0,,,,,,,1,,
upLGuIZtRdg,https://www.youtube.com/watch?v=upLGuIZtRdg,Create Candles Like a Pro: 3 Mistakes to Avoid,439.0,storyboard,36,287.35,295.33,7.98,https://youtu.be/upLGuIZtRdg?t=287s,pour_wax,assemble,1,0.5,Pouring wax.,"Pouring wax. Pouring the melted wax from the pitcher into the prepared container. assemble phase, ~65% in, 4:47–4:55.",,0,,,,,,,1,,
utr9EuGsSJs,https://www.youtube.com/watch?v=utr9EuGsSJs,DIY Scented Freedom Soy Wax Candles at home |  Candle making kit review | Microwave your wax!,509.0,storyboard,14,111.34,119.3,7.96,https://youtu.be/utr9EuGsSJs?t=111s,pour_wax,assemble,1,0.45,Pouring wax into the jars.,"Pouring wax into the jars. assemble phase, ~22% in, 1:51–1:59.",,0,,,,,,,1,,
utr9EuGsSJs,https://www.youtube.com/watch?v=utr9EuGsSJs,DIY Scented Freedom Soy Wax Candles at home |  Candle making kit review | Microwave your wax!,509.0,storyboard,20,159.06,167.02,7.96,https://youtu.be/utr9EuGsSJs?t=159s,pour_wax,assemble,1,0.45,Pouring wax into the jars.,"Pouring wax into the jars. assemble phase, ~31% in, 2:39–2:47.",,0,,,,,,,1,,
utr9EuGsSJs,https://www.youtube.com/watch?v=utr9EuGsSJs,DIY Scented Freedom Soy Wax Candles at home |  Candle making kit review | Microwave your wax!,509.0,storyboard,24,190.88,198.83,7.95,https://youtu.be/utr9EuGsSJs?t=191s,pour_wax,assemble,1,0.5,Pouring wax into the jar.,"Pouring wax into the jar. assemble phase, ~38% in, 3:10–3:18.",,0,,,,,,,1,,
utr9EuGsSJs,https://www.youtube.com/watch?v=utr9EuGsSJs,DIY Scented Freedom Soy Wax Candles at home |  Candle making kit review | Microwave your wax!,509.0,storyboard,25,198.83,206.78,7.95,https://youtu.be/utr9EuGsSJs?t=199s,pour_wax,assemble,1,0.5,Setting the wick.,"Setting the wick. Pouring the melted wax from the pitcher into the prepared container. assemble phase, ~39% in, 3:18–3:26.",,0,,,,,,,1,,
utr9EuGsSJs,https://www.youtube.com/watch?v=utr9EuGsSJs,DIY Scented Freedom Soy Wax Candles at home |  Candle making kit review | Microwave your wax!,509.0,storyboard,26,206.78,214.73,7.95,https://youtu.be/utr9EuGsSJs?t=207s,pour_wax,assemble,1,0.5,Pouring wax into the jar.,"Pouring wax into the jar. assemble phase, ~41% in, 3:26–3:34.",,0,,,,,,,1,,
utr9EuGsSJs,https://www.youtube.com/watch?v=utr9EuGsSJs,DIY Scented Freedom Soy Wax Candles at home |  Candle making kit review | Microwave your wax!,509.0,storyboard,42,334.03,341.98,7.95,https://youtu.be/utr9EuGsSJs?t=334s,pour_wax,assemble,1,0.5,Pouring wax into the jar.,"Pouring wax into the jar. assemble phase, ~66% in, 5:34–5:41.",,0,,,,,,,1,,
v9z-JiqGX1U,https://www.youtube.com/watch?v=v9z-JiqGX1U,Candle Making Instructions - Candle Craft Club DIY Candle Making Kit - How to make Soy Wax candles,184.0,storyboard,13,104.0,112.0,8.0,https://youtu.be/v9z-JiqGX1U?t=104s,pour_wax,assemble,1,0.8,teal liquid wax poured into containers,"teal liquid wax poured into containers. assemble phase, ~57% in, 1:44–1:52.",,0,,,,,,,1,,
v9z-JiqGX1U,https://www.youtube.com/watch?v=v9z-JiqGX1U,Candle Making Instructions - Candle Craft Club DIY Candle Making Kit - How to make Soy Wax candles,184.0,storyboard,14,112.0,120.0,8.0,https://youtu.be/v9z-JiqGX1U?t=112s,pour_wax,assemble,1,0.8,pouring colored wax into cups,"pouring colored wax into cups. assemble phase, ~61% in, 1:52–2:00.",,0,,,,,,,1,,
v9z-JiqGX1U,https://www.youtube.com/watch?v=v9z-JiqGX1U,Candle Making Instructions - Candle Craft Club DIY Candle Making Kit - How to make Soy Wax candles,184.0,storyboard,15,120.0,128.0,8.0,https://youtu.be/v9z-JiqGX1U?t=120s,pour_wax,assemble,1,0.6,blue cups filled,"blue cups filled. Pouring the melted wax from the pitcher into the prepared container. assemble phase, ~65% in, 2:00–2:08. Terminology: repour.",,0,,,,,,,1,,
v9z-JiqGX1U,https://www.youtube.com/watch?v=v9z-JiqGX1U,Candle Making Instructions - Candle Craft Club DIY Candle Making Kit - How to make Soy Wax candles,184.0,storyboard,16,128.0,136.0,8.0,https://youtu.be/v9z-JiqGX1U?t=128s,pour_wax,assemble,1,0.5,filled cups sitting to set,"filled cups sitting to set. assemble phase, ~70% in, 2:08–2:16.",,0,,,,,,,1,,
v9z-JiqGX1U,https://www.youtube.com/watch?v=v9z-JiqGX1U,Candle Making Instructions - Candle Craft Club DIY Candle Making Kit - How to make Soy Wax candles,184.0,storyboard,17,136.0,144.0,8.0,https://youtu.be/v9z-JiqGX1U?t=136s,pour_wax,assemble,1,0.6,second color (pink) poured into cups,"second color (pink) poured into cups. assemble phase, ~74% in, 2:16–2:24.",,0,,,,,,,1,,
vVlmkfF_PRk,https://www.youtube.com/watch?v=vVlmkfF_PRk,How to Make Soy Candles | Easy DIY Tutorial,456.0,storyboard,38,304.0,312.0,8.0,https://youtu.be/vVlmkfF_PRk?t=304s,pour_wax,assemble,1,0.45,overhead pouring/working,"overhead pouring/working. assemble phase, ~67% in, 5:04–5:12.",,0,,,,,,,1,,
vVlmkfF_PRk,https://www.youtube.com/watch?v=vVlmkfF_PRk,How to Make Soy Candles | Easy DIY Tutorial,456.0,storyboard,39,312.0,320.0,8.0,https://youtu.be/vVlmkfF_PRk?t=312s,pour_wax,assemble,1,0.45,overhead hands at jars,"overhead hands at jars. Pouring the melted wax from the pitcher into the prepared container. assemble phase, ~68% in, 5:12–5:20.",,0,,,,,,,1,,
vWsjYBvP3aE,https://www.youtube.com/watch?v=vWsjYBvP3aE,how to make scented beeswax candles 🐝,468.0,storyboard,55,443.79,451.86,8.07,https://youtu.be/vWsjYBvP3aE?t=444s,pour_wax,assemble,1,0.5,Ceramic cups filled with wax.,"Ceramic cups filled with wax. assemble phase, ~95% in, 7:23–7:31.",,0,,,,,,,1,,
vm9aSzlLWnw,https://www.youtube.com/watch?v=vm9aSzlLWnw,How I Pour My Candles In Bulk For My Business (quick & efficient batch making),755.0,storyboard,0,0.0,8.03,8.03,https://youtu.be/vm9aSzlLWnw?t=0s,pour_wax,assemble,1,0.5,Pouring wax into rows of jars (bulk pour).,"Pouring wax into rows of jars (bulk pour). assemble phase, ~0% in, 0:00–0:08.",,0,,,,,,,1,,
vm9aSzlLWnw,https://www.youtube.com/watch?v=vm9aSzlLWnw,How I Pour My Candles In Bulk For My Business (quick & efficient batch making),755.0,storyboard,4,32.13,40.16,8.03,https://youtu.be/vm9aSzlLWnw?t=32s,pour_wax,assemble,1,0.5,Pouring wax into rows of jars (bulk pour).,"Pouring wax into rows of jars (bulk pour). assemble phase, ~4% in, 0:32–0:40.",,0,,,,,,,1,,
vm9aSzlLWnw,https://www.youtube.com/watch?v=vm9aSzlLWnw,How I Pour My Candles In Bulk For My Business (quick & efficient batch making),755.0,storyboard,8,64.26,72.29,8.03,https://youtu.be/vm9aSzlLWnw?t=64s,pour_wax,assemble,1,0.5,Pouring wax into rows of jars (bulk pour).,"Pouring wax into rows of jars (bulk pour). assemble phase, ~9% in, 1:04–1:12.",,0,,,,,,,1,,
vm9aSzlLWnw,https://www.youtube.com/watch?v=vm9aSzlLWnw,How I Pour My Candles In Bulk For My Business (quick & efficient batch making),755.0,storyboard,12,96.38,104.41,8.03,https://youtu.be/vm9aSzlLWnw?t=96s,pour_wax,assemble,1,0.5,Pouring wax into rows of jars (bulk pour).,"Pouring wax into rows of jars (bulk pour). assemble phase, ~13% in, 1:36–1:44.",,0,,,,,,,1,,
vm9aSzlLWnw,https://www.youtube.com/watch?v=vm9aSzlLWnw,How I Pour My Candles In Bulk For My Business (quick & efficient batch making),755.0,storyboard,16,128.51,136.54,8.03,https://youtu.be/vm9aSzlLWnw?t=129s,pour_wax,assemble,1,0.5,Pouring wax into rows of jars (bulk pour).,"Pouring wax into rows of jars (bulk pour). assemble phase, ~17% in, 2:08–2:16.",,0,,,,,,,1,,
vm9aSzlLWnw,https://www.youtube.com/watch?v=vm9aSzlLWnw,How I Pour My Candles In Bulk For My Business (quick & efficient batch making),755.0,storyboard,37,297.18,305.21,8.03,https://youtu.be/vm9aSzlLWnw?t=297s,pour_wax,assemble,1,0.5,Pouring wax into pitchers / jars.,"Pouring wax into pitchers / jars. assemble phase, ~39% in, 4:57–5:05.",,0,,,,,,,1,,
vm9aSzlLWnw,https://www.youtube.com/watch?v=vm9aSzlLWnw,How I Pour My Candles In Bulk For My Business (quick & efficient batch making),755.0,storyboard,38,305.21,313.24,8.03,https://youtu.be/vm9aSzlLWnw?t=305s,pour_wax,assemble,1,0.5,Pouring wax into pitchers / jars.,"Pouring wax into pitchers / jars. assemble phase, ~40% in, 5:05–5:13.",,0,,,,,,,1,,
vm9aSzlLWnw,https://www.youtube.com/watch?v=vm9aSzlLWnw,How I Pour My Candles In Bulk For My Business (quick & efficient batch making),755.0,storyboard,39,313.24,321.28,8.04,https://youtu.be/vm9aSzlLWnw?t=313s,pour_wax,assemble,1,0.5,Pouring wax into pitchers / jars.,"Pouring wax into pitchers / jars. assemble phase, ~41% in, 5:13–5:21.",,0,,,,,,,1,,
vm9aSzlLWnw,https://www.youtube.com/watch?v=vm9aSzlLWnw,How I Pour My Candles In Bulk For My Business (quick & efficient batch making),755.0,storyboard,40,321.28,329.31,8.03,https://youtu.be/vm9aSzlLWnw?t=321s,pour_wax,assemble,1,0.5,Pouring wax into pitchers / jars.,"Pouring wax into pitchers / jars. assemble phase, ~43% in, 5:21–5:29.",,0,,,,,,,1,,
vm9aSzlLWnw,https://www.youtube.com/watch?v=vm9aSzlLWnw,How I Pour My Candles In Bulk For My Business (quick & efficient batch making),755.0,storyboard,41,329.31,337.34,8.03,https://youtu.be/vm9aSzlLWnw?t=329s,pour_wax,assemble,1,0.5,Wax in the silver melter/urn.,"Wax in the silver melter/urn. assemble phase, ~44% in, 5:29–5:37.",,0,,,,,,,1,,
vm9aSzlLWnw,https://www.youtube.com/watch?v=vm9aSzlLWnw,How I Pour My Candles In Bulk For My Business (quick & efficient batch making),755.0,storyboard,42,337.34,345.37,8.03,https://youtu.be/vm9aSzlLWnw?t=337s,pour_wax,assemble,1,0.5,Pouring wax into pitchers / jars.,"Pouring wax into pitchers / jars. assemble phase, ~45% in, 5:37–5:45.",,0,,,,,,,1,,
vm9aSzlLWnw,https://www.youtube.com/watch?v=vm9aSzlLWnw,How I Pour My Candles In Bulk For My Business (quick & efficient batch making),755.0,storyboard,43,345.37,353.4,8.03,https://youtu.be/vm9aSzlLWnw?t=345s,pour_wax,assemble,1,0.5,Pouring wax into pitchers / jars.,"Pouring wax into pitchers / jars. assemble phase, ~46% in, 5:45–5:53.",,0,,,,,,,1,,
vm9aSzlLWnw,https://www.youtube.com/watch?v=vm9aSzlLWnw,How I Pour My Candles In Bulk For My Business (quick & efficient batch making),755.0,storyboard,44,353.4,361.44,8.04,https://youtu.be/vm9aSzlLWnw?t=353s,pour_wax,assemble,1,0.5,Wax in the silver melter/urn.,"Wax in the silver melter/urn. assemble phase, ~47% in, 5:53–6:01.",,0,,,,,,,1,,
vm9aSzlLWnw,https://www.youtube.com/watch?v=vm9aSzlLWnw,How I Pour My Candles In Bulk For My Business (quick & efficient batch making),755.0,storyboard,45,361.44,369.47,8.03,https://youtu.be/vm9aSzlLWnw?t=361s,pour_wax,assemble,1,0.5,Pouring wax into pitchers / jars.,"Pouring wax into pitchers / jars. assemble phase, ~48% in, 6:01–6:09.",,0,,,,,,,1,,
vm9aSzlLWnw,https://www.youtube.com/watch?v=vm9aSzlLWnw,How I Pour My Candles In Bulk For My Business (quick & efficient batch making),755.0,storyboard,46,369.47,377.5,8.03,https://youtu.be/vm9aSzlLWnw?t=369s,pour_wax,assemble,1,0.5,Pouring wax into pitchers / jars.,"Pouring wax into pitchers / jars. assemble phase, ~49% in, 6:09–6:17.",,0,,,,,,,1,,
wrGN0qeWyPk,https://www.youtube.com/watch?v=wrGN0qeWyPk,How to Make Your Candles Smell Stronger (Without Using More Fragrance Oil),421.0,storyboard,25,198.58,206.53,7.95,https://youtu.be/wrGN0qeWyPk?t=199s,pour_wax,assemble,1,0.45,Wax poured into a jug (b-roll).,"Wax poured into a jug (b-roll). assemble phase, ~47% in, 3:18–3:26.",,0,,,,,,,1,,
xPGJhiAwzLU,https://www.youtube.com/watch?v=xPGJhiAwzLU,Making scented candle. DIY Jesmonite candle container,341.0,storyboard,16,126.88,134.81,7.93,https://youtu.be/xPGJhiAwzLU?t=127s,pour_wax,assemble,1,0.45,Melting wax in the DIGOR melter and pouring into the jesmonite vessels.,"Melting wax in the DIGOR melter and pouring into the jesmonite vessels. assemble phase, ~37% in, 2:06–2:14.",,0,,,,,,,1,,
xPGJhiAwzLU,https://www.youtube.com/watch?v=xPGJhiAwzLU,Making scented candle. DIY Jesmonite candle container,341.0,storyboard,17,134.81,142.74,7.93,https://youtu.be/xPGJhiAwzLU?t=135s,pour_wax,assemble,1,0.45,Melting wax in the DIGOR melter and pouring into the jesmonite vessels.,"Melting wax in the DIGOR melter and pouring into the jesmonite vessels. assemble phase, ~40% in, 2:14–2:22.",,0,,,,,,,1,,
xPGJhiAwzLU,https://www.youtube.com/watch?v=xPGJhiAwzLU,Making scented candle. DIY Jesmonite candle container,341.0,storyboard,18,142.74,150.67,7.93,https://youtu.be/xPGJhiAwzLU?t=143s,pour_wax,assemble,1,0.45,Melting wax in the DIGOR melter and pouring into the jesmonite vessels.,"Melting wax in the DIGOR melter and pouring into the jesmonite vessels. assemble phase, ~42% in, 2:22–2:30.",,0,,,,,,,1,,
xPGJhiAwzLU,https://www.youtube.com/watch?v=xPGJhiAwzLU,Making scented candle. DIY Jesmonite candle container,341.0,storyboard,19,150.67,158.6,7.93,https://youtu.be/xPGJhiAwzLU?t=151s,pour_wax,assemble,1,0.45,Melting wax in the DIGOR melter and pouring into the jesmonite vessels.,"Melting wax in the DIGOR melter and pouring into the jesmonite vessels. assemble phase, ~44% in, 2:30–2:38.",,0,,,,,,,1,,
xPGJhiAwzLU,https://www.youtube.com/watch?v=xPGJhiAwzLU,Making scented candle. DIY Jesmonite candle container,341.0,storyboard,20,158.6,166.53,7.93,https://youtu.be/xPGJhiAwzLU?t=159s,pour_wax,assemble,1,0.45,Melting wax in the DIGOR melter and pouring into the jesmonite vessels.,"Melting wax in the DIGOR melter and pouring into the jesmonite vessels. assemble phase, ~47% in, 2:38–2:46.",,0,,,,,,,1,,
xPGJhiAwzLU,https://www.youtube.com/watch?v=xPGJhiAwzLU,Making scented candle. DIY Jesmonite candle container,341.0,storyboard,21,166.53,174.47,7.94,https://youtu.be/xPGJhiAwzLU?t=167s,pour_wax,assemble,1,0.45,Melting wax in the DIGOR melter and pouring into the jesmonite vessels.,"Melting wax in the DIGOR melter and pouring into the jesmonite vessels. assemble phase, ~49% in, 2:46–2:54.",,0,,,,,,,1,,
xPGJhiAwzLU,https://www.youtube.com/watch?v=xPGJhiAwzLU,Making scented candle. DIY Jesmonite candle container,341.0,storyboard,22,174.47,182.4,7.93,https://youtu.be/xPGJhiAwzLU?t=174s,pour_wax,assemble,1,0.45,Melting wax in the DIGOR melter and pouring into the jesmonite vessels.,"Melting wax in the DIGOR melter and pouring into the jesmonite vessels. assemble phase, ~51% in, 2:54–3:02.",,0,,,,,,,1,,
xPGJhiAwzLU,https://www.youtube.com/watch?v=xPGJhiAwzLU,Making scented candle. DIY Jesmonite candle container,341.0,storyboard,23,182.4,190.33,7.93,https://youtu.be/xPGJhiAwzLU?t=182s,pour_wax,assemble,1,0.45,Melting wax in the DIGOR melter and pouring into the jesmonite vessels.,"Melting wax in the DIGOR melter and pouring into the jesmonite vessels. assemble phase, ~53% in, 3:02–3:10.",,0,,,,,,,1,,
xPGJhiAwzLU,https://www.youtube.com/watch?v=xPGJhiAwzLU,Making scented candle. DIY Jesmonite candle container,341.0,storyboard,24,190.33,198.26,7.93,https://youtu.be/xPGJhiAwzLU?t=190s,pour_wax,assemble,1,0.45,Melting wax in the DIGOR melter and pouring into the jesmonite vessels.,"Melting wax in the DIGOR melter and pouring into the jesmonite vessels. assemble phase, ~56% in, 3:10–3:18.",,0,,,,,,,1,,
xPGJhiAwzLU,https://www.youtube.com/watch?v=xPGJhiAwzLU,Making scented candle. DIY Jesmonite candle container,341.0,storyboard,25,198.26,206.19,7.93,https://youtu.be/xPGJhiAwzLU?t=198s,pour_wax,assemble,1,0.45,Melting wax in the DIGOR melter and pouring into the jesmonite vessels.,"Melting wax in the DIGOR melter and pouring into the jesmonite vessels. assemble phase, ~58% in, 3:18–3:26.",,0,,,,,,,1,,
xPGJhiAwzLU,https://www.youtube.com/watch?v=xPGJhiAwzLU,Making scented candle. DIY Jesmonite candle container,341.0,storyboard,26,206.19,214.12,7.93,https://youtu.be/xPGJhiAwzLU?t=206s,pour_wax,assemble,1,0.45,Melting wax in the DIGOR melter and pouring into the jesmonite vessels.,"Melting wax in the DIGOR melter and pouring into the jesmonite vessels. assemble phase, ~60% in, 3:26–3:34.",,0,,,,,,,1,,
xPGJhiAwzLU,https://www.youtube.com/watch?v=xPGJhiAwzLU,Making scented candle. DIY Jesmonite candle container,341.0,storyboard,27,214.12,222.05,7.93,https://youtu.be/xPGJhiAwzLU?t=214s,pour_wax,assemble,1,0.45,Melting wax in the DIGOR melter and pouring into the jesmonite vessels.,"Melting wax in the DIGOR melter and pouring into the jesmonite vessels. assemble phase, ~63% in, 3:34–3:42.",,0,,,,,,,1,,
xPGJhiAwzLU,https://www.youtube.com/watch?v=xPGJhiAwzLU,Making scented candle. DIY Jesmonite candle container,341.0,storyboard,28,222.05,229.98,7.93,https://youtu.be/xPGJhiAwzLU?t=222s,pour_wax,assemble,1,0.45,Melting wax in the DIGOR melter and pouring into the jesmonite vessels.,"Melting wax in the DIGOR melter and pouring into the jesmonite vessels. assemble phase, ~65% in, 3:42–3:49.",,0,,,,,,,1,,
xPGJhiAwzLU,https://www.youtube.com/watch?v=xPGJhiAwzLU,Making scented candle. DIY Jesmonite candle container,341.0,storyboard,29,229.98,237.91,7.93,https://youtu.be/xPGJhiAwzLU?t=230s,pour_wax,assemble,1,0.45,Melting wax in the DIGOR melter and pouring into the jesmonite vessels.,"Melting wax in the DIGOR melter and pouring into the jesmonite vessels. assemble phase, ~67% in, 3:49–3:57.",,0,,,,,,,1,,
zrSVQ5CXUk8,https://www.youtube.com/watch?v=zrSVQ5CXUk8,Starting a candle business from home in 2023 starting a small business | make candles with me! 캔들사업,220.0,storyboard,7,55.0,62.86,7.86,https://youtu.be/zrSVQ5CXUk8?t=55s,pour_wax,assemble,1,0.5,Pouring wax into the rows of cups.,"Pouring wax into the rows of cups. assemble phase, ~25% in, 0:55–1:02.",,0,,,,,,,1,,
zrSVQ5CXUk8,https://www.youtube.com/watch?v=zrSVQ5CXUk8,Starting a candle business from home in 2023 starting a small business | make candles with me! 캔들사업,220.0,storyboard,8,62.86,70.71,7.85,https://youtu.be/zrSVQ5CXUk8?t=63s,pour_wax,assemble,1,0.5,Filling the cups with wax.,"Filling the cups with wax. assemble phase, ~29% in, 1:02–1:10.",,0,,,,,,,1,,
zrSVQ5CXUk8,https://www.youtube.com/watch?v=zrSVQ5CXUk8,Starting a candle business from home in 2023 starting a small business | make candles with me! 캔들사업,220.0,storyboard,9,70.71,78.57,7.86,https://youtu.be/zrSVQ5CXUk8?t=71s,pour_wax,assemble,1,0.45,Rows of small jars with wicks.,"Rows of small jars with wicks. assemble phase, ~32% in, 1:10–1:18.",,0,,,,,,,1,,
zrSVQ5CXUk8,https://www.youtube.com/watch?v=zrSVQ5CXUk8,Starting a candle business from home in 2023 starting a small business | make candles with me! 캔들사업,220.0,storyboard,10,78.57,86.43,7.86,https://youtu.be/zrSVQ5CXUk8?t=79s,pour_wax,assemble,1,0.5,Pouring; black melter pot.,"Pouring; black melter pot. assemble phase, ~36% in, 1:18–1:26.",,0,,,,,,,1,,
zrSVQ5CXUk8,https://www.youtube.com/watch?v=zrSVQ5CXUk8,Starting a candle business from home in 2023 starting a small business | make candles with me! 캔들사업,220.0,storyboard,11,86.43,94.29,7.86,https://youtu.be/zrSVQ5CXUk8?t=86s,pour_wax,assemble,1,0.5,Black melter pot of wax.,"Black melter pot of wax. Pouring the melted wax from the pitcher into the prepared container. assemble phase, ~39% in, 1:26–1:34.",,0,,,,,,,1,,
zrSVQ5CXUk8,https://www.youtube.com/watch?v=zrSVQ5CXUk8,Starting a candle business from home in 2023 starting a small business | make candles with me! 캔들사업,220.0,storyboard,12,94.29,102.14,7.85,https://youtu.be/zrSVQ5CXUk8?t=94s,pour_wax,assemble,1,0.5,Pouring white wax into jars.,"Pouring white wax into jars. assemble phase, ~43% in, 1:34–1:42.",,0,,,,,,,1,,
zrSVQ5CXUk8,https://www.youtube.com/watch?v=zrSVQ5CXUk8,Starting a candle business from home in 2023 starting a small business | make candles with me! 캔들사업,220.0,storyboard,13,102.14,110.0,7.86,https://youtu.be/zrSVQ5CXUk8?t=102s,pour_wax,assemble,1,0.45,Rows of jars filled; box.,"Rows of jars filled; box. assemble phase, ~46% in, 1:42–1:50.",,0,,,,,,,1,,
zrSVQ5CXUk8,https://www.youtube.com/watch?v=zrSVQ5CXUk8,Starting a candle business from home in 2023 starting a small business | make candles with me! 캔들사업,220.0,storyboard,19,149.29,157.14,7.85,https://youtu.be/zrSVQ5CXUk8?t=149s,pour_wax,assemble,1,0.45,Pouring; black pot.,"Pouring; black pot. Pouring the melted wax from the pitcher into the prepared container. assemble phase, ~68% in, 2:29–2:37.",,0,,,,,,,1,,
