video_id,video_url,video_title,video_duration_s,source,window_index,start_s,end_s,duration_s,window_url,action_label,phase,is_step,confidence,description,ocr_text,has_caption,face_score,text_score,motion,brightness,colorfulness,dominant_colors,keep,filter_reason,validation_flags
-dVj7BYicmQ,https://www.youtube.com/watch?v=-dVj7BYicmQ,Create your own custom-scented candle at The Candle Pour | Taste and See Tampa Bay,99.0,storyboard,11,90.75,99.0,8.25,https://youtu.be/-dVj7BYicmQ?t=91s,outro_cta,aux,0,0.5,'Taste and See Tampa Bay' news end card.,taste Te,1,0.0,0.138,0.29,0.632,0.04,"#f1efec,#c4c2c0,#1b1817",1,,
-pjWKo7zgrs,https://www.youtube.com/watch?v=-pjWKo7zgrs,DIY Candle Jars with Jesmonite and Boowannite | Nicole Molds jar mold diy handmade gift ideas,481.0,storyboard,58,464.97,472.98,8.01,https://youtu.be/-pjWKo7zgrs?t=465s,outro_cta,aux,0,0.6,'Thank you for watching' card.,Thank you for watching! hOOLIE,1,0.0,0.04,0.0,0.956,0.103,"#fdfcc5,#dfceb9,#a4a997",0,text_overlay,
-pjWKo7zgrs,https://www.youtube.com/watch?v=-pjWKo7zgrs,DIY Candle Jars with Jesmonite and Boowannite | Nicole Molds jar mold diy handmade gift ideas,481.0,storyboard,59,472.98,481.0,8.02,https://youtu.be/-pjWKo7zgrs?t=473s,outro_cta,aux,0,0.6,'Thank you for watching' card.,ee,0,0.0,0.02,0.956,0.478,0.054,"#000000,#010000,#010105",1,,description references on-screen text but OCR found none
0tS8V3Gj9C0,https://www.youtube.com/watch?v=0tS8V3Gj9C0,"make 1000 candles with me | balancing work & life, browsing markets, small business vlog",845.0,storyboard,102,813.11,821.08,7.97,https://youtu.be/0tS8V3Gj9C0?t=813s,outro_cta,aux,0,0.6,"'From Kayla — like, comment & subscribe' end card.","from, kayla",1,0.0,0.024,0.0,0.923,0.112,"#fcf8ec,#e9b6b4,#907564",1,,
0tS8V3Gj9C0,https://www.youtube.com/watch?v=0tS8V3Gj9C0,"make 1000 candles with me | balancing work & life, browsing markets, small business vlog",845.0,storyboard,103,821.08,829.06,7.98,https://youtu.be/0tS8V3Gj9C0?t=821s,outro_cta,aux,0,0.6,"'From Kayla — like, comment & subscribe' end card.","from, kayla",1,0.0,0.024,0.001,0.923,0.112,"#fcf8ec,#e9b6b4,#907564",1,,
0tS8V3Gj9C0,https://www.youtube.com/watch?v=0tS8V3Gj9C0,"make 1000 candles with me | balancing work & life, browsing markets, small business vlog",845.0,storyboard,104,829.06,837.03,7.97,https://youtu.be/0tS8V3Gj9C0?t=829s,outro_cta,aux,0,0.6,"'From Kayla — like, comment & subscribe' end card.","from, kayla",1,0.0,0.024,0.0,0.923,0.112,"#fcf8ec,#e9b6b5,#917563",1,,
0tS8V3Gj9C0,https://www.youtube.com/watch?v=0tS8V3Gj9C0,"make 1000 candles with me | balancing work & life, browsing markets, small business vlog",845.0,storyboard,105,837.03,845.0,7.97,https://youtu.be/0tS8V3Gj9C0?t=837s,outro_cta,aux,0,0.6,"'From Kayla — like, comment & subscribe' end card.",,0,0.0,0.012,0.923,0.462,0.057,"#000000,#020100,#000002",1,,description references on-screen text but OCR found none
1-44rrfu7kc,https://www.youtube.com/watch?v=1-44rrfu7kc,Satisfying Candle Making Process |DIY Christmas Candle 🎄| Learn Candle Making at Home,162.0,storyboard,18,145.8,153.9,8.1,https://youtu.be/1-44rrfu7kc?t=146s,outro_cta,aux,0,0.5,"On-screen text card (auto-detected: static frame, OCR text). Text reads: 'ae aa ea Pye Pre as rr 4 ae sae er We Ee yrs Ms ee 4 Ls 5 ZA! 4 Aa if Pt hd ay ga bs At Fi Cie ot 7 Ady Pe 4'.",ae aa ea Pye Pre as rr 4 ae sae er We Ee yrs Ms ee 4 Ls 5 ZA! 4 Aa if Pt hd ay ga bs At Fi Cie ot 7 Ady Pe 4,1,0.0,0.028,0.0,0.441,0.191,"#916f40,#482c17,#cfb897",0,text_overlay,
1-44rrfu7kc,https://www.youtube.com/watch?v=1-44rrfu7kc,Satisfying Candle Making Process |DIY Christmas Candle 🎄| Learn Candle Making at Home,162.0,storyboard,19,153.9,162.0,8.1,https://youtu.be/1-44rrfu7kc?t=154s,outro_cta,aux,0,0.5,"On-screen text card (auto-detected: static frame, OCR text). Text reads: 'ae aa ea Pye Pre as rr 4 ae sae er We Ee yrs Ms ee 4 Ls 5 ZA! 4 Aa if Pt hd ay ga bs At Fi Cie ot 7 Ady Pe 4'.",ae aa ea Pye Pre as rr 4 ae sae er We Ee yrs Ms ee 4 Ls 5 ZA! 4 Aa if Pt hd ay ga bs At Fi Cie ot 7 Ady Pe 4,1,0.0,0.028,0.0,0.441,0.191,"#916f41,#482c17,#cfb897",0,text_overlay,
1V3hfxo7OtE,https://www.youtube.com/watch?v=1V3hfxo7OtE,Candle Making | How to Make Scented Candles,508.0,storyboard,60,476.25,484.19,7.94,https://youtu.be/1V3hfxo7OtE?t=476s,outro_cta,aux,0,0.65,'THANK YOU!' end card,OU Te LSS,1,0.0,0.015,0.118,0.06,0.028,"#000000,#000002,#020003",0,blank,
1tDWhMxtEqU,https://www.youtube.com/watch?v=1tDWhMxtEqU,Easiest Beeswax Candle Recipe | How to Make a Beeswax Candle,512.0,storyboard,52,416.0,424.0,8.0,https://youtu.be/1tDWhMxtEqU?t=416s,outro_cta,aux,0,0.6,Subscribe / keep-watching end screen.,SLAL SE mists KIEP WATCH VY 49 Tey vat,1,0.0,0.024,0.002,0.866,0.028,"#ededec,#c1bfbc,#6c6a69",0,text_overlay,
1tDWhMxtEqU,https://www.youtube.com/watch?v=1tDWhMxtEqU,Easiest Beeswax Candle Recipe | How to Make a Beeswax Candle,512.0,storyboard,53,424.0,432.0,8.0,https://youtu.be/1tDWhMxtEqU?t=424s,outro_cta,aux,0,0.6,Subscribe / keep-watching end screen.,SLAL SE mists KIEP WATCH VY 49 Tey vat,1,0.0,0.024,0.0,0.866,0.029,"#ededec,#c0bebb,#6c6a69",0,text_overlay,
1tDWhMxtEqU,https://www.youtube.com/watch?v=1tDWhMxtEqU,Easiest Beeswax Candle Recipe | How to Make a Beeswax Candle,512.0,storyboard,54,432.0,440.0,8.0,https://youtu.be/1tDWhMxtEqU?t=432s,outro_cta,aux,0,0.6,Subscribe / keep-watching end screen.,SLAL SE mists KIEP WATCH VY 49 Tey vat,1,0.0,0.024,0.0,0.866,0.029,"#ededec,#c0bebb,#6c6a69",0,text_overlay,
1tDWhMxtEqU,https://www.youtube.com/watch?v=1tDWhMxtEqU,Easiest Beeswax Candle Recipe | How to Make a Beeswax Candle,512.0,storyboard,55,440.0,448.0,8.0,https://youtu.be/1tDWhMxtEqU?t=440s,outro_cta,aux,0,0.6,Subscribe / keep-watching end screen.,SLAL SE mists KIEP WATCH VY 49 Tey vat,1,0.0,0.024,0.0,0.866,0.029,"#ededec,#c1bfbc,#6c6a69",0,text_overlay,
1tDWhMxtEqU,https://www.youtube.com/watch?v=1tDWhMxtEqU,Easiest Beeswax Candle Recipe | How to Make a Beeswax Candle,512.0,storyboard,56,448.0,456.0,8.0,https://youtu.be/1tDWhMxtEqU?t=448s,outro_cta,aux,0,0.6,Subscribe / keep-watching end screen.,SLAL SE mists KIEP WATCH VY 49 Tey vat,1,0.0,0.024,0.0,0.866,0.029,"#ededec,#c1bfbc,#6c6a69",0,text_overlay,
1tDWhMxtEqU,https://www.youtube.com/watch?v=1tDWhMxtEqU,Easiest Beeswax Candle Recipe | How to Make a Beeswax Candle,512.0,storyboard,57,456.0,464.0,8.0,https://youtu.be/1tDWhMxtEqU?t=456s,outro_cta,aux,0,0.6,Subscribe / keep-watching end screen.,SLAL SE mists KIEP WATCH VY 49 Tey vat,1,0.0,0.024,0.0,0.866,0.029,"#ededec,#c0bebb,#6c6a69",0,text_overlay,
1tDWhMxtEqU,https://www.youtube.com/watch?v=1tDWhMxtEqU,Easiest Beeswax Candle Recipe | How to Make a Beeswax Candle,512.0,storyboard,58,464.0,472.0,8.0,https://youtu.be/1tDWhMxtEqU?t=464s,outro_cta,aux,0,0.6,Subscribe / keep-watching end screen.,SLAL SE mists KIEP WATCH VY 49 Tey vat,1,0.0,0.024,0.0,0.866,0.029,"#ededec,#c1bfbc,#6c6a69",0,text_overlay,
1tDWhMxtEqU,https://www.youtube.com/watch?v=1tDWhMxtEqU,Easiest Beeswax Candle Recipe | How to Make a Beeswax Candle,512.0,storyboard,59,472.0,480.0,8.0,https://youtu.be/1tDWhMxtEqU?t=472s,outro_cta,aux,0,0.6,Subscribe / keep-watching end screen.,SLAL SE mists KIEP WATCH VY 49 Tey vat,1,0.0,0.024,0.0,0.866,0.029,"#ededec,#c1bfbc,#6c6a69",0,text_overlay,
1tDWhMxtEqU,https://www.youtube.com/watch?v=1tDWhMxtEqU,Easiest Beeswax Candle Recipe | How to Make a Beeswax Candle,512.0,storyboard,60,480.0,488.0,8.0,https://youtu.be/1tDWhMxtEqU?t=480s,outro_cta,aux,0,0.6,Subscribe / keep-watching end screen.,SLAL SE mists KIEP WATCH VY 49 Tey vat,1,0.0,0.024,0.0,0.866,0.029,"#ededec,#c0bebb,#6c6a69",0,text_overlay,
1tDWhMxtEqU,https://www.youtube.com/watch?v=1tDWhMxtEqU,Easiest Beeswax Candle Recipe | How to Make a Beeswax Candle,512.0,storyboard,61,488.0,496.0,8.0,https://youtu.be/1tDWhMxtEqU?t=488s,outro_cta,aux,0,0.6,Subscribe / keep-watching end screen.,SLAL SE mists KIEP WATCH VY 49 Tey vat,1,0.0,0.024,0.0,0.866,0.029,"#ededec,#c1bfbc,#6c6a69",0,text_overlay,
1tDWhMxtEqU,https://www.youtube.com/watch?v=1tDWhMxtEqU,Easiest Beeswax Candle Recipe | How to Make a Beeswax Candle,512.0,storyboard,62,496.0,504.0,8.0,https://youtu.be/1tDWhMxtEqU?t=496s,outro_cta,aux,0,0.6,Subscribe / keep-watching end screen.,SLAL SE mists KIEP WATCH VY 49 Tey vat,1,0.0,0.024,0.0,0.866,0.029,"#ededec,#c1bfbc,#6c6a69",0,text_overlay,
1tDWhMxtEqU,https://www.youtube.com/watch?v=1tDWhMxtEqU,Easiest Beeswax Candle Recipe | How to Make a Beeswax Candle,512.0,storyboard,63,504.0,512.0,8.0,https://youtu.be/1tDWhMxtEqU?t=504s,outro_cta,aux,0,0.6,Subscribe / keep-watching end screen.,SLAL SE mists KIEP WATCH VY 49 Tey vat,1,0.0,0.024,0.0,0.866,0.029,"#edecec,#c0bebb,#6c6a69",0,text_overlay,
2KbmlOnPJnU,https://www.youtube.com/watch?v=2KbmlOnPJnU,How To Make an INFINITE CANDLE Wick – Burns Forever!,151.0,storyboard,17,135.11,143.05,7.94,https://youtu.be/2KbmlOnPJnU?t=135s,outro_cta,aux,0,0.5,Lit candle with 'THANKS FOR WATCHING'.,THANKS FOR PPLE Watery Lg,1,0.0,0.018,0.292,0.2,0.067,"#3c322b,#7a695d,#bbad97",1,,
2KbmlOnPJnU,https://www.youtube.com/watch?v=2KbmlOnPJnU,How To Make an INFINITE CANDLE Wick – Burns Forever!,151.0,storyboard,18,143.05,151.0,7.95,https://youtu.be/2KbmlOnPJnU?t=143s,outro_cta,aux,0,0.55,Thanks-for-watching end card.,,0,0.0,0.0,0.0,0.0,0.003,"#000000,#000001,#010004",0,blank,
2nxGLwe1Znk,https://www.youtube.com/watch?v=2nxGLwe1Znk,DIY Mason Jar Candles | How to Make Mason Jar Candles,147.0,storyboard,16,130.67,138.83,8.16,https://youtu.be/2nxGLwe1Znk?t=131s,outro_cta,aux,0,0.5,'one fine project' end card.,cS,0,0.0,0.048,0.748,0.619,0.101,"#3f1b0a,#230e05,#955637",1,,description references on-screen text but OCR found none
2nxGLwe1Znk,https://www.youtube.com/watch?v=2nxGLwe1Znk,DIY Mason Jar Candles | How to Make Mason Jar Candles,147.0,storyboard,17,138.83,147.0,8.17,https://youtu.be/2nxGLwe1Znk?t=139s,outro_cta,aux,0,0.5,'one fine project' end card.,one te project,1,0.0,0.066,0.001,0.985,0.014,"#fefefe,#dcd5db,#726f71",1,,
2rhZ7lzaU4Y,https://www.youtube.com/watch?v=2rhZ7lzaU4Y,4 Easy Candle Making for Beginners | DIY Candles,187.0,storyboard,21,170.74,178.87,8.13,https://youtu.be/2rhZ7lzaU4Y?t=171s,outro_cta,aux,0,0.55,'ART' end card.,any EA te te fee oss ety rere cry Row,1,0.0,0.095,0.27,0.794,0.068,"#fdfdfd,#d1c9bd,#4d504f",1,,
2rhZ7lzaU4Y,https://www.youtube.com/watch?v=2rhZ7lzaU4Y,4 Easy Candle Making for Beginners | DIY Candles,187.0,storyboard,22,178.87,187.0,8.13,https://youtu.be/2rhZ7lzaU4Y?t=179s,outro_cta,aux,0,0.5,Closing end card.,any Ss ety were rorr Bonu ee,1,0.0,0.075,0.0,0.97,0.033,"#fdfdfd,#d1c9bd,#4e514f",0,text_overlay,
3RNr0rflCUU,https://www.youtube.com/watch?v=3RNr0rflCUU,"BUSINESS VLOG 🧸 preparing for shop launch, making 400 candles & my studio tour",834.0,storyboard,99,793.9,801.92,8.02,https://youtu.be/3RNr0rflCUU?t=794s,outro_cta,aux,0,0.6,'From Kayla' subscribe end card.,"from, kayla bee, commant suscrbe",1,0.0,0.025,0.0,0.923,0.112,"#fbf8eb,#e9b6b4,#927765",0,text_overlay,
3RNr0rflCUU,https://www.youtube.com/watch?v=3RNr0rflCUU,"BUSINESS VLOG 🧸 preparing for shop launch, making 400 candles & my studio tour",834.0,storyboard,100,801.92,809.94,8.02,https://youtu.be/3RNr0rflCUU?t=802s,outro_cta,aux,0,0.6,'From Kayla' subscribe end card.,"from, kayla Lao-",1,0.0,0.024,0.003,0.923,0.113,"#fcf8ec,#e9b6b4,#907563",1,,
3RNr0rflCUU,https://www.youtube.com/watch?v=3RNr0rflCUU,"BUSINESS VLOG 🧸 preparing for shop launch, making 400 candles & my studio tour",834.0,storyboard,101,809.94,817.96,8.02,https://youtu.be/3RNr0rflCUU?t=810s,outro_cta,aux,0,0.6,'From Kayla' subscribe end card.,"from, kayla",1,0.0,0.025,0.0,0.923,0.112,"#fcf8ec,#e9b6b4,#907563",1,,
3RNr0rflCUU,https://www.youtube.com/watch?v=3RNr0rflCUU,"BUSINESS VLOG 🧸 preparing for shop launch, making 400 candles & my studio tour",834.0,storyboard,102,817.96,825.98,8.02,https://youtu.be/3RNr0rflCUU?t=818s,outro_cta,aux,0,0.6,'From Kayla' subscribe end card.,"from, kayla",1,0.0,0.025,0.0,0.923,0.112,"#fcf8ec,#e9b6b4,#907563",1,,
3RNr0rflCUU,https://www.youtube.com/watch?v=3RNr0rflCUU,"BUSINESS VLOG 🧸 preparing for shop launch, making 400 candles & my studio tour",834.0,storyboard,103,825.98,834.0,8.02,https://youtu.be/3RNr0rflCUU?t=826s,outro_cta,aux,0,0.6,'From Kayla' subscribe end card.,"from, kayla",1,0.0,0.025,0.0,0.923,0.112,"#fcf8ec,#e9b6b4,#907563",1,,
40mkiCY8uMM,https://www.youtube.com/watch?v=40mkiCY8uMM,How To Make Mini 1 Oz. Soy Candles | Fall Scented Sample Candles,583.0,storyboard,65,519.11,527.1,7.99,https://youtu.be/40mkiCY8uMM?t=519s,outro_cta,aux,0,0.6,'Thank you / channel members' end card.,if Ww. SPECIAL THANKS TO MY ie CHANNEL MEMBERS! Ye REE ha es NS ee ee ee ne ee Ser tae ee 6 Ome ey Om Come oe ft nay Cm Dee ocetoue basw greene he twee Ane mewg deen. 39tnt eh SE So taik pateenteicant,1,0.0,0.174,0.387,0.628,0.044,"#d6dee7,#b1b9c2,#798188",1,,
40mkiCY8uMM,https://www.youtube.com/watch?v=40mkiCY8uMM,How To Make Mini 1 Oz. Soy Candles | Fall Scented Sample Candles,583.0,storyboard,66,527.1,535.08,7.98,https://youtu.be/40mkiCY8uMM?t=527s,outro_cta,aux,0,0.6,'Thank you / channel members' end card.,oe THANKYOU gh of FOR WATCHING! lite est re,1,0.0,0.261,0.008,0.616,0.125,"#e4e9e7,#161b1a,#6a9c8c",0,text_overlay,
40mkiCY8uMM,https://www.youtube.com/watch?v=40mkiCY8uMM,How To Make Mini 1 Oz. Soy Candles | Fall Scented Sample Candles,583.0,storyboard,67,535.08,543.07,7.99,https://youtu.be/40mkiCY8uMM?t=535s,outro_cta,aux,0,0.6,'Thank you / channel members' end card.,my THANKYOU hf FOR WATCHING!,1,0.0,0.26,0.0,0.616,0.124,"#e2e8e6,#141917,#649587",0,text_overlay,
40mkiCY8uMM,https://www.youtube.com/watch?v=40mkiCY8uMM,How To Make Mini 1 Oz. Soy Candles | Fall Scented Sample Candles,583.0,storyboard,68,543.07,551.05,7.98,https://youtu.be/40mkiCY8uMM?t=543s,outro_cta,aux,0,0.6,'Thank you / channel members' end card.,ew ee mee pe ad,1,0.0,0.125,0.549,0.336,0.057,"#0f100f,#0e0f11,#131314",1,,
5SulILZNPEI,https://www.youtube.com/watch?v=5SulILZNPEI,How To Make Soy Candles DIY Candle Making Tutorial,453.0,storyboard,52,413.26,421.21,7.95,https://youtu.be/5SulILZNPEI?t=413s,outro_cta,aux,0,0.55,branded 'Order' supply flat-lay,toe 4 dh 2 et ces Titisess SS SuPPLY.COM,1,0.0,0.076,0.001,0.59,0.109,"#d0c1b4,#8c7e69,#3b352f",0,text_overlay,
5SulILZNPEI,https://www.youtube.com/watch?v=5SulILZNPEI,How To Make Soy Candles DIY Candle Making Tutorial,453.0,storyboard,53,421.21,429.16,7.95,https://youtu.be/5SulILZNPEI?t=421s,outro_cta,aux,0,0.55,branded supply flat-lay end card,toe 4 dh 2 et ces Titisess SS SuPPLY.COM,1,0.0,0.075,0.0,0.59,0.109,"#cfbfb3,#8b7d68,#3b352f",0,text_overlay,
5SulILZNPEI,https://www.youtube.com/watch?v=5SulILZNPEI,How To Make Soy Candles DIY Candle Making Tutorial,453.0,storyboard,54,429.16,437.11,7.95,https://youtu.be/5SulILZNPEI?t=429s,outro_cta,aux,0,0.55,branded supply flat-lay end card,toe 4 dh 2 et ces Titisess SS SuPPLY.COM,1,0.0,0.075,0.0,0.59,0.109,"#cfc0b3,#8b7d68,#3b352f",0,text_overlay,
5SulILZNPEI,https://www.youtube.com/watch?v=5SulILZNPEI,How To Make Soy Candles DIY Candle Making Tutorial,453.0,storyboard,55,437.11,445.05,7.94,https://youtu.be/5SulILZNPEI?t=437s,outro_cta,aux,0,0.55,branded supply flat-lay end card,toe 4 dh 2 et ces Titisess SS SuPPLY.COM,1,0.0,0.075,0.0,0.59,0.109,"#cfbfb3,#8b7d68,#3b352f",0,text_overlay,
5SulILZNPEI,https://www.youtube.com/watch?v=5SulILZNPEI,How To Make Soy Candles DIY Candle Making Tutorial,453.0,storyboard,56,445.05,453.0,7.95,https://youtu.be/5SulILZNPEI?t=445s,outro_cta,aux,0,0.55,branded supply flat-lay end card,toe 4 dh 2 et ces Titisess SS SuPPLY.COM,1,0.0,0.075,0.0,0.59,0.109,"#cfc0b3,#8b7d68,#3b352f",0,text_overlay,
5mCtnH6K4u0,https://www.youtube.com/watch?v=5mCtnH6K4u0,Candle Care Series [Ribbonwick Candles],70.0,storyboard,8,62.22,70.0,7.78,https://youtu.be/5mCtnH6K4u0?t=62s,outro_cta,aux,0,0.65,End card 'For More Information Visit www.ribbonwick.com'.,te Phere txtovventaas Weet ee erent cows,1,0.0,0.02,0.008,0.009,0.003,"#000000,#8e8e8e,#424242",0,blank,
6N1oH8pkD5Q,https://www.youtube.com/watch?v=6N1oH8pkD5Q,Make YOUR OWN Layered Gradient Soy Wax Candle!,243.0,storyboard,28,226.8,234.9,8.1,https://youtu.be/6N1oH8pkD5Q?t=227s,outro_cta,aux,0,0.6,'THANKS FOR WATCHING' red end card.,THANKS FOR vars,1,0.0,0.056,0.004,0.435,0.464,"#b40328,#fcf3f5,#974e5e",1,,
6N1oH8pkD5Q,https://www.youtube.com/watch?v=6N1oH8pkD5Q,Make YOUR OWN Layered Gradient Soy Wax Candle!,243.0,storyboard,29,234.9,243.0,8.1,https://youtu.be/6N1oH8pkD5Q?t=235s,outro_cta,aux,0,0.6,'THANKS FOR WATCHING' red end card.,THANKS FOR,1,0.0,0.057,0.0,0.435,0.464,"#b40328,#fcf3f5,#a05365",1,,
6jN6A8RVyWw,https://www.youtube.com/watch?v=6jN6A8RVyWw,DIY - Candle making kit tutorial,117.0,storyboard,14,109.2,117.0,7.8,https://youtu.be/6jN6A8RVyWw?t=109s,outro_cta,aux,0,0.45,Closing panels with the caption 'Add salt to get creations'.,ALL set te get cheatine! aN teas oa,1,0.0,0.06,0.0,0.645,0.218,"#e8acb0,#bc7680,#8d2d45",0,text_overlay,
7fFf-gtesH4,https://www.youtube.com/watch?v=7fFf-gtesH4,5 Homemade Candles For Emergencies,879.0,storyboard,95,759.14,767.13,7.99,https://youtu.be/7fFf-gtesH4?t=759s,outro_cta,aux,0,0.6,Static end card (Random Nation outro graphic).,Ley Vier,1,0.0,0.14,0.019,0.656,0.063,"#bfc0c2,#837e7c,#44362c",1,,
7fFf-gtesH4,https://www.youtube.com/watch?v=7fFf-gtesH4,5 Homemade Candles For Emergencies,879.0,storyboard,96,767.13,775.12,7.99,https://youtu.be/7fFf-gtesH4?t=767s,outro_cta,aux,0,0.6,Static end card (Random Nation outro graphic).,ll 7 es os ie Hy wl rt 0 Pa any Wire oe 2 ae,1,0.0,0.054,0.0,0.692,0.044,"#c7c8c8,#abadb0,#7b7979",0,text_overlay,
7fFf-gtesH4,https://www.youtube.com/watch?v=7fFf-gtesH4,5 Homemade Candles For Emergencies,879.0,storyboard,97,775.12,783.11,7.99,https://youtu.be/7fFf-gtesH4?t=775s,outro_cta,aux,0,0.6,Static end card (Random Nation outro graphic).,7 ores wie lL Pee 2 we Mag tie ote af,1,0.0,0.045,0.0,0.694,0.03,"#c8c8c8,#afafb0,#7b7978",0,text_overlay,
7fFf-gtesH4,https://www.youtube.com/watch?v=7fFf-gtesH4,5 Homemade Candles For Emergencies,879.0,storyboard,98,783.11,791.1,7.99,https://youtu.be/7fFf-gtesH4?t=783s,outro_cta,aux,0,0.6,Static end card (Random Nation outro graphic).,7 ores wie lL Pee 2 we Mag tie ote af,1,0.0,0.045,0.0,0.694,0.03,"#c7c8c7,#adaeae,#7b7978",0,text_overlay,
7fFf-gtesH4,https://www.youtube.com/watch?v=7fFf-gtesH4,5 Homemade Candles For Emergencies,879.0,storyboard,99,791.1,799.09,7.99,https://youtu.be/7fFf-gtesH4?t=791s,outro_cta,aux,0,0.6,Static end card (Random Nation outro graphic).,7 ores wie lL Pee 2 we Mag tie ote af,1,0.0,0.045,0.0,0.694,0.03,"#c8c8c8,#afafb0,#7b7978",0,text_overlay,
7fFf-gtesH4,https://www.youtube.com/watch?v=7fFf-gtesH4,5 Homemade Candles For Emergencies,879.0,storyboard,100,799.09,807.08,7.99,https://youtu.be/7fFf-gtesH4?t=799s,outro_cta,aux,0,0.6,Static end card (Random Nation outro graphic).,7 ores wie lL Pee 2 we Mag tie ote af,1,0.0,0.045,0.0,0.694,0.03,"#c8c8c8,#afafb0,#7b7978",0,text_overlay,
7fFf-gtesH4,https://www.youtube.com/watch?v=7fFf-gtesH4,5 Homemade Candles For Emergencies,879.0,storyboard,101,807.08,815.07,7.99,https://youtu.be/7fFf-gtesH4?t=807s,outro_cta,aux,0,0.6,Static end card (Random Nation outro graphic).,7 ores wie lL Pee 2 we Mag tie ote af,1,0.0,0.045,0.0,0.694,0.03,"#c7c8c7,#adaeae,#7b7978",0,text_overlay,
7fFf-gtesH4,https://www.youtube.com/watch?v=7fFf-gtesH4,5 Homemade Candles For Emergencies,879.0,storyboard,102,815.07,823.06,7.99,https://youtu.be/7fFf-gtesH4?t=815s,outro_cta,aux,0,0.6,Static end card (Random Nation outro graphic).,7 ores wie lL Pee 2 we Mag tie ote af,1,0.0,0.045,0.0,0.694,0.03,"#c8c8c8,#afafb0,#7b7978",0,text_overlay,
7fFf-gtesH4,https://www.youtube.com/watch?v=7fFf-gtesH4,5 Homemade Candles For Emergencies,879.0,storyboard,103,823.06,831.05,7.99,https://youtu.be/7fFf-gtesH4?t=823s,outro_cta,aux,0,0.6,Static end card (Random Nation outro graphic).,7 ores wie lL Pee 2 we Mag tie ote af,1,0.0,0.045,0.0,0.694,0.03,"#c7c8c7,#adaeae,#7b7978",0,text_overlay,
7fFf-gtesH4,https://www.youtube.com/watch?v=7fFf-gtesH4,5 Homemade Candles For Emergencies,879.0,storyboard,104,831.05,839.05,8.0,https://youtu.be/7fFf-gtesH4?t=831s,outro_cta,aux,0,0.6,Static end card (Random Nation outro graphic).,7 ores wie lL Pee 2 we Mag tie ote af,1,0.0,0.045,0.0,0.694,0.03,"#c7c8c7,#adaeae,#7b7978",0,text_overlay,
7fFf-gtesH4,https://www.youtube.com/watch?v=7fFf-gtesH4,5 Homemade Candles For Emergencies,879.0,storyboard,105,839.05,847.04,7.99,https://youtu.be/7fFf-gtesH4?t=839s,outro_cta,aux,0,0.6,Static end card (Random Nation outro graphic).,7 ores wie lL Pee 2 we Mag tie ote af,1,0.0,0.045,0.0,0.694,0.03,"#c6c7c6,#acacad,#7b7978",0,text_overlay,
7fFf-gtesH4,https://www.youtube.com/watch?v=7fFf-gtesH4,5 Homemade Candles For Emergencies,879.0,storyboard,106,847.04,855.03,7.99,https://youtu.be/7fFf-gtesH4?t=847s,outro_cta,aux,0,0.6,Static end card (Random Nation outro graphic).,7 ores wie lL Pee 2 we Mag tie ote af,1,0.0,0.045,0.0,0.694,0.03,"#c8c8c8,#afafb0,#7b7978",0,text_overlay,
7fFf-gtesH4,https://www.youtube.com/watch?v=7fFf-gtesH4,5 Homemade Candles For Emergencies,879.0,storyboard,107,855.03,863.02,7.99,https://youtu.be/7fFf-gtesH4?t=855s,outro_cta,aux,0,0.6,Static end card (Random Nation outro graphic).,7 ores wie lL Pee 2 we Mag tie ote af,1,0.0,0.045,0.0,0.694,0.03,"#c7c8c7,#adaeae,#7b7978",0,text_overlay,
7fFf-gtesH4,https://www.youtube.com/watch?v=7fFf-gtesH4,5 Homemade Candles For Emergencies,879.0,storyboard,108,863.02,871.01,7.99,https://youtu.be/7fFf-gtesH4?t=863s,outro_cta,aux,0,0.6,Static end card (Random Nation outro graphic).,7 ores wie lL Pee 2 we Mag tie ote af,1,0.0,0.045,0.0,0.694,0.03,"#c7c8c7,#adaeae,#7b7978",0,text_overlay,
7fFf-gtesH4,https://www.youtube.com/watch?v=7fFf-gtesH4,5 Homemade Candles For Emergencies,879.0,storyboard,109,871.01,879.0,7.99,https://youtu.be/7fFf-gtesH4?t=871s,outro_cta,aux,0,0.6,Static end card (Random Nation outro graphic).,7 ores wie lL Pee 2 we Mag tie ote af,1,0.0,0.045,0.0,0.694,0.03,"#c7c8c7,#adaeae,#7b7978",0,text_overlay,
7j6uypARXW4,https://www.youtube.com/watch?v=7j6uypARXW4,DIY Water candles | Making candles with WATER!?,414.0,storyboard,47,374.19,382.15,7.96,https://youtu.be/7j6uypARXW4?t=374s,outro_cta,aux,0,0.5,'Subscribe / Last video' sparkle card.,we ae sh he Pa pe ee ee: to e%s da Ye ae Cree ome ES,1,0.0,0.084,0.006,0.615,0.147,"#78a9a5,#44636d,#c7e9e0",0,text_overlay,
7j6uypARXW4,https://www.youtube.com/watch?v=7j6uypARXW4,DIY Water candles | Making candles with WATER!?,414.0,storyboard,48,382.15,390.12,7.97,https://youtu.be/7j6uypARXW4?t=382s,outro_cta,aux,0,0.4,Flower-bloom outro animation.,2,0,0.0,0.045,0.0,0.1,0.036,"#020202,#918489,#f3f3f3",1,,
7j6uypARXW4,https://www.youtube.com/watch?v=7j6uypARXW4,DIY Water candles | Making candles with WATER!?,414.0,storyboard,49,390.12,398.08,7.96,https://youtu.be/7j6uypARXW4?t=390s,outro_cta,aux,0,0.4,Flower-bloom outro animation.,2,0,0.0,0.045,0.0,0.1,0.036,"#020202,#918489,#f3f3f3",1,,
7j6uypARXW4,https://www.youtube.com/watch?v=7j6uypARXW4,DIY Water candles | Making candles with WATER!?,414.0,storyboard,50,398.08,406.04,7.96,https://youtu.be/7j6uypARXW4?t=398s,outro_cta,aux,0,0.4,Flower-bloom outro animation.,2,0,0.0,0.045,0.0,0.1,0.036,"#020202,#918489,#f3f3f3",1,,
7j6uypARXW4,https://www.youtube.com/watch?v=7j6uypARXW4,DIY Water candles | Making candles with WATER!?,414.0,storyboard,51,406.04,414.0,7.96,https://youtu.be/7j6uypARXW4?t=406s,outro_cta,aux,0,0.4,Flower-bloom outro animation.,2,0,0.0,0.045,0.0,0.1,0.036,"#020202,#918489,#f3f3f3",1,,
8PZQhTp_67E,https://www.youtube.com/watch?v=8PZQhTp_67E,WoodWick® Candle Care - Tips for burning candles with Pluswick® Innovation,109.0,storyboard,11,85.64,93.43,7.79,https://youtu.be/8PZQhTp_67E?t=86s,outro_cta,aux,0,0.6,'Thank You' end card with contact phone number over a lit candle.,Ww. Thank You Avnet monte Questions or concerns? We're here to heip! 1.800.827.2231 or customernet viceliyinginlagiftheands.com,1,0.0,0.128,0.009,0.145,0.061,"#27180a,#726759,#cec5b9",0,text_overlay,
8PZQhTp_67E,https://www.youtube.com/watch?v=8PZQhTp_67E,WoodWick® Candle Care - Tips for burning candles with Pluswick® Innovation,109.0,storyboard,12,93.43,101.21,7.78,https://youtu.be/8PZQhTp_67E?t=93s,outro_cta,aux,0,0.6,'Thank You' end card with contact details.,WoodWick. Thank You reece mone Questions We're here to help! 1.800.827.2231 or eustomerser vicetyinginiagiftheands.com,1,0.0,0.126,0.05,0.118,0.047,"#27180a,#736859,#d4ccbf",1,,
8PZQhTp_67E,https://www.youtube.com/watch?v=8PZQhTp_67E,WoodWick® Candle Care - Tips for burning candles with Pluswick® Innovation,109.0,storyboard,13,101.21,109.0,7.79,https://youtu.be/8PZQhTp_67E?t=101s,outro_cta,aux,0,0.6,'Thank You' end card fading out.,,0,0.0,0.0,0.0,0.002,0.0,"#000000,#020202,#060606",0,blank,description references on-screen text but OCR found none
8V_WyGLS5Zo,https://www.youtube.com/watch?v=8V_WyGLS5Zo,Candle Making Tutorial for Beginners | DIY Candle Tutorial,375.0,storyboard,42,335.11,343.09,7.98,https://youtu.be/8V_WyGLS5Zo?t=335s,outro_cta,aux,0,0.55,'THANKS FOR WATCHING' end card.,oe 3 4 nm: ANAEC HIN 7 3 SuBscRIBED Qy,1,0.0,0.071,0.186,0.289,0.154,"#12100e,#7e614a,#d2cabe",1,,
8V_WyGLS5Zo,https://www.youtube.com/watch?v=8V_WyGLS5Zo,Candle Making Tutorial for Beginners | DIY Candle Tutorial,375.0,storyboard,43,343.09,351.06,7.97,https://youtu.be/8V_WyGLS5Zo?t=343s,outro_cta,aux,0,0.55,Thanks card with strawberry branding.,az 1 vy Fees 38 Ce,1,0.0,0.095,0.011,0.44,0.352,"#e5d9d1,#ab3036,#070d0b",1,,
8oA1uybG_TE,https://www.youtube.com/watch?v=8oA1uybG_TE,"Hehinton Double Boiler Wax Melter Pot, Outstanding Quality! Complete Candle Making Tool Kit!",308.0,storyboard,35,283.68,291.79,8.11,https://youtu.be/8oA1uybG_TE?t=284s,outro_cta,aux,0,0.5,"On-screen text card (auto-detected: static frame, OCR text). Text reads: 'cre OFS 3 tre he ie 7 nig ff, fj 7 ba gs 4 ro U.S zh tr'.","cre OFS 3 tre he ie 7 nig ff, fj 7 ba gs 4 ro U.S zh tr",1,0.0,0.127,0.005,0.652,0.118,"#e3e3dd,#859194,#1b1a1c",0,text_overlay,
8oA1uybG_TE,https://www.youtube.com/watch?v=8oA1uybG_TE,"Hehinton Double Boiler Wax Melter Pot, Outstanding Quality! Complete Candle Making Tool Kit!",308.0,storyboard,36,291.79,299.89,8.1,https://youtu.be/8oA1uybG_TE?t=292s,outro_cta,aux,0,0.5,"On-screen text card (auto-detected: static frame, OCR text). Text reads: 'ane ee join 3 ie ay Cah se ff 4 ro ae Hye'.",ane ee join 3 ie ay Cah se ff 4 ro ae Hye,1,0.0,0.117,0.0,0.652,0.12,"#e3e4de,#859193,#1b1b1b",0,text_overlay,
8oA1uybG_TE,https://www.youtube.com/watch?v=8oA1uybG_TE,"Hehinton Double Boiler Wax Melter Pot, Outstanding Quality! Complete Candle Making Tool Kit!",308.0,storyboard,37,299.89,308.0,8.11,https://youtu.be/8oA1uybG_TE?t=300s,outro_cta,aux,0,0.5,"On-screen text card (auto-detected: static frame, OCR text). Text reads: 'one SLE 5 4 Bay at af ff mS, Qt 7 ap tr 4 Zi'.","one SLE 5 4 Bay at af ff mS, Qt 7 ap tr 4 Zi",1,0.0,0.121,0.016,0.65,0.138,"#e3e4de,#859193,#19191a",0,text_overlay,
9FHqxlxPTR0,https://www.youtube.com/watch?v=9FHqxlxPTR0,Fix Your Candles with This Twisted Simple Trick | Un-Even Melt Pools & Centered Wicks,666.0,storyboard,73,585.76,593.78,8.02,https://youtu.be/9FHqxlxPTR0?t=586s,outro_cta,aux,0,0.6,"'Thanks for watching, please subscribe' card.",Thanks for watching! Ptesse end would love thumbs on below! See ya soon!,1,0.0,0.161,0.01,0.054,0.046,"#030203,#c7c7c7,#73777c",0,blank,
9FHqxlxPTR0,https://www.youtube.com/watch?v=9FHqxlxPTR0,Fix Your Candles with This Twisted Simple Trick | Un-Even Melt Pools & Centered Wicks,666.0,storyboard,74,593.78,601.81,8.03,https://youtu.be/9FHqxlxPTR0?t=594s,outro_cta,aux,0,0.6,"'Thanks for watching, please subscribe' card.",,0,0.0,0.0,0.0,0.001,0.004,"#000000,#020205,#07070a",0,blank,description references on-screen text but OCR found none
AiMR4cfEfwE,https://www.youtube.com/watch?v=AiMR4cfEfwE,How to Get Smooth Candle Tops // Rough Candle Tops and How to Fix Them // Candle Making 101,139.0,storyboard,15,122.65,130.82,8.17,https://youtu.be/AiMR4cfEfwE?t=123s,outro_cta,aux,0,0.6,'THANKS FOR WATCHING' end card.,THANKS FOR WATCHING! 3 sxsw cesses,1,0.0,0.07,0.008,0.928,0.027,"#f6f3e8,#1a1712,#98968a",0,text_overlay,
AiMR4cfEfwE,https://www.youtube.com/watch?v=AiMR4cfEfwE,How to Get Smooth Candle Tops // Rough Candle Tops and How to Fix Them // Candle Making 101,139.0,storyboard,16,130.82,139.0,8.18,https://youtu.be/AiMR4cfEfwE?t=131s,outro_cta,aux,0,0.6,'THANKS FOR WATCHING' end card.,,0,0.0,0.0,0.0,0.0,0.002,"#000000,#020100,#020001",0,blank,description references on-screen text but OCR found none
AoypdYVB82A,https://www.youtube.com/watch?v=AoypdYVB82A,How to Make Pillar Candles at Home =),568.0,storyboard,0,0.0,8.0,8.0,https://youtu.be/AoypdYVB82A?t=0s,outro_cta,aux,0,0.4,Patron thank-you card.,eer ets os atte ee,1,0.0,0.068,0.504,0.285,0.032,"#779b85,#628570,#9abda9",1,,
AoypdYVB82A,https://www.youtube.com/watch?v=AoypdYVB82A,How to Make Pillar Candles at Home =),568.0,storyboard,63,504.0,512.0,8.0,https://youtu.be/AoypdYVB82A?t=504s,outro_cta,aux,0,0.6,Podcast/book subscribe card.,ey,0,0.0,0.056,0.757,0.476,0.086,"#f8f7f4,#c4b09f,#34372b",1,,description references on-screen text but OCR found none
AoypdYVB82A,https://www.youtube.com/watch?v=AoypdYVB82A,How to Make Pillar Candles at Home =),568.0,storyboard,64,512.0,520.0,8.0,https://youtu.be/AoypdYVB82A?t=512s,outro_cta,aux,0,0.6,Podcast/book subscribe card.,INLE ASH OU LIFE,1,0.0,0.126,0.0,0.638,0.31,"#f5f59a,#050402,#d7b438",1,,
BbGnbTIz7_s,https://www.youtube.com/watch?v=BbGnbTIz7_s,Ombre 5 layers gradient candle tutorial | Step by step | Advanced candle making | POV (no talking),505.0,storyboard,59,472.94,480.95,8.01,https://youtu.be/BbGnbTIz7_s?t=473s,outro_cta,aux,0,0.5,'WATCH MORE VIDEOS' end card with the host.,'ATCH VIDER aN ae ne cae hi ee oY Peewee LEAST SUBSCRInE it Susser,1,0.0,0.139,0.01,0.748,0.092,"#f0ece7,#c6b7aa,#7a6754",0,text_overlay,
BkYBsDHjXaw,https://www.youtube.com/watch?v=BkYBsDHjXaw,"Automatic Indian wax, Candle Making Machine/ Ask Price - 09354433750  New Delhi",196.0,storyboard,21,171.5,179.67,8.17,https://youtu.be/BkYBsDHjXaw?t=172s,outro_cta,aux,0,0.45,'Buy Machine - Call' end card.,le quaint ate ne ut ie,1,0.333,0.196,0.181,0.422,0.143,"#221d1d,#766560,#c1bbae",1,,
BkYBsDHjXaw,https://www.youtube.com/watch?v=BkYBsDHjXaw,"Automatic Indian wax, Candle Making Machine/ Ask Price - 09354433750  New Delhi",196.0,storyboard,22,179.67,187.83,8.16,https://youtu.be/BkYBsDHjXaw?t=180s,outro_cta,aux,0,0.45,'Buy Machine' contact card.,ee Oe CH we datos 474712,1,0.333,0.05,0.175,0.515,0.165,"#b8aeb0,#8b6455,#362319",1,,
BkYBsDHjXaw,https://www.youtube.com/watch?v=BkYBsDHjXaw,"Automatic Indian wax, Candle Making Machine/ Ask Price - 09354433750  New Delhi",196.0,storyboard,23,187.83,196.0,8.17,https://youtu.be/BkYBsDHjXaw?t=188s,outro_cta,aux,0,0.4,Contact end card.,Buy Machine Call:- 09891174712,1,0.0,0.053,0.031,0.778,0.164,"#f9bd8b,#d5acc9,#452ba5",1,,
BskHsZWNhRw,https://www.youtube.com/watch?v=BskHsZWNhRw,DIY WATER CANDLES // Easy DIY CANDLES AT HOME,300.0,storyboard,37,292.11,300.0,7.89,https://youtu.be/BskHsZWNhRw?t=292s,outro_cta,aux,0,0.4,Sparkle-background outro frame.,,0,0.0,0.002,0.397,0.265,0.027,"#000000,#010100,#000002",1,,
CQ3SYeqOP8Y,https://www.youtube.com/watch?v=CQ3SYeqOP8Y,How to Make Rolled beeswax Candles,483.0,storyboard,57,458.85,466.9,8.05,https://youtu.be/CQ3SYeqOP8Y?t=459s,outro_cta,aux,0,0.5,Host wraps up; 'Subscribe' caption.,,0,1.0,0.131,0.023,0.618,0.066,"#c9cac9,#98918d,#564e4e",0,talking_head,description references on-screen text but OCR found none
CQ3SYeqOP8Y,https://www.youtube.com/watch?v=CQ3SYeqOP8Y,How to Make Rolled beeswax Candles,483.0,storyboard,58,466.9,474.95,8.05,https://youtu.be/CQ3SYeqOP8Y?t=467s,outro_cta,aux,0,0.5,'Subscribe' outro.,Ig,0,0.0,0.14,0.0,0.611,0.064,"#c0c1c2,#8d8683,#4a4140",1,,description references on-screen text but OCR found none
Cx5_JG8stBo,https://www.youtube.com/watch?v=Cx5_JG8stBo,🥥How to get Strong Hot Throw | Coconut Wax,345.0,storyboard,42,336.98,345.0,8.02,https://youtu.be/Cx5_JG8stBo?t=337s,outro_cta,aux,0,0.5,Host wraps up the tips to camera.,,0,0.5,0.036,0.489,0.245,0.065,"#000000,#000001,#030102",0,talking_head,
D2TTNZkVMMM,https://www.youtube.com/watch?v=D2TTNZkVMMM,How to Make Layered Scented Candles | DIY Candle Making,250.0,storyboard,30,241.94,250.0,8.06,https://youtu.be/D2TTNZkVMMM?t=242s,outro_cta,aux,0,0.6,'THANKS FOR WATCHING / SUBSCRIBE' candlescience end card.,THANKS FOR WATCHING!,1,0.0,0.062,0.001,0.966,0.001,"#fdfdfd,#1b1b1b,#787878",1,,
DJBHjOFJBOs,https://www.youtube.com/watch?v=DJBHjOFJBOs,Choosing the Best Wax & Wicks for Your Candles,209.0,storyboard,23,184.88,192.92,8.04,https://youtu.be/DJBHjOFJBOs?t=185s,outro_cta,aux,0,0.45,End card.,Re me TRGMATIC? AROMATICZ es NTEGN Ww yo tomo bel ui Oe wee tows ec etl seers es ewes of:,1,0.0,0.077,0.029,0.514,0.078,"#362d2a,#dad6d2,#928883",1,,
DJBHjOFJBOs,https://www.youtube.com/watch?v=DJBHjOFJBOs,Choosing the Best Wax & Wicks for Your Candles,209.0,storyboard,24,192.92,200.96,8.04,https://youtu.be/DJBHjOFJBOs?t=193s,outro_cta,aux,0,0.45,End card.,THANKS FOR,1,0.0,0.051,0.006,0.43,0.449,"#ab0527,#fcf4f5,#b26072",1,,
DJBHjOFJBOs,https://www.youtube.com/watch?v=DJBHjOFJBOs,Choosing the Best Wax & Wicks for Your Candles,209.0,storyboard,25,200.96,209.0,8.04,https://youtu.be/DJBHjOFJBOs?t=201s,outro_cta,aux,0,0.45,End card.,,0,0.0,0.016,0.215,0.144,0.152,"#000000,#050105,#040202",1,,
DpgV20P8bVc,https://www.youtube.com/watch?v=DpgV20P8bVc,Small candle business from home | holiday launch studio vlog New paint can candles | Amazon handmade,820.0,storyboard,98,787.84,795.88,8.04,https://youtu.be/DpgV20P8bVc?t=788s,outro_cta,aux,0,0.6,'Thank you for watching' (dream/joolieshome) end card.,Thank you for watching! dream wer dr casnenadioga cove jootieshome.com,1,0.0,0.064,0.0,0.964,0.049,"#fbfbe6,#c6c8cc,#8f8e93",0,text_overlay,
DpgV20P8bVc,https://www.youtube.com/watch?v=DpgV20P8bVc,Small candle business from home | holiday launch studio vlog New paint can candles | Amazon handmade,820.0,storyboard,99,795.88,803.92,8.04,https://youtu.be/DpgV20P8bVc?t=796s,outro_cta,aux,0,0.6,'Thank you for watching' (dream/joolieshome) end card.,Thank you for watching! dream wer dr casnenadioga cove jootieshome.com,1,0.0,0.064,0.0,0.964,0.049,"#fbfbe6,#c6c8cc,#8f8e93",0,text_overlay,
DpgV20P8bVc,https://www.youtube.com/watch?v=DpgV20P8bVc,Small candle business from home | holiday launch studio vlog New paint can candles | Amazon handmade,820.0,storyboard,100,803.92,811.96,8.04,https://youtu.be/DpgV20P8bVc?t=804s,outro_cta,aux,0,0.6,'Thank you for watching' (dream/joolieshome) end card.,Thank you for watching! dream wer dr casnenadioga cove jootieshome.com,1,0.0,0.064,0.0,0.964,0.049,"#fbfbe6,#c8c9cd,#8f8e93",0,text_overlay,
DpgV20P8bVc,https://www.youtube.com/watch?v=DpgV20P8bVc,Small candle business from home | holiday launch studio vlog New paint can candles | Amazon handmade,820.0,storyboard,101,811.96,820.0,8.04,https://youtu.be/DpgV20P8bVc?t=812s,outro_cta,aux,0,0.6,'Thank you for watching' (dream/joolieshome) end card.,Thank you for watching! dream wer dr casnenadioga cove jootieshome.com,1,0.0,0.064,0.0,0.964,0.049,"#fbfbe6,#cacbd0,#939398",0,text_overlay,
E27yUdPTNEU,https://www.youtube.com/watch?v=E27yUdPTNEU,How To Make Perfect Dipped Beeswax Taper Candles (In An Old Tin Can),245.0,storyboard,30,237.1,245.0,7.9,https://youtu.be/E27yUdPTNEU?t=237s,outro_cta,aux,0,0.55,Text card with subscribe note and 'Thanks for watching'.,Th buy ete! pee es act ce st we,1,0.0,0.142,0.38,0.496,0.019,"#faf5f8,#000000,#ada1a9",1,,
EBZGgxpf3Ho,https://www.youtube.com/watch?v=EBZGgxpf3Ho,How to make perfect scented soy wax tin candles every time. DIY tutorial 7oz coco soy wax candles,667.0,storyboard,82,658.96,667.0,8.04,https://youtu.be/EBZGgxpf3Ho?t=659s,outro_cta,aux,0,0.6,'Purchase Reviews' end card.,ee eas,0,0.0,0.027,0.11,0.055,0.072,"#000000,#010102,#000100",0,blank,description references on-screen text but OCR found none
FhVukBUHls0,https://www.youtube.com/watch?v=FhVukBUHls0,"Candle Making Kit with Electronic Hot Plate for Beginners, Adults, and Kids",110.0,storyboard,12,94.29,102.14,7.85,https://youtu.be/FhVukBUHls0?t=94s,outro_cta,aux,0,0.55,Decorative branded end card ('PERFECT REVIEW').,EE wT,0,0.333,0.019,0.438,0.293,0.088,"#000000,#010003,#070101",1,,description references on-screen text but OCR found none
FhVukBUHls0,https://www.youtube.com/watch?v=FhVukBUHls0,"Candle Making Kit with Electronic Hot Plate for Beginners, Adults, and Kids",110.0,storyboard,13,102.14,110.0,7.86,https://youtu.be/FhVukBUHls0?t=102s,outro_cta,aux,0,0.55,Branded end card.,,0,0.0,0.0,0.0,0.001,0.009,"#000000,#000002,#060202",0,blank,
FxW5eR7Uv3o,https://www.youtube.com/watch?v=FxW5eR7Uv3o,How to Make Candles at Home - Candle Making Step by Step,522.0,storyboard,62,497.91,505.94,8.03,https://youtu.be/FxW5eR7Uv3o?t=498s,outro_cta,aux,0,0.5,"closing remarks, ProCandleSupply.com",BS boafh ia Sa pia pia andleSuppI nt,1,0.0,0.037,0.039,0.51,0.102,"#b7ab9b,#95816c,#503b2c",1,,
G42ivbBdIHY,https://www.youtube.com/watch?v=G42ivbBdIHY,Essential Oil Candles DIY For Beginners | Step By Step Candle Making Tutorial,693.0,storyboard,79,629.28,637.24,7.96,https://youtu.be/G42ivbBdIHY?t=629s,outro_cta,aux,0,0.5,'Thanks for Watching!' end card.,oY avi 4 ee 2 Teen fet atoning ete as 0 eee,1,0.0,0.2,0.006,0.888,0.157,"#fbfbf9,#dbe1c1,#787371",0,text_overlay,
G42ivbBdIHY,https://www.youtube.com/watch?v=G42ivbBdIHY,Essential Oil Candles DIY For Beginners | Step By Step Candle Making Tutorial,693.0,storyboard,80,637.24,645.21,7.97,https://youtu.be/G42ivbBdIHY?t=637s,outro_cta,aux,0,0.5,'Thanks for Watching!' end card.,ee an 4 2 ir Ucn,1,0.0,0.194,0.01,0.889,0.159,"#dbe3c0,#fbfaf9,#797672",1,,
G42ivbBdIHY,https://www.youtube.com/watch?v=G42ivbBdIHY,Essential Oil Candles DIY For Beginners | Step By Step Candle Making Tutorial,693.0,storyboard,81,645.21,653.17,7.96,https://youtu.be/G42ivbBdIHY?t=645s,outro_cta,aux,0,0.5,'Thanks for Watching!' end card.,ee an 4 2 ir Ucn,1,0.0,0.189,0.0,0.891,0.161,"#fbfaf9,#dde4c0,#7c7e7a",1,,
G42ivbBdIHY,https://www.youtube.com/watch?v=G42ivbBdIHY,Essential Oil Candles DIY For Beginners | Step By Step Candle Making Tutorial,693.0,storyboard,82,653.17,661.14,7.97,https://youtu.be/G42ivbBdIHY?t=653s,outro_cta,aux,0,0.5,'Thanks for Watching!' end card.,ee an 4 2 ir Ucn,1,0.0,0.189,0.0,0.891,0.161,"#dae1bf,#fbfaf9,#6f6d6a",1,,
G42ivbBdIHY,https://www.youtube.com/watch?v=G42ivbBdIHY,Essential Oil Candles DIY For Beginners | Step By Step Candle Making Tutorial,693.0,storyboard,83,661.14,669.1,7.96,https://youtu.be/G42ivbBdIHY?t=661s,outro_cta,aux,0,0.5,'Thanks for Watching!' end card.,ee an 4 2 ir Ucn,1,0.0,0.189,0.0,0.891,0.161,"#fbfaf9,#dde4c0,#7c7e7a",1,,
G42ivbBdIHY,https://www.youtube.com/watch?v=G42ivbBdIHY,Essential Oil Candles DIY For Beginners | Step By Step Candle Making Tutorial,693.0,storyboard,84,669.1,677.07,7.97,https://youtu.be/G42ivbBdIHY?t=669s,outro_cta,aux,0,0.5,'Thanks for Watching!' end card.,ee an 4 2 ir Ucn,1,0.0,0.189,0.0,0.891,0.161,"#dae1bf,#fbfaf9,#6f6d6a",1,,
G42ivbBdIHY,https://www.youtube.com/watch?v=G42ivbBdIHY,Essential Oil Candles DIY For Beginners | Step By Step Candle Making Tutorial,693.0,storyboard,85,677.07,685.03,7.96,https://youtu.be/G42ivbBdIHY?t=677s,outro_cta,aux,0,0.5,'Thanks for Watching!' end card.,ee an 4 2 ir Ucn,1,0.0,0.189,0.0,0.891,0.161,"#fbfaf9,#dde4c0,#7c7e7a",1,,
G42ivbBdIHY,https://www.youtube.com/watch?v=G42ivbBdIHY,Essential Oil Candles DIY For Beginners | Step By Step Candle Making Tutorial,693.0,storyboard,86,685.03,693.0,7.97,https://youtu.be/G42ivbBdIHY?t=685s,outro_cta,aux,0,0.5,'Thanks for Watching!' end card.,ee an 4 2 ir Ucn,1,0.0,0.189,0.0,0.891,0.161,"#f4faf8,#e2e2bb,#7c7e7a",1,,
GAh9lQmaEvI,https://www.youtube.com/watch?v=GAh9lQmaEvI,How to make scented candles at home step by step,135.0,storyboard,16,127.06,135.0,7.94,https://youtu.be/GAh9lQmaEvI?t=127s,outro_cta,aux,0,0.7,channel 'U' links outro card,LINKS Yoututs videos TUTORIALS TIPS HOW TO,1,0.0,0.026,0.0,0.753,0.122,"#bbc3bc,#c6d0c7,#0e1fb0",0,text_overlay,
Hir66vEC2MI,https://www.youtube.com/watch?v=Hir66vEC2MI,Learn How to Make Scented Soy Wax Candles for Beginners | CandleScience Guides,323.0,storyboard,34,274.55,282.62,8.07,https://youtu.be/Hir66vEC2MI?t=275s,outro_cta,aux,0,0.7,'Visit us at candlescience.com' card,Viet us ot candlescience.com,1,0.0,0.078,0.008,0.189,0.018,"#272a30,#6e7275,#c0c4c7",0,text_overlay,
JCVDsEKxi5I,https://www.youtube.com/watch?v=JCVDsEKxi5I,Make Your First Candle with Our London Luxury Candle Making Starter Kit!,427.0,storyboard,49,394.77,402.83,8.06,https://youtu.be/JCVDsEKxi5I?t=395s,outro_cta,aux,0,0.6,London Luxury / like / subscribe card.,,0,0.0,0.037,0.043,0.831,0.011,"#c1c1c1,#d6d6d6,#ededed",1,,description references on-screen text but OCR found none
JCVDsEKxi5I,https://www.youtube.com/watch?v=JCVDsEKxi5I,Make Your First Candle with Our London Luxury Candle Making Starter Kit!,427.0,storyboard,50,402.83,410.89,8.06,https://youtu.be/JCVDsEKxi5I?t=403s,outro_cta,aux,0,0.6,London Luxury / like / subscribe card.,"dam, 2 7",1,0.0,0.039,0.218,0.842,0.026,"#f1f1f1,#f9f9f9,#e5e5e5",1,,
JCVDsEKxi5I,https://www.youtube.com/watch?v=JCVDsEKxi5I,Make Your First Candle with Our London Luxury Candle Making Starter Kit!,427.0,storyboard,51,410.89,418.94,8.05,https://youtu.be/JCVDsEKxi5I?t=411s,outro_cta,aux,0,0.6,London Luxury / like / subscribe card.,,0,0.0,0.0,0.0,0.951,0.0,"#f1f1f1,#f9f9f9,#e5e5e5",0,blank,description references on-screen text but OCR found none
JrRekRMu7bQ,https://www.youtube.com/watch?v=JrRekRMu7bQ,How To Make Concrete Candle Jars : Step-by-step Tutorial,368.0,storyboard,42,336.0,344.0,8.0,https://youtu.be/JrRekRMu7bQ?t=336s,outro_cta,aux,0,0.55,'Scents of Reverie' subscribe end card.,ad Ns 2 Scents of Reverie ie Ny CAMCUES 6 bee Cont 4,1,0.0,0.165,0.0,0.875,0.139,"#dcf5f5,#a8b5a7,#864744",0,text_overlay,
JrRekRMu7bQ,https://www.youtube.com/watch?v=JrRekRMu7bQ,How To Make Concrete Candle Jars : Step-by-step Tutorial,368.0,storyboard,43,344.0,352.0,8.0,https://youtu.be/JrRekRMu7bQ?t=344s,outro_cta,aux,0,0.55,'Scents of Reverie' subscribe end card.,ad Ns 2 Scents of Reverie ie Ny CAMCUES 6 bee Cont 4,1,0.0,0.165,0.0,0.875,0.139,"#dcf5f5,#a8b5a7,#864744",0,text_overlay,
JrRekRMu7bQ,https://www.youtube.com/watch?v=JrRekRMu7bQ,How To Make Concrete Candle Jars : Step-by-step Tutorial,368.0,storyboard,44,352.0,360.0,8.0,https://youtu.be/JrRekRMu7bQ?t=352s,outro_cta,aux,0,0.55,'Scents of Reverie' subscribe end card.,ad Ns 2 Scents of Reverie ie Ny CAMCUES 6 bee Cont 4,1,0.0,0.165,0.0,0.875,0.139,"#dcf6f5,#abb8aa,#854b47",0,text_overlay,
JrRekRMu7bQ,https://www.youtube.com/watch?v=JrRekRMu7bQ,How To Make Concrete Candle Jars : Step-by-step Tutorial,368.0,storyboard,45,360.0,368.0,8.0,https://youtu.be/JrRekRMu7bQ?t=360s,outro_cta,aux,0,0.55,'Scents of Reverie' subscribe end card.,ad Ns 2 Scents of Reverie ie Ny CAMCUES 6 bee Cont 4,1,0.0,0.165,0.0,0.875,0.139,"#dcf6f5,#aab8a9,#854b47",0,text_overlay,
JxJVzdPJexE,https://www.youtube.com/watch?v=JxJVzdPJexE,Amazing Process of Making Hand Carved Candles,721.0,storyboard,84,672.93,680.94,8.01,https://youtu.be/JxJVzdPJexE?t=673s,outro_cta,aux,0,0.4,Brand end card.,,0,0.0,0.009,0.0,0.972,0.003,"#f8f8f8,#6c6c6c,#bebebe",0,blank,
JxJVzdPJexE,https://www.youtube.com/watch?v=JxJVzdPJexE,Amazing Process of Making Hand Carved Candles,721.0,storyboard,85,680.94,688.96,8.02,https://youtu.be/JxJVzdPJexE?t=681s,outro_cta,aux,0,0.4,Brand end card.,,0,0.0,0.01,0.0,0.972,0.0,"#f8f8f8,#747474,#bcbcbc",0,blank,
JxJVzdPJexE,https://www.youtube.com/watch?v=JxJVzdPJexE,Amazing Process of Making Hand Carved Candles,721.0,storyboard,86,688.96,696.97,8.01,https://youtu.be/JxJVzdPJexE?t=689s,outro_cta,aux,0,0.4,Brand end card.,,0,0.0,0.01,0.0,0.972,0.0,"#f8f8f8,#747474,#bcbcbc",0,blank,
JxJVzdPJexE,https://www.youtube.com/watch?v=JxJVzdPJexE,Amazing Process of Making Hand Carved Candles,721.0,storyboard,87,696.97,704.98,8.01,https://youtu.be/JxJVzdPJexE?t=697s,outro_cta,aux,0,0.4,Brand end card.,,0,0.0,0.01,0.0,0.972,0.0,"#f8f8f8,#747474,#bcbcbc",0,blank,
JxJVzdPJexE,https://www.youtube.com/watch?v=JxJVzdPJexE,Amazing Process of Making Hand Carved Candles,721.0,storyboard,88,704.98,712.99,8.01,https://youtu.be/JxJVzdPJexE?t=705s,outro_cta,aux,0,0.4,Brand end card.,,0,0.0,0.01,0.0,0.972,0.0,"#f8f8f8,#747474,#bcbcbc",0,blank,
JxJVzdPJexE,https://www.youtube.com/watch?v=JxJVzdPJexE,Amazing Process of Making Hand Carved Candles,721.0,storyboard,89,712.99,721.0,8.01,https://youtu.be/JxJVzdPJexE?t=713s,outro_cta,aux,0,0.4,Brand end card.,,0,0.0,0.01,0.0,0.972,0.0,"#f8f8f8,#747474,#bcbcbc",0,blank,
K7UxM5B0FdM,https://www.youtube.com/watch?v=K7UxM5B0FdM,Making Scented Candles using Coconut Soy Wax | DIY Candle-making | Direct Candle Supply,264.0,storyboard,28,224.0,232.0,8.0,https://youtu.be/K7UxM5B0FdM?t=224s,outro_cta,aux,0,0.55,'find us on' social end card.,nd,0,0.0,0.044,0.02,0.986,0.025,"#fefdfd,#dce3e1,#a2a8ab",1,,description references on-screen text but OCR found none
K7UxM5B0FdM,https://www.youtube.com/watch?v=K7UxM5B0FdM,Making Scented Candles using Coconut Soy Wax | DIY Candle-making | Direct Candle Supply,264.0,storyboard,29,232.0,240.0,8.0,https://youtu.be/K7UxM5B0FdM?t=232s,outro_cta,aux,0,0.6,'DIRECT CANDLE SUPPLY' logo card.,YcANbix,0,0.0,0.049,0.49,0.653,0.015,"#fdfcfd,#d5dfdf,#7e9491",1,,description references on-screen text but OCR found none
K7UxM5B0FdM,https://www.youtube.com/watch?v=K7UxM5B0FdM,Making Scented Candles using Coconut Soy Wax | DIY Candle-making | Direct Candle Supply,264.0,storyboard,30,240.0,248.0,8.0,https://youtu.be/K7UxM5B0FdM?t=240s,outro_cta,aux,0,0.4,Blank/black padding.,,0,0.0,0.0,0.0,0.001,0.002,"#000000,#050204,#020203",0,blank,
K7UxM5B0FdM,https://www.youtube.com/watch?v=K7UxM5B0FdM,Making Scented Candles using Coconut Soy Wax | DIY Candle-making | Direct Candle Supply,264.0,storyboard,31,248.0,256.0,8.0,https://youtu.be/K7UxM5B0FdM?t=248s,outro_cta,aux,0,0.55,'DIRECT CANDLE SUPPLY' logo card.,,0,0.0,0.0,0.0,0.001,0.002,"#000000,#050204,#020203",0,blank,description references on-screen text but OCR found none
Ktz5Q9udtXY,https://www.youtube.com/watch?v=Ktz5Q9udtXY,How to Make Essential Oil Candles | DIY Candle Making Tutorial,316.0,storyboard,36,284.4,292.3,7.9,https://youtu.be/Ktz5Q9udtXY?t=284s,outro_cta,aux,0,0.5,Cosy Owl end card.,,0,0.0,0.0,0.0,0.001,0.005,"#000000,#020102,#080506",0,blank,
Lg_fGA7jd4A,https://www.youtube.com/watch?v=Lg_fGA7jd4A,How to Make Whipped Wax?✨｜Candle Tutorial♥ Candle Making with English Subtitles,199.0,storyboard,21,167.16,175.12,7.96,https://youtu.be/Lg_fGA7jd4A?t=167s,outro_cta,aux,0,0.55,'Thanks for watching' end card.,Thanks fer welling mes redent wy wet vernnees BED Us wren eles ceute,1,0.0,0.047,0.0,0.88,0.147,"#c6e8fa,#fafefd,#8abcd7",0,text_overlay,
Lg_fGA7jd4A,https://www.youtube.com/watch?v=Lg_fGA7jd4A,How to Make Whipped Wax?✨｜Candle Tutorial♥ Candle Making with English Subtitles,199.0,storyboard,22,175.12,183.08,7.96,https://youtu.be/Lg_fGA7jd4A?t=175s,outro_cta,aux,0,0.55,'Thanks for watching' end card.,Thanks fer welling mes redent wy wet vernnees BED Us wren eles ceute,1,0.0,0.047,0.0,0.88,0.147,"#c6e8fa,#fafefd,#8abcd7",0,text_overlay,
Lg_fGA7jd4A,https://www.youtube.com/watch?v=Lg_fGA7jd4A,How to Make Whipped Wax?✨｜Candle Tutorial♥ Candle Making with English Subtitles,199.0,storyboard,23,183.08,191.04,7.96,https://youtu.be/Lg_fGA7jd4A?t=183s,outro_cta,aux,0,0.55,'Thanks for watching' end card.,Thanks fer welling mes redent wy wet vernnees BED Us wren eles ceute,1,0.0,0.047,0.0,0.88,0.147,"#c6e8fa,#fafefd,#8abcd7",0,text_overlay,
Lg_fGA7jd4A,https://www.youtube.com/watch?v=Lg_fGA7jd4A,How to Make Whipped Wax?✨｜Candle Tutorial♥ Candle Making with English Subtitles,199.0,storyboard,24,191.04,199.0,7.96,https://youtu.be/Lg_fGA7jd4A?t=191s,outro_cta,aux,0,0.55,'Thanks for watching' end card.,Thanks fer welling mes redent wy wet vernnees BED Us wren eles ceute,1,0.0,0.047,0.0,0.88,0.147,"#c6e8fa,#fafefd,#8abcd7",0,text_overlay,
LiLrIjz_2ac,https://www.youtube.com/watch?v=LiLrIjz_2ac,Beginners Guide - How to Make a Scented Candle at Home,211.0,storyboard,24,194.77,202.88,8.11,https://youtu.be/LiLrIjz_2ac?t=195s,outro_cta,aux,0,0.5,Branded end slide.,,0,0.0,0.0,0.0,0.001,0.013,"#000000,#090001,#02000b",0,blank,
LiLrIjz_2ac,https://www.youtube.com/watch?v=LiLrIjz_2ac,Beginners Guide - How to Make a Scented Candle at Home,211.0,storyboard,25,202.88,211.0,8.12,https://youtu.be/LiLrIjz_2ac?t=203s,outro_cta,aux,0,0.5,'Thanks for watching' end slide.,,0,0.0,0.0,0.0,0.001,0.013,"#000000,#090001,#02000b",0,blank,description references on-screen text but OCR found none
N1izApjGj2c,https://www.youtube.com/watch?v=N1izApjGj2c,How to Make a Candle | DIY Candle Making,285.0,storyboard,35,277.08,285.0,7.92,https://youtu.be/N1izApjGj2c?t=277s,outro_cta,aux,0,0.6,'THANKS FOR WATCHING' end card.,THANKS FOR WATCHING! FOLLOW VB OCANDLESCIENCE,1,0.0,0.061,0.001,0.967,0.0,"#fdfdfd,#1d1d1d,#777777",0,text_overlay,
NGgDIEY_R40,https://www.youtube.com/watch?v=NGgDIEY_R40,How to Add Scent to a Candle : Basic Candle Making,111.0,storyboard,12,95.14,103.07,7.93,https://youtu.be/NGgDIEY_R40?t=95s,outro_cta,aux,0,0.6,End card over the finished candle; 'filmed by Bad Ferret Films'.,4,0,0.0,0.026,0.124,0.603,0.096,"#8bd344,#7dbe3c,#6ba832",1,,description references on-screen text but OCR found none
NGgDIEY_R40,https://www.youtube.com/watch?v=NGgDIEY_R40,How to Add Scent to a Candle : Basic Candle Making,111.0,storyboard,13,103.07,111.0,7.93,https://youtu.be/NGgDIEY_R40?t=103s,outro_cta,aux,0,0.6,'filmed by Bad Ferret Films / Pure Integrity Candles' credits card.,"filmed by Bad Ferret Films filmed at Pure Integrity Candies Williamsville, NY",1,0.0,0.053,0.013,0.019,0.0,"#000000,#292929,#5a5a5a",0,blank,
NjASNbS7UYM,https://www.youtube.com/watch?v=NjASNbS7UYM,DIY Bath & Body Works Candle Gift Box,769.0,storyboard,93,744.97,752.98,8.01,https://youtu.be/NjASNbS7UYM?t=745s,outro_cta,aux,0,0.6,'Thank you for watching' end card.,ig is 3 THANK YOUR FOR WATCHING ...wl Love Basact Eapress Love Hasket ECapress if Gl,1,0.0,0.081,0.0,0.771,0.105,"#fdeeef,#7e5a5c,#c0aeb2",0,text_overlay,
NjASNbS7UYM,https://www.youtube.com/watch?v=NjASNbS7UYM,DIY Bath & Body Works Candle Gift Box,769.0,storyboard,94,752.98,760.99,8.01,https://youtu.be/NjASNbS7UYM?t=753s,outro_cta,aux,0,0.6,'Thank you for watching' end card.,ig is 3 THANK YOUR FOR WATCHING ...wl Love Basact Eapress Love Hasket ECapress if Gl,1,0.0,0.081,0.0,0.771,0.105,"#fdeeef,#7e5a5c,#c0aeb2",0,text_overlay,
NjASNbS7UYM,https://www.youtube.com/watch?v=NjASNbS7UYM,DIY Bath & Body Works Candle Gift Box,769.0,storyboard,95,760.99,769.0,8.01,https://youtu.be/NjASNbS7UYM?t=761s,outro_cta,aux,0,0.6,'Thank you for watching' end card.,ig is 3 THANK YOUR FOR WATCHING ...wl Love Basact Eapress Love Hasket ECapress if Gl,1,0.0,0.081,0.0,0.771,0.105,"#fceeef,#7d5a5c,#beabae",0,text_overlay,
PZV_mP_fr7g,https://www.youtube.com/watch?v=PZV_mP_fr7g,DON’T Make These Beginner Candle Making Mistakes!,533.0,storyboard,55,437.54,445.49,7.95,https://youtu.be/PZV_mP_fr7g?t=438s,outro_cta,aux,0,0.6,'Thank you / channel members' end card.,7 THANKYOU gh gf FOR WATCHING!,1,0.0,0.248,0.0,0.616,0.123,"#e4e9e8,#161b19,#6e9d8e",0,text_overlay,
PZV_mP_fr7g,https://www.youtube.com/watch?v=PZV_mP_fr7g,DON’T Make These Beginner Candle Making Mistakes!,533.0,storyboard,56,445.49,453.45,7.96,https://youtu.be/PZV_mP_fr7g?t=445s,outro_cta,aux,0,0.6,'Thank you / channel members' end card.,oe THANKYOU hag FOR WATCHING! VW oo,1,0.0,0.26,0.028,0.616,0.124,"#e4e9e7,#161e1b,#6f9e8f",1,,
PZV_mP_fr7g,https://www.youtube.com/watch?v=PZV_mP_fr7g,DON’T Make These Beginner Candle Making Mistakes!,533.0,storyboard,57,453.45,461.4,7.95,https://youtu.be/PZV_mP_fr7g?t=453s,outro_cta,aux,0,0.6,'Thank you / channel members' end card.,,0,0.0,0.132,0.555,0.339,0.067,"#0f1010,#0d1117,#110f0d",1,,description references on-screen text but OCR found none
Rl8O7K9RvMA,https://www.youtube.com/watch?v=Rl8O7K9RvMA,How To Make A Layered Candle 🕯️| Supplies For Candles,114.0,storyboard,13,105.86,114.0,8.14,https://youtu.be/Rl8O7K9RvMA?t=106s,outro_cta,aux,0,0.6,'THANK YOU FOR WATCHING' end card with flowers.,,0,0.0,0.0,0.0,1.0,0.0,"#ffffff,#fefefe,#fcfcfc",0,blank,description references on-screen text but OCR found none
RwLOuuMSrWE,https://www.youtube.com/watch?v=RwLOuuMSrWE,CANDLE MAKING FOR BEGINNERS | How To Make Woodwick Candles,423.0,storyboard,45,359.15,367.13,7.98,https://youtu.be/RwLOuuMSrWE?t=359s,outro_cta,aux,0,0.55,'THANKS' end card with logo.,,0,0.0,0.009,0.841,0.421,0.062,"#000000,#000004,#050507",1,,description references on-screen text but OCR found none
SzziH-bHCb0,https://www.youtube.com/watch?v=SzziH-bHCb0,Making Soy Wax Candles with Crackling Wooden Wicks,857.0,storyboard,105,840.98,848.99,8.01,https://youtu.be/SzziH-bHCb0?t=841s,outro_cta,aux,0,0.5,'lafilledelamer.com - soy wax candles with wooden wicks' end card.,,0,0.0,0.0,0.0,0.001,0.003,"#000000,#000001,#020104",0,blank,description references on-screen text but OCR found none
T5dzL3dyfeU,https://www.youtube.com/watch?v=T5dzL3dyfeU,"candle studio vlog | organizing inventory, packing orders, new candle molds, candle-making",643.0,storyboard,72,578.7,586.74,8.04,https://youtu.be/T5dzL3dyfeU?t=579s,outro_cta,aux,0,0.6,'Thanks for watching' photo-collage end card.,TAS Roe PWatehs aot 4 et aL Vike,1,0.0,0.276,0.0,0.568,0.098,"#c9c5ba,#8c8071,#574635",0,text_overlay,
T5dzL3dyfeU,https://www.youtube.com/watch?v=T5dzL3dyfeU,"candle studio vlog | organizing inventory, packing orders, new candle molds, candle-making",643.0,storyboard,73,586.74,594.78,8.04,https://youtu.be/T5dzL3dyfeU?t=587s,outro_cta,aux,0,0.6,'Thanks for watching' photo-collage end card.,TAS Roe PWatehs aot 4 et aL Vike,1,0.0,0.276,0.0,0.568,0.098,"#c9c5ba,#8b7f71,#564534",0,text_overlay,
T5dzL3dyfeU,https://www.youtube.com/watch?v=T5dzL3dyfeU,"candle studio vlog | organizing inventory, packing orders, new candle molds, candle-making",643.0,storyboard,74,594.78,602.81,8.03,https://youtu.be/T5dzL3dyfeU?t=595s,outro_cta,aux,0,0.6,'Thanks for watching' photo-collage end card.,TAS Roe PWatehs aot 4 et aL Vike,1,0.0,0.276,0.0,0.568,0.098,"#c9c5ba,#8c7f71,#574534",0,text_overlay,
T5dzL3dyfeU,https://www.youtube.com/watch?v=T5dzL3dyfeU,"candle studio vlog | organizing inventory, packing orders, new candle molds, candle-making",643.0,storyboard,75,602.81,610.85,8.04,https://youtu.be/T5dzL3dyfeU?t=603s,outro_cta,aux,0,0.6,'Thanks for watching' photo-collage end card.,TAS Roe PWatehs aot 4 et aL Vike,1,0.0,0.276,0.0,0.568,0.098,"#c9c5ba,#8b7f71,#564534",0,text_overlay,
T5dzL3dyfeU,https://www.youtube.com/watch?v=T5dzL3dyfeU,"candle studio vlog | organizing inventory, packing orders, new candle molds, candle-making",643.0,storyboard,76,610.85,618.89,8.04,https://youtu.be/T5dzL3dyfeU?t=611s,outro_cta,aux,0,0.6,'Thanks for watching' photo-collage end card.,TAS Roe PWatehs aot 4 et aL Vike,1,0.0,0.276,0.0,0.568,0.098,"#c9c5ba,#8b7f71,#564534",0,text_overlay,
T5dzL3dyfeU,https://www.youtube.com/watch?v=T5dzL3dyfeU,"candle studio vlog | organizing inventory, packing orders, new candle molds, candle-making",643.0,storyboard,77,618.89,626.93,8.04,https://youtu.be/T5dzL3dyfeU?t=619s,outro_cta,aux,0,0.6,'Thanks for watching' photo-collage end card.,TAS Roe PWatehs aot 4 et aL Vike,1,0.0,0.276,0.0,0.568,0.098,"#c9c5ba,#8b7f71,#564534",0,text_overlay,
T5dzL3dyfeU,https://www.youtube.com/watch?v=T5dzL3dyfeU,"candle studio vlog | organizing inventory, packing orders, new candle molds, candle-making",643.0,storyboard,78,626.93,634.96,8.03,https://youtu.be/T5dzL3dyfeU?t=627s,outro_cta,aux,0,0.6,'Thanks for watching' photo-collage end card.,TAS Roe PWatehs aot 4 et aL Vike,1,0.0,0.276,0.0,0.568,0.098,"#c9c5ba,#8b7f71,#564534",0,text_overlay,
T5dzL3dyfeU,https://www.youtube.com/watch?v=T5dzL3dyfeU,"candle studio vlog | organizing inventory, packing orders, new candle molds, candle-making",643.0,storyboard,79,634.96,643.0,8.04,https://youtu.be/T5dzL3dyfeU?t=635s,outro_cta,aux,0,0.6,'Thanks for watching' photo-collage end card.,TAS Roe PWatehs aot 4 et aL Vike,1,0.0,0.276,0.0,0.568,0.098,"#cbc6bb,#8f8376,#5b4938",0,text_overlay,
TYdTLOd4q4Y,https://www.youtube.com/watch?v=TYdTLOd4q4Y,Start Your Own Profitable Candle Making Business! How to make Candles at home #businessideas #candle,553.0,storyboard,62,496.9,504.91,8.01,https://youtu.be/TYdTLOd4q4Y?t=497s,outro_cta,aux,0,0.45,'subscribed' animation outro.,oes 5 WZ Ss,1,0.0,0.055,0.033,0.903,0.128,"#fcf3ee,#f6d9cf,#d4a09d",1,,
TYdTLOd4q4Y,https://www.youtube.com/watch?v=TYdTLOd4q4Y,Start Your Own Profitable Candle Making Business! How to make Candles at home #businessideas #candle,553.0,storyboard,63,504.91,512.93,8.02,https://youtu.be/TYdTLOd4q4Y?t=505s,outro_cta,aux,0,0.45,'Thanks!' end card.,hawks! THanks! Ticks! mom,1,0.0,0.035,0.003,0.696,0.12,"#c18ba2,#eddee4,#d7b3c2",0,text_overlay,
TYdTLOd4q4Y,https://www.youtube.com/watch?v=TYdTLOd4q4Y,Start Your Own Profitable Candle Making Business! How to make Candles at home #businessideas #candle,553.0,storyboard,64,512.93,520.94,8.01,https://youtu.be/TYdTLOd4q4Y?t=513s,outro_cta,aux,0,0.45,'Thanks!' end card.,hanks! Thawks! Hawks! mom,1,0.0,0.036,0.0,0.696,0.12,"#c18ba2,#eddfe4,#d7b4c3",0,text_overlay,
TYdTLOd4q4Y,https://www.youtube.com/watch?v=TYdTLOd4q4Y,Start Your Own Profitable Candle Making Business! How to make Candles at home #businessideas #candle,553.0,storyboard,65,520.94,528.96,8.02,https://youtu.be/TYdTLOd4q4Y?t=521s,outro_cta,aux,0,0.45,'Thanks!' end card.,Taawks! Thawks! Hawks! 7 Om,1,0.0,0.034,0.003,0.696,0.121,"#c18ba2,#eddee4,#d5b4c2",0,text_overlay,
TYdTLOd4q4Y,https://www.youtube.com/watch?v=TYdTLOd4q4Y,Start Your Own Profitable Candle Making Business! How to make Candles at home #businessideas #candle,553.0,storyboard,66,528.96,536.97,8.01,https://youtu.be/TYdTLOd4q4Y?t=529s,outro_cta,aux,0,0.45,'Thanks!' end card.,,0,0.0,0.0,0.0,0.004,0.005,"#010101,#000201,#050102",0,blank,description references on-screen text but OCR found none
ToGNCotyDeE,https://www.youtube.com/watch?v=ToGNCotyDeE,How to Make Candles With ToAuto New 15L Wax Melting Furnace - Start Your Candle Business Easily,246.0,storyboard,30,238.06,246.0,7.94,https://youtu.be/ToGNCotyDeE?t=238s,outro_cta,aux,0,0.4,Closing frame.,Se CO oe de QP ow 4,1,0.0,0.054,0.26,0.329,0.088,"#503b29,#dcdcd7,#8a827c",1,,
Tr8qDI6L2aA,https://www.youtube.com/watch?v=Tr8qDI6L2aA,How to Make Palm Wax Candles,679.0,storyboard,76,607.11,615.09,7.98,https://youtu.be/Tr8qDI6L2aA?t=607s,outro_cta,aux,0,0.6,Green AFI outro / subscribe animation.,Wy ya? Syl,1,0.0,0.031,0.038,0.174,0.104,"#0f3d1e,#40503a,#d3a7a4",1,,
Tr8qDI6L2aA,https://www.youtube.com/watch?v=Tr8qDI6L2aA,How to Make Palm Wax Candles,679.0,storyboard,77,615.09,623.08,7.99,https://youtu.be/Tr8qDI6L2aA?t=615s,outro_cta,aux,0,0.6,Green AFI outro / subscribe animation.,as,0,0.0,0.019,0.184,0.093,0.056,"#000000,#030104,#03040d",0,blank,description references on-screen text but OCR found none
UNBvcQ1TxKE,https://www.youtube.com/watch?v=UNBvcQ1TxKE,Where Should I Sell My Candles? | CandleScience Small Business Guide,191.0,storyboard,22,175.08,183.04,7.96,https://youtu.be/UNBvcQ1TxKE?t=175s,outro_cta,aux,0,0.6,'THANKS FOR WATCHING' end card.,THANKS FOR WATCHING!,1,0.333,0.043,0.253,0.768,0.049,"#f9f3ea,#191512,#73706a",1,,
UNBvcQ1TxKE,https://www.youtube.com/watch?v=UNBvcQ1TxKE,Where Should I Sell My Candles? | CandleScience Small Business Guide,191.0,storyboard,23,183.04,191.0,7.96,https://youtu.be/UNBvcQ1TxKE?t=183s,outro_cta,aux,0,0.6,'THANKS FOR WATCHING' end card.,,0,0.0,0.021,0.466,0.311,0.011,"#000000,#020100,#000000",1,,description references on-screen text but OCR found none
UVunYMgA-pM,https://www.youtube.com/watch?v=UVunYMgA-pM,Candle Making Mistakes To Avoid + How To Fix Them,393.0,storyboard,47,376.96,384.98,8.02,https://youtu.be/UVunYMgA-pM?t=377s,outro_cta,aux,0,0.6,Logo / 'thank you' end card.,,0,0.0,0.005,0.0,0.782,0.092,"#d3cfa9,#b6b194,#dfdfc5",1,,description references on-screen text but OCR found none
UVunYMgA-pM,https://www.youtube.com/watch?v=UVunYMgA-pM,Candle Making Mistakes To Avoid + How To Fix Them,393.0,storyboard,48,384.98,393.0,8.02,https://youtu.be/UVunYMgA-pM?t=385s,outro_cta,aux,0,0.6,Logo / 'thank you' end card.,,0,0.0,0.004,0.779,0.389,0.048,"#000000,#000001,#010004",1,,description references on-screen text but OCR found none
Ucr1PgqwuCU,https://www.youtube.com/watch?v=Ucr1PgqwuCU,How to Make Coconut Oil Scented Candles | Thrive Market,230.0,storyboard,28,222.07,230.0,7.93,https://youtu.be/Ucr1PgqwuCU?t=222s,outro_cta,aux,0,0.6,'THRIVE MARKET' green end card.,wholesome prodects. wholesale pricrt.,1,0.0,0.047,0.118,0.579,0.232,"#42c388,#f8fdfb,#9bdfc1",1,,
UrFrR3p0B3A,https://www.youtube.com/watch?v=UrFrR3p0B3A,"DIY Candle Jars with Jesmonite | aesthetic candle vessels, Boowan Nicole molds | handmade gift ideas",399.0,storyboard,49,391.02,399.0,7.98,https://youtu.be/UrFrR3p0B3A?t=391s,outro_cta,aux,0,0.55,Finished jars on a shelf; 'Thank you for watching! JODLIE' card.,Thank you for watching! eo,1,0.0,0.044,0.345,0.788,0.09,"#fdfcc6,#b7b8b5,#637177",1,,
UvgHUG48cgE,https://www.youtube.com/watch?v=UvgHUG48cgE,"STEP BY STEP: How I Make My 6 oz. Tin Soy Candles | Formula, First Burn Test, Visual Demonstration",734.0,storyboard,88,702.09,710.07,7.98,https://youtu.be/UvgHUG48cgE?t=702s,outro_cta,aux,0,0.6,'Thank you for watching' end card.,THANKYOU og FOR WATCHING! Wj ml 1 YT REQUMMENDS AEL ENT UPLOAD,1,0.0,0.273,0.011,0.637,0.116,"#f1f6f3,#080c0a,#67987f",0,text_overlay,
UvgHUG48cgE,https://www.youtube.com/watch?v=UvgHUG48cgE,"STEP BY STEP: How I Make My 6 oz. Tin Soy Candles | Formula, First Burn Test, Visual Demonstration",734.0,storyboard,89,710.07,718.04,7.97,https://youtu.be/UvgHUG48cgE?t=710s,outro_cta,aux,0,0.6,'Thank you for watching' end card.,7 THANKYOU ab og FOR WATCHING! Wj SUSSCHC,1,0.0,0.268,0.009,0.637,0.115,"#f2f7f4,#090e0b,#6e9d86",0,text_overlay,
VazMrJH55Is,https://www.youtube.com/watch?v=VazMrJH55Is,Honey Vanilla Beeswax Candles | How to Make Candles,419.0,storyboard,48,386.77,394.83,8.06,https://youtu.be/VazMrJH55Is?t=387s,outro_cta,aux,0,0.5,'SUBSCRIBE / KEEP WATCHING' card with the candle.,ae ps Ses,1,0.0,0.131,0.0,0.782,0.098,"#f4f0e9,#c8b1a0,#7f6c61",1,,
VazMrJH55Is,https://www.youtube.com/watch?v=VazMrJH55Is,Honey Vanilla Beeswax Candles | How to Make Candles,419.0,storyboard,49,394.83,402.88,8.05,https://youtu.be/VazMrJH55Is?t=395s,outro_cta,aux,0,0.5,'SUBSCRIBE / KEEP WATCHING' card.,ae ps Ses,1,0.0,0.131,0.0,0.782,0.098,"#f4f0e9,#c8b1a0,#7f6c61",1,,
VazMrJH55Is,https://www.youtube.com/watch?v=VazMrJH55Is,Honey Vanilla Beeswax Candles | How to Make Candles,419.0,storyboard,50,402.88,410.94,8.06,https://youtu.be/VazMrJH55Is?t=403s,outro_cta,aux,0,0.5,'SUBSCRIBE / KEEP WATCHING' card.,ae ps Ses,1,0.0,0.131,0.0,0.782,0.098,"#f4f0e9,#c8b1a0,#7f6c61",1,,
VazMrJH55Is,https://www.youtube.com/watch?v=VazMrJH55Is,Honey Vanilla Beeswax Candles | How to Make Candles,419.0,storyboard,51,410.94,419.0,8.06,https://youtu.be/VazMrJH55Is?t=411s,outro_cta,aux,0,0.5,'SUBSCRIBE / KEEP WATCHING' end card.,ae ps Ses,1,0.0,0.131,0.0,0.782,0.098,"#f4f0e9,#c8b1a0,#7f6c61",1,,
VhjipDG6avo,https://www.youtube.com/watch?v=VhjipDG6avo,How To Calculate The Exact Amount Of Wax & Fragrance Oil Needed For One Candle | SIMPLIFIED FORMULA,657.0,storyboard,66,528.8,536.82,8.02,https://youtu.be/VhjipDG6avo?t=529s,outro_cta,aux,0,0.6,'Thank you for watching' end card.,lee noes 1,1,1.0,0.18,0.078,0.522,0.098,"#352f2a,#e4dfd9,#967f71",0,talking_head,
VhjipDG6avo,https://www.youtube.com/watch?v=VhjipDG6avo,How To Calculate The Exact Amount Of Wax & Fragrance Oil Needed For One Candle | SIMPLIFIED FORMULA,657.0,storyboard,67,536.82,544.83,8.01,https://youtu.be/VhjipDG6avo?t=537s,outro_cta,aux,0,0.6,'Thank you for watching' end card.,,0,1.0,0.193,0.0,0.523,0.099,"#d9d3cc,#383029,#957e6e",0,talking_head,description references on-screen text but OCR found none
VhjipDG6avo,https://www.youtube.com/watch?v=VhjipDG6avo,How To Calculate The Exact Amount Of Wax & Fragrance Oil Needed For One Candle | SIMPLIFIED FORMULA,657.0,storyboard,68,544.83,552.84,8.01,https://youtu.be/VhjipDG6avo?t=545s,outro_cta,aux,0,0.6,'Thank you for watching' end card.,eae ke: eee,1,1.0,0.182,0.046,0.514,0.093,"#dad5cc,#8a7567,#2f2924",0,talking_head,
VhjipDG6avo,https://www.youtube.com/watch?v=VhjipDG6avo,How To Calculate The Exact Amount Of Wax & Fragrance Oil Needed For One Candle | SIMPLIFIED FORMULA,657.0,storyboard,69,552.84,560.85,8.01,https://youtu.be/VhjipDG6avo?t=553s,outro_cta,aux,0,0.6,'Thank you for watching' end card.,ee ae on 5,1,1.0,0.164,0.041,0.526,0.093,"#e3e0d7,#957f6f,#2e2924",0,talking_head,
VhjipDG6avo,https://www.youtube.com/watch?v=VhjipDG6avo,How To Calculate The Exact Amount Of Wax & Fragrance Oil Needed For One Candle | SIMPLIFIED FORMULA,657.0,storyboard,70,560.85,568.87,8.02,https://youtu.be/VhjipDG6avo?t=561s,outro_cta,aux,0,0.6,'Thank you for watching' end card.,re THANKYOU ah gg FOR WATCHING! PUSSCHIBC,1,0.0,0.259,0.007,0.631,0.114,"#f2f6f6,#0a1111,#6e9795",0,text_overlay,
VhjipDG6avo,https://www.youtube.com/watch?v=VhjipDG6avo,How To Calculate The Exact Amount Of Wax & Fragrance Oil Needed For One Candle | SIMPLIFIED FORMULA,657.0,storyboard,71,568.87,576.88,8.01,https://youtu.be/VhjipDG6avo?t=569s,outro_cta,aux,0,0.6,'Thank you for watching' end card.,oi THANKYOU gh gf FOR WATCHING!,1,0.0,0.279,0.009,0.632,0.116,"#f2f6f5,#0a0e0e,#689391",0,text_overlay,
Vsd8r7uSDII,https://www.youtube.com/watch?v=Vsd8r7uSDII,How To Make A Wooden Wick Candle | Luxury Candle Making,288.0,storyboard,33,264.0,272.0,8.0,https://youtu.be/Vsd8r7uSDII?t=264s,outro_cta,aux,0,0.6,Cosy Owl logo card.,,0,0.0,0.015,0.37,0.484,0.053,"#c9c8c7,#6a5857,#a2b19b",1,,
Vsd8r7uSDII,https://www.youtube.com/watch?v=Vsd8r7uSDII,How To Make A Wooden Wick Candle | Luxury Candle Making,288.0,storyboard,34,272.0,280.0,8.0,https://youtu.be/Vsd8r7uSDII?t=272s,outro_cta,aux,0,0.6,Cosy Owl owl end card.,,0,0.0,0.0,0.0,0.004,0.0,"#010101,#010101,#010101",0,blank,
WD-GsTgR5p8,https://www.youtube.com/watch?v=WD-GsTgR5p8,Expanding Beyond Just Candles: The Best Complementary Products to Make & Sell,795.0,storyboard,98,786.97,795.0,8.03,https://youtu.be/WD-GsTgR5p8?t=787s,outro_cta,aux,0,0.45,Presenter wraps up to camera.,,0,0.0,0.0,0.0,0.0,0.002,"#000000,#010100,#000205",0,blank,
W_CSmi19gys,https://www.youtube.com/watch?v=W_CSmi19gys,"Candle Making With Coconut Wax Blends (Basics, Tips & Fragrance Testing)",546.0,storyboard,67,537.97,546.0,8.03,https://youtu.be/W_CSmi19gys?t=538s,outro_cta,aux,0,0.45,Presenter wraps up to camera.,sat wt,0,1.0,0.064,0.0,0.397,0.083,"#796d5f,#26221d,#ababa7",0,talking_head,
XOjdJLaATfg,https://www.youtube.com/watch?v=XOjdJLaATfg,REUSE YOUR CANDLE JARS | EASIEST WAY TO CLEAN A CANDLE JAR | Life Skills for Young Adults,188.0,storyboard,22,172.33,180.17,7.84,https://youtu.be/XOjdJLaATfg?t=172s,outro_cta,aux,0,0.45,'Powerhouz' end card.,RSO POWERHOUSE oo,1,0.0,0.1,0.008,0.719,0.087,"#fcfdfc,#020202,#bfce91",1,,
YspjuWix8TM,https://www.youtube.com/watch?v=YspjuWix8TM,DIY LUXURY CANDLES | STEP BY STEP CANDLE MAKING,483.0,storyboard,53,426.65,434.7,8.05,https://youtu.be/YspjuWix8TM?t=427s,outro_cta,aux,0,0.6,Boss Vision subscribe card.,bh Mamet 84 Pa SUBSCRIBE Re Eos: Ps 544 BOSS VISION es Bai PVERY THING YOU NEDD TO KNOW ABUT MAKING CANDLES seritsoMbor.cam Candle zene caridiermalomouuryivelguidea com iccurses 4 Rscentsohvaion irand,1,0.0,0.103,0.005,0.518,0.299,"#9a68eb,#7e3839,#e1b287",0,text_overlay,
ZQk9l2ttcIA,https://www.youtube.com/watch?v=ZQk9l2ttcIA,A Beginners Guide To Making A Candle,256.0,storyboard,27,216.0,224.0,8.0,https://youtu.be/ZQk9l2ttcIA?t=216s,outro_cta,aux,0,0.7,Cosy Owl outro end card,,0,0.0,0.0,0.0,0.01,0.0,"#000000,#030303,#010101",0,blank,
_0gbnNLyE6k,https://www.youtube.com/watch?v=_0gbnNLyE6k,How To: Find The Right Wooden Wick! (Step by Step Guide),880.0,storyboard,96,768.0,776.0,8.0,https://youtu.be/_0gbnNLyE6k?t=768s,outro_cta,aux,0,0.6,'Thanks for watching' end card.,qu: FOR WATCHIKG hee,1,0.0,0.133,0.0,0.426,0.124,"#2b402a,#e3dfcd,#a6a484",1,,
_0gbnNLyE6k,https://www.youtube.com/watch?v=_0gbnNLyE6k,How To: Find The Right Wooden Wick! (Step by Step Guide),880.0,storyboard,97,776.0,784.0,8.0,https://youtu.be/_0gbnNLyE6k?t=776s,outro_cta,aux,0,0.6,'Thanks for watching' end card.,qu FOR WATCHING Niw VOLO TYERY WItkK ee,1,0.0,0.134,0.0,0.425,0.115,"#2a422b,#e6e4d4,#b2ad8e",0,text_overlay,
_0gbnNLyE6k,https://www.youtube.com/watch?v=_0gbnNLyE6k,How To: Find The Right Wooden Wick! (Step by Step Guide),880.0,storyboard,98,784.0,792.0,8.0,https://youtu.be/_0gbnNLyE6k?t=784s,outro_cta,aux,0,0.6,'Thanks for watching' end card.,qu FOR WATCHING Niw VOLO TYERY WItkK ee,1,0.0,0.134,0.0,0.425,0.115,"#2a422b,#e6e4d4,#b2ad8e",0,text_overlay,
_0gbnNLyE6k,https://www.youtube.com/watch?v=_0gbnNLyE6k,How To: Find The Right Wooden Wick! (Step by Step Guide),880.0,storyboard,99,792.0,800.0,8.0,https://youtu.be/_0gbnNLyE6k?t=792s,outro_cta,aux,0,0.6,'Thanks for watching' end card.,qu FOR WATCHING Niw VOLO TYERY WItkK ee,1,0.0,0.134,0.0,0.425,0.115,"#2a422b,#e6e4d4,#b2ad8e",0,text_overlay,
_0gbnNLyE6k,https://www.youtube.com/watch?v=_0gbnNLyE6k,How To: Find The Right Wooden Wick! (Step by Step Guide),880.0,storyboard,100,800.0,808.0,8.0,https://youtu.be/_0gbnNLyE6k?t=800s,outro_cta,aux,0,0.6,'Thanks for watching' end card.,qu FOR WATCHING Niw VOLO TYERY WItkK ee,1,0.0,0.134,0.0,0.425,0.115,"#2a422b,#e6e4d4,#b2ad8e",0,text_overlay,
_0gbnNLyE6k,https://www.youtube.com/watch?v=_0gbnNLyE6k,How To: Find The Right Wooden Wick! (Step by Step Guide),880.0,storyboard,101,808.0,816.0,8.0,https://youtu.be/_0gbnNLyE6k?t=808s,outro_cta,aux,0,0.6,'Thanks for watching' end card.,qu FOR WATCHING Niw VOLO TYERY WItkK ee,1,0.0,0.134,0.0,0.425,0.115,"#2a422b,#e6e4d4,#b2ad8e",0,text_overlay,
_0gbnNLyE6k,https://www.youtube.com/watch?v=_0gbnNLyE6k,How To: Find The Right Wooden Wick! (Step by Step Guide),880.0,storyboard,102,816.0,824.0,8.0,https://youtu.be/_0gbnNLyE6k?t=816s,outro_cta,aux,0,0.6,'Thanks for watching' end card.,qu FOR WATCHING Niw VOLO TYERY WItkK ee,1,0.0,0.134,0.0,0.425,0.115,"#2a422b,#e6e4d4,#b2ad8e",0,text_overlay,
_0gbnNLyE6k,https://www.youtube.com/watch?v=_0gbnNLyE6k,How To: Find The Right Wooden Wick! (Step by Step Guide),880.0,storyboard,103,824.0,832.0,8.0,https://youtu.be/_0gbnNLyE6k?t=824s,outro_cta,aux,0,0.6,'Thanks for watching' end card.,qu FOR WATCHING Niw VOLO TYERY WItkK ee,1,0.0,0.134,0.0,0.425,0.115,"#2a422b,#e6e4d4,#b2ad8e",0,text_overlay,
_0gbnNLyE6k,https://www.youtube.com/watch?v=_0gbnNLyE6k,How To: Find The Right Wooden Wick! (Step by Step Guide),880.0,storyboard,104,832.0,840.0,8.0,https://youtu.be/_0gbnNLyE6k?t=832s,outro_cta,aux,0,0.6,'Thanks for watching' end card.,qu FOR WATCHING Niw VOLO TYERY WItkK ee,1,0.0,0.134,0.0,0.425,0.115,"#2a422b,#e6e4d4,#b2ad8e",0,text_overlay,
_0gbnNLyE6k,https://www.youtube.com/watch?v=_0gbnNLyE6k,How To: Find The Right Wooden Wick! (Step by Step Guide),880.0,storyboard,105,840.0,848.0,8.0,https://youtu.be/_0gbnNLyE6k?t=840s,outro_cta,aux,0,0.6,'Thanks for watching' end card.,qu FOR WATCHING Niw VOLO TYERY WItkK ee,1,0.0,0.134,0.0,0.425,0.115,"#29412a,#e1dfcc,#a09f81",0,text_overlay,
_0gbnNLyE6k,https://www.youtube.com/watch?v=_0gbnNLyE6k,How To: Find The Right Wooden Wick! (Step by Step Guide),880.0,storyboard,106,848.0,856.0,8.0,https://youtu.be/_0gbnNLyE6k?t=848s,outro_cta,aux,0,0.6,'Thanks for watching' end card.,qu FOR WATCHING Niw VOLO TYERY WItkK ee,1,0.0,0.134,0.0,0.425,0.115,"#2a422b,#e6e4d4,#b2ad8e",0,text_overlay,
_0gbnNLyE6k,https://www.youtube.com/watch?v=_0gbnNLyE6k,How To: Find The Right Wooden Wick! (Step by Step Guide),880.0,storyboard,107,856.0,864.0,8.0,https://youtu.be/_0gbnNLyE6k?t=856s,outro_cta,aux,0,0.6,'Thanks for watching' end card.,qu FOR WATCHING Niw VOLO TYERY WItkK ee,1,0.0,0.134,0.0,0.425,0.115,"#2a422b,#e6e4d4,#b2ad8e",0,text_overlay,
_0gbnNLyE6k,https://www.youtube.com/watch?v=_0gbnNLyE6k,How To: Find The Right Wooden Wick! (Step by Step Guide),880.0,storyboard,108,864.0,872.0,8.0,https://youtu.be/_0gbnNLyE6k?t=864s,outro_cta,aux,0,0.6,'Thanks for watching' end card.,qu FOR WATCHING Niw VOLO TYERY WItkK ee,1,0.0,0.134,0.0,0.425,0.115,"#2a422b,#e6e4d4,#b2ad8e",0,text_overlay,
_0gbnNLyE6k,https://www.youtube.com/watch?v=_0gbnNLyE6k,How To: Find The Right Wooden Wick! (Step by Step Guide),880.0,storyboard,109,872.0,880.0,8.0,https://youtu.be/_0gbnNLyE6k?t=872s,outro_cta,aux,0,0.6,'Thanks for watching' end card.,qu FOR WATCHING Niw VOLO TYERY WItkK ee,1,0.0,0.134,0.0,0.425,0.115,"#2a422b,#e6e4d4,#b2ad8e",0,text_overlay,
_au1ji8rMkM,https://www.youtube.com/watch?v=_au1ji8rMkM,DIY Ice Candle // Candle Making at Home for Beginners // DIY Candle Making,102.0,storyboard,11,86.31,94.15,7.84,https://youtu.be/_au1ji8rMkM?t=86s,outro_cta,aux,0,0.45,Subscribe end card with the host.,SUBSCRIBE FOR MORE Diys! Fea oe... 5,1,0.0,0.166,0.129,0.483,0.213,"#7f8fa7,#24172a,#7d6252",1,,
_au1ji8rMkM,https://www.youtube.com/watch?v=_au1ji8rMkM,DIY Ice Candle // Candle Making at Home for Beginners // DIY Candle Making,102.0,storyboard,12,94.15,102.0,7.85,https://youtu.be/_au1ji8rMkM?t=94s,outro_cta,aux,0,0.45,'Subscribe for more DIYs' end card.,SUBSCRIBE FOR MORE Diys! 9 7 4 Se PSN Dd she be ae 4 4 5 ES ee alta IG NIE Bras ER 4 oN 5 LZ es,1,0.0,0.135,0.334,0.322,0.134,"#76829c,#dad4cd,#311b38",1,,
_eyf0tCZzBY,https://www.youtube.com/watch?v=_eyf0tCZzBY,Non-toxic DIY Candles with Beeswax & Coconut Oil | Great for Meditation and Manifesting Practices,150.0,storyboard,16,126.32,134.21,7.89,https://youtu.be/_eyf0tCZzBY?t=126s,outro_cta,aux,0,0.55,'THANKS FOR WATCHING' end card.,Bi se,0,0.0,0.029,0.0,0.202,0.168,"#281f15,#6b4226,#b3713e",1,,description references on-screen text but OCR found none
_eyf0tCZzBY,https://www.youtube.com/watch?v=_eyf0tCZzBY,Non-toxic DIY Candles with Beeswax & Coconut Oil | Great for Meditation and Manifesting Practices,150.0,storyboard,17,134.21,142.11,7.9,https://youtu.be/_eyf0tCZzBY?t=134s,outro_cta,aux,0,0.55,Thanks card over lit candles.,Bi se,0,0.0,0.029,0.0,0.202,0.168,"#281f15,#6b4226,#b3713e",1,,
a9IOU3fbWx0,https://www.youtube.com/watch?v=a9IOU3fbWx0,How to Make Simple Paraffin Candles | Candle Making Guides | CandleScience,221.0,storyboard,24,189.43,197.32,7.89,https://youtu.be/a9IOU3fbWx0?t=189s,outro_cta,aux,0,0.6,candlescience.com end card.,Vieit os at candlescience.com veparwe Che Carte Mabeg leaps: as Muli bende wy ao tee Ss WAS eT,1,0.0,0.138,0.16,0.217,0.009,"#43474a,#8f9396,#cdd1d4",1,,
a9IOU3fbWx0,https://www.youtube.com/watch?v=a9IOU3fbWx0,How to Make Simple Paraffin Candles | Candle Making Guides | CandleScience,221.0,storyboard,25,197.32,205.21,7.89,https://youtu.be/a9IOU3fbWx0?t=197s,outro_cta,aux,0,0.55,End card / closing frame.,,0,0.0,0.0,0.0,0.0,0.005,"#000000,#000004,#000002",0,blank,
b1S_cWpGUbM,https://www.youtube.com/watch?v=b1S_cWpGUbM,DIY ALL NATURAL & NON TOXIC CANDLES,563.0,storyboard,63,506.7,514.74,8.04,https://youtu.be/b1S_cWpGUbM?t=507s,outro_cta,aux,0,0.6,Social-handle end card.,ae! oem 3 eS,1,0.0,0.033,0.038,0.02,0.015,"#000000,#020002,#050404",0,blank,
bE3cn6R9khs,https://www.youtube.com/watch?v=bE3cn6R9khs,HOW TO MAKE CANDLES THAT ACTUALLY SMELL GOOD,263.0,storyboard,29,231.12,239.09,7.97,https://youtu.be/bE3cn6R9khs?t=231s,outro_cta,aux,0,0.6,'THANK YOU FOR WATCHING' blue end card.,,0,0.0,0.0,0.004,0.003,0.006,"#000000,#03050a,#030000",0,blank,description references on-screen text but OCR found none
bEhlvggbwk8,https://www.youtube.com/watch?v=bEhlvggbwk8,Wick Candle Maker by We R Memory Keepers,82.0,storyboard,8,65.6,73.8,8.2,https://youtu.be/bEhlvggbwk8?t=66s,outro_cta,aux,0,0.5,Animated 'WICK / We R' brand logo over the finished teal candle.,wit ra,0,0.0,0.014,0.506,0.66,0.028,"#fefefe,#f6f7f7,#fafbfc",1,,description references on-screen text but OCR found none
bEt6-L6-q3M,https://www.youtube.com/watch?v=bEt6-L6-q3M,How to make soy wax candles with essential oils,391.0,storyboard,45,359.08,367.06,7.98,https://youtu.be/bEt6-L6-q3M?t=359s,outro_cta,aux,0,0.5,Candle with 'Subscribe / Keep Watching' card.,,0,0.0,0.014,0.246,0.569,0.175,"#bf9978,#7b4b27,#f3e4cd",1,,description references on-screen text but OCR found none
bEt6-L6-q3M,https://www.youtube.com/watch?v=bEt6-L6-q3M,How to make soy wax candles with essential oils,391.0,storyboard,46,367.06,375.04,7.98,https://youtu.be/bEt6-L6-q3M?t=367s,outro_cta,aux,0,0.5,'Subscribe / Keep Watching' card.,he Yep Videlin 3 my: es Ff Pin be Wee Me og eh,1,0.0,0.095,0.259,0.675,0.156,"#ece5de,#d0bdab,#83817b",1,,
bEt6-L6-q3M,https://www.youtube.com/watch?v=bEt6-L6-q3M,How to make soy wax candles with essential oils,391.0,storyboard,47,375.04,383.02,7.98,https://youtu.be/bEt6-L6-q3M?t=375s,outro_cta,aux,0,0.5,'Subscribe / Keep Watching' card.,"si by ih Prato ee Nialelen yy, Xs Fe ae 4 ee Biss eS es",1,0.0,0.184,0.0,0.766,0.122,"#ece5de,#d0bdac,#84827c",0,text_overlay,
bEt6-L6-q3M,https://www.youtube.com/watch?v=bEt6-L6-q3M,How to make soy wax candles with essential oils,391.0,storyboard,48,383.02,391.0,7.98,https://youtu.be/bEt6-L6-q3M?t=383s,outro_cta,aux,0,0.5,'Subscribe / Keep Watching' end card.,ala ementtineed tienen,1,0.0,0.092,0.766,0.383,0.062,"#000000,#010001,#030005",1,,
brxojqIpgH0,https://www.youtube.com/watch?v=brxojqIpgH0,How to Make Soy Tealight Candles | DIY Candle Making,171.0,storyboard,19,154.71,162.86,8.15,https://youtu.be/brxojqIpgH0?t=155s,outro_cta,aux,0,0.6,'THANKS FOR WATCHING' end card.,THANKS FOR WATCHING!,1,0.0,0.06,0.001,0.966,0.0,"#fdfdfd,#1c1c1c,#787878",1,,
brxojqIpgH0,https://www.youtube.com/watch?v=brxojqIpgH0,How to Make Soy Tealight Candles | DIY Candle Making,171.0,storyboard,20,162.86,171.0,8.14,https://youtu.be/brxojqIpgH0?t=163s,outro_cta,aux,0,0.6,'THANKS FOR WATCHING' end card.,THANKS FOR WATCHING! 4,1,0.0,0.06,0.0,0.966,0.0,"#fdfdfd,#1b1b1b,#757575",1,,
cVJ98lkY3D4,https://www.youtube.com/watch?v=cVJ98lkY3D4,How To Make A Beeswax Candle | Beeswax Candle Making Tutorial,391.0,storyboard,38,303.22,311.2,7.98,https://youtu.be/cVJ98lkY3D4?t=303s,outro_cta,aux,0,0.6,'Cosy Owl' logo end card.,,0,0.0,0.099,0.0,0.741,0.077,"#cfcecc,#a4ac9e,#615957",1,,description references on-screen text but OCR found none
cVJ98lkY3D4,https://www.youtube.com/watch?v=cVJ98lkY3D4,How To Make A Beeswax Candle | Beeswax Candle Making Tutorial,391.0,storyboard,39,311.2,319.18,7.98,https://youtu.be/cVJ98lkY3D4?t=311s,outro_cta,aux,0,0.6,'Cosy Owl' logo end card.,,0,0.0,0.099,0.0,0.741,0.077,"#cfcecc,#a4ac9e,#615957",1,,description references on-screen text but OCR found none
cVJ98lkY3D4,https://www.youtube.com/watch?v=cVJ98lkY3D4,How To Make A Beeswax Candle | Beeswax Candle Making Tutorial,391.0,storyboard,40,319.18,327.16,7.98,https://youtu.be/cVJ98lkY3D4?t=319s,outro_cta,aux,0,0.6,'Cosy Owl' logo end card.,,0,0.0,0.099,0.0,0.741,0.077,"#cfcecc,#a4ac9e,#615957",1,,description references on-screen text but OCR found none
cVJ98lkY3D4,https://www.youtube.com/watch?v=cVJ98lkY3D4,How To Make A Beeswax Candle | Beeswax Candle Making Tutorial,391.0,storyboard,41,327.16,335.14,7.98,https://youtu.be/cVJ98lkY3D4?t=327s,outro_cta,aux,0,0.6,'Cosy Owl' logo end card.,,0,0.0,0.099,0.0,0.741,0.077,"#d0cecc,#a4ac9e,#615957",1,,description references on-screen text but OCR found none
cVJ98lkY3D4,https://www.youtube.com/watch?v=cVJ98lkY3D4,How To Make A Beeswax Candle | Beeswax Candle Making Tutorial,391.0,storyboard,42,335.14,343.12,7.98,https://youtu.be/cVJ98lkY3D4?t=335s,outro_cta,aux,0,0.6,'Cosy Owl' logo end card.,,0,0.0,0.099,0.0,0.741,0.077,"#cfcecc,#a4ac9e,#615957",1,,description references on-screen text but OCR found none
cVJ98lkY3D4,https://www.youtube.com/watch?v=cVJ98lkY3D4,How To Make A Beeswax Candle | Beeswax Candle Making Tutorial,391.0,storyboard,43,343.12,351.1,7.98,https://youtu.be/cVJ98lkY3D4?t=343s,outro_cta,aux,0,0.6,'Cosy Owl' logo end card.,,0,0.0,0.099,0.0,0.741,0.077,"#cfcecc,#a4ac9e,#615957",1,,description references on-screen text but OCR found none
cVJ98lkY3D4,https://www.youtube.com/watch?v=cVJ98lkY3D4,How To Make A Beeswax Candle | Beeswax Candle Making Tutorial,391.0,storyboard,44,351.1,359.08,7.98,https://youtu.be/cVJ98lkY3D4?t=351s,outro_cta,aux,0,0.6,'Cosy Owl' logo end card.,,0,0.0,0.099,0.0,0.741,0.077,"#d0cecc,#a4ac9e,#615957",1,,description references on-screen text but OCR found none
cVJ98lkY3D4,https://www.youtube.com/watch?v=cVJ98lkY3D4,How To Make A Beeswax Candle | Beeswax Candle Making Tutorial,391.0,storyboard,45,359.08,367.06,7.98,https://youtu.be/cVJ98lkY3D4?t=359s,outro_cta,aux,0,0.6,'Cosy Owl' logo end card.,,0,0.0,0.099,0.0,0.741,0.077,"#cfcecc,#a4ac9e,#615957",1,,description references on-screen text but OCR found none
cVJ98lkY3D4,https://www.youtube.com/watch?v=cVJ98lkY3D4,How To Make A Beeswax Candle | Beeswax Candle Making Tutorial,391.0,storyboard,46,367.06,375.04,7.98,https://youtu.be/cVJ98lkY3D4?t=367s,outro_cta,aux,0,0.6,'Cosy Owl' logo end card.,,0,0.0,0.099,0.0,0.741,0.077,"#cfcecc,#a4ac9e,#615957",1,,description references on-screen text but OCR found none
cVJ98lkY3D4,https://www.youtube.com/watch?v=cVJ98lkY3D4,How To Make A Beeswax Candle | Beeswax Candle Making Tutorial,391.0,storyboard,47,375.04,383.02,7.98,https://youtu.be/cVJ98lkY3D4?t=375s,outro_cta,aux,0,0.6,'Cosy Owl' logo end card.,,0,0.0,0.099,0.0,0.741,0.077,"#cfcecc,#a4ac9e,#615957",1,,description references on-screen text but OCR found none
cVJ98lkY3D4,https://www.youtube.com/watch?v=cVJ98lkY3D4,How To Make A Beeswax Candle | Beeswax Candle Making Tutorial,391.0,storyboard,48,383.02,391.0,7.98,https://youtu.be/cVJ98lkY3D4?t=383s,outro_cta,aux,0,0.6,'Cosy Owl' logo end card.,,0,0.0,0.099,0.0,0.741,0.077,"#cfcecc,#a4ac9e,#615957",1,,description references on-screen text but OCR found none
cZMkzLBBNNA,https://www.youtube.com/watch?v=cZMkzLBBNNA,"WHY, WHEN & HOW to BLEND GEL WAX with Paraffin or Soy",196.0,storyboard,23,187.83,196.0,8.17,https://youtu.be/cZMkzLBBNNA?t=188s,outro_cta,aux,0,0.45,Subscribe/end card with the host.,Julie Anne Opia 2,1,0.333,0.016,0.181,0.131,0.153,"#000000,#994249,#cccdcc",1,,
dJRSa8z6FOY,https://www.youtube.com/watch?v=dJRSa8z6FOY,HOW TO MIX CANDLE FRAGRANCES | 5 SECRETS,682.0,storyboard,77,617.81,625.84,8.03,https://youtu.be/dJRSa8z6FOY?t=618s,outro_cta,aux,0,0.6,'Thank you / subscribe' end card.,NS ae Ps ee ns OF,1,0.0,0.051,0.879,0.44,0.069,"#000000,#020104,#070506",1,,
e2RHQ6LVr-w,https://www.youtube.com/watch?v=e2RHQ6LVr-w,Making Candles at Home- Full Step-by-Step Tutorial,883.0,storyboard,108,866.95,874.97,8.02,https://youtu.be/e2RHQ6LVr-w?t=867s,outro_cta,aux,0,0.5,'Clayton Candle Co' end card.,tale,0,0.0,0.081,0.0,0.564,0.064,"#cdc1b7,#342822,#8e7d73",1,,description references on-screen text but OCR found none
eyBrs0uVjyw,https://www.youtube.com/watch?v=eyBrs0uVjyw,DIY candle making kit,549.0,storyboard,68,541.04,549.0,7.96,https://youtu.be/eyBrs0uVjyw?t=541s,outro_cta,aux,0,0.4,'THANK YOU' end frame.,6 pa cae. os 5,1,0.0,0.189,0.0,0.337,0.142,"#210806,#bcb1a9,#735a58",1,,
eyHB2gfWo_I,https://www.youtube.com/watch?v=eyHB2gfWo_I,How to make Coconut Wax Candles at home,324.0,storyboard,34,275.4,283.5,8.1,https://youtu.be/eyHB2gfWo_I?t=275s,outro_cta,aux,0,0.5,'Vanessa Dixon' creator card; woman by a river.,7 Vonerca Dene De. eee 7 eh aaa sa all,1,0.0,0.057,0.025,0.507,0.079,"#c4cbc7,#67795f,#303c20",1,,
eyHB2gfWo_I,https://www.youtube.com/watch?v=eyHB2gfWo_I,How to make Coconut Wax Candles at home,324.0,storyboard,35,283.5,291.6,8.1,https://youtu.be/eyHB2gfWo_I?t=284s,outro_cta,aux,0,0.5,Outro shot of the creator by the river.,,0,0.0,0.0,0.0,0.001,0.01,"#000000,#090000,#060000",0,blank,
fS_Y1fC39kM,https://www.youtube.com/watch?v=fS_Y1fC39kM,How to Make Candles with Essential Oils - Homemade Summer DIY♡ NaturallyThriftyMom,261.0,storyboard,28,221.45,229.36,7.91,https://youtu.be/fS_Y1fC39kM?t=221s,outro_cta,aux,0,0.55,'SUBSCRIBE / Click for more' end card.,Rico ia CUkK for more! oS Bin.,1,0.0,0.117,0.355,0.468,0.075,"#f7f7f6,#9e9593,#423e3c",1,,
fXBd9th3Mq8,https://www.youtube.com/watch?v=fXBd9th3Mq8,HOW TO START A CANDLE BUSINESS FOR $100 | Everything You NEED to START a CANDLE BUSINESS,898.0,storyboard,111,889.98,898.0,8.02,https://youtu.be/fXBd9th3Mq8?t=890s,outro_cta,aux,0,0.45,Host wraps up with a peace sign.,id ae Vi. 7 ae in,1,1.0,0.025,0.0,0.401,0.218,"#925c71,#35203c,#bb77ad",0,talking_head,
fhuTHnPrqIM,https://www.youtube.com/watch?v=fhuTHnPrqIM,The candle that never goes out and lasts  FOREVER,170.0,storyboard,18,145.71,153.81,8.1,https://youtu.be/fhuTHnPrqIM?t=146s,outro_cta,aux,0,0.5,Lit candle with caption 'if you liked it don't forget to like'.,"If you liked it, don't forget to like, subscribe to the channel aiid share it oa",1,0.0,0.084,0.205,0.314,0.223,"#1c1110,#7f5d1b,#c6ac90",1,,
fhuTHnPrqIM,https://www.youtube.com/watch?v=fhuTHnPrqIM,The candle that never goes out and lasts  FOREVER,170.0,storyboard,19,153.81,161.9,8.09,https://youtu.be/fhuTHnPrqIM?t=154s,outro_cta,aux,0,0.5,Lit candle with outro caption.,God bless you see you nex time: os oP 7 aa az 7 Nee sy NS BSe hee fo ae. Pag AS 5 Mens,1,0.0,0.029,0.201,0.379,0.237,"#5f605e,#9d9186,#a17916",1,,
gUmo_4_EhuI,https://www.youtube.com/watch?v=gUmo_4_EhuI,Make DIY Aesthetic Candles with Me | DIY cute candles handmade candle gift ideas | Temu molds review,529.0,storyboard,64,512.97,520.98,8.01,https://youtu.be/gUmo_4_EhuI?t=513s,outro_cta,aux,0,0.6,'Thank you for watching' card.,Thank you for watching! JOOLIE Etsy,1,0.0,0.041,0.0,0.962,0.09,"#fdfdcd,#f4f4da,#c9beb9",0,text_overlay,
hFXp2bgxQh8,https://www.youtube.com/watch?v=hFXp2bgxQh8,how to easily set up a wooden wick 🕯️ candle making tips,107.0,storyboard,12,98.77,107.0,8.23,https://youtu.be/hFXp2bgxQh8?t=99s,outro_cta,aux,0,0.5,Host wraps up the tutorial to camera.,he NM ie,1,0.0,0.042,0.0,0.699,0.081,"#e0dde2,#aba095,#6f6651",1,,
ii200kAolbk,https://www.youtube.com/watch?v=ii200kAolbk,How to Calculate Wax and Fragrance for Candles | Candle Making Math Made Easy | Candle Formulas,246.0,storyboard,30,238.06,246.0,7.94,https://youtu.be/ii200kAolbk?t=238s,outro_cta,aux,0,0.4,Closing frame.,THANKS FOR WATCHING!,1,0.0,0.041,0.466,0.618,0.019,"#f8f2e8,#171513,#72706a",1,,
ik4FhLsmJ24,https://www.youtube.com/watch?v=ik4FhLsmJ24,WoodWick® Candle Care - Tips for using candles with Hearthwick® Flame,146.0,storyboard,15,121.67,129.78,8.11,https://youtu.be/ik4FhLsmJ24?t=122s,outro_cta,aux,0,0.6,'Thank You' end card over a candle.,Thank You 800.827.2231 Ce,1,0.0,0.159,0.203,0.235,0.06,"#160b05,#4a3e36,#8d837d",1,,
ik4FhLsmJ24,https://www.youtube.com/watch?v=ik4FhLsmJ24,WoodWick® Candle Care - Tips for using candles with Hearthwick® Flame,146.0,storyboard,16,129.78,137.89,8.11,https://youtu.be/ik4FhLsmJ24?t=130s,outro_cta,aux,0,0.6,'Thank You' end card.,Thank You ns ees i'w ew by ee 800.827.2231 or te ee,1,0.0,0.227,0.023,0.123,0.05,"#160a06,#4e4039,#928883",1,,
ik4FhLsmJ24,https://www.youtube.com/watch?v=ik4FhLsmJ24,WoodWick® Candle Care - Tips for using candles with Hearthwick® Flame,146.0,storyboard,17,137.89,146.0,8.11,https://youtu.be/ik4FhLsmJ24?t=138s,outro_cta,aux,0,0.6,'Thank You' end card.,,0,0.0,0.072,0.063,0.042,0.017,"#000000,#010101,#0a0a0a",0,blank,description references on-screen text but OCR found none
jJWl9Kpwbno,https://www.youtube.com/watch?v=jJWl9Kpwbno,How to Make Candles in 5 Minutes (Crash Course) | DIY Candle Making for Beginners,442.0,storyboard,54,433.96,442.0,8.04,https://youtu.be/jJWl9Kpwbno?t=434s,outro_cta,aux,0,0.5,closing remarks to camera,ne: ay Py,1,1.0,0.122,0.0,0.232,0.076,"#1c1c1a,#45443f,#9b877f",0,talking_head,
jbMUNPj_okc,https://www.youtube.com/watch?v=jbMUNPj_okc,How to calculate how much fragrance oil to put in your candles || EASIEST CANDLE MATH,860.0,storyboard,104,828.15,836.11,7.96,https://youtu.be/jbMUNPj_okc?t=828s,outro_cta,aux,0,0.6,'Thanks for watching / subscribe' end card.,ca ks Sats ee ee es oornrke Wh ES aw fi PRESCRIBE HERE,1,0.0,0.214,0.0,0.294,0.235,"#8c514a,#3f122f,#bcb198",0,text_overlay,
jbMUNPj_okc,https://www.youtube.com/watch?v=jbMUNPj_okc,How to calculate how much fragrance oil to put in your candles || EASIEST CANDLE MATH,860.0,storyboard,105,836.11,844.07,7.96,https://youtu.be/jbMUNPj_okc?t=836s,outro_cta,aux,0,0.6,'Thanks for watching / subscribe' end card.,4 1 ety TL to Pea lh AW CHING! Aor Dat LAS ae ve SUBSCRIBE HERE,1,0.0,0.221,0.034,0.278,0.204,"#3b102d,#7a4c4b,#b29c89",1,,
jbMUNPj_okc,https://www.youtube.com/watch?v=jbMUNPj_okc,How to calculate how much fragrance oil to put in your candles || EASIEST CANDLE MATH,860.0,storyboard,106,844.07,852.04,7.97,https://youtu.be/jbMUNPj_okc?t=844s,outro_cta,aux,0,0.6,'Thanks for watching / subscribe' end card.,ier 7 Age,1,0.0,0.086,0.0,0.215,0.211,"#3d0f2d,#7a454d,#ecc962",1,,
jbMUNPj_okc,https://www.youtube.com/watch?v=jbMUNPj_okc,How to calculate how much fragrance oil to put in your candles || EASIEST CANDLE MATH,860.0,storyboard,107,852.04,860.0,7.96,https://youtu.be/jbMUNPj_okc?t=852s,outro_cta,aux,0,0.6,'Thanks for watching / subscribe' end card.,,0,0.0,0.0,0.001,0.001,0.006,"#000000,#040000,#010104",0,blank,description references on-screen text but OCR found none
k0tHC2jZLwk,https://www.youtube.com/watch?v=k0tHC2jZLwk,How to make a glitter gel candle ✨| Supplies For Candles,146.0,storyboard,17,137.89,146.0,8.11,https://youtu.be/k0tHC2jZLwk?t=138s,outro_cta,aux,0,0.5,'THANK YOU FOR WATCHING' card.,,0,0.0,0.037,0.516,0.654,0.011,"#fefeff,#fdfdfd,#f7fdfd",1,,description references on-screen text but OCR found none
k4UzRUgCPZw,https://www.youtube.com/watch?v=k4UzRUgCPZw,How to Make Stronger Smelling Candles // Candle Making 101: Hot Throw,187.0,storyboard,20,162.61,170.74,8.13,https://youtu.be/k4UzRUgCPZw?t=163s,outro_cta,aux,0,0.5,'key points' summary card.,"key points be precise with mec sure nents choose the appropriate tla don get discouraged, factors like environment can Gifeect hot throw. understand the limits of differe types of candles",1,0.0,0.113,0.027,0.497,0.144,"#a25a51,#b77c72,#dbaca0",1,,
k4UzRUgCPZw,https://www.youtube.com/watch?v=k4UzRUgCPZw,How to Make Stronger Smelling Candles // Candle Making 101: Hot Throw,187.0,storyboard,21,170.74,178.87,8.13,https://youtu.be/k4UzRUgCPZw?t=171s,outro_cta,aux,0,0.5,'key points' summary card.,key points be precise with ments choose the apprep ax don't get discoll oS environment can Offect hot throw. understand the limits of different types of candies,1,0.0,0.106,0.264,0.338,0.101,"#a45e55,#c1887c,#e1b8ad",1,,
k4UzRUgCPZw,https://www.youtube.com/watch?v=k4UzRUgCPZw,How to Make Stronger Smelling Candles // Candle Making 101: Hot Throw,187.0,storyboard,22,178.87,187.0,8.13,https://youtu.be/k4UzRUgCPZw?t=179s,outro_cta,aux,0,0.5,'key points' summary card.,,0,0.0,0.0,0.0,0.0,0.006,"#000000,#000001,#000300",0,blank,description references on-screen text but OCR found none
kdQH8hAYZ38,https://www.youtube.com/watch?v=kdQH8hAYZ38,how to make candles with essential oils 💐,179.0,storyboard,21,170.86,179.0,8.14,https://youtu.be/kdQH8hAYZ38?t=171s,outro_cta,aux,0,0.5,Host wraps up to camera.,EAS me eS io Fy itis,1,0.0,0.079,0.0,0.711,0.074,"#e7eaed,#aea69e,#70695a",1,,
lTMszYRbm84,https://www.youtube.com/watch?v=lTMszYRbm84,Candle Making Tutorial | DIY Candle Pouring for Beginners,174.0,storyboard,20,158.18,166.09,7.91,https://youtu.be/lTMszYRbm84?t=158s,outro_cta,aux,0,0.55,Host wraps up; ADHDIY end card.,CMicK OUT id Foc mt am SMBSCRIBE FOLLOW Us peru Mnetend coy netemtee,1,0.0,0.049,0.031,0.936,0.07,"#fcfcfc,#ddece7,#b5b39f",1,,
lTMszYRbm84,https://www.youtube.com/watch?v=lTMszYRbm84,Candle Making Tutorial | DIY Candle Pouring for Beginners,174.0,storyboard,21,166.09,174.0,7.91,https://youtu.be/lTMszYRbm84?t=166s,outro_cta,aux,0,0.55,ADHDIY end card.,OOOO,0,0.0,0.014,0.468,0.312,0.025,"#000000,#010100,#000002",1,,
lwiqFbJa51w,https://www.youtube.com/watch?v=lwiqFbJa51w,Small Business Packaging Ideas | Packing candles tips and hacks on a budget | DIY cheap & cute ideas,444.0,storyboard,55,436.07,444.0,7.93,https://youtu.be/lwiqFbJa51w?t=436s,outro_cta,aux,0,0.6,'Thank you for watching' (Joolie) card.,ee ae,0,0.0,0.02,0.956,0.478,0.052,"#000000,#000003,#010000",1,,description references on-screen text but OCR found none
lyN8MQxg4Uw,https://www.youtube.com/watch?v=lyN8MQxg4Uw,How I soak my wood wicks in 2023.,184.0,storyboard,22,176.0,184.0,8.0,https://youtu.be/lyN8MQxg4Uw?t=176s,outro_cta,aux,0,0.4,Closing frame with branding.,,0,0.0,0.0,0.0,0.0,0.002,"#000000,#010102,#000002",0,blank,
m8gO36sLIfo,https://www.youtube.com/watch?v=m8gO36sLIfo,Easy Candle Making for Kids | Fun DIY Candle Tutorial at Home,214.0,storyboard,26,206.07,214.0,7.93,https://youtu.be/m8gO36sLIfo?t=206s,outro_cta,aux,0,0.4,Closing frame.,Sy Se aL. ae gh LS,1,0.0,0.017,0.179,0.606,0.155,"#cfc1a2,#9b8365,#614129",1,,
mHXvtRqE-u0,https://www.youtube.com/watch?v=mHXvtRqE-u0,Palm Wax Candle Experiment | Part One,570.0,storyboard,64,513.8,521.83,8.03,https://youtu.be/mHXvtRqE-u0?t=514s,outro_cta,aux,0,0.6,'Thank you for watching' card.,TRALKE Fen Larenihes HTTPS WAIMATAGECAMDL EDOM AIRY COM,1,0.0,0.073,0.0,0.907,0.003,"#ebebea,#cacaca,#8d8d8d",0,text_overlay,
mHXvtRqE-u0,https://www.youtube.com/watch?v=mHXvtRqE-u0,Palm Wax Candle Experiment | Part One,570.0,storyboard,65,521.83,529.86,8.03,https://youtu.be/mHXvtRqE-u0?t=522s,outro_cta,aux,0,0.6,'Thank you for watching' card.,TRALGE Pel WERE HITS AMAT ADS Tenant COMPANY Cie,1,0.0,0.076,0.011,0.908,0.004,"#ebebeb,#d2d2d2,#979797",0,text_overlay,
mHXvtRqE-u0,https://www.youtube.com/watch?v=mHXvtRqE-u0,Palm Wax Candle Experiment | Part One,570.0,storyboard,66,529.86,537.89,8.03,https://youtu.be/mHXvtRqE-u0?t=530s,outro_cta,aux,0,0.6,'Thank you for watching' card.,,0,0.0,0.0,0.0,0.0,0.001,"#000000,#010001,#010000",0,blank,description references on-screen text but OCR found none
nVrWdGYHQkc,https://www.youtube.com/watch?v=nVrWdGYHQkc,Easy DIY Candle Making Tutorial for Beginners || Step-By-Step Guide || GIVEAWAY OVER,511.0,storyboard,61,487.05,495.03,7.98,https://youtu.be/nVrWdGYHQkc?t=487s,outro_cta,aux,0,0.5,'Love & Co' giveaway end card.,,0,0.0,0.012,0.875,0.438,0.048,"#000000,#000001,#020005",1,,description references on-screen text but OCR found none
nnm8jirkn64,https://www.youtube.com/watch?v=nnm8jirkn64,5 Things I Don't Like About Wood Wicks (But Still Use Them!),431.0,storyboard,51,407.06,415.04,7.98,https://youtu.be/nnm8jirkn64?t=407s,outro_cta,aux,0,0.5,Host wraps up; subscribed overlay.,Ww,0,1.0,0.032,0.015,0.167,0.17,"#0d0d14,#423774,#e6dad6",0,talking_head,description references on-screen text but OCR found none
o3oqto7AHIs,https://www.youtube.com/watch?v=o3oqto7AHIs,Why This Luxury Candle Costs $660 | So Expensive | Business Insider,621.0,storyboard,76,605.08,613.04,7.96,https://youtu.be/o3oqto7AHIs?t=605s,outro_cta,aux,0,0.45,End credits.,me Lo at ry,1,0.0,0.039,0.0,0.206,0.069,"#171412,#483f39,#73685b",1,,
o3oqto7AHIs,https://www.youtube.com/watch?v=o3oqto7AHIs,Why This Luxury Candle Costs $660 | So Expensive | Business Insider,621.0,storyboard,77,613.04,621.0,7.96,https://youtu.be/o3oqto7AHIs?t=613s,outro_cta,aux,0,0.45,End credits.,3 1 4 4,0,0.0,0.025,0.036,0.309,0.117,"#28251e,#7d6f50,#a99f85",1,,
o4YzLSxaahk,https://www.youtube.com/watch?v=o4YzLSxaahk,🥥 How to Make Coconut Apricot Wax Candles | *my process* summer edition :) 🏝️,455.0,storyboard,50,399.12,407.11,7.99,https://youtu.be/o4YzLSxaahk?t=399s,outro_cta,aux,0,0.45,Motivational text overlay.,"it is during the tines that you are struggling most that you will later be grateful because they support the person you are becoming and will give you depth and compassion, do not ever give up. i'm al",1,0.0,0.119,0.002,0.065,0.006,"#000000,#30302f,#858585",0,blank,
o4YzLSxaahk,https://www.youtube.com/watch?v=o4YzLSxaahk,🥥 How to Make Coconut Apricot Wax Candles | *my process* summer edition :) 🏝️,455.0,storyboard,51,407.11,415.09,7.98,https://youtu.be/o4YzLSxaahk?t=407s,outro_cta,aux,0,0.45,Maker (cap) talks in the room.,,0,0.0,0.009,0.0,0.171,0.052,"#030203,#b1aca6,#82715e",1,,
o4YzLSxaahk,https://www.youtube.com/watch?v=o4YzLSxaahk,🥥 How to Make Coconut Apricot Wax Candles | *my process* summer edition :) 🏝️,455.0,storyboard,52,415.09,423.07,7.98,https://youtu.be/o4YzLSxaahk?t=415s,outro_cta,aux,0,0.5,'Follow me on instagram @earthglowofficial' outro.,7,0,0.0,0.031,0.198,0.099,0.046,"#000000,#010101,#000000",0,blank,description references on-screen text but OCR found none
oGFxRbA564w,https://www.youtube.com/watch?v=oGFxRbA564w,How to make Margarita/drink candles. Super easy,166.0,storyboard,19,150.19,158.1,7.91,https://youtu.be/oGFxRbA564w?t=150s,outro_cta,aux,0,0.45,'If you can dream it you can do it' card.,THANKS FOR WATCHINGI,1,0.0,0.075,0.535,0.584,0.096,"#fcf9fb,#d5aec1,#464046",1,,
oMSta9suaQ8,https://www.youtube.com/watch?v=oMSta9suaQ8,How to make marble candles // Marble candle tutorial // DIY marbled candles,115.0,storyboard,13,106.79,115.0,8.21,https://youtu.be/oMSta9suaQ8?t=107s,outro_cta,aux,0,0.6,'THANKS FOR WATCHING / SUBSCRIBE' end card.,THANKS FOR WATCHING!,1,0.0,0.041,0.466,0.619,0.019,"#f9f2e9,#13110e,#75726d",1,,
o_RGzWnILag,https://www.youtube.com/watch?v=o_RGzWnILag,How to Calculate How Much Candle Wax and Fragrance Oil You Need | Candle Making Math | CandleScience,184.0,storyboard,20,160.0,168.0,8.0,https://youtu.be/o_RGzWnILag?t=160s,outro_cta,aux,0,0.5,candlescience.com end card.,Viel es at candlescience.com frggance OFS Cate Mabe Se gpthet- bony Oey baed ow Seu Water bert,1,0.0,0.167,0.129,0.381,0.056,"#44474a,#999da0,#dbdfe2",1,,
o_RGzWnILag,https://www.youtube.com/watch?v=o_RGzWnILag,How to Calculate How Much Candle Wax and Fragrance Oil You Need | Candle Making Math | CandleScience,184.0,storyboard,21,168.0,176.0,8.0,https://youtu.be/o_RGzWnILag?t=168s,outro_cta,aux,0,0.5,candlescience.com end card.,te tet ee,1,0.0,0.071,0.16,0.107,0.006,"#000000,#040000,#020001",1,,
otT0f6GWasc,https://www.youtube.com/watch?v=otT0f6GWasc,DIY Luxury Iridescent Soy Candles at Home!,789.0,storyboard,96,765.09,773.06,7.97,https://youtu.be/otT0f6GWasc?t=765s,outro_cta,aux,0,0.6,'Thanks for watching' end card.,Vee Age 4 2 4 anil mec. 8 6 NEXT VIDEO PREVIOUS VIDEO WA Vv,1,0.0,0.075,0.012,0.85,0.223,"#fefcfd,#f3b6c4,#cb6c87",0,text_overlay,
otT0f6GWasc,https://www.youtube.com/watch?v=otT0f6GWasc,DIY Luxury Iridescent Soy Candles at Home!,789.0,storyboard,97,773.06,781.03,7.97,https://youtu.be/otT0f6GWasc?t=773s,outro_cta,aux,0,0.6,'Thanks for watching' end card.,Vee Age 4 2 4 anil mec. 8 6 NEXT VIDEO PREVIOUS VIDEO WA Vv,1,0.0,0.073,0.0,0.851,0.223,"#fdf9fa,#eca2b5,#34171b",0,text_overlay,
otT0f6GWasc,https://www.youtube.com/watch?v=otT0f6GWasc,DIY Luxury Iridescent Soy Candles at Home!,789.0,storyboard,98,781.03,789.0,7.97,https://youtu.be/otT0f6GWasc?t=781s,outro_cta,aux,0,0.6,'Thanks for watching' end card.,Vee Age 4 2 4 anil mec. 8 6 NEXT VIDEO PREVIOUS VIDEO WA Vv,1,0.0,0.073,0.0,0.851,0.223,"#efa5b8,#fefbfc,#643942",0,text_overlay,
p3X85tRiKRc,https://www.youtube.com/watch?v=p3X85tRiKRc,How To Make Soy Candles | Beginners Candle Making Tutorial,532.0,storyboard,56,451.39,459.45,8.06,https://youtu.be/p3X85tRiKRc?t=451s,outro_cta,aux,0,0.5,Cosy Owl logo card.,pS ee be,1,0.0,0.043,0.738,0.37,0.044,"#000000,#080404,#000004",1,,
qFox4kyUIJA,https://www.youtube.com/watch?v=qFox4kyUIJA,Let's make Wax Melts! | Launching a new product | Small business diaries | Golden brand 494 wax,481.0,storyboard,58,464.97,472.98,8.01,https://youtu.be/qFox4kyUIJA?t=465s,outro_cta,aux,0,0.6,'Thank you for watching' card.,Thank you for watching! tener,1,0.0,0.05,0.0,0.958,0.102,"#fdfcc6,#c0beb6,#66777e",0,text_overlay,
qavzkjldNdE,https://www.youtube.com/watch?v=qavzkjldNdE,DIY dessert candle | How to make candles at home | handmade freedom coconut soy wax wood wick gifts,760.0,storyboard,94,752.0,760.0,8.0,https://youtu.be/qavzkjldNdE?t=752s,outro_cta,aux,0,0.5,'Thank you for watching' end card.,,0,0.0,0.015,0.985,0.492,0.021,"#000000,#000004,#000002",1,,description references on-screen text but OCR found none
qlyYdhfU5nA,https://www.youtube.com/watch?v=qlyYdhfU5nA,🎥 Beginner’s Guide to Candle Making | Step-by-Step Tutorial 🕯️,204.0,storyboard,23,180.46,188.31,7.85,https://youtu.be/qlyYdhfU5nA?t=180s,outro_cta,aux,0,0.6,'Supplies & Candles' brand card,ti ee,0,0.0,0.022,0.299,0.199,0.027,"#000000,#000003,#020100",1,,description references on-screen text but OCR found none
qlyYdhfU5nA,https://www.youtube.com/watch?v=qlyYdhfU5nA,🎥 Beginner’s Guide to Candle Making | Step-by-Step Tutorial 🕯️,204.0,storyboard,24,188.31,196.15,7.84,https://youtu.be/qlyYdhfU5nA?t=188s,outro_cta,aux,0,0.65,'Supplies & Candles' brand card,SUPPLIES CANDLES:,1,0.0,0.038,0.001,0.018,0.0,"#010101,#7b7b7b,#4b4b4b",0,blank,
rFGerjaJG40,https://www.youtube.com/watch?v=rFGerjaJG40,DIY Candle #craft #creative #shortvideo #candlemaking #marbleeffect #scentedcandle #handmade,71.0,storyboard,8,63.11,71.0,7.89,https://youtu.be/rFGerjaJG40?t=63s,outro_cta,aux,0,0.5,"On-screen text card (auto-detected: static frame, OCR text). Text reads: 'Ss Neat 5 rm Re, YY fs Fal'.","Ss Neat 5 rm Re, YY fs Fal",1,0.0,0.099,0.0,0.149,0.122,"#020301,#707050,#cbb4b3",0,text_overlay,
rjhYJgEVFMw,https://www.youtube.com/watch?v=rjhYJgEVFMw,How to Make a Container Candle | Hobbycraft,185.0,storyboard,21,168.91,176.96,8.05,https://youtu.be/rjhYJgEVFMw?t=169s,outro_cta,aux,0,0.6,hobbycraft.co.uk end card.,,0,0.0,0.0,0.001,0.001,0.002,"#000000,#010000,#010101",0,blank,
rjhYJgEVFMw,https://www.youtube.com/watch?v=rjhYJgEVFMw,How to Make a Container Candle | Hobbycraft,185.0,storyboard,22,176.96,185.0,8.04,https://youtu.be/rjhYJgEVFMw?t=177s,outro_cta,aux,0,0.6,hobbycraft.co.uk end card.,,0,0.0,0.0,0.0,0.0,0.0,"#000000,#010101,#010100",0,blank,
rltpKr2t-Bw,https://www.youtube.com/watch?v=rltpKr2t-Bw,How to Make Pillar Candles // CandleScience Tutorials,130.0,storyboard,14,113.75,121.88,8.13,https://youtu.be/rltpKr2t-Bw?t=114s,outro_cta,aux,0,0.6,'THANKS FOR WATCHING' end card.,,0,0.0,0.0,0.0,0.0,0.003,"#000000,#010000,#020003",0,blank,description references on-screen text but OCR found none
rltpKr2t-Bw,https://www.youtube.com/watch?v=rltpKr2t-Bw,How to Make Pillar Candles // CandleScience Tutorials,130.0,storyboard,15,121.88,130.0,8.12,https://youtu.be/rltpKr2t-Bw?t=122s,outro_cta,aux,0,0.55,End card / closing frame.,,0,0.0,0.0,0.0,0.0,0.003,"#000000,#010000,#020003",0,blank,
tAUu-zn8nXo,https://www.youtube.com/watch?v=tAUu-zn8nXo,Things I wish I knew BEFORE starting a Candle Business,216.0,storyboard,26,208.0,216.0,8.0,https://youtu.be/tAUu-zn8nXo?t=208s,outro_cta,aux,0,0.55,"Host wraps up to camera, hands together.",yt Gs bh,1,0.0,0.027,0.0,0.773,0.086,"#d5cad5,#b17c77,#543737",1,,
tMEvEm_hFkI,https://www.youtube.com/watch?v=tMEvEm_hFkI,Best Fragrance Oil For Candle Making,480.0,storyboard,57,456.0,464.0,8.0,https://youtu.be/tMEvEm_hFkI?t=456s,outro_cta,aux,0,0.6,'Thank you for watching' card.,,0,0.0,0.007,0.401,0.659,0.114,"#f7e4aa,#eddba1,#e4d298",1,,description references on-screen text but OCR found none
tMEvEm_hFkI,https://www.youtube.com/watch?v=tMEvEm_hFkI,Best Fragrance Oil For Candle Making,480.0,storyboard,58,464.0,472.0,8.0,https://youtu.be/tMEvEm_hFkI?t=464s,outro_cta,aux,0,0.6,'Thank you for watching' card.,,0,0.0,0.006,0.0,0.808,0.113,"#e1d2a2,#f2e4b7,#c5b78d",1,,description references on-screen text but OCR found none
tUXkZFNUQXI,https://www.youtube.com/watch?v=tUXkZFNUQXI,How I Make Our #1 Bestselling Market Tins | Full Recipe Included,364.0,storyboard,39,308.61,316.52,7.91,https://youtu.be/tUXkZFNUQXI?t=309s,outro_cta,aux,0,0.5,"On-screen text card (auto-detected: static frame, OCR text). Text reads: 'S/S 4 al po Sar 4 4 wy Pa oad 4 2 ae cae face ee'.",S/S 4 al po Sar 4 4 wy Pa oad 4 2 ae cae face ee,1,0.0,0.076,0.0,0.459,0.133,"#5b4d1d,#bea98c,#847450",0,text_overlay,
upLGuIZtRdg,https://www.youtube.com/watch?v=upLGuIZtRdg,Create Candles Like a Pro: 3 Mistakes to Avoid,439.0,storyboard,48,383.13,391.11,7.98,https://youtu.be/upLGuIZtRdg?t=383s,outro_cta,aux,0,0.6,'Thank you for watching' card.,,0,0.0,0.009,0.003,0.832,0.047,"#dfd8ca,#ded1be,#b4a998",1,,description references on-screen text but OCR found none
upLGuIZtRdg,https://www.youtube.com/watch?v=upLGuIZtRdg,Create Candles Like a Pro: 3 Mistakes to Avoid,439.0,storyboard,49,391.11,399.09,7.98,https://youtu.be/upLGuIZtRdg?t=391s,outro_cta,aux,0,0.6,'Thank you for watching' card.,,0,0.0,0.0,0.0,0.0,0.004,"#000000,#010002,#000105",0,blank,description references on-screen text but OCR found none
utr9EuGsSJs,https://www.youtube.com/watch?v=utr9EuGsSJs,DIY Scented Freedom Soy Wax Candles at home |  Candle making kit review | Microwave your wax!,509.0,storyboard,60,477.19,485.14,7.95,https://youtu.be/utr9EuGsSJs?t=477s,outro_cta,aux,0,0.6,'Thank you for watching' card.,SO eee ey eee,1,0.0,0.025,0.958,0.479,0.051,"#000000,#010101,#010004",1,,
v9z-JiqGX1U,https://www.youtube.com/watch?v=v9z-JiqGX1U,Candle Making Instructions - Candle Craft Club DIY Candle Making Kit - How to make Soy Wax candles,184.0,storyboard,22,176.0,184.0,8.0,https://youtu.be/v9z-JiqGX1U?t=176s,outro_cta,aux,0,0.45,fade to black / end,,0,0.0,0.0,0.0,0.001,0.006,"#000000,#050000,#020000",0,blank,
vVlmkfF_PRk,https://www.youtube.com/watch?v=vVlmkfF_PRk,How to Make Soy Candles | Easy DIY Tutorial,456.0,storyboard,52,416.0,424.0,8.0,https://youtu.be/vVlmkfF_PRk?t=416s,outro_cta,aux,0,0.7,'Subscribe / Watch More' end card,,0,0.0,0.018,0.0,0.851,0.034,"#d6d3d0,#e8e7e6,#b7b5b4",1,,description references on-screen text but OCR found none
vm9aSzlLWnw,https://www.youtube.com/watch?v=vm9aSzlLWnw,How I Pour My Candles In Bulk For My Business (quick & efficient batch making),755.0,storyboard,78,626.49,634.52,8.03,https://youtu.be/vm9aSzlLWnw?t=626s,outro_cta,aux,0,0.6,'Thank you / channel members' end card.,Wes oe SPECIAL THANKS TO MY sal CHANNEL MEMBERS! ike pp Oty nn ry ie ee ee ee ee Cane or oy et EA OS OE ee Oe Re Oe ee ey ye ee ee ee ee ee Vy CSEee as aswcem 0 muse coreee- 18 EN Ferree SERN Te Tee A,1,0.0,0.221,0.319,0.672,0.033,"#d6dde5,#aeb3bb,#6a6e76",1,,
vm9aSzlLWnw,https://www.youtube.com/watch?v=vm9aSzlLWnw,How I Pour My Candles In Bulk For My Business (quick & efficient batch making),755.0,storyboard,79,634.52,642.55,8.03,https://youtu.be/vm9aSzlLWnw?t=635s,outro_cta,aux,0,0.6,'Thank you / channel members' end card.,my 3 THANKYOU gh ff 7 FOR WATCHING! VW SUSECIUSE,1,0.0,0.249,0.01,0.616,0.109,"#e3e7e5,#161c19,#6c9a84",0,text_overlay,
vm9aSzlLWnw,https://www.youtube.com/watch?v=vm9aSzlLWnw,How I Pour My Candles In Bulk For My Business (quick & efficient batch making),755.0,storyboard,80,642.55,650.59,8.04,https://youtu.be/vm9aSzlLWnw?t=643s,outro_cta,aux,0,0.6,'Thank you / channel members' end card.,ry THANKYOU FOR WATCHING! SUBSCRIBE,1,0.0,0.262,0.022,0.616,0.11,"#e3e8e5,#161a18,#6d9982",1,,
vnL7IzFaKUY,https://www.youtube.com/watch?v=vnL7IzFaKUY,What is candle frosting and how to prevent it? | Soy Candles,299.0,storyboard,36,290.92,299.0,8.08,https://youtu.be/vnL7IzFaKUY?t=291s,outro_cta,aux,0,0.5,Cosy Owl end card.,,0,0.0,0.0,0.0,0.0,0.0,"#000000,#020100,#010000",0,blank,
x0dohaYKy9w,https://www.youtube.com/watch?v=x0dohaYKy9w,Small Candle Business from home: shop launch prep! Make 300 candles for Amazon fba with digiboil,347.0,storyboard,41,330.86,338.93,8.07,https://youtu.be/x0dohaYKy9w?t=331s,outro_cta,aux,0,0.5,"On-screen text card (auto-detected: static frame, OCR text). Text reads: 'Thank you for watching! Py werw dreaiabnadioca com jpolieshome.com 3'.",Thank you for watching! Py werw dreaiabnadioca com jpolieshome.com 3,1,0.0,0.064,0.0,0.964,0.05,"#fbfbe6,#c5c8cb,#8a8c92",0,text_overlay,
zBcOeiJCRmM,https://www.youtube.com/watch?v=zBcOeiJCRmM,How To Start A Candle Business In 4 Steps | Baroque Candle Co.,265.0,storyboard,29,232.88,240.91,8.03,https://youtu.be/zBcOeiJCRmM?t=233s,outro_cta,aux,0,0.5,Host wraps up to camera.,qe,0,0.667,0.09,0.208,0.27,0.06,"#9ea19d,#222119,#686458",0,talking_head,
zrSVQ5CXUk8,https://www.youtube.com/watch?v=zrSVQ5CXUk8,Starting a candle business from home in 2023 starting a small business | make candles with me! 캔들사업,220.0,storyboard,26,204.29,212.14,7.85,https://youtu.be/zrSVQ5CXUk8?t=204s,outro_cta,aux,0,0.5,"On-screen text card (auto-detected: static frame, OCR text). Text reads: 'Thank you for watching! JOO Etsy'.",Thank you for watching! JOO Etsy,1,0.0,0.04,0.0,0.962,0.09,"#fdfccd,#f4f5d8,#ccc3b9",0,text_overlay,
zrSVQ5CXUk8,https://www.youtube.com/watch?v=zrSVQ5CXUk8,Starting a candle business from home in 2023 starting a small business | make candles with me! 캔들사업,220.0,storyboard,27,212.14,220.0,7.86,https://youtu.be/zrSVQ5CXUk8?t=212s,outro_cta,aux,0,0.5,"On-screen text card (auto-detected: static frame, OCR text). Text reads: 'Thank you for watching! JOO Etsy'.",Thank you for watching! JOO Etsy,1,0.0,0.04,0.0,0.962,0.091,"#fdfccd,#f2f4d8,#c9bfba",0,text_overlay,
