video_id,video_url,video_title,video_duration_s,source,window_index,start_s,end_s,duration_s,window_url,action_label,phase,is_step,confidence,description,description_detailed,ocr_text,has_caption,face_score,text_score,motion,brightness,colorfulness,dominant_colors,keep,filter_reason,validation_flags
-pjWKo7zgrs,https://www.youtube.com/watch?v=-pjWKo7zgrs,DIY Candle Jars with Jesmonite and Boowannite | Nicole Molds jar mold diy handmade gift ideas,481.0,storyboard,5,40.08,48.1,8.02,https://youtu.be/-pjWKo7zgrs?t=40s,prepare_container,prep,1,0.45,"Making a jesmonite candle jar (mixing, pouring moulds, demoulding).","Making a jesmonite candle jar (mixing, pouring moulds, demoulding). steady, low-motion shot, well-lit, muted grey/brown palette (#968d7e, #4e4538). prep phase, ~8% in, 0:40–0:48.",yy 4,0,0.0,0.029,0.09,0.529,0.088,"#968d7e,#4e4538,#c7c0b1",1,,
-pjWKo7zgrs,https://www.youtube.com/watch?v=-pjWKo7zgrs,DIY Candle Jars with Jesmonite and Boowannite | Nicole Molds jar mold diy handmade gift ideas,481.0,storyboard,6,48.1,56.12,8.02,https://youtu.be/-pjWKo7zgrs?t=48s,prepare_container,prep,1,0.45,"Making a jesmonite candle jar (mixing, pouring moulds, demoulding).","Making a jesmonite candle jar (mixing, pouring moulds, demoulding). captioned, steady, low-motion shot, well-lit, muted beige/grey palette (#beb8ac, #8e8172). prep phase, ~10% in, 0:48–0:56.",7 4 is az Fpewic. port,1,0.0,0.035,0.102,0.542,0.083,"#beb8ac,#8e8172,#423b30",1,,
-pjWKo7zgrs,https://www.youtube.com/watch?v=-pjWKo7zgrs,DIY Candle Jars with Jesmonite and Boowannite | Nicole Molds jar mold diy handmade gift ideas,481.0,storyboard,7,56.12,64.13,8.01,https://youtu.be/-pjWKo7zgrs?t=56s,prepare_container,prep,1,0.45,"Making a jesmonite candle jar (mixing, pouring moulds, demoulding).","Making a jesmonite candle jar (mixing, pouring moulds, demoulding). captioned, static shot, well-lit, muted grey/brown palette (#978674, #503e30). prep phase, ~12% in, 0:56–1:04.",os 4 2 7,1,0.0,0.03,0.0,0.515,0.108,"#978674,#503e30,#ccc1b4",1,,
-pjWKo7zgrs,https://www.youtube.com/watch?v=-pjWKo7zgrs,DIY Candle Jars with Jesmonite and Boowannite | Nicole Molds jar mold diy handmade gift ideas,481.0,storyboard,8,64.13,72.15,8.02,https://youtu.be/-pjWKo7zgrs?t=64s,prepare_container,prep,1,0.45,"Making a jesmonite candle jar (mixing, pouring moulds, demoulding).","Making a jesmonite candle jar (mixing, pouring moulds, demoulding). moderate on-screen movement, well-lit, muted grey/beige palette (#867e70, #c7c0ba). prep phase, ~13% in, 1:04–1:12.",,0,0.0,0.014,0.169,0.515,0.104,"#867e70,#c7c0ba,#4a3d34",1,,
-pjWKo7zgrs,https://www.youtube.com/watch?v=-pjWKo7zgrs,DIY Candle Jars with Jesmonite and Boowannite | Nicole Molds jar mold diy handmade gift ideas,481.0,storyboard,9,72.15,80.17,8.02,https://youtu.be/-pjWKo7zgrs?t=72s,prepare_container,prep,1,0.45,"Making a jesmonite candle jar (mixing, pouring moulds, demoulding).","Making a jesmonite candle jar (mixing, pouring moulds, demoulding). static shot, well-lit, muted grey/beige palette (#8b7b6e, #c7beb2). prep phase, ~15% in, 1:12–1:20.",ia VA,0,0.0,0.043,0.0,0.503,0.129,"#8b7b6e,#c7beb2,#4d352b",1,,
-pjWKo7zgrs,https://www.youtube.com/watch?v=-pjWKo7zgrs,DIY Candle Jars with Jesmonite and Boowannite | Nicole Molds jar mold diy handmade gift ideas,481.0,storyboard,10,80.17,88.18,8.01,https://youtu.be/-pjWKo7zgrs?t=80s,prepare_container,prep,1,0.45,"Making a jesmonite candle jar (mixing, pouring moulds, demoulding).","Making a jesmonite candle jar (mixing, pouring moulds, demoulding). steady, low-motion shot, well-lit, muted grey/brown palette (#9b9286, #4d4438). prep phase, ~17% in, 1:20–1:28.",Pm WS,0,0.0,0.028,0.058,0.536,0.075,"#9b9286,#4d4438,#cbc8c3",1,,
-pjWKo7zgrs,https://www.youtube.com/watch?v=-pjWKo7zgrs,DIY Candle Jars with Jesmonite and Boowannite | Nicole Molds jar mold diy handmade gift ideas,481.0,storyboard,11,88.18,96.2,8.02,https://youtu.be/-pjWKo7zgrs?t=88s,prepare_container,prep,1,0.45,"Making a jesmonite candle jar (mixing, pouring moulds, demoulding).","Making a jesmonite candle jar (mixing, pouring moulds, demoulding). moderate on-screen movement, well-lit, muted grey/brown palette (#99978e, #594f41). prep phase, ~18% in, 1:28–1:36.",7,0,0.0,0.028,0.155,0.525,0.081,"#99978e,#594f41,#c3c1b6",1,,
-pjWKo7zgrs,https://www.youtube.com/watch?v=-pjWKo7zgrs,DIY Candle Jars with Jesmonite and Boowannite | Nicole Molds jar mold diy handmade gift ideas,481.0,storyboard,12,96.2,104.22,8.02,https://youtu.be/-pjWKo7zgrs?t=96s,prepare_container,prep,1,0.45,"Making a jesmonite candle jar (mixing, pouring moulds, demoulding).","Making a jesmonite candle jar (mixing, pouring moulds, demoulding). static shot, well-lit, muted brown/grey palette (#625749, #8a7f74). prep phase, ~20% in, 1:36–1:44.",,0,0.0,0.008,0.0,0.515,0.08,"#625749,#8a7f74,#bcbcb7",1,,
-pjWKo7zgrs,https://www.youtube.com/watch?v=-pjWKo7zgrs,DIY Candle Jars with Jesmonite and Boowannite | Nicole Molds jar mold diy handmade gift ideas,481.0,storyboard,13,104.22,112.23,8.01,https://youtu.be/-pjWKo7zgrs?t=104s,prepare_container,prep,1,0.45,"Making a jesmonite candle jar (mixing, pouring moulds, demoulding).","Making a jesmonite candle jar (mixing, pouring moulds, demoulding). moderate on-screen movement, well-lit, muted beige/grey palette (#b6b7b0, #717063). prep phase, ~22% in, 1:44–1:52.",Fry,0,0.0,0.029,0.232,0.52,0.083,"#b6b7b0,#717063,#282721",1,,
-pjWKo7zgrs,https://www.youtube.com/watch?v=-pjWKo7zgrs,DIY Candle Jars with Jesmonite and Boowannite | Nicole Molds jar mold diy handmade gift ideas,481.0,storyboard,14,112.23,120.25,8.02,https://youtu.be/-pjWKo7zgrs?t=112s,prepare_container,prep,1,0.45,"Making a jesmonite candle jar (mixing, pouring moulds, demoulding).","Making a jesmonite candle jar (mixing, pouring moulds, demoulding). captioned, steady, low-motion shot, well-lit, muted grey/beige palette (#7c7b73, #bdbeb7). prep phase, ~23% in, 1:52–2:00.",4 Ome ms 4 vA 1 ny 4 ae ae uu rat 4 fem Jesme bale EUS 10 sh pail out essenti PaO BRIANNE BNE tO. jesmoni,1,0.0,0.037,0.05,0.526,0.069,"#7c7b73,#bdbeb7,#31352a",1,,
-pjWKo7zgrs,https://www.youtube.com/watch?v=-pjWKo7zgrs,DIY Candle Jars with Jesmonite and Boowannite | Nicole Molds jar mold diy handmade gift ideas,481.0,storyboard,15,120.25,128.27,8.02,https://youtu.be/-pjWKo7zgrs?t=120s,prepare_container,prep,1,0.5,"On-screen text card (auto-detected: static frame, OCR text). Text reads: 'Sie ae rf aie 4 few Jesmomie videos in tail. but 45 atl ae sa A25-t fatio Ol seanioiite powder to je if'.","On-screen text card (auto-detected: static frame, OCR text). Text reads: 'Sie ae rf aie 4 few Jesmomie videos in tail. but 45 atl ae sa A25-t fatio Ol seanioiite powder to je if'. captioned, static shot, well-lit, muted brown/grey palette (#625b52, #8a8680). prep phase, ~25% in, 2:00–2:08.",Sie ae rf aie 4 few Jesmomie videos in tail. but 45 atl ae sa A25-t fatio Ol seanioiite powder to je if,1,0.0,0.046,0.0,0.523,0.064,"#625b52,#8a8680,#cecbc5",0,text_overlay,
-pjWKo7zgrs,https://www.youtube.com/watch?v=-pjWKo7zgrs,DIY Candle Jars with Jesmonite and Boowannite | Nicole Molds jar mold diy handmade gift ideas,481.0,storyboard,16,128.27,136.28,8.01,https://youtu.be/-pjWKo7zgrs?t=128s,prepare_container,prep,1,0.45,"Making a jesmonite candle jar (mixing, pouring moulds, demoulding).","Making a jesmonite candle jar (mixing, pouring moulds, demoulding). captioned, steady, low-motion shot, well-lit, muted brown/grey palette (#58584e, #87827a). prep phase, ~27% in, 2:08–2:16.",3. ee 7 XN Made dark toreat gee emmy lf,1,0.0,0.025,0.085,0.518,0.077,"#58584e,#87827a,#cdc9c3",1,,
-pjWKo7zgrs,https://www.youtube.com/watch?v=-pjWKo7zgrs,DIY Candle Jars with Jesmonite and Boowannite | Nicole Molds jar mold diy handmade gift ideas,481.0,storyboard,24,192.4,200.42,8.02,https://youtu.be/-pjWKo7zgrs?t=192s,prepare_container,prep,1,0.5,"Making the jesmonite jar (pour mould, demould, sand, lid).","Making the jesmonite jar (pour mould, demould, sand, lid). static shot, well-lit, muted beige/grey palette (#cfc2b8, #997f6e). prep phase, ~40% in, 3:12–3:20.",,0,0.0,0.016,0.0,0.557,0.118,"#cfc2b8,#997f6e,#60483c",1,,
-pjWKo7zgrs,https://www.youtube.com/watch?v=-pjWKo7zgrs,DIY Candle Jars with Jesmonite and Boowannite | Nicole Molds jar mold diy handmade gift ideas,481.0,storyboard,25,200.42,208.43,8.01,https://youtu.be/-pjWKo7zgrs?t=200s,prepare_container,prep,1,0.5,"Making the jesmonite jar (pour mould, demould, sand, lid).","Making the jesmonite jar (pour mould, demould, sand, lid). steady, low-motion shot, well-lit, muted grey/brown palette (#a1857a, #6c4d3f). prep phase, ~42% in, 3:20–3:28.","OS,",0,0.0,0.02,0.149,0.543,0.128,"#a1857a,#6c4d3f,#dbd3c5",1,,
-pjWKo7zgrs,https://www.youtube.com/watch?v=-pjWKo7zgrs,DIY Candle Jars with Jesmonite and Boowannite | Nicole Molds jar mold diy handmade gift ideas,481.0,storyboard,26,208.43,216.45,8.02,https://youtu.be/-pjWKo7zgrs?t=208s,prepare_container,prep,1,0.5,"Making the jesmonite jar (pour mould, demould, sand, lid).","Making the jesmonite jar (pour mould, demould, sand, lid). moderate on-screen movement, well-lit, muted grey/brown palette (#a3867c, #6c5448). prep phase, ~43% in, 3:28–3:36.",,0,0.0,0.0,0.151,0.539,0.136,"#a3867c,#6c5448,#d3c3be",1,,
-pjWKo7zgrs,https://www.youtube.com/watch?v=-pjWKo7zgrs,DIY Candle Jars with Jesmonite and Boowannite | Nicole Molds jar mold diy handmade gift ideas,481.0,storyboard,27,216.45,224.47,8.02,https://youtu.be/-pjWKo7zgrs?t=216s,prepare_container,prep,1,0.5,"Making the jesmonite jar (pour mould, demould, sand, lid).","Making the jesmonite jar (pour mould, demould, sand, lid). static shot, well-lit, muted beige/grey palette (#cdbcb2, #897060). prep phase, ~45% in, 3:36–3:44.",,0,0.0,0.003,0.0,0.546,0.105,"#cdbcb2,#897060,#56352a",1,,
-pjWKo7zgrs,https://www.youtube.com/watch?v=-pjWKo7zgrs,DIY Candle Jars with Jesmonite and Boowannite | Nicole Molds jar mold diy handmade gift ideas,481.0,storyboard,28,224.47,232.48,8.01,https://youtu.be/-pjWKo7zgrs?t=224s,prepare_container,prep,1,0.5,"Making the jesmonite jar (pour mould, demould, sand, lid).","Making the jesmonite jar (pour mould, demould, sand, lid). moderate on-screen movement, well-lit, muted grey/brown palette (#a68373, #69483b). prep phase, ~47% in, 3:44–3:52.",,0,0.0,0.009,0.194,0.51,0.139,"#a68373,#69483b,#d3bbae",1,,
-pjWKo7zgrs,https://www.youtube.com/watch?v=-pjWKo7zgrs,DIY Candle Jars with Jesmonite and Boowannite | Nicole Molds jar mold diy handmade gift ideas,481.0,storyboard,29,232.48,240.5,8.02,https://youtu.be/-pjWKo7zgrs?t=232s,prepare_container,prep,1,0.5,"Making the jesmonite jar (pour mould, demould, sand, lid).","Making the jesmonite jar (pour mould, demould, sand, lid). captioned, static shot, well-lit, muted grey/brown palette (#867b6b, #452e1f). prep phase, ~48% in, 3:52–4:00.",of et LF 4 fh,1,0.0,0.038,0.0,0.486,0.096,"#867b6b,#452e1f,#c7c3bc",1,,
-pjWKo7zgrs,https://www.youtube.com/watch?v=-pjWKo7zgrs,DIY Candle Jars with Jesmonite and Boowannite | Nicole Molds jar mold diy handmade gift ideas,481.0,storyboard,30,240.5,248.52,8.02,https://youtu.be/-pjWKo7zgrs?t=240s,prepare_container,prep,1,0.5,"Making the jesmonite jar (pour mould, demould, sand, lid).","Making the jesmonite jar (pour mould, demould, sand, lid). steady, low-motion shot, well-lit, muted grey/beige palette (#80715e, #c2bbb2). prep phase, ~50% in, 4:00–4:08.",7 7,0,0.0,0.044,0.127,0.477,0.109,"#80715e,#c2bbb2,#3f2a1c",1,,
-pjWKo7zgrs,https://www.youtube.com/watch?v=-pjWKo7zgrs,DIY Candle Jars with Jesmonite and Boowannite | Nicole Molds jar mold diy handmade gift ideas,481.0,storyboard,31,248.52,256.53,8.01,https://youtu.be/-pjWKo7zgrs?t=249s,prepare_container,prep,1,0.5,"Making the jesmonite jar (pour mould, demould, sand, lid).","Making the jesmonite jar (pour mould, demould, sand, lid). moderate on-screen movement, well-lit, muted grey/brown palette (#967b64, #493522). prep phase, ~52% in, 4:08–4:16.",,0,0.0,0.012,0.181,0.498,0.119,"#967b64,#493522,#cabdac",1,,
-pjWKo7zgrs,https://www.youtube.com/watch?v=-pjWKo7zgrs,DIY Candle Jars with Jesmonite and Boowannite | Nicole Molds jar mold diy handmade gift ideas,481.0,storyboard,32,256.53,264.55,8.02,https://youtu.be/-pjWKo7zgrs?t=257s,prepare_container,prep,1,0.5,"Making the jesmonite jar (pour mould, demould, sand, lid).","Making the jesmonite jar (pour mould, demould, sand, lid). static shot, well-lit, muted grey/brown palette (#95806c, #5c4330). prep phase, ~53% in, 4:16–4:24.",CsN 2 4,0,0.0,0.029,0.0,0.498,0.119,"#95806c,#5c4330,#bfb2a4",1,,
-pjWKo7zgrs,https://www.youtube.com/watch?v=-pjWKo7zgrs,DIY Candle Jars with Jesmonite and Boowannite | Nicole Molds jar mold diy handmade gift ideas,481.0,storyboard,33,264.55,272.57,8.02,https://youtu.be/-pjWKo7zgrs?t=265s,prepare_container,prep,1,0.5,"Making the jesmonite jar (pour mould, demould, sand, lid).","Making the jesmonite jar (pour mould, demould, sand, lid). steady, low-motion shot, well-lit, muted grey/beige palette (#938c75, #c7bfb5). prep phase, ~55% in, 4:24–4:32.",wy,0,0.0,0.023,0.107,0.553,0.104,"#938c75,#c7bfb5,#4c412b",1,,
-pjWKo7zgrs,https://www.youtube.com/watch?v=-pjWKo7zgrs,DIY Candle Jars with Jesmonite and Boowannite | Nicole Molds jar mold diy handmade gift ideas,481.0,storyboard,34,272.57,280.58,8.01,https://youtu.be/-pjWKo7zgrs?t=273s,prepare_container,prep,1,0.5,"Making the jesmonite jar (pour mould, demould, sand, lid).","Making the jesmonite jar (pour mould, demould, sand, lid). captioned, steady, low-motion shot, well-lit, muted beige/grey palette (#c1b9ae, #8e7a69). prep phase, ~57% in, 4:32–4:40.","pecasipre'ty we,",1,0.0,0.037,0.096,0.546,0.099,"#c1b9ae,#8e7a69,#493c27",1,,
-pjWKo7zgrs,https://www.youtube.com/watch?v=-pjWKo7zgrs,DIY Candle Jars with Jesmonite and Boowannite | Nicole Molds jar mold diy handmade gift ideas,481.0,storyboard,35,280.58,288.6,8.02,https://youtu.be/-pjWKo7zgrs?t=281s,prepare_container,prep,1,0.5,"Making the jesmonite jar (pour mould, demould, sand, lid).","Making the jesmonite jar (pour mould, demould, sand, lid). static shot, well-lit, muted beige/grey palette (#c4baae, #746b54). prep phase, ~58% in, 4:40–4:48.",,0,0.0,0.009,0.0,0.522,0.097,"#c4baae,#746b54,#473926",1,,
-pjWKo7zgrs,https://www.youtube.com/watch?v=-pjWKo7zgrs,DIY Candle Jars with Jesmonite and Boowannite | Nicole Molds jar mold diy handmade gift ideas,481.0,storyboard,36,288.6,296.62,8.02,https://youtu.be/-pjWKo7zgrs?t=289s,prepare_container,prep,1,0.5,"Making the jesmonite jar (pour mould, demould, sand, lid).","Making the jesmonite jar (pour mould, demould, sand, lid). captioned, moderate on-screen movement, well-lit, muted beige/grey palette (#c2b9aa, #917a66). prep phase, ~60% in, 4:48–4:56.",ere 9 oY at,1,0.0,0.028,0.16,0.517,0.121,"#c2b9aa,#917a66,#4c412a",1,,
-pjWKo7zgrs,https://www.youtube.com/watch?v=-pjWKo7zgrs,DIY Candle Jars with Jesmonite and Boowannite | Nicole Molds jar mold diy handmade gift ideas,481.0,storyboard,37,296.62,304.63,8.01,https://youtu.be/-pjWKo7zgrs?t=297s,prepare_container,prep,1,0.5,"Making the jesmonite jar (pour mould, demould, sand, lid).","Making the jesmonite jar (pour mould, demould, sand, lid). moderate on-screen movement, well-lit, muted beige/grey palette (#c1b8ab, #8f7762). prep phase, ~62% in, 4:56–5:04.",,0,0.0,0.031,0.189,0.542,0.122,"#c1b8ab,#8f7762,#4b442a",1,,
-pjWKo7zgrs,https://www.youtube.com/watch?v=-pjWKo7zgrs,DIY Candle Jars with Jesmonite and Boowannite | Nicole Molds jar mold diy handmade gift ideas,481.0,storyboard,38,304.63,312.65,8.02,https://youtu.be/-pjWKo7zgrs?t=305s,prepare_container,prep,1,0.5,"Making the jesmonite jar (pour mould, demould, sand, lid).","Making the jesmonite jar (pour mould, demould, sand, lid). static shot, well-lit, muted beige/grey palette (#c9c4ba, #928b82). prep phase, ~63% in, 5:04–5:12.",,0,0.0,0.011,0.0,0.569,0.076,"#c9c4ba,#928b82,#433e2c",1,,
0pqimQlf8tQ,https://www.youtube.com/watch?v=0pqimQlf8tQ,DIY Mason Jar Candles,303.0,storyboard,8,63.79,71.76,7.97,https://youtu.be/0pqimQlf8tQ?t=64s,prepare_container,prep,1,0.45,Overhead red table; glasses prepared.,"Overhead red table; glasses prepared. captioned, moderate on-screen movement, well-lit, muted grey/brown palette (#865b5b, #673b35). prep phase, ~21% in, 1:03–1:11.",Sem es Vay,1,0.0,0.303,0.227,0.481,0.132,"#865b5b,#673b35,#c4aa9b",1,,
0vn32fue7lg,https://www.youtube.com/watch?v=0vn32fue7lg,Make candles in any vessel | Easy candle math,330.0,storyboard,9,72.44,80.49,8.05,https://youtu.be/0vn32fue7lg?t=72s,prepare_container,prep,1,0.4,Shaping the white vessel.,"Shaping the white vessel. static shot, well-lit, muted beige/brown palette (#c5bec0, #4f423c). prep phase, ~22% in, 1:12–1:20.",rO,0,0.0,0.024,0.043,0.55,0.107,"#c5bec0,#4f423c,#948479",1,,
1-44rrfu7kc,https://www.youtube.com/watch?v=1-44rrfu7kc,Satisfying Candle Making Process |DIY Christmas Candle 🎄| Learn Candle Making at Home,162.0,storyboard,1,8.1,16.2,8.1,https://youtu.be/1-44rrfu7kc?t=8s,prepare_container,prep,1,0.45,Overhead gold bowl with white wax; hands.,"Overhead gold bowl with white wax; hands. moderate on-screen movement, well-lit, muted grey/beige palette (#9b7852, #ddbab2). prep phase, ~5% in, 0:08–0:16.",,0,0.0,0.006,0.208,0.647,0.142,"#9b7852,#ddbab2,#684d35",1,,
1NluHw-tnt0,https://www.youtube.com/watch?v=1NluHw-tnt0,Making Witchy Wax Candles - A satisfying & mystical Process of Sculpting with Wax - PATH LAB,538.0,storyboard,0,0.0,8.03,8.03,https://youtu.be/1NluHw-tnt0?t=0s,prepare_container,prep,1,0.45,Workbench with hanging yellow tapers; wicks ready.,"Workbench with hanging yellow tapers; wicks ready. moderate on-screen movement, well-lit, muted grey/brown palette (#a49b88, #5d5c4c). prep phase, ~0% in, 0:00–0:08.",,0,0.0,0.039,0.16,0.409,0.091,"#a49b88,#5d5c4c,#1d2017",1,,
1V3hfxo7OtE,https://www.youtube.com/watch?v=1V3hfxo7OtE,Candle Making | How to Make Scented Candles,508.0,storyboard,33,261.94,269.88,7.94,https://youtu.be/1V3hfxo7OtE?t=262s,prepare_container,prep,1,0.65,'Prep the Containers' title card,"'Prep the Containers' title card. static shot, well-lit, amber/brown palette (#a6805b, #916942). prep phase, ~52% in, 4:21–4:29.",,0,0.0,0.012,0.0,0.529,0.17,"#a6805b,#916942,#b9c0d0",1,,description references on-screen text but OCR found none
1V3hfxo7OtE,https://www.youtube.com/watch?v=1V3hfxo7OtE,Candle Making | How to Make Scented Candles,508.0,storyboard,34,269.88,277.81,7.93,https://youtu.be/1V3hfxo7OtE?t=270s,prepare_container,prep,1,0.6,overhead containers with wicks,"overhead containers with wicks. captioned, steady, low-motion shot, well-lit, amber/brown palette (#a77f5b, #8f6642). prep phase, ~53% in, 4:29–4:37.",Cs oe Sma! 4 es. Tee io,1,0.0,0.021,0.117,0.545,0.164,"#a77f5b,#8f6642,#c5ccda",1,,
1V3hfxo7OtE,https://www.youtube.com/watch?v=1V3hfxo7OtE,Candle Making | How to Make Scented Candles,508.0,storyboard,35,277.81,285.75,7.94,https://youtu.be/1V3hfxo7OtE?t=278s,prepare_container,prep,1,0.55,overhead prepping containers,"overhead prepping containers. steady, low-motion shot, well-lit, amber/brown palette (#a9805a, #896045). prep phase, ~55% in, 4:37–4:45.",,0,0.0,0.012,0.054,0.519,0.171,"#a9805a,#896045,#c0c0cd",1,,
1V3hfxo7OtE,https://www.youtube.com/watch?v=1V3hfxo7OtE,Candle Making | How to Make Scented Candles,508.0,storyboard,36,285.75,293.69,7.94,https://youtu.be/1V3hfxo7OtE?t=286s,prepare_container,prep,1,0.55,overhead prepping containers,"overhead prepping containers. static shot, well-lit, muted grey/brown palette (#9b8165, #866746). prep phase, ~56% in, 4:45–4:53.",,0,0.0,0.01,0.0,0.516,0.127,"#9b8165,#866746,#afc0d6",1,,
1V3hfxo7OtE,https://www.youtube.com/watch?v=1V3hfxo7OtE,Candle Making | How to Make Scented Candles,508.0,storyboard,37,293.69,301.62,7.93,https://youtu.be/1V3hfxo7OtE?t=294s,prepare_container,prep,1,0.5,overhead bags/wax + containers,"overhead bags/wax + containers. captioned, steady, low-motion shot, well-lit, amber/beige palette (#a17f5a, #c1c3d1). prep phase, ~58% in, 4:53–5:01.",gies he 7 7 Pe 4 aii Ne performance wick 70. WWW .maKkesy vu,1,0.0,0.023,0.144,0.56,0.162,"#a17f5a,#c1c3d1,#8b6846",1,,
1V3hfxo7OtE,https://www.youtube.com/watch?v=1V3hfxo7OtE,Candle Making | How to Make Scented Candles,508.0,storyboard,38,301.62,309.56,7.94,https://youtu.be/1V3hfxo7OtE?t=302s,prepare_container,prep,1,0.55,overhead prepping containers,"overhead prepping containers. steady, low-motion shot, well-lit, amber/brown palette (#a78367, #886444). prep phase, ~59% in, 5:01–5:09.",,0,0.0,0.018,0.089,0.537,0.15,"#a78367,#886444,#bdc1ce",1,,
1V3hfxo7OtE,https://www.youtube.com/watch?v=1V3hfxo7OtE,Candle Making | How to Make Scented Candles,508.0,storyboard,39,309.56,317.5,7.94,https://youtu.be/1V3hfxo7OtE?t=310s,prepare_container,prep,1,0.55,overhead hands at jars,"overhead hands at jars. Preparing the vessel - cleaning the jar and fixing the wick to the base with a glue dot / wick sticker, then centering it. static shot, well-lit, amber/brown palette (#af896c, #8d6749). prep phase, ~61% in, 5:09–5:17.",,0,0.0,0.006,0.0,0.549,0.157,"#af896c,#8d6749,#d2d5e0",1,,
1V3hfxo7OtE,https://www.youtube.com/watch?v=1V3hfxo7OtE,Candle Making | How to Make Scented Candles,508.0,storyboard,40,317.5,325.44,7.94,https://youtu.be/1V3hfxo7OtE?t=318s,prepare_container,prep,1,0.5,overhead prepping containers,"overhead prepping containers. captioned, steady, low-motion shot, well-lit, amber/brown palette (#b98f6d, #92684b). prep phase, ~62% in, 5:17–5:25.",NORA ae ES 4 Sk ee. 4 ie em 2 YY ll,1,0.0,0.019,0.067,0.553,0.163,"#b98f6d,#92684b,#c9bfc1",1,,
1V3hfxo7OtE,https://www.youtube.com/watch?v=1V3hfxo7OtE,Candle Making | How to Make Scented Candles,508.0,storyboard,41,325.44,333.38,7.94,https://youtu.be/1V3hfxo7OtE?t=325s,prepare_container,prep,1,0.4,overhead wax bags,"overhead wax bags. Preparing the vessel - cleaning the jar and fixing the wick to the base with a glue dot / wick sticker, then centering it. captioned, steady, low-motion shot, well-lit, amber/brown palette (#b7916f, #926c4b). prep phase, ~64% in, 5:25–5:33.","ee eee SC al ohee ar Ses Be: Se os My, Es Fhe 2 en 4 ome: FP",1,0.5,0.02,0.051,0.557,0.162,"#b7916f,#926c4b,#c6c4ca",0,talking_head,
1V3hfxo7OtE,https://www.youtube.com/watch?v=1V3hfxo7OtE,Candle Making | How to Make Scented Candles,508.0,storyboard,42,333.38,341.31,7.93,https://youtu.be/1V3hfxo7OtE?t=333s,prepare_container,prep,1,0.5,overhead hands at containers,"overhead hands at containers. lots of on-screen movement, dim, muted black/brown palette (#010101, #464746). prep phase, ~66% in, 5:33–5:41.",abSe,0,0.0,0.023,0.511,0.301,0.08,"#010101,#464746,#a5a5a5",1,,
1V3hfxo7OtE,https://www.youtube.com/watch?v=1V3hfxo7OtE,Candle Making | How to Make Scented Candles,508.0,storyboard,43,341.31,349.25,7.94,https://youtu.be/1V3hfxo7OtE?t=341s,prepare_container,prep,1,0.5,overhead prepping containers,"overhead prepping containers. captioned, static shot, well-lit, muted brown/grey palette (#443e3c, #8c7d72). prep phase, ~67% in, 5:41–5:49.","lt, ye 1 of ey 7 7 Nene? ST aun FD if rah 7 Py ae me Me 4 4 1 as. Hane! eth wax whe ABS degrees ae ky fj",1,0.0,0.145,0.0,0.474,0.102,"#443e3c,#8c7d72,#c9c0b0",0,text_overlay,
2KbmlOnPJnU,https://www.youtube.com/watch?v=2KbmlOnPJnU,How To Make an INFINITE CANDLE Wick – Burns Forever!,151.0,storyboard,2,15.89,23.84,7.95,https://youtu.be/2KbmlOnPJnU?t=16s,prepare_container,prep,1,0.5,Gloved hands assemble a cork/metal float for the wick.,"Gloved hands assemble a cork/metal float for the wick. steady, low-motion shot, dim, muted brown/amber palette (#654a3d, #c18f7e). prep phase, ~11% in, 0:15–0:23.",,0,0.0,0.021,0.141,0.368,0.144,"#654a3d,#c18f7e,#461012",1,,
2KbmlOnPJnU,https://www.youtube.com/watch?v=2KbmlOnPJnU,How To Make an INFINITE CANDLE Wick – Burns Forever!,151.0,storyboard,3,23.84,31.79,7.95,https://youtu.be/2KbmlOnPJnU?t=24s,prepare_container,prep,1,0.5,Gloved hands work a metal disc/cork piece of the wick float.,"Gloved hands work a metal disc/cork piece of the wick float. steady, low-motion shot, dim, muted brown/black palette (#595045, #27271f). prep phase, ~16% in, 0:23–0:31.",,0,0.333,0.01,0.133,0.346,0.091,"#595045,#27271f,#848175",1,,
2KbmlOnPJnU,https://www.youtube.com/watch?v=2KbmlOnPJnU,How To Make an INFINITE CANDLE Wick – Burns Forever!,151.0,storyboard,4,31.79,39.74,7.95,https://youtu.be/2KbmlOnPJnU?t=32s,prepare_container,prep,1,0.5,Gloved hands cut and fit the float-wick parts.,"Gloved hands cut and fit the float-wick parts. steady, low-motion shot, dim, muted brown/black palette (#62594d, #36352d). prep phase, ~21% in, 0:31–0:39.",,0,0.0,0.005,0.059,0.342,0.082,"#62594d,#36352d,#828075",1,,
2KbmlOnPJnU,https://www.youtube.com/watch?v=2KbmlOnPJnU,How To Make an INFINITE CANDLE Wick – Burns Forever!,151.0,storyboard,5,39.74,47.68,7.94,https://youtu.be/2KbmlOnPJnU?t=40s,prepare_container,prep,1,0.5,Gloved hands continue assembling the floating wick.,"Gloved hands continue assembling the floating wick. steady, low-motion shot, dim, muted grey/brown palette (#777065, #424840). prep phase, ~26% in, 0:39–0:47.",ee,0,0.0,0.025,0.097,0.351,0.077,"#777065,#424840,#1a1f1b",1,,
2KbmlOnPJnU,https://www.youtube.com/watch?v=2KbmlOnPJnU,How To Make an INFINITE CANDLE Wick – Burns Forever!,151.0,storyboard,6,47.68,55.63,7.95,https://youtu.be/2KbmlOnPJnU?t=48s,prepare_container,prep,1,0.5,Gloved hands handle the small wick components.,"Gloved hands handle the small wick components. steady, low-motion shot, dim, muted brown/black palette (#615c52, #262c29). prep phase, ~32% in, 0:47–0:55.",,0,0.0,0.007,0.136,0.369,0.1,"#615c52,#262c29,#847d71",1,,
2KbmlOnPJnU,https://www.youtube.com/watch?v=2KbmlOnPJnU,How To Make an INFINITE CANDLE Wick – Burns Forever!,151.0,storyboard,7,55.63,63.58,7.95,https://youtu.be/2KbmlOnPJnU?t=56s,prepare_container,prep,1,0.5,Gloved hands thread the wick through the float.,"Gloved hands thread the wick through the float. steady, low-motion shot, dim, muted brown/grey palette (#543e34, #956e63). prep phase, ~37% in, 0:55–1:03.",do,0,0.0,0.014,0.132,0.377,0.137,"#543e34,#956e63,#c69a8e",1,,
2KbmlOnPJnU,https://www.youtube.com/watch?v=2KbmlOnPJnU,How To Make an INFINITE CANDLE Wick – Burns Forever!,151.0,storyboard,8,63.58,71.53,7.95,https://youtu.be/2KbmlOnPJnU?t=64s,prepare_container,prep,1,0.45,Gloved hands work near a small spirit burner.,"Gloved hands work near a small spirit burner. moderate on-screen movement, dim, muted brown/amber palette (#49342a, #be897f). prep phase, ~42% in, 1:03–1:11.",wy,0,0.0,0.015,0.172,0.364,0.136,"#49342a,#be897f,#75574e",1,,
2ZagX6xiRog,https://www.youtube.com/watch?v=2ZagX6xiRog,How to Make Candles in Jars : Basic Candle Making,102.0,storyboard,3,23.54,31.38,7.84,https://youtu.be/2ZagX6xiRog?t=24s,prepare_container,prep,1,0.5,Overhead: wicks set into the empty jars.,"Overhead: wicks set into the empty jars. steady, low-motion shot, well-lit, beige/amber palette (#ddd695, #a19060). prep phase, ~23% in, 0:23–0:31.",4 4,0,0.0,0.027,0.102,0.613,0.172,"#ddd695,#a19060,#1a1a14",1,,
2nxGLwe1Znk,https://www.youtube.com/watch?v=2nxGLwe1Znk,DIY Mason Jar Candles | How to Make Mason Jar Candles,147.0,storyboard,11,89.83,98.0,8.17,https://youtu.be/2nxGLwe1Znk?t=90s,prepare_container,prep,1,0.5,Mason jars readied with wicks.,"Mason jars readied with wicks. captioned, steady, low-motion shot, bright, muted white/cream palette (#eef2ef, #dde0dc). prep phase, ~61% in, 1:29–1:38.",COOL WAX FULLY,1,0.0,0.037,0.109,0.871,0.141,"#eef2ef,#dde0dc,#84d8d2",1,,
5SulILZNPEI,https://www.youtube.com/watch?v=5SulILZNPEI,How To Make Soy Candles DIY Candle Making Tutorial,453.0,storyboard,12,95.37,103.32,7.95,https://youtu.be/5SulILZNPEI?t=95s,prepare_container,prep,1,0.45,handling wick/container item,"handling wick/container item. static shot, dim, muted grey/black palette (#605b5c, #352d34). prep phase, ~21% in, 1:35–1:43.",ae mm,0,0.0,0.045,0.032,0.381,0.119,"#605b5c,#352d34,#c5ae8b",1,,
6HKMsobiG74,https://www.youtube.com/watch?v=6HKMsobiG74,Most Satisfying Ocean Jelly Candle | Water Candle DIY ASMR,158.0,storyboard,0,0.0,7.9,7.9,https://youtu.be/6HKMsobiG74?t=0s,prepare_container,prep,1,0.4,Blurry footage: a clear glass jar is readied for an 'ocean jelly' water candle.,"Blurry footage: a clear glass jar is readied for an 'ocean jelly' water candle. captioned, steady, low-motion shot, well-lit, muted grey palette (#91a7ad, #a6817b). prep phase, ~0% in, 0:00–0:07.",sz Wie mati,1,0.0,0.027,0.145,0.52,0.104,"#91a7ad,#a6817b,#684b52",1,,
7Nf-01syKuo,https://www.youtube.com/watch?v=7Nf-01syKuo,How to make Pillar Floral CANDLES 2 different ways #flowercandles,768.0,storyboard,27,216.0,224.0,8.0,https://youtu.be/7Nf-01syKuo?t=216s,prepare_container,prep,1,0.5,Handling/prepping the metal cylinder mould.,"Handling/prepping the metal cylinder mould. captioned, static shot, well-lit, muted grey palette (#9e9ea1, #6a615f). prep phase, ~28% in, 3:36–3:44.","er, at it fi",1,0.0,0.056,0.037,0.495,0.048,"#9e9ea1,#6a615f,#1d1a1a",1,,
7Nf-01syKuo,https://www.youtube.com/watch?v=7Nf-01syKuo,How to make Pillar Floral CANDLES 2 different ways #flowercandles,768.0,storyboard,28,224.0,232.0,8.0,https://youtu.be/7Nf-01syKuo?t=224s,prepare_container,prep,1,0.5,Handling/prepping the metal cylinder mould.,"Handling/prepping the metal cylinder mould. static shot, well-lit, muted grey palette (#9f9fa1, #6a6564). prep phase, ~29% in, 3:44–3:52.",Fle!,0,0.0,0.051,0.02,0.497,0.042,"#9f9fa1,#6a6564,#231d1e",1,,
7Nf-01syKuo,https://www.youtube.com/watch?v=7Nf-01syKuo,How to make Pillar Floral CANDLES 2 different ways #flowercandles,768.0,storyboard,33,264.0,272.0,8.0,https://youtu.be/7Nf-01syKuo?t=264s,prepare_container,prep,1,0.5,Handling/prepping the metal cylinder mould.,"Handling/prepping the metal cylinder mould. steady, low-motion shot, well-lit, muted grey/beige palette (#8a786e, #a1a2a4). prep phase, ~34% in, 4:24–4:32.",AS. fx,0,0.0,0.031,0.123,0.472,0.099,"#8a786e,#a1a2a4,#583a34",1,,
7Nf-01syKuo,https://www.youtube.com/watch?v=7Nf-01syKuo,How to make Pillar Floral CANDLES 2 different ways #flowercandles,768.0,storyboard,34,272.0,280.0,8.0,https://youtu.be/7Nf-01syKuo?t=272s,prepare_container,prep,1,0.5,Handling/prepping the metal cylinder mould.,"Handling/prepping the metal cylinder mould. captioned, steady, low-motion shot, well-lit, muted grey palette (#9c9c98, #847064). prep phase, ~35% in, 4:32–4:40.","of 7 Ww mudi,",1,0.0,0.03,0.133,0.493,0.091,"#9c9c98,#847064,#594740",1,,
7Nf-01syKuo,https://www.youtube.com/watch?v=7Nf-01syKuo,How to make Pillar Floral CANDLES 2 different ways #flowercandles,768.0,storyboard,35,280.0,288.0,8.0,https://youtu.be/7Nf-01syKuo?t=280s,prepare_container,prep,1,0.5,Handling/prepping the metal cylinder mould.,"Handling/prepping the metal cylinder mould. steady, low-motion shot, well-lit, muted beige/grey palette (#a9aaac, #847e7c). prep phase, ~36% in, 4:40–4:48.",ee,0,0.0,0.087,0.079,0.529,0.066,"#a9aaac,#847e7c,#322d28",1,,
7Nf-01syKuo,https://www.youtube.com/watch?v=7Nf-01syKuo,How to make Pillar Floral CANDLES 2 different ways #flowercandles,768.0,storyboard,48,384.0,392.0,8.0,https://youtu.be/7Nf-01syKuo?t=384s,prepare_container,prep,1,0.5,Handling/prepping the metal cylinder mould.,"Handling/prepping the metal cylinder mould. static shot, well-lit, muted beige/grey palette (#9fa3a5, #837f7c). prep phase, ~50% in, 6:24–6:32.",,0,0.0,0.062,0.035,0.537,0.064,"#9fa3a5,#837f7c,#584d47",1,,
7Nf-01syKuo,https://www.youtube.com/watch?v=7Nf-01syKuo,How to make Pillar Floral CANDLES 2 different ways #flowercandles,768.0,storyboard,49,392.0,400.0,8.0,https://youtu.be/7Nf-01syKuo?t=392s,prepare_container,prep,1,0.5,Pouring wax into the cylinder pillar mould.,"Pouring wax into the cylinder pillar mould. captioned, static shot, well-lit, muted beige/grey palette (#9fa3a6, #7f7e7d). prep phase, ~51% in, 6:32–6:40.",3 Ge fly,1,0.0,0.052,0.033,0.532,0.057,"#9fa3a6,#7f7e7d,#584f4b",1,,
7Nf-01syKuo,https://www.youtube.com/watch?v=7Nf-01syKuo,How to make Pillar Floral CANDLES 2 different ways #flowercandles,768.0,storyboard,50,400.0,408.0,8.0,https://youtu.be/7Nf-01syKuo?t=400s,prepare_container,prep,1,0.5,Handling/prepping the metal cylinder mould.,"Handling/prepping the metal cylinder mould. captioned, steady, low-motion shot, well-lit, muted grey palette (#828382, #9da3a7). prep phase, ~52% in, 6:40–6:48.",heat 4 5 7,1,0.0,0.063,0.063,0.512,0.051,"#828382,#9da3a7,#56504c",1,,
7fFf-gtesH4,https://www.youtube.com/watch?v=7fFf-gtesH4,5 Homemade Candles For Emergencies,879.0,storyboard,27,215.75,223.75,8.0,https://youtu.be/7fFf-gtesH4?t=216s,prepare_container,prep,1,0.5,Preparing an emergency candle base (Crisco tub / can / jar with wick).,"Preparing an emergency candle base (Crisco tub / can / jar with wick). steady, low-motion shot, dim, muted black/brown palette (#211c1e, #5a4e51). prep phase, ~25% in, 3:35–3:43.",7,0,0.0,0.068,0.102,0.239,0.093,"#211c1e,#5a4e51,#b3b2ab",1,,
7fFf-gtesH4,https://www.youtube.com/watch?v=7fFf-gtesH4,5 Homemade Candles For Emergencies,879.0,storyboard,31,247.72,255.71,7.99,https://youtu.be/7fFf-gtesH4?t=248s,prepare_container,prep,1,0.5,Preparing an emergency candle base (Crisco tub / can / jar with wick).,"Preparing an emergency candle base (Crisco tub / can / jar with wick). moderate on-screen movement, dim, black/grey palette (#231d1e, #76555e). prep phase, ~28% in, 4:07–4:15.",aw 2,0,0.0,0.065,0.254,0.333,0.158,"#231d1e,#76555e,#caabc5",1,,
7fFf-gtesH4,https://www.youtube.com/watch?v=7fFf-gtesH4,5 Homemade Candles For Emergencies,879.0,storyboard,36,287.67,295.66,7.99,https://youtu.be/7fFf-gtesH4?t=288s,prepare_container,prep,1,0.5,Preparing an emergency candle base (Crisco tub / can / jar with wick).,"Preparing an emergency candle base (Crisco tub / can / jar with wick). captioned, steady, low-motion shot, dim, muted brown/black palette (#635346, #211714). prep phase, ~33% in, 4:47–4:55.","ot, Fatty aE my SS",1,0.5,0.132,0.12,0.279,0.143,"#635346,#211714,#978f8d",0,talking_head,
7fFf-gtesH4,https://www.youtube.com/watch?v=7fFf-gtesH4,5 Homemade Candles For Emergencies,879.0,storyboard,37,295.66,303.65,7.99,https://youtu.be/7fFf-gtesH4?t=296s,prepare_container,prep,1,0.5,Preparing an emergency candle base (Crisco tub / can / jar with wick).,"Preparing an emergency candle base (Crisco tub / can / jar with wick). steady, low-motion shot, dim, brown/black palette (#615143, #261913). prep phase, ~34% in, 4:55–5:03.",,0,1.0,0.162,0.13,0.278,0.151,"#615143,#261913,#958d89",0,talking_head,action label 'prepare_container' but a strong face fills the frame
7fFf-gtesH4,https://www.youtube.com/watch?v=7fFf-gtesH4,5 Homemade Candles For Emergencies,879.0,storyboard,41,327.63,335.62,7.99,https://youtu.be/7fFf-gtesH4?t=328s,prepare_container,prep,1,0.5,Preparing an emergency candle base (Crisco tub / can / jar with wick).,"Preparing an emergency candle base (Crisco tub / can / jar with wick). captioned, static shot, dim, muted black/brown palette (#0f0a0c, #423635). prep phase, ~37% in, 5:27–5:35.",vi ars 4,1,0.0,0.089,0.0,0.217,0.086,"#0f0a0c,#423635,#aaa79c",1,,
7fFf-gtesH4,https://www.youtube.com/watch?v=7fFf-gtesH4,5 Homemade Candles For Emergencies,879.0,storyboard,48,383.56,391.55,7.99,https://youtu.be/7fFf-gtesH4?t=384s,prepare_container,prep,1,0.5,Preparing an emergency candle base (Crisco tub / can / jar with wick).,"Preparing an emergency candle base (Crisco tub / can / jar with wick). captioned, moderate on-screen movement, dim, brown/black palette (#6d553f, #251a14). prep phase, ~44% in, 6:23–6:31.",Po rae SS,1,0.0,0.153,0.202,0.3,0.165,"#6d553f,#251a14,#9c908d",1,,
7fFf-gtesH4,https://www.youtube.com/watch?v=7fFf-gtesH4,5 Homemade Candles For Emergencies,879.0,storyboard,84,671.24,679.23,7.99,https://youtu.be/7fFf-gtesH4?t=671s,prepare_container,prep,1,0.5,Preparing an emergency candle base (Crisco tub / can / jar with wick).,"Preparing an emergency candle base (Crisco tub / can / jar with wick). captioned, steady, low-motion shot, dim, muted brown/black palette (#4a453f, #181414). prep phase, ~76% in, 11:11–11:19.",we Orgs ew Ff Sn Qs ib Pn,1,0.0,0.145,0.109,0.26,0.149,"#4a453f,#181414,#b1998e",1,,
7fFf-gtesH4,https://www.youtube.com/watch?v=7fFf-gtesH4,5 Homemade Candles For Emergencies,879.0,storyboard,88,703.2,711.19,7.99,https://youtu.be/7fFf-gtesH4?t=703s,prepare_container,prep,1,0.5,Preparing an emergency candle base (Crisco tub / can / jar with wick).,"Preparing an emergency candle base (Crisco tub / can / jar with wick). moderate on-screen movement, dim, black/brown palette (#352921, #6d6056). prep phase, ~80% in, 11:43–11:51.",ee,0,0.5,0.205,0.228,0.319,0.151,"#352921,#6d6056,#a9a8ac",0,talking_head,
7j6uypARXW4,https://www.youtube.com/watch?v=7j6uypARXW4,DIY Water candles | Making candles with WATER!?,414.0,storyboard,4,31.85,39.81,7.96,https://youtu.be/7j6uypARXW4?t=32s,prepare_container,prep,1,0.45,A clear plastic cup readied as the vessel.,"A clear plastic cup readied as the vessel. moderate on-screen movement, well-lit, muted grey/cream palette (#646766, #dddcd8). prep phase, ~8% in, 0:31–0:39.",,0,0.0,0.013,0.155,0.524,0.136,"#646766,#dddcd8,#e1bc8f",1,,
7j6uypARXW4,https://www.youtube.com/watch?v=7j6uypARXW4,DIY Water candles | Making candles with WATER!?,414.0,storyboard,5,39.81,47.77,7.96,https://youtu.be/7j6uypARXW4?t=40s,prepare_container,prep,1,0.45,Cup partly filled with water.,"Cup partly filled with water. static shot, well-lit, muted grey/brown palette (#6b6a67, #3f403c). prep phase, ~10% in, 0:39–0:47.",,0,0.0,0.013,0.0,0.438,0.035,"#6b6a67,#3f403c,#d2d0cd",1,,
7j6uypARXW4,https://www.youtube.com/watch?v=7j6uypARXW4,DIY Water candles | Making candles with WATER!?,414.0,storyboard,10,79.62,87.58,7.96,https://youtu.be/7j6uypARXW4?t=80s,prepare_container,prep,1,0.45,Hand forms a small floating wick disc.,"Hand forms a small floating wick disc. moderate on-screen movement, well-lit, muted grey/beige palette (#636464, #d8c5a5). prep phase, ~19% in, 1:19–1:27.",,0,0.0,0.0,0.194,0.414,0.104,"#636464,#d8c5a5,#3f2c1e",1,,
7j6uypARXW4,https://www.youtube.com/watch?v=7j6uypARXW4,DIY Water candles | Making candles with WATER!?,414.0,storyboard,11,87.58,95.54,7.96,https://youtu.be/7j6uypARXW4?t=88s,prepare_container,prep,1,0.45,Shaping the clear float disc.,"Shaping the clear float disc. moderate on-screen movement, dim, muted brown/black palette (#514e4a, #1c1916). prep phase, ~21% in, 1:27–1:35.",,0,0.0,0.004,0.166,0.333,0.104,"#514e4a,#1c1916,#baa287",1,,
7j6uypARXW4,https://www.youtube.com/watch?v=7j6uypARXW4,DIY Water candles | Making candles with WATER!?,414.0,storyboard,12,95.54,103.5,7.96,https://youtu.be/7j6uypARXW4?t=96s,prepare_container,prep,1,0.45,Float wick with a small straw piece.,"Float wick with a small straw piece. static shot, well-lit, muted grey/beige palette (#5e6566, #d9cfae). prep phase, ~23% in, 1:35–1:43.",SS,0,0.0,0.029,0.0,0.435,0.108,"#5e6566,#d9cfae,#201b18",1,,
7j6uypARXW4,https://www.youtube.com/watch?v=7j6uypARXW4,DIY Water candles | Making candles with WATER!?,414.0,storyboard,13,103.5,111.46,7.96,https://youtu.be/7j6uypARXW4?t=104s,prepare_container,prep,1,0.45,Assembling the wick from packaging.,"Assembling the wick from packaging. moderate on-screen movement, dim, muted black/grey palette (#222120, #7f7265). prep phase, ~25% in, 1:43–1:51.",,0,0.0,0.027,0.18,0.269,0.104,"#222120,#7f7265,#c7d2d6",1,,
7j6uypARXW4,https://www.youtube.com/watch?v=7j6uypARXW4,DIY Water candles | Making candles with WATER!?,414.0,storyboard,14,111.46,119.42,7.96,https://youtu.be/7j6uypARXW4?t=111s,prepare_container,prep,1,0.45,Finishing the floating wick.,"Finishing the floating wick. moderate on-screen movement, dim, muted grey/cream palette (#646869, #e1cfb6). prep phase, ~27% in, 1:51–1:59.",,0,0.0,0.011,0.28,0.31,0.085,"#646869,#e1cfb6,#2e2722",1,,
7j6uypARXW4,https://www.youtube.com/watch?v=7j6uypARXW4,DIY Water candles | Making candles with WATER!?,414.0,storyboard,25,199.04,207.0,7.96,https://youtu.be/7j6uypARXW4?t=199s,prepare_container,prep,1,0.45,Hand with a clear round glass globe vessel.,"Hand with a clear round glass globe vessel. moderate on-screen movement, dim, muted black/grey palette (#23201e, #67605c). prep phase, ~48% in, 3:19–3:27.",,0,0.0,0.015,0.239,0.321,0.081,"#23201e,#67605c,#b2b2b2",1,,
999EQfNvuds,https://www.youtube.com/watch?v=999EQfNvuds,DIY Matcha Candle | Viral Iced Drinks Candle | Realistic Candle | Candle Making Tutorial,649.0,storyboard,6,48.07,56.09,8.02,https://youtu.be/999EQfNvuds?t=48s,prepare_container,prep,1,0.45,Hands ready a clear glass on the table.,"Hands ready a clear glass on the table. steady, low-motion shot, well-lit, muted grey/cream palette (#a29b8d, #e9e5da). prep phase, ~7% in, 0:48–0:56.",,0,0.0,0.02,0.106,0.633,0.062,"#a29b8d,#e9e5da,#4a4948",1,,
999EQfNvuds,https://www.youtube.com/watch?v=999EQfNvuds,DIY Matcha Candle | Viral Iced Drinks Candle | Realistic Candle | Candle Making Tutorial,649.0,storyboard,7,56.09,64.1,8.01,https://youtu.be/999EQfNvuds?t=56s,prepare_container,prep,1,0.45,Handling the glass vessel.,"Handling the glass vessel. static shot, well-lit, muted cream/grey palette (#e8e3df, #9d9388). prep phase, ~9% in, 0:56–1:04.",,0,0.0,0.028,0.0,0.663,0.084,"#e8e3df,#9d9388,#453f42",1,,
999EQfNvuds,https://www.youtube.com/watch?v=999EQfNvuds,DIY Matcha Candle | Viral Iced Drinks Candle | Realistic Candle | Candle Making Tutorial,649.0,storyboard,13,104.16,112.17,8.01,https://youtu.be/999EQfNvuds?t=104s,prepare_container,prep,1,0.4,Clear glasses with whipped wax ready.,"Clear glasses with whipped wax ready. static shot, bright, muted white/beige palette (#f3f3ef, #cbc8c0). prep phase, ~16% in, 1:44–1:52.",,0,0.0,0.018,0.0,0.807,0.046,"#f3f3ef,#cbc8c0,#858483",1,,
9ziN3qqHkc4,https://www.youtube.com/watch?v=9ziN3qqHkc4,How to Make a Soy Candle With 3 Layers - Multi Layer Fourth of July Candle,472.0,storyboard,5,40.0,48.0,8.0,https://youtu.be/9ziN3qqHkc4?t=40s,prepare_container,prep,1,0.45,Hands set up rows of cups with wicks.,"Hands set up rows of cups with wicks. steady, low-motion shot, well-lit, muted cream/brown palette (#e5e0db, #3d393f). prep phase, ~8% in, 0:40–0:48.",pe me,0,0.0,0.214,0.062,0.573,0.072,"#e5e0db,#3d393f,#999793",1,,
9ziN3qqHkc4,https://www.youtube.com/watch?v=9ziN3qqHkc4,How to Make a Soy Candle With 3 Layers - Multi Layer Fourth of July Candle,472.0,storyboard,6,48.0,56.0,8.0,https://youtu.be/9ziN3qqHkc4?t=48s,prepare_container,prep,1,0.45,Rows of cups prepared.,"Rows of cups prepared. Preparing the vessel - cleaning the jar and fixing the wick to the base with a glue dot / wick sticker, then centering it. static shot, well-lit, muted cream/grey palette (#e0dcd6, #929290). prep phase, ~10% in, 0:48–0:56.",as fg,0,0.0,0.163,0.03,0.577,0.072,"#e0dcd6,#929290,#39363b",1,,
9ziN3qqHkc4,https://www.youtube.com/watch?v=9ziN3qqHkc4,How to Make a Soy Candle With 3 Layers - Multi Layer Fourth of July Candle,472.0,storyboard,7,56.0,64.0,8.0,https://youtu.be/9ziN3qqHkc4?t=56s,prepare_container,prep,1,0.45,Rows of cups with wicks.,"Rows of cups with wicks. Preparing the vessel - cleaning the jar and fixing the wick to the base with a glue dot / wick sticker, then centering it. steady, low-motion shot, well-lit, muted cream/brown palette (#e3e3e0, #3d383e). prep phase, ~12% in, 0:56–1:04.",ae We,0,0.0,0.137,0.081,0.602,0.07,"#e3e3e0,#3d383e,#9f9c9a",1,,
9ziN3qqHkc4,https://www.youtube.com/watch?v=9ziN3qqHkc4,How to Make a Soy Candle With 3 Layers - Multi Layer Fourth of July Candle,472.0,storyboard,8,64.0,72.0,8.0,https://youtu.be/9ziN3qqHkc4?t=64s,prepare_container,prep,1,0.6,Host talks to camera.,"Host talks to camera. Preparing the vessel - cleaning the jar and fixing the wick to the base with a glue dot / wick sticker, then centering it. static shot, dim, muted brown/beige palette (#4c505a, #b5a496). prep phase, ~14% in, 1:04–1:12.",,0,0.0,0.079,0.0,0.387,0.079,"#4c505a,#b5a496,#282020",1,,
9ziN3qqHkc4,https://www.youtube.com/watch?v=9ziN3qqHkc4,How to Make a Soy Candle With 3 Layers - Multi Layer Fourth of July Candle,472.0,storyboard,9,72.0,80.0,8.0,https://youtu.be/9ziN3qqHkc4?t=72s,prepare_container,prep,1,0.45,Rows of cups; hand.,"Rows of cups; hand. Preparing the vessel - cleaning the jar and fixing the wick to the base with a glue dot / wick sticker, then centering it. static shot, dim, muted brown/beige palette (#4b505a, #b5a495). prep phase, ~15% in, 1:12–1:20.",1 ati,0,0.0,0.086,0.016,0.387,0.077,"#4b505a,#b5a495,#231a1b",1,,
AoypdYVB82A,https://www.youtube.com/watch?v=AoypdYVB82A,How to Make Pillar Candles at Home =),568.0,storyboard,30,240.0,248.0,8.0,https://youtu.be/AoypdYVB82A?t=240s,prepare_container,prep,1,0.5,Prepping paper/carton moulds.,"Prepping paper/carton moulds. moderate on-screen movement, dim, muted black/brown palette (#37291a, #8a5f53). prep phase, ~42% in, 4:00–4:08.",74,0,0.0,0.049,0.257,0.362,0.128,"#37291a,#8a5f53,#c5bba9",1,,
AoypdYVB82A,https://www.youtube.com/watch?v=AoypdYVB82A,How to Make Pillar Candles at Home =),568.0,storyboard,31,248.0,256.0,8.0,https://youtu.be/AoypdYVB82A?t=248s,prepare_container,prep,1,0.5,Prepping paper/carton moulds.,"Prepping paper/carton moulds. static shot, dim, muted brown/grey palette (#3f3121, #926d5a). prep phase, ~44% in, 4:08–4:16.",oe,0,0.0,0.07,0.0,0.309,0.125,"#3f3121,#926d5a,#d0c0af",1,,
B1E0xc9O7ZM,https://www.youtube.com/watch?v=B1E0xc9O7ZM,How to Roll Beeswax Candles with Kids {VIDEO},333.0,storyboard,32,253.71,261.64,7.93,https://youtu.be/B1E0xc9O7ZM?t=254s,prepare_container,prep,1,0.45,Laying a wick along the edge of a fresh beeswax sheet.,"Laying a wick along the edge of a fresh beeswax sheet. moderate on-screen movement, dim, black/beige palette (#2d130f, #c2a083). prep phase, ~76% in, 4:13–4:21.",eum,0,0.0,0.162,0.197,0.392,0.182,"#2d130f,#c2a083,#835b41",1,,
B2AFuHYg_Io,https://www.youtube.com/watch?v=B2AFuHYg_Io,Coconut Soy wax candle making for beginners,507.0,storyboard,12,96.57,104.62,8.05,https://youtu.be/B2AFuHYg_Io?t=97s,prepare_container,prep,1,0.4,Pink-gloved hands prep at the bench.,"Pink-gloved hands prep at the bench. static shot, well-lit, muted grey palette (#8d9494, #696b68). prep phase, ~19% in, 1:36–1:44.",,0,0.0,0.004,0.0,0.444,0.037,"#8d9494,#696b68,#2f272a",1,,
BA8q74YNEHA,https://www.youtube.com/watch?v=BA8q74YNEHA,How to Make a Mold for Candles | DIY Pillar Candle Mould Using PVC Pipe,230.0,storyboard,0,0.0,7.93,7.93,https://youtu.be/BA8q74YNEHA?t=0s,prepare_container,prep,1,0.45,A white pillar candle is used as the master for a DIY mould.,"A white pillar candle is used as the master for a DIY mould. captioned, steady, low-motion shot, dim, muted black/grey palette (#2f3230, #616665). prep phase, ~0% in, 0:00–0:07.",at 7 ee. 3 og. te aoe Re wt ry ay al,1,0.0,0.012,0.135,0.376,0.081,"#2f3230,#616665,#af9e8f",1,,
BA8q74YNEHA,https://www.youtube.com/watch?v=BA8q74YNEHA,How to Make a Mold for Candles | DIY Pillar Candle Mould Using PVC Pipe,230.0,storyboard,1,7.93,15.86,7.93,https://youtu.be/BA8q74YNEHA?t=8s,prepare_container,prep,1,0.45,"Making a silicone mould around a master candle (mixing/applying silicone, cups).","Making a silicone mould around a master candle (mixing/applying silicone, cups). steady, low-motion shot, dim, muted black/grey palette (#282a2c, #897669). prep phase, ~3% in, 0:07–0:15.",,0,0.0,0.003,0.126,0.309,0.069,"#282a2c,#897669,#b5c2c9",1,,
BA8q74YNEHA,https://www.youtube.com/watch?v=BA8q74YNEHA,How to Make a Mold for Candles | DIY Pillar Candle Mould Using PVC Pipe,230.0,storyboard,2,15.86,23.79,7.93,https://youtu.be/BA8q74YNEHA?t=16s,prepare_container,prep,1,0.45,"Making a silicone mould around a master candle (mixing/applying silicone, cups).","Making a silicone mould around a master candle (mixing/applying silicone, cups). moderate on-screen movement, dim, muted black/beige palette (#292a2d, #baaca0). prep phase, ~7% in, 0:15–0:23.",,0,0.0,0.007,0.306,0.379,0.079,"#292a2d,#baaca0,#efece8",1,,
BA8q74YNEHA,https://www.youtube.com/watch?v=BA8q74YNEHA,How to Make a Mold for Candles | DIY Pillar Candle Mould Using PVC Pipe,230.0,storyboard,3,23.79,31.72,7.93,https://youtu.be/BA8q74YNEHA?t=24s,prepare_container,prep,1,0.45,"Making a silicone mould around a master candle (mixing/applying silicone, cups).","Making a silicone mould around a master candle (mixing/applying silicone, cups). captioned, moderate on-screen movement, dim, muted brown/grey palette (#3c3933, #7c7568). prep phase, ~10% in, 0:23–0:31.",wn ma 2 af hy. 5 sas on ce Ve pale ae ae or on 1 ye Ris re TK rv Baas nf Sl 5 Se 2 ms ae ce 7 4,1,0.0,0.011,0.157,0.352,0.075,"#3c3933,#7c7568,#cbcbc4",1,,
BA8q74YNEHA,https://www.youtube.com/watch?v=BA8q74YNEHA,How to Make a Mold for Candles | DIY Pillar Candle Mould Using PVC Pipe,230.0,storyboard,4,31.72,39.66,7.94,https://youtu.be/BA8q74YNEHA?t=32s,prepare_container,prep,1,0.45,"Making a silicone mould around a master candle (mixing/applying silicone, cups).","Making a silicone mould around a master candle (mixing/applying silicone, cups). moderate on-screen movement, dim, muted grey/black palette (#8a816f, #2f352f). prep phase, ~14% in, 0:31–0:39.",oe id,0,0.0,0.01,0.246,0.362,0.109,"#8a816f,#2f352f,#dded63",1,,
BA8q74YNEHA,https://www.youtube.com/watch?v=BA8q74YNEHA,How to Make a Mold for Candles | DIY Pillar Candle Mould Using PVC Pipe,230.0,storyboard,5,39.66,47.59,7.93,https://youtu.be/BA8q74YNEHA?t=40s,prepare_container,prep,1,0.45,"Making a silicone mould around a master candle (mixing/applying silicone, cups).","Making a silicone mould around a master candle (mixing/applying silicone, cups). steady, low-motion shot, dim, muted black/grey palette (#25292c, #948375). prep phase, ~17% in, 0:39–0:47.",,0,0.0,0.022,0.137,0.373,0.081,"#25292c,#948375,#cac3b9",1,,
BA8q74YNEHA,https://www.youtube.com/watch?v=BA8q74YNEHA,How to Make a Mold for Candles | DIY Pillar Candle Mould Using PVC Pipe,230.0,storyboard,6,47.59,55.52,7.93,https://youtu.be/BA8q74YNEHA?t=48s,prepare_container,prep,1,0.45,"Making a silicone mould around a master candle (mixing/applying silicone, cups).","Making a silicone mould around a master candle (mixing/applying silicone, cups). captioned, moderate on-screen movement, dim, muted brown/grey palette (#3b3836, #636463). prep phase, ~21% in, 0:47–0:55.","en 4 ee 7 Tt. ae ee we Mi Py ho at ive 4 Pe 4 4. hig mm an 7 he Sa pa Saar oN Ve oe Ty ake, PY rh ys 3 fie oe nae aad 4 Ls Tee BS: ne ARES rs Sy we gle oe rd la be se 2 40 Py Cl ef",1,0.0,0.028,0.153,0.392,0.096,"#3b3836,#636463,#ac9d8e",1,,
BA8q74YNEHA,https://www.youtube.com/watch?v=BA8q74YNEHA,How to Make a Mold for Candles | DIY Pillar Candle Mould Using PVC Pipe,230.0,storyboard,7,55.52,63.45,7.93,https://youtu.be/BA8q74YNEHA?t=56s,prepare_container,prep,1,0.45,"Making a silicone mould around a master candle (mixing/applying silicone, cups).","Making a silicone mould around a master candle (mixing/applying silicone, cups). captioned, moderate on-screen movement, dim, muted brown/grey palette (#484745, #7b7b78). prep phase, ~24% in, 0:55–1:03.",oe fh. Be if cod 5 ie it 7 4 4 pzice gan 4 4 an 4 BY Re wilh heen at re 7 an. SS area pe. sae ee ee id 4 rie Se aan ey el Es tt ys Bp. ie 2 Rel See PTR acy Pek. ay 2 Wr VG fa tae 4,1,0.333,0.024,0.196,0.385,0.074,"#484745,#7b7b78,#c1b7ad",1,,
BA8q74YNEHA,https://www.youtube.com/watch?v=BA8q74YNEHA,How to Make a Mold for Candles | DIY Pillar Candle Mould Using PVC Pipe,230.0,storyboard,8,63.45,71.38,7.93,https://youtu.be/BA8q74YNEHA?t=63s,prepare_container,prep,1,0.45,"Making a silicone mould around a master candle (mixing/applying silicone, cups).","Making a silicone mould around a master candle (mixing/applying silicone, cups). captioned, moderate on-screen movement, well-lit, muted brown/grey palette (#443f3e, #857164). prep phase, ~28% in, 1:03–1:11.","4 fe 7 cor 7. ay BAe ee 7 ie mont oe ae 4 wu .4 7 oe ae Oh bas 3 are, we oy Fe Sty copa We Wis Fi my Pp wre",1,0.333,0.035,0.174,0.441,0.101,"#443f3e,#857164,#c1b3a2",1,,
BA8q74YNEHA,https://www.youtube.com/watch?v=BA8q74YNEHA,How to Make a Mold for Candles | DIY Pillar Candle Mould Using PVC Pipe,230.0,storyboard,9,71.38,79.31,7.93,https://youtu.be/BA8q74YNEHA?t=71s,prepare_container,prep,1,0.45,"Making a silicone mould around a master candle (mixing/applying silicone, cups).","Making a silicone mould around a master candle (mixing/applying silicone, cups). captioned, steady, low-motion shot, dim, muted black/grey palette (#2a2a2d, #907c6f). prep phase, ~31% in, 1:11–1:19.",ff Ficn es SS,1,0.0,0.044,0.147,0.362,0.078,"#2a2a2d,#907c6f,#c5b0a0",1,,
BA8q74YNEHA,https://www.youtube.com/watch?v=BA8q74YNEHA,How to Make a Mold for Candles | DIY Pillar Candle Mould Using PVC Pipe,230.0,storyboard,10,79.31,87.24,7.93,https://youtu.be/BA8q74YNEHA?t=79s,prepare_container,prep,1,0.45,"Making a silicone mould around a master candle (mixing/applying silicone, cups).","Making a silicone mould around a master candle (mixing/applying silicone, cups). captioned, moderate on-screen movement, dim, muted brown/grey palette (#393635, #94806c). prep phase, ~34% in, 1:19–1:27.",4 4 4 yy aa 2. ie me ae Ss ce 7 my rte $a.G 4 oy 7 1 ae ss re 7 7,1,0.0,0.049,0.156,0.374,0.096,"#393635,#94806c,#d1bdac",1,,
BA8q74YNEHA,https://www.youtube.com/watch?v=BA8q74YNEHA,How to Make a Mold for Candles | DIY Pillar Candle Mould Using PVC Pipe,230.0,storyboard,11,87.24,95.17,7.93,https://youtu.be/BA8q74YNEHA?t=87s,prepare_container,prep,1,0.45,"Making a silicone mould around a master candle (mixing/applying silicone, cups).","Making a silicone mould around a master candle (mixing/applying silicone, cups). captioned, steady, low-motion shot, dim, muted brown/grey palette (#413c3a, #7c746d). prep phase, ~38% in, 1:27–1:35.","7 av 4 oe he 45 rod oe eS far 2 hae dh 3 be ites? oe Ng ig! 4 aF ok, 4 are Pr oes 2 Pele anes oa ms pan Mee? AS Ce ai fi ol fs As bom 5 as Gy. ms tat",1,0.0,0.032,0.121,0.393,0.097,"#413c3a,#7c746d,#c0b7a7",1,,
BA8q74YNEHA,https://www.youtube.com/watch?v=BA8q74YNEHA,How to Make a Mold for Candles | DIY Pillar Candle Mould Using PVC Pipe,230.0,storyboard,12,95.17,103.1,7.93,https://youtu.be/BA8q74YNEHA?t=95s,prepare_container,prep,1,0.45,"Making a silicone mould around a master candle (mixing/applying silicone, cups).","Making a silicone mould around a master candle (mixing/applying silicone, cups). captioned, moderate on-screen movement, dim, muted brown/grey palette (#3c3735, #777771). prep phase, ~41% in, 1:35–1:43.","2 ers Py, Sle 7 ee aA oo Nes ae gn ie",1,0.0,0.027,0.158,0.359,0.088,"#3c3735,#777771,#c1af9a",1,,
BA8q74YNEHA,https://www.youtube.com/watch?v=BA8q74YNEHA,How to Make a Mold for Candles | DIY Pillar Candle Mould Using PVC Pipe,230.0,storyboard,13,103.1,111.03,7.93,https://youtu.be/BA8q74YNEHA?t=103s,prepare_container,prep,1,0.45,"Making a silicone mould around a master candle (mixing/applying silicone, cups).","Making a silicone mould around a master candle (mixing/applying silicone, cups). steady, low-motion shot, dim, muted brown/black palette (#746153, #282728). prep phase, ~45% in, 1:43–1:51.",,0,0.0,0.009,0.125,0.339,0.081,"#746153,#282728,#d0ddd4",1,,
BA8q74YNEHA,https://www.youtube.com/watch?v=BA8q74YNEHA,How to Make a Mold for Candles | DIY Pillar Candle Mould Using PVC Pipe,230.0,storyboard,14,111.03,118.97,7.94,https://youtu.be/BA8q74YNEHA?t=111s,prepare_container,prep,1,0.45,"Making a silicone mould around a master candle (mixing/applying silicone, cups).","Making a silicone mould around a master candle (mixing/applying silicone, cups). captioned, moderate on-screen movement, well-lit, muted grey/beige palette (#807266, #bbab99). prep phase, ~48% in, 1:51–1:58.",7 fa 7 fen Sst? tPCT ef 4 at se nn,1,0.0,0.031,0.193,0.438,0.086,"#807266,#bbab99,#3a383a",1,,
BA8q74YNEHA,https://www.youtube.com/watch?v=BA8q74YNEHA,How to Make a Mold for Candles | DIY Pillar Candle Mould Using PVC Pipe,230.0,storyboard,15,118.97,126.9,7.93,https://youtu.be/BA8q74YNEHA?t=119s,prepare_container,prep,1,0.45,"Making a silicone mould around a master candle (mixing/applying silicone, cups).","Making a silicone mould around a master candle (mixing/applying silicone, cups). captioned, moderate on-screen movement, well-lit, muted grey/brown palette (#8e7e6c, #4a423c). prep phase, ~52% in, 1:58–2:06.",ae 4 Ih ar tae ee ue,1,0.0,0.014,0.195,0.416,0.088,"#8e7e6c,#4a423c,#c5cccd",1,,
BA8q74YNEHA,https://www.youtube.com/watch?v=BA8q74YNEHA,How to Make a Mold for Candles | DIY Pillar Candle Mould Using PVC Pipe,230.0,storyboard,16,126.9,134.83,7.93,https://youtu.be/BA8q74YNEHA?t=127s,prepare_container,prep,1,0.45,"Making a silicone mould around a master candle (mixing/applying silicone, cups).","Making a silicone mould around a master candle (mixing/applying silicone, cups). moderate on-screen movement, dim, muted brown/grey palette (#4d4233, #70716f). prep phase, ~55% in, 2:06–2:14.",9 os,0,0.0,0.022,0.175,0.365,0.119,"#4d4233,#70716f,#b5aca0",1,,
BA8q74YNEHA,https://www.youtube.com/watch?v=BA8q74YNEHA,How to Make a Mold for Candles | DIY Pillar Candle Mould Using PVC Pipe,230.0,storyboard,17,134.83,142.76,7.93,https://youtu.be/BA8q74YNEHA?t=135s,prepare_container,prep,1,0.77,Presenter talking to camera (auto-detected: frontal face).,"Presenter talking to camera (auto-detected: frontal face). Preparing the vessel - cleaning the jar and fixing the wick to the base with a glue dot / wick sticker, then centering it. captioned, static shot, dim, muted black/grey palette (#39352f, #6b645f). prep phase, ~59% in, 2:14–2:22.","YY Se See ee os Sa Pe TA wee ey Tok 7 mth Pee ih 4 ee ie us se Pn oS era ues 7 oy, Fs We et io 1 en ee im 1 wae Sas 2 are PL iim fas oe You 4 ss eet VNR ox ROS ogee 4 ahe Ss oi me 2 Ss tS ra ly has wh",1,0.667,0.034,0.031,0.35,0.083,"#39352f,#6b645f,#b3b2b0",0,talking_head,action label 'prepare_container' but a strong face fills the frame
BA8q74YNEHA,https://www.youtube.com/watch?v=BA8q74YNEHA,How to Make a Mold for Candles | DIY Pillar Candle Mould Using PVC Pipe,230.0,storyboard,18,142.76,150.69,7.93,https://youtu.be/BA8q74YNEHA?t=143s,prepare_container,prep,1,0.45,"Making a silicone mould around a master candle (mixing/applying silicone, cups).","Making a silicone mould around a master candle (mixing/applying silicone, cups). steady, low-motion shot, dim, brown/amber palette (#544034, #a2805c). prep phase, ~62% in, 2:22–2:30.",,0,0.0,0.01,0.055,0.356,0.221,"#544034,#a2805c,#5cdae3",1,,
BA8q74YNEHA,https://www.youtube.com/watch?v=BA8q74YNEHA,How to Make a Mold for Candles | DIY Pillar Candle Mould Using PVC Pipe,230.0,storyboard,19,150.69,158.62,7.93,https://youtu.be/BA8q74YNEHA?t=151s,prepare_container,prep,1,0.45,"Making a silicone mould around a master candle (mixing/applying silicone, cups).","Making a silicone mould around a master candle (mixing/applying silicone, cups). captioned, moderate on-screen movement, well-lit, beige/brown palette (#ccc3ab, #4b3e39). prep phase, ~66% in, 2:30–2:38.","we 7 re pe Oe oa Fes, eat ay Ate Len it. Pa 4 are Ix Hits hi ni yet ith 42 as Fz Ds bi HE 8 xi,",1,0.0,0.071,0.19,0.456,0.15,"#ccc3ab,#4b3e39,#896f6f",1,,
BbGnbTIz7_s,https://www.youtube.com/watch?v=BbGnbTIz7_s,Ombre 5 layers gradient candle tutorial | Step by step | Advanced candle making | POV (no talking),505.0,storyboard,6,48.1,56.11,8.01,https://youtu.be/BbGnbTIz7_s?t=48s,prepare_container,prep,1,0.5,Silicone cube mould prepared.,"Silicone cube mould prepared. moderate on-screen movement, well-lit, muted beige/brown palette (#b8b6ac, #343a3e). prep phase, ~10% in, 0:48–0:56.",,0,0.0,0.005,0.195,0.55,0.141,"#b8b6ac,#343a3e,#988a7c",1,,
BbGnbTIz7_s,https://www.youtube.com/watch?v=BbGnbTIz7_s,Ombre 5 layers gradient candle tutorial | Step by step | Advanced candle making | POV (no talking),505.0,storyboard,7,56.11,64.13,8.02,https://youtu.be/BbGnbTIz7_s?t=56s,prepare_container,prep,1,0.5,Threading the wick through the mould with a needle.,"Threading the wick through the mould with a needle. steady, low-motion shot, well-lit, muted grey/beige palette (#9f9a91, #b7bab7). prep phase, ~11% in, 0:56–1:04.",,0,0.5,0.04,0.088,0.585,0.101,"#9f9a91,#b7bab7,#30353a",0,talking_head,
BbGnbTIz7_s,https://www.youtube.com/watch?v=BbGnbTIz7_s,Ombre 5 layers gradient candle tutorial | Step by step | Advanced candle making | POV (no talking),505.0,storyboard,8,64.13,72.14,8.01,https://youtu.be/BbGnbTIz7_s?t=64s,prepare_container,prep,1,0.5,Measuring the wick against the mould.,"Measuring the wick against the mould. captioned, static shot, well-lit, muted beige/cream palette (#b4a495, #d4d2cd). prep phase, ~13% in, 1:04–1:12.",ei 4 Wiegsure your raw wick acainst the meld Andueave 2.cm an both ends 7,1,0.0,0.097,0.0,0.654,0.144,"#b4a495,#d4d2cd,#814f45",0,text_overlay,
BbGnbTIz7_s,https://www.youtube.com/watch?v=BbGnbTIz7_s,Ombre 5 layers gradient candle tutorial | Step by step | Advanced candle making | POV (no talking),505.0,storyboard,9,72.14,80.16,8.02,https://youtu.be/BbGnbTIz7_s?t=72s,prepare_container,prep,1,0.5,Wick threaded through the mould.,"Wick threaded through the mould. steady, low-motion shot, well-lit, muted beige/grey palette (#bfc0bc, #a48e7c). prep phase, ~14% in, 1:12–1:20.",mm lw,0,0.0,0.077,0.105,0.618,0.128,"#bfc0bc,#a48e7c,#2d353b",1,,
BskHsZWNhRw,https://www.youtube.com/watch?v=BskHsZWNhRw,DIY WATER CANDLES // Easy DIY CANDLES AT HOME,300.0,storyboard,0,0.0,7.89,7.89,https://youtu.be/BskHsZWNhRw?t=0s,prepare_container,prep,1,0.4,Pink-themed overhead; a round glass vessel readied for a decorative water/gel candle.,"Pink-themed overhead; a round glass vessel readied for a decorative water/gel candle. steady, low-motion shot, well-lit, muted cream/grey palette (#d9ced8, #9f9484). prep phase, ~0% in, 0:00–0:07.",,0,0.0,0.017,0.056,0.674,0.085,"#d9ced8,#9f9484,#655743",1,,
BskHsZWNhRw,https://www.youtube.com/watch?v=BskHsZWNhRw,DIY WATER CANDLES // Easy DIY CANDLES AT HOME,300.0,storyboard,25,197.37,205.26,7.89,https://youtu.be/BskHsZWNhRw?t=197s,prepare_container,prep,1,0.4,A clear round glass readied for a second (purple) candle.,"A clear round glass readied for a second (purple) candle. captioned, static shot, well-lit, muted grey palette (#8d8f93, #616360). prep phase, ~66% in, 3:17–3:25.",an La Yd fe 4 tt eT NS ee 7. ee 2 rey tf se Sam Faxiss eee Sees OS pee eS VR ere eee,1,0.0,0.022,0.033,0.557,0.066,"#8d8f93,#616360,#b6b3a5",1,,
BskHsZWNhRw,https://www.youtube.com/watch?v=BskHsZWNhRw,DIY WATER CANDLES // Easy DIY CANDLES AT HOME,300.0,storyboard,26,205.26,213.16,7.9,https://youtu.be/BskHsZWNhRw?t=205s,prepare_container,prep,1,0.4,Wick/clear gel base set in the glass.,"Wick/clear gel base set in the glass. captioned, static shot, well-lit, muted beige/grey palette (#a6a39b, #878172). prep phase, ~68% in, 3:25–3:33.",Ss ae 7 ae ies RS,1,0.0,0.017,0.029,0.541,0.101,"#a6a39b,#878172,#564737",1,,
CQ3SYeqOP8Y,https://www.youtube.com/watch?v=CQ3SYeqOP8Y,How to Make Rolled beeswax Candles,483.0,storyboard,11,88.55,96.6,8.05,https://youtu.be/CQ3SYeqOP8Y?t=89s,prepare_container,prep,1,0.45,Yellow beeswax sheet and wick readied.,"Yellow beeswax sheet and wick readied. steady, low-motion shot, well-lit, beige/amber palette (#b1b0b0, #a19a24). prep phase, ~18% in, 1:28–1:36.",,0,0.0,0.027,0.081,0.599,0.25,"#b1b0b0,#a19a24,#695446",1,,
CrJ9UE6Nihw,https://www.youtube.com/watch?v=CrJ9UE6Nihw,FULL & easy beginners guide to Candle Making,601.0,storyboard,10,80.13,88.15,8.02,https://youtu.be/CrJ9UE6Nihw?t=80s,prepare_container,prep,1,0.45,Star-pattern bowl prepared.,"Star-pattern bowl prepared. captioned, static shot, well-lit, muted beige/grey palette (#a2a1a4, #77716e). prep phase, ~13% in, 1:20–1:28.","ee oh Me. Ce. Be Co ee ty, ae ee 7 sa 4 7",1,0.0,0.051,0.0,0.483,0.059,"#a2a1a4,#77716e,#564944",0,text_overlay,
CrJ9UE6Nihw,https://www.youtube.com/watch?v=CrJ9UE6Nihw,FULL & easy beginners guide to Candle Making,601.0,storyboard,11,88.15,96.16,8.01,https://youtu.be/CrJ9UE6Nihw?t=88s,prepare_container,prep,1,0.45,Hands at the star bowl.,"Hands at the star bowl. Preparing the vessel - cleaning the jar and fixing the wick to the base with a glue dot / wick sticker, then centering it. captioned, steady, low-motion shot, well-lit, muted grey palette (#7c7978, #a0a1a3). prep phase, ~15% in, 1:28–1:36.",et Sn es af te eS 1 me 2 4 Ape vr 7 4 Ys,1,0.0,0.029,0.05,0.474,0.048,"#7c7978,#a0a1a3,#5e5753",1,,
CrJ9UE6Nihw,https://www.youtube.com/watch?v=CrJ9UE6Nihw,FULL & easy beginners guide to Candle Making,601.0,storyboard,12,96.16,104.17,8.01,https://youtu.be/CrJ9UE6Nihw?t=96s,prepare_container,prep,1,0.45,Prepping the decorative bowl.,"Prepping the decorative bowl. steady, low-motion shot, well-lit, muted grey palette (#9e9ea1, #787574). prep phase, ~16% in, 1:36–1:44.",Sf,0,0.0,0.023,0.069,0.465,0.044,"#9e9ea1,#787574,#4b4642",1,,
D2TTNZkVMMM,https://www.youtube.com/watch?v=D2TTNZkVMMM,How to Make Layered Scented Candles | DIY Candle Making,250.0,storyboard,6,48.39,56.45,8.06,https://youtu.be/D2TTNZkVMMM?t=48s,prepare_container,prep,1,0.55,Caption 'wicks / wick sticker'; a wick is prepared.,"Caption 'wicks / wick sticker'; a wick is prepared. captioned, static shot, bright, muted cream/beige palette (#e5e1e1, #c3b0a8). prep phase, ~19% in, 0:48–0:56.",wax fragrance jars wicks wick stickers wick bar,1,0.0,0.077,0.047,0.85,0.045,"#e5e1e1,#c3b0a8,#90736c",1,,
D2TTNZkVMMM,https://www.youtube.com/watch?v=D2TTNZkVMMM,How to Make Layered Scented Candles | DIY Candle Making,250.0,storyboard,7,56.45,64.52,8.07,https://youtu.be/D2TTNZkVMMM?t=56s,prepare_container,prep,1,0.6,Hands peel a wick sticker on the marble.,"Hands peel a wick sticker on the marble. captioned, static shot, bright, muted white/cream palette (#eae6e7, #d8d3d3). prep phase, ~23% in, 0:56–1:04.",wax fragrance jars wicks wick stickers 3 wick bar,1,0.0,0.079,0.049,0.848,0.053,"#eae6e7,#d8d3d3,#b19b93",1,,
D2TTNZkVMMM,https://www.youtube.com/watch?v=D2TTNZkVMMM,How to Make Layered Scented Candles | DIY Candle Making,250.0,storyboard,8,64.52,72.58,8.06,https://youtu.be/D2TTNZkVMMM?t=65s,prepare_container,prep,1,0.6,The wick is placed into the jar.,"The wick is placed into the jar. static shot, bright, muted cream/beige palette (#d7d6d5, #a2a7a8). prep phase, ~26% in, 1:04–1:12.",,0,0.333,0.019,0.025,0.748,0.046,"#d7d6d5,#a2a7a8,#353b3c",1,,
DIdrbQREtns,https://www.youtube.com/watch?v=DIdrbQREtns,Beginners Guide to Make Soy Wax Pillar Candles  Tips and Tricks,694.0,storyboard,44,350.99,358.97,7.98,https://youtu.be/DIdrbQREtns?t=351s,prepare_container,prep,1,0.5,Prepping the knit-textured silicone pillar mould.,"Prepping the knit-textured silicone pillar mould. static shot, well-lit, muted grey palette (#979698, #726f72). prep phase, ~51% in, 5:50–5:58.",,0,0.0,0.016,0.015,0.539,0.055,"#979698,#726f72,#5d443b",1,,
DIdrbQREtns,https://www.youtube.com/watch?v=DIdrbQREtns,Beginners Guide to Make Soy Wax Pillar Candles  Tips and Tricks,694.0,storyboard,49,390.87,398.85,7.98,https://youtu.be/DIdrbQREtns?t=391s,prepare_container,prep,1,0.5,Prepping the knit-textured silicone pillar mould.,"Prepping the knit-textured silicone pillar mould. steady, low-motion shot, well-lit, muted grey palette (#9a999c, #827e77). prep phase, ~56% in, 6:30–6:38.",,0,0.0,0.017,0.067,0.527,0.047,"#9a999c,#827e77,#635750",1,,
DIdrbQREtns,https://www.youtube.com/watch?v=DIdrbQREtns,Beginners Guide to Make Soy Wax Pillar Candles  Tips and Tricks,694.0,storyboard,50,398.85,406.83,7.98,https://youtu.be/DIdrbQREtns?t=399s,prepare_container,prep,1,0.5,Prepping the knit-textured silicone pillar mould.,"Prepping the knit-textured silicone pillar mould. steady, low-motion shot, well-lit, muted grey palette (#99989a, #79746c). prep phase, ~57% in, 6:38–6:46.",,0,0.0,0.0,0.057,0.499,0.054,"#99989a,#79746c,#5c473d",1,,
E27yUdPTNEU,https://www.youtube.com/watch?v=E27yUdPTNEU,How To Make Perfect Dipped Beeswax Taper Candles (In An Old Tin Can),245.0,storyboard,1,7.9,15.81,7.91,https://youtu.be/E27yUdPTNEU?t=8s,prepare_container,prep,1,0.5,A wooden frame strung with multiple wicks is prepared for dipping.,"A wooden frame strung with multiple wicks is prepared for dipping. moderate on-screen movement, well-lit, muted beige/brown palette (#e4c89d, #452e19). prep phase, ~3% in, 0:07–0:15.",SCC,0,0.0,0.122,0.276,0.497,0.141,"#e4c89d,#452e19,#8a6e4c",1,,
E27yUdPTNEU,https://www.youtube.com/watch?v=E27yUdPTNEU,How To Make Perfect Dipped Beeswax Taper Candles (In An Old Tin Can),245.0,storyboard,19,150.16,158.06,7.9,https://youtu.be/E27yUdPTNEU?t=150s,prepare_container,prep,1,0.4,Tapers hung to set.,"Tapers hung to set. Preparing the vessel - cleaning the jar and fixing the wick to the base with a glue dot / wick sticker, then centering it. steady, low-motion shot, dim, black/brown palette (#2f2925, #675e55). prep phase, ~61% in, 2:30–2:38.",Wee oe,0,0.333,0.214,0.082,0.349,0.198,"#2f2925,#675e55,#b3905d",1,,
E27yUdPTNEU,https://www.youtube.com/watch?v=E27yUdPTNEU,How To Make Perfect Dipped Beeswax Taper Candles (In An Old Tin Can),245.0,storyboard,20,158.06,165.97,7.91,https://youtu.be/E27yUdPTNEU?t=158s,prepare_container,prep,1,0.4,Hanging the dipped tapers in a bucket of wax.,"Hanging the dipped tapers in a bucket of wax. moderate on-screen movement, dim, grey/black palette (#866758, #292122). prep phase, ~65% in, 2:38–2:45.",me,0,0.0,0.185,0.239,0.37,0.18,"#866758,#292122,#c9aabd",1,,
EBZGgxpf3Ho,https://www.youtube.com/watch?v=EBZGgxpf3Ho,How to make perfect scented soy wax tin candles every time. DIY tutorial 7oz coco soy wax candles,667.0,storyboard,14,112.51,120.54,8.03,https://youtu.be/EBZGgxpf3Ho?t=113s,prepare_container,prep,1,0.45,Wick stickers and wick-centering tools prepped.,"Wick stickers and wick-centering tools prepped. static shot, well-lit, muted grey/cream palette (#9d908d, #edc2be). prep phase, ~17% in, 1:52–2:00.",am,0,0.0,0.032,0.0,0.628,0.142,"#9d908d,#edc2be,#713d3a",1,,
EBZGgxpf3Ho,https://www.youtube.com/watch?v=EBZGgxpf3Ho,How to make perfect scented soy wax tin candles every time. DIY tutorial 7oz coco soy wax candles,667.0,storyboard,15,120.54,128.58,8.04,https://youtu.be/EBZGgxpf3Ho?t=121s,prepare_container,prep,1,0.7,Presenter talking to camera (auto-detected: frontal face).,"Presenter talking to camera (auto-detected: frontal face). Preparing the vessel - cleaning the jar and fixing the wick to the base with a glue dot / wick sticker, then centering it. steady, low-motion shot, well-lit, muted grey/cream palette (#928b86, #e9c7b9). prep phase, ~18% in, 2:00–2:08.",,0,0.5,0.001,0.131,0.59,0.105,"#928b86,#e9c7b9,#6e3d3a",0,talking_head,
EBZGgxpf3Ho,https://www.youtube.com/watch?v=EBZGgxpf3Ho,How to make perfect scented soy wax tin candles every time. DIY tutorial 7oz coco soy wax candles,667.0,storyboard,16,128.58,136.61,8.03,https://youtu.be/EBZGgxpf3Ho?t=129s,prepare_container,prep,1,0.45,Wick stickers and wick-centering tools prepped.,"Wick stickers and wick-centering tools prepped. steady, low-motion shot, well-lit, muted grey/beige palette (#a09790, #d5beb7). prep phase, ~19% in, 2:08–2:16.",,0,0.0,0.01,0.149,0.627,0.095,"#a09790,#d5beb7,#827770",1,,
G42ivbBdIHY,https://www.youtube.com/watch?v=G42ivbBdIHY,Essential Oil Candles DIY For Beginners | Step By Step Candle Making Tutorial,693.0,storyboard,21,167.28,175.24,7.96,https://youtu.be/G42ivbBdIHY?t=167s,prepare_container,prep,1,0.45,'Clean out your jar'; wiping the jar (heat gun shown).,"'Clean out your jar'; wiping the jar (heat gun shown). captioned, moderate on-screen movement, well-lit, muted grey/brown palette (#7a7a79, #55504b). prep phase, ~24% in, 2:47–2:55.",ar oe 14 st ar 7,1,0.0,0.089,0.176,0.506,0.076,"#7a7a79,#55504b,#a6aaac",1,,
GAh9lQmaEvI,https://www.youtube.com/watch?v=GAh9lQmaEvI,How to make scented candles at home step by step,135.0,storyboard,1,7.94,15.88,7.94,https://youtu.be/GAh9lQmaEvI?t=8s,prepare_container,prep,1,0.7,step 1: washing jars under tap,"step 1: washing jars under tap. steady, low-motion shot, bright, muted beige palette (#c2c2c2, #bfc3c2). prep phase, ~6% in, 0:07–0:15.",,0,0.0,0.001,0.053,0.751,0.076,"#c2c2c2,#bfc3c2,#c2c2c0",1,,
GAh9lQmaEvI,https://www.youtube.com/watch?v=GAh9lQmaEvI,How to make scented candles at home step by step,135.0,storyboard,2,15.88,23.82,7.94,https://youtu.be/GAh9lQmaEvI?t=16s,prepare_container,prep,1,0.65,"step 2: drying jars in oven, 'preheat'","step 2: drying jars in oven, 'preheat'. lots of on-screen movement, well-lit, muted beige/blue palette (#c1c1c2, #324ec9). prep phase, ~12% in, 0:15–0:23.",,0,0.0,0.091,0.367,0.513,0.07,"#c1c1c2,#324ec9,#537ad2",1,,description references on-screen text but OCR found none
GAh9lQmaEvI,https://www.youtube.com/watch?v=GAh9lQmaEvI,How to make scented candles at home step by step,135.0,storyboard,3,23.82,31.76,7.94,https://youtu.be/GAh9lQmaEvI?t=24s,prepare_container,prep,1,0.6,step 3: wicks laid out,"step 3: wicks laid out. Preparing the vessel - cleaning the jar and fixing the wick to the base with a glue dot / wick sticker, then centering it. static shot, bright, muted beige/grey palette (#b0c4c3, #849391). prep phase, ~18% in, 0:23–0:31.",pret,0,0.0,0.024,0.025,0.734,0.031,"#b0c4c3,#849391,#44504f",1,,
GAh9lQmaEvI,https://www.youtube.com/watch?v=GAh9lQmaEvI,How to make scented candles at home step by step,135.0,storyboard,4,31.76,39.71,7.95,https://youtu.be/GAh9lQmaEvI?t=32s,prepare_container,prep,1,0.7,step 4: glue + stick wick inside jar,"step 4: glue + stick wick inside jar. captioned, steady, low-motion shot, bright, muted cream/beige palette (#c6d0c5, #afbaaf). prep phase, ~24% in, 0:31–0:39.",S/W 2 va om 4 WeakeRiey aS OU MOI IOVOT EAN Gi tACH Ane Dy ICKSie,1,0.0,0.015,0.059,0.757,0.041,"#c6d0c5,#afbaaf,#929d90",1,,
HPD1k0lhDCU,https://www.youtube.com/watch?v=HPD1k0lhDCU,How to Make Luxury Coconut Apricot Wax Candles | Step-by-Step Tutorial,687.0,storyboard,2,15.98,23.97,7.99,https://youtu.be/HPD1k0lhDCU?t=16s,prepare_container,prep,1,0.45,Arranging the rows of amber jars with wick stickers.,"Arranging the rows of amber jars with wick stickers. captioned, moderate on-screen movement, well-lit, black/beige palette (#332216, #b2ab9d). prep phase, ~2% in, 0:15–0:23.",ge ES he 4 ee JRE KE 10 Ld theseaes,1,0.0,0.16,0.194,0.416,0.169,"#332216,#b2ab9d,#886844",1,,
HPD1k0lhDCU,https://www.youtube.com/watch?v=HPD1k0lhDCU,How to Make Luxury Coconut Apricot Wax Candles | Step-by-Step Tutorial,687.0,storyboard,3,23.97,31.95,7.98,https://youtu.be/HPD1k0lhDCU?t=24s,prepare_container,prep,1,0.45,Pink-gloved hands fit wicks into the rows of amber jars.,"Pink-gloved hands fit wicks into the rows of amber jars. captioned, steady, low-motion shot, dim, black/beige palette (#362518, #b4ac9f). prep phase, ~3% in, 0:23–0:31.","Les GS Bre te te eeu Serene ese, Gwe aa, Tn fon",1,0.5,0.197,0.087,0.38,0.177,"#362518,#b4ac9f,#7d623a",0,talking_head,
HPD1k0lhDCU,https://www.youtube.com/watch?v=HPD1k0lhDCU,How to Make Luxury Coconut Apricot Wax Candles | Step-by-Step Tutorial,687.0,storyboard,4,31.95,39.94,7.99,https://youtu.be/HPD1k0lhDCU?t=32s,prepare_container,prep,1,0.45,Centring wicks across the rows of amber jars.,"Centring wicks across the rows of amber jars. captioned, static shot, dim, black/beige palette (#2f1f14, #b4ac9a). prep phase, ~5% in, 0:31–0:39.",S's Ee BEE: ICD Mt UG ina 73 oe 4 Ln en At.,1,0.0,0.208,0.0,0.385,0.166,"#2f1f14,#b4ac9a,#6f5734",0,text_overlay,
HPD1k0lhDCU,https://www.youtube.com/watch?v=HPD1k0lhDCU,How to Make Luxury Coconut Apricot Wax Candles | Step-by-Step Tutorial,687.0,storyboard,5,39.94,47.93,7.99,https://youtu.be/HPD1k0lhDCU?t=40s,prepare_container,prep,1,0.45,Arranging the rows of amber jars with wick stickers.,"Arranging the rows of amber jars with wick stickers. captioned, moderate on-screen movement, dim, grey/black palette (#916367, #401c23). prep phase, ~6% in, 0:39–0:47.",igri nese wo is 4 Ve ee es,1,0.0,0.125,0.158,0.392,0.226,"#916367,#401c23,#b6aead",1,,
HPD1k0lhDCU,https://www.youtube.com/watch?v=HPD1k0lhDCU,How to Make Luxury Coconut Apricot Wax Candles | Step-by-Step Tutorial,687.0,storyboard,6,47.93,55.92,7.99,https://youtu.be/HPD1k0lhDCU?t=48s,prepare_container,prep,1,0.45,Pink-gloved hands fit wicks into the rows of amber jars.,"Pink-gloved hands fit wicks into the rows of amber jars. captioned, steady, low-motion shot, well-lit, grey/black palette (#946a65, #382416). prep phase, ~7% in, 0:47–0:55.",be Vier Kae TS hs ss SMES Be,1,0.0,0.147,0.142,0.44,0.201,"#946a65,#382416,#bcb2aa",1,,
HPD1k0lhDCU,https://www.youtube.com/watch?v=HPD1k0lhDCU,How to Make Luxury Coconut Apricot Wax Candles | Step-by-Step Tutorial,687.0,storyboard,7,55.92,63.91,7.99,https://youtu.be/HPD1k0lhDCU?t=56s,prepare_container,prep,1,0.45,Centring wicks across the rows of amber jars.,"Centring wicks across the rows of amber jars. captioned, static shot, well-lit, grey/black palette (#866e5c, #402918). prep phase, ~8% in, 0:55–1:03.",vow Ce Pus avea.ue Se 7 vi aa iy,1,0.0,0.099,0.0,0.448,0.158,"#866e5c,#402918,#bdb5aa",0,text_overlay,
HPD1k0lhDCU,https://www.youtube.com/watch?v=HPD1k0lhDCU,How to Make Luxury Coconut Apricot Wax Candles | Step-by-Step Tutorial,687.0,storyboard,8,63.91,71.9,7.99,https://youtu.be/HPD1k0lhDCU?t=64s,prepare_container,prep,1,0.45,Arranging the rows of amber jars with wick stickers.,"Arranging the rows of amber jars with wick stickers. captioned, moderate on-screen movement, well-lit, muted grey/brown palette (#90806d, #453121). prep phase, ~9% in, 1:03–1:11.",io ve S&S Ji we ba,1,0.0,0.154,0.157,0.456,0.149,"#90806d,#453121,#cfcabe",1,,
HPD1k0lhDCU,https://www.youtube.com/watch?v=HPD1k0lhDCU,How to Make Luxury Coconut Apricot Wax Candles | Step-by-Step Tutorial,687.0,storyboard,9,71.9,79.88,7.98,https://youtu.be/HPD1k0lhDCU?t=72s,prepare_container,prep,1,0.45,Pink-gloved hands fit wicks into the rows of amber jars.,"Pink-gloved hands fit wicks into the rows of amber jars. captioned, moderate on-screen movement, well-lit, black/grey palette (#412526, #8f6d71). prep phase, ~10% in, 1:11–1:19.",ve Ve NN 7 sf ee Aa,1,0.0,0.063,0.154,0.444,0.196,"#412526,#8f6d71,#b7aca7",1,,
HPD1k0lhDCU,https://www.youtube.com/watch?v=HPD1k0lhDCU,How to Make Luxury Coconut Apricot Wax Candles | Step-by-Step Tutorial,687.0,storyboard,10,79.88,87.87,7.99,https://youtu.be/HPD1k0lhDCU?t=80s,prepare_container,prep,1,0.45,Centring wicks across the rows of amber jars.,"Centring wicks across the rows of amber jars. captioned, static shot, well-lit, brown/grey palette (#442625, #926465). prep phase, ~12% in, 1:19–1:27.",EE Mp SS 4 wa laa vy aN 4 dq,1,0.0,0.087,0.0,0.423,0.206,"#442625,#926465,#b7aca5",0,text_overlay,
HPD1k0lhDCU,https://www.youtube.com/watch?v=HPD1k0lhDCU,How to Make Luxury Coconut Apricot Wax Candles | Step-by-Step Tutorial,687.0,storyboard,11,87.87,95.86,7.99,https://youtu.be/HPD1k0lhDCU?t=88s,prepare_container,prep,1,0.45,Arranging the rows of amber jars with wick stickers.,"Arranging the rows of amber jars with wick stickers. captioned, steady, low-motion shot, well-lit, black/grey palette (#3c2321, #7f5f65). prep phase, ~13% in, 1:27–1:35.",Vee Be he me ae Sl he Sax,1,0.0,0.121,0.12,0.407,0.193,"#3c2321,#7f5f65,#b1a7a0",1,,
HPD1k0lhDCU,https://www.youtube.com/watch?v=HPD1k0lhDCU,How to Make Luxury Coconut Apricot Wax Candles | Step-by-Step Tutorial,687.0,storyboard,12,95.86,103.85,7.99,https://youtu.be/HPD1k0lhDCU?t=96s,prepare_container,prep,1,0.45,Pink-gloved hands fit wicks into the rows of amber jars.,"Pink-gloved hands fit wicks into the rows of amber jars. captioned, moderate on-screen movement, well-lit, black/beige palette (#34231e, #b0a89e). prep phase, ~14% in, 1:35–1:43.",aan hy ks ee ae oe ya,1,0.0,0.138,0.157,0.403,0.209,"#34231e,#b0a89e,#804950",1,,
HPD1k0lhDCU,https://www.youtube.com/watch?v=HPD1k0lhDCU,How to Make Luxury Coconut Apricot Wax Candles | Step-by-Step Tutorial,687.0,storyboard,13,103.85,111.84,7.99,https://youtu.be/HPD1k0lhDCU?t=104s,prepare_container,prep,1,0.45,Centring wicks across the rows of amber jars.,"Centring wicks across the rows of amber jars. captioned, static shot, well-lit, grey/black palette (#98666e, #422924). prep phase, ~15% in, 1:43–1:51.",ye aeee 4 eB red hy csiiiscfsiee::- eZ eae ak we Al SSA et Wye ee oe Ft ete shh NO HK pe se wi 4 Be 4,1,0.0,0.117,0.0,0.426,0.213,"#98666e,#422924,#bdb6af",0,text_overlay,
HPD1k0lhDCU,https://www.youtube.com/watch?v=HPD1k0lhDCU,How to Make Luxury Coconut Apricot Wax Candles | Step-by-Step Tutorial,687.0,storyboard,14,111.84,119.83,7.99,https://youtu.be/HPD1k0lhDCU?t=112s,prepare_container,prep,1,0.45,Arranging the rows of amber jars with wick stickers.,"Arranging the rows of amber jars with wick stickers. captioned, moderate on-screen movement, well-lit, muted beige/black palette (#b9b5ae, #3c2519). prep phase, ~16% in, 1:51–1:59.",4 AS ho ae BG ply Awe. la XA,1,0.0,0.161,0.162,0.44,0.143,"#b9b5ae,#3c2519,#86756c",1,,
HPD1k0lhDCU,https://www.youtube.com/watch?v=HPD1k0lhDCU,How to Make Luxury Coconut Apricot Wax Candles | Step-by-Step Tutorial,687.0,storyboard,15,119.83,127.81,7.98,https://youtu.be/HPD1k0lhDCU?t=120s,prepare_container,prep,1,0.45,Pink-gloved hands fit wicks into the rows of amber jars.,"Pink-gloved hands fit wicks into the rows of amber jars. captioned, moderate on-screen movement, well-lit, black/grey palette (#3a2119, #927873). prep phase, ~17% in, 1:59–2:07.",2 os Sn ae. S/S paige ee,1,0.0,0.127,0.168,0.435,0.157,"#3a2119,#927873,#c3beb5",1,,
HPD1k0lhDCU,https://www.youtube.com/watch?v=HPD1k0lhDCU,How to Make Luxury Coconut Apricot Wax Candles | Step-by-Step Tutorial,687.0,storyboard,16,127.81,135.8,7.99,https://youtu.be/HPD1k0lhDCU?t=128s,prepare_container,prep,1,0.45,Centring wicks across the rows of amber jars.,"Centring wicks across the rows of amber jars. captioned, static shot, well-lit, grey/black palette (#8e7570, #351f16). prep phase, ~19% in, 2:07–2:15.",wise. we wi jo 8.6 7. Cs yy te es 4 wi,1,0.0,0.11,0.0,0.419,0.15,"#8e7570,#351f16,#c2bab1",0,text_overlay,
HPD1k0lhDCU,https://www.youtube.com/watch?v=HPD1k0lhDCU,How to Make Luxury Coconut Apricot Wax Candles | Step-by-Step Tutorial,687.0,storyboard,17,135.8,143.79,7.99,https://youtu.be/HPD1k0lhDCU?t=136s,prepare_container,prep,1,0.45,Arranging the rows of amber jars with wick stickers.,"Arranging the rows of amber jars with wick stickers. lots of on-screen movement, well-lit, muted black/grey palette (#2b2025, #926274). prep phase, ~20% in, 2:15–2:23.",,0,0.0,0.008,0.517,0.65,0.12,"#2b2025,#926274,#d3b8ae",1,,
HPD1k0lhDCU,https://www.youtube.com/watch?v=HPD1k0lhDCU,How to Make Luxury Coconut Apricot Wax Candles | Step-by-Step Tutorial,687.0,storyboard,18,143.79,151.78,7.99,https://youtu.be/HPD1k0lhDCU?t=144s,prepare_container,prep,1,0.45,Pink-gloved hands fit wicks into the rows of amber jars.,"Pink-gloved hands fit wicks into the rows of amber jars. captioned, moderate on-screen movement, well-lit, beige/brown palette (#b4aa9f, #675350). prep phase, ~21% in, 2:23–2:31.",Bee rt 4 4 7 Ya senate 7,1,0.0,0.037,0.291,0.442,0.162,"#b4aa9f,#675350,#cc459d",1,,
HPD1k0lhDCU,https://www.youtube.com/watch?v=HPD1k0lhDCU,How to Make Luxury Coconut Apricot Wax Candles | Step-by-Step Tutorial,687.0,storyboard,19,151.78,159.77,7.99,https://youtu.be/HPD1k0lhDCU?t=152s,prepare_container,prep,1,0.45,Centring wicks across the rows of amber jars.,"Centring wicks across the rows of amber jars. static shot, well-lit, muted grey/brown palette (#917d68, #60472c). prep phase, ~22% in, 2:31–2:39.",,0,0.0,0.009,0.0,0.484,0.113,"#917d68,#60472c,#bcb4aa",1,,
HPD1k0lhDCU,https://www.youtube.com/watch?v=HPD1k0lhDCU,How to Make Luxury Coconut Apricot Wax Candles | Step-by-Step Tutorial,687.0,storyboard,20,159.77,167.76,7.99,https://youtu.be/HPD1k0lhDCU?t=160s,prepare_container,prep,1,0.45,Arranging the rows of amber jars with wick stickers.,"Arranging the rows of amber jars with wick stickers. captioned, moderate on-screen movement, well-lit, brown/beige palette (#60482c, #bbb099). prep phase, ~23% in, 2:39–2:47.",4 ee ee ae is be SF 7 iit ook ys eF ee rs ait Ow ar 7 wa 7 4 Cl,1,0.0,0.036,0.16,0.48,0.156,"#60482c,#bbb099,#8a7d69",1,,
HPD1k0lhDCU,https://www.youtube.com/watch?v=HPD1k0lhDCU,How to Make Luxury Coconut Apricot Wax Candles | Step-by-Step Tutorial,687.0,storyboard,21,167.76,175.74,7.98,https://youtu.be/HPD1k0lhDCU?t=168s,prepare_container,prep,1,0.45,Pink-gloved hands fit wicks into the rows of amber jars.,"Pink-gloved hands fit wicks into the rows of amber jars. captioned, moderate on-screen movement, well-lit, muted beige/brown palette (#b3a69f, #7b6252). prep phase, ~24% in, 2:47–2:55.","TT 4 gd mht ah, Bo 7. oa ee",1,0.0,0.124,0.17,0.43,0.136,"#b3a69f,#7b6252,#302014",1,,
HPD1k0lhDCU,https://www.youtube.com/watch?v=HPD1k0lhDCU,How to Make Luxury Coconut Apricot Wax Candles | Step-by-Step Tutorial,687.0,storyboard,22,175.74,183.73,7.99,https://youtu.be/HPD1k0lhDCU?t=176s,prepare_container,prep,1,0.45,Centring wicks across the rows of amber jars.,"Centring wicks across the rows of amber jars. captioned, steady, low-motion shot, well-lit, beige/grey palette (#b6a59c, #856859). prep phase, ~26% in, 2:55–3:03.",med Saye Ver Ore an 5.,1,0.0,0.166,0.103,0.437,0.174,"#b6a59c,#856859,#351f15",1,,
HPD1k0lhDCU,https://www.youtube.com/watch?v=HPD1k0lhDCU,How to Make Luxury Coconut Apricot Wax Candles | Step-by-Step Tutorial,687.0,storyboard,23,183.73,191.72,7.99,https://youtu.be/HPD1k0lhDCU?t=184s,prepare_container,prep,1,0.45,Arranging the rows of amber jars with wick stickers.,"Arranging the rows of amber jars with wick stickers. captioned, static shot, well-lit, grey/beige palette (#916264, #b3aea0). prep phase, ~27% in, 3:03–3:11.",4 he of 2 2 7 bs ante 7 Se 4 Tae Ssh sue,1,0.0,0.15,0.0,0.431,0.202,"#916264,#b3aea0,#332115",0,text_overlay,
JrRekRMu7bQ,https://www.youtube.com/watch?v=JrRekRMu7bQ,How To Make Concrete Candle Jars : Step-by-step Tutorial,368.0,storyboard,3,24.0,32.0,8.0,https://youtu.be/JrRekRMu7bQ?t=24s,prepare_container,prep,1,0.5,Caption 'Mixing & Pouring'; concrete mixed in a red bowl to make the vessel.,"Caption 'Mixing & Pouring'; concrete mixed in a red bowl to make the vessel. captioned, lots of on-screen movement, well-lit, muted black/beige palette (#312f2b, #b5b5b1). prep phase, ~7% in, 0:24–0:32.",This wil make ag oN,1,0.0,0.072,0.454,0.653,0.147,"#312f2b,#b5b5b1,#aa684d",1,,
JrRekRMu7bQ,https://www.youtube.com/watch?v=JrRekRMu7bQ,How To Make Concrete Candle Jars : Step-by-step Tutorial,368.0,storyboard,4,32.0,40.0,8.0,https://youtu.be/JrRekRMu7bQ?t=32s,prepare_container,prep,1,0.5,Caption 'Mix Color & Concrete Thoroughly'; tinting the concrete.,"Caption 'Mix Color & Concrete Thoroughly'; tinting the concrete. captioned, steady, low-motion shot, well-lit, beige/black palette (#b5b0a4, #33322e). prep phase, ~9% in, 0:32–0:40.",For White: 2 Tbsp Titanum Dioxide 4 For Ultra White: 3 Tbsp Titanum Dioxide Ay ee ad 7,1,0.0,0.072,0.075,0.436,0.216,"#b5b0a4,#33322e,#a35a46",1,,
JrRekRMu7bQ,https://www.youtube.com/watch?v=JrRekRMu7bQ,How To Make Concrete Candle Jars : Step-by-step Tutorial,368.0,storyboard,5,40.0,48.0,8.0,https://youtu.be/JrRekRMu7bQ?t=40s,prepare_container,prep,1,0.5,Mixing the concrete to a smooth slurry.,"Mixing the concrete to a smooth slurry. captioned, steady, low-motion shot, well-lit, brown/beige palette (#393735, #bcbbb3). prep phase, ~11% in, 0:40–0:48.",Mix Color Cemgnt Throroughly on My ts an ey,1,0.0,0.051,0.138,0.434,0.18,"#393735,#bcbbb3,#ab6f59",1,,
JrRekRMu7bQ,https://www.youtube.com/watch?v=JrRekRMu7bQ,How To Make Concrete Candle Jars : Step-by-step Tutorial,368.0,storyboard,6,48.0,56.0,8.0,https://youtu.be/JrRekRMu7bQ?t=48s,prepare_container,prep,1,0.5,Concrete poured into cup moulds to form the jars.,"Concrete poured into cup moulds to form the jars. captioned, static shot, well-lit, muted black/beige palette (#302d2b, #bab7b4). prep phase, ~13% in, 0:48–0:56.",ji iad Pe ED,1,0.0,0.026,0.0,0.409,0.136,"#302d2b,#bab7b4,#966c5b",1,,
JrRekRMu7bQ,https://www.youtube.com/watch?v=JrRekRMu7bQ,How To Make Concrete Candle Jars : Step-by-step Tutorial,368.0,storyboard,7,56.0,64.0,8.0,https://youtu.be/JrRekRMu7bQ?t=56s,prepare_container,prep,1,0.5,Filling the moulds with concrete.,"Filling the moulds with concrete. captioned, moderate on-screen movement, well-lit, muted beige/black palette (#aeada8, #252321). prep phase, ~15% in, 0:56–1:04.","Get Your Molds Ready ae Oe AE fh. aN,",1,0.0,0.048,0.152,0.437,0.132,"#aeada8,#252321,#8a725b",1,,
JrRekRMu7bQ,https://www.youtube.com/watch?v=JrRekRMu7bQ,How To Make Concrete Candle Jars : Step-by-step Tutorial,368.0,storyboard,8,64.0,72.0,8.0,https://youtu.be/JrRekRMu7bQ?t=64s,prepare_container,prep,1,0.5,Pressing an inner mould to shape the jar cavity.,"Pressing an inner mould to shape the jar cavity. captioned, steady, low-motion shot, well-lit, muted black/beige palette (#353636, #b5b6b1). prep phase, ~17% in, 1:04–1:12.",Learning to Gauge the Right Cope Comes With Practice Tria ae bs Se,1,0.0,0.121,0.115,0.413,0.141,"#353636,#b5b6b1,#99665a",1,,
JrRekRMu7bQ,https://www.youtube.com/watch?v=JrRekRMu7bQ,How To Make Concrete Candle Jars : Step-by-step Tutorial,368.0,storyboard,9,72.0,80.0,8.0,https://youtu.be/JrRekRMu7bQ?t=72s,prepare_container,prep,1,0.5,Forming the concrete vessels in the moulds.,"Forming the concrete vessels in the moulds. steady, low-motion shot, well-lit, muted brown/beige palette (#3b3a37, #bbb9b0). prep phase, ~20% in, 1:12–1:20.",arrale,0,0.0,0.019,0.113,0.438,0.139,"#3b3a37,#bbb9b0,#a46d57",1,,
JrRekRMu7bQ,https://www.youtube.com/watch?v=JrRekRMu7bQ,How To Make Concrete Candle Jars : Step-by-step Tutorial,368.0,storyboard,10,80.0,88.0,8.0,https://youtu.be/JrRekRMu7bQ?t=80s,prepare_container,prep,1,0.5,Settling the concrete in the moulds.,"Settling the concrete in the moulds. captioned, static shot, well-lit, black/beige palette (#2e322f, #bfb9b3). prep phase, ~22% in, 1:20–1:28.","Use the Spatula to Get Ss yy,",1,0.0,0.04,0.0,0.431,0.186,"#2e322f,#bfb9b3,#a6765e",0,text_overlay,
JrRekRMu7bQ,https://www.youtube.com/watch?v=JrRekRMu7bQ,How To Make Concrete Candle Jars : Step-by-step Tutorial,368.0,storyboard,11,88.0,96.0,8.0,https://youtu.be/JrRekRMu7bQ?t=88s,prepare_container,prep,1,0.5,Concrete moulds left to cure.,"Concrete moulds left to cure. moderate on-screen movement, well-lit, brown/beige palette (#3a3b3a, #c0bfb7). prep phase, ~24% in, 1:28–1:36.",ie ee,0,0.0,0.023,0.183,0.459,0.187,"#3a3b3a,#c0bfb7,#a26f58",1,,
JrRekRMu7bQ,https://www.youtube.com/watch?v=JrRekRMu7bQ,How To Make Concrete Candle Jars : Step-by-step Tutorial,368.0,storyboard,12,96.0,104.0,8.0,https://youtu.be/JrRekRMu7bQ?t=96s,prepare_container,prep,1,0.5,More concrete poured/levelled in the moulds.,"More concrete poured/levelled in the moulds. captioned, steady, low-motion shot, well-lit, brown/grey palette (#3a3a3a, #9f715b). prep phase, ~26% in, 1:36–1:44.","Tap, Smack, Jiggle ag To Get Rid Of Air Bubble Sa 3 Oe nd",1,0.0,0.081,0.05,0.404,0.174,"#3a3a3a,#9f715b,#bfb9b2",1,,
JrRekRMu7bQ,https://www.youtube.com/watch?v=JrRekRMu7bQ,How To Make Concrete Candle Jars : Step-by-step Tutorial,368.0,storyboard,13,104.0,112.0,8.0,https://youtu.be/JrRekRMu7bQ?t=104s,prepare_container,prep,1,0.5,Shaping the concrete jars.,"Shaping the concrete jars. captioned, moderate on-screen movement, well-lit, black/beige palette (#2b2a2a, #b5b3ad). prep phase, ~28% in, 1:44–1:52.",Use Spoon To Scoop Any Over/ Underfilled era. ay ie,1,0.0,0.048,0.15,0.424,0.158,"#2b2a2a,#b5b3ad,#815b52",1,,
JrRekRMu7bQ,https://www.youtube.com/watch?v=JrRekRMu7bQ,How To Make Concrete Candle Jars : Step-by-step Tutorial,368.0,storyboard,14,112.0,120.0,8.0,https://youtu.be/JrRekRMu7bQ?t=112s,prepare_container,prep,1,0.5,Working the concrete moulds.,"Working the concrete moulds. static shot, well-lit, muted black/beige palette (#292927, #b9b5ac). prep phase, ~30% in, 1:52–2:00.",,0,0.0,0.014,0.0,0.434,0.144,"#292927,#b9b5ac,#7e5747",1,,
JrRekRMu7bQ,https://www.youtube.com/watch?v=JrRekRMu7bQ,How To Make Concrete Candle Jars : Step-by-step Tutorial,368.0,storyboard,15,120.0,128.0,8.0,https://youtu.be/JrRekRMu7bQ?t=120s,prepare_container,prep,1,0.5,Concrete vessels forming in the cups.,"Concrete vessels forming in the cups. captioned, steady, low-motion shot, well-lit, muted black/beige palette (#2c2a29, #b8b1af). prep phase, ~33% in, 2:00–2:08.",Wipe Spoon Off If Not Sili ae ie as ea OP,1,0.0,0.036,0.069,0.429,0.137,"#2c2a29,#b8b1af,#7b534b",1,,
JrRekRMu7bQ,https://www.youtube.com/watch?v=JrRekRMu7bQ,How To Make Concrete Candle Jars : Step-by-step Tutorial,368.0,storyboard,16,128.0,136.0,8.0,https://youtu.be/JrRekRMu7bQ?t=128s,prepare_container,prep,1,0.5,Tidying the moulds.,"Tidying the moulds. Preparing the vessel - cleaning the jar and fixing the wick to the base with a glue dot / wick sticker, then centering it. captioned, steady, low-motion shot, well-lit, black/beige palette (#32322f, #b7b9b4). prep phase, ~35% in, 2:08–2:16.",ia ri se xh 7 mss utah 9 4 oo ee,1,0.0,0.041,0.089,0.434,0.151,"#32322f,#b7b9b4,#a16659",1,,
JrRekRMu7bQ,https://www.youtube.com/watch?v=JrRekRMu7bQ,How To Make Concrete Candle Jars : Step-by-step Tutorial,368.0,storyboard,17,136.0,144.0,8.0,https://youtu.be/JrRekRMu7bQ?t=136s,prepare_container,prep,1,0.5,Caption 'Clean Up All Supplies Immediately - Hardened Concrete is Not Fun'.,"Caption 'Clean Up All Supplies Immediately - Hardened Concrete is Not Fun'. captioned, lots of on-screen movement, well-lit, muted white/grey palette (#d9f4f4, #95a49b). prep phase, ~37% in, 2:16–2:24.",Clean Up All Supplies Immediately! Hardened Concrete is Not Fun Outdoors: Rinse with hose dump in dirt or an areo you don care about Indoors: NEVER get any concrete in your sink or plumbing! IIE! it c,1,0.0,0.163,0.475,0.645,0.107,"#d9f4f4,#95a49b,#3d4849",1,,
JrRekRMu7bQ,https://www.youtube.com/watch?v=JrRekRMu7bQ,How To Make Concrete Candle Jars : Step-by-step Tutorial,368.0,storyboard,18,144.0,152.0,8.0,https://youtu.be/JrRekRMu7bQ?t=144s,prepare_container,prep,1,0.5,Cleaning up the concrete supplies.,"Cleaning up the concrete supplies. captioned, static shot, well-lit, amber/brown palette (#ab8e72, #4a483b). prep phase, ~39% in, 2:24–2:32.",Use Pitche To Catch oANE Then Yeet It Otsic 5 7 9 ne Or See,1,0.0,0.063,0.0,0.515,0.185,"#ab8e72,#4a483b,#aec3bd",0,text_overlay,
JrRekRMu7bQ,https://www.youtube.com/watch?v=JrRekRMu7bQ,How To Make Concrete Candle Jars : Step-by-step Tutorial,368.0,storyboard,19,152.0,160.0,8.0,https://youtu.be/JrRekRMu7bQ?t=152s,prepare_container,prep,1,0.5,The cured concrete moulds.,"The cured concrete moulds. captioned, steady, low-motion shot, well-lit, muted brown/grey palette (#4e463e, #80766c). prep phase, ~41% in, 2:32–2:40.",es eo ys Tn Pert tt Rea 8.,1,0.0,0.042,0.14,0.48,0.138,"#4e463e,#80766c,#b6bebb",1,,
JrRekRMu7bQ,https://www.youtube.com/watch?v=JrRekRMu7bQ,How To Make Concrete Candle Jars : Step-by-step Tutorial,368.0,storyboard,20,160.0,168.0,8.0,https://youtu.be/JrRekRMu7bQ?t=160s,prepare_container,prep,1,0.5,Beginning to demould the concrete jars.,"Beginning to demould the concrete jars. captioned, static shot, well-lit, muted brown/grey palette (#534e44, #9d8b7a). prep phase, ~43% in, 2:40–2:48.",sf 4. can hg ag tan Se ty Ca 4,1,0.0,0.04,0.036,0.497,0.134,"#534e44,#9d8b7a,#b1c1c5",1,,
JrRekRMu7bQ,https://www.youtube.com/watch?v=JrRekRMu7bQ,How To Make Concrete Candle Jars : Step-by-step Tutorial,368.0,storyboard,21,168.0,176.0,8.0,https://youtu.be/JrRekRMu7bQ?t=168s,prepare_container,prep,1,0.5,Removing a concrete jar from its cup mould.,"Removing a concrete jar from its cup mould. captioned, steady, low-motion shot, well-lit, muted beige/brown palette (#b8b3a9, #524c42). prep phase, ~46% in, 2:48–2:56.",Se wi- sf Gy ta oO Wee Oy pee on OT OR ES Te ee owgss our,1,0.0,0.057,0.138,0.482,0.139,"#b8b3a9,#524c42,#8d7a6d",1,,
JrRekRMu7bQ,https://www.youtube.com/watch?v=JrRekRMu7bQ,How To Make Concrete Candle Jars : Step-by-step Tutorial,368.0,storyboard,22,176.0,184.0,8.0,https://youtu.be/JrRekRMu7bQ?t=176s,prepare_container,prep,1,0.5,Demoulding the concrete vessels.,"Demoulding the concrete vessels. static shot, well-lit, muted brown/grey palette (#504c48, #8e867d). prep phase, ~48% in, 2:56–3:04.",,0,0.0,0.021,0.0,0.479,0.101,"#504c48,#8e867d,#d6cac1",1,,
JrRekRMu7bQ,https://www.youtube.com/watch?v=JrRekRMu7bQ,How To Make Concrete Candle Jars : Step-by-step Tutorial,368.0,storyboard,23,184.0,192.0,8.0,https://youtu.be/JrRekRMu7bQ?t=184s,prepare_container,prep,1,0.5,Freed concrete jars handled at the sink.,"Freed concrete jars handled at the sink. captioned, steady, low-motion shot, well-lit, muted brown/grey palette (#4d4d47, #8d867a). prep phase, ~50% in, 3:04–3:12.",Sf Or Pigment Stains By,1,0.5,0.037,0.115,0.498,0.14,"#4d4d47,#8d867a,#c8b498",0,talking_head,
JrRekRMu7bQ,https://www.youtube.com/watch?v=JrRekRMu7bQ,How To Make Concrete Candle Jars : Step-by-step Tutorial,368.0,storyboard,24,192.0,200.0,8.0,https://youtu.be/JrRekRMu7bQ?t=192s,prepare_container,prep,1,0.5,Washing a demoulded concrete jar.,"Washing a demoulded concrete jar. steady, low-motion shot, well-lit, muted brown/grey palette (#4b4e4a, #918f87). prep phase, ~52% in, 3:12–3:20.",,0,0.0,0.013,0.1,0.504,0.134,"#4b4e4a,#918f87,#d0bcac",1,,
JrRekRMu7bQ,https://www.youtube.com/watch?v=JrRekRMu7bQ,How To Make Concrete Candle Jars : Step-by-step Tutorial,368.0,storyboard,25,200.0,208.0,8.0,https://youtu.be/JrRekRMu7bQ?t=200s,prepare_container,prep,1,0.5,Rinsing the concrete vessel.,"Rinsing the concrete vessel. steady, low-motion shot, well-lit, muted brown/beige palette (#3e403b, #d7bdae). prep phase, ~54% in, 3:20–3:28.",,0,0.0,0.011,0.099,0.48,0.123,"#3e403b,#d7bdae,#837f75",1,,
JrRekRMu7bQ,https://www.youtube.com/watch?v=JrRekRMu7bQ,How To Make Concrete Candle Jars : Step-by-step Tutorial,368.0,storyboard,26,208.0,216.0,8.0,https://youtu.be/JrRekRMu7bQ?t=208s,prepare_container,prep,1,0.5,Cleaning the jar surface.,"Cleaning the jar surface. steady, low-motion shot, well-lit, muted brown/amber palette (#414448, #bc9067). prep phase, ~57% in, 3:28–3:36.",,0,0.0,0.007,0.08,0.401,0.139,"#414448,#bc9067,#c4cbc3",1,,
JrRekRMu7bQ,https://www.youtube.com/watch?v=JrRekRMu7bQ,How To Make Concrete Candle Jars : Step-by-step Tutorial,368.0,storyboard,27,216.0,224.0,8.0,https://youtu.be/JrRekRMu7bQ?t=216s,prepare_container,prep,1,0.5,Inspecting the washed concrete jar.,"Inspecting the washed concrete jar. static shot, well-lit, brown/amber palette (#3e4245, #bc8f65). prep phase, ~59% in, 3:36–3:44.",,0,0.0,0.006,0.0,0.409,0.16,"#3e4245,#bc8f65,#c4c8bf",1,,
JrRekRMu7bQ,https://www.youtube.com/watch?v=JrRekRMu7bQ,How To Make Concrete Candle Jars : Step-by-step Tutorial,368.0,storyboard,28,224.0,232.0,8.0,https://youtu.be/JrRekRMu7bQ?t=224s,prepare_container,prep,1,0.5,Sanding the concrete jar smooth.,"Sanding the concrete jar smooth. steady, low-motion shot, well-lit, muted brown/amber palette (#3d4144, #c1956c). prep phase, ~61% in, 3:44–3:52.",,0,0.0,0.004,0.097,0.4,0.14,"#3d4144,#c1956c,#bec7c0",1,,
JrRekRMu7bQ,https://www.youtube.com/watch?v=JrRekRMu7bQ,How To Make Concrete Candle Jars : Step-by-step Tutorial,368.0,storyboard,29,232.0,240.0,8.0,https://youtu.be/JrRekRMu7bQ?t=232s,prepare_container,prep,1,0.5,Caption 'Sanding'; smoothing the vessel.,"Caption 'Sanding'; smoothing the vessel. captioned, lots of on-screen movement, well-lit, muted brown/grey palette (#40413b, #96847a). prep phase, ~63% in, 3:52–4:00.",Ps 4 4 2,1,0.0,0.024,0.386,0.623,0.112,"#40413b,#96847a,#d5c7b9",1,,
JrRekRMu7bQ,https://www.youtube.com/watch?v=JrRekRMu7bQ,How To Make Concrete Candle Jars : Step-by-step Tutorial,368.0,storyboard,30,240.0,248.0,8.0,https://youtu.be/JrRekRMu7bQ?t=240s,prepare_container,prep,1,0.5,Continued sanding of the jar.,"Continued sanding of the jar. captioned, moderate on-screen movement, well-lit, muted brown/grey palette (#4b4a41, #92897d). prep phase, ~65% in, 4:00–4:08.",Jf Had To Gently Ugeal Sponge To Remayfi ri ole Birmn tg gs aa Es,1,0.0,0.023,0.174,0.472,0.11,"#4b4a41,#92897d,#ddc6a6",1,,
JrRekRMu7bQ,https://www.youtube.com/watch?v=JrRekRMu7bQ,How To Make Concrete Candle Jars : Step-by-step Tutorial,368.0,storyboard,31,248.0,256.0,8.0,https://youtu.be/JrRekRMu7bQ?t=248s,prepare_container,prep,1,0.5,Caption about using a sponge to remove residue.,"Caption about using a sponge to remove residue. static shot, well-lit, brown/grey palette (#4f4c46, #91887d). prep phase, ~67% in, 4:08–4:16.",,0,0.0,0.01,0.0,0.495,0.209,"#4f4c46,#91887d,#d6b88b",1,,description references on-screen text but OCR found none
JrRekRMu7bQ,https://www.youtube.com/watch?v=JrRekRMu7bQ,How To Make Concrete Candle Jars : Step-by-step Tutorial,368.0,storyboard,32,256.0,264.0,8.0,https://youtu.be/JrRekRMu7bQ?t=256s,prepare_container,prep,1,0.5,Caption 'Gently Sand For Smooth...'; finishing the surface.,"Caption 'Gently Sand For Smooth...'; finishing the surface. captioned, steady, low-motion shot, well-lit, brown/grey palette (#3f4039, #83796e). prep phase, ~70% in, 4:16–4:24.",7 Ps 0 fae ar Aik,1,0.0,0.015,0.111,0.473,0.194,"#3f4039,#83796e,#d1ba87",1,,
JrRekRMu7bQ,https://www.youtube.com/watch?v=JrRekRMu7bQ,How To Make Concrete Candle Jars : Step-by-step Tutorial,368.0,storyboard,38,304.0,312.0,8.0,https://youtu.be/JrRekRMu7bQ?t=304s,prepare_container,prep,1,0.45,Wiping excess sealer off the jar.,"Wiping excess sealer off the jar. captioned, moderate on-screen movement, well-lit, black/grey palette (#2b2c2d, #766f63). prep phase, ~83% in, 5:04–5:12.","7 sanded deeds deed Hee 2. if, svg 4 7 ia phd VP ie es 7 cae ir ry ry eo tides ee fo 5 aa me 7 Py ry",1,0.5,0.162,0.188,0.416,0.157,"#2b2c2d,#766f63,#c0af98",0,talking_head,
Ktz5Q9udtXY,https://www.youtube.com/watch?v=Ktz5Q9udtXY,How to Make Essential Oil Candles | DIY Candle Making Tutorial,316.0,storyboard,7,55.3,63.2,7.9,https://youtu.be/Ktz5Q9udtXY?t=55s,prepare_container,prep,1,0.55,Copper tins fitted with wooden wicks.,"Copper tins fitted with wooden wicks. moderate on-screen movement, well-lit, muted beige/grey palette (#c1bcb5, #83726a). prep phase, ~18% in, 0:55–1:03.",,0,0.0,0.089,0.278,0.515,0.097,"#c1bcb5,#83726a,#31201a",1,,
Ktz5Q9udtXY,https://www.youtube.com/watch?v=Ktz5Q9udtXY,How to Make Essential Oil Candles | DIY Candle Making Tutorial,316.0,storyboard,8,63.2,71.1,7.9,https://youtu.be/Ktz5Q9udtXY?t=63s,prepare_container,prep,1,0.6,A wooden wick placed into a copper tin.,"A wooden wick placed into a copper tin. steady, low-motion shot, well-lit, muted beige/grey palette (#bfb2a9, #8e7368). prep phase, ~20% in, 1:03–1:11.",,0,0.0,0.055,0.105,0.503,0.12,"#bfb2a9,#8e7368,#3b2820",1,,
Ktz5Q9udtXY,https://www.youtube.com/watch?v=Ktz5Q9udtXY,How to Make Essential Oil Candles | DIY Candle Making Tutorial,316.0,storyboard,9,71.1,79.0,7.9,https://youtu.be/Ktz5Q9udtXY?t=71s,prepare_container,prep,1,0.55,Copper tins with centred wooden wicks.,"Copper tins with centred wooden wicks. steady, low-motion shot, well-lit, muted beige/grey palette (#bcb8b1, #78695d). prep phase, ~22% in, 1:11–1:19.",,0,0.0,0.062,0.094,0.52,0.078,"#bcb8b1,#78695d,#261814",1,,
Ktz5Q9udtXY,https://www.youtube.com/watch?v=Ktz5Q9udtXY,How to Make Essential Oil Candles | DIY Candle Making Tutorial,316.0,storyboard,12,94.8,102.7,7.9,https://youtu.be/Ktz5Q9udtXY?t=95s,prepare_container,prep,1,0.45,Hands with a copper tin.,"Hands with a copper tin. Preparing the vessel - cleaning the jar and fixing the wick to the base with a glue dot / wick sticker, then centering it. steady, low-motion shot, well-lit, muted beige/grey palette (#b5b1b1, #6a605b). prep phase, ~30% in, 1:34–1:42.",,0,0.0,0.151,0.121,0.461,0.099,"#b5b1b1,#6a605b,#1b1812",1,,
LiLrIjz_2ac,https://www.youtube.com/watch?v=LiLrIjz_2ac,Beginners Guide - How to Make a Scented Candle at Home,211.0,storyboard,4,32.46,40.58,8.12,https://youtu.be/LiLrIjz_2ac?t=32s,prepare_container,prep,1,0.6,Hands peel a wick sticker on the marble surface.,"Hands peel a wick sticker on the marble surface. moderate on-screen movement, well-lit, muted beige/grey palette (#b7b4b1, #766d66). prep phase, ~15% in, 0:32–0:40.",,0,0.0,0.073,0.215,0.521,0.075,"#b7b4b1,#766d66,#2e2521",1,,
LiLrIjz_2ac,https://www.youtube.com/watch?v=LiLrIjz_2ac,Beginners Guide - How to Make a Scented Candle at Home,211.0,storyboard,5,40.58,48.69,8.11,https://youtu.be/LiLrIjz_2ac?t=41s,prepare_container,prep,1,0.6,The wick is placed into the base of the glass jar.,"The wick is placed into the base of the glass jar. captioned, moderate on-screen movement, well-lit, muted beige/grey palette (#acb0b4, #888380). prep phase, ~19% in, 0:40–0:48.",ae 5 4 ot um,1,0.0,0.043,0.155,0.577,0.07,"#acb0b4,#888380,#544236",1,,
LiLrIjz_2ac,https://www.youtube.com/watch?v=LiLrIjz_2ac,Beginners Guide - How to Make a Scented Candle at Home,211.0,storyboard,6,48.69,56.81,8.12,https://youtu.be/LiLrIjz_2ac?t=49s,prepare_container,prep,1,0.55,Hands seat and centre the wick in the jar.,"Hands seat and centre the wick in the jar. steady, low-motion shot, well-lit, muted beige/grey palette (#b4b6b8, #80756c). prep phase, ~23% in, 0:48–0:56.",ie 4,0,0.0,0.043,0.112,0.586,0.068,"#b4b6b8,#80756c,#41342d",1,,
LiLrIjz_2ac,https://www.youtube.com/watch?v=LiLrIjz_2ac,Beginners Guide - How to Make a Scented Candle at Home,211.0,storyboard,7,56.81,64.92,8.11,https://youtu.be/LiLrIjz_2ac?t=57s,prepare_container,prep,1,0.5,Final adjustment of the wick in the jar.,"Final adjustment of the wick in the jar. steady, low-motion shot, well-lit, muted beige/grey palette (#b8bcbd, #7d817b). prep phase, ~27% in, 0:56–1:04.",7,0,0.0,0.043,0.103,0.569,0.048,"#b8bcbd,#7d817b,#30312a",1,,
N1izApjGj2c,https://www.youtube.com/watch?v=N1izApjGj2c,How to Make a Candle | DIY Candle Making,285.0,storyboard,12,95.0,102.92,7.92,https://youtu.be/N1izApjGj2c?t=95s,prepare_container,prep,1,0.5,Overhead empty glasses; hands prepare them.,"Overhead empty glasses; hands prepare them. captioned, moderate on-screen movement, well-lit, muted beige/grey palette (#b7a393, #836952). prep phase, ~33% in, 1:35–1:42.",WENT gee mE ere,1,0.667,0.034,0.236,0.543,0.084,"#b7a393,#836952,#392d24",0,talking_head,action label 'prepare_container' but a strong face fills the frame
N1izApjGj2c,https://www.youtube.com/watch?v=N1izApjGj2c,How to Make a Candle | DIY Candle Making,285.0,storyboard,13,102.92,110.83,7.91,https://youtu.be/N1izApjGj2c?t=103s,prepare_container,prep,1,0.55,A wick is placed into a glass.,"A wick is placed into a glass. static shot, well-lit, muted beige palette (#bbb6b7, #aca6a5). prep phase, ~36% in, 1:42–1:50.",,0,0.333,0.007,0.019,0.689,0.045,"#bbb6b7,#aca6a5,#7e5550",1,,
N1izApjGj2c,https://www.youtube.com/watch?v=N1izApjGj2c,How to Make a Candle | DIY Candle Making,285.0,storyboard,14,110.83,118.75,7.92,https://youtu.be/N1izApjGj2c?t=111s,prepare_container,prep,1,0.55,Wicks set into the two glasses.,"Wicks set into the two glasses. captioned, steady, low-motion shot, well-lit, muted beige palette (#bbb6b5, #ada7a5). prep phase, ~39% in, 1:50–1:58.",eS WS me in 5 vk 5. at es 3 id me. Se ri ie ee LL ae aa,1,0.333,0.017,0.145,0.6,0.073,"#bbb6b5,#ada7a5,#948983",1,,
N1izApjGj2c,https://www.youtube.com/watch?v=N1izApjGj2c,How to Make a Candle | DIY Candle Making,285.0,storyboard,15,118.75,126.67,7.92,https://youtu.be/N1izApjGj2c?t=119s,prepare_container,prep,1,0.5,Hands centre the wicks; supplies labelled.,"Hands centre the wicks; supplies labelled. captioned, moderate on-screen movement, well-lit, muted beige/cream palette (#bab6b5, #dedbd5). prep phase, ~42% in, 1:58–2:06.",Sv ei... Ss 7 7 PSS ee eo Pee pi.-Le Kes tiie pDpioc aan 7. Aer Peele set aa att Ss ft RASS Ue? ae tt,1,0.667,0.035,0.291,0.545,0.088,"#bab6b5,#dedbd5,#908c89",0,talking_head,action label 'prepare_container' but a strong face fills the frame
NKgSlA79S78,https://www.youtube.com/watch?v=NKgSlA79S78,HOW TO MAKE ROLLED BEESWAX CANDLES | Easy Tutorial,430.0,storyboard,1,7.96,15.93,7.97,https://youtu.be/NKgSlA79S78?t=8s,prepare_container,prep,1,0.45,Trimming the beeswax sheet and placing the wick along the edge.,"Trimming the beeswax sheet and placing the wick along the edge. moderate on-screen movement, well-lit, muted beige/grey palette (#d5c4a2, #73675c). prep phase, ~2% in, 0:07–0:15.",,0,0.5,0.091,0.182,0.497,0.113,"#d5c4a2,#73675c,#3c352c",0,talking_head,
NKgSlA79S78,https://www.youtube.com/watch?v=NKgSlA79S78,HOW TO MAKE ROLLED BEESWAX CANDLES | Easy Tutorial,430.0,storyboard,2,15.93,23.89,7.96,https://youtu.be/NKgSlA79S78?t=16s,prepare_container,prep,1,0.5,Wick set along the edge of the beeswax sheet.,"Wick set along the edge of the beeswax sheet. captioned, steady, low-motion shot, well-lit, muted beige/brown palette (#bdb89d, #3a3e35). prep phase, ~4% in, 0:15–0:23.",bf eal nL,1,0.0,0.087,0.086,0.498,0.122,"#bdb89d,#3a3e35,#787a6e",1,,
NKgSlA79S78,https://www.youtube.com/watch?v=NKgSlA79S78,HOW TO MAKE ROLLED BEESWAX CANDLES | Easy Tutorial,430.0,storyboard,23,183.15,191.11,7.96,https://youtu.be/NKgSlA79S78?t=183s,prepare_container,prep,1,0.45,Wick placed on the next beeswax sheet.,"Wick placed on the next beeswax sheet. static shot, well-lit, muted grey/beige palette (#8b755e, #c7bfa9). prep phase, ~43% in, 3:03–3:11.",ih,0,0.0,0.071,0.0,0.533,0.115,"#8b755e,#c7bfa9,#3e3324",1,,
OvIwqhcWF6o,https://www.youtube.com/watch?v=OvIwqhcWF6o,How to remove soy wax pillar candle from plastic mould? | The easiest method | DIY,70.0,storyboard,2,15.56,23.33,7.77,https://youtu.be/OvIwqhcWF6o?t=16s,prepare_container,prep,1,0.45,Hands handle a glass and the cork mould base with the white candle.,"Hands handle a glass and the cork mould base with the white candle. captioned, steady, low-motion shot, bright, muted white/beige palette (#ede3e3, #b99e9b). prep phase, ~22% in, 0:15–0:23.","O's. Bo, ow Oe",1,0.0,0.11,0.149,0.726,0.114,"#ede3e3,#b99e9b,#7e534a",1,,
Pj9yYzFvpFA,https://www.youtube.com/watch?v=Pj9yYzFvpFA,DIY Transparent Candle Without Gel | Elegant and Easy Tutorial,63.0,storyboard,0,0.0,7.88,7.88,https://youtu.be/Pj9yYzFvpFA?t=0s,prepare_container,prep,1,0.55,"Hands position a clear glass tumbler on a table strewn with decorative beads and fairy lights, prepping the transparent vessel for a gel-look candle.","Hands position a clear glass tumbler on a table strewn with decorative beads and fairy lights, prepping the transparent vessel for a gel-look candle. captioned, steady, low-motion shot, well-lit, muted grey/brown palette (#948978, #62584c). prep phase, ~0% in, 0:00–0:07.",oan ar ae: 2 2 MES ved. ues ps 7 ae seo,1,0.333,0.023,0.106,0.493,0.101,"#948978,#62584c,#b6b0a6",1,,
Rl8O7K9RvMA,https://www.youtube.com/watch?v=Rl8O7K9RvMA,How To Make A Layered Candle 🕯️| Supplies For Candles,114.0,storyboard,1,8.14,16.29,8.15,https://youtu.be/Rl8O7K9RvMA?t=8s,prepare_container,prep,1,0.65,"Finished blue layered candle teaser, then hands peel a wick sticker; caption 'Peel off the wick stick and place it onto the end of the candle wick'.","Finished blue layered candle teaser, then hands peel a wick sticker; caption 'Peel off the wick stick and place it onto the end of the candle wick'. captioned, steady, low-motion shot, well-lit, muted beige/cream palette (#b19e94, #d4cdc6). prep phase, ~7% in, 0:08–0:16.",9 ad aitthe ak wich eevee pace it wedu the end af theenndle itt,1,0.0,0.032,0.124,0.678,0.087,"#b19e94,#d4cdc6,#946d5b",1,,
Rl8O7K9RvMA,https://www.youtube.com/watch?v=Rl8O7K9RvMA,How To Make A Layered Candle 🕯️| Supplies For Candles,114.0,storyboard,2,16.29,24.43,8.14,https://youtu.be/Rl8O7K9RvMA?t=16s,prepare_container,prep,1,0.65,Caption 'Peel off the other side and place the wick in the middle of your candle glass'; wick fixed into the glass.,"Caption 'Peel off the other side and place the wick in the middle of your candle glass'; wick fixed into the glass. captioned, moderate on-screen movement, well-lit, muted cream/beige palette (#eae5d7, #b9a79c). prep phase, ~14% in, 0:16–0:24.",tay Weaechete patie euctiaeert ak we tort! Feeenies miter Whibe bobds oromrl Loe of agi,1,0.0,0.061,0.173,0.683,0.091,"#eae5d7,#b9a79c,#70675b",1,,
RwLOuuMSrWE,https://www.youtube.com/watch?v=RwLOuuMSrWE,CANDLE MAKING FOR BEGINNERS | How To Make Woodwick Candles,423.0,storyboard,4,31.92,39.91,7.99,https://youtu.be/RwLOuuMSrWE?t=32s,prepare_container,prep,1,0.45,Hands prep the glass vessel and jars.,"Hands prep the glass vessel and jars. captioned, static shot, well-lit, muted beige/grey palette (#c2c1bb, #8a8172). prep phase, ~8% in, 0:31–0:39.",is ig te,1,1.0,0.111,0.0,0.601,0.083,"#c2c1bb,#8a8172,#3a2c1d",0,talking_head,action label 'prepare_container' but a strong face fills the frame
RwLOuuMSrWE,https://www.youtube.com/watch?v=RwLOuuMSrWE,CANDLE MAKING FOR BEGINNERS | How To Make Woodwick Candles,423.0,storyboard,17,135.68,143.66,7.98,https://youtu.be/RwLOuuMSrWE?t=136s,prepare_container,prep,1,0.45,Hands prep at the table.,"Hands prep at the table. Preparing the vessel - cleaning the jar and fixing the wick to the base with a glue dot / wick sticker, then centering it. steady, low-motion shot, well-lit, muted beige/grey palette (#cacac5, #938a82). prep phase, ~32% in, 2:15–2:23.",,0,0.0,0.114,0.118,0.599,0.076,"#cacac5,#938a82,#464039",1,,
RwLOuuMSrWE,https://www.youtube.com/watch?v=RwLOuuMSrWE,CANDLE MAKING FOR BEGINNERS | How To Make Woodwick Candles,423.0,storyboard,18,143.66,151.64,7.98,https://youtu.be/RwLOuuMSrWE?t=144s,prepare_container,prep,1,0.4,Pink/red dye dropper.,"Pink/red dye dropper. Preparing the vessel - cleaning the jar and fixing the wick to the base with a glue dot / wick sticker, then centering it. static shot, well-lit, muted cream/grey palette (#cbcdc8, #978e86). prep phase, ~34% in, 2:23–2:31.",,0,0.0,0.082,0.031,0.598,0.073,"#cbcdc8,#978e86,#4c4741",1,,
RwLOuuMSrWE,https://www.youtube.com/watch?v=RwLOuuMSrWE,CANDLE MAKING FOR BEGINNERS | How To Make Woodwick Candles,423.0,storyboard,19,151.64,159.62,7.98,https://youtu.be/RwLOuuMSrWE?t=152s,prepare_container,prep,1,0.45,Hands at the white table.,"Hands at the white table. steady, low-motion shot, well-lit, muted grey/cream palette (#938a80, #c9cbc8). prep phase, ~36% in, 2:31–2:39.",,0,0.0,0.181,0.054,0.612,0.084,"#938a80,#c9cbc8,#4d3e32",1,,
RwLOuuMSrWE,https://www.youtube.com/watch?v=RwLOuuMSrWE,CANDLE MAKING FOR BEGINNERS | How To Make Woodwick Candles,423.0,storyboard,20,159.62,167.6,7.98,https://youtu.be/RwLOuuMSrWE?t=160s,prepare_container,prep,1,0.45,A spray bottle used to prep the vessel.,"A spray bottle used to prep the vessel. steady, low-motion shot, well-lit, muted beige/grey palette (#c7c7c4, #968e86). prep phase, ~38% in, 2:39–2:47.",,0,0.0,0.153,0.071,0.616,0.085,"#c7c7c4,#968e86,#6e5747",1,,
RwLOuuMSrWE,https://www.youtube.com/watch?v=RwLOuuMSrWE,CANDLE MAKING FOR BEGINNERS | How To Make Woodwick Candles,423.0,storyboard,21,167.6,175.58,7.98,https://youtu.be/RwLOuuMSrWE?t=168s,prepare_container,prep,1,0.45,Wiping/prepping the glass.,"Wiping/prepping the glass. captioned, steady, low-motion shot, well-lit, muted grey/brown palette (#998f86, #6d5344). prep phase, ~40% in, 2:47–2:55.",WAkjc yo ais 5,1,0.0,0.183,0.14,0.584,0.096,"#998f86,#6d5344,#cfd0ce",1,,
RwLOuuMSrWE,https://www.youtube.com/watch?v=RwLOuuMSrWE,CANDLE MAKING FOR BEGINNERS | How To Make Woodwick Candles,423.0,storyboard,22,175.58,183.57,7.99,https://youtu.be/RwLOuuMSrWE?t=176s,prepare_container,prep,1,0.45,Handling the wick and spray bottle.,"Handling the wick and spray bottle. static shot, well-lit, muted grey/brown palette (#98897e, #715543). prep phase, ~42% in, 2:55–3:03.",Gar,0,0.0,0.138,0.0,0.553,0.116,"#98897e,#715543,#cacac7",1,,
RwLOuuMSrWE,https://www.youtube.com/watch?v=RwLOuuMSrWE,CANDLE MAKING FOR BEGINNERS | How To Make Woodwick Candles,423.0,storyboard,23,183.57,191.55,7.98,https://youtu.be/RwLOuuMSrWE?t=184s,prepare_container,prep,1,0.45,Prepping the glass with the spray bottle.,"Prepping the glass with the spray bottle. steady, low-motion shot, well-lit, muted grey/beige palette (#8e837c, #c3c4c2). prep phase, ~43% in, 3:03–3:11.",,0,0.0,0.204,0.108,0.571,0.102,"#8e837c,#c3c4c2,#5c4639",1,,
RwLOuuMSrWE,https://www.youtube.com/watch?v=RwLOuuMSrWE,CANDLE MAKING FOR BEGINNERS | How To Make Woodwick Candles,423.0,storyboard,24,191.55,199.53,7.98,https://youtu.be/RwLOuuMSrWE?t=192s,prepare_container,prep,1,0.5,A wick placed into the glass.,"A wick placed into the glass. static shot, well-lit, muted grey/cream palette (#928980, #c7cac8). prep phase, ~45% in, 3:11–3:19.","Wee,",0,0.0,0.174,0.04,0.6,0.082,"#928980,#c7cac8,#5b483c",1,,
RwLOuuMSrWE,https://www.youtube.com/watch?v=RwLOuuMSrWE,CANDLE MAKING FOR BEGINNERS | How To Make Woodwick Candles,423.0,storyboard,25,199.53,207.51,7.98,https://youtu.be/RwLOuuMSrWE?t=200s,prepare_container,prep,1,0.5,Wooden wick pieces and the metal clip.,"Wooden wick pieces and the metal clip. steady, low-motion shot, well-lit, muted beige/grey palette (#b9b7b3, #846b60). prep phase, ~47% in, 3:19–3:27.",Sa,0,0.0,0.057,0.091,0.541,0.115,"#b9b7b3,#846b60,#2e221e",1,,
RwLOuuMSrWE,https://www.youtube.com/watch?v=RwLOuuMSrWE,CANDLE MAKING FOR BEGINNERS | How To Make Woodwick Candles,423.0,storyboard,26,207.51,215.49,7.98,https://youtu.be/RwLOuuMSrWE?t=208s,prepare_container,prep,1,0.5,The wooden wick fitted into its clip.,"The wooden wick fitted into its clip. steady, low-motion shot, well-lit, muted beige/grey palette (#bbbab5, #8e7a6f). prep phase, ~49% in, 3:27–3:35.",SS ga,0,0.0,0.038,0.133,0.525,0.124,"#bbbab5,#8e7a6f,#53362d",1,,
RwLOuuMSrWE,https://www.youtube.com/watch?v=RwLOuuMSrWE,CANDLE MAKING FOR BEGINNERS | How To Make Woodwick Candles,423.0,storyboard,27,215.49,223.47,7.98,https://youtu.be/RwLOuuMSrWE?t=215s,prepare_container,prep,1,0.5,Placing the wooden wick into the glass.,"Placing the wooden wick into the glass. moderate on-screen movement, well-lit, muted grey/cream palette (#8e8679, #c9ccc7). prep phase, ~51% in, 3:35–3:43.",Mi de,0,0.0,0.072,0.213,0.577,0.094,"#8e8679,#c9ccc7,#433626",1,,
RwLOuuMSrWE,https://www.youtube.com/watch?v=RwLOuuMSrWE,CANDLE MAKING FOR BEGINNERS | How To Make Woodwick Candles,423.0,storyboard,28,223.47,231.45,7.98,https://youtu.be/RwLOuuMSrWE?t=223s,prepare_container,prep,1,0.5,Glass with the centred wooden wick.,"Glass with the centred wooden wick. steady, low-motion shot, well-lit, muted beige/grey palette (#c6c7c2, #908a81). prep phase, ~53% in, 3:43–3:51.",el we,0,0.0,0.132,0.07,0.619,0.077,"#c6c7c2,#908a81,#4f4445",1,,
T5dzL3dyfeU,https://www.youtube.com/watch?v=T5dzL3dyfeU,"candle studio vlog | organizing inventory, packing orders, new candle molds, candle-making",643.0,storyboard,24,192.9,200.94,8.04,https://youtu.be/T5dzL3dyfeU?t=193s,prepare_container,prep,1,0.5,Prepping the cup/cylinder candle base.,"Prepping the cup/cylinder candle base. steady, low-motion shot, well-lit, muted cream/grey palette (#dcd7bc, #87826e). prep phase, ~30% in, 3:12–3:20.",,0,0.0,0.029,0.126,0.649,0.066,"#dcd7bc,#87826e,#494133",1,,
T5dzL3dyfeU,https://www.youtube.com/watch?v=T5dzL3dyfeU,"candle studio vlog | organizing inventory, packing orders, new candle molds, candle-making",643.0,storyboard,25,200.94,208.97,8.03,https://youtu.be/T5dzL3dyfeU?t=201s,prepare_container,prep,1,0.5,Prepping the cup/cylinder candle base.,"Prepping the cup/cylinder candle base. moderate on-screen movement, well-lit, muted beige/grey palette (#d3ceb3, #7c7865). prep phase, ~31% in, 3:20–3:28.",,0,0.0,0.031,0.193,0.61,0.077,"#d3ceb3,#7c7865,#37271b",1,,
T5dzL3dyfeU,https://www.youtube.com/watch?v=T5dzL3dyfeU,"candle studio vlog | organizing inventory, packing orders, new candle molds, candle-making",643.0,storyboard,26,208.97,217.01,8.04,https://youtu.be/T5dzL3dyfeU?t=209s,prepare_container,prep,1,0.5,Prepping the cup/cylinder candle base.,"Prepping the cup/cylinder candle base. steady, low-motion shot, well-lit, muted beige/grey palette (#cdc8ad, #7a7563). prep phase, ~32% in, 3:28–3:37.",1,0,0.0,0.02,0.095,0.609,0.07,"#cdc8ad,#7a7563,#30261b",1,,
TU_QJim1WkU,https://www.youtube.com/watch?v=TU_QJim1WkU,How to make artisan candle | Full tutorial | geometry | feather palm wax | DIY Craft | handmade,97.0,storyboard,1,8.08,16.17,8.09,https://youtu.be/TU_QJim1WkU?t=8s,prepare_container,prep,1,0.5,The clear faceted mould is prepared; a wick stick set.,"The clear faceted mould is prepared; a wick stick set. steady, low-motion shot, well-lit, muted grey/cream palette (#9d96a0, #cec4cf). prep phase, ~8% in, 0:08–0:16.",oe,0,0.0,0.077,0.059,0.656,0.054,"#9d96a0,#cec4cf,#40383a",1,,
UrFrR3p0B3A,https://www.youtube.com/watch?v=UrFrR3p0B3A,"DIY Candle Jars with Jesmonite | aesthetic candle vessels, Boowan Nicole molds | handmade gift ideas",399.0,storyboard,4,31.92,39.9,7.98,https://youtu.be/UrFrR3p0B3A?t=32s,prepare_container,prep,1,0.5,Weighing Jesmonite powder on a scale to make the vessel.,"Weighing Jesmonite powder on a scale to make the vessel. captioned, lots of on-screen movement, bright, muted cream/grey palette (#fcfcc6, #96a9a9). prep phase, ~8% in, 0:31–0:39.",How much Jesmonite do need?,1,0.0,0.04,0.429,0.741,0.094,"#fcfcc6,#96a9a9,#3d5d7b",1,,
UrFrR3p0B3A,https://www.youtube.com/watch?v=UrFrR3p0B3A,"DIY Candle Jars with Jesmonite | aesthetic candle vessels, Boowan Nicole molds | handmade gift ideas",399.0,storyboard,5,39.9,47.88,7.98,https://youtu.be/UrFrR3p0B3A?t=40s,prepare_container,prep,1,0.5,Caption 'How much Jesmonite do I need?'.,"Caption 'How much Jesmonite do I need?'. captioned, lots of on-screen movement, bright, muted grey/beige palette (#a39581, #cdc7bc). prep phase, ~10% in, 0:39–0:47.",much Jesmonite need 3 2,1,0.0,0.153,0.372,0.751,0.083,"#a39581,#cdc7bc,#5f4f44",1,,
UrFrR3p0B3A,https://www.youtube.com/watch?v=UrFrR3p0B3A,"DIY Candle Jars with Jesmonite | aesthetic candle vessels, Boowan Nicole molds | handmade gift ideas",399.0,storyboard,6,47.88,55.86,7.98,https://youtu.be/UrFrR3p0B3A?t=48s,prepare_container,prep,1,0.4,Instruction card on finding the mould volume.,"Instruction card on finding the mould volume. static shot, well-lit, muted grey/brown palette (#a39882, #5a5043). prep phase, ~12% in, 0:47–0:55.",Zt,0,0.0,0.039,0.0,0.566,0.082,"#a39882,#5a5043,#cdc7b8",1,,
UrFrR3p0B3A,https://www.youtube.com/watch?v=UrFrR3p0B3A,"DIY Candle Jars with Jesmonite | aesthetic candle vessels, Boowan Nicole molds | handmade gift ideas",399.0,storyboard,7,55.86,63.84,7.98,https://youtu.be/UrFrR3p0B3A?t=56s,prepare_container,prep,1,0.5,Weighing water/Jesmonite on the scale.,"Weighing water/Jesmonite on the scale. captioned, moderate on-screen movement, well-lit, muted beige/grey palette (#c2bcb2, #907b6e). prep phase, ~14% in, 0:55–1:03.",Pe Bh re,1,0.5,0.054,0.208,0.578,0.094,"#c2bcb2,#907b6e,#4b3d35",0,talking_head,
UrFrR3p0B3A,https://www.youtube.com/watch?v=UrFrR3p0B3A,"DIY Candle Jars with Jesmonite | aesthetic candle vessels, Boowan Nicole molds | handmade gift ideas",399.0,storyboard,8,63.84,71.82,7.98,https://youtu.be/UrFrR3p0B3A?t=64s,prepare_container,prep,1,0.5,Liquid poured into the Jesmonite powder.,"Liquid poured into the Jesmonite powder. moderate on-screen movement, well-lit, muted beige/grey palette (#cbc8c0, #9b918b). prep phase, ~16% in, 1:03–1:11.",,0,0.0,0.016,0.275,0.588,0.066,"#cbc8c0,#9b918b,#353330",1,,
UrFrR3p0B3A,https://www.youtube.com/watch?v=UrFrR3p0B3A,"DIY Candle Jars with Jesmonite | aesthetic candle vessels, Boowan Nicole molds | handmade gift ideas",399.0,storyboard,9,71.82,79.8,7.98,https://youtu.be/UrFrR3p0B3A?t=72s,prepare_container,prep,1,0.5,Mixing the Jesmonite slurry.,"Mixing the Jesmonite slurry. static shot, well-lit, muted grey/brown palette (#958070, #47413b). prep phase, ~18% in, 1:11–1:19.",at 4 le,0,0.0,0.033,0.0,0.473,0.095,"#958070,#47413b,#dbdacc",1,,
UrFrR3p0B3A,https://www.youtube.com/watch?v=UrFrR3p0B3A,"DIY Candle Jars with Jesmonite | aesthetic candle vessels, Boowan Nicole molds | handmade gift ideas",399.0,storyboard,10,79.8,87.78,7.98,https://youtu.be/UrFrR3p0B3A?t=80s,prepare_container,prep,1,0.5,Stirring the Jesmonite to a smooth mix.,"Stirring the Jesmonite to a smooth mix. captioned, steady, low-motion shot, well-lit, muted beige/grey palette (#b8aba2, #857269). prep phase, ~20% in, 1:19–1:27.",al 7 4 wy be,1,0.0,0.029,0.07,0.535,0.099,"#b8aba2,#857269,#282522",1,,
UrFrR3p0B3A,https://www.youtube.com/watch?v=UrFrR3p0B3A,"DIY Candle Jars with Jesmonite | aesthetic candle vessels, Boowan Nicole molds | handmade gift ideas",399.0,storyboard,11,87.78,95.76,7.98,https://youtu.be/UrFrR3p0B3A?t=88s,prepare_container,prep,1,0.5,Continuing to blend the slurry.,"Continuing to blend the slurry. static shot, well-lit, muted grey/beige palette (#8a776e, #c4aea2). prep phase, ~22% in, 1:27–1:35.",hake,0,0.0,0.025,0.0,0.527,0.146,"#8a776e,#c4aea2,#2f2a26",1,,
UrFrR3p0B3A,https://www.youtube.com/watch?v=UrFrR3p0B3A,"DIY Candle Jars with Jesmonite | aesthetic candle vessels, Boowan Nicole molds | handmade gift ideas",399.0,storyboard,12,95.76,103.74,7.98,https://youtu.be/UrFrR3p0B3A?t=96s,prepare_container,prep,1,0.5,Pink pigment added and mixed into the Jesmonite.,"Pink pigment added and mixed into the Jesmonite. captioned, moderate on-screen movement, well-lit, muted beige/grey palette (#c7b4ab, #918074). prep phase, ~24% in, 1:35–1:43.",wy ip cet are he,1,0.0,0.031,0.19,0.542,0.136,"#c7b4ab,#918074,#583f3c",1,,
UrFrR3p0B3A,https://www.youtube.com/watch?v=UrFrR3p0B3A,"DIY Candle Jars with Jesmonite | aesthetic candle vessels, Boowan Nicole molds | handmade gift ideas",399.0,storyboard,13,103.74,111.72,7.98,https://youtu.be/UrFrR3p0B3A?t=104s,prepare_container,prep,1,0.5,Mixing the pink Jesmonite.,"Mixing the pink Jesmonite. captioned, moderate on-screen movement, well-lit, muted beige/black palette (#bdbbb7, #292b2c). prep phase, ~26% in, 1:43–1:51.",ty 7 oy 7 te Pi le es Ms ite or ae,1,0.0,0.06,0.272,0.518,0.117,"#bdbbb7,#292b2c,#7b7267",1,,
UrFrR3p0B3A,https://www.youtube.com/watch?v=UrFrR3p0B3A,"DIY Candle Jars with Jesmonite | aesthetic candle vessels, Boowan Nicole molds | handmade gift ideas",399.0,storyboard,14,111.72,119.7,7.98,https://youtu.be/UrFrR3p0B3A?t=112s,prepare_container,prep,1,0.5,Jesmonite container and a cup mould readied.,"Jesmonite container and a cup mould readied. captioned, static shot, well-lit, muted beige/grey palette (#c9c1b2, #787166). prep phase, ~28% in, 1:51–1:59.",oN ey wy SS is SY ee oN,1,0.0,0.101,0.0,0.491,0.082,"#c9c1b2,#787166,#2b2a2b",1,,
UrFrR3p0B3A,https://www.youtube.com/watch?v=UrFrR3p0B3A,"DIY Candle Jars with Jesmonite | aesthetic candle vessels, Boowan Nicole molds | handmade gift ideas",399.0,storyboard,15,119.7,127.68,7.98,https://youtu.be/UrFrR3p0B3A?t=120s,prepare_container,prep,1,0.5,Pink Jesmonite poured into a cup mould.,"Pink Jesmonite poured into a cup mould. captioned, moderate on-screen movement, well-lit, muted beige/grey palette (#c4bab0, #857770). prep phase, ~30% in, 1:59–2:07.",oe As oad,1,0.0,0.078,0.203,0.542,0.099,"#c4bab0,#857770,#343031",1,,
UrFrR3p0B3A,https://www.youtube.com/watch?v=UrFrR3p0B3A,"DIY Candle Jars with Jesmonite | aesthetic candle vessels, Boowan Nicole molds | handmade gift ideas",399.0,storyboard,16,127.68,135.66,7.98,https://youtu.be/UrFrR3p0B3A?t=128s,prepare_container,prep,1,0.5,Filling the moulds with Jesmonite.,"Filling the moulds with Jesmonite. moderate on-screen movement, well-lit, muted grey/beige palette (#90857c, #bfbcb6). prep phase, ~32% in, 2:07–2:15.",Ph Os,0,0.0,0.04,0.23,0.534,0.1,"#90857c,#bfbcb6,#3a3733",1,,
UrFrR3p0B3A,https://www.youtube.com/watch?v=UrFrR3p0B3A,"DIY Candle Jars with Jesmonite | aesthetic candle vessels, Boowan Nicole molds | handmade gift ideas",399.0,storyboard,17,135.66,143.64,7.98,https://youtu.be/UrFrR3p0B3A?t=136s,prepare_container,prep,1,0.5,Jesmonite settling in the moulds.,"Jesmonite settling in the moulds. static shot, well-lit, muted beige/grey palette (#c4c1bd, #8d8780). prep phase, ~34% in, 2:15–2:23.",,0,0.0,0.016,0.0,0.585,0.073,"#c4c1bd,#8d8780,#3c3935",1,,
UrFrR3p0B3A,https://www.youtube.com/watch?v=UrFrR3p0B3A,"DIY Candle Jars with Jesmonite | aesthetic candle vessels, Boowan Nicole molds | handmade gift ideas",399.0,storyboard,18,143.64,151.62,7.98,https://youtu.be/UrFrR3p0B3A?t=144s,prepare_container,prep,1,0.5,Inner mould inserted to form the jar cavity.,"Inner mould inserted to form the jar cavity. steady, low-motion shot, well-lit, muted beige/grey palette (#beb5ae, #83756f). prep phase, ~36% in, 2:23–2:31.",,0,0.0,0.026,0.138,0.54,0.086,"#beb5ae,#83756f,#2e2f30",1,,
UrFrR3p0B3A,https://www.youtube.com/watch?v=UrFrR3p0B3A,"DIY Candle Jars with Jesmonite | aesthetic candle vessels, Boowan Nicole molds | handmade gift ideas",399.0,storyboard,19,151.62,159.6,7.98,https://youtu.be/UrFrR3p0B3A?t=152s,prepare_container,prep,1,0.5,Pressing the inner mould into the pink Jesmonite.,"Pressing the inner mould into the pink Jesmonite. captioned, static shot, well-lit, muted grey/beige palette (#8b857e, #c5bfbb). prep phase, ~38% in, 2:31–2:39.",tea of ck dA,1,0.0,0.025,0.0,0.561,0.087,"#8b857e,#c5bfbb,#37302c",1,,
UrFrR3p0B3A,https://www.youtube.com/watch?v=UrFrR3p0B3A,"DIY Candle Jars with Jesmonite | aesthetic candle vessels, Boowan Nicole molds | handmade gift ideas",399.0,storyboard,20,159.6,167.58,7.98,https://youtu.be/UrFrR3p0B3A?t=160s,prepare_container,prep,1,0.5,Jesmonite moulds left to cure.,"Jesmonite moulds left to cure. moderate on-screen movement, well-lit, muted grey/beige palette (#8e8e94, #c8c4c5). prep phase, ~40% in, 2:39–2:47.",fs,0,0.0,0.04,0.251,0.564,0.079,"#8e8e94,#c8c4c5,#2f2d33",1,,
UrFrR3p0B3A,https://www.youtube.com/watch?v=UrFrR3p0B3A,"DIY Candle Jars with Jesmonite | aesthetic candle vessels, Boowan Nicole molds | handmade gift ideas",399.0,storyboard,21,167.58,175.56,7.98,https://youtu.be/UrFrR3p0B3A?t=168s,prepare_container,prep,1,0.5,Caption 'A few hours later'; demoulding begins.,"Caption 'A few hours later'; demoulding begins. steady, low-motion shot, well-lit, muted grey/beige palette (#8b7f78, #c8c6c1). prep phase, ~42% in, 2:47–2:55.",1,0,0.0,0.026,0.139,0.559,0.095,"#8b7f78,#c8c6c1,#3f3933",1,,description references on-screen text but OCR found none
UrFrR3p0B3A,https://www.youtube.com/watch?v=UrFrR3p0B3A,"DIY Candle Jars with Jesmonite | aesthetic candle vessels, Boowan Nicole molds | handmade gift ideas",399.0,storyboard,22,175.56,183.54,7.98,https://youtu.be/UrFrR3p0B3A?t=176s,prepare_container,prep,1,0.5,Demoulding the Jesmonite jar.,"Demoulding the Jesmonite jar. static shot, well-lit, muted grey/beige palette (#957e76, #c1bfba). prep phase, ~44% in, 2:55–3:03.",re Fees,0,0.0,0.023,0.0,0.521,0.112,"#957e76,#c1bfba,#42382f",1,,
UrFrR3p0B3A,https://www.youtube.com/watch?v=UrFrR3p0B3A,"DIY Candle Jars with Jesmonite | aesthetic candle vessels, Boowan Nicole molds | handmade gift ideas",399.0,storyboard,23,183.54,191.52,7.98,https://youtu.be/UrFrR3p0B3A?t=184s,prepare_container,prep,1,0.5,Freed Jesmonite jars.,"Freed Jesmonite jars. Preparing the vessel - cleaning the jar and fixing the wick to the base with a glue dot / wick sticker, then centering it. captioned, moderate on-screen movement, well-lit, muted brown/grey palette (#5f524b, #989690). prep phase, ~46% in, 3:03–3:11.","Eat Hie uh, YS",1,0.0,0.019,0.177,0.549,0.091,"#5f524b,#989690,#c8cac3",1,,
UrFrR3p0B3A,https://www.youtube.com/watch?v=UrFrR3p0B3A,"DIY Candle Jars with Jesmonite | aesthetic candle vessels, Boowan Nicole molds | handmade gift ideas",399.0,storyboard,24,191.52,199.5,7.98,https://youtu.be/UrFrR3p0B3A?t=192s,prepare_container,prep,1,0.5,Sanding/cleaning the demoulded jar.,"Sanding/cleaning the demoulded jar. static shot, well-lit, muted brown/grey palette (#65544b, #9e9993). prep phase, ~48% in, 3:11–3:19.",,0,0.0,0.015,0.0,0.559,0.087,"#65544b,#9e9993,#caccc4",1,,
UrFrR3p0B3A,https://www.youtube.com/watch?v=UrFrR3p0B3A,"DIY Candle Jars with Jesmonite | aesthetic candle vessels, Boowan Nicole molds | handmade gift ideas",399.0,storyboard,25,199.5,207.48,7.98,https://youtu.be/UrFrR3p0B3A?t=200s,prepare_container,prep,1,0.5,Smoothing the jar surface.,"Smoothing the jar surface. steady, low-motion shot, well-lit, muted grey/brown palette (#a09183, #635548). prep phase, ~50% in, 3:19–3:27.",ii,0,0.0,0.019,0.128,0.556,0.109,"#a09183,#635548,#d2d2c7",1,,
UrFrR3p0B3A,https://www.youtube.com/watch?v=UrFrR3p0B3A,"DIY Candle Jars with Jesmonite | aesthetic candle vessels, Boowan Nicole molds | handmade gift ideas",399.0,storyboard,26,207.48,215.46,7.98,https://youtu.be/UrFrR3p0B3A?t=207s,prepare_container,prep,1,0.55,A wick sticker fixed into the finished jar.,"A wick sticker fixed into the finished jar. captioned, moderate on-screen movement, well-lit, muted beige/grey palette (#c1bab1, #877266). prep phase, ~52% in, 3:27–3:35.",xs ii 7 ra 2 7,1,0.5,0.026,0.216,0.575,0.085,"#c1bab1,#877266,#241e19",0,talking_head,
UrFrR3p0B3A,https://www.youtube.com/watch?v=UrFrR3p0B3A,"DIY Candle Jars with Jesmonite | aesthetic candle vessels, Boowan Nicole molds | handmade gift ideas",399.0,storyboard,27,215.46,223.44,7.98,https://youtu.be/UrFrR3p0B3A?t=215s,prepare_container,prep,1,0.55,The wick seated in the jar base.,"The wick seated in the jar base. static shot, well-lit, muted beige/grey palette (#cac8c0, #988579). prep phase, ~54% in, 3:35–3:43.",ae,0,0.0,0.026,0.0,0.567,0.142,"#cac8c0,#988579,#4e3f30",1,,
UrFrR3p0B3A,https://www.youtube.com/watch?v=UrFrR3p0B3A,"DIY Candle Jars with Jesmonite | aesthetic candle vessels, Boowan Nicole molds | handmade gift ideas",399.0,storyboard,28,223.44,231.42,7.98,https://youtu.be/UrFrR3p0B3A?t=223s,prepare_container,prep,1,0.5,Centring the wick in the jar.,"Centring the wick in the jar. captioned, moderate on-screen movement, well-lit, muted beige/grey palette (#b9b9b1, #78776c). prep phase, ~56% in, 3:43–3:51.",Jd Au pa om ws st iff ysesNE oa Lr inc my 4 ais ae 3 spittin my,1,0.0,0.046,0.2,0.552,0.086,"#b9b9b1,#78776c,#2c2923",1,,
Vsd8r7uSDII,https://www.youtube.com/watch?v=Vsd8r7uSDII,How To Make A Wooden Wick Candle | Luxury Candle Making,288.0,storyboard,11,88.0,96.0,8.0,https://youtu.be/Vsd8r7uSDII?t=88s,prepare_container,prep,1,0.6,Hands fit a wooden wick clip into a glass.,"Hands fit a wooden wick clip into a glass. captioned, steady, low-motion shot, well-lit, muted grey/black palette (#897b64, #2e2414). prep phase, ~31% in, 1:28–1:36.",iF RY vs ww ee bk gs cat we,1,0.0,0.06,0.076,0.471,0.139,"#897b64,#2e2414,#ceccc7",1,,
Vsd8r7uSDII,https://www.youtube.com/watch?v=Vsd8r7uSDII,How To Make A Wooden Wick Candle | Luxury Candle Making,288.0,storyboard,12,96.0,104.0,8.0,https://youtu.be/Vsd8r7uSDII?t=96s,prepare_container,prep,1,0.6,The wooden wick is placed in the glass.,"The wooden wick is placed in the glass. captioned, moderate on-screen movement, well-lit, muted grey/beige palette (#8c7265, #c3b7aa). prep phase, ~33% in, 1:36–1:44.","ne, whe al Cay ba af zc ate It",1,0.333,0.048,0.214,0.487,0.123,"#8c7265,#c3b7aa,#403022",1,,
Vsd8r7uSDII,https://www.youtube.com/watch?v=Vsd8r7uSDII,How To Make A Wooden Wick Candle | Luxury Candle Making,288.0,storyboard,13,104.0,112.0,8.0,https://youtu.be/Vsd8r7uSDII?t=104s,prepare_container,prep,1,0.6,Wooden wick seated in the glass; hands.,"Wooden wick seated in the glass; hands. captioned, steady, low-motion shot, well-lit, muted grey/beige palette (#8a7567, #c0b9af). prep phase, ~36% in, 1:44–1:52.",4 7 iA 4 4 mu 9 fp Ff ie 4 FF bh hs,1,1.0,0.038,0.114,0.493,0.114,"#8a7567,#c0b9af,#423022",0,talking_head,action label 'prepare_container' but a strong face fills the frame
Vsd8r7uSDII,https://www.youtube.com/watch?v=Vsd8r7uSDII,How To Make A Wooden Wick Candle | Luxury Candle Making,288.0,storyboard,14,112.0,120.0,8.0,https://youtu.be/Vsd8r7uSDII?t=112s,prepare_container,prep,1,0.55,Centring the wooden wick in the vessel.,"Centring the wooden wick in the vessel. captioned, moderate on-screen movement, well-lit, muted beige/grey palette (#c0b2a7, #7f6b5e). prep phase, ~39% in, 1:52–2:00.",ax? 7 NS Wve aA ad Am Mos 4 Fol is,1,0.0,0.056,0.231,0.485,0.132,"#c0b2a7,#7f6b5e,#3a2b1f",1,,
W_CSmi19gys,https://www.youtube.com/watch?v=W_CSmi19gys,"Candle Making With Coconut Wax Blends (Basics, Tips & Fragrance Testing)",546.0,storyboard,33,264.97,273.0,8.03,https://youtu.be/W_CSmi19gys?t=265s,prepare_container,prep,1,0.45,A wick sticker fixed in a jar.,"A wick sticker fixed in a jar. captioned, static shot, dim, muted brown/grey palette (#443426, #817871). prep phase, ~49% in, 4:24–4:33.",Somad ee. 4 Pn,1,0.0,0.056,0.0,0.395,0.109,"#443426,#817871,#b8bec2",1,,
WfkIQ899U7M,https://www.youtube.com/watch?v=WfkIQ899U7M,Making a Batch of Candles and Packing an Order | Silent Studio Vlog,240.0,storyboard,1,8.0,16.0,8.0,https://youtu.be/WfkIQ899U7M?t=8s,prepare_container,prep,1,0.45,Wick prepared in a jar.,"Wick prepared in a jar. Preparing the vessel - cleaning the jar and fixing the wick to the base with a glue dot / wick sticker, then centering it. steady, low-motion shot, well-lit, muted grey/beige palette (#8c7058, #b8ada0). prep phase, ~3% in, 0:08–0:16.",ae oe,0,0.333,0.027,0.06,0.459,0.109,"#8c7058,#b8ada0,#3f2419",1,,
WfkIQ899U7M,https://www.youtube.com/watch?v=WfkIQ899U7M,Making a Batch of Candles and Packing an Order | Silent Studio Vlog,240.0,storyboard,4,32.0,40.0,8.0,https://youtu.be/WfkIQ899U7M?t=32s,prepare_container,prep,1,0.4,Handling a black jar/lid.,"Handling a black jar/lid. moderate on-screen movement, well-lit, muted grey palette (#8b745f, #ad9786). prep phase, ~13% in, 0:32–0:40.",dp,0,0.0,0.019,0.15,0.442,0.105,"#8b745f,#ad9786,#31241a",1,,
WfkIQ899U7M,https://www.youtube.com/watch?v=WfkIQ899U7M,Making a Batch of Candles and Packing an Order | Silent Studio Vlog,240.0,storyboard,5,40.0,48.0,8.0,https://youtu.be/WfkIQ899U7M?t=40s,prepare_container,prep,1,0.45,Rows of glass jars readied.,"Rows of glass jars readied. static shot, well-lit, muted grey/beige palette (#7f6951, #aaa399). prep phase, ~17% in, 0:40–0:48.",ae ee,0,0.0,0.076,0.044,0.436,0.103,"#7f6951,#aaa399,#2c1f15",1,,
XOjdJLaATfg,https://www.youtube.com/watch?v=XOjdJLaATfg,REUSE YOUR CANDLE JARS | EASIEST WAY TO CLEAN A CANDLE JAR | Life Skills for Young Adults,188.0,storyboard,0,0.0,7.83,7.83,https://youtu.be/XOjdJLaATfg?t=0s,prepare_container,prep,1,0.4,Cleaning leftover wax out of a used candle jar to reuse it (sink/counter).,"Cleaning leftover wax out of a used candle jar to reuse it (sink/counter). captioned, moderate on-screen movement, dim, muted grey/beige palette (#847874, #b6afa9). prep phase, ~0% in, 0:00–0:07.",wy ee ott it ee Cele oo bts tL. 4 5 ae Py ad Be eet Ss oe? rs Me 4 2 4 4 oa as,1,0.333,0.057,0.327,0.342,0.053,"#847874,#b6afa9,#433c39",1,,
XOjdJLaATfg,https://www.youtube.com/watch?v=XOjdJLaATfg,REUSE YOUR CANDLE JARS | EASIEST WAY TO CLEAN A CANDLE JAR | Life Skills for Young Adults,188.0,storyboard,1,7.83,15.67,7.84,https://youtu.be/XOjdJLaATfg?t=8s,prepare_container,prep,1,0.4,Cleaning leftover wax out of a used candle jar to reuse it (sink/counter).,"Cleaning leftover wax out of a used candle jar to reuse it (sink/counter). captioned, moderate on-screen movement, well-lit, muted grey/beige palette (#7f6f67, #b5a79d). prep phase, ~4% in, 0:07–0:15.",ZZ SE aa re al oe ae oe mS ae ff,1,0.333,0.133,0.157,0.512,0.081,"#7f6f67,#b5a79d,#413732",1,,
XOjdJLaATfg,https://www.youtube.com/watch?v=XOjdJLaATfg,REUSE YOUR CANDLE JARS | EASIEST WAY TO CLEAN A CANDLE JAR | Life Skills for Young Adults,188.0,storyboard,2,15.67,23.5,7.83,https://youtu.be/XOjdJLaATfg?t=16s,prepare_container,prep,1,0.4,Cleaning leftover wax out of a used candle jar to reuse it (sink/counter).,"Cleaning leftover wax out of a used candle jar to reuse it (sink/counter). captioned, lots of on-screen movement, well-lit, muted grey/beige palette (#7e7066, #b7a99e). prep phase, ~8% in, 0:15–0:23.",ei 5 me weal ys dee is ie 5 ae ee 4 ree farts le Fae,1,0.0,0.112,0.35,0.676,0.059,"#7e7066,#b7a99e,#403731",1,,
XOjdJLaATfg,https://www.youtube.com/watch?v=XOjdJLaATfg,REUSE YOUR CANDLE JARS | EASIEST WAY TO CLEAN A CANDLE JAR | Life Skills for Young Adults,188.0,storyboard,3,23.5,31.33,7.83,https://youtu.be/XOjdJLaATfg?t=24s,prepare_container,prep,1,0.4,Cleaning leftover wax out of a used candle jar to reuse it (sink/counter).,"Cleaning leftover wax out of a used candle jar to reuse it (sink/counter). captioned, lots of on-screen movement, well-lit, muted beige/grey palette (#bcb8b4, #787670). prep phase, ~12% in, 0:23–0:31.",Ss An vr Fo: Ne. 17. ee 3 De ot LS Gari,1,0.0,0.125,0.35,0.591,0.08,"#bcb8b4,#787670,#282827",1,,
XOjdJLaATfg,https://www.youtube.com/watch?v=XOjdJLaATfg,REUSE YOUR CANDLE JARS | EASIEST WAY TO CLEAN A CANDLE JAR | Life Skills for Young Adults,188.0,storyboard,4,31.33,39.17,7.84,https://youtu.be/XOjdJLaATfg?t=31s,prepare_container,prep,1,0.4,Cleaning leftover wax out of a used candle jar to reuse it (sink/counter).,"Cleaning leftover wax out of a used candle jar to reuse it (sink/counter). captioned, steady, low-motion shot, well-lit, muted beige/grey palette (#beaaa3, #7c6d66). prep phase, ~17% in, 0:31–0:39.",LAA 4 SS Je,1,0.0,0.143,0.113,0.515,0.091,"#beaaa3,#7c6d66,#36322e",1,,
XOjdJLaATfg,https://www.youtube.com/watch?v=XOjdJLaATfg,REUSE YOUR CANDLE JARS | EASIEST WAY TO CLEAN A CANDLE JAR | Life Skills for Young Adults,188.0,storyboard,5,39.17,47.0,7.83,https://youtu.be/XOjdJLaATfg?t=39s,prepare_container,prep,1,0.77,Presenter talking to camera (auto-detected: frontal face).,"Presenter talking to camera (auto-detected: frontal face). Preparing the vessel - cleaning the jar and fixing the wick to the base with a glue dot / wick sticker, then centering it. steady, low-motion shot, well-lit, muted grey/brown palette (#847a6c, #4f463a). prep phase, ~21% in, 0:39–0:47.",ee,0,0.667,0.092,0.133,0.467,0.058,"#847a6c,#4f463a,#c1b7a5",0,talking_head,action label 'prepare_container' but a strong face fills the frame
XOjdJLaATfg,https://www.youtube.com/watch?v=XOjdJLaATfg,REUSE YOUR CANDLE JARS | EASIEST WAY TO CLEAN A CANDLE JAR | Life Skills for Young Adults,188.0,storyboard,6,47.0,54.83,7.83,https://youtu.be/XOjdJLaATfg?t=47s,prepare_container,prep,1,0.4,Cleaning leftover wax out of a used candle jar to reuse it (sink/counter).,"Cleaning leftover wax out of a used candle jar to reuse it (sink/counter). captioned, steady, low-motion shot, well-lit, muted grey/beige palette (#8e7869, #c1a498). prep phase, ~25% in, 0:47–0:54.","6 ts, 7 al te. oe Se KBs sa dt Fe sae",1,0.0,0.081,0.142,0.486,0.113,"#8e7869,#c1a498,#4a4034",1,,
XOjdJLaATfg,https://www.youtube.com/watch?v=XOjdJLaATfg,REUSE YOUR CANDLE JARS | EASIEST WAY TO CLEAN A CANDLE JAR | Life Skills for Young Adults,188.0,storyboard,7,54.83,62.67,7.84,https://youtu.be/XOjdJLaATfg?t=55s,prepare_container,prep,1,0.4,Cleaning leftover wax out of a used candle jar to reuse it (sink/counter).,"Cleaning leftover wax out of a used candle jar to reuse it (sink/counter). captioned, steady, low-motion shot, well-lit, muted beige/brown palette (#c3ac9f, #4c3c32). prep phase, ~29% in, 0:54–1:02.",Ve aS Ry ef va 7 9,1,0.333,0.109,0.139,0.516,0.096,"#c3ac9f,#4c3c32,#8c7867",1,,
XOjdJLaATfg,https://www.youtube.com/watch?v=XOjdJLaATfg,REUSE YOUR CANDLE JARS | EASIEST WAY TO CLEAN A CANDLE JAR | Life Skills for Young Adults,188.0,storyboard,8,62.67,70.5,7.83,https://youtu.be/XOjdJLaATfg?t=63s,prepare_container,prep,1,0.4,Cleaning leftover wax out of a used candle jar to reuse it (sink/counter).,"Cleaning leftover wax out of a used candle jar to reuse it (sink/counter). captioned, moderate on-screen movement, dim, muted beige/grey palette (#b5aa9b, #7a7161). prep phase, ~33% in, 1:02–1:10.","ole Sie, 7 Tuell et ee Joe errs age ae SS 23 7 hed ae 3 oe 7 Po Sie yee ee",1,0.0,0.188,0.324,0.368,0.069,"#b5aa9b,#7a7161,#372f24",1,,
XOjdJLaATfg,https://www.youtube.com/watch?v=XOjdJLaATfg,REUSE YOUR CANDLE JARS | EASIEST WAY TO CLEAN A CANDLE JAR | Life Skills for Young Adults,188.0,storyboard,9,70.5,78.33,7.83,https://youtu.be/XOjdJLaATfg?t=70s,prepare_container,prep,1,0.4,Cleaning leftover wax out of a used candle jar to reuse it (sink/counter).,"Cleaning leftover wax out of a used candle jar to reuse it (sink/counter). captioned, moderate on-screen movement, dim, muted beige/grey palette (#b9b5b0, #7e7d77). prep phase, ~38% in, 1:10–1:18.","ee tb 7 Te Pi Son eo asaerae 2 es wT ae Sa. aa, 2 2 PE",1,0.0,0.205,0.347,0.393,0.049,"#b9b5b0,#7e7d77,#363430",1,,
XOjdJLaATfg,https://www.youtube.com/watch?v=XOjdJLaATfg,REUSE YOUR CANDLE JARS | EASIEST WAY TO CLEAN A CANDLE JAR | Life Skills for Young Adults,188.0,storyboard,10,78.33,86.17,7.84,https://youtu.be/XOjdJLaATfg?t=78s,prepare_container,prep,1,0.4,Cleaning leftover wax out of a used candle jar to reuse it (sink/counter).,"Cleaning leftover wax out of a used candle jar to reuse it (sink/counter). captioned, steady, low-motion shot, well-lit, muted beige/grey palette (#c8b9b1, #897b74). prep phase, ~42% in, 1:18–1:26.",te ky oe! or as 7 is te. eee ee gwen ee oe has Yy rc ae 4,1,0.333,0.165,0.143,0.542,0.098,"#c8b9b1,#897b74,#39302b",1,,
XOjdJLaATfg,https://www.youtube.com/watch?v=XOjdJLaATfg,REUSE YOUR CANDLE JARS | EASIEST WAY TO CLEAN A CANDLE JAR | Life Skills for Young Adults,188.0,storyboard,11,86.17,94.0,7.83,https://youtu.be/XOjdJLaATfg?t=86s,prepare_container,prep,1,0.4,Cleaning leftover wax out of a used candle jar to reuse it (sink/counter).,"Cleaning leftover wax out of a used candle jar to reuse it (sink/counter). captioned, moderate on-screen movement, well-lit, muted beige/grey palette (#c4a89c, #877064). prep phase, ~46% in, 1:26–1:34.",po ae al mal 1 ae Y.S ne Fane aw ox 7 Pe SS ie,1,0.333,0.217,0.173,0.529,0.1,"#c4a89c,#877064,#3c2f28",1,,
XOjdJLaATfg,https://www.youtube.com/watch?v=XOjdJLaATfg,REUSE YOUR CANDLE JARS | EASIEST WAY TO CLEAN A CANDLE JAR | Life Skills for Young Adults,188.0,storyboard,12,94.0,101.83,7.83,https://youtu.be/XOjdJLaATfg?t=94s,prepare_container,prep,1,0.4,Cleaning leftover wax out of a used candle jar to reuse it (sink/counter).,"Cleaning leftover wax out of a used candle jar to reuse it (sink/counter). captioned, steady, low-motion shot, well-lit, muted grey/beige palette (#8a7b73, #c1aaa4). prep phase, ~50% in, 1:34–1:41.",Se ee BS 8 ey ene re fe he ws oa 7 9 ll,1,0.333,0.127,0.146,0.493,0.111,"#8a7b73,#c1aaa4,#53463d",1,,
XOjdJLaATfg,https://www.youtube.com/watch?v=XOjdJLaATfg,REUSE YOUR CANDLE JARS | EASIEST WAY TO CLEAN A CANDLE JAR | Life Skills for Young Adults,188.0,storyboard,13,101.83,109.67,7.84,https://youtu.be/XOjdJLaATfg?t=102s,prepare_container,prep,1,0.4,Cleaning leftover wax out of a used candle jar to reuse it (sink/counter).,"Cleaning leftover wax out of a used candle jar to reuse it (sink/counter). captioned, moderate on-screen movement, dim, muted beige/grey palette (#bfb1a7, #7d7268). prep phase, ~54% in, 1:41–1:49.",ae os es Fm As Ss. 4 tn as YY ah. Jt mA es an ef,1,0.0,0.127,0.318,0.397,0.079,"#bfb1a7,#7d7268,#453029",1,,
XOjdJLaATfg,https://www.youtube.com/watch?v=XOjdJLaATfg,REUSE YOUR CANDLE JARS | EASIEST WAY TO CLEAN A CANDLE JAR | Life Skills for Young Adults,188.0,storyboard,14,109.67,117.5,7.83,https://youtu.be/XOjdJLaATfg?t=110s,prepare_container,prep,1,0.4,Cleaning leftover wax out of a used candle jar to reuse it (sink/counter).,"Cleaning leftover wax out of a used candle jar to reuse it (sink/counter). static shot, dark, muted black/grey palette (#020101, #726457). prep phase, ~58% in, 1:49–1:57.",,0,0.0,0.044,0.04,0.159,0.056,"#020101,#726457,#b6aea3",1,,
XOjdJLaATfg,https://www.youtube.com/watch?v=XOjdJLaATfg,REUSE YOUR CANDLE JARS | EASIEST WAY TO CLEAN A CANDLE JAR | Life Skills for Young Adults,188.0,storyboard,15,117.5,125.33,7.83,https://youtu.be/XOjdJLaATfg?t=118s,prepare_container,prep,1,0.4,Cleaning leftover wax out of a used candle jar to reuse it (sink/counter).,"Cleaning leftover wax out of a used candle jar to reuse it (sink/counter). moderate on-screen movement, dim, muted black/brown palette (#010000, #69564a). prep phase, ~62% in, 1:57–2:05.",,0,0.333,0.069,0.222,0.271,0.067,"#010000,#69564a,#b6a49a",1,,
XOjdJLaATfg,https://www.youtube.com/watch?v=XOjdJLaATfg,REUSE YOUR CANDLE JARS | EASIEST WAY TO CLEAN A CANDLE JAR | Life Skills for Young Adults,188.0,storyboard,16,125.33,133.17,7.84,https://youtu.be/XOjdJLaATfg?t=125s,prepare_container,prep,1,0.4,Cleaning leftover wax out of a used candle jar to reuse it (sink/counter).,"Cleaning leftover wax out of a used candle jar to reuse it (sink/counter). moderate on-screen movement, well-lit, muted brown/grey palette (#52453b, #967d70). prep phase, ~67% in, 2:05–2:13.",4,0,0.0,0.044,0.161,0.469,0.119,"#52453b,#967d70,#c7b1a5",1,,
XOjdJLaATfg,https://www.youtube.com/watch?v=XOjdJLaATfg,REUSE YOUR CANDLE JARS | EASIEST WAY TO CLEAN A CANDLE JAR | Life Skills for Young Adults,188.0,storyboard,17,133.17,141.0,7.83,https://youtu.be/XOjdJLaATfg?t=133s,prepare_container,prep,1,0.4,Cleaning leftover wax out of a used candle jar to reuse it (sink/counter).,"Cleaning leftover wax out of a used candle jar to reuse it (sink/counter). moderate on-screen movement, well-lit, muted brown/grey palette (#5c5048, #99857e). prep phase, ~71% in, 2:13–2:21.",we ea.,0,0.0,0.062,0.21,0.47,0.095,"#5c5048,#99857e,#c5b6af",1,,
XOjdJLaATfg,https://www.youtube.com/watch?v=XOjdJLaATfg,REUSE YOUR CANDLE JARS | EASIEST WAY TO CLEAN A CANDLE JAR | Life Skills for Young Adults,188.0,storyboard,18,141.0,148.83,7.83,https://youtu.be/XOjdJLaATfg?t=141s,prepare_container,prep,1,0.4,Cleaning leftover wax out of a used candle jar to reuse it (sink/counter).,"Cleaning leftover wax out of a used candle jar to reuse it (sink/counter). moderate on-screen movement, well-lit, muted brown/beige palette (#43392e, #c3a699). prep phase, ~75% in, 2:21–2:28.",,0,0.0,0.097,0.215,0.446,0.097,"#43392e,#c3a699,#77665a",1,,
XOjdJLaATfg,https://www.youtube.com/watch?v=XOjdJLaATfg,REUSE YOUR CANDLE JARS | EASIEST WAY TO CLEAN A CANDLE JAR | Life Skills for Young Adults,188.0,storyboard,19,148.83,156.67,7.84,https://youtu.be/XOjdJLaATfg?t=149s,prepare_container,prep,1,0.4,Cleaning leftover wax out of a used candle jar to reuse it (sink/counter).,"Cleaning leftover wax out of a used candle jar to reuse it (sink/counter). steady, low-motion shot, well-lit, muted brown/grey palette (#4b4135, #86786d). prep phase, ~79% in, 2:28–2:36.",vo ail,0,0.0,0.166,0.136,0.438,0.081,"#4b4135,#86786d,#c2b6b1",1,,
XOjdJLaATfg,https://www.youtube.com/watch?v=XOjdJLaATfg,REUSE YOUR CANDLE JARS | EASIEST WAY TO CLEAN A CANDLE JAR | Life Skills for Young Adults,188.0,storyboard,20,156.67,164.5,7.83,https://youtu.be/XOjdJLaATfg?t=157s,prepare_container,prep,1,0.4,Cleaning leftover wax out of a used candle jar to reuse it (sink/counter).,"Cleaning leftover wax out of a used candle jar to reuse it (sink/counter). captioned, moderate on-screen movement, well-lit, muted grey/beige palette (#898078, #b6b0aa). prep phase, ~83% in, 2:36–2:44.",1 4 3 WF,1,0.0,0.12,0.193,0.474,0.112,"#898078,#b6b0aa,#4e3f38",1,,
XOjdJLaATfg,https://www.youtube.com/watch?v=XOjdJLaATfg,REUSE YOUR CANDLE JARS | EASIEST WAY TO CLEAN A CANDLE JAR | Life Skills for Young Adults,188.0,storyboard,21,164.5,172.33,7.83,https://youtu.be/XOjdJLaATfg?t=164s,prepare_container,prep,1,0.4,Cleaning leftover wax out of a used candle jar to reuse it (sink/counter).,"Cleaning leftover wax out of a used candle jar to reuse it (sink/counter). moderate on-screen movement, well-lit, muted brown/grey palette (#524b40, #979188). prep phase, ~88% in, 2:44–2:52.",4,0,0.0,0.102,0.166,0.489,0.11,"#524b40,#979188,#c1bdb6",1,,
XZlZJW9EBbI,https://www.youtube.com/watch?v=XZlZJW9EBbI,DIY Water Candle / NO WAX Candles / PAANI se banaye candle / Diwali Special / Homemade Candles / How,121.0,storyboard,1,8.07,16.13,8.06,https://youtu.be/XZlZJW9EBbI?t=8s,prepare_container,prep,1,0.45,Overhead yellow bg: a glass bowl of blue water; a plastic bottle is cut.,"Overhead yellow bg: a glass bowl of blue water; a plastic bottle is cut. steady, low-motion shot, well-lit, vivid yellow/amber palette (#dbd141, #ada773). prep phase, ~7% in, 0:08–0:16.",rs,0,0.0,0.039,0.093,0.669,0.354,"#dbd141,#ada773,#6e6149",1,,
XZlZJW9EBbI,https://www.youtube.com/watch?v=XZlZJW9EBbI,DIY Water Candle / NO WAX Candles / PAANI se banaye candle / Diwali Special / Homemade Candles / How,121.0,storyboard,5,40.33,48.4,8.07,https://youtu.be/XZlZJW9EBbI?t=40s,prepare_container,prep,1,0.45,Hands make a small floating wick.,"Hands make a small floating wick. steady, low-motion shot, well-lit, vivid yellow/brown palette (#dac93b, #7f6b3a). prep phase, ~33% in, 0:40–0:48.",Fo,0,0.0,0.064,0.063,0.663,0.351,"#dac93b,#7f6b3a,#959b7e",1,,
XZlZJW9EBbI,https://www.youtube.com/watch?v=XZlZJW9EBbI,DIY Water Candle / NO WAX Candles / PAANI se banaye candle / Diwali Special / Homemade Candles / How,121.0,storyboard,6,48.4,56.47,8.07,https://youtu.be/XZlZJW9EBbI?t=48s,prepare_container,prep,1,0.45,Assembling the float wick; scissors.,"Assembling the float wick; scissors. steady, low-motion shot, well-lit, yellow/brown palette (#d9c93a, #7c6239). prep phase, ~40% in, 0:48–0:56.",,0,0.0,0.049,0.074,0.651,0.346,"#d9c93a,#7c6239,#939f7e",1,,
XZlZJW9EBbI,https://www.youtube.com/watch?v=XZlZJW9EBbI,DIY Water Candle / NO WAX Candles / PAANI se banaye candle / Diwali Special / Homemade Candles / How,121.0,storyboard,7,56.47,64.53,8.06,https://youtu.be/XZlZJW9EBbI?t=56s,prepare_container,prep,1,0.45,Threading the wick through the float.,"Threading the wick through the float. steady, low-motion shot, well-lit, vivid yellow/brown palette (#dbc639, #7b5f3a). prep phase, ~47% in, 0:56–1:04.",7 ro,0,0.0,0.077,0.051,0.662,0.351,"#dbc639,#7b5f3a,#989c78",1,,
XnZ5w6Ssva0,https://www.youtube.com/watch?v=XnZ5w6Ssva0,How to Add Multiple Wicks to a Candle // Multi-Wick Candles  // Candle Making 101,126.0,storyboard,5,39.38,47.25,7.87,https://youtu.be/XnZ5w6Ssva0?t=39s,prepare_container,prep,1,0.45,"Hands hold a glass over white paper, marking wick positions.","Hands hold a glass over white paper, marking wick positions. steady, low-motion shot, well-lit, muted grey/beige palette (#9c836f, #c0b6ad). prep phase, ~31% in, 0:39–0:47.",7 fs,0,0.0,0.062,0.148,0.547,0.105,"#9c836f,#c0b6ad,#302821",1,,
XnZ5w6Ssva0,https://www.youtube.com/watch?v=XnZ5w6Ssva0,How to Add Multiple Wicks to a Candle // Multi-Wick Candles  // Candle Making 101,126.0,storyboard,6,47.25,55.12,7.87,https://youtu.be/XnZ5w6Ssva0?t=47s,prepare_container,prep,1,0.45,Marking/measuring multiple wick positions on paper under a glass.,"Marking/measuring multiple wick positions on paper under a glass. captioned, moderate on-screen movement, bright, muted grey/beige palette (#a98f79, #c4beba). prep phase, ~38% in, 0:47–0:55.",Pd sy my,1,0.0,0.03,0.168,0.711,0.102,"#a98f79,#c4beba,#785d4c",1,,
XnZ5w6Ssva0,https://www.youtube.com/watch?v=XnZ5w6Ssva0,How to Add Multiple Wicks to a Candle // Multi-Wick Candles  // Candle Making 101,126.0,storyboard,10,78.75,86.62,7.87,https://youtu.be/XnZ5w6Ssva0?t=79s,prepare_container,prep,1,0.4,Host works at the bench planning the wick layout.,"Host works at the bench planning the wick layout. captioned, moderate on-screen movement, well-lit, muted beige/black palette (#c0b6b6, #231e1d). prep phase, ~62% in, 1:18–1:26.",Sm moll 2 jel ba en,1,0.333,0.11,0.239,0.523,0.093,"#c0b6b6,#231e1d,#807473",1,,
YspjuWix8TM,https://www.youtube.com/watch?v=YspjuWix8TM,DIY LUXURY CANDLES | STEP BY STEP CANDLE MAKING,483.0,storyboard,2,16.1,24.15,8.05,https://youtu.be/YspjuWix8TM?t=16s,prepare_container,prep,1,0.45,Clear glass vessels prepped with wicks (multi-wick).,"Clear glass vessels prepped with wicks (multi-wick). moderate on-screen movement, well-lit, muted beige/grey palette (#c4beb6, #80756f). prep phase, ~3% in, 0:16–0:24.",,0,0.0,0.011,0.252,0.57,0.083,"#c4beb6,#80756f,#322b27",1,,
YspjuWix8TM,https://www.youtube.com/watch?v=YspjuWix8TM,DIY LUXURY CANDLES | STEP BY STEP CANDLE MAKING,483.0,storyboard,3,24.15,32.2,8.05,https://youtu.be/YspjuWix8TM?t=24s,prepare_container,prep,1,0.45,Clear glass vessels prepped with wicks (multi-wick).,"Clear glass vessels prepped with wicks (multi-wick). static shot, well-lit, muted beige/grey palette (#afada3, #7d7b73). prep phase, ~5% in, 0:24–0:32.",,0,0.0,0.0,0.012,0.53,0.029,"#afada3,#7d7b73,#1a191a",1,,
YspjuWix8TM,https://www.youtube.com/watch?v=YspjuWix8TM,DIY LUXURY CANDLES | STEP BY STEP CANDLE MAKING,483.0,storyboard,4,32.2,40.25,8.05,https://youtu.be/YspjuWix8TM?t=32s,prepare_container,prep,1,0.45,Clear glass vessels prepped with wicks (multi-wick).,"Clear glass vessels prepped with wicks (multi-wick). static shot, well-lit, muted beige/grey palette (#b0aea4, #7e7c74). prep phase, ~7% in, 0:32–0:40.",,0,0.0,0.0,0.0,0.537,0.028,"#b0aea4,#7e7c74,#1b1a1b",1,,
YspjuWix8TM,https://www.youtube.com/watch?v=YspjuWix8TM,DIY LUXURY CANDLES | STEP BY STEP CANDLE MAKING,483.0,storyboard,5,40.25,48.3,8.05,https://youtu.be/YspjuWix8TM?t=40s,prepare_container,prep,1,0.45,Clear glass vessels prepped with wicks (multi-wick).,"Clear glass vessels prepped with wicks (multi-wick). moderate on-screen movement, well-lit, muted black/beige palette (#1d1412, #c9c5bb). prep phase, ~8% in, 0:40–0:48.",,0,0.0,0.002,0.25,0.473,0.046,"#1d1412,#c9c5bb,#85766c",1,,
YspjuWix8TM,https://www.youtube.com/watch?v=YspjuWix8TM,DIY LUXURY CANDLES | STEP BY STEP CANDLE MAKING,483.0,storyboard,6,48.3,56.35,8.05,https://youtu.be/YspjuWix8TM?t=48s,prepare_container,prep,1,0.45,Clear glass vessels prepped with wicks (multi-wick).,"Clear glass vessels prepped with wicks (multi-wick). moderate on-screen movement, dim, muted black/beige palette (#231411, #b6b1a6). prep phase, ~10% in, 0:48–0:56.",,0,0.0,0.006,0.306,0.343,0.08,"#231411,#b6b1a6,#765b50",1,,
YspjuWix8TM,https://www.youtube.com/watch?v=YspjuWix8TM,DIY LUXURY CANDLES | STEP BY STEP CANDLE MAKING,483.0,storyboard,7,56.35,64.4,8.05,https://youtu.be/YspjuWix8TM?t=56s,prepare_container,prep,1,0.45,Clear glass vessels prepped with wicks (multi-wick).,"Clear glass vessels prepped with wicks (multi-wick). static shot, well-lit, muted black/cream palette (#41231f, #d2ccc7). prep phase, ~12% in, 0:56–1:04.",,0,0.0,0.013,0.0,0.431,0.125,"#41231f,#d2ccc7,#8e726c",1,,
YspjuWix8TM,https://www.youtube.com/watch?v=YspjuWix8TM,DIY LUXURY CANDLES | STEP BY STEP CANDLE MAKING,483.0,storyboard,8,64.4,72.45,8.05,https://youtu.be/YspjuWix8TM?t=64s,prepare_container,prep,1,0.45,Clear glass vessels prepped with wicks (multi-wick).,"Clear glass vessels prepped with wicks (multi-wick). lots of on-screen movement, dim, muted black/beige palette (#1c0c09, #c7c1bc). prep phase, ~13% in, 1:04–1:12.",,0,0.0,0.007,0.423,0.382,0.125,"#1c0c09,#c7c1bc,#815547",1,,
YspjuWix8TM,https://www.youtube.com/watch?v=YspjuWix8TM,DIY LUXURY CANDLES | STEP BY STEP CANDLE MAKING,483.0,storyboard,9,72.45,80.5,8.05,https://youtu.be/YspjuWix8TM?t=72s,prepare_container,prep,1,0.45,Clear glass vessels prepped with wicks (multi-wick).,"Clear glass vessels prepped with wicks (multi-wick). static shot, well-lit, muted cream/grey palette (#d2ccc1, #8c8880). prep phase, ~15% in, 1:12–1:20.",,0,0.0,0.005,0.0,0.639,0.039,"#d2ccc1,#8c8880,#443d3a",1,,
ZQk9l2ttcIA,https://www.youtube.com/watch?v=ZQk9l2ttcIA,A Beginners Guide To Making A Candle,256.0,storyboard,3,24.0,32.0,8.0,https://youtu.be/ZQk9l2ttcIA?t=24s,prepare_container,prep,1,0.5,handling wick/sticker on table,"handling wick/sticker on table. captioned, steady, low-motion shot, well-lit, muted beige/grey palette (#c2bfb3, #79796f). prep phase, ~9% in, 0:24–0:32.",woh Wa Lan Gorcete Has gl Sr ay 2 ee,1,0.0,0.151,0.126,0.544,0.076,"#c2bfb3,#79796f,#2e2924",1,,
ZQk9l2ttcIA,https://www.youtube.com/watch?v=ZQk9l2ttcIA,A Beginners Guide To Making A Candle,256.0,storyboard,4,32.0,40.0,8.0,https://youtu.be/ZQk9l2ttcIA?t=32s,prepare_container,prep,1,0.55,host explaining to camera,"host explaining to camera. Preparing the vessel - cleaning the jar and fixing the wick to the base with a glue dot / wick sticker, then centering it. steady, low-motion shot, well-lit, muted beige/grey palette (#bdbfad, #808071). prep phase, ~12% in, 0:32–0:40.",tS Ae,0,0.667,0.131,0.121,0.565,0.073,"#bdbfad,#808071,#322e23",0,talking_head,action label 'prepare_container' but a strong face fills the frame
ZQk9l2ttcIA,https://www.youtube.com/watch?v=ZQk9l2ttcIA,A Beginners Guide To Making A Candle,256.0,storyboard,5,40.0,48.0,8.0,https://youtu.be/ZQk9l2ttcIA?t=40s,prepare_container,prep,1,0.55,preparing jars at table,"preparing jars at table. Preparing the vessel - cleaning the jar and fixing the wick to the base with a glue dot / wick sticker, then centering it. steady, low-motion shot, well-lit, muted beige/grey palette (#c6c6b9, #8b8b7e). prep phase, ~16% in, 0:40–0:48.",ty te,0,0.0,0.125,0.126,0.59,0.066,"#c6c6b9,#8b8b7e,#3b3529",1,,
aKCPK0mXICI,https://www.youtube.com/watch?v=aKCPK0mXICI,🌹DIY Valentine’s Day Designer Candle | Step-by-Step Candle Making Tutorial,531.0,storyboard,27,217.23,225.27,8.04,https://youtu.be/aKCPK0mXICI?t=217s,prepare_container,prep,1,0.5,Prepping the glass / arranging shapes.,"Prepping the glass / arranging shapes. captioned, steady, low-motion shot, well-lit, muted beige/grey palette (#b8a99f, #906d67). prep phase, ~41% in, 3:37–3:45.",4 ae 242 2 oy Tey aes ce gt aw 2 Pe bs 7 22 om 2,1,0.0,0.04,0.088,0.528,0.138,"#b8a99f,#906d67,#42312c",1,,
aKCPK0mXICI,https://www.youtube.com/watch?v=aKCPK0mXICI,🌹DIY Valentine’s Day Designer Candle | Step-by-Step Candle Making Tutorial,531.0,storyboard,45,362.05,370.09,8.04,https://youtu.be/aKCPK0mXICI?t=362s,prepare_container,prep,1,0.5,Prepping the glass / arranging shapes.,"Prepping the glass / arranging shapes. static shot, well-lit, muted beige/grey palette (#baada2, #937f72). prep phase, ~68% in, 6:02–6:10.",,0,0.0,0.008,0.0,0.56,0.095,"#baada2,#937f72,#714642",1,,
b1S_cWpGUbM,https://www.youtube.com/watch?v=b1S_cWpGUbM,DIY ALL NATURAL & NON TOXIC CANDLES,563.0,storyboard,24,193.03,201.07,8.04,https://youtu.be/b1S_cWpGUbM?t=193s,prepare_container,prep,1,0.5,Prepping the jars.,"Prepping the jars. Preparing the vessel - cleaning the jar and fixing the wick to the base with a glue dot / wick sticker, then centering it. steady, low-motion shot, well-lit, muted grey palette (#7e6b58, #a59d9b). prep phase, ~34% in, 3:13–3:21.",oo nT,0,0.5,0.104,0.102,0.421,0.111,"#7e6b58,#a59d9b,#38221a",0,talking_head,
b1S_cWpGUbM,https://www.youtube.com/watch?v=b1S_cWpGUbM,DIY ALL NATURAL & NON TOXIC CANDLES,563.0,storyboard,25,201.07,209.11,8.04,https://youtu.be/b1S_cWpGUbM?t=201s,prepare_container,prep,1,0.5,Prepping the jars.,"Prepping the jars. Preparing the vessel - cleaning the jar and fixing the wick to the base with a glue dot / wick sticker, then centering it. static shot, well-lit, muted brown/grey palette (#796550, #a09490). prep phase, ~36% in, 3:21–3:29.",4 4,0,0.0,0.091,0.0,0.411,0.111,"#796550,#a09490,#2d1b16",1,,
b1S_cWpGUbM,https://www.youtube.com/watch?v=b1S_cWpGUbM,DIY ALL NATURAL & NON TOXIC CANDLES,563.0,storyboard,26,209.11,217.16,8.05,https://youtu.be/b1S_cWpGUbM?t=209s,prepare_container,prep,1,0.5,Prepping the jars.,"Prepping the jars. Preparing the vessel - cleaning the jar and fixing the wick to the base with a glue dot / wick sticker, then centering it. captioned, steady, low-motion shot, well-lit, muted grey palette (#989595, #70645c). prep phase, ~37% in, 3:29–3:37.","WS, FS re in eo ee 4 nay Cis ne",1,0.0,0.083,0.119,0.456,0.091,"#989595,#70645c,#34251c",1,,
b1S_cWpGUbM,https://www.youtube.com/watch?v=b1S_cWpGUbM,DIY ALL NATURAL & NON TOXIC CANDLES,563.0,storyboard,27,217.16,225.2,8.04,https://youtu.be/b1S_cWpGUbM?t=217s,prepare_container,prep,1,0.5,Prepping the jars.,"Prepping the jars. Preparing the vessel - cleaning the jar and fixing the wick to the base with a glue dot / wick sticker, then centering it. steady, low-motion shot, dim, muted grey/black palette (#786557, #241b17). prep phase, ~39% in, 3:37–3:45.",,0,0.5,0.165,0.065,0.337,0.136,"#786557,#241b17,#cecacb",0,talking_head,
bE3cn6R9khs,https://www.youtube.com/watch?v=bE3cn6R9khs,HOW TO MAKE CANDLES THAT ACTUALLY SMELL GOOD,263.0,storyboard,2,15.94,23.91,7.97,https://youtu.be/bE3cn6R9khs?t=16s,prepare_container,prep,1,0.5,An empty glass jar is cleaned/prepared; a spoon nearby.,"An empty glass jar is cleaned/prepared; a spoon nearby. steady, low-motion shot, dim, muted brown palette (#553620, #705b55). prep phase, ~6% in, 0:15–0:23.",og,0,0.0,0.061,0.106,0.349,0.119,"#553620,#705b55,#ad847a",1,,
bE3cn6R9khs,https://www.youtube.com/watch?v=bE3cn6R9khs,HOW TO MAKE CANDLES THAT ACTUALLY SMELL GOOD,263.0,storyboard,3,23.91,31.88,7.97,https://youtu.be/bE3cn6R9khs?t=24s,prepare_container,prep,1,0.5,A spatula and a fragrance bottle laid out.,"A spatula and a fragrance bottle laid out. moderate on-screen movement, dim, muted brown/grey palette (#452f2a, #826368). prep phase, ~9% in, 0:23–0:31.",,0,0.0,0.023,0.179,0.366,0.1,"#452f2a,#826368,#d3def1",1,,
bE3cn6R9khs,https://www.youtube.com/watch?v=bE3cn6R9khs,HOW TO MAKE CANDLES THAT ACTUALLY SMELL GOOD,263.0,storyboard,4,31.88,39.85,7.97,https://youtu.be/bE3cn6R9khs?t=32s,prepare_container,prep,1,0.5,Chopsticks set up as a wick holder across the jar.,"Chopsticks set up as a wick holder across the jar. steady, low-motion shot, dim, muted brown/grey palette (#543e29, #92797b). prep phase, ~12% in, 0:31–0:39.",il,0,0.0,0.035,0.139,0.35,0.107,"#543e29,#92797b,#c4cdda",1,,
bE3cn6R9khs,https://www.youtube.com/watch?v=bE3cn6R9khs,HOW TO MAKE CANDLES THAT ACTUALLY SMELL GOOD,263.0,storyboard,5,39.85,47.82,7.97,https://youtu.be/bE3cn6R9khs?t=40s,prepare_container,prep,1,0.5,Hands position the wick with chopsticks.,"Hands position the wick with chopsticks. steady, low-motion shot, dim, muted brown/grey palette (#593b26, #8c6a6c). prep phase, ~15% in, 0:39–0:47.",7,0,0.0,0.04,0.058,0.288,0.096,"#593b26,#8c6a6c,#c8c2d2",1,,
bEhlvggbwk8,https://www.youtube.com/watch?v=bEhlvggbwk8,Wick Candle Maker by We R Memory Keepers,82.0,storyboard,3,24.6,32.8,8.2,https://youtu.be/bEhlvggbwk8?t=25s,prepare_container,prep,1,0.55,A wick is threaded through a holder; scissors and small jars nearby.,"A wick is threaded through a holder; scissors and small jars nearby. steady, low-motion shot, bright, muted white/beige palette (#f2f7f7, #b6cccf). prep phase, ~30% in, 0:24–0:32.",wl,0,0.0,0.047,0.128,0.864,0.09,"#f2f7f7,#b6cccf,#aa817a",1,,
bEhlvggbwk8,https://www.youtube.com/watch?v=bEhlvggbwk8,Wick Candle Maker by We R Memory Keepers,82.0,storyboard,4,32.8,41.0,8.2,https://youtu.be/bEhlvggbwk8?t=33s,prepare_container,prep,1,0.5,A glass jar is readied with a wick; blue dye packets alongside.,"A glass jar is readied with a wick; blue dye packets alongside. captioned, moderate on-screen movement, bright, muted white/cream palette (#f1f6f7, #cbd6d7). prep phase, ~40% in, 0:32–0:41.",tag ow Ss,1,0.0,0.05,0.208,0.784,0.085,"#f1f6f7,#cbd6d7,#9c817e",1,,
cvCf3NHTFaE,https://www.youtube.com/watch?v=cvCf3NHTFaE,How to Stop Candles from Rusting | Sealing Candle Tins,266.0,storyboard,13,104.79,112.85,8.06,https://youtu.be/cvCf3NHTFaE?t=105s,prepare_container,prep,1,0.4,Blue-gloved hands treat/clean amber metal candle tins (rust prevention).,"Blue-gloved hands treat/clean amber metal candle tins (rust prevention). moderate on-screen movement, well-lit, muted grey/cream palette (#a39b97, #d3cdca). prep phase, ~39% in, 1:44–1:52.",we SM,0,0.0,0.041,0.183,0.578,0.102,"#a39b97,#d3cdca,#7c7573",1,,
cvCf3NHTFaE,https://www.youtube.com/watch?v=cvCf3NHTFaE,How to Stop Candles from Rusting | Sealing Candle Tins,266.0,storyboard,14,112.85,120.91,8.06,https://youtu.be/cvCf3NHTFaE?t=113s,prepare_container,prep,1,0.4,Blue-gloved hands treat/clean amber metal candle tins (rust prevention).,"Blue-gloved hands treat/clean amber metal candle tins (rust prevention). moderate on-screen movement, well-lit, muted beige/grey palette (#bbb5b4, #4d6a83). prep phase, ~42% in, 1:52–2:00.",0,0,0.0,0.025,0.203,0.508,0.148,"#bbb5b4,#4d6a83,#26323e",1,,
cvCf3NHTFaE,https://www.youtube.com/watch?v=cvCf3NHTFaE,How to Stop Candles from Rusting | Sealing Candle Tins,266.0,storyboard,15,120.91,128.97,8.06,https://youtu.be/cvCf3NHTFaE?t=121s,prepare_container,prep,1,0.4,Blue-gloved hands treat/clean amber metal candle tins (rust prevention).,"Blue-gloved hands treat/clean amber metal candle tins (rust prevention). moderate on-screen movement, well-lit, beige/teal palette (#bcb5af, #3e6a8d). prep phase, ~45% in, 2:00–2:08.",Ne Dis.,0,0.0,0.075,0.182,0.475,0.186,"#bcb5af,#3e6a8d,#2b363c",1,,
cvCf3NHTFaE,https://www.youtube.com/watch?v=cvCf3NHTFaE,How to Stop Candles from Rusting | Sealing Candle Tins,266.0,storyboard,16,128.97,137.03,8.06,https://youtu.be/cvCf3NHTFaE?t=129s,prepare_container,prep,1,0.4,Blue-gloved hands treat/clean amber metal candle tins (rust prevention).,"Blue-gloved hands treat/clean amber metal candle tins (rust prevention). moderate on-screen movement, well-lit, teal/black palette (#36658b, #20313d). prep phase, ~48% in, 2:08–2:17.",Aah,0,0.0,0.08,0.244,0.461,0.199,"#36658b,#20313d,#9ab0c2",1,,
cvCf3NHTFaE,https://www.youtube.com/watch?v=cvCf3NHTFaE,How to Stop Candles from Rusting | Sealing Candle Tins,266.0,storyboard,17,137.03,145.09,8.06,https://youtu.be/cvCf3NHTFaE?t=137s,prepare_container,prep,1,0.4,Blue-gloved hands treat/clean amber metal candle tins (rust prevention).,"Blue-gloved hands treat/clean amber metal candle tins (rust prevention). moderate on-screen movement, well-lit, beige/brown palette (#b9b1a6, #4b4a2d). prep phase, ~52% in, 2:17–2:25.",Se,0,0.0,0.074,0.249,0.441,0.2,"#b9b1a6,#4b4a2d,#3d6d94",1,,
cvCf3NHTFaE,https://www.youtube.com/watch?v=cvCf3NHTFaE,How to Stop Candles from Rusting | Sealing Candle Tins,266.0,storyboard,18,145.09,153.15,8.06,https://youtu.be/cvCf3NHTFaE?t=145s,prepare_container,prep,1,0.4,Blue-gloved hands treat/clean amber metal candle tins (rust prevention).,"Blue-gloved hands treat/clean amber metal candle tins (rust prevention). moderate on-screen movement, well-lit, beige/grey palette (#beb7b4, #6f7a7c). prep phase, ~55% in, 2:25–2:33.",,0,0.0,0.064,0.252,0.491,0.177,"#beb7b4,#6f7a7c,#3f3d22",1,,
cvCf3NHTFaE,https://www.youtube.com/watch?v=cvCf3NHTFaE,How to Stop Candles from Rusting | Sealing Candle Tins,266.0,storyboard,19,153.15,161.21,8.06,https://youtu.be/cvCf3NHTFaE?t=153s,prepare_container,prep,1,0.4,Blue-gloved hands treat/clean amber metal candle tins (rust prevention).,"Blue-gloved hands treat/clean amber metal candle tins (rust prevention). moderate on-screen movement, well-lit, teal/beige palette (#426f96, #b5b6ab). prep phase, ~58% in, 2:33–2:41.",Ret,0,0.0,0.082,0.173,0.457,0.222,"#426f96,#b5b6ab,#19344b",1,,
cvCf3NHTFaE,https://www.youtube.com/watch?v=cvCf3NHTFaE,How to Stop Candles from Rusting | Sealing Candle Tins,266.0,storyboard,20,161.21,169.27,8.06,https://youtu.be/cvCf3NHTFaE?t=161s,prepare_container,prep,1,0.4,Blue-gloved hands treat/clean amber metal candle tins (rust prevention).,"Blue-gloved hands treat/clean amber metal candle tins (rust prevention). moderate on-screen movement, well-lit, teal/beige palette (#2e587d, #d2cdba). prep phase, ~61% in, 2:41–2:49.",VS,0,0.0,0.08,0.217,0.51,0.188,"#2e587d,#d2cdba,#98927d",1,,
cvCf3NHTFaE,https://www.youtube.com/watch?v=cvCf3NHTFaE,How to Stop Candles from Rusting | Sealing Candle Tins,266.0,storyboard,21,169.27,177.33,8.06,https://youtu.be/cvCf3NHTFaE?t=169s,prepare_container,prep,1,0.4,Blue-gloved hands treat/clean amber metal candle tins (rust prevention).,"Blue-gloved hands treat/clean amber metal candle tins (rust prevention). moderate on-screen movement, well-lit, brown/grey palette (#4b5551, #a09490). prep phase, ~64% in, 2:49–2:57.",,0,0.0,0.08,0.175,0.532,0.157,"#4b5551,#a09490,#d0cdcc",1,,
cvCf3NHTFaE,https://www.youtube.com/watch?v=cvCf3NHTFaE,How to Stop Candles from Rusting | Sealing Candle Tins,266.0,storyboard,22,177.33,185.39,8.06,https://youtu.be/cvCf3NHTFaE?t=177s,prepare_container,prep,1,0.4,Blue-gloved hands treat/clean amber metal candle tins (rust prevention).,"Blue-gloved hands treat/clean amber metal candle tins (rust prevention). captioned, moderate on-screen movement, well-lit, beige/grey palette (#b1adac, #818186). prep phase, ~67% in, 2:57–3:05.",eS. ee ah.,1,0.0,0.045,0.198,0.51,0.191,"#b1adac,#818186,#3f4d4e",1,,
cvCf3NHTFaE,https://www.youtube.com/watch?v=cvCf3NHTFaE,How to Stop Candles from Rusting | Sealing Candle Tins,266.0,storyboard,23,185.39,193.45,8.06,https://youtu.be/cvCf3NHTFaE?t=185s,prepare_container,prep,1,0.4,Blue-gloved hands treat/clean amber metal candle tins (rust prevention).,"Blue-gloved hands treat/clean amber metal candle tins (rust prevention). moderate on-screen movement, well-lit, teal/beige palette (#3c74a4, #bebebf). prep phase, ~70% in, 3:05–3:13.",ae yi,0,0.0,0.072,0.19,0.455,0.241,"#3c74a4,#bebebf,#1e333d",1,,
dFPnxVWvd6A,https://www.youtube.com/watch?v=dFPnxVWvd6A,DIY Color Block Candles,76.0,storyboard,1,7.6,15.2,7.6,https://youtu.be/dFPnxVWvd6A?t=8s,prepare_container,prep,1,0.6,A hot-glue gun fixes a wick to the base of a clear glass; hands centre the wick.,"A hot-glue gun fixes a wick to the base of a clear glass; hands centre the wick. steady, low-motion shot, bright, muted beige/white palette (#bab2ad, #fefefe). prep phase, ~10% in, 0:07–0:15.",,0,0.0,0.008,0.062,0.791,0.071,"#bab2ad,#fefefe,#a18a82",1,,
ecCebODRdqg,https://www.youtube.com/watch?v=ecCebODRdqg,DIY Mold Making - Homemade Pillar Molds,496.0,storyboard,16,128.0,136.0,8.0,https://youtu.be/ecCebODRdqg?t=128s,prepare_container,prep,1,0.45,"Making a homemade pillar mould (cardboard tube, foil, sealing).","Making a homemade pillar mould (cardboard tube, foil, sealing). moderate on-screen movement, well-lit, muted grey/brown palette (#94998f, #3a3a3b). prep phase, ~26% in, 2:08–2:16.",,0,0.0,0.177,0.172,0.533,0.066,"#94998f,#3a3a3b,#e5e7e6",1,,
ecCebODRdqg,https://www.youtube.com/watch?v=ecCebODRdqg,DIY Mold Making - Homemade Pillar Molds,496.0,storyboard,17,136.0,144.0,8.0,https://youtu.be/ecCebODRdqg?t=136s,prepare_container,prep,1,0.45,"Making a homemade pillar mould (cardboard tube, foil, sealing).","Making a homemade pillar mould (cardboard tube, foil, sealing). captioned, steady, low-motion shot, well-lit, muted grey/black palette (#8b8f87, #343536). prep phase, ~27% in, 2:16–2:24.","Oe vag 5 ll lees ae,",1,0.0,0.212,0.105,0.499,0.063,"#8b8f87,#343536,#eeefed",1,,
ecCebODRdqg,https://www.youtube.com/watch?v=ecCebODRdqg,DIY Mold Making - Homemade Pillar Molds,496.0,storyboard,18,144.0,152.0,8.0,https://youtu.be/ecCebODRdqg?t=144s,prepare_container,prep,1,0.45,"Making a homemade pillar mould (cardboard tube, foil, sealing).","Making a homemade pillar mould (cardboard tube, foil, sealing). steady, low-motion shot, well-lit, muted black/grey palette (#363735, #8d928a). prep phase, ~29% in, 2:24–2:32.",,0,0.0,0.175,0.085,0.499,0.064,"#363735,#8d928a,#edeeed",1,,
ecCebODRdqg,https://www.youtube.com/watch?v=ecCebODRdqg,DIY Mold Making - Homemade Pillar Molds,496.0,storyboard,19,152.0,160.0,8.0,https://youtu.be/ecCebODRdqg?t=152s,prepare_container,prep,1,0.45,"Making a homemade pillar mould (cardboard tube, foil, sealing).","Making a homemade pillar mould (cardboard tube, foil, sealing). captioned, moderate on-screen movement, well-lit, muted grey/black palette (#8b9089, #303334). prep phase, ~31% in, 2:32–2:40.","2 ee gt 2 eden. va SS,",1,0.0,0.183,0.153,0.503,0.063,"#8b9089,#303334,#e8eaeb",1,,
ecCebODRdqg,https://www.youtube.com/watch?v=ecCebODRdqg,DIY Mold Making - Homemade Pillar Molds,496.0,storyboard,20,160.0,168.0,8.0,https://youtu.be/ecCebODRdqg?t=160s,prepare_container,prep,1,0.45,"Making a homemade pillar mould (cardboard tube, foil, sealing).","Making a homemade pillar mould (cardboard tube, foil, sealing). captioned, steady, low-motion shot, well-lit, muted grey/black palette (#8d928d, #333736). prep phase, ~32% in, 2:40–2:48.",ae ae 5 4 iis wee: Bs cy,1,0.0,0.196,0.109,0.522,0.064,"#8d928d,#333736,#eef0f0",1,,
ecCebODRdqg,https://www.youtube.com/watch?v=ecCebODRdqg,DIY Mold Making - Homemade Pillar Molds,496.0,storyboard,21,168.0,176.0,8.0,https://youtu.be/ecCebODRdqg?t=168s,prepare_container,prep,1,0.45,"Making a homemade pillar mould (cardboard tube, foil, sealing).","Making a homemade pillar mould (cardboard tube, foil, sealing). captioned, static shot, well-lit, muted grey/black palette (#8a908a, #313535). prep phase, ~34% in, 2:48–2:56.",Ae an as eal aad 7,1,0.0,0.193,0.021,0.512,0.062,"#8a908a,#313535,#ecefee",1,,
ecCebODRdqg,https://www.youtube.com/watch?v=ecCebODRdqg,DIY Mold Making - Homemade Pillar Molds,496.0,storyboard,22,176.0,184.0,8.0,https://youtu.be/ecCebODRdqg?t=176s,prepare_container,prep,1,0.45,"Making a homemade pillar mould (cardboard tube, foil, sealing).","Making a homemade pillar mould (cardboard tube, foil, sealing). captioned, static shot, well-lit, muted grey/black palette (#8a8f8a, #323636). prep phase, ~35% in, 2:56–3:04.",5 wae ell. PE sar os,1,0.0,0.232,0.03,0.508,0.062,"#8a8f8a,#323636,#ebeded",1,,
ecCebODRdqg,https://www.youtube.com/watch?v=ecCebODRdqg,DIY Mold Making - Homemade Pillar Molds,496.0,storyboard,23,184.0,192.0,8.0,https://youtu.be/ecCebODRdqg?t=184s,prepare_container,prep,1,0.45,"Making a homemade pillar mould (cardboard tube, foil, sealing).","Making a homemade pillar mould (cardboard tube, foil, sealing). captioned, steady, low-motion shot, well-lit, muted grey/brown palette (#90948f, #383b38). prep phase, ~37% in, 3:04–3:12.",ty 4 ose,1,0.0,0.217,0.097,0.507,0.063,"#90948f,#383b38,#f1f2f2",1,,
ejlyZKwVMU8,https://www.youtube.com/watch?v=ejlyZKwVMU8,HOW TO MAKE WOODEN WICK SCENTED CANDLE | SOY WAX VANILLA SANDAL CANDLE DIY,117.0,storyboard,4,31.2,39.0,7.8,https://youtu.be/ejlyZKwVMU8?t=31s,prepare_container,prep,1,0.6,Caption 'glue'; adhesive is applied to seat the wooden wick base inside the clay cup.,"Caption 'glue'; adhesive is applied to seat the wooden wick base inside the clay cup. steady, low-motion shot, well-lit, muted beige/grey palette (#bdbcb9, #999691). prep phase, ~27% in, 0:31–0:39.",sts,0,0.0,0.046,0.082,0.588,0.054,"#bdbcb9,#999691,#645f59",1,,description references on-screen text but OCR found none
ejlyZKwVMU8,https://www.youtube.com/watch?v=ejlyZKwVMU8,HOW TO MAKE WOODEN WICK SCENTED CANDLE | SOY WAX VANILLA SANDAL CANDLE DIY,117.0,storyboard,5,39.0,46.8,7.8,https://youtu.be/ejlyZKwVMU8?t=39s,prepare_container,prep,1,0.6,The wooden wick is set upright in the clay cup; melted wax in the black cup nearby.,"The wooden wick is set upright in the clay cup; melted wax in the black cup nearby. static shot, well-lit, muted beige/grey palette (#b5b4b2, #766d66). prep phase, ~33% in, 0:39–0:46.",,0,0.0,0.079,0.041,0.586,0.047,"#b5b4b2,#766d66,#36332e",1,,
ejlyZKwVMU8,https://www.youtube.com/watch?v=ejlyZKwVMU8,HOW TO MAKE WOODEN WICK SCENTED CANDLE | SOY WAX VANILLA SANDAL CANDLE DIY,117.0,storyboard,6,46.8,54.6,7.8,https://youtu.be/ejlyZKwVMU8?t=47s,prepare_container,prep,1,0.55,Caption 'cut the wick'; the wooden wick is trimmed to height over the cup.,"Caption 'cut the wick'; the wooden wick is trimmed to height over the cup. steady, low-motion shot, well-lit, muted beige/grey palette (#b9b6b3, #7b6f68). prep phase, ~40% in, 0:46–0:54.","mm,",0,0.0,0.062,0.102,0.558,0.088,"#b9b6b3,#7b6f68,#453b33",1,,description references on-screen text but OCR found none
ejlyZKwVMU8,https://www.youtube.com/watch?v=ejlyZKwVMU8,HOW TO MAKE WOODEN WICK SCENTED CANDLE | SOY WAX VANILLA SANDAL CANDLE DIY,117.0,storyboard,7,54.6,62.4,7.8,https://youtu.be/ejlyZKwVMU8?t=55s,prepare_container,prep,1,0.55,Hands steady the clay cup with its centred wooden wick.,"Hands steady the clay cup with its centred wooden wick. steady, low-motion shot, well-lit, muted beige/grey palette (#bab9b8, #9c958f). prep phase, ~47% in, 0:54–1:02.",lhe tS,0,0.0,0.045,0.114,0.578,0.059,"#bab9b8,#9c958f,#5f5b56",1,,
fPLxwt3A3pA,https://www.youtube.com/watch?v=fPLxwt3A3pA,DIY Transparent Candles – No Gel Wax Needed!Easy Tutorial,118.0,storyboard,0,0.0,7.87,7.87,https://youtu.be/fPLxwt3A3pA?t=0s,prepare_container,prep,1,0.4,A clear glass with red rose pieces is prepared (blurry footage).,"A clear glass with red rose pieces is prepared (blurry footage). moderate on-screen movement, well-lit, beige/brown palette (#b09f94, #95574e). prep phase, ~0% in, 0:00–0:07.",,0,0.0,0.023,0.175,0.521,0.206,"#b09f94,#95574e,#41332c",1,,
fS_Y1fC39kM,https://www.youtube.com/watch?v=fS_Y1fC39kM,How to Make Candles with Essential Oils - Homemade Summer DIY♡ NaturallyThriftyMom,261.0,storyboard,8,63.27,71.18,7.91,https://youtu.be/fS_Y1fC39kM?t=63s,prepare_container,prep,1,0.5,An empty glass readied; a hand at the vessel.,"An empty glass readied; a hand at the vessel. moderate on-screen movement, well-lit, muted beige/grey palette (#b4b1b4, #9a9494). prep phase, ~24% in, 1:03–1:11.",,0,0.0,0.012,0.151,0.546,0.056,"#b4b1b4,#9a9494,#39201e",1,,
fS_Y1fC39kM,https://www.youtube.com/watch?v=fS_Y1fC39kM,How to Make Candles with Essential Oils - Homemade Summer DIY♡ NaturallyThriftyMom,261.0,storyboard,12,94.91,102.82,7.91,https://youtu.be/fS_Y1fC39kM?t=95s,prepare_container,prep,1,0.45,Empty glasses readied with hands.,"Empty glasses readied with hands. Preparing the vessel - cleaning the jar and fixing the wick to the base with a glue dot / wick sticker, then centering it. moderate on-screen movement, well-lit, muted beige/black palette (#bab6b7, #2e1614). prep phase, ~36% in, 1:34–1:42.",,0,0.0,0.057,0.214,0.517,0.082,"#bab6b7,#2e1614,#8a7875",1,,
fhuTHnPrqIM,https://www.youtube.com/watch?v=fhuTHnPrqIM,The candle that never goes out and lasts  FOREVER,170.0,storyboard,2,16.19,24.29,8.1,https://youtu.be/fhuTHnPrqIM?t=16s,prepare_container,prep,1,0.5,Hands cut and assemble the cork/foil float for the wick.,"Hands cut and assemble the cork/foil float for the wick. captioned, steady, low-motion shot, well-lit, amber palette (#b38b5e, #cea779). prep phase, ~10% in, 0:16–0:24.","ee ry 4 par oe now we are going toadd the water, itis very ier Nes TE Sree Oe important to.cover everything decoration with water 7 Tyee. 4 eh, mmm ene BS ay se 7",1,0.0,0.102,0.068,0.571,0.161,"#b38b5e,#cea779,#74613b",1,,
fhuTHnPrqIM,https://www.youtube.com/watch?v=fhuTHnPrqIM,The candle that never goes out and lasts  FOREVER,170.0,storyboard,3,24.29,32.38,8.09,https://youtu.be/fhuTHnPrqIM?t=24s,prepare_container,prep,1,0.5,Building the floating-wick disc.,"Building the floating-wick disc. captioned, static shot, well-lit, amber palette (#a9804d, #d3a671). prep phase, ~14% in, 0:24–0:32.",4 you can use olive 1 orsunflower oil or ee yahiteve youWwant 5 eee mee ae? wee or ts Fat Sy 7.,1,0.0,0.065,0.031,0.57,0.17,"#a9804d,#d3a671,#7f6632",1,,
fhuTHnPrqIM,https://www.youtube.com/watch?v=fhuTHnPrqIM,The candle that never goes out and lasts  FOREVER,170.0,storyboard,4,32.38,40.48,8.1,https://youtu.be/fhuTHnPrqIM?t=32s,prepare_container,prep,1,0.5,Fitting the wick into the float.,"Fitting the wick into the float. captioned, steady, low-motion shot, well-lit, amber palette (#d2a572, #a37d4f). prep phase, ~19% in, 0:32–0:40.","ty, 4 ee mer. 7 4 ry 129 wes but Trecommend that youuse the cheapestone 9 Fo ie cnn edge rt we et dn om iz Me, ny sah rs",1,0.0,0.052,0.05,0.564,0.172,"#d2a572,#a37d4f,#7a5e28",1,,
fhuTHnPrqIM,https://www.youtube.com/watch?v=fhuTHnPrqIM,The candle that never goes out and lasts  FOREVER,170.0,storyboard,5,40.48,48.57,8.09,https://youtu.be/fhuTHnPrqIM?t=40s,prepare_container,prep,1,0.5,Assembling the float beside the glass of oil.,"Assembling the float beside the glass of oil. captioned, moderate on-screen movement, well-lit, amber/beige palette (#9b874e, #cdaf84). prep phase, ~24% in, 0:40–0:48.",th ox 7 ee and this is how the decoration of the candle looks Ze siege es RE ee ce Sn 7 oO 2 Get Bes et we Ps os atl rs ts ee EE,1,0.0,0.066,0.167,0.537,0.181,"#9b874e,#cdaf84,#5e4d34",1,,
fhuTHnPrqIM,https://www.youtube.com/watch?v=fhuTHnPrqIM,The candle that never goes out and lasts  FOREVER,170.0,storyboard,6,48.57,56.67,8.1,https://youtu.be/fhuTHnPrqIM?t=49s,prepare_container,prep,1,0.5,Threading the wick through the cork/foil float.,"Threading the wick through the cork/foil float. captioned, steady, low-motion shot, well-lit, amber/beige palette (#a98158, #d3a87d). prep phase, ~29% in, 0:48–0:56.",rs os 4 ry BY ea es,1,0.0,0.085,0.081,0.54,0.164,"#a98158,#d3a87d,#694827",1,,
fhuTHnPrqIM,https://www.youtube.com/watch?v=fhuTHnPrqIM,The candle that never goes out and lasts  FOREVER,170.0,storyboard,10,80.95,89.05,8.1,https://youtu.be/fhuTHnPrqIM?t=81s,prepare_container,prep,1,0.45,More float assembly on a white cloth.,"More float assembly on a white cloth. captioned, steady, low-motion shot, well-lit, amber/brown palette (#b9996d, #725738). prep phase, ~48% in, 1:20–1:29.","6 and'this is how it urnedout, 7 4 4 atts pers oe ATILed fO MaAKSeie Ww 7 im Pa",1,0.0,0.057,0.118,0.568,0.168,"#b9996d,#725738,#e4d6cf",1,,
fhuTHnPrqIM,https://www.youtube.com/watch?v=fhuTHnPrqIM,The candle that never goes out and lasts  FOREVER,170.0,storyboard,11,89.05,97.14,8.09,https://youtu.be/fhuTHnPrqIM?t=89s,prepare_container,prep,1,0.45,Hands finish the float wick.,"Hands finish the float wick. captioned, steady, low-motion shot, well-lit, beige/amber palette (#d8ad7d, #ab7f58). prep phase, ~52% in, 1:29–1:37.",ga 3 ot 2 oy eel te,1,0.0,0.035,0.09,0.557,0.171,"#d8ad7d,#ab7f58,#684624",1,,
gSnmUNHpwJY,https://www.youtube.com/watch?v=gSnmUNHpwJY,Quick and easy way to wax raw wick for candles,121.0,storyboard,0,0.0,8.07,8.07,https://youtu.be/gSnmUNHpwJY?t=0s,prepare_container,prep,1,0.5,Overhead: a raw cotton wick is dipped into a jar of melted wax and pulled taut to prime/wax it.,"Overhead: a raw cotton wick is dipped into a jar of melted wax and pulled taut to prime/wax it. static shot, well-lit, muted beige/grey palette (#b5a998, #958876). prep phase, ~0% in, 0:00–0:08.",4 ee,0,0.0,0.024,0.024,0.56,0.08,"#b5a998,#958876,#67593d",1,,
gSnmUNHpwJY,https://www.youtube.com/watch?v=gSnmUNHpwJY,Quick and easy way to wax raw wick for candles,121.0,storyboard,1,8.07,16.13,8.06,https://youtu.be/gSnmUNHpwJY?t=8s,prepare_container,prep,1,0.5,Overhead: a raw cotton wick is dipped into a jar of melted wax and pulled taut to prime/wax it.,"Overhead: a raw cotton wick is dipped into a jar of melted wax and pulled taut to prime/wax it. steady, low-motion shot, well-lit, muted beige/grey palette (#b1a999, #867962). prep phase, ~7% in, 0:08–0:16.",,0,0.0,0.044,0.077,0.532,0.097,"#b1a999,#867962,#573326",1,,
gSnmUNHpwJY,https://www.youtube.com/watch?v=gSnmUNHpwJY,Quick and easy way to wax raw wick for candles,121.0,storyboard,2,16.13,24.2,8.07,https://youtu.be/gSnmUNHpwJY?t=16s,prepare_container,prep,1,0.5,Overhead: a raw cotton wick is dipped into a jar of melted wax and pulled taut to prime/wax it.,"Overhead: a raw cotton wick is dipped into a jar of melted wax and pulled taut to prime/wax it. moderate on-screen movement, well-lit, muted beige/brown palette (#ada494, #755b44). prep phase, ~13% in, 0:16–0:24.",Res? me,0,0.0,0.033,0.16,0.53,0.125,"#ada494,#755b44,#3a150e",1,,
gSnmUNHpwJY,https://www.youtube.com/watch?v=gSnmUNHpwJY,Quick and easy way to wax raw wick for candles,121.0,storyboard,3,24.2,32.27,8.07,https://youtu.be/gSnmUNHpwJY?t=24s,prepare_container,prep,1,0.5,Overhead: a raw cotton wick is dipped into a jar of melted wax and pulled taut to prime/wax it.,"Overhead: a raw cotton wick is dipped into a jar of melted wax and pulled taut to prime/wax it. moderate on-screen movement, well-lit, muted grey/beige palette (#8a7761, #bdbfb5). prep phase, ~20% in, 0:24–0:32.",,0,0.0,0.048,0.166,0.496,0.135,"#8a7761,#bdbfb5,#482b1e",1,,
gSnmUNHpwJY,https://www.youtube.com/watch?v=gSnmUNHpwJY,Quick and easy way to wax raw wick for candles,121.0,storyboard,4,32.27,40.33,8.06,https://youtu.be/gSnmUNHpwJY?t=32s,prepare_container,prep,1,0.5,Overhead: a raw cotton wick is dipped into a jar of melted wax and pulled taut to prime/wax it.,"Overhead: a raw cotton wick is dipped into a jar of melted wax and pulled taut to prime/wax it. captioned, steady, low-motion shot, well-lit, muted beige/grey palette (#b5ae9d, #988370). prep phase, ~27% in, 0:32–0:40.","el oe 7 oo, 7",1,0.0,0.038,0.08,0.547,0.107,"#b5ae9d,#988370,#6d4d35",1,,
gSnmUNHpwJY,https://www.youtube.com/watch?v=gSnmUNHpwJY,Quick and easy way to wax raw wick for candles,121.0,storyboard,5,40.33,48.4,8.07,https://youtu.be/gSnmUNHpwJY?t=40s,prepare_container,prep,1,0.5,Overhead: a raw cotton wick is dipped into a jar of melted wax and pulled taut to prime/wax it.,"Overhead: a raw cotton wick is dipped into a jar of melted wax and pulled taut to prime/wax it. captioned, moderate on-screen movement, well-lit, muted grey/beige palette (#8b7b66, #bcb1a2). prep phase, ~33% in, 0:40–0:48.",3 ie el ee,1,0.0,0.029,0.178,0.5,0.13,"#8b7b66,#bcb1a2,#5d412a",1,,
gSnmUNHpwJY,https://www.youtube.com/watch?v=gSnmUNHpwJY,Quick and easy way to wax raw wick for candles,121.0,storyboard,6,48.4,56.47,8.07,https://youtu.be/gSnmUNHpwJY?t=48s,prepare_container,prep,1,0.5,Overhead: a raw cotton wick is dipped into a jar of melted wax and pulled taut to prime/wax it.,"Overhead: a raw cotton wick is dipped into a jar of melted wax and pulled taut to prime/wax it. moderate on-screen movement, well-lit, muted cream/brown palette (#cccec5, #593324). prep phase, ~40% in, 0:48–0:56.",oi,0,0.0,0.03,0.27,0.519,0.125,"#cccec5,#593324,#9e816c",1,,
gSnmUNHpwJY,https://www.youtube.com/watch?v=gSnmUNHpwJY,Quick and easy way to wax raw wick for candles,121.0,storyboard,7,56.47,64.53,8.06,https://youtu.be/gSnmUNHpwJY?t=56s,prepare_container,prep,1,0.5,Overhead: a raw cotton wick is dipped into a jar of melted wax and pulled taut to prime/wax it.,"Overhead: a raw cotton wick is dipped into a jar of melted wax and pulled taut to prime/wax it. moderate on-screen movement, well-lit, muted grey/brown palette (#8a7660, #4f3223). prep phase, ~47% in, 0:56–1:04.",,0,0.0,0.072,0.151,0.468,0.133,"#8a7660,#4f3223,#cacbc2",1,,
gSnmUNHpwJY,https://www.youtube.com/watch?v=gSnmUNHpwJY,Quick and easy way to wax raw wick for candles,121.0,storyboard,8,64.53,72.6,8.07,https://youtu.be/gSnmUNHpwJY?t=65s,prepare_container,prep,1,0.5,Overhead: a raw cotton wick is dipped into a jar of melted wax and pulled taut to prime/wax it.,"Overhead: a raw cotton wick is dipped into a jar of melted wax and pulled taut to prime/wax it. steady, low-motion shot, well-lit, muted beige/black palette (#beb9ac, #411f14). prep phase, ~53% in, 1:04–1:12.",,0,0.0,0.034,0.11,0.517,0.11,"#beb9ac,#411f14,#7f775a",1,,
gSnmUNHpwJY,https://www.youtube.com/watch?v=gSnmUNHpwJY,Quick and easy way to wax raw wick for candles,121.0,storyboard,9,72.6,80.67,8.07,https://youtu.be/gSnmUNHpwJY?t=73s,prepare_container,prep,1,0.5,Overhead: a raw cotton wick is dipped into a jar of melted wax and pulled taut to prime/wax it.,"Overhead: a raw cotton wick is dipped into a jar of melted wax and pulled taut to prime/wax it. steady, low-motion shot, well-lit, muted beige/grey palette (#b2a999, #8c8070). prep phase, ~60% in, 1:12–1:20.",CY oe,0,0.0,0.024,0.132,0.531,0.085,"#b2a999,#8c8070,#5a4a32",1,,
gSnmUNHpwJY,https://www.youtube.com/watch?v=gSnmUNHpwJY,Quick and easy way to wax raw wick for candles,121.0,storyboard,10,80.67,88.73,8.06,https://youtu.be/gSnmUNHpwJY?t=81s,prepare_container,prep,1,0.5,Overhead: a raw cotton wick is dipped into a jar of melted wax and pulled taut to prime/wax it.,"Overhead: a raw cotton wick is dipped into a jar of melted wax and pulled taut to prime/wax it. captioned, static shot, well-lit, muted beige/grey palette (#b0a495, #897b66). prep phase, ~67% in, 1:20–1:28.",war at pus es 3 2 ses,1,0.0,0.031,0.036,0.566,0.078,"#b0a495,#897b66,#55442f",1,,
gSnmUNHpwJY,https://www.youtube.com/watch?v=gSnmUNHpwJY,Quick and easy way to wax raw wick for candles,121.0,storyboard,11,88.73,96.8,8.07,https://youtu.be/gSnmUNHpwJY?t=89s,prepare_container,prep,1,0.5,Overhead: a raw cotton wick is dipped into a jar of melted wax and pulled taut to prime/wax it.,"Overhead: a raw cotton wick is dipped into a jar of melted wax and pulled taut to prime/wax it. steady, low-motion shot, well-lit, muted beige/grey palette (#b1a796, #84735d). prep phase, ~73% in, 1:28–1:36.",oo il,0,0.0,0.028,0.061,0.552,0.114,"#b1a796,#84735d,#5a3828",1,,
gSnmUNHpwJY,https://www.youtube.com/watch?v=gSnmUNHpwJY,Quick and easy way to wax raw wick for candles,121.0,storyboard,12,96.8,104.87,8.07,https://youtu.be/gSnmUNHpwJY?t=97s,prepare_container,prep,1,0.5,Overhead: a raw cotton wick is dipped into a jar of melted wax and pulled taut to prime/wax it.,"Overhead: a raw cotton wick is dipped into a jar of melted wax and pulled taut to prime/wax it. captioned, moderate on-screen movement, dark, muted black palette (#000000, #000003). prep phase, ~80% in, 1:36–1:44.",le Ee ee,1,0.0,0.017,0.281,0.188,0.03,"#000000,#000003,#060202",1,,
gUmo_4_EhuI,https://www.youtube.com/watch?v=gUmo_4_EhuI,Make DIY Aesthetic Candles with Me | DIY cute candles handmade candle gift ideas | Temu molds review,529.0,storyboard,24,192.36,200.38,8.02,https://youtu.be/gUmo_4_EhuI?t=192s,prepare_container,prep,1,0.5,Prepping the moulds/tray.,"Prepping the moulds/tray. captioned, steady, low-motion shot, well-lit, muted grey palette (#a49f99, #746d67). prep phase, ~36% in, 3:12–3:20.",if De! se pS,1,0.0,0.018,0.14,0.61,0.052,"#a49f99,#746d67,#c9c8c1",1,,
gUmo_4_EhuI,https://www.youtube.com/watch?v=gUmo_4_EhuI,Make DIY Aesthetic Candles with Me | DIY cute candles handmade candle gift ideas | Temu molds review,529.0,storyboard,25,200.38,208.39,8.01,https://youtu.be/gUmo_4_EhuI?t=200s,prepare_container,prep,1,0.5,Prepping the moulds/tray.,"Prepping the moulds/tray. moderate on-screen movement, well-lit, muted beige/grey palette (#c7c2bc, #9c9689). prep phase, ~38% in, 3:20–3:28.",7,0,0.0,0.024,0.15,0.615,0.062,"#c7c2bc,#9c9689,#665d3d",1,,
hFXp2bgxQh8,https://www.youtube.com/watch?v=hFXp2bgxQh8,how to easily set up a wooden wick 🕯️ candle making tips,107.0,storyboard,2,16.46,24.69,8.23,https://youtu.be/hFXp2bgxQh8?t=16s,prepare_container,prep,1,0.55,A wooden wick height is measured against a vessel with a ruler before trimming.,"A wooden wick height is measured against a vessel with a ruler before trimming. captioned, moderate on-screen movement, well-lit, muted beige/cream palette (#bbacac, #dcd7e6). prep phase, ~15% in, 0:16–0:24.",Ss Fae ae 7 PR ne sg uf Ps is 7 we mf at th as Ye oe 7 7,1,0.333,0.049,0.202,0.691,0.086,"#bbacac,#dcd7e6,#90746b",1,,
hFXp2bgxQh8,https://www.youtube.com/watch?v=hFXp2bgxQh8,how to easily set up a wooden wick 🕯️ candle making tips,107.0,storyboard,3,24.69,32.92,8.23,https://youtu.be/hFXp2bgxQh8?t=25s,prepare_container,prep,1,0.6,Hands handle a wick sticker and the glass vessel; captions 'WICK STICKERS' and 'CANDLE VESSEL'.,"Hands handle a wick sticker and the glass vessel; captions 'WICK STICKERS' and 'CANDLE VESSEL'. captioned, moderate on-screen movement, bright, muted cream/beige palette (#d6d8ec, #b1a9b3). prep phase, ~23% in, 0:24–0:32.",oe 2 WICK STICKERS,1,0.0,0.035,0.165,0.76,0.064,"#d6d8ec,#b1a9b3,#463a28",1,,
hFXp2bgxQh8,https://www.youtube.com/watch?v=hFXp2bgxQh8,how to easily set up a wooden wick 🕯️ candle making tips,107.0,storyboard,4,32.92,41.15,8.23,https://youtu.be/hFXp2bgxQh8?t=33s,prepare_container,prep,1,0.6,A wooden wick is seated into its metal clip; captions 'CANDLE VESSEL' / 'WOODEN WICKS'.,"A wooden wick is seated into its metal clip; captions 'CANDLE VESSEL' / 'WOODEN WICKS'. captioned, moderate on-screen movement, bright, muted cream/beige palette (#d5d7ea, #afa4ad). prep phase, ~31% in, 0:32–0:41.",WOODEN WICKS,1,0.0,0.034,0.151,0.762,0.066,"#d5d7ea,#afa4ad,#564437",1,,
hFXp2bgxQh8,https://www.youtube.com/watch?v=hFXp2bgxQh8,how to easily set up a wooden wick 🕯️ candle making tips,107.0,storyboard,5,41.15,49.38,8.23,https://youtu.be/hFXp2bgxQh8?t=41s,prepare_container,prep,1,0.6,Hands assemble the wooden wick into the metal base clip on the marble surface.,"Hands assemble the wooden wick into the metal base clip on the marble surface. steady, low-motion shot, bright, muted cream/beige palette (#cecdda, #b0a9b2). prep phase, ~38% in, 0:41–0:49.",ral,0,0.0,0.028,0.13,0.726,0.072,"#cecdda,#b0a9b2,#876863",1,,
hFXp2bgxQh8,https://www.youtube.com/watch?v=hFXp2bgxQh8,how to easily set up a wooden wick 🕯️ candle making tips,107.0,storyboard,6,49.38,57.62,8.24,https://youtu.be/hFXp2bgxQh8?t=49s,prepare_container,prep,1,0.6,The wick-and-clip assembly is positioned and pressed toward the glass vessel.,"The wick-and-clip assembly is positioned and pressed toward the glass vessel. steady, low-motion shot, bright, muted cream/grey palette (#d5d6e8, #a18d91). prep phase, ~46% in, 0:49–0:57.",9,0,0.0,0.017,0.148,0.751,0.068,"#d5d6e8,#a18d91,#473927",1,,
hFXp2bgxQh8,https://www.youtube.com/watch?v=hFXp2bgxQh8,how to easily set up a wooden wick 🕯️ candle making tips,107.0,storyboard,7,57.62,65.85,8.23,https://youtu.be/hFXp2bgxQh8?t=58s,prepare_container,prep,1,0.6,Hands press the wick sticker/clip onto the inside base of the empty glass vessel.,"Hands press the wick sticker/clip onto the inside base of the empty glass vessel. steady, low-motion shot, bright, muted white/beige palette (#daddf0, #bebece). prep phase, ~54% in, 0:57–1:05.",,0,0.0,0.019,0.111,0.757,0.066,"#daddf0,#bebece,#6a574f",1,,
hFXp2bgxQh8,https://www.youtube.com/watch?v=hFXp2bgxQh8,how to easily set up a wooden wick 🕯️ candle making tips,107.0,storyboard,8,65.85,74.08,8.23,https://youtu.be/hFXp2bgxQh8?t=66s,prepare_container,prep,1,0.6,The wooden wick is fixed to the bottom of the glass; a green dish of supplies nearby.,"The wooden wick is fixed to the bottom of the glass; a green dish of supplies nearby. captioned, moderate on-screen movement, bright, muted cream/grey palette (#dddce1, #a69e97). prep phase, ~62% in, 1:05–1:14.",ae 4 7. 3 aun Se ti,1,0.0,0.016,0.214,0.751,0.066,"#dddce1,#a69e97,#665b47",1,,
imxg0XoPkmg,https://www.youtube.com/watch?v=imxg0XoPkmg,DIY Coconut and Beezwax Candle,74.0,storyboard,4,32.89,41.11,8.22,https://youtu.be/imxg0XoPkmg?t=33s,prepare_container,prep,1,0.6,Caption 'Tie a piece of string onto chopsticks'; hands tie a wick string to a chopstick to suspend it across the jar.,"Caption 'Tie a piece of string onto chopsticks'; hands tie a wick string to a chopstick to suspend it across the jar. steady, low-motion shot, well-lit, muted beige/grey palette (#b9a288, #95725e). prep phase, ~44% in, 0:32–0:41.",,0,0.0,0.104,0.114,0.688,0.093,"#b9a288,#95725e,#d6c4b1",1,,description references on-screen text but OCR found none
jVRtUAY0SpI,https://www.youtube.com/watch?v=jVRtUAY0SpI,The candle that made me go VIRAL ✨ Studio Vlog No. 1 ✨ The making of Cloud Nine,569.0,storyboard,24,192.34,200.35,8.01,https://youtu.be/jVRtUAY0SpI?t=192s,prepare_container,prep,1,0.5,Rows of glass cups prepped.,"Rows of glass cups prepped. captioned, static shot, dim, muted grey/black palette (#726b5e, #201915). prep phase, ~34% in, 3:12–3:20.",my sre us ry 7 Ji wf neh oi S-7y mage: rey Fon te ie yy 4 7 fu ay me! Sie Ss ae ej,1,0.0,0.082,0.0,0.373,0.062,"#726b5e,#201915,#cecec9",0,text_overlay,
jVRtUAY0SpI,https://www.youtube.com/watch?v=jVRtUAY0SpI,The candle that made me go VIRAL ✨ Studio Vlog No. 1 ✨ The making of Cloud Nine,569.0,storyboard,25,200.35,208.37,8.02,https://youtu.be/jVRtUAY0SpI?t=200s,prepare_container,prep,1,0.5,Rows of glass cups prepped.,"Rows of glass cups prepped. static shot, well-lit, muted grey palette (#a39f96, #7b6d5f). prep phase, ~35% in, 3:20–3:28.",ae 5,0,1.0,0.04,0.046,0.467,0.076,"#a39f96,#7b6d5f,#382722",0,talking_head,action label 'prepare_container' but a strong face fills the frame
jVRtUAY0SpI,https://www.youtube.com/watch?v=jVRtUAY0SpI,The candle that made me go VIRAL ✨ Studio Vlog No. 1 ✨ The making of Cloud Nine,569.0,storyboard,26,208.37,216.38,8.01,https://youtu.be/jVRtUAY0SpI?t=208s,prepare_container,prep,1,0.5,Pouring wax into the cups.,"Pouring wax into the cups. captioned, static shot, dim, muted black/grey palette (#291e19, #7d7264). prep phase, ~37% in, 3:28–3:36.",Vo NS fa pm,1,0.0,0.104,0.0,0.391,0.073,"#291e19,#7d7264,#c5c1b9",1,,
jVRtUAY0SpI,https://www.youtube.com/watch?v=jVRtUAY0SpI,The candle that made me go VIRAL ✨ Studio Vlog No. 1 ✨ The making of Cloud Nine,569.0,storyboard,27,216.38,224.39,8.01,https://youtu.be/jVRtUAY0SpI?t=216s,prepare_container,prep,1,0.5,Rows of glass cups prepped.,"Rows of glass cups prepped. captioned, lots of on-screen movement, dim, muted black/brown palette (#191512, #5a5753). prep phase, ~38% in, 3:36–3:44.",Os 4 VEPREPARING way oe ol as fj,1,0.0,0.107,0.436,0.378,0.052,"#191512,#5a5753,#e7e9e9",1,,
jVRtUAY0SpI,https://www.youtube.com/watch?v=jVRtUAY0SpI,The candle that made me go VIRAL ✨ Studio Vlog No. 1 ✨ The making of Cloud Nine,569.0,storyboard,28,224.39,232.41,8.02,https://youtu.be/jVRtUAY0SpI?t=224s,prepare_container,prep,1,0.5,Rows of glass cups prepped.,"Rows of glass cups prepped. captioned, static shot, dim, muted black/brown palette (#181310, #55524d). prep phase, ~39% in, 3:44–3:52.",ae 2 ESE,1,0.0,0.061,0.03,0.346,0.039,"#181310,#55524d,#eaecec",1,,
jbIMRuMBGFA,https://www.youtube.com/watch?v=jbIMRuMBGFA,Tips to prevent frosting and sinkholes in candles | soy wax frosting | sinkholes in candles,269.0,storyboard,1,7.91,15.82,7.91,https://youtu.be/jbIMRuMBGFA?t=8s,prepare_container,prep,1,0.4,Handling a jar.,"Handling a jar. Preparing the vessel - cleaning the jar and fixing the wick to the base with a glue dot / wick sticker, then centering it. moderate on-screen movement, dim, black/brown palette (#120c08, #644024). prep phase, ~3% in, 0:07–0:15.",We,0,0.0,0.029,0.194,0.239,0.185,"#120c08,#644024,#cf996b",1,,
jbIMRuMBGFA,https://www.youtube.com/watch?v=jbIMRuMBGFA,Tips to prevent frosting and sinkholes in candles | soy wax frosting | sinkholes in candles,269.0,storyboard,8,63.29,71.21,7.92,https://youtu.be/jbIMRuMBGFA?t=63s,prepare_container,prep,1,0.5,'1. Clean your jar/mould'; cleaning the mason jar.,"'1. Clean your jar/mould'; cleaning the mason jar. captioned, steady, low-motion shot, dim, brown/amber palette (#5c3e26, #b5904e). prep phase, ~24% in, 1:03–1:11.",wv Se Saar OS 5 sy ied los ae. an,1,0.0,0.073,0.148,0.316,0.181,"#5c3e26,#b5904e,#100702",1,,
jbIMRuMBGFA,https://www.youtube.com/watch?v=jbIMRuMBGFA,Tips to prevent frosting and sinkholes in candles | soy wax frosting | sinkholes in candles,269.0,storyboard,9,71.21,79.12,7.91,https://youtu.be/jbIMRuMBGFA?t=71s,prepare_container,prep,1,0.45,Cleaning the jar.,"Cleaning the jar. Preparing the vessel - cleaning the jar and fixing the wick to the base with a glue dot / wick sticker, then centering it. moderate on-screen movement, dim, brown/beige palette (#65493d, #e2ae91). prep phase, ~26% in, 1:11–1:19.",,0,0.0,0.025,0.156,0.384,0.192,"#65493d,#e2ae91,#150c09",1,,
jbIMRuMBGFA,https://www.youtube.com/watch?v=jbIMRuMBGFA,Tips to prevent frosting and sinkholes in candles | soy wax frosting | sinkholes in candles,269.0,storyboard,10,79.12,87.03,7.91,https://youtu.be/jbIMRuMBGFA?t=79s,prepare_container,prep,1,0.5,'2. Preheat your jar/mould'; the jar.,"'2. Preheat your jar/mould'; the jar. captioned, steady, low-motion shot, dim, brown/beige palette (#6d513f, #dda67a). prep phase, ~29% in, 1:19–1:27.",7 2 os get wa,1,0.0,0.053,0.14,0.332,0.175,"#6d513f,#dda67a,#160c07",1,,
jbIMRuMBGFA,https://www.youtube.com/watch?v=jbIMRuMBGFA,Tips to prevent frosting and sinkholes in candles | soy wax frosting | sinkholes in candles,269.0,storyboard,11,87.03,94.94,7.91,https://youtu.be/jbIMRuMBGFA?t=87s,prepare_container,prep,1,0.45,Jar and pot.,"Jar and pot. Preparing the vessel - cleaning the jar and fixing the wick to the base with a glue dot / wick sticker, then centering it. steady, low-motion shot, dim, black/brown palette (#251810, #715846). prep phase, ~32% in, 1:27–1:34.",tS 4,0,0.0,0.055,0.13,0.317,0.172,"#251810,#715846,#d09d83",1,,
jbIMRuMBGFA,https://www.youtube.com/watch?v=jbIMRuMBGFA,Tips to prevent frosting and sinkholes in candles | soy wax frosting | sinkholes in candles,269.0,storyboard,12,94.94,102.85,7.91,https://youtu.be/jbIMRuMBGFA?t=95s,prepare_container,prep,1,0.45,"Jar in the double boiler, preheating.","Jar in the double boiler, preheating. steady, low-motion shot, dim, amber/black palette (#e6a175, #231811). prep phase, ~35% in, 1:34–1:42.",,0,0.0,0.015,0.111,0.385,0.231,"#e6a175,#231811,#68523f",1,,
k0tHC2jZLwk,https://www.youtube.com/watch?v=k0tHC2jZLwk,How to make a glitter gel candle ✨| Supplies For Candles,146.0,storyboard,1,8.11,16.22,8.11,https://youtu.be/k0tHC2jZLwk?t=8s,prepare_container,prep,1,0.4,'How to make a glitter gel wax candle' caption; hands on marble.,"'How to make a glitter gel wax candle' caption; hands on marble. captioned, moderate on-screen movement, bright, muted white/grey palette (#c7e1f2, #817176). prep phase, ~6% in, 0:08–0:16.",7 How to make gitter gel wax candle,1,0.0,0.041,0.202,0.764,0.134,"#c7e1f2,#817176,#469ab9",1,,
k0tHC2jZLwk,https://www.youtube.com/watch?v=k0tHC2jZLwk,How to make a glitter gel candle ✨| Supplies For Candles,146.0,storyboard,2,16.22,24.33,8.11,https://youtu.be/k0tHC2jZLwk?t=16s,prepare_container,prep,1,0.45,Hands prep at the marble bench.,"Hands prep at the marble bench. captioned, steady, low-motion shot, bright, muted white/beige palette (#d7e2ee, #baa1a2). prep phase, ~11% in, 0:16–0:24.",ye fires 1 crits the ered of he Caetie Wi,1,0.0,0.057,0.059,0.792,0.07,"#d7e2ee,#baa1a2,#806666",1,,
l4-8dPDeC80,https://www.youtube.com/watch?v=l4-8dPDeC80,Turn the Ocean into a Candle🌊😍 Easy DIY Gel Candle Tutorial🕯️,121.0,storyboard,1,8.07,16.13,8.06,https://youtu.be/l4-8dPDeC80?t=8s,prepare_container,prep,1,0.45,Hands ready the glass with a wick.,"Hands ready the glass with a wick. captioned, moderate on-screen movement, well-lit, muted beige/grey palette (#b9aea6, #916c68). prep phase, ~7% in, 0:08–0:16.",cae mee ae at ee oe 7 7 aie es Add decorative sand and seashells,1,0.0,0.092,0.154,0.547,0.109,"#b9aea6,#916c68,#31323b",1,,
lyN8MQxg4Uw,https://www.youtube.com/watch?v=lyN8MQxg4Uw,How I soak my wood wicks in 2023.,184.0,storyboard,1,8.0,16.0,8.0,https://youtu.be/lyN8MQxg4Uw?t=8s,prepare_container,prep,1,0.5,Hands dip wooden wicks into a dark dish of oil to soak them.,"Hands dip wooden wicks into a dark dish of oil to soak them. moderate on-screen movement, well-lit, muted beige/grey palette (#a5b1ae, #6d786e). prep phase, ~4% in, 0:08–0:16.",aA,0,0.0,0.087,0.154,0.525,0.116,"#a5b1ae,#6d786e,#3a262d",1,,
lyN8MQxg4Uw,https://www.youtube.com/watch?v=lyN8MQxg4Uw,How I soak my wood wicks in 2023.,184.0,storyboard,2,16.0,24.0,8.0,https://youtu.be/lyN8MQxg4Uw?t=16s,prepare_container,prep,1,0.5,Wooden wicks arranged and submerged in the oil dish.,"Wooden wicks arranged and submerged in the oil dish. steady, low-motion shot, well-lit, muted beige/brown palette (#aab5b5, #4f392f). prep phase, ~9% in, 0:16–0:24.",my AS,0,0.0,0.067,0.067,0.549,0.136,"#aab5b5,#4f392f,#7e8f7c",1,,
lyN8MQxg4Uw,https://www.youtube.com/watch?v=lyN8MQxg4Uw,How I soak my wood wicks in 2023.,184.0,storyboard,3,24.0,32.0,8.0,https://youtu.be/lyN8MQxg4Uw?t=24s,prepare_container,prep,1,0.5,Continued soaking/handling of the wooden wicks.,"Continued soaking/handling of the wooden wicks. moderate on-screen movement, well-lit, muted beige/grey palette (#b8b6b8, #7e6b69). prep phase, ~13% in, 0:24–0:32.","ty, rT",0,0.0,0.061,0.182,0.505,0.104,"#b8b6b8,#7e6b69,#493232",1,,
lyN8MQxg4Uw,https://www.youtube.com/watch?v=lyN8MQxg4Uw,How I soak my wood wicks in 2023.,184.0,storyboard,4,32.0,40.0,8.0,https://youtu.be/lyN8MQxg4Uw?t=32s,prepare_container,prep,1,0.5,Wooden wicks dipped in the oil bath.,"Wooden wicks dipped in the oil bath. steady, low-motion shot, well-lit, muted beige/brown palette (#a8b4b4, #4e3937). prep phase, ~17% in, 0:32–0:40.",on,0,0.0,0.074,0.058,0.533,0.121,"#a8b4b4,#4e3937,#7c8573",1,,
lyN8MQxg4Uw,https://www.youtube.com/watch?v=lyN8MQxg4Uw,How I soak my wood wicks in 2023.,184.0,storyboard,5,40.0,48.0,8.0,https://youtu.be/lyN8MQxg4Uw?t=40s,prepare_container,prep,1,0.5,Soaking the wooden wicks overhead.,"Soaking the wooden wicks overhead. static shot, well-lit, muted beige/brown palette (#a6b3b3, #483736). prep phase, ~22% in, 0:40–0:48.",te,0,0.0,0.075,0.049,0.535,0.123,"#a6b3b3,#483736,#758d7f",1,,
lyN8MQxg4Uw,https://www.youtube.com/watch?v=lyN8MQxg4Uw,How I soak my wood wicks in 2023.,184.0,storyboard,6,48.0,56.0,8.0,https://youtu.be/lyN8MQxg4Uw?t=48s,prepare_container,prep,1,0.5,Arranging soaked wooden wicks in the dish.,"Arranging soaked wooden wicks in the dish. steady, low-motion shot, well-lit, muted beige/grey palette (#aeb5b2, #7e7f7a). prep phase, ~26% in, 0:48–0:56.",,0,0.0,0.127,0.056,0.535,0.104,"#aeb5b2,#7e7f7a,#493637",1,,
lyN8MQxg4Uw,https://www.youtube.com/watch?v=lyN8MQxg4Uw,How I soak my wood wicks in 2023.,184.0,storyboard,7,56.0,64.0,8.0,https://youtu.be/lyN8MQxg4Uw?t=56s,prepare_container,prep,1,0.5,Hands turn the wicks in the oil.,"Hands turn the wicks in the oil. steady, low-motion shot, well-lit, muted beige/grey palette (#b3b7b7, #839586). prep phase, ~30% in, 0:56–1:04.",,0,0.333,0.099,0.073,0.544,0.113,"#b3b7b7,#839586,#4c3935",1,,
lyN8MQxg4Uw,https://www.youtube.com/watch?v=lyN8MQxg4Uw,How I soak my wood wicks in 2023.,184.0,storyboard,8,64.0,72.0,8.0,https://youtu.be/lyN8MQxg4Uw?t=64s,prepare_container,prep,1,0.5,Wooden wicks soaking in the red dish.,"Wooden wicks soaking in the red dish. steady, low-motion shot, well-lit, muted beige/grey palette (#a8b4b2, #7b817c). prep phase, ~35% in, 1:04–1:12.",7 cs,0,0.0,0.097,0.073,0.534,0.114,"#a8b4b2,#7b817c,#433537",1,,
lyN8MQxg4Uw,https://www.youtube.com/watch?v=lyN8MQxg4Uw,How I soak my wood wicks in 2023.,184.0,storyboard,9,72.0,80.0,8.0,https://youtu.be/lyN8MQxg4Uw?t=72s,prepare_container,prep,1,0.5,Continued wick soaking.,"Continued wick soaking. Preparing the vessel - cleaning the jar and fixing the wick to the base with a glue dot / wick sticker, then centering it. steady, low-motion shot, well-lit, muted beige/brown palette (#b1b9b7, #4a3c39). prep phase, ~39% in, 1:12–1:20.",,0,0.0,0.079,0.051,0.554,0.119,"#b1b9b7,#4a3c39,#7e9488",1,,
lyN8MQxg4Uw,https://www.youtube.com/watch?v=lyN8MQxg4Uw,How I soak my wood wicks in 2023.,184.0,storyboard,10,80.0,88.0,8.0,https://youtu.be/lyN8MQxg4Uw?t=80s,prepare_container,prep,1,0.5,Soaked wicks handled overhead.,"Soaked wicks handled overhead. static shot, well-lit, muted beige/brown palette (#a9b6b6, #3e3131). prep phase, ~43% in, 1:20–1:28.",,0,0.0,0.082,0.02,0.549,0.123,"#a9b6b6,#3e3131,#768b82",1,,
lyN8MQxg4Uw,https://www.youtube.com/watch?v=lyN8MQxg4Uw,How I soak my wood wicks in 2023.,184.0,storyboard,11,88.0,96.0,8.0,https://youtu.be/lyN8MQxg4Uw?t=88s,prepare_container,prep,1,0.5,Wooden wicks in the oil bath.,"Wooden wicks in the oil bath. static shot, well-lit, muted beige/brown palette (#aab8b8, #3f3436). prep phase, ~48% in, 1:28–1:36.",2,0,0.0,0.054,0.047,0.559,0.107,"#aab8b8,#3f3436,#748b84",1,,
lyN8MQxg4Uw,https://www.youtube.com/watch?v=lyN8MQxg4Uw,How I soak my wood wicks in 2023.,184.0,storyboard,12,96.0,104.0,8.0,https://youtu.be/lyN8MQxg4Uw?t=96s,prepare_container,prep,1,0.5,Arranging the soaking wicks.,"Arranging the soaking wicks. steady, low-motion shot, well-lit, muted beige/grey palette (#b0b8b8, #8d9c93). prep phase, ~52% in, 1:36–1:44.",,0,0.0,0.03,0.068,0.594,0.091,"#b0b8b8,#8d9c93,#51373b",1,,
lyN8MQxg4Uw,https://www.youtube.com/watch?v=lyN8MQxg4Uw,How I soak my wood wicks in 2023.,184.0,storyboard,13,104.0,112.0,8.0,https://youtu.be/lyN8MQxg4Uw?t=104s,prepare_container,prep,1,0.5,Soaking process continues.,"Soaking process continues. steady, low-motion shot, well-lit, muted beige/brown palette (#a5aead, #654c4a). prep phase, ~57% in, 1:44–1:52.",9 4 EX,0,0.0,0.062,0.088,0.556,0.111,"#a5aead,#654c4a,#171021",1,,
lyN8MQxg4Uw,https://www.youtube.com/watch?v=lyN8MQxg4Uw,How I soak my wood wicks in 2023.,184.0,storyboard,14,112.0,120.0,8.0,https://youtu.be/lyN8MQxg4Uw?t=112s,prepare_container,prep,1,0.5,Hands work the wooden wicks in the dish.,"Hands work the wooden wicks in the dish. static shot, well-lit, muted beige/brown palette (#abb6b6, #48393a). prep phase, ~61% in, 1:52–2:00.",,0,0.333,0.097,0.022,0.564,0.108,"#abb6b6,#48393a,#7f918c",1,,
lyN8MQxg4Uw,https://www.youtube.com/watch?v=lyN8MQxg4Uw,How I soak my wood wicks in 2023.,184.0,storyboard,15,120.0,128.0,8.0,https://youtu.be/lyN8MQxg4Uw?t=120s,prepare_container,prep,1,0.5,Soaked wicks overhead.,"Soaked wicks overhead. Preparing the vessel - cleaning the jar and fixing the wick to the base with a glue dot / wick sticker, then centering it. static shot, well-lit, muted beige/grey palette (#acb6b6, #87958f). prep phase, ~65% in, 2:00–2:08.",,0,0.0,0.076,0.021,0.557,0.106,"#acb6b6,#87958f,#43373a",1,,
lyN8MQxg4Uw,https://www.youtube.com/watch?v=lyN8MQxg4Uw,How I soak my wood wicks in 2023.,184.0,storyboard,16,128.0,136.0,8.0,https://youtu.be/lyN8MQxg4Uw?t=128s,prepare_container,prep,1,0.5,Continued wick soaking.,"Continued wick soaking. Preparing the vessel - cleaning the jar and fixing the wick to the base with a glue dot / wick sticker, then centering it. steady, low-motion shot, well-lit, muted beige/brown palette (#a8b2af, #4c3a3b). prep phase, ~70% in, 2:08–2:16.",Bte7,0,0.0,0.1,0.081,0.553,0.098,"#a8b2af,#4c3a3b,#767a7b",1,,
lyN8MQxg4Uw,https://www.youtube.com/watch?v=lyN8MQxg4Uw,How I soak my wood wicks in 2023.,184.0,storyboard,17,136.0,144.0,8.0,https://youtu.be/lyN8MQxg4Uw?t=136s,prepare_container,prep,1,0.5,Wooden wicks in oil.,"Wooden wicks in oil. Preparing the vessel - cleaning the jar and fixing the wick to the base with a glue dot / wick sticker, then centering it. steady, low-motion shot, well-lit, muted beige/grey palette (#adafab, #7a6d6b). prep phase, ~74% in, 2:16–2:24.",ie,0,0.0,0.053,0.061,0.572,0.072,"#adafab,#7a6d6b,#3f262e",1,,
lyN8MQxg4Uw,https://www.youtube.com/watch?v=lyN8MQxg4Uw,How I soak my wood wicks in 2023.,184.0,storyboard,18,144.0,152.0,8.0,https://youtu.be/lyN8MQxg4Uw?t=144s,prepare_container,prep,1,0.5,Handling the soaking wicks.,"Handling the soaking wicks. steady, low-motion shot, well-lit, muted beige/grey palette (#adb1ae, #838478). prep phase, ~78% in, 2:24–2:32.",ae,0,0.0,0.042,0.069,0.595,0.077,"#adb1ae,#838478,#2b242c",1,,
lyN8MQxg4Uw,https://www.youtube.com/watch?v=lyN8MQxg4Uw,How I soak my wood wicks in 2023.,184.0,storyboard,19,152.0,160.0,8.0,https://youtu.be/lyN8MQxg4Uw?t=152s,prepare_container,prep,1,0.5,Soaked wicks arranged.,"Soaked wicks arranged. Preparing the vessel - cleaning the jar and fixing the wick to the base with a glue dot / wick sticker, then centering it. captioned, static shot, well-lit, muted beige/grey palette (#a8b2b4, #869085). prep phase, ~83% in, 2:32–2:40.",Ss ETS Pa,1,0.0,0.093,0.026,0.578,0.077,"#a8b2b4,#869085,#384242",1,,
mHXvtRqE-u0,https://www.youtube.com/watch?v=mHXvtRqE-u0,Palm Wax Candle Experiment | Part One,570.0,storyboard,29,232.82,240.85,8.03,https://youtu.be/mHXvtRqE-u0?t=233s,prepare_container,prep,1,0.5,Prepping the glasses.,"Prepping the glasses. Preparing the vessel - cleaning the jar and fixing the wick to the base with a glue dot / wick sticker, then centering it. steady, low-motion shot, well-lit, muted grey/beige palette (#897e7f, #c4bec3). prep phase, ~41% in, 3:52–4:00.",te Ro,0,0.0,0.075,0.109,0.525,0.063,"#897e7f,#c4bec3,#413a3b",1,,
nVrWdGYHQkc,https://www.youtube.com/watch?v=nVrWdGYHQkc,Easy DIY Candle Making Tutorial for Beginners || Step-By-Step Guide || GIVEAWAY OVER,511.0,storyboard,6,47.91,55.89,7.98,https://youtu.be/nVrWdGYHQkc?t=48s,prepare_container,prep,1,0.45,Overhead dark vessels prepared.,"Overhead dark vessels prepared. captioned, moderate on-screen movement, well-lit, cream/grey palette (#d6d1ca, #9f846d). prep phase, ~9% in, 0:47–0:55.",ae uu FS VP op was 4 aya 4 Sahin,1,0.0,0.097,0.271,0.58,0.154,"#d6d1ca,#9f846d,#2c1f1e",1,,
nVrWdGYHQkc,https://www.youtube.com/watch?v=nVrWdGYHQkc,Easy DIY Candle Making Tutorial for Beginners || Step-By-Step Guide || GIVEAWAY OVER,511.0,storyboard,7,55.89,63.88,7.99,https://youtu.be/nVrWdGYHQkc?t=56s,prepare_container,prep,1,0.45,Overhead vessel prep.,"Overhead vessel prep. Preparing the vessel - cleaning the jar and fixing the wick to the base with a glue dot / wick sticker, then centering it. captioned, static shot, well-lit, grey/cream palette (#a3856b, #d9d4ce). prep phase, ~11% in, 0:55–1:03.",ay ul ro aa,1,0.0,0.093,0.0,0.539,0.164,"#a3856b,#d9d4ce,#271a1b",1,,
otT0f6GWasc,https://www.youtube.com/watch?v=otT0f6GWasc,DIY Luxury Iridescent Soy Candles at Home!,789.0,storyboard,4,31.88,39.85,7.97,https://youtu.be/otT0f6GWasc?t=32s,prepare_container,prep,1,0.45,Prepping cream containers for the candles.,"Prepping cream containers for the candles. static shot, well-lit, muted beige/grey palette (#b6b7b2, #8d918c). prep phase, ~4% in, 0:31–0:39.",,0,0.0,0.008,0.0,0.546,0.066,"#b6b7b2,#8d918c,#494840",1,,
otT0f6GWasc,https://www.youtube.com/watch?v=otT0f6GWasc,DIY Luxury Iridescent Soy Candles at Home!,789.0,storyboard,8,63.76,71.73,7.97,https://youtu.be/otT0f6GWasc?t=64s,prepare_container,prep,1,0.45,Prepping cream containers for the candles.,"Prepping cream containers for the candles. moderate on-screen movement, well-lit, muted brown/grey palette (#574b41, #8a8985). prep phase, ~8% in, 1:03–1:11.",OS,0,0.0,0.031,0.207,0.522,0.085,"#574b41,#8a8985,#b8cdcb",1,,
otT0f6GWasc,https://www.youtube.com/watch?v=otT0f6GWasc,DIY Luxury Iridescent Soy Candles at Home!,789.0,storyboard,12,95.64,103.61,7.97,https://youtu.be/otT0f6GWasc?t=96s,prepare_container,prep,1,0.45,Prepping cream containers for the candles.,"Prepping cream containers for the candles. static shot, well-lit, muted brown/grey palette (#5a5c57, #a38977). prep phase, ~12% in, 1:35–1:43.",ip,0,0.0,0.041,0.0,0.518,0.115,"#5a5c57,#a38977,#c9c8cf",1,,
otT0f6GWasc,https://www.youtube.com/watch?v=otT0f6GWasc,DIY Luxury Iridescent Soy Candles at Home!,789.0,storyboard,16,127.52,135.48,7.96,https://youtu.be/otT0f6GWasc?t=128s,prepare_container,prep,1,0.45,Prepping cream containers for the candles.,"Prepping cream containers for the candles. moderate on-screen movement, well-lit, muted white/beige palette (#eef0df, #b3b8a7). prep phase, ~16% in, 2:07–2:15.",al,0,0.0,0.037,0.287,0.673,0.08,"#eef0df,#b3b8a7,#414037",1,,
otT0f6GWasc,https://www.youtube.com/watch?v=otT0f6GWasc,DIY Luxury Iridescent Soy Candles at Home!,789.0,storyboard,20,159.39,167.36,7.97,https://youtu.be/otT0f6GWasc?t=159s,prepare_container,prep,1,0.45,Prepping cream containers for the candles.,"Prepping cream containers for the candles. captioned, static shot, well-lit, muted cream/grey palette (#e4e2d7, #868278). prep phase, ~20% in, 2:39–2:47.",al atte sl os 4,1,0.0,0.066,0.0,0.578,0.105,"#e4e2d7,#868278,#171917",1,,
qavzkjldNdE,https://www.youtube.com/watch?v=qavzkjldNdE,DIY dessert candle | How to make candles at home | handmade freedom coconut soy wax wood wick gifts,760.0,storyboard,9,72.0,80.0,8.0,https://youtu.be/qavzkjldNdE?t=72s,prepare_container,prep,1,0.45,Glasses and candy decor prepared.,"Glasses and candy decor prepared. captioned, steady, low-motion shot, well-lit, muted beige palette (#c7c1cb, #a59da1). prep phase, ~9% in, 1:12–1:20.",oe Innuce ooking louhie Sain ne eomea tt tah tie ae bY Peeutiveredinrend theamotm sot ee Tet Iyet Sherr. Eas 144 ial,1,0.0,0.025,0.146,0.643,0.069,"#c7c1cb,#a59da1,#5b484c",1,,
qavzkjldNdE,https://www.youtube.com/watch?v=qavzkjldNdE,DIY dessert candle | How to make candles at home | handmade freedom coconut soy wax wood wick gifts,760.0,storyboard,10,80.0,88.0,8.0,https://youtu.be/qavzkjldNdE?t=80s,prepare_container,prep,1,0.45,Pouring wax into a glass from the melter.,"Pouring wax into a glass from the melter. steady, low-motion shot, well-lit, muted grey/cream palette (#a39695, #ccc9c7). prep phase, ~11% in, 1:20–1:28.",,0,0.0,0.062,0.142,0.632,0.072,"#a39695,#ccc9c7,#70625a",1,,
qavzkjldNdE,https://www.youtube.com/watch?v=qavzkjldNdE,DIY dessert candle | How to make candles at home | handmade freedom coconut soy wax wood wick gifts,760.0,storyboard,11,88.0,96.0,8.0,https://youtu.be/qavzkjldNdE?t=88s,prepare_container,prep,1,0.45,Heat gun used on a glass.,"Heat gun used on a glass. static shot, well-lit, muted beige/grey palette (#c8bfcb, #a19398). prep phase, ~12% in, 1:28–1:36.",,0,0.0,0.007,0.0,0.618,0.089,"#c8bfcb,#a19398,#55383a",1,,
qlyYdhfU5nA,https://www.youtube.com/watch?v=qlyYdhfU5nA,🎥 Beginner’s Guide to Candle Making | Step-by-Step Tutorial 🕯️,204.0,storyboard,12,94.15,102.0,7.85,https://youtu.be/qlyYdhfU5nA?t=94s,prepare_container,prep,1,0.4,white container close-up,"white container close-up. captioned, moderate on-screen movement, well-lit, muted cream/black palette (#d2ced1, #2b241e). prep phase, ~46% in, 1:34–1:42.",cf vo et ts Li,1,0.0,0.046,0.23,0.563,0.067,"#d2ced1,#2b241e,#918578",1,,
rFGerjaJG40,https://www.youtube.com/watch?v=rFGerjaJG40,DIY Candle #craft #creative #shortvideo #candlemaking #marbleeffect #scentedcandle #handmade,71.0,storyboard,2,15.78,23.67,7.89,https://youtu.be/rFGerjaJG40?t=16s,prepare_container,prep,1,0.55,"Hands lay out a wick/sticker, small glass cups and supply packets.","Hands lay out a wick/sticker, small glass cups and supply packets. captioned, steady, low-motion shot, dim, muted black/grey palette (#1b1c17, #999086). prep phase, ~22% in, 0:15–0:23.","7 Hg ah WA PINS 6 Gees Ie CPI MCC Te Ph 7 fi ma ALS ley sar CAT Oo Wile Ogey Eig Cue Ge pot yee BAT, TO oe Ce is Se",1,0.0,0.233,0.133,0.315,0.092,"#1b1c17,#999086,#5f5250",1,,
rFGerjaJG40,https://www.youtube.com/watch?v=rFGerjaJG40,DIY Candle #craft #creative #shortvideo #candlemaking #marbleeffect #scentedcandle #handmade,71.0,storyboard,3,23.67,31.56,7.89,https://youtu.be/rFGerjaJG40?t=24s,prepare_container,prep,1,0.55,A wick is fixed into a small glass cup while the wax pot is stirred.,"A wick is fixed into a small glass cup while the wax pot is stirred. captioned, steady, low-motion shot, dim, muted black/brown palette (#1a1913, #5f504b). prep phase, ~33% in, 0:23–0:31.","AC Fie vat VO Me, oe 7 CP Fe Fi7o fe San 4 ff mM sr erp OOOO ie KIO ig fo Le oy aie im,",1,0.0,0.232,0.092,0.304,0.098,"#1a1913,#5f504b,#9a8e85",1,,
rltpKr2t-Bw,https://www.youtube.com/watch?v=rltpKr2t-Bw,How to Make Pillar Candles // CandleScience Tutorials,130.0,storyboard,5,40.62,48.75,8.13,https://youtu.be/rltpKr2t-Bw?t=41s,prepare_container,prep,1,0.6,Hands handle the metal pillar mould; caption 'the bottom of the mould becomes the top of the candle'.,"Hands handle the metal pillar mould; caption 'the bottom of the mould becomes the top of the candle'. captioned, steady, low-motion shot, well-lit, muted beige/grey palette (#baa189, #93745c). prep phase, ~31% in, 0:40–0:48.",Gee Lert of thes erate Dercrreet Me tee of fw comet,1,0.0,0.021,0.066,0.621,0.104,"#baa189,#93745c,#f8f7f4",1,,
rltpKr2t-Bw,https://www.youtube.com/watch?v=rltpKr2t-Bw,How to Make Pillar Candles // CandleScience Tutorials,130.0,storyboard,6,48.75,56.88,8.13,https://youtu.be/rltpKr2t-Bw?t=49s,prepare_container,prep,1,0.6,The wick is threaded through the base hole of the pillar mould.,"The wick is threaded through the base hole of the pillar mould. static shot, well-lit, muted amber/beige palette (#ae9378, #c3ad96). prep phase, ~38% in, 0:48–0:56.",,0,0.0,0.0,0.046,0.602,0.098,"#ae9378,#c3ad96,#9a785a",1,,
rltpKr2t-Bw,https://www.youtube.com/watch?v=rltpKr2t-Bw,How to Make Pillar Candles // CandleScience Tutorials,130.0,storyboard,7,56.88,65.0,8.12,https://youtu.be/rltpKr2t-Bw?t=57s,prepare_container,prep,1,0.6,The mould base is sealed around the wick with putty.,"The mould base is sealed around the wick with putty. steady, low-motion shot, well-lit, muted amber/beige palette (#af947c, #c4af9a). prep phase, ~44% in, 0:56–1:05.",,0,0.0,0.004,0.053,0.597,0.1,"#af947c,#c4af9a,#8d6e56",1,,
rltpKr2t-Bw,https://www.youtube.com/watch?v=rltpKr2t-Bw,How to Make Pillar Candles // CandleScience Tutorials,130.0,storyboard,8,65.0,73.12,8.12,https://youtu.be/rltpKr2t-Bw?t=65s,prepare_container,prep,1,0.55,Hands continue sealing the wick hole and securing the mould.,"Hands continue sealing the wick hole and securing the mould. static shot, well-lit, muted grey/beige palette (#ab8f76, #c2ab96). prep phase, ~50% in, 1:05–1:13.",,0,0.0,0.009,0.04,0.6,0.095,"#ab8f76,#c2ab96,#86664e",1,,
rltpKr2t-Bw,https://www.youtube.com/watch?v=rltpKr2t-Bw,How to Make Pillar Candles // CandleScience Tutorials,130.0,storyboard,9,73.12,81.25,8.13,https://youtu.be/rltpKr2t-Bw?t=73s,prepare_container,prep,1,0.55,Pillar mould stood upright; caption 'tip: use play-doh or putty'.,"Pillar mould stood upright; caption 'tip: use play-doh or putty'. static shot, well-lit, muted amber/grey palette (#b39980, #9f7d60). prep phase, ~56% in, 1:13–1:21.",ll,0,0.0,0.027,0.049,0.613,0.1,"#b39980,#9f7d60,#c6b19c",1,,description references on-screen text but OCR found none
v9z-JiqGX1U,https://www.youtube.com/watch?v=v9z-JiqGX1U,Candle Making Instructions - Candle Craft Club DIY Candle Making Kit - How to make Soy Wax candles,184.0,storyboard,0,0.0,8.0,8.0,https://youtu.be/v9z-JiqGX1U?t=0s,prepare_container,prep,1,0.55,"hands at table by empty glass, 'prepare candle container' caption","hands at table by empty glass, 'prepare candle container' caption. static shot, bright, muted white palette (#fdfdfe, #f6f0f8). prep phase, ~0% in, 0:00–0:08.",oe,0,0.0,0.009,0.038,0.966,0.041,"#fdfdfe,#f6f0f8,#e6dfe6",1,,description references on-screen text but OCR found none
v9z-JiqGX1U,https://www.youtube.com/watch?v=v9z-JiqGX1U,Candle Making Instructions - Candle Craft Club DIY Candle Making Kit - How to make Soy Wax candles,184.0,storyboard,1,8.0,16.0,8.0,https://youtu.be/v9z-JiqGX1U?t=8s,prepare_container,prep,1,0.8,pressing wick into bottom of glass jar,"pressing wick into bottom of glass jar. steady, low-motion shot, bright, muted white/pink palette (#f8f3f8, #e6a7ae). prep phase, ~4% in, 0:08–0:16.",3,0,0.0,0.04,0.094,0.875,0.138,"#f8f3f8,#e6a7ae,#b47c80",1,,
xPGJhiAwzLU,https://www.youtube.com/watch?v=xPGJhiAwzLU,Making scented candle. DIY Jesmonite candle container,341.0,storyboard,1,7.93,15.86,7.93,https://youtu.be/xPGJhiAwzLU?t=8s,prepare_container,prep,1,0.45,"Making a Jesmonite vessel (mixing, pouring into moulds, demoulding).","Making a Jesmonite vessel (mixing, pouring into moulds, demoulding). static shot, dim, muted brown/grey palette (#5b5041, #857d73). prep phase, ~2% in, 0:07–0:15.",et,0,0.0,0.083,0.0,0.339,0.105,"#5b5041,#857d73,#1d1c13",1,,
xPGJhiAwzLU,https://www.youtube.com/watch?v=xPGJhiAwzLU,Making scented candle. DIY Jesmonite candle container,341.0,storyboard,2,15.86,23.79,7.93,https://youtu.be/xPGJhiAwzLU?t=16s,prepare_container,prep,1,0.45,"Making a Jesmonite vessel (mixing, pouring into moulds, demoulding).","Making a Jesmonite vessel (mixing, pouring into moulds, demoulding). steady, low-motion shot, well-lit, muted beige/grey palette (#9eb49c, #868c7b). prep phase, ~5% in, 0:15–0:23.",,0,0.0,0.01,0.138,0.586,0.138,"#9eb49c,#868c7b,#635544",1,,
xPGJhiAwzLU,https://www.youtube.com/watch?v=xPGJhiAwzLU,Making scented candle. DIY Jesmonite candle container,341.0,storyboard,3,23.79,31.72,7.93,https://youtu.be/xPGJhiAwzLU?t=24s,prepare_container,prep,1,0.45,"Making a Jesmonite vessel (mixing, pouring into moulds, demoulding).","Making a Jesmonite vessel (mixing, pouring into moulds, demoulding). captioned, moderate on-screen movement, well-lit, grey palette (#96897d, #8f7263). prep phase, ~7% in, 0:23–0:31.",bi ho oD eS,1,0.0,0.025,0.178,0.477,0.184,"#96897d,#8f7263,#5d4e41",1,,
xPGJhiAwzLU,https://www.youtube.com/watch?v=xPGJhiAwzLU,Making scented candle. DIY Jesmonite candle container,341.0,storyboard,4,31.72,39.65,7.93,https://youtu.be/xPGJhiAwzLU?t=32s,prepare_container,prep,1,0.45,"Making a Jesmonite vessel (mixing, pouring into moulds, demoulding).","Making a Jesmonite vessel (mixing, pouring into moulds, demoulding). steady, low-motion shot, well-lit, muted grey/beige palette (#9f9382, #aab7af). prep phase, ~9% in, 0:31–0:39.",ie sg,0,0.0,0.011,0.148,0.529,0.107,"#9f9382,#aab7af,#605447",1,,
xPGJhiAwzLU,https://www.youtube.com/watch?v=xPGJhiAwzLU,Making scented candle. DIY Jesmonite candle container,341.0,storyboard,5,39.65,47.58,7.93,https://youtu.be/xPGJhiAwzLU?t=40s,prepare_container,prep,1,0.45,"Making a Jesmonite vessel (mixing, pouring into moulds, demoulding).","Making a Jesmonite vessel (mixing, pouring into moulds, demoulding). captioned, static shot, well-lit, muted grey palette (#8b7757, #717a7d). prep phase, ~12% in, 0:39–0:47.",ae Ay es Pee oy ae ee,1,0.0,0.035,0.0,0.443,0.112,"#8b7757,#717a7d,#5f4e38",1,,
xPGJhiAwzLU,https://www.youtube.com/watch?v=xPGJhiAwzLU,Making scented candle. DIY Jesmonite candle container,341.0,storyboard,6,47.58,55.51,7.93,https://youtu.be/xPGJhiAwzLU?t=48s,prepare_container,prep,1,0.45,"Making a Jesmonite vessel (mixing, pouring into moulds, demoulding).","Making a Jesmonite vessel (mixing, pouring into moulds, demoulding). steady, low-motion shot, well-lit, muted grey palette (#786956, #918b84). prep phase, ~14% in, 0:47–0:55.",Sh,0,0.0,0.025,0.126,0.455,0.099,"#786956,#918b84,#4f3b28",1,,
xPGJhiAwzLU,https://www.youtube.com/watch?v=xPGJhiAwzLU,Making scented candle. DIY Jesmonite candle container,341.0,storyboard,7,55.51,63.44,7.93,https://youtu.be/xPGJhiAwzLU?t=56s,prepare_container,prep,1,0.45,"Making a Jesmonite vessel (mixing, pouring into moulds, demoulding).","Making a Jesmonite vessel (mixing, pouring into moulds, demoulding). captioned, moderate on-screen movement, well-lit, muted grey/beige palette (#8d9685, #afb9a6). prep phase, ~16% in, 0:55–1:03.",SP 1 4 vue atate,1,0.0,0.026,0.218,0.487,0.109,"#8d9685,#afb9a6,#66685c",1,,
xPGJhiAwzLU,https://www.youtube.com/watch?v=xPGJhiAwzLU,Making scented candle. DIY Jesmonite candle container,341.0,storyboard,8,63.44,71.37,7.93,https://youtu.be/xPGJhiAwzLU?t=63s,prepare_container,prep,1,0.45,"Making a Jesmonite vessel (mixing, pouring into moulds, demoulding).","Making a Jesmonite vessel (mixing, pouring into moulds, demoulding). steady, low-motion shot, well-lit, muted grey/beige palette (#888679, #b7c3b2). prep phase, ~19% in, 1:03–1:11.",ee tes,0,0.0,0.031,0.147,0.536,0.096,"#888679,#b7c3b2,#67171e",1,,
xPGJhiAwzLU,https://www.youtube.com/watch?v=xPGJhiAwzLU,Making scented candle. DIY Jesmonite candle container,341.0,storyboard,9,71.37,79.3,7.93,https://youtu.be/xPGJhiAwzLU?t=71s,prepare_container,prep,1,0.45,"Making a Jesmonite vessel (mixing, pouring into moulds, demoulding).","Making a Jesmonite vessel (mixing, pouring into moulds, demoulding). static shot, well-lit, muted grey/brown palette (#99826b, #69503e). prep phase, ~21% in, 1:11–1:19.",,0,0.0,0.018,0.0,0.526,0.135,"#99826b,#69503e,#b7b6a3",1,,
xPGJhiAwzLU,https://www.youtube.com/watch?v=xPGJhiAwzLU,Making scented candle. DIY Jesmonite candle container,341.0,storyboard,10,79.3,87.23,7.93,https://youtu.be/xPGJhiAwzLU?t=79s,prepare_container,prep,1,0.45,"Making a Jesmonite vessel (mixing, pouring into moulds, demoulding).","Making a Jesmonite vessel (mixing, pouring into moulds, demoulding). captioned, steady, low-motion shot, well-lit, muted grey/brown palette (#958374, #725444). prep phase, ~23% in, 1:19–1:27.",Ta Oe meee us,1,0.0,0.02,0.079,0.534,0.125,"#958374,#725444,#b4b9b0",1,,
xPGJhiAwzLU,https://www.youtube.com/watch?v=xPGJhiAwzLU,Making scented candle. DIY Jesmonite candle container,341.0,storyboard,11,87.23,95.16,7.93,https://youtu.be/xPGJhiAwzLU?t=87s,prepare_container,prep,1,0.45,"Making a Jesmonite vessel (mixing, pouring into moulds, demoulding).","Making a Jesmonite vessel (mixing, pouring into moulds, demoulding). static shot, dim, muted grey/brown palette (#867c73, #5b4f41). prep phase, ~26% in, 1:27–1:35.",es,0,0.0,0.061,0.042,0.338,0.106,"#867c73,#5b4f41,#1d1d15",1,,
xPGJhiAwzLU,https://www.youtube.com/watch?v=xPGJhiAwzLU,Making scented candle. DIY Jesmonite candle container,341.0,storyboard,12,95.16,103.09,7.93,https://youtu.be/xPGJhiAwzLU?t=95s,prepare_container,prep,1,0.45,"Making a Jesmonite vessel (mixing, pouring into moulds, demoulding).","Making a Jesmonite vessel (mixing, pouring into moulds, demoulding). moderate on-screen movement, dim, black/grey palette (#232629, #6f6d56). prep phase, ~28% in, 1:35–1:43.",,0,0.0,0.114,0.204,0.393,0.168,"#232629,#6f6d56,#b9baab",1,,
xPGJhiAwzLU,https://www.youtube.com/watch?v=xPGJhiAwzLU,Making scented candle. DIY Jesmonite candle container,341.0,storyboard,13,103.09,111.02,7.93,https://youtu.be/xPGJhiAwzLU?t=103s,prepare_container,prep,1,0.45,"Making a Jesmonite vessel (mixing, pouring into moulds, demoulding).","Making a Jesmonite vessel (mixing, pouring into moulds, demoulding). captioned, static shot, well-lit, grey/brown palette (#938a6d, #434125). prep phase, ~30% in, 1:43–1:51.",re Ly As APA Se 4 oe,1,0.0,0.054,0.0,0.422,0.23,"#938a6d,#434125,#167385",1,,
xPGJhiAwzLU,https://www.youtube.com/watch?v=xPGJhiAwzLU,Making scented candle. DIY Jesmonite candle container,341.0,storyboard,14,111.02,118.95,7.93,https://youtu.be/xPGJhiAwzLU?t=111s,prepare_container,prep,1,0.45,"Making a Jesmonite vessel (mixing, pouring into moulds, demoulding).","Making a Jesmonite vessel (mixing, pouring into moulds, demoulding). captioned, moderate on-screen movement, dim, black/green palette (#1b3906, #5e774f). prep phase, ~33% in, 1:51–1:58.","5 ae, ad ww.",1,0.0,0.114,0.171,0.328,0.167,"#1b3906,#5e774f,#cacbba",1,,
xPGJhiAwzLU,https://www.youtube.com/watch?v=xPGJhiAwzLU,Making scented candle. DIY Jesmonite candle container,341.0,storyboard,15,118.95,126.88,7.93,https://youtu.be/xPGJhiAwzLU?t=119s,prepare_container,prep,1,0.45,"Making a Jesmonite vessel (mixing, pouring into moulds, demoulding).","Making a Jesmonite vessel (mixing, pouring into moulds, demoulding). captioned, moderate on-screen movement, well-lit, grey/brown palette (#7e7974, #66544c). prep phase, ~35% in, 1:58–2:06.",rh fae ae fe ee iy,1,0.0,0.028,0.185,0.48,0.183,"#7e7974,#66544c,#95a296",1,,
zrSVQ5CXUk8,https://www.youtube.com/watch?v=zrSVQ5CXUk8,Starting a candle business from home in 2023 starting a small business | make candles with me! 캔들사업,220.0,storyboard,1,7.86,15.71,7.85,https://youtu.be/zrSVQ5CXUk8?t=8s,prepare_container,prep,1,0.45,Rows of small jars/moulds prepped with wicks.,"Rows of small jars/moulds prepped with wicks. steady, low-motion shot, well-lit, cream/grey palette (#edcbcc, #a38b78). prep phase, ~4% in, 0:07–0:15.",,0,0.0,0.01,0.13,0.665,0.195,"#edcbcc,#a38b78,#4e3423",1,,
zrSVQ5CXUk8,https://www.youtube.com/watch?v=zrSVQ5CXUk8,Starting a candle business from home in 2023 starting a small business | make candles with me! 캔들사업,220.0,storyboard,2,15.71,23.57,7.86,https://youtu.be/zrSVQ5CXUk8?t=16s,prepare_container,prep,1,0.45,Rows of small jars/moulds prepped with wicks.,"Rows of small jars/moulds prepped with wicks. captioned, lots of on-screen movement, well-lit, muted brown/grey palette (#453c33, #8f806b). prep phase, ~7% in, 0:15–0:23.",7 if ty Wislcome back! don't know if I'say this enough thank you 80 woh epsarting sot OTTO ee me,1,0.0,0.085,0.362,0.642,0.111,"#453c33,#8f806b,#c6b7a1",1,,
zrSVQ5CXUk8,https://www.youtube.com/watch?v=zrSVQ5CXUk8,Starting a candle business from home in 2023 starting a small business | make candles with me! 캔들사업,220.0,storyboard,3,23.57,31.43,7.86,https://youtu.be/zrSVQ5CXUk8?t=24s,prepare_container,prep,1,0.45,Rows of small jars/moulds prepped with wicks.,"Rows of small jars/moulds prepped with wicks. captioned, moderate on-screen movement, well-lit, muted grey/beige palette (#918876, #b4b3aa). prep phase, ~11% in, 0:23–0:31.","PS Se. atl af es SS Sa ad yy hat to eae, Sad Let Or ot Nee decided to turn my can Ang habby Into. small wusiness",1,0.333,0.097,0.276,0.557,0.108,"#918876,#b4b3aa,#493e35",1,,
zrSVQ5CXUk8,https://www.youtube.com/watch?v=zrSVQ5CXUk8,Starting a candle business from home in 2023 starting a small business | make candles with me! 캔들사업,220.0,storyboard,4,31.43,39.29,7.86,https://youtu.be/zrSVQ5CXUk8?t=31s,prepare_container,prep,1,0.45,Rows of small jars/moulds prepped with wicks.,"Rows of small jars/moulds prepped with wicks. steady, low-motion shot, well-lit, muted beige/brown palette (#c7c2b8, #50342c). prep phase, ~14% in, 0:31–0:39.",ay 7 ba,0,0.0,0.054,0.131,0.606,0.095,"#c7c2b8,#50342c,#8b7866",1,,
zrSVQ5CXUk8,https://www.youtube.com/watch?v=zrSVQ5CXUk8,Starting a candle business from home in 2023 starting a small business | make candles with me! 캔들사업,220.0,storyboard,5,39.29,47.14,7.85,https://youtu.be/zrSVQ5CXUk8?t=39s,prepare_container,prep,1,0.45,Rows of small jars/moulds prepped with wicks.,"Rows of small jars/moulds prepped with wicks. captioned, steady, low-motion shot, well-lit, muted beige/brown palette (#ccc9c0, #594035). prep phase, ~18% in, 0:39–0:47.",Yi at hurdte is aver fear Pirie ncsheten se cen teas at,1,0.0,0.073,0.141,0.628,0.095,"#ccc9c0,#594035,#8e8277",1,,
zrSVQ5CXUk8,https://www.youtube.com/watch?v=zrSVQ5CXUk8,Starting a candle business from home in 2023 starting a small business | make candles with me! 캔들사업,220.0,storyboard,6,47.14,55.0,7.86,https://youtu.be/zrSVQ5CXUk8?t=47s,prepare_container,prep,1,0.45,Rows of small jars/moulds prepped with wicks.,"Rows of small jars/moulds prepped with wicks. steady, low-motion shot, well-lit, muted beige/grey palette (#c9c5bc, #957e6a). prep phase, ~21% in, 0:47–0:55.",,0,0.0,0.046,0.096,0.656,0.089,"#c9c5bc,#957e6a,#583c30",1,,
