video_id,video_url,video_title,video_duration_s,source,window_index,start_s,end_s,duration_s,window_url,action_label,phase,is_step,confidence,description,description_detailed,ocr_text,has_caption,face_score,text_score,motion,brightness,colorfulness,dominant_colors,keep,filter_reason,validation_flags
-pjWKo7zgrs,https://www.youtube.com/watch?v=-pjWKo7zgrs,DIY Candle Jars with Jesmonite and Boowannite | Nicole Molds jar mold diy handmade gift ideas,481.0,storyboard,45,360.75,368.77,8.02,https://youtu.be/-pjWKo7zgrs?t=361s,set_wick,assemble,1,0.5,Setting the wick.,"Setting the wick. Centering and securing the wick after the pour so it stays upright while setting. moderate on-screen movement, well-lit, muted beige/black palette (#c4bfb6, #383626). assemble phase, ~75% in, 6:00–6:08.",os,0,0.0,0.033,0.192,0.555,0.09,"#c4bfb6,#383626,#938a7c",1,,
0gk3NsmJa7k,https://www.youtube.com/watch?v=0gk3NsmJa7k,Make Candles with me | ❄️Winter Wonderland Edition ❄️,794.0,storyboard,3,24.06,32.08,8.02,https://youtu.be/0gk3NsmJa7k?t=24s,set_wick,assemble,1,0.4,Centring the wicks.,"Centring the wicks. Centering and securing the wick after the pour so it stays upright while setting. captioned, moderate on-screen movement, dim, brown palette (#887645, #433c35). assemble phase, ~3% in, 0:24–0:32.",iA Pe dat 9 AF ors,1,0.0,0.061,0.207,0.341,0.188,"#887645,#433c35,#a2978d",1,,
0gk3NsmJa7k,https://www.youtube.com/watch?v=0gk3NsmJa7k,Make Candles with me | ❄️Winter Wonderland Edition ❄️,794.0,storyboard,7,56.14,64.16,8.02,https://youtu.be/0gk3NsmJa7k?t=56s,set_wick,assemble,1,0.4,Centring the wicks.,"Centring the wicks. Centering and securing the wick after the pour so it stays upright while setting. captioned, steady, low-motion shot, well-lit, muted grey/brown palette (#7f7466, #473d34). assemble phase, ~7% in, 0:56–1:04.",Vie. ne SET he wy Ss,1,0.0,0.149,0.052,0.44,0.114,"#7f7466,#473d34,#b6aca2",1,,
0gk3NsmJa7k,https://www.youtube.com/watch?v=0gk3NsmJa7k,Make Candles with me | ❄️Winter Wonderland Edition ❄️,794.0,storyboard,11,88.22,96.24,8.02,https://youtu.be/0gk3NsmJa7k?t=88s,set_wick,assemble,1,0.4,Centring the wicks.,"Centring the wicks. Centering and securing the wick after the pour so it stays upright while setting. captioned, steady, low-motion shot, well-lit, muted brown/grey palette (#4d4842, #7c7367). assemble phase, ~11% in, 1:28–1:36.",pas PNG SIO OES,1,0.0,0.23,0.106,0.452,0.078,"#4d4842,#7c7367,#b4a698",1,,
0gk3NsmJa7k,https://www.youtube.com/watch?v=0gk3NsmJa7k,Make Candles with me | ❄️Winter Wonderland Edition ❄️,794.0,storyboard,15,120.3,128.32,8.02,https://youtu.be/0gk3NsmJa7k?t=120s,set_wick,assemble,1,0.4,Centring the wicks.,"Centring the wicks. Centering and securing the wick after the pour so it stays upright while setting. static shot, well-lit, muted brown/grey palette (#4f432c, #87795f). assemble phase, ~15% in, 2:00–2:08.",SF,0,0.0,0.335,0.0,0.438,0.12,"#4f432c,#87795f,#c2b2a3",1,,
0gk3NsmJa7k,https://www.youtube.com/watch?v=0gk3NsmJa7k,Make Candles with me | ❄️Winter Wonderland Edition ❄️,794.0,storyboard,19,152.38,160.4,8.02,https://youtu.be/0gk3NsmJa7k?t=152s,set_wick,assemble,1,0.4,Centring the wicks.,"Centring the wicks. Centering and securing the wick after the pour so it stays upright while setting. captioned, static shot, well-lit, beige/grey palette (#a4a7a6, #6b6d64). assemble phase, ~19% in, 2:32–2:40.",SO ae ree ag ee,1,0.0,0.218,0.0,0.449,0.15,"#a4a7a6,#6b6d64,#3e392b",1,,
0gk3NsmJa7k,https://www.youtube.com/watch?v=0gk3NsmJa7k,Make Candles with me | ❄️Winter Wonderland Edition ❄️,794.0,storyboard,23,184.46,192.48,8.02,https://youtu.be/0gk3NsmJa7k?t=184s,set_wick,assemble,1,0.4,Centring the wicks.,"Centring the wicks. Centering and securing the wick after the pour so it stays upright while setting. static shot, dim, muted brown palette (#6a5a48, #3f3327). assemble phase, ~23% in, 3:04–3:12.",Fe 17,0,0.0,0.174,0.0,0.377,0.103,"#6a5a48,#3f3327,#9b8977",1,,
0pqimQlf8tQ,https://www.youtube.com/watch?v=0pqimQlf8tQ,DIY Mason Jar Candles,303.0,storyboard,9,71.76,79.74,7.98,https://youtu.be/0pqimQlf8tQ?t=72s,set_wick,assemble,1,0.45,Setting wicks/sticks in the glasses.,"Setting wicks/sticks in the glasses. static shot, well-lit, brown/amber palette (#7a4c49, #ad9177). assemble phase, ~24% in, 1:11–1:19.",Loa,0,0.0,0.181,0.04,0.446,0.165,"#7a4c49,#ad9177,#c5cac5",1,,
2KbmlOnPJnU,https://www.youtube.com/watch?v=2KbmlOnPJnU,How To Make an INFINITE CANDLE Wick – Burns Forever!,151.0,storyboard,9,71.53,79.47,7.94,https://youtu.be/2KbmlOnPJnU?t=72s,set_wick,assemble,1,0.45,The float wick is set into a small metal cup/burner.,"The float wick is set into a small metal cup/burner. captioned, moderate on-screen movement, dim, muted black/brown palette (#2d241e, #56453c). assemble phase, ~47% in, 1:11–1:19.",0 zz ofl ae ig 24 ee ee er al or 3 se men do oe,1,0.0,0.02,0.187,0.328,0.123,"#2d241e,#56453c,#9d7a6c",1,,
2KbmlOnPJnU,https://www.youtube.com/watch?v=2KbmlOnPJnU,How To Make an INFINITE CANDLE Wick – Burns Forever!,151.0,storyboard,10,79.47,87.42,7.95,https://youtu.be/2KbmlOnPJnU?t=79s,set_wick,assemble,1,0.45,Hands position the float wick in the oil cup.,"Hands position the float wick in the oil cup. steady, low-motion shot, dim, muted brown palette (#482f22, #615648). assemble phase, ~53% in, 1:19–1:27.",aia 4 0,0,0.0,0.036,0.081,0.313,0.091,"#482f22,#615648,#a59b83",1,,
2ZagX6xiRog,https://www.youtube.com/watch?v=2ZagX6xiRog,How to Make Candles in Jars : Basic Candle Making,102.0,storyboard,4,31.38,39.23,7.85,https://youtu.be/2ZagX6xiRog?t=31s,set_wick,assemble,1,0.5,Placing wicks into the jars.,"Placing wicks into the jars. steady, low-motion shot, well-lit, beige/grey palette (#dad294, #8b7e56). assemble phase, ~31% in, 0:31–0:39.",oS,0,0.0,0.031,0.122,0.606,0.169,"#dad294,#8b7e56,#1e1d15",1,,
2ZagX6xiRog,https://www.youtube.com/watch?v=2ZagX6xiRog,How to Make Candles in Jars : Basic Candle Making,102.0,storyboard,5,39.23,47.08,7.85,https://youtu.be/2ZagX6xiRog?t=39s,set_wick,assemble,1,0.5,Centring wicks in the jars.,"Centring wicks in the jars. steady, low-motion shot, well-lit, beige/grey palette (#d7ce93, #9a895b). assemble phase, ~38% in, 0:39–0:47.",7,0,0.0,0.029,0.107,0.54,0.176,"#d7ce93,#9a895b,#17140e",1,,
2ZagX6xiRog,https://www.youtube.com/watch?v=2ZagX6xiRog,How to Make Candles in Jars : Basic Candle Making,102.0,storyboard,6,47.08,54.92,7.84,https://youtu.be/2ZagX6xiRog?t=47s,set_wick,assemble,1,0.45,Adjusting wicks; a metal pot nearby.,"Adjusting wicks; a metal pot nearby. steady, low-motion shot, well-lit, beige/grey palette (#d4c78b, #90855a). assemble phase, ~46% in, 0:47–0:54.",aa wer,0,0.0,0.025,0.078,0.543,0.175,"#d4c78b,#90855a,#13110d",1,,
2ZagX6xiRog,https://www.youtube.com/watch?v=2ZagX6xiRog,How to Make Candles in Jars : Basic Candle Making,102.0,storyboard,7,54.92,62.77,7.85,https://youtu.be/2ZagX6xiRog?t=55s,set_wick,assemble,1,0.45,Wick pins set; a metal pouring pitcher.,"Wick pins set; a metal pouring pitcher. captioned, moderate on-screen movement, well-lit, grey/black palette (#9b8a60, #14120e). assemble phase, ~54% in, 0:54–1:02.",af 5 ud 7 al ts,1,0.0,0.015,0.194,0.409,0.16,"#9b8a60,#14120e,#dcdbbf",1,,
2ZagX6xiRog,https://www.youtube.com/watch?v=2ZagX6xiRog,How to Make Candles in Jars : Basic Candle Making,102.0,storyboard,8,62.77,70.62,7.85,https://youtu.be/2ZagX6xiRog?t=63s,set_wick,assemble,1,0.5,Pouring yellow wax (via the pitcher) into the jars.,"Pouring yellow wax (via the pitcher) into the jars. moderate on-screen movement, dim, black/beige palette (#0e0d0a, #c3b384). assemble phase, ~62% in, 1:02–1:10.",,0,0.0,0.013,0.161,0.375,0.154,"#0e0d0a,#c3b384,#8a7a53",1,,
2ZagX6xiRog,https://www.youtube.com/watch?v=2ZagX6xiRog,How to Make Candles in Jars : Basic Candle Making,102.0,storyboard,9,70.62,78.46,7.84,https://youtu.be/2ZagX6xiRog?t=71s,set_wick,assemble,1,0.45,Jar with centred wick.,"Jar with centred wick. Centering and securing the wick after the pour so it stays upright while setting. moderate on-screen movement, well-lit, amber/grey palette (#b4ab5a, #8a7e44). assemble phase, ~69% in, 1:10–1:18.",,0,0.0,0.008,0.242,0.464,0.198,"#b4ab5a,#8a7e44,#1f1b11",1,,
40mkiCY8uMM,https://www.youtube.com/watch?v=40mkiCY8uMM,How To Make Mini 1 Oz. Soy Candles | Fall Scented Sample Candles,583.0,storyboard,24,191.67,199.66,7.99,https://youtu.be/40mkiCY8uMM?t=192s,set_wick,assemble,1,0.5,Setting/centring wicks in the mini tins.,"Setting/centring wicks in the mini tins. static shot, well-lit, muted grey palette (#8e8c8c, #796b64). assemble phase, ~33% in, 3:11–3:19.",ae,0,0.0,0.18,0.027,0.451,0.088,"#8e8c8c,#796b64,#252323",1,,
40mkiCY8uMM,https://www.youtube.com/watch?v=40mkiCY8uMM,How To Make Mini 1 Oz. Soy Candles | Fall Scented Sample Candles,583.0,storyboard,25,199.66,207.64,7.98,https://youtu.be/40mkiCY8uMM?t=200s,set_wick,assemble,1,0.5,Setting/centring wicks in the mini tins.,"Setting/centring wicks in the mini tins. captioned, static shot, well-lit, muted grey palette (#948888, #7a645e). assemble phase, ~34% in, 3:19–3:27.",so ee Ae? aff ay,1,0.0,0.132,0.042,0.447,0.096,"#948888,#7a645e,#212021",1,,
40mkiCY8uMM,https://www.youtube.com/watch?v=40mkiCY8uMM,How To Make Mini 1 Oz. Soy Candles | Fall Scented Sample Candles,583.0,storyboard,26,207.64,215.63,7.99,https://youtu.be/40mkiCY8uMM?t=208s,set_wick,assemble,1,0.5,Setting/centring wicks in the mini tins.,"Setting/centring wicks in the mini tins. static shot, well-lit, muted grey palette (#938888, #76635b). assemble phase, ~36% in, 3:27–3:35.",7 Ho,0,0.0,0.161,0.0,0.448,0.109,"#938888,#76635b,#221e1e",1,,
40mkiCY8uMM,https://www.youtube.com/watch?v=40mkiCY8uMM,How To Make Mini 1 Oz. Soy Candles | Fall Scented Sample Candles,583.0,storyboard,27,215.63,223.62,7.99,https://youtu.be/40mkiCY8uMM?t=216s,set_wick,assemble,1,0.5,Setting/centring wicks in the mini tins.,"Setting/centring wicks in the mini tins. captioned, static shot, well-lit, muted grey palette (#948787, #78665d). assemble phase, ~37% in, 3:35–3:43.",iw eee oo et,1,0.0,0.152,0.048,0.454,0.099,"#948787,#78665d,#211f20",1,,
40mkiCY8uMM,https://www.youtube.com/watch?v=40mkiCY8uMM,How To Make Mini 1 Oz. Soy Candles | Fall Scented Sample Candles,583.0,storyboard,28,223.62,231.6,7.98,https://youtu.be/40mkiCY8uMM?t=224s,set_wick,assemble,1,0.5,Prepping the mini tins.,"Prepping the mini tins. Centering and securing the wick after the pour so it stays upright while setting. static shot, well-lit, muted grey palette (#918888, #7b645b). assemble phase, ~38% in, 3:43–3:51.",wy eu,0,0.0,0.13,0.044,0.445,0.107,"#918888,#7b645b,#221f20",1,,
40mkiCY8uMM,https://www.youtube.com/watch?v=40mkiCY8uMM,How To Make Mini 1 Oz. Soy Candles | Fall Scented Sample Candles,583.0,storyboard,29,231.6,239.59,7.99,https://youtu.be/40mkiCY8uMM?t=232s,set_wick,assemble,1,0.5,Setting/centring wicks in the mini tins.,"Setting/centring wicks in the mini tins. captioned, static shot, well-lit, muted grey palette (#938a8a, #736159). assemble phase, ~40% in, 3:51–3:59.",lw fener af,1,0.0,0.092,0.0,0.45,0.102,"#938a8a,#736159,#1f1d1e",1,,
40mkiCY8uMM,https://www.youtube.com/watch?v=40mkiCY8uMM,How To Make Mini 1 Oz. Soy Candles | Fall Scented Sample Candles,583.0,storyboard,30,239.59,247.58,7.99,https://youtu.be/40mkiCY8uMM?t=240s,set_wick,assemble,1,0.5,Setting/centring wicks in the mini tins.,"Setting/centring wicks in the mini tins. static shot, well-lit, muted grey/brown palette (#928686, #6f5d53). assemble phase, ~41% in, 3:59–4:07.",Cl he,0,0.0,0.14,0.023,0.44,0.104,"#928686,#6f5d53,#1e1c1d",1,,
40mkiCY8uMM,https://www.youtube.com/watch?v=40mkiCY8uMM,How To Make Mini 1 Oz. Soy Candles | Fall Scented Sample Candles,583.0,storyboard,31,247.58,255.56,7.98,https://youtu.be/40mkiCY8uMM?t=248s,set_wick,assemble,1,0.5,Setting/centring wicks in the mini tins.,"Setting/centring wicks in the mini tins. static shot, well-lit, muted grey palette (#928787, #715f58). assemble phase, ~42% in, 4:07–4:15.",ST ler,0,0.0,0.168,0.031,0.44,0.105,"#928787,#715f58,#1f1e1e",1,,
40mkiCY8uMM,https://www.youtube.com/watch?v=40mkiCY8uMM,How To Make Mini 1 Oz. Soy Candles | Fall Scented Sample Candles,583.0,storyboard,32,255.56,263.55,7.99,https://youtu.be/40mkiCY8uMM?t=256s,set_wick,assemble,1,0.5,Setting/centring wicks in the mini tins.,"Setting/centring wicks in the mini tins. static shot, well-lit, muted grey palette (#8f8685, #736359). assemble phase, ~44% in, 4:15–4:23.",my ae,0,0.0,0.145,0.025,0.441,0.098,"#8f8685,#736359,#1f1d1d",1,,
40mkiCY8uMM,https://www.youtube.com/watch?v=40mkiCY8uMM,How To Make Mini 1 Oz. Soy Candles | Fall Scented Sample Candles,583.0,storyboard,33,263.55,271.53,7.98,https://youtu.be/40mkiCY8uMM?t=264s,set_wick,assemble,1,0.5,Setting/centring wicks in the mini tins.,"Setting/centring wicks in the mini tins. static shot, well-lit, muted grey palette (#988988, #76665d). assemble phase, ~45% in, 4:23–4:31.",wi.,0,0.0,0.162,0.0,0.454,0.109,"#988988,#76665d,#22201f",1,,
40mkiCY8uMM,https://www.youtube.com/watch?v=40mkiCY8uMM,How To Make Mini 1 Oz. Soy Candles | Fall Scented Sample Candles,583.0,storyboard,34,271.53,279.52,7.99,https://youtu.be/40mkiCY8uMM?t=272s,set_wick,assemble,1,0.5,Setting/centring wicks in the mini tins.,"Setting/centring wicks in the mini tins. captioned, moderate on-screen movement, well-lit, muted grey palette (#8b8a88, #686059). assemble phase, ~47% in, 4:31–4:39.",ee aes my,1,0.0,0.137,0.164,0.447,0.082,"#8b8a88,#686059,#1d181a",1,,
40mkiCY8uMM,https://www.youtube.com/watch?v=40mkiCY8uMM,How To Make Mini 1 Oz. Soy Candles | Fall Scented Sample Candles,583.0,storyboard,57,455.22,463.21,7.99,https://youtu.be/40mkiCY8uMM?t=455s,set_wick,assemble,1,0.5,Setting/centring wicks in the mini tins.,"Setting/centring wicks in the mini tins. static shot, well-lit, muted grey palette (#756b63, #b38d86). assemble phase, ~78% in, 7:35–7:43.",4,0,0.0,0.102,0.0,0.442,0.125,"#756b63,#b38d86,#22201e",1,,
40mkiCY8uMM,https://www.youtube.com/watch?v=40mkiCY8uMM,How To Make Mini 1 Oz. Soy Candles | Fall Scented Sample Candles,583.0,storyboard,58,463.21,471.19,7.98,https://youtu.be/40mkiCY8uMM?t=463s,set_wick,assemble,1,0.5,Rows of mini candles setting.,"Rows of mini candles setting. static shot, well-lit, muted grey/brown palette (#888880, #695f52). assemble phase, ~79% in, 7:43–7:51.",para 2,0,0.0,0.222,0.037,0.439,0.086,"#888880,#695f52,#1e1e1b",1,,
40mkiCY8uMM,https://www.youtube.com/watch?v=40mkiCY8uMM,How To Make Mini 1 Oz. Soy Candles | Fall Scented Sample Candles,583.0,storyboard,59,471.19,479.18,7.99,https://youtu.be/40mkiCY8uMM?t=471s,set_wick,assemble,1,0.5,Setting/centring wicks in the mini tins.,"Setting/centring wicks in the mini tins. static shot, well-lit, muted grey/brown palette (#86857e, #665c4f). assemble phase, ~81% in, 7:51–7:59.",aa,0,0.0,0.174,0.027,0.437,0.081,"#86857e,#665c4f,#1d1e1a",1,,
5SulILZNPEI,https://www.youtube.com/watch?v=5SulILZNPEI,How To Make Soy Candles DIY Candle Making Tutorial,453.0,storyboard,34,270.21,278.16,7.95,https://youtu.be/5SulILZNPEI?t=270s,set_wick,assemble,1,0.4,overhead working tins,"overhead working tins. Centering and securing the wick after the pour so it stays upright while setting. captioned, static shot, well-lit, muted grey/beige palette (#9f8c6f, #cebea5). assemble phase, ~60% in, 4:30–4:38.",are Go hy ae oP ae gee 4 ay 3,1,0.0,0.075,0.025,0.582,0.116,"#9f8c6f,#cebea5,#3e3b32",1,,
5SulILZNPEI,https://www.youtube.com/watch?v=5SulILZNPEI,How To Make Soy Candles DIY Candle Making Tutorial,453.0,storyboard,35,278.16,286.11,7.95,https://youtu.be/5SulILZNPEI?t=278s,set_wick,assemble,1,0.6,host talking to camera,"host talking to camera. Centering and securing the wick after the pour so it stays upright while setting. static shot, well-lit, muted beige/grey palette (#cdbca2, #9e8a70). assemble phase, ~61% in, 4:38–4:46.",,0,0.0,0.084,0.046,0.578,0.118,"#cdbca2,#9e8a70,#3c3737",1,,
5SulILZNPEI,https://www.youtube.com/watch?v=5SulILZNPEI,How To Make Soy Candles DIY Candle Making Tutorial,453.0,storyboard,36,286.11,294.05,7.94,https://youtu.be/5SulILZNPEI?t=286s,set_wick,assemble,1,0.4,overhead adjusting wicks,"overhead adjusting wicks. static shot, well-lit, muted grey/brown palette (#736f6e, #3b3146). assemble phase, ~63% in, 4:46–4:54.",2 Ey,0,0.0,0.045,0.0,0.44,0.144,"#736f6e,#3b3146,#d8c19e",1,,
647HetRAhR0,https://www.youtube.com/watch?v=647HetRAhR0,Make Candle Tins with Me! | Small Business Vlog,172.0,storyboard,3,23.45,31.27,7.82,https://youtu.be/647HetRAhR0?t=23s,set_wick,assemble,1,0.5,Overhead rows of black tins; setting wicks.,"Overhead rows of black tins; setting wicks. moderate on-screen movement, well-lit, muted grey palette (#877f74, #6f6658). assemble phase, ~14% in, 0:23–0:31.",,0,0.333,0.001,0.15,0.405,0.079,"#877f74,#6f6658,#1c1d19",1,,
647HetRAhR0,https://www.youtube.com/watch?v=647HetRAhR0,Make Candle Tins with Me! | Small Business Vlog,172.0,storyboard,4,31.27,39.09,7.82,https://youtu.be/647HetRAhR0?t=31s,set_wick,assemble,1,0.5,Placing wicks into the black tins.,"Placing wicks into the black tins. steady, low-motion shot, well-lit, muted grey palette (#a79d93, #8c7e70). assemble phase, ~18% in, 0:31–0:39.",ee,0,0.0,0.016,0.135,0.482,0.061,"#a79d93,#8c7e70,#2f2d28",1,,
647HetRAhR0,https://www.youtube.com/watch?v=647HetRAhR0,Make Candle Tins with Me! | Small Business Vlog,172.0,storyboard,5,39.09,46.91,7.82,https://youtu.be/647HetRAhR0?t=39s,set_wick,assemble,1,0.5,Centring wicks in the tins.,"Centring wicks in the tins. steady, low-motion shot, well-lit, muted grey/brown palette (#948c87, #655753). assemble phase, ~23% in, 0:39–0:46.",,0,0.0,0.011,0.056,0.458,0.062,"#948c87,#655753,#191816",1,,
647HetRAhR0,https://www.youtube.com/watch?v=647HetRAhR0,Make Candle Tins with Me! | Small Business Vlog,172.0,storyboard,6,46.91,54.73,7.82,https://youtu.be/647HetRAhR0?t=47s,set_wick,assemble,1,0.45,Hands at the rows of tins.,"Hands at the rows of tins. static shot, well-lit, muted grey/brown palette (#8e8782, #4e4844). assemble phase, ~27% in, 0:46–0:54.",,0,0.0,0.014,0.047,0.46,0.064,"#8e8782,#4e4844,#131412",1,,
647HetRAhR0,https://www.youtube.com/watch?v=647HetRAhR0,Make Candle Tins with Me! | Small Business Vlog,172.0,storyboard,7,54.73,62.55,7.82,https://youtu.be/647HetRAhR0?t=55s,set_wick,assemble,1,0.45,Rows of black tins with wicks ready.,"Rows of black tins with wicks ready. captioned, steady, low-motion shot, well-lit, muted beige/brown palette (#aba6a2, #6e694a). assemble phase, ~32% in, 0:54–1:02.",Sosa Sfeaes,1,0.0,0.051,0.103,0.485,0.098,"#aba6a2,#6e694a,#26251f",1,,
647HetRAhR0,https://www.youtube.com/watch?v=647HetRAhR0,Make Candle Tins with Me! | Small Business Vlog,172.0,storyboard,8,62.55,70.36,7.81,https://youtu.be/647HetRAhR0?t=63s,set_wick,assemble,1,0.45,Adjusting wicks in the tins.,"Adjusting wicks in the tins. captioned, static shot, well-lit, muted beige/brown palette (#a8a29c, #685e43). assemble phase, ~36% in, 1:02–1:10.","2 eo, Ak sss",1,0.0,0.074,0.026,0.497,0.112,"#a8a29c,#685e43,#21211a",1,,
6HKMsobiG74,https://www.youtube.com/watch?v=6HKMsobiG74,Most Satisfying Ocean Jelly Candle | Water Candle DIY ASMR,158.0,storyboard,14,110.6,118.5,7.9,https://youtu.be/6HKMsobiG74?t=111s,set_wick,assemble,1,0.35,A wick/centre element set in the jelly candle.,"A wick/centre element set in the jelly candle. captioned, steady, low-motion shot, well-lit, grey/beige palette (#839595, #a6aeac). assemble phase, ~70% in, 1:50–1:58.",fi Testi ef Ww haga,1,0.0,0.045,0.142,0.523,0.156,"#839595,#a6aeac,#3b706b",1,,
6Y1FERoGUSo,https://www.youtube.com/watch?v=6Y1FERoGUSo,Aesthetic Flower Candle - 4 K Free Video Process Tutorial - Celebrating Spring,776.0,storyboard,84,672.0,680.0,8.0,https://youtu.be/6Y1FERoGUSo?t=672s,set_wick,assemble,1,0.45,Threading a wick through the assembled rose candle.,"Threading a wick through the assembled rose candle. static shot, well-lit, muted grey palette (#8f8784, #78706d). assemble phase, ~87% in, 11:12–11:20.",,0,0.0,0.0,0.019,0.475,0.034,"#8f8784,#78706d,#5b4f4b",1,,
6Y1FERoGUSo,https://www.youtube.com/watch?v=6Y1FERoGUSo,Aesthetic Flower Candle - 4 K Free Video Process Tutorial - Celebrating Spring,776.0,storyboard,85,680.0,688.0,8.0,https://youtu.be/6Y1FERoGUSo?t=680s,set_wick,assemble,1,0.45,Setting the wick in the rose.,"Setting the wick in the rose. steady, low-motion shot, well-lit, muted grey palette (#908884, #776e6b). assemble phase, ~88% in, 11:20–11:28.",,0,0.0,0.001,0.066,0.476,0.037,"#908884,#776e6b,#5e544e",1,,
6Y1FERoGUSo,https://www.youtube.com/watch?v=6Y1FERoGUSo,Aesthetic Flower Candle - 4 K Free Video Process Tutorial - Celebrating Spring,776.0,storyboard,86,688.0,696.0,8.0,https://youtu.be/6Y1FERoGUSo?t=688s,set_wick,assemble,1,0.5,Final shaping of the rose petals.,"Final shaping of the rose petals. static shot, well-lit, muted grey palette (#8e8683, #726966). assemble phase, ~89% in, 11:28–11:36.",,0,0.0,0.0,0.0,0.448,0.038,"#8e8683,#726966,#574b45",1,,
6Y1FERoGUSo,https://www.youtube.com/watch?v=6Y1FERoGUSo,Aesthetic Flower Candle - 4 K Free Video Process Tutorial - Celebrating Spring,776.0,storyboard,87,696.0,704.0,8.0,https://youtu.be/6Y1FERoGUSo?t=696s,set_wick,assemble,1,0.45,Wick adjusted in the rose candle.,"Wick adjusted in the rose candle. steady, low-motion shot, well-lit, muted grey palette (#938987, #837b77). assemble phase, ~90% in, 11:36–11:44.",,0,0.0,0.002,0.115,0.474,0.036,"#938987,#837b77,#6a6562",1,,
6jN6A8RVyWw,https://www.youtube.com/watch?v=6jN6A8RVyWw,DIY - Candle making kit tutorial,117.0,storyboard,11,85.8,93.6,7.8,https://youtu.be/6jN6A8RVyWw?t=86s,set_wick,assemble,1,0.45,Hands work the wick/top of the filled pink candle.,"Hands work the wick/top of the filled pink candle. moderate on-screen movement, well-lit, beige/brown palette (#cfbeb0, #8a2741). assemble phase, ~73% in, 1:25–1:33.",,0,0.0,0.037,0.153,0.615,0.181,"#cfbeb0,#8a2741,#b27f86",1,,
7Nf-01syKuo,https://www.youtube.com/watch?v=7Nf-01syKuo,How to make Pillar Floral CANDLES 2 different ways #flowercandles,768.0,storyboard,51,408.0,416.0,8.0,https://youtu.be/7Nf-01syKuo?t=408s,set_wick,assemble,1,0.5,Setting the wick.,"Setting the wick. Centering and securing the wick after the pour so it stays upright while setting. moderate on-screen movement, well-lit, muted grey/black palette (#727062, #2d201d). assemble phase, ~53% in, 6:48–6:56.",Dy al,0,0.0,0.065,0.218,0.445,0.068,"#727062,#2d201d,#9a9a9f",1,,
7j6uypARXW4,https://www.youtube.com/watch?v=7j6uypARXW4,DIY Water candles | Making candles with WATER!?,414.0,storyboard,15,119.42,127.38,7.96,https://youtu.be/7j6uypARXW4?t=119s,set_wick,assemble,1,0.45,Float wick placed on the blue oil/water cup.,"Float wick placed on the blue oil/water cup. moderate on-screen movement, dim, muted grey/brown palette (#7b7d75, #4a4d4c). assemble phase, ~29% in, 1:59–2:07.",7,0,0.0,0.014,0.241,0.351,0.102,"#7b7d75,#4a4d4c,#d6d6bc",1,,
7j6uypARXW4,https://www.youtube.com/watch?v=7j6uypARXW4,DIY Water candles | Making candles with WATER!?,414.0,storyboard,16,127.38,135.35,7.97,https://youtu.be/7j6uypARXW4?t=127s,set_wick,assemble,1,0.45,Wick floats on the blue water candle.,"Wick floats on the blue water candle. static shot, well-lit, muted grey/brown palette (#7c817c, #495151). assemble phase, ~31% in, 2:07–2:15.",,0,0.0,0.015,0.0,0.46,0.101,"#7c817c,#495151,#d8ddc5",1,,
7j6uypARXW4,https://www.youtube.com/watch?v=7j6uypARXW4,DIY Water candles | Making candles with WATER!?,414.0,storyboard,17,135.35,143.31,7.96,https://youtu.be/7j6uypARXW4?t=135s,set_wick,assemble,1,0.45,Amber water candle with the wick lit.,"Amber water candle with the wick lit. moderate on-screen movement, dim, muted black/brown palette (#323331, #71564b). assemble phase, ~33% in, 2:15–2:23.",,0,0.0,0.001,0.176,0.398,0.125,"#323331,#71564b,#ead2ab",1,,
7j6uypARXW4,https://www.youtube.com/watch?v=7j6uypARXW4,DIY Water candles | Making candles with WATER!?,414.0,storyboard,18,143.31,151.27,7.96,https://youtu.be/7j6uypARXW4?t=143s,set_wick,assemble,1,0.4,Adjusting the blue float wick.,"Adjusting the blue float wick. moderate on-screen movement, well-lit, muted grey/brown palette (#6b6b69, #40413e). assemble phase, ~35% in, 2:23–2:31.",,0,0.0,0.019,0.209,0.487,0.128,"#6b6b69,#40413e,#d1cfcd",1,,
7j6uypARXW4,https://www.youtube.com/watch?v=7j6uypARXW4,DIY Water candles | Making candles with WATER!?,414.0,storyboard,19,151.27,159.23,7.96,https://youtu.be/7j6uypARXW4?t=151s,set_wick,assemble,1,0.4,Clear cup with water and wick.,"Clear cup with water and wick. steady, low-motion shot, well-lit, muted grey/brown palette (#716f6c, #423e39). assemble phase, ~37% in, 2:31–2:39.",,0,0.0,0.007,0.08,0.414,0.038,"#716f6c,#423e39,#d2d0d1",1,,
7j6uypARXW4,https://www.youtube.com/watch?v=7j6uypARXW4,DIY Water candles | Making candles with WATER!?,414.0,storyboard,22,175.15,183.12,7.97,https://youtu.be/7j6uypARXW4?t=175s,set_wick,assemble,1,0.4,Float wick set over the red-bead cup.,"Float wick set over the red-bead cup. steady, low-motion shot, dim, muted brown/black palette (#495151, #282725). assemble phase, ~42% in, 2:55–3:03.",,0,0.0,0.015,0.098,0.342,0.117,"#495151,#282725,#d6bea4",1,,
7j6uypARXW4,https://www.youtube.com/watch?v=7j6uypARXW4,DIY Water candles | Making candles with WATER!?,414.0,storyboard,30,238.85,246.81,7.96,https://youtu.be/7j6uypARXW4?t=239s,set_wick,assemble,1,0.4,Wick set on the glitter water globe.,"Wick set on the glitter water globe. static shot, dim, muted black/grey palette (#222525, #716d6c). assemble phase, ~58% in, 3:58–4:06.",,0,0.0,0.011,0.046,0.278,0.042,"#222525,#716d6c,#575351",1,,
8V_WyGLS5Zo,https://www.youtube.com/watch?v=8V_WyGLS5Zo,Candle Making Tutorial for Beginners | DIY Candle Tutorial,375.0,storyboard,21,167.55,175.53,7.98,https://youtu.be/8V_WyGLS5Zo?t=168s,set_wick,assemble,1,0.45,Wick sticks set in the jars.,"Wick sticks set in the jars. captioned, steady, low-motion shot, dim, black/brown palette (#191713, #715922). assemble phase, ~45% in, 2:47–2:55.",me TA nw 9 o's 8 Rid os LA 7 wee ra as: wy fe eye et Owe in 7 FN 2 ms Ry 4 aN at,1,0.0,0.186,0.145,0.237,0.194,"#191713,#715922,#b19765",1,,
8V_WyGLS5Zo,https://www.youtube.com/watch?v=8V_WyGLS5Zo,Candle Making Tutorial for Beginners | DIY Candle Tutorial,375.0,storyboard,22,175.53,183.51,7.98,https://youtu.be/8V_WyGLS5Zo?t=176s,set_wick,assemble,1,0.45,Hands adjust wicks in the amber jars.,"Hands adjust wicks in the amber jars. moderate on-screen movement, dim, brown/black palette (#885c08, #392407). assemble phase, ~47% in, 2:55–3:03.",7 La,0,0.0,0.089,0.231,0.291,0.237,"#885c08,#392407,#7f6d59",1,,
8V_WyGLS5Zo,https://www.youtube.com/watch?v=8V_WyGLS5Zo,Candle Making Tutorial for Beginners | DIY Candle Tutorial,375.0,storyboard,23,183.51,191.49,7.98,https://youtu.be/8V_WyGLS5Zo?t=184s,set_wick,assemble,1,0.5,Pouring wax into a glass with a wick.,"Pouring wax into a glass with a wick. static shot, dim, muted black/brown palette (#211712, #756053). assemble phase, ~49% in, 3:03–3:11.",,0,0.0,0.011,0.0,0.36,0.098,"#211712,#756053,#aaa69b",1,,
8V_WyGLS5Zo,https://www.youtube.com/watch?v=8V_WyGLS5Zo,Candle Making Tutorial for Beginners | DIY Candle Tutorial,375.0,storyboard,24,191.49,199.47,7.98,https://youtu.be/8V_WyGLS5Zo?t=191s,set_wick,assemble,1,0.5,Gloved hands centre the wick in a white candle on a turntable.,"Gloved hands centre the wick in a white candle on a turntable. moderate on-screen movement, dim, muted black/grey palette (#140e0c, #79695c). assemble phase, ~51% in, 3:11–3:19.",Ys,0,0.0,0.043,0.189,0.278,0.092,"#140e0c,#79695c,#c5c6c0",1,,
8V_WyGLS5Zo,https://www.youtube.com/watch?v=8V_WyGLS5Zo,Candle Making Tutorial for Beginners | DIY Candle Tutorial,375.0,storyboard,28,223.4,231.38,7.98,https://youtu.be/8V_WyGLS5Zo?t=223s,set_wick,assemble,1,0.45,Gloved hands work the candle on the turntable.,"Gloved hands work the candle on the turntable. captioned, moderate on-screen movement, dim, muted black/beige palette (#090706, #b4b2a2). assemble phase, ~60% in, 3:43–3:51.",Pete WEF ae,1,0.0,0.044,0.215,0.255,0.126,"#090706,#b4b2a2,#6e5e47",1,,
8_vXTepQRI8,https://www.youtube.com/watch?v=8_vXTepQRI8,DIY Homemade Tea Tin Candle - A Great Gift Idea!,424.0,storyboard,36,288.0,296.0,8.0,https://youtu.be/8_vXTepQRI8?t=288s,set_wick,assemble,1,0.5,Setting the wick.,"Setting the wick. Centering and securing the wick after the pour so it stays upright while setting. static shot, bright, cream/amber palette (#dedfd6, #b09575). assemble phase, ~68% in, 4:48–4:56.",ae Rel,0,0.0,0.046,0.016,0.737,0.154,"#dedfd6,#b09575,#8b6639",1,,
8_vXTepQRI8,https://www.youtube.com/watch?v=8_vXTepQRI8,DIY Homemade Tea Tin Candle - A Great Gift Idea!,424.0,storyboard,39,312.0,320.0,8.0,https://youtu.be/8_vXTepQRI8?t=312s,set_wick,assemble,1,0.5,Setting the wick.,"Setting the wick. Centering and securing the wick after the pour so it stays upright while setting. static shot, bright, cream/amber palette (#e1e1d7, #b09474). assemble phase, ~74% in, 5:12–5:20.",roe,0,0.0,0.042,0.0,0.74,0.159,"#e1e1d7,#b09474,#916639",1,,
B2AFuHYg_Io,https://www.youtube.com/watch?v=B2AFuHYg_Io,Coconut Soy wax candle making for beginners,507.0,storyboard,24,193.14,201.19,8.05,https://youtu.be/B2AFuHYg_Io?t=193s,set_wick,assemble,1,0.45,Yellow wax in the glass with a wick bar.,"Yellow wax in the glass with a wick bar. moderate on-screen movement, well-lit, muted grey/black palette (#746463, #392b2a). assemble phase, ~38% in, 3:13–3:21.",,0,0.5,0.03,0.204,0.422,0.109,"#746463,#392b2a,#9f9ca0",0,talking_head,
BskHsZWNhRw,https://www.youtube.com/watch?v=BskHsZWNhRw,DIY WATER CANDLES // Easy DIY CANDLES AT HOME,300.0,storyboard,27,213.16,221.05,7.89,https://youtu.be/BskHsZWNhRw?t=213s,set_wick,assemble,1,0.4,Positioning the wick in the clear glass.,"Positioning the wick in the clear glass. steady, low-motion shot, well-lit, muted beige/grey palette (#aba8a0, #8b8580). assemble phase, ~71% in, 3:33–3:41.",2,0,0.0,0.023,0.062,0.558,0.099,"#aba8a0,#8b8580,#554b48",1,,
CkI6M8naWvY,https://www.youtube.com/watch?v=CkI6M8naWvY,How to Make Water Candles at Home | Beginner Candle Making Tutorial,264.0,storyboard,2,16.0,24.0,8.0,https://youtu.be/CkI6M8naWvY?t=16s,set_wick,assemble,1,0.4,Setting a floating wick on the water candle.,"Setting a floating wick on the water candle. captioned, steady, low-motion shot, bright, muted cream/beige palette (#e2e0e6, #beb3a4). assemble phase, ~6% in, 0:16–0:24.",aes As 4 4 oy ss 4 ince oe oe nil he 4 YY,1,0.0,0.066,0.083,0.716,0.131,"#e2e0e6,#beb3a4,#6d5b3c",1,,
CkI6M8naWvY,https://www.youtube.com/watch?v=CkI6M8naWvY,How to Make Water Candles at Home | Beginner Candle Making Tutorial,264.0,storyboard,5,40.0,48.0,8.0,https://youtu.be/CkI6M8naWvY?t=40s,set_wick,assemble,1,0.4,Setting a floating wick on the water candle.,"Setting a floating wick on the water candle. captioned, steady, low-motion shot, bright, muted cream/beige palette (#e3e0e4, #bdb2a0). assemble phase, ~15% in, 0:40–0:48.",ae Ge SeeregYe ts Ee yo ae 7 See PN ae aa,1,0.0,0.091,0.101,0.737,0.119,"#e3e0e4,#bdb2a0,#6c593d",1,,
CkI6M8naWvY,https://www.youtube.com/watch?v=CkI6M8naWvY,How to Make Water Candles at Home | Beginner Candle Making Tutorial,264.0,storyboard,8,64.0,72.0,8.0,https://youtu.be/CkI6M8naWvY?t=64s,set_wick,assemble,1,0.4,Setting a floating wick on the water candle.,"Setting a floating wick on the water candle. captioned, static shot, bright, muted cream/beige palette (#e3dfe0, #b29f87). assemble phase, ~24% in, 1:04–1:12.",Fy teed fo OW,1,0.0,0.085,0.026,0.759,0.118,"#e3dfe0,#b29f87,#665238",1,,
CkI6M8naWvY,https://www.youtube.com/watch?v=CkI6M8naWvY,How to Make Water Candles at Home | Beginner Candle Making Tutorial,264.0,storyboard,11,88.0,96.0,8.0,https://youtu.be/CkI6M8naWvY?t=88s,set_wick,assemble,1,0.4,Setting a floating wick on the water candle.,"Setting a floating wick on the water candle. captioned, steady, low-motion shot, bright, white/beige palette (#eae6e9, #c6b7a0). assemble phase, ~33% in, 1:28–1:36.","ie ee 2 Be 7 Sx ie Ys, 7 ee 7 dy ea fy oa IF",1,0.0,0.091,0.119,0.718,0.157,"#eae6e9,#c6b7a0,#735d42",1,,
CrJ9UE6Nihw,https://www.youtube.com/watch?v=CrJ9UE6Nihw,FULL & easy beginners guide to Candle Making,601.0,storyboard,35,280.47,288.48,8.01,https://youtu.be/CrJ9UE6Nihw?t=280s,set_wick,assemble,1,0.45,Star bowl with wax; wick strings positioned.,"Star bowl with wax; wick strings positioned. static shot, well-lit, muted grey palette (#6f6c69, #8c8a8a). assemble phase, ~47% in, 4:40–4:48.",tee tae,0,0.0,0.025,0.0,0.532,0.037,"#6f6c69,#8c8a8a,#adacb0",1,,
CrJ9UE6Nihw,https://www.youtube.com/watch?v=CrJ9UE6Nihw,FULL & easy beginners guide to Candle Making,601.0,storyboard,36,288.48,296.49,8.01,https://youtu.be/CrJ9UE6Nihw?t=288s,set_wick,assemble,1,0.45,Setting/securing wicks in the star bowl with glue and sticks.,"Setting/securing wicks in the star bowl with glue and sticks. static shot, well-lit, muted grey/beige palette (#847b7a, #a7a5aa). assemble phase, ~48% in, 4:48–4:56.",ee Be 7,0,0.0,0.023,0.04,0.496,0.079,"#847b7a,#a7a5aa,#5c4c48",1,,
CrJ9UE6Nihw,https://www.youtube.com/watch?v=CrJ9UE6Nihw,FULL & easy beginners guide to Candle Making,601.0,storyboard,37,296.49,304.51,8.02,https://youtu.be/CrJ9UE6Nihw?t=296s,set_wick,assemble,1,0.45,Setting/securing wicks in the star bowl with glue and sticks.,"Setting/securing wicks in the star bowl with glue and sticks. captioned, steady, low-motion shot, well-lit, muted grey palette (#6f6b68, #8d8a8b). assemble phase, ~49% in, 4:56–5:04.",jaa rn Ss oy os CF,1,0.0,0.017,0.072,0.505,0.065,"#6f6b68,#8d8a8b,#abaaaf",1,,
CrJ9UE6Nihw,https://www.youtube.com/watch?v=CrJ9UE6Nihw,FULL & easy beginners guide to Candle Making,601.0,storyboard,38,304.51,312.52,8.01,https://youtu.be/CrJ9UE6Nihw?t=305s,set_wick,assemble,1,0.45,Setting/securing wicks in the star bowl with glue and sticks.,"Setting/securing wicks in the star bowl with glue and sticks. captioned, static shot, well-lit, muted grey palette (#6c6966, #8c898b). assemble phase, ~51% in, 5:04–5:12.",7 bo cory. 4 Sm hs is 4 oe es ye ES,1,0.0,0.028,0.005,0.525,0.035,"#6c6966,#8c898b,#aaa9ae",0,text_overlay,
CrJ9UE6Nihw,https://www.youtube.com/watch?v=CrJ9UE6Nihw,FULL & easy beginners guide to Candle Making,601.0,storyboard,39,312.52,320.53,8.01,https://youtu.be/CrJ9UE6Nihw?t=313s,set_wick,assemble,1,0.45,Setting/securing wicks in the star bowl with glue and sticks.,"Setting/securing wicks in the star bowl with glue and sticks. captioned, static shot, well-lit, muted brown/grey palette (#5d4d48, #84726f). assemble phase, ~52% in, 5:12–5:20.",al ee Of,1,0.0,0.02,0.0,0.464,0.086,"#5d4d48,#84726f,#a09ea2",1,,
CrJ9UE6Nihw,https://www.youtube.com/watch?v=CrJ9UE6Nihw,FULL & easy beginners guide to Candle Making,601.0,storyboard,40,320.53,328.55,8.02,https://youtu.be/CrJ9UE6Nihw?t=321s,set_wick,assemble,1,0.45,Setting/securing wicks in the star bowl with glue and sticks.,"Setting/securing wicks in the star bowl with glue and sticks. captioned, static shot, well-lit, muted grey/beige palette (#6c6462, #aaa7ab). assemble phase, ~53% in, 5:20–5:28.",vv ee AO iwheihe ae Rae,1,0.0,0.025,0.013,0.523,0.05,"#6c6462,#aaa7ab,#8c8888",1,,
CrJ9UE6Nihw,https://www.youtube.com/watch?v=CrJ9UE6Nihw,FULL & easy beginners guide to Candle Making,601.0,storyboard,41,328.55,336.56,8.01,https://youtu.be/CrJ9UE6Nihw?t=329s,set_wick,assemble,1,0.45,Setting/securing wicks in the star bowl with glue and sticks.,"Setting/securing wicks in the star bowl with glue and sticks. captioned, steady, low-motion shot, well-lit, muted brown/grey palette (#62524d, #8b7874). assemble phase, ~55% in, 5:28–5:36.",7 sf Fi. rs,1,0.0,0.022,0.072,0.512,0.063,"#62524d,#8b7874,#a6a1a4",1,,
CrJ9UE6Nihw,https://www.youtube.com/watch?v=CrJ9UE6Nihw,FULL & easy beginners guide to Candle Making,601.0,storyboard,42,336.56,344.57,8.01,https://youtu.be/CrJ9UE6Nihw?t=337s,set_wick,assemble,1,0.45,Setting/securing wicks in the star bowl with glue and sticks.,"Setting/securing wicks in the star bowl with glue and sticks. captioned, static shot, well-lit, muted grey palette (#716d6a, #8b8787). assemble phase, ~56% in, 5:36–5:44.",9 va ee ae Pg? BS 7,1,0.0,0.022,0.0,0.54,0.036,"#716d6a,#8b8787,#a8a7ac",1,,
CrJ9UE6Nihw,https://www.youtube.com/watch?v=CrJ9UE6Nihw,FULL & easy beginners guide to Candle Making,601.0,storyboard,43,344.57,352.59,8.02,https://youtu.be/CrJ9UE6Nihw?t=345s,set_wick,assemble,1,0.45,Setting/securing wicks in the star bowl with glue and sticks.,"Setting/securing wicks in the star bowl with glue and sticks. captioned, steady, low-motion shot, well-lit, muted beige/grey palette (#a4a2a6, #7a7574). assemble phase, ~57% in, 5:44–5:52.",2 tthe Om Se aoe aes Nae 7,1,0.0,0.018,0.068,0.492,0.072,"#a4a2a6,#7a7574,#5d4e4b",1,,
CrJ9UE6Nihw,https://www.youtube.com/watch?v=CrJ9UE6Nihw,FULL & easy beginners guide to Candle Making,601.0,storyboard,44,352.59,360.6,8.01,https://youtu.be/CrJ9UE6Nihw?t=353s,set_wick,assemble,1,0.45,Setting/securing wicks in the star bowl with glue and sticks.,"Setting/securing wicks in the star bowl with glue and sticks. captioned, static shot, well-lit, muted grey/beige palette (#6f6b68, #a9a7ab). assemble phase, ~59% in, 5:52–6:00.",ne Pe ut rhs an ar ee ues oa ae epi. Si SLs,1,0.0,0.024,0.016,0.532,0.034,"#6f6b68,#a9a7ab,#8a8787",0,text_overlay,
CrJ9UE6Nihw,https://www.youtube.com/watch?v=CrJ9UE6Nihw,FULL & easy beginners guide to Candle Making,601.0,storyboard,45,360.6,368.61,8.01,https://youtu.be/CrJ9UE6Nihw?t=361s,set_wick,assemble,1,0.45,Setting/securing wicks in the star bowl with glue and sticks.,"Setting/securing wicks in the star bowl with glue and sticks. static shot, well-lit, muted grey/beige palette (#5d5e60, #abaeb3). assemble phase, ~60% in, 6:00–6:08.",,0,0.0,0.008,0.0,0.506,0.032,"#5d5e60,#abaeb3,#828386",1,,
CrJ9UE6Nihw,https://www.youtube.com/watch?v=CrJ9UE6Nihw,FULL & easy beginners guide to Candle Making,601.0,storyboard,46,368.61,376.63,8.02,https://youtu.be/CrJ9UE6Nihw?t=369s,set_wick,assemble,1,0.45,Setting/securing wicks in the star bowl with glue and sticks.,"Setting/securing wicks in the star bowl with glue and sticks. steady, low-motion shot, well-lit, muted grey palette (#6f696b, #97989d). assemble phase, ~61% in, 6:08–6:16.",,0,0.0,0.011,0.086,0.425,0.098,"#6f696b,#97989d,#30294a",1,,
CrJ9UE6Nihw,https://www.youtube.com/watch?v=CrJ9UE6Nihw,FULL & easy beginners guide to Candle Making,601.0,storyboard,47,376.63,384.64,8.01,https://youtu.be/CrJ9UE6Nihw?t=377s,set_wick,assemble,1,0.45,Setting/securing wicks in the star bowl with glue and sticks.,"Setting/securing wicks in the star bowl with glue and sticks. captioned, steady, low-motion shot, well-lit, muted grey palette (#8c8d91, #676769). assemble phase, ~63% in, 6:16–6:24.",thy. oat ns ir be 2. oe hs el Vv,1,0.0,0.018,0.148,0.453,0.083,"#8c8d91,#676769,#17163e",1,,
CrJ9UE6Nihw,https://www.youtube.com/watch?v=CrJ9UE6Nihw,FULL & easy beginners guide to Candle Making,601.0,storyboard,53,424.71,432.72,8.01,https://youtu.be/CrJ9UE6Nihw?t=425s,set_wick,assemble,1,0.45,Green-wax bowl; wicks held upright.,"Green-wax bowl; wicks held upright. static shot, well-lit, muted grey/beige palette (#7b7976, #aeb0b4). assemble phase, ~71% in, 7:04–7:12.","eer, Ss",0,0.0,0.034,0.044,0.496,0.098,"#7b7976,#aeb0b4,#544e36",1,,
CrJ9UE6Nihw,https://www.youtube.com/watch?v=CrJ9UE6Nihw,FULL & easy beginners guide to Candle Making,601.0,storyboard,56,448.75,456.76,8.01,https://youtu.be/CrJ9UE6Nihw?t=449s,set_wick,assemble,1,0.45,Green-wax bowl; wick.,"Green-wax bowl; wick. Centering and securing the wick after the pour so it stays upright while setting. steady, low-motion shot, well-lit, muted grey/brown palette (#7e7b7b, #584e3f). assemble phase, ~75% in, 7:28–7:36.",,0,0.0,0.024,0.068,0.487,0.091,"#7e7b7b,#584e3f,#b1b0b4",1,,
CrJ9UE6Nihw,https://www.youtube.com/watch?v=CrJ9UE6Nihw,FULL & easy beginners guide to Candle Making,601.0,storyboard,57,456.76,464.77,8.01,https://youtu.be/CrJ9UE6Nihw?t=457s,set_wick,assemble,1,0.45,Adjusting the wicks in the green wax.,"Adjusting the wicks in the green wax. static shot, well-lit, muted brown/grey palette (#51493d, #7d7b7a). assemble phase, ~76% in, 7:36–7:44.",,0,0.0,0.025,0.0,0.477,0.085,"#51493d,#7d7b7a,#b0b0b4",1,,
CrJ9UE6Nihw,https://www.youtube.com/watch?v=CrJ9UE6Nihw,FULL & easy beginners guide to Candle Making,601.0,storyboard,62,496.83,504.84,8.01,https://youtu.be/CrJ9UE6Nihw?t=497s,set_wick,assemble,1,0.45,Centring wicks in the white top layer.,"Centring wicks in the white top layer. captioned, steady, low-motion shot, well-lit, muted grey/brown palette (#a59086, #7e5f52). assemble phase, ~83% in, 8:16–8:24.",on re it.,1,0.0,0.017,0.081,0.446,0.092,"#a59086,#7e5f52,#493731",1,,
CrJ9UE6Nihw,https://www.youtube.com/watch?v=CrJ9UE6Nihw,FULL & easy beginners guide to Candle Making,601.0,storyboard,63,504.84,512.85,8.01,https://youtu.be/CrJ9UE6Nihw?t=505s,set_wick,assemble,1,0.45,White-wax bowl with wicks.,"White-wax bowl with wicks. static shot, well-lit, muted brown/grey palette (#493d39, #a39085). assemble phase, ~84% in, 8:24–8:32.",so ia,0,0.0,0.022,0.013,0.419,0.064,"#493d39,#a39085,#72635e",1,,
D2TTNZkVMMM,https://www.youtube.com/watch?v=D2TTNZkVMMM,How to Make Layered Scented Candles | DIY Candle Making,250.0,storyboard,26,209.68,217.74,8.06,https://youtu.be/D2TTNZkVMMM?t=210s,set_wick,assemble,1,0.5,Hands centre the wick in the poured candle.,"Hands centre the wick in the poured candle. static shot, bright, muted white/cream palette (#e8e5e5, #d7d3d2). assemble phase, ~84% in, 3:29–3:37.",,0,0.0,0.002,0.044,0.844,0.063,"#e8e5e5,#d7d3d2,#ad897e",1,,
DIdrbQREtns,https://www.youtube.com/watch?v=DIdrbQREtns,Beginners Guide to Make Soy Wax Pillar Candles  Tips and Tricks,694.0,storyboard,55,438.74,446.71,7.97,https://youtu.be/DIdrbQREtns?t=439s,set_wick,assemble,1,0.5,Setting the wick in the mould.,"Setting the wick in the mould. moderate on-screen movement, well-lit, muted grey/beige palette (#8c6e5a, #b7b7b9). assemble phase, ~63% in, 7:18–7:26.",oe,0,0.0,0.044,0.15,0.53,0.079,"#8c6e5a,#b7b7b9,#331e14",1,,
DIdrbQREtns,https://www.youtube.com/watch?v=DIdrbQREtns,Beginners Guide to Make Soy Wax Pillar Candles  Tips and Tricks,694.0,storyboard,56,446.71,454.69,7.98,https://youtu.be/DIdrbQREtns?t=447s,set_wick,assemble,1,0.5,Prepping the knit-textured silicone pillar mould.,"Prepping the knit-textured silicone pillar mould. static shot, well-lit, muted beige/grey palette (#b6b5b8, #846753). assemble phase, ~64% in, 7:26–7:34.",,0,0.0,0.009,0.0,0.507,0.115,"#b6b5b8,#846753,#4f3a2a",1,,
DIdrbQREtns,https://www.youtube.com/watch?v=DIdrbQREtns,Beginners Guide to Make Soy Wax Pillar Candles  Tips and Tricks,694.0,storyboard,57,454.69,462.67,7.98,https://youtu.be/DIdrbQREtns?t=455s,set_wick,assemble,1,0.5,Setting the wick in the mould.,"Setting the wick in the mould. steady, low-motion shot, well-lit, muted beige/grey palette (#a9a8ad, #7a7365). assemble phase, ~66% in, 7:34–7:42.",,0,0.0,0.021,0.057,0.547,0.058,"#a9a8ad,#7a7365,#4c3a2b",1,,
DIdrbQREtns,https://www.youtube.com/watch?v=DIdrbQREtns,Beginners Guide to Make Soy Wax Pillar Candles  Tips and Tricks,694.0,storyboard,58,462.67,470.64,7.97,https://youtu.be/DIdrbQREtns?t=463s,set_wick,assemble,1,0.5,Pouring wax into the pillar mould.,"Pouring wax into the pillar mould. static shot, well-lit, muted beige/grey palette (#b0b0b2, #94897d). assemble phase, ~67% in, 7:42–7:50.",,0,0.0,0.008,0.036,0.6,0.094,"#b0b0b2,#94897d,#584932",1,,
DIdrbQREtns,https://www.youtube.com/watch?v=DIdrbQREtns,Beginners Guide to Make Soy Wax Pillar Candles  Tips and Tricks,694.0,storyboard,59,470.64,478.62,7.98,https://youtu.be/DIdrbQREtns?t=471s,set_wick,assemble,1,0.5,Setting the wick in the mould.,"Setting the wick in the mould. static shot, well-lit, muted beige/grey palette (#b3b2b3, #9b9389). assemble phase, ~68% in, 7:50–7:58.",,0,0.0,0.014,0.0,0.612,0.103,"#b3b2b3,#9b9389,#71644c",1,,
DIdrbQREtns,https://www.youtube.com/watch?v=DIdrbQREtns,Beginners Guide to Make Soy Wax Pillar Candles  Tips and Tricks,694.0,storyboard,68,542.44,550.41,7.97,https://youtu.be/DIdrbQREtns?t=542s,set_wick,assemble,1,0.5,Setting the wick in the mould.,"Setting the wick in the mould. moderate on-screen movement, well-lit, muted beige/black palette (#bab8bb, #16181c). assemble phase, ~78% in, 9:02–9:10.",,0,0.0,0.019,0.276,0.489,0.025,"#bab8bb,#16181c,#51555f",1,,
DIdrbQREtns,https://www.youtube.com/watch?v=DIdrbQREtns,Beginners Guide to Make Soy Wax Pillar Candles  Tips and Tricks,694.0,storyboard,69,550.41,558.39,7.98,https://youtu.be/DIdrbQREtns?t=550s,set_wick,assemble,1,0.5,Setting the wick in the mould.,"Setting the wick in the mould. moderate on-screen movement, well-lit, muted beige/grey palette (#a9abaf, #878585). assemble phase, ~79% in, 9:10–9:18.",ath,0,0.0,0.055,0.268,0.513,0.056,"#a9abaf,#878585,#2f2a29",1,,
DpgV20P8bVc,https://www.youtube.com/watch?v=DpgV20P8bVc,Small candle business from home | holiday launch studio vlog New paint can candles | Amazon handmade,820.0,storyboard,29,233.14,241.18,8.04,https://youtu.be/DpgV20P8bVc?t=233s,set_wick,assemble,1,0.5,Setting/centring wicks across the tins.,"Setting/centring wicks across the tins. captioned, static shot, dim, muted black/grey palette (#343732, #73786f). assemble phase, ~28% in, 3:53–4:01.","Se Vad othe pe Fass ail! wi, Ta ae Be fe al Fe Ss Pe vnear Sf 7",1,0.0,0.389,0.0,0.39,0.081,"#343732,#73786f,#bcc4ba",0,text_overlay,
DpgV20P8bVc,https://www.youtube.com/watch?v=DpgV20P8bVc,Small candle business from home | holiday launch studio vlog New paint can candles | Amazon handmade,820.0,storyboard,36,289.41,297.45,8.04,https://youtu.be/DpgV20P8bVc?t=289s,set_wick,assemble,1,0.5,Setting/centring wicks across the tins.,"Setting/centring wicks across the tins. captioned, moderate on-screen movement, well-lit, muted beige/grey palette (#ccb6a2, #867565). assemble phase, ~35% in, 4:49–4:57.","Aas, 6 oa 7 va ORs we in egy? lex INS OB SB SE Vy? je Wa Be",1,0.0,0.414,0.234,0.506,0.1,"#ccb6a2,#867565,#423931",1,,
DpgV20P8bVc,https://www.youtube.com/watch?v=DpgV20P8bVc,Small candle business from home | holiday launch studio vlog New paint can candles | Amazon handmade,820.0,storyboard,40,321.57,329.61,8.04,https://youtu.be/DpgV20P8bVc?t=322s,set_wick,assemble,1,0.5,Setting/centring wicks across the tins.,"Setting/centring wicks across the tins. moderate on-screen movement, well-lit, muted grey/beige palette (#997965, #c1a994). assemble phase, ~39% in, 5:21–5:29.",,0,0.0,0.162,0.2,0.504,0.125,"#997965,#c1a994,#44372d",1,,
EBZGgxpf3Ho,https://www.youtube.com/watch?v=EBZGgxpf3Ho,How to make perfect scented soy wax tin candles every time. DIY tutorial 7oz coco soy wax candles,667.0,storyboard,33,265.19,273.23,8.04,https://youtu.be/EBZGgxpf3Ho?t=265s,set_wick,assemble,1,0.5,Setting/centring wicks in the black tins.,"Setting/centring wicks in the black tins. static shot, well-lit, muted grey/beige palette (#757474, #aeb5bd). assemble phase, ~40% in, 4:25–4:33.",7,0,0.0,0.04,0.0,0.457,0.042,"#757474,#aeb5bd,#222222",1,,
EBZGgxpf3Ho,https://www.youtube.com/watch?v=EBZGgxpf3Ho,How to make perfect scented soy wax tin candles every time. DIY tutorial 7oz coco soy wax candles,667.0,storyboard,34,273.23,281.27,8.04,https://youtu.be/EBZGgxpf3Ho?t=273s,set_wick,assemble,1,0.5,Setting/centring wicks in the black tins.,"Setting/centring wicks in the black tins. steady, low-motion shot, well-lit, muted beige/grey palette (#b2a7a9, #8f8585). assemble phase, ~41% in, 4:33–4:41.",ee ow,0,0.0,0.021,0.123,0.597,0.083,"#b2a7a9,#8f8585,#29292a",1,,
EBZGgxpf3Ho,https://www.youtube.com/watch?v=EBZGgxpf3Ho,How to make perfect scented soy wax tin candles every time. DIY tutorial 7oz coco soy wax candles,667.0,storyboard,35,281.27,289.3,8.03,https://youtu.be/EBZGgxpf3Ho?t=281s,set_wick,assemble,1,0.5,Setting/centring wicks in the black tins.,"Setting/centring wicks in the black tins. lots of on-screen movement, well-lit, muted beige/grey palette (#bbb3b7, #9c8f8d). assemble phase, ~42% in, 4:41–4:49.",,0,0.0,0.005,0.462,0.405,0.055,"#bbb3b7,#9c8f8d,#2c2829",1,,
EBZGgxpf3Ho,https://www.youtube.com/watch?v=EBZGgxpf3Ho,How to make perfect scented soy wax tin candles every time. DIY tutorial 7oz coco soy wax candles,667.0,storyboard,36,289.3,297.34,8.04,https://youtu.be/EBZGgxpf3Ho?t=289s,set_wick,assemble,1,0.5,Setting/centring wicks in the black tins.,"Setting/centring wicks in the black tins. static shot, well-lit, muted grey/cream palette (#a09597, #e2c4c4). assemble phase, ~43% in, 4:49–4:57.",,0,0.0,0.012,0.0,0.639,0.112,"#a09597,#e2c4c4,#392e30",1,,
EBZGgxpf3Ho,https://www.youtube.com/watch?v=EBZGgxpf3Ho,How to make perfect scented soy wax tin candles every time. DIY tutorial 7oz coco soy wax candles,667.0,storyboard,37,297.34,305.37,8.03,https://youtu.be/EBZGgxpf3Ho?t=297s,set_wick,assemble,1,0.5,Setting/centring wicks in the black tins.,"Setting/centring wicks in the black tins. moderate on-screen movement, well-lit, muted grey/beige palette (#9d8b8b, #d6bbb9). assemble phase, ~45% in, 4:57–5:05.",2,0,0.0,0.012,0.179,0.604,0.121,"#9d8b8b,#d6bbb9,#4a3b39",1,,
EBZGgxpf3Ho,https://www.youtube.com/watch?v=EBZGgxpf3Ho,How to make perfect scented soy wax tin candles every time. DIY tutorial 7oz coco soy wax candles,667.0,storyboard,38,305.37,313.41,8.04,https://youtu.be/EBZGgxpf3Ho?t=305s,set_wick,assemble,1,0.5,Setting/centring wicks in the black tins.,"Setting/centring wicks in the black tins. static shot, well-lit, muted grey/cream palette (#9f9d9f, #e0d5d5). assemble phase, ~46% in, 5:05–5:13.",,0,0.0,0.016,0.0,0.617,0.068,"#9f9d9f,#e0d5d5,#4c4344",1,,
EBZGgxpf3Ho,https://www.youtube.com/watch?v=EBZGgxpf3Ho,How to make perfect scented soy wax tin candles every time. DIY tutorial 7oz coco soy wax candles,667.0,storyboard,39,313.41,321.45,8.04,https://youtu.be/EBZGgxpf3Ho?t=313s,set_wick,assemble,1,0.5,Pouring wax into the tins.,"Pouring wax into the tins. static shot, well-lit, muted beige/grey palette (#a7aaab, #989998). assemble phase, ~47% in, 5:13–5:21.",,0,0.0,0.009,0.047,0.617,0.03,"#a7aaab,#989998,#313538",1,,
EBZGgxpf3Ho,https://www.youtube.com/watch?v=EBZGgxpf3Ho,How to make perfect scented soy wax tin candles every time. DIY tutorial 7oz coco soy wax candles,667.0,storyboard,40,321.45,329.48,8.03,https://youtu.be/EBZGgxpf3Ho?t=321s,set_wick,assemble,1,0.5,Setting/centring wicks in the black tins.,"Setting/centring wicks in the black tins. captioned, steady, low-motion shot, well-lit, muted grey/beige palette (#a49d99, #bbb9bb). assemble phase, ~48% in, 5:21–5:29.",4 4 io hoa,1,0.0,0.022,0.076,0.628,0.07,"#a49d99,#bbb9bb,#2c2e2d",1,,
FhVukBUHls0,https://www.youtube.com/watch?v=FhVukBUHls0,"Candle Making Kit with Electronic Hot Plate for Beginners, Adults, and Kids",110.0,storyboard,10,78.57,86.43,7.86,https://youtu.be/FhVukBUHls0?t=79s,set_wick,assemble,1,0.55,Hands adjust the wick peg/clip on the glass rim as the wax sets.,"Hands adjust the wick peg/clip on the glass rim as the wax sets. captioned, moderate on-screen movement, well-lit, muted beige/grey palette (#c2c0bf, #8a8483). assemble phase, ~71% in, 1:18–1:26.",he me ES.,1,0.0,0.098,0.194,0.586,0.062,"#c2c0bf,#8a8483,#363433",1,,
HM8dpgA-bms,https://www.youtube.com/watch?v=HM8dpgA-bms,Natural Ways to Color Candles : Basic Candle Making,126.0,storyboard,12,94.5,102.38,7.88,https://youtu.be/HM8dpgA-bms?t=94s,set_wick,assemble,1,0.45,Centring the wick in the poured jar.,"Centring the wick in the poured jar. steady, low-motion shot, dim, muted black/amber palette (#171811, #a38159). assemble phase, ~75% in, 1:34–1:42.",,0,0.333,0.001,0.081,0.262,0.148,"#171811,#a38159,#72573d",1,,
HPD1k0lhDCU,https://www.youtube.com/watch?v=HPD1k0lhDCU,How to Make Luxury Coconut Apricot Wax Candles | Step-by-Step Tutorial,687.0,storyboard,1,7.99,15.98,7.99,https://youtu.be/HPD1k0lhDCU?t=8s,set_wick,assemble,1,0.45,Centring wicks across the rows of amber jars.,"Centring wicks across the rows of amber jars. captioned, static shot, well-lit, grey/black palette (#9a8a7c, #392319). assemble phase, ~1% in, 0:07–0:15.",Rs hs fa Re AR iw iam sy Be At 81.48 CDs yY el 7 Vv 1 is PPrr eeeenr Serre? aaee one ean 4448 oan eaneF eee a0eeF aon aaaanre oa a4aeanne ae?,1,0.0,0.128,0.0,0.445,0.17,"#9a8a7c,#392319,#dddcd2",0,text_overlay,
HPD1k0lhDCU,https://www.youtube.com/watch?v=HPD1k0lhDCU,How to Make Luxury Coconut Apricot Wax Candles | Step-by-Step Tutorial,687.0,storyboard,72,575.16,583.15,7.99,https://youtu.be/HPD1k0lhDCU?t=575s,set_wick,assemble,1,0.45,Pink-gloved hands centre wicks in the filled amber jars.,"Pink-gloved hands centre wicks in the filled amber jars. captioned, static shot, well-lit, muted grey/black palette (#7d725f, #3d311e). assemble phase, ~84% in, 9:35–9:43.",res 4 Th OS Sw Ko my Dp og ys Aw tS es wee SC 2 eS aw se ri 4 ime,1,0.0,0.248,0.0,0.434,0.107,"#7d725f,#3d311e,#beb5a6",0,text_overlay,
HPD1k0lhDCU,https://www.youtube.com/watch?v=HPD1k0lhDCU,How to Make Luxury Coconut Apricot Wax Candles | Step-by-Step Tutorial,687.0,storyboard,73,583.15,591.14,7.99,https://youtu.be/HPD1k0lhDCU?t=583s,set_wick,assemble,1,0.4,Rows of filled amber jars setting.,"Rows of filled amber jars setting. steady, low-motion shot, well-lit, muted cream/grey palette (#d3cfc7, #80766e). assemble phase, ~85% in, 9:43–9:51.",,0,0.0,0.091,0.133,0.545,0.063,"#d3cfc7,#80766e,#352b21",1,,
HPD1k0lhDCU,https://www.youtube.com/watch?v=HPD1k0lhDCU,How to Make Luxury Coconut Apricot Wax Candles | Step-by-Step Tutorial,687.0,storyboard,74,591.14,599.13,7.99,https://youtu.be/HPD1k0lhDCU?t=591s,set_wick,assemble,1,0.45,Pink-gloved hands centre wicks in the filled amber jars.,"Pink-gloved hands centre wicks in the filled amber jars. moderate on-screen movement, well-lit, muted black/beige palette (#3d301d, #c3bfb7). assemble phase, ~86% in, 9:51–9:59.",rn on,0,0.0,0.132,0.285,0.5,0.094,"#3d301d,#c3bfb7,#7b715f",1,,
HPD1k0lhDCU,https://www.youtube.com/watch?v=HPD1k0lhDCU,How to Make Luxury Coconut Apricot Wax Candles | Step-by-Step Tutorial,687.0,storyboard,75,599.13,607.12,7.99,https://youtu.be/HPD1k0lhDCU?t=599s,set_wick,assemble,1,0.4,Rows of filled amber jars setting.,"Rows of filled amber jars setting. static shot, well-lit, muted grey/beige palette (#756d5e, #c7c2b9). assemble phase, ~87% in, 9:59–10:07.",Er,0,0.0,0.131,0.0,0.46,0.097,"#756d5e,#c7c2b9,#3b301f",1,,
HPD1k0lhDCU,https://www.youtube.com/watch?v=HPD1k0lhDCU,How to Make Luxury Coconut Apricot Wax Candles | Step-by-Step Tutorial,687.0,storyboard,76,607.12,615.1,7.98,https://youtu.be/HPD1k0lhDCU?t=607s,set_wick,assemble,1,0.45,Pink-gloved hands centre wicks in the filled amber jars.,"Pink-gloved hands centre wicks in the filled amber jars. captioned, moderate on-screen movement, well-lit, muted grey/beige palette (#83796c, #cac4b8). assemble phase, ~88% in, 10:07–10:15.","he ne ee, ss ea",1,0.0,0.164,0.229,0.465,0.075,"#83796c,#cac4b8,#3b3021",1,,
HPD1k0lhDCU,https://www.youtube.com/watch?v=HPD1k0lhDCU,How to Make Luxury Coconut Apricot Wax Candles | Step-by-Step Tutorial,687.0,storyboard,77,615.1,623.09,7.99,https://youtu.be/HPD1k0lhDCU?t=615s,set_wick,assemble,1,0.4,Rows of filled amber jars setting.,"Rows of filled amber jars setting. captioned, moderate on-screen movement, well-lit, muted black/beige palette (#3d3021, #ccc6bc). assemble phase, ~90% in, 10:15–10:23.","ee GS, Ne sro TU OC by ex Se MOD eS",1,0.0,0.19,0.316,0.506,0.078,"#3d3021,#ccc6bc,#83786c",1,,
HPD1k0lhDCU,https://www.youtube.com/watch?v=HPD1k0lhDCU,How to Make Luxury Coconut Apricot Wax Candles | Step-by-Step Tutorial,687.0,storyboard,78,623.09,631.08,7.99,https://youtu.be/HPD1k0lhDCU?t=623s,set_wick,assemble,1,0.45,Pink-gloved hands centre wicks in the filled amber jars.,"Pink-gloved hands centre wicks in the filled amber jars. captioned, static shot, well-lit, muted brown/beige palette (#433125, #c6c1b8). assemble phase, ~91% in, 10:23–10:31.",steve SN ee,1,0.0,0.13,0.0,0.466,0.127,"#433125,#c6c1b8,#857267",1,,
HPD1k0lhDCU,https://www.youtube.com/watch?v=HPD1k0lhDCU,How to Make Luxury Coconut Apricot Wax Candles | Step-by-Step Tutorial,687.0,storyboard,79,631.08,639.07,7.99,https://youtu.be/HPD1k0lhDCU?t=631s,set_wick,assemble,1,0.4,Rows of filled amber jars setting.,"Rows of filled amber jars setting. captioned, steady, low-motion shot, well-lit, grey/black palette (#896068, #37261c). assemble phase, ~92% in, 10:31–10:39.",Sed Os ob gd pres Ole,1,0.0,0.219,0.095,0.439,0.202,"#896068,#37261c,#c5b8b1",1,,
HPD1k0lhDCU,https://www.youtube.com/watch?v=HPD1k0lhDCU,How to Make Luxury Coconut Apricot Wax Candles | Step-by-Step Tutorial,687.0,storyboard,80,639.07,647.06,7.99,https://youtu.be/HPD1k0lhDCU?t=639s,set_wick,assemble,1,0.45,Pink-gloved hands centre wicks in the filled amber jars.,"Pink-gloved hands centre wicks in the filled amber jars. captioned, steady, low-motion shot, well-lit, muted beige/black palette (#c6c0b4, #362918). assemble phase, ~93% in, 10:39–10:47.","Be. ee, had Fa EE Gllel Be oe Or OX ere 4 res oD ZS",1,0.0,0.241,0.05,0.457,0.125,"#c6c0b4,#362918,#72685a",1,,
Hir66vEC2MI,https://www.youtube.com/watch?v=Hir66vEC2MI,Learn How to Make Scented Soy Wax Candles for Beginners | CandleScience Guides,323.0,storyboard,28,226.1,234.17,8.07,https://youtu.be/Hir66vEC2MI?t=226s,set_wick,assemble,1,0.45,tins with wick bar,"tins with wick bar. Centering and securing the wick after the pour so it stays upright while setting. captioned, moderate on-screen movement, well-lit, muted grey/beige palette (#a09886, #c7c3b9). assemble phase, ~70% in, 3:46–3:54.",ee ae ee as ee BW ie,1,0.0,0.135,0.19,0.617,0.107,"#a09886,#c7c3b9,#403f34",1,,
Hir66vEC2MI,https://www.youtube.com/watch?v=Hir66vEC2MI,Learn How to Make Scented Soy Wax Candles for Beginners | CandleScience Guides,323.0,storyboard,29,234.17,242.25,8.08,https://youtu.be/Hir66vEC2MI?t=234s,set_wick,assemble,1,0.6,host talking to camera,"host talking to camera. Centering and securing the wick after the pour so it stays upright while setting. steady, low-motion shot, well-lit, muted beige/grey palette (#b8b8b0, #969289). assemble phase, ~72% in, 3:54–4:02.",,0,0.0,0.083,0.149,0.621,0.075,"#b8b8b0,#969289,#6b645e",1,,
Hir66vEC2MI,https://www.youtube.com/watch?v=Hir66vEC2MI,Learn How to Make Scented Soy Wax Candles for Beginners | CandleScience Guides,323.0,storyboard,30,242.25,250.32,8.07,https://youtu.be/Hir66vEC2MI?t=242s,set_wick,assemble,1,0.55,"centering wick in tin, lid in hand","centering wick in tin, lid in hand. captioned, moderate on-screen movement, well-lit, muted beige palette (#aaa28e, #cac8c4). assemble phase, ~75% in, 4:02–4:10.","eee, le ca.",1,0.0,0.129,0.203,0.682,0.096,"#aaa28e,#cac8c4,#4e4d41",1,,
JCVDsEKxi5I,https://www.youtube.com/watch?v=JCVDsEKxi5I,Make Your First Candle with Our London Luxury Candle Making Starter Kit!,427.0,storyboard,33,265.87,273.92,8.05,https://youtu.be/JCVDsEKxi5I?t=266s,set_wick,assemble,1,0.5,Setting the wick.,"Setting the wick. Centering and securing the wick after the pour so it stays upright while setting. captioned, static shot, well-lit, muted cream/grey palette (#d9d3d9, #97867c). assemble phase, ~62% in, 4:25–4:33.",at SASS Bs et Whe. 7 gion PR soe,1,0.0,0.09,0.038,0.65,0.113,"#d9d3d9,#97867c,#2e2c31",1,,
JCVDsEKxi5I,https://www.youtube.com/watch?v=JCVDsEKxi5I,Make Your First Candle with Our London Luxury Candle Making Starter Kit!,427.0,storyboard,39,314.21,322.26,8.05,https://youtu.be/JCVDsEKxi5I?t=314s,set_wick,assemble,1,0.5,Setting the wick.,"Setting the wick. Centering and securing the wick after the pour so it stays upright while setting. moderate on-screen movement, well-lit, muted cream/grey palette (#dacecd, #aa9b8f). assemble phase, ~74% in, 5:14–5:22.",od be,0,0.0,0.079,0.271,0.654,0.094,"#dacecd,#aa9b8f,#2d2624",1,,
JCVDsEKxi5I,https://www.youtube.com/watch?v=JCVDsEKxi5I,Make Your First Candle with Our London Luxury Candle Making Starter Kit!,427.0,storyboard,46,370.6,378.66,8.06,https://youtu.be/JCVDsEKxi5I?t=371s,set_wick,assemble,1,0.5,Setting the wick.,"Setting the wick. Centering and securing the wick after the pour so it stays upright while setting. captioned, moderate on-screen movement, well-lit, muted cream/grey palette (#e2d9df, #9c877d). assemble phase, ~87% in, 6:10–6:18.",va Sal sc 3 aes hp ae US,1,0.0,0.057,0.293,0.682,0.108,"#e2d9df,#9c877d,#2c2b2e",1,,
K7UxM5B0FdM,https://www.youtube.com/watch?v=K7UxM5B0FdM,Making Scented Candles using Coconut Soy Wax | DIY Candle-making | Direct Candle Supply,264.0,storyboard,27,216.0,224.0,8.0,https://youtu.be/K7UxM5B0FdM?t=216s,set_wick,assemble,1,0.45,Hands work the candle on the board; DirectCandleSupply.com card.,"Hands work the candle on the board; DirectCandleSupply.com card. captioned, static shot, bright, muted white/beige palette (#fcfdfd, #bfcbca). assemble phase, ~82% in, 3:36–3:44.",Wet our ureot! www DirectCondieSupply.com 1 seorut fee Derect Candie Suppty ON On Evy,1,0.0,0.064,0.013,0.985,0.018,"#fcfdfd,#bfcbca,#97a6a5",0,text_overlay,
Kgf2Nhmi_IU,https://www.youtube.com/watch?v=Kgf2Nhmi_IU,How to use TOAUTO 1.5L Handheld Wax Melting Kit to Make Christmas Candles? Beginners Candle Making,85.0,storyboard,8,61.82,69.55,7.73,https://youtu.be/Kgf2Nhmi_IU?t=62s,set_wick,assemble,1,0.45,A blue ball candle and a white candle in a cup; wick handling.,"A blue ball candle and a white candle in a cup; wick handling. captioned, moderate on-screen movement, well-lit, muted beige/grey palette (#dac5aa, #a69989). assemble phase, ~73% in, 1:01–1:09.","Pap Sur he ee tee oot, ee 0 Sati ef en La aa",1,0.0,0.04,0.156,0.675,0.143,"#dac5aa,#a69989,#504e4d",1,,
Ktz5Q9udtXY,https://www.youtube.com/watch?v=Ktz5Q9udtXY,How to Make Essential Oil Candles | DIY Candle Making Tutorial,316.0,storyboard,19,150.1,158.0,7.9,https://youtu.be/Ktz5Q9udtXY?t=150s,set_wick,assemble,1,0.5,Wooden wicks centred in the filled tins.,"Wooden wicks centred in the filled tins. static shot, well-lit, muted brown/grey palette (#56503e, #8d8672). assemble phase, ~48% in, 2:30–2:38.",ee 1,0,0.0,0.086,0.0,0.476,0.14,"#56503e,#8d8672,#e7e5db",1,,
Ktz5Q9udtXY,https://www.youtube.com/watch?v=Ktz5Q9udtXY,How to Make Essential Oil Candles | DIY Candle Making Tutorial,316.0,storyboard,20,158.0,165.9,7.9,https://youtu.be/Ktz5Q9udtXY?t=158s,set_wick,assemble,1,0.45,Copper tins of wax beginning to set.,"Copper tins of wax beginning to set. moderate on-screen movement, well-lit, muted grey/black palette (#80756b, #28251b). assemble phase, ~50% in, 2:38–2:45.",,0,0.0,0.109,0.242,0.46,0.119,"#80756b,#28251b,#c2c0c9",1,,
Ktz5Q9udtXY,https://www.youtube.com/watch?v=Ktz5Q9udtXY,How to Make Essential Oil Candles | DIY Candle Making Tutorial,316.0,storyboard,21,165.9,173.8,7.9,https://youtu.be/Ktz5Q9udtXY?t=166s,set_wick,assemble,1,0.45,Adjusting the wicks in the tins.,"Adjusting the wicks in the tins. steady, low-motion shot, well-lit, muted black/grey palette (#2f2a1d, #85796d). assemble phase, ~52% in, 2:45–2:53.",Pe,0,0.0,0.103,0.11,0.461,0.117,"#2f2a1d,#85796d,#beb9bf",1,,
Ktz5Q9udtXY,https://www.youtube.com/watch?v=Ktz5Q9udtXY,How to Make Essential Oil Candles | DIY Candle Making Tutorial,316.0,storyboard,28,221.2,229.1,7.9,https://youtu.be/Ktz5Q9udtXY?t=221s,set_wick,assemble,1,0.45,Filled tins with a wick bar; lid nearby.,"Filled tins with a wick bar; lid nearby. moderate on-screen movement, well-lit, muted grey/beige palette (#7e736e, #b4ada7). assemble phase, ~70% in, 3:41–3:49.",it,0,0.0,0.114,0.276,0.52,0.104,"#7e736e,#b4ada7,#46332f",1,,
Ktz5Q9udtXY,https://www.youtube.com/watch?v=Ktz5Q9udtXY,How to Make Essential Oil Candles | DIY Candle Making Tutorial,316.0,storyboard,29,229.1,237.0,7.9,https://youtu.be/Ktz5Q9udtXY?t=229s,set_wick,assemble,1,0.45,Host adjusts the tins on the table with greenery.,"Host adjusts the tins on the table with greenery. captioned, steady, low-motion shot, well-lit, muted grey/beige palette (#756b65, #aea8a3). assemble phase, ~72% in, 3:49–3:57.",WW es Le,1,0.0,0.185,0.115,0.468,0.087,"#756b65,#aea8a3,#382a27",1,,
LiLrIjz_2ac,https://www.youtube.com/watch?v=LiLrIjz_2ac,Beginners Guide - How to Make a Scented Candle at Home,211.0,storyboard,16,129.85,137.96,8.11,https://youtu.be/LiLrIjz_2ac?t=130s,set_wick,assemble,1,0.5,Wick steadied as the jar fills.,"Wick steadied as the jar fills. moderate on-screen movement, well-lit, muted beige/brown palette (#bcbdbe, #45403b). assemble phase, ~62% in, 2:09–2:17.",,0,0.333,0.052,0.15,0.568,0.051,"#bcbdbe,#45403b,#88857e",1,,
LiLrIjz_2ac,https://www.youtube.com/watch?v=LiLrIjz_2ac,Beginners Guide - How to Make a Scented Candle at Home,211.0,storyboard,17,137.96,146.08,8.12,https://youtu.be/LiLrIjz_2ac?t=138s,set_wick,assemble,1,0.5,Filled jar with the wick centred.,"Filled jar with the wick centred. captioned, steady, low-motion shot, well-lit, muted beige/grey palette (#bcbbba, #827d78). assemble phase, ~65% in, 2:17–2:26.",7 5 Prien,1,0.333,0.066,0.116,0.611,0.049,"#bcbbba,#827d78,#483c37",1,,
N1izApjGj2c,https://www.youtube.com/watch?v=N1izApjGj2c,How to Make a Candle | DIY Candle Making,285.0,storyboard,29,229.58,237.5,7.92,https://youtu.be/N1izApjGj2c?t=230s,set_wick,assemble,1,0.55,Wicks centred in the freshly poured glasses.,"Wicks centred in the freshly poured glasses. captioned, steady, low-motion shot, well-lit, muted beige palette (#aea8a3, #beb8b6). assemble phase, ~81% in, 3:49–3:57.",As 7 4 7 re! 7 ae va aa ai ea oe ea ae oa ee Av ee 7 4 re 7 6 ee eS so at ff. 4 7 re ae tae SS,1,0.0,0.023,0.099,0.634,0.073,"#aea8a3,#beb8b6,#a2967b",1,,
N1izApjGj2c,https://www.youtube.com/watch?v=N1izApjGj2c,How to Make a Candle | DIY Candle Making,285.0,storyboard,30,237.5,245.42,7.92,https://youtu.be/N1izApjGj2c?t=238s,set_wick,assemble,1,0.5,Wick bars hold the wicks as the candles set.,"Wick bars hold the wicks as the candles set. static shot, bright, muted beige palette (#bbb8bc, #aba8aa). assemble phase, ~83% in, 3:57–4:05.",,0,0.0,0.0,0.027,0.709,0.028,"#bbb8bc,#aba8aa,#e0e0db",1,,
NGgDIEY_R40,https://www.youtube.com/watch?v=NGgDIEY_R40,How to Add Scent to a Candle : Basic Candle Making,111.0,storyboard,10,79.29,87.21,7.92,https://youtu.be/NGgDIEY_R40?t=79s,set_wick,assemble,1,0.5,The glass jar holds wax with a centred wick; hands adjust it.,"The glass jar holds wax with a centred wick; hands adjust it. steady, low-motion shot, well-lit, muted beige/grey palette (#b8b27c, #9b8b5c). assemble phase, ~71% in, 1:19–1:27.",,0,0.333,0.004,0.059,0.65,0.126,"#b8b27c,#9b8b5c,#c9c9a7",1,,
Q9pTMOljpgM,https://www.youtube.com/watch?v=Q9pTMOljpgM,How To Set Candle Wicks With Wick Stickers Or A Hot Glue Gun #candle #diycandle #candlebusiness,271.0,storyboard,1,7.97,15.94,7.97,https://youtu.be/Q9pTMOljpgM?t=8s,set_wick,assemble,1,0.5,Overhead: setting/centring a wick in a glass jar (wick sticker / glue gun).,"Overhead: setting/centring a wick in a glass jar (wick sticker / glue gun). steady, low-motion shot, dim, muted brown palette (#543c2c, #856151). assemble phase, ~3% in, 0:07–0:15.",ai,0,0.0,0.053,0.108,0.345,0.104,"#543c2c,#856151,#dfcbaf",1,,
Q9pTMOljpgM,https://www.youtube.com/watch?v=Q9pTMOljpgM,How To Set Candle Wicks With Wick Stickers Or A Hot Glue Gun #candle #diycandle #candlebusiness,271.0,storyboard,2,15.94,23.91,7.97,https://youtu.be/Q9pTMOljpgM?t=16s,set_wick,assemble,1,0.5,Overhead: setting/centring a wick in a glass jar (wick sticker / glue gun).,"Overhead: setting/centring a wick in a glass jar (wick sticker / glue gun). steady, low-motion shot, well-lit, muted brown/grey palette (#674b38, #896e5e). assemble phase, ~6% in, 0:15–0:23.",,0,0.0,0.065,0.102,0.408,0.116,"#674b38,#896e5e,#ece3d7",1,,
Q9pTMOljpgM,https://www.youtube.com/watch?v=Q9pTMOljpgM,How To Set Candle Wicks With Wick Stickers Or A Hot Glue Gun #candle #diycandle #candlebusiness,271.0,storyboard,3,23.91,31.88,7.97,https://youtu.be/Q9pTMOljpgM?t=24s,set_wick,assemble,1,0.5,Overhead: setting/centring a wick in a glass jar (wick sticker / glue gun).,"Overhead: setting/centring a wick in a glass jar (wick sticker / glue gun). steady, low-motion shot, dim, muted brown palette (#4e3b2c, #615347). assemble phase, ~9% in, 0:23–0:31.",Bhi.,0,0.0,0.043,0.078,0.371,0.095,"#4e3b2c,#615347,#d7cfc4",1,,
Q9pTMOljpgM,https://www.youtube.com/watch?v=Q9pTMOljpgM,How To Set Candle Wicks With Wick Stickers Or A Hot Glue Gun #candle #diycandle #candlebusiness,271.0,storyboard,4,31.88,39.85,7.97,https://youtu.be/Q9pTMOljpgM?t=32s,set_wick,assemble,1,0.5,Overhead: setting/centring a wick in a glass jar (wick sticker / glue gun).,"Overhead: setting/centring a wick in a glass jar (wick sticker / glue gun). steady, low-motion shot, dim, muted brown palette (#473125, #6b564a). assemble phase, ~12% in, 0:31–0:39.",4,0,0.0,0.047,0.078,0.356,0.094,"#473125,#6b564a,#e7ded1",1,,
Q9pTMOljpgM,https://www.youtube.com/watch?v=Q9pTMOljpgM,How To Set Candle Wicks With Wick Stickers Or A Hot Glue Gun #candle #diycandle #candlebusiness,271.0,storyboard,5,39.85,47.82,7.97,https://youtu.be/Q9pTMOljpgM?t=40s,set_wick,assemble,1,0.5,Overhead: setting/centring a wick in a glass jar (wick sticker / glue gun).,"Overhead: setting/centring a wick in a glass jar (wick sticker / glue gun). steady, low-motion shot, dim, muted black/beige palette (#34261c, #d9cab4). assemble phase, ~15% in, 0:39–0:47.",jf 4,0,0.0,0.041,0.128,0.306,0.087,"#34261c,#d9cab4,#6f4c43",1,,
Q9pTMOljpgM,https://www.youtube.com/watch?v=Q9pTMOljpgM,How To Set Candle Wicks With Wick Stickers Or A Hot Glue Gun #candle #diycandle #candlebusiness,271.0,storyboard,6,47.82,55.79,7.97,https://youtu.be/Q9pTMOljpgM?t=48s,set_wick,assemble,1,0.5,Overhead: setting/centring a wick in a glass jar (wick sticker / glue gun).,"Overhead: setting/centring a wick in a glass jar (wick sticker / glue gun). steady, low-motion shot, dim, muted brown/grey palette (#5b4231, #906b5d). assemble phase, ~18% in, 0:47–0:55.",,0,0.0,0.084,0.116,0.341,0.108,"#5b4231,#906b5d,#efe2ce",1,,
Q9pTMOljpgM,https://www.youtube.com/watch?v=Q9pTMOljpgM,How To Set Candle Wicks With Wick Stickers Or A Hot Glue Gun #candle #diycandle #candlebusiness,271.0,storyboard,7,55.79,63.76,7.97,https://youtu.be/Q9pTMOljpgM?t=56s,set_wick,assemble,1,0.5,Overhead: setting/centring a wick in a glass jar (wick sticker / glue gun).,"Overhead: setting/centring a wick in a glass jar (wick sticker / glue gun). steady, low-motion shot, dim, muted grey/brown palette (#816958, #674a38). assemble phase, ~21% in, 0:55–1:03.",,0,0.333,0.129,0.105,0.397,0.115,"#816958,#674a38,#c19b91",1,,
Q9pTMOljpgM,https://www.youtube.com/watch?v=Q9pTMOljpgM,How To Set Candle Wicks With Wick Stickers Or A Hot Glue Gun #candle #diycandle #candlebusiness,271.0,storyboard,8,63.76,71.74,7.98,https://youtu.be/Q9pTMOljpgM?t=64s,set_wick,assemble,1,0.5,Overhead: setting/centring a wick in a glass jar (wick sticker / glue gun).,"Overhead: setting/centring a wick in a glass jar (wick sticker / glue gun). steady, low-motion shot, dim, muted brown palette (#745f51, #5a4231). assemble phase, ~24% in, 1:03–1:11.",we wy,0,0.0,0.081,0.131,0.373,0.094,"#745f51,#5a4231,#e6d9c8",1,,
Q9pTMOljpgM,https://www.youtube.com/watch?v=Q9pTMOljpgM,How To Set Candle Wicks With Wick Stickers Or A Hot Glue Gun #candle #diycandle #candlebusiness,271.0,storyboard,9,71.74,79.71,7.97,https://youtu.be/Q9pTMOljpgM?t=72s,set_wick,assemble,1,0.5,Overhead: setting/centring a wick in a glass jar (wick sticker / glue gun).,"Overhead: setting/centring a wick in a glass jar (wick sticker / glue gun). steady, low-motion shot, dim, muted brown/grey palette (#664b39, #966e5b). assemble phase, ~26% in, 1:11–1:19.",be,0,0.0,0.111,0.088,0.339,0.119,"#664b39,#966e5b,#d8c5b6",1,,
Q9pTMOljpgM,https://www.youtube.com/watch?v=Q9pTMOljpgM,How To Set Candle Wicks With Wick Stickers Or A Hot Glue Gun #candle #diycandle #candlebusiness,271.0,storyboard,10,79.71,87.68,7.97,https://youtu.be/Q9pTMOljpgM?t=80s,set_wick,assemble,1,0.5,Overhead: setting/centring a wick in a glass jar (wick sticker / glue gun).,"Overhead: setting/centring a wick in a glass jar (wick sticker / glue gun). steady, low-motion shot, dim, muted brown/grey palette (#584434, #9b746c). assemble phase, ~29% in, 1:19–1:27.",et 8 Ht,0,0.0,0.131,0.107,0.374,0.123,"#584434,#9b746c,#eee1d1",1,,
Q9pTMOljpgM,https://www.youtube.com/watch?v=Q9pTMOljpgM,How To Set Candle Wicks With Wick Stickers Or A Hot Glue Gun #candle #diycandle #candlebusiness,271.0,storyboard,11,87.68,95.65,7.97,https://youtu.be/Q9pTMOljpgM?t=88s,set_wick,assemble,1,0.5,Overhead: setting/centring a wick in a glass jar (wick sticker / glue gun).,"Overhead: setting/centring a wick in a glass jar (wick sticker / glue gun). steady, low-motion shot, dim, muted brown/grey palette (#654a3b, #966d5f). assemble phase, ~32% in, 1:27–1:35.",P'S Lom,0,0.0,0.121,0.076,0.37,0.127,"#654a3b,#966d5f,#d8b1ab",1,,
Q9pTMOljpgM,https://www.youtube.com/watch?v=Q9pTMOljpgM,How To Set Candle Wicks With Wick Stickers Or A Hot Glue Gun #candle #diycandle #candlebusiness,271.0,storyboard,12,95.65,103.62,7.97,https://youtu.be/Q9pTMOljpgM?t=96s,set_wick,assemble,1,0.5,Overhead: setting/centring a wick in a glass jar (wick sticker / glue gun).,"Overhead: setting/centring a wick in a glass jar (wick sticker / glue gun). steady, low-motion shot, dim, muted brown/grey palette (#594536, #8e6a5c). assemble phase, ~35% in, 1:35–1:43.",,0,0.0,0.122,0.092,0.352,0.11,"#594536,#8e6a5c,#c7b7a8",1,,
Q9pTMOljpgM,https://www.youtube.com/watch?v=Q9pTMOljpgM,How To Set Candle Wicks With Wick Stickers Or A Hot Glue Gun #candle #diycandle #candlebusiness,271.0,storyboard,13,103.62,111.59,7.97,https://youtu.be/Q9pTMOljpgM?t=104s,set_wick,assemble,1,0.5,Overhead: setting/centring a wick in a glass jar (wick sticker / glue gun).,"Overhead: setting/centring a wick in a glass jar (wick sticker / glue gun). steady, low-motion shot, dim, muted brown/grey palette (#503e34, #926762). assemble phase, ~38% in, 1:43–1:51.",AS Ss.,0,0.0,0.093,0.11,0.352,0.11,"#503e34,#926762,#c6bcb8",1,,
Q9pTMOljpgM,https://www.youtube.com/watch?v=Q9pTMOljpgM,How To Set Candle Wicks With Wick Stickers Or A Hot Glue Gun #candle #diycandle #candlebusiness,271.0,storyboard,14,111.59,119.56,7.97,https://youtu.be/Q9pTMOljpgM?t=112s,set_wick,assemble,1,0.5,Overhead: setting/centring a wick in a glass jar (wick sticker / glue gun).,"Overhead: setting/centring a wick in a glass jar (wick sticker / glue gun). steady, low-motion shot, dim, muted brown/grey palette (#6e5848, #95786e). assemble phase, ~41% in, 1:51–1:59.",,0,0.0,0.072,0.138,0.395,0.104,"#6e5848,#95786e,#cfb8b3",1,,
Q9pTMOljpgM,https://www.youtube.com/watch?v=Q9pTMOljpgM,How To Set Candle Wicks With Wick Stickers Or A Hot Glue Gun #candle #diycandle #candlebusiness,271.0,storyboard,15,119.56,127.53,7.97,https://youtu.be/Q9pTMOljpgM?t=120s,set_wick,assemble,1,0.5,Overhead: setting/centring a wick in a glass jar (wick sticker / glue gun).,"Overhead: setting/centring a wick in a glass jar (wick sticker / glue gun). steady, low-motion shot, dim, muted brown/cream palette (#5c4a3c, #e7ddcc). assemble phase, ~44% in, 1:59–2:07.",,0,0.0,0.076,0.12,0.39,0.094,"#5c4a3c,#e7ddcc,#928882",1,,
Q9pTMOljpgM,https://www.youtube.com/watch?v=Q9pTMOljpgM,How To Set Candle Wicks With Wick Stickers Or A Hot Glue Gun #candle #diycandle #candlebusiness,271.0,storyboard,16,127.53,135.5,7.97,https://youtu.be/Q9pTMOljpgM?t=128s,set_wick,assemble,1,0.5,Overhead: setting/centring a wick in a glass jar (wick sticker / glue gun).,"Overhead: setting/centring a wick in a glass jar (wick sticker / glue gun). steady, low-motion shot, well-lit, muted brown/black palette (#7a604e, #3c2a20). assemble phase, ~47% in, 2:07–2:15.",,0,0.0,0.133,0.099,0.402,0.13,"#7a604e,#3c2a20,#bb9086",1,,
Q9pTMOljpgM,https://www.youtube.com/watch?v=Q9pTMOljpgM,How To Set Candle Wicks With Wick Stickers Or A Hot Glue Gun #candle #diycandle #candlebusiness,271.0,storyboard,17,135.5,143.47,7.97,https://youtu.be/Q9pTMOljpgM?t=136s,set_wick,assemble,1,0.77,Presenter talking to camera (auto-detected: frontal face).,"Presenter talking to camera (auto-detected: frontal face). Centering and securing the wick after the pour so it stays upright while setting. steady, low-motion shot, dim, muted brown/grey palette (#7a5e48, #b0978c). assemble phase, ~50% in, 2:15–2:23.",,0,0.667,0.16,0.064,0.398,0.128,"#7a5e48,#b0978c,#26201d",0,talking_head,action label 'set_wick' but a strong face fills the frame
Q9pTMOljpgM,https://www.youtube.com/watch?v=Q9pTMOljpgM,How To Set Candle Wicks With Wick Stickers Or A Hot Glue Gun #candle #diycandle #candlebusiness,271.0,storyboard,18,143.47,151.44,7.97,https://youtu.be/Q9pTMOljpgM?t=143s,set_wick,assemble,1,0.5,Overhead: setting/centring a wick in a glass jar (wick sticker / glue gun).,"Overhead: setting/centring a wick in a glass jar (wick sticker / glue gun). steady, low-motion shot, dim, muted grey/brown palette (#826953, #4c3b2f). assemble phase, ~53% in, 2:23–2:31.",ah 27,0,0.0,0.15,0.079,0.399,0.125,"#826953,#4c3b2f,#b6ad9f",1,,
Q9pTMOljpgM,https://www.youtube.com/watch?v=Q9pTMOljpgM,How To Set Candle Wicks With Wick Stickers Or A Hot Glue Gun #candle #diycandle #candlebusiness,271.0,storyboard,19,151.44,159.41,7.97,https://youtu.be/Q9pTMOljpgM?t=151s,set_wick,assemble,1,0.5,Overhead: setting/centring a wick in a glass jar (wick sticker / glue gun).,"Overhead: setting/centring a wick in a glass jar (wick sticker / glue gun). captioned, steady, low-motion shot, dim, muted grey/brown palette (#896a5c, #674737). assemble phase, ~56% in, 2:31–2:39.",hI ae 4 5,1,0.0,0.132,0.058,0.398,0.122,"#896a5c,#674737,#bfaaa7",1,,
Q9pTMOljpgM,https://www.youtube.com/watch?v=Q9pTMOljpgM,How To Set Candle Wicks With Wick Stickers Or A Hot Glue Gun #candle #diycandle #candlebusiness,271.0,storyboard,20,159.41,167.38,7.97,https://youtu.be/Q9pTMOljpgM?t=159s,set_wick,assemble,1,0.5,Overhead: setting/centring a wick in a glass jar (wick sticker / glue gun).,"Overhead: setting/centring a wick in a glass jar (wick sticker / glue gun). captioned, steady, low-motion shot, dim, muted grey/brown palette (#846556, #5d4133). assemble phase, ~59% in, 2:39–2:47.",wz ae Ye,1,0.0,0.124,0.099,0.39,0.133,"#846556,#5d4133,#b8a795",1,,
Q9pTMOljpgM,https://www.youtube.com/watch?v=Q9pTMOljpgM,How To Set Candle Wicks With Wick Stickers Or A Hot Glue Gun #candle #diycandle #candlebusiness,271.0,storyboard,21,167.38,175.35,7.97,https://youtu.be/Q9pTMOljpgM?t=167s,set_wick,assemble,1,0.5,Overhead: setting/centring a wick in a glass jar (wick sticker / glue gun).,"Overhead: setting/centring a wick in a glass jar (wick sticker / glue gun). steady, low-motion shot, dim, muted brown/grey palette (#745345, #b58e8c). assemble phase, ~62% in, 2:47–2:55.",VA,0,0.0,0.077,0.073,0.389,0.128,"#745345,#b58e8c,#472d24",1,,
Q9pTMOljpgM,https://www.youtube.com/watch?v=Q9pTMOljpgM,How To Set Candle Wicks With Wick Stickers Or A Hot Glue Gun #candle #diycandle #candlebusiness,271.0,storyboard,22,175.35,183.32,7.97,https://youtu.be/Q9pTMOljpgM?t=175s,set_wick,assemble,1,0.5,Overhead: setting/centring a wick in a glass jar (wick sticker / glue gun).,"Overhead: setting/centring a wick in a glass jar (wick sticker / glue gun). steady, low-motion shot, well-lit, muted grey palette (#ad8981, #816655). assemble phase, ~65% in, 2:55–3:03.",4 es,0,0.0,0.083,0.132,0.43,0.136,"#ad8981,#816655,#302a2d",1,,
Q9pTMOljpgM,https://www.youtube.com/watch?v=Q9pTMOljpgM,How To Set Candle Wicks With Wick Stickers Or A Hot Glue Gun #candle #diycandle #candlebusiness,271.0,storyboard,23,183.32,191.29,7.97,https://youtu.be/Q9pTMOljpgM?t=183s,set_wick,assemble,1,0.5,Overhead: setting/centring a wick in a glass jar (wick sticker / glue gun).,"Overhead: setting/centring a wick in a glass jar (wick sticker / glue gun). steady, low-motion shot, well-lit, muted grey/beige palette (#836a59, #c29c96). assemble phase, ~68% in, 3:03–3:11.",,0,0.0,0.115,0.122,0.401,0.128,"#836a59,#c29c96,#332b2b",1,,
Q9pTMOljpgM,https://www.youtube.com/watch?v=Q9pTMOljpgM,How To Set Candle Wicks With Wick Stickers Or A Hot Glue Gun #candle #diycandle #candlebusiness,271.0,storyboard,24,191.29,199.26,7.97,https://youtu.be/Q9pTMOljpgM?t=191s,set_wick,assemble,1,0.5,Overhead: setting/centring a wick in a glass jar (wick sticker / glue gun).,"Overhead: setting/centring a wick in a glass jar (wick sticker / glue gun). steady, low-motion shot, well-lit, muted grey/brown palette (#856757, #664634). assemble phase, ~71% in, 3:11–3:19.",,0,0.0,0.132,0.05,0.407,0.134,"#856757,#664634,#c59a91",1,,
Q9pTMOljpgM,https://www.youtube.com/watch?v=Q9pTMOljpgM,How To Set Candle Wicks With Wick Stickers Or A Hot Glue Gun #candle #diycandle #candlebusiness,271.0,storyboard,25,199.26,207.24,7.98,https://youtu.be/Q9pTMOljpgM?t=199s,set_wick,assemble,1,0.5,Overhead: setting/centring a wick in a glass jar (wick sticker / glue gun).,"Overhead: setting/centring a wick in a glass jar (wick sticker / glue gun). steady, low-motion shot, dim, muted brown/black palette (#765744, #3b2a23). assemble phase, ~74% in, 3:19–3:27.",2,0,0.0,0.106,0.128,0.383,0.135,"#765744,#3b2a23,#a58678",1,,
Q9pTMOljpgM,https://www.youtube.com/watch?v=Q9pTMOljpgM,How To Set Candle Wicks With Wick Stickers Or A Hot Glue Gun #candle #diycandle #candlebusiness,271.0,storyboard,26,207.24,215.21,7.97,https://youtu.be/Q9pTMOljpgM?t=207s,set_wick,assemble,1,0.5,Overhead: setting/centring a wick in a glass jar (wick sticker / glue gun).,"Overhead: setting/centring a wick in a glass jar (wick sticker / glue gun). steady, low-motion shot, dim, muted brown/black palette (#715846, #2f231b). assemble phase, ~76% in, 3:27–3:35.",es,0,0.0,0.056,0.076,0.364,0.114,"#715846,#2f231b,#c1a99e",1,,
Q9pTMOljpgM,https://www.youtube.com/watch?v=Q9pTMOljpgM,How To Set Candle Wicks With Wick Stickers Or A Hot Glue Gun #candle #diycandle #candlebusiness,271.0,storyboard,27,215.21,223.18,7.97,https://youtu.be/Q9pTMOljpgM?t=215s,set_wick,assemble,1,0.5,Overhead: setting/centring a wick in a glass jar (wick sticker / glue gun).,"Overhead: setting/centring a wick in a glass jar (wick sticker / glue gun). steady, low-motion shot, well-lit, muted brown/beige palette (#84654b, #b1a492). assemble phase, ~79% in, 3:35–3:43.",fs,0,0.0,0.156,0.051,0.411,0.131,"#84654b,#b1a492,#3e3026",1,,
Q9pTMOljpgM,https://www.youtube.com/watch?v=Q9pTMOljpgM,How To Set Candle Wicks With Wick Stickers Or A Hot Glue Gun #candle #diycandle #candlebusiness,271.0,storyboard,28,223.18,231.15,7.97,https://youtu.be/Q9pTMOljpgM?t=223s,set_wick,assemble,1,0.5,Overhead: setting/centring a wick in a glass jar (wick sticker / glue gun).,"Overhead: setting/centring a wick in a glass jar (wick sticker / glue gun). captioned, steady, low-motion shot, well-lit, muted grey/brown palette (#866753, #4b3629). assemble phase, ~82% in, 3:43–3:51.",oe dba we 4 LK ve,1,0.0,0.153,0.062,0.406,0.142,"#866753,#4b3629,#c8a896",1,,
Q9pTMOljpgM,https://www.youtube.com/watch?v=Q9pTMOljpgM,How To Set Candle Wicks With Wick Stickers Or A Hot Glue Gun #candle #diycandle #candlebusiness,271.0,storyboard,29,231.15,239.12,7.97,https://youtu.be/Q9pTMOljpgM?t=231s,set_wick,assemble,1,0.5,Overhead: setting/centring a wick in a glass jar (wick sticker / glue gun).,"Overhead: setting/centring a wick in a glass jar (wick sticker / glue gun). captioned, steady, low-motion shot, well-lit, muted grey/brown palette (#7e6754, #4c382b). assemble phase, ~85% in, 3:51–3:59.",ae Fs ail eT,1,0.333,0.197,0.054,0.405,0.118,"#7e6754,#4c382b,#bda495",1,,
Q9pTMOljpgM,https://www.youtube.com/watch?v=Q9pTMOljpgM,How To Set Candle Wicks With Wick Stickers Or A Hot Glue Gun #candle #diycandle #candlebusiness,271.0,storyboard,30,239.12,247.09,7.97,https://youtu.be/Q9pTMOljpgM?t=239s,set_wick,assemble,1,0.5,Overhead: setting/centring a wick in a glass jar (wick sticker / glue gun).,"Overhead: setting/centring a wick in a glass jar (wick sticker / glue gun). captioned, moderate on-screen movement, bright, muted white palette (#fdfdfd, #f8f6f3). assemble phase, ~88% in, 3:59–4:07.",wi Mmeet Donne nce ett,1,0.333,0.056,0.297,0.796,0.04,"#fdfdfd,#f8f6f3,#b6b6b6",1,,
R-xUB9bCs_4,https://www.youtube.com/watch?v=R-xUB9bCs_4,SECRET to Easily Change Wicks | Candle Making,189.0,storyboard,9,70.88,78.75,7.87,https://youtu.be/R-xUB9bCs_4?t=71s,set_wick,assemble,1,0.45,Blue-gloved hand removes the old wick from the tin with tweezers.,"Blue-gloved hand removes the old wick from the tin with tweezers. static shot, well-lit, muted beige/grey palette (#c3bcb8, #918681). assemble phase, ~38% in, 1:10–1:18.",,0,0.0,0.023,0.031,0.625,0.046,"#c3bcb8,#918681,#554841",1,,
R-xUB9bCs_4,https://www.youtube.com/watch?v=R-xUB9bCs_4,SECRET to Easily Change Wicks | Candle Making,189.0,storyboard,10,78.75,86.62,7.87,https://youtu.be/R-xUB9bCs_4?t=79s,set_wick,assemble,1,0.45,Re-melting the surface wax in the tin.,"Re-melting the surface wax in the tin. moderate on-screen movement, well-lit, beige/grey palette (#acabad, #597186). assemble phase, ~42% in, 1:18–1:26.",,0,0.0,0.062,0.205,0.546,0.185,"#acabad,#597186,#283542",1,,
R-xUB9bCs_4,https://www.youtube.com/watch?v=R-xUB9bCs_4,SECRET to Easily Change Wicks | Candle Making,189.0,storyboard,11,86.62,94.5,7.88,https://youtu.be/R-xUB9bCs_4?t=87s,set_wick,assemble,1,0.45,Working the wick out of the tin.,"Working the wick out of the tin. moderate on-screen movement, well-lit, muted beige/brown palette (#c0bdbc, #333f4c). assemble phase, ~46% in, 1:26–1:34.",,0,0.333,0.037,0.187,0.578,0.138,"#c0bdbc,#333f4c,#738da1",1,,
R-xUB9bCs_4,https://www.youtube.com/watch?v=R-xUB9bCs_4,SECRET to Easily Change Wicks | Candle Making,189.0,storyboard,12,94.5,102.38,7.88,https://youtu.be/R-xUB9bCs_4?t=94s,set_wick,assemble,1,0.5,Inserting a new wick into the tin.,"Inserting a new wick into the tin. steady, low-motion shot, well-lit, beige/brown palette (#c0bfc1, #394754). assemble phase, ~50% in, 1:34–1:42.",2,0,0.0,0.042,0.088,0.581,0.157,"#c0bfc1,#394754,#798591",1,,
R-xUB9bCs_4,https://www.youtube.com/watch?v=R-xUB9bCs_4,SECRET to Easily Change Wicks | Candle Making,189.0,storyboard,13,102.38,110.25,7.87,https://youtu.be/R-xUB9bCs_4?t=102s,set_wick,assemble,1,0.5,Seating the new wick in the wax.,"Seating the new wick in the wax. steady, low-motion shot, well-lit, muted beige/grey palette (#bbb4b1, #898a8e). assemble phase, ~54% in, 1:42–1:50.",ee,0,0.0,0.065,0.058,0.598,0.085,"#bbb4b1,#898a8e,#50473d",1,,
R-xUB9bCs_4,https://www.youtube.com/watch?v=R-xUB9bCs_4,SECRET to Easily Change Wicks | Candle Making,189.0,storyboard,14,110.25,118.12,7.87,https://youtu.be/R-xUB9bCs_4?t=110s,set_wick,assemble,1,0.45,Centring the new wick.,"Centring the new wick. Centering and securing the wick after the pour so it stays upright while setting. steady, low-motion shot, well-lit, muted beige/grey palette (#bfb6b4, #9e9390). assemble phase, ~58% in, 1:50–1:58.",4 2,0,0.0,0.028,0.08,0.604,0.078,"#bfb6b4,#9e9390,#614f3f",1,,
R-xUB9bCs_4,https://www.youtube.com/watch?v=R-xUB9bCs_4,SECRET to Easily Change Wicks | Candle Making,189.0,storyboard,15,118.12,126.0,7.88,https://youtu.be/R-xUB9bCs_4?t=118s,set_wick,assemble,1,0.45,Securing the wick with a pin.,"Securing the wick with a pin. steady, low-motion shot, well-lit, muted beige/grey palette (#c0bab9, #958b87). assemble phase, ~62% in, 1:58–2:06.",2,0,0.0,0.028,0.069,0.587,0.084,"#c0bab9,#958b87,#5a4a39",1,,
R-xUB9bCs_4,https://www.youtube.com/watch?v=R-xUB9bCs_4,SECRET to Easily Change Wicks | Candle Making,189.0,storyboard,16,126.0,133.88,7.88,https://youtu.be/R-xUB9bCs_4?t=126s,set_wick,assemble,1,0.45,Adjusting the new wick with a stick.,"Adjusting the new wick with a stick. steady, low-motion shot, well-lit, beige/grey palette (#beb8b5, #837b76). assemble phase, ~67% in, 2:06–2:13.",4 2.,0,0.0,0.082,0.124,0.55,0.15,"#beb8b5,#837b76,#473b2a",1,,
R-xUB9bCs_4,https://www.youtube.com/watch?v=R-xUB9bCs_4,SECRET to Easily Change Wicks | Candle Making,189.0,storyboard,17,133.88,141.75,7.87,https://youtu.be/R-xUB9bCs_4?t=134s,set_wick,assemble,1,0.45,Wick stick across the tin.,"Wick stick across the tin. steady, low-motion shot, well-lit, beige/blue palette (#b4bac0, #2667a1). assemble phase, ~71% in, 2:13–2:21.",wr,0,0.0,0.094,0.103,0.486,0.263,"#b4bac0,#2667a1,#504f55",1,,
R-xUB9bCs_4,https://www.youtube.com/watch?v=R-xUB9bCs_4,SECRET to Easily Change Wicks | Candle Making,189.0,storyboard,18,141.75,149.62,7.87,https://youtu.be/R-xUB9bCs_4?t=142s,set_wick,assemble,1,0.45,Tin with the new wick set.,"Tin with the new wick set. steady, low-motion shot, well-lit, muted beige/grey palette (#c0bab9, #938b87). assemble phase, ~75% in, 2:21–2:29.",2.,0,0.0,0.034,0.076,0.583,0.11,"#c0bab9,#938b87,#58483b",1,,
R-xUB9bCs_4,https://www.youtube.com/watch?v=R-xUB9bCs_4,SECRET to Easily Change Wicks | Candle Making,189.0,storyboard,19,149.62,157.5,7.88,https://youtu.be/R-xUB9bCs_4?t=150s,set_wick,assemble,1,0.4,Finishing the wick change.,"Finishing the wick change. static shot, well-lit, muted beige/grey palette (#c0b9b7, #968c89). assemble phase, ~79% in, 2:29–2:37.",,0,0.0,0.065,0.026,0.605,0.065,"#c0b9b7,#968c89,#5b493c",1,,
R-xUB9bCs_4,https://www.youtube.com/watch?v=R-xUB9bCs_4,SECRET to Easily Change Wicks | Candle Making,189.0,storyboard,20,157.5,165.38,7.88,https://youtu.be/R-xUB9bCs_4?t=158s,set_wick,assemble,1,0.4,Tin with new wick.,"Tin with new wick. Centering and securing the wick after the pour so it stays upright while setting. steady, low-motion shot, well-lit, muted beige/grey palette (#c4bdbc, #978c88). assemble phase, ~83% in, 2:37–2:45.",,0,0.0,0.044,0.085,0.601,0.067,"#c4bdbc,#978c88,#59483c",1,,
R-xUB9bCs_4,https://www.youtube.com/watch?v=R-xUB9bCs_4,SECRET to Easily Change Wicks | Candle Making,189.0,storyboard,21,165.38,173.25,7.87,https://youtu.be/R-xUB9bCs_4?t=165s,set_wick,assemble,1,0.4,Black pan; reheating.,"Black pan; reheating. Centering and securing the wick after the pour so it stays upright while setting. steady, low-motion shot, well-lit, muted beige/grey palette (#bab0b2, #846b6e). assemble phase, ~88% in, 2:45–2:53.",,0,0.0,0.051,0.14,0.559,0.078,"#bab0b2,#846b6e,#43383b",1,,
R-xUB9bCs_4,https://www.youtube.com/watch?v=R-xUB9bCs_4,SECRET to Easily Change Wicks | Candle Making,189.0,storyboard,22,173.25,181.12,7.87,https://youtu.be/R-xUB9bCs_4?t=173s,set_wick,assemble,1,0.4,Tin with the new wick.,"Tin with the new wick. Centering and securing the wick after the pour so it stays upright while setting. static shot, well-lit, muted beige/grey palette (#b6afb2, #6f6667). assemble phase, ~92% in, 2:53–3:01.",,0,0.0,0.006,0.02,0.62,0.046,"#b6afb2,#6f6667,#9c9596",1,,
RwLOuuMSrWE,https://www.youtube.com/watch?v=RwLOuuMSrWE,CANDLE MAKING FOR BEGINNERS | How To Make Woodwick Candles,423.0,storyboard,34,271.36,279.34,7.98,https://youtu.be/RwLOuuMSrWE?t=271s,set_wick,assemble,1,0.5,Wooden wick steadied with a clip across the rim.,"Wooden wick steadied with a clip across the rim. steady, low-motion shot, well-lit, muted grey/beige palette (#a09b91, #c6cac7). assemble phase, ~64% in, 4:31–4:39.",,0,0.0,0.047,0.072,0.63,0.044,"#a09b91,#c6cac7,#463d34",1,,
RwLOuuMSrWE,https://www.youtube.com/watch?v=RwLOuuMSrWE,CANDLE MAKING FOR BEGINNERS | How To Make Woodwick Candles,423.0,storyboard,35,279.34,287.32,7.98,https://youtu.be/RwLOuuMSrWE?t=279s,set_wick,assemble,1,0.5,Wick bar holds the wooden wick centred.,"Wick bar holds the wooden wick centred. steady, low-motion shot, well-lit, muted beige/brown palette (#b9bab4, #5f5953). assemble phase, ~66% in, 4:39–4:47.",van eed,0,0.0,0.047,0.093,0.602,0.044,"#b9bab4,#5f5953,#9d978f",1,,
RwLOuuMSrWE,https://www.youtube.com/watch?v=RwLOuuMSrWE,CANDLE MAKING FOR BEGINNERS | How To Make Woodwick Candles,423.0,storyboard,36,287.32,295.3,7.98,https://youtu.be/RwLOuuMSrWE?t=287s,set_wick,assemble,1,0.45,Adjusting the wick as the wax sets.,"Adjusting the wick as the wax sets. moderate on-screen movement, well-lit, muted grey/beige palette (#90857e, #c0c1be). assemble phase, ~68% in, 4:47–4:55.",ees,0,0.0,0.058,0.169,0.608,0.11,"#90857e,#c0c1be,#432d25",1,,
SzziH-bHCb0,https://www.youtube.com/watch?v=SzziH-bHCb0,Making Soy Wax Candles with Crackling Wooden Wicks,857.0,storyboard,4,32.04,40.05,8.01,https://youtu.be/SzziH-bHCb0?t=32s,set_wick,assemble,1,0.45,Overhead: setting/centring wooden wicks in the jars.,"Overhead: setting/centring wooden wicks in the jars. captioned, static shot, well-lit, muted grey/beige palette (#8a837c, #cdb2a2). assemble phase, ~4% in, 0:32–0:40.",1 Sar 4 aa 0 iy of ry ie 2 iJ,1,0.0,0.109,0.0,0.553,0.129,"#8a837c,#cdb2a2,#4d4846",0,text_overlay,
SzziH-bHCb0,https://www.youtube.com/watch?v=SzziH-bHCb0,Making Soy Wax Candles with Crackling Wooden Wicks,857.0,storyboard,7,56.07,64.07,8.0,https://youtu.be/SzziH-bHCb0?t=56s,set_wick,assemble,1,0.45,Overhead: setting/centring wooden wicks in the jars.,"Overhead: setting/centring wooden wicks in the jars. captioned, steady, low-motion shot, well-lit, muted grey/beige palette (#92867d, #d1baa8). assemble phase, ~7% in, 0:56–1:04.","7. 4 oF, ate cS os ae ee ahi st if-",1,0.0,0.149,0.11,0.545,0.116,"#92867d,#d1baa8,#4e4746",1,,
SzziH-bHCb0,https://www.youtube.com/watch?v=SzziH-bHCb0,Making Soy Wax Candles with Crackling Wooden Wicks,857.0,storyboard,10,80.09,88.1,8.01,https://youtu.be/SzziH-bHCb0?t=80s,set_wick,assemble,1,0.45,Overhead: setting/centring wooden wicks in the jars.,"Overhead: setting/centring wooden wicks in the jars. captioned, steady, low-motion shot, well-lit, muted grey/brown palette (#9c9188, #695e55). assemble phase, ~9% in, 1:20–1:28.",IE iy SS Ma,1,0.0,0.1,0.051,0.561,0.098,"#9c9188,#695e55,#ccbead",1,,
SzziH-bHCb0,https://www.youtube.com/watch?v=SzziH-bHCb0,Making Soy Wax Candles with Crackling Wooden Wicks,857.0,storyboard,13,104.12,112.13,8.01,https://youtu.be/SzziH-bHCb0?t=104s,set_wick,assemble,1,0.45,Overhead: setting/centring wooden wicks in the jars.,"Overhead: setting/centring wooden wicks in the jars. captioned, steady, low-motion shot, well-lit, muted grey/beige palette (#8f847b, #c7bdab). assemble phase, ~12% in, 1:44–1:52.",aes yr ry iv iy Lig Pa 7 ee! os 7 2 Sas 4 7 7 ix,1,0.0,0.108,0.061,0.565,0.11,"#8f847b,#c7bdab,#50453e",1,,
SzziH-bHCb0,https://www.youtube.com/watch?v=SzziH-bHCb0,Making Soy Wax Candles with Crackling Wooden Wicks,857.0,storyboard,16,128.15,136.16,8.01,https://youtu.be/SzziH-bHCb0?t=128s,set_wick,assemble,1,0.45,Overhead: setting/centring wooden wicks in the jars.,"Overhead: setting/centring wooden wicks in the jars. captioned, static shot, well-lit, muted grey/beige palette (#90877e, #c7beab). assemble phase, ~15% in, 2:08–2:16.",Lin 3428 us pra 4 ia 4 3 be 1 OR 7 2 Se 2 ry 2 ee,1,0.0,0.123,0.034,0.566,0.1,"#90877e,#c7beab,#4e423b",1,,
SzziH-bHCb0,https://www.youtube.com/watch?v=SzziH-bHCb0,Making Soy Wax Candles with Crackling Wooden Wicks,857.0,storyboard,19,152.18,160.19,8.01,https://youtu.be/SzziH-bHCb0?t=152s,set_wick,assemble,1,0.45,Overhead: setting/centring wooden wicks in the jars.,"Overhead: setting/centring wooden wicks in the jars. captioned, steady, low-motion shot, well-lit, muted grey/beige palette (#8f867b, #c5bda9). assemble phase, ~18% in, 2:32–2:40.",Ry 4 fey my Oa ee rae 7am ie Se 4 ae,1,0.0,0.129,0.058,0.564,0.102,"#8f867b,#c5bda9,#52453f",1,,
SzziH-bHCb0,https://www.youtube.com/watch?v=SzziH-bHCb0,Making Soy Wax Candles with Crackling Wooden Wicks,857.0,storyboard,22,176.21,184.21,8.0,https://youtu.be/SzziH-bHCb0?t=176s,set_wick,assemble,1,0.45,Overhead: setting/centring wooden wicks in the jars.,"Overhead: setting/centring wooden wicks in the jars. captioned, static shot, well-lit, muted beige/grey palette (#cbc1b5, #8e8072). assemble phase, ~21% in, 2:56–3:04.",nit oe ie ie fi 7. 3 ent 4,1,0.0,0.261,0.04,0.554,0.102,"#cbc1b5,#8e8072,#372932",1,,
SzziH-bHCb0,https://www.youtube.com/watch?v=SzziH-bHCb0,Making Soy Wax Candles with Crackling Wooden Wicks,857.0,storyboard,26,208.24,216.25,8.01,https://youtu.be/SzziH-bHCb0?t=208s,set_wick,assemble,1,0.45,Centring wooden wicks in the poured jars.,"Centring wooden wicks in the poured jars. captioned, static shot, well-lit, muted grey/beige palette (#89827a, #b9b0a6). assemble phase, ~24% in, 3:28–3:36.",os ap ag ci Bhs sree vt me uae 4 fan 5 re 3 we 3,1,0.0,0.121,0.0,0.541,0.068,"#89827a,#b9b0a6,#51473f",0,text_overlay,
SzziH-bHCb0,https://www.youtube.com/watch?v=SzziH-bHCb0,Making Soy Wax Candles with Crackling Wooden Wicks,857.0,storyboard,30,240.28,248.29,8.01,https://youtu.be/SzziH-bHCb0?t=240s,set_wick,assemble,1,0.45,Centring wooden wicks in the poured jars.,"Centring wooden wicks in the poured jars. captioned, steady, low-motion shot, well-lit, muted grey/beige palette (#867d72, #b6ada1). assemble phase, ~28% in, 4:00–4:08.",tay iz ss if rd hee. gee 4 5 3 oh ry 7. 7,1,0.0,0.112,0.116,0.513,0.077,"#867d72,#b6ada1,#4a3b29",1,,
SzziH-bHCb0,https://www.youtube.com/watch?v=SzziH-bHCb0,Making Soy Wax Candles with Crackling Wooden Wicks,857.0,storyboard,34,272.32,280.33,8.01,https://youtu.be/SzziH-bHCb0?t=272s,set_wick,assemble,1,0.45,Centring wooden wicks in the poured jars.,"Centring wooden wicks in the poured jars. captioned, static shot, well-lit, muted beige/grey palette (#cbc3b9, #8a7d72). assemble phase, ~32% in, 4:32–4:40.",me abe BU,1,0.0,0.289,0.0,0.552,0.087,"#cbc3b9,#8a7d72,#332830",1,,
SzziH-bHCb0,https://www.youtube.com/watch?v=SzziH-bHCb0,Making Soy Wax Candles with Crackling Wooden Wicks,857.0,storyboard,38,304.36,312.36,8.0,https://youtu.be/SzziH-bHCb0?t=304s,set_wick,assemble,1,0.45,Centring wooden wicks in the poured jars.,"Centring wooden wicks in the poured jars. captioned, steady, low-motion shot, well-lit, muted grey/beige palette (#8b7f76, #c4b9ae). assemble phase, ~36% in, 5:04–5:12.",oe fy TW Wore ea be ey ae eae,1,0.0,0.12,0.139,0.528,0.083,"#8b7f76,#c4b9ae,#37292c",1,,
SzziH-bHCb0,https://www.youtube.com/watch?v=SzziH-bHCb0,Making Soy Wax Candles with Crackling Wooden Wicks,857.0,storyboard,42,336.39,344.4,8.01,https://youtu.be/SzziH-bHCb0?t=336s,set_wick,assemble,1,0.45,Centring wooden wicks in the poured jars.,"Centring wooden wicks in the poured jars. captioned, static shot, well-lit, muted grey/beige palette (#87796f, #c6afa3). assemble phase, ~39% in, 5:36–5:44.",7 henge. 7 4 4 oe we,1,0.0,0.157,0.0,0.503,0.116,"#87796f,#c6afa3,#3c2729",1,,
SzziH-bHCb0,https://www.youtube.com/watch?v=SzziH-bHCb0,Making Soy Wax Candles with Crackling Wooden Wicks,857.0,storyboard,46,368.43,376.44,8.01,https://youtu.be/SzziH-bHCb0?t=368s,set_wick,assemble,1,0.45,Centring wooden wicks in the poured jars.,"Centring wooden wicks in the poured jars. captioned, steady, low-motion shot, well-lit, muted beige/grey palette (#b2a59b, #83726a). assemble phase, ~43% in, 6:08–6:16.",Ve Ox ew al,1,0.5,0.066,0.135,0.5,0.112,"#b2a59b,#83726a,#3f2328",0,talking_head,
SzziH-bHCb0,https://www.youtube.com/watch?v=SzziH-bHCb0,Making Soy Wax Candles with Crackling Wooden Wicks,857.0,storyboard,49,392.46,400.47,8.01,https://youtu.be/SzziH-bHCb0?t=392s,set_wick,assemble,1,0.45,Setting wooden wicks in the jars.,"Setting wooden wicks in the jars. steady, low-motion shot, well-lit, muted grey/brown palette (#9f887b, #645249). assemble phase, ~46% in, 6:32–6:40.",,0,1.0,0.084,0.094,0.508,0.132,"#9f887b,#645249,#ccbfb2",0,talking_head,action label 'set_wick' but a strong face fills the frame
SzziH-bHCb0,https://www.youtube.com/watch?v=SzziH-bHCb0,Making Soy Wax Candles with Crackling Wooden Wicks,857.0,storyboard,52,416.49,424.5,8.01,https://youtu.be/SzziH-bHCb0?t=416s,set_wick,assemble,1,0.45,Setting wooden wicks in the jars.,"Setting wooden wicks in the jars. moderate on-screen movement, well-lit, grey/brown palette (#948278, #60332e). assemble phase, ~49% in, 6:56–7:04.",Te,0,0.0,0.172,0.181,0.507,0.161,"#948278,#60332e,#c9b6a6",1,,
SzziH-bHCb0,https://www.youtube.com/watch?v=SzziH-bHCb0,Making Soy Wax Candles with Crackling Wooden Wicks,857.0,storyboard,55,440.51,448.52,8.01,https://youtu.be/SzziH-bHCb0?t=441s,set_wick,assemble,1,0.45,Setting wooden wicks in the jars.,"Setting wooden wicks in the jars. captioned, steady, low-motion shot, well-lit, muted grey/beige palette (#8b7f76, #beb5a9). assemble phase, ~51% in, 7:20–7:28.",at FY abe sy be wy Wi! tee SS,1,0.0,0.107,0.079,0.507,0.112,"#8b7f76,#beb5a9,#51312d",1,,
SzziH-bHCb0,https://www.youtube.com/watch?v=SzziH-bHCb0,Making Soy Wax Candles with Crackling Wooden Wicks,857.0,storyboard,58,464.54,472.55,8.01,https://youtu.be/SzziH-bHCb0?t=465s,set_wick,assemble,1,0.45,Setting wooden wicks in the jars.,"Setting wooden wicks in the jars. captioned, static shot, well-lit, muted grey/beige palette (#897b70, #b7aea0). assemble phase, ~54% in, 7:44–7:52.","an oA, 5 id nt",1,0.0,0.126,0.0,0.507,0.113,"#897b70,#b7aea0,#4e302a",1,,
SzziH-bHCb0,https://www.youtube.com/watch?v=SzziH-bHCb0,Making Soy Wax Candles with Crackling Wooden Wicks,857.0,storyboard,61,488.57,496.58,8.01,https://youtu.be/SzziH-bHCb0?t=489s,set_wick,assemble,1,0.45,Setting wooden wicks in the jars.,"Setting wooden wicks in the jars. captioned, static shot, well-lit, muted beige/grey palette (#c8bbaf, #8d7d71). assemble phase, ~57% in, 8:08–8:16.",Pp aa 5 534,1,0.0,0.234,0.0,0.505,0.109,"#c8bbaf,#8d7d71,#3c2b32",1,,
SzziH-bHCb0,https://www.youtube.com/watch?v=SzziH-bHCb0,Making Soy Wax Candles with Crackling Wooden Wicks,857.0,storyboard,64,512.6,520.61,8.01,https://youtu.be/SzziH-bHCb0?t=513s,set_wick,assemble,1,0.45,Setting wooden wicks in the jars.,"Setting wooden wicks in the jars. static shot, well-lit, muted grey/beige palette (#8b7f7a, #c6aea8). assemble phase, ~60% in, 8:32–8:40.",2 Ri 2,0,1.0,0.082,0.0,0.52,0.109,"#8b7f7a,#c6aea8,#3e3230",0,talking_head,action label 'set_wick' but a strong face fills the frame
SzziH-bHCb0,https://www.youtube.com/watch?v=SzziH-bHCb0,Making Soy Wax Candles with Crackling Wooden Wicks,857.0,storyboard,67,536.63,544.64,8.01,https://youtu.be/SzziH-bHCb0?t=537s,set_wick,assemble,1,0.45,Setting wooden wicks in the jars.,"Setting wooden wicks in the jars. captioned, static shot, well-lit, muted grey/beige palette (#8c7d78, #c7b3b0). assemble phase, ~63% in, 8:56–9:04.",TAS ss oe Pee oF,1,1.0,0.102,0.0,0.512,0.105,"#8c7d78,#c7b3b0,#31282a",0,talking_head,action label 'set_wick' but a strong face fills the frame
SzziH-bHCb0,https://www.youtube.com/watch?v=SzziH-bHCb0,Making Soy Wax Candles with Crackling Wooden Wicks,857.0,storyboard,70,560.65,568.66,8.01,https://youtu.be/SzziH-bHCb0?t=561s,set_wick,assemble,1,0.45,Setting wooden wicks in the jars.,"Setting wooden wicks in the jars. steady, low-motion shot, well-lit, muted grey/beige palette (#8d7f7b, #cab8b4). assemble phase, ~65% in, 9:20–9:28.",AVA,0,0.5,0.143,0.068,0.524,0.107,"#8d7f7b,#cab8b4,#4a3835",0,talking_head,
TNCR4em34hI,https://www.youtube.com/watch?v=TNCR4em34hI,DIY MINI ALTOIDS CANDLE [Prepping 365: #20],254.0,storyboard,15,119.06,127.0,7.94,https://youtu.be/TNCR4em34hI?t=119s,set_wick,assemble,1,0.4,Wick set in the tin.,"Wick set in the tin. Centering and securing the wick after the pour so it stays upright while setting. steady, low-motion shot, well-lit, muted grey/cream palette (#8a7163, #dbccc0). assemble phase, ~47% in, 1:59–2:07.",,0,0.0,0.172,0.14,0.554,0.129,"#8a7163,#dbccc0,#2c1f19",1,,
TYdTLOd4q4Y,https://www.youtube.com/watch?v=TYdTLOd4q4Y,Start Your Own Profitable Candle Making Business! How to make Candles at home #businessideas #candle,553.0,storyboard,21,168.3,176.32,8.02,https://youtu.be/TYdTLOd4q4Y?t=168s,set_wick,assemble,1,0.4,Pillar candle in a glass; wick.,"Pillar candle in a glass; wick. captioned, static shot, well-lit, cream/grey palette (#f3bfd0, #a08275). assemble phase, ~30% in, 2:48–2:56.",Pi Le Sis,1,0.0,0.031,0.0,0.684,0.16,"#f3bfd0,#a08275,#463b25",1,,
ToGNCotyDeE,https://www.youtube.com/watch?v=ToGNCotyDeE,How to Make Candles With ToAuto New 15L Wax Melting Furnace - Start Your Candle Business Easily,246.0,storyboard,7,55.55,63.48,7.93,https://youtu.be/ToGNCotyDeE?t=56s,set_wick,assemble,1,0.45,Centring wicks in the rows of cups.,"Centring wicks in the rows of cups. moderate on-screen movement, well-lit, brown palette (#615934, #988806). assemble phase, ~23% in, 0:55–1:03.",4,0,0.0,0.023,0.288,0.57,0.188,"#615934,#988806,#e0e3e3",1,,
ToGNCotyDeE,https://www.youtube.com/watch?v=ToGNCotyDeE,How to Make Candles With ToAuto New 15L Wax Melting Furnace - Start Your Candle Business Easily,246.0,storyboard,12,95.23,103.16,7.93,https://youtu.be/ToGNCotyDeE?t=95s,set_wick,assemble,1,0.45,Centring wicks in the rows of cups.,"Centring wicks in the rows of cups. captioned, steady, low-motion shot, well-lit, black/cream palette (#3f2d21, #f2e7df). assemble phase, ~39% in, 1:35–1:43.",gi Wi Wy iN al Na oi,1,0.0,0.218,0.087,0.432,0.16,"#3f2d21,#f2e7df,#806d5d",1,,
ToGNCotyDeE,https://www.youtube.com/watch?v=ToGNCotyDeE,How to Make Candles With ToAuto New 15L Wax Melting Furnace - Start Your Candle Business Easily,246.0,storyboard,17,134.9,142.84,7.94,https://youtu.be/ToGNCotyDeE?t=135s,set_wick,assemble,1,0.45,Centring wicks in the rows of cups.,"Centring wicks in the rows of cups. captioned, steady, low-motion shot, bright, muted cream/beige palette (#e6e4e0, #c6b1a6). assemble phase, ~55% in, 2:14–2:22.",eS Ye 4 3 LA RSG,1,0.0,0.027,0.104,0.833,0.149,"#e6e4e0,#c6b1a6,#6e585a",1,,
ToGNCotyDeE,https://www.youtube.com/watch?v=ToGNCotyDeE,How to Make Candles With ToAuto New 15L Wax Melting Furnace - Start Your Candle Business Easily,246.0,storyboard,22,174.58,182.52,7.94,https://youtu.be/ToGNCotyDeE?t=175s,set_wick,assemble,1,0.45,Centring wicks in the rows of cups.,"Centring wicks in the rows of cups. steady, low-motion shot, well-lit, muted brown/cream palette (#434241, #d4d0cb). assemble phase, ~71% in, 2:54–3:02.",og 7 Rs,0,0.333,0.047,0.149,0.426,0.074,"#434241,#d4d0cb,#988277",1,,
ToGNCotyDeE,https://www.youtube.com/watch?v=ToGNCotyDeE,How to Make Candles With ToAuto New 15L Wax Melting Furnace - Start Your Candle Business Easily,246.0,storyboard,27,214.26,222.19,7.93,https://youtu.be/ToGNCotyDeE?t=214s,set_wick,assemble,1,0.45,Centring wicks in the rows of cups.,"Centring wicks in the rows of cups. captioned, moderate on-screen movement, well-lit, muted white/beige palette (#e1e6ea, #a4adb8). assemble phase, ~87% in, 3:34–3:42.",fay ef ay,1,0.0,0.076,0.259,0.674,0.143,"#e1e6ea,#a4adb8,#3a312f",1,,
Ucr1PgqwuCU,https://www.youtube.com/watch?v=Ucr1PgqwuCU,How to Make Coconut Oil Scented Candles | Thrive Market,230.0,storyboard,23,182.41,190.34,7.93,https://youtu.be/Ucr1PgqwuCU?t=182s,set_wick,assemble,1,0.45,Jars of wax with wicks; caption.,"Jars of wax with wicks; caption. captioned, moderate on-screen movement, well-lit, brown/grey palette (#523d45, #8e8482). assemble phase, ~79% in, 3:02–3:10.",2.9 ad Pa Pa nee and oe ol oe im. aes ae ti rar aD ae ud ce ter foe,1,0.0,0.099,0.162,0.478,0.175,"#523d45,#8e8482,#cac9c0",1,,
UrFrR3p0B3A,https://www.youtube.com/watch?v=UrFrR3p0B3A,"DIY Candle Jars with Jesmonite | aesthetic candle vessels, Boowan Nicole molds | handmade gift ideas",399.0,storyboard,32,255.36,263.34,7.98,https://youtu.be/UrFrR3p0B3A?t=255s,set_wick,assemble,1,0.5,Wick steadied in the poured candle.,"Wick steadied in the poured candle. static shot, well-lit, muted beige/grey palette (#bcbfc0, #907e74). assemble phase, ~64% in, 4:15–4:23.",,0,0.0,0.008,0.0,0.569,0.087,"#bcbfc0,#907e74,#292a28",1,,
VTWkcmDwaZk,https://www.youtube.com/watch?v=VTWkcmDwaZk,Candle Making Hacks from CandleScience // How to Wick Candles & Center Wicks // Easy Wick Tricks,93.0,storyboard,2,15.5,23.25,7.75,https://youtu.be/VTWkcmDwaZk?t=16s,set_wick,assemble,1,0.45,Overhead: a red level/tool used to centre a wick (hack).,"Overhead: a red level/tool used to centre a wick (hack). moderate on-screen movement, well-lit, muted grey/beige palette (#987757, #bb9c86). assemble phase, ~17% in, 0:15–0:23.",aad,0,0.0,0.036,0.167,0.552,0.121,"#987757,#bb9c86,#a13130",1,,
VTWkcmDwaZk,https://www.youtube.com/watch?v=VTWkcmDwaZk,Candle Making Hacks from CandleScience // How to Wick Candles & Center Wicks // Easy Wick Tricks,93.0,storyboard,3,23.25,31.0,7.75,https://youtu.be/VTWkcmDwaZk?t=23s,set_wick,assemble,1,0.45,A cardboard disc wick-centering guide placed on a jar.,"A cardboard disc wick-centering guide placed on a jar. captioned, steady, low-motion shot, well-lit, muted beige/amber palette (#bea68e, #ad8e73). assemble phase, ~25% in, 0:23–0:31.",Call sad,1,0.0,0.033,0.126,0.586,0.1,"#bea68e,#ad8e73,#997456",1,,
VTWkcmDwaZk,https://www.youtube.com/watch?v=VTWkcmDwaZk,Candle Making Hacks from CandleScience // How to Wick Candles & Center Wicks // Easy Wick Tricks,93.0,storyboard,4,31.0,38.75,7.75,https://youtu.be/VTWkcmDwaZk?t=31s,set_wick,assemble,1,0.45,A paper/cardboard wick guide held over the jar.,"A paper/cardboard wick guide held over the jar. captioned, steady, low-motion shot, well-lit, muted beige/amber palette (#bca48d, #a78568). assemble phase, ~33% in, 0:31–0:38.",af os pe Ste. 1 oo,1,0.333,0.034,0.14,0.608,0.107,"#bca48d,#a78568,#cec9c8",1,,
VTWkcmDwaZk,https://www.youtube.com/watch?v=VTWkcmDwaZk,Candle Making Hacks from CandleScience // How to Wick Candles & Center Wicks // Easy Wick Tricks,93.0,storyboard,7,54.25,62.0,7.75,https://youtu.be/VTWkcmDwaZk?t=54s,set_wick,assemble,1,0.45,A cardboard wick bar laid across the jar; brush.,"A cardboard wick bar laid across the jar; brush. moderate on-screen movement, well-lit, muted beige/brown palette (#c6c0bc, #434242). assemble phase, ~58% in, 0:54–1:02.",Pies ee,0,0.0,0.08,0.194,0.595,0.094,"#c6c0bc,#434242,#988b82",1,,
VTWkcmDwaZk,https://www.youtube.com/watch?v=VTWkcmDwaZk,Candle Making Hacks from CandleScience // How to Wick Candles & Center Wicks // Easy Wick Tricks,93.0,storyboard,8,62.0,69.75,7.75,https://youtu.be/VTWkcmDwaZk?t=62s,set_wick,assemble,1,0.45,Cardboard disc with the wick threaded through; chopstick.,"Cardboard disc with the wick threaded through; chopstick. captioned, steady, low-motion shot, well-lit, muted amber/beige palette (#b4967b, #c1ab95). assemble phase, ~67% in, 1:02–1:09.",ae bd 4 ot err Aa oo tm on,1,0.333,0.043,0.118,0.602,0.098,"#b4967b,#c1ab95,#a37f61",1,,
VTWkcmDwaZk,https://www.youtube.com/watch?v=VTWkcmDwaZk,Candle Making Hacks from CandleScience // How to Wick Candles & Center Wicks // Easy Wick Tricks,93.0,storyboard,9,69.75,77.5,7.75,https://youtu.be/VTWkcmDwaZk?t=70s,set_wick,assemble,1,0.45,Host shows 'hack #3 alternative wick bars' (chopsticks/pencils).,"Host shows 'hack #3 alternative wick bars' (chopsticks/pencils). captioned, steady, low-motion shot, well-lit, muted beige/brown palette (#c5bfba, #413f3f). assemble phase, ~75% in, 1:09–1:17.",ee FF Pian,1,0.0,0.087,0.119,0.61,0.113,"#c5bfba,#413f3f,#988b83",1,,
VTWkcmDwaZk,https://www.youtube.com/watch?v=VTWkcmDwaZk,Candle Making Hacks from CandleScience // How to Wick Candles & Center Wicks // Easy Wick Tricks,93.0,storyboard,10,77.5,85.25,7.75,https://youtu.be/VTWkcmDwaZk?t=78s,set_wick,assemble,1,0.45,Chopsticks/pencils used as wick bars across a jar.,"Chopsticks/pencils used as wick bars across a jar. static shot, well-lit, muted beige/amber palette (#bba691, #a78a6c). assemble phase, ~83% in, 1:17–1:25.",,0,0.0,0.005,0.042,0.594,0.108,"#bba691,#a78a6c,#8b6949",1,,
VazMrJH55Is,https://www.youtube.com/watch?v=VazMrJH55Is,Honey Vanilla Beeswax Candles | How to Make Candles,419.0,storyboard,39,314.25,322.31,8.06,https://youtu.be/VazMrJH55Is?t=314s,set_wick,assemble,1,0.5,Trimming/centring wicks on the set jars.,"Trimming/centring wicks on the set jars. moderate on-screen movement, bright, muted white/beige palette (#eae8e2, #bdb198). assemble phase, ~75% in, 5:14–5:22.",2,0,0.0,0.15,0.185,0.791,0.143,"#eae8e2,#bdb198,#81673f",1,,
VeFhYM_tD8Q,https://www.youtube.com/watch?v=VeFhYM_tD8Q,Make A Forever Candle That Burns for 72 Days!,493.0,storyboard,49,389.63,397.58,7.95,https://youtu.be/VeFhYM_tD8Q?t=390s,set_wick,assemble,1,0.45,Host handles a mason-jar oil candle.,"Host handles a mason-jar oil candle. captioned, static shot, dim, brown/amber palette (#4b251f, #b78f80). assemble phase, ~79% in, 6:29–6:37.",wen 7 6 Be ee. TA te,1,0.0,0.063,0.028,0.384,0.172,"#4b251f,#b78f80,#805447",1,,
VeFhYM_tD8Q,https://www.youtube.com/watch?v=VeFhYM_tD8Q,Make A Forever Candle That Burns for 72 Days!,493.0,storyboard,50,397.58,405.53,7.95,https://youtu.be/VeFhYM_tD8Q?t=398s,set_wick,assemble,1,0.5,Lit mason-jar oil candle with flowers.,"Lit mason-jar oil candle with flowers. captioned, moderate on-screen movement, dim, black/brown palette (#2f1810, #7f5c44). assemble phase, ~81% in, 6:37–6:45.",as ie ta he,1,0.0,0.058,0.236,0.36,0.171,"#2f1810,#7f5c44,#dfc7ac",1,,
VeFhYM_tD8Q,https://www.youtube.com/watch?v=VeFhYM_tD8Q,Make A Forever Candle That Burns for 72 Days!,493.0,storyboard,51,405.53,413.48,7.95,https://youtu.be/VeFhYM_tD8Q?t=406s,set_wick,assemble,1,0.45,Setting the float wick in the oil candle.,"Setting the float wick in the oil candle. captioned, moderate on-screen movement, dim, brown/black palette (#8d624b, #391d13). assemble phase, ~82% in, 6:45–6:53.",or 2 7 SQ. ss,1,0.0,0.083,0.168,0.363,0.18,"#8d624b,#391d13,#d7b6a4",1,,
VeFhYM_tD8Q,https://www.youtube.com/watch?v=VeFhYM_tD8Q,Make A Forever Candle That Burns for 72 Days!,493.0,storyboard,52,413.48,421.44,7.96,https://youtu.be/VeFhYM_tD8Q?t=413s,set_wick,assemble,1,0.45,Adjusting the oil candle wick.,"Adjusting the oil candle wick. captioned, static shot, dim, brown/black palette (#855e48, #311911). assemble phase, ~84% in, 6:53–7:01.",Res 7 3 Ta Tee Cay he 5,1,0.0,0.054,0.0,0.344,0.168,"#855e48,#311911,#d6b5a9",1,,
Vsd8r7uSDII,https://www.youtube.com/watch?v=Vsd8r7uSDII,How To Make A Wooden Wick Candle | Luxury Candle Making,288.0,storyboard,29,232.0,240.0,8.0,https://youtu.be/Vsd8r7uSDII?t=232s,set_wick,assemble,1,0.5,Filled glasses with wooden wicks left upright.,"Filled glasses with wooden wicks left upright. steady, low-motion shot, well-lit, beige/brown palette (#c5c1b8, #88663b). assemble phase, ~81% in, 3:52–4:00.",re,0,0.0,0.021,0.119,0.529,0.184,"#c5c1b8,#88663b,#1e1309",1,,
WfkIQ899U7M,https://www.youtube.com/watch?v=WfkIQ899U7M,Making a Batch of Candles and Packing an Order | Silent Studio Vlog,240.0,storyboard,2,16.0,24.0,8.0,https://youtu.be/WfkIQ899U7M?t=16s,set_wick,assemble,1,0.45,Setting wicks in the jars.,"Setting wicks in the jars. captioned, static shot, well-lit, muted grey/beige palette (#866850, #b3a89c). assemble phase, ~7% in, 0:16–0:24.",Gif it aS,1,0.0,0.022,0.049,0.439,0.112,"#866850,#b3a89c,#371f16",1,,
WfkIQ899U7M,https://www.youtube.com/watch?v=WfkIQ899U7M,Making a Batch of Candles and Packing an Order | Silent Studio Vlog,240.0,storyboard,3,24.0,32.0,8.0,https://youtu.be/WfkIQ899U7M?t=24s,set_wick,assemble,1,0.45,Black jars with wicks.,"Black jars with wicks. Centering and securing the wick after the pour so it stays upright while setting. steady, low-motion shot, well-lit, muted brown/beige palette (#87684f, #b2a598). assemble phase, ~10% in, 0:24–0:32.",1 ae ae,0,0.0,0.036,0.077,0.435,0.117,"#87684f,#b2a598,#3b2118",1,,
XZlZJW9EBbI,https://www.youtube.com/watch?v=XZlZJW9EBbI,DIY Water Candle / NO WAX Candles / PAANI se banaye candle / Diwali Special / Homemade Candles / How,121.0,storyboard,8,64.53,72.6,8.07,https://youtu.be/XZlZJW9EBbI?t=65s,set_wick,assemble,1,0.45,The float wick placed on the blue water candle.,"The float wick placed on the blue water candle. steady, low-motion shot, well-lit, yellow/grey palette (#dfd441, #9ba27c). assemble phase, ~53% in, 1:04–1:12.",oC,0,0.0,0.053,0.083,0.671,0.341,"#dfd441,#9ba27c,#725e3f",1,,
XZlZJW9EBbI,https://www.youtube.com/watch?v=XZlZJW9EBbI,DIY Water Candle / NO WAX Candles / PAANI se banaye candle / Diwali Special / Homemade Candles / How,121.0,storyboard,9,72.6,80.67,8.07,https://youtu.be/XZlZJW9EBbI?t=73s,set_wick,assemble,1,0.4,Adjusting the float/wick in the water bowl.,"Adjusting the float/wick in the water bowl. steady, low-motion shot, well-lit, yellow/grey palette (#d8d744, #a79f80). assemble phase, ~60% in, 1:12–1:20.",et,0,0.0,0.048,0.104,0.669,0.348,"#d8d744,#a79f80,#7a6e48",1,,
XZlZJW9EBbI,https://www.youtube.com/watch?v=XZlZJW9EBbI,DIY Water Candle / NO WAX Candles / PAANI se banaye candle / Diwali Special / Homemade Candles / How,121.0,storyboard,10,80.67,88.73,8.06,https://youtu.be/XZlZJW9EBbI?t=81s,set_wick,assemble,1,0.4,Finishing the floating wick assembly.,"Finishing the floating wick assembly. steady, low-motion shot, well-lit, vivid yellow/brown palette (#ccb92d, #6f5d39). assemble phase, ~67% in, 1:20–1:28.",oe,0,0.0,0.043,0.088,0.667,0.351,"#ccb92d,#6f5d39,#959a77",1,,
YspjuWix8TM,https://www.youtube.com/watch?v=YspjuWix8TM,DIY LUXURY CANDLES | STEP BY STEP CANDLE MAKING,483.0,storyboard,21,169.05,177.1,8.05,https://youtu.be/YspjuWix8TM?t=169s,set_wick,assemble,1,0.45,Setting/centring wicks with the orange wick bars.,"Setting/centring wicks with the orange wick bars. static shot, well-lit, grey/brown palette (#858586, #453932). assemble phase, ~35% in, 2:49–2:57.",,0,0.0,0.001,0.0,0.432,0.187,"#858586,#453932,#af5434",1,,
YspjuWix8TM,https://www.youtube.com/watch?v=YspjuWix8TM,DIY LUXURY CANDLES | STEP BY STEP CANDLE MAKING,483.0,storyboard,22,177.1,185.15,8.05,https://youtu.be/YspjuWix8TM?t=177s,set_wick,assemble,1,0.7,Presenter talking to camera (auto-detected: frontal face).,"Presenter talking to camera (auto-detected: frontal face). Centering and securing the wick after the pour so it stays upright while setting. steady, low-motion shot, well-lit, muted grey palette (#8f9091, #75716d). assemble phase, ~37% in, 2:57–3:05.",,0,0.5,0.001,0.14,0.447,0.1,"#8f9091,#75716d,#3e372e",0,talking_head,
YspjuWix8TM,https://www.youtube.com/watch?v=YspjuWix8TM,DIY LUXURY CANDLES | STEP BY STEP CANDLE MAKING,483.0,storyboard,23,185.15,193.2,8.05,https://youtu.be/YspjuWix8TM?t=185s,set_wick,assemble,1,0.45,Setting/centring wicks with the orange wick bars.,"Setting/centring wicks with the orange wick bars. moderate on-screen movement, well-lit, muted grey/black palette (#9da0a3, #312521). assemble phase, ~38% in, 3:05–3:13.",,0,0.0,0.002,0.174,0.433,0.061,"#9da0a3,#312521,#777471",1,,
ZQk9l2ttcIA,https://www.youtube.com/watch?v=ZQk9l2ttcIA,A Beginners Guide To Making A Candle,256.0,storyboard,23,184.0,192.0,8.0,https://youtu.be/ZQk9l2ttcIA?t=184s,set_wick,assemble,1,0.45,hands adjusting wicks,"hands adjusting wicks. Centering and securing the wick after the pour so it stays upright while setting. steady, low-motion shot, well-lit, muted grey/beige palette (#88736b, #c7c2b8). assemble phase, ~72% in, 3:04–3:12.",ry,0,0.0,0.155,0.121,0.492,0.09,"#88736b,#c7c2b8,#2b2118",1,,
_eyf0tCZzBY,https://www.youtube.com/watch?v=_eyf0tCZzBY,Non-toxic DIY Candles with Beeswax & Coconut Oil | Great for Meditation and Manifesting Practices,150.0,storyboard,11,86.84,94.74,7.9,https://youtu.be/_eyf0tCZzBY?t=87s,set_wick,assemble,1,0.5,Wicks centred in the freshly poured tins.,"Wicks centred in the freshly poured tins. moderate on-screen movement, well-lit, cream/brown palette (#ebcebe, #69432a). assemble phase, ~58% in, 1:26–1:34.",Si,0,0.667,0.18,0.178,0.611,0.231,"#ebcebe,#69432a,#ab9460",0,talking_head,action label 'set_wick' but a strong face fills the frame
_eyf0tCZzBY,https://www.youtube.com/watch?v=_eyf0tCZzBY,Non-toxic DIY Candles with Beeswax & Coconut Oil | Great for Meditation and Manifesting Practices,150.0,storyboard,12,94.74,102.63,7.89,https://youtu.be/_eyf0tCZzBY?t=95s,set_wick,assemble,1,0.5,Hands adjust the wicks as the tins set.,"Hands adjust the wicks as the tins set. captioned, steady, low-motion shot, well-lit, amber/cream palette (#b39767, #ece1d8). assemble phase, ~63% in, 1:34–1:42.",ew ad ee: Oe ei,1,0.0,0.219,0.101,0.61,0.232,"#b39767,#ece1d8,#6a472b",1,,
a9IOU3fbWx0,https://www.youtube.com/watch?v=a9IOU3fbWx0,How to Make Simple Paraffin Candles | Candle Making Guides | CandleScience,221.0,storyboard,19,149.96,157.86,7.9,https://youtu.be/a9IOU3fbWx0?t=150s,set_wick,assemble,1,0.5,Hands centre the wick in the freshly poured green candle.,"Hands centre the wick in the freshly poured green candle. moderate on-screen movement, well-lit, muted cream/black palette (#cacbc8, #2e312b). assemble phase, ~68% in, 2:29–2:37.",,0,0.0,0.064,0.27,0.619,0.08,"#cacbc8,#2e312b,#a0b27b",1,,
bE3cn6R9khs,https://www.youtube.com/watch?v=bE3cn6R9khs,HOW TO MAKE CANDLES THAT ACTUALLY SMELL GOOD,263.0,storyboard,27,215.18,223.15,7.97,https://youtu.be/bE3cn6R9khs?t=215s,set_wick,assemble,1,0.45,"Hands at a finished white candle, lighting/adjusting the wick.","Hands at a finished white candle, lighting/adjusting the wick. steady, low-motion shot, well-lit, muted cream/grey palette (#cecccf, #8e858c). assemble phase, ~82% in, 3:35–3:43.",,0,0.0,0.031,0.108,0.612,0.069,"#cecccf,#8e858c,#382622",1,,
bEhlvggbwk8,https://www.youtube.com/watch?v=bEhlvggbwk8,Wick Candle Maker by We R Memory Keepers,82.0,storyboard,6,49.2,57.4,8.2,https://youtu.be/bEhlvggbwk8?t=49s,set_wick,assemble,1,0.5,Hands at the machine; a teal layered candle in a cup; scissors.,"Hands at the machine; a teal layered candle in a cup; scissors. steady, low-motion shot, bright, muted white/grey palette (#e3e5ea, #ab8479). assemble phase, ~60% in, 0:49–0:57.",ei,0,0.0,0.036,0.122,0.793,0.093,"#e3e5ea,#ab8479,#b0b4ba",1,,
bOutp9y0oxE,https://www.youtube.com/watch?v=bOutp9y0oxE,Tealight Candle Making At Home 😱/ Tea Light Candles Holder / diwali decoration Idea 2025/DIY Candle🥰,83.0,storyboard,5,41.5,49.8,8.3,https://youtu.be/bOutp9y0oxE?t=42s,set_wick,assemble,1,0.55,A white wick is inserted into the centre of the pink-filled cup; scissors nearby.,"A white wick is inserted into the centre of the pink-filled cup; scissors nearby. captioned, steady, low-motion shot, bright, white/amber palette (#efeaef, #bd887d). assemble phase, ~50% in, 0:41–0:49.",Anishatraftsiocas 'SUBSCK.,1,0.0,0.032,0.127,0.739,0.212,"#efeaef,#bd887d,#844137",1,,
brxojqIpgH0,https://www.youtube.com/watch?v=brxojqIpgH0,How to Make Soy Tealight Candles | DIY Candle Making,171.0,storyboard,18,146.57,154.71,8.14,https://youtu.be/brxojqIpgH0?t=147s,set_wick,assemble,1,0.45,Wicks centred in the set red tealights.,"Wicks centred in the set red tealights. captioned, steady, low-motion shot, well-lit, muted grey/beige palette (#8d7566, #c7bfbf). assemble phase, ~86% in, 2:26–2:34.",oh Para fay fi Fitssi ee,1,0.333,0.042,0.093,0.483,0.098,"#8d7566,#c7bfbf,#4c3d2f",1,,
cVJ98lkY3D4,https://www.youtube.com/watch?v=cVJ98lkY3D4,How To Make A Beeswax Candle | Beeswax Candle Making Tutorial,391.0,storyboard,35,279.29,287.27,7.98,https://youtu.be/cVJ98lkY3D4?t=279s,set_wick,assemble,1,0.5,Setting the wicks.,"Setting the wicks. Centering and securing the wick after the pour so it stays upright while setting. steady, low-motion shot, well-lit, muted brown/grey palette (#443326, #94836f). assemble phase, ~71% in, 4:39–4:47.","WE, en",0,0.0,0.155,0.14,0.49,0.117,"#443326,#94836f,#c5c5be",1,,
cVJ98lkY3D4,https://www.youtube.com/watch?v=cVJ98lkY3D4,How To Make A Beeswax Candle | Beeswax Candle Making Tutorial,391.0,storyboard,36,287.27,295.24,7.97,https://youtu.be/cVJ98lkY3D4?t=287s,set_wick,assemble,1,0.5,Setting the wicks.,"Setting the wicks. Centering and securing the wick after the pour so it stays upright while setting. moderate on-screen movement, well-lit, muted grey/beige palette (#888271, #c1c5c2). assemble phase, ~73% in, 4:47–4:55.",pe,0,0.0,0.064,0.286,0.625,0.111,"#888271,#c1c5c2,#3c4037",1,,
cYCW1wpPtr4,https://www.youtube.com/watch?v=cYCW1wpPtr4,"Big Candle Making | Full Process, Wax Pour & ASMR 🕯✨ | Handmade Scented Candle",62.0,storyboard,2,15.5,23.25,7.75,https://youtu.be/cYCW1wpPtr4?t=16s,set_wick,assemble,1,0.5,The filled white silicone mould is handled; a tool sets/adjusts the wick.,"The filled white silicone mould is handled; a tool sets/adjusts the wick. captioned, moderate on-screen movement, well-lit, muted brown palette (#5c3d30, #735647). assemble phase, ~25% in, 0:15–0:23.",yy 4 5 InShOk,1,0.0,0.019,0.205,0.44,0.11,"#5c3d30,#735647,#b2aead",1,,
e2RHQ6LVr-w,https://www.youtube.com/watch?v=e2RHQ6LVr-w,Making Candles at Home- Full Step-by-Step Tutorial,883.0,storyboard,73,585.99,594.02,8.03,https://youtu.be/e2RHQ6LVr-w?t=586s,set_wick,assemble,1,0.45,Setting/centring the wick.,"Setting/centring the wick. captioned, moderate on-screen movement, dim, muted grey/black palette (#a49480, #17120e). assemble phase, ~66% in, 9:45–9:54.",5 7 4 an,1,0.0,0.171,0.231,0.353,0.084,"#a49480,#17120e,#5c5042",1,,
e2RHQ6LVr-w,https://www.youtube.com/watch?v=e2RHQ6LVr-w,Making Candles at Home- Full Step-by-Step Tutorial,883.0,storyboard,76,610.07,618.1,8.03,https://youtu.be/e2RHQ6LVr-w?t=610s,set_wick,assemble,1,0.45,Setting/centring the wick.,"Setting/centring the wick. captioned, steady, low-motion shot, dim, muted grey/black palette (#7a6556, #261c16). assemble phase, ~69% in, 10:10–10:18.",ee SS al oF aa,1,0.0,0.169,0.104,0.392,0.091,"#7a6556,#261c16,#baaa9b",1,,
e2RHQ6LVr-w,https://www.youtube.com/watch?v=e2RHQ6LVr-w,Making Candles at Home- Full Step-by-Step Tutorial,883.0,storyboard,79,634.15,642.18,8.03,https://youtu.be/e2RHQ6LVr-w?t=634s,set_wick,assemble,1,0.45,Setting/centring the wick.,"Setting/centring the wick. static shot, well-lit, muted beige/black palette (#d3c5b5, #35251e). assemble phase, ~72% in, 10:34–10:42.",,0,0.0,0.228,0.0,0.501,0.087,"#d3c5b5,#35251e,#8e7a6c",1,,
e2RHQ6LVr-w,https://www.youtube.com/watch?v=e2RHQ6LVr-w,Making Candles at Home- Full Step-by-Step Tutorial,883.0,storyboard,82,658.24,666.26,8.02,https://youtu.be/e2RHQ6LVr-w?t=658s,set_wick,assemble,1,0.45,Setting/centring the wick.,"Setting/centring the wick. moderate on-screen movement, dim, muted black/brown palette (#1b1513, #63554b). assemble phase, ~75% in, 10:58–11:06.",,0,0.0,0.15,0.348,0.344,0.077,"#1b1513,#63554b,#b2a192",1,,
e2RHQ6LVr-w,https://www.youtube.com/watch?v=e2RHQ6LVr-w,Making Candles at Home- Full Step-by-Step Tutorial,883.0,storyboard,85,682.32,690.35,8.03,https://youtu.be/e2RHQ6LVr-w?t=682s,set_wick,assemble,1,0.45,Setting/centring the wick.,"Setting/centring the wick. static shot, well-lit, muted beige/grey palette (#cfc1b0, #887667). assemble phase, ~77% in, 11:22–11:30.",,0,0.0,0.196,0.0,0.491,0.084,"#cfc1b0,#887667,#3a2b21",1,,
e2RHQ6LVr-w,https://www.youtube.com/watch?v=e2RHQ6LVr-w,Making Candles at Home- Full Step-by-Step Tutorial,883.0,storyboard,88,706.4,714.43,8.03,https://youtu.be/e2RHQ6LVr-w?t=706s,set_wick,assemble,1,0.45,Setting/centring the wick.,"Setting/centring the wick. steady, low-motion shot, well-lit, muted beige/black palette (#d4c5b8, #382923). assemble phase, ~80% in, 11:46–11:54.",id,0,0.5,0.132,0.068,0.545,0.084,"#d4c5b8,#382923,#887063",0,talking_head,
e2RHQ6LVr-w,https://www.youtube.com/watch?v=e2RHQ6LVr-w,Making Candles at Home- Full Step-by-Step Tutorial,883.0,storyboard,91,730.48,738.51,8.03,https://youtu.be/e2RHQ6LVr-w?t=730s,set_wick,assemble,1,0.45,Setting/centring the wick.,"Setting/centring the wick. moderate on-screen movement, well-lit, muted cream/beige palette (#d8cdc8, #bdafa8). assemble phase, ~83% in, 12:10–12:18.","ae,",0,0.5,0.067,0.227,0.657,0.069,"#d8cdc8,#bdafa8,#9f8d7e",0,talking_head,
e2RHQ6LVr-w,https://www.youtube.com/watch?v=e2RHQ6LVr-w,Making Candles at Home- Full Step-by-Step Tutorial,883.0,storyboard,94,754.56,762.59,8.03,https://youtu.be/e2RHQ6LVr-w?t=755s,set_wick,assemble,1,0.45,Setting/centring the wick.,"Setting/centring the wick. steady, low-motion shot, well-lit, muted beige/grey palette (#ccbcae, #796256). assemble phase, ~85% in, 12:34–12:42.",io ait.,0,1.0,0.125,0.057,0.569,0.084,"#ccbcae,#796256,#261a14",0,talking_head,action label 'set_wick' but a strong face fills the frame
eyHB2gfWo_I,https://www.youtube.com/watch?v=eyHB2gfWo_I,How to make Coconut Wax Candles at home,324.0,storyboard,14,113.4,121.5,8.1,https://youtu.be/eyHB2gfWo_I?t=113s,set_wick,assemble,1,0.45,Host adjusts wicks in the poured jars.,"Host adjusts wicks in the poured jars. static shot, well-lit, grey/brown palette (#927547, #6d3c1b). assemble phase, ~35% in, 1:53–2:01.",,0,0.0,0.067,0.019,0.438,0.215,"#927547,#6d3c1b,#cfc1ad",1,,
eyHB2gfWo_I,https://www.youtube.com/watch?v=eyHB2gfWo_I,How to make Coconut Wax Candles at home,324.0,storyboard,15,121.5,129.6,8.1,https://youtu.be/eyHB2gfWo_I?t=122s,set_wick,assemble,1,0.45,Centring wicks in the jars.,"Centring wicks in the jars. moderate on-screen movement, well-lit, brown palette (#926f36, #763717). assemble phase, ~38% in, 2:01–2:09.",an ey,0,0.0,0.055,0.204,0.417,0.167,"#926f36,#763717,#d8c5a7",1,,
eyHB2gfWo_I,https://www.youtube.com/watch?v=eyHB2gfWo_I,How to make Coconut Wax Candles at home,324.0,storyboard,16,129.6,137.7,8.1,https://youtu.be/eyHB2gfWo_I?t=130s,set_wick,assemble,1,0.45,Host works the wicks on the table.,"Host works the wicks on the table. moderate on-screen movement, well-lit, brown palette (#9b7238, #753415). assemble phase, ~40% in, 2:09–2:17.",sie Se,0,0.0,0.055,0.227,0.428,0.204,"#9b7238,#753415,#ddc8aa",1,,
eyHB2gfWo_I,https://www.youtube.com/watch?v=eyHB2gfWo_I,How to make Coconut Wax Candles at home,324.0,storyboard,19,153.9,162.0,8.1,https://youtu.be/eyHB2gfWo_I?t=154s,set_wick,assemble,1,0.45,Adjusting wicks in the jars.,"Adjusting wicks in the jars. static shot, well-lit, amber/brown palette (#a08637, #85671a). assemble phase, ~48% in, 2:33–2:42.",ee,0,0.0,0.028,0.0,0.464,0.202,"#a08637,#85671a,#41200a",1,,
eyHB2gfWo_I,https://www.youtube.com/watch?v=eyHB2gfWo_I,How to make Coconut Wax Candles at home,324.0,storyboard,24,194.4,202.5,8.1,https://youtu.be/eyHB2gfWo_I?t=194s,set_wick,assemble,1,0.45,Host leans over the table arranging the candles.,"Host leans over the table arranging the candles. static shot, dim, brown palette (#7c6036, #4b2e13). assemble phase, ~60% in, 3:14–3:22.",PS.,0,0.0,0.049,0.047,0.356,0.171,"#7c6036,#4b2e13,#bfac96",1,,
fhuTHnPrqIM,https://www.youtube.com/watch?v=fhuTHnPrqIM,The candle that never goes out and lasts  FOREVER,170.0,storyboard,7,56.67,64.76,8.09,https://youtu.be/fhuTHnPrqIM?t=57s,set_wick,assemble,1,0.45,Hands work at the oil-filled glass with the wick.,"Hands work at the oil-filled glass with the wick. captioned, steady, low-motion shot, well-lit, amber palette (#d2a475, #9e734c). assemble phase, ~33% in, 0:56–1:04.",hel Dy oo,1,0.0,0.067,0.119,0.542,0.183,"#d2a475,#9e734c,#4e321f",1,,
fhuTHnPrqIM,https://www.youtube.com/watch?v=fhuTHnPrqIM,The candle that never goes out and lasts  FOREVER,170.0,storyboard,8,64.76,72.86,8.1,https://youtu.be/fhuTHnPrqIM?t=65s,set_wick,assemble,1,0.5,The float wick is placed on the surface of the oil.,"The float wick is placed on the surface of the oil. captioned, steady, low-motion shot, well-lit, amber palette (#ac8356, #cea26f). assemble phase, ~38% in, 1:04–1:12.",3 1 es SS oa,1,0.0,0.063,0.071,0.563,0.168,"#ac8356,#cea26f,#735831",1,,
fhuTHnPrqIM,https://www.youtube.com/watch?v=fhuTHnPrqIM,The candle that never goes out and lasts  FOREVER,170.0,storyboard,9,72.86,80.95,8.09,https://youtu.be/fhuTHnPrqIM?t=73s,set_wick,assemble,1,0.45,Adjusting the floating wick in the oil glass.,"Adjusting the floating wick in the oil glass. captioned, static shot, well-lit, amber palette (#cca06f, #9d774e). assemble phase, ~43% in, 1:12–1:20.",ne so Lrecommend you drill ity ith hot Pin late tng ee. ae 4,1,0.0,0.074,0.047,0.557,0.175,"#cca06f,#9d774e,#58351c",1,,
fhuTHnPrqIM,https://www.youtube.com/watch?v=fhuTHnPrqIM,The candle that never goes out and lasts  FOREVER,170.0,storyboard,12,97.14,105.24,8.1,https://youtu.be/fhuTHnPrqIM?t=97s,set_wick,assemble,1,0.45,The float wick floats on the yellow oil.,"The float wick floats on the yellow oil. captioned, steady, low-motion shot, well-lit, amber palette (#d5a478, #9b6e4c). assemble phase, ~57% in, 1:37–1:45.",5 3 br AY,1,0.0,0.037,0.114,0.541,0.177,"#d5a478,#9b6e4c,#6b361e",1,,
gUmo_4_EhuI,https://www.youtube.com/watch?v=gUmo_4_EhuI,Make DIY Aesthetic Candles with Me | DIY cute candles handmade candle gift ideas | Temu molds review,529.0,storyboard,55,440.83,448.85,8.02,https://youtu.be/gUmo_4_EhuI?t=441s,set_wick,assemble,1,0.5,Setting the wick in the jar.,"Setting the wick in the jar. captioned, steady, low-motion shot, well-lit, muted grey/beige palette (#918176, #c0beba). assemble phase, ~83% in, 7:20–7:28.",ON: le ot Jap 4 ee ea es... SS oe pee,1,0.0,0.084,0.098,0.551,0.112,"#918176,#c0beba,#614d3e",1,,
gUmo_4_EhuI,https://www.youtube.com/watch?v=gUmo_4_EhuI,Make DIY Aesthetic Candles with Me | DIY cute candles handmade candle gift ideas | Temu molds review,529.0,storyboard,56,448.85,456.86,8.01,https://youtu.be/gUmo_4_EhuI?t=449s,set_wick,assemble,1,0.5,Setting the wick in the jar.,"Setting the wick in the jar. captioned, static shot, well-lit, muted grey/beige palette (#927e74, #c4c2c0). assemble phase, ~85% in, 7:28–7:36.",an fn eS ae La aN,1,0.0,0.069,0.0,0.542,0.132,"#927e74,#c4c2c0,#5c4639",1,,
hFXp2bgxQh8,https://www.youtube.com/watch?v=hFXp2bgxQh8,how to easily set up a wooden wick 🕯️ candle making tips,107.0,storyboard,9,74.08,82.31,8.23,https://youtu.be/hFXp2bgxQh8?t=74s,set_wick,assemble,1,0.55,Hands centre and adjust the wooden wick upright in the empty glass vessel.,"Hands centre and adjust the wooden wick upright in the empty glass vessel. steady, low-motion shot, bright, muted white/beige palette (#d7d9ed, #bab6c1). assemble phase, ~69% in, 1:14–1:22.",,0,0.0,0.01,0.115,0.749,0.064,"#d7d9ed,#bab6c1,#775f5c",1,,
k0tHC2jZLwk,https://www.youtube.com/watch?v=k0tHC2jZLwk,How to make a glitter gel candle ✨| Supplies For Candles,146.0,storyboard,14,113.56,121.67,8.11,https://youtu.be/k0tHC2jZLwk?t=114s,set_wick,assemble,1,0.45,Blue gel candle with the wick set.,"Blue gel candle with the wick set. captioned, steady, low-motion shot, bright, cream/teal palette (#bdd9f1, #4394bf). assemble phase, ~78% in, 1:53–2:01.","4 denn nary, age",1,0.0,0.063,0.103,0.725,0.211,"#bdd9f1,#4394bf,#a8a3b1",1,,
kdQH8hAYZ38,https://www.youtube.com/watch?v=kdQH8hAYZ38,how to make candles with essential oils 💐,179.0,storyboard,15,122.05,130.18,8.13,https://youtu.be/kdQH8hAYZ38?t=122s,set_wick,assemble,1,0.4,Hands work the wick/candle in a cutaway.,"Hands work the wick/candle in a cutaway. static shot, bright, muted white/beige palette (#e3e5e8, #a8a097). assemble phase, ~68% in, 2:02–2:10.",,0,0.0,0.05,0.009,0.715,0.073,"#e3e5e8,#a8a097,#615b4d",1,,
l4-8dPDeC80,https://www.youtube.com/watch?v=l4-8dPDeC80,Turn the Ocean into a Candle🌊😍 Easy DIY Gel Candle Tutorial🕯️,121.0,storyboard,2,16.13,24.2,8.07,https://youtu.be/l4-8dPDeC80?t=16s,set_wick,assemble,1,0.4,Holding the candle glass; wick.,"Holding the candle glass; wick. captioned, steady, low-motion shot, well-lit, muted beige/black palette (#c2b8af, #2c353e). assemble phase, ~13% in, 0:16–0:24.",eogtuivaat CARS SES coy Ss ins Be oe Add decorative sand and seashells,1,0.0,0.068,0.071,0.577,0.083,"#c2b8af,#2c353e,#9d7d74",1,,
lTMszYRbm84,https://www.youtube.com/watch?v=lTMszYRbm84,Candle Making Tutorial | DIY Candle Pouring for Beginners,174.0,storyboard,18,142.36,150.27,7.91,https://youtu.be/lTMszYRbm84?t=142s,set_wick,assemble,1,0.55,Caption 'WICK CYCLE'; centring/securing the wick in the poured candle.,"Caption 'WICK CYCLE'; centring/securing the wick in the poured candle. moderate on-screen movement, bright, muted beige/black palette (#bca98b, #2b211a). assemble phase, ~82% in, 2:22–2:30.",He os,0,0.0,0.029,0.276,0.72,0.083,"#bca98b,#2b211a,#7f6a4e",1,,description references on-screen text but OCR found none
m6PpWgz7YGM,https://www.youtube.com/watch?v=m6PpWgz7YGM,The Satisfying Process of Candle Making | Inside a Modern Candle Factory,665.0,storyboard,60,480.72,488.73,8.01,https://youtu.be/m6PpWgz7YGM?t=481s,set_wick,assemble,1,0.45,Setting wicks in the candles.,"Setting wicks in the candles. static shot, dark, muted black palette (#050303, #3a2b22). assemble phase, ~72% in, 8:00–8:08.",,0,0.0,0.005,0.0,0.16,0.071,"#050303,#3a2b22,#67584f",1,,
m6PpWgz7YGM,https://www.youtube.com/watch?v=m6PpWgz7YGM,The Satisfying Process of Candle Making | Inside a Modern Candle Factory,665.0,storyboard,61,488.73,496.75,8.02,https://youtu.be/m6PpWgz7YGM?t=489s,set_wick,assemble,1,0.45,Setting wicks in the candles.,"Setting wicks in the candles. captioned, moderate on-screen movement, dim, muted grey/brown palette (#9b9c91, #685535). assemble phase, ~73% in, 8:08–8:16.",oJ 2 HH be TD,1,0.0,0.041,0.273,0.381,0.14,"#9b9c91,#685535,#131513",1,,
mHXvtRqE-u0,https://www.youtube.com/watch?v=mHXvtRqE-u0,Palm Wax Candle Experiment | Part One,570.0,storyboard,46,369.3,377.32,8.02,https://youtu.be/mHXvtRqE-u0?t=369s,set_wick,assemble,1,0.5,Setting wicks in the glasses.,"Setting wicks in the glasses. steady, low-motion shot, well-lit, muted grey/beige palette (#92776d, #bdaaa4). assemble phase, ~65% in, 6:09–6:17.",nif,0,0.0,0.095,0.095,0.497,0.121,"#92776d,#bdaaa4,#4d4142",1,,
mHXvtRqE-u0,https://www.youtube.com/watch?v=mHXvtRqE-u0,Palm Wax Candle Experiment | Part One,570.0,storyboard,47,377.32,385.35,8.03,https://youtu.be/mHXvtRqE-u0?t=377s,set_wick,assemble,1,0.5,Setting wicks in the glasses.,"Setting wicks in the glasses. steady, low-motion shot, well-lit, muted beige/grey palette (#ae9fa0, #7a6c66). assemble phase, ~66% in, 6:17–6:25.",wa 5,0,0.0,0.067,0.091,0.489,0.094,"#ae9fa0,#7a6c66,#3e3a42",1,,
mHXvtRqE-u0,https://www.youtube.com/watch?v=mHXvtRqE-u0,Palm Wax Candle Experiment | Part One,570.0,storyboard,48,385.35,393.38,8.03,https://youtu.be/mHXvtRqE-u0?t=385s,set_wick,assemble,1,0.5,Setting wicks in the glasses.,"Setting wicks in the glasses. static shot, well-lit, muted beige/grey palette (#ada0a1, #736867). assemble phase, ~68% in, 6:25–6:33.",,0,0.0,0.113,0.0,0.481,0.089,"#ada0a1,#736867,#35333b",1,,
mHXvtRqE-u0,https://www.youtube.com/watch?v=mHXvtRqE-u0,Palm Wax Candle Experiment | Part One,570.0,storyboard,56,449.58,457.61,8.03,https://youtu.be/mHXvtRqE-u0?t=450s,set_wick,assemble,1,0.5,Setting wicks in the glasses.,"Setting wicks in the glasses. static shot, well-lit, muted grey/beige palette (#74635e, #ada5a8). assemble phase, ~79% in, 7:29–7:37.",Sno,0,0.0,0.088,0.0,0.454,0.099,"#74635e,#ada5a8,#32292e",1,,
nVrWdGYHQkc,https://www.youtube.com/watch?v=nVrWdGYHQkc,Easy DIY Candle Making Tutorial for Beginners || Step-By-Step Guide || GIVEAWAY OVER,511.0,storyboard,51,407.2,415.19,7.99,https://youtu.be/nVrWdGYHQkc?t=407s,set_wick,assemble,1,0.5,Brown vessel with wax; centring the wick.,"Brown vessel with wax; centring the wick. captioned, moderate on-screen movement, well-lit, cream/black palette (#ded4c6, #211c1d). assemble phase, ~80% in, 6:47–6:55.","itty ry, es anal 7",1,0.0,0.053,0.274,0.596,0.189,"#ded4c6,#211c1d,#a2816a",1,,
nVrWdGYHQkc,https://www.youtube.com/watch?v=nVrWdGYHQkc,Easy DIY Candle Making Tutorial for Beginners || Step-By-Step Guide || GIVEAWAY OVER,511.0,storyboard,52,415.19,423.17,7.98,https://youtu.be/nVrWdGYHQkc?t=415s,set_wick,assemble,1,0.5,Steadying the wick in the vessel.,"Steadying the wick in the vessel. captioned, static shot, well-lit, cream/black palette (#e0d6ca, #261f20). assemble phase, ~81% in, 6:55–7:03.",Te all oT hat LOVE RB Go ZB Ss Lf top witbihe,1,0.0,0.081,0.0,0.541,0.151,"#e0d6ca,#261f20,#ac8a72",0,text_overlay,
nVrWdGYHQkc,https://www.youtube.com/watch?v=nVrWdGYHQkc,Easy DIY Candle Making Tutorial for Beginners || Step-By-Step Guide || GIVEAWAY OVER,511.0,storyboard,53,423.17,431.16,7.99,https://youtu.be/nVrWdGYHQkc?t=423s,set_wick,assemble,1,0.5,Centring the wick in the candle.,"Centring the wick in the candle. captioned, steady, low-motion shot, well-lit, cream/black palette (#dacec2, #1d1719). assemble phase, ~83% in, 7:03–7:11.",oe Huu 4 on rae yo Oa,1,0.0,0.065,0.077,0.547,0.153,"#dacec2,#1d1719,#96725e",1,,
nVrWdGYHQkc,https://www.youtube.com/watch?v=nVrWdGYHQkc,Easy DIY Candle Making Tutorial for Beginners || Step-By-Step Guide || GIVEAWAY OVER,511.0,storyboard,56,447.12,455.11,7.99,https://youtu.be/nVrWdGYHQkc?t=447s,set_wick,assemble,1,0.45,Wick clip on the vessel.,"Wick clip on the vessel. Centering and securing the wick after the pour so it stays upright while setting. moderate on-screen movement, well-lit, cream/amber palette (#f5d2a8, #cf8f6e). assemble phase, ~87% in, 7:27–7:35.",,0,0.0,0.052,0.293,0.611,0.179,"#f5d2a8,#cf8f6e,#493937",1,,
o4YzLSxaahk,https://www.youtube.com/watch?v=o4YzLSxaahk,🥥 How to Make Coconut Apricot Wax Candles | *my process* summer edition :) 🏝️,455.0,storyboard,24,191.58,199.56,7.98,https://youtu.be/o4YzLSxaahk?t=192s,set_wick,assemble,1,0.5,Orange-gloved hand sets wicks in rows of dark cups.,"Orange-gloved hand sets wicks in rows of dark cups. captioned, static shot, well-lit, brown/cream palette (#3e2e30, #e1d2c1). assemble phase, ~42% in, 3:11–3:19.",ae eee AK KS D&S FAG Sy ours BS ra,1,0.0,0.201,0.0,0.51,0.186,"#3e2e30,#e1d2c1,#9f8167",0,text_overlay,
o4YzLSxaahk,https://www.youtube.com/watch?v=o4YzLSxaahk,🥥 How to Make Coconut Apricot Wax Candles | *my process* summer edition :) 🏝️,455.0,storyboard,27,215.53,223.51,7.98,https://youtu.be/o4YzLSxaahk?t=216s,set_wick,assemble,1,0.5,Centring wicks across the rows of cups.,"Centring wicks across the rows of cups. captioned, steady, low-motion shot, well-lit, amber/black palette (#ad795d, #3a2a30). assemble phase, ~47% in, 3:35–3:43.","BS, Ee SS 7 pes Spt LE SSS Sees Taw. ti 7 4 BS qe we, aE Se 4 SS eaSSES",1,0.0,0.218,0.087,0.503,0.215,"#ad795d,#3a2a30,#daccbe",1,,
o4YzLSxaahk,https://www.youtube.com/watch?v=o4YzLSxaahk,🥥 How to Make Coconut Apricot Wax Candles | *my process* summer edition :) 🏝️,455.0,storyboard,28,223.51,231.49,7.98,https://youtu.be/o4YzLSxaahk?t=224s,set_wick,assemble,1,0.45,Rows of poured cups cooling.,"Rows of poured cups cooling. captioned, static shot, well-lit, black/grey palette (#2d212c, #8d786d). assemble phase, ~49% in, 3:43–3:51.",5SEN Sooke Dok,1,0.0,0.197,0.0,0.473,0.161,"#2d212c,#8d786d,#dfd8ca",1,,
o4YzLSxaahk,https://www.youtube.com/watch?v=o4YzLSxaahk,🥥 How to Make Coconut Apricot Wax Candles | *my process* summer edition :) 🏝️,455.0,storyboard,29,231.49,239.47,7.98,https://youtu.be/o4YzLSxaahk?t=231s,set_wick,assemble,1,0.5,Adjusting wicks in the cup rows.,"Adjusting wicks in the cup rows. captioned, static shot, well-lit, amber/brown palette (#ae7d5e, #3e2d37). assemble phase, ~51% in, 3:51–3:59.",Ss gx Vee ve Sa ae,1,0.0,0.205,0.036,0.499,0.22,"#ae7d5e,#3e2d37,#dcd3c5",1,,
otT0f6GWasc,https://www.youtube.com/watch?v=otT0f6GWasc,DIY Luxury Iridescent Soy Candles at Home!,789.0,storyboard,3,23.91,31.88,7.97,https://youtu.be/otT0f6GWasc?t=24s,set_wick,assemble,1,0.4,Setting the wicks.,"Setting the wicks. Centering and securing the wick after the pour so it stays upright while setting. moderate on-screen movement, well-lit, muted grey/brown palette (#828584, #414440). assemble phase, ~3% in, 0:23–0:31.",,0,0.0,0.052,0.247,0.454,0.09,"#828584,#414440,#c4bfb8",1,,
otT0f6GWasc,https://www.youtube.com/watch?v=otT0f6GWasc,DIY Luxury Iridescent Soy Candles at Home!,789.0,storyboard,7,55.79,63.76,7.97,https://youtu.be/otT0f6GWasc?t=56s,set_wick,assemble,1,0.4,Setting the wicks.,"Setting the wicks. Centering and securing the wick after the pour so it stays upright while setting. moderate on-screen movement, well-lit, muted brown/grey palette (#5a4d40, #8c8882). assemble phase, ~7% in, 0:55–1:03.",,0,0.0,0.012,0.161,0.524,0.074,"#5a4d40,#8c8882,#c2c0b8",1,,
otT0f6GWasc,https://www.youtube.com/watch?v=otT0f6GWasc,DIY Luxury Iridescent Soy Candles at Home!,789.0,storyboard,11,87.67,95.64,7.97,https://youtu.be/otT0f6GWasc?t=88s,set_wick,assemble,1,0.4,Setting the wicks.,"Setting the wicks. Centering and securing the wick after the pour so it stays upright while setting. moderate on-screen movement, well-lit, muted brown/grey palette (#3b352e, #8b8374). assemble phase, ~11% in, 1:27–1:35.",,0,0.0,0.058,0.209,0.461,0.098,"#3b352e,#8b8374,#b0babc",1,,
otT0f6GWasc,https://www.youtube.com/watch?v=otT0f6GWasc,DIY Luxury Iridescent Soy Candles at Home!,789.0,storyboard,15,119.55,127.52,7.97,https://youtu.be/otT0f6GWasc?t=120s,set_wick,assemble,1,0.4,Setting the wicks.,"Setting the wicks. Centering and securing the wick after the pour so it stays upright while setting. static shot, well-lit, muted black/white palette (#363732, #e3e8e8). assemble phase, ~15% in, 1:59–2:07.",,0,0.0,0.058,0.0,0.45,0.066,"#363732,#e3e8e8,#8c8177",1,,
otT0f6GWasc,https://www.youtube.com/watch?v=otT0f6GWasc,DIY Luxury Iridescent Soy Candles at Home!,789.0,storyboard,19,151.42,159.39,7.97,https://youtu.be/otT0f6GWasc?t=151s,set_wick,assemble,1,0.4,Setting the wicks.,"Setting the wicks. Centering and securing the wick after the pour so it stays upright while setting. lots of on-screen movement, well-lit, muted grey/cream palette (#847f7b, #cececa). assemble phase, ~19% in, 2:31–2:39.",is 2 ee,0,0.0,0.038,0.368,0.54,0.086,"#847f7b,#cececa,#232425",1,,
otT0f6GWasc,https://www.youtube.com/watch?v=otT0f6GWasc,DIY Luxury Iridescent Soy Candles at Home!,789.0,storyboard,23,183.3,191.27,7.97,https://youtu.be/otT0f6GWasc?t=183s,set_wick,assemble,1,0.4,Setting the wicks.,"Setting the wicks. Centering and securing the wick after the pour so it stays upright while setting. static shot, well-lit, muted cream/grey palette (#d4d6cf, #918071). assemble phase, ~23% in, 3:03–3:11.",,0,0.0,0.012,0.0,0.607,0.136,"#d4d6cf,#918071,#34342f",1,,
p3X85tRiKRc,https://www.youtube.com/watch?v=p3X85tRiKRc,How To Make Soy Candles | Beginners Candle Making Tutorial,532.0,storyboard,15,120.91,128.97,8.06,https://youtu.be/p3X85tRiKRc?t=121s,set_wick,assemble,1,0.45,Overhead grey cups; centring wicks.,"Overhead grey cups; centring wicks. static shot, well-lit, muted grey/beige palette (#8b7a60, #c7c3b6). assemble phase, ~23% in, 2:00–2:08.",ps ca,0,0.0,0.077,0.048,0.463,0.113,"#8b7a60,#c7c3b6,#27251f",1,,
p3X85tRiKRc,https://www.youtube.com/watch?v=p3X85tRiKRc,How To Make Soy Candles | Beginners Candle Making Tutorial,532.0,storyboard,16,128.97,137.03,8.06,https://youtu.be/p3X85tRiKRc?t=129s,set_wick,assemble,1,0.45,Grey cups with wooden wicks set.,"Grey cups with wooden wicks set. steady, low-motion shot, well-lit, muted beige/grey palette (#c2bfb9, #8c8880). assemble phase, ~24% in, 2:08–2:17.",So,0,0.0,0.054,0.086,0.582,0.05,"#c2bfb9,#8c8880,#26291f",1,,
p3X85tRiKRc,https://www.youtube.com/watch?v=p3X85tRiKRc,How To Make Soy Candles | Beginners Candle Making Tutorial,532.0,storyboard,17,137.03,145.09,8.06,https://youtu.be/p3X85tRiKRc?t=137s,set_wick,assemble,1,0.45,Adjusting wicks in the grey cups.,"Adjusting wicks in the grey cups. steady, low-motion shot, well-lit, muted beige/grey palette (#c0bbb4, #908880). assemble phase, ~26% in, 2:17–2:25.",So,0,0.0,0.087,0.108,0.551,0.072,"#c0bbb4,#908880,#272922",1,,
p3X85tRiKRc,https://www.youtube.com/watch?v=p3X85tRiKRc,How To Make Soy Candles | Beginners Candle Making Tutorial,532.0,storyboard,50,403.03,411.09,8.06,https://youtu.be/p3X85tRiKRc?t=403s,set_wick,assemble,1,0.5,White candles in grey cups; centring the wooden wicks.,"White candles in grey cups; centring the wooden wicks. steady, low-motion shot, well-lit, muted beige/black palette (#b5b0a8, #24201d). assemble phase, ~76% in, 6:43–6:51.",oe,0,0.0,0.089,0.076,0.451,0.101,"#b5b0a8,#24201d,#7a6c5c",1,,
p3X85tRiKRc,https://www.youtube.com/watch?v=p3X85tRiKRc,How To Make Soy Candles | Beginners Candle Making Tutorial,532.0,storyboard,51,411.09,419.15,8.06,https://youtu.be/p3X85tRiKRc?t=411s,set_wick,assemble,1,0.5,Setting wicks in the white candles.,"Setting wicks in the white candles. static shot, well-lit, muted beige/brown palette (#b5aea4, #6d584d). assemble phase, ~77% in, 6:51–6:59.",Se oO,0,0.0,0.05,0.0,0.449,0.106,"#b5aea4,#6d584d,#1a1a19",1,,
p3X85tRiKRc,https://www.youtube.com/watch?v=p3X85tRiKRc,How To Make Soy Candles | Beginners Candle Making Tutorial,532.0,storyboard,52,419.15,427.21,8.06,https://youtu.be/p3X85tRiKRc?t=419s,set_wick,assemble,1,0.5,Grey cups of white wax; wicks adjusted.,"Grey cups of white wax; wicks adjusted. moderate on-screen movement, well-lit, muted beige/black palette (#b7b4ab, #2b2723). assemble phase, ~79% in, 6:59–7:07.",ae is,0,0.0,0.088,0.156,0.463,0.099,"#b7b4ab,#2b2723,#7d7567",1,,
p3X85tRiKRc,https://www.youtube.com/watch?v=p3X85tRiKRc,How To Make Soy Candles | Beginners Candle Making Tutorial,532.0,storyboard,53,427.21,435.27,8.06,https://youtu.be/p3X85tRiKRc?t=427s,set_wick,assemble,1,0.5,White candles in cups; wick set.,"White candles in cups; wick set. moderate on-screen movement, well-lit, muted beige/brown palette (#b6afa4, #6e5042). assemble phase, ~80% in, 7:07–7:15.",pe,0,0.0,0.076,0.199,0.488,0.108,"#b6afa4,#6e5042,#1c1914",1,,
p3X85tRiKRc,https://www.youtube.com/watch?v=p3X85tRiKRc,How To Make Soy Candles | Beginners Candle Making Tutorial,532.0,storyboard,54,435.27,443.33,8.06,https://youtu.be/p3X85tRiKRc?t=435s,set_wick,assemble,1,0.5,Trimming the wooden wick on a finished candle.,"Trimming the wooden wick on a finished candle. moderate on-screen movement, well-lit, muted beige/grey palette (#bbb6ac, #7a6b61). assemble phase, ~82% in, 7:15–7:23.",Bes. io,0,0.0,0.075,0.21,0.467,0.104,"#bbb6ac,#7a6b61,#33251c",1,,
p3X85tRiKRc,https://www.youtube.com/watch?v=p3X85tRiKRc,How To Make Soy Candles | Beginners Candle Making Tutorial,532.0,storyboard,55,443.33,451.39,8.06,https://youtu.be/p3X85tRiKRc?t=443s,set_wick,assemble,1,0.45,Adjusting wicks on the grey-cup candles.,"Adjusting wicks on the grey-cup candles. moderate on-screen movement, well-lit, muted grey/brown palette (#9b866f, #594129). assemble phase, ~83% in, 7:23–7:31.",fr,0,0.0,0.083,0.281,0.488,0.114,"#9b866f,#594129,#d2cdc5",1,,
p9iuqnq99o8,https://www.youtube.com/watch?v=p9iuqnq99o8,Simple Beeswax Candles Using Essential Oils,454.0,storyboard,48,382.32,390.28,7.96,https://youtu.be/p9iuqnq99o8?t=382s,set_wick,assemble,1,0.5,Hands fit a wooden wick clip into the grey jar candle.,"Hands fit a wooden wick clip into the grey jar candle. steady, low-motion shot, well-lit, beige/amber palette (#c8b3a4, #ac8369). assemble phase, ~84% in, 6:22–6:30.",ae,0,0.0,0.036,0.123,0.57,0.155,"#c8b3a4,#ac8369,#6e4230",1,,
rjhYJgEVFMw,https://www.youtube.com/watch?v=rjhYJgEVFMw,How to Make a Container Candle | Hobbycraft,185.0,storyboard,16,128.7,136.74,8.04,https://youtu.be/rjhYJgEVFMw?t=129s,set_wick,assemble,1,0.5,Overhead hands centring the wick in the jar.,"Overhead hands centring the wick in the jar. captioned, moderate on-screen movement, well-lit, grey/black palette (#987658, #332b28). assemble phase, ~70% in, 2:08–2:16.",ee RS fag xe. ot Nile,1,0.0,0.184,0.158,0.46,0.196,"#987658,#332b28,#f1ece9",1,,
rjhYJgEVFMw,https://www.youtube.com/watch?v=rjhYJgEVFMw,How to Make a Container Candle | Hobbycraft,185.0,storyboard,17,136.74,144.78,8.04,https://youtu.be/rjhYJgEVFMw?t=137s,set_wick,assemble,1,0.5,Overhead jar with the wick being set.,"Overhead jar with the wick being set. captioned, steady, low-motion shot, dim, grey/black palette (#846d59, #24201c). assemble phase, ~74% in, 2:16–2:24.",ey OP re 3,1,0.0,0.216,0.123,0.379,0.166,"#846d59,#24201c,#b8bbb7",1,,
v9z-JiqGX1U,https://www.youtube.com/watch?v=v9z-JiqGX1U,Candle Making Instructions - Candle Craft Club DIY Candle Making Kit - How to make Soy Wax candles,184.0,storyboard,19,152.0,160.0,8.0,https://youtu.be/v9z-JiqGX1U?t=152s,set_wick,assemble,1,0.45,hands adjusting wicks in cups,"hands adjusting wicks in cups. moderate on-screen movement, bright, white/beige palette (#f8f5fa, #d3b5cd). assemble phase, ~83% in, 2:32–2:40.",er,0,0.0,0.036,0.152,0.846,0.17,"#f8f5fa,#d3b5cd,#ab79a1",1,,
vm9aSzlLWnw,https://www.youtube.com/watch?v=vm9aSzlLWnw,How I Pour My Candles In Bulk For My Business (quick & efficient batch making),755.0,storyboard,3,24.1,32.13,8.03,https://youtu.be/vm9aSzlLWnw?t=24s,set_wick,assemble,1,0.4,Centring wicks across the rows of jars.,"Centring wicks across the rows of jars. static shot, well-lit, muted beige/grey palette (#b5aa9b, #75746e). assemble phase, ~3% in, 0:24–0:32.",,0,0.0,0.01,0.0,0.581,0.105,"#b5aa9b,#75746e,#242526",1,,
vm9aSzlLWnw,https://www.youtube.com/watch?v=vm9aSzlLWnw,How I Pour My Candles In Bulk For My Business (quick & efficient batch making),755.0,storyboard,7,56.22,64.26,8.04,https://youtu.be/vm9aSzlLWnw?t=56s,set_wick,assemble,1,0.4,Centring wicks across the rows of jars.,"Centring wicks across the rows of jars. captioned, moderate on-screen movement, dim, muted black/brown palette (#191b1c, #555657). assemble phase, ~7% in, 0:56–1:04.",was ep ep var COLI OID hte MDE al fr Sa bao,1,0.0,0.473,0.223,0.304,0.026,"#191b1c,#555657,#9ea2a3",1,,
vm9aSzlLWnw,https://www.youtube.com/watch?v=vm9aSzlLWnw,How I Pour My Candles In Bulk For My Business (quick & efficient batch making),755.0,storyboard,11,88.35,96.38,8.03,https://youtu.be/vm9aSzlLWnw?t=88s,set_wick,assemble,1,0.4,Centring wicks across the rows of jars.,"Centring wicks across the rows of jars. moderate on-screen movement, dim, muted black/grey palette (#201f1d, #62605d). assemble phase, ~12% in, 1:28–1:36.",leh,0,0.0,0.265,0.213,0.359,0.035,"#201f1d,#62605d,#a7a5a2",1,,
vm9aSzlLWnw,https://www.youtube.com/watch?v=vm9aSzlLWnw,How I Pour My Candles In Bulk For My Business (quick & efficient batch making),755.0,storyboard,19,152.61,160.64,8.03,https://youtu.be/vm9aSzlLWnw?t=153s,set_wick,assemble,1,0.4,Centring wicks across the rows of jars.,"Centring wicks across the rows of jars. captioned, moderate on-screen movement, well-lit, muted grey/beige palette (#76706c, #afaaa7). assemble phase, ~20% in, 2:32–2:40.",ea ontrsth. Be Orin Shee eet ae et eesiage FOS SS FF Fe,1,0.0,0.344,0.162,0.446,0.049,"#76706c,#afaaa7,#312e2d",1,,
vm9aSzlLWnw,https://www.youtube.com/watch?v=vm9aSzlLWnw,How I Pour My Candles In Bulk For My Business (quick & efficient batch making),755.0,storyboard,23,184.73,192.77,8.04,https://youtu.be/vm9aSzlLWnw?t=185s,set_wick,assemble,1,0.4,Centring wicks across the rows of jars.,"Centring wicks across the rows of jars. captioned, moderate on-screen movement, well-lit, muted beige/grey palette (#aeaba8, #767372). assemble phase, ~24% in, 3:04–3:12.",SOs Be abe eh ASRS vege4 oar hl!,1,0.0,0.349,0.171,0.47,0.038,"#aeaba8,#767372,#343230",1,,
vm9aSzlLWnw,https://www.youtube.com/watch?v=vm9aSzlLWnw,How I Pour My Candles In Bulk For My Business (quick & efficient batch making),755.0,storyboard,47,377.5,385.53,8.03,https://youtu.be/vm9aSzlLWnw?t=378s,set_wick,assemble,1,0.5,Setting the black wick-centering bars on the jars.,"Setting the black wick-centering bars on the jars. captioned, steady, low-motion shot, dim, muted black/grey palette (#23201e, #7a726d). assemble phase, ~50% in, 6:17–6:25.",wi Sw Nl,1,0.0,0.343,0.064,0.354,0.062,"#23201e,#7a726d,#d5d4d3",1,,
vm9aSzlLWnw,https://www.youtube.com/watch?v=vm9aSzlLWnw,How I Pour My Candles In Bulk For My Business (quick & efficient batch making),755.0,storyboard,48,385.53,393.56,8.03,https://youtu.be/vm9aSzlLWnw?t=386s,set_wick,assemble,1,0.5,Setting the black wick-centering bars on the jars.,"Setting the black wick-centering bars on the jars. steady, low-motion shot, dim, muted black/grey palette (#262420, #80756f). assemble phase, ~51% in, 6:25–6:33.",,0,0.0,0.324,0.084,0.369,0.073,"#262420,#80756f,#cecac8",1,,
vm9aSzlLWnw,https://www.youtube.com/watch?v=vm9aSzlLWnw,How I Pour My Candles In Bulk For My Business (quick & efficient batch making),755.0,storyboard,49,393.56,401.6,8.04,https://youtu.be/vm9aSzlLWnw?t=394s,set_wick,assemble,1,0.5,Setting the black wick-centering bars on the jars.,"Setting the black wick-centering bars on the jars. captioned, steady, low-motion shot, dim, muted black/grey palette (#242321, #7f7b77). assemble phase, ~52% in, 6:33–6:41.",De aa SEN,1,0.0,0.307,0.096,0.373,0.053,"#242321,#7f7b77,#dddada",1,,
vm9aSzlLWnw,https://www.youtube.com/watch?v=vm9aSzlLWnw,How I Pour My Candles In Bulk For My Business (quick & efficient batch making),755.0,storyboard,50,401.6,409.63,8.03,https://youtu.be/vm9aSzlLWnw?t=402s,set_wick,assemble,1,0.5,Setting the black wick-centering bars on the jars.,"Setting the black wick-centering bars on the jars. static shot, dim, muted black/grey palette (#21221f, #767572). assemble phase, ~53% in, 6:41–6:49.",0 AD,0,0.0,0.346,0.037,0.387,0.02,"#21221f,#767572,#dbdcdc",1,,
vm9aSzlLWnw,https://www.youtube.com/watch?v=vm9aSzlLWnw,How I Pour My Candles In Bulk For My Business (quick & efficient batch making),755.0,storyboard,51,409.63,417.66,8.03,https://youtu.be/vm9aSzlLWnw?t=410s,set_wick,assemble,1,0.5,Setting the black wick-centering bars on the jars.,"Setting the black wick-centering bars on the jars. moderate on-screen movement, well-lit, muted black/cream palette (#2a2c2b, #e1e3e1). assemble phase, ~54% in, 6:49–6:57.",,0,0.0,0.36,0.329,0.414,0.021,"#2a2c2b,#e1e3e1,#838584",1,,
vm9aSzlLWnw,https://www.youtube.com/watch?v=vm9aSzlLWnw,How I Pour My Candles In Bulk For My Business (quick & efficient batch making),755.0,storyboard,52,417.66,425.69,8.03,https://youtu.be/vm9aSzlLWnw?t=418s,set_wick,assemble,1,0.5,Pouring wax into pitchers / jars.,"Pouring wax into pitchers / jars. moderate on-screen movement, well-lit, muted grey/beige palette (#69686a, #b4b3b7). assemble phase, ~55% in, 6:57–7:05.",,0,0.0,0.214,0.279,0.44,0.088,"#69686a,#b4b3b7,#262729",1,,
vm9aSzlLWnw,https://www.youtube.com/watch?v=vm9aSzlLWnw,How I Pour My Candles In Bulk For My Business (quick & efficient batch making),755.0,storyboard,53,425.69,433.72,8.03,https://youtu.be/vm9aSzlLWnw?t=426s,set_wick,assemble,1,0.5,Setting the black wick-centering bars on the jars.,"Setting the black wick-centering bars on the jars. captioned, steady, low-motion shot, well-lit, muted beige/grey palette (#aeaba7, #676462). assemble phase, ~56% in, 7:05–7:13.",3 SE See 4 ie Bsn do! es,1,0.0,0.204,0.083,0.446,0.064,"#aeaba7,#676462,#222525",1,,
vm9aSzlLWnw,https://www.youtube.com/watch?v=vm9aSzlLWnw,How I Pour My Candles In Bulk For My Business (quick & efficient batch making),755.0,storyboard,54,433.72,441.76,8.04,https://youtu.be/vm9aSzlLWnw?t=434s,set_wick,assemble,1,0.5,Setting the black wick-centering bars on the jars.,"Setting the black wick-centering bars on the jars. static shot, well-lit, muted beige/grey palette (#b6aaa7, #6b6463). assemble phase, ~57% in, 7:13–7:21.",ef,0,0.0,0.211,0.0,0.437,0.074,"#b6aaa7,#6b6463,#211f21",1,,
vm9aSzlLWnw,https://www.youtube.com/watch?v=vm9aSzlLWnw,How I Pour My Candles In Bulk For My Business (quick & efficient batch making),755.0,storyboard,55,441.76,449.79,8.03,https://youtu.be/vm9aSzlLWnw?t=442s,set_wick,assemble,1,0.5,Pouring wax into pitchers / jars.,"Pouring wax into pitchers / jars. captioned, steady, low-motion shot, dim, muted beige/grey palette (#b1aba8, #5f5d5b). assemble phase, ~59% in, 7:21–7:29.",5. 7 is nr Pik hi fs wee,1,0.0,0.2,0.057,0.395,0.058,"#b1aba8,#5f5d5b,#1a1b1d",1,,
vm9aSzlLWnw,https://www.youtube.com/watch?v=vm9aSzlLWnw,How I Pour My Candles In Bulk For My Business (quick & efficient batch making),755.0,storyboard,56,449.79,457.82,8.03,https://youtu.be/vm9aSzlLWnw?t=450s,set_wick,assemble,1,0.5,Setting the black wick-centering bars on the jars.,"Setting the black wick-centering bars on the jars. steady, low-motion shot, dim, muted black/grey palette (#211e1b, #6e615a). assemble phase, ~60% in, 7:29–7:37.",ah?,0,0.5,0.335,0.054,0.371,0.074,"#211e1b,#6e615a,#bdbbb8",0,talking_head,
vm9aSzlLWnw,https://www.youtube.com/watch?v=vm9aSzlLWnw,How I Pour My Candles In Bulk For My Business (quick & efficient batch making),755.0,storyboard,57,457.82,465.85,8.03,https://youtu.be/vm9aSzlLWnw?t=458s,set_wick,assemble,1,0.5,Setting the black wick-centering bars on the jars.,"Setting the black wick-centering bars on the jars. moderate on-screen movement, well-lit, muted cream/black palette (#e1c9c3, #272522). assemble phase, ~61% in, 7:37–7:45.",,0,0.0,0.313,0.223,0.438,0.099,"#e1c9c3,#272522,#8b7a74",1,,
vm9aSzlLWnw,https://www.youtube.com/watch?v=vm9aSzlLWnw,How I Pour My Candles In Bulk For My Business (quick & efficient batch making),755.0,storyboard,58,465.85,473.88,8.03,https://youtu.be/vm9aSzlLWnw?t=466s,set_wick,assemble,1,0.5,Setting the black wick-centering bars on the jars.,"Setting the black wick-centering bars on the jars. static shot, well-lit, muted black/grey palette (#2b2a28, #8a8784). assemble phase, ~62% in, 7:45–7:53.",,0,0.0,0.44,0.035,0.405,0.025,"#2b2a28,#8a8784,#e2e4e2",1,,
vm9aSzlLWnw,https://www.youtube.com/watch?v=vm9aSzlLWnw,How I Pour My Candles In Bulk For My Business (quick & efficient batch making),755.0,storyboard,59,473.88,481.91,8.03,https://youtu.be/vm9aSzlLWnw?t=474s,set_wick,assemble,1,0.5,Setting the black wick-centering bars on the jars.,"Setting the black wick-centering bars on the jars. captioned, lots of on-screen movement, well-lit, muted cream/grey palette (#d2cfca, #8c8a84). assemble phase, ~63% in, 7:53–8:01.",2 Ra 7 1 7 5,1,0.0,0.373,0.355,0.505,0.027,"#d2cfca,#8c8a84,#373632",1,,
