video_id,video_url,video_title,video_duration_s,source,window_index,start_s,end_s,duration_s,window_url,action_label,phase,is_step,confidence,description,ocr_text,has_caption,face_score,text_score,motion,brightness,colorfulness,dominant_colors,keep,filter_reason,validation_flags
-dVj7BYicmQ,https://www.youtube.com/watch?v=-dVj7BYicmQ,Create your own custom-scented candle at The Candle Pour | Taste and See Tampa Bay,99.0,storyboard,1,8.25,16.5,8.25,https://youtu.be/-dVj7BYicmQ?t=8s,transition,aux,0,0.4,'it's lit' card over the candle store.,,0,0.0,0.179,0.228,0.481,0.113,"#8c7e75,#a89d97,#eee5e2",1,,description references on-screen text but OCR found none
-dVj7BYicmQ,https://www.youtube.com/watch?v=-dVj7BYicmQ,Create your own custom-scented candle at The Candle Pour | Taste and See Tampa Bay,99.0,storyboard,2,16.5,24.75,8.25,https://youtu.be/-dVj7BYicmQ?t=16s,transition,aux,0,0.4,Caption 'Choose from more than 120 scents'; rows of candle jars.,bef,0,0.333,0.153,0.281,0.509,0.121,"#aea095,#6e6158,#1e120e",1,,description references on-screen text but OCR found none
-pjWKo7zgrs,https://www.youtube.com/watch?v=-pjWKo7zgrs,DIY Candle Jars with Jesmonite and Boowannite | Nicole Molds jar mold diy handmade gift ideas,481.0,storyboard,39,312.65,320.67,8.02,https://youtu.be/-pjWKo7zgrs?t=313s,transition,aux,0,0.6,'Candle making' card.,"hed Te Dy TT li Pa Wf MH ihny 1 Pua if diameter ts 3.5 id Mf fe suppliers wick guide to Bh wick, Taeee see po: had at home go I'll be",1,0.0,0.062,0.407,0.753,0.105,"#c5c1ba,#9b8c7d,#3c3d32",1,,
-qEby8J59DA,https://www.youtube.com/watch?v=-qEby8J59DA,6 Mistakes Candle Makers Should Avoid & How To Fix Them [Updated],758.0,storyboard,8,63.83,71.81,7.98,https://youtu.be/-qEby8J59DA?t=64s,transition,aux,0,0.4,Handwritten fragrance-ratio diagram (~1 oz fragrance oil per 1 lb / 1 tin of wax).,2 he th aes 1 wink,1,0.0,0.057,0.004,0.123,0.021,"#1d1e1e,#2b3333,#5b696a",1,,
0ERh-nj5jjw,https://www.youtube.com/watch?v=0ERh-nj5jjw,how to measure candle wax for the perfect candle pour ⚖️,117.0,storyboard,3,23.4,31.2,7.8,https://youtu.be/0ERh-nj5jjw?t=23s,transition,aux,0,0.4,Jar spec product-page screenshot.,,0,0.0,0.063,0.214,0.847,0.037,"#fbfbfb,#e4e4e4,#949698",1,,
0ERh-nj5jjw,https://www.youtube.com/watch?v=0ERh-nj5jjw,how to measure candle wax for the perfect candle pour ⚖️,117.0,storyboard,4,31.2,39.0,7.8,https://youtu.be/0ERh-nj5jjw?t=31s,transition,aux,0,0.4,Product spec screenshot.,rs,0,0.0,0.118,0.168,0.76,0.063,"#e2ddd5,#9e9380,#594c38",1,,
0gk3NsmJa7k,https://www.youtube.com/watch?v=0gk3NsmJa7k,Make Candles with me | ❄️Winter Wonderland Edition ❄️,794.0,storyboard,87,697.76,705.78,8.02,https://youtu.be/0gk3NsmJa7k?t=698s,transition,aux,0,0.6,Snowy winter-forest b-roll.,"at gt De Pe, WO eee Se eee, ies: ey ea hd eet FL aS Fay 7 Cie res 4 Ma Ee hist YSN BRIE seh ie vy. 5 ye, By ts Tas 4 Vy WO ae he ley Me? oi ie as Sig 2 Ge oe it eit yt See ee",1,0.0,0.032,0.06,0.645,0.038,"#9ba1b1,#b4bacb,#7e8494",1,,
0gk3NsmJa7k,https://www.youtube.com/watch?v=0gk3NsmJa7k,Make Candles with me | ❄️Winter Wonderland Edition ❄️,794.0,storyboard,88,705.78,713.8,8.02,https://youtu.be/0gk3NsmJa7k?t=706s,transition,aux,0,0.6,Snowy winter-forest b-roll.,"ee Re eS Lorestan be eT DR eae ee ers ee hy 1 Pera sf ay 4 er, ory Se ge eg 4 SS, Smee et te tpt hia igo eae rat on cy See... fo CAS Best Ope eee SE SAY ames ie en fa Sh. 8 rr tas law Mio ASS eS 2 oa ",1,0.0,0.075,0.0,0.646,0.038,"#979eaf,#b2b9c9,#79818f",0,text_overlay,
0gk3NsmJa7k,https://www.youtube.com/watch?v=0gk3NsmJa7k,Make Candles with me | ❄️Winter Wonderland Edition ❄️,794.0,storyboard,89,713.8,721.82,8.02,https://youtu.be/0gk3NsmJa7k?t=714s,transition,aux,0,0.6,Snowy winter-forest b-roll.,"Ne 7 es ote sd de tAs an od 7 9 oni, ria",1,0.0,0.043,0.274,0.59,0.031,"#8e959b,#4f535b,#64686f",1,,
0pqimQlf8tQ,https://www.youtube.com/watch?v=0pqimQlf8tQ,DIY Mason Jar Candles,303.0,storyboard,32,255.16,263.13,7.97,https://youtu.be/0pqimQlf8tQ?t=255s,transition,aux,0,0.5,Blank / near-black frame (auto-detected).,,0,0.0,0.0,0.0,0.001,0.004,"#000000,#030102,#080709",0,blank,
0pqimQlf8tQ,https://www.youtube.com/watch?v=0pqimQlf8tQ,DIY Mason Jar Candles,303.0,storyboard,33,263.13,271.11,7.98,https://youtu.be/0pqimQlf8tQ?t=263s,transition,aux,0,0.5,Blank / near-black frame (auto-detected).,,0,0.0,0.0,0.0,0.001,0.004,"#000000,#020102,#080709",0,blank,
0pqimQlf8tQ,https://www.youtube.com/watch?v=0pqimQlf8tQ,DIY Mason Jar Candles,303.0,storyboard,34,271.11,279.08,7.97,https://youtu.be/0pqimQlf8tQ?t=271s,transition,aux,0,0.5,Blank / near-black frame (auto-detected).,,0,0.0,0.0,0.0,0.001,0.004,"#000000,#020102,#080709",0,blank,
0pqimQlf8tQ,https://www.youtube.com/watch?v=0pqimQlf8tQ,DIY Mason Jar Candles,303.0,storyboard,35,279.08,287.05,7.97,https://youtu.be/0pqimQlf8tQ?t=279s,transition,aux,0,0.5,Blank / near-black frame (auto-detected).,,0,0.0,0.0,0.0,0.001,0.004,"#000000,#020102,#080709",0,blank,
0pqimQlf8tQ,https://www.youtube.com/watch?v=0pqimQlf8tQ,DIY Mason Jar Candles,303.0,storyboard,36,287.05,295.03,7.98,https://youtu.be/0pqimQlf8tQ?t=287s,transition,aux,0,0.5,Blank / near-black frame (auto-detected).,,0,0.0,0.0,0.0,0.001,0.004,"#000000,#020101,#080709",0,blank,
0pqimQlf8tQ,https://www.youtube.com/watch?v=0pqimQlf8tQ,DIY Mason Jar Candles,303.0,storyboard,37,295.03,303.0,7.97,https://youtu.be/0pqimQlf8tQ?t=295s,transition,aux,0,0.5,Blank / near-black frame (auto-detected).,,0,0.0,0.0,0.0,0.001,0.004,"#000000,#020001,#080708",0,blank,
0tS8V3Gj9C0,https://www.youtube.com/watch?v=0tS8V3Gj9C0,"make 1000 candles with me | balancing work & life, browsing markets, small business vlog",845.0,storyboard,63,502.22,510.19,7.97,https://youtu.be/0tS8V3Gj9C0?t=502s,transition,aux,0,0.6,City / outdoor market / thrift b-roll.,"ie sae eA rvar-&, Sete 5 AX nd oes Lf ah, it 2. Zz 7 ihe rs 7 ae ie ry",1,0.0,0.064,0.0,0.429,0.201,"#3d6596,#4d4a42,#b9acad",0,text_overlay,
0tS8V3Gj9C0,https://www.youtube.com/watch?v=0tS8V3Gj9C0,"make 1000 candles with me | balancing work & life, browsing markets, small business vlog",845.0,storyboard,64,510.19,518.16,7.97,https://youtu.be/0tS8V3Gj9C0?t=510s,transition,aux,0,0.6,City / outdoor market / thrift b-roll.,"Sir Sd 2 thy bel yt 4 we bad OSs ioe oN Phe ne es itn ead ther, Pius ro 5 1 ot 13 Py Le cee fo ewe Do af oi Ny eal ye 7 Yessubae: this ae",1,0.0,0.154,0.263,0.468,0.158,"#38363d,#738097,#babcbb",1,,
0tS8V3Gj9C0,https://www.youtube.com/watch?v=0tS8V3Gj9C0,"make 1000 candles with me | balancing work & life, browsing markets, small business vlog",845.0,storyboard,65,518.16,526.13,7.97,https://youtu.be/0tS8V3Gj9C0?t=518s,transition,aux,0,0.6,City / outdoor market / thrift b-roll.,"wh ae 9 SS uRBsAn Ay 1 ar poh ye ae is sh fo we af ff eee Bt Soo HES as-tep ZA RY Browsed, But didn pick up anything this tiene syre.",1,0.0,0.245,0.0,0.558,0.116,"#848aa4,#ccd1d3,#4a4b53",0,text_overlay,
0tS8V3Gj9C0,https://www.youtube.com/watch?v=0tS8V3Gj9C0,"make 1000 candles with me | balancing work & life, browsing markets, small business vlog",845.0,storyboard,66,526.13,534.1,7.97,https://youtu.be/0tS8V3Gj9C0?t=526s,transition,aux,0,0.6,City / outdoor market / thrift b-roll.,cn ik 4,0,0.5,0.083,0.096,0.329,0.131,"#151618,#bbb59f,#666366",0,talking_head,
0tS8V3Gj9C0,https://www.youtube.com/watch?v=0tS8V3Gj9C0,"make 1000 candles with me | balancing work & life, browsing markets, small business vlog",845.0,storyboard,67,534.1,542.08,7.98,https://youtu.be/0tS8V3Gj9C0?t=534s,transition,aux,0,0.6,Host talks to camera (batch-of-1000 vlog).,id,0,1.0,0.066,0.087,0.326,0.127,"#19191b,#c6bea2,#797574",0,talking_head,
0tS8V3Gj9C0,https://www.youtube.com/watch?v=0tS8V3Gj9C0,"make 1000 candles with me | balancing work & life, browsing markets, small business vlog",845.0,storyboard,68,542.08,550.05,7.97,https://youtu.be/0tS8V3Gj9C0?t=542s,transition,aux,0,0.6,City / outdoor market / thrift b-roll.,te,0,0.0,0.085,0.0,0.341,0.137,"#141516,#bbb49b,#59565c",1,,
0tS8V3Gj9C0,https://www.youtube.com/watch?v=0tS8V3Gj9C0,"make 1000 candles with me | balancing work & life, browsing markets, small business vlog",845.0,storyboard,94,749.34,757.31,7.97,https://youtu.be/0tS8V3Gj9C0?t=749s,transition,aux,0,0.6,City / outdoor market / thrift b-roll.,opttorr 1 eaaonee Ef ese aA at ae,1,0.0,0.207,0.0,0.463,0.157,"#737d8b,#383430,#cdc8c5",0,text_overlay,
0tS8V3Gj9C0,https://www.youtube.com/watch?v=0tS8V3Gj9C0,"make 1000 candles with me | balancing work & life, browsing markets, small business vlog",845.0,storyboard,95,757.31,765.28,7.97,https://youtu.be/0tS8V3Gj9C0?t=757s,transition,aux,0,0.6,City / outdoor market / thrift b-roll.,"Pa 7 7 wees er Bi erie Sa tates os Ne, at MW Mf aye ae te py Ye 7 or cc ehh ne ne 3 re",1,0.0,0.189,0.314,0.423,0.204,"#9ea8b1,#212322,#5b6258",1,,
0tS8V3Gj9C0,https://www.youtube.com/watch?v=0tS8V3Gj9C0,"make 1000 candles with me | balancing work & life, browsing markets, small business vlog",845.0,storyboard,96,765.28,773.25,7.97,https://youtu.be/0tS8V3Gj9C0?t=765s,transition,aux,0,0.6,City / outdoor market / thrift b-roll.,14 eae ee rE Pe Ae gag So,1,0.0,0.141,0.0,0.479,0.116,"#adb3b6,#3c3d3b,#818380",0,text_overlay,
0tS8V3Gj9C0,https://www.youtube.com/watch?v=0tS8V3Gj9C0,"make 1000 candles with me | balancing work & life, browsing markets, small business vlog",845.0,storyboard,97,773.25,781.23,7.98,https://youtu.be/0tS8V3Gj9C0?t=773s,transition,aux,0,0.6,City / outdoor market / thrift b-roll.,bie ey xf rg wy 4 ee De,1,0.0,0.235,0.263,0.448,0.157,"#3d4650,#a6abac,#558ccb",1,,
0tS8V3Gj9C0,https://www.youtube.com/watch?v=0tS8V3Gj9C0,"make 1000 candles with me | balancing work & life, browsing markets, small business vlog",845.0,storyboard,98,781.23,789.2,7.97,https://youtu.be/0tS8V3Gj9C0?t=781s,transition,aux,0,0.6,City / outdoor market / thrift b-roll.,an MER fi coull Piro py: dae ai Bin Cone OP By Ls em ee pid st vent 4CF,1,0.0,0.181,0.267,0.431,0.103,"#82878b,#babab8,#333738",1,,
0tS8V3Gj9C0,https://www.youtube.com/watch?v=0tS8V3Gj9C0,"make 1000 candles with me | balancing work & life, browsing markets, small business vlog",845.0,storyboard,99,789.2,797.17,7.97,https://youtu.be/0tS8V3Gj9C0?t=789s,transition,aux,0,0.6,City / outdoor market / thrift b-roll.,"oh brite, Pee white be ales",1,0.0,0.157,0.0,0.438,0.22,"#4b7796,#37343d,#bdb9b9",0,text_overlay,
0tS8V3Gj9C0,https://www.youtube.com/watch?v=0tS8V3Gj9C0,"make 1000 candles with me | balancing work & life, browsing markets, small business vlog",845.0,storyboard,100,797.17,805.14,7.97,https://youtu.be/0tS8V3Gj9C0?t=797s,transition,aux,0,0.6,City / outdoor market / thrift b-roll.,ee mn Sy We wa ra ay ae! Oe et ee ee re 4 7 ee fA SD eet ei oe se oy 4 ie Ge Tie nerd ie oe 3 2 ao,1,0.5,0.103,0.271,0.413,0.129,"#94aeca,#666c78,#2b2f32",0,talking_head,
0tS8V3Gj9C0,https://www.youtube.com/watch?v=0tS8V3Gj9C0,"make 1000 candles with me | balancing work & life, browsing markets, small business vlog",845.0,storyboard,101,805.14,813.11,7.97,https://youtu.be/0tS8V3Gj9C0?t=805s,transition,aux,0,0.6,City / outdoor market / thrift b-roll.,go. RA ia 7 SS ms ais SSS tye oq ey NE re re Ce,1,1.0,0.196,0.243,0.545,0.143,"#c0bbb4,#8e7d6f,#40322c",0,talking_head,
0vn32fue7lg,https://www.youtube.com/watch?v=0vn32fue7lg,Make candles in any vessel | Easy candle math,330.0,storyboard,37,297.8,305.85,8.05,https://youtu.be/0vn32fue7lg?t=298s,transition,aux,0,0.5,Blank / near-black frame (auto-detected).,,0,0.0,0.0,0.0,0.0,0.003,"#000000,#000002,#030304",0,blank,
0vn32fue7lg,https://www.youtube.com/watch?v=0vn32fue7lg,Make candles in any vessel | Easy candle math,330.0,storyboard,38,305.85,313.9,8.05,https://youtu.be/0vn32fue7lg?t=306s,transition,aux,0,0.5,Blank / near-black frame (auto-detected).,,0,0.0,0.0,0.0,0.0,0.003,"#000000,#000002,#030404",0,blank,
0vn32fue7lg,https://www.youtube.com/watch?v=0vn32fue7lg,Make candles in any vessel | Easy candle math,330.0,storyboard,39,313.9,321.95,8.05,https://youtu.be/0vn32fue7lg?t=314s,transition,aux,0,0.5,Blank / near-black frame (auto-detected).,,0,0.0,0.0,0.0,0.0,0.003,"#000000,#000002,#030404",0,blank,
0vn32fue7lg,https://www.youtube.com/watch?v=0vn32fue7lg,Make candles in any vessel | Easy candle math,330.0,storyboard,40,321.95,330.0,8.05,https://youtu.be/0vn32fue7lg?t=322s,transition,aux,0,0.5,Blank / near-black frame (auto-detected).,,0,0.0,0.0,0.0,0.0,0.003,"#000000,#000002,#030304",0,blank,
1NluHw-tnt0,https://www.youtube.com/watch?v=1NluHw-tnt0,Making Witchy Wax Candles - A satisfying & mystical Process of Sculpting with Wax - PATH LAB,538.0,storyboard,13,104.39,112.42,8.03,https://youtu.be/1NluHw-tnt0?t=104s,transition,aux,0,0.5,"On-screen text card (auto-detected: static frame, OCR text). Text reads: 'abd ie ce Oy ae Ra rth Fe is'.",abd ie ce Oy ae Ra rth Fe is,1,0.0,0.076,0.0,0.398,0.073,"#636151,#a09f90,#25261c",0,text_overlay,
1NluHw-tnt0,https://www.youtube.com/watch?v=1NluHw-tnt0,Making Witchy Wax Candles - A satisfying & mystical Process of Sculpting with Wax - PATH LAB,538.0,storyboard,30,240.9,248.93,8.03,https://youtu.be/1NluHw-tnt0?t=241s,transition,aux,0,0.6,Fire / outdoor-landscape b-roll.,1 hs inte Gl MS VY BOY ye 4,1,0.0,0.077,0.062,0.319,0.092,"#5d6662,#242a27,#c2b89c",1,,
1NluHw-tnt0,https://www.youtube.com/watch?v=1NluHw-tnt0,Making Witchy Wax Candles - A satisfying & mystical Process of Sculpting with Wax - PATH LAB,538.0,storyboard,31,248.93,256.96,8.03,https://youtu.be/1NluHw-tnt0?t=249s,transition,aux,0,0.6,Fire / outdoor-landscape b-roll.,4 xy as iA be NY cat Wa LS fm Ys mM 4 to 7,1,0.0,0.074,0.1,0.323,0.069,"#61675a,#292e25,#b2a688",1,,
1NluHw-tnt0,https://www.youtube.com/watch?v=1NluHw-tnt0,Making Witchy Wax Candles - A satisfying & mystical Process of Sculpting with Wax - PATH LAB,538.0,storyboard,48,385.43,393.46,8.03,https://youtu.be/1NluHw-tnt0?t=385s,transition,aux,0,0.6,Fire / outdoor-landscape b-roll.,,0,0.0,0.069,0.165,0.245,0.06,"#14120b,#a4aca0,#505247",1,,
1NluHw-tnt0,https://www.youtube.com/watch?v=1NluHw-tnt0,Making Witchy Wax Candles - A satisfying & mystical Process of Sculpting with Wax - PATH LAB,538.0,storyboard,49,393.46,401.49,8.03,https://youtu.be/1NluHw-tnt0?t=393s,transition,aux,0,0.6,Fire / outdoor-landscape b-roll.,,0,0.0,0.019,0.0,0.296,0.199,"#2e1f16,#915d2a,#b2baa9",1,,
1NluHw-tnt0,https://www.youtube.com/watch?v=1NluHw-tnt0,Making Witchy Wax Candles - A satisfying & mystical Process of Sculpting with Wax - PATH LAB,538.0,storyboard,58,465.73,473.76,8.03,https://youtu.be/1NluHw-tnt0?t=466s,transition,aux,0,0.6,Fire / outdoor-landscape b-roll.,"5 LS ee IG 2 ba Te ee ae 7 ES, te on mm eee ae Seo es 4 4. 3 Se 4 Cima Tea ES Nae So il aN Ss Te 73",1,0.0,0.05,0.157,0.19,0.032,"#141414,#4c4f4c,#ecf0ee",1,,
1NluHw-tnt0,https://www.youtube.com/watch?v=1NluHw-tnt0,Making Witchy Wax Candles - A satisfying & mystical Process of Sculpting with Wax - PATH LAB,538.0,storyboard,59,473.76,481.79,8.03,https://youtu.be/1NluHw-tnt0?t=474s,transition,aux,0,0.6,Fire / outdoor-landscape b-roll.,Md 5 aa se Be ait wy ie,1,0.0,0.043,0.122,0.296,0.035,"#1d1f1e,#585c57,#def0e7",1,,
1V3hfxo7OtE,https://www.youtube.com/watch?v=1V3hfxo7OtE,Candle Making | How to Make Scented Candles,508.0,storyboard,44,349.25,357.19,7.94,https://youtu.be/1V3hfxo7OtE?t=349s,transition,aux,0,0.45,brand logo card,,0,0.0,0.008,0.037,0.602,0.229,"#c0b6aa,#816a51,#9b0a11",1,,
1V3hfxo7OtE,https://www.youtube.com/watch?v=1V3hfxo7OtE,Candle Making | How to Make Scented Candles,508.0,storyboard,61,484.19,492.12,7.93,https://youtu.be/1V3hfxo7OtE?t=484s,transition,aux,0,0.4,blank/black padding,,0,0.0,0.0,0.0,0.0,0.006,"#000000,#010005,#000002",0,blank,
1V3hfxo7OtE,https://www.youtube.com/watch?v=1V3hfxo7OtE,Candle Making | How to Make Scented Candles,508.0,storyboard,62,492.12,500.06,7.94,https://youtu.be/1V3hfxo7OtE?t=492s,transition,aux,0,0.4,blank/black padding,,0,0.0,0.0,0.0,0.0,0.004,"#000000,#010004,#000002",0,blank,
1V3hfxo7OtE,https://www.youtube.com/watch?v=1V3hfxo7OtE,Candle Making | How to Make Scented Candles,508.0,storyboard,63,500.06,508.0,7.94,https://youtu.be/1V3hfxo7OtE?t=500s,transition,aux,0,0.4,blank/black padding,,0,0.0,0.0,0.0,0.0,0.004,"#000000,#010005,#000002",0,blank,
1uWvLp_jofs,https://www.youtube.com/watch?v=1uWvLp_jofs,How to Color Your Candles And Wax Melts (Best Advice For Newbies) - Candle Making For Beginners,150.0,storyboard,2,15.79,23.68,7.89,https://youtu.be/1uWvLp_jofs?t=16s,transition,aux,0,0.4,Screen recording of dye/colour product pages; a finished red candle insert.,4 ni dae,1,0.333,0.134,0.467,0.701,0.07,"#aeaba6,#221d1f,#8b8480",1,,
1uWvLp_jofs,https://www.youtube.com/watch?v=1uWvLp_jofs,How to Color Your Candles And Wax Melts (Best Advice For Newbies) - Candle Making For Beginners,150.0,storyboard,3,23.68,31.58,7.9,https://youtu.be/1uWvLp_jofs?t=24s,transition,aux,0,0.4,Screen recording of colour options.,,0,0.333,0.101,0.391,0.575,0.086,"#a9a5a0,#19151a,#5d4c4b",1,,
2ZagX6xiRog,https://www.youtube.com/watch?v=2ZagX6xiRog,How to Make Candles in Jars : Basic Candle Making,102.0,storyboard,12,94.15,102.0,7.85,https://youtu.be/2ZagX6xiRog?t=94s,transition,aux,0,0.5,Blank / near-black frame (auto-detected).,"filmed by Bad Ferret Films filmed at Pure Integrity Candles Williamsville, NY",1,0.0,0.096,0.004,0.032,0.0,"#000000,#444444,#9c9c9c",0,blank,
3RNr0rflCUU,https://www.youtube.com/watch?v=3RNr0rflCUU,"BUSINESS VLOG 🧸 preparing for shop launch, making 400 candles & my studio tour",834.0,storyboard,26,208.5,216.52,8.02,https://youtu.be/3RNr0rflCUU?t=208s,transition,aux,0,0.6,B-roll (concert/food/floor/packing).,,0,0.0,0.015,0.0,0.039,0.154,"#020116,#0d0c4f,#221d97",0,blank,
3RNr0rflCUU,https://www.youtube.com/watch?v=3RNr0rflCUU,"BUSINESS VLOG 🧸 preparing for shop launch, making 400 candles & my studio tour",834.0,storyboard,27,216.52,224.54,8.02,https://youtu.be/3RNr0rflCUU?t=217s,transition,aux,0,0.6,B-roll (concert/food/floor/packing).,os us WAS ae,1,0.5,0.079,0.284,0.412,0.079,"#1f2429,#605853,#adb3b3",0,talking_head,
3TuI66FMaRo,https://www.youtube.com/watch?v=3TuI66FMaRo,How to make a candle using our NEW ProSoy Container Wax,183.0,storyboard,21,167.09,175.04,7.95,https://youtu.be/3TuI66FMaRo?t=167s,transition,aux,0,0.5,Blank / near-black frame (auto-detected).,,0,0.0,0.002,0.041,0.028,0.002,"#000000,#030202,#070000",0,blank,
3TuI66FMaRo,https://www.youtube.com/watch?v=3TuI66FMaRo,How to make a candle using our NEW ProSoy Container Wax,183.0,storyboard,22,175.04,183.0,7.96,https://youtu.be/3TuI66FMaRo?t=175s,transition,aux,0,0.5,Blank / near-black frame (auto-detected).,,0,0.0,0.0,0.0,0.001,0.002,"#000000,#010101,#080101",0,blank,
40mkiCY8uMM,https://www.youtube.com/watch?v=40mkiCY8uMM,How To Make Mini 1 Oz. Soy Candles | Fall Scented Sample Candles,583.0,storyboard,15,119.79,127.78,7.99,https://youtu.be/40mkiCY8uMM?t=120s,transition,aux,0,0.4,Calculator / notebook wax calculations.,vo eee ay,1,0.0,0.046,0.0,0.299,0.128,"#1b191a,#6e5955,#dfe2ca",1,,
40mkiCY8uMM,https://www.youtube.com/watch?v=40mkiCY8uMM,How To Make Mini 1 Oz. Soy Candles | Fall Scented Sample Candles,583.0,storyboard,16,127.78,135.77,7.99,https://youtu.be/40mkiCY8uMM?t=128s,transition,aux,0,0.4,Calculator / notebook wax calculations.,6 oat on,1,0.0,0.078,0.226,0.287,0.144,"#171612,#685149,#e9eabe",1,,
40mkiCY8uMM,https://www.youtube.com/watch?v=40mkiCY8uMM,How To Make Mini 1 Oz. Soy Candles | Fall Scented Sample Candles,583.0,storyboard,17,135.77,143.75,7.98,https://youtu.be/40mkiCY8uMM?t=136s,transition,aux,0,0.4,A finished mini 1oz tin candle held.,,0,0.0,0.035,0.057,0.46,0.106,"#807574,#3a2429,#bfc4c6",1,,
40mkiCY8uMM,https://www.youtube.com/watch?v=40mkiCY8uMM,How To Make Mini 1 Oz. Soy Candles | Fall Scented Sample Candles,583.0,storyboard,18,143.75,151.74,7.99,https://youtu.be/40mkiCY8uMM?t=144s,transition,aux,0,0.4,Calculator / notebook wax calculations.,,0,0.0,0.013,0.007,0.722,0.027,"#c8cccf,#908e84,#bbbcbe",1,,
40mkiCY8uMM,https://www.youtube.com/watch?v=40mkiCY8uMM,How To Make Mini 1 Oz. Soy Candles | Fall Scented Sample Candles,583.0,storyboard,19,151.74,159.73,7.99,https://youtu.be/40mkiCY8uMM?t=152s,transition,aux,0,0.4,Calculator / notebook wax calculations.,,0,0.0,0.031,0.0,0.722,0.027,"#c7c9cd,#929187,#514841",1,,
40mkiCY8uMM,https://www.youtube.com/watch?v=40mkiCY8uMM,How To Make Mini 1 Oz. Soy Candles | Fall Scented Sample Candles,583.0,storyboard,20,159.73,167.71,7.98,https://youtu.be/40mkiCY8uMM?t=160s,transition,aux,0,0.4,Calculator / notebook wax calculations.,ae Soe hey QS,1,0.0,0.037,0.027,0.715,0.05,"#c7c7cb,#968f87,#373633",1,,
40mkiCY8uMM,https://www.youtube.com/watch?v=40mkiCY8uMM,How To Make Mini 1 Oz. Soy Candles | Fall Scented Sample Candles,583.0,storyboard,21,167.71,175.7,7.99,https://youtu.be/40mkiCY8uMM?t=168s,transition,aux,0,0.4,Calculator / notebook wax calculations.,eo mo 6 by,1,0.0,0.023,0.028,0.703,0.044,"#cacacf,#8a877e,#b6b3b7",1,,
40mkiCY8uMM,https://www.youtube.com/watch?v=40mkiCY8uMM,How To Make Mini 1 Oz. Soy Candles | Fall Scented Sample Candles,583.0,storyboard,22,175.7,183.68,7.98,https://youtu.be/40mkiCY8uMM?t=176s,transition,aux,0,0.5,Blank / near-black frame (auto-detected).,,0,0.0,0.013,0.0,0.723,0.024,"#cbcdd2,#8e8d83,#bab9bc",0,blank,
4hYoRmRDBKs,https://www.youtube.com/watch?v=4hYoRmRDBKs,How To Make Candles at Home for Beginners | Step-by-Step Tutorial,420.0,storyboard,20,161.54,169.62,8.08,https://youtu.be/4hYoRmRDBKs?t=162s,transition,aux,0,0.5,"On-screen text card (auto-detected: static frame, OCR text). Text reads: 'hei Tos Say ris Vi 2. Ss Lhi 2 od'.",hei Tos Say ris Vi 2. Ss Lhi 2 od,1,0.0,0.092,0.0,0.294,0.081,"#1d1c19,#696760,#d2d2cc",0,text_overlay,
4hYoRmRDBKs,https://www.youtube.com/watch?v=4hYoRmRDBKs,How To Make Candles at Home for Beginners | Step-by-Step Tutorial,420.0,storyboard,50,403.85,411.92,8.07,https://youtu.be/4hYoRmRDBKs?t=404s,transition,aux,0,0.5,Blank / near-black frame (auto-detected).,,0,0.0,0.0,0.0,0.0,0.004,"#000000,#020004,#000002",0,blank,
4hYoRmRDBKs,https://www.youtube.com/watch?v=4hYoRmRDBKs,How To Make Candles at Home for Beginners | Step-by-Step Tutorial,420.0,storyboard,51,411.92,420.0,8.08,https://youtu.be/4hYoRmRDBKs?t=412s,transition,aux,0,0.5,Blank / near-black frame (auto-detected).,,0,0.0,0.0,0.0,0.0,0.004,"#000000,#020004,#000002",0,blank,
5SulILZNPEI,https://www.youtube.com/watch?v=5SulILZNPEI,How To Make Soy Candles DIY Candle Making Tutorial,453.0,storyboard,47,373.53,381.47,7.94,https://youtu.be/5SulILZNPEI?t=374s,transition,aux,0,0.4,transition/overhead frame,,0,0.0,0.034,0.0,0.406,0.134,"#6c6866,#362e3c,#d2bb96",1,,
647HetRAhR0,https://www.youtube.com/watch?v=647HetRAhR0,Make Candle Tins with Me! | Small Business Vlog,172.0,storyboard,21,164.18,172.0,7.82,https://youtu.be/647HetRAhR0?t=164s,transition,aux,0,0.5,Blank / near-black frame (auto-detected).,ee ee,0,0.0,0.014,0.003,0.002,0.002,"#000000,#000004,#020100",0,blank,
6DueGSsFhd8,https://www.youtube.com/watch?v=6DueGSsFhd8,CD (Stabilo) Candle Wick Series: Everything You Need To Know | CandleScience Product Guides,125.0,storyboard,14,109.38,117.19,7.81,https://youtu.be/6DueGSsFhd8?t=109s,transition,aux,0,0.5,Blank / near-black frame (auto-detected).,,0,0.0,0.0,0.0,0.001,0.005,"#000000,#040202,#000004",0,blank,
6DueGSsFhd8,https://www.youtube.com/watch?v=6DueGSsFhd8,CD (Stabilo) Candle Wick Series: Everything You Need To Know | CandleScience Product Guides,125.0,storyboard,15,117.19,125.0,7.81,https://youtu.be/6DueGSsFhd8?t=117s,transition,aux,0,0.5,Blank / near-black frame (auto-detected).,,0,0.0,0.0,0.0,0.001,0.005,"#000000,#040202,#000004",0,blank,
6Y1FERoGUSo,https://www.youtube.com/watch?v=6Y1FERoGUSo,Aesthetic Flower Candle - 4 K Free Video Process Tutorial - Celebrating Spring,776.0,storyboard,94,752.0,760.0,8.0,https://youtu.be/6Y1FERoGUSo?t=752s,transition,aux,0,0.4,Blank/black padding.,,0,0.0,0.0,0.0,0.0,0.003,"#000000,#000104,#020000",0,blank,
6Y1FERoGUSo,https://www.youtube.com/watch?v=6Y1FERoGUSo,Aesthetic Flower Candle - 4 K Free Video Process Tutorial - Celebrating Spring,776.0,storyboard,95,760.0,768.0,8.0,https://youtu.be/6Y1FERoGUSo?t=760s,transition,aux,0,0.4,Blank/black padding.,,0,0.0,0.0,0.0,0.0,0.003,"#000000,#000104,#020000",0,blank,
6Y1FERoGUSo,https://www.youtube.com/watch?v=6Y1FERoGUSo,Aesthetic Flower Candle - 4 K Free Video Process Tutorial - Celebrating Spring,776.0,storyboard,96,768.0,776.0,8.0,https://youtu.be/6Y1FERoGUSo?t=768s,transition,aux,0,0.4,Blank/black padding.,,0,0.0,0.0,0.0,0.0,0.003,"#000000,#000104,#020000",0,blank,
8V_WyGLS5Zo,https://www.youtube.com/watch?v=8V_WyGLS5Zo,Candle Making Tutorial for Beginners | DIY Candle Tutorial,375.0,storyboard,44,351.06,359.04,7.98,https://youtu.be/8V_WyGLS5Zo?t=351s,transition,aux,0,0.4,Blank/black padding.,,0,0.0,0.0,0.001,0.0,0.006,"#000000,#030102,#000505",0,blank,
8V_WyGLS5Zo,https://www.youtube.com/watch?v=8V_WyGLS5Zo,Candle Making Tutorial for Beginners | DIY Candle Tutorial,375.0,storyboard,45,359.04,367.02,7.98,https://youtu.be/8V_WyGLS5Zo?t=359s,transition,aux,0,0.4,Blank/black padding.,,0,0.0,0.0,0.0,0.001,0.008,"#000000,#030102,#000505",0,blank,
8V_WyGLS5Zo,https://www.youtube.com/watch?v=8V_WyGLS5Zo,Candle Making Tutorial for Beginners | DIY Candle Tutorial,375.0,storyboard,46,367.02,375.0,7.98,https://youtu.be/8V_WyGLS5Zo?t=367s,transition,aux,0,0.4,Blank/black padding.,,0,0.0,0.0,0.0,0.001,0.008,"#000000,#030102,#000607",0,blank,
8WSMzAO1Nfs,https://www.youtube.com/watch?v=8WSMzAO1Nfs,How to Make Gel Wax Candles,230.0,storyboard,27,214.14,222.07,7.93,https://youtu.be/8WSMzAO1Nfs?t=214s,transition,aux,0,0.5,Blank / near-black frame (auto-detected).,,0,0.0,0.0,0.0,0.001,0.016,"#000000,#070000,#020001",0,blank,
8WSMzAO1Nfs,https://www.youtube.com/watch?v=8WSMzAO1Nfs,How to Make Gel Wax Candles,230.0,storyboard,28,222.07,230.0,7.93,https://youtu.be/8WSMzAO1Nfs?t=222s,transition,aux,0,0.5,Blank / near-black frame (auto-detected).,,0,0.0,0.0,0.0,0.001,0.016,"#000000,#070000,#020001",0,blank,
8_vXTepQRI8,https://www.youtube.com/watch?v=8_vXTepQRI8,DIY Homemade Tea Tin Candle - A Great Gift Idea!,424.0,storyboard,45,360.0,368.0,8.0,https://youtu.be/8_vXTepQRI8?t=360s,transition,aux,0,0.6,Recipe card.,0 ee ee,0,0.0,0.088,0.864,0.433,0.068,"#000000,#010103,#070203",1,,
8oA1uybG_TE,https://www.youtube.com/watch?v=8oA1uybG_TE,"Hehinton Double Boiler Wax Melter Pot, Outstanding Quality! Complete Candle Making Tool Kit!",308.0,storyboard,30,243.16,251.26,8.1,https://youtu.be/8oA1uybG_TE?t=243s,transition,aux,0,0.5,"On-screen text card (auto-detected: static frame, OCR text). Text reads: '44 7 4 os ep th so ae oe Eg ff'.",44 7 4 os ep th so ae oe Eg ff,1,0.0,0.112,0.0,0.701,0.113,"#e0dfd8,#909492,#323132",0,text_overlay,
999EQfNvuds,https://www.youtube.com/watch?v=999EQfNvuds,DIY Matcha Candle | Viral Iced Drinks Candle | Realistic Candle | Candle Making Tutorial,649.0,storyboard,78,624.96,632.98,8.02,https://youtu.be/999EQfNvuds?t=625s,transition,aux,0,0.4,Blank/black padding.,,0,0.0,0.0,0.0,0.0,0.003,"#000000,#000001,#010003",0,blank,
999EQfNvuds,https://www.youtube.com/watch?v=999EQfNvuds,DIY Matcha Candle | Viral Iced Drinks Candle | Realistic Candle | Candle Making Tutorial,649.0,storyboard,79,632.98,640.99,8.01,https://youtu.be/999EQfNvuds?t=633s,transition,aux,0,0.4,Blank/black padding.,,0,0.0,0.0,0.0,0.0,0.003,"#000000,#000003,#010000",0,blank,
999EQfNvuds,https://www.youtube.com/watch?v=999EQfNvuds,DIY Matcha Candle | Viral Iced Drinks Candle | Realistic Candle | Candle Making Tutorial,649.0,storyboard,80,640.99,649.0,8.01,https://youtu.be/999EQfNvuds?t=641s,transition,aux,0,0.4,Blank/black padding.,,0,0.0,0.0,0.0,0.0,0.003,"#000000,#000003,#010000",0,blank,
9FHqxlxPTR0,https://www.youtube.com/watch?v=9FHqxlxPTR0,Fix Your Candles with This Twisted Simple Trick | Un-Even Melt Pools & Centered Wicks,666.0,storyboard,50,401.2,409.23,8.03,https://youtu.be/9FHqxlxPTR0?t=401s,transition,aux,0,0.6,B-roll / product insert.,,0,0.0,0.002,0.016,0.476,0.075,"#5f6d7d,#768696,#95a6b7",1,,
9FHqxlxPTR0,https://www.youtube.com/watch?v=9FHqxlxPTR0,Fix Your Candles with This Twisted Simple Trick | Un-Even Melt Pools & Centered Wicks,666.0,storyboard,51,409.23,417.25,8.02,https://youtu.be/9FHqxlxPTR0?t=409s,transition,aux,0,0.6,B-roll / product insert.,tout pa gg we oe vs al,1,0.5,0.295,0.325,0.384,0.092,"#221911,#d0c1b0,#796c5e",0,talking_head,
9FHqxlxPTR0,https://www.youtube.com/watch?v=9FHqxlxPTR0,Fix Your Candles with This Twisted Simple Trick | Un-Even Melt Pools & Centered Wicks,666.0,storyboard,52,417.25,425.28,8.03,https://youtu.be/9FHqxlxPTR0?t=417s,transition,aux,0,0.6,B-roll / product insert.,eS 7 ae or,1,0.5,0.29,0.315,0.379,0.095,"#23231f,#746a63,#cfc0bb",0,talking_head,
9ziN3qqHkc4,https://www.youtube.com/watch?v=9ziN3qqHkc4,How to Make a Soy Candle With 3 Layers - Multi Layer Fourth of July Candle,472.0,storyboard,56,448.0,456.0,8.0,https://youtu.be/9ziN3qqHkc4?t=448s,transition,aux,0,0.4,Blank/black padding.,,0,0.0,0.001,0.004,0.003,0.006,"#000000,#020103,#090000",0,blank,
9ziN3qqHkc4,https://www.youtube.com/watch?v=9ziN3qqHkc4,How to Make a Soy Candle With 3 Layers - Multi Layer Fourth of July Candle,472.0,storyboard,57,456.0,464.0,8.0,https://youtu.be/9ziN3qqHkc4?t=456s,transition,aux,0,0.4,Blank/black padding.,,0,0.0,0.0,0.0,0.001,0.006,"#000000,#050002,#010203",0,blank,
9ziN3qqHkc4,https://www.youtube.com/watch?v=9ziN3qqHkc4,How to Make a Soy Candle With 3 Layers - Multi Layer Fourth of July Candle,472.0,storyboard,58,464.0,472.0,8.0,https://youtu.be/9ziN3qqHkc4?t=464s,transition,aux,0,0.4,Blank/black padding.,,0,0.0,0.0,0.0,0.001,0.006,"#000000,#010204,#050001",0,blank,
AoypdYVB82A,https://www.youtube.com/watch?v=AoypdYVB82A,How to Make Pillar Candles at Home =),568.0,storyboard,6,48.0,56.0,8.0,https://youtu.be/AoypdYVB82A?t=48s,transition,aux,0,0.5,Blank / near-black frame (auto-detected).,ve,0,0.0,0.037,0.0,0.092,0.078,"#110e0d,#442f20,#d0a983",0,blank,
B1E0xc9O7ZM,https://www.youtube.com/watch?v=B1E0xc9O7ZM,How to Roll Beeswax Candles with Kids {VIDEO},333.0,storyboard,38,301.29,309.21,7.92,https://youtu.be/B1E0xc9O7ZM?t=301s,transition,aux,0,0.5,Blank / near-black frame (auto-detected).,,0,0.0,0.0,0.001,0.001,0.005,"#000000,#010101,#030000",0,blank,
B1E0xc9O7ZM,https://www.youtube.com/watch?v=B1E0xc9O7ZM,How to Roll Beeswax Candles with Kids {VIDEO},333.0,storyboard,39,309.21,317.14,7.93,https://youtu.be/B1E0xc9O7ZM?t=309s,transition,aux,0,0.5,Blank / near-black frame (auto-detected).,,0,0.0,0.0,0.0,0.0,0.003,"#000000,#010101,#030000",0,blank,
B1E0xc9O7ZM,https://www.youtube.com/watch?v=B1E0xc9O7ZM,How to Roll Beeswax Candles with Kids {VIDEO},333.0,storyboard,40,317.14,325.07,7.93,https://youtu.be/B1E0xc9O7ZM?t=317s,transition,aux,0,0.5,Blank / near-black frame (auto-detected).,,0,0.0,0.0,0.0,0.0,0.003,"#000000,#010000,#030000",0,blank,
B1E0xc9O7ZM,https://www.youtube.com/watch?v=B1E0xc9O7ZM,How to Roll Beeswax Candles with Kids {VIDEO},333.0,storyboard,41,325.07,333.0,7.93,https://youtu.be/B1E0xc9O7ZM?t=325s,transition,aux,0,0.5,Blank / near-black frame (auto-detected).,,0,0.0,0.0,0.0,0.0,0.003,"#000000,#010101,#030000",0,blank,
B2AFuHYg_Io,https://www.youtube.com/watch?v=B2AFuHYg_Io,Coconut Soy wax candle making for beginners,507.0,storyboard,1,8.05,16.1,8.05,https://youtu.be/B2AFuHYg_Io?t=8s,transition,aux,0,0.4,Channel/laptop page.,ses om eo ep ae mn Tre bee 2 ae wi vEnso8 2 EXPOSED Sr wb on,1,0.0,0.142,0.0,0.848,0.137,"#f8f9f9,#a48d9f,#4f4238",0,text_overlay,
B2AFuHYg_Io,https://www.youtube.com/watch?v=B2AFuHYg_Io,Coconut Soy wax candle making for beginners,507.0,storyboard,2,16.1,24.14,8.04,https://youtu.be/B2AFuHYg_Io?t=16s,transition,aux,0,0.4,Purple 'Ultimate Survival Guide' promo on the laptop.,SALES SURVIVAL WICK TESTING GUIDE GUIDE oF ttn oe tear deamon of! Bart poe ter Tl EP LET POPE BDL Tee beat tractor poy De cane Orway eremede of sy Lert! bere erhd made bets aimed ae freee: Ligeee Of p,1,0.0,0.1,0.091,0.52,0.327,"#9c53ec,#e7e1f1,#45484a",1,,
B2AFuHYg_Io,https://www.youtube.com/watch?v=B2AFuHYg_Io,Coconut Soy wax candle making for beginners,507.0,storyboard,3,24.14,32.19,8.05,https://youtu.be/B2AFuHYg_Io?t=24s,transition,aux,0,0.4,Laptop label/website screen.,"ene- 8 7 oa: 7 Ss hm el 3 PS FPO eo oa, ee 2 rs 4 Nie: oc: Boss Vein eee oe oF oe Beene EE OOD LLL ee ee aan Qa",1,0.0,0.085,0.379,0.752,0.051,"#f0f4f6,#c8c8c5,#888a8f",1,,
B2AFuHYg_Io,https://www.youtube.com/watch?v=B2AFuHYg_Io,Coconut Soy wax candle making for beginners,507.0,storyboard,4,32.19,40.24,8.05,https://youtu.be/B2AFuHYg_Io?t=32s,transition,aux,0,0.4,Laptop form screens.,0 8 ete ge enema sesn-o 8 ee ey Feet ps Lames ery eae beds eee! iow tnt we Tne ate oa ed ee,1,0.0,0.035,0.068,0.955,0.04,"#fdfdfd,#e3eaf1,#c3cace",1,,
B2AFuHYg_Io,https://www.youtube.com/watch?v=B2AFuHYg_Io,Coconut Soy wax candle making for beginners,507.0,storyboard,5,40.24,48.29,8.05,https://youtu.be/B2AFuHYg_Io?t=40s,transition,aux,0,0.4,Laptop screens.,,0,0.0,0.018,0.0,0.983,0.023,"#fdfdfd,#cdcdd1,#a8aaae",0,blank,
B2AFuHYg_Io,https://www.youtube.com/watch?v=B2AFuHYg_Io,Coconut Soy wax candle making for beginners,507.0,storyboard,6,48.29,56.33,8.04,https://youtu.be/B2AFuHYg_Io?t=48s,transition,aux,0,0.4,Laptop (Makesy supplies).,HARES Le Qe eee ot eee ee 4 ate se eee bee Ant eeeee oe eeeee ror eee oon oe en oe ee mrt we ee ee ee eee Oe ee ee te ee Oe me oe Gestyaten enrertodie biiatg Gnaepgadaracteapaed pong Oe ee me he eee t,1,0.0,0.061,0.082,0.925,0.064,"#f2ece7,#fcfaf8,#cdc7c2",1,,
B2AFuHYg_Io,https://www.youtube.com/watch?v=B2AFuHYg_Io,Coconut Soy wax candle making for beginners,507.0,storyboard,29,233.38,241.43,8.05,https://youtu.be/B2AFuHYg_Io?t=233s,transition,aux,0,0.4,Laptop screen designing the 'Mahogany Vanilla' label/website.,LAStSs os,1,0.0,0.036,0.0,0.853,0.126,"#eff2f5,#4874b7,#0e0d0c",1,,
B2AFuHYg_Io,https://www.youtube.com/watch?v=B2AFuHYg_Io,Coconut Soy wax candle making for beginners,507.0,storyboard,30,241.43,249.48,8.05,https://youtu.be/B2AFuHYg_Io?t=241s,transition,aux,0,0.4,Laptop screen designing the 'Mahogany Vanilla' label/website.,SCENTS OF VISION ASC taatirg fiand poured in Austin mM ee mE,1,0.0,0.098,0.126,0.704,0.143,"#edeff3,#161612,#5f7bae",1,,
B2AFuHYg_Io,https://www.youtube.com/watch?v=B2AFuHYg_Io,Coconut Soy wax candle making for beginners,507.0,storyboard,31,249.48,257.52,8.04,https://youtu.be/B2AFuHYg_Io?t=249s,transition,aux,0,0.4,Laptop screen designing the 'Mahogany Vanilla' label/website.,Fe fimo NTS OF VISION AMC Maacrg Mahogarry oe Vartila ae,1,0.0,0.059,0.015,0.681,0.145,"#edeff3,#171713,#5e7bb4",0,text_overlay,
B2AFuHYg_Io,https://www.youtube.com/watch?v=B2AFuHYg_Io,Coconut Soy wax candle making for beginners,507.0,storyboard,32,257.52,265.57,8.05,https://youtu.be/B2AFuHYg_Io?t=258s,transition,aux,0,0.4,Laptop screen designing the 'Mahogany Vanilla' label/website.,hay Uf BE,1,0.0,0.079,0.041,0.694,0.14,"#edeff3,#171615,#637eb1",1,,
B2AFuHYg_Io,https://www.youtube.com/watch?v=B2AFuHYg_Io,Coconut Soy wax candle making for beginners,507.0,storyboard,33,265.57,273.62,8.05,https://youtu.be/B2AFuHYg_Io?t=266s,transition,aux,0,0.4,Laptop screen designing the 'Mahogany Vanilla' label/website.,OCR JOB ime 1 Kise /rvife,1,0.0,0.12,0.0,0.68,0.127,"#edf0f3,#171814,#627eaa",0,text_overlay,
B2AFuHYg_Io,https://www.youtube.com/watch?v=B2AFuHYg_Io,Coconut Soy wax candle making for beginners,507.0,storyboard,34,273.62,281.67,8.05,https://youtu.be/B2AFuHYg_Io?t=274s,transition,aux,0,0.4,Laptop screen designing the 'Mahogany Vanilla' label/website.,ae SCENTS OF VION 2 hl ePe arf as,1,0.0,0.09,0.024,0.67,0.13,"#eceef1,#12120f,#5d79a9",1,,
B2AFuHYg_Io,https://www.youtube.com/watch?v=B2AFuHYg_Io,Coconut Soy wax candle making for beginners,507.0,storyboard,35,281.67,289.71,8.04,https://youtu.be/B2AFuHYg_Io?t=282s,transition,aux,0,0.4,Laptop screen designing the 'Mahogany Vanilla' label/website.,96. oe PV obegave Yarif ee,1,0.0,0.087,0.007,0.67,0.13,"#eceef2,#111211,#5b77a5",0,text_overlay,
B2AFuHYg_Io,https://www.youtube.com/watch?v=B2AFuHYg_Io,Coconut Soy wax candle making for beginners,507.0,storyboard,36,289.71,297.76,8.05,https://youtu.be/B2AFuHYg_Io?t=290s,transition,aux,0,0.4,Laptop screen designing the 'Mahogany Vanilla' label/website.,axe are,0,0.0,0.098,0.0,0.673,0.13,"#eceef1,#121112,#5b74a2",1,,description references on-screen text but OCR found none
B2AFuHYg_Io,https://www.youtube.com/watch?v=B2AFuHYg_Io,Coconut Soy wax candle making for beginners,507.0,storyboard,37,297.76,305.81,8.05,https://youtu.be/B2AFuHYg_Io?t=298s,transition,aux,0,0.4,Laptop screen designing the 'Mahogany Vanilla' label/website.,Pp ff 3 7,1,0.0,0.097,0.013,0.672,0.13,"#eceef1,#131314,#607aaa",1,,
B2AFuHYg_Io,https://www.youtube.com/watch?v=B2AFuHYg_Io,Coconut Soy wax candle making for beginners,507.0,storyboard,38,305.81,313.86,8.05,https://youtu.be/B2AFuHYg_Io?t=306s,transition,aux,0,0.4,Laptop screen designing the 'Mahogany Vanilla' label/website.,2 li EEE SS Ee see eteer um 6 ee Oe re ee ee Oe ee Se 8 Se OE ee OY Gee eee ee me rey eee we ee we ng ew owe. eee eee ee oe ee me te cee ae ee ert eee oe eee eee ie or ey TREN VES Hw om 0 ere ay ee 0 ,1,0.0,0.077,0.306,0.81,0.08,"#f8faf7,#ced0cf,#719291",1,,
B2AFuHYg_Io,https://www.youtube.com/watch?v=B2AFuHYg_Io,Coconut Soy wax candle making for beginners,507.0,storyboard,39,313.86,321.9,8.04,https://youtu.be/B2AFuHYg_Io?t=314s,transition,aux,0,0.4,Laptop screen designing the 'Mahogany Vanilla' label/website.,Ly SCENTS OF VION 864.2 Wi PS rife BS fe if 3 st,1,0.0,0.085,0.307,0.809,0.091,"#eceef1,#131311,#5d79a8",1,,
B2AFuHYg_Io,https://www.youtube.com/watch?v=B2AFuHYg_Io,Coconut Soy wax candle making for beginners,507.0,storyboard,40,321.9,329.95,8.05,https://youtu.be/B2AFuHYg_Io?t=322s,transition,aux,0,0.4,Laptop screen designing the 'Mahogany Vanilla' label/website.,ae es. oP /avsfe,1,0.0,0.083,0.0,0.67,0.13,"#eceef2,#151514,#5c79aa",1,,
B2AFuHYg_Io,https://www.youtube.com/watch?v=B2AFuHYg_Io,Coconut Soy wax candle making for beginners,507.0,storyboard,41,329.95,338.0,8.05,https://youtu.be/B2AFuHYg_Io?t=330s,transition,aux,0,0.4,Laptop screen designing the 'Mahogany Vanilla' label/website.,oe 2,0,0.0,0.093,0.008,0.671,0.13,"#eceef2,#131311,#5c78a9",1,,description references on-screen text but OCR found none
B2AFuHYg_Io,https://www.youtube.com/watch?v=B2AFuHYg_Io,Coconut Soy wax candle making for beginners,507.0,storyboard,42,338.0,346.05,8.05,https://youtu.be/B2AFuHYg_Io?t=338s,transition,aux,0,0.4,Laptop screen designing the 'Mahogany Vanilla' label/website.,wy,0,0.0,0.073,0.015,0.705,0.125,"#eef1f4,#131313,#577eb7",1,,description references on-screen text but OCR found none
B2AFuHYg_Io,https://www.youtube.com/watch?v=B2AFuHYg_Io,Coconut Soy wax candle making for beginners,507.0,storyboard,43,346.05,354.1,8.05,https://youtu.be/B2AFuHYg_Io?t=346s,transition,aux,0,0.4,Laptop screen designing the 'Mahogany Vanilla' label/website.,So Yor co 3,1,0.0,0.088,0.0,0.669,0.13,"#eceef1,#131411,#5c7aac",1,,
B2AFuHYg_Io,https://www.youtube.com/watch?v=B2AFuHYg_Io,Coconut Soy wax candle making for beginners,507.0,storyboard,44,354.1,362.14,8.04,https://youtu.be/B2AFuHYg_Io?t=354s,transition,aux,0,0.4,Laptop screen designing the 'Mahogany Vanilla' label/website.,,0,0.0,0.063,0.404,0.455,0.144,"#3e3e3f,#0e1821,#e8ebee",1,,description references on-screen text but OCR found none
B2AFuHYg_Io,https://www.youtube.com/watch?v=B2AFuHYg_Io,Coconut Soy wax candle making for beginners,507.0,storyboard,45,362.14,370.19,8.05,https://youtu.be/B2AFuHYg_Io?t=362s,transition,aux,0,0.4,Laptop screen.,,0,0.0,0.008,0.16,0.908,0.061,"#fdfdfd,#e8eef5,#d9dee6",1,,
B2AFuHYg_Io,https://www.youtube.com/watch?v=B2AFuHYg_Io,Coconut Soy wax candle making for beginners,507.0,storyboard,46,370.19,378.24,8.05,https://youtu.be/B2AFuHYg_Io?t=370s,transition,aux,0,0.4,Laptop print dialog.,ne eee tee cs,1,0.0,0.026,0.01,0.491,0.021,"#242424,#eeefef,#b0b2b1",1,,
B2AFuHYg_Io,https://www.youtube.com/watch?v=B2AFuHYg_Io,Coconut Soy wax candle making for beginners,507.0,storyboard,47,378.24,386.29,8.05,https://youtu.be/B2AFuHYg_Io?t=378s,transition,aux,0,0.4,Laptop print dialog.,8 ee he er cee ee ii Mg apery arene,1,0.0,0.032,0.0,0.487,0.023,"#232424,#d9dada,#f9fafb",0,text_overlay,
B2AFuHYg_Io,https://www.youtube.com/watch?v=B2AFuHYg_Io,Coconut Soy wax candle making for beginners,507.0,storyboard,48,386.29,394.33,8.04,https://youtu.be/B2AFuHYg_Io?t=386s,transition,aux,0,0.4,Laptop print dialog.,et ee 7 ii Mgapery eT 288,1,0.0,0.032,0.005,0.49,0.024,"#232423,#eff0ef,#a8aaaa",0,text_overlay,
B2AFuHYg_Io,https://www.youtube.com/watch?v=B2AFuHYg_Io,Coconut Soy wax candle making for beginners,507.0,storyboard,49,394.33,402.38,8.05,https://youtu.be/B2AFuHYg_Io?t=394s,transition,aux,0,0.4,Laptop print dialog.,oe ig Menger seel es,1,0.0,0.033,0.008,0.489,0.02,"#232323,#eeeeee,#a2a3a3",1,,
B2AFuHYg_Io,https://www.youtube.com/watch?v=B2AFuHYg_Io,Coconut Soy wax candle making for beginners,507.0,storyboard,50,402.38,410.43,8.05,https://youtu.be/B2AFuHYg_Io?t=402s,transition,aux,0,0.4,Laptop print dialog.,,0,0.0,0.016,0.0,0.51,0.016,"#222322,#fafbfb,#5c5e5f",0,blank,
B2AFuHYg_Io,https://www.youtube.com/watch?v=B2AFuHYg_Io,Coconut Soy wax candle making for beginners,507.0,storyboard,60,482.86,490.9,8.04,https://youtu.be/B2AFuHYg_Io?t=483s,transition,aux,0,0.4,Blank/black padding.,,0,0.0,0.0,0.0,0.0,0.004,"#000000,#000003,#020100",0,blank,
B2AFuHYg_Io,https://www.youtube.com/watch?v=B2AFuHYg_Io,Coconut Soy wax candle making for beginners,507.0,storyboard,61,490.9,498.95,8.05,https://youtu.be/B2AFuHYg_Io?t=491s,transition,aux,0,0.4,Blank/black padding.,,0,0.0,0.0,0.0,0.0,0.004,"#000000,#000003,#020100",0,blank,
B2AFuHYg_Io,https://www.youtube.com/watch?v=B2AFuHYg_Io,Coconut Soy wax candle making for beginners,507.0,storyboard,62,498.95,507.0,8.05,https://youtu.be/B2AFuHYg_Io?t=499s,transition,aux,0,0.4,Blank/black padding.,,0,0.0,0.0,0.0,0.0,0.004,"#000000,#000003,#020100",0,blank,
BMUWiohnjV8,https://www.youtube.com/watch?v=BMUWiohnjV8,CANDLE Making MISTAKES Are GOOD,417.0,storyboard,21,168.4,176.42,8.02,https://youtu.be/BMUWiohnjV8?t=168s,transition,aux,0,0.4,Text caption slide (business advice).,aes YOUEAN LEARN ra,1,0.0,0.164,0.044,0.234,0.08,"#1d201e,#535c4a,#b9aba4",1,,
BMUWiohnjV8,https://www.youtube.com/watch?v=BMUWiohnjV8,CANDLE Making MISTAKES Are GOOD,417.0,storyboard,22,176.42,184.44,8.02,https://youtu.be/BMUWiohnjV8?t=176s,transition,aux,0,0.4,Text caption slide (business advice).,mgr 8 ae Wack Th BARN,1,0.0,0.096,0.049,0.192,0.062,"#1c2120,#675f59,#bfaaa2",1,,
BMUWiohnjV8,https://www.youtube.com/watch?v=BMUWiohnjV8,CANDLE Making MISTAKES Are GOOD,417.0,storyboard,23,184.44,192.46,8.02,https://youtu.be/BMUWiohnjV8?t=184s,transition,aux,0,0.4,Text caption slide (business advice).,,0,0.0,0.144,0.052,0.239,0.08,"#1f211f,#4d5847,#ad9990",1,,description references on-screen text but OCR found none
BMUWiohnjV8,https://www.youtube.com/watch?v=BMUWiohnjV8,CANDLE Making MISTAKES Are GOOD,417.0,storyboard,42,336.81,344.83,8.02,https://youtu.be/BMUWiohnjV8?t=337s,transition,aux,0,0.5,Blank / near-black frame (auto-detected).,Thaeds for SUBSCRBEE 08 VOR VOLS,1,0.0,0.074,0.004,0.09,0.065,"#090908,#1e1d1b,#98866c",0,blank,
BMUWiohnjV8,https://www.youtube.com/watch?v=BMUWiohnjV8,CANDLE Making MISTAKES Are GOOD,417.0,storyboard,43,344.83,352.85,8.02,https://youtu.be/BMUWiohnjV8?t=345s,transition,aux,0,0.5,Blank / near-black frame (auto-detected).,Thaws for SUBSCRBE 08 VOR VO,1,0.0,0.079,0.002,0.09,0.066,"#080808,#1d1c1a,#99876c",0,blank,
BMUWiohnjV8,https://www.youtube.com/watch?v=BMUWiohnjV8,CANDLE Making MISTAKES Are GOOD,417.0,storyboard,44,352.85,360.87,8.02,https://youtu.be/BMUWiohnjV8?t=353s,transition,aux,0,0.5,Blank / near-black frame (auto-detected).,Thaws for SUBSCRBE 08 VOR VO,1,0.0,0.078,0.0,0.09,0.066,"#090808,#1d1c1a,#99876c",0,blank,
BMUWiohnjV8,https://www.youtube.com/watch?v=BMUWiohnjV8,CANDLE Making MISTAKES Are GOOD,417.0,storyboard,45,360.87,368.88,8.01,https://youtu.be/BMUWiohnjV8?t=361s,transition,aux,0,0.5,Blank / near-black frame (auto-detected).,Thaws for SUBSCRBE 08 VOR VO,1,0.0,0.078,0.0,0.09,0.066,"#090808,#1d1c1a,#99876c",0,blank,
BMUWiohnjV8,https://www.youtube.com/watch?v=BMUWiohnjV8,CANDLE Making MISTAKES Are GOOD,417.0,storyboard,46,368.88,376.9,8.02,https://youtu.be/BMUWiohnjV8?t=369s,transition,aux,0,0.5,Blank / near-black frame (auto-detected).,Thaws for SUBSCRBE 08 VOR VO,1,0.0,0.078,0.0,0.09,0.066,"#080808,#1c1b1a,#99876c",0,blank,
BMUWiohnjV8,https://www.youtube.com/watch?v=BMUWiohnjV8,CANDLE Making MISTAKES Are GOOD,417.0,storyboard,47,376.9,384.92,8.02,https://youtu.be/BMUWiohnjV8?t=377s,transition,aux,0,0.5,Blank / near-black frame (auto-detected).,Thaws for SUBSCRBE 08 VOR VO,1,0.0,0.078,0.0,0.09,0.066,"#090808,#1d1c1a,#99876c",0,blank,
BMUWiohnjV8,https://www.youtube.com/watch?v=BMUWiohnjV8,CANDLE Making MISTAKES Are GOOD,417.0,storyboard,48,384.92,392.94,8.02,https://youtu.be/BMUWiohnjV8?t=385s,transition,aux,0,0.5,Blank / near-black frame (auto-detected).,Thaws for SUBSCRBE 08 VOR VO,1,0.0,0.078,0.0,0.09,0.066,"#0a0909,#1f1e1c,#99876c",0,blank,
BMUWiohnjV8,https://www.youtube.com/watch?v=BMUWiohnjV8,CANDLE Making MISTAKES Are GOOD,417.0,storyboard,49,392.94,400.96,8.02,https://youtu.be/BMUWiohnjV8?t=393s,transition,aux,0,0.5,Blank / near-black frame (auto-detected).,Thaws for SUBSCRBE 08 VOR VO,1,0.0,0.078,0.0,0.09,0.066,"#090909,#1e1d1b,#99876c",0,blank,
BMUWiohnjV8,https://www.youtube.com/watch?v=BMUWiohnjV8,CANDLE Making MISTAKES Are GOOD,417.0,storyboard,50,400.96,408.98,8.02,https://youtu.be/BMUWiohnjV8?t=401s,transition,aux,0,0.5,Blank / near-black frame (auto-detected).,Thaws for SUBSCRBE 08 VOR VO,1,0.0,0.078,0.0,0.09,0.066,"#090909,#1e1d1b,#99876c",0,blank,
BMUWiohnjV8,https://www.youtube.com/watch?v=BMUWiohnjV8,CANDLE Making MISTAKES Are GOOD,417.0,storyboard,51,408.98,417.0,8.02,https://youtu.be/BMUWiohnjV8?t=409s,transition,aux,0,0.5,Blank / near-black frame (auto-detected).,Thaws for SUBSCRBE 08 VOR VO,1,0.0,0.078,0.0,0.09,0.066,"#090808,#1d1c1a,#99876c",0,blank,
BbGnbTIz7_s,https://www.youtube.com/watch?v=BbGnbTIz7_s,Ombre 5 layers gradient candle tutorial | Step by step | Advanced candle making | POV (no talking),505.0,storyboard,2,16.03,24.05,8.02,https://youtu.be/BbGnbTIz7_s?t=16s,transition,aux,0,0.4,Caption: this tutorial covers a 5-layer ombre candle.,"li vou are beainner, AA! Nike Sire Wi master the bubble ombre candk Roafore movina an",1,0.0,0.113,0.014,0.71,0.108,"#dbd1c7,#5b3430,#b18879",0,text_overlay,
BbGnbTIz7_s,https://www.youtube.com/watch?v=BbGnbTIz7_s,Ombre 5 layers gradient candle tutorial | Step by step | Advanced candle making | POV (no talking),505.0,storyboard,3,24.05,32.06,8.01,https://youtu.be/BbGnbTIz7_s?t=24s,transition,aux,0,0.4,Caption: 'Let's do it! Don't forget to...'; the mould.,7 ht iH te she ee af Lat Stine ID Vf Peri SI 3,1,0.0,0.049,0.196,0.721,0.101,"#deddd8,#b6b6ae,#495c5a",1,,
BbGnbTIz7_s,https://www.youtube.com/watch?v=BbGnbTIz7_s,Ombre 5 layers gradient candle tutorial | Step by step | Advanced candle making | POV (no talking),505.0,storyboard,60,480.95,488.97,8.02,https://youtu.be/BbGnbTIz7_s?t=481s,transition,aux,0,0.4,Blank/black padding.,,0,0.0,0.0,0.0,0.0,0.004,"#000000,#000002,#030005",0,blank,
BbGnbTIz7_s,https://www.youtube.com/watch?v=BbGnbTIz7_s,Ombre 5 layers gradient candle tutorial | Step by step | Advanced candle making | POV (no talking),505.0,storyboard,61,488.97,496.98,8.01,https://youtu.be/BbGnbTIz7_s?t=489s,transition,aux,0,0.4,Blank/black padding.,,0,0.0,0.0,0.0,0.0,0.004,"#000000,#000100,#020004",0,blank,
BbGnbTIz7_s,https://www.youtube.com/watch?v=BbGnbTIz7_s,Ombre 5 layers gradient candle tutorial | Step by step | Advanced candle making | POV (no talking),505.0,storyboard,62,496.98,505.0,8.02,https://youtu.be/BbGnbTIz7_s?t=497s,transition,aux,0,0.4,Blank/black padding.,,0,0.0,0.0,0.0,0.0,0.004,"#000000,#000001,#020005",0,blank,
CQ3SYeqOP8Y,https://www.youtube.com/watch?v=CQ3SYeqOP8Y,How to Make Rolled beeswax Candles,483.0,storyboard,59,474.95,483.0,8.05,https://youtu.be/CQ3SYeqOP8Y?t=475s,transition,aux,0,0.4,Blank/black padding.,,0,0.0,0.0,0.0,0.0,0.003,"#000000,#000003,#030000",0,blank,
CrJ9UE6Nihw,https://www.youtube.com/watch?v=CrJ9UE6Nihw,FULL & easy beginners guide to Candle Making,601.0,storyboard,3,24.04,32.05,8.01,https://youtu.be/CrJ9UE6Nihw?t=24s,transition,aux,0,0.4,Title card; host.,Easy Guide Candle Making,1,0.0,0.04,0.129,0.541,0.061,"#9a8d82,#756b61,#f1ede5",1,,
CrJ9UE6Nihw,https://www.youtube.com/watch?v=CrJ9UE6Nihw,FULL & easy beginners guide to Candle Making,601.0,storyboard,72,576.96,584.97,8.01,https://youtu.be/CrJ9UE6Nihw?t=577s,transition,aux,0,0.4,Blank/black padding.,,0,0.0,0.0,0.0,0.0,0.004,"#000000,#020004,#000002",0,blank,
CrJ9UE6Nihw,https://www.youtube.com/watch?v=CrJ9UE6Nihw,FULL & easy beginners guide to Candle Making,601.0,storyboard,73,584.97,592.99,8.02,https://youtu.be/CrJ9UE6Nihw?t=585s,transition,aux,0,0.4,Blank/black padding.,,0,0.0,0.0,0.0,0.0,0.004,"#000000,#020004,#000002",0,blank,
CrJ9UE6Nihw,https://www.youtube.com/watch?v=CrJ9UE6Nihw,FULL & easy beginners guide to Candle Making,601.0,storyboard,74,592.99,601.0,8.01,https://youtu.be/CrJ9UE6Nihw?t=593s,transition,aux,0,0.4,Blank/black padding.,,0,0.0,0.0,0.0,0.0,0.004,"#000000,#020004,#000002",0,blank,
D2TTNZkVMMM,https://www.youtube.com/watch?v=D2TTNZkVMMM,How to Make Layered Scented Candles | DIY Candle Making,250.0,storyboard,21,169.35,177.42,8.07,https://youtu.be/D2TTNZkVMMM?t=169s,transition,aux,0,0.4,Measurement caption card.,,0,0.0,0.038,0.147,0.671,0.062,"#c5c2bc,#9e978e,#6f5d4d",1,,description references on-screen text but OCR found none
DpF1-sb6Adk,https://www.youtube.com/watch?v=DpF1-sb6Adk,How to Color Soy Candles Using Candle Dye - 3 Ways to DIY Candle Dye,349.0,storyboard,41,325.2,333.14,7.94,https://youtu.be/DpF1-sb6Adk?t=325s,transition,aux,0,0.5,Blank / near-black frame (auto-detected).,,0,0.0,0.0,0.0,0.0,0.003,"#000000,#000002,#020000",0,blank,
DpF1-sb6Adk,https://www.youtube.com/watch?v=DpF1-sb6Adk,How to Color Soy Candles Using Candle Dye - 3 Ways to DIY Candle Dye,349.0,storyboard,42,333.14,341.07,7.93,https://youtu.be/DpF1-sb6Adk?t=333s,transition,aux,0,0.5,Blank / near-black frame (auto-detected).,,0,0.0,0.0,0.0,0.0,0.003,"#000000,#000002,#020001",0,blank,
DpF1-sb6Adk,https://www.youtube.com/watch?v=DpF1-sb6Adk,How to Color Soy Candles Using Candle Dye - 3 Ways to DIY Candle Dye,349.0,storyboard,43,341.07,349.0,7.93,https://youtu.be/DpF1-sb6Adk?t=341s,transition,aux,0,0.5,Blank / near-black frame (auto-detected).,,0,0.0,0.0,0.0,0.0,0.003,"#000000,#000002,#020001",0,blank,
DpgV20P8bVc,https://www.youtube.com/watch?v=DpgV20P8bVc,Small candle business from home | holiday launch studio vlog New paint can candles | Amazon handmade,820.0,storyboard,3,24.12,32.16,8.04,https://youtu.be/DpgV20P8bVc?t=24s,transition,aux,0,0.4,Driving / b-roll.,7 es PEs ve 3,1,0.0,0.113,0.235,0.531,0.133,"#233234,#8db3b8,#cfe9e8",1,,
DpgV20P8bVc,https://www.youtube.com/watch?v=DpgV20P8bVc,Small candle business from home | holiday launch studio vlog New paint can candles | Amazon handmade,820.0,storyboard,4,32.16,40.2,8.04,https://youtu.be/DpgV20P8bVc?t=32s,transition,aux,0,0.5,"On-screen text card (auto-detected: static frame, OCR text). Text reads: 'te oe te ee Pe to ay Ae Me 3 ae iad 6 iS Milionil I's about minute dri onid'.",te oe te ee Pe to ay Ae Me 3 ae iad 6 iS Milionil I's about minute dri onid,1,0.0,0.073,0.0,0.565,0.188,"#6998b4,#b0cfd4,#495858",0,text_overlay,
DpgV20P8bVc,https://www.youtube.com/watch?v=DpgV20P8bVc,Small candle business from home | holiday launch studio vlog New paint can candles | Amazon handmade,820.0,storyboard,5,40.2,48.24,8.04,https://youtu.be/DpgV20P8bVc?t=40s,transition,aux,0,0.4,Driving / b-roll.,eee ek ro. Oe coal ee SD ee HST bs Picking up an order trom Uline 4,1,0.0,0.087,0.2,0.559,0.163,"#819fac,#bed6d9,#43504c",1,,
DpgV20P8bVc,https://www.youtube.com/watch?v=DpgV20P8bVc,Small candle business from home | holiday launch studio vlog New paint can candles | Amazon handmade,820.0,storyboard,6,48.24,56.27,8.03,https://youtu.be/DpgV20P8bVc?t=48s,transition,aux,0,0.4,Driving / b-roll.,ee,0,0.0,0.047,0.218,0.558,0.13,"#718c97,#b8cfd4,#243436",1,,
DpgV20P8bVc,https://www.youtube.com/watch?v=DpgV20P8bVc,Small candle business from home | holiday launch studio vlog New paint can candles | Amazon handmade,820.0,storyboard,7,56.27,64.31,8.04,https://youtu.be/DpgV20P8bVc?t=56s,transition,aux,0,0.4,Driving / b-roll.,sili Laos as ar rj,1,0.0,0.022,0.0,0.653,0.112,"#6e7374,#e0eae3,#a3aca5",1,,
DpgV20P8bVc,https://www.youtube.com/watch?v=DpgV20P8bVc,Small candle business from home | holiday launch studio vlog New paint can candles | Amazon handmade,820.0,storyboard,23,184.9,192.94,8.04,https://youtu.be/DpgV20P8bVc?t=185s,transition,aux,0,0.5,"On-screen text card (auto-detected: static frame, OCR text). Text reads: 'pee Ok te ees ee fe ED ae See Pa Se 4 See ay we JES if 4 7 eo al Pk: OF Se gy 4 Ip he in 4 7 ay Cee 3 Vee ee. ON ee 4 ae wee ae IS Age aI ak ono Sa aad Te is'.",pee Ok te ees ee fe ED ae See Pa Se 4 See ay we JES if 4 7 eo al Pk: OF Se gy 4 Ip he in 4 7 ay Cee 3 Vee ee. ON ee 4 ae wee ae IS Age aI ak ono Sa aad Te is,1,0.0,0.051,0.0,0.646,0.066,"#c5b9a8,#a89a88,#776353",0,text_overlay,
DpgV20P8bVc,https://www.youtube.com/watch?v=DpgV20P8bVc,Small candle business from home | holiday launch studio vlog New paint can candles | Amazon handmade,820.0,storyboard,88,707.45,715.49,8.04,https://youtu.be/DpgV20P8bVc?t=707s,transition,aux,0,0.6,Inventory room b-roll.,"ae ime 9 foe 3 woe ning wenn How WW wonrees al al on eh oo, eee 7 si ia tn vss maa eal ae, 2 Sa",1,1.0,0.072,0.0,0.426,0.052,"#4b423f,#756b69,#969798",0,talking_head,
DpgV20P8bVc,https://www.youtube.com/watch?v=DpgV20P8bVc,Small candle business from home | holiday launch studio vlog New paint can candles | Amazon handmade,820.0,storyboard,89,715.49,723.53,8.04,https://youtu.be/DpgV20P8bVc?t=715s,transition,aux,0,0.6,Inventory room b-roll.,"if 2 oe fn 7 fr tn Sam Jy 4 lw Be Fs 2 rubs, ee ad po ae Bh pil. Nee Ger",1,0.5,0.084,0.047,0.418,0.046,"#919291,#6d6866,#433b36",0,talking_head,
DpgV20P8bVc,https://www.youtube.com/watch?v=DpgV20P8bVc,Small candle business from home | holiday launch studio vlog New paint can candles | Amazon handmade,820.0,storyboard,90,723.53,731.57,8.04,https://youtu.be/DpgV20P8bVc?t=724s,transition,aux,0,0.5,Rows of finished labelled candles on the shelves.,,0,0.0,0.02,0.061,0.386,0.066,"#382e28,#8f9aa4,#726f6d",1,,
DpgV20P8bVc,https://www.youtube.com/watch?v=DpgV20P8bVc,Small candle business from home | holiday launch studio vlog New paint can candles | Amazon handmade,820.0,storyboard,91,731.57,739.61,8.04,https://youtu.be/DpgV20P8bVc?t=732s,transition,aux,0,0.6,Inventory room b-roll.,ee eo Tian Sa fae st Pes nant oe Pe lek ue ay ea 4 zs ee of 5 ell,1,0.0,0.06,0.0,0.335,0.047,"#36312e,#696566,#a0acb1",0,text_overlay,
EBZGgxpf3Ho,https://www.youtube.com/watch?v=EBZGgxpf3Ho,How to make perfect scented soy wax tin candles every time. DIY tutorial 7oz coco soy wax candles,667.0,storyboard,20,160.72,168.76,8.04,https://youtu.be/EBZGgxpf3Ho?t=161s,transition,aux,0,0.5,Blank / near-black frame (auto-detected).,,0,0.0,0.0,0.0,0.223,0.019,"#3d3a36,#353331,#1a1712",0,blank,
EKYEsAkom3A,https://www.youtube.com/watch?v=EKYEsAkom3A,how to choose your candle wax | paraffin wax or coconut wax? 🥥,645.0,storyboard,33,262.78,270.74,7.96,https://youtu.be/EKYEsAkom3A?t=263s,transition,aux,0,0.6,Burn-test binder / timer comparison insert.,Vv ee we XA 5 ie. ll,1,0.0,0.017,0.207,0.655,0.099,"#dedde3,#9e9491,#1e1911",1,,
EKYEsAkom3A,https://www.youtube.com/watch?v=EKYEsAkom3A,how to choose your candle wax | paraffin wax or coconut wax? 🥥,645.0,storyboard,34,270.74,278.7,7.96,https://youtu.be/EKYEsAkom3A?t=271s,transition,aux,0,0.6,Burn-test binder / timer comparison insert.,,0,0.0,0.017,0.0,0.768,0.048,"#d5dbe0,#b9b8b9,#7a7571",1,,
EKYEsAkom3A,https://www.youtube.com/watch?v=EKYEsAkom3A,how to choose your candle wax | paraffin wax or coconut wax? 🥥,645.0,storyboard,37,294.63,302.59,7.96,https://youtu.be/EKYEsAkom3A?t=295s,transition,aux,0,0.6,Burn-test binder / timer comparison insert.,2 if Ss iw Le Mrs aw,1,1.0,0.025,0.0,0.613,0.114,"#b19c89,#dbd1d0,#544b48",0,talking_head,
EKYEsAkom3A,https://www.youtube.com/watch?v=EKYEsAkom3A,how to choose your candle wax | paraffin wax or coconut wax? 🥥,645.0,storyboard,38,302.59,310.56,7.97,https://youtu.be/EKYEsAkom3A?t=303s,transition,aux,0,0.6,Burn-test binder / timer comparison insert.,,0,0.0,0.016,0.284,0.648,0.097,"#a2836c,#bfb8b2,#4b4031",1,,
EKYEsAkom3A,https://www.youtube.com/watch?v=EKYEsAkom3A,how to choose your candle wax | paraffin wax or coconut wax? 🥥,645.0,storyboard,45,358.33,366.3,7.97,https://youtu.be/EKYEsAkom3A?t=358s,transition,aux,0,0.6,Burn-test binder / timer comparison insert.,pe yy WZ Sob ie tiie iB oe,1,0.5,0.018,0.262,0.688,0.081,"#dbd2d1,#b69d87,#554a48",0,talking_head,
FxW5eR7Uv3o,https://www.youtube.com/watch?v=FxW5eR7Uv3o,How to Make Candles at Home - Candle Making Step by Step,522.0,storyboard,63,505.94,513.97,8.03,https://youtu.be/FxW5eR7Uv3o?t=506s,transition,aux,0,0.4,blank/black padding,,0,0.0,0.0,0.0,0.0,0.002,"#000000,#000002,#010006",0,blank,
FxW5eR7Uv3o,https://www.youtube.com/watch?v=FxW5eR7Uv3o,How to Make Candles at Home - Candle Making Step by Step,522.0,storyboard,64,513.97,522.0,8.03,https://youtu.be/FxW5eR7Uv3o?t=514s,transition,aux,0,0.4,blank/black padding,,0,0.0,0.0,0.0,0.0,0.002,"#000000,#000001,#010006",0,blank,
HM8dpgA-bms,https://www.youtube.com/watch?v=HM8dpgA-bms,Natural Ways to Color Candles : Basic Candle Making,126.0,storyboard,14,110.25,118.12,7.87,https://youtu.be/HM8dpgA-bms?t=110s,transition,aux,0,0.5,Blank / near-black frame (auto-detected).,,0,0.0,0.0,0.0,0.004,0.0,"#010101,#010101,#010101",0,blank,
HM8dpgA-bms,https://www.youtube.com/watch?v=HM8dpgA-bms,Natural Ways to Color Candles : Basic Candle Making,126.0,storyboard,15,118.12,126.0,7.88,https://youtu.be/HM8dpgA-bms?t=118s,transition,aux,0,0.5,Blank / near-black frame (auto-detected).,,0,0.0,0.0,0.0,0.004,0.0,"#010101,#010101,#010101",0,blank,
HPD1k0lhDCU,https://www.youtube.com/watch?v=HPD1k0lhDCU,How to Make Luxury Coconut Apricot Wax Candles | Step-by-Step Tutorial,687.0,storyboard,84,671.02,679.01,7.99,https://youtu.be/HPD1k0lhDCU?t=671s,transition,aux,0,0.4,Blank/black padding.,,0,0.0,0.0,0.0,0.0,0.005,"#000000,#010000,#000002",0,blank,
HPD1k0lhDCU,https://www.youtube.com/watch?v=HPD1k0lhDCU,How to Make Luxury Coconut Apricot Wax Candles | Step-by-Step Tutorial,687.0,storyboard,85,679.01,687.0,7.99,https://youtu.be/HPD1k0lhDCU?t=679s,transition,aux,0,0.4,Blank/black padding.,,0,0.0,0.0,0.0,0.0,0.005,"#000000,#010000,#000002",0,blank,
HXX8_QF8jcE,https://www.youtube.com/watch?v=HXX8_QF8jcE,Gradient candle making full tutorial ( soy wax & beeswax ) DIY at home | handmade | craft | layer,160.0,storyboard,16,128.0,136.0,8.0,https://youtu.be/HXX8_QF8jcE?t=128s,transition,aux,0,0.5,Blank / near-black frame (auto-detected).,ee ee,0,0.0,0.014,0.005,0.004,0.006,"#000000,#050000,#0a0305",0,blank,
HXX8_QF8jcE,https://www.youtube.com/watch?v=HXX8_QF8jcE,Gradient candle making full tutorial ( soy wax & beeswax ) DIY at home | handmade | craft | layer,160.0,storyboard,17,136.0,144.0,8.0,https://youtu.be/HXX8_QF8jcE?t=136s,transition,aux,0,0.5,Blank / near-black frame (auto-detected).,,0,0.0,0.0,0.0,0.001,0.003,"#000000,#000003,#040304",0,blank,
HXX8_QF8jcE,https://www.youtube.com/watch?v=HXX8_QF8jcE,Gradient candle making full tutorial ( soy wax & beeswax ) DIY at home | handmade | craft | layer,160.0,storyboard,18,144.0,152.0,8.0,https://youtu.be/HXX8_QF8jcE?t=144s,transition,aux,0,0.5,Blank / near-black frame (auto-detected).,,0,0.0,0.0,0.0,0.001,0.003,"#000000,#000003,#040304",0,blank,
HXX8_QF8jcE,https://www.youtube.com/watch?v=HXX8_QF8jcE,Gradient candle making full tutorial ( soy wax & beeswax ) DIY at home | handmade | craft | layer,160.0,storyboard,19,152.0,160.0,8.0,https://youtu.be/HXX8_QF8jcE?t=152s,transition,aux,0,0.5,Blank / near-black frame (auto-detected).,,0,0.0,0.0,0.0,0.001,0.003,"#000000,#000003,#040304",0,blank,
Hir66vEC2MI,https://www.youtube.com/watch?v=Hir66vEC2MI,Learn How to Make Scented Soy Wax Candles for Beginners | CandleScience Guides,323.0,storyboard,35,282.62,290.7,8.08,https://youtu.be/Hir66vEC2MI?t=283s,transition,aux,0,0.4,blank/black frame,,0,0.0,0.0,0.0,0.001,0.004,"#000000,#040308,#010103",0,blank,
Hir66vEC2MI,https://www.youtube.com/watch?v=Hir66vEC2MI,Learn How to Make Scented Soy Wax Candles for Beginners | CandleScience Guides,323.0,storyboard,36,290.7,298.77,8.07,https://youtu.be/Hir66vEC2MI?t=291s,transition,aux,0,0.4,blank/black padding,,0,0.0,0.0,0.0,0.0,0.002,"#000000,#000001,#010103",0,blank,
Hir66vEC2MI,https://www.youtube.com/watch?v=Hir66vEC2MI,Learn How to Make Scented Soy Wax Candles for Beginners | CandleScience Guides,323.0,storyboard,37,298.77,306.85,8.08,https://youtu.be/Hir66vEC2MI?t=299s,transition,aux,0,0.4,blank/black padding,,0,0.0,0.0,0.0,0.0,0.003,"#000000,#000002,#000000",0,blank,
Hir66vEC2MI,https://www.youtube.com/watch?v=Hir66vEC2MI,Learn How to Make Scented Soy Wax Candles for Beginners | CandleScience Guides,323.0,storyboard,38,306.85,314.92,8.07,https://youtu.be/Hir66vEC2MI?t=307s,transition,aux,0,0.4,blank/black padding,,0,0.0,0.0,0.0,0.0,0.003,"#000000,#000002,#000000",0,blank,
Hir66vEC2MI,https://www.youtube.com/watch?v=Hir66vEC2MI,Learn How to Make Scented Soy Wax Candles for Beginners | CandleScience Guides,323.0,storyboard,39,314.92,323.0,8.08,https://youtu.be/Hir66vEC2MI?t=315s,transition,aux,0,0.4,blank/black padding,,0,0.0,0.0,0.0,0.0,0.003,"#000000,#000002,#000000",0,blank,
J3yQxymkFak,https://www.youtube.com/watch?v=J3yQxymkFak,Simple dessert candle tutorial to make at home,386.0,storyboard,17,136.71,144.75,8.04,https://youtu.be/J3yQxymkFak?t=137s,transition,aux,0,0.5,"On-screen text card (auto-detected: static frame, OCR text). Text reads: '2 cde SS os re Pes as ar 9 he ot 1. Ke oe 4 se af nt ae Oa yh 7 oy 4 Pad fee fi, 7'.","2 cde SS os re Pes as ar 9 he ot 1. Ke oe 4 se af nt ae Oa yh 7 oy 4 Pad fee fi, 7",1,0.0,0.037,0.0,0.503,0.15,"#917b67,#b8b1a9,#514032",0,text_overlay,
J3yQxymkFak,https://www.youtube.com/watch?v=J3yQxymkFak,Simple dessert candle tutorial to make at home,386.0,storyboard,33,265.37,273.42,8.05,https://youtu.be/J3yQxymkFak?t=265s,transition,aux,0,0.5,"On-screen text card (auto-detected: static frame, OCR text). Text reads: 'as oh OS al jo ee ae ae ie ae ie zzz ae ae va ar fw'.",as oh OS al jo ee ae ae ie ae ie zzz ae ae va ar fw,1,0.0,0.029,0.0,0.524,0.125,"#877a67,#b4ae9c,#47382d",0,text_overlay,
J3yQxymkFak,https://www.youtube.com/watch?v=J3yQxymkFak,Simple dessert candle tutorial to make at home,386.0,storyboard,47,377.96,386.0,8.04,https://youtu.be/J3yQxymkFak?t=378s,transition,aux,0,0.5,Blank / near-black frame (auto-detected).,,0,0.0,0.0,0.0,0.0,0.002,"#000000,#010001,#010003",0,blank,
JCVDsEKxi5I,https://www.youtube.com/watch?v=JCVDsEKxi5I,Make Your First Candle with Our London Luxury Candle Making Starter Kit!,427.0,storyboard,8,64.45,72.51,8.06,https://youtu.be/JCVDsEKxi5I?t=64s,transition,aux,0,0.5,"On-screen text card (auto-detected: static frame, OCR text). Text reads: 'de ie he owl es aod fe WS Ss Bes 5 Se'.",de ie he owl es aod fe WS Ss Bes 5 Se,1,0.0,0.103,0.0,0.678,0.124,"#d9d3db,#a9918b,#3d343b",0,text_overlay,
JCVDsEKxi5I,https://www.youtube.com/watch?v=JCVDsEKxi5I,Make Your First Candle with Our London Luxury Candle Making Starter Kit!,427.0,storyboard,18,145.02,153.08,8.06,https://youtu.be/JCVDsEKxi5I?t=145s,transition,aux,0,0.5,"On-screen text card (auto-detected: static frame, OCR text). Text reads: '4 AN et cars are ee ry Tes 1.'.",4 AN et cars are ee ry Tes 1.,1,0.0,0.089,0.0,0.654,0.122,"#dad3d7,#95827d,#2a2829",0,text_overlay,
Jap03OmOhXU,https://www.youtube.com/watch?v=Jap03OmOhXU,15 BRILLIANT Dollar Tree Candle HACKS 🕯️ (gift ideas galore!),388.0,storyboard,3,24.25,32.33,8.08,https://youtu.be/Jap03OmOhXU?t=24s,transition,aux,0,0.4,Hack b-roll / store footage.,witeter ow eee,1,0.0,0.091,0.539,0.671,0.139,"#fdfdfd,#d1cfc9,#867e75",1,,
Jap03OmOhXU,https://www.youtube.com/watch?v=Jap03OmOhXU,15 BRILLIANT Dollar Tree Candle HACKS 🕯️ (gift ideas galore!),388.0,storyboard,7,56.58,64.67,8.09,https://youtu.be/Jap03OmOhXU?t=57s,transition,aux,0,0.4,Hack b-roll / store footage.,Wi Bee an ae eg tte,1,0.0,0.352,0.236,0.376,0.151,"#867667,#4a3831,#cfc9c0",1,,
Jap03OmOhXU,https://www.youtube.com/watch?v=Jap03OmOhXU,15 BRILLIANT Dollar Tree Candle HACKS 🕯️ (gift ideas galore!),388.0,storyboard,11,88.92,97.0,8.08,https://youtu.be/Jap03OmOhXU?t=89s,transition,aux,0,0.4,Hack b-roll / store footage.,Shs om ae wu ite ae TT 7 se ad ae,1,0.0,0.226,0.292,0.391,0.101,"#676553,#29261f,#b0a898",1,,
Jap03OmOhXU,https://www.youtube.com/watch?v=Jap03OmOhXU,15 BRILLIANT Dollar Tree Candle HACKS 🕯️ (gift ideas galore!),388.0,storyboard,15,121.25,129.33,8.08,https://youtu.be/Jap03OmOhXU?t=121s,transition,aux,0,0.4,Hack b-roll / store footage.,al oe eee ED tA oe,1,0.0,0.246,0.274,0.293,0.182,"#8f403c,#241611,#b4a091",1,,
Jap03OmOhXU,https://www.youtube.com/watch?v=Jap03OmOhXU,15 BRILLIANT Dollar Tree Candle HACKS 🕯️ (gift ideas galore!),388.0,storyboard,27,218.25,226.33,8.08,https://youtu.be/Jap03OmOhXU?t=218s,transition,aux,0,0.4,Hack b-roll / store footage.,,0,0.0,0.053,0.192,0.545,0.095,"#a59493,#74544a,#d4d1d4",1,,
Jap03OmOhXU,https://www.youtube.com/watch?v=Jap03OmOhXU,15 BRILLIANT Dollar Tree Candle HACKS 🕯️ (gift ideas galore!),388.0,storyboard,31,250.58,258.67,8.09,https://youtu.be/Jap03OmOhXU?t=251s,transition,aux,0,0.4,Hack b-roll / store footage.,Py,0,0.0,0.045,0.115,0.468,0.072,"#7f7e7f,#514542,#a5a5a7",1,,
Jap03OmOhXU,https://www.youtube.com/watch?v=Jap03OmOhXU,15 BRILLIANT Dollar Tree Candle HACKS 🕯️ (gift ideas galore!),388.0,storyboard,35,282.92,291.0,8.08,https://youtu.be/Jap03OmOhXU?t=283s,transition,aux,0,0.4,Hack b-roll / store footage.,thal,0,0.0,0.052,0.204,0.509,0.079,"#aca8a9,#8c7973,#4a2425",1,,
Jap03OmOhXU,https://www.youtube.com/watch?v=Jap03OmOhXU,15 BRILLIANT Dollar Tree Candle HACKS 🕯️ (gift ideas galore!),388.0,storyboard,38,307.17,315.25,8.08,https://youtu.be/Jap03OmOhXU?t=307s,transition,aux,0,0.5,Blank / near-black frame (auto-detected).,,0,0.0,0.003,0.0,0.003,0.045,"#000000,#4a0e12,#2b282b",0,blank,
Jap03OmOhXU,https://www.youtube.com/watch?v=Jap03OmOhXU,15 BRILLIANT Dollar Tree Candle HACKS 🕯️ (gift ideas galore!),388.0,storyboard,39,315.25,323.33,8.08,https://youtu.be/Jap03OmOhXU?t=315s,transition,aux,0,0.5,Blank / near-black frame (auto-detected).,,0,0.0,0.003,0.0,0.003,0.045,"#000000,#4a0e12,#2b282b",0,blank,
Jap03OmOhXU,https://www.youtube.com/watch?v=Jap03OmOhXU,15 BRILLIANT Dollar Tree Candle HACKS 🕯️ (gift ideas galore!),388.0,storyboard,40,323.33,331.42,8.09,https://youtu.be/Jap03OmOhXU?t=323s,transition,aux,0,0.5,Blank / near-black frame (auto-detected).,,0,0.0,0.003,0.0,0.003,0.045,"#000000,#4a0e12,#2b282b",0,blank,
Jap03OmOhXU,https://www.youtube.com/watch?v=Jap03OmOhXU,15 BRILLIANT Dollar Tree Candle HACKS 🕯️ (gift ideas galore!),388.0,storyboard,41,331.42,339.5,8.08,https://youtu.be/Jap03OmOhXU?t=331s,transition,aux,0,0.5,Blank / near-black frame (auto-detected).,,0,0.0,0.003,0.0,0.003,0.045,"#000000,#4a0e12,#2b282b",0,blank,
Jap03OmOhXU,https://www.youtube.com/watch?v=Jap03OmOhXU,15 BRILLIANT Dollar Tree Candle HACKS 🕯️ (gift ideas galore!),388.0,storyboard,42,339.5,347.58,8.08,https://youtu.be/Jap03OmOhXU?t=340s,transition,aux,0,0.5,Blank / near-black frame (auto-detected).,,0,0.0,0.003,0.0,0.003,0.045,"#000000,#4a0e12,#2b282b",0,blank,
Jap03OmOhXU,https://www.youtube.com/watch?v=Jap03OmOhXU,15 BRILLIANT Dollar Tree Candle HACKS 🕯️ (gift ideas galore!),388.0,storyboard,43,347.58,355.67,8.09,https://youtu.be/Jap03OmOhXU?t=348s,transition,aux,0,0.5,Blank / near-black frame (auto-detected).,,0,0.0,0.003,0.0,0.003,0.045,"#000000,#4a0e12,#2b282b",0,blank,
Jap03OmOhXU,https://www.youtube.com/watch?v=Jap03OmOhXU,15 BRILLIANT Dollar Tree Candle HACKS 🕯️ (gift ideas galore!),388.0,storyboard,44,355.67,363.75,8.08,https://youtu.be/Jap03OmOhXU?t=356s,transition,aux,0,0.5,Blank / near-black frame (auto-detected).,,0,0.0,0.003,0.0,0.003,0.045,"#000000,#4a0e12,#2b282b",0,blank,
Jap03OmOhXU,https://www.youtube.com/watch?v=Jap03OmOhXU,15 BRILLIANT Dollar Tree Candle HACKS 🕯️ (gift ideas galore!),388.0,storyboard,45,363.75,371.83,8.08,https://youtu.be/Jap03OmOhXU?t=364s,transition,aux,0,0.5,Blank / near-black frame (auto-detected).,,0,0.0,0.003,0.0,0.003,0.045,"#000000,#4a0e12,#2b282b",0,blank,
Jap03OmOhXU,https://www.youtube.com/watch?v=Jap03OmOhXU,15 BRILLIANT Dollar Tree Candle HACKS 🕯️ (gift ideas galore!),388.0,storyboard,46,371.83,379.92,8.09,https://youtu.be/Jap03OmOhXU?t=372s,transition,aux,0,0.5,Blank / near-black frame (auto-detected).,,0,0.0,0.003,0.0,0.003,0.045,"#000000,#4a0e12,#2b282b",0,blank,
Jap03OmOhXU,https://www.youtube.com/watch?v=Jap03OmOhXU,15 BRILLIANT Dollar Tree Candle HACKS 🕯️ (gift ideas galore!),388.0,storyboard,47,379.92,388.0,8.08,https://youtu.be/Jap03OmOhXU?t=380s,transition,aux,0,0.5,Blank / near-black frame (auto-detected).,,0,0.0,0.003,0.0,0.003,0.045,"#000000,#4a0e12,#2b282b",0,blank,
Jg1nhsDBtsQ,https://www.youtube.com/watch?v=Jg1nhsDBtsQ,Dollar Tree Candle Hacks That Will SHOCK You (2024) Krafts by Katelyn,665.0,storyboard,40,320.48,328.49,8.01,https://youtu.be/Jg1nhsDBtsQ?t=320s,transition,aux,0,0.6,Flameless LED candle demo / b-roll.,,0,0.0,0.073,0.309,0.552,0.124,"#a8abb2,#7a767a,#201d1a",1,,
Jg1nhsDBtsQ,https://www.youtube.com/watch?v=Jg1nhsDBtsQ,Dollar Tree Candle Hacks That Will SHOCK You (2024) Krafts by Katelyn,665.0,storyboard,41,328.49,336.51,8.02,https://youtu.be/Jg1nhsDBtsQ?t=328s,transition,aux,0,0.6,Flameless LED candle demo / b-roll.,,0,0.0,0.008,0.0,0.525,0.058,"#a8a6a4,#777a70,#4f3e32",1,,
Jg1nhsDBtsQ,https://www.youtube.com/watch?v=Jg1nhsDBtsQ,Dollar Tree Candle Hacks That Will SHOCK You (2024) Krafts by Katelyn,665.0,storyboard,45,360.54,368.55,8.01,https://youtu.be/Jg1nhsDBtsQ?t=361s,transition,aux,0,0.6,Flameless LED candle demo / b-roll.,,0,0.0,0.012,0.04,0.203,0.089,"#3e413f,#211f1c,#cca47d",1,,
JiisPUkcnSs,https://www.youtube.com/watch?v=JiisPUkcnSs,Satisfying Process of Mass Producing Candles. Korean Candle Factory,796.0,storyboard,2,15.92,23.88,7.96,https://youtu.be/JiisPUkcnSs?t=16s,transition,aux,0,0.4,Delivery truck / exterior b-roll.,3 soe,0,0.0,0.089,0.316,0.479,0.042,"#474047,#e8e3ec,#938a8f",1,,
JiisPUkcnSs,https://www.youtube.com/watch?v=JiisPUkcnSs,Satisfying Process of Mass Producing Candles. Korean Candle Factory,796.0,storyboard,22,175.12,183.08,7.96,https://youtu.be/JiisPUkcnSs?t=175s,transition,aux,0,0.5,"On-screen text card (auto-detected: static frame, OCR text). Text reads: 'aoe! ry est deh 7 tN Ps rt 7 oe 7 ad os'.",aoe! ry est deh 7 tN Ps rt 7 oe 7 ad os,1,0.0,0.093,0.0,0.478,0.041,"#86847c,#48463d,#cac8bf",0,text_overlay,
JiisPUkcnSs,https://www.youtube.com/watch?v=JiisPUkcnSs,Satisfying Process of Mass Producing Candles. Korean Candle Factory,796.0,storyboard,91,724.36,732.32,7.96,https://youtu.be/JiisPUkcnSs?t=724s,transition,aux,0,0.45,Packing candles into boxes / conveyor b-roll.,mm,0,0.0,0.021,0.227,0.423,0.096,"#8c7558,#b6a58a,#3d3f31",1,,
JiisPUkcnSs,https://www.youtube.com/watch?v=JiisPUkcnSs,Satisfying Process of Mass Producing Candles. Korean Candle Factory,796.0,storyboard,92,732.32,740.28,7.96,https://youtu.be/JiisPUkcnSs?t=732s,transition,aux,0,0.45,Packing candles into boxes / conveyor b-roll.,4 4 7 ee ay as AS Pol cai,1,0.0,0.029,0.301,0.438,0.113,"#1f1b17,#c7b8a3,#7b6149",1,,
JiisPUkcnSs,https://www.youtube.com/watch?v=JiisPUkcnSs,Satisfying Process of Mass Producing Candles. Korean Candle Factory,796.0,storyboard,93,740.28,748.24,7.96,https://youtu.be/JiisPUkcnSs?t=740s,transition,aux,0,0.45,Packing candles into boxes / conveyor b-roll.,oS 7 4 at ft,1,0.0,0.058,0.0,0.427,0.1,"#4a3b30,#8d7b67,#c1b4a4",1,,
JiisPUkcnSs,https://www.youtube.com/watch?v=JiisPUkcnSs,Satisfying Process of Mass Producing Candles. Korean Candle Factory,796.0,storyboard,94,748.24,756.2,7.96,https://youtu.be/JiisPUkcnSs?t=748s,transition,aux,0,0.45,Packing candles into boxes / conveyor b-roll.,oe Ls Doi! ih,1,0.0,0.052,0.196,0.334,0.141,"#796541,#271f18,#beb1a0",1,,
JiisPUkcnSs,https://www.youtube.com/watch?v=JiisPUkcnSs,Satisfying Process of Mass Producing Candles. Korean Candle Factory,796.0,storyboard,95,756.2,764.16,7.96,https://youtu.be/JiisPUkcnSs?t=756s,transition,aux,0,0.45,Packing candles into boxes / conveyor b-roll.,iJ qe Py qe we 3 yj Sa Se,1,0.0,0.075,0.245,0.349,0.146,"#7e705b,#433324,#d1bfaa",1,,
JiisPUkcnSs,https://www.youtube.com/watch?v=JiisPUkcnSs,Satisfying Process of Mass Producing Candles. Korean Candle Factory,796.0,storyboard,96,764.16,772.12,7.96,https://youtu.be/JiisPUkcnSs?t=764s,transition,aux,0,0.45,Packing candles into boxes / conveyor b-roll.,tm is 5 ft Hi 7 oe ats am fo 4,1,0.0,0.156,0.0,0.399,0.14,"#827257,#403020,#d0c2a6",0,text_overlay,
JxJVzdPJexE,https://www.youtube.com/watch?v=JxJVzdPJexE,Amazing Process of Making Hand Carved Candles,721.0,storyboard,79,632.88,640.89,8.01,https://youtu.be/JxJVzdPJexE?t=633s,transition,aux,0,0.4,Worker in the workshop.,ae 7 if of ewe 132 MN wh we OR ee ee ipa ae 7,1,0.0,0.166,0.173,0.472,0.121,"#917966,#c4b6ab,#443127",1,,
JxJVzdPJexE,https://www.youtube.com/watch?v=JxJVzdPJexE,Amazing Process of Making Hand Carved Candles,721.0,storyboard,80,640.89,648.9,8.01,https://youtu.be/JxJVzdPJexE?t=641s,transition,aux,0,0.4,Packing a carved candle into a bag.,oz,0,0.0,0.026,0.283,0.468,0.14,"#997457,#3f2213,#cabcb1",1,,
JxJVzdPJexE,https://www.youtube.com/watch?v=JxJVzdPJexE,Amazing Process of Making Hand Carved Candles,721.0,storyboard,81,648.9,656.91,8.01,https://youtu.be/JxJVzdPJexE?t=649s,transition,aux,0,0.4,Worker bags the candle in the shop.,bite sl Ge Bi nol 5 ae ie 2 eS,1,0.0,0.12,0.0,0.481,0.104,"#8b7362,#beb2a8,#3b2b22",0,text_overlay,
JxJVzdPJexE,https://www.youtube.com/watch?v=JxJVzdPJexE,Amazing Process of Making Hand Carved Candles,721.0,storyboard,82,656.91,664.92,8.01,https://youtu.be/JxJVzdPJexE?t=657s,transition,aux,0,0.4,Shop interior; a customer walks by.,Pa sf rm iS 4,1,0.0,0.081,0.28,0.402,0.072,"#7a7374,#dbd0c4,#1e1b1d",1,,
JxJVzdPJexE,https://www.youtube.com/watch?v=JxJVzdPJexE,Amazing Process of Making Hand Carved Candles,721.0,storyboard,83,664.92,672.93,8.01,https://youtu.be/JxJVzdPJexE?t=665s,transition,aux,0,0.4,Shop shelves of candles.,case,0,0.0,0.033,0.608,0.668,0.037,"#f8f8f8,#6c6c6c,#bebebe",1,,
K7UxM5B0FdM,https://www.youtube.com/watch?v=K7UxM5B0FdM,Making Scented Candles using Coconut Soy Wax | DIY Candle-making | Direct Candle Supply,264.0,storyboard,5,40.0,48.0,8.0,https://youtu.be/K7UxM5B0FdM?t=40s,transition,aux,0,0.4,On-screen title/graphic.,se,0,0.0,0.157,0.25,0.631,0.064,"#c9c1b9,#988d7b,#2d2e2e",1,,
K7UxM5B0FdM,https://www.youtube.com/watch?v=K7UxM5B0FdM,Making Scented Candles using Coconut Soy Wax | DIY Candle-making | Direct Candle Supply,264.0,storyboard,32,256.0,264.0,8.0,https://youtu.be/K7UxM5B0FdM?t=256s,transition,aux,0,0.4,Blank/black padding.,,0,0.0,0.0,0.0,0.001,0.002,"#000000,#050204,#020203",0,blank,
KWsOA0WxzGI,https://www.youtube.com/watch?v=KWsOA0WxzGI,BEST 5 FRAGRANCE Oils For Candle Making as a BEGINNER #candlemaking #candlemakinghomebusiness,631.0,storyboard,18,143.77,151.76,7.99,https://youtu.be/KWsOA0WxzGI?t=144s,transition,aux,0,0.5,"On-screen text card (auto-detected: static frame, OCR text). Text reads: 'oe oe Ze SOSA ce af cil? wre ee caaaa Tt? piles Li mh, ce. wy wt'.","oe oe Ze SOSA ce af cil? wre ee caaaa Tt? piles Li mh, ce. wy wt",1,0.0,0.181,0.0,0.477,0.163,"#414321,#898b61,#d7d7c2",0,text_overlay,
Ktz5Q9udtXY,https://www.youtube.com/watch?v=Ktz5Q9udtXY,How to Make Essential Oil Candles | DIY Candle Making Tutorial,316.0,storyboard,37,292.3,300.2,7.9,https://youtu.be/Ktz5Q9udtXY?t=292s,transition,aux,0,0.4,Blank/black padding.,,0,0.0,0.0,0.0,0.001,0.005,"#000000,#020103,#080506",0,blank,
Ktz5Q9udtXY,https://www.youtube.com/watch?v=Ktz5Q9udtXY,How to Make Essential Oil Candles | DIY Candle Making Tutorial,316.0,storyboard,38,300.2,308.1,7.9,https://youtu.be/Ktz5Q9udtXY?t=300s,transition,aux,0,0.4,Blank/black padding.,,0,0.0,0.0,0.0,0.001,0.005,"#000000,#020102,#080506",0,blank,
Ktz5Q9udtXY,https://www.youtube.com/watch?v=Ktz5Q9udtXY,How to Make Essential Oil Candles | DIY Candle Making Tutorial,316.0,storyboard,39,308.1,316.0,7.9,https://youtu.be/Ktz5Q9udtXY?t=308s,transition,aux,0,0.4,Blank/black padding.,,0,0.0,0.0,0.0,0.001,0.005,"#000000,#020102,#080606",0,blank,
LN1wnj9UClo,https://www.youtube.com/watch?v=LN1wnj9UClo,Satisfying process of candle making ✨🕯#candlebusiness #scentedcandles #soywaxcandle,221.0,storyboard,27,213.11,221.0,7.89,https://youtu.be/LN1wnj9UClo?t=213s,transition,aux,0,0.5,Blank / near-black frame (auto-detected).,,0,0.0,0.0,0.0,0.0,0.003,"#000000,#000003,#010100",0,blank,
NKgSlA79S78,https://www.youtube.com/watch?v=NKgSlA79S78,HOW TO MAKE ROLLED BEESWAX CANDLES | Easy Tutorial,430.0,storyboard,48,382.22,390.19,7.97,https://youtu.be/NKgSlA79S78?t=382s,transition,aux,0,0.4,Blank/black padding.,,0,0.0,0.0,0.0,0.001,0.004,"#000000,#000002,#030202",0,blank,
NKgSlA79S78,https://www.youtube.com/watch?v=NKgSlA79S78,HOW TO MAKE ROLLED BEESWAX CANDLES | Easy Tutorial,430.0,storyboard,49,390.19,398.15,7.96,https://youtu.be/NKgSlA79S78?t=390s,transition,aux,0,0.4,Blank/black padding.,,0,0.0,0.0,0.0,0.001,0.004,"#000000,#000002,#030202",0,blank,
NKgSlA79S78,https://www.youtube.com/watch?v=NKgSlA79S78,HOW TO MAKE ROLLED BEESWAX CANDLES | Easy Tutorial,430.0,storyboard,50,398.15,406.11,7.96,https://youtu.be/NKgSlA79S78?t=398s,transition,aux,0,0.4,Blank/black padding.,,0,0.0,0.0,0.0,0.001,0.004,"#000000,#000002,#040202",0,blank,
NKgSlA79S78,https://www.youtube.com/watch?v=NKgSlA79S78,HOW TO MAKE ROLLED BEESWAX CANDLES | Easy Tutorial,430.0,storyboard,51,406.11,414.07,7.96,https://youtu.be/NKgSlA79S78?t=406s,transition,aux,0,0.4,Blank/black padding.,,0,0.0,0.0,0.0,0.001,0.004,"#000000,#030202,#000004",0,blank,
NKgSlA79S78,https://www.youtube.com/watch?v=NKgSlA79S78,HOW TO MAKE ROLLED BEESWAX CANDLES | Easy Tutorial,430.0,storyboard,52,414.07,422.04,7.97,https://youtu.be/NKgSlA79S78?t=414s,transition,aux,0,0.4,Blank/black padding.,,0,0.0,0.0,0.0,0.001,0.004,"#000000,#000002,#030202",0,blank,
NKgSlA79S78,https://www.youtube.com/watch?v=NKgSlA79S78,HOW TO MAKE ROLLED BEESWAX CANDLES | Easy Tutorial,430.0,storyboard,53,422.04,430.0,7.96,https://youtu.be/NKgSlA79S78?t=422s,transition,aux,0,0.4,Blank/black padding.,,0,0.0,0.0,0.0,0.001,0.004,"#000000,#030202,#000004",0,blank,
NrJxaP-rZP4,https://www.youtube.com/watch?v=NrJxaP-rZP4,How to Blend Fragrance Oils - Creating Your Own Custom Candle Fragrance,249.0,storyboard,13,104.42,112.45,8.03,https://youtu.be/NrJxaP-rZP4?t=104s,transition,aux,0,0.4,Math caption slide (fragrance ratio calculation).,5 parts total Vanilla: 100 Bourbon: 100,1,0.0,0.112,0.355,0.267,0.053,"#020202,#b3b3b4,#4d4d4d",1,,
NrJxaP-rZP4,https://www.youtube.com/watch?v=NrJxaP-rZP4,How to Blend Fragrance Oils - Creating Your Own Custom Candle Fragrance,249.0,storyboard,14,112.45,120.48,8.03,https://youtu.be/NrJxaP-rZP4?t=112s,transition,aux,0,0.4,Math caption slide (fragrance ratio calculation).,id,0,0.0,0.1,0.194,0.269,0.055,"#4b545f,#b5a187,#24201e",1,,description references on-screen text but OCR found none
NrJxaP-rZP4,https://www.youtube.com/watch?v=NrJxaP-rZP4,How to Blend Fragrance Oils - Creating Your Own Custom Candle Fragrance,249.0,storyboard,15,120.48,128.52,8.04,https://youtu.be/NrJxaP-rZP4?t=120s,transition,aux,0,0.4,Text slide with fragrance-blend ratio math.,,0,0.0,0.093,0.193,0.27,0.054,"#4b555f,#b39f86,#262321",1,,
NrJxaP-rZP4,https://www.youtube.com/watch?v=NrJxaP-rZP4,How to Blend Fragrance Oils - Creating Your Own Custom Candle Fragrance,249.0,storyboard,16,128.52,136.55,8.03,https://youtu.be/NrJxaP-rZP4?t=129s,transition,aux,0,0.5,"On-screen text card (auto-detected: static frame, OCR text). Text reads: 'Now take your ratio of bourbon to vanilla For Vanilla, you need vanilla: 0.6 1.44 0.864 of vanilla For Bourbon, you need bourbon: 04 144 ,5760z0fbourbon'.","Now take your ratio of bourbon to vanilla For Vanilla, you need vanilla: 0.6 1.44 0.864 of vanilla For Bourbon, you need bourbon: 04 144 ,5760z0fbourbon",1,0.0,0.372,0.017,0.113,0.002,"#030303,#b0b0b0,#404040",0,text_overlay,
NrJxaP-rZP4,https://www.youtube.com/watch?v=NrJxaP-rZP4,How to Blend Fragrance Oils - Creating Your Own Custom Candle Fragrance,249.0,storyboard,17,136.55,144.58,8.03,https://youtu.be/NrJxaP-rZP4?t=137s,transition,aux,0,0.5,"On-screen text card (auto-detected: static frame, OCR text). Text reads: 'Now take your ratio of bourbon to vanilla For Vanilla, you need vanilla: 0.6 1.44 0.864 oz of vanilla For Bourbon, you need bourbon: 0.4 144 ,5760z0f bourbon'.","Now take your ratio of bourbon to vanilla For Vanilla, you need vanilla: 0.6 1.44 0.864 oz of vanilla For Bourbon, you need bourbon: 0.4 144 ,5760z0f bourbon",1,0.0,0.371,0.013,0.113,0.003,"#030303,#bbbbbb,#505050",0,text_overlay,
NrJxaP-rZP4,https://www.youtube.com/watch?v=NrJxaP-rZP4,How to Blend Fragrance Oils - Creating Your Own Custom Candle Fragrance,249.0,storyboard,18,144.58,152.61,8.03,https://youtu.be/NrJxaP-rZP4?t=145s,transition,aux,0,0.4,Text slide with fragrance-blend ratio math.,506 to make it syront cae yl oe,1,0.0,0.225,0.2,0.3,0.054,"#4c555f,#b0a495,#1d1a19",1,,
NrJxaP-rZP4,https://www.youtube.com/watch?v=NrJxaP-rZP4,How to Blend Fragrance Oils - Creating Your Own Custom Candle Fragrance,249.0,storyboard,19,152.61,160.65,8.04,https://youtu.be/NrJxaP-rZP4?t=153s,transition,aux,0,0.4,Text slide with fragrance-blend ratio math.,id,0,0.0,0.073,0.048,0.376,0.078,"#4a545e,#b19f85,#1d1b19",1,,
NrJxaP-rZP4,https://www.youtube.com/watch?v=NrJxaP-rZP4,How to Blend Fragrance Oils - Creating Your Own Custom Candle Fragrance,249.0,storyboard,20,160.65,168.68,8.03,https://youtu.be/NrJxaP-rZP4?t=161s,transition,aux,0,0.4,Text slide with fragrance-blend ratio math.,,0,0.0,0.176,0.031,0.391,0.078,"#4f565f,#aca291,#222020",1,,
NrJxaP-rZP4,https://www.youtube.com/watch?v=NrJxaP-rZP4,How to Blend Fragrance Oils - Creating Your Own Custom Candle Fragrance,249.0,storyboard,21,168.68,176.71,8.03,https://youtu.be/NrJxaP-rZP4?t=169s,transition,aux,0,0.4,Text slide with fragrance-blend ratio math.,acid orate Nia Qyoespn anes,1,0.0,0.103,0.043,0.386,0.077,"#4b545d,#aea293,#1f1b18",1,,
NrJxaP-rZP4,https://www.youtube.com/watch?v=NrJxaP-rZP4,How to Blend Fragrance Oils - Creating Your Own Custom Candle Fragrance,249.0,storyboard,22,176.71,184.74,8.03,https://youtu.be/NrJxaP-rZP4?t=177s,transition,aux,0,0.4,Text slide with fragrance-blend ratio math.,3 Crnamenickt cope art ae,1,0.0,0.111,0.037,0.387,0.078,"#4b545c,#aca191,#211d1b",1,,
NrJxaP-rZP4,https://www.youtube.com/watch?v=NrJxaP-rZP4,How to Blend Fragrance Oils - Creating Your Own Custom Candle Fragrance,249.0,storyboard,23,184.74,192.77,8.03,https://youtu.be/NrJxaP-rZP4?t=185s,transition,aux,0,0.4,Text slide with fragrance-blend ratio math.,Sa oe,0,0.0,0.087,0.034,0.37,0.075,"#4b555e,#b1a188,#241f1c",1,,
NrJxaP-rZP4,https://www.youtube.com/watch?v=NrJxaP-rZP4,How to Blend Fragrance Oils - Creating Your Own Custom Candle Fragrance,249.0,storyboard,26,208.84,216.87,8.03,https://youtu.be/NrJxaP-rZP4?t=209s,transition,aux,0,0.5,Blank / near-black frame (auto-detected).,,0,0.0,0.0,0.0,0.009,0.0,"#010101,#030303,#000000",0,blank,
NrJxaP-rZP4,https://www.youtube.com/watch?v=NrJxaP-rZP4,How to Blend Fragrance Oils - Creating Your Own Custom Candle Fragrance,249.0,storyboard,27,216.87,224.9,8.03,https://youtu.be/NrJxaP-rZP4?t=217s,transition,aux,0,0.5,Blank / near-black frame (auto-detected).,,0,0.0,0.0,0.0,0.009,0.0,"#010101,#030303,#000000",0,blank,
NrJxaP-rZP4,https://www.youtube.com/watch?v=NrJxaP-rZP4,How to Blend Fragrance Oils - Creating Your Own Custom Candle Fragrance,249.0,storyboard,28,224.9,232.94,8.04,https://youtu.be/NrJxaP-rZP4?t=225s,transition,aux,0,0.5,Blank / near-black frame (auto-detected).,,0,0.0,0.0,0.0,0.009,0.0,"#010101,#030303,#000000",0,blank,
NrJxaP-rZP4,https://www.youtube.com/watch?v=NrJxaP-rZP4,How to Blend Fragrance Oils - Creating Your Own Custom Candle Fragrance,249.0,storyboard,29,232.94,240.97,8.03,https://youtu.be/NrJxaP-rZP4?t=233s,transition,aux,0,0.5,Blank / near-black frame (auto-detected).,,0,0.0,0.0,0.0,0.009,0.0,"#010101,#030303,#000000",0,blank,
NrJxaP-rZP4,https://www.youtube.com/watch?v=NrJxaP-rZP4,How to Blend Fragrance Oils - Creating Your Own Custom Candle Fragrance,249.0,storyboard,30,240.97,249.0,8.03,https://youtu.be/NrJxaP-rZP4?t=241s,transition,aux,0,0.5,Blank / near-black frame (auto-detected).,,0,0.0,0.0,0.0,0.009,0.0,"#010101,#030303,#000000",0,blank,
PmWPYjBXB0s,https://www.youtube.com/watch?v=PmWPYjBXB0s,Wooden Wick Candle Burning Instructions,128.0,storyboard,14,112.0,120.0,8.0,https://youtu.be/PmWPYjBXB0s?t=112s,transition,aux,0,0.5,Blank / near-black frame (auto-detected).,customer fontanacandiecompany.com,1,0.0,0.025,0.0,0.018,0.0,"#010101,#080808,#5c5c5c",0,blank,
PmWPYjBXB0s,https://www.youtube.com/watch?v=PmWPYjBXB0s,Wooden Wick Candle Burning Instructions,128.0,storyboard,15,120.0,128.0,8.0,https://youtu.be/PmWPYjBXB0s?t=120s,transition,aux,0,0.5,Blank / near-black frame (auto-detected).,customer fontanacandiecompany.com,1,0.0,0.025,0.0,0.018,0.0,"#010101,#080808,#5c5c5c",0,blank,
Q9hV47GYsYI,https://www.youtube.com/watch?v=Q9hV47GYsYI,How to Make Perfect Candles  | SOY Candle Making | Scented Candle Making,650.0,storyboard,22,176.54,184.57,8.03,https://youtu.be/Q9hV47GYsYI?t=177s,transition,aux,0,0.5,"On-screen text card (auto-detected: static frame, OCR text). Text reads: 'La Ps ae aa ae 2 Sati iis 6 ee'.",La Ps ae aa ae 2 Sati iis 6 ee,1,0.0,0.067,0.0,0.464,0.195,"#502f21,#e6cec5,#9e7157",0,text_overlay,
Q9pTMOljpgM,https://www.youtube.com/watch?v=Q9pTMOljpgM,How To Set Candle Wicks With Wick Stickers Or A Hot Glue Gun #candle #diycandle #candlebusiness,271.0,storyboard,31,247.09,255.06,7.97,https://youtu.be/Q9pTMOljpgM?t=247s,transition,aux,0,0.5,Blank / near-black frame (auto-detected).,,0,0.0,0.0,0.0,0.001,0.002,"#000000,#010101,#000000",0,blank,
Q9pTMOljpgM,https://www.youtube.com/watch?v=Q9pTMOljpgM,How To Set Candle Wicks With Wick Stickers Or A Hot Glue Gun #candle #diycandle #candlebusiness,271.0,storyboard,32,255.06,263.03,7.97,https://youtu.be/Q9pTMOljpgM?t=255s,transition,aux,0,0.5,Blank / near-black frame (auto-detected).,,0,0.0,0.0,0.0,0.0,0.0,"#000000,#000000,#000000",0,blank,
Q9pTMOljpgM,https://www.youtube.com/watch?v=Q9pTMOljpgM,How To Set Candle Wicks With Wick Stickers Or A Hot Glue Gun #candle #diycandle #candlebusiness,271.0,storyboard,33,263.03,271.0,7.97,https://youtu.be/Q9pTMOljpgM?t=263s,transition,aux,0,0.5,Blank / near-black frame (auto-detected).,,0,0.0,0.0,0.0,0.0,0.0,"#000000,#000000,#000000",0,blank,
R-xUB9bCs_4,https://www.youtube.com/watch?v=R-xUB9bCs_4,SECRET to Easily Change Wicks | Candle Making,189.0,storyboard,8,63.0,70.88,7.88,https://youtu.be/R-xUB9bCs_4?t=63s,transition,aux,0,0.4,Caption: if the wax solidifies too long the wick is hard to remove.,if you bet the wax sotidify too lors the wick will be ditficalt to remove,1,0.0,0.08,0.043,0.646,0.042,"#cac3c0,#99908b,#5d4f48",1,,
R-xUB9bCs_4,https://www.youtube.com/watch?v=R-xUB9bCs_4,SECRET to Easily Change Wicks | Candle Making,189.0,storyboard,23,181.12,189.0,7.88,https://youtu.be/R-xUB9bCs_4?t=181s,transition,aux,0,0.5,Blank / near-black frame (auto-detected).,,0,0.0,0.0,0.0,0.0,0.004,"#000000,#000002,#000004",0,blank,
R2huvJ4Cy2c,https://www.youtube.com/watch?v=R2huvJ4Cy2c,CARVED CANDLES | How It's Made,302.0,storyboard,32,254.32,262.26,7.94,https://youtu.be/R2huvJ4Cy2c?t=254s,transition,aux,0,0.5,Blank / near-black frame (auto-detected).,,0,0.0,0.0,0.001,0.001,0.006,"#000000,#000002,#020208",0,blank,
R2huvJ4Cy2c,https://www.youtube.com/watch?v=R2huvJ4Cy2c,CARVED CANDLES | How It's Made,302.0,storyboard,33,262.26,270.21,7.95,https://youtu.be/R2huvJ4Cy2c?t=262s,transition,aux,0,0.5,Blank / near-black frame (auto-detected).,,0,0.0,0.0,0.0,0.001,0.006,"#000000,#000002,#020208",0,blank,
R2huvJ4Cy2c,https://www.youtube.com/watch?v=R2huvJ4Cy2c,CARVED CANDLES | How It's Made,302.0,storyboard,34,270.21,278.16,7.95,https://youtu.be/R2huvJ4Cy2c?t=270s,transition,aux,0,0.5,Blank / near-black frame (auto-detected).,,0,0.0,0.0,0.0,0.001,0.006,"#000000,#000002,#020208",0,blank,
R2huvJ4Cy2c,https://www.youtube.com/watch?v=R2huvJ4Cy2c,CARVED CANDLES | How It's Made,302.0,storyboard,35,278.16,286.11,7.95,https://youtu.be/R2huvJ4Cy2c?t=278s,transition,aux,0,0.5,Blank / near-black frame (auto-detected).,,0,0.0,0.0,0.0,0.001,0.006,"#000000,#000002,#020208",0,blank,
R2huvJ4Cy2c,https://www.youtube.com/watch?v=R2huvJ4Cy2c,CARVED CANDLES | How It's Made,302.0,storyboard,36,286.11,294.05,7.94,https://youtu.be/R2huvJ4Cy2c?t=286s,transition,aux,0,0.5,Blank / near-black frame (auto-detected).,,0,0.0,0.0,0.0,0.001,0.006,"#000000,#000002,#020208",0,blank,
R2huvJ4Cy2c,https://www.youtube.com/watch?v=R2huvJ4Cy2c,CARVED CANDLES | How It's Made,302.0,storyboard,37,294.05,302.0,7.95,https://youtu.be/R2huvJ4Cy2c?t=294s,transition,aux,0,0.5,Blank / near-black frame (auto-detected).,,0,0.0,0.0,0.0,0.001,0.006,"#000000,#000002,#020208",0,blank,
RwLOuuMSrWE,https://www.youtube.com/watch?v=RwLOuuMSrWE,CANDLE MAKING FOR BEGINNERS | How To Make Woodwick Candles,423.0,storyboard,46,367.13,375.11,7.98,https://youtu.be/RwLOuuMSrWE?t=367s,transition,aux,0,0.4,Blank/black padding.,,0,0.0,0.0,0.001,0.0,0.002,"#000000,#000003,#020202",0,blank,
RwLOuuMSrWE,https://www.youtube.com/watch?v=RwLOuuMSrWE,CANDLE MAKING FOR BEGINNERS | How To Make Woodwick Candles,423.0,storyboard,47,375.11,383.09,7.98,https://youtu.be/RwLOuuMSrWE?t=375s,transition,aux,0,0.4,Blank/black padding.,,0,0.0,0.0,0.0,0.001,0.009,"#000000,#040003,#0a0606",0,blank,
RwLOuuMSrWE,https://www.youtube.com/watch?v=RwLOuuMSrWE,CANDLE MAKING FOR BEGINNERS | How To Make Woodwick Candles,423.0,storyboard,48,383.09,391.08,7.99,https://youtu.be/RwLOuuMSrWE?t=383s,transition,aux,0,0.4,Blank/black padding.,,0,0.0,0.0,0.0,0.001,0.009,"#000000,#040003,#0a0606",0,blank,
RwLOuuMSrWE,https://www.youtube.com/watch?v=RwLOuuMSrWE,CANDLE MAKING FOR BEGINNERS | How To Make Woodwick Candles,423.0,storyboard,49,391.08,399.06,7.98,https://youtu.be/RwLOuuMSrWE?t=391s,transition,aux,0,0.4,Blank/black padding.,,0,0.0,0.0,0.0,0.001,0.009,"#000000,#040003,#0a0606",0,blank,
RwLOuuMSrWE,https://www.youtube.com/watch?v=RwLOuuMSrWE,CANDLE MAKING FOR BEGINNERS | How To Make Woodwick Candles,423.0,storyboard,50,399.06,407.04,7.98,https://youtu.be/RwLOuuMSrWE?t=399s,transition,aux,0,0.4,Blank/black padding.,,0,0.0,0.0,0.0,0.001,0.009,"#000000,#040003,#0a0606",0,blank,
RwLOuuMSrWE,https://www.youtube.com/watch?v=RwLOuuMSrWE,CANDLE MAKING FOR BEGINNERS | How To Make Woodwick Candles,423.0,storyboard,51,407.04,415.02,7.98,https://youtu.be/RwLOuuMSrWE?t=407s,transition,aux,0,0.4,Blank/black padding.,,0,0.0,0.0,0.0,0.001,0.009,"#000000,#040003,#0a0606",0,blank,
RwLOuuMSrWE,https://www.youtube.com/watch?v=RwLOuuMSrWE,CANDLE MAKING FOR BEGINNERS | How To Make Woodwick Candles,423.0,storyboard,52,415.02,423.0,7.98,https://youtu.be/RwLOuuMSrWE?t=415s,transition,aux,0,0.4,Blank/black padding.,,0,0.0,0.0,0.0,0.001,0.009,"#000000,#040003,#0a0606",0,blank,
SVhIQ4pB5sc,https://www.youtube.com/watch?v=SVhIQ4pB5sc,How to Make Essential Oil Candles  - Aromatherapy Essential Oil Candle Making DIY,337.0,storyboard,38,304.9,312.93,8.03,https://youtu.be/SVhIQ4pB5sc?t=305s,transition,aux,0,0.4,Blank/black padding.,,0,0.0,0.003,0.004,0.003,0.004,"#000000,#040000,#070506",0,blank,
SVhIQ4pB5sc,https://www.youtube.com/watch?v=SVhIQ4pB5sc,How to Make Essential Oil Candles  - Aromatherapy Essential Oil Candle Making DIY,337.0,storyboard,39,312.93,320.95,8.02,https://youtu.be/SVhIQ4pB5sc?t=313s,transition,aux,0,0.4,Blank/black padding.,,0,0.0,0.0,0.0,0.001,0.004,"#000000,#040000,#070506",0,blank,
SVhIQ4pB5sc,https://www.youtube.com/watch?v=SVhIQ4pB5sc,How to Make Essential Oil Candles  - Aromatherapy Essential Oil Candle Making DIY,337.0,storyboard,40,320.95,328.98,8.03,https://youtu.be/SVhIQ4pB5sc?t=321s,transition,aux,0,0.4,Blank/black padding.,,0,0.0,0.0,0.0,0.001,0.004,"#000000,#010000,#050000",0,blank,
SVhIQ4pB5sc,https://www.youtube.com/watch?v=SVhIQ4pB5sc,How to Make Essential Oil Candles  - Aromatherapy Essential Oil Candle Making DIY,337.0,storyboard,41,328.98,337.0,8.02,https://youtu.be/SVhIQ4pB5sc?t=329s,transition,aux,0,0.4,Blank/black padding.,,0,0.0,0.0,0.0,0.001,0.004,"#000000,#010000,#050000",0,blank,
SWQm4eoR8Uk,https://www.youtube.com/watch?v=SWQm4eoR8Uk,AU Wax Melters Electric Double Boilers Episode 5 Whats good to know about Wax Melters,223.0,storyboard,25,199.11,207.07,7.96,https://youtu.be/SWQm4eoR8Uk?t=199s,transition,aux,0,0.5,Blank / near-black frame (auto-detected).,,0,0.0,0.0,0.001,0.001,0.003,"#000000,#010104,#06070a",0,blank,
SWQm4eoR8Uk,https://www.youtube.com/watch?v=SWQm4eoR8Uk,AU Wax Melters Electric Double Boilers Episode 5 Whats good to know about Wax Melters,223.0,storyboard,26,207.07,215.04,7.97,https://youtu.be/SWQm4eoR8Uk?t=207s,transition,aux,0,0.5,Blank / near-black frame (auto-detected).,,0,0.0,0.0,0.0,0.0,0.0,"#000000,#020202,#050505",0,blank,
SWQm4eoR8Uk,https://www.youtube.com/watch?v=SWQm4eoR8Uk,AU Wax Melters Electric Double Boilers Episode 5 Whats good to know about Wax Melters,223.0,storyboard,27,215.04,223.0,7.96,https://youtu.be/SWQm4eoR8Uk?t=215s,transition,aux,0,0.5,Blank / near-black frame (auto-detected).,,0,0.0,0.0,0.0,0.0,0.0,"#000000,#020202,#080808",0,blank,
Sxy3vnXEe6I,https://www.youtube.com/watch?v=Sxy3vnXEe6I,Studio Vlog | Bulk Order Iced Coffee Candle | Make Candles with Me,533.0,storyboard,38,302.3,310.25,7.95,https://youtu.be/Sxy3vnXEe6I?t=302s,transition,aux,0,0.6,Folding boxes & packing candles for shipping.,me eaey ie. ne see,1,1.0,0.047,0.035,0.564,0.093,"#9f8f8a,#6c6457,#bfbbd0",0,talking_head,
Sxy3vnXEe6I,https://www.youtube.com/watch?v=Sxy3vnXEe6I,Studio Vlog | Bulk Order Iced Coffee Candle | Make Candles with Me,533.0,storyboard,39,310.25,318.21,7.96,https://youtu.be/Sxy3vnXEe6I?t=310s,transition,aux,0,0.6,Folding boxes & packing candles for shipping.,yw 4 Tel Cal mn ae eax an 3 ai eo Se yy peo XY NX yo at ae FNS Sn ae,1,0.0,0.032,0.0,0.633,0.096,"#aa9791,#d0cae6,#7e6e5f",0,text_overlay,
Sxy3vnXEe6I,https://www.youtube.com/watch?v=Sxy3vnXEe6I,Studio Vlog | Bulk Order Iced Coffee Candle | Make Candles with Me,533.0,storyboard,40,318.21,326.16,7.95,https://youtu.be/Sxy3vnXEe6I?t=318s,transition,aux,0,0.6,Folding boxes & packing candles for shipping.,7 oa 7 ary iF 4 cS ne ip Ys 7 eo Ver oe 3 ie,1,0.0,0.033,0.073,0.596,0.098,"#c3bed7,#9d8c85,#786756",1,,
Sxy3vnXEe6I,https://www.youtube.com/watch?v=Sxy3vnXEe6I,Studio Vlog | Bulk Order Iced Coffee Candle | Make Candles with Me,533.0,storyboard,41,326.16,334.12,7.96,https://youtu.be/Sxy3vnXEe6I?t=326s,transition,aux,0,0.6,Folding boxes & packing candles for shipping.,aes Zs 4 ms FE eae 4 Ns 4 weer ae cS fe FA te 3 Pa. 4 Way Bw Be oe Fat ah es rs,1,0.0,0.02,0.061,0.574,0.09,"#766656,#9e8f8e,#c6c0d9",1,,
Sxy3vnXEe6I,https://www.youtube.com/watch?v=Sxy3vnXEe6I,Studio Vlog | Bulk Order Iced Coffee Candle | Make Candles with Me,533.0,storyboard,42,334.12,342.07,7.95,https://youtu.be/Sxy3vnXEe6I?t=334s,transition,aux,0,0.6,Folding boxes & packing candles for shipping.,"mae. 2 4 4 4 ah eee vA nes oe ty an ee 7 me Fis ts an ce, 2 Nese iss im Oe pa 2 ra Se, 7 ee ieee fi ail eta 74 tis 7 al",1,0.0,0.025,0.0,0.607,0.094,"#a79696,#7a6f63,#c8c6e4",0,text_overlay,
Sxy3vnXEe6I,https://www.youtube.com/watch?v=Sxy3vnXEe6I,Studio Vlog | Bulk Order Iced Coffee Candle | Make Candles with Me,533.0,storyboard,43,342.07,350.03,7.96,https://youtu.be/Sxy3vnXEe6I?t=342s,transition,aux,0,0.6,Folding boxes & packing candles for shipping.,4 ath ant pian 5 Vs sa VL Rat ir ar ow hp Necks iss Ae Up fs 2 4 ms 7 be Cav al ry,1,0.0,0.034,0.05,0.616,0.095,"#a39291,#c9c7e5,#756a5e",1,,
Sxy3vnXEe6I,https://www.youtube.com/watch?v=Sxy3vnXEe6I,Studio Vlog | Bulk Order Iced Coffee Candle | Make Candles with Me,533.0,storyboard,44,350.03,357.99,7.96,https://youtu.be/Sxy3vnXEe6I?t=350s,transition,aux,0,0.6,Folding boxes & packing candles for shipping.,Ae el are: se dilas BN ae ev Geet ae ie yo es aa Yes? ei,1,0.0,0.038,0.033,0.62,0.096,"#a08f8a,#cbcae7,#71675a",1,,
Sxy3vnXEe6I,https://www.youtube.com/watch?v=Sxy3vnXEe6I,Studio Vlog | Bulk Order Iced Coffee Candle | Make Candles with Me,533.0,storyboard,45,357.99,365.94,7.95,https://youtu.be/Sxy3vnXEe6I?t=358s,transition,aux,0,0.6,Folding boxes & packing candles for shipping.,dinin .tep ey OM fF te rg ag 7 it ay oe ee Ph te See,1,0.0,0.035,0.0,0.601,0.096,"#a69592,#796f62,#cdcce8",0,text_overlay,
Sxy3vnXEe6I,https://www.youtube.com/watch?v=Sxy3vnXEe6I,Studio Vlog | Bulk Order Iced Coffee Candle | Make Candles with Me,533.0,storyboard,46,365.94,373.9,7.96,https://youtu.be/Sxy3vnXEe6I?t=366s,transition,aux,0,0.6,Folding boxes & packing candles for shipping.,"Le Fs Ay Wy Ee ee DH yy ce 3 os cs 5 pieeee iL, kes oe",1,0.0,0.041,0.07,0.615,0.105,"#a38e87,#cfcde8,#706152",1,,
Sxy3vnXEe6I,https://www.youtube.com/watch?v=Sxy3vnXEe6I,Studio Vlog | Bulk Order Iced Coffee Candle | Make Candles with Me,533.0,storyboard,47,373.9,381.85,7.95,https://youtu.be/Sxy3vnXEe6I?t=374s,transition,aux,0,0.6,Folding boxes & packing candles for shipping.,7 4 DA WE Se Rae,1,0.0,0.033,0.0,0.638,0.098,"#ad9a9c,#817264,#d5d3ee",1,,
Sxy3vnXEe6I,https://www.youtube.com/watch?v=Sxy3vnXEe6I,Studio Vlog | Bulk Order Iced Coffee Candle | Make Candles with Me,533.0,storyboard,48,381.85,389.81,7.96,https://youtu.be/Sxy3vnXEe6I?t=382s,transition,aux,0,0.6,Folding boxes & packing candles for shipping.,"4 2 oe Pi Vi 4 eI ae oy, EN ny ee es ee",1,0.0,0.036,0.086,0.595,0.101,"#a28d88,#cccbe8,#6f6256",1,,
Sxy3vnXEe6I,https://www.youtube.com/watch?v=Sxy3vnXEe6I,Studio Vlog | Bulk Order Iced Coffee Candle | Make Candles with Me,533.0,storyboard,49,389.81,397.76,7.95,https://youtu.be/Sxy3vnXEe6I?t=390s,transition,aux,0,0.6,Folding boxes & packing candles for shipping.,yy by 4 Ri ae feat 4 4 SS ot seer? 4,1,0.0,0.042,0.084,0.598,0.092,"#716556,#c9c7e5,#9a8c89",1,,
Sxy3vnXEe6I,https://www.youtube.com/watch?v=Sxy3vnXEe6I,Studio Vlog | Bulk Order Iced Coffee Candle | Make Candles with Me,533.0,storyboard,50,397.76,405.72,7.96,https://youtu.be/Sxy3vnXEe6I?t=398s,transition,aux,0,0.6,Folding boxes & packing candles for shipping.,7 iy Gg Pt Bea. ASS eee,1,0.0,0.039,0.0,0.557,0.098,"#8d796f,#c1bed9,#5d5444",1,,
Sxy3vnXEe6I,https://www.youtube.com/watch?v=Sxy3vnXEe6I,Studio Vlog | Bulk Order Iced Coffee Candle | Make Candles with Me,533.0,storyboard,51,405.72,413.67,7.95,https://youtu.be/Sxy3vnXEe6I?t=406s,transition,aux,0,0.6,Folding boxes & packing candles for shipping.,piamb we. wit,1,0.5,0.04,0.083,0.57,0.103,"#c7c1db,#917d75,#645947",0,talking_head,
Sxy3vnXEe6I,https://www.youtube.com/watch?v=Sxy3vnXEe6I,Studio Vlog | Bulk Order Iced Coffee Candle | Make Candles with Me,533.0,storyboard,52,413.67,421.63,7.96,https://youtu.be/Sxy3vnXEe6I?t=414s,transition,aux,0,0.6,Folding boxes & packing candles for shipping.,"UR re eas, 2",1,0.0,0.032,0.0,0.587,0.093,"#bfbad1,#6d5f4f,#927d78",1,,
Sxy3vnXEe6I,https://www.youtube.com/watch?v=Sxy3vnXEe6I,Studio Vlog | Bulk Order Iced Coffee Candle | Make Candles with Me,533.0,storyboard,53,421.63,429.58,7.95,https://youtu.be/Sxy3vnXEe6I?t=422s,transition,aux,0,0.6,Folding boxes & packing candles for shipping.,as 7 7,0,0.0,0.063,0.127,0.596,0.078,"#bab2c7,#746250,#918688",1,,
Sxy3vnXEe6I,https://www.youtube.com/watch?v=Sxy3vnXEe6I,Studio Vlog | Bulk Order Iced Coffee Candle | Make Candles with Me,533.0,storyboard,54,429.58,437.54,7.96,https://youtu.be/Sxy3vnXEe6I?t=430s,transition,aux,0,0.6,Folding boxes & packing candles for shipping.,,0,0.0,0.004,0.219,0.584,0.098,"#645442,#9d897f,#baadb7",1,,
Sxy3vnXEe6I,https://www.youtube.com/watch?v=Sxy3vnXEe6I,Studio Vlog | Bulk Order Iced Coffee Candle | Make Candles with Me,533.0,storyboard,55,437.54,445.49,7.95,https://youtu.be/Sxy3vnXEe6I?t=438s,transition,aux,0,0.6,Folding boxes & packing candles for shipping.,,0,0.0,0.005,0.0,0.606,0.106,"#c9bbc7,#866a55,#a79699",1,,
Sxy3vnXEe6I,https://www.youtube.com/watch?v=Sxy3vnXEe6I,Studio Vlog | Bulk Order Iced Coffee Candle | Make Candles with Me,533.0,storyboard,56,445.49,453.45,7.96,https://youtu.be/Sxy3vnXEe6I?t=445s,transition,aux,0,0.6,Folding boxes & packing candles for shipping.,,0,0.0,0.004,0.102,0.554,0.097,"#aba0a7,#836d5d,#5f503f",1,,
Sxy3vnXEe6I,https://www.youtube.com/watch?v=Sxy3vnXEe6I,Studio Vlog | Bulk Order Iced Coffee Candle | Make Candles with Me,533.0,storyboard,57,453.45,461.4,7.95,https://youtu.be/Sxy3vnXEe6I?t=453s,transition,aux,0,0.6,Folding boxes & packing candles for shipping.,,0,0.0,0.004,0.0,0.565,0.101,"#7f6855,#a8938e,#bbb1c0",1,,
Sxy3vnXEe6I,https://www.youtube.com/watch?v=Sxy3vnXEe6I,Studio Vlog | Bulk Order Iced Coffee Candle | Make Candles with Me,533.0,storyboard,58,461.4,469.36,7.96,https://youtu.be/Sxy3vnXEe6I?t=461s,transition,aux,0,0.6,Folding boxes & packing candles for shipping.,,0,0.0,0.004,0.047,0.566,0.096,"#a79592,#786452,#bbbdda",1,,
Sxy3vnXEe6I,https://www.youtube.com/watch?v=Sxy3vnXEe6I,Studio Vlog | Bulk Order Iced Coffee Candle | Make Candles with Me,533.0,storyboard,59,469.36,477.31,7.95,https://youtu.be/Sxy3vnXEe6I?t=469s,transition,aux,0,0.6,Folding boxes & packing candles for shipping.,,0,0.0,0.006,0.07,0.561,0.093,"#a2928f,#73614d,#c1c3dd",1,,
Sxy3vnXEe6I,https://www.youtube.com/watch?v=Sxy3vnXEe6I,Studio Vlog | Bulk Order Iced Coffee Candle | Make Candles with Me,533.0,storyboard,60,477.31,485.27,7.96,https://youtu.be/Sxy3vnXEe6I?t=477s,transition,aux,0,0.6,Folding boxes & packing candles for shipping.,,0,0.0,0.004,0.0,0.526,0.089,"#9b8c89,#6e5b48,#c8cbe8",1,,
Sxy3vnXEe6I,https://www.youtube.com/watch?v=Sxy3vnXEe6I,Studio Vlog | Bulk Order Iced Coffee Candle | Make Candles with Me,533.0,storyboard,61,485.27,493.22,7.95,https://youtu.be/Sxy3vnXEe6I?t=485s,transition,aux,0,0.6,Folding boxes & packing candles for shipping.,,0,0.0,0.011,0.091,0.498,0.098,"#968074,#6e553c,#b6b2ca",1,,
Sxy3vnXEe6I,https://www.youtube.com/watch?v=Sxy3vnXEe6I,Studio Vlog | Bulk Order Iced Coffee Candle | Make Candles with Me,533.0,storyboard,62,493.22,501.18,7.96,https://youtu.be/Sxy3vnXEe6I?t=493s,transition,aux,0,0.6,Folding boxes & packing candles for shipping.,,0,0.0,0.014,0.072,0.524,0.106,"#907766,#6a5136,#b4a9bd",1,,
Sxy3vnXEe6I,https://www.youtube.com/watch?v=Sxy3vnXEe6I,Studio Vlog | Bulk Order Iced Coffee Candle | Make Candles with Me,533.0,storyboard,63,501.18,509.13,7.95,https://youtu.be/Sxy3vnXEe6I?t=501s,transition,aux,0,0.6,Folding boxes & packing candles for shipping.,,0,0.0,0.005,0.0,0.542,0.114,"#7c5f48,#a4928f,#c3bad3",1,,
Sxy3vnXEe6I,https://www.youtube.com/watch?v=Sxy3vnXEe6I,Studio Vlog | Bulk Order Iced Coffee Candle | Make Candles with Me,533.0,storyboard,64,509.13,517.09,7.96,https://youtu.be/Sxy3vnXEe6I?t=509s,transition,aux,0,0.6,Folding boxes & packing candles for shipping.,,0,0.0,0.005,0.071,0.535,0.107,"#9d8477,#c0beda,#70563b",1,,
Sxy3vnXEe6I,https://www.youtube.com/watch?v=Sxy3vnXEe6I,Studio Vlog | Bulk Order Iced Coffee Candle | Make Candles with Me,533.0,storyboard,65,517.09,525.04,7.95,https://youtu.be/Sxy3vnXEe6I?t=517s,transition,aux,0,0.6,Folding boxes & packing candles for shipping.,,0,0.0,0.0,0.0,0.0,0.002,"#000000,#000001,#010004",0,blank,
SzziH-bHCb0,https://www.youtube.com/watch?v=SzziH-bHCb0,Making Soy Wax Candles with Crackling Wooden Wicks,857.0,storyboard,106,848.99,857.0,8.01,https://youtu.be/SzziH-bHCb0?t=849s,transition,aux,0,0.4,Blank/black padding.,,0,0.0,0.0,0.0,0.0,0.003,"#000000,#010000,#000003",0,blank,
T5dzL3dyfeU,https://www.youtube.com/watch?v=T5dzL3dyfeU,"candle studio vlog | organizing inventory, packing orders, new candle molds, candle-making",643.0,storyboard,3,24.11,32.15,8.04,https://youtu.be/T5dzL3dyfeU?t=24s,transition,aux,0,0.5,Blank / near-black frame (auto-detected).,as,0,0.0,0.046,0.0,0.711,0.024,"#c1beb7,#e4e1de,#555451",0,blank,
T5dzL3dyfeU,https://www.youtube.com/watch?v=T5dzL3dyfeU,"candle studio vlog | organizing inventory, packing orders, new candle molds, candle-making",643.0,storyboard,16,128.6,136.64,8.04,https://youtu.be/T5dzL3dyfeU?t=129s,transition,aux,0,0.4,Packing the candles for shipping.,,0,0.0,0.021,0.163,0.618,0.056,"#d5d1b7,#595445,#a6a18d",1,,
T5dzL3dyfeU,https://www.youtube.com/watch?v=T5dzL3dyfeU,"candle studio vlog | organizing inventory, packing orders, new candle molds, candle-making",643.0,storyboard,17,136.64,144.67,8.03,https://youtu.be/T5dzL3dyfeU?t=137s,transition,aux,0,0.4,Packing the candles for shipping.,Were Le eee 3 al,1,0.0,0.056,0.114,0.602,0.076,"#8f8a76,#e2dec3,#362c22",1,,
T5dzL3dyfeU,https://www.youtube.com/watch?v=T5dzL3dyfeU,"candle studio vlog | organizing inventory, packing orders, new candle molds, candle-making",643.0,storyboard,18,144.67,152.71,8.04,https://youtu.be/T5dzL3dyfeU?t=145s,transition,aux,0,0.4,Packing the candles for shipping.,,0,0.0,0.033,0.141,0.647,0.095,"#9f927b,#e0dcc1,#473827",1,,
T5dzL3dyfeU,https://www.youtube.com/watch?v=T5dzL3dyfeU,"candle studio vlog | organizing inventory, packing orders, new candle molds, candle-making",643.0,storyboard,19,152.71,160.75,8.04,https://youtu.be/T5dzL3dyfeU?t=153s,transition,aux,0,0.4,Packing the candles for shipping.,,0,0.0,0.035,0.0,0.622,0.084,"#9e937d,#e7e3c7,#3f3023",1,,
T5dzL3dyfeU,https://www.youtube.com/watch?v=T5dzL3dyfeU,"candle studio vlog | organizing inventory, packing orders, new candle molds, candle-making",643.0,storyboard,20,160.75,168.79,8.04,https://youtu.be/T5dzL3dyfeU?t=161s,transition,aux,0,0.4,Packing the candles for shipping.,,0,0.0,0.02,0.155,0.623,0.093,"#ded9be,#8b7b66,#4c3020",1,,
T5dzL3dyfeU,https://www.youtube.com/watch?v=T5dzL3dyfeU,"candle studio vlog | organizing inventory, packing orders, new candle molds, candle-making",643.0,storyboard,21,168.79,176.82,8.03,https://youtu.be/T5dzL3dyfeU?t=169s,transition,aux,0,0.4,Packing the candles for shipping.,Pas,0,0.0,0.018,0.112,0.624,0.089,"#e0dbc0,#9a917b,#5b5040",1,,
T5dzL3dyfeU,https://www.youtube.com/watch?v=T5dzL3dyfeU,"candle studio vlog | organizing inventory, packing orders, new candle molds, candle-making",643.0,storyboard,22,176.82,184.86,8.04,https://youtu.be/T5dzL3dyfeU?t=177s,transition,aux,0,0.4,Packing the candles for shipping.,ae,0,0.0,0.02,0.113,0.616,0.092,"#d5d0b5,#817561,#38261a",1,,
T5dzL3dyfeU,https://www.youtube.com/watch?v=T5dzL3dyfeU,"candle studio vlog | organizing inventory, packing orders, new candle molds, candle-making",643.0,storyboard,23,184.86,192.9,8.04,https://youtu.be/T5dzL3dyfeU?t=185s,transition,aux,0,0.4,Packing the candles for shipping.,,0,0.0,0.027,0.142,0.645,0.067,"#dad6bb,#85806c,#2f261a",1,,
T5dzL3dyfeU,https://www.youtube.com/watch?v=T5dzL3dyfeU,"candle studio vlog | organizing inventory, packing orders, new candle molds, candle-making",643.0,storyboard,29,233.09,241.12,8.03,https://youtu.be/T5dzL3dyfeU?t=233s,transition,aux,0,0.6,Laptop order screens / bubble-wrap packing for shipping.,,0,0.0,0.101,0.038,0.54,0.093,"#928a77,#e1dec3,#382e28",1,,
T5dzL3dyfeU,https://www.youtube.com/watch?v=T5dzL3dyfeU,"candle studio vlog | organizing inventory, packing orders, new candle molds, candle-making",643.0,storyboard,30,241.12,249.16,8.04,https://youtu.be/T5dzL3dyfeU?t=241s,transition,aux,0,0.6,Laptop order screens / bubble-wrap packing for shipping.,4 wee ee Am ee Oe eee en,1,0.0,0.093,0.244,0.59,0.07,"#e5dfce,#8b8274,#37332e",1,,
T5dzL3dyfeU,https://www.youtube.com/watch?v=T5dzL3dyfeU,"candle studio vlog | organizing inventory, packing orders, new candle molds, candle-making",643.0,storyboard,31,249.16,257.2,8.04,https://youtu.be/T5dzL3dyfeU?t=249s,transition,aux,0,0.6,Laptop order screens / bubble-wrap packing for shipping.,28 7 em 7,1,0.0,0.043,0.224,0.591,0.083,"#e4dfcf,#3a3834,#918b7c",1,,
T5dzL3dyfeU,https://www.youtube.com/watch?v=T5dzL3dyfeU,"candle studio vlog | organizing inventory, packing orders, new candle molds, candle-making",643.0,storyboard,32,257.2,265.24,8.04,https://youtu.be/T5dzL3dyfeU?t=257s,transition,aux,0,0.6,Laptop order screens / bubble-wrap packing for shipping.,he,0,0.0,0.135,0.147,0.507,0.129,"#917d6a,#473a2f,#d3c9b1",1,,
T5dzL3dyfeU,https://www.youtube.com/watch?v=T5dzL3dyfeU,"candle studio vlog | organizing inventory, packing orders, new candle molds, candle-making",643.0,storyboard,33,265.24,273.27,8.03,https://youtu.be/T5dzL3dyfeU?t=265s,transition,aux,0,0.6,Laptop order screens / bubble-wrap packing for shipping.,he,0,0.0,0.071,0.109,0.517,0.094,"#9a8e7a,#413932,#dbd1b7",1,,
T5dzL3dyfeU,https://www.youtube.com/watch?v=T5dzL3dyfeU,"candle studio vlog | organizing inventory, packing orders, new candle molds, candle-making",643.0,storyboard,34,273.27,281.31,8.04,https://youtu.be/T5dzL3dyfeU?t=273s,transition,aux,0,0.6,Laptop order screens / bubble-wrap packing for shipping.,ite Wd 4 ot fo te Taek mn on omens Seng od weeny bam ay vend be,1,0.0,0.094,0.124,0.513,0.099,"#473e36,#d7cfb6,#908572",1,,
T5dzL3dyfeU,https://www.youtube.com/watch?v=T5dzL3dyfeU,"candle studio vlog | organizing inventory, packing orders, new candle molds, candle-making",643.0,storyboard,35,281.31,289.35,8.04,https://youtu.be/T5dzL3dyfeU?t=281s,transition,aux,0,0.6,Laptop order screens / bubble-wrap packing for shipping.,,0,0.0,0.065,0.0,0.526,0.087,"#413730,#d8d0b5,#968d7a",1,,
T5dzL3dyfeU,https://www.youtube.com/watch?v=T5dzL3dyfeU,"candle studio vlog | organizing inventory, packing orders, new candle molds, candle-making",643.0,storyboard,36,289.35,297.39,8.04,https://youtu.be/T5dzL3dyfeU?t=289s,transition,aux,0,0.6,Laptop order screens / bubble-wrap packing for shipping.,ese,0,0.0,0.068,0.126,0.522,0.081,"#a8a089,#3e3934,#e5dec2",1,,
T5dzL3dyfeU,https://www.youtube.com/watch?v=T5dzL3dyfeU,"candle studio vlog | organizing inventory, packing orders, new candle molds, candle-making",643.0,storyboard,37,297.39,305.43,8.04,https://youtu.be/T5dzL3dyfeU?t=297s,transition,aux,0,0.6,Laptop order screens / bubble-wrap packing for shipping.,,0,0.0,0.036,0.245,0.512,0.121,"#cab89a,#81634b,#382c1e",1,,
T5dzL3dyfeU,https://www.youtube.com/watch?v=T5dzL3dyfeU,"candle studio vlog | organizing inventory, packing orders, new candle molds, candle-making",643.0,storyboard,40,321.5,329.54,8.04,https://youtu.be/T5dzL3dyfeU?t=322s,transition,aux,0,0.6,Laptop order screens / bubble-wrap packing for shipping.,Md 2 oa Nene te eet Ai me bee ope en eee ee,1,0.0,0.011,0.211,0.604,0.072,"#978f76,#d2c5a6,#130c06",1,,
T5dzL3dyfeU,https://www.youtube.com/watch?v=T5dzL3dyfeU,"candle studio vlog | organizing inventory, packing orders, new candle molds, candle-making",643.0,storyboard,41,329.54,337.58,8.04,https://youtu.be/T5dzL3dyfeU?t=330s,transition,aux,0,0.6,Laptop order screens / bubble-wrap packing for shipping.,Beis San 2,1,0.0,0.013,0.111,0.551,0.064,"#8c856f,#ded3b7,#403528",1,,
T5dzL3dyfeU,https://www.youtube.com/watch?v=T5dzL3dyfeU,"candle studio vlog | organizing inventory, packing orders, new candle molds, candle-making",643.0,storyboard,42,337.58,345.61,8.03,https://youtu.be/T5dzL3dyfeU?t=338s,transition,aux,0,0.6,Laptop order screens / bubble-wrap packing for shipping.,os,0,0.0,0.104,0.067,0.533,0.068,"#6d6551,#958d76,#ded1b6",1,,
T5dzL3dyfeU,https://www.youtube.com/watch?v=T5dzL3dyfeU,"candle studio vlog | organizing inventory, packing orders, new candle molds, candle-making",643.0,storyboard,43,345.61,353.65,8.04,https://youtu.be/T5dzL3dyfeU?t=346s,transition,aux,0,0.6,Laptop order screens / bubble-wrap packing for shipping.,,0,0.0,0.076,0.0,0.625,0.069,"#e0d0b5,#8a806b,#5c5643",1,,
T5dzL3dyfeU,https://www.youtube.com/watch?v=T5dzL3dyfeU,"candle studio vlog | organizing inventory, packing orders, new candle molds, candle-making",643.0,storyboard,44,353.65,361.69,8.04,https://youtu.be/T5dzL3dyfeU?t=354s,transition,aux,0,0.6,Laptop order screens / bubble-wrap packing for shipping.,ie,0,0.0,0.056,0.055,0.591,0.068,"#d0c0a7,#7e7460,#444130",1,,
T5dzL3dyfeU,https://www.youtube.com/watch?v=T5dzL3dyfeU,"candle studio vlog | organizing inventory, packing orders, new candle molds, candle-making",643.0,storyboard,45,361.69,369.73,8.04,https://youtu.be/T5dzL3dyfeU?t=362s,transition,aux,0,0.6,Laptop order screens / bubble-wrap packing for shipping.,,0,0.0,0.048,0.148,0.607,0.071,"#c6b59c,#6d6552,#453f30",1,,
T5dzL3dyfeU,https://www.youtube.com/watch?v=T5dzL3dyfeU,"candle studio vlog | organizing inventory, packing orders, new candle molds, candle-making",643.0,storyboard,46,369.73,377.76,8.03,https://youtu.be/T5dzL3dyfeU?t=370s,transition,aux,0,0.6,Laptop order screens / bubble-wrap packing for shipping.,ms 7,0,0.0,0.028,0.199,0.508,0.071,"#9a8e72,#d1c6a8,#594d38",1,,
T5dzL3dyfeU,https://www.youtube.com/watch?v=T5dzL3dyfeU,"candle studio vlog | organizing inventory, packing orders, new candle molds, candle-making",643.0,storyboard,47,377.76,385.8,8.04,https://youtu.be/T5dzL3dyfeU?t=378s,transition,aux,0,0.6,Laptop order screens / bubble-wrap packing for shipping.,,0,0.0,0.062,0.227,0.533,0.074,"#988e71,#dad1af,#60543c",1,,
T5dzL3dyfeU,https://www.youtube.com/watch?v=T5dzL3dyfeU,"candle studio vlog | organizing inventory, packing orders, new candle molds, candle-making",643.0,storyboard,48,385.8,393.84,8.04,https://youtu.be/T5dzL3dyfeU?t=386s,transition,aux,0,0.6,Laptop order screens / bubble-wrap packing for shipping.,,0,0.0,0.026,0.309,0.523,0.074,"#a59e7f,#342e1c,#e7dcbb",1,,
T5dzL3dyfeU,https://www.youtube.com/watch?v=T5dzL3dyfeU,"candle studio vlog | organizing inventory, packing orders, new candle molds, candle-making",643.0,storyboard,49,393.84,401.88,8.04,https://youtu.be/T5dzL3dyfeU?t=394s,transition,aux,0,0.6,Laptop order screens / bubble-wrap packing for shipping.,oat 6 Cl,1,0.5,0.052,0.218,0.564,0.111,"#553b23,#94815e,#e5d6b0",0,talking_head,
T5dzL3dyfeU,https://www.youtube.com/watch?v=T5dzL3dyfeU,"candle studio vlog | organizing inventory, packing orders, new candle molds, candle-making",643.0,storyboard,50,401.88,409.91,8.03,https://youtu.be/T5dzL3dyfeU?t=402s,transition,aux,0,0.6,Laptop order screens / bubble-wrap packing for shipping.,ee,0,0.0,0.094,0.153,0.58,0.103,"#d3c399,#8f805a,#554426",1,,
T5dzL3dyfeU,https://www.youtube.com/watch?v=T5dzL3dyfeU,"candle studio vlog | organizing inventory, packing orders, new candle molds, candle-making",643.0,storyboard,51,409.91,417.95,8.04,https://youtu.be/T5dzL3dyfeU?t=410s,transition,aux,0,0.6,Laptop order screens / bubble-wrap packing for shipping.,2.,0,0.0,0.087,0.0,0.541,0.128,"#5d3b23,#a9936b,#f1e5bf",1,,
T5dzL3dyfeU,https://www.youtube.com/watch?v=T5dzL3dyfeU,"candle studio vlog | organizing inventory, packing orders, new candle molds, candle-making",643.0,storyboard,52,417.95,425.99,8.04,https://youtu.be/T5dzL3dyfeU?t=418s,transition,aux,0,0.6,Laptop order screens / bubble-wrap packing for shipping.,Fs Se Ji Oe,1,0.0,0.139,0.215,0.534,0.148,"#89775c,#d9c8a9,#542f18",1,,
T5dzL3dyfeU,https://www.youtube.com/watch?v=T5dzL3dyfeU,"candle studio vlog | organizing inventory, packing orders, new candle molds, candle-making",643.0,storyboard,53,425.99,434.03,8.04,https://youtu.be/T5dzL3dyfeU?t=426s,transition,aux,0,0.6,Laptop order screens / bubble-wrap packing for shipping.,,0,0.0,0.109,0.114,0.505,0.169,"#8a7559,#d3c2a3,#532f17",1,,
T5dzL3dyfeU,https://www.youtube.com/watch?v=T5dzL3dyfeU,"candle studio vlog | organizing inventory, packing orders, new candle molds, candle-making",643.0,storyboard,54,434.03,442.06,8.03,https://youtu.be/T5dzL3dyfeU?t=434s,transition,aux,0,0.6,Laptop order screens / bubble-wrap packing for shipping.,3,0,0.0,0.14,0.211,0.457,0.193,"#7a6045,#50240f,#c2b192",1,,
T5dzL3dyfeU,https://www.youtube.com/watch?v=T5dzL3dyfeU,"candle studio vlog | organizing inventory, packing orders, new candle molds, candle-making",643.0,storyboard,55,442.06,450.1,8.04,https://youtu.be/T5dzL3dyfeU?t=442s,transition,aux,0,0.6,Laptop order screens / bubble-wrap packing for shipping.,ae 7 za Mae,1,0.0,0.13,0.193,0.443,0.211,"#886c51,#4f2f19,#d2c0a3",1,,
T5dzL3dyfeU,https://www.youtube.com/watch?v=T5dzL3dyfeU,"candle studio vlog | organizing inventory, packing orders, new candle molds, candle-making",643.0,storyboard,56,450.1,458.14,8.04,https://youtu.be/T5dzL3dyfeU?t=450s,transition,aux,0,0.6,Laptop order screens / bubble-wrap packing for shipping.,ae,0,0.0,0.072,0.192,0.462,0.192,"#988561,#c4b28c,#5f361d",1,,
T5dzL3dyfeU,https://www.youtube.com/watch?v=T5dzL3dyfeU,"candle studio vlog | organizing inventory, packing orders, new candle molds, candle-making",643.0,storyboard,57,458.14,466.18,8.04,https://youtu.be/T5dzL3dyfeU?t=458s,transition,aux,0,0.6,Laptop order screens / bubble-wrap packing for shipping.,ae,0,0.0,0.102,0.204,0.473,0.178,"#745d46,#bea482,#542e1b",1,,
T5dzL3dyfeU,https://www.youtube.com/watch?v=T5dzL3dyfeU,"candle studio vlog | organizing inventory, packing orders, new candle molds, candle-making",643.0,storyboard,58,466.18,474.21,8.03,https://youtu.be/T5dzL3dyfeU?t=466s,transition,aux,0,0.6,Laptop order screens / bubble-wrap packing for shipping.,,0,0.0,0.093,0.198,0.482,0.174,"#a08965,#cab58e,#6a3e22",1,,
T5dzL3dyfeU,https://www.youtube.com/watch?v=T5dzL3dyfeU,"candle studio vlog | organizing inventory, packing orders, new candle molds, candle-making",643.0,storyboard,59,474.21,482.25,8.04,https://youtu.be/T5dzL3dyfeU?t=474s,transition,aux,0,0.6,Laptop order screens / bubble-wrap packing for shipping.,4,0,0.0,0.097,0.0,0.557,0.111,"#ad9a72,#d6c39a,#4c2d19",1,,
T5dzL3dyfeU,https://www.youtube.com/watch?v=T5dzL3dyfeU,"candle studio vlog | organizing inventory, packing orders, new candle molds, candle-making",643.0,storyboard,60,482.25,490.29,8.04,https://youtu.be/T5dzL3dyfeU?t=482s,transition,aux,0,0.6,Laptop order screens / bubble-wrap packing for shipping.,SS. an,0,0.0,0.07,0.138,0.561,0.102,"#a08d67,#d1be93,#47321c",1,,
T5dzL3dyfeU,https://www.youtube.com/watch?v=T5dzL3dyfeU,"candle studio vlog | organizing inventory, packing orders, new candle molds, candle-making",643.0,storyboard,61,490.29,498.33,8.04,https://youtu.be/T5dzL3dyfeU?t=490s,transition,aux,0,0.6,Laptop order screens / bubble-wrap packing for shipping.,,0,0.0,0.033,0.112,0.565,0.113,"#d5c194,#ad976c,#482a15",1,,
T5dzL3dyfeU,https://www.youtube.com/watch?v=T5dzL3dyfeU,"candle studio vlog | organizing inventory, packing orders, new candle molds, candle-making",643.0,storyboard,62,498.33,506.36,8.03,https://youtu.be/T5dzL3dyfeU?t=498s,transition,aux,0,0.6,Laptop order screens / bubble-wrap packing for shipping.,ee,0,0.0,0.061,0.098,0.563,0.106,"#b09d76,#d8c59b,#503119",1,,
T5dzL3dyfeU,https://www.youtube.com/watch?v=T5dzL3dyfeU,"candle studio vlog | organizing inventory, packing orders, new candle molds, candle-making",643.0,storyboard,63,506.36,514.4,8.04,https://youtu.be/T5dzL3dyfeU?t=506s,transition,aux,0,0.6,Laptop order screens / bubble-wrap packing for shipping.,ars,0,0.0,0.046,0.237,0.556,0.109,"#897355,#d3bb93,#4a2b17",1,,
T5dzL3dyfeU,https://www.youtube.com/watch?v=T5dzL3dyfeU,"candle studio vlog | organizing inventory, packing orders, new candle molds, candle-making",643.0,storyboard,64,514.4,522.44,8.04,https://youtu.be/T5dzL3dyfeU?t=514s,transition,aux,0,0.6,Laptop order screens / bubble-wrap packing for shipping.,,0,0.0,0.034,0.119,0.608,0.109,"#d0bd91,#a8956f,#53341d",1,,
T5dzL3dyfeU,https://www.youtube.com/watch?v=T5dzL3dyfeU,"candle studio vlog | organizing inventory, packing orders, new candle molds, candle-making",643.0,storyboard,65,522.44,530.48,8.04,https://youtu.be/T5dzL3dyfeU?t=522s,transition,aux,0,0.6,Laptop order screens / bubble-wrap packing for shipping.,,0,0.0,0.028,0.234,0.58,0.129,"#bcab82,#583f28,#e4d2a9",1,,
T5dzL3dyfeU,https://www.youtube.com/watch?v=T5dzL3dyfeU,"candle studio vlog | organizing inventory, packing orders, new candle molds, candle-making",643.0,storyboard,66,530.48,538.51,8.03,https://youtu.be/T5dzL3dyfeU?t=530s,transition,aux,0,0.6,Laptop order screens / bubble-wrap packing for shipping.,yi,0,0.0,0.033,0.14,0.567,0.131,"#b19f77,#d7c59b,#432e1a",1,,
T5dzL3dyfeU,https://www.youtube.com/watch?v=T5dzL3dyfeU,"candle studio vlog | organizing inventory, packing orders, new candle molds, candle-making",643.0,storyboard,67,538.51,546.55,8.04,https://youtu.be/T5dzL3dyfeU?t=539s,transition,aux,0,0.6,Laptop order screens / bubble-wrap packing for shipping.,,0,0.0,0.016,0.0,0.52,0.141,"#d0bd93,#6a3f25,#251e0f",1,,
T5dzL3dyfeU,https://www.youtube.com/watch?v=T5dzL3dyfeU,"candle studio vlog | organizing inventory, packing orders, new candle molds, candle-making",643.0,storyboard,68,546.55,554.59,8.04,https://youtu.be/T5dzL3dyfeU?t=547s,transition,aux,0,0.6,Laptop order screens / bubble-wrap packing for shipping.,TAS Roa Wittens aot ne wel Pad eae,1,0.0,0.266,0.007,0.569,0.099,"#c9c5ba,#8c8072,#584635",0,text_overlay,
T5dzL3dyfeU,https://www.youtube.com/watch?v=T5dzL3dyfeU,"candle studio vlog | organizing inventory, packing orders, new candle molds, candle-making",643.0,storyboard,69,554.59,562.63,8.04,https://youtu.be/T5dzL3dyfeU?t=555s,transition,aux,0,0.6,Laptop order screens / bubble-wrap packing for shipping.,TAS Roe PWatehs aot 4 et aL Vike,1,0.0,0.276,0.0,0.568,0.098,"#c9c5ba,#8b7f71,#564534",0,text_overlay,
T5dzL3dyfeU,https://www.youtube.com/watch?v=T5dzL3dyfeU,"candle studio vlog | organizing inventory, packing orders, new candle molds, candle-making",643.0,storyboard,70,562.63,570.66,8.03,https://youtu.be/T5dzL3dyfeU?t=563s,transition,aux,0,0.6,Laptop order screens / bubble-wrap packing for shipping.,TAS Roe PWatehs aot 4 et aL Vike,1,0.0,0.276,0.0,0.568,0.098,"#cbc6bb,#8f8376,#5b4938",0,text_overlay,
T5dzL3dyfeU,https://www.youtube.com/watch?v=T5dzL3dyfeU,"candle studio vlog | organizing inventory, packing orders, new candle molds, candle-making",643.0,storyboard,71,570.66,578.7,8.04,https://youtu.be/T5dzL3dyfeU?t=571s,transition,aux,0,0.6,Laptop order screens / bubble-wrap packing for shipping.,TAS Roe PWatehs aot 4 et aL Vike,1,0.0,0.276,0.0,0.568,0.098,"#cbc6bb,#8f8376,#5b4938",0,text_overlay,
TNCR4em34hI,https://www.youtube.com/watch?v=TNCR4em34hI,DIY MINI ALTOIDS CANDLE [Prepping 365: #20],254.0,storyboard,28,222.25,230.19,7.94,https://youtu.be/TNCR4em34hI?t=222s,transition,aux,0,0.5,Blank / near-black frame (auto-detected).,,0,0.0,0.0,0.0,0.004,0.0,"#000000,#020202,#050505",0,blank,
TNCR4em34hI,https://www.youtube.com/watch?v=TNCR4em34hI,DIY MINI ALTOIDS CANDLE [Prepping 365: #20],254.0,storyboard,29,230.19,238.12,7.93,https://youtu.be/TNCR4em34hI?t=230s,transition,aux,0,0.5,Blank / near-black frame (auto-detected).,,0,0.0,0.0,0.0,0.004,0.0,"#000000,#020202,#050505",0,blank,
TNCR4em34hI,https://www.youtube.com/watch?v=TNCR4em34hI,DIY MINI ALTOIDS CANDLE [Prepping 365: #20],254.0,storyboard,30,238.12,246.06,7.94,https://youtu.be/TNCR4em34hI?t=238s,transition,aux,0,0.5,Blank / near-black frame (auto-detected).,,0,0.0,0.0,0.0,0.004,0.0,"#000000,#020202,#050505",0,blank,
TNCR4em34hI,https://www.youtube.com/watch?v=TNCR4em34hI,DIY MINI ALTOIDS CANDLE [Prepping 365: #20],254.0,storyboard,31,246.06,254.0,7.94,https://youtu.be/TNCR4em34hI?t=246s,transition,aux,0,0.5,Blank / near-black frame (auto-detected).,,0,0.0,0.0,0.0,0.004,0.0,"#000000,#020202,#050505",0,blank,
TYdTLOd4q4Y,https://www.youtube.com/watch?v=TYdTLOd4q4Y,Start Your Own Profitable Candle Making Business! How to make Candles at home #businessideas #candle,553.0,storyboard,10,80.14,88.16,8.02,https://youtu.be/TYdTLOd4q4Y?t=80s,transition,aux,0,0.4,'Candle Design and Presentation' caption.,,0,0.0,0.005,0.103,0.757,0.154,"#f6bcd1,#80553c,#bd997a",1,,description references on-screen text but OCR found none
TYdTLOd4q4Y,https://www.youtube.com/watch?v=TYdTLOd4q4Y,Start Your Own Profitable Candle Making Business! How to make Candles at home #businessideas #candle,553.0,storyboard,46,368.67,376.68,8.01,https://youtu.be/TYdTLOd4q4Y?t=369s,transition,aux,0,0.4,Website/Etsy listing screenshot.,"cawte 4 rt ay ss, eeene eeeee USD 2.02 USD Oe",1,0.0,0.073,0.057,0.831,0.178,"#f1b8cd,#efe9eb,#817063",1,,
TYdTLOd4q4Y,https://www.youtube.com/watch?v=TYdTLOd4q4Y,Start Your Own Profitable Candle Making Business! How to make Candles at home #businessideas #candle,553.0,storyboard,47,376.68,384.7,8.02,https://youtu.be/TYdTLOd4q4Y?t=377s,transition,aux,0,0.4,Online shop listings screenshot.,erece eeeee Wabaas use 42 0008 meee ot mae 8 ee ete Cee ute De weer Use 3.00 ad 7 2 een seen ut0 7245 USS SOS,1,0.0,0.09,0.0,0.82,0.169,"#f0b7cc,#f4e7e9,#877665",0,text_overlay,
TYdTLOd4q4Y,https://www.youtube.com/watch?v=TYdTLOd4q4Y,Start Your Own Profitable Candle Making Business! How to make Candles at home #businessideas #candle,553.0,storyboard,48,384.7,392.71,8.01,https://youtu.be/TYdTLOd4q4Y?t=385s,transition,aux,0,0.4,'Candle care' listing screenshots.,Cent al ee OF eee Studie collectiovi aaa aa,1,0.0,0.063,0.098,0.789,0.186,"#eeb7c9,#fae8ec,#69574c",1,,
TYdTLOd4q4Y,https://www.youtube.com/watch?v=TYdTLOd4q4Y,Start Your Own Profitable Candle Making Business! How to make Candles at home #businessideas #candle,553.0,storyboard,49,392.71,400.72,8.01,https://youtu.be/TYdTLOd4q4Y?t=393s,transition,aux,0,0.45,'Packing and Shipping' caption.,,0,0.0,0.028,0.13,0.745,0.145,"#f7bbd1,#574035,#aa9486",1,,description references on-screen text but OCR found none
TYdTLOd4q4Y,https://www.youtube.com/watch?v=TYdTLOd4q4Y,Start Your Own Profitable Candle Making Business! How to make Candles at home #businessideas #candle,553.0,storyboard,53,424.77,432.78,8.01,https://youtu.be/TYdTLOd4q4Y?t=425s,transition,aux,0,0.4,Packing boxes/tissue.,,0,0.0,0.015,0.104,0.74,0.159,"#f4bcd1,#baaeaa,#5f4438",1,,
TYdTLOd4q4Y,https://www.youtube.com/watch?v=TYdTLOd4q4Y,Start Your Own Profitable Candle Making Business! How to make Candles at home #businessideas #candle,553.0,storyboard,54,432.78,440.8,8.02,https://youtu.be/TYdTLOd4q4Y?t=433s,transition,aux,0,0.4,Boxing the candle for shipping.,,0,0.0,0.014,0.0,0.741,0.159,"#f0bdcf,#a37d6f,#432b27",1,,
TYdTLOd4q4Y,https://www.youtube.com/watch?v=TYdTLOd4q4Y,Start Your Own Profitable Candle Making Business! How to make Candles at home #businessideas #candle,553.0,storyboard,55,440.8,448.81,8.01,https://youtu.be/TYdTLOd4q4Y?t=441s,transition,aux,0,0.4,Packing the candle in a box.,,0,0.0,0.02,0.068,0.722,0.162,"#efbdce,#997e6f,#564138",1,,
TYdTLOd4q4Y,https://www.youtube.com/watch?v=TYdTLOd4q4Y,Start Your Own Profitable Candle Making Business! How to make Candles at home #businessideas #candle,553.0,storyboard,56,448.81,456.83,8.02,https://youtu.be/TYdTLOd4q4Y?t=449s,transition,aux,0,0.4,Wrapping/boxing the candle.,,0,0.0,0.007,0.117,0.701,0.164,"#f4bcce,#4d4846,#9a8776",1,,
TYdTLOd4q4Y,https://www.youtube.com/watch?v=TYdTLOd4q4Y,Start Your Own Profitable Candle Making Business! How to make Candles at home #businessideas #candle,553.0,storyboard,67,536.97,544.99,8.02,https://youtu.be/TYdTLOd4q4Y?t=537s,transition,aux,0,0.4,Blank/black padding.,,0,0.0,0.0,0.0,0.004,0.005,"#010101,#000201,#050102",0,blank,
TYdTLOd4q4Y,https://www.youtube.com/watch?v=TYdTLOd4q4Y,Start Your Own Profitable Candle Making Business! How to make Candles at home #businessideas #candle,553.0,storyboard,68,544.99,553.0,8.01,https://youtu.be/TYdTLOd4q4Y?t=545s,transition,aux,0,0.4,Blank/black padding.,,0,0.0,0.0,0.0,0.004,0.005,"#010101,#000201,#050102",0,blank,
TcpmRHRmLEA,https://www.youtube.com/watch?v=TcpmRHRmLEA,DIY CRAYON CANDLE - Home Decor - How To | SoCraftastic,297.0,storyboard,36,288.97,297.0,8.03,https://youtu.be/TcpmRHRmLEA?t=289s,transition,aux,0,0.5,Blank / near-black frame (auto-detected).,,0,0.0,0.0,0.0,0.0,0.004,"#000000,#000003,#030003",0,blank,
UH-OmRowiak,https://www.youtube.com/watch?v=UH-OmRowiak,Candle Making Process In Factory || How Candle Is Made,363.0,storyboard,3,24.2,32.27,8.07,https://youtu.be/UH-OmRowiak?t=24s,transition,aux,0,0.4,Factory floor / machinery b-roll.,iT ie oa ae ee Nj Fi 4 tay 8 4 be ier 3 zr are uP NI bay SS as es 2 4 sg 2 Na See 2,1,0.0,0.067,0.195,0.397,0.096,"#565c5d,#222a2d,#889092",1,,
UH-OmRowiak,https://www.youtube.com/watch?v=UH-OmRowiak,Candle Making Process In Factory || How Candle Is Made,363.0,storyboard,7,56.47,64.53,8.06,https://youtu.be/UH-OmRowiak?t=56s,transition,aux,0,0.5,"On-screen text card (auto-detected: static frame, OCR text). Text reads: 'ees pe iS Se hie ee Deen 5 ie Mi poh bom yr 7 ine 7 Ret eee as Fe ae cer te ee Awe ee 2. wae cut 8 4 Nw 7 te ys ee. od ad ay aS ll'.",ees pe iS Se hie ee Deen 5 ie Mi poh bom yr 7 ine 7 Ret eee as Fe ae cer te ee Awe ee 2. wae cut 8 4 Nw 7 te ys ee. od ad ay aS ll,1,0.0,0.072,0.0,0.42,0.055,"#616c6d,#9eadb2,#1e2424",0,text_overlay,
UH-OmRowiak,https://www.youtube.com/watch?v=UH-OmRowiak,Candle Making Process In Factory || How Candle Is Made,363.0,storyboard,11,88.73,96.8,8.07,https://youtu.be/UH-OmRowiak?t=89s,transition,aux,0,0.4,Factory floor / machinery b-roll.,Sig ee,0,0.0,0.031,0.299,0.519,0.104,"#a27c69,#4b3f38,#c1c4ca",1,,
UH-OmRowiak,https://www.youtube.com/watch?v=UH-OmRowiak,Candle Making Process In Factory || How Candle Is Made,363.0,storyboard,15,121.0,129.07,8.07,https://youtu.be/UH-OmRowiak?t=121s,transition,aux,0,0.4,Factory floor / machinery b-roll.,oa aera,0,0.0,0.069,0.214,0.444,0.159,"#4a4641,#a5b3bc,#095d92",1,,
UH-OmRowiak,https://www.youtube.com/watch?v=UH-OmRowiak,Candle Making Process In Factory || How Candle Is Made,363.0,storyboard,16,129.07,137.13,8.06,https://youtu.be/UH-OmRowiak?t=129s,transition,aux,0,0.4,Factory: rows of white candles formed in metal moulds.,Wt. wee hy ce OF oF al ee Pome as NS ee eer Oe hUehUOemlUTOUCUM,1,0.0,0.093,0.277,0.466,0.117,"#33302b,#b0b9be,#686766",1,,
UH-OmRowiak,https://www.youtube.com/watch?v=UH-OmRowiak,Candle Making Process In Factory || How Candle Is Made,363.0,storyboard,17,137.13,145.2,8.07,https://youtu.be/UH-OmRowiak?t=137s,transition,aux,0,0.5,"On-screen text card (auto-detected: static frame, OCR text). Text reads: 'et egy on 7 vat Se SSS sunt ae YY ee set on ae iti call Pd mS, 2 oe 7 pond 2 of ae'.","et egy on 7 vat Se SSS sunt ae YY ee set on ae iti call Pd mS, 2 oe 7 pond 2 of ae",1,0.0,0.183,0.0,0.375,0.1,"#32302b,#766557,#b1b9ba",0,text_overlay,
UH-OmRowiak,https://www.youtube.com/watch?v=UH-OmRowiak,Candle Making Process In Factory || How Candle Is Made,363.0,storyboard,18,145.2,153.27,8.07,https://youtu.be/UH-OmRowiak?t=145s,transition,aux,0,0.4,Workers demoulding/finishing the candles.,"SRN setae eee bee iy ET bid, mrs Ss Wage iy IIA, iy hiiy ae alas 2 nN ee DS ea AIGA",1,0.0,0.169,0.249,0.447,0.079,"#3b4243,#897d70,#b2baba",1,,
UH-OmRowiak,https://www.youtube.com/watch?v=UH-OmRowiak,Candle Making Process In Factory || How Candle Is Made,363.0,storyboard,19,153.27,161.33,8.06,https://youtu.be/UH-OmRowiak?t=153s,transition,aux,0,0.4,Factory floor / machinery b-roll.,"wo 2 antl See, OY ee nae Sa ASE ee",1,0.0,0.087,0.202,0.463,0.096,"#766a63,#433e39,#bba393",1,,
UH-OmRowiak,https://www.youtube.com/watch?v=UH-OmRowiak,Candle Making Process In Factory || How Candle Is Made,363.0,storyboard,22,177.47,185.53,8.06,https://youtu.be/UH-OmRowiak?t=177s,transition,aux,0,0.5,"On-screen text card (auto-detected: static frame, OCR text). Text reads: '7 ou ieee ide. Se oe ee, ee See, te. Prdemmer od neal Es OR ne oe om Gm Mae 2 7 nn ae oy ERE Nar Re ete woe 4 es Le es az, ea oe, ye Pe 4 at Wt ot'.","7 ou ieee ide. Se oe ee, ee See, te. Prdemmer od neal Es OR ne oe om Gm Mae 2 7 nn ae oy ERE Nar Re ete woe 4 es Le es az, ea oe, ye Pe 4 at Wt ot",1,0.0,0.074,0.0,0.415,0.098,"#6f5c4e,#a0a7a7,#332d27",0,text_overlay,
UH-OmRowiak,https://www.youtube.com/watch?v=UH-OmRowiak,Candle Making Process In Factory || How Candle Is Made,363.0,storyboard,23,185.53,193.6,8.07,https://youtu.be/UH-OmRowiak?t=186s,transition,aux,0,0.4,Factory floor / machinery b-roll.,an Bie if iy ie,1,0.0,0.087,0.282,0.362,0.148,"#b09383,#615852,#14283f",1,,
UH-OmRowiak,https://www.youtube.com/watch?v=UH-OmRowiak,Candle Making Process In Factory || How Candle Is Made,363.0,storyboard,27,217.8,225.87,8.07,https://youtu.be/UH-OmRowiak?t=218s,transition,aux,0,0.5,"On-screen text card (auto-detected: static frame, OCR text). Text reads: 'BE PRY ag an Wr wa Bogs ee oe, pagel Mae Ts ond tes NGG SSeS ee Ativan 5 Sy Se Pee es eel ae oy iy Stn: Mg Rs Re ee lm'.","BE PRY ag an Wr wa Bogs ee oe, pagel Mae Ts ond tes NGG SSeS ee Ativan 5 Sy Se Pee es eel ae oy iy Stn: Mg Rs Re ee lm",1,0.0,0.227,0.0,0.325,0.142,"#4b5a60,#2d2d2c,#aeb4af",0,text_overlay,
UH-OmRowiak,https://www.youtube.com/watch?v=UH-OmRowiak,Candle Making Process In Factory || How Candle Is Made,363.0,storyboard,31,250.07,258.13,8.06,https://youtu.be/UH-OmRowiak?t=250s,transition,aux,0,0.4,Factory floor / machinery b-roll.,st Goma nw Be ne ae aS 5 ae 7 os. ee se ee? oy 5,1,0.0,0.315,0.27,0.463,0.049,"#323f44,#909390,#cbd5d7",1,,
UH-OmRowiak,https://www.youtube.com/watch?v=UH-OmRowiak,Candle Making Process In Factory || How Candle Is Made,363.0,storyboard,32,258.13,266.2,8.07,https://youtu.be/UH-OmRowiak?t=258s,transition,aux,0,0.5,"On-screen text card (auto-detected: static frame, OCR text). Text reads: 'we Wrudermng of Mahseg as 9 ety ws oe gg 2 S&S eo oy 7'.",we Wrudermng of Mahseg as 9 ety ws oe gg 2 S&S eo oy 7,1,0.0,0.051,0.0,0.425,0.108,"#3b2e27,#7e6d61,#a8b0b4",0,text_overlay,
UH-OmRowiak,https://www.youtube.com/watch?v=UH-OmRowiak,Candle Making Process In Factory || How Candle Is Made,363.0,storyboard,35,282.33,290.4,8.07,https://youtu.be/UH-OmRowiak?t=282s,transition,aux,0,0.4,Factory floor / machinery b-roll.,MO ee Be We deews Mablog SS Soo ner os KS ey XX ov. SEE we Qo ry ae Mw Ae oO sae 4 Ki Re 0 ae,1,0.0,0.105,0.215,0.41,0.118,"#6b635f,#a2a1a0,#393535",1,,
UH-OmRowiak,https://www.youtube.com/watch?v=UH-OmRowiak,Candle Making Process In Factory || How Candle Is Made,363.0,storyboard,36,290.4,298.47,8.07,https://youtu.be/UH-OmRowiak?t=290s,transition,aux,0,0.4,Factory: rows of white candles formed in metal moulds.,Vetube Wri dows el Making ca 7 iy vag SS ij Pe 2 Ke sg,1,0.0,0.042,0.169,0.349,0.069,"#1e2425,#656357,#c7c0cb",1,,
UH-OmRowiak,https://www.youtube.com/watch?v=UH-OmRowiak,Candle Making Process In Factory || How Candle Is Made,363.0,storyboard,37,298.47,306.53,8.06,https://youtu.be/UH-OmRowiak?t=298s,transition,aux,0,0.5,"On-screen text card (auto-detected: static frame, OCR text). Text reads: 'rs oe ri 4 Pate IA it ey 2'.",rs oe ri 4 Pate IA it ey 2,1,0.0,0.027,0.0,0.437,0.065,"#2c3638,#868576,#d1cbd3",0,text_overlay,
UH-OmRowiak,https://www.youtube.com/watch?v=UH-OmRowiak,Candle Making Process In Factory || How Candle Is Made,363.0,storyboard,38,306.53,314.6,8.07,https://youtu.be/UH-OmRowiak?t=307s,transition,aux,0,0.7,Presenter talking to camera (auto-detected: frontal face).,ia tan Oa Der 18200 oo oil wo Ss vs 7 tm GocuU,1,0.5,0.054,0.19,0.363,0.075,"#565850,#212826,#9b9b94",0,talking_head,
UH-OmRowiak,https://www.youtube.com/watch?v=UH-OmRowiak,Candle Making Process In Factory || How Candle Is Made,363.0,storyboard,39,314.6,322.67,8.07,https://youtu.be/UH-OmRowiak?t=315s,transition,aux,0,0.4,Factory floor / machinery b-roll.,yO Yam ie 4 0 Se SS,1,0.0,0.042,0.189,0.409,0.087,"#8b827a,#2f302f,#b2afa8",1,,
UH-OmRowiak,https://www.youtube.com/watch?v=UH-OmRowiak,Candle Making Process In Factory || How Candle Is Made,363.0,storyboard,40,322.67,330.73,8.06,https://youtu.be/UH-OmRowiak?t=323s,transition,aux,0,0.5,Blank / near-black frame (auto-detected).,"Shree Bhagwati Traders Beripura Delhi Road Behind Era-Mall, Meerut Mob- 9758636971 8273974466",1,0.0,0.068,0.0,0.022,0.0,"#000000,#3b3b3b,#797979",0,blank,
UH-OmRowiak,https://www.youtube.com/watch?v=UH-OmRowiak,Candle Making Process In Factory || How Candle Is Made,363.0,storyboard,41,330.73,338.8,8.07,https://youtu.be/UH-OmRowiak?t=331s,transition,aux,0,0.5,Blank / near-black frame (auto-detected).,"Shree Bhagwati Traders Beripura Delhi Road Behind Era-Mall, Meerut Mob- 9758636971 8273974466",1,0.0,0.069,0.0,0.022,0.0,"#000000,#797979,#3b3b3b",0,blank,
UH-OmRowiak,https://www.youtube.com/watch?v=UH-OmRowiak,Candle Making Process In Factory || How Candle Is Made,363.0,storyboard,42,338.8,346.87,8.07,https://youtu.be/UH-OmRowiak?t=339s,transition,aux,0,0.5,Blank / near-black frame (auto-detected).,"Shree Bhagwati Traders Beripura Delhi Road Behind Era-Mall, Meerut Mob- 9758636971 8273974466",1,0.0,0.069,0.0,0.022,0.0,"#000000,#414141,#7d7d7d",0,blank,
UH-OmRowiak,https://www.youtube.com/watch?v=UH-OmRowiak,Candle Making Process In Factory || How Candle Is Made,363.0,storyboard,43,346.87,354.93,8.06,https://youtu.be/UH-OmRowiak?t=347s,transition,aux,0,0.5,Blank / near-black frame (auto-detected).,"Shree Bhagwati Traders Beripura Delhi Road Behind Era-Mall, Meerut Mob- 9758636971 8273974466",1,0.0,0.069,0.0,0.022,0.0,"#000000,#414141,#7d7d7d",0,blank,
UH-OmRowiak,https://www.youtube.com/watch?v=UH-OmRowiak,Candle Making Process In Factory || How Candle Is Made,363.0,storyboard,44,354.93,363.0,8.07,https://youtu.be/UH-OmRowiak?t=355s,transition,aux,0,0.5,Blank / near-black frame (auto-detected).,"Shree Bhagwati Traders Beripura Delhi Road Behind Era-Mall, Meerut Mob- 9758636971 8273974466",1,0.0,0.069,0.0,0.022,0.0,"#000000,#414141,#7d7d7d",0,blank,
UVunYMgA-pM,https://www.youtube.com/watch?v=UVunYMgA-pM,Candle Making Mistakes To Avoid + How To Fix Them,393.0,storyboard,43,344.88,352.9,8.02,https://youtu.be/UVunYMgA-pM?t=345s,transition,aux,0,0.6,Tip card / supplies insert.,yee za pa fo Se Om ee,1,1.0,0.027,0.086,0.44,0.163,"#85654b,#b5a187,#2d1e17",0,talking_head,
UrFrR3p0B3A,https://www.youtube.com/watch?v=UrFrR3p0B3A,"DIY Candle Jars with Jesmonite | aesthetic candle vessels, Boowan Nicole molds | handmade gift ideas",399.0,storyboard,2,15.96,23.94,7.98,https://youtu.be/UrFrR3p0B3A?t=16s,transition,aux,0,0.4,Driving/shop clip; 'finally purchased' the Jesmonite.,wor ag aaa work ea ae work Pe 60.7177 Hi ae ae il ie al neencatec il Seay,1,0.0,0.076,0.217,0.574,0.066,"#728785,#b2d0cf,#34494b",1,,
UvgHUG48cgE,https://www.youtube.com/watch?v=UvgHUG48cgE,"STEP BY STEP: How I Make My 6 oz. Tin Soy Candles | Formula, First Burn Test, Visual Demonstration",734.0,storyboard,62,494.65,502.63,7.98,https://youtu.be/UvgHUG48cgE?t=495s,transition,aux,0,0.6,On-screen wax/fragrance formula card.,Has. 7,0,1.0,0.122,0.024,0.473,0.086,"#b5abaa,#1e1c1d,#706c69",0,talking_head,
UvgHUG48cgE,https://www.youtube.com/watch?v=UvgHUG48cgE,"STEP BY STEP: How I Make My 6 oz. Tin Soy Candles | Formula, First Burn Test, Visual Demonstration",734.0,storyboard,63,502.63,510.61,7.98,https://youtu.be/UvgHUG48cgE?t=503s,transition,aux,0,0.6,On-screen wax/fragrance formula card.,joe ey Wa,1,1.0,0.138,0.0,0.483,0.086,"#b6acaa,#1f1e20,#736f6d",0,talking_head,
UvgHUG48cgE,https://www.youtube.com/watch?v=UvgHUG48cgE,"STEP BY STEP: How I Make My 6 oz. Tin Soy Candles | Formula, First Burn Test, Visual Demonstration",734.0,storyboard,64,510.61,518.59,7.98,https://youtu.be/UvgHUG48cgE?t=511s,transition,aux,0,0.6,On-screen wax/fragrance formula card.,,0,1.0,0.109,0.031,0.478,0.085,"#b6acab,#1e1d1f,#767170",0,talking_head,
UvgHUG48cgE,https://www.youtube.com/watch?v=UvgHUG48cgE,"STEP BY STEP: How I Make My 6 oz. Tin Soy Candles | Formula, First Burn Test, Visual Demonstration",734.0,storyboard,65,518.59,526.57,7.98,https://youtu.be/UvgHUG48cgE?t=519s,transition,aux,0,0.6,On-screen wax/fragrance formula card.,be,0,1.0,0.133,0.051,0.478,0.085,"#b4aaa8,#201f20,#716d6b",0,talking_head,
V50SgBW1bRM,https://www.youtube.com/watch?v=V50SgBW1bRM,🔥 Watch Me Make Luxury Pillar Candles! | Get My Exact Recipe in the Ultimate Candle-Making eBook! 🔥,546.0,storyboard,19,152.56,160.59,8.03,https://youtu.be/V50SgBW1bRM?t=153s,transition,aux,0,0.5,"On-screen text card (auto-detected: static frame, OCR text). Text reads: '1 we 5. is ae See te nl 4 AC 4 Ri IN ft Fa Mtge ys. 8 ee oy, Ss ei So ees cw'.","1 we 5. is ae See te nl 4 AC 4 Ri IN ft Fa Mtge ys. 8 ee oy, Ss ei So ees cw",1,0.0,0.075,0.0,0.517,0.179,"#c6b5a7,#8d7360,#35302c",0,text_overlay,
V50SgBW1bRM,https://www.youtube.com/watch?v=V50SgBW1bRM,🔥 Watch Me Make Luxury Pillar Candles! | Get My Exact Recipe in the Ultimate Candle-Making eBook! 🔥,546.0,storyboard,23,184.68,192.71,8.03,https://youtu.be/V50SgBW1bRM?t=185s,transition,aux,0,0.5,"On-screen text card (auto-detected: static frame, OCR text). Text reads: 'di ai Sal 4 ae PX 4 Me weal oe el pees LO eg 4 ia 7 ay pgs ff 5. oe BLP. hi ow ae'.",di ai Sal 4 ae PX 4 Me weal oe el pees LO eg 4 ia 7 ay pgs ff 5. oe BLP. hi ow ae,1,0.0,0.087,0.0,0.515,0.145,"#cbbfac,#92806f,#3e3731",0,text_overlay,
V50SgBW1bRM,https://www.youtube.com/watch?v=V50SgBW1bRM,🔥 Watch Me Make Luxury Pillar Candles! | Get My Exact Recipe in the Ultimate Candle-Making eBook! 🔥,546.0,storyboard,62,497.82,505.85,8.03,https://youtu.be/V50SgBW1bRM?t=498s,transition,aux,0,0.6,Packing candles into boxes (black wrap).,eww SY hey 3 yw 415 yp ex ae 8,1,0.0,0.072,0.0,0.38,0.165,"#393834,#807360,#d2b888",0,text_overlay,
V50SgBW1bRM,https://www.youtube.com/watch?v=V50SgBW1bRM,🔥 Watch Me Make Luxury Pillar Candles! | Get My Exact Recipe in the Ultimate Candle-Making eBook! 🔥,546.0,storyboard,63,505.85,513.88,8.03,https://youtu.be/V50SgBW1bRM?t=506s,transition,aux,0,0.6,Packing candles into boxes (black wrap).,ie NS,0,0.0,0.043,0.161,0.429,0.122,"#252e39,#ccb89e,#625f60",1,,
V50SgBW1bRM,https://www.youtube.com/watch?v=V50SgBW1bRM,🔥 Watch Me Make Luxury Pillar Candles! | Get My Exact Recipe in the Ultimate Candle-Making eBook! 🔥,546.0,storyboard,64,513.88,521.91,8.03,https://youtu.be/V50SgBW1bRM?t=514s,transition,aux,0,0.6,Packing candles into boxes (black wrap).,Sm ae 7 4,1,0.0,0.041,0.0,0.438,0.122,"#282f38,#d2ba9d,#716462",1,,
V50SgBW1bRM,https://www.youtube.com/watch?v=V50SgBW1bRM,🔥 Watch Me Make Luxury Pillar Candles! | Get My Exact Recipe in the Ultimate Candle-Making eBook! 🔥,546.0,storyboard,65,521.91,529.94,8.03,https://youtu.be/V50SgBW1bRM?t=522s,transition,aux,0,0.6,Packing candles into boxes (black wrap).,Sm ae 7 4,1,0.0,0.041,0.0,0.438,0.122,"#292f38,#d2ba9d,#736563",1,,
V50SgBW1bRM,https://www.youtube.com/watch?v=V50SgBW1bRM,🔥 Watch Me Make Luxury Pillar Candles! | Get My Exact Recipe in the Ultimate Candle-Making eBook! 🔥,546.0,storyboard,66,529.94,537.97,8.03,https://youtu.be/V50SgBW1bRM?t=530s,transition,aux,0,0.6,Packing candles into boxes (black wrap).,Sm ae 7 4,1,0.0,0.041,0.0,0.438,0.122,"#292f38,#d2ba9d,#736563",1,,
V50SgBW1bRM,https://www.youtube.com/watch?v=V50SgBW1bRM,🔥 Watch Me Make Luxury Pillar Candles! | Get My Exact Recipe in the Ultimate Candle-Making eBook! 🔥,546.0,storyboard,67,537.97,546.0,8.03,https://youtu.be/V50SgBW1bRM?t=538s,transition,aux,0,0.6,Packing candles into boxes (black wrap).,Sm ae 7 4,1,0.0,0.041,0.0,0.438,0.122,"#292f38,#d2ba9d,#736563",1,,
VeFhYM_tD8Q,https://www.youtube.com/watch?v=VeFhYM_tD8Q,Make A Forever Candle That Burns for 72 Days!,493.0,storyboard,56,445.29,453.24,7.95,https://youtu.be/VeFhYM_tD8Q?t=445s,transition,aux,0,0.4,Blank/black padding.,,0,0.0,0.0,0.0,0.0,0.005,"#000000,#000001,#010105",0,blank,
VeFhYM_tD8Q,https://www.youtube.com/watch?v=VeFhYM_tD8Q,Make A Forever Candle That Burns for 72 Days!,493.0,storyboard,57,453.24,461.19,7.95,https://youtu.be/VeFhYM_tD8Q?t=453s,transition,aux,0,0.4,Blank/black padding.,,0,0.0,0.0,0.0,0.004,0.0,"#010101,#010101,#010101",0,blank,
VeFhYM_tD8Q,https://www.youtube.com/watch?v=VeFhYM_tD8Q,Make A Forever Candle That Burns for 72 Days!,493.0,storyboard,58,461.19,469.15,7.96,https://youtu.be/VeFhYM_tD8Q?t=461s,transition,aux,0,0.4,Blank/black padding.,,0,0.0,0.0,0.0,0.004,0.0,"#010101,#010101,#010101",0,blank,
VeFhYM_tD8Q,https://www.youtube.com/watch?v=VeFhYM_tD8Q,Make A Forever Candle That Burns for 72 Days!,493.0,storyboard,59,469.15,477.1,7.95,https://youtu.be/VeFhYM_tD8Q?t=469s,transition,aux,0,0.4,Blank/black padding.,,0,0.0,0.0,0.0,0.004,0.0,"#010101,#010101,#010101",0,blank,
VeFhYM_tD8Q,https://www.youtube.com/watch?v=VeFhYM_tD8Q,Make A Forever Candle That Burns for 72 Days!,493.0,storyboard,60,477.1,485.05,7.95,https://youtu.be/VeFhYM_tD8Q?t=477s,transition,aux,0,0.4,Blank/black padding.,,0,0.0,0.0,0.0,0.004,0.0,"#010101,#010101,#010101",0,blank,
VeFhYM_tD8Q,https://www.youtube.com/watch?v=VeFhYM_tD8Q,Make A Forever Candle That Burns for 72 Days!,493.0,storyboard,61,485.05,493.0,7.95,https://youtu.be/VeFhYM_tD8Q?t=485s,transition,aux,0,0.4,Blank/black padding.,,0,0.0,0.0,0.0,0.004,0.0,"#010101,#010101,#010101",0,blank,
VnrkS1tkLJk,https://www.youtube.com/watch?v=VnrkS1tkLJk,Our Must Have Candle Making Supplies & Equipment | Beginner to Advanced Candle Makers,722.0,storyboard,17,136.38,144.4,8.02,https://youtu.be/VnrkS1tkLJk?t=136s,transition,aux,0,0.4,Equipment price caption ($ cost card).,"one 7 mam it Bee CANDLE Frlnn, eo ae",1,0.0,0.06,0.099,0.534,0.077,"#89877d,#cacbc0,#3c3732",1,,
VnrkS1tkLJk,https://www.youtube.com/watch?v=VnrkS1tkLJk,Our Must Have Candle Making Supplies & Equipment | Beginner to Advanced Candle Makers,722.0,storyboard,18,144.4,152.42,8.02,https://youtu.be/VnrkS1tkLJk?t=144s,transition,aux,0,0.5,"On-screen text card (auto-detected: static frame, OCR text). Text reads: 'ee ee eee Ps Le me pom Mrmte Me CANDLE fm tan.'.",ee ee eee Ps Le me pom Mrmte Me CANDLE fm tan.,1,0.0,0.057,0.0,0.551,0.077,"#858479,#cbcbc0,#393430",0,text_overlay,
VnrkS1tkLJk,https://www.youtube.com/watch?v=VnrkS1tkLJk,Our Must Have Candle Making Supplies & Equipment | Beginner to Advanced Candle Makers,722.0,storyboard,27,216.6,224.62,8.02,https://youtu.be/VnrkS1tkLJk?t=217s,transition,aux,0,0.6,Equipment b-roll / price-tally caption.,"ten om ty ae aes ie eanee ae bets mas wen, 24 745",1,0.0,0.101,0.098,0.559,0.117,"#d1d0c4,#998f77,#403d37",1,,
VnrkS1tkLJk,https://www.youtube.com/watch?v=VnrkS1tkLJk,Our Must Have Candle Making Supplies & Equipment | Beginner to Advanced Candle Makers,722.0,storyboard,28,224.62,232.64,8.02,https://youtu.be/VnrkS1tkLJk?t=225s,transition,aux,0,0.6,Equipment b-roll / price-tally caption.,ae ee hy os uw taeell Ye,1,0.0,0.055,0.0,0.452,0.077,"#34382d,#bec0b7,#827f6d",1,,
VnrkS1tkLJk,https://www.youtube.com/watch?v=VnrkS1tkLJk,Our Must Have Candle Making Supplies & Equipment | Beginner to Advanced Candle Makers,722.0,storyboard,29,232.64,240.67,8.03,https://youtu.be/VnrkS1tkLJk?t=233s,transition,aux,0,0.6,Equipment b-roll / price-tally caption.,Si 1 ee 3 Ex... en Ry ee,1,0.5,0.066,0.246,0.492,0.16,"#43453a,#a9905f,#dad4be",0,talking_head,
VnrkS1tkLJk,https://www.youtube.com/watch?v=VnrkS1tkLJk,Our Must Have Candle Making Supplies & Equipment | Beginner to Advanced Candle Makers,722.0,storyboard,30,240.67,248.69,8.02,https://youtu.be/VnrkS1tkLJk?t=241s,transition,aux,0,0.6,Host talks to camera about must-have supplies.,86 9 wie PV Pert eas ai Te eS Zz,1,0.0,0.104,0.087,0.543,0.104,"#d3d1c3,#3c3a38,#948e7c",1,,
VnrkS1tkLJk,https://www.youtube.com/watch?v=VnrkS1tkLJk,Our Must Have Candle Making Supplies & Equipment | Beginner to Advanced Candle Makers,722.0,storyboard,31,248.69,256.71,8.02,https://youtu.be/VnrkS1tkLJk?t=249s,transition,aux,0,0.6,Equipment b-roll / price-tally caption.,Se Ae,0,0.0,0.056,0.0,0.518,0.07,"#cdcbc0,#2d2a2b,#8d867d",1,,description references on-screen text but OCR found none
VnrkS1tkLJk,https://www.youtube.com/watch?v=VnrkS1tkLJk,Our Must Have Candle Making Supplies & Equipment | Beginner to Advanced Candle Makers,722.0,storyboard,35,280.78,288.8,8.02,https://youtu.be/VnrkS1tkLJk?t=281s,transition,aux,0,0.6,Equipment b-roll / price-tally caption.,ef... 2 nn oe TPIMMGIUW SF 7 mae vet atl oe ANDL 1 iz. ew og Te rt,1,1.0,0.109,0.125,0.436,0.085,"#312f2c,#8f8975,#c5c4b6",0,talking_head,
VnrkS1tkLJk,https://www.youtube.com/watch?v=VnrkS1tkLJk,Our Must Have Candle Making Supplies & Equipment | Beginner to Advanced Candle Makers,722.0,storyboard,36,288.8,296.82,8.02,https://youtu.be/VnrkS1tkLJk?t=289s,transition,aux,0,0.6,Equipment b-roll / price-tally caption.,Lg ili ees al Sd ee wa Ty,1,1.0,0.095,0.254,0.504,0.084,"#c4c4b9,#928574,#3d3936",0,talking_head,
VnrkS1tkLJk,https://www.youtube.com/watch?v=VnrkS1tkLJk,Our Must Have Candle Making Supplies & Equipment | Beginner to Advanced Candle Makers,722.0,storyboard,37,296.82,304.84,8.02,https://youtu.be/VnrkS1tkLJk?t=297s,transition,aux,0,0.6,Host talks to camera about must-have supplies.,Be of,0,0.5,0.082,0.116,0.578,0.083,"#cacbbe,#9d937f,#383837",0,talking_head,
VnrkS1tkLJk,https://www.youtube.com/watch?v=VnrkS1tkLJk,Our Must Have Candle Making Supplies & Equipment | Beginner to Advanced Candle Makers,722.0,storyboard,38,304.84,312.87,8.03,https://youtu.be/VnrkS1tkLJk?t=305s,transition,aux,0,0.6,Equipment b-roll / price-tally caption.,zy iv if ANDLE 7 rl,1,0.0,0.061,0.0,0.491,0.071,"#bebeb0,#77776e,#272423",1,,
VnrkS1tkLJk,https://www.youtube.com/watch?v=VnrkS1tkLJk,Our Must Have Candle Making Supplies & Equipment | Beginner to Advanced Candle Makers,722.0,storyboard,46,369.02,377.04,8.02,https://youtu.be/VnrkS1tkLJk?t=369s,transition,aux,0,0.6,Equipment b-roll / price-tally caption.,re. as Pil ipl ted 4 ah SOE,1,0.0,0.176,0.095,0.558,0.097,"#d1cebf,#8d8675,#383532",1,,
VnrkS1tkLJk,https://www.youtube.com/watch?v=VnrkS1tkLJk,Our Must Have Candle Making Supplies & Equipment | Beginner to Advanced Candle Makers,722.0,storyboard,47,377.04,385.07,8.03,https://youtu.be/VnrkS1tkLJk?t=377s,transition,aux,0,0.6,Equipment b-roll / price-tally caption.,"SiBd GANYLE eS Sr he hij ag 2 6 Bee$53,865",1,0.0,0.181,0.269,0.502,0.082,"#91897a,#413c38,#cecdc2",1,,
VnrkS1tkLJk,https://www.youtube.com/watch?v=VnrkS1tkLJk,Our Must Have Candle Making Supplies & Equipment | Beginner to Advanced Candle Makers,722.0,storyboard,48,385.07,393.09,8.02,https://youtu.be/VnrkS1tkLJk?t=385s,transition,aux,0,0.6,Host talks to camera about must-have supplies.,ee Se SZ Pete ny CAND 1 es Se re Bs.,1,0.0,0.167,0.0,0.515,0.091,"#948a7a,#3e3c38,#cdcbbd",0,text_overlay,
VnrkS1tkLJk,https://www.youtube.com/watch?v=VnrkS1tkLJk,Our Must Have Candle Making Supplies & Equipment | Beginner to Advanced Candle Makers,722.0,storyboard,49,393.09,401.11,8.02,https://youtu.be/VnrkS1tkLJk?t=393s,transition,aux,0,0.6,Equipment b-roll / price-tally caption.,enna Las cA Pr je Afi hee Tw tp is seq tt. 5,1,0.0,0.186,0.264,0.484,0.093,"#cbc8b6,#847c69,#322f2b",1,,
VnrkS1tkLJk,https://www.youtube.com/watch?v=VnrkS1tkLJk,Our Must Have Candle Making Supplies & Equipment | Beginner to Advanced Candle Makers,722.0,storyboard,50,401.11,409.13,8.02,https://youtu.be/VnrkS1tkLJk?t=401s,transition,aux,0,0.6,Equipment b-roll / price-tally caption.,es sr ee Shaki OF 7 3 OO,1,0.0,0.099,0.294,0.485,0.106,"#59625e,#a89c8e,#302122",1,,
VnrkS1tkLJk,https://www.youtube.com/watch?v=VnrkS1tkLJk,Our Must Have Candle Making Supplies & Equipment | Beginner to Advanced Candle Makers,722.0,storyboard,51,409.13,417.16,8.03,https://youtu.be/VnrkS1tkLJk?t=409s,transition,aux,0,0.6,Host talks to camera about must-have supplies.,ee oe 4 ati io Wilanow ss Ce 1 5 cv XO 1 18 4,1,0.0,0.031,0.0,0.428,0.157,"#583018,#75636b,#cdbfc6",0,text_overlay,
VnrkS1tkLJk,https://www.youtube.com/watch?v=VnrkS1tkLJk,Our Must Have Candle Making Supplies & Equipment | Beginner to Advanced Candle Makers,722.0,storyboard,52,417.16,425.18,8.02,https://youtu.be/VnrkS1tkLJk?t=417s,transition,aux,0,0.6,Equipment b-roll / price-tally caption.,as om Ger oar ee re aL Sh aii Le ye os ee,1,0.0,0.169,0.14,0.528,0.087,"#cfcec1,#373739,#928b7d",1,,
VnrkS1tkLJk,https://www.youtube.com/watch?v=VnrkS1tkLJk,Our Must Have Candle Making Supplies & Equipment | Beginner to Advanced Candle Makers,722.0,storyboard,53,425.18,433.2,8.02,https://youtu.be/VnrkS1tkLJk?t=425s,transition,aux,0,0.6,Host talks to camera about must-have supplies.,oe ia 5 TOR ay Sz hi Cat os CAN ee 2 4 sty ae jos ve,1,0.0,0.126,0.221,0.509,0.079,"#cecdc0,#3a3839,#928a7c",1,,
VnrkS1tkLJk,https://www.youtube.com/watch?v=VnrkS1tkLJk,Our Must Have Candle Making Supplies & Equipment | Beginner to Advanced Candle Makers,722.0,storyboard,54,433.2,441.22,8.02,https://youtu.be/VnrkS1tkLJk?t=433s,transition,aux,0,0.6,Equipment b-roll / price-tally caption.,ney,0,0.0,0.106,0.0,0.477,0.027,"#535651,#879088,#bfc6be",1,,description references on-screen text but OCR found none
VnrkS1tkLJk,https://www.youtube.com/watch?v=VnrkS1tkLJk,Our Must Have Candle Making Supplies & Equipment | Beginner to Advanced Candle Makers,722.0,storyboard,70,561.56,569.58,8.02,https://youtu.be/VnrkS1tkLJk?t=562s,transition,aux,0,0.6,Equipment b-roll / price-tally caption.,5 ud 235,1,0.0,0.071,0.108,0.494,0.07,"#6f6c61,#cecdbc,#2d2c29",1,,
VnrkS1tkLJk,https://www.youtube.com/watch?v=VnrkS1tkLJk,Our Must Have Candle Making Supplies & Equipment | Beginner to Advanced Candle Makers,722.0,storyboard,71,569.58,577.6,8.02,https://youtu.be/VnrkS1tkLJk?t=570s,transition,aux,0,0.6,Equipment b-roll / price-tally caption.,fe ew,0,0.0,0.144,0.0,0.578,0.096,"#dbd8ca,#998a73,#312d2a",1,,description references on-screen text but OCR found none
VnrkS1tkLJk,https://www.youtube.com/watch?v=VnrkS1tkLJk,Our Must Have Candle Making Supplies & Equipment | Beginner to Advanced Candle Makers,722.0,storyboard,72,577.6,585.62,8.02,https://youtu.be/VnrkS1tkLJk?t=578s,transition,aux,0,0.6,Equipment b-roll / price-tally caption.,4 a's Se. ae iy Ye lites SS oe cc 2 Bae ge OA,1,0.0,0.14,0.255,0.479,0.08,"#bbb9ab,#282421,#7d7566",1,,
VnrkS1tkLJk,https://www.youtube.com/watch?v=VnrkS1tkLJk,Our Must Have Candle Making Supplies & Equipment | Beginner to Advanced Candle Makers,722.0,storyboard,73,585.62,593.64,8.02,https://youtu.be/VnrkS1tkLJk?t=586s,transition,aux,0,0.6,Host talks to camera about must-have supplies.,"fl, ne ee Apert la. nH CANDY net iS SS ee ee",1,0.0,0.117,0.159,0.552,0.093,"#91826e,#d4d3c4,#292523",1,,
VnrkS1tkLJk,https://www.youtube.com/watch?v=VnrkS1tkLJk,Our Must Have Candle Making Supplies & Equipment | Beginner to Advanced Candle Makers,722.0,storyboard,74,593.64,601.67,8.03,https://youtu.be/VnrkS1tkLJk?t=594s,transition,aux,0,0.6,Equipment b-roll / price-tally caption.,ee 28 20 2 If,1,0.0,0.028,0.0,0.456,0.176,"#88835a,#31302f,#c6ccc2",1,,
VnrkS1tkLJk,https://www.youtube.com/watch?v=VnrkS1tkLJk,Our Must Have Candle Making Supplies & Equipment | Beginner to Advanced Candle Makers,722.0,storyboard,75,601.67,609.69,8.02,https://youtu.be/VnrkS1tkLJk?t=602s,transition,aux,0,0.6,Host talks to camera about must-have supplies.,"SS, AS ares rat sue 4 9 oes twrrr 2 oe 3 ie",1,0.0,0.174,0.142,0.569,0.092,"#d8d6c9,#968975,#383330",1,,
VnrkS1tkLJk,https://www.youtube.com/watch?v=VnrkS1tkLJk,Our Must Have Candle Making Supplies & Equipment | Beginner to Advanced Candle Makers,722.0,storyboard,76,609.69,617.71,8.02,https://youtu.be/VnrkS1tkLJk?t=610s,transition,aux,0,0.6,Equipment b-roll / price-tally caption.,hai io ae asi ee ste ve Siu mi etn! ORE rs,1,0.0,0.147,0.088,0.549,0.089,"#d2d1c2,#8c806e,#302c28",1,,
Vsd8r7uSDII,https://www.youtube.com/watch?v=Vsd8r7uSDII,How To Make A Wooden Wick Candle | Luxury Candle Making,288.0,storyboard,35,280.0,288.0,8.0,https://youtu.be/Vsd8r7uSDII?t=280s,transition,aux,0,0.4,Blank/black padding.,,0,0.0,0.0,0.0,0.004,0.0,"#010101,#010101,#010101",0,blank,
WfkIQ899U7M,https://www.youtube.com/watch?v=WfkIQ899U7M,Making a Batch of Candles and Packing an Order | Silent Studio Vlog,240.0,storyboard,19,152.0,160.0,8.0,https://youtu.be/WfkIQ899U7M?t=152s,transition,aux,0,0.4,"Packing/shipping the candles (boxes, packing peanuts, labels).",,0,0.0,0.023,0.041,0.392,0.073,"#736254,#a3968a,#2d2018",1,,
WfkIQ899U7M,https://www.youtube.com/watch?v=WfkIQ899U7M,Making a Batch of Candles and Packing an Order | Silent Studio Vlog,240.0,storyboard,20,160.0,168.0,8.0,https://youtu.be/WfkIQ899U7M?t=160s,transition,aux,0,0.4,"Packing/shipping the candles (boxes, packing peanuts, labels).",,0,0.0,0.042,0.07,0.417,0.073,"#796859,#2f2119,#a69b90",1,,
WfkIQ899U7M,https://www.youtube.com/watch?v=WfkIQ899U7M,Making a Batch of Candles and Packing an Order | Silent Studio Vlog,240.0,storyboard,21,168.0,176.0,8.0,https://youtu.be/WfkIQ899U7M?t=168s,transition,aux,0,0.4,"Packing/shipping the candles (boxes, packing peanuts, labels).",,0,0.0,0.013,0.194,0.433,0.094,"#8a664e,#482a1e,#beac9e",1,,
WfkIQ899U7M,https://www.youtube.com/watch?v=WfkIQ899U7M,Making a Batch of Candles and Packing an Order | Silent Studio Vlog,240.0,storyboard,22,176.0,184.0,8.0,https://youtu.be/WfkIQ899U7M?t=176s,transition,aux,0,0.4,"Packing/shipping the candles (boxes, packing peanuts, labels).",,0,0.333,0.007,0.116,0.442,0.107,"#a58d79,#865d42,#533323",1,,
WfkIQ899U7M,https://www.youtube.com/watch?v=WfkIQ899U7M,Making a Batch of Candles and Packing an Order | Silent Studio Vlog,240.0,storyboard,23,184.0,192.0,8.0,https://youtu.be/WfkIQ899U7M?t=184s,transition,aux,0,0.4,"Packing/shipping the candles (boxes, packing peanuts, labels).",Ne,0,0.0,0.036,0.091,0.404,0.1,"#816450,#4e3124,#aa9a8f",1,,
WfkIQ899U7M,https://www.youtube.com/watch?v=WfkIQ899U7M,Making a Batch of Candles and Packing an Order | Silent Studio Vlog,240.0,storyboard,24,192.0,200.0,8.0,https://youtu.be/WfkIQ899U7M?t=192s,transition,aux,0,0.4,"Packing/shipping the candles (boxes, packing peanuts, labels).",ra,0,0.0,0.045,0.149,0.387,0.101,"#7a5e4b,#42271c,#b5a599",1,,
WfkIQ899U7M,https://www.youtube.com/watch?v=WfkIQ899U7M,Making a Batch of Candles and Packing an Order | Silent Studio Vlog,240.0,storyboard,25,200.0,208.0,8.0,https://youtu.be/WfkIQ899U7M?t=200s,transition,aux,0,0.4,"Packing/shipping the candles (boxes, packing peanuts, labels).",,0,0.0,0.02,0.114,0.429,0.083,"#b1a397,#3f2b20,#7c6b5b",1,,
WfkIQ899U7M,https://www.youtube.com/watch?v=WfkIQ899U7M,Making a Batch of Candles and Packing an Order | Silent Studio Vlog,240.0,storyboard,26,208.0,216.0,8.0,https://youtu.be/WfkIQ899U7M?t=208s,transition,aux,0,0.4,"Packing/shipping the candles (boxes, packing peanuts, labels).",,0,0.0,0.041,0.158,0.414,0.075,"#a19285,#291f17,#6c594a",1,,
WfkIQ899U7M,https://www.youtube.com/watch?v=WfkIQ899U7M,Making a Batch of Candles and Packing an Order | Silent Studio Vlog,240.0,storyboard,27,216.0,224.0,8.0,https://youtu.be/WfkIQ899U7M?t=216s,transition,aux,0,0.4,"Packing/shipping the candles (boxes, packing peanuts, labels).",,0,0.0,0.084,0.141,0.451,0.073,"#9e958a,#786859,#352d25",1,,
WfkIQ899U7M,https://www.youtube.com/watch?v=WfkIQ899U7M,Making a Batch of Candles and Packing an Order | Silent Studio Vlog,240.0,storyboard,28,224.0,232.0,8.0,https://youtu.be/WfkIQ899U7M?t=224s,transition,aux,0,0.4,"Packing/shipping the candles (boxes, packing peanuts, labels).",,0,0.0,0.052,0.133,0.476,0.08,"#b0a096,#8c7c6e,#674a35",1,,
WfkIQ899U7M,https://www.youtube.com/watch?v=WfkIQ899U7M,Making a Batch of Candles and Packing an Order | Silent Studio Vlog,240.0,storyboard,29,232.0,240.0,8.0,https://youtu.be/WfkIQ899U7M?t=232s,transition,aux,0,0.5,Blank / near-black frame (auto-detected).,,0,0.0,0.0,0.0,0.0,0.003,"#000000,#000002,#010103",0,blank,
XOjdJLaATfg,https://www.youtube.com/watch?v=XOjdJLaATfg,REUSE YOUR CANDLE JARS | EASIEST WAY TO CLEAN A CANDLE JAR | Life Skills for Young Adults,188.0,storyboard,23,180.17,188.0,7.83,https://youtu.be/XOjdJLaATfg?t=180s,transition,aux,0,0.5,Blank / near-black frame (auto-detected).,,0,0.0,0.0,0.0,0.0,0.003,"#000000,#000000,#000000",0,blank,
XQFs4G5sIlU,https://www.youtube.com/watch?v=XQFs4G5sIlU,Strawberry Matcha Candle 🍓🕯️ Easy beginner tutorial | Aesthetic & Trendy,407.0,storyboard,23,183.55,191.53,7.98,https://youtu.be/XQFs4G5sIlU?t=184s,transition,aux,0,0.5,"On-screen text card (auto-detected: static frame, OCR text). Text reads: 'nu 7 Use piecefofipapertotest the colour aftenitisets'.",nu 7 Use piecefofipapertotest the colour aftenitisets,1,0.0,0.072,0.0,0.499,0.085,"#a09681,#2a3437,#b6c3c6",0,text_overlay,
XZlZJW9EBbI,https://www.youtube.com/watch?v=XZlZJW9EBbI,DIY Water Candle / NO WAX Candles / PAANI se banaye candle / Diwali Special / Homemade Candles / How,121.0,storyboard,12,96.8,104.87,8.07,https://youtu.be/XZlZJW9EBbI?t=97s,transition,aux,0,0.5,Blank / near-black frame (auto-detected).,,0,0.0,0.044,0.1,0.067,0.02,"#000000,#020106,#050105",0,blank,
XZlZJW9EBbI,https://www.youtube.com/watch?v=XZlZJW9EBbI,DIY Water Candle / NO WAX Candles / PAANI se banaye candle / Diwali Special / Homemade Candles / How,121.0,storyboard,13,104.87,112.93,8.06,https://youtu.be/XZlZJW9EBbI?t=105s,transition,aux,0,0.5,Blank / near-black frame (auto-detected).,,0,0.0,0.0,0.0,0.001,0.003,"#000000,#020202,#070606",0,blank,
XZlZJW9EBbI,https://www.youtube.com/watch?v=XZlZJW9EBbI,DIY Water Candle / NO WAX Candles / PAANI se banaye candle / Diwali Special / Homemade Candles / How,121.0,storyboard,14,112.93,121.0,8.07,https://youtu.be/XZlZJW9EBbI?t=113s,transition,aux,0,0.5,Blank / near-black frame (auto-detected).,,0,0.0,0.0,0.0,0.001,0.003,"#000000,#030203,#070707",0,blank,
XnZ5w6Ssva0,https://www.youtube.com/watch?v=XnZ5w6Ssva0,How to Add Multiple Wicks to a Candle // Multi-Wick Candles  // Candle Making 101,126.0,storyboard,3,23.62,31.5,7.88,https://youtu.be/XnZ5w6Ssva0?t=24s,transition,aux,0,0.4,Diagram: a circle marked with two wick positions.,ao,0,0.0,0.074,0.249,0.783,0.051,"#f8f4e9,#f6f0e6,#a4988d",1,,
XnZ5w6Ssva0,https://www.youtube.com/watch?v=XnZ5w6Ssva0,How to Add Multiple Wicks to a Candle // Multi-Wick Candles  // Candle Making 101,126.0,storyboard,4,31.5,39.38,7.88,https://youtu.be/XnZ5w6Ssva0?t=32s,transition,aux,0,0.4,Diagram of wick spacing in a circular vessel.,,0,0.0,0.079,0.252,0.782,0.054,"#f7f3e8,#f0e4d7,#a2988c",1,,
XnZ5w6Ssva0,https://www.youtube.com/watch?v=XnZ5w6Ssva0,How to Add Multiple Wicks to a Candle // Multi-Wick Candles  // Candle Making 101,126.0,storyboard,8,63.0,70.88,7.88,https://youtu.be/XnZ5w6Ssva0?t=63s,transition,aux,0,0.4,Empty circle diagram.,ee Lan Sy ie be,1,0.333,0.072,0.465,0.792,0.047,"#bfb6b6,#241e1e,#807372",1,,
XnZ5w6Ssva0,https://www.youtube.com/watch?v=XnZ5w6Ssva0,How to Add Multiple Wicks to a Candle // Multi-Wick Candles  // Candle Making 101,126.0,storyboard,9,70.88,78.75,7.87,https://youtu.be/XnZ5w6Ssva0?t=71s,transition,aux,0,0.4,Candle-size guide table; '4 ÷ 2 = 2' wick-spacing diagram.,enews oe ee ee os SSE efe mo ees 7 ossss ee wee SZ te,1,0.0,0.081,0.276,0.79,0.049,"#fdfdfc,#f3f4ee,#cbc8c3",1,,
XnZ5w6Ssva0,https://www.youtube.com/watch?v=XnZ5w6Ssva0,How to Add Multiple Wicks to a Candle // Multi-Wick Candles  // Candle Making 101,126.0,storyboard,14,110.25,118.12,7.87,https://youtu.be/XnZ5w6Ssva0?t=110s,transition,aux,0,0.5,Blank / near-black frame (auto-detected).,,0,0.0,0.0,0.0,0.001,0.004,"#000000,#020001,#000002",0,blank,
XnZ5w6Ssva0,https://www.youtube.com/watch?v=XnZ5w6Ssva0,How to Add Multiple Wicks to a Candle // Multi-Wick Candles  // Candle Making 101,126.0,storyboard,15,118.12,126.0,7.88,https://youtu.be/XnZ5w6Ssva0?t=118s,transition,aux,0,0.5,Blank / near-black frame (auto-detected).,,0,0.0,0.0,0.0,0.001,0.004,"#000000,#020001,#000002",0,blank,
YspjuWix8TM,https://www.youtube.com/watch?v=YspjuWix8TM,DIY LUXURY CANDLES | STEP BY STEP CANDLE MAKING,483.0,storyboard,17,136.85,144.9,8.05,https://youtu.be/YspjuWix8TM?t=137s,transition,aux,0,0.4,Laptop label-design screen ('Whipped Santal Musk').,yus mak Dee? Becca aoe hoe comeew 2 Se,1,0.0,0.086,0.231,0.818,0.178,"#f3f5f6,#66619e,#1e2428",1,,
YspjuWix8TM,https://www.youtube.com/watch?v=YspjuWix8TM,DIY LUXURY CANDLES | STEP BY STEP CANDLE MAKING,483.0,storyboard,18,144.9,152.95,8.05,https://youtu.be/YspjuWix8TM?t=145s,transition,aux,0,0.5,"On-screen text card (auto-detected: static frame, OCR text). Text reads: 'ie Ser EET 2 WHIPPED Bo SANTAL MUSK oo re Ee 2 ee'.",ie Ser EET 2 WHIPPED Bo SANTAL MUSK oo re Ee 2 ee,1,0.0,0.096,0.0,0.733,0.125,"#f0f1f3,#202627,#7083ab",0,text_overlay,
YspjuWix8TM,https://www.youtube.com/watch?v=YspjuWix8TM,DIY LUXURY CANDLES | STEP BY STEP CANDLE MAKING,483.0,storyboard,19,152.95,161.0,8.05,https://youtu.be/YspjuWix8TM?t=153s,transition,aux,0,0.4,Laptop label-design screen ('Whipped Santal Musk').,jes yo 4 Son Lo oe mo WHIPPED ae SANTAL MUSK,1,0.0,0.083,0.239,0.793,0.138,"#f6f7f7,#bec7c8,#183e8a",1,,
YspjuWix8TM,https://www.youtube.com/watch?v=YspjuWix8TM,DIY LUXURY CANDLES | STEP BY STEP CANDLE MAKING,483.0,storyboard,20,161.0,169.05,8.05,https://youtu.be/YspjuWix8TM?t=161s,transition,aux,0,0.4,Laptop label-design screen ('Whipped Santal Musk').,SA ka,0,0.0,0.02,0.392,0.524,0.091,"#888a91,#7a574e,#372923",1,,description references on-screen text but OCR found none
YspjuWix8TM,https://www.youtube.com/watch?v=YspjuWix8TM,DIY LUXURY CANDLES | STEP BY STEP CANDLE MAKING,483.0,storyboard,32,257.6,265.65,8.05,https://youtu.be/YspjuWix8TM?t=258s,transition,aux,0,0.6,Laptop label-design / brand screens.,Fe ee oe ne Sw SS Se ees wee ss See eee eet mn mn gee ses erwvevt Geo ye ee tees oo as pews Se 2 Ps mind 2 ee See Ee eee oes ESS ee ee Cee eee eee ee el con oe oe ne on wee ee ee me ocntw YS aT ome om,1,0.0,0.089,0.0,0.943,0.019,"#fbfbfb,#dad8da,#bbb8ba",0,text_overlay,
YspjuWix8TM,https://www.youtube.com/watch?v=YspjuWix8TM,DIY LUXURY CANDLES | STEP BY STEP CANDLE MAKING,483.0,storyboard,33,265.65,273.7,8.05,https://youtu.be/YspjuWix8TM?t=266s,transition,aux,0,0.6,Laptop label-design / brand screens.,"al ail al ee eee er eves ee ee wire, Ss eee Oe ne em ee ee eee wee rm ce owe me ee ere ee os 7 ed nee he ss en ree ee seen ied on ue eo we ene sa wer te fe Or Pee rte eres eee 2 Ot ee me ee OK ee ae S",1,0.0,0.102,0.165,0.875,0.092,"#fafbfa,#cac8c8,#6c5e4d",1,,
YspjuWix8TM,https://www.youtube.com/watch?v=YspjuWix8TM,DIY LUXURY CANDLES | STEP BY STEP CANDLE MAKING,483.0,storyboard,34,273.7,281.75,8.05,https://youtu.be/YspjuWix8TM?t=274s,transition,aux,0,0.6,Laptop label-design / brand screens.,"se dicots AY soe Os Catly hae Cebeeredd AVOIG CORERCE ari herbed Acti teeecd rig eee With skin, eyes, surfaces and furnishings. Keep oan away from heat GLOW tasty sources. Keep out of reach of ez SALE",1,0.0,0.138,0.057,0.696,0.15,"#ebecef,#262929,#8788b9",1,,
YspjuWix8TM,https://www.youtube.com/watch?v=YspjuWix8TM,DIY LUXURY CANDLES | STEP BY STEP CANDLE MAKING,483.0,storyboard,35,281.75,289.8,8.05,https://youtu.be/YspjuWix8TM?t=282s,transition,aux,0,0.6,Laptop label-design / brand screens.,siete Fs Sa Cee ly eee 6 Cotrer ml FS ee CZ Pee ah fy ie yt Js es bh,1,0.0,0.104,0.0,0.712,0.136,"#ecedef,#282e2e,#767fac",0,text_overlay,
YspjuWix8TM,https://www.youtube.com/watch?v=YspjuWix8TM,DIY LUXURY CANDLES | STEP BY STEP CANDLE MAKING,483.0,storyboard,36,289.8,297.85,8.05,https://youtu.be/YspjuWix8TM?t=290s,transition,aux,0,0.6,Laptop label-design / brand screens.,em 6 so cas 6 8 Ws lty Vane Owe eet Pe errs to yew cao sten 4 be ares be ah fi ns Se ait,1,0.0,0.112,0.297,0.773,0.166,"#ecedef,#282d2d,#7781ad",1,,
YspjuWix8TM,https://www.youtube.com/watch?v=YspjuWix8TM,DIY LUXURY CANDLES | STEP BY STEP CANDLE MAKING,483.0,storyboard,37,297.85,305.9,8.05,https://youtu.be/YspjuWix8TM?t=298s,transition,aux,0,0.6,Laptop label-design / brand screens.,"ru om 6 Ghee ER Wee hy oe ee werent to yOew Cea eter Pal Wasi Seay. ae he oi ol TS jes ie SY iY aah, St ai oe",1,0.0,0.11,0.009,0.714,0.135,"#edeff1,#2a2e2f,#7580b0",0,text_overlay,
YspjuWix8TM,https://www.youtube.com/watch?v=YspjuWix8TM,DIY LUXURY CANDLES | STEP BY STEP CANDLE MAKING,483.0,storyboard,38,305.9,313.95,8.05,https://youtu.be/YspjuWix8TM?t=306s,transition,aux,0,0.6,Laptop label-design / brand screens.,IESE eee Ys 16 4 See EE 28 Cost hy Chew etrerest dy coeiPnieny iS Bes ae we Vv le 1 aay Le,1,0.0,0.108,0.0,0.713,0.135,"#edeef0,#282e2e,#7680af",0,text_overlay,
YspjuWix8TM,https://www.youtube.com/watch?v=YspjuWix8TM,DIY LUXURY CANDLES | STEP BY STEP CANDLE MAKING,483.0,storyboard,39,313.95,322.0,8.05,https://youtu.be/YspjuWix8TM?t=314s,transition,aux,0,0.6,Laptop label-design / brand screens.,oa OR see,1,0.0,0.111,0.004,0.706,0.135,"#ecedf0,#252a2c,#7e8aba",1,,
YspjuWix8TM,https://www.youtube.com/watch?v=YspjuWix8TM,DIY LUXURY CANDLES | STEP BY STEP CANDLE MAKING,483.0,storyboard,40,322.0,330.05,8.05,https://youtu.be/YspjuWix8TM?t=322s,transition,aux,0,0.6,Laptop label-design / brand screens.,at aS sag 0 co era Se ie Ge 2 eo,1,0.0,0.085,0.158,0.876,0.067,"#f4f5f5,#b5b8b0,#5e5050",1,,
YspjuWix8TM,https://www.youtube.com/watch?v=YspjuWix8TM,DIY LUXURY CANDLES | STEP BY STEP CANDLE MAKING,483.0,storyboard,41,330.05,338.1,8.05,https://youtu.be/YspjuWix8TM?t=330s,transition,aux,0,0.6,Laptop label-design / brand screens.,ome oF es See tae Cow hy Rae 6 Cobre re Rite OE Anal mE ay rsy eee,1,0.0,0.109,0.0,0.704,0.136,"#ecedef,#242a2b,#7580b5",0,text_overlay,
YspjuWix8TM,https://www.youtube.com/watch?v=YspjuWix8TM,DIY LUXURY CANDLES | STEP BY STEP CANDLE MAKING,483.0,storyboard,42,338.1,346.15,8.05,https://youtu.be/YspjuWix8TM?t=338s,transition,aux,0,0.6,Laptop label-design / brand screens.,aaa rarer resi 9. aA,1,0.0,0.065,0.323,0.568,0.134,"#1d283a,#f7f9fa,#87b6db",1,,
YspjuWix8TM,https://www.youtube.com/watch?v=YspjuWix8TM,DIY LUXURY CANDLES | STEP BY STEP CANDLE MAKING,483.0,storyboard,43,346.15,354.2,8.05,https://youtu.be/YspjuWix8TM?t=346s,transition,aux,0,0.6,Laptop label-design / brand screens.,Hts ie wT,1,0.0,0.039,0.377,0.716,0.072,"#a4a2a3,#858487,#6c665f",1,,
ZP19teGrsDU,https://www.youtube.com/watch?v=ZP19teGrsDU,How to make an EcoSoya Container Candle,282.0,storyboard,34,273.94,282.0,8.06,https://youtu.be/ZP19teGrsDU?t=274s,transition,aux,0,0.5,Blank / near-black frame (auto-detected).,,0,0.0,0.0,0.0,0.0,0.001,"#000000,#010101,#000201",0,blank,
ZQk9l2ttcIA,https://www.youtube.com/watch?v=ZQk9l2ttcIA,A Beginners Guide To Making A Candle,256.0,storyboard,28,224.0,232.0,8.0,https://youtu.be/ZQk9l2ttcIA?t=224s,transition,aux,0,0.4,blank/black padding frame,,0,0.0,0.0,0.0,0.01,0.0,"#000000,#030303,#010101",0,blank,
ZQk9l2ttcIA,https://www.youtube.com/watch?v=ZQk9l2ttcIA,A Beginners Guide To Making A Candle,256.0,storyboard,29,232.0,240.0,8.0,https://youtu.be/ZQk9l2ttcIA?t=232s,transition,aux,0,0.4,blank/black padding frame,,0,0.0,0.0,0.0,0.01,0.0,"#000000,#030303,#010101",0,blank,
ZQk9l2ttcIA,https://www.youtube.com/watch?v=ZQk9l2ttcIA,A Beginners Guide To Making A Candle,256.0,storyboard,30,240.0,248.0,8.0,https://youtu.be/ZQk9l2ttcIA?t=240s,transition,aux,0,0.4,blank/black padding frame,,0,0.0,0.0,0.0,0.01,0.0,"#000000,#030303,#010101",0,blank,
ZQk9l2ttcIA,https://www.youtube.com/watch?v=ZQk9l2ttcIA,A Beginners Guide To Making A Candle,256.0,storyboard,31,248.0,256.0,8.0,https://youtu.be/ZQk9l2ttcIA?t=248s,transition,aux,0,0.4,blank/black padding frame,,0,0.0,0.0,0.0,0.01,0.0,"#000000,#030303,#010101",0,blank,
_80ogF_zHkE,https://www.youtube.com/watch?v=_80ogF_zHkE,oddly satisfying candle making!,302.0,storyboard,37,294.05,302.0,7.95,https://youtu.be/_80ogF_zHkE?t=294s,transition,aux,0,0.5,Blank / near-black frame (auto-detected).,,0,0.0,0.0,0.001,0.001,0.005,"#000000,#000002,#030105",0,blank,
a9IOU3fbWx0,https://www.youtube.com/watch?v=a9IOU3fbWx0,How to Make Simple Paraffin Candles | Candle Making Guides | CandleScience,221.0,storyboard,26,205.21,213.11,7.9,https://youtu.be/a9IOU3fbWx0?t=205s,transition,aux,0,0.4,Blank/black padding.,,0,0.0,0.0,0.0,0.0,0.005,"#000000,#000004,#040306",0,blank,
a9IOU3fbWx0,https://www.youtube.com/watch?v=a9IOU3fbWx0,How to Make Simple Paraffin Candles | Candle Making Guides | CandleScience,221.0,storyboard,27,213.11,221.0,7.89,https://youtu.be/a9IOU3fbWx0?t=213s,transition,aux,0,0.4,Blank/black padding.,,0,0.0,0.0,0.0,0.0,0.005,"#000000,#000004,#040306",0,blank,
alIx2WlXOuk,https://www.youtube.com/watch?v=alIx2WlXOuk,Candle Making: This is what makes a candle a luxury,146.0,storyboard,17,137.89,146.0,8.11,https://youtu.be/alIx2WlXOuk?t=138s,transition,aux,0,0.5,Blank / near-black frame (auto-detected).,,0,0.0,0.0,0.0,1.0,0.002,"#ffffff,#fdfefe,#fdfdfa",0,blank,
bE3cn6R9khs,https://www.youtube.com/watch?v=bE3cn6R9khs,HOW TO MAKE CANDLES THAT ACTUALLY SMELL GOOD,263.0,storyboard,30,239.09,247.06,7.97,https://youtu.be/bE3cn6R9khs?t=239s,transition,aux,0,0.4,Blank/black padding.,,0,0.0,0.0,0.0,0.001,0.008,"#000000,#000002,#03050a",0,blank,
bE3cn6R9khs,https://www.youtube.com/watch?v=bE3cn6R9khs,HOW TO MAKE CANDLES THAT ACTUALLY SMELL GOOD,263.0,storyboard,31,247.06,255.03,7.97,https://youtu.be/bE3cn6R9khs?t=247s,transition,aux,0,0.4,Blank/black padding.,,0,0.0,0.0,0.0,0.001,0.008,"#000000,#000002,#03050a",0,blank,
bE3cn6R9khs,https://www.youtube.com/watch?v=bE3cn6R9khs,HOW TO MAKE CANDLES THAT ACTUALLY SMELL GOOD,263.0,storyboard,32,255.03,263.0,7.97,https://youtu.be/bE3cn6R9khs?t=255s,transition,aux,0,0.4,Blank/black padding.,,0,0.0,0.0,0.0,0.001,0.008,"#000000,#000002,#03050a",0,blank,
bEhlvggbwk8,https://www.youtube.com/watch?v=bEhlvggbwk8,Wick Candle Maker by We R Memory Keepers,82.0,storyboard,9,73.8,82.0,8.2,https://youtu.be/bEhlvggbwk8?t=74s,transition,aux,0,0.5,Blank / near-black frame (auto-detected).,,0,0.0,0.0,0.0,0.001,0.0,"#000000,#010101,#080808",0,blank,
c2l0eQnhwiE,https://www.youtube.com/watch?v=c2l0eQnhwiE,Candle making ASMR | small business TikTok compilation,603.0,storyboard,73,586.92,594.96,8.04,https://youtu.be/c2l0eQnhwiE?t=587s,transition,aux,0,0.4,Blank/black padding.,,0,0.0,0.0,0.0,0.0,0.003,"#000000,#000002,#020001",0,blank,
c2l0eQnhwiE,https://www.youtube.com/watch?v=c2l0eQnhwiE,Candle making ASMR | small business TikTok compilation,603.0,storyboard,74,594.96,603.0,8.04,https://youtu.be/c2l0eQnhwiE?t=595s,transition,aux,0,0.4,Blank/black padding.,,0,0.0,0.0,0.0,0.0,0.003,"#000000,#010000,#000003",0,blank,
cvCf3NHTFaE,https://www.youtube.com/watch?v=cvCf3NHTFaE,How to Stop Candles from Rusting | Sealing Candle Tins,266.0,storyboard,30,241.82,249.88,8.06,https://youtu.be/cvCf3NHTFaE?t=242s,transition,aux,0,0.5,Blank / near-black frame (auto-detected).,,0,0.0,0.0,0.0,0.001,0.006,"#000000,#06060a,#020207",0,blank,
cvCf3NHTFaE,https://www.youtube.com/watch?v=cvCf3NHTFaE,How to Stop Candles from Rusting | Sealing Candle Tins,266.0,storyboard,31,249.88,257.94,8.06,https://youtu.be/cvCf3NHTFaE?t=250s,transition,aux,0,0.5,Blank / near-black frame (auto-detected).,,0,0.0,0.0,0.0,0.001,0.006,"#000000,#060406,#02040d",0,blank,
cvCf3NHTFaE,https://www.youtube.com/watch?v=cvCf3NHTFaE,How to Stop Candles from Rusting | Sealing Candle Tins,266.0,storyboard,32,257.94,266.0,8.06,https://youtu.be/cvCf3NHTFaE?t=258s,transition,aux,0,0.5,Blank / near-black frame (auto-detected).,,0,0.0,0.0,0.0,0.001,0.006,"#000000,#050406,#02040e",0,blank,
e1CHZWxPl8o,https://www.youtube.com/watch?v=e1CHZWxPl8o,Perfect Pour Soy Wax for Candle Making - Tips and Tricks from an Expert | Craftiviti,153.0,storyboard,15,120.79,128.84,8.05,https://youtu.be/e1CHZWxPl8o?t=121s,transition,aux,0,0.5,Blank / near-black frame (auto-detected).,,0,0.0,0.027,0.0,0.992,0.0,"#fefefe,#cccccc,#4e4e4e",0,blank,
e1CHZWxPl8o,https://www.youtube.com/watch?v=e1CHZWxPl8o,Perfect Pour Soy Wax for Candle Making - Tips and Tricks from an Expert | Craftiviti,153.0,storyboard,16,128.84,136.89,8.05,https://youtu.be/e1CHZWxPl8o?t=129s,transition,aux,0,0.5,Blank / near-black frame (auto-detected).,,0,0.0,0.027,0.0,0.992,0.0,"#fefefe,#cccccc,#4e4e4e",0,blank,
e1CHZWxPl8o,https://www.youtube.com/watch?v=e1CHZWxPl8o,Perfect Pour Soy Wax for Candle Making - Tips and Tricks from an Expert | Craftiviti,153.0,storyboard,17,136.89,144.95,8.06,https://youtu.be/e1CHZWxPl8o?t=137s,transition,aux,0,0.5,Blank / near-black frame (auto-detected).,,0,0.0,0.027,0.0,0.992,0.0,"#fefefe,#cccccc,#4e4e4e",0,blank,
e1CHZWxPl8o,https://www.youtube.com/watch?v=e1CHZWxPl8o,Perfect Pour Soy Wax for Candle Making - Tips and Tricks from an Expert | Craftiviti,153.0,storyboard,18,144.95,153.0,8.05,https://youtu.be/e1CHZWxPl8o?t=145s,transition,aux,0,0.5,Blank / near-black frame (auto-detected).,,0,0.0,0.027,0.0,0.992,0.0,"#fefefe,#cccccc,#4e4e4e",0,blank,
e2RHQ6LVr-w,https://www.youtube.com/watch?v=e2RHQ6LVr-w,Making Candles at Home- Full Step-by-Step Tutorial,883.0,storyboard,109,874.97,883.0,8.03,https://youtu.be/e2RHQ6LVr-w?t=875s,transition,aux,0,0.4,Blank/black padding.,tale,0,0.0,0.081,0.0,0.564,0.064,"#cdc1b7,#342822,#8e7d73",1,,
e4kzTAoOkm8,https://www.youtube.com/watch?v=e4kzTAoOkm8,How to Make a Soy Wax Pillar Candle | Village Craft & Candle,275.0,storyboard,33,266.91,275.0,8.09,https://youtu.be/e4kzTAoOkm8?t=267s,transition,aux,0,0.5,Blank / near-black frame (auto-detected).,,0,0.0,0.0,0.0,0.0,0.003,"#000000,#000001,#010004",0,blank,
eyHB2gfWo_I,https://www.youtube.com/watch?v=eyHB2gfWo_I,How to make Coconut Wax Candles at home,324.0,storyboard,36,291.6,299.7,8.1,https://youtu.be/eyHB2gfWo_I?t=292s,transition,aux,0,0.4,Blank/black padding.,,0,0.0,0.0,0.0,0.0,0.001,"#000000,#000000,#000000",0,blank,
eyHB2gfWo_I,https://www.youtube.com/watch?v=eyHB2gfWo_I,How to make Coconut Wax Candles at home,324.0,storyboard,37,299.7,307.8,8.1,https://youtu.be/eyHB2gfWo_I?t=300s,transition,aux,0,0.4,Blank/black padding.,,0,0.0,0.0,0.0,0.0,0.002,"#000000,#000001,#050507",0,blank,
eyHB2gfWo_I,https://www.youtube.com/watch?v=eyHB2gfWo_I,How to make Coconut Wax Candles at home,324.0,storyboard,38,307.8,315.9,8.1,https://youtu.be/eyHB2gfWo_I?t=308s,transition,aux,0,0.4,Blank/black padding.,,0,0.0,0.0,0.0,0.0,0.002,"#000000,#000001,#050507",0,blank,
eyHB2gfWo_I,https://www.youtube.com/watch?v=eyHB2gfWo_I,How to make Coconut Wax Candles at home,324.0,storyboard,39,315.9,324.0,8.1,https://youtu.be/eyHB2gfWo_I?t=316s,transition,aux,0,0.4,Blank/black padding.,,0,0.0,0.0,0.0,0.0,0.002,"#000000,#000001,#050507",0,blank,
f1l30y3gm84,https://www.youtube.com/watch?v=f1l30y3gm84,"all things wax! | asmr, cleaning, candle making…",525.0,storyboard,12,95.45,103.41,7.96,https://youtu.be/f1l30y3gm84?t=95s,transition,aux,0,0.5,"On-screen text card (auto-detected: static frame, OCR text). Text reads: 'oS he po ae tees ey ie! wv ry ep 5 ae aa eae'.",oS he po ae tees ey ie! wv ry ep 5 ae aa eae,1,0.0,0.082,0.0,0.491,0.309,"#c36786,#dcaea4,#76163a",0,text_overlay,
f1l30y3gm84,https://www.youtube.com/watch?v=f1l30y3gm84,"all things wax! | asmr, cleaning, candle making…",525.0,storyboard,15,119.32,127.27,7.95,https://youtu.be/f1l30y3gm84?t=119s,transition,aux,0,0.5,"On-screen text card (auto-detected: static frame, OCR text). Text reads: 'fb AZ. iy Ss, ere nat oS 7 7 al'.","fb AZ. iy Ss, ere nat oS 7 7 al",1,0.0,0.111,0.0,0.461,0.275,"#274575,#dba3a4,#a3616c",0,text_overlay,
f1l30y3gm84,https://www.youtube.com/watch?v=f1l30y3gm84,"all things wax! | asmr, cleaning, candle making…",525.0,storyboard,16,127.27,135.23,7.96,https://youtu.be/f1l30y3gm84?t=127s,transition,aux,0,0.4,Vivid coloured wax (blue/pink/green) added.,Wa yo ie 7 af,1,0.0,0.155,0.293,0.496,0.26,"#e6b8a6,#af7872,#54152f",1,,
f1l30y3gm84,https://www.youtube.com/watch?v=f1l30y3gm84,"all things wax! | asmr, cleaning, candle making…",525.0,storyboard,17,135.23,143.18,7.95,https://youtu.be/f1l30y3gm84?t=135s,transition,aux,0,0.5,"On-screen text card (auto-detected: static frame, OCR text). Text reads: 'bSod 5 Ss rte ele oS ed Rees 1 7 7 he mM Be Pa wu 1'.",bSod 5 Ss rte ele oS ed Rees 1 7 7 he mM Be Pa wu 1,1,0.0,0.116,0.0,0.626,0.374,"#ebadb0,#9a4557,#dcc347",0,text_overlay,
f9oNZmnsXuc,https://www.youtube.com/watch?v=f9oNZmnsXuc,Hehinton Double Boiler Candle Making Kit,114.0,storyboard,8,65.14,73.29,8.15,https://youtu.be/f9oNZmnsXuc?t=65s,transition,aux,0,0.5,"On-screen text card (auto-detected: static frame, OCR text). Text reads: 'mr, ey vt oats 7 en 57 te aa'.","mr, ey vt oats 7 en 57 te aa",1,0.0,0.105,0.019,0.379,0.059,"#838f8c,#62605c,#262521",0,text_overlay,
fGBtvzsGsjc,https://www.youtube.com/watch?v=fGBtvzsGsjc,why we wouldn't recommend using 100% soy wax in candle making 💯,71.0,storyboard,8,63.11,71.0,7.89,https://youtu.be/fGBtvzsGsjc?t=63s,transition,aux,0,0.5,Blank / near-black frame (auto-detected).,,0,0.0,0.0,0.0,0.004,0.0,"#010101,#010101,#010101",0,blank,
fS_Y1fC39kM,https://www.youtube.com/watch?v=fS_Y1fC39kM,How to Make Candles with Essential Oils - Homemade Summer DIY♡ NaturallyThriftyMom,261.0,storyboard,29,229.36,237.27,7.91,https://youtu.be/fS_Y1fC39kM?t=229s,transition,aux,0,0.4,Blank/black padding.,,0,0.0,0.0,0.0,0.001,0.004,"#000000,#090708,#050105",0,blank,
fS_Y1fC39kM,https://www.youtube.com/watch?v=fS_Y1fC39kM,How to Make Candles with Essential Oils - Homemade Summer DIY♡ NaturallyThriftyMom,261.0,storyboard,30,237.27,245.18,7.91,https://youtu.be/fS_Y1fC39kM?t=237s,transition,aux,0,0.4,Blank/black padding.,,0,0.0,0.0,0.0,0.001,0.004,"#000000,#080709,#070001",0,blank,
fS_Y1fC39kM,https://www.youtube.com/watch?v=fS_Y1fC39kM,How to Make Candles with Essential Oils - Homemade Summer DIY♡ NaturallyThriftyMom,261.0,storyboard,31,245.18,253.09,7.91,https://youtu.be/fS_Y1fC39kM?t=245s,transition,aux,0,0.4,Blank/black padding.,,0,0.0,0.0,0.0,0.001,0.004,"#000000,#080707,#09070a",0,blank,
fS_Y1fC39kM,https://www.youtube.com/watch?v=fS_Y1fC39kM,How to Make Candles with Essential Oils - Homemade Summer DIY♡ NaturallyThriftyMom,261.0,storyboard,32,253.09,261.0,7.91,https://youtu.be/fS_Y1fC39kM?t=253s,transition,aux,0,0.4,Blank/black padding.,,0,0.0,0.0,0.0,0.001,0.004,"#000000,#070709,#0b0608",0,blank,
fXBd9th3Mq8,https://www.youtube.com/watch?v=fXBd9th3Mq8,HOW TO START A CANDLE BUSINESS FOR $100 | Everything You NEED to START a CANDLE BUSINESS,898.0,storyboard,13,104.23,112.25,8.02,https://youtu.be/fXBd9th3Mq8?t=104s,transition,aux,0,0.45,Supply/product pages screenshot.,"Deed cosh erent ocgs tee ay eaten Hes 656 sOer dntete- oy ely Reted be grunt 108 Oe tei mt ery tS wow Son ota ee er oehe Meaney Rrwrner Soe Onperect Penta Sey Wee erm, Wem won Nese MAEVE Hane Metetsl ",1,0.0,0.199,0.127,0.79,0.132,"#f4f4f3,#c0bdb4,#786559",1,,
fXBd9th3Mq8,https://www.youtube.com/watch?v=fXBd9th3Mq8,HOW TO START A CANDLE BUSINESS FOR $100 | Everything You NEED to START a CANDLE BUSINESS,898.0,storyboard,14,112.25,120.27,8.02,https://youtu.be/fXBd9th3Mq8?t=112s,transition,aux,0,0.45,Product listing screenshot.,"pa 7 of we ee 2 te at mt we Say atte fees for CL areBe Maareg arercat 36 Ope feecet Soy Wee uae, Weare, Nee Sanur ness! eeteiet hey Was SO Lares Vey Wee beet fer eater ating Caade Was Organ Seog Wee t",1,0.0,0.282,0.0,0.803,0.134,"#f1f1ed,#b0a295,#61534c",0,text_overlay,
fXBd9th3Mq8,https://www.youtube.com/watch?v=fXBd9th3Mq8,HOW TO START A CANDLE BUSINESS FOR $100 | Everything You NEED to START a CANDLE BUSINESS,898.0,storyboard,15,120.27,128.29,8.02,https://youtu.be/fXBd9th3Mq8?t=120s,transition,aux,0,0.6,Host talks to camera (business advice).,"ee. 2 ee me An we Sy CaSe Mee for wede earn arwrcat top Orperect feeder Soy Wee uae, Wace here Saturv hast tart Sey Was Se Laws Wey Wie brad for auie Macy Cowie Wee Orga Seg Wee De tor Canto athe Maes",1,0.0,0.269,0.008,0.803,0.136,"#f1f1ee,#b0a295,#63544d",0,text_overlay,
fXBd9th3Mq8,https://www.youtube.com/watch?v=fXBd9th3Mq8,HOW TO START A CANDLE BUSINESS FOR $100 | Everything You NEED to START a CANDLE BUSINESS,898.0,storyboard,16,128.29,136.3,8.01,https://youtu.be/fXBd9th3Mq8?t=128s,transition,aux,0,0.45,Supplies screenshot.,twee tw tee twee ee 8 ee,1,0.0,0.145,0.137,0.868,0.114,"#fdfdfd,#a46279,#462020",1,,
fXBd9th3Mq8,https://www.youtube.com/watch?v=fXBd9th3Mq8,HOW TO START A CANDLE BUSINESS FOR $100 | Everything You NEED to START a CANDLE BUSINESS,898.0,storyboard,17,136.3,144.32,8.02,https://youtu.be/fXBd9th3Mq8?t=136s,transition,aux,0,0.45,Supply table screenshot.,Derwices 10 Lhe xc hart tne then re eas seeeee efit ewe mare ry ay rareory He soy ee Pare wrx 1 me eons /tecd Nene rey Oe Lo 31 oe wre Om ons Hi mea ee ee wee hy Vee yy vow ihe oe thee ele ere emagy w,1,0.0,0.151,0.0,0.842,0.116,"#f6f7f5,#b5a09d,#684547",0,text_overlay,
fXBd9th3Mq8,https://www.youtube.com/watch?v=fXBd9th3Mq8,HOW TO START A CANDLE BUSINESS FOR $100 | Everything You NEED to START a CANDLE BUSINESS,898.0,storyboard,18,144.32,152.34,8.02,https://youtu.be/fXBd9th3Mq8?t=144s,transition,aux,0,0.45,Supplies screenshot.,"Wikis, 100 Wick Stickers, 2 Centering Devices 10 Lbs meet Heeee en ese 4 wee. es ae 7 oe ee wen ew 7 tte oe ee ee ee te lee ee ee oe oe fee fone oy 4 ihe Mi bss seme iu: or woe me tou ee tow Se ne vie",1,1.0,0.127,0.092,0.846,0.103,"#f7f8f7,#bdbdbc,#724f56",0,talking_head,
fXBd9th3Mq8,https://www.youtube.com/watch?v=fXBd9th3Mq8,HOW TO START A CANDLE BUSINESS FOR $100 | Everything You NEED to START a CANDLE BUSINESS,898.0,storyboard,19,152.34,160.36,8.02,https://youtu.be/fXBd9th3Mq8?t=152s,transition,aux,0,0.6,Host talks to camera (business advice).,"4 Wetere ver. ere we we cee oe ee ee oe ee Wicks, 100 Wick Stickers 2 Centering Dewkes TO Uns oe Ne Gd OS EE aim 7 tee weve jc er Product detets 2 oe ee one at ee aan",1,0.0,0.147,0.047,0.875,0.114,"#f6f6f6,#cdcdb8,#754853",1,,
fXBd9th3Mq8,https://www.youtube.com/watch?v=fXBd9th3Mq8,HOW TO START A CANDLE BUSINESS FOR $100 | Everything You NEED to START a CANDLE BUSINESS,898.0,storyboard,20,160.36,168.37,8.01,https://youtu.be/fXBd9th3Mq8?t=160s,transition,aux,0,0.45,Wax-pellets screenshot.,"Wicks, 100 Wick Stickers 2 Centering Fy ah Se Cems 10 oneeeerre XL re cote oom ore tem ee en OO Ow ie ben tee aes ti 2 780me o's Gredect dutuite te? 0 aot ree Fie mE inna, ane",1,0.0,0.161,0.0,0.859,0.128,"#f6f7f6,#cdcdb8,#784a54",0,text_overlay,
fXBd9th3Mq8,https://www.youtube.com/watch?v=fXBd9th3Mq8,HOW TO START A CANDLE BUSINESS FOR $100 | Everything You NEED to START a CANDLE BUSINESS,898.0,storyboard,96,769.71,777.73,8.02,https://youtu.be/fXBd9th3Mq8?t=770s,transition,aux,0,0.45,Shipping-box order screenshot.,"yw, Fammagic 10 Pack Gude Bones White Shipping Small Busnes, Sait wa teeeesy tans ome 0 co Mleew as oo. ee ee te wwe 2 OS eee 7 tated ent eo tome ee emo ee were eee um peed baw um Sy ye eSew ceare Pre",1,0.0,0.142,0.01,0.854,0.114,"#f6f6f6,#b49191,#664141",0,text_overlay,
fXBd9th3Mq8,https://www.youtube.com/watch?v=fXBd9th3Mq8,HOW TO START A CANDLE BUSINESS FOR $100 | Everything You NEED to START a CANDLE BUSINESS,898.0,storyboard,97,777.73,785.75,8.02,https://youtu.be/fXBd9th3Mq8?t=778s,transition,aux,0,0.45,Shipping order screenshot.,"ee yw Fatnagic 10 Pack Gxdne Bones White Sipping Small Business, Small Ab eeeee Hime aoe co 0 2 om awed 21 toa Oe ee een es et ee amen OOF HEF Hee met me me 6 hoe to ow ewe oe 2 Oe 5 oe en Oat we frre",1,0.0,0.133,0.0,0.856,0.115,"#f5f5f3,#ad8683,#5a343b",0,text_overlay,
gSnmUNHpwJY,https://www.youtube.com/watch?v=gSnmUNHpwJY,Quick and easy way to wax raw wick for candles,121.0,storyboard,13,104.87,112.93,8.06,https://youtu.be/gSnmUNHpwJY?t=105s,transition,aux,0,0.5,Blank / near-black frame (auto-detected).,,0,0.0,0.0,0.0,0.001,0.006,"#000000,#040101,#0a0506",0,blank,
gSnmUNHpwJY,https://www.youtube.com/watch?v=gSnmUNHpwJY,Quick and easy way to wax raw wick for candles,121.0,storyboard,14,112.93,121.0,8.07,https://youtu.be/gSnmUNHpwJY?t=113s,transition,aux,0,0.5,Blank / near-black frame (auto-detected).,,0,0.0,0.0,0.0,0.001,0.006,"#000000,#020102,#0a0505",0,blank,
gUmo_4_EhuI,https://www.youtube.com/watch?v=gUmo_4_EhuI,Make DIY Aesthetic Candles with Me | DIY cute candles handmade candle gift ideas | Temu molds review,529.0,storyboard,26,208.39,216.41,8.02,https://youtu.be/gUmo_4_EhuI?t=208s,transition,aux,0,0.6,Checkered-tray b-roll.,my if bin lly,1,0.0,0.025,0.0,0.581,0.135,"#9a8a84,#c8c6c6,#645136",1,,
hHOzUDG8Upg,https://www.youtube.com/watch?v=hHOzUDG8Upg,Mass Production Process of Candle. A day in a Candle Factory.,796.0,storyboard,2,15.92,23.88,7.96,https://youtu.be/hHOzUDG8Upg?t=16s,transition,aux,0,0.4,Delivery truck / exterior b-roll.,,0,0.0,0.088,0.316,0.479,0.042,"#463f47,#e7e2eb,#8b8185",1,,
hHOzUDG8Upg,https://www.youtube.com/watch?v=hHOzUDG8Upg,Mass Production Process of Candle. A day in a Candle Factory.,796.0,storyboard,22,175.12,183.08,7.96,https://youtu.be/hHOzUDG8Upg?t=175s,transition,aux,0,0.5,"On-screen text card (auto-detected: static frame, OCR text). Text reads: 'te za ee ae 9 oe is By tes ws, Ta as Me 2 4 rs'.","te za ee ae 9 oe is By tes ws, Ta as Me 2 4 rs",1,0.0,0.088,0.0,0.477,0.041,"#85837b,#48453d,#cac8c0",0,text_overlay,
hHOzUDG8Upg,https://www.youtube.com/watch?v=hHOzUDG8Upg,Mass Production Process of Candle. A day in a Candle Factory.,796.0,storyboard,91,724.36,732.32,7.96,https://youtu.be/hHOzUDG8Upg?t=724s,transition,aux,0,0.45,Packing candles into boxes / conveyor b-roll.,an,0,0.0,0.02,0.23,0.428,0.096,"#8f785a,#b8a78d,#3b3e31",1,,
hHOzUDG8Upg,https://www.youtube.com/watch?v=hHOzUDG8Upg,Mass Production Process of Candle. A day in a Candle Factory.,796.0,storyboard,92,732.32,740.28,7.96,https://youtu.be/hHOzUDG8Upg?t=732s,transition,aux,0,0.45,Packing candles into boxes / conveyor b-roll.,es oa 4 Ne 7 cal pe eo,1,0.0,0.024,0.296,0.44,0.114,"#1f1a16,#c7b8a2,#785f46",1,,
hHOzUDG8Upg,https://www.youtube.com/watch?v=hHOzUDG8Upg,Mass Production Process of Candle. A day in a Candle Factory.,796.0,storyboard,93,740.28,748.24,7.96,https://youtu.be/hHOzUDG8Upg?t=740s,transition,aux,0,0.45,Packing candles into boxes / conveyor b-roll.,eS os an? rit 4 he. 4.,1,0.0,0.061,0.0,0.425,0.1,"#4a3c31,#8e7c67,#c1b4a4",1,,
hHOzUDG8Upg,https://www.youtube.com/watch?v=hHOzUDG8Upg,Mass Production Process of Candle. A day in a Candle Factory.,796.0,storyboard,94,748.24,756.2,7.96,https://youtu.be/hHOzUDG8Upg?t=748s,transition,aux,0,0.45,Packing candles into boxes / conveyor b-roll.,nl On 5 8 Oe oe zt 2 ee SN rf 7 7 7 at ON De San os La,1,0.0,0.051,0.2,0.333,0.14,"#251d17,#68553b,#a39165",1,,
hHOzUDG8Upg,https://www.youtube.com/watch?v=hHOzUDG8Upg,Mass Production Process of Candle. A day in a Candle Factory.,796.0,storyboard,95,756.2,764.16,7.96,https://youtu.be/hHOzUDG8Upg?t=756s,transition,aux,0,0.45,Packing candles into boxes / conveyor b-roll.,ruff Ta Oe.,1,0.0,0.071,0.244,0.35,0.146,"#7e6f5a,#423223,#d1bfac",1,,
hHOzUDG8Upg,https://www.youtube.com/watch?v=hHOzUDG8Upg,Mass Production Process of Candle. A day in a Candle Factory.,796.0,storyboard,96,764.16,772.12,7.96,https://youtu.be/hHOzUDG8Upg?t=764s,transition,aux,0,0.45,Packing candles into boxes / conveyor b-roll.,"aan ae 4 che ar aS Wi AS ee 7 cd aw ei,",1,0.0,0.172,0.0,0.397,0.14,"#827258,#433221,#d0c1a4",0,text_overlay,
hHRi4I1mWuU,https://www.youtube.com/watch?v=hHRi4I1mWuU,Everyone’s freaking out over these Candle HACKS using Dollar Tree Candles,883.0,storyboard,18,144.49,152.52,8.03,https://youtu.be/hHRi4I1mWuU?t=144s,transition,aux,0,0.4,Product grid card.,STAPLE SRE ih od OPES ee ee,1,0.0,0.138,0.244,0.782,0.117,"#f2f1e3,#b6aea0,#846739",1,,
hHRi4I1mWuU,https://www.youtube.com/watch?v=hHRi4I1mWuU,Everyone’s freaking out over these Candle HACKS using Dollar Tree Candles,883.0,storyboard,24,192.65,200.68,8.03,https://youtu.be/hHRi4I1mWuU?t=193s,transition,aux,0,0.5,Product/ingredient cards shown.,,0,0.0,0.242,0.0,0.724,0.295,"#f3ecdf,#dba078,#ac4e3e",1,,
ii200kAolbk,https://www.youtube.com/watch?v=ii200kAolbk,How to Calculate Wax and Fragrance for Candles | Candle Making Math Made Easy | Candle Formulas,246.0,storyboard,7,55.55,63.48,7.93,https://youtu.be/ii200kAolbk?t=56s,transition,aux,0,0.4,Animated candle-vessel diagram / fragrance-load graphic.,wax flakes melted wax,1,0.0,0.057,0.131,0.846,0.04,"#f3f0e8,#adaaa5,#1a1817",1,,
ii200kAolbk,https://www.youtube.com/watch?v=ii200kAolbk,How to Calculate Wax and Fragrance for Candles | Candle Making Math Made Easy | Candle Formulas,246.0,storyboard,8,63.48,71.42,7.94,https://youtu.be/ii200kAolbk?t=63s,transition,aux,0,0.4,Animated candle-vessel diagram / fragrance-load graphic.,SS,0,0.333,0.064,0.161,0.836,0.042,"#f4f1e9,#afaca5,#25221f",1,,
ii200kAolbk,https://www.youtube.com/watch?v=ii200kAolbk,How to Calculate Wax and Fragrance for Candles | Candle Making Math Made Easy | Candle Formulas,246.0,storyboard,9,71.42,79.35,7.93,https://youtu.be/ii200kAolbk?t=71s,transition,aux,0,0.4,Animated candle-vessel diagram / fragrance-load graphic.,tere,0,0.333,0.066,0.03,0.929,0.023,"#f4f0e8,#b5b2ab,#382f2d",1,,
ii200kAolbk,https://www.youtube.com/watch?v=ii200kAolbk,How to Calculate Wax and Fragrance for Candles | Candle Making Math Made Easy | Candle Formulas,246.0,storyboard,19,150.77,158.71,7.94,https://youtu.be/ii200kAolbk?t=151s,transition,aux,0,0.5,"On-screen text card (auto-detected: static frame, OCR text). Text reads: '2 Per costalner ontainers Cunces needed'.",2 Per costalner ontainers Cunces needed,1,0.0,0.056,0.013,0.936,0.022,"#f4f1e9,#c9c6bf,#9e9b94",0,text_overlay,
ii200kAolbk,https://www.youtube.com/watch?v=ii200kAolbk,How to Calculate Wax and Fragrance for Candles | Candle Making Math Made Easy | Candle Formulas,246.0,storyboard,20,158.71,166.65,7.94,https://youtu.be/ii200kAolbk?t=159s,transition,aux,0,0.4,Animated candle-vessel diagram / fragrance-load graphic.,8 4 32 Morcontana: Cree ounces needed,1,0.0,0.055,0.119,0.86,0.039,"#f4f1e9,#c9c6c0,#a19e97",1,,
ii200kAolbk,https://www.youtube.com/watch?v=ii200kAolbk,How to Calculate Wax and Fragrance for Candles | Candle Making Math Made Easy | Candle Formulas,246.0,storyboard,21,166.65,174.58,7.93,https://youtu.be/ii200kAolbk?t=167s,transition,aux,0,0.5,Host talks to camera about calculating wax and fragrance amounts.,1. How much fragrance can your wax can hold?,1,0.0,0.045,0.146,0.846,0.043,"#f4f1e9,#c0bdb7,#96938b",1,,
ii200kAolbk,https://www.youtube.com/watch?v=ii200kAolbk,How to Calculate Wax and Fragrance for Candles | Candle Making Math Made Easy | Candle Formulas,246.0,storyboard,22,174.58,182.52,7.94,https://youtu.be/ii200kAolbk?t=175s,transition,aux,0,0.4,Animated candle-vessel diagram / fragrance-load graphic.,ee ee wr Ei li wml oT ef 0 en ill ne SO 7 el,1,0.333,0.059,0.21,0.765,0.059,"#e3e2e0,#b2a499,#231d21",1,,
ivWkG-wDrn4,https://www.youtube.com/watch?v=ivWkG-wDrn4,The automatic candle maker nobody's talking about (yet),209.0,storyboard,0,0.0,8.04,8.04,https://youtu.be/ivWkG-wDrn4?t=0s,transition,aux,0,0.5,Blank / near-black frame (auto-detected).,,0,0.0,0.005,0.012,0.081,0.107,"#020f16,#06243b,#537e91",0,blank,
ivWkG-wDrn4,https://www.youtube.com/watch?v=ivWkG-wDrn4,The automatic candle maker nobody's talking about (yet),209.0,storyboard,1,8.04,16.08,8.04,https://youtu.be/ivWkG-wDrn4?t=8s,transition,aux,0,0.4,Animated logo intro.,2 Pe ae. sa yp 2 Se 2 Sf Trt ELCOME TO OUR CHANNEL,1,0.333,0.06,0.245,0.314,0.074,"#3c3f44,#7e848c,#c6cdd3",1,,
ivWkG-wDrn4,https://www.youtube.com/watch?v=ivWkG-wDrn4,The automatic candle maker nobody's talking about (yet),209.0,storyboard,2,16.08,24.12,8.04,https://youtu.be/ivWkG-wDrn4?t=16s,transition,aux,0,0.4,Animated map graphic.,ve sf SS av TODAY WE'LL BE/REVIEWING,1,0.0,0.097,0.062,0.421,0.073,"#393e43,#d6dcdf,#799594",1,,
ivWkG-wDrn4,https://www.youtube.com/watch?v=ivWkG-wDrn4,The automatic candle maker nobody's talking about (yet),209.0,storyboard,3,24.12,32.15,8.03,https://youtu.be/ivWkG-wDrn4?t=24s,transition,aux,0,0.4,Animated map graphic.,Le Tyee! Trt PROFITABLE/AND FUN PROJECT,1,0.0,0.109,0.058,0.43,0.072,"#393f43,#d8dddf,#779295",1,,
ivWkG-wDrn4,https://www.youtube.com/watch?v=ivWkG-wDrn4,The automatic candle maker nobody's talking about (yet),209.0,storyboard,4,32.15,40.19,8.04,https://youtu.be/ivWkG-wDrn4?t=32s,transition,aux,0,0.4,Animated graphic.,Poe Gg SUBSCRIBED re 3 iS rT ee BUTTON TO RECEIVE ALL,1,0.0,0.082,0.037,0.437,0.066,"#303438,#d1d5d8,#4b5055",1,,
ivWkG-wDrn4,https://www.youtube.com/watch?v=ivWkG-wDrn4,The automatic candle maker nobody's talking about (yet),209.0,storyboard,5,40.19,48.23,8.04,https://youtu.be/ivWkG-wDrn4?t=40s,transition,aux,0,0.4,Animated graphic.,7 eo? sy Ee ie ray 1 42 Wal Bs BAL fess2i73334 bg,1,0.0,0.194,0.175,0.482,0.06,"#51515d,#7f828e,#ced2d8",1,,
ivWkG-wDrn4,https://www.youtube.com/watch?v=ivWkG-wDrn4,The automatic candle maker nobody's talking about (yet),209.0,storyboard,8,64.31,72.35,8.04,https://youtu.be/ivWkG-wDrn4?t=64s,transition,aux,0,0.4,Animated graphic.,nes. ee ne ee se SECTION 2 MATERIALS REQUIRED,1,0.0,0.074,0.157,0.443,0.263,"#981d22,#c55159,#d8bdbd",1,,
ivWkG-wDrn4,https://www.youtube.com/watch?v=ivWkG-wDrn4,The automatic candle maker nobody's talking about (yet),209.0,storyboard,20,160.77,168.81,8.04,https://youtu.be/ivWkG-wDrn4?t=161s,transition,aux,0,0.4,Animated map graphic.,"fe xe FS Ly LF, oe COMPANIES SPECIALIZING IN MANUFACTURING",1,0.0,0.142,0.022,0.733,0.183,"#a6d5f5,#5a8dcb,#667f6b",1,,
ivWkG-wDrn4,https://www.youtube.com/watch?v=ivWkG-wDrn4,The automatic candle maker nobody's talking about (yet),209.0,storyboard,21,168.81,176.85,8.04,https://youtu.be/ivWkG-wDrn4?t=169s,transition,aux,0,0.4,Animated graphic.,,0,0.0,0.132,0.019,0.735,0.181,"#a2d3f6,#5187c9,#ddf0f9",1,,
ivWkG-wDrn4,https://www.youtube.com/watch?v=ivWkG-wDrn4,The automatic candle maker nobody's talking about (yet),209.0,storyboard,22,176.85,184.88,8.03,https://youtu.be/ivWkG-wDrn4?t=177s,transition,aux,0,0.4,Factory candle line.,"ee! eae 4 ay some on 4 ah aes AE Pech, EP? Pam! conprenensive OVERVIEW",1,0.0,0.134,0.281,0.563,0.116,"#53543d,#897663,#c3b59f",1,,
ivWkG-wDrn4,https://www.youtube.com/watch?v=ivWkG-wDrn4,The automatic candle maker nobody's talking about (yet),209.0,storyboard,23,184.88,192.92,8.04,https://youtu.be/ivWkG-wDrn4?t=185s,transition,aux,0,0.4,Industrial b-roll.,yf 7 Ss ey 2 7. Wis FORGET TO SUB: CRIBE,1,0.0,0.057,0.298,0.461,0.048,"#d3d3ce,#222322,#78776f",1,,
ivWkG-wDrn4,https://www.youtube.com/watch?v=ivWkG-wDrn4,The automatic candle maker nobody's talking about (yet),209.0,storyboard,24,192.92,200.96,8.04,https://youtu.be/ivWkG-wDrn4?t=193s,transition,aux,0,0.4,Animated graphic.,4 oe Di Ps,1,0.0,0.031,0.239,0.461,0.042,"#827e75,#454238,#d3cfca",1,,
ivWkG-wDrn4,https://www.youtube.com/watch?v=ivWkG-wDrn4,The automatic candle maker nobody's talking about (yet),209.0,storyboard,25,200.96,209.0,8.04,https://youtu.be/ivWkG-wDrn4?t=201s,transition,aux,0,0.5,Blank / near-black frame (auto-detected).,,0,0.0,0.008,0.003,0.004,0.001,"#000000,#dedede,#555555",0,blank,
jJWl9Kpwbno,https://www.youtube.com/watch?v=jJWl9Kpwbno,How to Make Candles in 5 Minutes (Crash Course) | DIY Candle Making for Beginners,442.0,storyboard,13,104.47,112.51,8.04,https://youtu.be/jJWl9Kpwbno?t=104s,transition,aux,0,0.55,'About Wicks' educational graphic insert,AS ae,0,0.0,0.245,0.0,0.569,0.161,"#c7c0ad,#8f7266,#301f19",1,,description references on-screen text but OCR found none
jJWl9Kpwbno,https://www.youtube.com/watch?v=jJWl9Kpwbno,How to Make Candles in 5 Minutes (Crash Course) | DIY Candle Making for Beginners,442.0,storyboard,14,112.51,120.55,8.04,https://youtu.be/jJWl9Kpwbno?t=113s,transition,aux,0,0.5,animated graphic insert,Ee,0,0.5,0.107,0.54,0.311,0.127,"#c8c1b7,#8d7f78,#2e211e",0,talking_head,
jJWl9Kpwbno,https://www.youtube.com/watch?v=jJWl9Kpwbno,How to Make Candles in 5 Minutes (Crash Course) | DIY Candle Making for Beginners,442.0,storyboard,15,120.55,128.58,8.03,https://youtu.be/jJWl9Kpwbno?t=121s,transition,aux,0,0.5,pile of wax flakes b-roll,"ur oy, le avi",1,0.0,0.058,0.351,0.373,0.098,"#1d1b19,#444541,#9f908a",1,,
jJWl9Kpwbno,https://www.youtube.com/watch?v=jJWl9Kpwbno,How to Make Candles in 5 Minutes (Crash Course) | DIY Candle Making for Beginners,442.0,storyboard,16,128.58,136.62,8.04,https://youtu.be/jJWl9Kpwbno?t=129s,transition,aux,0,0.6,'NEW CANDLE MAKER WATCH THIS FIRST' card,Ba 4 om BF es,1,0.5,0.194,0.398,0.503,0.132,"#b5aba5,#221816,#625550",0,talking_head,
jJWl9Kpwbno,https://www.youtube.com/watch?v=jJWl9Kpwbno,How to Make Candles in 5 Minutes (Crash Course) | DIY Candle Making for Beginners,442.0,storyboard,28,225.02,233.05,8.03,https://youtu.be/jJWl9Kpwbno?t=225s,transition,aux,0,0.6,fragrance-ratio text caption,ee 1,0,1.0,0.174,0.114,0.281,0.096,"#1e1c19,#484642,#9d8a84",0,talking_head,description references on-screen text but OCR found none
jJWl9Kpwbno,https://www.youtube.com/watch?v=jJWl9Kpwbno,How to Make Candles in 5 Minutes (Crash Course) | DIY Candle Making for Beginners,442.0,storyboard,29,233.05,241.09,8.04,https://youtu.be/jJWl9Kpwbno?t=233s,transition,aux,0,0.6,fragrance-ratio text caption,Most waxes hold 1 to 1.602 of fragrance oil per 1602 of wax,1,0.0,0.181,0.004,0.06,0.023,"#030202,#c6c6c6,#696969",0,blank,
jJWl9Kpwbno,https://www.youtube.com/watch?v=jJWl9Kpwbno,How to Make Candles in 5 Minutes (Crash Course) | DIY Candle Making for Beginners,442.0,storyboard,30,241.09,249.13,8.04,https://youtu.be/jJWl9Kpwbno?t=241s,transition,aux,0,0.4,shelf of jars b-roll,ae bl. er 2.,1,1.0,0.096,0.0,0.235,0.069,"#1e1d1b,#484742,#a1918b",0,talking_head,
jJWl9Kpwbno,https://www.youtube.com/watch?v=jJWl9Kpwbno,How to Make Candles in 5 Minutes (Crash Course) | DIY Candle Making for Beginners,442.0,storyboard,31,249.13,257.16,8.03,https://youtu.be/jJWl9Kpwbno?t=249s,transition,aux,0,0.5,blank/black frame,Ce,0,0.0,0.039,0.114,0.218,0.058,"#161312,#525a64,#b1b0b1",1,,
jJWl9Kpwbno,https://www.youtube.com/watch?v=jJWl9Kpwbno,How to Make Candles in 5 Minutes (Crash Course) | DIY Candle Making for Beginners,442.0,storyboard,34,273.24,281.27,8.03,https://youtu.be/jJWl9Kpwbno?t=273s,transition,aux,0,0.6,'Keep Wicks Centered' diagram insert,SS oe ty af 4 oe eft 7 ae Sts tas,1,0.0,0.035,0.424,0.289,0.181,"#b69866,#89683c,#372011",1,,
jVRtUAY0SpI,https://www.youtube.com/watch?v=jVRtUAY0SpI,The candle that made me go VIRAL ✨ Studio Vlog No. 1 ✨ The making of Cloud Nine,569.0,storyboard,18,144.25,152.27,8.02,https://youtu.be/jVRtUAY0SpI?t=144s,transition,aux,0,0.5,"On-screen text card (auto-detected: static frame, OCR text). Text reads: '7 esi 1 re 3 mil iz 7 oa ee 5 ah Be 4 7 ww aat' ss Boe'.",7 esi 1 re 3 mil iz 7 oa ee 5 ah Be 4 7 ww aat' ss Boe,1,0.0,0.148,0.0,0.339,0.066,"#211c19,#675f56,#bcb9b6",0,text_overlay,
jbIMRuMBGFA,https://www.youtube.com/watch?v=jbIMRuMBGFA,Tips to prevent frosting and sinkholes in candles | soy wax frosting | sinkholes in candles,269.0,storyboard,2,15.82,23.74,7.92,https://youtu.be/jbIMRuMBGFA?t=16s,transition,aux,0,0.4,'Soy Wax Frosting' caption with examples.,,0,0.0,0.047,0.116,0.813,0.166,"#e6eeec,#bed1cf,#719d87",1,,description references on-screen text but OCR found none
jbIMRuMBGFA,https://www.youtube.com/watch?v=jbIMRuMBGFA,Tips to prevent frosting and sinkholes in candles | soy wax frosting | sinkholes in candles,269.0,storyboard,3,23.74,31.65,7.91,https://youtu.be/jbIMRuMBGFA?t=24s,transition,aux,0,0.4,Frosting comparison.,Soy Wax Frosting,1,0.0,0.03,0.036,0.729,0.13,"#e0dfe0,#7b455f,#b17e96",1,,
jbIMRuMBGFA,https://www.youtube.com/watch?v=jbIMRuMBGFA,Tips to prevent frosting and sinkholes in candles | soy wax frosting | sinkholes in candles,269.0,storyboard,4,31.65,39.56,7.91,https://youtu.be/jbIMRuMBGFA?t=32s,transition,aux,0,0.4,'Soy Wax Frosting' caption.,re,0,0.0,0.06,0.19,0.58,0.139,"#e0e2cb,#3c1915,#7d594d",1,,description references on-screen text but OCR found none
jbMUNPj_okc,https://www.youtube.com/watch?v=jbMUNPj_okc,How to calculate how much fragrance oil to put in your candles || EASIEST CANDLE MATH,860.0,storyboard,39,310.56,318.52,7.96,https://youtu.be/jbMUNPj_okc?t=311s,transition,aux,0,0.6,Overhead: working fragrance calculations on a notepad with a calculator.,tN,0,0.0,0.1,0.085,0.401,0.086,"#27383d,#d8c9d7,#756e7a",1,,
jbMUNPj_okc,https://www.youtube.com/watch?v=jbMUNPj_okc,How to calculate how much fragrance oil to put in your candles || EASIEST CANDLE MATH,860.0,storyboard,40,318.52,326.48,7.96,https://youtu.be/jbMUNPj_okc?t=319s,transition,aux,0,0.6,Overhead: working fragrance calculations on a notepad with a calculator.,,0,0.0,0.108,0.0,0.396,0.101,"#28353a,#d5bbc8,#886f79",1,,
jbMUNPj_okc,https://www.youtube.com/watch?v=jbMUNPj_okc,How to calculate how much fragrance oil to put in your candles || EASIEST CANDLE MATH,860.0,storyboard,41,326.48,334.44,7.96,https://youtu.be/jbMUNPj_okc?t=326s,transition,aux,0,0.6,Overhead: working fragrance calculations on a notepad with a calculator.,,0,0.0,0.096,0.048,0.411,0.087,"#2a373e,#d8c4d1,#947b85",1,,
jbMUNPj_okc,https://www.youtube.com/watch?v=jbMUNPj_okc,How to calculate how much fragrance oil to put in your candles || EASIEST CANDLE MATH,860.0,storyboard,42,334.44,342.41,7.97,https://youtu.be/jbMUNPj_okc?t=334s,transition,aux,0,0.6,Overhead: working fragrance calculations on a notepad with a calculator.,CE.,0,0.0,0.135,0.037,0.401,0.091,"#29373d,#d9c8d5,#a2808a",1,,
jbMUNPj_okc,https://www.youtube.com/watch?v=jbMUNPj_okc,How to calculate how much fragrance oil to put in your candles || EASIEST CANDLE MATH,860.0,storyboard,43,342.41,350.37,7.96,https://youtu.be/jbMUNPj_okc?t=342s,transition,aux,0,0.6,Overhead: working fragrance calculations on a notepad with a calculator.,gc,0,0.0,0.142,0.0,0.381,0.098,"#28363d,#d4becc,#977781",1,,
jbMUNPj_okc,https://www.youtube.com/watch?v=jbMUNPj_okc,How to calculate how much fragrance oil to put in your candles || EASIEST CANDLE MATH,860.0,storyboard,44,350.37,358.33,7.96,https://youtu.be/jbMUNPj_okc?t=350s,transition,aux,0,0.6,Overhead: working fragrance calculations on a notepad with a calculator.,on,0,0.0,0.091,0.08,0.405,0.097,"#2c383f,#dfcfdd,#ba9ca1",1,,
jbMUNPj_okc,https://www.youtube.com/watch?v=jbMUNPj_okc,How to calculate how much fragrance oil to put in your candles || EASIEST CANDLE MATH,860.0,storyboard,45,358.33,366.3,7.97,https://youtu.be/jbMUNPj_okc?t=358s,transition,aux,0,0.6,Overhead: working fragrance calculations on a notepad with a calculator.,Be,0,0.0,0.112,0.134,0.4,0.133,"#29363a,#d4aeb5,#9a6c73",1,,
jbMUNPj_okc,https://www.youtube.com/watch?v=jbMUNPj_okc,How to calculate how much fragrance oil to put in your candles || EASIEST CANDLE MATH,860.0,storyboard,46,366.3,374.26,7.96,https://youtu.be/jbMUNPj_okc?t=366s,transition,aux,0,0.6,Overhead: working fragrance calculations on a notepad with a calculator.,is IN,0,0.0,0.147,0.0,0.407,0.116,"#233237,#cfb2b9,#636067",1,,
jbMUNPj_okc,https://www.youtube.com/watch?v=jbMUNPj_okc,How to calculate how much fragrance oil to put in your candles || EASIEST CANDLE MATH,860.0,storyboard,47,374.26,382.22,7.96,https://youtu.be/jbMUNPj_okc?t=374s,transition,aux,0,0.6,Overhead: working fragrance calculations on a notepad with a calculator.,on,0,0.0,0.094,0.072,0.403,0.101,"#2b373d,#dac5d3,#9b808b",1,,
jbMUNPj_okc,https://www.youtube.com/watch?v=jbMUNPj_okc,How to calculate how much fragrance oil to put in your candles || EASIEST CANDLE MATH,860.0,storyboard,48,382.22,390.19,7.97,https://youtu.be/jbMUNPj_okc?t=382s,transition,aux,0,0.6,Overhead: working fragrance calculations on a notepad with a calculator.,yl,0,0.0,0.084,0.0,0.388,0.1,"#29363c,#dac1d0,#927580",1,,
jbMUNPj_okc,https://www.youtube.com/watch?v=jbMUNPj_okc,How to calculate how much fragrance oil to put in your candles || EASIEST CANDLE MATH,860.0,storyboard,49,390.19,398.15,7.96,https://youtu.be/jbMUNPj_okc?t=390s,transition,aux,0,0.6,Overhead: working fragrance calculations on a notepad with a calculator.,,0,0.0,0.082,0.063,0.416,0.101,"#2c383f,#dccbd9,#ad848c",1,,
jbMUNPj_okc,https://www.youtube.com/watch?v=jbMUNPj_okc,How to calculate how much fragrance oil to put in your candles || EASIEST CANDLE MATH,860.0,storyboard,50,398.15,406.11,7.96,https://youtu.be/jbMUNPj_okc?t=398s,transition,aux,0,0.6,Overhead: working fragrance calculations on a notepad with a calculator.,Ne,0,0.0,0.131,0.05,0.401,0.093,"#29353b,#d7c4d2,#8a737f",1,,
jbMUNPj_okc,https://www.youtube.com/watch?v=jbMUNPj_okc,How to calculate how much fragrance oil to put in your candles || EASIEST CANDLE MATH,860.0,storyboard,51,406.11,414.07,7.96,https://youtu.be/jbMUNPj_okc?t=406s,transition,aux,0,0.6,Overhead: working fragrance calculations on a notepad with a calculator.,Ng,0,0.0,0.112,0.0,0.374,0.099,"#29363b,#d5c0cd,#997d88",1,,
jbMUNPj_okc,https://www.youtube.com/watch?v=jbMUNPj_okc,How to calculate how much fragrance oil to put in your candles || EASIEST CANDLE MATH,860.0,storyboard,52,414.07,422.04,7.97,https://youtu.be/jbMUNPj_okc?t=414s,transition,aux,0,0.6,Overhead: working fragrance calculations on a notepad with a calculator.,ons at,0,0.0,0.128,0.028,0.38,0.099,"#2a373c,#d7c2ce,#967b85",1,,
jbMUNPj_okc,https://www.youtube.com/watch?v=jbMUNPj_okc,How to calculate how much fragrance oil to put in your candles || EASIEST CANDLE MATH,860.0,storyboard,53,422.04,430.0,7.96,https://youtu.be/jbMUNPj_okc?t=422s,transition,aux,0,0.6,Overhead: working fragrance calculations on a notepad with a calculator.,st,0,0.0,0.117,0.0,0.38,0.099,"#2a353b,#d6c2ce,#927680",1,,
jbMUNPj_okc,https://www.youtube.com/watch?v=jbMUNPj_okc,How to calculate how much fragrance oil to put in your candles || EASIEST CANDLE MATH,860.0,storyboard,54,430.0,437.96,7.96,https://youtu.be/jbMUNPj_okc?t=430s,transition,aux,0,0.6,Overhead: working fragrance calculations on a notepad with a calculator.,,0,0.0,0.161,0.064,0.389,0.101,"#2c363c,#d5c2cf,#9e7d86",1,,
jbMUNPj_okc,https://www.youtube.com/watch?v=jbMUNPj_okc,How to calculate how much fragrance oil to put in your candles || EASIEST CANDLE MATH,860.0,storyboard,55,437.96,445.93,7.97,https://youtu.be/jbMUNPj_okc?t=438s,transition,aux,0,0.6,Overhead: working fragrance calculations on a notepad with a calculator.,,0,0.0,0.133,0.063,0.388,0.097,"#253339,#cfbac7,#72646f",1,,
jbMUNPj_okc,https://www.youtube.com/watch?v=jbMUNPj_okc,How to calculate how much fragrance oil to put in your candles || EASIEST CANDLE MATH,860.0,storyboard,56,445.93,453.89,7.96,https://youtu.be/jbMUNPj_okc?t=446s,transition,aux,0,0.6,Overhead: working fragrance calculations on a notepad with a calculator.,,0,0.0,0.2,0.0,0.405,0.107,"#253339,#d5c1cf,#916c75",1,,
jbMUNPj_okc,https://www.youtube.com/watch?v=jbMUNPj_okc,How to calculate how much fragrance oil to put in your candles || EASIEST CANDLE MATH,860.0,storyboard,57,453.89,461.85,7.96,https://youtu.be/jbMUNPj_okc?t=454s,transition,aux,0,0.6,Overhead: working fragrance calculations on a notepad with a calculator.,Om,0,0.0,0.126,0.032,0.383,0.097,"#253339,#d1bdca,#746670",1,,
jbMUNPj_okc,https://www.youtube.com/watch?v=jbMUNPj_okc,How to calculate how much fragrance oil to put in your candles || EASIEST CANDLE MATH,860.0,storyboard,58,461.85,469.81,7.96,https://youtu.be/jbMUNPj_okc?t=462s,transition,aux,0,0.6,Overhead: working fragrance calculations on a notepad with a calculator.,4,0,0.0,0.126,0.032,0.383,0.097,"#253439,#cfbac7,#6f616b",1,,
jbMUNPj_okc,https://www.youtube.com/watch?v=jbMUNPj_okc,How to calculate how much fragrance oil to put in your candles || EASIEST CANDLE MATH,860.0,storyboard,59,469.81,477.78,7.97,https://youtu.be/jbMUNPj_okc?t=470s,transition,aux,0,0.6,Overhead: working fragrance calculations on a notepad with a calculator.,,0,0.0,0.131,0.0,0.401,0.091,"#243338,#d2c0cd,#6b5f69",1,,
jbMUNPj_okc,https://www.youtube.com/watch?v=jbMUNPj_okc,How to calculate how much fragrance oil to put in your candles || EASIEST CANDLE MATH,860.0,storyboard,60,477.78,485.74,7.96,https://youtu.be/jbMUNPj_okc?t=478s,transition,aux,0,0.6,Overhead: working fragrance calculations on a notepad with a calculator.,OF.,0,0.0,0.103,0.047,0.392,0.103,"#27343a,#d6bcc8,#876b76",1,,
jbMUNPj_okc,https://www.youtube.com/watch?v=jbMUNPj_okc,How to calculate how much fragrance oil to put in your candles || EASIEST CANDLE MATH,860.0,storyboard,61,485.74,493.7,7.96,https://youtu.be/jbMUNPj_okc?t=486s,transition,aux,0,0.6,Overhead: working fragrance calculations on a notepad with a calculator.,om.,0,0.0,0.11,0.0,0.384,0.098,"#26343a,#d3bcc9,#766670",1,,
jbMUNPj_okc,https://www.youtube.com/watch?v=jbMUNPj_okc,How to calculate how much fragrance oil to put in your candles || EASIEST CANDLE MATH,860.0,storyboard,62,493.7,501.67,7.97,https://youtu.be/jbMUNPj_okc?t=494s,transition,aux,0,0.6,Overhead: working fragrance calculations on a notepad with a calculator.,is 4 at,0,0.0,0.157,0.04,0.389,0.094,"#253339,#d2bfcd,#716371",1,,
jbMUNPj_okc,https://www.youtube.com/watch?v=jbMUNPj_okc,How to calculate how much fragrance oil to put in your candles || EASIEST CANDLE MATH,860.0,storyboard,63,501.67,509.63,7.96,https://youtu.be/jbMUNPj_okc?t=502s,transition,aux,0,0.6,Overhead: working fragrance calculations on a notepad with a calculator.,ae On,0,0.0,0.166,0.04,0.387,0.088,"#253339,#d5c3d0,#766773",1,,
jbMUNPj_okc,https://www.youtube.com/watch?v=jbMUNPj_okc,How to calculate how much fragrance oil to put in your candles || EASIEST CANDLE MATH,860.0,storyboard,64,509.63,517.59,7.96,https://youtu.be/jbMUNPj_okc?t=510s,transition,aux,0,0.6,Overhead: working fragrance calculations on a notepad with a calculator.,4 On,0,0.0,0.156,0.0,0.39,0.09,"#26343a,#d5c2cf,#7a6a75",1,,
jbMUNPj_okc,https://www.youtube.com/watch?v=jbMUNPj_okc,How to calculate how much fragrance oil to put in your candles || EASIEST CANDLE MATH,860.0,storyboard,65,517.59,525.56,7.97,https://youtu.be/jbMUNPj_okc?t=518s,transition,aux,0,0.6,Overhead: working fragrance calculations on a notepad with a calculator.,wo,0,0.0,0.136,0.055,0.402,0.093,"#2b373e,#d7c5d3,#9a7b86",1,,
jbMUNPj_okc,https://www.youtube.com/watch?v=jbMUNPj_okc,How to calculate how much fragrance oil to put in your candles || EASIEST CANDLE MATH,860.0,storyboard,66,525.56,533.52,7.96,https://youtu.be/jbMUNPj_okc?t=526s,transition,aux,0,0.6,Overhead: working fragrance calculations on a notepad with a calculator.,,0,0.0,0.14,0.039,0.403,0.093,"#2c383f,#dac9d7,#9f808d",1,,
jbMUNPj_okc,https://www.youtube.com/watch?v=jbMUNPj_okc,How to calculate how much fragrance oil to put in your candles || EASIEST CANDLE MATH,860.0,storyboard,67,533.52,541.48,7.96,https://youtu.be/jbMUNPj_okc?t=534s,transition,aux,0,0.6,Overhead: working fragrance calculations on a notepad with a calculator.,at,0,0.0,0.144,0.0,0.388,0.093,"#29353b,#d5c1cf,#8b727e",1,,
jbMUNPj_okc,https://www.youtube.com/watch?v=jbMUNPj_okc,How to calculate how much fragrance oil to put in your candles || EASIEST CANDLE MATH,860.0,storyboard,68,541.48,549.44,7.96,https://youtu.be/jbMUNPj_okc?t=541s,transition,aux,0,0.6,Overhead: working fragrance calculations on a notepad with a calculator.,at,0,0.0,0.136,0.035,0.393,0.091,"#29363c,#d7c3d0,#87727e",1,,
jbMUNPj_okc,https://www.youtube.com/watch?v=jbMUNPj_okc,How to calculate how much fragrance oil to put in your candles || EASIEST CANDLE MATH,860.0,storyboard,69,549.44,557.41,7.97,https://youtu.be/jbMUNPj_okc?t=549s,transition,aux,0,0.6,Overhead: working fragrance calculations on a notepad with a calculator.,,0,0.0,0.129,0.0,0.396,0.085,"#28353b,#d8c5d3,#82707e",1,,
jbMUNPj_okc,https://www.youtube.com/watch?v=jbMUNPj_okc,How to calculate how much fragrance oil to put in your candles || EASIEST CANDLE MATH,860.0,storyboard,70,557.41,565.37,7.96,https://youtu.be/jbMUNPj_okc?t=557s,transition,aux,0,0.6,Overhead: working fragrance calculations on a notepad with a calculator.,Om: oe,0,0.0,0.136,0.033,0.402,0.081,"#212c33,#d3c2cf,#4d545a",1,,
jbMUNPj_okc,https://www.youtube.com/watch?v=jbMUNPj_okc,How to calculate how much fragrance oil to put in your candles || EASIEST CANDLE MATH,860.0,storyboard,71,565.37,573.33,7.96,https://youtu.be/jbMUNPj_okc?t=565s,transition,aux,0,0.6,Overhead: working fragrance calculations on a notepad with a calculator.,1,0,0.0,0.158,0.023,0.392,0.09,"#2a363c,#d5c4d2,#8d747f",1,,
jbMUNPj_okc,https://www.youtube.com/watch?v=jbMUNPj_okc,How to calculate how much fragrance oil to put in your candles || EASIEST CANDLE MATH,860.0,storyboard,72,573.33,581.3,7.97,https://youtu.be/jbMUNPj_okc?t=573s,transition,aux,0,0.6,Overhead: working fragrance calculations on a notepad with a calculator.,AN 4,0,0.0,0.128,0.0,0.405,0.091,"#233036,#d4bdc9,#5d5a63",1,,
jbMUNPj_okc,https://www.youtube.com/watch?v=jbMUNPj_okc,How to calculate how much fragrance oil to put in your candles || EASIEST CANDLE MATH,860.0,storyboard,73,581.3,589.26,7.96,https://youtu.be/jbMUNPj_okc?t=581s,transition,aux,0,0.6,Overhead: working fragrance calculations on a notepad with a calculator.,is IN,0,0.0,0.118,0.036,0.407,0.092,"#253539,#d7c5d1,#596168",1,,
jbMUNPj_okc,https://www.youtube.com/watch?v=jbMUNPj_okc,How to calculate how much fragrance oil to put in your candles || EASIEST CANDLE MATH,860.0,storyboard,74,589.26,597.22,7.96,https://youtu.be/jbMUNPj_okc?t=589s,transition,aux,0,0.6,Overhead: working fragrance calculations on a notepad with a calculator.,,0,0.0,0.093,0.05,0.413,0.089,"#2d3a40,#dac7d4,#9e7e88",1,,
jbMUNPj_okc,https://www.youtube.com/watch?v=jbMUNPj_okc,How to calculate how much fragrance oil to put in your candles || EASIEST CANDLE MATH,860.0,storyboard,75,597.22,605.19,7.97,https://youtu.be/jbMUNPj_okc?t=597s,transition,aux,0,0.6,Overhead: working fragrance calculations on a notepad with a calculator.,ON,0,0.0,0.117,0.0,0.403,0.098,"#263338,#d6bfca,#776572",1,,
jbMUNPj_okc,https://www.youtube.com/watch?v=jbMUNPj_okc,How to calculate how much fragrance oil to put in your candles || EASIEST CANDLE MATH,860.0,storyboard,76,605.19,613.15,7.96,https://youtu.be/jbMUNPj_okc?t=605s,transition,aux,0,0.6,Overhead: working fragrance calculations on a notepad with a calculator.,Cn,0,0.0,0.106,0.07,0.411,0.097,"#2c393f,#dac7d4,#a38389",1,,
jbMUNPj_okc,https://www.youtube.com/watch?v=jbMUNPj_okc,How to calculate how much fragrance oil to put in your candles || EASIEST CANDLE MATH,860.0,storyboard,77,613.15,621.11,7.96,https://youtu.be/jbMUNPj_okc?t=613s,transition,aux,0,0.6,Overhead: working fragrance calculations on a notepad with a calculator.,is OF,0,0.0,0.09,0.0,0.397,0.117,"#243036,#d1b6bf,#695a64",1,,
jbMUNPj_okc,https://www.youtube.com/watch?v=jbMUNPj_okc,How to calculate how much fragrance oil to put in your candles || EASIEST CANDLE MATH,860.0,storyboard,78,621.11,629.07,7.96,https://youtu.be/jbMUNPj_okc?t=621s,transition,aux,0,0.6,Overhead: working fragrance calculations on a notepad with a calculator.,,0,0.0,0.126,0.057,0.393,0.099,"#202d34,#d2bbc7,#5b5a63",1,,
jbMUNPj_okc,https://www.youtube.com/watch?v=jbMUNPj_okc,How to calculate how much fragrance oil to put in your candles || EASIEST CANDLE MATH,860.0,storyboard,79,629.07,637.04,7.97,https://youtu.be/jbMUNPj_okc?t=629s,transition,aux,0,0.6,Overhead: working fragrance calculations on a notepad with a calculator.,wet om,0,0.0,0.13,0.038,0.381,0.097,"#1d2830,#cfb7c4,#51555d",1,,
jbMUNPj_okc,https://www.youtube.com/watch?v=jbMUNPj_okc,How to calculate how much fragrance oil to put in your candles || EASIEST CANDLE MATH,860.0,storyboard,80,637.04,645.0,7.96,https://youtu.be/jbMUNPj_okc?t=637s,transition,aux,0,0.6,Overhead: working fragrance calculations on a notepad with a calculator.,OB.,0,0.0,0.14,0.0,0.396,0.096,"#222e34,#d3bfcc,#585a64",1,,
jbMUNPj_okc,https://www.youtube.com/watch?v=jbMUNPj_okc,How to calculate how much fragrance oil to put in your candles || EASIEST CANDLE MATH,860.0,storyboard,81,645.0,652.96,7.96,https://youtu.be/jbMUNPj_okc?t=645s,transition,aux,0,0.6,Overhead: working fragrance calculations on a notepad with a calculator.,4 st Se,0,0.0,0.12,0.039,0.389,0.094,"#1e292e,#d0bbc7,#52545d",1,,
jbMUNPj_okc,https://www.youtube.com/watch?v=jbMUNPj_okc,How to calculate how much fragrance oil to put in your candles || EASIEST CANDLE MATH,860.0,storyboard,82,652.96,660.93,7.97,https://youtu.be/jbMUNPj_okc?t=653s,transition,aux,0,0.6,Overhead: working fragrance calculations on a notepad with a calculator.,ist ae,0,0.0,0.135,0.0,0.385,0.094,"#232e32,#d1bbc8,#5d5962",1,,
jbMUNPj_okc,https://www.youtube.com/watch?v=jbMUNPj_okc,How to calculate how much fragrance oil to put in your candles || EASIEST CANDLE MATH,860.0,storyboard,83,660.93,668.89,7.96,https://youtu.be/jbMUNPj_okc?t=661s,transition,aux,0,0.6,Overhead: working fragrance calculations on a notepad with a calculator.,om: at,0,0.0,0.143,0.036,0.389,0.093,"#222e33,#d6bfca,#585961",1,,
jbMUNPj_okc,https://www.youtube.com/watch?v=jbMUNPj_okc,How to calculate how much fragrance oil to put in your candles || EASIEST CANDLE MATH,860.0,storyboard,84,668.89,676.85,7.96,https://youtu.be/jbMUNPj_okc?t=669s,transition,aux,0,0.6,Overhead: working fragrance calculations on a notepad with a calculator.,4,0,0.0,0.143,0.037,0.399,0.102,"#202c33,#d2bcc9,#56565f",1,,
jbMUNPj_okc,https://www.youtube.com/watch?v=jbMUNPj_okc,How to calculate how much fragrance oil to put in your candles || EASIEST CANDLE MATH,860.0,storyboard,85,676.85,684.81,7.96,https://youtu.be/jbMUNPj_okc?t=677s,transition,aux,0,0.6,Overhead: working fragrance calculations on a notepad with a calculator.,wt Sa at,1,0.0,0.149,0.0,0.391,0.093,"#1f2a30,#4d555c,#d3bfcc",1,,
jbMUNPj_okc,https://www.youtube.com/watch?v=jbMUNPj_okc,How to calculate how much fragrance oil to put in your candles || EASIEST CANDLE MATH,860.0,storyboard,86,684.81,692.78,7.97,https://youtu.be/jbMUNPj_okc?t=685s,transition,aux,0,0.6,Overhead: working fragrance calculations on a notepad with a calculator.,ee es,0,0.0,0.105,0.031,0.391,0.097,"#28333b,#d6c3cf,#7c6c75",1,,
jbMUNPj_okc,https://www.youtube.com/watch?v=jbMUNPj_okc,How to calculate how much fragrance oil to put in your candles || EASIEST CANDLE MATH,860.0,storyboard,87,692.78,700.74,7.96,https://youtu.be/jbMUNPj_okc?t=693s,transition,aux,0,0.6,Overhead: working fragrance calculations on a notepad with a calculator.,wx,0,0.0,0.14,0.075,0.389,0.103,"#2a353b,#dac3cd,#947678",1,,
jbMUNPj_okc,https://www.youtube.com/watch?v=jbMUNPj_okc,How to calculate how much fragrance oil to put in your candles || EASIEST CANDLE MATH,860.0,storyboard,88,700.74,708.7,7.96,https://youtu.be/jbMUNPj_okc?t=701s,transition,aux,0,0.6,Overhead: working fragrance calculations on a notepad with a calculator.,ana Te. OR,1,0.0,0.127,0.0,0.397,0.105,"#29373d,#d6c6d3,#947c7e",1,,
jbMUNPj_okc,https://www.youtube.com/watch?v=jbMUNPj_okc,How to calculate how much fragrance oil to put in your candles || EASIEST CANDLE MATH,860.0,storyboard,89,708.7,716.67,7.97,https://youtu.be/jbMUNPj_okc?t=709s,transition,aux,0,0.6,Overhead: working fragrance calculations on a notepad with a calculator.,eae 7 Wa,1,0.0,0.104,0.114,0.416,0.112,"#253339,#d6c4d1,#92757e",1,,
jbMUNPj_okc,https://www.youtube.com/watch?v=jbMUNPj_okc,How to calculate how much fragrance oil to put in your candles || EASIEST CANDLE MATH,860.0,storyboard,90,716.67,724.63,7.96,https://youtu.be/jbMUNPj_okc?t=717s,transition,aux,0,0.6,Overhead: working fragrance calculations on a notepad with a calculator.,Ba,0,0.0,0.13,0.0,0.401,0.103,"#26333a,#d8c6d4,#967882",1,,
jbMUNPj_okc,https://www.youtube.com/watch?v=jbMUNPj_okc,How to calculate how much fragrance oil to put in your candles || EASIEST CANDLE MATH,860.0,storyboard,91,724.63,732.59,7.96,https://youtu.be/jbMUNPj_okc?t=725s,transition,aux,0,0.6,Overhead: working fragrance calculations on a notepad with a calculator.,inp,0,0.0,0.137,0.028,0.384,0.098,"#1d282f,#d0bbc6,#4d5258",1,,
jbMUNPj_okc,https://www.youtube.com/watch?v=jbMUNPj_okc,How to calculate how much fragrance oil to put in your candles || EASIEST CANDLE MATH,860.0,storyboard,92,732.59,740.56,7.97,https://youtu.be/jbMUNPj_okc?t=733s,transition,aux,0,0.6,Overhead: working fragrance calculations on a notepad with a calculator.,om,0,0.0,0.138,0.025,0.386,0.092,"#1d282d,#d0bac5,#4a5257",1,,
jbMUNPj_okc,https://www.youtube.com/watch?v=jbMUNPj_okc,How to calculate how much fragrance oil to put in your candles || EASIEST CANDLE MATH,860.0,storyboard,93,740.56,748.52,7.96,https://youtu.be/jbMUNPj_okc?t=741s,transition,aux,0,0.6,Overhead: working fragrance calculations on a notepad with a calculator.,Soe SR.,0,0.0,0.141,0.0,0.389,0.093,"#1d2a2f,#d2bdc8,#4c555a",1,,
jbMUNPj_okc,https://www.youtube.com/watch?v=jbMUNPj_okc,How to calculate how much fragrance oil to put in your candles || EASIEST CANDLE MATH,860.0,storyboard,94,748.52,756.48,7.96,https://youtu.be/jbMUNPj_okc?t=749s,transition,aux,0,0.6,Overhead: working fragrance calculations on a notepad with a calculator.,,0,0.0,0.138,0.048,0.394,0.097,"#1d292f,#d3beca,#4c565a",1,,
jbMUNPj_okc,https://www.youtube.com/watch?v=jbMUNPj_okc,How to calculate how much fragrance oil to put in your candles || EASIEST CANDLE MATH,860.0,storyboard,95,756.48,764.44,7.96,https://youtu.be/jbMUNPj_okc?t=756s,transition,aux,0,0.6,Overhead: working fragrance calculations on a notepad with a calculator.,YS,0,0.0,0.123,0.036,0.391,0.093,"#1e292f,#d4c0cb,#4b5459",1,,
jbMUNPj_okc,https://www.youtube.com/watch?v=jbMUNPj_okc,How to calculate how much fragrance oil to put in your candles || EASIEST CANDLE MATH,860.0,storyboard,96,764.44,772.41,7.97,https://youtu.be/jbMUNPj_okc?t=764s,transition,aux,0,0.6,Overhead: working fragrance calculations on a notepad with a calculator.,22,0,0.0,0.183,0.0,0.396,0.105,"#1f2b31,#d0b8c3,#595b60",1,,
jbMUNPj_okc,https://www.youtube.com/watch?v=jbMUNPj_okc,How to calculate how much fragrance oil to put in your candles || EASIEST CANDLE MATH,860.0,storyboard,97,772.41,780.37,7.96,https://youtu.be/jbMUNPj_okc?t=772s,transition,aux,0,0.6,Overhead: working fragrance calculations on a notepad with a calculator.,SB.,0,0.0,0.126,0.045,0.395,0.097,"#283439,#d6c1cd,#8e747d",1,,
jbMUNPj_okc,https://www.youtube.com/watch?v=jbMUNPj_okc,How to calculate how much fragrance oil to put in your candles || EASIEST CANDLE MATH,860.0,storyboard,98,780.37,788.33,7.96,https://youtu.be/jbMUNPj_okc?t=780s,transition,aux,0,0.6,Overhead: working fragrance calculations on a notepad with a calculator.,3,0,0.0,0.141,0.0,0.395,0.089,"#202b31,#d3bfcb,#4f585e",1,,
jbMUNPj_okc,https://www.youtube.com/watch?v=jbMUNPj_okc,How to calculate how much fragrance oil to put in your candles || EASIEST CANDLE MATH,860.0,storyboard,99,788.33,796.3,7.97,https://youtu.be/jbMUNPj_okc?t=788s,transition,aux,0,0.6,Overhead: working fragrance calculations on a notepad with a calculator.,Oni,0,0.0,0.1,0.048,0.389,0.087,"#27363b,#d8c5d1,#947a87",1,,
jbMUNPj_okc,https://www.youtube.com/watch?v=jbMUNPj_okc,How to calculate how much fragrance oil to put in your candles || EASIEST CANDLE MATH,860.0,storyboard,100,796.3,804.26,7.96,https://youtu.be/jbMUNPj_okc?t=796s,transition,aux,0,0.6,Overhead: working fragrance calculations on a notepad with a calculator.,tl,0,0.0,0.093,0.044,0.403,0.09,"#26353b,#d9c6d4,#766b79",1,,
jbMUNPj_okc,https://www.youtube.com/watch?v=jbMUNPj_okc,How to calculate how much fragrance oil to put in your candles || EASIEST CANDLE MATH,860.0,storyboard,101,804.26,812.22,7.96,https://youtu.be/jbMUNPj_okc?t=804s,transition,aux,0,0.6,Overhead: working fragrance calculations on a notepad with a calculator.,al,0,0.0,0.077,0.0,0.397,0.078,"#263337,#dbc7d3,#736c77",1,,
jbMUNPj_okc,https://www.youtube.com/watch?v=jbMUNPj_okc,How to calculate how much fragrance oil to put in your candles || EASIEST CANDLE MATH,860.0,storyboard,102,812.22,820.19,7.97,https://youtu.be/jbMUNPj_okc?t=812s,transition,aux,0,0.6,Overhead: working fragrance calculations on a notepad with a calculator.,al,0,0.0,0.069,0.039,0.405,0.086,"#202d32,#d5bfcb,#50555c",1,,
jbMUNPj_okc,https://www.youtube.com/watch?v=jbMUNPj_okc,How to calculate how much fragrance oil to put in your candles || EASIEST CANDLE MATH,860.0,storyboard,103,820.19,828.15,7.96,https://youtu.be/jbMUNPj_okc?t=820s,transition,aux,0,0.6,Overhead: working fragrance calculations on a notepad with a calculator.,SH,0,0.0,0.097,0.041,0.393,0.086,"#1d2b30,#d4c2cf,#49555a",1,,
k4UzRUgCPZw,https://www.youtube.com/watch?v=k4UzRUgCPZw,How to Make Stronger Smelling Candles // Candle Making 101: Hot Throw,187.0,storyboard,1,8.13,16.26,8.13,https://youtu.be/k4UzRUgCPZw?t=8s,transition,aux,0,0.45,Lit candle with caption about fragrance strength.,,0,0.0,0.031,0.061,0.566,0.181,"#e1766a,#e87e71,#dc6d62",1,,description references on-screen text but OCR found none
k4UzRUgCPZw,https://www.youtube.com/watch?v=k4UzRUgCPZw,How to Make Stronger Smelling Candles // Candle Making 101: Hot Throw,187.0,storyboard,2,16.26,24.39,8.13,https://youtu.be/k4UzRUgCPZw?t=16s,transition,aux,0,0.45,Caption 'TIP: fragrance strength' over a candle.,evaluate after 2 4hours of burning,1,0.0,0.038,0.039,0.601,0.27,"#e0786c,#ccc4bc,#6b7371",1,,
k4UzRUgCPZw,https://www.youtube.com/watch?v=k4UzRUgCPZw,How to Make Stronger Smelling Candles // Candle Making 101: Hot Throw,187.0,storyboard,13,105.7,113.83,8.13,https://youtu.be/k4UzRUgCPZw?t=106s,transition,aux,0,0.45,Caption 'perfect your melt pool'; lit candle.,/4to1/2 inch deep,1,0.0,0.033,0.024,0.593,0.269,"#e0766a,#c8c3bb,#6a7272",1,,
k4UzRUgCPZw,https://www.youtube.com/watch?v=k4UzRUgCPZw,How to Make Stronger Smelling Candles // Candle Making 101: Hot Throw,187.0,storyboard,14,113.83,121.96,8.13,https://youtu.be/k4UzRUgCPZw?t=114s,transition,aux,0,0.45,Caption 'perfect your melt pool'; lit candle.,choose the appropriate wick for best results,1,0.0,0.041,0.184,0.517,0.244,"#de776b,#c3beb2,#3d3b34",1,,
k4UzRUgCPZw,https://www.youtube.com/watch?v=k4UzRUgCPZw,How to Make Stronger Smelling Candles // Candle Making 101: Hot Throw,187.0,storyboard,15,121.96,130.09,8.13,https://youtu.be/k4UzRUgCPZw?t=122s,transition,aux,0,0.45,Lit candle; caption about the wick.,Sa Po. larger meit pool stronger hot throw,1,0.0,0.052,0.158,0.538,0.25,"#df7569,#c9beb6,#5f5c57",1,,
k4UzRUgCPZw,https://www.youtube.com/watch?v=k4UzRUgCPZw,How to Make Stronger Smelling Candles // Candle Making 101: Hot Throw,187.0,storyboard,16,130.09,138.22,8.13,https://youtu.be/k4UzRUgCPZw?t=130s,transition,aux,0,0.45,Lit candle close-up with caption.,try larger container,1,0.0,0.034,0.041,0.618,0.271,"#dd766b,#cac2ba,#57514c",1,,
k4UzRUgCPZw,https://www.youtube.com/watch?v=k4UzRUgCPZw,How to Make Stronger Smelling Candles // Candle Making 101: Hot Throw,187.0,storyboard,17,138.22,146.35,8.13,https://youtu.be/k4UzRUgCPZw?t=138s,transition,aux,0,0.45,Lit candle; 'key points' begins.,"oo Wem fe wR PBs hx Se, Sm me ue ly mn 7 ee",1,0.0,0.013,0.115,0.622,0.274,"#de776b,#d5d9e0,#101112",1,,
k4UzRUgCPZw,https://www.youtube.com/watch?v=k4UzRUgCPZw,How to Make Stronger Smelling Candles // Candle Making 101: Hot Throw,187.0,storyboard,18,146.35,154.48,8.13,https://youtu.be/k4UzRUgCPZw?t=146s,transition,aux,0,0.45,Candle b-roll with caption.,store candles may be poraffin-based,1,0.0,0.026,0.043,0.6,0.231,"#de7266,#e67d71,#e1a69e",1,,
k4UzRUgCPZw,https://www.youtube.com/watch?v=k4UzRUgCPZw,How to Make Stronger Smelling Candles // Candle Making 101: Hot Throw,187.0,storyboard,19,154.48,162.61,8.13,https://youtu.be/k4UzRUgCPZw?t=154s,transition,aux,0,0.45,Candle b-roll; 'key points'.,,0,0.0,0.015,0.107,0.575,0.244,"#db786c,#d3c6bd,#1f1c1b",1,,description references on-screen text but OCR found none
kdQH8hAYZ38,https://www.youtube.com/watch?v=kdQH8hAYZ38,how to make candles with essential oils 💐,179.0,storyboard,13,105.77,113.91,8.14,https://youtu.be/kdQH8hAYZ38?t=106s,transition,aux,0,0.45,Caption card about essential oils.,epy 7 ty Sia al,1,0.0,0.06,0.096,0.717,0.073,"#e7eaed,#aea69e,#726b5d",1,,
lwiqFbJa51w,https://www.youtube.com/watch?v=lwiqFbJa51w,Small Business Packaging Ideas | Packing candles tips and hacks on a budget | DIY cheap & cute ideas,444.0,storyboard,0,0.0,7.93,7.93,https://youtu.be/lwiqFbJa51w?t=0s,transition,aux,0,0.4,Packing the candles into boxes for shipping.,ore Sy te oot,1,0.0,0.037,0.264,0.58,0.155,"#ca95a1,#806f6a,#482b2b",1,,
lwiqFbJa51w,https://www.youtube.com/watch?v=lwiqFbJa51w,Small Business Packaging Ideas | Packing candles tips and hacks on a budget | DIY cheap & cute ideas,444.0,storyboard,1,7.93,15.86,7.93,https://youtu.be/lwiqFbJa51w?t=8s,transition,aux,0,0.5,"On-screen text card (auto-detected: static frame, OCR text). Text reads: '1 ial ee oN bie mad ws SE ie? ipa aS ai As'.",1 ial ee oN bie mad ws SE ie? ipa aS ai As,1,0.0,0.063,0.0,0.521,0.11,"#927d6f,#cac5bc,#49392d",0,text_overlay,
lwiqFbJa51w,https://www.youtube.com/watch?v=lwiqFbJa51w,Small Business Packaging Ideas | Packing candles tips and hacks on a budget | DIY cheap & cute ideas,444.0,storyboard,2,15.86,23.79,7.93,https://youtu.be/lwiqFbJa51w?t=16s,transition,aux,0,0.4,Packing the candles into boxes for shipping.,ae Or er fhe,1,0.0,0.054,0.216,0.593,0.095,"#c3b29e,#a7917f,#43362d",1,,
lwiqFbJa51w,https://www.youtube.com/watch?v=lwiqFbJa51w,Small Business Packaging Ideas | Packing candles tips and hacks on a budget | DIY cheap & cute ideas,444.0,storyboard,3,23.79,31.71,7.92,https://youtu.be/lwiqFbJa51w?t=24s,transition,aux,0,0.5,"On-screen text card (auto-detected: static frame, OCR text). Text reads: 'fe al De uty ej fs es if Ay 4 Ba IIA? 4'.",fe al De uty ej fs es if Ay 4 Ba IIA? 4,1,0.0,0.214,0.0,0.575,0.074,"#efedea,#32302f,#97938d",0,text_overlay,
lwiqFbJa51w,https://www.youtube.com/watch?v=lwiqFbJa51w,Small Business Packaging Ideas | Packing candles tips and hacks on a budget | DIY cheap & cute ideas,444.0,storyboard,4,31.71,39.64,7.93,https://youtu.be/lwiqFbJa51w?t=32s,transition,aux,0,0.4,Packing the candles into boxes for shipping.,os ase ooo. BP Lad ae NF cot wont oe Se 7,1,0.0,0.194,0.319,0.478,0.091,"#cdcbc4,#8d8478,#5d5344",1,,
lwiqFbJa51w,https://www.youtube.com/watch?v=lwiqFbJa51w,Small Business Packaging Ideas | Packing candles tips and hacks on a budget | DIY cheap & cute ideas,444.0,storyboard,5,39.64,47.57,7.93,https://youtu.be/lwiqFbJa51w?t=40s,transition,aux,0,0.4,"Packaging candles (stamping the JOOLIE logo, wrapping in tissue, cork coasters).",ee yl nnn ai vs yj ty ane My ah AN,1,0.0,0.098,0.202,0.602,0.094,"#a09a86,#675d4b,#cfcac4",1,,
lwiqFbJa51w,https://www.youtube.com/watch?v=lwiqFbJa51w,Small Business Packaging Ideas | Packing candles tips and hacks on a budget | DIY cheap & cute ideas,444.0,storyboard,6,47.57,55.5,7.93,https://youtu.be/lwiqFbJa51w?t=48s,transition,aux,0,0.4,Packing the candles into boxes for shipping.,"ie if 4 si, 3 ee ts ts 7",1,0.0,0.026,0.0,0.578,0.065,"#9c9489,#645c59,#d4cfc3",1,,
lwiqFbJa51w,https://www.youtube.com/watch?v=lwiqFbJa51w,Small Business Packaging Ideas | Packing candles tips and hacks on a budget | DIY cheap & cute ideas,444.0,storyboard,7,55.5,63.43,7.93,https://youtu.be/lwiqFbJa51w?t=56s,transition,aux,0,0.4,"Packaging candles (stamping the JOOLIE logo, wrapping in tissue, cork coasters).",ewe Ze 3 LT. eee ie Pe esens tease:,1,0.0,0.053,0.224,0.636,0.071,"#dcd0ba,#aba49c,#6e6758",1,,
lwiqFbJa51w,https://www.youtube.com/watch?v=lwiqFbJa51w,Small Business Packaging Ideas | Packing candles tips and hacks on a budget | DIY cheap & cute ideas,444.0,storyboard,8,63.43,71.36,7.93,https://youtu.be/lwiqFbJa51w?t=63s,transition,aux,0,0.4,Packing the candles into boxes for shipping.,,0,0.0,0.005,0.0,0.429,0.224,"#86565b,#caa7a1,#291f23",1,,
lwiqFbJa51w,https://www.youtube.com/watch?v=lwiqFbJa51w,Small Business Packaging Ideas | Packing candles tips and hacks on a budget | DIY cheap & cute ideas,444.0,storyboard,9,71.36,79.29,7.93,https://youtu.be/lwiqFbJa51w?t=71s,transition,aux,0,0.4,"Packaging candles (stamping the JOOLIE logo, wrapping in tissue, cork coasters).",Ss 4 4,0,0.0,0.053,0.305,0.563,0.163,"#cbb6b0,#8f695e,#352720",1,,
lwiqFbJa51w,https://www.youtube.com/watch?v=lwiqFbJa51w,Small Business Packaging Ideas | Packing candles tips and hacks on a budget | DIY cheap & cute ideas,444.0,storyboard,10,79.29,87.21,7.92,https://youtu.be/lwiqFbJa51w?t=79s,transition,aux,0,0.4,Packing the candles into boxes for shipping.,OLIED,0,0.0,0.022,0.279,0.455,0.183,"#cfc3be,#402a1e,#957463",1,,
lwiqFbJa51w,https://www.youtube.com/watch?v=lwiqFbJa51w,Small Business Packaging Ideas | Packing candles tips and hacks on a budget | DIY cheap & cute ideas,444.0,storyboard,11,87.21,95.14,7.93,https://youtu.be/lwiqFbJa51w?t=87s,transition,aux,0,0.4,"Packaging candles (stamping the JOOLIE logo, wrapping in tissue, cork coasters).",,0,0.0,0.038,0.0,0.524,0.172,"#83593a,#a57855,#dddad2",1,,
lwiqFbJa51w,https://www.youtube.com/watch?v=lwiqFbJa51w,Small Business Packaging Ideas | Packing candles tips and hacks on a budget | DIY cheap & cute ideas,444.0,storyboard,12,95.14,103.07,7.93,https://youtu.be/lwiqFbJa51w?t=95s,transition,aux,0,0.4,Packing the candles into boxes for shipping.,at 1 ep 4 wr onrt orate 7 tes we ae ao 4 An il,1,0.0,0.055,0.233,0.62,0.08,"#f7f5f5,#ada496,#675c50",1,,
lwiqFbJa51w,https://www.youtube.com/watch?v=lwiqFbJa51w,Small Business Packaging Ideas | Packing candles tips and hacks on a budget | DIY cheap & cute ideas,444.0,storyboard,13,103.07,111.0,7.93,https://youtu.be/lwiqFbJa51w?t=103s,transition,aux,0,0.4,"Packaging candles (stamping the JOOLIE logo, wrapping in tissue, cork coasters).",We Oe ae Eo er 4 Le,1,0.0,0.052,0.0,0.461,0.15,"#957b64,#453634,#c5bcb5",1,,
lwiqFbJa51w,https://www.youtube.com/watch?v=lwiqFbJa51w,Small Business Packaging Ideas | Packing candles tips and hacks on a budget | DIY cheap & cute ideas,444.0,storyboard,14,111.0,118.93,7.93,https://youtu.be/lwiqFbJa51w?t=111s,transition,aux,0,0.4,Packing the candles into boxes for shipping.,po KA,0,0.0,0.041,0.22,0.428,0.116,"#463433,#998976,#c6bebb",1,,
lwiqFbJa51w,https://www.youtube.com/watch?v=lwiqFbJa51w,Small Business Packaging Ideas | Packing candles tips and hacks on a budget | DIY cheap & cute ideas,444.0,storyboard,24,190.29,198.21,7.92,https://youtu.be/lwiqFbJa51w?t=190s,transition,aux,0,0.6,"Packaging/shipping the candles (boxes, stamping, tissue, peanuts, labels).",AN fie Vv Le Hit 2 jl re sepnemncs Saeco sec eenteadl 4 as,1,0.0,0.107,0.0,0.499,0.107,"#947f7d,#5e413f,#d2c9c2",0,text_overlay,
lwiqFbJa51w,https://www.youtube.com/watch?v=lwiqFbJa51w,Small Business Packaging Ideas | Packing candles tips and hacks on a budget | DIY cheap & cute ideas,444.0,storyboard,25,198.21,206.14,7.93,https://youtu.be/lwiqFbJa51w?t=198s,transition,aux,0,0.6,"Packaging/shipping the candles (boxes, stamping, tissue, peanuts, labels).",Lo,0,0.0,0.059,0.218,0.508,0.151,"#743d3d,#a47777,#d3c6c8",1,,
lwiqFbJa51w,https://www.youtube.com/watch?v=lwiqFbJa51w,Small Business Packaging Ideas | Packing candles tips and hacks on a budget | DIY cheap & cute ideas,444.0,storyboard,26,206.14,214.07,7.93,https://youtu.be/lwiqFbJa51w?t=206s,transition,aux,0,0.6,"Packaging/shipping the candles (boxes, stamping, tissue, peanuts, labels).",,0,0.0,0.014,0.0,0.538,0.098,"#c0bbb3,#8d7b6d,#403323",1,,
lwiqFbJa51w,https://www.youtube.com/watch?v=lwiqFbJa51w,Small Business Packaging Ideas | Packing candles tips and hacks on a budget | DIY cheap & cute ideas,444.0,storyboard,27,214.07,222.0,7.93,https://youtu.be/lwiqFbJa51w?t=214s,transition,aux,0,0.6,"Packaging/shipping the candles (boxes, stamping, tissue, peanuts, labels).",Premium Pink Bakery Boxes came sengh tbh teing FOU exetates Gund 00 beard nedng ee ey ewes Cty ese wo creme eet nes ae tates be ee eee ees Fees Oe ee OE Fe em ge te! meme term tr eet te eee me 6 costs,1,0.0,0.034,0.338,0.64,0.16,"#f6f5f5,#c28191,#4e302b",1,,
lwiqFbJa51w,https://www.youtube.com/watch?v=lwiqFbJa51w,Small Business Packaging Ideas | Packing candles tips and hacks on a budget | DIY cheap & cute ideas,444.0,storyboard,28,222.0,229.93,7.93,https://youtu.be/lwiqFbJa51w?t=222s,transition,aux,0,0.6,"Packaging/shipping the candles (boxes, stamping, tissue, peanuts, labels).",he ad So oo,1,0.0,0.023,0.116,0.559,0.109,"#c8bbac,#9d826b,#593c26",1,,
lwiqFbJa51w,https://www.youtube.com/watch?v=lwiqFbJa51w,Small Business Packaging Ideas | Packing candles tips and hacks on a budget | DIY cheap & cute ideas,444.0,storyboard,29,229.93,237.86,7.93,https://youtu.be/lwiqFbJa51w?t=230s,transition,aux,0,0.6,"Packaging/shipping the candles (boxes, stamping, tissue, peanuts, labels).",rr eS,0,0.0,0.049,0.0,0.663,0.04,"#c6c6bf,#95938d,#4a403e",1,,
lwiqFbJa51w,https://www.youtube.com/watch?v=lwiqFbJa51w,Small Business Packaging Ideas | Packing candles tips and hacks on a budget | DIY cheap & cute ideas,444.0,storyboard,30,237.86,245.79,7.93,https://youtu.be/lwiqFbJa51w?t=238s,transition,aux,0,0.6,"Packaging/shipping the candles (boxes, stamping, tissue, peanuts, labels).",7 ig oc,0,0.5,0.019,0.169,0.574,0.069,"#9c948a,#675f5c,#cfc9c0",0,talking_head,
lwiqFbJa51w,https://www.youtube.com/watch?v=lwiqFbJa51w,Small Business Packaging Ideas | Packing candles tips and hacks on a budget | DIY cheap & cute ideas,444.0,storyboard,31,245.79,253.71,7.92,https://youtu.be/lwiqFbJa51w?t=246s,transition,aux,0,0.6,"Packaging/shipping the candles (boxes, stamping, tissue, peanuts, labels).",7 ont 4 ri? ae rm. ate 2 een apt cet SRI ro ith bb eyery yy Sh Rha set eon Gut of Doss ie lG wore aro,1,0.0,0.025,0.0,0.568,0.057,"#989485,#6d6559,#c1c0b7",0,text_overlay,
lwiqFbJa51w,https://www.youtube.com/watch?v=lwiqFbJa51w,Small Business Packaging Ideas | Packing candles tips and hacks on a budget | DIY cheap & cute ideas,444.0,storyboard,32,253.71,261.64,7.93,https://youtu.be/lwiqFbJa51w?t=254s,transition,aux,0,0.6,"Packaging/shipping the candles (boxes, stamping, tissue, peanuts, labels).",2 scanty ate am ye se Nn ecw SA THe sae oo es Fa nT ee ee nog MeL sa ee,1,0.0,0.116,0.227,0.61,0.124,"#a6696b,#cdbfbb,#452b28",1,,
lwiqFbJa51w,https://www.youtube.com/watch?v=lwiqFbJa51w,Small Business Packaging Ideas | Packing candles tips and hacks on a budget | DIY cheap & cute ideas,444.0,storyboard,33,261.64,269.57,7.93,https://youtu.be/lwiqFbJa51w?t=262s,transition,aux,0,0.6,"Packaging/shipping the candles (boxes, stamping, tissue, peanuts, labels).",ome er,0,0.0,0.036,0.263,0.497,0.166,"#cdc8bd,#542720,#7d5d4d",1,,
lwiqFbJa51w,https://www.youtube.com/watch?v=lwiqFbJa51w,Small Business Packaging Ideas | Packing candles tips and hacks on a budget | DIY cheap & cute ideas,444.0,storyboard,34,269.57,277.5,7.93,https://youtu.be/lwiqFbJa51w?t=270s,transition,aux,0,0.6,"Packaging/shipping the candles (boxes, stamping, tissue, peanuts, labels).",SAN oot es qo ee oe Ss,1,0.0,0.153,0.0,0.54,0.133,"#c5b2a2,#87694e,#4a281b",1,,
lwiqFbJa51w,https://www.youtube.com/watch?v=lwiqFbJa51w,Small Business Packaging Ideas | Packing candles tips and hacks on a budget | DIY cheap & cute ideas,444.0,storyboard,35,277.5,285.43,7.93,https://youtu.be/lwiqFbJa51w?t=278s,transition,aux,0,0.6,"Packaging/shipping the candles (boxes, stamping, tissue, peanuts, labels).",ae cca aoonik 3 os,1,0.0,0.047,0.156,0.477,0.165,"#694036,#9f7b70,#c9beb3",1,,
lwiqFbJa51w,https://www.youtube.com/watch?v=lwiqFbJa51w,Small Business Packaging Ideas | Packing candles tips and hacks on a budget | DIY cheap & cute ideas,444.0,storyboard,36,285.43,293.36,7.93,https://youtu.be/lwiqFbJa51w?t=285s,transition,aux,0,0.6,"Packaging/shipping the candles (boxes, stamping, tissue, peanuts, labels).",Ly PX til,1,0.0,0.034,0.0,0.475,0.187,"#703b37,#a78783,#d3c6ba",1,,
lwiqFbJa51w,https://www.youtube.com/watch?v=lwiqFbJa51w,Small Business Packaging Ideas | Packing candles tips and hacks on a budget | DIY cheap & cute ideas,444.0,storyboard,37,293.36,301.29,7.93,https://youtu.be/lwiqFbJa51w?t=293s,transition,aux,0,0.6,"Packaging/shipping the candles (boxes, stamping, tissue, peanuts, labels).",tae 7 5 Sev? why my Aitiei- um ss im Na,1,0.0,0.038,0.036,0.425,0.212,"#a55a59,#5c2d1f,#b8b5b1",1,,
lwiqFbJa51w,https://www.youtube.com/watch?v=lwiqFbJa51w,Small Business Packaging Ideas | Packing candles tips and hacks on a budget | DIY cheap & cute ideas,444.0,storyboard,38,301.29,309.21,7.92,https://youtu.be/lwiqFbJa51w?t=301s,transition,aux,0,0.6,"Packaging/shipping the candles (boxes, stamping, tissue, peanuts, labels).","st Soy wren ties, 4 ate GS 7 ie",1,1.0,0.025,0.216,0.47,0.165,"#653129,#beb0a1,#976e5f",0,talking_head,
lwiqFbJa51w,https://www.youtube.com/watch?v=lwiqFbJa51w,Small Business Packaging Ideas | Packing candles tips and hacks on a budget | DIY cheap & cute ideas,444.0,storyboard,39,309.21,317.14,7.93,https://youtu.be/lwiqFbJa51w?t=309s,transition,aux,0,0.6,"Packaging/shipping the candles (boxes, stamping, tissue, peanuts, labels).","Sa RR Say SN. so wo, me, QQ Jog",1,0.0,0.152,0.0,0.619,0.102,"#ccc7bb,#5c4933,#988d80",0,text_overlay,
lwiqFbJa51w,https://www.youtube.com/watch?v=lwiqFbJa51w,Small Business Packaging Ideas | Packing candles tips and hacks on a budget | DIY cheap & cute ideas,444.0,storyboard,40,317.14,325.07,7.93,https://youtu.be/lwiqFbJa51w?t=317s,transition,aux,0,0.6,"Packaging/shipping the candles (boxes, stamping, tissue, peanuts, labels).","mw 6 ei Ps,",1,0.0,0.043,0.262,0.489,0.175,"#69383d,#9e7b76,#e6ddd2",1,,
lwiqFbJa51w,https://www.youtube.com/watch?v=lwiqFbJa51w,Small Business Packaging Ideas | Packing candles tips and hacks on a budget | DIY cheap & cute ideas,444.0,storyboard,41,325.07,333.0,7.93,https://youtu.be/lwiqFbJa51w?t=325s,transition,aux,0,0.6,"Packaging/shipping the candles (boxes, stamping, tissue, peanuts, labels).",,0,0.0,0.001,0.0,0.488,0.15,"#72614a,#d8ceb0,#48291c",1,,
lwiqFbJa51w,https://www.youtube.com/watch?v=lwiqFbJa51w,Small Business Packaging Ideas | Packing candles tips and hacks on a budget | DIY cheap & cute ideas,444.0,storyboard,42,333.0,340.93,7.93,https://youtu.be/lwiqFbJa51w?t=333s,transition,aux,0,0.6,"Packaging/shipping the candles (boxes, stamping, tissue, peanuts, labels).",eet Sere Se rt 127992 eae,1,0.0,0.043,0.199,0.525,0.172,"#ccc6bd,#684c33,#b78c69",1,,
lwiqFbJa51w,https://www.youtube.com/watch?v=lwiqFbJa51w,Small Business Packaging Ideas | Packing candles tips and hacks on a budget | DIY cheap & cute ideas,444.0,storyboard,43,340.93,348.86,7.93,https://youtu.be/lwiqFbJa51w?t=341s,transition,aux,0,0.6,"Packaging/shipping the candles (boxes, stamping, tissue, peanuts, labels).","ral ae or vi gts ws Ps, te 85 ok lr",1,0.0,0.044,0.23,0.631,0.143,"#ba9c96,#f1f1ef,#6b4e3f",1,,
lwiqFbJa51w,https://www.youtube.com/watch?v=lwiqFbJa51w,Small Business Packaging Ideas | Packing candles tips and hacks on a budget | DIY cheap & cute ideas,444.0,storyboard,44,348.86,356.79,7.93,https://youtu.be/lwiqFbJa51w?t=349s,transition,aux,0,0.6,"Packaging/shipping the candles (boxes, stamping, tissue, peanuts, labels).",,0,0.0,0.019,0.0,0.538,0.186,"#a87967,#bfafa3,#513627",1,,
lwiqFbJa51w,https://www.youtube.com/watch?v=lwiqFbJa51w,Small Business Packaging Ideas | Packing candles tips and hacks on a budget | DIY cheap & cute ideas,444.0,storyboard,45,356.79,364.71,7.92,https://youtu.be/lwiqFbJa51w?t=357s,transition,aux,0,0.6,"Packaging/shipping the candles (boxes, stamping, tissue, peanuts, labels).",2,0,0.0,0.033,0.281,0.519,0.145,"#674a2f,#d8d5cf,#b1a688",1,,
lwiqFbJa51w,https://www.youtube.com/watch?v=lwiqFbJa51w,Small Business Packaging Ideas | Packing candles tips and hacks on a budget | DIY cheap & cute ideas,444.0,storyboard,46,364.71,372.64,7.93,https://youtu.be/lwiqFbJa51w?t=365s,transition,aux,0,0.6,"Packaging/shipping the candles (boxes, stamping, tissue, peanuts, labels).",NS Pe Tw ez 2 4 ie Lie,1,0.0,0.031,0.211,0.544,0.083,"#968b7b,#c0beb3,#6b5444",1,,
lwiqFbJa51w,https://www.youtube.com/watch?v=lwiqFbJa51w,Small Business Packaging Ideas | Packing candles tips and hacks on a budget | DIY cheap & cute ideas,444.0,storyboard,47,372.64,380.57,7.93,https://youtu.be/lwiqFbJa51w?t=373s,transition,aux,0,0.6,"Packaging/shipping the candles (boxes, stamping, tissue, peanuts, labels).",,0,0.0,0.02,0.0,0.512,0.086,"#b9af9d,#867562,#4c3926",1,,
lwiqFbJa51w,https://www.youtube.com/watch?v=lwiqFbJa51w,Small Business Packaging Ideas | Packing candles tips and hacks on a budget | DIY cheap & cute ideas,444.0,storyboard,48,380.57,388.5,7.93,https://youtu.be/lwiqFbJa51w?t=381s,transition,aux,0,0.6,"Packaging/shipping the candles (boxes, stamping, tissue, peanuts, labels).",had shipped beciip ma. It looks tke the label Shipping anamay have been the reason for return,1,0.0,0.066,0.247,0.531,0.08,"#837a70,#bcb9b2,#33251e",1,,
lwiqFbJa51w,https://www.youtube.com/watch?v=lwiqFbJa51w,Small Business Packaging Ideas | Packing candles tips and hacks on a budget | DIY cheap & cute ideas,444.0,storyboard,49,388.5,396.43,7.93,https://youtu.be/lwiqFbJa51w?t=388s,transition,aux,0,0.6,"Packaging/shipping the candles (boxes, stamping, tissue, peanuts, labels).",ie ID DSs5 BF fea Sma,1,0.0,0.072,0.0,0.533,0.097,"#c0b9b2,#877368,#412d23",1,,
lwiqFbJa51w,https://www.youtube.com/watch?v=lwiqFbJa51w,Small Business Packaging Ideas | Packing candles tips and hacks on a budget | DIY cheap & cute ideas,444.0,storyboard,50,396.43,404.36,7.93,https://youtu.be/lwiqFbJa51w?t=396s,transition,aux,0,0.6,"Packaging/shipping the candles (boxes, stamping, tissue, peanuts, labels).",7 0 Ff ea ot in os,1,0.0,0.046,0.133,0.582,0.111,"#dddcd4,#95876e,#50402b",1,,
lwiqFbJa51w,https://www.youtube.com/watch?v=lwiqFbJa51w,Small Business Packaging Ideas | Packing candles tips and hacks on a budget | DIY cheap & cute ideas,444.0,storyboard,51,404.36,412.29,7.93,https://youtu.be/lwiqFbJa51w?t=404s,transition,aux,0,0.6,"Packaging/shipping the candles (boxes, stamping, tissue, peanuts, labels).",bee,0,0.0,0.022,0.277,0.525,0.11,"#684c32,#a89a8d,#d2c9c1",1,,
lwiqFbJa51w,https://www.youtube.com/watch?v=lwiqFbJa51w,Small Business Packaging Ideas | Packing candles tips and hacks on a budget | DIY cheap & cute ideas,444.0,storyboard,52,412.29,420.21,7.92,https://youtu.be/lwiqFbJa51w?t=412s,transition,aux,0,0.6,"Packaging/shipping the candles (boxes, stamping, tissue, peanuts, labels).",,0,0.0,0.016,0.0,0.682,0.107,"#cfd0c5,#ad9b86,#7c6e57",1,,
lwiqFbJa51w,https://www.youtube.com/watch?v=lwiqFbJa51w,Small Business Packaging Ideas | Packing candles tips and hacks on a budget | DIY cheap & cute ideas,444.0,storyboard,53,420.21,428.14,7.93,https://youtu.be/lwiqFbJa51w?t=420s,transition,aux,0,0.6,"Packaging/shipping the candles (boxes, stamping, tissue, peanuts, labels).",2,0,0.0,0.024,0.247,0.534,0.067,"#70685c,#b6ab9b,#1c1d1f",1,,
lwiqFbJa51w,https://www.youtube.com/watch?v=lwiqFbJa51w,Small Business Packaging Ideas | Packing candles tips and hacks on a budget | DIY cheap & cute ideas,444.0,storyboard,54,428.14,436.07,7.93,https://youtu.be/lwiqFbJa51w?t=428s,transition,aux,0,0.6,"Packaging/shipping the candles (boxes, stamping, tissue, peanuts, labels).",iS- 5 ae AP ae Sa 3 En ae ee eae he sill wa or xs eS ty os! EN ha. Ce. ae os et me Sk. we oR ene Gy ptt ds ait eae Lz ai,1,0.0,0.022,0.0,0.539,0.034,"#928d82,#70695e,#b6b2a9",0,text_overlay,
m6PpWgz7YGM,https://www.youtube.com/watch?v=m6PpWgz7YGM,The Satisfying Process of Candle Making | Inside a Modern Candle Factory,665.0,storyboard,2,16.02,24.04,8.02,https://youtu.be/m6PpWgz7YGM?t=16s,transition,aux,0,0.4,Factory floor / warehouse / forklift b-roll.,7 al ell Sir PES rye es Sap hee 7 ee rt nH 2 ahd 2 ete Te th eat 5 ae Fess. tiie ay cy ad,1,0.0,0.296,0.217,0.437,0.136,"#788177,#a9afa8,#394139",1,,
m6PpWgz7YGM,https://www.youtube.com/watch?v=m6PpWgz7YGM,The Satisfying Process of Candle Making | Inside a Modern Candle Factory,665.0,storyboard,3,24.04,32.05,8.01,https://youtu.be/m6PpWgz7YGM?t=24s,transition,aux,0,0.4,Factory floor / warehouse / forklift b-roll.,ae ea,0,0.0,0.054,0.255,0.321,0.114,"#18221f,#506358,#acb296",1,,
m6PpWgz7YGM,https://www.youtube.com/watch?v=m6PpWgz7YGM,The Satisfying Process of Candle Making | Inside a Modern Candle Factory,665.0,storyboard,7,56.08,64.1,8.02,https://youtu.be/m6PpWgz7YGM?t=56s,transition,aux,0,0.5,Blank / near-black frame (auto-detected).,,0,0.0,0.007,0.154,0.092,0.07,"#051321,#224157,#7e9daf",0,blank,
m6PpWgz7YGM,https://www.youtube.com/watch?v=m6PpWgz7YGM,The Satisfying Process of Candle Making | Inside a Modern Candle Factory,665.0,storyboard,14,112.17,120.18,8.01,https://youtu.be/m6PpWgz7YGM?t=112s,transition,aux,0,0.5,Blank / near-black frame (auto-detected).,,0,0.0,0.0,0.0,0.001,0.004,"#000000,#010102,#070c0b",0,blank,
m6PpWgz7YGM,https://www.youtube.com/watch?v=m6PpWgz7YGM,The Satisfying Process of Candle Making | Inside a Modern Candle Factory,665.0,storyboard,17,136.2,144.22,8.02,https://youtu.be/m6PpWgz7YGM?t=136s,transition,aux,0,0.5,Blank / near-black frame (auto-detected).,,0,0.0,0.002,0.0,0.052,0.069,"#02070e,#142333,#46739e",0,blank,
m6PpWgz7YGM,https://www.youtube.com/watch?v=m6PpWgz7YGM,The Satisfying Process of Candle Making | Inside a Modern Candle Factory,665.0,storyboard,18,144.22,152.23,8.01,https://youtu.be/m6PpWgz7YGM?t=144s,transition,aux,0,0.7,Presenter talking to camera (auto-detected: frontal face).,,0,0.5,0.043,0.616,0.445,0.127,"#eff6f8,#232737,#a77d66",0,talking_head,
m6PpWgz7YGM,https://www.youtube.com/watch?v=m6PpWgz7YGM,The Satisfying Process of Candle Making | Inside a Modern Candle Factory,665.0,storyboard,19,152.23,160.24,8.01,https://youtu.be/m6PpWgz7YGM?t=152s,transition,aux,0,0.4,Factory floor / warehouse / forklift b-roll.,,0,0.0,0.042,0.24,0.457,0.138,"#412810,#89684b,#c3b2a0",1,,
m6PpWgz7YGM,https://www.youtube.com/watch?v=m6PpWgz7YGM,The Satisfying Process of Candle Making | Inside a Modern Candle Factory,665.0,storyboard,23,184.28,192.29,8.01,https://youtu.be/m6PpWgz7YGM?t=184s,transition,aux,0,0.4,Factory floor / warehouse / forklift b-roll.,fe,0,0.0,0.126,0.355,0.5,0.093,"#b5b3ac,#0f1b30,#5e5e60",1,,
m6PpWgz7YGM,https://www.youtube.com/watch?v=m6PpWgz7YGM,The Satisfying Process of Candle Making | Inside a Modern Candle Factory,665.0,storyboard,29,232.35,240.36,8.01,https://youtu.be/m6PpWgz7YGM?t=232s,transition,aux,0,0.45,Factory/warehouse/logistics b-roll.,Wii ars te VM 7 fut ie ay Ah,1,0.0,0.084,0.317,0.366,0.169,"#c2c5b9,#7e8880,#384137",1,,
m6PpWgz7YGM,https://www.youtube.com/watch?v=m6PpWgz7YGM,The Satisfying Process of Candle Making | Inside a Modern Candle Factory,665.0,storyboard,36,288.43,296.45,8.02,https://youtu.be/m6PpWgz7YGM?t=288s,transition,aux,0,0.45,Factory/warehouse/logistics b-roll.,ie sa 7 me ai 4 an,1,0.0,0.137,0.0,0.496,0.122,"#7e8372,#344038,#becac1",1,,
m6PpWgz7YGM,https://www.youtube.com/watch?v=m6PpWgz7YGM,The Satisfying Process of Candle Making | Inside a Modern Candle Factory,665.0,storyboard,39,312.47,320.48,8.01,https://youtu.be/m6PpWgz7YGM?t=312s,transition,aux,0,0.45,Factory/warehouse/logistics b-roll.,,0,0.0,0.005,0.295,0.369,0.101,"#624d35,#daccbd,#8a817a",1,,
m6PpWgz7YGM,https://www.youtube.com/watch?v=m6PpWgz7YGM,The Satisfying Process of Candle Making | Inside a Modern Candle Factory,665.0,storyboard,40,320.48,328.49,8.01,https://youtu.be/m6PpWgz7YGM?t=320s,transition,aux,0,0.45,Factory/warehouse/logistics b-roll.,,0,0.0,0.114,0.296,0.43,0.144,"#0d1925,#706446,#baa28d",1,,
m6PpWgz7YGM,https://www.youtube.com/watch?v=m6PpWgz7YGM,The Satisfying Process of Candle Making | Inside a Modern Candle Factory,665.0,storyboard,41,328.49,336.51,8.02,https://youtu.be/m6PpWgz7YGM?t=328s,transition,aux,0,0.45,Factory/warehouse/logistics b-roll.,Oe aie oe 1 Gok ee Al ihe ine TW ee cs Se ait aaek ye aS AY be ig me ie oN ne ee,1,0.0,0.24,0.0,0.367,0.077,"#1f292c,#616e6f,#b4bfbe",0,text_overlay,
m6PpWgz7YGM,https://www.youtube.com/watch?v=m6PpWgz7YGM,The Satisfying Process of Candle Making | Inside a Modern Candle Factory,665.0,storyboard,44,352.53,360.54,8.01,https://youtu.be/m6PpWgz7YGM?t=353s,transition,aux,0,0.45,Factory/warehouse/logistics b-roll.,"mr,",0,0.0,0.027,0.0,0.47,0.072,"#857e6a,#37352c,#d6d1c0",1,,
m6PpWgz7YGM,https://www.youtube.com/watch?v=m6PpWgz7YGM,The Satisfying Process of Candle Making | Inside a Modern Candle Factory,665.0,storyboard,52,416.63,424.64,8.01,https://youtu.be/m6PpWgz7YGM?t=417s,transition,aux,0,0.45,Factory/warehouse/logistics b-roll.,,0,0.0,0.012,0.0,0.406,0.149,"#946c4e,#4c260d,#cd9d71",1,,
m6PpWgz7YGM,https://www.youtube.com/watch?v=m6PpWgz7YGM,The Satisfying Process of Candle Making | Inside a Modern Candle Factory,665.0,storyboard,53,424.64,432.65,8.01,https://youtu.be/m6PpWgz7YGM?t=425s,transition,aux,0,0.45,Finished candles shown (beauty/aerial).,,0,0.0,0.015,0.114,0.555,0.117,"#ceb59c,#8f7865,#5c3e25",1,,
m6PpWgz7YGM,https://www.youtube.com/watch?v=m6PpWgz7YGM,The Satisfying Process of Candle Making | Inside a Modern Candle Factory,665.0,storyboard,54,432.65,440.66,8.01,https://youtu.be/m6PpWgz7YGM?t=433s,transition,aux,0,0.45,Factory/warehouse/logistics b-roll.,oe OS: oie am oti ee 2 LS ret be 1 mee eo 1 hod sem Slay eT aes gs me aa,1,0.0,0.119,0.0,0.429,0.138,"#907654,#2d2922,#d5c6ae",0,text_overlay,
m6PpWgz7YGM,https://www.youtube.com/watch?v=m6PpWgz7YGM,The Satisfying Process of Candle Making | Inside a Modern Candle Factory,665.0,storyboard,63,504.76,512.77,8.01,https://youtu.be/m6PpWgz7YGM?t=505s,transition,aux,0,0.45,Factory/warehouse/logistics b-roll.,ae al AG War,1,0.0,0.214,0.245,0.342,0.075,"#161611,#4b4a41,#93a29c",1,,
m6PpWgz7YGM,https://www.youtube.com/watch?v=m6PpWgz7YGM,The Satisfying Process of Candle Making | Inside a Modern Candle Factory,665.0,storyboard,64,512.77,520.78,8.01,https://youtu.be/m6PpWgz7YGM?t=513s,transition,aux,0,0.45,Factory/warehouse/logistics b-roll.,"4 yew gl ee BO ry liy wt Sy wr 4 ay am,",1,0.0,0.145,0.193,0.296,0.11,"#232618,#5c5a45,#b0a684",1,,
m6PpWgz7YGM,https://www.youtube.com/watch?v=m6PpWgz7YGM,The Satisfying Process of Candle Making | Inside a Modern Candle Factory,665.0,storyboard,70,560.84,568.86,8.02,https://youtu.be/m6PpWgz7YGM?t=561s,transition,aux,0,0.45,Factory/warehouse/logistics b-roll.,"My, eae 7 WA od Pein",1,1.0,0.158,0.0,0.502,0.131,"#948369,#cac6b9,#2f2e28",0,talking_head,
m6PpWgz7YGM,https://www.youtube.com/watch?v=m6PpWgz7YGM,The Satisfying Process of Candle Making | Inside a Modern Candle Factory,665.0,storyboard,71,568.86,576.87,8.01,https://youtu.be/m6PpWgz7YGM?t=569s,transition,aux,0,0.45,Factory/warehouse/logistics b-roll.,"SIN OMe 2 1 eis 3 4 is es ae on SSS Se cee GB Sa Nee ase ae ll 5 iv, 4 iar Tee ee ss eS. ts be oe She ee iy site 48 12anes eit ae Say ste tee -ae Ge ath oe ro -bs ey pe ae aay att te 4 ee Bee LE Sa -a",1,0.0,0.354,0.181,0.388,0.09,"#392b1d,#7e6d59,#d0c8bc",1,,
m6PpWgz7YGM,https://www.youtube.com/watch?v=m6PpWgz7YGM,The Satisfying Process of Candle Making | Inside a Modern Candle Factory,665.0,storyboard,76,608.92,616.93,8.01,https://youtu.be/m6PpWgz7YGM?t=609s,transition,aux,0,0.45,Factory/warehouse/logistics b-roll.,"ea my is 7 ie! Ly Tlie Py 3 te eas Hr fH rare zr All ts teieleatte te, Tt Secale liadiel cp BARI ads ee iol",1,0.0,0.177,0.0,0.576,0.147,"#ab977e,#6a5a46,#d3cabe",0,text_overlay,
m6PpWgz7YGM,https://www.youtube.com/watch?v=m6PpWgz7YGM,The Satisfying Process of Candle Making | Inside a Modern Candle Factory,665.0,storyboard,77,616.93,624.94,8.01,https://youtu.be/m6PpWgz7YGM?t=617s,transition,aux,0,0.45,Factory/warehouse/logistics b-roll.,all ry yh li Fag Ba el,1,0.0,0.072,0.29,0.431,0.104,"#8f734d,#5a462a,#c0a37b",1,,
mJQTQYs_TwU,https://www.youtube.com/watch?v=mJQTQYs_TwU,🎄 🍊 Make Holiday Candles with me | Recipe Included ❄️,317.0,storyboard,7,55.47,63.4,7.93,https://youtu.be/mJQTQYs_TwU?t=55s,transition,aux,0,0.5,"On-screen text card (auto-detected: static frame, OCR text). Text reads: 'Sa oe oe Xs one 4 aa bs mh ma ie ay 7 ae'.",Sa oe oe Xs one 4 aa bs mh ma ie ay 7 ae,1,0.0,0.054,0.0,0.385,0.126,"#605a4f,#a48b71,#3b2b1c",0,text_overlay,
mJQTQYs_TwU,https://www.youtube.com/watch?v=mJQTQYs_TwU,🎄 🍊 Make Holiday Candles with me | Recipe Included ❄️,317.0,storyboard,12,95.1,103.02,7.92,https://youtu.be/mJQTQYs_TwU?t=95s,transition,aux,0,0.5,"On-screen text card (auto-detected: static frame, OCR text). Text reads: 'wat oe ic Sas, 7 Yaz, se ee mn- iz cay'.","wat oe ic Sas, 7 Yaz, se ee mn- iz cay",1,0.0,0.113,0.0,0.414,0.12,"#756a58,#3e3723,#c0b09d",0,text_overlay,
mJQTQYs_TwU,https://www.youtube.com/watch?v=mJQTQYs_TwU,🎄 🍊 Make Holiday Candles with me | Recipe Included ❄️,317.0,storyboard,17,134.72,142.65,7.93,https://youtu.be/mJQTQYs_TwU?t=135s,transition,aux,0,0.5,"On-screen text card (auto-detected: static frame, OCR text). Text reads: 'For ee he De Ee we ew- be 2.'.",For ee he De Ee we ew- be 2.,1,0.0,0.068,0.0,0.482,0.087,"#bda999,#7e6b54,#443727",0,text_overlay,
mJQTQYs_TwU,https://www.youtube.com/watch?v=mJQTQYs_TwU,🎄 🍊 Make Holiday Candles with me | Recipe Included ❄️,317.0,storyboard,27,213.98,221.9,7.92,https://youtu.be/mJQTQYs_TwU?t=214s,transition,aux,0,0.5,"On-screen text card (auto-detected: static frame, OCR text). Text reads: '4 7 ne Se 5 le, on Te ca, ae ae gil aa AL Zz AA So is 1'.","4 7 ne Se 5 le, on Te ca, ae ae gil aa AL Zz AA So is 1",1,0.0,0.085,0.0,0.548,0.135,"#9f8276,#cabfbe,#5c4c43",0,text_overlay,
mJQTQYs_TwU,https://www.youtube.com/watch?v=mJQTQYs_TwU,🎄 🍊 Make Holiday Candles with me | Recipe Included ❄️,317.0,storyboard,35,277.38,285.3,7.92,https://youtu.be/mJQTQYs_TwU?t=277s,transition,aux,0,0.5,Blank / near-black frame (auto-detected).,,0,0.0,0.0,0.0,0.004,0.001,"#010101,#060606,#0d0d0d",0,blank,
mJQTQYs_TwU,https://www.youtube.com/watch?v=mJQTQYs_TwU,🎄 🍊 Make Holiday Candles with me | Recipe Included ❄️,317.0,storyboard,36,285.3,293.23,7.93,https://youtu.be/mJQTQYs_TwU?t=285s,transition,aux,0,0.5,Blank / near-black frame (auto-detected).,,0,0.0,0.0,0.0,0.004,0.001,"#010101,#060606,#0d0d0d",0,blank,
mJQTQYs_TwU,https://www.youtube.com/watch?v=mJQTQYs_TwU,🎄 🍊 Make Holiday Candles with me | Recipe Included ❄️,317.0,storyboard,37,293.23,301.15,7.92,https://youtu.be/mJQTQYs_TwU?t=293s,transition,aux,0,0.5,Blank / near-black frame (auto-detected).,,0,0.0,0.0,0.0,0.004,0.001,"#010101,#060606,#0d0d0d",0,blank,
mJQTQYs_TwU,https://www.youtube.com/watch?v=mJQTQYs_TwU,🎄 🍊 Make Holiday Candles with me | Recipe Included ❄️,317.0,storyboard,38,301.15,309.08,7.93,https://youtu.be/mJQTQYs_TwU?t=301s,transition,aux,0,0.5,Blank / near-black frame (auto-detected).,,0,0.0,0.0,0.0,0.004,0.001,"#010101,#060606,#0d0d0d",0,blank,
mJQTQYs_TwU,https://www.youtube.com/watch?v=mJQTQYs_TwU,🎄 🍊 Make Holiday Candles with me | Recipe Included ❄️,317.0,storyboard,39,309.08,317.0,7.92,https://youtu.be/mJQTQYs_TwU?t=309s,transition,aux,0,0.5,Blank / near-black frame (auto-detected).,,0,0.0,0.0,0.0,0.004,0.001,"#010101,#060606,#0d0d0d",0,blank,
mLCG_JXJPvg,https://www.youtube.com/watch?v=mLCG_JXJPvg,How To Make Candles Using A Double Boiler | BEGINNERS WELCOME,314.0,storyboard,33,265.69,273.74,8.05,https://youtu.be/mLCG_JXJPvg?t=266s,transition,aux,0,0.5,Blank / near-black frame (auto-detected).,,0,0.0,0.0,0.006,0.003,0.004,"#000000,#000002,#030203",0,blank,
mLCG_JXJPvg,https://www.youtube.com/watch?v=mLCG_JXJPvg,How To Make Candles Using A Double Boiler | BEGINNERS WELCOME,314.0,storyboard,34,273.74,281.79,8.05,https://youtu.be/mLCG_JXJPvg?t=274s,transition,aux,0,0.5,Blank / near-black frame (auto-detected).,,0,0.0,0.0,0.0,0.001,0.004,"#000000,#000002,#030203",0,blank,
mLCG_JXJPvg,https://www.youtube.com/watch?v=mLCG_JXJPvg,How To Make Candles Using A Double Boiler | BEGINNERS WELCOME,314.0,storyboard,35,281.79,289.85,8.06,https://youtu.be/mLCG_JXJPvg?t=282s,transition,aux,0,0.5,Blank / near-black frame (auto-detected).,,0,0.0,0.0,0.0,0.001,0.004,"#000000,#000002,#030203",0,blank,
mLCG_JXJPvg,https://www.youtube.com/watch?v=mLCG_JXJPvg,How To Make Candles Using A Double Boiler | BEGINNERS WELCOME,314.0,storyboard,36,289.85,297.9,8.05,https://youtu.be/mLCG_JXJPvg?t=290s,transition,aux,0,0.5,Blank / near-black frame (auto-detected).,,0,0.0,0.0,0.0,0.001,0.004,"#000000,#000002,#030203",0,blank,
mLCG_JXJPvg,https://www.youtube.com/watch?v=mLCG_JXJPvg,How To Make Candles Using A Double Boiler | BEGINNERS WELCOME,314.0,storyboard,37,297.9,305.95,8.05,https://youtu.be/mLCG_JXJPvg?t=298s,transition,aux,0,0.5,Blank / near-black frame (auto-detected).,,0,0.0,0.0,0.0,0.001,0.004,"#000000,#000002,#030203",0,blank,
mLCG_JXJPvg,https://www.youtube.com/watch?v=mLCG_JXJPvg,How To Make Candles Using A Double Boiler | BEGINNERS WELCOME,314.0,storyboard,38,305.95,314.0,8.05,https://youtu.be/mLCG_JXJPvg?t=306s,transition,aux,0,0.5,Blank / near-black frame (auto-detected).,,0,0.0,0.0,0.0,0.001,0.004,"#000000,#000002,#030203",0,blank,
nVrWdGYHQkc,https://www.youtube.com/watch?v=nVrWdGYHQkc,Easy DIY Candle Making Tutorial for Beginners || Step-By-Step Guide || GIVEAWAY OVER,511.0,storyboard,62,495.03,503.02,7.99,https://youtu.be/nVrWdGYHQkc?t=495s,transition,aux,0,0.4,Blank/black padding.,,0,0.0,0.0,0.0,0.0,0.005,"#000000,#000001,#020005",0,blank,
nVrWdGYHQkc,https://www.youtube.com/watch?v=nVrWdGYHQkc,Easy DIY Candle Making Tutorial for Beginners || Step-By-Step Guide || GIVEAWAY OVER,511.0,storyboard,63,503.02,511.0,7.98,https://youtu.be/nVrWdGYHQkc?t=503s,transition,aux,0,0.4,Blank/black padding.,,0,0.0,0.0,0.0,0.0,0.005,"#000000,#000001,#020005",0,blank,
ni6Z78PCyVw,https://www.youtube.com/watch?v=ni6Z78PCyVw,"The MAJOR DIFFERENCES between SOY WAX, PARAFFIN WAX, & GEL WAX",235.0,storyboard,5,40.52,48.62,8.1,https://youtu.be/ni6Z78PCyVw?t=41s,transition,aux,0,0.4,Desert landscape b-roll.,eat an ee ae oe-- ra wa SS Pl! 7 Pa 7 7 Fb bi ee pe st AT TEA Se we ee ore 5 wes si Al. nae. AG ic 2 oA pe ee eas,1,0.0,0.016,0.046,0.561,0.28,"#a48160,#3490df,#83bcd9",1,,
ni6Z78PCyVw,https://www.youtube.com/watch?v=ni6Z78PCyVw,"The MAJOR DIFFERENCES between SOY WAX, PARAFFIN WAX, & GEL WAX",235.0,storyboard,6,48.62,56.72,8.1,https://youtu.be/ni6Z78PCyVw?t=49s,transition,aux,0,0.4,Desert landscape b-roll (paraffin/petroleum reference).,,0,0.0,0.011,0.18,0.356,0.157,"#3b2217,#563d32,#8c715c",1,,
ni6Z78PCyVw,https://www.youtube.com/watch?v=ni6Z78PCyVw,"The MAJOR DIFFERENCES between SOY WAX, PARAFFIN WAX, & GEL WAX",235.0,storyboard,24,194.48,202.59,8.11,https://youtu.be/ni6Z78PCyVw?t=194s,transition,aux,0,0.5,Blank / near-black frame (auto-detected).,So ee,0,0.0,0.012,0.018,0.012,0.042,"#000000,#000003,#040005",0,blank,
ni6Z78PCyVw,https://www.youtube.com/watch?v=ni6Z78PCyVw,"The MAJOR DIFFERENCES between SOY WAX, PARAFFIN WAX, & GEL WAX",235.0,storyboard,25,202.59,210.69,8.1,https://youtu.be/ni6Z78PCyVw?t=203s,transition,aux,0,0.5,Blank / near-black frame (auto-detected).,,0,0.0,0.0,0.0,0.004,0.0,"#010101,#010101,#010101",0,blank,
ni6Z78PCyVw,https://www.youtube.com/watch?v=ni6Z78PCyVw,"The MAJOR DIFFERENCES between SOY WAX, PARAFFIN WAX, & GEL WAX",235.0,storyboard,26,210.69,218.79,8.1,https://youtu.be/ni6Z78PCyVw?t=211s,transition,aux,0,0.5,Blank / near-black frame (auto-detected).,,0,0.0,0.0,0.0,0.004,0.0,"#010101,#010101,#010101",0,blank,
ni6Z78PCyVw,https://www.youtube.com/watch?v=ni6Z78PCyVw,"The MAJOR DIFFERENCES between SOY WAX, PARAFFIN WAX, & GEL WAX",235.0,storyboard,27,218.79,226.9,8.11,https://youtu.be/ni6Z78PCyVw?t=219s,transition,aux,0,0.5,Blank / near-black frame (auto-detected).,,0,0.0,0.0,0.0,0.004,0.0,"#010101,#010101,#010101",0,blank,
ni6Z78PCyVw,https://www.youtube.com/watch?v=ni6Z78PCyVw,"The MAJOR DIFFERENCES between SOY WAX, PARAFFIN WAX, & GEL WAX",235.0,storyboard,28,226.9,235.0,8.1,https://youtu.be/ni6Z78PCyVw?t=227s,transition,aux,0,0.5,Blank / near-black frame (auto-detected).,,0,0.0,0.0,0.0,0.004,0.0,"#010101,#010101,#010101",0,blank,
nnm8jirkn64,https://www.youtube.com/watch?v=nnm8jirkn64,5 Things I Don't Like About Wood Wicks (But Still Use Them!),431.0,storyboard,7,55.87,63.85,7.98,https://youtu.be/nnm8jirkn64?t=56s,transition,aux,0,0.45,'OPTION: SOAK IN OIL' caption.,No OPTION: SOAK IN OIL,1,1.0,0.067,0.0,0.137,0.156,"#0d0e14,#33367f,#c0af88",0,talking_head,
nnm8jirkn64,https://www.youtube.com/watch?v=nnm8jirkn64,5 Things I Don't Like About Wood Wicks (But Still Use Them!),431.0,storyboard,8,63.85,71.83,7.98,https://youtu.be/nnm8jirkn64?t=64s,transition,aux,0,0.45,'MY SOLUTION: POUR HOT WAX DIRECTLY OVER THE WOODWICK' caption.,ct ae bel ae: 5 feet Lace! 4,1,0.5,0.092,0.503,0.354,0.136,"#0d0e16,#2d3284,#aa9286",0,talking_head,
nnm8jirkn64,https://www.youtube.com/watch?v=nnm8jirkn64,5 Things I Don't Like About Wood Wicks (But Still Use Them!),431.0,storyboard,52,415.04,423.02,7.98,https://youtu.be/nnm8jirkn64?t=415s,transition,aux,0,0.4,Blank/black padding.,,0,1.0,0.037,0.0,0.164,0.188,"#0d0c14,#403673,#e4d5d1",0,talking_head,
nnm8jirkn64,https://www.youtube.com/watch?v=nnm8jirkn64,5 Things I Don't Like About Wood Wicks (But Still Use Them!),431.0,storyboard,53,423.02,431.0,7.98,https://youtu.be/nnm8jirkn64?t=423s,transition,aux,0,0.4,Blank/black padding.,,0,0.0,0.0,0.0,0.0,0.003,"#000000,#000004,#010101",0,blank,
o3oqto7AHIs,https://www.youtube.com/watch?v=o3oqto7AHIs,Why This Luxury Candle Costs $660 | So Expensive | Business Insider,621.0,storyboard,6,47.77,55.73,7.96,https://youtu.be/o3oqto7AHIs?t=48s,transition,aux,0,0.4,Caption / brand stamp (luxury candle doc).,oly,0,0.0,0.032,0.0,0.186,0.171,"#171716,#7d4832,#d5c7bb",1,,description references on-screen text but OCR found none
o3oqto7AHIs,https://www.youtube.com/watch?v=o3oqto7AHIs,Why This Luxury Candle Costs $660 | So Expensive | Business Insider,621.0,storyboard,16,127.38,135.35,7.97,https://youtu.be/o3oqto7AHIs?t=127s,transition,aux,0,0.5,"On-screen text card (auto-detected: static frame, OCR text). Text reads: 'Res of See 4 oe 7 1 bas En sy SE ez vi 2 7 iar 4 by ee Fae mee bag 8 rs 55 7 not oo SAF oA swe te em'.",Res of See 4 oe 7 1 bas En sy SE ez vi 2 7 iar 4 by ee Fae mee bag 8 rs 55 7 not oo SAF oA swe te em,1,0.0,0.102,0.0,0.335,0.095,"#68614a,#353021,#9f9988",0,text_overlay,
o3oqto7AHIs,https://www.youtube.com/watch?v=o3oqto7AHIs,Why This Luxury Candle Costs $660 | So Expensive | Business Insider,621.0,storyboard,17,135.35,143.31,7.96,https://youtu.be/o3oqto7AHIs?t=135s,transition,aux,0,0.45,Interview/host segment.,4 4,0,0.0,0.027,0.071,0.208,0.068,"#181a21,#71716b,#d1cbb8",1,,
o3oqto7AHIs,https://www.youtube.com/watch?v=o3oqto7AHIs,Why This Luxury Candle Costs $660 | So Expensive | Business Insider,621.0,storyboard,18,143.31,151.27,7.96,https://youtu.be/o3oqto7AHIs?t=143s,transition,aux,0,0.4,Caption / brand stamp (luxury candle doc).,"7 ite wey ae si ere ae 4 em 8 7 mange! HM Nathalie Egbert TT sbors fanesg oo the baseell Siete use aa ly rapeseed OllpsUnflower oil, Sot tS 7",1,0.0,0.093,0.261,0.349,0.088,"#383320,#766c4c,#b2ad9d",1,,
o3oqto7AHIs,https://www.youtube.com/watch?v=o3oqto7AHIs,Why This Luxury Candle Costs $660 | So Expensive | Business Insider,621.0,storyboard,19,151.27,159.23,7.96,https://youtu.be/o3oqto7AHIs?t=151s,transition,aux,0,0.5,"On-screen text card (auto-detected: static frame, OCR text). Text reads: 'since we have to use supports with fairly high melting points.'.",since we have to use supports with fairly high melting points.,1,0.0,0.033,0.0,0.193,0.085,"#0c0c0d,#94786c,#deddd8",0,text_overlay,
o3oqto7AHIs,https://www.youtube.com/watch?v=o3oqto7AHIs,Why This Luxury Candle Costs $660 | So Expensive | Business Insider,621.0,storyboard,22,175.15,183.12,7.97,https://youtu.be/o3oqto7AHIs?t=175s,transition,aux,0,0.5,"On-screen text card (auto-detected: static frame, OCR text). Text reads: 'an ee nm She es: be yet aee carrying the buchats. by'.",an ee nm She es: be yet aee carrying the buchats. by,1,0.0,0.105,0.0,0.269,0.095,"#504832,#1c1407,#8c897b",0,text_overlay,
o3oqto7AHIs,https://www.youtube.com/watch?v=o3oqto7AHIs,Why This Luxury Candle Costs $660 | So Expensive | Business Insider,621.0,storyboard,43,342.35,350.31,7.96,https://youtu.be/o3oqto7AHIs?t=342s,transition,aux,0,0.45,Brand-history / b-roll insert.,aE CC een 2 ye me za ley Bsy mh,1,0.0,0.052,0.222,0.361,0.168,"#8b712f,#40331e,#ada28a",1,,
o4YzLSxaahk,https://www.youtube.com/watch?v=o4YzLSxaahk,🥥 How to Make Coconut Apricot Wax Candles | *my process* summer edition :) 🏝️,455.0,storyboard,7,55.88,63.86,7.98,https://youtu.be/o4YzLSxaahk?t=56s,transition,aux,0,0.4,Blue/white workspace b-roll.,7 tke Lh Pd Le if,1,0.0,0.032,0.376,0.586,0.146,"#a07f5e,#e6d6c4,#553f2b",1,,
o4YzLSxaahk,https://www.youtube.com/watch?v=o4YzLSxaahk,🥥 How to Make Coconut Apricot Wax Candles | *my process* summer edition :) 🏝️,455.0,storyboard,10,79.82,87.81,7.99,https://youtu.be/o4YzLSxaahk?t=80s,transition,aux,0,0.4,SUBSCRIBE card.,,0,0.0,0.014,0.217,0.273,0.096,"#170f07,#504431,#8f8675",1,,description references on-screen text but OCR found none
o4YzLSxaahk,https://www.youtube.com/watch?v=o4YzLSxaahk,🥥 How to Make Coconut Apricot Wax Candles | *my process* summer edition :) 🏝️,455.0,storyboard,42,335.26,343.25,7.99,https://youtu.be/o4YzLSxaahk?t=335s,transition,aux,0,0.4,Packing boxes for shipping.,"ay ind ee 3 al 6 te, fi cer 7 Tamms Re",1,0.0,0.094,0.273,0.399,0.213,"#2c2849,#928665,#d0c3b1",1,,
o4YzLSxaahk,https://www.youtube.com/watch?v=o4YzLSxaahk,🥥 How to Make Coconut Apricot Wax Candles | *my process* summer edition :) 🏝️,455.0,storyboard,47,375.18,383.16,7.98,https://youtu.be/o4YzLSxaahk?t=375s,transition,aux,0,0.4,Shipping boxes / fulfilment.,,0,0.0,0.062,0.0,0.464,0.199,"#3f3d52,#b98f69,#d6ccbd",1,,
o4YzLSxaahk,https://www.youtube.com/watch?v=o4YzLSxaahk,🥥 How to Make Coconut Apricot Wax Candles | *my process* summer edition :) 🏝️,455.0,storyboard,48,383.16,391.14,7.98,https://youtu.be/o4YzLSxaahk?t=383s,transition,aux,0,0.45,Motivational text overlay over shipping boxes ('don't give up on your dream').,bad many Gays have looked like this these past few weeks. ve been busier than ever and could not be more grateful fon each order. do not give up oy jp dream ever. it takes tine. Se Fe ov os,1,0.0,0.154,0.151,0.441,0.12,"#503c2b,#7f6350,#b29b8a",1,,
o4YzLSxaahk,https://www.youtube.com/watch?v=o4YzLSxaahk,🥥 How to Make Coconut Apricot Wax Candles | *my process* summer edition :) 🏝️,455.0,storyboard,49,391.14,399.12,7.98,https://youtu.be/o4YzLSxaahk?t=391s,transition,aux,0,0.4,Shipping boxes; maker vlog selfie.,nl 7 oma am,1,0.0,0.023,0.173,0.541,0.094,"#979089,#434444,#dee1e0",1,,
o4YzLSxaahk,https://www.youtube.com/watch?v=o4YzLSxaahk,🥥 How to Make Coconut Apricot Wax Candles | *my process* summer edition :) 🏝️,455.0,storyboard,53,423.07,431.05,7.98,https://youtu.be/o4YzLSxaahk?t=423s,transition,aux,0,0.4,Blank/black padding.,,0,0.0,0.0,0.0,0.0,0.0,"#000000,#010101,#000000",0,blank,
o4YzLSxaahk,https://www.youtube.com/watch?v=o4YzLSxaahk,🥥 How to Make Coconut Apricot Wax Candles | *my process* summer edition :) 🏝️,455.0,storyboard,54,431.05,439.04,7.99,https://youtu.be/o4YzLSxaahk?t=431s,transition,aux,0,0.4,Blank/black padding.,,0,0.0,0.0,0.0,0.0,0.0,"#000000,#010101,#000000",0,blank,
o4YzLSxaahk,https://www.youtube.com/watch?v=o4YzLSxaahk,🥥 How to Make Coconut Apricot Wax Candles | *my process* summer edition :) 🏝️,455.0,storyboard,55,439.04,447.02,7.98,https://youtu.be/o4YzLSxaahk?t=439s,transition,aux,0,0.4,Blank/black padding.,,0,0.0,0.0,0.0,0.0,0.0,"#000000,#010101,#000000",0,blank,
o4YzLSxaahk,https://www.youtube.com/watch?v=o4YzLSxaahk,🥥 How to Make Coconut Apricot Wax Candles | *my process* summer edition :) 🏝️,455.0,storyboard,56,447.02,455.0,7.98,https://youtu.be/o4YzLSxaahk?t=447s,transition,aux,0,0.4,Blank/black padding.,,0,0.0,0.0,0.0,0.0,0.0,"#000000,#010101,#000000",0,blank,
oGFxRbA564w,https://www.youtube.com/watch?v=oGFxRbA564w,How to make Margarita/drink candles. Super easy,166.0,storyboard,20,158.1,166.0,7.9,https://youtu.be/oGFxRbA564w?t=158s,transition,aux,0,0.5,Blank / near-black frame (auto-detected).,,0,0.0,0.0,0.0,0.0,0.005,"#000000,#000002,#020305",0,blank,
o_RGzWnILag,https://www.youtube.com/watch?v=o_RGzWnILag,How to Calculate How Much Candle Wax and Fragrance Oil You Need | Candle Making Math | CandleScience,184.0,storyboard,22,176.0,184.0,8.0,https://youtu.be/o_RGzWnILag?t=176s,transition,aux,0,0.5,Blank / near-black frame (auto-detected).,,0,0.0,0.0,0.0,0.0,0.003,"#000000,#000002,#040406",0,blank,
otT0f6GWasc,https://www.youtube.com/watch?v=otT0f6GWasc,DIY Luxury Iridescent Soy Candles at Home!,789.0,storyboard,61,486.15,494.12,7.97,https://youtu.be/otT0f6GWasc?t=486s,transition,aux,0,0.6,'Fall' label / branding card.,,0,0.0,0.004,0.0,0.657,0.059,"#b3b9c1,#a1a3a6,#613d3b",1,,description references on-screen text but OCR found none
otT0f6GWasc,https://www.youtube.com/watch?v=otT0f6GWasc,DIY Luxury Iridescent Soy Candles at Home!,789.0,storyboard,62,494.12,502.09,7.97,https://youtu.be/otT0f6GWasc?t=494s,transition,aux,0,0.6,'Fall' label / branding card.,wa,0,0.0,0.012,0.149,0.666,0.05,"#c2c5c9,#aeafaf,#7e716c",1,,description references on-screen text but OCR found none
otT0f6GWasc,https://www.youtube.com/watch?v=otT0f6GWasc,DIY Luxury Iridescent Soy Candles at Home!,789.0,storyboard,63,502.09,510.06,7.97,https://youtu.be/otT0f6GWasc?t=502s,transition,aux,0,0.6,'Fall' label / branding card.,ty Feb. Fr... wr Lal,1,0.0,0.065,0.112,0.635,0.059,"#b9b7b7,#4c2722,#877f7c",1,,
p3X85tRiKRc,https://www.youtube.com/watch?v=p3X85tRiKRc,How To Make Soy Candles | Beginners Candle Making Tutorial,532.0,storyboard,57,459.45,467.52,8.07,https://youtu.be/p3X85tRiKRc?t=459s,transition,aux,0,0.4,Blank/black padding.,,0,0.0,0.0,0.001,0.001,0.001,"#000000,#050504,#0b0b0b",0,blank,
p3X85tRiKRc,https://www.youtube.com/watch?v=p3X85tRiKRc,How To Make Soy Candles | Beginners Candle Making Tutorial,532.0,storyboard,58,467.52,475.58,8.06,https://youtu.be/p3X85tRiKRc?t=468s,transition,aux,0,0.4,Blank/black padding.,,0,0.0,0.0,0.0,0.001,0.001,"#000000,#050504,#0b0b0b",0,blank,
p3X85tRiKRc,https://www.youtube.com/watch?v=p3X85tRiKRc,How To Make Soy Candles | Beginners Candle Making Tutorial,532.0,storyboard,59,475.58,483.64,8.06,https://youtu.be/p3X85tRiKRc?t=476s,transition,aux,0,0.4,Blank/black padding.,,0,0.0,0.0,0.0,0.001,0.001,"#000000,#050504,#0b0b0b",0,blank,
p3X85tRiKRc,https://www.youtube.com/watch?v=p3X85tRiKRc,How To Make Soy Candles | Beginners Candle Making Tutorial,532.0,storyboard,60,483.64,491.7,8.06,https://youtu.be/p3X85tRiKRc?t=484s,transition,aux,0,0.4,Blank/black padding.,,0,0.0,0.0,0.0,0.001,0.001,"#000000,#050504,#0b0b0b",0,blank,
p3X85tRiKRc,https://www.youtube.com/watch?v=p3X85tRiKRc,How To Make Soy Candles | Beginners Candle Making Tutorial,532.0,storyboard,61,491.7,499.76,8.06,https://youtu.be/p3X85tRiKRc?t=492s,transition,aux,0,0.4,Blank/black padding.,,0,0.0,0.0,0.0,0.001,0.001,"#000000,#050504,#0b0b0b",0,blank,
p3X85tRiKRc,https://www.youtube.com/watch?v=p3X85tRiKRc,How To Make Soy Candles | Beginners Candle Making Tutorial,532.0,storyboard,62,499.76,507.82,8.06,https://youtu.be/p3X85tRiKRc?t=500s,transition,aux,0,0.4,Blank/black padding.,,0,0.0,0.0,0.0,0.001,0.001,"#000000,#050504,#0b0b0b",0,blank,
p3X85tRiKRc,https://www.youtube.com/watch?v=p3X85tRiKRc,How To Make Soy Candles | Beginners Candle Making Tutorial,532.0,storyboard,63,507.82,515.88,8.06,https://youtu.be/p3X85tRiKRc?t=508s,transition,aux,0,0.4,Blank/black padding.,,0,0.0,0.0,0.0,0.001,0.001,"#000000,#050504,#0b0b0b",0,blank,
p3X85tRiKRc,https://www.youtube.com/watch?v=p3X85tRiKRc,How To Make Soy Candles | Beginners Candle Making Tutorial,532.0,storyboard,64,515.88,523.94,8.06,https://youtu.be/p3X85tRiKRc?t=516s,transition,aux,0,0.4,Blank/black padding.,,0,0.0,0.0,0.0,0.001,0.001,"#000000,#050504,#0b0b0b",0,blank,
p3X85tRiKRc,https://www.youtube.com/watch?v=p3X85tRiKRc,How To Make Soy Candles | Beginners Candle Making Tutorial,532.0,storyboard,65,523.94,532.0,8.06,https://youtu.be/p3X85tRiKRc?t=524s,transition,aux,0,0.4,Blank/black padding.,,0,0.0,0.0,0.0,0.001,0.001,"#000000,#050504,#0b0b0b",0,blank,
p9iuqnq99o8,https://www.youtube.com/watch?v=p9iuqnq99o8,Simple Beeswax Candles Using Essential Oils,454.0,storyboard,52,414.18,422.14,7.96,https://youtu.be/p9iuqnq99o8?t=414s,transition,aux,0,0.4,Blank/black padding.,,0,0.0,0.0,0.0,0.0,0.004,"#000000,#020000,#050001",0,blank,
p9iuqnq99o8,https://www.youtube.com/watch?v=p9iuqnq99o8,Simple Beeswax Candles Using Essential Oils,454.0,storyboard,53,422.14,430.11,7.97,https://youtu.be/p9iuqnq99o8?t=422s,transition,aux,0,0.4,Blank/black padding.,,0,0.0,0.0,0.0,0.0,0.003,"#000000,#010001,#030101",0,blank,
p9iuqnq99o8,https://www.youtube.com/watch?v=p9iuqnq99o8,Simple Beeswax Candles Using Essential Oils,454.0,storyboard,54,430.11,438.07,7.96,https://youtu.be/p9iuqnq99o8?t=430s,transition,aux,0,0.4,Blank/black padding.,,0,0.0,0.0,0.0,0.0,0.003,"#000000,#010000,#030102",0,blank,
p9iuqnq99o8,https://www.youtube.com/watch?v=p9iuqnq99o8,Simple Beeswax Candles Using Essential Oils,454.0,storyboard,55,438.07,446.04,7.97,https://youtu.be/p9iuqnq99o8?t=438s,transition,aux,0,0.4,Blank/black padding.,,0,0.0,0.0,0.0,0.0,0.003,"#000000,#010001,#030101",0,blank,
p9iuqnq99o8,https://www.youtube.com/watch?v=p9iuqnq99o8,Simple Beeswax Candles Using Essential Oils,454.0,storyboard,56,446.04,454.0,7.96,https://youtu.be/p9iuqnq99o8?t=446s,transition,aux,0,0.4,Blank/black padding.,,0,0.0,0.0,0.0,0.0,0.003,"#000000,#020001,#000100",0,blank,
qFox4kyUIJA,https://www.youtube.com/watch?v=qFox4kyUIJA,Let's make Wax Melts! | Launching a new product | Small business diaries | Golden brand 494 wax,481.0,storyboard,5,40.08,48.1,8.02,https://youtu.be/qFox4kyUIJA?t=40s,transition,aux,0,0.4,Fragrance-calculation spreadsheet.,ed,0,0.0,0.029,0.257,0.647,0.154,"#eceeef,#735663,#b197a8",1,,
qFox4kyUIJA,https://www.youtube.com/watch?v=qFox4kyUIJA,Let's make Wax Melts! | Launching a new product | Small business diaries | Golden brand 494 wax,481.0,storyboard,6,48.1,56.12,8.02,https://youtu.be/qFox4kyUIJA?t=48s,transition,aux,0,0.4,Fragrance-calculation spreadsheet.,Ss ee eee oS eee ee em ee we. 4 3 3 4 3 8 8 8 7 Sat See wane ser nee MA oo 8 gt Fs 2 ae we 4 XX eae 5,1,0.0,0.04,0.033,0.743,0.162,"#a9a19c,#f4f2f3,#c4388c",1,,
qFox4kyUIJA,https://www.youtube.com/watch?v=qFox4kyUIJA,Let's make Wax Melts! | Launching a new product | Small business diaries | Golden brand 494 wax,481.0,storyboard,7,56.12,64.13,8.01,https://youtu.be/qFox4kyUIJA?t=56s,transition,aux,0,0.5,"On-screen text card (auto-detected: static frame, OCR text). Text reads: 'tegwert ween Sess es os Se o-oo SM oo Se ee el 2 te ss ih fo ee Apes, 8. re'.","tegwert ween Sess es os Se o-oo SM oo Se ee el 2 te ss ih fo ee Apes, 8. re",1,0.0,0.05,0.0,0.741,0.16,"#9f9c98,#f3f2f3,#c7388f",0,text_overlay,
qFox4kyUIJA,https://www.youtube.com/watch?v=qFox4kyUIJA,Let's make Wax Melts! | Launching a new product | Small business diaries | Golden brand 494 wax,481.0,storyboard,8,64.13,72.15,8.02,https://youtu.be/qFox4kyUIJA?t=64s,transition,aux,0,0.4,Fragrance-calculation spreadsheet.,Seen 4 Es att et Saou SS Ss Beh Prise: Aiea se za Te nt eve eS 4 Ga Rakes 2,1,0.0,0.044,0.03,0.748,0.165,"#a29c99,#f3f2f3,#bf3a88",1,,
qFox4kyUIJA,https://www.youtube.com/watch?v=qFox4kyUIJA,Let's make Wax Melts! | Launching a new product | Small business diaries | Golden brand 494 wax,481.0,storyboard,9,72.15,80.17,8.02,https://youtu.be/qFox4kyUIJA?t=72s,transition,aux,0,0.5,"On-screen text card (auto-detected: static frame, OCR text). Text reads: 'ep pas Ls Meee Se SS ay 2 Sie'.",ep pas Ls Meee Se SS ay 2 Sie,1,0.0,0.041,0.0,0.733,0.164,"#f3f3f3,#9a7180,#b1abad",0,text_overlay,
qFox4kyUIJA,https://www.youtube.com/watch?v=qFox4kyUIJA,Let's make Wax Melts! | Launching a new product | Small business diaries | Golden brand 494 wax,481.0,storyboard,49,392.82,400.83,8.01,https://youtu.be/qFox4kyUIJA?t=393s,transition,aux,0,0.6,Boxing wax melts / 'coming soon' b-roll.,Se 28 ie os,1,0.0,0.045,0.0,0.644,0.054,"#9fa4a1,#c8c5bb,#373634",1,,
qFox4kyUIJA,https://www.youtube.com/watch?v=qFox4kyUIJA,Let's make Wax Melts! | Launching a new product | Small business diaries | Golden brand 494 wax,481.0,storyboard,50,400.83,408.85,8.02,https://youtu.be/qFox4kyUIJA?t=401s,transition,aux,0,0.6,Boxing wax melts / 'coming soon' b-roll.,"ii 24 9 ia ve, se Ogi. 0 Sy Se oS ii fi Qs 5 4 ax ts 19",1,0.0,0.081,0.154,0.605,0.096,"#848284,#c4b1a3,#4e4a4a",1,,
qFox4kyUIJA,https://www.youtube.com/watch?v=qFox4kyUIJA,Let's make Wax Melts! | Launching a new product | Small business diaries | Golden brand 494 wax,481.0,storyboard,51,408.85,416.87,8.02,https://youtu.be/qFox4kyUIJA?t=409s,transition,aux,0,0.6,Boxing wax melts / 'coming soon' b-roll.,3 ia pe 4 2,1,0.0,0.039,0.152,0.494,0.071,"#817a72,#3d3a38,#bdbbb7",1,,
qFox4kyUIJA,https://www.youtube.com/watch?v=qFox4kyUIJA,Let's make Wax Melts! | Launching a new product | Small business diaries | Golden brand 494 wax,481.0,storyboard,52,416.87,424.88,8.01,https://youtu.be/qFox4kyUIJA?t=417s,transition,aux,0,0.5,Demoulding the wax melts.,if,0,0.0,0.046,0.0,0.481,0.052,"#b1b2b0,#75716b,#1f2227",1,,
qFox4kyUIJA,https://www.youtube.com/watch?v=qFox4kyUIJA,Let's make Wax Melts! | Launching a new product | Small business diaries | Golden brand 494 wax,481.0,storyboard,53,424.88,432.9,8.02,https://youtu.be/qFox4kyUIJA?t=425s,transition,aux,0,0.6,Boxing wax melts / 'coming soon' b-roll.,"ad yy ae Th Jooks eat and ui form, uty ite amet salon",1,0.0,0.045,0.265,0.496,0.057,"#68615a,#acaead,#111519",1,,
qFox4kyUIJA,https://www.youtube.com/watch?v=qFox4kyUIJA,Let's make Wax Melts! | Launching a new product | Small business diaries | Golden brand 494 wax,481.0,storyboard,54,432.9,440.92,8.02,https://youtu.be/qFox4kyUIJA?t=433s,transition,aux,0,0.6,Boxing wax melts / 'coming soon' b-roll.,"3 Pg, Oy Ay",1,0.0,0.03,0.142,0.531,0.057,"#a9adb1,#75736f,#1d2126",1,,
qFox4kyUIJA,https://www.youtube.com/watch?v=qFox4kyUIJA,Let's make Wax Melts! | Launching a new product | Small business diaries | Golden brand 494 wax,481.0,storyboard,55,440.92,448.93,8.01,https://youtu.be/qFox4kyUIJA?t=441s,transition,aux,0,0.5,Demoulding the wax melts.,,0,0.0,0.008,0.0,0.486,0.048,"#86837b,#c0c3c3,#20252a",1,,
qFox4kyUIJA,https://www.youtube.com/watch?v=qFox4kyUIJA,Let's make Wax Melts! | Launching a new product | Small business diaries | Golden brand 494 wax,481.0,storyboard,56,448.93,456.95,8.02,https://youtu.be/qFox4kyUIJA?t=449s,transition,aux,0,0.6,Boxing wax melts / 'coming soon' b-roll.,ola ae SS,1,0.0,0.048,0.559,0.28,0.03,"#ded2db,#1f1d1e,#7b7872",1,,
qFox4kyUIJA,https://www.youtube.com/watch?v=qFox4kyUIJA,Let's make Wax Melts! | Launching a new product | Small business diaries | Golden brand 494 wax,481.0,storyboard,57,456.95,464.97,8.02,https://youtu.be/qFox4kyUIJA?t=457s,transition,aux,0,0.6,Boxing wax melts / 'coming soon' b-roll.,Thank you for watching! iene,1,0.0,0.03,0.339,0.79,0.078,"#fdfcc6,#b6b6b1,#637276",1,,
qJo6_rdFqWA,https://www.youtube.com/watch?v=qJo6_rdFqWA,"CANDLE MAKING ESSENTIALS (small business owner) tools, waxes, dyes",600.0,storyboard,56,448.0,456.0,8.0,https://youtu.be/qJo6_rdFqWA?t=448s,transition,aux,0,0.6,Product-shot / b-roll insert.,yl Konia Bac 7 vv 3 wo 5 7. tm 2 uw hs We,1,1.0,0.038,0.045,0.532,0.152,"#978273,#c1b9ab,#4b2c24",0,talking_head,
qJo6_rdFqWA,https://www.youtube.com/watch?v=qJo6_rdFqWA,"CANDLE MAKING ESSENTIALS (small business owner) tools, waxes, dyes",600.0,storyboard,57,456.0,464.0,8.0,https://youtu.be/qJo6_rdFqWA?t=456s,transition,aux,0,0.6,Product-shot / b-roll insert.,ann ae PA tat pe Pas ce rs Wyre EL apt at as 7 Wi Vv ed st ye fi 4 7,1,1.0,0.03,0.0,0.533,0.167,"#96826e,#c4c0af,#4e2f24",0,talking_head,
qgfZSWuivvw,https://www.youtube.com/watch?v=qgfZSWuivvw,"Small Candle Business Diaries: Holiday Candle making, Preparing for my first Christmas Market",382.0,storyboard,11,87.54,95.5,7.96,https://youtu.be/qgfZSWuivvw?t=88s,transition,aux,0,0.4,"Packing/shipping (boxes, labels).",34 SS 2,0,0.0,0.061,0.0,0.566,0.059,"#bbcad1,#899194,#545450",1,,
qgfZSWuivvw,https://www.youtube.com/watch?v=qgfZSWuivvw,"Small Candle Business Diaries: Holiday Candle making, Preparing for my first Christmas Market",382.0,storyboard,14,111.42,119.37,7.95,https://youtu.be/qgfZSWuivvw?t=111s,transition,aux,0,0.5,"On-screen text card (auto-detected: static frame, OCR text). Text reads: 'zg ad Catching up on orders while holiday'.",zg ad Catching up on orders while holiday,1,0.0,0.068,0.0,0.45,0.076,"#6f5a55,#c3c5c3,#272425",0,text_overlay,
qgfZSWuivvw,https://www.youtube.com/watch?v=qgfZSWuivvw,"Small Candle Business Diaries: Holiday Candle making, Preparing for my first Christmas Market",382.0,storyboard,15,119.37,127.33,7.96,https://youtu.be/qgfZSWuivvw?t=119s,transition,aux,0,0.4,"Packing/shipping (boxes, labels).",Bees WY ey Bs Lm Se Pas Le... ail,1,0.0,0.246,0.106,0.498,0.21,"#8d855b,#504128,#b6b9a9",1,,
qgfZSWuivvw,https://www.youtube.com/watch?v=qgfZSWuivvw,"Small Candle Business Diaries: Holiday Candle making, Preparing for my first Christmas Market",382.0,storyboard,19,151.21,159.17,7.96,https://youtu.be/qgfZSWuivvw?t=151s,transition,aux,0,0.4,"Packing/shipping (boxes, labels).","OSS CC,",0,0.0,0.01,0.612,0.306,0.037,"#000000,#000001,#000003",1,,
qgfZSWuivvw,https://www.youtube.com/watch?v=qgfZSWuivvw,"Small Candle Business Diaries: Holiday Candle making, Preparing for my first Christmas Market",382.0,storyboard,23,183.04,191.0,7.96,https://youtu.be/qgfZSWuivvw?t=183s,transition,aux,0,0.4,"Packing/shipping (boxes, labels).",,0,0.0,0.01,0.0,0.631,0.058,"#c8c8c9,#949290,#6c635b",1,,
qgfZSWuivvw,https://www.youtube.com/watch?v=qgfZSWuivvw,"Small Candle Business Diaries: Holiday Candle making, Preparing for my first Christmas Market",382.0,storyboard,27,214.88,222.83,7.95,https://youtu.be/qgfZSWuivvw?t=215s,transition,aux,0,0.4,"Packing/shipping (boxes, labels).",Ue ae ty es6e ge,1,0.0,0.023,0.0,0.606,0.073,"#9e9792,#cacacb,#60544b",1,,
qgfZSWuivvw,https://www.youtube.com/watch?v=qgfZSWuivvw,"Small Candle Business Diaries: Holiday Candle making, Preparing for my first Christmas Market",382.0,storyboard,31,246.71,254.67,7.96,https://youtu.be/qgfZSWuivvw?t=247s,transition,aux,0,0.4,"Packing/shipping (boxes, labels).",,0,0.0,0.008,0.147,0.575,0.041,"#8c8d8c,#ccd2d7,#4d4844",1,,
qgfZSWuivvw,https://www.youtube.com/watch?v=qgfZSWuivvw,"Small Candle Business Diaries: Holiday Candle making, Preparing for my first Christmas Market",382.0,storyboard,32,254.67,262.63,7.96,https://youtu.be/qgfZSWuivvw?t=255s,transition,aux,0,0.45,Rows of candle tins/jars setting.,,0,0.0,0.012,0.12,0.612,0.036,"#a1a4a4,#6c6967,#c9cdcc",1,,
qgfZSWuivvw,https://www.youtube.com/watch?v=qgfZSWuivvw,"Small Candle Business Diaries: Holiday Candle making, Preparing for my first Christmas Market",382.0,storyboard,33,262.63,270.58,7.95,https://youtu.be/qgfZSWuivvw?t=263s,transition,aux,0,0.5,Blank / near-black frame (auto-detected).,,0,0.0,0.0,0.0,0.0,0.002,"#000000,#000001,#010000",0,blank,
qgfZSWuivvw,https://www.youtube.com/watch?v=qgfZSWuivvw,"Small Candle Business Diaries: Holiday Candle making, Preparing for my first Christmas Market",382.0,storyboard,34,270.58,278.54,7.96,https://youtu.be/qgfZSWuivvw?t=271s,transition,aux,0,0.45,Labelling/lidding the finished candles.,"Biocon yr ed Tt MON Te re 2 SY, 4 yg yY 5. du",1,0.0,0.12,0.151,0.569,0.035,"#90908c,#bbbdbd,#5f5b54",1,,
qgfZSWuivvw,https://www.youtube.com/watch?v=qgfZSWuivvw,"Small Candle Business Diaries: Holiday Candle making, Preparing for my first Christmas Market",382.0,storyboard,35,278.54,286.5,7.96,https://youtu.be/qgfZSWuivvw?t=279s,transition,aux,0,0.4,"Packing/shipping (boxes, labels).",LN Se,0,0.0,0.079,0.199,0.586,0.062,"#c6cac6,#a1a098,#463432",1,,
qgfZSWuivvw,https://www.youtube.com/watch?v=qgfZSWuivvw,"Small Candle Business Diaries: Holiday Candle making, Preparing for my first Christmas Market",382.0,storyboard,40,318.33,326.29,7.96,https://youtu.be/qgfZSWuivvw?t=318s,transition,aux,0,0.4,Packing the candles for shipping.,4 td at SS ae we 7 SB 2 elie cera SE ea og wt ae SS,1,0.0,0.157,0.312,0.51,0.066,"#74766f,#2c2a26,#bbc3c0",1,,
qgfZSWuivvw,https://www.youtube.com/watch?v=qgfZSWuivvw,"Small Candle Business Diaries: Holiday Candle making, Preparing for my first Christmas Market",382.0,storyboard,41,326.29,334.25,7.96,https://youtu.be/qgfZSWuivvw?t=326s,transition,aux,0,0.4,Packing the candles for shipping.,Sh re Wwe pees ss puREEs,1,0.0,0.123,0.308,0.494,0.067,"#cbb8b5,#41302c,#8c7a71",1,,
qgfZSWuivvw,https://www.youtube.com/watch?v=qgfZSWuivvw,"Small Candle Business Diaries: Holiday Candle making, Preparing for my first Christmas Market",382.0,storyboard,42,334.25,342.21,7.96,https://youtu.be/qgfZSWuivvw?t=334s,transition,aux,0,0.4,Packing the candles for shipping.,fe le rp 2 ee oe Say ae la gad StS aye shasiad ae te ela ba,1,0.0,0.148,0.229,0.612,0.063,"#c0b7b4,#a19591,#6c5c57",1,,
qgfZSWuivvw,https://www.youtube.com/watch?v=qgfZSWuivvw,"Small Candle Business Diaries: Holiday Candle making, Preparing for my first Christmas Market",382.0,storyboard,43,342.21,350.17,7.96,https://youtu.be/qgfZSWuivvw?t=342s,transition,aux,0,0.5,"On-screen text card (auto-detected: static frame, OCR text). Text reads: 'Sk Ye aes wre sjfe Sy She jf 7 PA ay yew ot OA ten cdl ia'.",Sk Ye aes wre sjfe Sy She jf 7 PA ay yew ot OA ten cdl ia,1,0.0,0.248,0.0,0.635,0.076,"#d5c1bd,#9e8583,#514e4d",0,text_overlay,
qgfZSWuivvw,https://www.youtube.com/watch?v=qgfZSWuivvw,"Small Candle Business Diaries: Holiday Candle making, Preparing for my first Christmas Market",382.0,storyboard,44,350.17,358.12,7.95,https://youtu.be/qgfZSWuivvw?t=350s,transition,aux,0,0.4,Packing the candles for shipping.,7 4 ia OS FA 4 Zon We cut patches,1,0.0,0.103,0.222,0.525,0.146,"#958d66,#3b362f,#cbc2bb",1,,
qgfZSWuivvw,https://www.youtube.com/watch?v=qgfZSWuivvw,"Small Candle Business Diaries: Holiday Candle making, Preparing for my first Christmas Market",382.0,storyboard,45,358.12,366.08,7.96,https://youtu.be/qgfZSWuivvw?t=358s,transition,aux,0,0.4,Packing the candles for shipping.,,0,0.0,0.032,0.963,0.482,0.026,"#000000,#010004,#000001",1,,
qgfZSWuivvw,https://www.youtube.com/watch?v=qgfZSWuivvw,"Small Candle Business Diaries: Holiday Candle making, Preparing for my first Christmas Market",382.0,storyboard,46,366.08,374.04,7.96,https://youtu.be/qgfZSWuivvw?t=366s,transition,aux,0,0.5,Blank / near-black frame (auto-detected).,,0,0.0,0.0,0.0,0.0,0.003,"#000000,#010004,#000001",0,blank,
qgfZSWuivvw,https://www.youtube.com/watch?v=qgfZSWuivvw,"Small Candle Business Diaries: Holiday Candle making, Preparing for my first Christmas Market",382.0,storyboard,47,374.04,382.0,7.96,https://youtu.be/qgfZSWuivvw?t=374s,transition,aux,0,0.5,Blank / near-black frame (auto-detected).,,0,0.0,0.0,0.0,0.0,0.003,"#000000,#010004,#000001",0,blank,
qlyYdhfU5nA,https://www.youtube.com/watch?v=qlyYdhfU5nA,🎥 Beginner’s Guide to Candle Making | Step-by-Step Tutorial 🕯️,204.0,storyboard,11,86.31,94.15,7.84,https://youtu.be/qlyYdhfU5nA?t=86s,transition,aux,0,0.5,product grid screenshot insert,oa ct 5,0,0.0,0.03,0.387,0.541,0.074,"#d0cccd,#8b7b6b,#241f19",1,,
qlyYdhfU5nA,https://www.youtube.com/watch?v=qlyYdhfU5nA,🎥 Beginner’s Guide to Candle Making | Step-by-Step Tutorial 🕯️,204.0,storyboard,14,109.85,117.69,7.84,https://youtu.be/qlyYdhfU5nA?t=110s,transition,aux,0,0.5,document/product screenshots insert,mz,0,0.0,0.032,0.275,0.615,0.11,"#cecacf,#20140f,#946f6e",1,,
qlyYdhfU5nA,https://www.youtube.com/watch?v=qlyYdhfU5nA,🎥 Beginner’s Guide to Candle Making | Step-by-Step Tutorial 🕯️,204.0,storyboard,25,196.15,204.0,7.85,https://youtu.be/qlyYdhfU5nA?t=196s,transition,aux,0,0.4,blank/black padding,,0,0.0,0.0,0.0,0.004,0.0,"#010101,#010101,#010101",0,blank,
r11QpNzEYqY,https://www.youtube.com/watch?v=r11QpNzEYqY,How to Start a Profitable Candle Business in 2026,776.0,storyboard,46,368.0,376.0,8.0,https://youtu.be/r11QpNzEYqY?t=368s,transition,aux,0,0.45,'BILL OF MATERIALS' caption. Business slide.,bl eal Te tee aeurry tee er Te toe 5 few ba me et eet Se ce ey Me Dealt fa Pome tee bate Mee Bee Lee view wise wun waee ee ae sow re Caer am Oo heer Pa he,1,0.0,0.078,0.0,0.822,0.151,"#faf9f8,#cdb4b2,#a16376",0,text_overlay,
r11QpNzEYqY,https://www.youtube.com/watch?v=r11QpNzEYqY,How to Start a Profitable Candle Business in 2026,776.0,storyboard,47,376.0,384.0,8.0,https://youtu.be/r11QpNzEYqY?t=376s,transition,aux,0,0.45,'LOCATION' caption. Business slide.,ie ff at o/s Ay ey 4 Oe She. Cog be. oe 4 See tS 2 Be soit 7 ar oy ad rr 3 ET Ae ee se Be. ff FS ae 2 ME et,1,0.0,0.071,0.366,0.71,0.135,"#ccc088,#8b8067,#4e3e2d",1,,
r11QpNzEYqY,https://www.youtube.com/watch?v=r11QpNzEYqY,How to Start a Profitable Candle Business in 2026,776.0,storyboard,59,472.0,480.0,8.0,https://youtu.be/r11QpNzEYqY?t=472s,transition,aux,0,0.45,'DURABILITY' caption. Business slide.,he DURABILITY Ll ss art td,1,0.0,0.035,0.0,0.286,0.138,"#2b2827,#6c4a47,#a99188",0,text_overlay,
r11QpNzEYqY,https://www.youtube.com/watch?v=r11QpNzEYqY,How to Start a Profitable Candle Business in 2026,776.0,storyboard,60,480.0,488.0,8.0,https://youtu.be/r11QpNzEYqY?t=480s,transition,aux,0,0.4,Hands packing a box (buy local).,he BUY LOCAL 2. waa 7 ae,1,0.0,0.022,0.349,0.412,0.161,"#2b2727,#6a4b49,#a99088",1,,
r11QpNzEYqY,https://www.youtube.com/watch?v=r11QpNzEYqY,How to Start a Profitable Candle Business in 2026,776.0,storyboard,61,488.0,496.0,8.0,https://youtu.be/r11QpNzEYqY?t=488s,transition,aux,0,0.45,'DIVERSIFY SUPPLIERS' caption. Business slide.,hee ee 3 Ce gy SS,1,0.5,0.016,0.089,0.274,0.143,"#2d2827,#6c4e49,#a99189",0,talking_head,
r11QpNzEYqY,https://www.youtube.com/watch?v=r11QpNzEYqY,How to Start a Profitable Candle Business in 2026,776.0,storyboard,95,760.0,768.0,8.0,https://youtu.be/r11QpNzEYqY?t=760s,transition,aux,0,0.45,'REGISTER YOUR BUSINESS' caption.,,0,0.0,0.0,0.0,0.0,0.003,"#000000,#010001,#000100",0,blank,description references on-screen text but OCR found none
r11QpNzEYqY,https://www.youtube.com/watch?v=r11QpNzEYqY,How to Start a Profitable Candle Business in 2026,776.0,storyboard,96,768.0,776.0,8.0,https://youtu.be/r11QpNzEYqY?t=768s,transition,aux,0,0.4,Blank/black padding.,,0,0.0,0.0,0.0,0.0,0.003,"#000000,#010001,#000100",0,blank,
rUEC3rlSdCc,https://www.youtube.com/watch?v=rUEC3rlSdCc,Candle Maker Tries the Ksedcon Candle Melting Pot for the First Time | IS IT WORTH IT?!,732.0,storyboard,5,39.78,47.74,7.96,https://youtu.be/rUEC3rlSdCc?t=40s,transition,aux,0,0.4,Amazon product-listing screen recording.,"So os Carete aeiry Mcurtry Mot 1. or ss Pe ital eee cc wannbocnine eine maesevets se Rez eer ey ee ae me ee me Oe wee, Saemerse es om os Amat ithe toe ee ee ee Mi et em, me tl, Mt oo mn twrre",1,0.0,0.178,0.156,0.852,0.08,"#f9fafa,#c0bbaa,#414d4d",1,,
rUEC3rlSdCc,https://www.youtube.com/watch?v=rUEC3rlSdCc,Candle Maker Tries the Ksedcon Candle Melting Pot for the First Time | IS IT WORTH IT?!,732.0,storyboard,10,79.57,87.52,7.95,https://youtu.be/rUEC3rlSdCc?t=80s,transition,aux,0,0.4,Amazon product-listing screen recording.,4,0,0.0,0.027,0.0,0.427,0.085,"#887a75,#443633,#b3aeb2",1,,
rUEC3rlSdCc,https://www.youtube.com/watch?v=rUEC3rlSdCc,Candle Maker Tries the Ksedcon Candle Melting Pot for the First Time | IS IT WORTH IT?!,732.0,storyboard,22,175.04,183.0,7.96,https://youtu.be/rUEC3rlSdCc?t=175s,transition,aux,0,0.5,"On-screen text card (auto-detected: static frame, OCR text). Text reads: 'wf ra Ra Jf ft 4 3 rn. 2 so 2 he al'.",wf ra Ra Jf ft 4 3 rn. 2 so 2 he al,1,0.0,0.04,0.0,0.471,0.092,"#4d3e38,#95887c,#c8c5c2",0,text_overlay,
rWEWSE2xUq8,https://www.youtube.com/watch?v=rWEWSE2xUq8,How to choose the correct size wick for your candle - Wick testing instructions,425.0,storyboard,45,360.85,368.87,8.02,https://youtu.be/rWEWSE2xUq8?t=361s,transition,aux,0,0.5,Blank / near-black frame (auto-detected).,,0,0.0,0.0,0.171,0.086,0.006,"#000000,#030103,#090707",0,blank,
rWEWSE2xUq8,https://www.youtube.com/watch?v=rWEWSE2xUq8,How to choose the correct size wick for your candle - Wick testing instructions,425.0,storyboard,46,368.87,376.89,8.02,https://youtu.be/rWEWSE2xUq8?t=369s,transition,aux,0,0.5,Blank / near-black frame (auto-detected).,,0,0.0,0.0,0.0,0.001,0.004,"#000000,#020103,#070506",0,blank,
rWEWSE2xUq8,https://www.youtube.com/watch?v=rWEWSE2xUq8,How to choose the correct size wick for your candle - Wick testing instructions,425.0,storyboard,47,376.89,384.91,8.02,https://youtu.be/rWEWSE2xUq8?t=377s,transition,aux,0,0.5,Blank / near-black frame (auto-detected).,,0,0.0,0.0,0.0,0.001,0.004,"#000000,#020002,#080605",0,blank,
rWEWSE2xUq8,https://www.youtube.com/watch?v=rWEWSE2xUq8,How to choose the correct size wick for your candle - Wick testing instructions,425.0,storyboard,48,384.91,392.92,8.01,https://youtu.be/rWEWSE2xUq8?t=385s,transition,aux,0,0.5,Blank / near-black frame (auto-detected).,,0,0.0,0.0,0.0,0.001,0.004,"#000000,#020002,#080605",0,blank,
rWEWSE2xUq8,https://www.youtube.com/watch?v=rWEWSE2xUq8,How to choose the correct size wick for your candle - Wick testing instructions,425.0,storyboard,49,392.92,400.94,8.02,https://youtu.be/rWEWSE2xUq8?t=393s,transition,aux,0,0.5,Blank / near-black frame (auto-detected).,,0,0.0,0.0,0.0,0.001,0.004,"#000000,#020002,#080605",0,blank,
rWEWSE2xUq8,https://www.youtube.com/watch?v=rWEWSE2xUq8,How to choose the correct size wick for your candle - Wick testing instructions,425.0,storyboard,50,400.94,408.96,8.02,https://youtu.be/rWEWSE2xUq8?t=401s,transition,aux,0,0.5,Blank / near-black frame (auto-detected).,,0,0.0,0.0,0.0,0.001,0.004,"#000000,#020002,#070505",0,blank,
rWEWSE2xUq8,https://www.youtube.com/watch?v=rWEWSE2xUq8,How to choose the correct size wick for your candle - Wick testing instructions,425.0,storyboard,51,408.96,416.98,8.02,https://youtu.be/rWEWSE2xUq8?t=409s,transition,aux,0,0.5,Blank / near-black frame (auto-detected).,,0,0.0,0.0,0.0,0.001,0.004,"#000000,#020002,#080605",0,blank,
rWEWSE2xUq8,https://www.youtube.com/watch?v=rWEWSE2xUq8,How to choose the correct size wick for your candle - Wick testing instructions,425.0,storyboard,52,416.98,425.0,8.02,https://youtu.be/rWEWSE2xUq8?t=417s,transition,aux,0,0.5,Blank / near-black frame (auto-detected).,,0,0.0,0.0,0.0,0.001,0.004,"#000000,#020002,#080605",0,blank,
tMEvEm_hFkI,https://www.youtube.com/watch?v=tMEvEm_hFkI,Best Fragrance Oil For Candle Making,480.0,storyboard,5,40.0,48.0,8.0,https://youtu.be/tMEvEm_hFkI?t=40s,transition,aux,0,0.4,Text caption / screen (fragrance-oil facts).,,0,0.0,0.014,0.019,0.451,0.134,"#a8968f,#1b1919,#7a5a4c",1,,description references on-screen text but OCR found none
tMEvEm_hFkI,https://www.youtube.com/watch?v=tMEvEm_hFkI,Best Fragrance Oil For Candle Making,480.0,storyboard,6,48.0,56.0,8.0,https://youtu.be/tMEvEm_hFkI?t=48s,transition,aux,0,0.4,Text caption / screen (fragrance-oil facts).,fra Abseria Jils,1,0.0,0.027,0.025,0.461,0.131,"#a69690,#1b1919,#75554a",1,,
tMEvEm_hFkI,https://www.youtube.com/watch?v=tMEvEm_hFkI,Best Fragrance Oil For Candle Making,480.0,storyboard,9,72.0,80.0,8.0,https://youtu.be/tMEvEm_hFkI?t=72s,transition,aux,0,0.4,Text caption / screen (fragrance-oil facts).,,0,0.0,0.016,0.0,0.463,0.134,"#a7968f,#1b1a18,#75554b",1,,description references on-screen text but OCR found none
tMEvEm_hFkI,https://www.youtube.com/watch?v=tMEvEm_hFkI,Best Fragrance Oil For Candle Making,480.0,storyboard,10,80.0,88.0,8.0,https://youtu.be/tMEvEm_hFkI?t=80s,transition,aux,0,0.4,Text caption / screen (fragrance-oil facts).,,0,0.0,0.018,0.016,0.459,0.132,"#978b8d,#261f1c,#c9a27f",1,,description references on-screen text but OCR found none
tMEvEm_hFkI,https://www.youtube.com/watch?v=tMEvEm_hFkI,Best Fragrance Oil For Candle Making,480.0,storyboard,19,152.0,160.0,8.0,https://youtu.be/tMEvEm_hFkI?t=152s,transition,aux,0,0.4,Text caption / screen (fragrance-oil facts).,4 Ty 4,0,0.0,0.02,0.123,0.495,0.104,"#999194,#27201f,#f6f5f5",1,,description references on-screen text but OCR found none
tMEvEm_hFkI,https://www.youtube.com/watch?v=tMEvEm_hFkI,Best Fragrance Oil For Candle Making,480.0,storyboard,20,160.0,168.0,8.0,https://youtu.be/tMEvEm_hFkI?t=160s,transition,aux,0,0.4,Text caption / screen (fragrance-oil facts).,ee fr.,0,0.0,0.03,0.129,0.496,0.104,"#a8968f,#181717,#715146",1,,description references on-screen text but OCR found none
tMEvEm_hFkI,https://www.youtube.com/watch?v=tMEvEm_hFkI,Best Fragrance Oil For Candle Making,480.0,storyboard,21,168.0,176.0,8.0,https://youtu.be/tMEvEm_hFkI?t=168s,transition,aux,0,0.5,Host talks to camera about the best fragrance oils.,5 2 CANDLE SAFE SCENTS,1,0.0,0.048,0.0,0.47,0.151,"#a8998f,#1e1c18,#795b4b",1,,
tMEvEm_hFkI,https://www.youtube.com/watch?v=tMEvEm_hFkI,Best Fragrance Oil For Candle Making,480.0,storyboard,22,176.0,184.0,8.0,https://youtu.be/tMEvEm_hFkI?t=176s,transition,aux,0,0.4,Text caption / screen (fragrance-oil facts).,"os, te ine Tea za CERTIFICATE",1,0.0,0.056,0.102,0.502,0.128,"#9d9491,#211e1b,#f8f8f7",1,,
tMEvEm_hFkI,https://www.youtube.com/watch?v=tMEvEm_hFkI,Best Fragrance Oil For Candle Making,480.0,storyboard,23,184.0,192.0,8.0,https://youtu.be/tMEvEm_hFkI?t=184s,transition,aux,0,0.4,Text caption / screen (fragrance-oil facts).,fe,0,0.0,0.019,0.024,0.451,0.132,"#a8978f,#1a1817,#7c5c50",1,,description references on-screen text but OCR found none
tUXkZFNUQXI,https://www.youtube.com/watch?v=tUXkZFNUQXI,How I Make Our #1 Bestselling Market Tins | Full Recipe Included,364.0,storyboard,18,142.43,150.35,7.92,https://youtu.be/tUXkZFNUQXI?t=142s,transition,aux,0,0.5,"On-screen text card (auto-detected: static frame, OCR text). Text reads: 'meets Se Sed aii, tl, ey Ps Nay Sean te Fas ne yf iad ae oe ae snes an BE iG Ste RO ee Ping ae Fn eam Sa He Ms lng PE Ges YY he Sei 3 eh ee oa teere'.","meets Se Sed aii, tl, ey Ps Nay Sean te Fas ne yf iad ae oe ae snes an BE iG Ste RO ee Ping ae Fn eam Sa He Ms lng PE Ges YY he Sei 3 eh ee oa teere",1,0.0,0.135,0.0,0.573,0.102,"#b9a286,#8d765f,#2e271f",0,text_overlay,
tUXkZFNUQXI,https://www.youtube.com/watch?v=tUXkZFNUQXI,How I Make Our #1 Bestselling Market Tins | Full Recipe Included,364.0,storyboard,41,324.43,332.35,7.92,https://youtu.be/tUXkZFNUQXI?t=324s,transition,aux,0,0.5,Blank / near-black frame (auto-detected).,,0,0.0,0.0,0.106,0.057,0.023,"#010101,#010101,#010101",0,blank,
tUXkZFNUQXI,https://www.youtube.com/watch?v=tUXkZFNUQXI,How I Make Our #1 Bestselling Market Tins | Full Recipe Included,364.0,storyboard,42,332.35,340.26,7.91,https://youtu.be/tUXkZFNUQXI?t=332s,transition,aux,0,0.5,Blank / near-black frame (auto-detected).,,0,0.0,0.0,0.0,0.004,0.0,"#010101,#010101,#010101",0,blank,
tUXkZFNUQXI,https://www.youtube.com/watch?v=tUXkZFNUQXI,How I Make Our #1 Bestselling Market Tins | Full Recipe Included,364.0,storyboard,43,340.26,348.17,7.91,https://youtu.be/tUXkZFNUQXI?t=340s,transition,aux,0,0.5,Blank / near-black frame (auto-detected).,,0,0.0,0.0,0.0,0.004,0.0,"#010101,#010101,#010101",0,blank,
tUXkZFNUQXI,https://www.youtube.com/watch?v=tUXkZFNUQXI,How I Make Our #1 Bestselling Market Tins | Full Recipe Included,364.0,storyboard,44,348.17,356.09,7.92,https://youtu.be/tUXkZFNUQXI?t=348s,transition,aux,0,0.5,Blank / near-black frame (auto-detected).,,0,0.0,0.0,0.0,0.004,0.0,"#010101,#010101,#010101",0,blank,
tUXkZFNUQXI,https://www.youtube.com/watch?v=tUXkZFNUQXI,How I Make Our #1 Bestselling Market Tins | Full Recipe Included,364.0,storyboard,45,356.09,364.0,7.91,https://youtu.be/tUXkZFNUQXI?t=356s,transition,aux,0,0.5,Blank / near-black frame (auto-detected).,,0,0.0,0.0,0.0,0.004,0.0,"#010101,#010101,#010101",0,blank,
upLGuIZtRdg,https://www.youtube.com/watch?v=upLGuIZtRdg,Create Candles Like a Pro: 3 Mistakes to Avoid,439.0,storyboard,37,295.33,303.31,7.98,https://youtu.be/upLGuIZtRdg?t=295s,transition,aux,0,0.6,Mistake caption card (sinkholes / cracks).,Foes,0,0.0,0.136,0.257,0.759,0.049,"#a5a19c,#cbcbcb,#665950",1,,description references on-screen text but OCR found none
utr9EuGsSJs,https://www.youtube.com/watch?v=utr9EuGsSJs,DIY Scented Freedom Soy Wax Candles at home |  Candle making kit review | Microwave your wax!,509.0,storyboard,13,103.39,111.34,7.95,https://youtu.be/utr9EuGsSJs?t=103s,transition,aux,0,0.4,'Craft & Candle' instructions / weight card.,4 ym of viel Vrurens MG IMF,1,0.0,0.127,0.259,0.587,0.065,"#543934,#908883,#cbc8c3",1,,
utr9EuGsSJs,https://www.youtube.com/watch?v=utr9EuGsSJs,DIY Scented Freedom Soy Wax Candles at home |  Candle making kit review | Microwave your wax!,509.0,storyboard,17,135.2,143.16,7.96,https://youtu.be/utr9EuGsSJs?t=135s,transition,aux,0,0.5,"On-screen text card (auto-detected: static frame, OCR text). Text reads: 'Total Weight per Candle: 2594 Wax Total Weight Frageance Load War 259 0.06 Waxe Fragrance Ol Total weight wan Pragcance Oil Feagrance oil 86'.",Total Weight per Candle: 2594 Wax Total Weight Frageance Load War 259 0.06 Waxe Fragrance Ol Total weight wan Pragcance Oil Feagrance oil 86,1,0.0,0.13,0.0,0.793,0.09,"#f4e7e7,#b8b19e,#666149",0,text_overlay,
utr9EuGsSJs,https://www.youtube.com/watch?v=utr9EuGsSJs,DIY Scented Freedom Soy Wax Candles at home |  Candle making kit review | Microwave your wax!,509.0,storyboard,18,143.16,151.11,7.95,https://youtu.be/utr9EuGsSJs?t=143s,transition,aux,0,0.4,'Craft & Candle' instructions / weight card.,,0,0.0,0.053,0.145,0.682,0.059,"#d5d0c4,#4b4637,#928a79",1,,description references on-screen text but OCR found none
utr9EuGsSJs,https://www.youtube.com/watch?v=utr9EuGsSJs,DIY Scented Freedom Soy Wax Candles at home |  Candle making kit review | Microwave your wax!,509.0,storyboard,23,182.92,190.88,7.96,https://youtu.be/utr9EuGsSJs?t=183s,transition,aux,0,0.5,"On-screen text card (auto-detected: static frame, OCR text). Text reads: 'or et hd as ee ee 1 av Soe FS tux'.",or et hd as ee ee 1 av Soe FS tux,1,0.0,0.084,0.0,0.498,0.12,"#4c4a36,#8b9a76,#c8cbbb",0,text_overlay,
utr9EuGsSJs,https://www.youtube.com/watch?v=utr9EuGsSJs,DIY Scented Freedom Soy Wax Candles at home |  Candle making kit review | Microwave your wax!,509.0,storyboard,43,341.98,349.94,7.96,https://youtu.be/utr9EuGsSJs?t=342s,transition,aux,0,0.6,Label-design screen / printer.,aa ae tee eee nee BLACK RASPBERRY VANILLA peers fodere,1,0.0,0.079,0.0,0.53,0.057,"#f0e3de,#020203,#333334",0,text_overlay,
utr9EuGsSJs,https://www.youtube.com/watch?v=utr9EuGsSJs,DIY Scented Freedom Soy Wax Candles at home |  Candle making kit review | Microwave your wax!,509.0,storyboard,44,349.94,357.89,7.95,https://youtu.be/utr9EuGsSJs?t=350s,transition,aux,0,0.6,Label-design screen / printer.,"Oo foer, ewe ee Pe neem tet 7 ee Seapets ROBOTO fudore me",1,0.0,0.068,0.016,0.534,0.064,"#f2e2e1,#020203,#333333",0,text_overlay,
utr9EuGsSJs,https://www.youtube.com/watch?v=utr9EuGsSJs,DIY Scented Freedom Soy Wax Candles at home |  Candle making kit review | Microwave your wax!,509.0,storyboard,45,357.89,365.84,7.95,https://youtu.be/utr9EuGsSJs?t=358s,transition,aux,0,0.6,Label-design screen / printer.,,0,0.0,0.02,0.35,0.658,0.025,"#dad4cb,#32332d,#8a867e",1,,
vVlmkfF_PRk,https://www.youtube.com/watch?v=vVlmkfF_PRk,How to Make Soy Candles | Easy DIY Tutorial,456.0,storyboard,53,424.0,432.0,8.0,https://youtu.be/vVlmkfF_PRk?t=424s,transition,aux,0,0.4,blank/black padding,,0,0.0,0.0,0.001,0.0,0.003,"#000000,#000001,#030304",0,blank,
vVlmkfF_PRk,https://www.youtube.com/watch?v=vVlmkfF_PRk,How to Make Soy Candles | Easy DIY Tutorial,456.0,storyboard,54,432.0,440.0,8.0,https://youtu.be/vVlmkfF_PRk?t=432s,transition,aux,0,0.4,blank/black padding,,0,0.0,0.0,0.0,0.0,0.002,"#000000,#000001,#020204",0,blank,
vVlmkfF_PRk,https://www.youtube.com/watch?v=vVlmkfF_PRk,How to Make Soy Candles | Easy DIY Tutorial,456.0,storyboard,55,440.0,448.0,8.0,https://youtu.be/vVlmkfF_PRk?t=440s,transition,aux,0,0.4,blank/black padding,,0,0.0,0.0,0.0,0.0,0.002,"#000000,#000001,#020203",0,blank,
vVlmkfF_PRk,https://www.youtube.com/watch?v=vVlmkfF_PRk,How to Make Soy Candles | Easy DIY Tutorial,456.0,storyboard,56,448.0,456.0,8.0,https://youtu.be/vVlmkfF_PRk?t=448s,transition,aux,0,0.4,blank/black padding,,0,0.0,0.0,0.0,0.0,0.002,"#000000,#000002,#040405",0,blank,
vWsjYBvP3aE,https://www.youtube.com/watch?v=vWsjYBvP3aE,how to make scented beeswax candles 🐝,468.0,storyboard,56,451.86,459.93,8.07,https://youtu.be/vWsjYBvP3aE?t=452s,transition,aux,0,0.4,Blank/black padding.,,0,0.0,0.0,0.0,0.0,0.003,"#000000,#000002,#020005",0,blank,
vWsjYBvP3aE,https://www.youtube.com/watch?v=vWsjYBvP3aE,how to make scented beeswax candles 🐝,468.0,storyboard,57,459.93,468.0,8.07,https://youtu.be/vWsjYBvP3aE?t=460s,transition,aux,0,0.4,Blank/black padding.,,0,0.0,0.0,0.0,0.0,0.003,"#000000,#000001,#010004",0,blank,
wAkaboD32ak,https://www.youtube.com/watch?v=wAkaboD32ak,how to make pillar candles 🕯️ expert tutorial,407.0,storyboard,42,335.18,343.16,7.98,https://youtu.be/wAkaboD32ak?t=335s,transition,aux,0,0.5,Blank / near-black frame (auto-detected).,,0,0.0,0.0,0.0,0.001,0.003,"#000000,#010103,#050505",0,blank,
wAkaboD32ak,https://www.youtube.com/watch?v=wAkaboD32ak,how to make pillar candles 🕯️ expert tutorial,407.0,storyboard,43,343.16,351.14,7.98,https://youtu.be/wAkaboD32ak?t=343s,transition,aux,0,0.5,Blank / near-black frame (auto-detected).,,0,0.0,0.0,0.0,0.001,0.007,"#000000,#030103,#0b0302",0,blank,
wAkaboD32ak,https://www.youtube.com/watch?v=wAkaboD32ak,how to make pillar candles 🕯️ expert tutorial,407.0,storyboard,44,351.14,359.12,7.98,https://youtu.be/wAkaboD32ak?t=351s,transition,aux,0,0.5,Blank / near-black frame (auto-detected).,,0,0.0,0.0,0.0,0.001,0.007,"#000000,#030103,#0a0302",0,blank,
wAkaboD32ak,https://www.youtube.com/watch?v=wAkaboD32ak,how to make pillar candles 🕯️ expert tutorial,407.0,storyboard,45,359.12,367.1,7.98,https://youtu.be/wAkaboD32ak?t=359s,transition,aux,0,0.5,Blank / near-black frame (auto-detected).,,0,0.0,0.0,0.0,0.001,0.007,"#000000,#070102,#0d0604",0,blank,
wAkaboD32ak,https://www.youtube.com/watch?v=wAkaboD32ak,how to make pillar candles 🕯️ expert tutorial,407.0,storyboard,46,367.1,375.08,7.98,https://youtu.be/wAkaboD32ak?t=367s,transition,aux,0,0.5,Blank / near-black frame (auto-detected).,,0,0.0,0.0,0.0,0.001,0.007,"#000000,#020103,#0b0302",0,blank,
wAkaboD32ak,https://www.youtube.com/watch?v=wAkaboD32ak,how to make pillar candles 🕯️ expert tutorial,407.0,storyboard,47,375.08,383.06,7.98,https://youtu.be/wAkaboD32ak?t=375s,transition,aux,0,0.5,Blank / near-black frame (auto-detected).,,0,0.0,0.0,0.0,0.001,0.007,"#000000,#040103,#0b0302",0,blank,
wAkaboD32ak,https://www.youtube.com/watch?v=wAkaboD32ak,how to make pillar candles 🕯️ expert tutorial,407.0,storyboard,48,383.06,391.04,7.98,https://youtu.be/wAkaboD32ak?t=383s,transition,aux,0,0.5,Blank / near-black frame (auto-detected).,,0,0.0,0.0,0.0,0.001,0.007,"#000000,#070102,#0d0604",0,blank,
wAkaboD32ak,https://www.youtube.com/watch?v=wAkaboD32ak,how to make pillar candles 🕯️ expert tutorial,407.0,storyboard,49,391.04,399.02,7.98,https://youtu.be/wAkaboD32ak?t=391s,transition,aux,0,0.5,Blank / near-black frame (auto-detected).,,0,0.0,0.0,0.0,0.001,0.007,"#000000,#030103,#0b0302",0,blank,
wAkaboD32ak,https://www.youtube.com/watch?v=wAkaboD32ak,how to make pillar candles 🕯️ expert tutorial,407.0,storyboard,50,399.02,407.0,7.98,https://youtu.be/wAkaboD32ak?t=399s,transition,aux,0,0.5,Blank / near-black frame (auto-detected).,,0,0.0,0.0,0.0,0.001,0.007,"#000000,#070102,#0d0604",0,blank,
wrGN0qeWyPk,https://www.youtube.com/watch?v=wrGN0qeWyPk,How to Make Your Candles Smell Stronger (Without Using More Fragrance Oil),421.0,storyboard,12,95.32,103.26,7.94,https://youtu.be/wrGN0qeWyPk?t=95s,transition,aux,0,0.45,'WAX TYPE' caption card.,he 1 ss,0,0.5,0.018,0.232,0.162,0.096,"#181714,#685b50,#a49f95",0,talking_head,description references on-screen text but OCR found none
wrGN0qeWyPk,https://www.youtube.com/watch?v=wrGN0qeWyPk,How to Make Your Candles Smell Stronger (Without Using More Fragrance Oil),421.0,storyboard,13,103.26,111.21,7.95,https://youtu.be/wrGN0qeWyPk?t=103s,transition,aux,0,0.45,'HOT THROW / COLD THROW' comparison caption.,HOTTHROW COLD THROW ile The strength of The strength of candie fragrance candle fragrance when it is burning when itis unlit,1,0.0,0.17,0.003,0.452,0.262,"#556977,#b35c33,#ccc6bb",0,text_overlay,
wrGN0qeWyPk,https://www.youtube.com/watch?v=wrGN0qeWyPk,How to Make Your Candles Smell Stronger (Without Using More Fragrance Oil),421.0,storyboard,14,111.21,119.15,7.94,https://youtu.be/wrGN0qeWyPk?t=111s,transition,aux,0,0.4,Man at a table with candles (b-roll).,Ls sgh iin 4 ms ore eS Th,1,0.0,0.128,0.0,0.634,0.089,"#e4ded7,#968171,#46362c",0,text_overlay,
wrGN0qeWyPk,https://www.youtube.com/watch?v=wrGN0qeWyPk,How to Make Your Candles Smell Stronger (Without Using More Fragrance Oil),421.0,storyboard,15,119.15,127.09,7.94,https://youtu.be/wrGN0qeWyPk?t=119s,transition,aux,0,0.45,'TYPES OF WAX' comparison table (soy/coconut/paraffin).,Vo As.,0,0.5,0.116,0.507,0.506,0.121,"#181714,#6a5e53,#a7a196",0,talking_head,description references on-screen text but OCR found none
wrGN0qeWyPk,https://www.youtube.com/watch?v=wrGN0qeWyPk,How to Make Your Candles Smell Stronger (Without Using More Fragrance Oil),421.0,storyboard,16,127.09,135.04,7.95,https://youtu.be/wrGN0qeWyPk?t=127s,transition,aux,0,0.45,'TYPES OF WAX' comparison table.,Coconut Paraffin Soy Wax Wax Natural Natural blend Petroleum-based Popular choice Good scent throw Strong scent throw Canhaves Costly Less eco-friendly weaker scent throw,1,0.0,0.19,0.003,0.747,0.138,"#ded4c6,#6a977d,#7a4229",0,text_overlay,
wrGN0qeWyPk,https://www.youtube.com/watch?v=wrGN0qeWyPk,How to Make Your Candles Smell Stronger (Without Using More Fragrance Oil),421.0,storyboard,27,214.47,222.42,7.95,https://youtu.be/wrGN0qeWyPk?t=214s,transition,aux,0,0.45,'WICKS' caption; host.,,0,0.5,0.022,0.25,0.145,0.061,"#000000,#edf4f2,#595459",0,talking_head,description references on-screen text but OCR found none
wrGN0qeWyPk,https://www.youtube.com/watch?v=wrGN0qeWyPk,How to Make Your Candles Smell Stronger (Without Using More Fragrance Oil),421.0,storyboard,32,254.19,262.13,7.94,https://youtu.be/wrGN0qeWyPk?t=254s,transition,aux,0,0.45,'JARS' caption; host.,,0,0.5,0.02,0.233,0.15,0.09,"#020200,#4e4b0b,#f7f7e0",0,talking_head,description references on-screen text but OCR found none
wrGN0qeWyPk,https://www.youtube.com/watch?v=wrGN0qeWyPk,How to Make Your Candles Smell Stronger (Without Using More Fragrance Oil),421.0,storyboard,39,309.79,317.74,7.95,https://youtu.be/wrGN0qeWyPk?t=310s,transition,aux,0,0.45,'CURE TIME' caption.,Je.,0,0.5,0.02,0.235,0.172,0.106,"#181714,#6a5e54,#a49d93",0,talking_head,description references on-screen text but OCR found none
wrGN0qeWyPk,https://www.youtube.com/watch?v=wrGN0qeWyPk,How to Make Your Candles Smell Stronger (Without Using More Fragrance Oil),421.0,storyboard,40,317.74,325.68,7.94,https://youtu.be/wrGN0qeWyPk?t=318s,transition,aux,0,0.45,'CURE TIME - ONE WEEK' caption.,SURF IME es He ee hes INE WEEK,1,1.0,0.039,0.216,0.365,0.102,"#22211c,#93887c,#eceeec",0,talking_head,
wrGN0qeWyPk,https://www.youtube.com/watch?v=wrGN0qeWyPk,How to Make Your Candles Smell Stronger (Without Using More Fragrance Oil),421.0,storyboard,41,325.68,333.62,7.94,https://youtu.be/wrGN0qeWyPk?t=326s,transition,aux,0,0.6,Host talks to camera.,mi,0,1.0,0.044,0.0,0.261,0.103,"#181715,#70655a,#aaa498",0,talking_head,
wrGN0qeWyPk,https://www.youtube.com/watch?v=wrGN0qeWyPk,How to Make Your Candles Smell Stronger (Without Using More Fragrance Oil),421.0,storyboard,42,333.62,341.57,7.95,https://youtu.be/wrGN0qeWyPk?t=334s,transition,aux,0,0.45,'UP TO TWO WEEKS' caption.,As.,0,1.0,0.043,0.169,0.339,0.103,"#181714,#a0988c,#62564c",0,talking_head,description references on-screen text but OCR found none
wrGN0qeWyPk,https://www.youtube.com/watch?v=wrGN0qeWyPk,How to Make Your Candles Smell Stronger (Without Using More Fragrance Oil),421.0,storyboard,51,405.11,413.06,7.95,https://youtu.be/wrGN0qeWyPk?t=405s,transition,aux,0,0.4,Blank/black padding.,,0,0.0,0.0,0.0,0.0,0.0,"#000000,#010101,#000000",0,blank,
wrGN0qeWyPk,https://www.youtube.com/watch?v=wrGN0qeWyPk,How to Make Your Candles Smell Stronger (Without Using More Fragrance Oil),421.0,storyboard,52,413.06,421.0,7.94,https://youtu.be/wrGN0qeWyPk?t=413s,transition,aux,0,0.4,Blank/black padding.,,0,0.0,0.0,0.0,0.0,0.0,"#000000,#010101,#000000",0,blank,
x0dohaYKy9w,https://www.youtube.com/watch?v=x0dohaYKy9w,Small Candle Business from home: shop launch prep! Make 300 candles for Amazon fba with digiboil,347.0,storyboard,6,48.42,56.49,8.07,https://youtu.be/x0dohaYKy9w?t=48s,transition,aux,0,0.4,'EARTHGLOW' card.,te,0,0.0,0.055,0.2,0.574,0.056,"#cac3b9,#827267,#36312f",1,,description references on-screen text but OCR found none
x0dohaYKy9w,https://www.youtube.com/watch?v=x0dohaYKy9w,Small Candle Business from home: shop launch prep! Make 300 candles for Amazon fba with digiboil,347.0,storyboard,12,96.84,104.91,8.07,https://youtu.be/x0dohaYKy9w?t=97s,transition,aux,0,0.4,Wax-calculation worksheet / calculator.,BN oy,0,0.0,0.061,0.266,0.565,0.105,"#cac0b6,#a08e87,#614642",1,,
x0dohaYKy9w,https://www.youtube.com/watch?v=x0dohaYKy9w,Small Candle Business from home: shop launch prep! Make 300 candles for Amazon fba with digiboil,347.0,storyboard,13,104.91,112.98,8.07,https://youtu.be/x0dohaYKy9w?t=105s,transition,aux,0,0.4,Wax-calculation worksheet / calculator.,AT Po,0,0.0,0.046,0.0,0.591,0.152,"#d3b2b2,#a87f7e,#6c4945",1,,
x0dohaYKy9w,https://www.youtube.com/watch?v=x0dohaYKy9w,Small Candle Business from home: shop launch prep! Make 300 candles for Amazon fba with digiboil,347.0,storyboard,14,112.98,121.05,8.07,https://youtu.be/x0dohaYKy9w?t=113s,transition,aux,0,0.4,Wax-calculation worksheet / calculator.,,0,0.0,0.047,0.19,0.501,0.189,"#693d3a,#ab7f7d,#cdc8c2",1,,
x0dohaYKy9w,https://www.youtube.com/watch?v=x0dohaYKy9w,Small Candle Business from home: shop launch prep! Make 300 candles for Amazon fba with digiboil,347.0,storyboard,15,121.05,129.12,8.07,https://youtu.be/x0dohaYKy9w?t=121s,transition,aux,0,0.4,Wax-calculation worksheet / calculator.,Ss ws 6 es oS es ee eas eee 7 4 al SAS 2 2 tk Ve 2 eh ee 7 SD. eo ava an os wena can wy oo we ar 4. aa ee ee Se tor Syed tty An ae 2 6 yo PES PSS ya ee OOS,1,0.0,0.067,0.208,0.537,0.147,"#a48783,#d6bec9,#6a544e",1,,
x0dohaYKy9w,https://www.youtube.com/watch?v=x0dohaYKy9w,Small Candle Business from home: shop launch prep! Make 300 candles for Amazon fba with digiboil,347.0,storyboard,16,129.12,137.19,8.07,https://youtu.be/x0dohaYKy9w?t=129s,transition,aux,0,0.5,"On-screen text card (auto-detected: static frame, OCR text). Text reads: 'DIGIBOIL 4.12 poy gy gg Selledy gerade inser'.",DIGIBOIL 4.12 poy gy gg Selledy gerade inser,1,0.0,0.106,0.0,0.42,0.159,"#8a7a66,#342622,#c5c5bf",0,text_overlay,
x0dohaYKy9w,https://www.youtube.com/watch?v=x0dohaYKy9w,Small Candle Business from home: shop launch prep! Make 300 candles for Amazon fba with digiboil,347.0,storyboard,17,137.19,145.26,8.07,https://youtu.be/x0dohaYKy9w?t=137s,transition,aux,0,0.4,Wax-calculation worksheet / calculator.,Sn aac RQ SS. ee ae,1,0.0,0.017,0.32,0.502,0.137,"#c1c5c3,#957049,#321707",1,,
x0dohaYKy9w,https://www.youtube.com/watch?v=x0dohaYKy9w,Small Candle Business from home: shop launch prep! Make 300 candles for Amazon fba with digiboil,347.0,storyboard,18,145.26,153.33,8.07,https://youtu.be/x0dohaYKy9w?t=145s,transition,aux,0,0.4,Wax-calculation worksheet / calculator.,"wT Sea Se, 7 brs. SS ee ee 33 7 al Sonne Ba 7 ie aa Al oe",1,0.0,0.096,0.106,0.426,0.078,"#ada597,#615e5c,#2e2c2c",1,,
x0dohaYKy9w,https://www.youtube.com/watch?v=x0dohaYKy9w,Small Candle Business from home: shop launch prep! Make 300 candles for Amazon fba with digiboil,347.0,storyboard,19,153.33,161.4,8.07,https://youtu.be/x0dohaYKy9w?t=153s,transition,aux,0,0.5,"On-screen text card (auto-detected: static frame, OCR text). Text reads: 'ae am 7 my SS 5 ae ie eet eee Lf 2 Zs ae ot aia'.",ae am 7 my SS 5 ae ie eet eee Lf 2 Zs ae ot aia,1,0.0,0.066,0.0,0.405,0.084,"#373434,#ada69b,#6a6767",0,text_overlay,
x0dohaYKy9w,https://www.youtube.com/watch?v=x0dohaYKy9w,Small Candle Business from home: shop launch prep! Make 300 candles for Amazon fba with digiboil,347.0,storyboard,20,161.4,169.47,8.07,https://youtu.be/x0dohaYKy9w?t=161s,transition,aux,0,0.4,Wax-calculation worksheet / calculator.,"ae ME es, Ps ay! ae-7 os 3 xe iter nee! 7 ee Se Sie. ss iy aes iz. as",1,0.0,0.071,0.134,0.469,0.094,"#4f3b2a,#c2c3c1,#8d7967",1,,
x0dohaYKy9w,https://www.youtube.com/watch?v=x0dohaYKy9w,Small Candle Business from home: shop launch prep! Make 300 candles for Amazon fba with digiboil,347.0,storyboard,21,169.47,177.53,8.06,https://youtu.be/x0dohaYKy9w?t=169s,transition,aux,0,0.4,Wax-calculation worksheet / calculator.,aa 3 Ma we ed Hi: mh el,1,0.0,0.079,0.315,0.571,0.058,"#d4d7d4,#a3a5a3,#68625f",1,,
x0dohaYKy9w,https://www.youtube.com/watch?v=x0dohaYKy9w,Small Candle Business from home: shop launch prep! Make 300 candles for Amazon fba with digiboil,347.0,storyboard,22,177.53,185.6,8.07,https://youtu.be/x0dohaYKy9w?t=178s,transition,aux,0,0.4,Wax-calculation worksheet / calculator.,all ah,0,0.0,0.037,0.132,0.526,0.051,"#b6bcb8,#736c67,#1d1b1a",1,,
x0dohaYKy9w,https://www.youtube.com/watch?v=x0dohaYKy9w,Small Candle Business from home: shop launch prep! Make 300 candles for Amazon fba with digiboil,347.0,storyboard,23,185.6,193.67,8.07,https://youtu.be/x0dohaYKy9w?t=186s,transition,aux,0,0.5,"On-screen text card (auto-detected: static frame, OCR text). Text reads: 'iiae iy. 7 aa jj 4 3 Psiy SIF ey ey of AE ST asf 2 Ss is Ss 5 hey 2 aS ty 2 3'.",iiae iy. 7 aa jj 4 3 Psiy SIF ey ey of AE ST asf 2 Ss is Ss 5 hey 2 aS ty 2 3,1,0.0,0.067,0.0,0.581,0.084,"#91928a,#d1d6d4,#4e443e",0,text_overlay,
x0dohaYKy9w,https://www.youtube.com/watch?v=x0dohaYKy9w,Small Candle Business from home: shop launch prep! Make 300 candles for Amazon fba with digiboil,347.0,storyboard,26,209.81,217.88,8.07,https://youtu.be/x0dohaYKy9w?t=210s,transition,aux,0,0.5,"On-screen text card (auto-detected: static frame, OCR text). Text reads: 'js Sy Pam Ill test these in these in couple zs wz'.",js Sy Pam Ill test these in these in couple zs wz,1,0.0,0.059,0.0,0.624,0.142,"#d4d7d2,#a5a27e,#454546",0,text_overlay,
x0dohaYKy9w,https://www.youtube.com/watch?v=x0dohaYKy9w,Small Candle Business from home: shop launch prep! Make 300 candles for Amazon fba with digiboil,347.0,storyboard,27,217.88,225.95,8.07,https://youtu.be/x0dohaYKy9w?t=218s,transition,aux,0,0.4,Worksheet/calculator.,et Wee ace. ie Se in Mee we!,1,0.0,0.053,0.278,0.616,0.131,"#d3d7d0,#939176,#2a2a27",1,,
x0dohaYKy9w,https://www.youtube.com/watch?v=x0dohaYKy9w,Small Candle Business from home: shop launch prep! Make 300 candles for Amazon fba with digiboil,347.0,storyboard,28,225.95,234.02,8.07,https://youtu.be/x0dohaYKy9w?t=226s,transition,aux,0,0.4,Working the wax in the gold bowl (melt/pour).,swt rh ay Hd wh. er be! if Se Sap l/s tas es ee Agee 4 ES Gs es ag he 4 en th bo vd ex aay ENA Si as,1,0.0,0.094,0.231,0.543,0.144,"#c4aea6,#997c70,#62432f",1,,
x0dohaYKy9w,https://www.youtube.com/watch?v=x0dohaYKy9w,Small Candle Business from home: shop launch prep! Make 300 candles for Amazon fba with digiboil,347.0,storyboard,29,234.02,242.09,8.07,https://youtu.be/x0dohaYKy9w?t=234s,transition,aux,0,0.5,"On-screen text card (auto-detected: static frame, OCR text). Text reads: 'fl ie tee Rs 3 Bering 4 seeseny 3 4 am apie 7 6 pe awa! oe 2 ee oN ms 4 NS en 7 Ye 4 NV packaging and wih. slow pels. yr'.",fl ie tee Rs 3 Bering 4 seeseny 3 4 am apie 7 6 pe awa! oe 2 ee oN ms 4 NS en 7 Ye 4 NV packaging and wih. slow pels. yr,1,0.0,0.169,0.0,0.505,0.122,"#614533,#c2b2a9,#998378",0,text_overlay,
x0dohaYKy9w,https://www.youtube.com/watch?v=x0dohaYKy9w,Small Candle Business from home: shop launch prep! Make 300 candles for Amazon fba with digiboil,347.0,storyboard,32,258.23,266.3,8.07,https://youtu.be/x0dohaYKy9w?t=258s,transition,aux,0,0.5,"On-screen text card (auto-detected: static frame, OCR text). Text reads: 'oF, he Tihs pe bey Eh Ff of ad Ri Od ag Ct iS Seer ia Seo bee Pee Qi SP NES OPS Se Oe Sb Av Mane VW'.","oF, he Tihs pe bey Eh Ff of ad Ri Od ag Ct iS Seer ia Seo bee Pee Qi SP NES OPS Se Oe Sb Av Mane VW",1,0.0,0.139,0.0,0.547,0.124,"#bea7a3,#998075,#674d38",0,text_overlay,
x0dohaYKy9w,https://www.youtube.com/watch?v=x0dohaYKy9w,Small Candle Business from home: shop launch prep! Make 300 candles for Amazon fba with digiboil,347.0,storyboard,33,266.3,274.37,8.07,https://youtu.be/x0dohaYKy9w?t=266s,transition,aux,0,0.4,Worksheet/calculator.,CERE ike,1,0.0,0.056,0.263,0.506,0.108,"#bcab97,#96816e,#402719",1,,
x0dohaYKy9w,https://www.youtube.com/watch?v=x0dohaYKy9w,Small Candle Business from home: shop launch prep! Make 300 candles for Amazon fba with digiboil,347.0,storyboard,34,274.37,282.44,8.07,https://youtu.be/x0dohaYKy9w?t=274s,transition,aux,0,0.4,Working the wax in the gold bowl (melt/pour).,7 ja ott roth ah Sa. ey,1,0.0,0.046,0.201,0.616,0.105,"#cec9bb,#a09380,#4f3825",1,,
x0dohaYKy9w,https://www.youtube.com/watch?v=x0dohaYKy9w,Small Candle Business from home: shop launch prep! Make 300 candles for Amazon fba with digiboil,347.0,storyboard,35,282.44,290.51,8.07,https://youtu.be/x0dohaYKy9w?t=282s,transition,aux,0,0.4,Worksheet/calculator.,,0,0.0,0.019,0.0,0.638,0.099,"#ae9b88,#e3daca,#503e2f",1,,
x0dohaYKy9w,https://www.youtube.com/watch?v=x0dohaYKy9w,Small Candle Business from home: shop launch prep! Make 300 candles for Amazon fba with digiboil,347.0,storyboard,36,290.51,298.58,8.07,https://youtu.be/x0dohaYKy9w?t=291s,transition,aux,0,0.4,Working the wax in the gold bowl (melt/pour).,rs ie Re 7 7 Pee 7 ob nas kt: Fr 7,1,0.0,0.053,0.221,0.625,0.116,"#d4d3cb,#a78c6e,#5f4a2d",1,,
x0dohaYKy9w,https://www.youtube.com/watch?v=x0dohaYKy9w,Small Candle Business from home: shop launch prep! Make 300 candles for Amazon fba with digiboil,347.0,storyboard,37,298.58,306.65,8.07,https://youtu.be/x0dohaYKy9w?t=299s,transition,aux,0,0.4,Worksheet/calculator.,"as 2 re Ie Mas oe Lh se Px mm Seow SAS wt 4 be 7 ua Pp, JE La",1,0.0,0.084,0.224,0.595,0.132,"#a89173,#d2cec7,#75563d",1,,
x0dohaYKy9w,https://www.youtube.com/watch?v=x0dohaYKy9w,Small Candle Business from home: shop launch prep! Make 300 candles for Amazon fba with digiboil,347.0,storyboard,42,338.93,347.0,8.07,https://youtu.be/x0dohaYKy9w?t=339s,transition,aux,0,0.5,Blank / near-black frame (auto-detected).,,0,0.0,0.0,0.0,0.0,0.001,"#000000,#000002,#010001",0,blank,
xPGJhiAwzLU,https://www.youtube.com/watch?v=xPGJhiAwzLU,Making scented candle. DIY Jesmonite candle container,341.0,storyboard,39,309.28,317.21,7.93,https://youtu.be/xPGJhiAwzLU?t=309s,transition,aux,0,0.5,Blank / near-black frame (auto-detected).,,0,0.0,0.0,0.053,0.027,0.021,"#000000,#040000,#010100",0,blank,
xPGJhiAwzLU,https://www.youtube.com/watch?v=xPGJhiAwzLU,Making scented candle. DIY Jesmonite candle container,341.0,storyboard,40,317.21,325.14,7.93,https://youtu.be/xPGJhiAwzLU?t=317s,transition,aux,0,0.5,Blank / near-black frame (auto-detected).,,0,0.0,0.0,0.0,0.001,0.005,"#000000,#010000,#040000",0,blank,
xPGJhiAwzLU,https://www.youtube.com/watch?v=xPGJhiAwzLU,Making scented candle. DIY Jesmonite candle container,341.0,storyboard,41,325.14,333.07,7.93,https://youtu.be/xPGJhiAwzLU?t=325s,transition,aux,0,0.5,Blank / near-black frame (auto-detected).,,0,0.0,0.0,0.0,0.001,0.005,"#000000,#010000,#040000",0,blank,
xPGJhiAwzLU,https://www.youtube.com/watch?v=xPGJhiAwzLU,Making scented candle. DIY Jesmonite candle container,341.0,storyboard,42,333.07,341.0,7.93,https://youtu.be/xPGJhiAwzLU?t=333s,transition,aux,0,0.5,Blank / near-black frame (auto-detected).,,0,0.0,0.0,0.0,0.001,0.005,"#000000,#040000,#010100",0,blank,
yOvQagDwnxo,https://www.youtube.com/watch?v=yOvQagDwnxo,''How Candles Are Made  Inside a Modern Candle Factory'',113.0,storyboard,1,8.07,16.14,8.07,https://youtu.be/yOvQagDwnxo?t=8s,transition,aux,0,0.4,Factory workers at a machine; pallets.,4 os st wal 4 eA af: 7 ney 7 9 rp Th Were: 5 7 et Mae eo esate an oe oi 7 Sia Cs Booey NS dts of rs emo 4 ae,1,0.0,0.113,0.23,0.479,0.172,"#3b2815,#b6a997,#916b3c",1,,
yOvQagDwnxo,https://www.youtube.com/watch?v=yOvQagDwnxo,''How Candles Are Made  Inside a Modern Candle Factory'',113.0,storyboard,10,80.71,88.79,8.08,https://youtu.be/yOvQagDwnxo?t=81s,transition,aux,0,0.4,Warehouse aisles of candle stock.,ete eel Agel ho wt ie feb Nt ep us iz Oe ff gs wy 4 aml EE,1,0.0,0.185,0.216,0.483,0.165,"#9ba2a0,#4f5453,#c69b23",1,,
yOvQagDwnxo,https://www.youtube.com/watch?v=yOvQagDwnxo,''How Candles Are Made  Inside a Modern Candle Factory'',113.0,storyboard,11,88.79,96.86,8.07,https://youtu.be/yOvQagDwnxo?t=89s,transition,aux,0,0.4,Warehouse stock.,"bed os nd of Ra wT Ag NA Fe Sas aA, wo OT ae SoeG foo oe eke ew cl al ae Sage Es ho ome OM wat re 7 oe ae yg eet ar WW ene Ts ee 6 Oe ay ca: oe SS fe: vo cog 4 SS Geet 4",1,0.0,0.227,0.211,0.448,0.123,"#796d5e,#3b2f24,#aaa59a",1,,
yOvQagDwnxo,https://www.youtube.com/watch?v=yOvQagDwnxo,''How Candles Are Made  Inside a Modern Candle Factory'',113.0,storyboard,12,96.86,104.93,8.07,https://youtu.be/yOvQagDwnxo?t=97s,transition,aux,0,0.4,Workers packing boxes.,Bs Bet 38 oh Se meet ee om sey 0. test wie Py rc Ry it ee ies Ss Po wv acute hie sz fy Ke 4 ig at ad Sa,1,0.0,0.169,0.286,0.504,0.166,"#c2bfb1,#8f7659,#2e251e",1,,
yOvQagDwnxo,https://www.youtube.com/watch?v=yOvQagDwnxo,''How Candles Are Made  Inside a Modern Candle Factory'',113.0,storyboard,13,104.93,113.0,8.07,https://youtu.be/yOvQagDwnxo?t=105s,transition,aux,0,0.4,Boxing candles; 'Fragile' caption.,oS wl sa Fragile Phase 3 SS,1,0.0,0.112,0.365,0.347,0.093,"#b2a794,#706f6f,#2b2f3c",1,,
yVBr4Z9S0EA,https://www.youtube.com/watch?v=yVBr4Z9S0EA,A Full Guide to Wax and Additive in Candle Making (2024 Update),653.0,storyboard,1,7.96,15.93,7.97,https://youtu.be/yVBr4Z9S0EA?t=8s,transition,aux,0,0.5,"Educational slide explaining Wax & Additive overview (text + photo, no hands-on action).",he en ee,1,1.0,0.06,0.0,0.641,0.085,"#9c9da3,#c4c7cf,#594935",0,talking_head,
yVBr4Z9S0EA,https://www.youtube.com/watch?v=yVBr4Z9S0EA,A Full Guide to Wax and Additive in Candle Making (2024 Update),653.0,storyboard,2,15.93,23.89,7.96,https://youtu.be/yVBr4Z9S0EA?t=16s,transition,aux,0,0.5,"Educational slide explaining Wax & Additive overview (text + photo, no hands-on action).","VN ae Ry they, 4 AS ier",1,1.0,0.062,0.0,0.641,0.084,"#9c9da3,#c4c7cf,#5c4a35",0,talking_head,
yVBr4Z9S0EA,https://www.youtube.com/watch?v=yVBr4Z9S0EA,A Full Guide to Wax and Additive in Candle Making (2024 Update),653.0,storyboard,3,23.89,31.85,7.96,https://youtu.be/yVBr4Z9S0EA?t=24s,transition,aux,0,0.5,"Educational slide explaining Wax & Additive overview (text + photo, no hands-on action).",Soy is: 1. Container Suy Wis 2. Villac Sow Was PWN,1,0.5,0.045,0.083,0.652,0.068,"#9d9fa7,#bec2d0,#6d5c46",0,talking_head,
yVBr4Z9S0EA,https://www.youtube.com/watch?v=yVBr4Z9S0EA,A Full Guide to Wax and Additive in Candle Making (2024 Update),653.0,storyboard,4,31.85,39.82,7.97,https://youtu.be/yVBr4Z9S0EA?t=32s,transition,aux,0,0.5,"Educational slide explaining Soy Wax (text + photo, no hands-on action).",Soy fe: 1. Container Suy Wits 2. Villac Sow Was,1,0.0,0.029,0.0,0.663,0.052,"#9d9fa7,#bec3d0,#6c5c46",0,text_overlay,
yVBr4Z9S0EA,https://www.youtube.com/watch?v=yVBr4Z9S0EA,A Full Guide to Wax and Additive in Candle Making (2024 Update),653.0,storyboard,5,39.82,47.78,7.96,https://youtu.be/yVBr4Z9S0EA?t=40s,transition,aux,0,0.5,"Educational slide explaining Soy Wax (text + photo, no hands-on action).",Soy Wax 14. Container Soy Was flakes or erenales RIT used in jars ot blended with becwwax abe 2. Pillac Sow Was 7,1,0.0,0.05,0.002,0.6,0.038,"#96949c,#d7d6d0,#6d5b45",0,text_overlay,
yVBr4Z9S0EA,https://www.youtube.com/watch?v=yVBr4Z9S0EA,A Full Guide to Wax and Additive in Candle Making (2024 Update),653.0,storyboard,6,47.78,55.74,7.96,https://youtu.be/yVBr4Z9S0EA?t=48s,transition,aux,0,0.5,"Educational slide explaining Soy Wax (text + photo, no hands-on action).",Soy Wax 14. Container Soy Was flakes or erenales RIT used in jars ot blended with becwwax abe 2. Pillac Sow Was 7,1,0.0,0.049,0.0,0.6,0.038,"#96949c,#d7d6d0,#6e5d48",0,text_overlay,
yVBr4Z9S0EA,https://www.youtube.com/watch?v=yVBr4Z9S0EA,A Full Guide to Wax and Additive in Candle Making (2024 Update),653.0,storyboard,7,55.74,63.71,7.97,https://youtu.be/yVBr4Z9S0EA?t=56s,transition,aux,0,0.5,"Educational slide explaining Soy Wax (text + photo, no hands-on action).",Soy Wax rs 1. Container Soy Was 4 Mahve of granoles 4 2 used in jate we blended with hecawas Zz. Villar Sov Was 3,1,0.0,0.043,0.0,0.6,0.039,"#96949b,#dcdad3,#644e37",0,text_overlay,
yVBr4Z9S0EA,https://www.youtube.com/watch?v=yVBr4Z9S0EA,A Full Guide to Wax and Additive in Candle Making (2024 Update),653.0,storyboard,8,63.71,71.67,7.96,https://youtu.be/yVBr4Z9S0EA?t=64s,transition,aux,0,0.5,"Educational slide explaining Soy Wax (text + photo, no hands-on action).",Soy Wax ro 1. Container Soy Was 4 flahvs or grenoles 74. De used in jate ne blented with hecawas 2. Villar Soy Ways bineks we granules yy used in pillace alone we Blended with cintulney sy WHS,1,0.0,0.052,0.0,0.603,0.039,"#96959c,#dcdad2,#68563d",0,text_overlay,
yVBr4Z9S0EA,https://www.youtube.com/watch?v=yVBr4Z9S0EA,A Full Guide to Wax and Additive in Candle Making (2024 Update),653.0,storyboard,9,71.67,79.63,7.96,https://youtu.be/yVBr4Z9S0EA?t=72s,transition,aux,0,0.5,"Educational slide explaining Soy Wax (text + photo, no hands-on action).",Soy Wax rs 4. Container Soy Was flakex or erenales 2 et HIT used in jars ot blended with becwwax 2. Tillac Saw Was blocks ur grauules Sat 1 ueed tn pillars alone vr blended with coutuiner suy was,1,0.0,0.058,0.0,0.603,0.039,"#96949b,#d5d4ce,#604b38",0,text_overlay,
yVBr4Z9S0EA,https://www.youtube.com/watch?v=yVBr4Z9S0EA,A Full Guide to Wax and Additive in Candle Making (2024 Update),653.0,storyboard,10,79.63,87.6,7.97,https://youtu.be/yVBr4Z9S0EA?t=80s,transition,aux,0,0.5,"Educational slide explaining Soy Wax (text + photo, no hands-on action).",Soy Wax rs 4. Container Soy Was flakex or erenales 2 et HIT used in jars ot blended with becwwax 2. Tillac Saw Was blocks ur grauules Sat 1 ueed tn pillars alone vr blended with coutuiner suy was,1,0.0,0.059,0.001,0.603,0.039,"#96949b,#d5d4ce,#604b38",0,text_overlay,
yVBr4Z9S0EA,https://www.youtube.com/watch?v=yVBr4Z9S0EA,A Full Guide to Wax and Additive in Candle Making (2024 Update),653.0,storyboard,11,87.6,95.56,7.96,https://youtu.be/yVBr4Z9S0EA?t=88s,transition,aux,0,0.5,"Educational slide explaining Soy Wax (text + photo, no hands-on action).",Soy Wax ro 1. Container Soy Was flakes or grunales Lh eo used in jurs ur blended with heeswax 2. Villar Sow Was blocks ur grauules Sat used tn pillers alone or blended with coutulner suy was,1,0.0,0.054,0.0,0.603,0.038,"#96959c,#dbdad3,#6d5b44",0,text_overlay,
yVBr4Z9S0EA,https://www.youtube.com/watch?v=yVBr4Z9S0EA,A Full Guide to Wax and Additive in Candle Making (2024 Update),653.0,storyboard,12,95.56,103.52,7.96,https://youtu.be/yVBr4Z9S0EA?t=96s,transition,aux,0,0.5,"Educational slide explaining Beeswax (text + photo, no hands-on action).",ae Pe 1. White Beeswas refined ee ame we 2. Yellow Beeawuk raw,1,0.0,0.041,0.0,0.652,0.084,"#9c9fa7,#b7bdce,#8a7038",0,text_overlay,
yVBr4Z9S0EA,https://www.youtube.com/watch?v=yVBr4Z9S0EA,A Full Guide to Wax and Additive in Candle Making (2024 Update),653.0,storyboard,13,103.52,111.49,7.97,https://youtu.be/yVBr4Z9S0EA?t=104s,transition,aux,0,0.5,"Educational slide explaining Beeswax (text + photo, no hands-on action).","Beeswax 1. White Beeswax refined granules, tight yellew 667 Ht rrsilient stable used it pillars elone of bleaded with ee container soy wax nanmally ti1 Vv Fyre",1,0.0,0.042,0.0,0.6,0.031,"#95959c,#d6d2cb,#59645b",0,text_overlay,
yVBr4Z9S0EA,https://www.youtube.com/watch?v=yVBr4Z9S0EA,A Full Guide to Wax and Additive in Candle Making (2024 Update),653.0,storyboard,14,111.49,119.45,7.96,https://youtu.be/yVBr4Z9S0EA?t=111s,transition,aux,0,0.5,"Educational slide explaining Beeswax (text + photo, no hands-on action).","Beeswax White Beeswas refined cranwies, light yellow cast. Gat vesifient stable used in pVlare abonw or Llemded with Ae wt cantalaer soy Wark noemally",1,0.0,0.043,0.004,0.6,0.031,"#95959c,#d2cec8,#68716a",0,text_overlay,
yVBr4Z9S0EA,https://www.youtube.com/watch?v=yVBr4Z9S0EA,A Full Guide to Wax and Additive in Candle Making (2024 Update),653.0,storyboard,15,119.45,127.41,7.96,https://youtu.be/yVBr4Z9S0EA?t=119s,transition,aux,0,0.5,"Educational slide explaining Beeswax (text + photo, no hands-on action).","Beeswax 1. White Beeswas refined cy cranwies, light yellow 7 sat. Se resilient stable used in pilare atone of blended with ek container soy Wax aoemally As Sk ee",1,0.0,0.051,0.0,0.6,0.031,"#95959c,#d6d2cb,#606b62",0,text_overlay,
yVBr4Z9S0EA,https://www.youtube.com/watch?v=yVBr4Z9S0EA,A Full Guide to Wax and Additive in Candle Making (2024 Update),653.0,storyboard,16,127.41,135.38,7.97,https://youtu.be/yVBr4Z9S0EA?t=127s,transition,aux,0,0.5,"Educational slide explaining Beeswax (text + photo, no hands-on action).","Beeswax 1. White Beeswas refined 7 granules, light yellow care sat wesilient stable waed in pillars alone ar blended with cantalavr soy War odemally tf hs 5 yas molds with complex details BZ we white ",1,0.0,0.067,0.003,0.593,0.059,"#95959c,#846067,#d1cec7",0,text_overlay,
yVBr4Z9S0EA,https://www.youtube.com/watch?v=yVBr4Z9S0EA,A Full Guide to Wax and Additive in Candle Making (2024 Update),653.0,storyboard,17,135.38,143.34,7.96,https://youtu.be/yVBr4Z9S0EA?t=135s,transition,aux,0,0.5,"Educational slide explaining Beeswax (text + photo, no hands-on action).","iy ee, Te TT Soke Os, ge tii ok bevy Bod For mojds with complex Crtatia: he Lear ke ve 1008 ww woos wlov Ace ide tustrdted ed bet wins",1,0.0,0.07,0.001,0.544,0.126,"#97959c,#885358,#311919",0,text_overlay,
yVBr4Z9S0EA,https://www.youtube.com/watch?v=yVBr4Z9S0EA,A Full Guide to Wax and Additive in Candle Making (2024 Update),653.0,storyboard,18,143.34,151.3,7.96,https://youtu.be/yVBr4Z9S0EA?t=143s,transition,aux,0,0.5,"Educational slide explaining Beeswax (text + photo, no hands-on action).",vine Vey Ae se SUA SESS Vor molds with complex details: 822 wr white,1,0.0,0.063,0.0,0.543,0.065,"#97959d,#805c5f,#1a1819",0,text_overlay,
yVBr4Z9S0EA,https://www.youtube.com/watch?v=yVBr4Z9S0EA,A Full Guide to Wax and Additive in Candle Making (2024 Update),653.0,storyboard,19,151.3,159.27,7.97,https://youtu.be/yVBr4Z9S0EA?t=151s,transition,aux,0,0.5,"Educational slide explaining Beeswax (text + photo, no hands-on action).",yes oe Og For olds CFL,1,0.0,0.06,0.001,0.543,0.065,"#97959d,#825d61,#1d1a1a",1,,
yVBr4Z9S0EA,https://www.youtube.com/watch?v=yVBr4Z9S0EA,A Full Guide to Wax and Additive in Candle Making (2024 Update),653.0,storyboard,20,159.27,167.23,7.96,https://youtu.be/yVBr4Z9S0EA?t=159s,transition,aux,0,0.5,"Educational slide explaining Beeswax (text + photo, no hands-on action).","Beeswax White Beeswax refined granules, light yellow resilient stuble NS asei in pillars alone or blended with container soy wax nermaliy 11 Ps 2. Yellow Beeswax raw RES blowke of graneles, burnt yeti",1,0.0,0.061,0.0,0.596,0.076,"#95949b,#bcbbbf,#8d7034",0,text_overlay,
yVBr4Z9S0EA,https://www.youtube.com/watch?v=yVBr4Z9S0EA,A Full Guide to Wax and Additive in Candle Making (2024 Update),653.0,storyboard,21,167.23,175.2,7.97,https://youtu.be/yVBr4Z9S0EA?t=167s,transition,aux,0,0.5,"Educational slide explaining Paraffin Wax (text + photo, no hands-on action).","Paraffin Wax blocks or granules fully refed, ceali Jewel ah SATS sem Cran parcucy, statoed ability cesiliont",1,0.0,0.035,0.0,0.604,0.016,"#96959c,#c6c6c6,#696869",0,text_overlay,
yVBr4Z9S0EA,https://www.youtube.com/watch?v=yVBr4Z9S0EA,A Full Guide to Wax and Additive in Candle Making (2024 Update),653.0,storyboard,22,175.2,183.16,7.96,https://youtu.be/yVBr4Z9S0EA?t=175s,transition,aux,0,0.5,"Educational slide explaining Paraffin Wax (text + photo, no hands-on action).","Paraffin Wax blocks of granules Cully refined, cent bevel aft 440 FAR sem transparency, stained ability resilient",1,0.0,0.043,0.0,0.604,0.015,"#96959c,#c6c7c6,#696969",0,text_overlay,
yVBr4Z9S0EA,https://www.youtube.com/watch?v=yVBr4Z9S0EA,A Full Guide to Wax and Additive in Candle Making (2024 Update),653.0,storyboard,23,183.16,191.12,7.96,https://youtu.be/yVBr4Z9S0EA?t=183s,transition,aux,0,0.5,"Educational slide explaining Paraffin Wax (text + photo, no hands-on action).","Paraffin Wax blocks ot grunvles fully refined, ceuft level Ont 55 som transparency, stained ability resilient",1,0.0,0.037,0.003,0.604,0.015,"#96959d,#c6c7c6,#6a696a",0,text_overlay,
yVBr4Z9S0EA,https://www.youtube.com/watch?v=yVBr4Z9S0EA,A Full Guide to Wax and Additive in Candle Making (2024 Update),653.0,storyboard,24,191.12,199.09,7.97,https://youtu.be/yVBr4Z9S0EA?t=191s,transition,aux,0,0.5,"Educational slide explaining Paraffin Wax (text + photo, no hands-on action).","Paraffin Wax blocks or granules fully refined, ceuft level oan ant 58 som transparency, stained ability resilient",1,0.0,0.032,0.0,0.604,0.015,"#96959d,#c6c6c6,#69696a",0,text_overlay,
yVBr4Z9S0EA,https://www.youtube.com/watch?v=yVBr4Z9S0EA,A Full Guide to Wax and Additive in Candle Making (2024 Update),653.0,storyboard,25,199.09,207.05,7.96,https://youtu.be/yVBr4Z9S0EA?t=199s,transition,aux,0,0.5,"Educational slide explaining Paraffin Wax (text + photo, no hands-on action).",Tips: used with paraffin additives eg. AC- Vybar 403 pouring temp test the PO,1,0.0,0.052,0.033,0.592,0.017,"#96959c,#727272,#c4c4c3",1,,
yVBr4Z9S0EA,https://www.youtube.com/watch?v=yVBr4Z9S0EA,A Full Guide to Wax and Additive in Candle Making (2024 Update),653.0,storyboard,26,207.05,215.01,7.96,https://youtu.be/yVBr4Z9S0EA?t=207s,transition,aux,0,0.5,"Educational slide explaining Paraffin Wax (text + photo, no hands-on action).",Tips: used with paraffin additives eg. AC- Vybar 109 pouring temp test the Po,1,0.0,0.072,0.0,0.58,0.019,"#96959c,#727273,#c4c4c4",0,text_overlay,
yVBr4Z9S0EA,https://www.youtube.com/watch?v=yVBr4Z9S0EA,A Full Guide to Wax and Additive in Candle Making (2024 Update),653.0,storyboard,27,215.01,222.98,7.97,https://youtu.be/yVBr4Z9S0EA?t=215s,transition,aux,0,0.5,"Educational slide explaining Paraffin Wax (text + photo, no hands-on action).",th if efined. Aon ba wil ei Tips: used with paraffin additives eg. AC-6/ Vybar 1035 pouring temp test the PO,1,0.0,0.068,0.002,0.58,0.019,"#96959c,#727272,#c4c4c3",0,text_overlay,
yVBr4Z9S0EA,https://www.youtube.com/watch?v=yVBr4Z9S0EA,A Full Guide to Wax and Additive in Candle Making (2024 Update),653.0,storyboard,28,222.98,230.94,7.96,https://youtu.be/yVBr4Z9S0EA?t=223s,transition,aux,0,0.5,"Educational slide explaining Paraffin Wax (text + photo, no hands-on action).",th if efined. Tips: used with paraffin additives eg. AC-6/ Vybar 1035 pouring temp test the PO,1,0.0,0.067,0.0,0.58,0.02,"#96959c,#727272,#c4c4c3",0,text_overlay,
yVBr4Z9S0EA,https://www.youtube.com/watch?v=yVBr4Z9S0EA,A Full Guide to Wax and Additive in Candle Making (2024 Update),653.0,storyboard,29,230.94,238.9,7.96,https://youtu.be/yVBr4Z9S0EA?t=231s,transition,aux,0,0.5,"Educational slide explaining Paraffin Wax (text + photo, no hands-on action).",Tips: used with paraffin additives eg. AC/6/ Vyber pouting temp 10ek test the FO,1,0.0,0.066,0.0,0.58,0.019,"#96959c,#727272,#c4c4c3",0,text_overlay,
yVBr4Z9S0EA,https://www.youtube.com/watch?v=yVBr4Z9S0EA,A Full Guide to Wax and Additive in Candle Making (2024 Update),653.0,storyboard,30,238.9,246.87,7.97,https://youtu.be/yVBr4Z9S0EA?t=239s,transition,aux,0,0.5,"Educational slide explaining Paraffin Wax (text + photo, no hands-on action).",Tips: 6 used with paraffin additives eg. AC/6/ Vyber pouting temp test the FO,1,0.0,0.066,0.0,0.58,0.019,"#96959c,#727272,#c4c4c3",0,text_overlay,
yVBr4Z9S0EA,https://www.youtube.com/watch?v=yVBr4Z9S0EA,A Full Guide to Wax and Additive in Candle Making (2024 Update),653.0,storyboard,31,246.87,254.83,7.96,https://youtu.be/yVBr4Z9S0EA?t=247s,transition,aux,0,0.5,"Educational slide explaining Paraffin Wax (text + photo, no hands-on action).","Gel Wax how, Medium High Density Ty pe yl yi 400 feo Eluetic, trameparoel, lemperature-eeneitiior",1,0.0,0.049,0.049,0.588,0.018,"#96959d,#c1c2c8,#6d6e6f",1,,
yVBr4Z9S0EA,https://www.youtube.com/watch?v=yVBr4Z9S0EA,A Full Guide to Wax and Additive in Candle Making (2024 Update),653.0,storyboard,32,254.83,262.79,7.96,https://youtu.be/yVBr4Z9S0EA?t=255s,transition,aux,0,0.5,"Educational slide explaining Gel Wax (text + photo, no hands-on action).","Gel Wax Low, Medium High Density Type yl yi 400 beor Eluetic, trameparoel, lemperature-eeneliior",1,0.0,0.029,0.0,0.595,0.017,"#96959d,#c1c2c8,#6a6b6c",0,text_overlay,
yVBr4Z9S0EA,https://www.youtube.com/watch?v=yVBr4Z9S0EA,A Full Guide to Wax and Additive in Candle Making (2024 Update),653.0,storyboard,33,262.79,270.76,7.97,https://youtu.be/yVBr4Z9S0EA?t=263s,transition,aux,0,0.5,"Educational slide explaining Gel Wax (text + photo, no hands-on action).","Gel Wax Low, Medinir High Density Tepe vs hoe FAO Elaatic. transparent, lomperature- eenaliive",1,0.0,0.024,0.0,0.595,0.017,"#96959c,#bebfc5,#5e6162",0,text_overlay,
yVBr4Z9S0EA,https://www.youtube.com/watch?v=yVBr4Z9S0EA,A Full Guide to Wax and Additive in Candle Making (2024 Update),653.0,storyboard,34,270.76,278.72,7.96,https://youtu.be/yVBr4Z9S0EA?t=271s,transition,aux,0,0.5,"Educational slide explaining Gel Wax (text + photo, no hands-on action).","Gel Wax 4 tow, Mediim High Dematty Type 1407 Llavtic, rensparent, temperature senpitive",1,0.0,0.026,0.003,0.595,0.017,"#96959d,#bfc0c6,#666769",0,text_overlay,
yVBr4Z9S0EA,https://www.youtube.com/watch?v=yVBr4Z9S0EA,A Full Guide to Wax and Additive in Candle Making (2024 Update),653.0,storyboard,35,278.72,286.68,7.96,https://youtu.be/yVBr4Z9S0EA?t=279s,transition,aux,0,0.5,"Educational slide explaining Gel Wax (text + photo, no hands-on action).",Sy ae Gy se Tips: ax. pouring temps 4 usw silicone molds heat the malds before pouring,1,0.0,0.053,0.0,0.571,0.021,"#95959c,#717172,#bebec4",0,text_overlay,
yVBr4Z9S0EA,https://www.youtube.com/watch?v=yVBr4Z9S0EA,A Full Guide to Wax and Additive in Candle Making (2024 Update),653.0,storyboard,36,286.68,294.65,7.97,https://youtu.be/yVBr4Z9S0EA?t=287s,transition,aux,0,0.5,"Educational slide explaining Gel Wax (text + photo, no hands-on action).",ey of Tips: pouring tempx use silicone molds heat the molds before pouring,1,0.0,0.054,0.005,0.571,0.021,"#95959c,#727272,#bebfc5",0,text_overlay,
yVBr4Z9S0EA,https://www.youtube.com/watch?v=yVBr4Z9S0EA,A Full Guide to Wax and Additive in Candle Making (2024 Update),653.0,storyboard,37,294.65,302.61,7.96,https://youtu.be/yVBr4Z9S0EA?t=295s,transition,aux,0,0.5,"Educational slide explaining Gel Wax (text + photo, no hands-on action).",me. be Tips: pouring tempx use silicone molds heat the molds before pouring,1,0.0,0.055,0.0,0.571,0.02,"#95959c,#727272,#bebec5",0,text_overlay,
yVBr4Z9S0EA,https://www.youtube.com/watch?v=yVBr4Z9S0EA,A Full Guide to Wax and Additive in Candle Making (2024 Update),653.0,storyboard,38,302.61,310.57,7.96,https://youtu.be/yVBr4Z9S0EA?t=303s,transition,aux,0,0.5,"Educational slide explaining Palm Wax (text + photo, no hands-on action).",rl,0,0.0,0.054,0.0,0.589,0.028,"#95949b,#c4c0bd,#3a2c21",1,,
yVBr4Z9S0EA,https://www.youtube.com/watch?v=yVBr4Z9S0EA,A Full Guide to Wax and Additive in Candle Making (2024 Update),653.0,storyboard,39,310.57,318.54,7.97,https://youtu.be/yVBr4Z9S0EA?t=311s,transition,aux,0,0.5,"Educational slide explaining Palm Wax (text + photo, no hands-on action).",rl,0,0.0,0.053,0.001,0.589,0.028,"#95949b,#c4c0bd,#3a2c21",1,,
yVBr4Z9S0EA,https://www.youtube.com/watch?v=yVBr4Z9S0EA,A Full Guide to Wax and Additive in Candle Making (2024 Update),653.0,storyboard,40,318.54,326.5,7.96,https://youtu.be/yVBr4Z9S0EA?t=319s,transition,aux,0,0.5,"Educational slide explaining Palm Wax (text + photo, no hands-on action).",,0,0.0,0.063,0.0,0.589,0.028,"#95949b,#c4c0bd,#3a2b21",1,,
yVBr4Z9S0EA,https://www.youtube.com/watch?v=yVBr4Z9S0EA,A Full Guide to Wax and Additive in Candle Making (2024 Update),653.0,storyboard,41,326.5,334.46,7.96,https://youtu.be/yVBr4Z9S0EA?t=326s,transition,aux,0,0.5,"Educational slide explaining Palm Wax (text + photo, no hands-on action).",Ly JS ee max patterns: pour at preferably not suitable for extremely detailed,1,0.0,0.057,0.0,0.561,0.029,"#99979e,#737372,#35291f",0,text_overlay,
yVBr4Z9S0EA,https://www.youtube.com/watch?v=yVBr4Z9S0EA,A Full Guide to Wax and Additive in Candle Making (2024 Update),653.0,storyboard,42,334.46,342.43,7.97,https://youtu.be/yVBr4Z9S0EA?t=334s,transition,aux,0,0.5,"Educational slide explaining Palm Wax (text + photo, no hands-on action).",Tips: mux patterns: pour at 9Oe preferably wa FR not suitable for extremely detailed 4 molds,1,0.0,0.053,0.0,0.561,0.03,"#99979e,#737372,#342821",0,text_overlay,
yVBr4Z9S0EA,https://www.youtube.com/watch?v=yVBr4Z9S0EA,A Full Guide to Wax and Additive in Candle Making (2024 Update),653.0,storyboard,43,342.43,350.39,7.96,https://youtu.be/yVBr4Z9S0EA?t=342s,transition,aux,0,0.5,"Educational slide explaining Palm Wax (text + photo, no hands-on action).",Tips: mux patterns: pour at 9Oe preferably wa FR not suitable for extremely detailed 4 molds,1,0.0,0.053,0.0,0.561,0.03,"#99979e,#737372,#342821",0,text_overlay,
yVBr4Z9S0EA,https://www.youtube.com/watch?v=yVBr4Z9S0EA,A Full Guide to Wax and Additive in Candle Making (2024 Update),653.0,storyboard,44,350.39,358.35,7.96,https://youtu.be/yVBr4Z9S0EA?t=350s,transition,aux,0,0.5,"Educational slide explaining Commonly Used Wax overview (text + photo, no hands-on action).","Commonly Used Wax Cuntahare ber Wane PURlat ben Mae Vhete Dereeres Yellen Geernws Parnithe Wee fs AD, ASA at fusthectag Pale Waa iroetaltioe Putre Was tiet Wace",1,0.0,0.1,0.002,0.599,0.085,"#979598,#d4d1cb,#50402e",0,text_overlay,
yVBr4Z9S0EA,https://www.youtube.com/watch?v=yVBr4Z9S0EA,A Full Guide to Wax and Additive in Candle Making (2024 Update),653.0,storyboard,45,358.35,366.32,7.97,https://youtu.be/yVBr4Z9S0EA?t=358s,transition,aux,0,0.5,"Educational slide explaining Commonly Used Wax overview (text + photo, no hands-on action).",Commonly Used Wax et abae ne Var ter Boe mete ae te wre amen War rN Vie. SS ua Ks bas,1,0.0,0.103,0.007,0.599,0.086,"#979598,#d5d2cc,#4e3f2b",0,text_overlay,
yVBr4Z9S0EA,https://www.youtube.com/watch?v=yVBr4Z9S0EA,A Full Guide to Wax and Additive in Candle Making (2024 Update),653.0,storyboard,46,366.32,374.28,7.96,https://youtu.be/yVBr4Z9S0EA?t=366s,transition,aux,0,0.5,"Educational slide explaining AC-6 additive (text + photo, no hands-on action).",AC-6 Mainly Used in Paraffin Wax wliminute wir bubbles end white spots hacden the testure euhsnde luster,1,0.0,0.04,0.0,0.594,0.016,"#96959d,#cecece,#424343",0,text_overlay,
yVBr4Z9S0EA,https://www.youtube.com/watch?v=yVBr4Z9S0EA,A Full Guide to Wax and Additive in Candle Making (2024 Update),653.0,storyboard,47,374.28,382.24,7.96,https://youtu.be/yVBr4Z9S0EA?t=374s,transition,aux,0,0.5,"Educational slide explaining AC-6 additive (text + photo, no hands-on action).",Mainly Used tn laraffin Wax eliminate aif bubbles and while spots harem the teature enhance luster,1,0.0,0.04,0.003,0.594,0.016,"#96959d,#cdcecd,#434340",0,text_overlay,
yVBr4Z9S0EA,https://www.youtube.com/watch?v=yVBr4Z9S0EA,A Full Guide to Wax and Additive in Candle Making (2024 Update),653.0,storyboard,48,382.24,390.21,7.97,https://youtu.be/yVBr4Z9S0EA?t=382s,transition,aux,0,0.5,"Educational slide explaining AC-6 additive (text + photo, no hands-on action).",Mainly Used in laraffin Wax eliminate ait bubbles and while spots hares the testure enhance luster,1,0.0,0.04,0.0,0.594,0.016,"#96959d,#cfcfce,#434341",0,text_overlay,
yVBr4Z9S0EA,https://www.youtube.com/watch?v=yVBr4Z9S0EA,A Full Guide to Wax and Additive in Candle Making (2024 Update),653.0,storyboard,49,390.21,398.17,7.96,https://youtu.be/yVBr4Z9S0EA?t=390s,transition,aux,0,0.5,"Educational slide explaining AC-6 additive (text + photo, no hands-on action).",Mainly Used in laraffin Wax oa eliininate ait bubbled and while epota harden the teatice enhance luster,1,0.0,0.038,0.0,0.594,0.015,"#96959d,#cdcdcd,#424240",0,text_overlay,
yVBr4Z9S0EA,https://www.youtube.com/watch?v=yVBr4Z9S0EA,A Full Guide to Wax and Additive in Candle Making (2024 Update),653.0,storyboard,50,398.17,406.13,7.96,https://youtu.be/yVBr4Z9S0EA?t=398s,transition,aux,0,0.5,"Educational slide explaining AC-6 additive (text + photo, no hands-on action).","AC-6 Mainly Used in Parallin Wax eliminate air bublles and white sputs hacden the teyiuce hy, vnhunor luster Dosage AS maintan the max transparency feet transparent, but smoother and harder",1,0.0,0.053,0.0,0.598,0.016,"#96959d,#c5c5c8,#434443",0,text_overlay,
yVBr4Z9S0EA,https://www.youtube.com/watch?v=yVBr4Z9S0EA,A Full Guide to Wax and Additive in Candle Making (2024 Update),653.0,storyboard,51,406.13,414.1,7.97,https://youtu.be/yVBr4Z9S0EA?t=406s,transition,aux,0,0.5,"Educational slide explaining AC-6 additive (text + photo, no hands-on action).","Mainty Used in Paraffin Waa eliminate ait bubblen and white spots harden the testure enhance Laster Dosage maintain he mas transpareacy 4 fess transparent, but emouthes and harder",1,0.0,0.057,0.0,0.599,0.015,"#96959d,#c6c6c9,#46494a",0,text_overlay,
yVBr4Z9S0EA,https://www.youtube.com/watch?v=yVBr4Z9S0EA,A Full Guide to Wax and Additive in Candle Making (2024 Update),653.0,storyboard,52,414.1,422.06,7.96,https://youtu.be/yVBr4Z9S0EA?t=414s,transition,aux,0,0.5,"Educational slide explaining AC-6 additive (text + photo, no hands-on action).","Mainty Used in Paraffin Waa eliminate ait bubblen and white spots harden the testure enhance Laster Dosage maintain he mas transpareacy 4 fess transparent, but emouthes and harder",1,0.0,0.057,0.0,0.599,0.015,"#96959d,#c6c6c9,#46494a",0,text_overlay,
yVBr4Z9S0EA,https://www.youtube.com/watch?v=yVBr4Z9S0EA,A Full Guide to Wax and Additive in Candle Making (2024 Update),653.0,storyboard,53,422.06,430.02,7.96,https://youtu.be/yVBr4Z9S0EA?t=422s,transition,aux,0,0.5,"Educational slide explaining AC-6 additive (text + photo, no hands-on action).",Vybar 103 Muainty Used in Paraffin Wax isame as AGO eliminate aty bubbles and witite spate Bad harden the texnine ve for entianer luster ee AF 7 Be Dosage ee ae,1,0.0,0.048,0.034,0.597,0.016,"#96959d,#bebdc0,#858282",1,,
yVBr4Z9S0EA,https://www.youtube.com/watch?v=yVBr4Z9S0EA,A Full Guide to Wax and Additive in Candle Making (2024 Update),653.0,storyboard,54,430.02,437.99,7.97,https://youtu.be/yVBr4Z9S0EA?t=430s,transition,aux,0,0.5,"Educational slide explaining Vybar 103 additive (text + photo, no hands-on action).",Vybar 103 Muinty Used in Paraffin Wax same as AC-4 vliminate air bubbles and white spate harden the texture ge Ze enhoner luster 4 ae iw il 2 7 Dosage coe Ps,1,0.0,0.042,0.002,0.595,0.016,"#96959d,#bebdbf,#838180",0,text_overlay,
yVBr4Z9S0EA,https://www.youtube.com/watch?v=yVBr4Z9S0EA,A Full Guide to Wax and Additive in Candle Making (2024 Update),653.0,storyboard,55,437.99,445.95,7.96,https://youtu.be/yVBr4Z9S0EA?t=438s,transition,aux,0,0.5,"Educational slide explaining Vybar 103 additive (text + photo, no hands-on action).",Vybar 103 Muinty Used in Paraffin Wax same as AC-4 vliminate air bubbles and witite spate harden the texture pe 2 entonce luster oh oe ie SS LP FE uintuln Tranaparevey AC-6 Vybar 103 xe 2 Dosage cote ,1,0.0,0.053,0.0,0.593,0.034,"#96959d,#beb9bc,#858081",0,text_overlay,
yVBr4Z9S0EA,https://www.youtube.com/watch?v=yVBr4Z9S0EA,A Full Guide to Wax and Additive in Candle Making (2024 Update),653.0,storyboard,56,445.95,453.91,7.96,https://youtu.be/yVBr4Z9S0EA?t=446s,transition,aux,0,0.5,"Educational slide explaining Vybar 103 additive (text + photo, no hands-on action).",Vybar 103 Mainty Used in Paraffin Wux same as AC- eliminate air bubbles and white spore Bad harden the teeture eo Ae ae enhoepor luster 2 LF or Malutain Transparency: AC-6 Vyhar 103 aot Me in ol Dosag,1,0.0,0.056,0.005,0.593,0.033,"#97959d,#beb9bd,#867f80",0,text_overlay,
yVBr4Z9S0EA,https://www.youtube.com/watch?v=yVBr4Z9S0EA,A Full Guide to Wax and Additive in Candle Making (2024 Update),653.0,storyboard,57,453.91,461.88,7.97,https://youtu.be/yVBr4Z9S0EA?t=454s,transition,aux,0,0.5,"Educational slide explaining Vybar 103 additive (text + photo, no hands-on action).",Vybar 103 Mainty Used in Paraffin Wux same as AC- eliminate air bubbles and white spore ad harden the teeture eo Ae ees enhoepor luster Sie LF ar Malutain Trensparency: AC-6 Vyhar 103 aot ey Dosage oe,1,0.0,0.06,0.0,0.593,0.033,"#97959d,#beb9bd,#867f80",0,text_overlay,
yVBr4Z9S0EA,https://www.youtube.com/watch?v=yVBr4Z9S0EA,A Full Guide to Wax and Additive in Candle Making (2024 Update),653.0,storyboard,58,461.88,469.84,7.96,https://youtu.be/yVBr4Z9S0EA?t=462s,transition,aux,0,0.5,"Educational slide explaining Vybar 103 additive (text + photo, no hands-on action).",Vybar 103 Muinty Used in Paraffin Wax same as AC-4 vliminate air bubbles and witite spate harden the texture pe 2 enhoner luster ie 9 SS WS SP ee ee nig 7 Dosage ca eat,1,0.0,0.046,0.004,0.595,0.015,"#96959d,#bebdbf,#838080",0,text_overlay,
yVBr4Z9S0EA,https://www.youtube.com/watch?v=yVBr4Z9S0EA,A Full Guide to Wax and Additive in Candle Making (2024 Update),653.0,storyboard,59,469.84,477.8,7.96,https://youtu.be/yVBr4Z9S0EA?t=470s,transition,aux,0,0.5,"Educational slide explaining Vybar 103 additive (text + photo, no hands-on action).",Vybar 103 Muinty Used in Paraffin Wax same as AC-4 vliminate air bubbles and white spate harden the texture pe 2 enhoner luster 44 ae iw ll 2 7 Dosage ae Po,1,0.0,0.042,0.0,0.595,0.015,"#96959d,#bebdbf,#848181",0,text_overlay,
yVBr4Z9S0EA,https://www.youtube.com/watch?v=yVBr4Z9S0EA,A Full Guide to Wax and Additive in Candle Making (2024 Update),653.0,storyboard,60,477.8,485.77,7.97,https://youtu.be/yVBr4Z9S0EA?t=478s,transition,aux,0,0.5,"Educational slide explaining Stearic Acid additive (text + photo, no hands-on action).",Stearic Acid antmal fat exiracted plant extravied usuwHe used sions in rundie fiaking wa on additive Oh ju% iit. DUN,1,0.0,0.05,0.0,0.615,0.033,"#95949c,#f3f2f1,#b9b6bb",0,text_overlay,
yVBr4Z9S0EA,https://www.youtube.com/watch?v=yVBr4Z9S0EA,A Full Guide to Wax and Additive in Candle Making (2024 Update),653.0,storyboard,61,485.77,493.73,7.96,https://youtu.be/yVBr4Z9S0EA?t=486s,transition,aux,0,0.5,"Educational slide explaining Stearic Acid additive (text + photo, no hands-on action).",Stearic Acid re animal fat extracted plant extracted 4 Woe uaed alone in rundie nabing wa on additive ite Lite Dt%,1,0.0,0.05,0.0,0.615,0.033,"#95949c,#f2f1f0,#b9b6bc",0,text_overlay,
yVBr4Z9S0EA,https://www.youtube.com/watch?v=yVBr4Z9S0EA,A Full Guide to Wax and Additive in Candle Making (2024 Update),653.0,storyboard,62,493.73,501.7,7.97,https://youtu.be/yVBr4Z9S0EA?t=494s,transition,aux,0,0.5,"Educational slide explaining Stearic Acid additive (text + photo, no hands-on action).",Stearic Acid anintal fat extracted plant eafracied AS WHA. Used slone in vandle mubing as an additive,1,0.0,0.047,0.0,0.615,0.033,"#95949c,#f3f1f0,#b8b5bb",0,text_overlay,
yVBr4Z9S0EA,https://www.youtube.com/watch?v=yVBr4Z9S0EA,A Full Guide to Wax and Additive in Candle Making (2024 Update),653.0,storyboard,63,501.7,509.66,7.96,https://youtu.be/yVBr4Z9S0EA?t=502s,transition,aux,0,0.5,"Educational slide explaining Stearic Acid additive (text + photo, no hands-on action).",Stearic Acid animal fat extracted plant eafracicd ASR WHA. Used ulune in vandle mubing 1 An additive,1,0.0,0.033,0.0,0.615,0.033,"#95949c,#f3f1f0,#b8b5ba",0,text_overlay,
yVBr4Z9S0EA,https://www.youtube.com/watch?v=yVBr4Z9S0EA,A Full Guide to Wax and Additive in Candle Making (2024 Update),653.0,storyboard,64,509.66,517.62,7.96,https://youtu.be/yVBr4Z9S0EA?t=510s,transition,aux,0,0.5,"Educational slide explaining Stearic Acid additive (text + photo, no hands-on action).",Stearic Aid Additive In Paraffin Way 4 harden the toxtyvr Hininety aiy bubbles In Sow Wak Bee Al ennothen the wae earlace inervase fragrance ail loed by absint,1,0.0,0.05,0.022,0.615,0.033,"#96959c,#edebea,#73413d",1,,
yVBr4Z9S0EA,https://www.youtube.com/watch?v=yVBr4Z9S0EA,A Full Guide to Wax and Additive in Candle Making (2024 Update),653.0,storyboard,65,517.62,525.59,7.97,https://youtu.be/yVBr4Z9S0EA?t=518s,transition,aux,0,0.5,"Educational slide explaining Stearic Acid additive (text + photo, no hands-on action).",Stearic Acid 20 sdaditives In Paraffin Way dl harden the textore liminete air babllee In Sow Wak te emnpothen the wae warlace inerease fragrance ell lood hy abdiut,1,0.0,0.057,0.002,0.615,0.032,"#96959c,#ece9ea,#6e4535",0,text_overlay,
yVBr4Z9S0EA,https://www.youtube.com/watch?v=yVBr4Z9S0EA,A Full Guide to Wax and Additive in Candle Making (2024 Update),653.0,storyboard,66,525.59,533.55,7.96,https://youtu.be/yVBr4Z9S0EA?t=526s,transition,aux,0,0.5,"Educational slide explaining Stearic Acid additive (text + photo, no hands-on action).",Stearic Acid 20 sdaditives In Paraffin Way dl harden the textore liminete air babllee In Sow Wak iz emnpothen the wae warlace inerease fragrance ell lood hy abdiut,1,0.0,0.059,0.0,0.615,0.031,"#96959c,#ece9ea,#6e4535",0,text_overlay,
yVBr4Z9S0EA,https://www.youtube.com/watch?v=yVBr4Z9S0EA,A Full Guide to Wax and Additive in Candle Making (2024 Update),653.0,storyboard,67,533.55,541.51,7.96,https://youtu.be/yVBr4Z9S0EA?t=534s,transition,aux,0,0.5,"Educational slide explaining Stearic Acid additive (text + photo, no hands-on action).",Stearic Acid Ae an Additive In Parattin Wax 3 harden the texture eliminate air bebiitos In Soy Was Ba aitil sinoorben the wwa sarlace inerease fragrance of load hy wbowt hs,1,0.0,0.054,0.004,0.615,0.031,"#96959c,#eceae9,#6f4338",0,text_overlay,
yVBr4Z9S0EA,https://www.youtube.com/watch?v=yVBr4Z9S0EA,A Full Guide to Wax and Additive in Candle Making (2024 Update),653.0,storyboard,68,541.51,549.48,7.97,https://youtu.be/yVBr4Z9S0EA?t=542s,transition,aux,0,0.5,"Educational slide explaining Stearic Acid additive (text + photo, no hands-on action).",Stearic Acid Ae an Additive In Teathering Palm Wavy 4 chunge the feathering patterns inereese shrinbagu tu help factiitete demoliing ii in Gel Was ierdeu the teature opuqiie he wax,1,0.0,0.045,0.009,0.615,0.031,"#96959d,#ebe9e8,#6f4338",0,text_overlay,
yVBr4Z9S0EA,https://www.youtube.com/watch?v=yVBr4Z9S0EA,A Full Guide to Wax and Additive in Candle Making (2024 Update),653.0,storyboard,69,549.48,557.44,7.96,https://youtu.be/yVBr4Z9S0EA?t=549s,transition,aux,0,0.5,"Educational slide explaining Stearic Acid additive (text + photo, no hands-on action).",Stearic Acid Additives In Voathering alm War change the feathering patterns inereuse shrinkage lo help facitilote deuvoliling be il ln Gel Was harden the testers apaque the was,1,0.0,0.057,0.0,0.615,0.031,"#96959c,#ebe8e8,#724436",0,text_overlay,
yVBr4Z9S0EA,https://www.youtube.com/watch?v=yVBr4Z9S0EA,A Full Guide to Wax and Additive in Candle Making (2024 Update),653.0,storyboard,70,557.44,565.4,7.96,https://youtu.be/yVBr4Z9S0EA?t=557s,transition,aux,0,0.5,"Educational slide explaining Stearic Acid additive (text + photo, no hands-on action).",Stearic Acid Additives In Voathering alm War change the feathering patterns inereuse shrinkage lo help facitilote deuvoliling be il ln Gel Was harden the testers apaque the was,1,0.0,0.057,0.0,0.615,0.031,"#96959c,#ebe8e8,#724436",0,text_overlay,
yVBr4Z9S0EA,https://www.youtube.com/watch?v=yVBr4Z9S0EA,A Full Guide to Wax and Additive in Candle Making (2024 Update),653.0,storyboard,71,565.4,573.37,7.97,https://youtu.be/yVBr4Z9S0EA?t=565s,transition,aux,0,0.5,"Educational slide explaining Color Stabilizer additive (text + photo, no hands-on action).","Color Stabilizer assiosidoy eliraviolet-proot, stubilien the candle cup, eved in outtoor candles ya we",1,0.0,0.045,0.033,0.612,0.026,"#95949d,#abaeb2,#d0d7d9",1,,
yVBr4Z9S0EA,https://www.youtube.com/watch?v=yVBr4Z9S0EA,A Full Guide to Wax and Additive in Candle Making (2024 Update),653.0,storyboard,72,573.37,581.33,7.96,https://youtu.be/yVBr4Z9S0EA?t=573s,transition,aux,0,0.5,"Educational slide explaining Color Stabilizer additive (text + photo, no hands-on action).","Color Stabilizer iistioridoy wliraviolet-proot, stubitien the candle oup, eved in outdoor candles ya we os",1,0.0,0.03,0.0,0.608,0.021,"#95959d,#acafb2,#d0d7d9",0,text_overlay,
yVBr4Z9S0EA,https://www.youtube.com/watch?v=yVBr4Z9S0EA,A Full Guide to Wax and Additive in Candle Making (2024 Update),653.0,storyboard,73,581.33,589.29,7.96,https://youtu.be/yVBr4Z9S0EA?t=581s,transition,aux,0,0.5,"Educational slide explaining Color Stabilizer additive (text + photo, no hands-on action).","Color Stabilizer tuntivatiant ullruvidiel-priol, stubiliav the cunte esp. csed in vutduer candles",1,0.0,0.031,0.0,0.608,0.021,"#96959d,#b2b6b8,#d2dbdc",0,text_overlay,
yVBr4Z9S0EA,https://www.youtube.com/watch?v=yVBr4Z9S0EA,A Full Guide to Wax and Additive in Candle Making (2024 Update),653.0,storyboard,74,589.29,597.26,7.97,https://youtu.be/yVBr4Z9S0EA?t=589s,transition,aux,0,0.5,"Educational slide explaining Commonly Used Additive overview (text + photo, no hands-on action).",Commonly Used Additive oor call,1,0.0,0.056,0.0,0.612,0.046,"#97969c,#d7d9d8,#50413f",0,text_overlay,
yVBr4Z9S0EA,https://www.youtube.com/watch?v=yVBr4Z9S0EA,A Full Guide to Wax and Additive in Candle Making (2024 Update),653.0,storyboard,75,597.26,605.22,7.96,https://youtu.be/yVBr4Z9S0EA?t=597s,transition,aux,0,0.5,"Educational slide explaining Commonly Used Additive overview (text + photo, no hands-on action).","Commonly Used Additive thy, SF, aa",1,0.0,0.058,0.0,0.612,0.046,"#97959c,#d6d9d7,#513d3c",0,text_overlay,
yVBr4Z9S0EA,https://www.youtube.com/watch?v=yVBr4Z9S0EA,A Full Guide to Wax and Additive in Candle Making (2024 Update),653.0,storyboard,76,605.22,613.18,7.96,https://youtu.be/yVBr4Z9S0EA?t=605s,transition,aux,0,0.5,"Educational slide explaining Commonly Used Additive overview (text + photo, no hands-on action).","Commonly Used Additive rr. 4 iss: 3 thy, PP ets ee",1,0.0,0.057,0.001,0.612,0.046,"#97959c,#d6d8d7,#513e3d",0,text_overlay,
yVBr4Z9S0EA,https://www.youtube.com/watch?v=yVBr4Z9S0EA,A Full Guide to Wax and Additive in Candle Making (2024 Update),653.0,storyboard,77,613.18,621.15,7.97,https://youtu.be/yVBr4Z9S0EA?t=613s,transition,aux,0,0.5,"Educational slide explaining Commonly Used Additive overview (text + photo, no hands-on action).","Commonly Used Additive iss: 3 thay, 2 oe",1,0.0,0.056,0.0,0.612,0.046,"#97959c,#d6d8d7,#513e3d",0,text_overlay,
yVBr4Z9S0EA,https://www.youtube.com/watch?v=yVBr4Z9S0EA,A Full Guide to Wax and Additive in Candle Making (2024 Update),653.0,storyboard,78,621.15,629.11,7.96,https://youtu.be/yVBr4Z9S0EA?t=621s,transition,aux,0,0.5,"Educational slide explaining Commonly Used Additive overview (text + photo, no hands-on action).",Commonly Used Additive ee fon yy,1,0.0,0.056,0.005,0.612,0.046,"#97969c,#d7d9d8,#50413f",0,text_overlay,
yVBr4Z9S0EA,https://www.youtube.com/watch?v=yVBr4Z9S0EA,A Full Guide to Wax and Additive in Candle Making (2024 Update),653.0,storyboard,79,629.11,637.07,7.96,https://youtu.be/yVBr4Z9S0EA?t=629s,transition,aux,0,0.5,"Educational slide explaining Commonly Used Additive overview (text + photo, no hands-on action).",Commonly Used Additive ee fon,1,0.0,0.056,0.0,0.612,0.046,"#97969c,#d7d9d8,#50413f",0,text_overlay,
yVBr4Z9S0EA,https://www.youtube.com/watch?v=yVBr4Z9S0EA,A Full Guide to Wax and Additive in Candle Making (2024 Update),653.0,storyboard,80,637.07,645.04,7.97,https://youtu.be/yVBr4Z9S0EA?t=637s,transition,aux,0,0.5,"Educational slide explaining Commonly Used Additive overview (text + photo, no hands-on action).",Commonly Used Additive ee fon,1,0.0,0.056,0.0,0.612,0.046,"#97969c,#d7d9d8,#50413f",0,text_overlay,
yVBr4Z9S0EA,https://www.youtube.com/watch?v=yVBr4Z9S0EA,A Full Guide to Wax and Additive in Candle Making (2024 Update),653.0,storyboard,81,645.04,653.0,7.96,https://youtu.be/yVBr4Z9S0EA?t=645s,transition,aux,0,0.5,"Educational slide explaining Commonly Used Additive overview (text + photo, no hands-on action).",Commonly Used Additive ee fon,1,0.0,0.056,0.0,0.612,0.046,"#97969c,#d7d9d8,#50413f",0,text_overlay,
zBcOeiJCRmM,https://www.youtube.com/watch?v=zBcOeiJCRmM,How To Start A Candle Business In 4 Steps | Baroque Candle Co.,265.0,storyboard,30,240.91,248.94,8.03,https://youtu.be/zBcOeiJCRmM?t=241s,transition,aux,0,0.4,Blank/black padding.,,0,0.0,0.0,0.0,0.001,0.004,"#000000,#060504,#000104",0,blank,
zBcOeiJCRmM,https://www.youtube.com/watch?v=zBcOeiJCRmM,How To Start A Candle Business In 4 Steps | Baroque Candle Co.,265.0,storyboard,31,248.94,256.97,8.03,https://youtu.be/zBcOeiJCRmM?t=249s,transition,aux,0,0.4,Blank/black padding.,,0,0.0,0.0,0.0,0.001,0.004,"#000000,#060504,#000105",0,blank,
zBcOeiJCRmM,https://www.youtube.com/watch?v=zBcOeiJCRmM,How To Start A Candle Business In 4 Steps | Baroque Candle Co.,265.0,storyboard,32,256.97,265.0,8.03,https://youtu.be/zBcOeiJCRmM?t=257s,transition,aux,0,0.4,Blank/black padding.,,0,0.0,0.0,0.0,0.001,0.004,"#000000,#060504,#000105",0,blank,
